####
#
# OBJ File Generated by Meshlab
#
####
# Object middle_bulk_1.obj
#
# Vertices: 4123
# Faces: 8362
#
####
mtllib ./middle_bulk_1.obj.mtl

vn 2.617999 2.627997 1.517269
v -3.845920 11.958975 335.766479
vn 2.633770 -2.630518 1.518166
v -3.845920 13.691026 335.766479
vn 2.621333 3.035109 0.002114
v -3.845920 11.825000 336.266479
vn 2.632790 -3.037051 0.000000
v -3.845920 13.825000 336.266479
vn 2.626534 2.629811 -1.516987
v -3.845920 11.958975 336.766479
vn 2.633770 -2.630518 -1.518166
v -3.845920 13.691026 336.766479
vn 2.628633 1.518312 -2.629442
v -3.845920 12.325000 337.132507
vn 2.626286 -1.513428 -2.631806
v -3.845920 13.325000 337.132507
vn 2.623615 -0.003435 -3.035466
v -3.845920 12.825000 337.266479
vn 2.626285 -1.513429 2.631808
v -3.845920 13.325000 335.400452
vn 2.617985 1.517270 2.627990
v -3.845920 12.325000 335.400452
vn 2.618003 0.000000 3.034548
v -3.845920 12.825000 335.266479
vn 1.360937 4.628337 -2.455606
v -3.845920 15.161555 328.366486
vn -1.327679 -2.847251 -3.141592
v -3.845920 9.800000 328.366486
vn 1.773277 1.538706 -1.886684
v -3.845920 15.141025 328.266479
vn 0.906949 -1.423625 -1.134464
v -3.845920 9.800000 328.266479
vn 1.639314 1.569301 -4.668756
v -3.845920 16.776997 334.266479
vn 1.639115 1.569301 -1.614430
v -3.845920 16.779179 334.266479
vn 1.639115 1.569301 4.668756
v -3.845920 16.776997 345.266479
vn 1.639314 1.569302 1.614429
v -3.845920 16.779179 345.266479
vn 2.617998 -2.627997 -1.517269
v -6.845920 7.599038 333.016479
vn 2.617997 2.627997 -1.517268
v -6.845920 5.000962 333.016479
vn 2.617993 -3.034545 -0.000000
v -6.845920 7.800000 332.266479
vn 2.617995 3.034546 0.000000
v -6.845920 4.800000 332.266479
vn 2.617970 -2.627966 1.517300
v -6.845920 7.599038 331.516479
vn 2.617969 2.627966 1.517300
v -6.845920 5.000962 331.516479
vn 2.618052 -1.517297 2.628007
v -6.845920 7.050000 330.967468
vn 2.618052 1.517296 2.628007
v -6.845920 5.550000 330.967468
vn 2.617927 0.000000 3.034518
v -6.845920 6.300000 330.766479
vn 2.617986 1.517269 -2.627992
v -6.845920 5.550000 333.565521
vn 2.617986 -1.517269 -2.627991
v -6.845920 7.050000 333.565521
vn 2.618003 0.000000 -3.034549
v -6.845920 6.300000 333.766479
vn 1.505821 5.766399 1.216460
v -6.845920 11.120439 331.897827
vn 5.376244 1.423615 -1.134464
v -6.845920 11.120439 328.366486
vn 3.230279 2.850792 1.315220
v -6.845920 11.143539 331.844208
vn 3.203300 2.766104 1.486431
v -6.845920 11.169731 331.792023
vn 1.644871 2.214168 3.388463
v -6.845920 11.198923 331.741455
vn 0.906947 -1.423630 -5.148721
v -6.845920 11.198923 328.266479
vn 3.141593 3.141594 0.000000
v -6.845920 7.300000 328.266479
vn 5.376245 -1.423615 -1.134464
v -6.845920 1.479561 328.366486
vn 0.906947 1.423630 1.134464
v -6.845920 1.401077 328.266479
vn 1.644874 -2.214165 3.388464
v -6.845920 1.401077 331.741455
vn 3.203313 -2.766108 1.486422
v -6.845920 1.430269 331.792023
vn 3.230272 -2.850795 1.315214
v -6.845920 1.456460 331.844208
vn 1.505820 -5.766400 1.216460
v -6.845920 1.479561 331.897827
vn 1.505858 -5.766390 -1.216482
v -6.845920 1.479561 332.635162
vn 2.709861 0.852473 3.677316
v -6.845920 1.479561 338.666260
vn 3.230387 -2.850791 -1.315217
v -6.845920 1.456460 332.688782
vn 3.153527 1.691597 2.647253
v -6.845920 1.453342 338.682953
vn 3.203439 -2.766104 -1.486424
v -6.845920 1.430269 332.740967
vn 3.152692 1.700829 2.641334
v -6.845920 1.427180 338.699738
vn 1.644974 -2.214074 -3.388540
v -6.845920 1.401077 332.791534
vn 0.430087 4.082938 4.337635
v -6.845920 1.401077 338.716614
vn 1.505860 5.766388 -1.216482
v -6.845920 11.120439 332.635162
vn 3.230395 2.850788 -1.315223
v -6.845920 11.143539 332.688782
vn 2.709861 -0.852474 3.677316
v -6.845920 11.120439 338.666260
vn 3.153533 -1.691604 2.647248
v -6.845920 11.146658 338.682953
vn 3.203425 2.766100 -1.486433
v -6.845920 11.169731 332.740967
vn 3.152676 -1.700824 2.641337
v -6.845920 11.172819 338.699738
vn 1.644971 2.214076 -3.388539
v -6.845920 11.198923 332.791534
vn 0.430099 -4.082924 4.337644
v -6.845920 11.198923 338.716614
vn 2.633772 2.630519 1.518167
v -3.845920 -1.091025 335.766479
vn 2.617997 -2.627997 1.517269
v -3.845920 0.641025 335.766479
vn 2.632787 3.037050 0.000000
v -3.845920 -1.225000 336.266479
vn 2.621334 -3.035110 0.002114
v -3.845920 0.775000 336.266479
vn 2.633772 2.630519 -1.518167
v -3.845920 -1.091025 336.766479
vn 2.626532 -2.629811 -1.516987
v -3.845920 0.641025 336.766479
vn 2.631140 1.516484 -2.630979
v -3.845920 -0.725000 337.132507
vn 2.628634 -1.518311 -2.629443
v -3.845920 0.275000 337.132507
vn 2.628278 0.000384 -3.036273
v -3.845920 -0.225000 337.266479
vn 2.617986 -1.517269 2.627991
v -3.845920 0.275000 335.400452
vn 2.626285 1.513430 2.631808
v -3.845920 -0.725000 335.400452
vn 2.618003 -0.000000 3.034549
v -3.845920 -0.225000 335.266479
vn 1.639314 -1.569301 4.668756
v -3.845920 -4.176996 345.266479
vn 1.639115 -1.569301 1.614430
v -3.845920 -4.179179 345.266479
vn 1.639115 -1.569301 -4.668756
v -3.845920 -4.176996 334.266479
vn 1.639314 -1.569302 -1.614430
v -3.845920 -4.179179 334.266479
vn -5.007467 0.537774 -0.406711
v 20.065386 23.985147 248.194199
vn -2.583989 -0.476719 0.595316
v 19.668018 23.296886 248.988937
vn -0.876065 4.542180 -1.480755
v 22.186708 27.659384 243.951553
vn -3.704068 0.940796 3.254281
v 19.846605 23.535152 249.080536
vn -1.502895 3.336989 -3.030378
v 22.341375 27.886639 244.225708
vn -3.994164 -0.037208 2.398022
v 19.933975 23.819742 249.171646
vn -1.378778 2.121968 -4.022977
v 22.311035 28.186594 244.470306
vn -3.787283 -1.233635 1.636858
v 19.915174 24.119169 249.250473
vn -0.541154 0.941396 -4.627369
v 22.103819 28.478874 244.619812
vn -3.130272 -2.409113 1.086779
v 19.783499 24.393936 249.301254
vn -1.900632 -3.226497 0.978158
v 19.551588 24.597193 249.308136
vn 0.788108 0.103573 -4.684175
v 21.775248 28.685165 244.634186
vn -0.530521 -3.841520 1.178054
v 19.259706 24.687588 249.264969
vn 2.254674 -0.159473 -4.179402
v 21.413363 28.750191 244.509552
vn 0.778080 -3.703525 1.834757
v 18.964745 24.649775 249.182388
vn 3.808169 0.140483 -2.973988
v 21.115129 28.656527 244.279327
vn -0.472203 -2.067260 0.194015
v 18.714333 24.498222 249.080917
vn 0.748957 -4.573102 -1.781017
v 18.993809 24.982292 248.521957
vn 0.534147 -4.288804 0.335007
v 18.954308 24.986898 248.185806
vn 4.414392 1.173993 -1.601851
v 21.009455 28.542820 244.024643
vn 1.061103 -3.627981 1.634536
v 18.973429 24.902939 247.861649
vn 4.493378 2.026447 -0.845914
v 20.999287 28.370440 243.782196
vn 0.767647 -2.555120 2.525621
v 19.081486 24.740414 247.590683
vn 4.173174 2.948724 -0.223068
v 21.089212 28.164753 243.587234
vn 0.157381 -1.484214 3.136949
v 19.286806 24.535906 247.427673
vn 3.506114 3.775161 0.152313
v 21.268099 27.957470 243.471512
vn -0.486840 -0.793101 3.325705
v 19.416594 24.432810 247.402969
vn 2.580357 4.445225 0.290405
v 21.507240 27.782038 243.455994
vn -1.472757 -0.422114 3.078445
v 19.552908 24.336775 247.421326
vn 1.554411 4.820443 0.133706
v 21.766958 27.665327 243.543594
vn -2.818241 -0.119944 2.482173
v 19.801544 24.179939 247.576981
vn 0.517485 4.846024 -0.344523
v 22.004679 27.623398 243.718231
vn -3.970453 -0.117428 1.468253
v 19.974136 24.069618 247.843277
vn 2.908222 4.406044 -3.402875
v 20.090305 28.923626 243.700836
vn 2.789258 4.322089 -3.604234
v 18.831326 30.108837 244.154541
vn 2.531068 4.077877 -4.013433
v 18.944830 30.676071 244.943146
vn 2.568952 4.285651 -3.804469
v 17.488674 31.050049 244.274109
vn 2.537575 4.308565 -3.800410
v 17.798992 30.407965 243.752365
vn 2.145718 4.257438 -4.088795
v 16.024664 31.449795 243.828476
vn 2.287856 4.332878 -3.926824
v 16.764973 30.718699 243.450867
vn 1.958059 4.323064 -4.113953
v 15.729418 31.039577 243.244781
vn 2.474404 4.436028 -3.692632
v 17.886869 29.644003 242.912628
vn 2.229500 4.471686 -3.803410
v 16.786501 30.021200 242.668182
vn 2.606574 4.488963 -3.535366
v 18.734858 28.831615 242.505310
vn 2.389942 4.533503 -3.629869
v 17.585451 29.251410 242.231735
vn 2.892097 4.602043 -3.148925
v 21.142700 26.524765 241.348145
vn 2.737098 4.660287 -3.201042
v 19.853992 27.065544 240.991669
vn 3.016633 4.666750 -2.931695
v 22.348627 25.369518 240.769211
vn 2.899608 4.713494 -2.974519
v 20.990211 25.970856 240.371399
vn 0.714071 -0.223777 -3.055602
v 22.484514 24.706934 239.850037
vn 0.323470 -0.179856 -2.857050
v 19.834053 25.972649 239.257904
vn 2.962173 4.424952 -3.333976
v 21.042015 28.027653 243.357697
vn 3.171345 4.510336 -3.011354
v 23.744499 25.483400 242.383133
vn 2.739978 4.183318 -3.673916
v 25.055752 24.989632 243.074005
vn 3.252187 4.552955 -2.858110
v 25.097857 24.209320 241.895294
vn 1.701565 -0.805631 -3.750853
v 27.924828 22.319792 242.196396
vn 1.565694 -0.180651 -3.262585
v 26.546112 22.893042 241.451996
vn 1.211053 -0.205177 -3.251423
v 25.180155 23.483418 240.816132
vn 3.142370 4.600982 -2.903225
v 23.717691 24.781513 241.275192
vn 3.039953 4.556282 -3.075744
v 22.439430 25.996632 241.810028
vn 0.042919 -0.076629 -2.650442
v 17.224949 27.262783 238.999496
vn 2.638871 4.877888 -2.951521
v 18.303534 27.203627 239.876419
vn 2.756645 4.805169 -2.963896
v 19.641998 26.583050 240.075790
vn 2.580042 4.731553 -3.226600
v 18.572983 27.616713 240.734787
vn 2.169754 4.593659 -3.691713
v 16.438744 29.680655 242.052567
vn 1.980524 4.523640 -3.878731
v 15.687072 30.407518 242.516327
vn 1.662556 4.348173 -4.216050
v 14.692480 31.369141 243.128876
vn 1.640754 4.275944 -4.297349
v 14.553563 31.871000 243.589371
vn 2.468142 5.071646 -2.766250
v 15.654058 28.460022 239.742630
vn -0.147285 0.056601 -2.559198
v 14.653378 28.559563 239.034531
vn 2.318226 5.234747 -2.587355
v 13.595537 29.451122 239.859909
vn -0.275324 0.241361 -2.510279
v 12.115519 29.845205 239.322739
vn 2.153072 5.396239 -2.388183
v 11.556026 30.434965 240.147751
vn 2.147507 5.544996 -2.027145
v 9.533776 31.401934 240.582993
vn 1.849123 5.555953 -2.271725
v 8.913340 31.972858 241.469833
vn 1.772500 5.703849 -1.936517
v 6.986052 32.826321 242.064102
vn 1.193235 5.716377 -2.306846
v 5.906844 33.791958 243.909012
vn 1.381657 5.955881 -1.427691
v 2.384836 35.075584 245.495743
vn 1.173518 5.982676 -1.502844
v 2.110630 35.303265 246.188522
vn 1.303820 6.092535 -0.794374
v -1.292029 36.343723 248.017303
vn 1.051239 6.129866 -0.887440
v -1.522159 36.519287 248.983093
vn 1.114074 6.164556 -0.473559
v -3.596707 37.024132 250.205322
vn 0.873072 6.150215 -0.935422
v -1.878374 36.687996 249.766678
vn 3.230061 3.255826 -1.700869
v -4.868930 37.338566 251.601425
vn 3.151393 3.274053 -1.946517
v -5.457220 37.384171 250.634689
vn 1.235859 6.138625 -0.499734
v -3.449422 36.914001 249.207153
vn 1.214737 6.155430 -0.335260
v -5.600801 37.397160 250.366104
vn 1.336504 6.118093 -0.485478
v -3.338619 36.831032 248.449875
vn 1.237855 6.152705 -0.282182
v -5.552388 37.353493 249.583633
vn 1.566805 6.066635 -0.430927
v -3.024645 36.595779 246.296158
vn 1.338390 6.130259 -0.268074
v -5.415603 37.229797 247.358109
vn 1.696396 6.035114 -0.394554
v -2.866728 36.477612 245.221085
vn 1.407555 6.115875 -0.239727
v -5.346390 37.167538 246.247345
vn -0.343790 2.693955 -3.001975
v -5.026686 37.039532 245.046814
vn -0.360753 2.952288 -2.947927
v -7.432470 37.596069 245.910858
vn -0.304814 0.459018 -2.497281
v 9.607547 31.101933 239.823853
vn 2.146420 5.662595 -1.671677
v 7.527041 32.342415 241.142548
vn 1.816311 5.887290 -1.206165
v 3.162890 34.429417 243.525787
vn 1.449776 6.062130 -0.768471
v -1.118577 36.211304 247.284714
vn -0.359247 0.736220 -2.611624
v 7.125642 32.311970 240.497620
vn -0.352455 1.094948 -2.652065
v 4.665980 33.457535 241.303757
vn 2.097299 5.826441 -1.053941
v 3.553129 34.105453 242.542038
vn -0.370338 1.510576 -2.769785
v 2.224739 34.520855 242.202011
vn 1.935059 5.945955 -0.594555
v -0.379687 35.647160 244.161224
vn -0.306953 1.921180 -2.911614
v -0.201904 35.484142 243.152115
vn -0.328326 2.344646 -2.989647
v -2.617771 36.329628 244.113800
vn 0.970563 6.204069 -0.158169
v -8.708556 37.843990 247.501907
vn -0.437935 3.129454 -3.038121
v -9.838947 37.981468 246.665695
vn 1.578556 3.421661 -2.974230
v -8.938935 37.882725 247.867035
vn 1.240760 3.363945 -3.066502
v -10.006324 38.010685 247.513779
vn 0.568577 3.938226 -3.272467
v -11.117997 38.112656 247.313065
vn -0.821136 0.771861 -6.144391
v -12.249939 38.177952 247.271042
vn 2.209845 3.367129 -2.804612
v -7.931831 37.741280 248.366318
vn 2.551371 3.223069 -2.578329
v -7.004461 37.600513 249.001984
vn 2.843612 3.297776 -2.287746
v -6.174404 37.476292 249.762390
vn 0.607800 6.020713 -1.686925
v 1.120435 35.916409 247.948502
vn 0.800752 5.999303 -1.681427
v 1.747269 35.604847 247.102127
vn 0.923059 5.707001 -2.449609
v 5.526604 34.132130 244.557907
vn 1.226285 5.530830 -2.710442
v 7.675411 33.112331 243.244934
vn 1.895573 5.386158 -2.614770
v 10.852757 31.096472 240.996658
vn 0.281804 5.687642 -2.651718
v 4.121392 35.058273 246.281799
vn 0.477810 5.658845 -2.681581
v 5.023040 34.582474 245.413910
vn 0.937319 5.500150 -2.882554
v 7.239290 33.513710 243.869339
vn 1.255852 5.310375 -3.106092
v 9.449337 32.416908 242.695572
vn 1.994084 5.200990 -2.899236
v 12.805548 30.205927 240.667114
vn 0.297910 5.210302 -3.496742
v 7.118396 34.148067 244.901520
vn 0.386047 5.340955 -3.285287
v 6.661840 34.044987 244.693161
vn 0.958976 5.255699 -3.298229
v 8.954950 32.882004 243.293213
vn 1.371421 5.082491 -3.419711
v 11.228857 31.712749 242.282272
vn 2.169951 5.020016 -3.082655
v 14.772954 29.309984 240.503769
vn 0.394957 5.057644 -3.704701
v 8.300469 33.497524 244.081879
vn 0.346608 4.933356 -3.873210
v 8.613508 33.684216 244.360962
vn 0.549706 4.775261 -4.042621
v 9.938341 32.945755 243.600510
vn 0.515563 4.686063 -4.150662
v 10.105344 33.220272 243.942596
vn 0.868592 4.552794 -4.234446
v 11.574871 32.395351 243.269485
vn 0.810306 4.481399 -4.324377
v 11.593141 32.760548 243.663300
vn 1.319083 4.393880 -4.278298
v 13.654308 31.705931 243.097855
vn 1.107411 4.279844 -4.456505
v 13.076134 32.309353 243.539932
vn 2.811892 4.458104 -3.415654
v 19.887026 28.423090 242.878799
vn 2.706169 4.413980 -3.554584
v 18.988148 29.277590 243.255051
vn 2.368841 4.804837 -3.274882
v 17.299355 28.176014 240.571716
vn 1.879274 4.643777 -3.780117
v 15.294675 30.117533 241.962296
vn 1.607773 4.878755 -3.602752
v 13.014209 31.006916 242.026459
vn 1.652166 4.560632 -3.979673
v 14.588613 30.801294 242.451645
vn 1.343042 4.802147 -3.805859
v 12.394727 31.604567 242.562210
vn 1.082136 5.010234 -3.622714
v 10.673469 32.243465 242.850510
vn 1.758551 5.991924 -0.661967
v -0.626677 35.835659 245.201340
vn -4.058614 -4.780904 0.290353
v 20.714224 23.405100 247.507553
vn -4.242821 -4.577630 -0.612344
v 22.539825 21.791681 246.929962
vn -4.089145 -3.544449 -2.585763
v 21.499910 22.650270 247.755417
vn -4.063769 -3.550379 -2.667265
v 22.934435 21.315393 247.316650
vn -4.263506 -4.497328 -0.969158
v 23.404972 21.030191 246.653717
vn -4.070334 -3.467961 -2.910186
v 24.368958 19.980515 246.877869
vn -4.278667 -4.378854 -1.362389
v 24.500633 20.069767 246.299011
vn -0.984203 -3.686994 -4.201435
v 25.803492 18.645529 246.439041
vn -3.432997 -4.391251 -2.619923
v 25.034832 19.681061 245.876709
vn -4.119280 -4.699041 -0.573971
v 23.855070 20.736282 245.951523
vn -3.353543 -4.863354 -1.687457
v 23.980124 20.681393 245.380020
vn -3.817006 -4.960070 0.348437
v 23.074165 21.384789 245.641434
vn -3.477514 -5.171983 0.763781
v 22.163013 22.012577 245.369537
vn -3.706027 -5.030573 0.608970
v 22.015665 22.210251 246.044922
vn -3.324860 -5.182391 1.237764
v 21.130383 22.772768 245.804504
vn -3.617218 -5.014671 1.080812
v 21.182663 22.867750 246.349884
vn -3.196666 -5.108751 1.765764
v 20.318771 23.379883 246.128998
vn -3.291883 -4.973065 1.952716
v 19.431253 24.266800 246.973038
vn -2.785036 -4.970837 2.637514
v 18.614811 24.674889 246.785019
vn -2.838973 -4.798883 2.873002
v 17.581137 25.756868 247.621017
vn -2.242698 -4.681829 3.529040
v 16.816730 26.056366 247.462677
vn -2.490659 -4.637262 3.407313
v 16.432491 26.680489 248.025558
vn -1.859919 -4.478988 3.981473
v 15.700193 26.912384 247.886581
vn -1.732507 -4.320922 4.185408
v 14.988126 27.646181 248.352051
vn -1.026785 -4.095332 4.626813
v 14.100941 27.832113 248.259491
vn -3.754780 -4.902732 1.093567
v 20.132624 23.842787 247.213577
vn -3.979045 -4.842935 0.264305
v 21.924641 22.337530 246.616806
vn -3.417707 -4.852475 2.013838
v 18.237310 25.443607 247.838348
vn -3.852032 -4.811025 1.184791
v 18.780743 25.118629 248.116364
vn -3.882133 -3.722334 -1.590136
v 17.908659 25.992064 248.853882
vn -3.709239 -4.782825 1.611440
v 17.580896 26.181396 248.494843
vn -3.929949 -3.659374 -1.159296
v 16.823511 27.001835 249.185791
vn -3.370665 -4.678510 2.426108
v 16.356253 27.228182 248.810928
vn -3.137218 -4.762299 2.595556
v 17.060858 26.436186 248.227585
vn -2.555511 -4.551348 3.450176
v 15.742177 27.443916 248.534439
vn -1.306744 -4.361083 4.322351
v 14.868366 27.129953 247.808456
vn -0.363997 -3.834770 4.954401
v 13.087465 27.998854 248.252457
vn -0.853867 -4.327796 4.468623
v 13.941409 27.331280 247.788986
vn -0.007439 -4.015894 4.828894
v 11.954542 28.143543 248.326675
vn -0.509482 -4.384995 4.466562
v 12.911954 27.516359 247.826706
vn -0.075771 -4.272564 4.603374
v 11.819704 27.677513 247.917267
vn -0.520984 -4.577053 4.264545
v 12.767085 27.075754 247.385056
vn -0.119645 -4.902182 3.921209
v 10.431726 27.422989 247.626404
vn -0.630441 -5.204205 3.439649
v 11.799029 26.621513 246.687149
vn -0.267859 -5.499736 3.002023
v 9.026091 27.034481 246.990372
vn -0.670061 -5.754246 2.421224
v 10.157747 26.443935 245.950592
vn -0.346289 -5.955546 1.961728
v 6.948034 26.875090 246.301193
vn -0.594589 -6.078547 1.469795
v 7.398523 26.671505 245.701645
vn -0.279849 -6.177425 1.107910
v 3.851876 27.012329 246.147598
vn -0.452439 -6.213433 0.806922
v 4.293526 26.841366 245.207321
vn -0.121379 -6.256330 0.559452
v 0.391005 27.071873 245.731705
vn -0.546002 -3.497130 -2.916440
v 0.959785 26.986311 244.796783
vn -0.533191 -3.312418 -3.021183
v -2.263593 27.070156 245.253799
vn 0.169453 -6.271058 0.338410
v -3.706998 27.103197 246.422928
vn -0.458974 -3.178591 -3.090885
v -5.595220 27.022463 245.818512
vn 0.399885 -6.269031 0.072449
v -7.968937 26.918592 247.285965
vn -0.424305 -3.109297 -3.079895
v -9.020276 26.835196 246.494415
vn 1.195701 -3.382650 -2.957305
v -9.882497 26.764832 247.546341
vn 0.680375 -3.580308 -2.950819
v -11.192663 26.641367 247.305328
vn 0.460366 -3.909836 4.887755
v 10.709015 28.263321 248.477875
vn 0.586224 -4.375802 4.466956
v 9.357727 28.355328 248.701767
vn 0.217301 -4.691601 4.171033
v 9.582426 27.918253 248.218887
vn 0.683805 -4.711183 4.096078
v 7.907519 28.416702 248.994064
vn 0.549521 -5.104217 3.619467
v 7.096160 28.072920 248.682526
vn 0.829200 -5.050121 3.641815
v 6.365237 28.444586 249.350494
vn 0.696656 -5.578708 2.801884
v 4.388142 28.129633 249.294601
vn 1.008202 -5.563832 2.731215
v 3.031816 28.388433 250.238632
vn 0.815866 -5.882598 2.044953
v 1.485607 28.076506 250.041550
vn 1.065413 -5.948436 1.709832
v -0.587792 28.163994 251.331924
vn 0.947438 -6.048756 1.401192
v -1.584208 27.901655 250.909775
vn 3.528385 -3.206262 -0.463884
v -4.438845 27.748384 252.596100
vn 3.192654 -3.249291 -1.026456
v -4.899313 27.531475 251.542938
vn 2.926157 -3.288094 -1.464915
v -5.568958 27.311817 250.481232
vn 0.709551 -6.192542 0.787645
v -4.599224 27.501472 251.015854
vn 0.697816 -6.081777 1.410856
v -1.238947 27.749063 250.082092
vn 0.603203 -6.203507 0.788067
v -4.282075 27.351463 249.645660
vn 2.481670 -3.336533 -1.978088
v -6.446872 27.129864 249.488541
vn 0.414525 -6.237331 0.626959
v -3.990170 27.219654 248.249207
vn 1.974443 -3.364043 -2.402630
v -7.478391 26.992311 248.653214
vn 0.278693 -6.259891 0.451950
v -3.858944 27.164146 247.504547
vn 1.534914 -3.309595 -2.783644
v -8.634970 26.876900 247.999359
vn -0.837221 -0.728227 -6.146150
v -12.523946 26.500319 247.285004
vn -0.627246 -3.709800 -2.778462
v 4.060098 26.778967 244.443954
vn -0.725335 -4.025858 -2.656999
v 7.022529 26.456158 244.191833
vn -0.795173 -6.133764 1.098606
v 7.969019 26.428425 244.844879
vn -0.911013 -4.378386 -2.447649
v 9.832259 26.025923 244.036911
vn -1.163214 -6.019653 1.368191
v 11.385938 25.849796 244.639435
vn -1.162395 -4.729345 -2.132036
v 12.474473 25.496296 243.975677
vn -1.598424 -5.872510 1.552130
v 14.512736 25.122227 244.586029
vn -1.484355 -5.027143 -1.743032
v 14.934352 24.875315 244.004639
vn -1.771653 -5.256810 -1.325522
v 17.197081 24.171019 244.120316
vn -2.072875 -5.679767 1.694637
v 17.317869 24.262463 244.679764
vn -2.200126 -5.343106 -1.018143
v 19.247837 23.391441 244.319183
vn -2.367801 -5.566821 1.691549
v 18.697195 23.745337 244.790756
vn -2.762423 -5.435194 1.514223
v 19.970358 23.195185 244.943481
vn -2.539698 -5.379898 2.015048
v 19.003399 23.829969 245.452896
vn -2.925723 -5.290067 1.706555
v 20.124638 23.313528 245.607086
vn -2.761633 -5.158916 2.282513
v 19.337837 23.871473 245.954025
vn -2.645688 -5.308000 -0.904192
v 21.071810 22.544619 244.597763
vn -3.139794 -5.314395 1.163815
v 21.126713 22.616943 245.136612
vn -3.079667 -5.132376 -1.216968
v 22.654177 21.638592 244.952530
vn -4.028565 -4.808485 -0.148015
v 22.775518 21.628538 246.328079
vn -1.690738 -4.565281 3.967189
v 15.948610 26.340052 247.361618
vn -1.214371 -4.497662 4.212138
v 14.981287 26.605877 247.316116
vn -0.817838 -4.501224 4.301581
v 13.908749 26.854027 247.324844
vn -2.288616 -4.937941 3.133031
v 17.687990 25.064800 246.648590
vn -1.839286 -4.918448 3.441683
v 16.655487 25.434282 246.562836
vn -1.449285 -4.936566 3.593086
v 15.513739 25.783417 246.526749
vn -1.121853 -4.982646 3.643165
v 14.292204 26.102945 246.539627
vn -2.345547 -5.199320 2.628469
v 18.244738 24.340065 245.824814
vn -2.183184 -5.469760 2.181410
v 17.767567 24.321033 245.341919
vn -1.965777 -5.253872 2.820266
v 17.038765 24.785116 245.740952
vn -1.568413 -5.304081 2.973334
v 15.741548 25.198423 245.703079
vn -1.069076 -5.523519 2.787372
v 13.098979 25.879978 245.750916
vn -1.813686 -5.550032 2.315868
v 16.434319 24.779650 245.275238
vn -1.371618 -5.758437 2.102170
v 13.720501 25.539307 245.266998
vn -0.951824 -5.936007 1.821418
v 10.698317 26.175211 245.408630
vn 0.177544 -5.276646 3.399386
v 7.835504 27.676617 248.027328
vn 0.008039 -5.779999 2.443164
v 6.002450 27.327902 247.443573
vn -0.069655 -6.102542 1.485550
v 3.500022 27.158232 246.801773
vn 0.006941 -6.235547 0.765929
v 0.089135 27.181829 246.748047
vn 0.388093 -5.634350 2.747977
v 5.006357 27.823957 248.577286
vn 0.232099 -5.994614 1.852678
v 2.757168 27.487835 248.041016
vn 0.178607 -6.193583 1.035164
v -0.156106 27.278156 247.451416
vn 0.549156 -5.907517 2.064331
v 1.972226 27.852333 249.265732
vn 0.427783 -6.132348 1.289233
v -0.680694 27.500336 248.776962
vn -2.492774 -2.662795 0.674795
v 17.676130 25.635973 249.289246
vn -3.979340 -2.627587 -4.059736
v 16.627647 26.662592 249.577515
vn -4.965467 3.164190 -1.109145
v 22.506685 3.353008 264.105835
vn -5.019152 -1.241255 -2.872492
v 22.483786 3.028656 263.967010
vn -3.420380 3.496396 -3.460439
v 22.210268 3.289293 264.556946
vn -4.475181 -1.124267 -3.700310
v 22.116793 2.949770 264.525513
vn -1.410439 2.566488 -5.227031
v 21.824631 3.467682 264.895874
vn -3.767536 -1.451707 -4.322321
v 21.639339 3.170633 264.945160
vn 0.526174 0.623979 -5.935681
v 21.453108 3.840377 265.031830
vn -3.085617 -2.135544 -4.571840
v 21.179358 3.632065 265.113464
vn 1.870227 -1.810905 -5.396414
v 21.195246 4.307514 264.928375
vn -2.612443 -2.992891 -4.381960
v 20.860100 4.210425 264.985382
vn 2.261728 -4.085687 -3.753688
v 21.120138 4.743925 264.613220
vn -2.474735 -3.793611 -3.803554
v 20.767111 4.750743 264.595184
vn 1.595527 -5.590685 -1.447887
v 21.247913 5.032672 264.170807
vn -2.709209 -4.323619 -2.991842
v 20.925308 5.108240 264.047485
vn 0.050610 -5.922787 0.903396
v 21.544331 5.096388 263.719727
vn -3.253198 -4.440474 -2.163908
v 21.292301 5.187126 263.488953
vn -1.959422 -4.992976 2.669993
v 21.929966 4.917999 263.380798
vn -3.960806 -4.113187 -1.541991
v 21.769754 4.966263 263.069336
vn -3.895903 -3.050418 3.378584
v 22.301491 4.545304 263.244843
vn -4.642572 -3.429232 -1.292583
v 22.229736 4.504831 262.901001
vn -5.239974 -0.615528 2.839346
v 22.559353 4.078166 263.348297
vn -5.115809 -2.571985 -1.482342
v 22.548994 3.926471 263.029114
vn -5.631436 1.659195 1.196706
v 22.634459 3.641756 263.663452
vn -5.253622 -1.771134 -2.060701
v 22.641983 3.386153 263.419281
vn -3.627957 1.124482 -1.278846
v 24.406958 4.721323 265.547791
vn -2.771347 1.308692 -2.582561
v 24.110538 4.657608 265.998871
vn -1.656854 0.793162 -3.562130
v 23.724903 4.835997 266.337799
vn -0.583128 -0.283971 -3.954996
v 23.353380 5.208692 266.473755
vn 0.162104 -1.634031 -3.655949
v 23.095518 5.675829 266.370300
vn 0.379211 -2.895337 -2.745193
v 23.020411 6.112240 266.055145
vn 0.009883 -3.729767 -1.466623
v 23.148186 6.400988 265.612762
vn -0.846754 -3.913930 -0.162906
v 23.444603 6.464703 265.161652
vn -1.961267 -3.398390 0.816619
v 23.830238 6.286314 264.822723
vn -3.034983 -2.321273 1.209534
v 24.201763 5.913619 264.686768
vn -3.780210 -0.971219 0.910547
v 24.459625 5.446482 264.790222
vn -3.997313 0.290057 -0.000259
v 24.534731 5.010071 265.105377
vn 3.633837 -5.092324 -0.349250
v 20.041609 4.146856 266.124359
vn -0.320530 -3.991664 -2.376452
v 20.786396 5.084174 264.253387
vn -0.838883 -4.358449 -1.221637
v 20.114452 4.186015 265.991211
vn -1.237832 -4.352183 -0.588406
v 20.179981 4.188439 265.902557
vn -2.086322 -4.056855 0.234975
v 20.317863 4.139629 265.767151
vn -2.631042 -3.705570 0.586387
v 20.400970 4.083028 265.711334
vn -3.301293 -3.036439 0.871630
v 20.509819 3.977876 265.667694
vn -3.521916 -2.398236 1.061647
v 20.622227 3.818839 265.670471
vn -2.747107 -2.829521 1.119572
v 21.137951 3.106582 265.666687
vn -1.784314 -3.633561 0.623167
v 21.763210 2.580276 265.342133
vn -0.839232 -3.995422 -0.268451
v 22.377129 2.341670 264.759491
vn -0.095970 -3.846660 -1.381709
v 22.861023 2.436891 264.031433
vn 0.301251 -3.219834 -2.503960
v 23.121342 2.847530 263.298676
vn 0.277729 -2.231761 -3.421550
v 23.107759 3.494202 262.702942
vn -0.161758 -1.072187 -3.952423
v 22.822905 4.251889 262.359344
vn -0.931583 0.024949 -4.000889
v 22.321844 4.974113 262.334320
vn -1.742789 0.384272 -4.074362
v 21.701445 5.521250 262.632721
vn -1.713408 -0.197371 -4.409297
v 21.580048 5.622005 262.697083
vn -1.144681 -1.041447 -4.545789
v 21.464602 5.763347 262.715088
vn -0.754224 -1.841610 -4.417814
v 21.398821 5.879230 262.691833
vn -0.536918 -2.647808 -4.076606
v 21.351852 6.007096 262.632385
vn 3.594131 -4.533911 -2.420113
v 21.351267 6.219748 262.431366
vn -0.460927 -3.351651 -3.549463
v 21.335621 6.124013 262.542816
vn -3.148639 -1.159771 5.305281
v 21.582912 4.544075 266.404510
vn -2.810675 -1.305896 5.399946
v 22.446917 5.264517 267.071228
vn -2.467925 -2.071125 5.338065
v 21.333624 4.512734 266.257416
vn 2.234899 -3.163018 4.539075
v 22.533108 5.833797 267.339081
vn -1.465277 -3.141490 5.202330
v 21.245554 4.607792 266.273376
vn -0.261852 -4.114281 4.660069
v 21.178314 4.664991 266.301483
vn -1.485965 -3.313707 5.087749
v 20.534250 4.076037 265.734283
vn -0.548920 -4.086060 4.703864
v 20.468544 4.134559 265.765198
vn -1.067784 -3.210823 5.235153
v 20.487320 4.042494 265.698822
vn -0.551705 -4.140429 4.648717
v 20.421700 4.101135 265.729919
vn 2.627444 -3.224185 4.455007
v 22.507927 5.929036 267.417694
vn 1.564270 -4.624221 3.804566
v 22.380375 5.915904 267.434814
vn 1.401063 -4.973779 3.364717
v 21.022350 4.752024 266.413940
vn 1.269380 -4.648644 4.011819
v 22.410984 5.944706 267.457916
vn 2.999649 -3.488802 4.021914
v 22.448004 6.003644 267.515930
vn 3.373397 -3.499969 3.760631
v 22.393637 6.021504 267.576263
vn 3.164028 -4.963645 1.949073
v 22.236794 5.938284 267.592438
vn 3.611717 -3.601870 3.340934
v 22.317272 6.009449 267.639557
vn 3.529767 -4.959481 1.452100
v 22.267174 5.967257 267.615631
vn 4.141552 -3.356567 2.938704
v 22.163197 5.909772 267.722565
vn 3.955369 -3.634000 2.516311
v 22.162924 5.909529 267.722687
vn 2.517094 -5.263103 2.327510
v 20.886553 4.767003 266.574829
vn 3.125200 -5.295938 1.072762
v 20.181389 4.235328 266.047699
vn 3.294510 -5.280653 0.721604
v 20.134743 4.201921 266.013031
vn 1.776686 -4.757802 3.510611
v 20.268694 4.189229 265.848389
vn 1.379573 -5.168228 3.259545
v 20.315401 4.222527 265.883331
vn -2.180871 -1.630011 5.561443
v 20.572830 3.944619 265.678589
vn -2.510502 -2.136962 5.292696
v 20.619913 3.978377 265.714264
vn -3.115379 -1.259283 5.301091
v 20.657120 3.843865 265.696930
vn -3.123691 -1.234265 5.300905
v 20.691977 3.868961 265.723358
vn 3.429036 3.029385 -0.926258
v 24.131897 7.286708 264.429443
vn 2.800643 3.287327 -0.902083
v 24.261959 7.162600 264.375824
vn 1.550018 3.161615 -5.147862
v 23.661100 6.886092 264.039795
vn 1.074482 3.695016 -4.958174
v 23.327110 6.516162 263.691040
vn 1.237537 3.360354 -5.103757
v 22.268415 5.986651 263.092529
vn 0.849625 3.829849 -4.904584
v 22.351051 5.902483 263.036865
vn 1.143723 3.396923 -5.099353
v 22.035961 5.847161 262.946686
vn 0.782964 3.853667 -4.896231
v 22.028017 5.710580 262.832825
vn 2.009469 2.232138 -5.479913
v 21.960423 5.949413 262.976898
vn 2.135962 2.215599 -5.441133
v 22.192350 6.088965 263.120514
vn 2.474540 2.001266 -5.380878
v 23.579315 6.988218 264.056946
vn 4.155189 1.961267 -1.210574
v 24.080200 7.367431 264.439026
vn 3.310074 0.596557 -5.232925
v 23.529583 7.067278 264.051361
vn 4.836154 0.642210 -1.266473
v 24.046515 7.473528 264.443146
vn 5.239175 -0.930979 -1.303077
v 24.041382 7.617182 264.437012
vn 4.078393 -1.401776 -4.405227
v 23.451975 7.253865 263.983154
vn 5.087571 -2.870213 -1.398170
v 24.088131 7.804014 264.415741
vn 4.344521 -2.878508 -3.497432
v 23.435019 7.419847 263.850250
vn 4.239492 -3.606930 -2.716590
v 24.088369 7.893921 264.329773
vn 4.264018 -4.345783 -1.510850
v 24.119823 7.981174 264.206482
vn 4.391605 -4.383738 -0.914474
v 24.300240 8.118825 264.344513
vn 2.787858 0.810689 -5.496386
v 21.913403 6.029161 262.980591
vn 2.961223 0.804493 -5.409080
v 22.145205 6.168582 263.122711
vn 3.547670 -1.252322 -4.872978
v 21.835777 6.219412 262.931610
vn 3.740254 -1.217459 -4.741216
v 22.068104 6.358029 263.070831
vn 3.900278 -3.253174 -3.538343
v 21.810205 6.391869 262.812347
vn 4.074445 -3.211274 -3.387480
v 22.044048 6.529180 262.949768
vn 3.805639 -4.358719 -2.417888
v 21.709221 6.419470 262.629791
vn 3.958651 -4.312339 -2.246832
v 22.061802 6.622459 262.833557
vn 4.548594 -4.324730 0.177382
v 23.333014 6.978669 266.618256
vn 4.395218 -3.093168 2.408458
v 22.974318 6.650042 267.386658
vn 4.912895 -3.843988 0.640256
v 22.919790 6.580825 267.333252
vn 4.625264 -2.755519 2.832896
v 22.854959 6.512359 267.424622
vn 5.592567 -2.387384 1.401737
v 23.254515 6.830460 266.447845
vn 5.570850 -2.406790 1.578717
v 22.875708 6.478066 267.271271
vn 5.807959 -0.982215 2.081423
v 23.238644 6.715522 266.390869
vn 4.767091 -2.026518 3.291779
v 22.788164 6.346165 267.396484
vn 5.780693 -0.878389 2.298589
v 22.860264 6.363184 267.217865
vn 4.731699 -1.591790 3.501609
v 22.793419 6.268233 267.348907
vn 5.656507 0.373679 2.625854
v 23.248856 6.618810 266.353424
vn 5.643569 0.289655 2.737410
v 22.869997 6.266644 267.183655
vn 5.153375 1.757554 3.038512
v 23.288635 6.500296 266.319672
vn 4.728571 -1.112581 3.615710
v 22.822496 6.205360 267.287628
vn 5.298241 1.724158 2.840479
v 22.908270 6.148320 267.154083
vn 4.499396 -0.256214 3.738782
v 22.922459 6.119127 267.148987
vn 4.565949 2.796546 3.263386
v 23.314949 6.351010 266.393982
vn 4.558315 2.833236 3.246211
v 23.595592 6.639104 265.750763
vn 4.746154 -2.389127 3.066107
v 22.810955 6.431124 267.421661
vn 4.491045 2.882655 3.303142
v 23.020767 6.080192 267.038666
vn 4.522635 2.892916 3.250556
v 23.862509 6.944165 265.109528
vn 4.528629 2.886699 3.246814
v 24.115950 7.265390 264.470673
vn 4.174382 -4.625343 -0.684127
v 23.995821 7.714479 265.098663
vn 5.072790 -3.583946 0.678835
v 23.300032 6.932939 266.512665
vn 4.093364 -4.701791 -0.534678
v 23.673697 7.333908 265.856445
vn 3.803192 -4.736888 -1.571488
v 20.357635 4.885830 263.759766
vn 3.659366 -4.705727 -1.957302
v 19.750406 4.684624 263.011475
vn 3.601707 -4.586509 -2.332576
v 21.169098 6.163540 262.246521
vn 3.458766 -4.521004 -2.646966
v 20.507753 5.992796 261.608795
vn 3.513265 -4.555200 -2.519697
v 22.287163 7.498659 261.406189
vn 3.301652 -4.447447 -2.960001
v 21.555330 7.313726 260.800964
vn 2.425456 -5.359661 -1.376448
v 23.105566 8.759017 260.286926
vn 2.094600 -5.333005 -1.762344
v 22.069550 8.540231 259.579376
vn 3.009792 -4.295519 -3.447231
v 20.795460 7.176822 260.223328
vn 1.727707 -5.281605 -2.061311
v 20.986076 8.406085 258.921509
vn -0.146557 -2.824832 -4.595189
v 19.359379 7.327993 258.993683
vn -1.511421 -3.756906 -4.054736
v 19.863773 8.357775 258.318512
vn 3.742297 -4.978994 -0.717284
v 19.402658 3.714978 265.610046
vn 3.621316 -4.979101 -1.193622
v 18.659676 3.397875 264.416077
vn 3.512118 -4.948507 -1.593812
v 18.128662 3.236748 263.647491
vn 3.413243 -4.893370 -1.942013
v 17.616489 3.124192 262.959595
vn 3.539098 -4.617968 -2.348040
v 19.165022 4.539870 262.344696
vn 3.283069 -4.789214 -2.364938
v 17.084011 3.046417 262.291626
vn 3.363415 -4.480390 -2.811880
v 18.556675 4.434448 261.700500
vn 0.569558 -2.342299 -4.302435
v 16.301954 3.311675 260.900909
vn 0.512128 -2.337781 -4.457093
v 17.228176 4.281311 260.512817
vn 3.934069 -4.878858 -0.175842
v 20.068382 4.117579 266.839447
vn 3.837145 -4.002377 1.964731
v 20.013498 4.098216 268.431824
vn 3.612813 -5.122671 -0.090167
v 18.158945 2.670996 267.374603
vn 3.525480 -4.496214 1.786107
v 17.640465 2.360425 269.009918
vn 3.230955 -5.372105 -0.010141
v 16.072081 1.309637 267.841858
vn 3.119112 -4.994225 1.511269
v 15.031580 0.764426 269.504364
vn 2.762455 -5.627473 0.025916
v 13.800057 0.074023 268.272491
vn 2.586025 -5.462690 1.165410
v 12.174574 -0.621534 269.962555
vn 2.207052 -5.867695 0.015462
v 11.335141 -0.995326 268.697754
vn 1.969942 -5.844477 0.773493
v 9.057180 -1.729206 270.431885
vn 1.639213 -6.056658 -0.059514
v 8.395288 -1.930291 269.196045
vn 1.461821 -6.048138 0.579369
v 7.397005 -2.157356 270.685547
vn 1.215817 -6.159547 -0.052554
v 6.831334 -2.287369 269.469849
vn 1.121328 -6.137944 0.451505
v 5.667132 -2.490340 270.959778
vn 0.852714 -6.220584 -0.068350
v 5.202985 -2.561888 269.767029
vn 0.664936 -6.229821 0.245001
v 3.866029 -2.719628 271.260468
vn 0.485787 -6.260347 -0.075858
v 3.508960 -2.747128 270.092773
vn 0.240208 -6.269154 0.127563
v 1.992161 -2.836688 271.593597
vn 0.121140 -6.278537 -0.069397
v 1.747975 -2.836372 270.452209
vn -0.183270 -6.275239 0.046379
v 0.043996 -2.832989 271.965027
vn -0.231409 -6.276206 -0.038750
v -0.081251 -2.822902 270.850586
vn -0.195101 -6.277096 0.009713
v -1.980000 -2.700000 272.380737
vn -0.178156 -6.278090 -0.011748
v -1.980000 -2.700000 269.323608
vn 0.986938 -5.061006 -1.516731
v -1.980000 -2.700000 266.266479
vn -0.174843 -6.278420 -0.095332
v -0.169336 -2.793462 268.807861
vn -0.207447 -6.277231 -0.080344
v -0.122765 -2.810979 269.828064
vn -0.953685 -3.069643 -3.087616
v 0.349110 -2.680461 265.417816
vn -0.032998 -6.278241 -0.229005
v -0.268584 -2.744362 266.893921
vn -0.054680 -6.280229 -0.173435
v -0.234990 -2.762626 267.512543
vn -0.080824 -6.280639 -0.146788
v -0.202725 -2.778614 268.132477
vn 0.124695 -6.274906 -0.250694
v 1.504911 -2.770117 267.646851
vn 0.115375 -6.276663 -0.195845
v 1.571718 -2.794252 268.342224
vn 0.432265 -6.259906 -0.259979
v 3.244334 -2.707724 267.921600
vn 0.455361 -6.260905 -0.163875
v 3.384231 -2.735818 269.003693
vn 0.799537 -6.225005 -0.185442
v 5.036446 -2.561749 268.649261
vn 0.183291 -6.266987 -0.377899
v 1.373140 -2.711840 266.375305
vn -0.727665 -3.012285 -3.217156
v 2.535967 -2.526992 264.686768
vn 0.427738 -6.245767 -0.503676
v 2.946240 -2.606503 265.907410
vn 0.703557 -6.208261 -0.633498
v 4.451785 -2.432417 265.485016
vn 0.717771 -6.218402 -0.510626
v 4.586454 -2.476456 266.145630
vn 1.017047 -6.167947 -0.600807
v 6.059414 -2.237997 265.773895
vn 1.042445 -6.173575 -0.485945
v 6.221341 -2.270962 266.451294
vn 1.429139 -6.084469 -0.571538
v 7.661777 -1.963023 266.122650
vn 1.481862 -6.083314 -0.413708
v 7.863273 -1.977760 266.877808
vn 2.006280 -5.920731 -0.479408
v 10.621863 -1.152668 266.312042
vn 2.100121 -5.900893 -0.235216
v 10.998726 -1.096377 267.495636
vn 2.636974 -5.678928 -0.293894
v 13.384276 -0.094793 267.048218
vn -0.481967 -2.949286 -3.335479
v 4.583512 -2.249105 264.058197
vn 0.996291 -6.153346 -0.756615
v 5.890842 -2.193651 265.103027
vn 1.392012 -6.079051 -0.708498
v 7.467115 -1.935476 265.435516
vn 1.939738 -5.924416 -0.686757
v 10.351899 -1.164221 265.539124
vn 2.532984 -5.704687 -0.595319
v 12.918844 -0.208663 265.846710
vn 3.091052 -5.439048 -0.386602
v 15.575180 1.065231 266.605621
vn -0.239543 -2.875677 -3.432230
v 6.494691 -1.856311 263.516968
vn 1.349180 -6.067137 -0.870372
v 7.264482 -1.894272 264.756226
vn 1.889086 -5.917581 -0.866775
v 10.091154 -1.156189 264.838165
vn 2.456918 -5.707840 -0.850047
v 12.585583 -0.252552 265.064697
vn 2.980869 -5.465126 -0.747866
v 15.019426 0.885954 265.396393
vn 3.466141 -5.196401 -0.523574
v 17.578840 2.347289 266.136658
vn -0.017594 -2.799678 -3.492421
v 8.272448 -1.358121 263.047943
vn 1.843943 -5.897476 -1.072561
v 9.819777 -1.129948 264.147644
vn 2.396513 -5.696530 -1.071322
v 12.263787 -0.270016 264.357635
vn 2.896921 -5.462839 -1.051313
v 14.621704 0.804537 264.612061
vn 3.348061 -5.216514 -0.947149
v 16.930681 2.098897 264.929901
vn 0.192451 -2.702545 -3.620062
v 9.919724 -0.764048 262.635925
vn 2.335791 -5.663813 -1.334957
v 11.928943 -0.265128 263.663391
vn 2.827962 -5.441949 -1.315256
v 14.237790 0.756803 263.905121
vn 3.253266 -5.203436 -1.300049
v 16.467115 1.977490 264.150055
vn 0.361030 -2.607053 -3.738451
v 11.439466 -0.083602 262.265778
vn 2.751879 -5.386601 -1.644983
v 13.838408 0.735563 263.213409
vn 3.172767 -5.167457 -1.607124
v 16.019808 1.897221 263.449493
vn 0.488427 -2.519183 -3.856004
v 12.834617 0.673704 261.922363
vn 0.571878 -2.441731 -3.983385
v 14.108119 1.498360 261.590515
vn 3.072025 -5.089503 -1.988482
v 15.554615 1.847590 262.766541
vn 0.609303 -2.380839 -4.145248
v 15.262917 2.380855 261.255066
vn 0.338857 -2.446103 -4.506079
v 18.044525 5.280250 260.075714
vn 3.225998 -4.357114 -3.151795
v 19.820831 5.865952 260.996216
vn 0.125674 -2.589555 -4.586920
v 18.753944 6.298981 259.574371
vn 2.758559 -5.339962 -0.956890
v 24.087769 9.060967 261.039459
vn 3.745419 -4.617244 -2.016543
v 23.047155 7.753235 262.092682
vn 3.058882 -5.280005 -0.521002
v 25.008680 9.443823 261.831543
vn 3.979382 -4.654359 -1.371503
v 24.113409 8.239464 263.176575
vn 4.278944 -4.535879 -0.688744
v 25.072973 8.843757 264.309357
vn 4.353538 -2.826371 2.037373
v 25.314056 8.939364 266.098907
vn 4.263870 -3.058355 2.151349
v 24.184811 7.808219 266.789459
vn 3.318898 -5.183164 -0.105742
v 25.861799 9.904839 262.657288
vn 3.511171 -5.062547 0.353409
v 26.641582 10.441306 263.511841
vn 4.439852 -2.597548 1.980463
v 26.365250 10.025577 265.302582
vn 4.538779 -1.961319 2.418133
v 27.341604 11.048974 264.388062
vn 1.560167 -6.072096 -0.228305
v 8.144448 -1.970811 268.029968
vn 1.081249 -6.175091 -0.354275
v 6.388939 -2.294124 267.194550
vn 0.730692 -6.223604 -0.417388
v 4.715809 -2.511390 266.811432
vn 0.424779 -6.252972 -0.412302
v 3.047135 -2.646370 266.555847
vn 1.142466 -6.170144 -0.199536
v 6.622777 -2.304734 268.326416
vn 0.755883 -6.226198 -0.310864
v 4.849684 -2.539230 267.540741
vn 0.423106 -6.257138 -0.340997
v 3.144044 -2.679409 267.208221
vn 0.143125 -6.272608 -0.299352
v 1.440354 -2.743255 267.009766
vn 0.115156 -6.277891 -0.129307
v 1.664903 -2.820907 269.394897
vn 4.114265 0.360217 3.802541
v 22.941689 6.102055 267.122131
vn 0.410609 0.746400 4.067594
v 23.125246 5.416751 267.530548
vn 4.432329 1.674280 -0.439779
v 23.731823 5.840713 266.328857
vn 4.726200 0.380243 0.400663
v 23.671295 6.107223 266.155701
vn 4.432330 -0.527034 1.649010
v 23.731823 6.294077 265.898621
vn 4.123252 0.366540 3.798313
v 22.862684 6.123676 267.205750
vn 3.389072 -1.165689 4.762150
v 22.783752 6.145055 267.289459
vn 3.629320 3.008245 -0.647829
v 23.897186 5.565957 266.371643
vn 1.151643 -0.258458 3.940347
v 23.642645 4.757762 267.474030
vn 2.532583 4.024902 -0.167062
v 24.123075 5.356576 266.272644
vn 2.073679 -0.987665 3.407494
v 24.244741 4.284263 267.129883
vn 1.435988 4.451668 0.873354
v 24.348965 5.268674 266.058380
vn 2.961584 -1.303317 2.526108
v 24.825388 4.079727 266.558746
vn 3.659060 -1.150018 1.453898
v 25.282225 4.180212 265.861359
vn 0.633038 4.174343 2.194649
v 24.514328 5.325803 265.786224
vn 4.047844 -0.555256 0.381130
v 25.534712 4.568003 265.160614
vn 0.339189 3.267071 3.442922
v 24.574854 5.512657 265.529144
vn 4.058805 0.378942 -0.508610
v 25.538342 5.174736 264.580078
vn 0.633102 1.972956 4.283532
v 24.514328 5.779167 265.356018
vn 3.685667 1.485851 -1.057295
v 25.292473 5.893450 264.222076
vn 2.980075 2.572074 -1.170388
v 24.840448 6.597443 264.149750
vn 1.435941 0.638953 4.491245
v 24.348965 6.053923 265.313232
vn 2.532596 -0.377516 4.010647
v 24.123075 6.263304 265.412231
vn 3.629398 -0.804333 2.970338
v 23.897186 6.351206 265.626495
vn -3.629443 -3.008316 0.647759
v 24.003460 5.805139 265.051056
vn -2.532693 -4.024911 0.167034
v 23.777571 6.014519 265.150055
vn -1.435990 -4.451654 -0.873378
v 23.551682 6.102422 265.364319
vn -0.633029 -4.174351 -2.194672
v 23.386318 6.045292 265.636475
vn -0.339188 -3.267109 -3.442964
v 23.325792 5.858438 265.893555
vn -0.632996 -1.973105 -4.283451
v 23.386318 5.591928 266.066681
vn -1.435929 -0.639145 -4.491431
v 23.551682 5.317173 266.109497
vn -2.532798 0.377529 -4.010732
v 23.777571 5.107792 266.010498
vn -3.629421 0.804294 -2.970222
v 24.003460 5.019889 265.796204
vn -4.432298 0.526967 -1.648970
v 24.168823 5.077019 265.524078
vn -4.726191 -0.380163 -0.400675
v 24.229351 5.263873 265.266998
vn -4.432298 -1.674382 0.439810
v 24.168823 5.530383 265.093842
vn 1.025998 -5.507591 -1.896793
v 36.877476 24.784792 250.043732
vn -2.893021 -5.191344 0.760553
v 36.589230 24.828588 250.243729
vn 1.734102 -5.527196 -1.194606
v 36.399731 24.798012 249.570007
vn -0.881768 -5.246997 2.754919
v 36.203362 24.839266 249.861099
vn 2.624770 -5.230604 -0.857568
v 35.798836 24.597921 249.342575
vn 1.647951 -4.404631 3.712344
v 35.718021 24.677654 249.677414
vn 3.459342 -4.697325 -0.975791
v 35.235794 24.238134 249.422409
vn 4.018305 -2.889963 3.376318
v 35.263256 24.387058 249.741882
vn 4.014145 -4.070247 -1.517850
v 34.861473 23.815058 249.788086
vn 5.594172 -1.108829 1.836791
v 34.960922 24.045341 250.037247
vn 4.140571 -3.517374 -2.338344
v 34.776173 23.442051 250.341644
vn 5.953274 0.461468 -0.493616
v 34.892025 23.744068 250.484344
vn 3.804724 -3.186873 -3.217468
v 35.002750 23.219065 250.934753
vn 4.999394 1.400225 -2.990560
v 35.075031 23.563963 250.963394
vn 3.096629 -3.167236 -3.919618
v 35.480492 23.205845 251.408478
vn 2.988156 1.455900 -4.984918
v 35.460899 23.553286 251.346024
vn 2.205961 -3.463904 -4.256698
v 36.081390 23.405935 251.635910
vn 0.458436 0.613477 -5.942338
v 35.946239 23.714897 251.529709
vn 1.371390 -3.997080 -4.138413
v 36.644432 23.765720 251.556076
vn -1.911943 -0.901095 -5.606312
v 36.401005 24.005493 251.465240
vn 0.816619 -4.624218 -3.596375
v 37.018753 24.188799 251.190399
vn -3.487776 -2.682293 -4.066781
v 36.703339 24.347210 251.169876
vn 0.690147 -5.177083 -2.775881
v 37.104050 24.561804 250.636841
vn -3.846915 -4.252569 -1.736386
v 36.772236 24.648483 250.722778
vn -1.057273 -3.862625 -0.157207
v 35.401432 26.966415 251.501236
vn 0.057906 -3.893473 0.948608
v 35.015564 26.977093 251.118607
vn 1.460561 -3.426418 1.479458
v 34.530224 26.815481 250.934921
vn 2.774850 -2.586578 1.293166
v 34.075462 26.524885 250.999390
vn 3.648613 -1.599002 0.439533
v 33.773125 26.183170 251.294754
vn 3.847687 -0.728318 -0.852630
v 33.704227 25.881895 251.741867
vn 3.318841 -0.207781 -2.237112
v 33.887234 25.701790 252.220901
vn 2.203649 -0.176941 -3.342893
v 34.273102 25.691113 252.603531
vn 0.801017 -0.644004 -3.873773
v 34.758442 25.852724 252.787216
vn -0.513279 -1.483824 -3.687407
v 35.213207 26.143320 252.722748
vn -1.387062 -2.471431 -2.833840
v 35.515541 26.485037 252.427383
vn -1.586163 -3.342096 -1.541682
v 35.584438 26.786310 251.980286
vn 4.978953 -1.987028 1.113266
v 33.695641 22.054453 251.679993
vn 2.355640 -0.481013 -4.119280
v 35.411777 25.026894 248.247696
vn 3.687285 -2.967710 0.572663
v 33.766907 22.148518 251.587402
vn 3.056576 -3.525933 0.945544
v 33.869453 22.240862 251.527267
vn 2.290532 -3.996207 1.105674
v 33.994404 22.323057 251.505554
vn 1.446235 -4.392863 0.993140
v 34.117542 22.382303 251.521149
vn 0.506192 -4.641628 0.594844
v 34.282692 22.431007 251.594345
vn -0.125877 -4.413170 0.509051
v 34.415871 22.438709 251.707047
vn 0.275979 -3.994919 1.024217
v 35.197430 22.498566 252.343521
vn 1.387395 -3.617422 1.436158
v 36.100136 22.803654 252.677521
vn 2.466347 -2.999155 1.408308
v 36.976738 23.304205 252.654556
vn 3.336686 -2.240745 0.945479
v 37.684242 23.918571 252.278397
vn 3.856316 -1.465702 0.123344
v 38.107246 24.546534 251.610382
vn 3.940416 -0.800193 -0.923707
v 38.176743 25.085659 250.759491
vn 3.575134 -0.352494 -2.024683
v 37.881397 25.448004 249.864502
vn 2.820068 -0.195278 -2.999776
v 37.269386 25.574465 249.071442
vn 1.798258 -0.353826 -3.689721
v 36.440540 25.444410 248.509644
vn 1.284465 -0.814471 -4.121305
v 35.530067 25.079056 248.270767
vn 3.412061 -0.232939 -2.810106
v 35.308693 24.920959 248.141006
vn 0.606106 3.385841 -5.185737
v 34.557400 26.544678 249.139404
vn -1.361843 3.982516 -1.300584
v 33.802357 28.188622 250.099869
vn 1.960225 3.918687 -4.487862
v 33.543568 28.097860 250.009720
vn -1.174152 4.361829 -1.019402
v 33.670872 28.131725 250.072388
vn -0.592647 3.903821 -1.194359
v 34.694374 28.548674 250.330322
vn 0.412478 4.072723 -0.526363
v 35.510941 28.683735 250.872009
vn 1.167517 3.938284 0.420862
v 36.124218 28.572660 251.640121
vn 1.554019 3.521786 1.499231
v 36.438202 28.232840 252.514404
vn 1.511199 2.888675 2.540088
v 36.403736 27.717472 253.358002
vn 1.045503 2.138277 3.380602
v 36.026215 27.107237 254.038849
vn 0.229647 1.388399 3.889301
v 35.364742 26.497669 254.450333
vn -0.808829 0.756693 3.986543
v 34.522869 25.984198 254.528061
vn -1.907493 0.342313 3.657228
v 33.632397 25.647203 254.259857
vn -2.702627 0.404929 3.409835
v 32.832722 25.539446 253.687714
vn 5.365014 0.608801 3.213156
v 31.935970 25.564928 253.956406
vn 5.249497 0.629968 3.383896
v 31.938259 25.564402 253.952698
vn 4.284534 -0.710605 4.402516
v 32.908672 23.856895 252.698654
vn 4.574667 0.712149 4.150466
v 32.092686 25.539171 253.761398
vn 2.503407 -2.126606 5.192986
v 33.061241 23.982071 252.623566
vn 2.905724 0.823705 5.013086
v 32.291927 25.522728 253.619171
vn 0.511423 -3.193198 5.301212
v 33.250092 24.076502 252.623947
vn 0.626227 0.786474 5.124516
v 32.528133 25.519081 253.556961
vn -0.998643 -3.700477 4.932260
v 33.335468 24.103342 252.648560
vn -1.294181 0.640755 4.552350
v 32.649101 25.524088 253.572510
vn -2.273021 -3.916300 4.290228
v 33.451035 24.124197 252.705734
vn -2.534288 0.589896 3.829568
v 32.758083 25.534813 253.625076
vn -2.363982 5.029644 2.885778
v 34.315025 28.231512 250.511200
vn -0.306911 4.729720 3.963374
v 33.264816 26.731443 252.159027
vn 1.891676 3.918594 4.352186
v 33.077084 26.797977 252.122772
vn 3.892593 2.459732 4.083826
v 32.914593 26.916775 252.144409
vn 3.717191 2.599225 -0.621552
v 33.671989 28.571791 250.484375
vn 1.047305 4.544171 -0.560538
v 34.132828 28.234875 250.423004
vn 2.202247 4.135165 -0.337173
v 33.945091 28.301409 250.386765
vn 3.202097 3.404122 -0.470364
v 33.782600 28.420206 250.408401
vn 5.450746 -0.877015 0.949679
v 33.281315 21.336817 252.508652
vn 4.293892 2.013777 -0.386430
v 31.297798 26.695271 254.809036
vn 5.349174 0.644030 3.232329
v 28.487627 31.199633 258.653259
vn 4.671208 0.529559 -0.735887
v 31.167242 27.208832 254.929962
vn 4.635714 -1.001464 -0.386416
v 31.179522 27.738586 254.809036
vn 1.625525 1.711305 4.131759
v 32.221096 26.799942 253.245682
vn 2.064304 2.878844 3.176913
v 32.069271 26.395941 253.576065
vn 2.788790 3.370169 1.872669
v 31.818586 26.225946 254.027359
vn 3.684086 2.295858 -0.463269
v 30.608948 34.873867 254.410614
vn 2.656352 -2.343694 3.176936
v 31.864410 28.203018 253.576065
vn 1.967361 -1.304004 4.131753
v 32.102818 27.843258 253.245682
vn 1.590044 0.180259 4.481232
v 32.233376 27.329697 253.124756
vn 4.196955 -2.169019 0.568400
v 31.331345 28.142588 254.478668
vn 3.472440 -2.660341 1.872677
v 31.582031 28.312580 254.027359
vn 3.604834 3.053361 0.568521
v 31.536207 26.335508 254.478668
vn 0.214648 -4.746586 0.256893
v 34.926182 26.724873 251.462967
vn 1.583093 -4.387831 0.939596
v 34.644333 26.650984 251.322357
vn 2.951559 -3.616835 0.921414
v 34.362488 26.492188 251.326096
vn 3.953323 -2.640133 0.207361
v 34.156162 26.291033 251.473190
vn 4.319942 -1.719609 -1.011461
v 34.080639 26.101419 251.724197
vn 3.953294 -1.101618 -2.408365
v 34.156162 25.974152 252.011902
vn 2.951507 -0.951964 -3.608905
v 34.362488 25.943335 252.259171
vn 1.583088 -1.310739 -4.291601
v 34.644333 26.017221 252.399780
vn 0.214689 -2.081720 -4.273444
v 34.926182 26.176018 252.396042
vn -0.787106 -3.058414 -3.559331
v 35.132507 26.377172 252.248962
vn -1.153798 -3.979032 -2.340543
v 35.208027 26.566788 251.997940
vn -0.787136 -4.596952 -0.943714
v 35.132507 26.694054 251.710251
vn -2.951552 0.952003 3.608906
v 34.494255 27.502264 251.920242
vn -1.583095 1.310739 4.291613
v 34.212406 27.428375 251.779633
vn -0.214591 2.081799 4.273482
v 33.930561 27.269581 251.783371
vn 0.787108 3.058376 3.559269
v 33.724236 27.068424 251.930466
vn 1.153987 3.979062 2.340695
v 33.648716 26.878811 252.181473
vn 0.787050 4.596936 0.943676
v 33.724236 26.751545 252.469177
vn -0.214697 4.746601 -0.256860
v 33.930561 26.720726 252.716461
vn -1.583089 4.387807 -0.939638
v 34.212406 26.794615 252.857056
vn -2.951528 3.616834 -0.921458
v 34.494255 26.953411 252.853317
vn -3.953297 2.640191 -0.207288
v 34.700581 27.154566 252.706238
vn -4.319975 1.719532 1.011466
v 34.776100 27.344179 252.455215
vn -3.953304 1.101629 2.408283
v 34.700581 27.471445 252.167526
vn 0.392185 4.556926 -0.704264
v 25.093441 30.146624 247.558945
vn -0.360906 4.465327 -1.160151
v 26.304373 30.293900 248.291946
vn 1.211704 4.449356 -0.387682
v 23.775757 30.319565 247.049866
vn 2.031193 4.151381 -0.235974
v 22.458075 30.798708 246.805984
vn 2.784300 3.687093 -0.261512
v 21.247141 31.545240 246.847031
vn 3.410009 3.094124 -0.462180
v 20.241062 32.498676 247.169693
vn 2.489176 4.009197 -4.123953
v 18.246601 31.392578 245.214554
vn 2.433997 3.935409 -4.239234
v 17.640982 32.154297 245.571411
vn 3.857611 2.420515 -0.821756
v 19.521343 33.581783 247.747818
vn 2.374278 3.894390 -4.316530
v 17.137995 32.948639 246.007828
vn 2.304513 3.872741 -4.376824
v 16.746622 33.764442 246.518646
vn 4.090865 1.720841 -1.311057
v 19.146292 34.706806 248.534592
vn 2.235281 3.860402 -4.424703
v 16.472752 34.588551 247.095413
vn 2.174405 3.869481 -4.446821
v 16.322002 35.404251 247.726456
vn 2.085644 3.904597 -4.456424
v 16.298653 36.195133 248.399704
vn 4.090864 1.051781 -1.890476
v 19.146292 35.782604 249.466263
vn 1.982477 3.949017 -4.459209
v 16.400734 36.948181 249.102905
vn 1.959080 3.944102 -4.472752
v 16.426859 37.058014 249.211090
vn 1.957861 3.948887 -4.468895
v 16.455778 37.166721 249.319687
vn 1.953583 3.957079 -4.463108
v 16.487482 37.274265 249.428680
vn 1.865515 4.023879 -4.432520
v 16.579664 37.539761 249.704697
vn 1.829266 4.031085 -4.437900
v 16.689331 37.796768 249.982101
vn 3.857627 0.467519 -2.513082
v 19.521343 36.722023 250.467361
vn 1.819852 4.053478 -4.419446
v 16.816313 38.044609 250.260223
vn 1.700873 4.162149 -4.345257
v 16.960201 38.282730 250.538391
vn 1.506149 4.339222 -4.190670
v 17.516235 38.961582 251.404312
vn 3.409998 0.015431 -3.128416
v 20.241062 37.448959 251.456757
vn -0.364165 4.468078 -1.206018
v 18.218529 39.524338 252.242828
vn -0.655840 4.137116 -0.887595
v 19.451500 40.104740 253.361954
vn 2.784307 -0.267890 -3.686627
v 21.247141 37.904518 252.354324
vn -0.087352 4.254103 -0.508599
v 20.894571 40.393356 254.333435
vn 2.031196 -0.359488 -4.142518
v 22.458075 38.051792 253.087341
vn 0.530548 4.246902 -0.204977
v 22.477629 40.376160 255.110077
vn 1.211692 -0.251929 -4.459108
v 23.775757 37.878853 253.596405
vn 1.173026 4.120597 0.007824
v 24.123760 40.053989 255.654129
vn 0.392193 0.046066 -4.610804
v 25.093441 37.399708 253.840302
vn 1.808850 3.881318 0.119530
v 25.752981 39.442497 255.939178
vn 2.407113 3.540677 0.124710
v 27.286137 38.571392 255.951355
vn -0.360922 0.510360 -4.585248
v 26.304373 36.653179 253.799240
vn 2.938732 3.115195 0.023160
v 28.648735 37.483002 255.690079
vn -0.986594 1.103298 -4.384585
v 27.310452 35.699741 253.476578
vn 3.377869 2.625535 -0.180163
v 29.774572 36.230202 255.168045
vn -1.434219 1.776909 -4.025045
v 28.030170 34.616634 252.898453
vn -1.667477 2.476600 -3.535722
v 28.405224 33.491611 252.111679
vn -1.667472 3.145659 -2.956297
v 28.405224 32.415813 251.180008
vn -1.434229 3.729913 -2.333695
v 28.030170 31.476393 250.178925
vn -0.986610 4.182006 -1.718361
v 27.310452 30.749458 249.189514
vn 2.804467 -0.499030 -3.265784
v 32.081600 22.999168 244.863144
vn 2.382835 -0.607506 -3.564366
v 30.092218 22.495987 243.432678
vn 3.174063 -0.327851 -2.930025
v 33.836910 23.815157 246.447464
vn 0.404657 3.888720 3.063952
v 27.798529 25.911779 251.021393
vn 3.894068 0.441458 2.329358
v 26.890678 26.724010 251.150345
vn 1.457346 4.602556 1.168864
v 27.547842 25.741785 251.472687
vn -0.284418 -0.032247 4.959022
v 27.962629 26.845535 250.570099
vn -0.232871 2.192274 4.451251
v 27.950352 26.315779 250.691025
vn 1.264907 -3.699448 3.063951
v 27.593666 27.718857 251.021393
vn 0.263801 -2.188768 4.451253
v 27.832073 27.359097 250.691025
vn 3.503340 -3.445698 -0.726248
v 27.060600 27.658426 251.923996
vn 2.450676 -4.159519 1.168869
v 27.311287 27.828419 251.472687
vn 4.192440 0.475279 -2.621314
v 26.896498 26.724670 252.375290
vn 4.140894 -1.749236 -2.113533
v 26.908777 27.254425 252.254364
vn 2.643092 4.142505 -0.726247
v 27.265463 25.851347 251.923996
vn 3.644223 2.631807 -2.113527
v 27.027054 26.211107 252.254364
vn 4.712389 1.570796 -1.570796
v -14.845921 4.300000 323.466492
vn -4.712389 1.570796 -1.570797
v -8.845921 4.300000 323.466492
vn 1.570796 1.570796 -1.570797
v -14.845921 4.050000 323.466492
vn -1.570796 1.570796 -1.570796
v -8.845921 4.050000 323.466492
vn -4.712389 1.570796 1.570796
v -8.845921 4.300000 272.266479
vn 4.712389 1.570796 1.570797
v -14.845921 4.300000 272.266479
vn -1.570800 1.570796 1.570797
v -8.845921 4.050000 272.266479
vn 1.570800 1.570796 1.570796
v -14.845921 4.050000 272.266479
vn -3.141306 3.160692 0.030000
v -8.845921 4.300000 335.312042
vn 1.610686 2.611022 4.506458
v -14.845921 4.300000 335.542419
vn -3.138635 3.182668 0.121530
v -8.844451 4.300000 335.388977
vn -3.132068 3.181140 0.236784
v -8.840049 4.300000 335.465820
vn -1.494750 2.689657 4.655549
v -8.832720 4.300000 335.542419
vn 3.111409 3.337946 -0.306453
v -14.845921 4.300000 268.266479
vn -0.000000 3.455745 -3.102916
v -11.980000 4.300000 259.266479
vn -3.111409 3.337946 -0.306453
v -8.845921 4.300000 268.266479
vn -2.846693 3.534276 -1.179125
v -8.693680 4.300000 267.501129
vn -1.823829 3.455755 -2.510322
v -9.628859 4.300000 258.502563
vn -0.958836 3.455746 -2.951054
v -10.743932 4.300000 259.070709
vn -2.178751 3.534318 -2.178753
v -8.260134 4.300000 266.852264
vn -2.510307 3.455761 -1.823848
v -8.743932 4.300000 257.617645
vn -1.179139 3.534264 -2.846691
v -7.611287 4.300000 266.418732
vn -2.951049 3.455749 -0.958848
v -8.175774 4.300000 256.502563
vn -0.306469 3.337959 -3.111406
v -6.845920 4.300000 266.266479
vn -3.102914 3.455751 -0.000000
v -7.980000 4.300000 255.266495
vn 2.210742 2.945240 -2.210747
v -4.908932 4.300000 248.195419
vn 1.736970 2.945249 -2.599562
v -6.424298 4.300000 246.951797
vn 0.628041 1.603018 -4.567383
v -1.980000 4.300000 266.266479
vn 3.134029 3.043419 -0.153964
v -1.980000 4.300000 255.266495
vn 2.888477 2.945243 -1.196447
v -2.741205 4.300000 251.439651
vn 2.599560 2.945244 -1.736971
v -3.665304 4.300000 249.710785
vn 3.066391 2.945242 -0.609942
v -2.172147 4.300000 253.315582
vn -2.951049 3.455749 0.958848
v -8.175774 4.300000 254.030426
vn 1.196451 2.945243 -2.888475
v -8.153166 4.300000 246.027695
vn -2.510307 3.455760 1.823848
v -8.743932 4.300000 252.915344
vn -1.823845 3.455745 2.510314
v -9.628859 4.300000 252.030426
vn 0.609939 2.945237 -3.066391
v -10.029097 4.300000 245.458633
vn -0.958852 3.455757 2.951046
v -10.743932 4.300000 251.462265
vn 0.000000 2.945252 -3.126467
v -11.980000 4.300000 245.266495
vn -0.000000 3.455746 3.102916
v -11.980000 4.300000 251.266495
vn 0.958852 3.455757 2.951046
v -13.216068 4.300000 251.462265
vn -0.609939 2.945237 -3.066391
v -13.930903 4.300000 245.458633
vn 1.823845 3.455745 2.510314
v -14.331141 4.300000 252.030426
vn -1.196452 2.945243 -2.888475
v -15.806834 4.300000 246.027695
vn 2.510307 3.455760 1.823848
v -15.216068 4.300000 252.915344
vn 2.951049 3.455749 0.958848
v -15.784226 4.300000 254.030426
vn -1.736970 2.945248 -2.599562
v -17.535702 4.300000 246.951797
vn 3.102915 3.455750 0.000000
v -15.980000 4.300000 255.266495
vn -2.210741 2.945239 -2.210748
v -19.051067 4.300000 248.195419
vn 2.627997 3.665190 1.517269
v -16.711946 4.300000 260.602142
vn 3.034547 3.665189 -0.000000
v -16.845921 4.300000 261.102142
vn -2.599560 2.945242 -1.736972
v -20.294697 4.300000 249.710785
vn -1.570796 4.712387 -1.570796
v -17.845921 4.300000 266.266479
vn -2.888477 2.945244 -1.196447
v -21.218796 4.300000 251.439651
vn -3.134029 3.043419 -0.153964
v -21.980000 4.300000 255.266495
vn -3.066391 2.945242 -0.609942
v -21.787853 4.300000 253.315582
vn -3.140982 3.117084 0.043388
v -21.980000 4.300000 281.266479
vn -3.141584 3.141619 0.001201
v -17.845921 4.300000 291.835632
vn -3.134728 3.103837 0.195514
v -21.802364 4.300000 286.533142
vn -3.122137 3.114659 0.344901
v -21.334049 4.300000 291.785522
vn -3.014126 2.257549 0.055602
v -17.833437 4.300000 292.504425
vn -3.110775 3.146657 0.438873
v -19.912960 4.300000 302.266479
vn -3.112197 2.713351 0.019225
v -17.702801 4.300000 307.859985
vn -3.121531 3.216862 0.344836
v -18.491871 4.300000 312.747467
vn -3.134689 3.184725 0.197680
v -18.023556 4.300000 317.999847
vn -6.282649 0.027497 0.019105
v -17.845921 4.300000 323.266479
vn 2.627950 3.665231 -1.517314
v -16.711946 4.300000 261.602142
vn 0.306469 3.337956 -3.111406
v -16.845921 4.300000 266.266479
vn 1.517309 3.665100 -2.628016
v -16.345921 4.300000 261.968140
vn 1.179139 3.534263 -2.846691
v -16.080553 4.300000 266.418732
vn 0.000000 3.665297 -3.034503
v -15.845921 4.300000 262.102142
vn 2.178751 3.534319 -2.178752
v -15.431706 4.300000 266.852264
vn -1.517309 3.665101 -2.628015
v -15.345921 4.300000 261.968140
vn 2.846694 3.534275 -1.179124
v -14.998161 4.300000 267.501129
vn -2.627951 3.665232 -1.517315
v -14.979895 4.300000 261.602142
vn -3.034547 3.665192 0.000000
v -14.845921 4.300000 261.102142
vn 0.958836 3.455746 -2.951054
v -13.216068 4.300000 259.070709
vn 1.823829 3.455756 -2.510322
v -14.331141 4.300000 258.502563
vn -2.627997 3.665190 1.517268
v -14.979895 4.300000 260.602142
vn 2.510307 3.455759 -1.823848
v -15.216068 4.300000 257.617645
vn -1.517269 3.665199 2.627993
v -15.345921 4.300000 260.236115
vn 0.000000 3.665182 3.034550
v -15.845921 4.300000 260.102142
vn 2.951049 3.455750 -0.958848
v -15.784226 4.300000 256.502563
vn 1.517269 3.665199 2.627993
v -16.345921 4.300000 260.236115
vn -0.256744 -3.120469 3.305778
v -10.845921 7.700000 328.266479
vn -0.256744 -3.120468 -3.305778
v -10.845921 7.700000 323.466492
vn -0.999541 -2.933743 3.469963
v -10.071918 7.571766 328.266479
vn -0.999540 -2.933744 -3.469963
v -10.071918 7.571766 323.466492
vn -1.892269 -2.454638 3.469964
v -9.380628 7.200768 328.266479
vn -1.892269 -2.454638 -3.469963
v -9.380628 7.200768 323.466492
vn -5.861862 -1.070567 0.749870
v -8.845921 6.626650 328.266479
vn -5.861862 -1.070567 -0.749870
v -8.845921 6.626650 323.466492
vn 0.256744 -3.120469 -3.305778
v -12.845921 7.700000 323.466492
vn 0.256744 -3.120468 3.305778
v -12.845921 7.700000 328.266479
vn 5.861866 -1.070567 0.749870
v -14.845921 6.626650 328.266479
vn 5.861862 -1.070567 -0.749870
v -14.845921 6.626650 323.466492
vn 1.892269 -2.454638 3.469964
v -14.311213 7.200768 328.266479
vn 1.892269 -2.454638 -3.469963
v -14.311213 7.200768 323.466492
vn 0.999540 -2.933744 3.469963
v -13.619923 7.571766 328.266479
vn 0.999541 -2.933743 -3.469963
v -13.619923 7.571766 323.466492
vn 0.256744 -3.120469 -3.305778
v -12.845921 7.700000 294.666504
vn 0.256744 -3.120468 3.305778
v -12.845921 7.700000 300.266479
vn 0.999540 -2.933743 -3.469963
v -13.619923 7.571766 294.666504
vn 0.999540 -2.933743 3.469963
v -13.619923 7.571766 300.266479
vn 1.892269 -2.454638 -3.469963
v -14.311213 7.200768 294.666504
vn 1.892269 -2.454638 3.469963
v -14.311213 7.200768 300.266479
vn 5.861865 -1.070567 -0.749870
v -14.845921 6.626650 294.666504
vn 5.861853 -1.070567 0.749870
v -14.845921 6.626650 300.266479
vn -0.256744 -3.120469 3.305778
v -10.845921 7.700000 300.266479
vn -0.256744 -3.120468 -3.305778
v -10.845921 7.700000 294.666504
vn -5.861865 -1.070567 -0.749870
v -8.845921 6.626650 294.666504
vn -5.861852 -1.070567 0.749870
v -8.845921 6.626650 300.266479
vn -1.892269 -2.454638 -3.469963
v -9.380628 7.200768 294.666504
vn -1.892269 -2.454638 3.469963
v -9.380628 7.200768 300.266479
vn -0.999540 -2.933743 -3.469963
v -10.071918 7.571766 294.666504
vn -0.999541 -2.933743 3.469963
v -10.071918 7.571766 300.266479
vn -1.570796 1.570796 -4.712389
v -8.845921 7.300000 294.666504
vn 1.570796 1.570796 -1.570798
v -7.745920 16.799999 294.666504
vn -1.570796 1.570796 -1.570797
v -17.845921 16.799999 294.666504
vn 1.570796 1.570793 -4.712389
v -14.845921 7.300000 294.666504
vn -4.712391 1.570799 -1.570796
v -17.845921 7.300000 294.666504
vn 1.570799 4.712392 -1.570796
v -7.745920 7.300000 294.666504
vn -1.570796 1.570796 -4.712389
v -8.845921 7.300000 323.466492
vn -6.279018 0.008770 0.161497
v -8.845921 5.300000 335.312042
vn -6.238099 0.086569 0.519967
v -8.845921 5.966257 335.271545
vn -1.570796 1.570796 4.712389
v -8.845921 7.300000 300.266479
vn -3.111410 2.945240 -0.306453
v -8.845921 7.300000 268.266479
vn -6.238100 -0.086569 0.519967
v -8.845921 6.633743 335.271545
vn -3.272495 -3.128154 -0.205034
v -8.845921 7.300000 333.266479
vn -3.403381 -3.008589 -0.806140
v -8.845921 7.470371 331.972412
vn -3.139373 -3.197895 0.083547
v -8.845921 7.300000 335.312042
vn -3.403406 -2.697423 -1.557353
v -8.845921 7.969873 330.766479
vn -3.403391 -2.202426 -2.202448
v -8.845921 8.764466 329.730957
vn -3.403381 -1.557363 -2.697423
v -8.845921 9.800000 328.936371
vn -3.403392 -0.806168 -3.008579
v -8.845921 11.005905 328.436859
vn -0.130907 -0.205040 0.013442
v -8.845921 12.300000 328.266479
vn 1.570797 1.570796 -1.570798
v -7.745920 16.799999 323.466492
vn -1.570797 1.570796 -1.570797
v -17.845921 16.799999 323.466492
vn 1.570796 1.570796 -4.712389
v -14.845921 7.300000 323.466492
vn -4.712392 1.570796 -1.570796
v -17.845921 7.300000 323.466492
vn 1.570798 4.712389 -1.570796
v -7.745920 7.300000 323.466492
vn -3.624929 1.619472 -2.584884
v -17.845921 11.147446 333.707123
vn -2.658255 1.619471 -2.584885
v -13.645921 11.147446 333.707123
vn -3.624892 2.635233 -1.536211
v -17.845921 10.581337 333.122650
vn -2.658293 2.635234 -1.536212
v -13.645921 10.581337 333.122650
vn -3.624918 3.047286 -0.135622
v -17.845921 10.351681 332.342072
vn -2.658268 3.047286 -0.135622
v -13.645921 10.351681 332.342072
vn -3.624927 2.761251 1.296076
v -17.845921 10.511089 331.544159
vn -2.658258 2.761252 1.296076
v -13.645921 10.511089 331.544159
vn -3.624892 1.842672 2.430837
v -17.845921 11.023044 330.911743
vn -2.658294 1.842672 2.430837
v -13.645921 11.023044 330.911743
vn -3.624932 0.501946 3.008715
v -17.845921 11.770261 330.589661
vn -2.658254 0.501946 3.008714
v -13.645921 11.770261 330.589661
vn -3.624928 -0.953812 2.897337
v -17.845921 12.581564 330.651733
vn -2.658258 -0.953812 2.897337
v -13.645921 12.581564 330.651733
vn -3.624894 -2.191019 2.122224
v -17.845921 13.271091 331.083740
vn -2.658291 -2.191019 2.122224
v -13.645921 13.271091 331.083740
vn -3.624918 -2.926282 0.860941
v -17.845921 13.680882 331.786682
vn -2.658267 -2.926282 0.860941
v -13.645921 13.680882 331.786682
vn -3.624913 -2.991194 -0.597590
v -17.845921 13.717056 332.599548
vn -2.658272 -2.991195 -0.597590
v -13.645921 13.717056 332.599548
vn -3.624933 -2.370836 -1.919232
v -17.845921 13.371329 333.336121
vn -2.658252 -2.370835 -1.919232
v -13.645921 13.371329 333.336121
vn -3.624874 -1.207399 -2.801185
v -17.845921 12.722901 333.827637
vn -2.658311 -1.207399 -2.801185
v -13.645921 12.722901 333.827637
vn -3.624940 0.232652 -3.041409
v -17.845921 11.920320 333.961548
vn -2.658245 0.232652 -3.041409
v -13.645921 11.920320 333.961548
vn -3.624929 1.619472 -2.584885
v -17.845921 -0.352554 333.707123
vn -2.658256 1.619472 -2.584885
v -13.645921 -0.352554 333.707123
vn -3.624893 2.635234 -1.536212
v -17.845921 -0.918663 333.122650
vn -2.658292 2.635233 -1.536211
v -13.645921 -0.918663 333.122650
vn -3.624917 3.047286 -0.135622
v -17.845921 -1.148319 332.342072
vn -2.658268 3.047286 -0.135622
v -13.645921 -1.148319 332.342072
vn -3.624927 2.761252 1.296076
v -17.845921 -0.988911 331.544159
vn -2.658258 2.761252 1.296076
v -13.645921 -0.988911 331.544159
vn -3.624892 1.842673 2.430834
v -17.845921 -0.476956 330.911743
vn -2.658294 1.842672 2.430837
v -13.645921 -0.476956 330.911743
vn -3.624932 0.501942 3.008711
v -17.845921 0.270261 330.589661
vn -2.658254 0.501946 3.008715
v -13.645921 0.270261 330.589661
vn -3.624927 -0.953812 2.897338
v -17.845921 1.081563 330.651733
vn -2.658258 -0.953812 2.897337
v -13.645921 1.081563 330.651733
vn -3.624894 -2.191019 2.122224
v -17.845921 1.771091 331.083740
vn -2.658291 -2.191019 2.122225
v -13.645921 1.771091 331.083740
vn -3.624918 -2.926281 0.860942
v -17.845921 2.180882 331.786682
vn -2.658267 -2.926281 0.860942
v -13.645921 2.180882 331.786682
vn -3.624914 -2.991194 -0.597590
v -17.845921 2.217057 332.599548
vn -2.658272 -2.991194 -0.597590
v -13.645921 2.217057 332.599548
vn -3.624932 -2.370835 -1.919233
v -17.845921 1.871329 333.336121
vn -2.658253 -2.370835 -1.919233
v -13.645921 1.871329 333.336121
vn -3.624874 -1.207399 -2.801185
v -17.845921 1.222901 333.827637
vn -2.658311 -1.207399 -2.801184
v -13.645921 1.222901 333.827637
vn -3.624940 0.232653 -3.041409
v -17.845921 0.420319 333.961548
vn -2.658245 0.232653 -3.041409
v -13.645921 0.420319 333.961548
vn -0.281882 -3.455748 3.090086
v -11.616612 26.299999 251.283035
vn -0.281882 3.455748 3.090086
v -11.616612 32.299999 251.283035
vn 0.686796 -3.455751 3.025953
v -12.865355 26.299999 251.365707
vn 0.686796 3.455751 3.025953
v -12.865355 32.299999 251.365707
vn 1.588250 -3.455751 2.665622
v -14.027432 26.299999 251.830215
vn 1.588250 3.455750 2.665622
v -14.027432 32.299999 251.830215
vn 2.334235 -3.455750 2.044365
v -14.989093 26.299999 252.631088
vn 2.334235 3.455749 2.044365
v -14.989093 32.299999 252.631088
vn 2.851732 -3.455757 1.222984
v -15.656202 26.299999 253.689926
vn 2.851732 3.455757 1.222984
v -15.656202 32.299999 253.689926
vn 3.090084 -3.455750 0.281887
v -15.963460 26.299999 254.903107
vn 3.090084 3.455750 0.281887
v -15.963460 32.299999 254.903107
vn 3.025953 -3.455752 -0.686795
v -15.880788 26.299999 256.151855
vn 3.025953 3.455751 -0.686795
v -15.880788 32.299999 256.151855
vn 2.665610 -3.455763 -1.588264
v -15.416280 26.299999 257.313934
vn 2.665610 3.455763 -1.588264
v -15.416280 32.299999 257.313934
vn 2.044353 -3.455738 -2.334249
v -14.615405 26.299999 258.275574
vn 2.044353 3.455738 -2.334249
v -14.615405 32.299999 258.275574
vn 1.222979 -3.455760 -2.851734
v -13.556559 26.299999 258.942688
vn 1.222979 3.455760 -2.851735
v -13.556559 32.299999 258.942688
vn 0.281882 -3.455748 -3.090086
v -12.343388 26.299999 259.249939
vn 0.281882 3.455748 -3.090086
v -12.343388 32.299999 259.249939
vn -0.686796 -3.455751 -3.025953
v -11.094646 26.299999 259.167267
vn -0.686796 3.455751 -3.025953
v -11.094646 32.299999 259.167267
vn -1.588250 -3.455751 -2.665622
v -9.932568 26.299999 258.702759
vn -1.588250 3.455750 -2.665622
v -9.932568 32.299999 258.702759
vn -2.334235 -3.455750 -2.044365
v -8.970907 26.299999 257.901886
vn -2.334235 3.455749 -2.044365
v -8.970907 32.299999 257.901886
vn -2.851732 -3.455755 -1.222988
v -8.303798 26.299999 256.843048
vn -2.851731 3.455755 -1.222988
v -8.303798 32.299999 256.843048
vn -3.090083 -3.455753 -0.281892
v -7.996541 26.299999 255.629883
vn -3.090083 3.455753 -0.281892
v -7.996541 32.299999 255.629883
vn -3.025953 -3.455752 0.686794
v -8.079212 26.299999 254.381134
vn -3.025953 3.455752 0.686794
v -8.079212 32.299999 254.381134
vn -2.665618 -3.455755 1.588255
v -8.543720 26.299999 253.219055
vn -2.665618 3.455755 1.588255
v -8.543720 32.299999 253.219055
vn -2.044360 -3.455746 2.334240
v -9.344595 26.299999 252.257401
vn -2.044361 3.455746 2.334240
v -9.344595 32.299999 252.257401
vn -1.222979 -3.455760 2.851734
v -10.403441 26.299999 251.590286
vn -1.222979 3.455760 2.851735
v -10.403441 32.299999 251.590286
vn -3.134787 3.087347 0.188302
v -21.811136 -1.500000 286.401398
vn -3.123877 3.294366 -0.231286
v -15.979988 -1.500000 271.276428
vn -3.140744 3.108715 0.051628
v -21.980000 -1.500000 281.266479
vn -2.210736 3.337940 2.210754
v -19.051067 -1.500000 262.337555
vn -2.599558 3.337951 1.736973
v -20.294697 -1.500000 260.822205
vn -3.121660 3.095217 0.345746
v -21.364334 -1.500000 291.517029
vn -3.112814 3.137694 0.424212
v -19.996178 -1.500000 301.704773
vn -3.119401 3.181956 0.367316
v -18.588171 -1.500000 311.888153
vn -2.483961 2.804570 -0.965967
v -15.843756 -1.500000 326.138275
vn -3.132451 3.191377 0.226362
v -18.089737 -1.500000 317.008911
vn -3.139841 3.188838 0.074180
v -17.845921 -1.500000 322.165680
vn -3.728631 2.878708 -0.869854
v -17.845921 -1.500000 326.141174
vn -0.030421 5.661448 -1.875736
v -17.075035 -1.499946 326.141266
vn -1.736970 3.337938 2.599562
v -17.535702 -1.500000 263.581177
vn -2.963489 3.447151 -0.926690
v -15.797705 -1.500000 270.072693
vn -1.196452 3.337941 2.888475
v -15.806834 -1.500000 264.505280
vn -2.547468 3.447129 -1.775234
v -15.261765 -1.500000 268.979584
vn -1.895470 3.447140 -2.459315
v -14.421819 -1.500000 268.098297
vn -0.609939 3.337949 3.066391
v -13.930903 -1.500000 265.074341
vn -1.067887 3.447133 -2.915590
v -13.355671 -1.500000 267.510498
vn 0.000000 3.337934 3.126466
v -11.980000 -1.500000 265.266479
vn -0.141356 3.447157 -3.101779
v -12.162087 -1.500000 267.270630
vn 0.798287 3.447145 -3.000628
v -10.951636 -1.500000 267.400940
vn 0.609939 3.337948 3.066391
v -10.029097 -1.500000 265.074341
vn 1.663945 3.447133 -2.621513
v -9.836449 -1.500000 267.889343
vn 1.196451 3.337942 2.888475
v -8.153166 -1.500000 264.505280
vn 2.375458 3.447140 -1.999559
v -8.919829 -1.500000 268.690582
vn 2.866931 3.447143 -1.192367
v -8.286693 -1.500000 269.730438
vn 1.736970 3.337939 2.599562
v -6.424298 -1.500000 263.581177
vn 3.089917 3.294368 -0.514445
v -7.995687 -1.500000 270.912598
vn -0.773536 6.185552 -0.058126
v -4.780000 -1.500000 268.266479
vn -0.752850 6.189845 0.081593
v -4.780000 -1.500000 276.790009
vn -0.452649 6.245216 0.173123
v -4.581511 -1.500000 277.921631
vn 1.076043 5.672415 1.149734
v -4.023704 -1.500000 315.629730
vn -0.346846 6.250232 0.290209
v -4.003634 -1.500000 278.913330
vn 3.141490 3.130242 -0.017827
v -1.649806 -1.500000 310.359253
vn -0.259260 6.254684 0.332388
v -3.587696 -1.500000 279.309540
vn 3.141492 3.152942 -0.017827
v -1.980000 -1.500000 281.266479
vn -0.168159 6.257840 0.360278
v -3.097746 -1.500000 279.615295
vn -0.116739 6.252604 0.420406
v -2.556902 -1.500000 279.807922
vn 3.295172 3.118461 0.267524
v -1.980000 -1.500000 279.875061
vn 0.467957 5.786030 1.629443
v -4.522173 -1.500000 315.766174
vn 0.449962 5.738163 -1.709637
v -4.440876 -1.500000 316.681427
vn -0.841918 5.802105 -1.058386
v -3.922824 -1.500000 316.765442
vn 3.990428 2.608451 -1.179268
v -1.649806 -1.500000 316.765442
vn 0.512026 5.970717 -1.263884
v -4.828100 -1.500000 316.537445
vn 0.530016 6.003458 1.179419
v -4.883493 -1.500000 315.913818
vn 0.569849 6.125638 -0.794337
v -5.070269 -1.500000 316.384674
vn 0.583203 6.149091 0.687238
v -5.098328 -1.500000 316.068787
vn 0.579944 6.204701 -0.376798
v -5.134851 -1.500000 316.306244
vn 0.589313 6.214388 0.264127
v -5.148927 -1.500000 316.147797
vn 0.597585 6.223175 -0.059875
v -5.161127 -1.500000 316.227112
vn -2.052214 2.413090 -1.124754
v -3.918604 -1.500000 316.812958
vn -0.698052 6.194963 -0.226810
v -4.642958 -1.500000 267.401245
vn 2.210736 3.337940 2.210753
v -4.908932 -1.500000 262.337555
vn -0.593799 6.194961 -0.431422
v -4.245247 -1.500000 266.620697
vn -0.431412 6.194963 -0.593795
v -3.625799 -1.500000 266.001251
vn 2.599558 3.337950 1.736972
v -3.665304 -1.500000 260.822205
vn -0.226829 6.194956 -0.698076
v -2.845248 -1.500000 265.603546
vn 2.888479 3.337937 1.196445
v -2.741205 -1.500000 259.093323
vn 3.345269 3.097480 -0.366990
v -1.980000 -1.500000 265.466492
vn 3.066390 3.337945 0.609946
v -2.172147 -1.500000 257.217407
vn 6.260495 0.098175 -0.153964
v -1.980000 -1.500000 255.266495
vn -2.888479 3.337937 1.196445
v -21.218796 -1.500000 259.093323
vn -3.066390 3.337946 0.609945
v -21.787853 -1.500000 257.217407
vn -6.260495 0.098174 -0.153964
v -21.980000 -1.500000 255.266495
vn -0.746410 0.042149 -6.192873
v -1.980000 10.550000 266.266479
vn -1.570795 1.570796 -4.712389
v -3.945920 7.300000 266.266479
vn -0.306469 2.945229 -3.111406
v -6.845920 7.300000 266.266479
vn -1.570796 1.570796 -1.570796
v -3.945920 16.799999 266.266479
vn -0.450529 3.286195 -3.265994
v -1.980000 16.799999 266.266479
vn -4.712392 1.570796 1.570796
v -17.845921 7.300000 300.266479
vn -3.141591 3.141582 0.000434
v -17.845921 7.300000 307.087616
vn 1.570796 1.570797 4.712389
v -14.845921 7.300000 300.266479
vn -3.127670 3.436507 0.017425
v -17.821089 7.300000 311.132874
vn -3.135500 3.336930 0.008363
v -17.813147 7.300000 315.177063
vn -3.139943 3.243335 -0.007886
v -17.821661 7.300000 319.222229
vn -3.141577 3.137295 -0.007050
v -17.845921 7.300000 323.266479
vn 3.111410 2.945239 -0.306453
v -14.845921 7.300000 268.266479
vn 2.178751 2.748867 -2.178752
v -15.431706 7.300000 266.852264
vn 1.179139 2.748921 -2.846691
v -16.080553 7.300000 266.418732
vn 0.306469 2.945229 -3.111406
v -16.845921 7.300000 266.266479
vn -1.570797 1.570796 -1.570796
v -17.845921 7.300000 266.266479
vn 2.846694 2.748911 -1.179123
v -14.998161 7.300000 267.501129
vn -1.570795 4.712389 1.570797
v -3.945920 7.300000 271.366486
vn 3.141512 3.151733 -0.015928
v -1.980000 7.300000 281.266479
vn 1.570799 4.712388 1.570796
v -7.745920 7.300000 300.266479
vn 3.102770 3.354091 -0.362608
v -1.554088 7.300000 323.266541
vn 1.570796 1.570796 -1.570796
v -7.745920 7.300000 328.266479
vn -1.179139 2.748921 -2.846691
v -7.611287 7.300000 266.418732
vn -2.178750 2.748868 -2.178753
v -8.260134 7.300000 266.852264
vn -2.846693 2.748910 -1.179125
v -8.693680 7.300000 267.501129
vn 1.527193 1.334602 1.203262
v -0.386818 7.300000 328.266479
vn 3.056808 3.148057 -0.724860
v -0.787259 7.300000 326.602509
vn 3.061780 3.147958 -0.703561
v -1.176356 7.300000 324.935822
vn 1.570796 4.712385 1.570796
v -1.980000 7.300000 277.295013
vn -1.570796 1.570796 1.570797
v 2.820000 7.300000 271.366486
vn -0.341414 3.333766 3.116533
v 2.820000 7.300000 277.205261
vn 1.570796 1.570796 1.570796
v 2.820000 7.300000 277.295013
vn 3.141607 3.077415 -0.631717
v -7.745920 15.141025 328.266479
vn 2.432384 4.157761 -4.029325
v 16.479387 31.920252 244.563171
vn 2.283523 4.060233 -4.208057
v 15.859447 32.780239 245.063385
vn 2.134080 4.030362 -4.311637
v 15.384415 33.678745 245.669327
vn 1.971997 4.037195 -4.379564
v 15.067503 34.593575 246.368423
vn 1.851160 4.068263 -4.403433
v 14.960986 35.111340 246.800598
vn 1.709503 4.129084 -4.403090
v 14.909389 35.622540 247.254562
vn 1.500389 4.234546 -4.374886
v 14.942869 36.414627 248.016403
vn 1.265888 4.393525 -4.285528
v 15.116925 37.163265 248.810913
vn 1.001311 4.600348 -4.125051
v 15.428615 37.852657 249.622986
vn 0.679824 4.875355 -3.856843
v 15.872877 38.468250 250.437485
vn 0.374349 5.156482 -3.526202
v 16.336855 38.916382 251.106995
vn -0.791785 5.045299 0.033819
v 16.943985 39.309143 251.776001
vn -0.098651 5.421481 -3.134145
v 15.647194 38.828236 250.954056
vn -0.809577 5.115932 0.679172
v 15.610209 39.108524 251.536652
vn -0.349625 5.552125 -2.893874
v 14.942954 38.744427 250.861679
vn -0.568688 5.681944 -2.590232
v 14.224803 38.664940 250.826996
vn -0.133086 5.318190 -3.314056
v 14.484504 38.337673 250.182373
vn -0.375196 5.454255 -3.069657
v 13.770510 38.279221 250.144241
vn 0.142384 5.053776 -3.707811
v 14.040117 37.776421 249.356842
vn -0.137796 5.205263 -3.494539
v 13.327734 37.745548 249.314926
vn 0.405294 4.810584 -4.004906
v 13.720347 37.145802 248.533646
vn 0.098515 4.965673 -3.832233
v 13.005598 37.144730 248.487930
vn 0.651799 4.606466 -4.210320
v 13.529947 36.459499 247.727005
vn 0.328731 4.755398 -4.080722
v 12.808698 36.490009 247.676956
vn 0.880700 4.456178 -4.332026
v 13.471678 35.732357 246.951096
vn 0.550046 4.594052 -4.241853
v 12.739708 35.795753 246.895752
vn 1.022904 4.355134 -4.404752
v 13.503385 35.262741 246.486923
vn 0.688566 4.480553 -4.343686
v 12.762518 35.347191 246.427582
vn 1.155759 4.270235 -4.454226
v 13.586710 34.786957 246.043213
vn 0.820181 4.380023 -4.421709
v 12.835296 34.892654 245.979202
vn 1.370373 4.199177 -4.460918
v 13.854999 33.946243 245.320053
vn 1.040124 4.287205 -4.465641
v 13.081118 34.089455 245.245941
vn 1.576927 4.158920 -4.431111
v 14.271892 33.120872 244.684387
vn 1.255466 4.220201 -4.474669
v 13.470788 33.301105 244.597336
vn 1.810734 4.209690 -4.295157
v 14.824968 32.331703 244.148010
vn 1.459523 4.223760 -4.410587
v 13.992279 32.547802 244.044785
vn 1.157956 4.307380 -4.417561
v 13.156216 32.769760 244.006622
vn 0.690909 4.457759 -4.359469
v 11.474810 33.228073 244.111877
vn 0.294694 4.625269 -4.229747
v 9.942062 33.655457 244.397430
vn 0.033511 4.845024 -3.989013
v 8.401558 34.089542 244.842880
vn -0.096866 5.100236 -3.659061
v 6.854547 34.525616 245.428040
vn -0.024312 5.356550 -3.276675
v 5.302405 34.958923 246.132629
vn 0.294388 5.846881 -2.278217
v 2.186968 35.798592 247.819687
vn 0.627627 6.093733 -1.393847
v -0.934381 36.570705 249.742249
vn 2.084296 4.186520 -4.192861
v 15.654075 32.122257 244.319672
vn 1.904821 4.105146 -4.352863
v 15.068199 32.947018 244.838623
vn 0.815964 6.182582 -0.740445
v -4.380949 37.300415 251.947678
vn 2.964263 3.322791 -1.411586
v -4.420607 37.386936 252.648392
vn 3.193433 3.265453 -1.072904
v -4.131579 37.517933 253.716568
vn 3.158581 3.338547 -0.653315
v -3.988899 37.677792 254.888092
vn -0.127526 6.110754 -1.453814
v -1.056642 37.249249 252.394943
vn -0.079622 6.086550 -1.554872
v -1.088997 37.137444 251.944077
vn -0.008770 6.074625 -1.595407
v -1.096370 36.939419 251.173508
vn -0.296919 5.815439 -2.349707
v 1.899888 36.371777 249.231171
vn -0.098623 5.808582 -2.384542
v 2.007777 36.075687 248.499771
vn -0.400621 5.351795 -3.253003
v 5.047429 35.350254 246.792404
vn 3.110275 3.471560 0.024547
v -4.037083 37.830650 256.220459
vn -0.239534 6.157007 -1.224084
v -0.873388 37.523769 253.601456
vn -0.224255 6.122861 -1.387871
v -1.003202 37.358528 252.854126
vn -0.496818 5.887023 -2.132111
v 1.888979 36.847778 250.466248
vn -0.443401 5.844473 -2.254597
v 1.869860 36.675911 250.007965
vn -0.682668 5.491835 -2.963926
v 4.806790 36.189140 248.293655
vn -0.558540 5.413787 -3.124994
v 4.879561 35.764782 247.515213
vn -0.490999 5.201052 -3.477958
v 6.357784 35.455761 246.791122
vn -0.328570 5.113041 -3.624189
v 6.558657 34.978050 246.075150
vn -0.208663 4.865047 -3.954339
v 8.062552 34.604961 245.475037
vn 2.987995 3.522534 0.806982
v -4.326159 37.932846 257.594543
vn -0.098269 6.259863 -0.511449
v -3.969642 37.856598 256.503632
vn -0.295662 6.189617 -1.029810
v -0.689535 37.672321 254.361542
vn -0.584478 5.990352 -1.791047
v 2.066016 37.273788 251.702194
vn -0.533951 5.933155 -1.988759
v 1.935166 37.016411 250.935211
vn -0.754215 5.656652 -2.618016
v 4.845542 36.665104 249.232895
vn -0.721900 5.574090 -2.800017
v 4.809641 36.429096 248.756729
vn -0.681310 5.400478 -3.130939
v 6.253636 36.220425 248.031937
vn -0.629918 5.300957 -3.303711
v 6.260629 35.944191 247.567871
vn -0.527216 5.098337 -3.621997
v 7.702723 35.702164 246.954651
vn -0.376099 4.978254 -3.799295
v 7.826469 35.147762 246.181900
vn -0.146085 4.765229 -4.074636
v 9.283368 34.844494 245.707153
vn 0.035871 4.639935 -4.217371
v 9.557302 34.235237 245.012024
vn 0.419760 4.450129 -4.393467
v 11.041336 33.873047 244.705948
vn 2.796176 3.383735 1.450441
v -4.850821 37.983261 258.896210
vn 0.010245 6.278399 -0.232456
v -3.534361 37.948982 257.980316
vn -0.012790 6.269391 -0.405057
v -3.769574 37.912514 257.241241
vn 0.026037 6.282305 -0.072453
v -3.313473 37.962311 258.594452
vn 2.618629 3.416161 1.808462
v -5.597034 38.002487 260.089142
vn 1.532850 3.460416 2.775159
v -3.233412 37.959175 259.298187
vn 3.900981 0.804077 4.802575
v -6.540804 38.016682 261.132935
vn 1.397489 3.741338 2.635659
v 0.091594 37.977261 257.357605
vn -0.250893 6.267864 -0.343444
v 0.111083 37.951893 256.535522
vn -0.277507 6.249785 -0.570147
v -0.164892 37.895565 255.897751
vn -0.552716 6.185034 -0.941338
v 2.867883 37.886856 254.071838
vn -0.586740 6.127415 -1.244135
v 2.534314 37.716492 253.277786
vn -0.817298 5.982938 -1.717345
v 5.478868 37.664139 251.630890
vn -0.825056 5.871443 -2.063102
v 5.184279 37.363609 250.817703
vn -0.844125 5.757397 -2.354138
v 6.619798 37.300549 250.107773
vn -0.800624 5.618572 -2.682036
v 6.405096 36.910709 249.298218
vn -0.749793 5.466244 -2.990035
v 7.821352 36.800838 248.688919
vn -0.652397 5.327726 -3.254341
v 7.705575 36.324707 247.897552
vn -0.482543 5.146100 -3.558632
v 9.111042 36.164719 247.413803
vn -0.399901 5.021528 -3.744255
v 9.099705 35.817993 246.935242
vn -0.079166 4.823133 -4.011703
v 10.496466 35.629890 246.601425
vn 0.027006 4.696681 -4.155990
v 10.541429 35.239521 246.142990
vn 0.431727 4.482074 -4.368556
v 12.077029 35.003662 245.976624
vn 0.641010 4.366608 -4.456481
v 12.301545 34.238159 245.234467
vn 1.106998 4.058738 2.474196
v 3.395052 38.068279 255.467453
vn -0.515221 6.225866 -0.656432
v 3.192151 37.996883 254.729477
vn -0.789237 6.079651 -1.356580
v 5.853339 37.920246 252.445969
vn -0.862492 5.892624 -1.983387
v 6.924881 37.651501 250.929092
vn -0.820793 5.628294 -2.651497
v 8.037071 37.246090 249.503632
vn -0.610827 5.299934 -3.300737
v 9.217794 36.699875 248.206207
vn -0.187649 4.951476 -3.846062
v 10.496519 36.014881 247.077682
vn 0.310679 4.599164 -4.257820
v 12.014141 35.436844 246.429001
vn 0.800649 4.338311 2.237570
v 6.637803 38.229572 253.783997
vn -0.725027 6.154110 -1.022195
v 6.221889 38.094666 253.119995
vn -0.860396 6.011590 -1.591380
v 7.317046 37.954014 251.752396
vn -0.868413 5.788241 -2.263209
v 8.350657 37.649227 250.331009
vn -0.719041 5.482930 -2.962421
v 9.432137 37.201782 249.023712
vn -0.351770 5.113976 -3.611228
v 10.591564 36.609814 247.868439
vn 0.179329 4.726422 -4.121347
v 11.999570 35.864254 246.900497
vn -0.830103 6.106712 -1.201030
v 7.705430 38.163567 252.432709
vn 0.519060 4.493757 2.123665
v 8.224175 38.335743 253.068619
vn -0.891405 6.047998 -1.426583
v 9.165107 38.246067 251.845337
vn 0.249062 4.662398 1.968073
v 9.780685 38.458485 252.463516
vn -0.908148 5.977902 -1.680766
v 10.595799 38.342239 251.375519
vn -0.045154 4.825660 1.763042
v 11.302440 38.597466 251.988251
vn -0.855069 5.890211 -1.979548
v 11.993542 38.452206 251.040314
vn -0.350084 4.977767 1.476416
v 12.784541 38.752354 251.662323
vn -0.743439 5.772258 -2.332986
v 13.493405 38.589756 250.847107
vn -0.607929 5.072398 1.161630
v 14.222096 38.922817 251.505280
vn 1.715327 4.114532 -4.421253
v 14.622870 33.809135 245.460098
vn 1.514380 4.158997 -4.452420
v 14.330903 34.687088 246.171875
vn 1.386297 4.223758 -4.433202
v 14.236341 35.183968 246.610199
vn 1.246706 4.307428 -4.392232
v 14.195049 35.674480 247.069641
vn 1.019395 4.439725 -4.315141
v 14.241497 36.434261 247.839127
vn 0.766599 4.629389 -4.161784
v 14.424300 37.151894 248.640305
vn 0.486627 4.868316 -3.918628
v 14.740603 37.812065 249.458542
vn 0.180272 5.143069 -3.573153
v 15.185502 38.400654 250.279160
vn 0.854242 4.265782 -4.517441
v 12.665152 33.487015 244.574127
vn 0.219503 4.568643 -4.286853
v 10.726594 34.549595 245.386383
vn -0.316640 4.896134 -3.910721
v 9.130391 35.466240 246.473312
vn -0.591566 5.213860 -3.446922
v 7.684632 36.015766 247.418381
vn -0.726325 5.499183 -2.941186
v 6.282685 36.492352 248.510254
vn -0.806703 5.755953 -2.372055
v 4.972589 37.027431 250.015396
vn -0.599935 6.059855 -1.534206
v 2.266205 37.509747 252.485474
vn -0.306550 6.221847 -0.807421
v -0.452736 37.798119 255.128845
vn -0.023012 4.895892 -3.919011
v 12.078231 36.525455 247.685898
vn -0.223333 5.107982 -3.629443
v 12.280579 37.148430 248.500107
vn -0.505950 5.313519 -3.289767
v 10.801850 37.169128 248.686035
vn -0.419338 5.338898 -3.258117
v 12.604031 37.719284 249.329819
vn -0.646151 5.521736 -2.897836
v 11.124978 37.679882 249.518158
vn -0.807044 5.667505 -2.565160
v 9.751835 37.658348 249.854813
vn -0.603598 5.567419 -2.817806
v 13.044145 38.225208 250.161819
vn -0.768560 5.719516 -2.452870
v 11.556810 38.130138 250.352478
vn -0.874319 5.836801 -2.129329
v 10.173030 38.058441 250.688034
vn -0.895042 5.931457 -1.846623
v 8.758533 37.999908 251.160461
vn 0.322160 6.090887 -1.504617
v -1.043122 36.747665 250.438049
vn -3.492841 4.663606 2.272916
v 17.157867 37.687222 254.364136
vn -2.925284 4.706841 2.943420
v 16.612364 37.505375 254.067276
vn -2.607502 4.632716 3.342972
v 16.041771 37.325985 253.830292
vn -2.247658 4.533132 3.710951
v 15.446971 37.148972 253.650696
vn -0.549204 -0.719448 2.101579
v 15.258419 35.369762 255.921143
vn -0.183294 -0.810513 2.470391
v 14.299564 34.891495 255.546173
vn -1.850367 4.426379 4.052557
v 14.828844 36.974247 253.525986
vn -1.454154 4.287035 4.346003
v 14.188271 36.801723 253.453659
vn -0.909670 4.020298 4.728529
v 13.526132 36.631310 253.431198
vn -0.216831 3.674845 5.077533
v 12.140685 36.296486 253.525909
vn 0.461954 3.305947 5.313640
v 10.775475 35.989887 253.768433
vn 1.065257 2.973549 5.424774
v 9.349758 35.689217 254.142960
vn 1.437964 2.675773 5.489160
v 7.869311 35.393913 254.633072
vn 1.916553 2.258110 5.526192
v 6.339910 35.103409 255.222351
vn 2.313414 1.606990 5.602559
v 3.157351 34.534531 256.632812
vn 2.583548 1.010659 5.631182
v -0.151710 33.978046 258.243042
vn 2.639101 0.522967 5.675486
v -3.775317 33.391968 260.036072
vn 3.085804 0.147698 5.436352
v -7.088053 32.756588 261.596497
vn 3.239704 -0.259207 5.352699
v -7.545655 27.477512 261.925079
vn 2.080988 -2.811229 2.748646
v -3.851153 28.705643 260.451233
vn 2.050357 -2.615355 2.805147
v -0.248244 29.855160 258.968414
vn 1.925692 -2.349639 2.867277
v 3.203277 30.939432 257.594513
vn 1.741401 -2.001508 2.959987
v 6.443614 31.971832 256.447418
vn 1.477704 -1.766344 3.007825
v 7.965902 32.472755 255.995773
vn 1.294256 -1.519227 2.998249
v 9.412971 32.965729 255.645050
vn 0.905104 -1.237212 2.926342
v 10.777347 33.452415 255.409988
vn 0.574527 -1.051868 2.833197
v 12.051554 33.934490 255.305328
vn 0.172318 -0.905437 2.674507
v 13.228117 34.413628 255.345810
vn -4.154563 4.262312 1.980945
v 16.097208 35.850101 256.485474
vn -2.348980 -3.743124 -4.273994
v 26.333818 19.564114 245.378372
vn -1.975970 -4.442709 -3.955127
v 25.549547 19.675259 245.535446
vn -2.507131 -4.656785 -3.388908
v 24.957836 20.240168 245.194580
vn -2.631238 -4.875136 -2.962935
v 24.295460 20.798166 244.885818
vn -2.630577 -4.975422 -2.792425
v 23.564377 21.347788 244.608841
vn -2.347825 -5.030827 -2.941757
v 23.339052 21.860992 243.909363
vn -2.389868 -5.106040 -2.773599
v 22.444052 22.424889 243.650589
vn -2.272405 -5.123944 -2.838885
v 22.125227 22.959852 242.938889
vn -2.319624 -5.153696 -2.745376
v 21.093683 23.539864 242.719971
vn -2.297515 -5.156097 -2.758967
v 20.692520 24.099474 242.006409
vn -2.350129 -5.124702 -2.773206
v 18.372566 25.292068 241.739838
vn -2.410342 -5.124350 -2.720508
v 17.838717 25.908789 241.049988
vn -2.449640 -4.983079 -2.939694
v 15.309064 27.131186 241.050644
vn -2.519054 -4.984144 -2.878192
v 14.995878 27.472622 240.732849
vn -2.528057 -4.709602 -3.301885
v 12.365443 28.685928 240.984207
vn -2.629043 -4.719304 -3.207292
v 12.024590 29.064129 240.705231
vn -2.621188 -4.284587 -3.774057
v 9.331466 30.255518 241.191757
vn -2.902578 -4.392951 -3.426511
v 8.628616 31.091156 240.727509
vn -2.897036 -3.836825 -4.041872
v 5.911450 32.286942 241.474182
vn -2.815984 -3.105242 -4.675961
v 3.189310 33.386013 242.341156
vn -2.653771 -2.275605 -5.216246
v 0.460122 34.366501 243.282379
vn -2.373421 -1.451515 -5.624308
v -2.060043 35.145386 244.174698
vn -2.233269 -0.859056 -5.806729
v -4.606967 35.792118 245.060837
vn -2.003062 -0.471313 -5.934449
v -6.616530 36.192276 245.724792
vn -1.771775 -0.180410 -6.024045
v -8.651317 36.490093 246.345795
vn -1.527106 -0.020654 -6.093719
v -10.694735 36.672997 246.899612
vn -1.116078 0.023185 -6.175354
v -12.295269 36.629757 247.272690
vn -1.491584 0.007455 -6.103079
v -10.556843 35.259579 246.863434
vn -1.113359 0.020761 -6.176267
v -12.335028 35.209068 247.274338
vn -1.474244 0.007883 -6.107463
v -10.487897 34.552868 246.845337
vn -1.452717 0.008492 -6.112738
v -10.418952 33.846157 246.827255
vn -1.553239 -0.112312 -6.086990
v -8.174634 33.768154 246.270081
vn -1.472020 -0.093501 -6.107521
v -7.936293 32.407181 246.232224
vn -1.516828 -0.297838 -6.089867
v -5.620180 32.277176 245.665558
vn -1.407783 -0.251994 -6.118177
v -5.288063 30.972143 245.645813
vn -1.426342 -0.541611 -6.093707
v -2.926086 30.803940 245.117981
vn -1.319421 -0.253161 -6.137655
v -4.955945 29.667110 245.626068
vn -1.243420 -0.499674 -6.137790
v -2.505363 29.557262 245.132523
vn -1.174303 -0.224106 -6.167823
v -4.623829 28.362078 245.606323
vn -1.108472 -0.448560 -6.167968
v -2.084441 28.310734 245.147171
vn -0.919259 -0.810075 -6.162053
v 1.016536 28.127401 244.646774
vn -0.910309 -1.341932 -6.069338
v 4.005945 27.820751 244.233414
vn -0.895231 -2.033057 -5.876143
v 7.116276 27.358521 243.884903
vn -0.954635 -2.821550 -5.530363
v 10.068147 26.773420 243.643845
vn -1.107504 -3.625587 -5.007450
v 12.845711 26.077330 243.512985
vn -1.357054 -4.331782 -4.339068
v 15.433125 25.282127 243.495102
vn -1.687264 -4.839322 -3.627687
v 17.814543 24.399694 243.592987
vn -2.063573 -5.102793 -3.021807
v 19.974121 23.441906 243.809372
vn -2.384236 -5.139553 -2.712798
v 21.896013 22.420645 244.147079
vn -2.553987 -5.092574 -2.648811
v 22.762877 21.889923 244.362274
vn -1.252252 -0.052727 -6.156586
v -7.221269 28.324268 246.118652
vn -1.322159 -0.065876 -6.141919
v -7.459610 29.685240 246.156509
vn -1.371765 0.016529 -6.131498
v -10.005278 29.605900 246.718704
vn -1.395707 0.013635 -6.126176
v -10.143169 31.019318 246.754883
vn -1.116705 0.015872 -6.176313
v -12.406361 32.395683 247.277863
vn -1.421682 0.010528 -6.120176
v -10.281060 32.432739 246.791061
vn -1.358287 0.016484 -6.134380
v -9.867387 28.192480 246.682526
vn -2.850225 -4.766677 -2.937049
v 11.342883 29.820528 240.147247
vn -2.586760 -4.982625 -2.819393
v 14.682693 27.814058 240.415054
vn -2.439621 -5.122460 -2.696952
v 17.571791 26.217150 240.705063
vn -2.278305 -5.158142 -2.769850
v 20.291355 24.659082 241.292862
vn -2.174141 -5.136713 -2.891876
v 21.806400 23.494818 242.227203
vn -2.149729 -5.066569 -3.030718
v 23.113729 22.374197 243.209885
vn -2.206086 -4.925251 -3.217023
v 24.174686 21.292778 244.209671
vn -2.744190 -4.993741 -2.646193
v 14.056324 28.496931 239.779480
vn -2.469420 -5.118874 -2.675358
v 17.304865 26.525511 240.360138
vn -2.269239 -5.159433 -2.774086
v 20.090773 24.938889 240.936081
vn -2.091697 -5.145322 -2.936273
v 21.487576 24.029781 241.515518
vn -1.986807 -5.090736 -3.100054
v 22.888405 22.887402 242.510406
vn -1.928196 -4.982100 -3.306819
v 24.053913 21.787390 243.533524
vn -1.931388 -4.789026 -3.578599
v 24.953415 20.719458 244.553802
vn -2.558190 -5.116336 -2.595862
v 16.771013 27.142231 239.670288
vn -2.262037 -5.159535 -2.778886
v 19.890190 25.218693 240.579300
vn -2.053090 -5.150443 -2.954034
v 21.328163 24.297264 241.159668
vn -1.852415 -5.105946 -3.156871
v 22.663082 23.400604 241.810928
vn -1.704847 -5.018938 -3.372493
v 23.933138 22.282001 242.857391
vn -1.586538 -4.869321 -3.639112
v 24.948992 21.198750 243.913040
vn -1.491771 -4.654095 -3.948155
v 25.673649 20.142704 244.942978
vn -2.257694 -5.149136 -2.799668
v 19.489025 25.778301 239.865753
vn -2.017951 -5.154274 -2.971055
v 21.168751 24.564747 240.803833
vn -1.790284 -5.114627 -3.178111
v 22.550419 23.657207 241.461182
vn -1.524439 -5.041003 -3.424690
v 23.812365 22.776613 242.181244
vn -1.316998 -4.920141 -3.677442
v 24.944571 21.678040 243.272263
vn -1.008045 -4.725569 -4.009866
v 25.797752 20.610149 244.350525
vn -1.892191 -5.125077 -3.093958
v 20.849926 25.099710 240.092133
vn -1.733643 -5.121293 -3.198247
v 22.437757 23.913809 241.111450
vn -1.442227 -5.053525 -3.441350
v 23.751978 23.023918 241.843170
vn -1.104519 -4.949849 -3.706683
v 24.940149 22.157330 242.631500
vn -0.819921 -4.817829 -3.946976
v 25.921854 21.077595 243.758057
vn 1.489560 -4.692131 -3.193158
v 26.864149 20.482674 244.317703
vn -1.654640 -5.103289 -3.266425
v 22.212435 24.427013 240.411972
vn -1.367612 -5.063168 -3.457186
v 23.691591 23.271225 241.505096
vn -1.009162 -4.967013 -3.710530
v 24.937939 22.396975 242.311111
vn -0.721179 -4.832241 -3.950558
v 26.045956 21.545040 243.165604
vn -1.145559 -5.012162 -3.599167
v 23.570816 23.765837 240.828949
vn -0.796406 -4.970889 -3.755454
v 24.931307 23.115910 241.349960
vn -0.240289 -4.880571 -3.944273
v 26.294159 22.479931 241.980682
vn -0.635373 -4.851229 -3.941434
v 26.170057 22.012486 242.573135
vn -0.677770 -4.840085 -3.948635
v 26.108007 21.778763 242.869370
vn -0.923079 -4.980299 -3.714816
v 24.935728 22.636620 241.990723
vn -2.346088 -5.150193 -2.728597
v 21.494848 22.980255 243.433517
vn -2.196251 -5.125426 -2.894400
v 19.440269 24.058626 243.119537
vn -1.959603 -4.925822 -3.371837
v 17.188173 25.082567 242.957397
vn -1.716233 -4.508571 -4.025039
v 14.751417 26.038528 242.937134
vn -1.499401 -3.874412 -4.713048
v 12.142861 26.912968 243.048737
vn -1.331865 -3.088996 -5.306005
v 9.375363 27.692339 243.282227
vn -1.226164 -2.265152 -5.730000
v 6.461782 28.363102 243.627625
vn -1.180658 -1.509864 -5.982750
v 3.414974 28.911709 244.074905
vn -1.117338 -0.894861 -6.117386
v 0.503773 29.297066 244.568085
vn -2.278416 -5.125904 -2.830472
v 18.906418 24.675348 242.429688
vn -2.309059 -4.969431 -3.073930
v 15.935433 26.448313 241.686234
vn -2.423808 -4.695713 -3.398489
v 12.706297 28.307728 241.263199
vn -2.491405 -4.255198 -3.893725
v 9.682890 29.837698 241.423889
vn -2.563644 -3.655468 -4.420146
v 6.604233 31.368021 241.835785
vn -2.145018 -4.952190 -3.217300
v 16.561804 25.765440 242.321808
vn -1.978175 -4.586622 -3.811066
v 14.069711 26.794928 242.379150
vn -1.807466 -4.008046 -4.487856
v 11.440013 27.748604 242.584488
vn -1.652174 -3.254383 -5.113634
v 8.682581 28.611259 242.920624
vn -1.527825 -2.425547 -5.590261
v 5.807287 29.367683 243.370331
vn -1.442829 -1.638263 -5.890933
v 2.824004 30.002668 243.916397
vn -1.326692 -0.981498 -6.061855
v -0.008990 30.466730 244.489410
vn -2.215848 -4.646494 -3.601996
v 13.388003 27.551329 241.821182
vn -2.357810 -4.220196 -4.013043
v 10.034314 29.419880 241.656006
vn -2.412155 -3.604844 -4.545544
v 6.950624 30.908560 242.016602
vn -2.452254 -2.868404 -5.023094
v 3.843804 32.381432 242.598450
vn -2.096961 -4.121031 -4.253460
v 10.737164 28.584242 242.120255
vn -1.965312 -3.405925 -4.899735
v 7.989798 29.530180 242.559006
vn -1.833551 -2.582232 -5.425812
v 5.152793 30.372267 243.113037
vn -1.715714 -1.769494 -5.778847
v 2.233033 31.093626 243.757889
vn -1.548313 -1.072553 -5.993176
v -0.521753 31.636395 244.410736
vn -2.257849 -3.548839 -4.667017
v 7.297016 30.449100 242.197403
vn -2.291175 -2.806080 -5.133423
v 4.171052 31.879139 242.727097
vn -2.296133 -2.027407 -5.485496
v 1.051092 33.275543 243.440887
vn -2.129497 -2.740594 -5.237105
v 4.498299 31.376848 242.855743
vn -1.987644 -1.910128 -5.645693
v 1.642063 32.184586 243.599380
vn -1.782090 -1.167711 -5.909401
v -1.034516 32.806057 244.332047
vn -1.639079 -0.638296 -6.031051
v -3.346607 32.050762 245.103531
vn -2.141362 -1.968955 -5.568985
v 1.346578 32.730064 243.520126
vn -2.065834 -1.292060 -5.790581
v -1.547279 33.975723 244.253372
vn -2.035209 -0.770971 -5.892179
v -4.187048 34.544853 245.074966
vn -1.940629 -1.241148 -5.844959
v -1.290898 33.390888 244.292709
vn -1.797015 -0.679919 -5.981691
v -3.766928 33.297733 245.089203
vn -1.647912 -0.338368 -6.053613
v -5.952296 33.582207 245.685303
vn -1.896493 -0.712642 -5.946898
v -3.977013 33.921276 245.082062
vn -1.807574 -0.364684 -6.006224
v -6.284413 34.887241 245.705048
vn -1.727010 -0.350698 -6.030825
v -6.118355 34.234726 245.695175
vn -1.603518 -0.115350 -6.073801
v -8.293804 34.448639 246.289001
vn -1.394146 -0.079142 -6.125937
v -7.697951 31.046211 246.194366
vn -1.653670 -0.120599 -6.060111
v -8.412975 35.129124 246.307938
vn 2.090178 -5.685395 1.620049
v 15.181386 35.302788 255.762039
vn 1.607069 -5.589712 2.273136
v 15.012023 35.172924 255.544632
vn -1.650439 -0.892027 1.794354
v 15.658965 35.527527 255.986984
vn 0.691811 -5.225945 3.167608
v 14.691026 34.879356 255.090912
vn -2.498756 -0.813038 2.305521
v 15.272394 35.162189 255.477310
vn -2.905177 -0.879298 2.178784
v 14.940269 34.756767 254.960144
vn -0.401652 -4.714921 3.911002
v 14.145801 34.148319 254.111725
vn -3.796017 -0.950322 2.005328
v 14.380301 33.644707 253.717087
vn -1.233851 -4.296597 4.289596
v 13.783228 33.214859 253.051666
vn -4.261619 -1.284866 1.490860
v 14.172156 32.376915 252.515076
vn -1.858575 -4.048218 4.349788
v 13.680499 32.093700 251.960724
vn -4.454738 -1.791845 0.910481
v 14.325902 31.014719 251.412247
vn -2.352029 -3.962432 4.208120
v 13.897680 30.836758 250.913071
vn -4.445907 -2.406759 0.299954
v 14.834100 29.623999 250.461945
vn -2.762038 -4.035271 3.886547
v 14.453118 29.537687 249.998123
vn -4.250799 -3.102908 -0.362461
v 15.672173 28.272018 249.710129
vn -3.103638 -4.278910 3.333898
v 15.302618 28.305471 249.287292
vn -2.159226 -4.150496 4.146770
v 14.709907 28.437738 249.021591
vn -1.253351 -3.927009 4.713658
v 13.993112 28.556913 248.857407
vn -0.581335 -3.923052 4.861331
v 13.144661 28.662939 248.785721
vn 0.045743 -3.893231 4.924533
v 12.022595 28.763838 248.813278
vn 0.505647 -3.970112 4.839543
v 10.752580 28.838575 248.951111
vn 0.839312 -4.158163 4.632189
v 9.344573 28.883184 249.191635
vn 1.076974 -4.428955 4.322111
v 7.808537 28.893696 249.527267
vn 1.239511 -4.744373 3.925724
v 6.154433 28.866140 249.950439
vn 1.248408 -5.090076 3.459370
v 4.392221 28.796555 250.453537
vn 1.420617 -5.362294 2.948905
v 2.531863 28.680965 251.028992
vn 1.327943 -5.660756 2.370492
v 0.583318 28.515408 251.669220
vn 1.597830 -5.366080 2.848101
v 2.089522 29.036446 251.901093
vn 1.636700 -5.586123 2.362304
v 0.216790 28.801477 252.563461
vn 1.797889 -5.448068 2.555133
v 1.766803 29.419443 252.848129
vn 1.817546 -5.626144 2.119131
v -0.048272 29.110981 253.519196
vn 1.920110 -5.606636 2.072000
v 1.583878 29.785023 253.851822
vn 1.920842 -5.733563 1.691130
v -0.194191 29.405653 254.523666
vn 1.971380 -5.771161 1.485582
v 1.535077 30.094576 254.886078
vn 1.955462 -5.849886 1.169237
v -0.225318 29.652607 255.557388
vn 1.960508 -5.898718 0.873374
v 1.597495 30.326704 255.930939
vn 1.934852 -5.939069 0.631933
v -0.160685 29.833624 256.606049
vn 1.914508 -5.970772 0.354473
v 1.742374 30.475348 256.983246
vn 1.885349 -5.988265 0.186092
v -0.024009 29.943541 257.671326
vn 1.866135 -5.998737 0.060290
v 1.839842 30.519995 257.523499
vn 1.844481 -6.005320 -0.068810
v 0.066931 29.973227 258.223267
vn 1.839458 -6.007064 -0.085137
v 1.893999 30.535341 257.799774
vn 1.826985 -6.008171 -0.188061
v 0.117467 29.982128 258.507019
vn 1.825357 -6.007194 -0.236038
v -3.521966 28.845715 259.676666
vn 1.851393 -6.002364 -0.081626
v -3.607574 28.837463 259.107544
vn 3.665784 -3.168369 1.408413
v -4.978410 28.411201 259.136597
vn 1.882166 -5.988277 0.213965
v -3.743087 28.787643 258.028259
vn 3.870589 -3.172754 1.106130
v -4.418569 28.567924 257.878754
vn 1.968702 -5.935859 0.570419
v -3.826937 28.690954 256.983612
vn 4.008436 -3.148360 0.855979
v -4.057244 28.545782 256.376831
vn 1.988306 -5.867287 1.028361
v -3.845274 28.550797 255.962326
vn 1.769222 -5.892790 1.267969
v -3.786636 28.379187 254.967712
vn 1.581545 -5.919042 1.391186
v -3.649262 28.197798 254.006348
vn 1.275500 -5.999905 1.351220
v -3.445940 28.031857 253.080185
vn 2.252259 -5.706334 1.335160
v 14.360540 34.888821 255.399414
vn 2.307426 -5.731241 1.133774
v 13.447782 34.475208 255.176773
vn 2.285380 -5.768872 0.981029
v 12.447800 34.060410 255.083664
vn 2.237055 -5.815045 0.806226
v 11.198486 33.580933 255.123413
vn 2.170947 -5.861187 0.636177
v 9.849539 33.096542 255.305161
vn 2.096624 -5.903856 0.470427
v 8.409065 32.605370 255.613388
vn 2.020703 -5.940798 0.312060
v 6.885168 32.105537 256.032501
vn 1.953160 -5.968809 0.188089
v 5.285955 31.595171 256.546967
vn 1.878273 -5.995444 0.020633
v 3.619530 31.072397 257.141266
vn 1.795946 -6.011919 -0.325949
v -3.474794 28.845922 259.972168
vn 1.814134 -5.999114 -0.430307
v -5.525039 28.177742 260.800476
vn 3.101103 -3.156504 2.009321
v -6.552872 27.839121 261.144104
vn 1.848375 -5.996797 -0.314343
v -5.572319 28.179955 260.500702
vn 3.423444 -3.155878 1.726877
v -5.688832 28.158422 260.208160
vn 3.975341 -3.118376 0.577306
v -3.984181 28.327024 254.999802
vn 3.857870 -3.142362 0.154237
v -4.109059 28.039009 253.833145
vn 1.931578 -5.654027 1.896226
v 14.208304 34.772228 255.181244
vn 1.394795 -5.435121 2.712396
v 13.920949 34.507011 254.728851
vn 0.599245 -5.048109 3.590313
v 13.438829 33.840397 253.761337
vn -0.143054 -4.631780 4.178092
v 13.130342 32.982227 252.720993
vn -0.764304 -4.312863 4.459210
v 13.068262 31.946468 251.653534
vn -1.291833 -4.125705 4.522490
v 13.309256 30.782272 250.628220
vn -1.759806 -4.090721 4.398198
v 13.870485 29.578310 249.728714
vn 2.146208 -5.691036 1.558015
v 13.311555 34.371620 254.956451
vn 2.191898 -5.730090 1.342512
v 12.325883 33.969223 254.859787
vn 2.189839 -5.778868 1.122437
v 11.091273 33.503326 254.894104
vn 2.154035 -5.828965 0.916208
v 9.755242 33.031734 255.069244
vn 2.099464 -5.876595 0.719742
v 8.325963 32.552494 255.369965
vn 2.036151 -5.918864 0.533478
v 6.811609 32.063652 255.781021
vn 1.971990 -5.953838 0.359698
v 5.220355 31.563255 256.287109
vn 1.913525 -5.980533 0.201148
v 3.560374 31.049355 256.873047
vn 1.841725 -5.545650 2.256193
v 13.055570 34.134190 254.502579
vn 2.008813 -5.601678 1.973286
v 12.097894 33.758400 254.401657
vn 2.092098 -5.664970 1.696650
v 10.891981 33.321743 254.428329
vn 2.114868 -5.729179 1.440774
v 9.581067 32.877811 254.593491
vn 2.099432 -5.791889 1.198412
v 8.173462 32.424503 254.882477
vn 2.061526 -5.849770 0.966943
v 6.677479 31.959711 255.280609
vn 2.012406 -5.899971 0.747413
v 5.101429 31.481325 255.773224
vn 1.960975 -5.940598 0.542318
v 3.453623 30.987240 256.345673
vn 1.284974 -5.233861 3.174811
v 12.631859 33.530689 253.541153
vn 1.629344 -5.324868 2.863211
v 11.725953 33.215782 253.440750
vn 1.848553 -5.416462 2.549812
v 10.572577 32.846401 253.462570
vn 1.971329 -5.507675 2.251716
v 9.307043 32.466602 253.618179
vn 2.028054 -5.599178 1.962737
v 7.937934 32.073967 253.894089
vn 2.041549 -5.687854 1.678957
v 6.473839 31.666075 254.276794
vn 2.027259 -5.769593 1.400740
v 4.923343 31.240513 254.752838
vn 1.997000 -5.840725 1.130933
v 3.295033 30.794863 255.308716
vn 0.687638 -4.835356 3.915824
v 12.372602 32.746227 252.514816
vn 1.180667 -4.946295 3.658125
v 11.509398 32.502979 252.422943
vn 1.527583 -5.059136 3.368745
v 10.398142 32.213264 252.449097
vn 1.752413 -5.176170 3.072471
v 9.167569 31.909979 252.604340
vn 1.887807 -5.300274 2.768952
v 7.826539 31.590397 252.876358
vn 1.961182 -5.427995 2.456195
v 6.383913 31.251795 253.252853
vn 1.990792 -5.553218 2.135289
v 4.848554 30.891441 253.721497
vn 1.990389 -5.669456 1.809940
v 3.229321 30.506611 254.270020
vn 0.132233 -4.469028 4.388125
v 12.346238 31.793947 251.465103
vn 0.724601 -4.563448 4.234615
v 11.512280 31.632357 251.385498
vn 1.169150 -4.671885 4.014337
v 10.427685 31.433788 251.420319
vn 1.478446 -4.798631 3.757464
v 9.216613 31.218504 251.579514
vn 1.683154 -4.946781 3.470556
v 7.888202 30.983465 251.851974
vn 1.812451 -5.111235 3.155092
v 6.451586 30.725636 252.226547
vn 1.885779 -5.282949 2.813346
v 4.915903 30.441977 252.692139
vn 1.917638 -5.451423 2.449937
v 3.290288 30.129452 253.237610
vn -0.370559 -4.189601 4.646790
v 12.606133 30.720221 250.456329
vn 0.284496 -4.233391 4.616510
v 11.784595 30.647520 250.387863
vn 0.798855 -4.311008 4.485317
v 10.707331 30.548412 250.430023
vn 1.171803 -4.430189 4.285597
v 9.496430 30.429441 250.591858
vn 1.430729 -4.592925 4.030243
v 8.161307 30.287256 250.863419
vn 1.605237 -4.790823 3.724565
v 6.711372 30.118513 251.234772
vn 1.715182 -5.010215 3.372274
v 5.156036 29.919861 251.695984
vn 1.775267 -5.234742 2.979295
v 3.504709 29.687952 252.237076
vn -0.834726 -4.034582 4.725574
v 13.168366 29.608744 249.566498
vn -0.140203 -4.002607 4.827134
v 12.341273 29.627184 249.502258
vn 0.423811 -4.030208 4.790944
v 11.250686 29.630121 249.543839
vn 0.842139 -4.132009 4.650098
v 10.019305 29.610044 249.700394
vn 1.139424 -4.307691 4.424091
v 8.656818 29.563297 249.963165
vn 1.345568 -4.542514 4.122688
v 7.172911 29.486221 250.323380
vn 1.480861 -4.814426 3.752255
v 5.577268 29.375160 250.772293
vn 1.560522 -5.097406 3.322330
v 3.879576 29.226454 251.301117
vn -1.955679 -2.879771 0.916132
v 18.020313 25.565151 249.323441
vn -1.632983 -3.230524 0.856323
v 19.585346 24.694336 249.351807
vn -1.221032 -3.058591 1.010461
v 21.244289 24.093801 249.661194
vn -1.987768 -0.629996 5.877449
v 21.307869 22.253195 249.287033
vn -0.816625 -3.097691 1.145231
v 22.913973 23.793655 250.236099
vn -2.476027 -0.462433 5.686189
v 22.914282 21.993814 249.865601
vn -3.006373 -0.438047 5.423425
v 24.464373 21.977922 250.626877
vn -2.435829 0.863801 5.657086
v 22.755705 20.163092 249.863068
vn -3.053227 0.909304 5.323977
v 24.533064 20.144869 250.735962
vn -2.261283 2.125673 5.403347
v 22.445835 18.389097 250.228607
vn -2.962603 2.202115 4.976073
v 24.403900 18.369022 251.190247
vn -3.188468 -0.030706 0.425265
v 22.049202 17.817135 250.337387
vn -2.745123 3.391555 4.393475
v 24.083063 16.735367 251.968018
vn -3.209599 0.397332 0.135574
v 22.066696 16.465258 251.181839
vn -2.404017 4.431431 3.595657
v 23.585909 15.322079 253.032059
vn -3.058870 0.890939 -0.251955
v 21.797157 15.273567 252.182098
vn -2.832110 1.289900 -0.699653
v 21.259468 14.307623 253.279526
vn -2.873481 -1.655964 0.851956
v 20.532921 21.989771 249.043991
vn -3.068623 -1.243416 0.796048
v 21.230036 20.656250 249.266495
vn -3.119926 -0.670500 0.696803
v 21.767076 19.204998 249.707657
vn -1.930194 5.261674 2.635679
v 22.936226 14.196796 254.331421
vn -2.535202 1.585224 -1.204886
v 20.461809 13.589501 254.452698
vn -1.337823 5.842815 1.559471
v 22.165108 13.413368 255.803940
vn -2.202680 1.734114 -1.594886
v 19.464870 13.176533 255.610657
vn -0.689756 6.143610 0.420554
v 21.309454 13.009287 257.379150
vn 0.093207 6.188085 0.724794
v 19.351389 13.029362 256.417511
vn 0.631283 6.168959 -0.468376
v 18.632858 13.022112 258.108765
vn -1.730219 1.788842 -2.106901
v 18.346500 13.070780 256.682159
vn -1.390185 1.715151 -2.584746
v 17.100225 13.256618 257.683014
vn -1.066883 1.597114 -2.819080
v 15.885680 13.678577 258.505127
vn 1.714009 5.793814 -1.539949
v 16.353922 13.672707 259.194916
vn 1.188924 5.881123 -1.633808
v 17.960335 13.413327 259.773499
vn -0.021684 6.160108 -0.739134
v 20.410215 13.003889 258.981659
vn -1.475157 6.015428 -0.067505
v 23.133457 13.297428 258.540680
vn -2.184562 5.695210 1.031413
v 24.106018 13.719977 257.039917
vn -2.969934 5.412567 0.393935
v 25.841909 14.344707 258.448914
vn -3.614148 4.813360 1.410976
v 26.726477 15.156872 257.057983
vn -4.264805 4.435585 0.745888
v 28.247078 16.108118 258.642090
vn -4.746330 3.601565 1.708931
v 28.896761 17.233400 257.342743
vn 0.306033 2.284889 2.131781
v 29.617275 17.621168 259.338165
vn 0.176866 2.024309 2.384194
v 29.919685 18.237137 258.715881
vn -0.830867 1.392462 -3.221760
v 14.646440 14.313696 259.213776
vn 0.943299 0.637271 -3.232841
v 15.696316 14.484431 260.757141
vn 1.301460 0.570923 -3.090932
v 17.366001 14.184285 261.332062
vn 0.576099 0.744839 -3.403239
v 14.037374 15.084965 260.447754
vn -0.589523 1.220282 -3.365961
v 13.402095 15.128837 259.812500
vn 0.227811 0.924007 -3.477538
v 12.472342 15.955780 260.419373
vn -0.376231 1.010515 -3.528423
v 12.198956 16.065763 260.296692
vn -3.855156 -2.450082 -4.286909
v 11.079676 17.053223 260.673462
vn 1.631744 0.562584 -2.936967
v 18.962723 14.199574 262.143646
vn 0.646631 5.889107 -1.882556
v 19.510426 13.397434 260.534790
vn 0.122950 5.808907 -2.211938
v 20.954388 13.625540 261.454315
vn 1.929557 0.618174 -2.742710
v 20.406435 14.529531 263.151245
vn -0.344685 5.640604 -2.591522
v 22.245821 14.090314 262.502533
vn 2.179478 0.736414 -2.512635
v 21.624763 15.157615 264.304352
vn -0.737940 5.390815 -3.006389
v 23.343229 14.776821 263.645752
vn 2.374371 0.911698 -2.259747
v 22.556627 16.052340 265.545135
vn -1.015853 5.089476 -3.427620
v 24.211348 15.663003 264.847290
vn -1.148889 4.734179 -3.889476
v 24.822283 16.720383 266.068451
vn 1.897552 2.832846 -0.080730
v 26.052866 16.697697 265.471954
vn 2.325987 2.641501 -0.456841
v 25.156792 17.481628 266.821381
vn 2.521132 1.140892 -1.996681
v 23.155313 17.168848 266.811401
vn 2.567549 2.475539 -0.657727
v 24.282761 18.569622 268.076355
vn 2.735341 1.411381 -1.757741
v 23.390808 18.451170 268.039673
vn 2.720585 2.232041 -0.872875
v 23.468540 19.869122 269.191223
vn 2.849950 1.722602 -1.511303
v 23.251303 19.835018 269.168365
vn 5.473169 0.616320 3.005390
v 22.743793 21.251019 270.140930
vn -2.116199 5.192568 -2.696023
v 25.800364 15.601624 263.926422
vn 1.605627 2.856472 0.128915
v 26.536642 16.419188 264.716003
vn 1.395291 2.907929 0.413086
v 27.032713 16.242001 263.920258
vn -3.118010 5.091316 -1.794512
v 27.247629 15.871138 262.826660
vn 1.102081 2.822651 0.600048
v 27.503666 16.179193 263.144867
vn 1.189556 3.045531 1.271722
v 27.978937 16.230284 262.340637
vn 0.882113 2.847377 1.248087
v 28.443935 16.405848 261.530029
vn -2.785483 5.384634 -1.272445
v 26.151026 14.751719 261.308929
vn -1.805845 5.517994 -2.187311
v 24.804966 14.585514 262.548767
vn -1.295004 5.837574 -1.655110
v 23.546661 13.798355 261.237915
vn -3.597536 5.033773 -0.290907
v 27.316998 15.267481 259.985596
vn 0.627863 2.676090 1.574462
v 28.861906 16.688898 260.777649
vn 0.448204 2.494275 1.841517
v 29.266216 17.105295 260.022827
vn 0.099341 1.760687 2.631520
v 30.174166 18.961800 258.153107
vn -5.023296 2.564299 2.560602
v 29.234953 18.589479 256.149689
vn -4.089371 3.990245 2.361425
v 27.376158 16.282154 255.758621
vn -4.374190 2.980326 3.202450
v 27.759865 17.666704 254.612991
vn -3.265566 4.286736 3.030078
v 25.586708 15.638149 254.306183
vn -3.588820 3.262978 3.839907
v 26.023975 17.041975 253.204010
vn 0.052670 1.410734 2.906970
v 30.359444 19.723604 257.699005
vn -5.056950 1.450345 3.270481
v 29.245472 20.111454 255.120026
vn -4.454973 1.828614 3.895566
v 27.859234 19.244263 253.675903
vn -3.744882 2.084164 4.471931
v 26.227903 18.657164 252.351791
vn -5.440376 1.068868 2.850196
v 30.342073 21.230873 256.637787
vn 0.209345 1.347660 3.232369
v 30.492031 20.583090 257.314453
vn -0.095688 0.748087 2.995481
v 30.559807 21.472584 257.032593
vn -0.006137 0.480581 3.215958
v 30.567101 22.363737 256.851501
vn -5.183607 -0.120352 3.438792
v 29.923210 22.742603 255.680740
vn -4.837401 0.267199 3.875802
v 28.927813 21.726494 254.303055
vn -4.326553 0.586773 4.407984
v 27.669508 20.939335 252.992203
vn -3.725387 0.803113 4.895936
v 26.188732 20.406418 251.790298
vn 0.031769 0.130496 3.276623
v 30.516184 23.311956 256.756897
vn 0.156165 -0.183392 3.402044
v 30.410736 24.245747 256.756226
vn -4.679531 -1.256161 3.899678
v 29.165295 24.243490 254.939392
vn -4.856374 -1.687328 3.525470
v 29.776230 25.300871 256.160583
vn 0.256115 -2.757203 1.976745
v 28.104601 25.661709 254.449203
vn 0.398476 -2.535620 2.248595
v 28.703287 26.778219 255.715469
vn 0.372276 -0.742433 3.450572
v 30.073944 25.998386 256.987091
vn 0.524786 -1.062498 3.427603
v 29.574783 27.735672 257.492310
vn 0.561412 -2.353763 2.589869
v 28.938780 28.060541 256.943726
vn 0.637435 -1.375920 3.293170
v 28.958858 29.378633 258.210602
vn 0.635779 -2.112247 2.916724
v 28.799274 29.444389 258.072449
vn 5.340703 0.386863 3.270328
v 28.291765 30.860390 259.044983
vn -4.390935 -0.936369 4.299610
v 28.297176 23.357309 253.737869
vn 0.059421 -2.935650 1.727492
v 27.172735 24.766985 253.208420
vn -3.996721 -0.684909 4.712575
v 27.199768 22.670801 252.594635
vn -0.191863 -3.056206 1.500136
v 25.954409 24.138901 252.055313
vn -3.529096 -0.516602 5.092140
v 25.908335 22.206028 251.546417
vn -0.488271 -3.109365 1.303055
v 24.510695 23.808945 251.047699
vn -0.693849 6.053930 -1.167158
v 22.065884 13.265438 260.035980
vn -2.185252 5.759875 -0.643858
v 24.764788 13.884527 259.864777
vn -2.790344 5.109839 2.079640
v 24.937025 14.512866 255.605545
vn -0.506613 3.268993 -3.050791
v -0.002960 17.007051 266.020020
vn -0.751767 6.232183 -0.081727
v -1.067559 16.946529 267.617310
vn -0.551660 6.234239 -0.024595
v -1.980000 16.799999 268.816498
vn -0.869828 6.217531 -0.084289
v -1.125193 16.956417 269.106567
vn -0.970063 6.202409 -0.056069
v -1.151427 16.963680 270.043182
vn -0.437523 6.261881 -0.131166
v -0.305798 17.040104 268.961243
vn -0.529969 6.254707 -0.132903
v -0.357432 17.056162 269.898926
vn -0.028204 6.277279 -0.175188
v 0.478906 17.063778 268.823792
vn -0.133702 6.275504 -0.189920
v 0.402710 17.090715 269.763855
vn 0.370525 6.264400 -0.219143
v 1.229643 17.040154 268.687500
vn 0.232457 6.270107 -0.254232
v 1.129725 17.080612 269.630493
vn 0.643818 6.236650 -0.388199
v 2.632106 16.901876 268.391357
vn 0.423768 6.251137 -0.459914
v 2.487268 16.979521 269.339386
vn 0.531652 6.216613 -0.726917
v 3.907375 16.727001 268.019012
vn 0.181276 6.224253 -0.821147
v 3.720998 16.859062 268.966248
vn 0.047783 6.178034 -1.112225
v 4.573157 16.650534 267.754883
vn -0.431379 6.150146 -1.177905
v 4.364831 16.822590 268.697052
vn -0.858520 5.979879 -1.677629
v 5.201304 16.613102 267.439636
vn -1.417637 5.884569 -1.632114
v 4.972115 16.832853 268.372162
vn -2.226487 5.343473 -2.390873
v 5.792858 16.632996 267.063568
vn -2.734962 5.220913 -2.119420
v 5.543890 16.908941 267.980927
vn -3.594477 4.178735 -2.998433
v 6.348858 16.728500 266.617035
vn -3.933227 4.212132 -2.483059
v 6.081200 17.069941 267.512665
vn -4.298275 3.288047 -3.170990
v 6.584049 16.799728 266.394165
vn -4.551969 3.483047 -2.560157
v 6.308461 17.173361 267.277863
vn -4.783927 2.447886 -3.231610
v 6.812558 16.890970 266.154755
vn -4.995759 2.796843 -2.570839
v 6.529254 17.298843 267.024902
vn -5.210469 1.307351 -3.228388
v 7.249894 17.139854 265.622833
vn -5.425125 1.854877 -2.548640
v 6.951802 17.622641 266.460907
vn -5.445759 0.361013 -3.085536
v 7.661586 17.487865 265.014496
vn -5.676796 1.020359 -2.472747
v 7.349567 18.054602 265.813263
vn -3.966811 -1.730815 0.934838
v 7.769512 18.017776 264.879791
vn -4.069713 -1.463435 1.281069
v 7.551068 19.153975 265.754547
vn -5.813668 1.555168 -1.775159
v 7.161304 18.622814 266.675232
vn -5.514015 1.851964 -2.152040
v 7.527956 19.265900 265.897919
vn -5.819013 2.049036 -1.141746
v 7.102231 19.178267 267.590698
vn -5.958676 1.604937 -1.115800
v 7.472362 19.914215 266.773254
vn -5.727633 2.518088 -0.471471
v 7.176042 19.698616 268.542236
vn -5.879359 2.144222 -0.426745
v 7.558187 20.525318 267.686890
vn -5.533592 2.952260 0.191602
v 7.378329 20.163376 269.509857
vn -5.693002 2.619607 0.305132
v 7.780759 21.077398 268.617615
vn -5.244856 3.343269 0.833084
v 7.701414 20.557552 270.476746
vn -5.396451 3.045905 0.981799
v 8.131924 21.554489 269.547485
vn -4.870241 3.685118 1.443476
v 8.138343 20.875776 271.434784
vn -5.020030 3.410459 1.591107
v 8.604299 21.950869 270.467865
vn -4.315882 4.020582 2.119411
v 8.681993 21.110445 272.373810
vn -4.461470 3.766215 2.275048
v 9.190316 22.258434 271.367981
vn -3.236803 4.207906 3.211964
v 10.024604 21.829355 273.342163
vn -3.389517 4.101332 3.236124
v 10.460928 22.817106 272.500031
vn -0.310748 3.110517 3.341504
v -1.980000 16.799999 271.366486
vn -1.095307 6.178041 0.034244
v -1.169686 16.971039 270.983856
vn -0.598332 6.248988 -0.116750
v -0.393113 17.072409 270.844757
vn -0.256439 6.272159 -0.184745
v 0.350444 17.117939 270.716125
vn 0.065312 6.273963 -0.288851
v 1.061712 17.121452 270.589813
vn 0.205800 6.258811 -0.509423
v 2.390290 17.057739 270.311829
vn -0.147818 6.224735 -0.815656
v 3.598431 16.991886 269.946045
vn -0.853407 6.115916 -1.120886
v 4.229321 16.995514 269.676361
vn -1.867687 5.804383 -1.458718
v 4.824743 17.053581 269.346436
vn -3.107598 5.144983 -1.770525
v 5.385744 17.185972 268.944611
vn -4.169813 4.255190 -1.972645
v 5.913368 17.412575 268.459259
vn -4.717909 3.633247 -1.986376
v 6.136687 17.548233 268.214508
vn -5.119503 3.055044 -1.961817
v 6.353753 17.708006 267.950073
vn -5.531098 2.261883 -1.914162
v 6.769490 18.106810 267.358093
vn -0.374472 3.114533 3.012804
v -0.600668 17.059124 271.366486
vn -0.084835 3.135847 2.990009
v 0.648837 17.146513 271.366486
vn 0.046505 3.137164 2.982680
v 1.789589 17.145140 271.366486
vn 0.090624 6.251774 -0.590283
v 2.343271 17.131021 271.304962
vn -1.741661 4.692703 1.171910
v 2.820000 17.133133 271.366486
vn -3.343837 3.132994 0.068987
v 2.820000 17.251087 274.628510
vn -0.953292 6.203735 -0.253365
v 3.633857 17.305754 273.013702
vn -0.654982 6.222012 -0.525282
v 3.555045 17.226273 271.979401
vn -0.491206 6.215914 -0.755482
v 3.542479 17.118128 270.953430
vn -1.194112 6.088120 -0.946640
v 4.169823 17.160931 270.687195
vn -1.390411 1.187221 1.713796
v 2.820000 17.004942 277.960632
vn -3.204683 3.983669 0.346262
v 2.833329 17.170624 276.350250
vn -0.958768 6.205540 0.014061
v 3.774955 17.348839 274.047607
vn -1.584469 6.063618 -0.333094
v 4.282794 17.417749 272.760712
vn -1.437309 6.071973 -0.672592
v 4.188512 17.305693 271.719208
vn -2.392665 5.744324 -0.783049
v 4.788679 17.454956 271.389648
vn -2.192876 5.757898 -1.165949
v 4.762784 17.265873 270.356140
vn -3.337644 5.136137 -1.332430
v 5.322409 17.453638 269.947601
vn 0.180189 2.691541 3.556148
v 3.990540 17.056299 277.832397
vn -0.856978 6.179522 0.698007
v 4.229582 17.313601 276.096497
vn -1.002376 6.192413 0.290769
v 3.974754 17.352760 275.076935
vn -1.634791 6.046107 0.411581
v 4.680490 17.514111 274.837646
vn -1.646474 6.056400 0.034892
v 4.448149 17.488274 273.801788
vn -2.476450 5.763561 0.100373
v 5.090211 17.712954 273.477478
vn -2.480963 5.750819 -0.348865
v 4.899514 17.607288 272.433807
vn -3.430227 5.242032 -0.308955
v 5.485070 17.896652 272.018311
vn -3.438635 5.176872 -0.834091
v 5.356596 17.695543 270.977051
vn -4.284725 4.510467 -0.832019
v 5.893314 18.048939 270.467865
vn -4.283391 4.363009 -1.416721
v 5.849746 17.744915 269.449005
vn -4.775650 3.830509 -1.385661
v 6.073287 17.912399 269.196075
vn 0.157372 3.162128 3.662927
v 5.109861 17.219965 277.600861
vn -1.524193 6.027814 0.865296
v 4.975622 17.490784 275.862335
vn -2.394680 5.774196 0.546730
v 5.356176 17.768406 274.515289
vn -3.332243 5.311244 0.213763
v 5.702196 18.045959 273.059021
vn -4.187841 4.669531 -0.241498
v 6.040516 18.308125 271.499695
vn -4.731234 4.052582 -0.768859
v 6.121358 18.247120 270.207886
vn -5.144244 3.338646 -1.334425
v 6.290789 18.106050 268.921906
vn -0.165647 3.721876 3.703528
v 6.180433 17.556124 277.221649
vn -2.209727 5.776926 1.062799
v 5.692697 17.768616 275.540527
vn -3.160097 5.373046 0.720568
v 6.002871 18.139528 274.093262
vn -4.007757 4.820254 0.333809
v 6.285158 18.510372 272.530945
vn -4.593921 4.274614 -0.154166
v 6.277205 18.535210 271.233215
vn -5.071642 3.631196 -0.697125
v 6.343579 18.473518 269.925110
vn -5.538582 2.665554 -1.262558
v 6.708041 18.579041 268.305389
vn -0.870818 4.459947 3.494963
v 7.204725 18.124958 276.650513
vn -2.860476 5.434440 1.288705
v 6.381866 18.171774 275.113525
vn -3.756817 4.951581 0.884181
v 6.621632 18.651354 273.555023
vn -4.375759 4.479295 0.440822
v 6.534384 18.764088 272.257904
vn -4.907765 3.912273 -0.065908
v 6.508284 18.792562 270.942352
vn -5.447024 3.057105 -0.603593
v 6.770912 19.018431 269.286377
vn -3.376888 5.075680 1.488132
v 7.044191 18.724937 274.563812
vn -1.760155 4.602242 3.347387
v 8.185205 18.986652 275.843079
vn -3.663152 4.822837 1.632591
v 7.329268 19.024324 274.276520
vn -3.876859 4.605190 1.760999
v 7.609378 19.360132 273.960175
vn -4.345107 4.389193 1.122973
v 7.147315 19.241518 272.967834
vn -4.635744 4.035277 1.273847
v 7.652640 19.977459 272.264923
vn -4.987006 3.750334 0.676121
v 7.250055 19.727165 271.277832
vn -2.273432 4.566269 3.268823
v 8.659787 19.546129 275.336914
vn -4.117356 4.314991 1.935572
v 8.155067 20.149582 273.234222
vn -2.641890 4.540989 3.164505
v 9.124341 20.201389 274.755066
vn -2.961813 4.344095 3.223966
v 9.579178 20.959957 274.091980
vn -2.858445 -0.076027 4.038625
v 10.888459 23.930733 271.560028
vn -3.328800 -0.173804 3.580981
v 9.851992 23.506598 270.674500
vn -3.656299 -0.359474 3.172518
v 8.977201 22.902588 269.714020
vn -3.899632 -0.597136 2.766559
v 8.290590 22.138706 268.709167
vn -4.069077 -0.886029 2.337313
v 7.816497 21.242205 267.695740
vn -4.146769 -1.191982 1.918437
v 7.568039 20.239342 266.703003
vn -3.887189 -2.225148 0.787184
v 7.998074 17.360050 264.424469
vn -4.993031 -0.540885 -3.738465
v 8.366620 16.576334 263.930023
vn -4.706366 0.842382 -4.033066
v 7.954119 16.392553 264.417297
vn -3.946975 3.051266 -3.782389
v 7.477465 16.261797 264.888611
vn -3.399581 3.876682 -3.585262
v 7.228782 16.224476 265.101715
vn -2.553307 4.691299 -3.292909
v 6.973073 16.203886 265.300781
vn -0.763603 5.856770 -1.945583
v 6.369496 16.211216 265.702057
vn 0.194581 6.134943 -1.269611
v 5.728622 16.279280 266.043304
vn 0.879733 6.177238 -0.632925
v 5.049417 16.391068 266.332611
vn 1.088391 6.175120 -0.329421
v 4.330844 16.529568 266.578094
vn 0.952077 6.207548 -0.139910
v 2.957794 16.788042 266.930511
vn 0.537717 6.255538 -0.102884
v 1.452143 16.982353 267.215973
vn 0.130906 6.277698 -0.121956
v 0.647793 17.025877 267.347687
vn -0.312645 6.270595 -0.092998
v -0.191868 17.017879 267.479584
vn -3.946714 -0.601630 -4.791995
v 8.803572 15.709986 263.499237
vn -4.526429 -1.197057 -4.154824
v 9.054186 16.306799 263.177551
vn -4.081848 -2.059198 -4.300784
v 9.819031 15.939792 262.544037
vn -2.558092 2.123517 -4.776092
v 7.669063 15.762820 264.237030
vn -0.681635 3.293293 -3.630100
v 6.409396 16.005165 264.796143
vn 0.017349 3.401357 -3.168265
v 5.018466 16.343891 265.215240
vn 0.084086 3.397713 -3.063796
v 3.490167 16.685867 265.533142
vn -0.090957 3.361370 -3.039012
v 1.818394 16.937965 265.788483
vn -4.087053 4.657070 1.007727
v 6.887064 18.929253 273.275177
vn -4.662450 4.167616 0.543466
v 6.778214 19.050121 271.958954
vn -5.260406 3.422132 0.047484
v 6.953978 19.405815 270.282440
vn -2.208875 -0.037982 4.467932
v 12.319891 24.084669 272.409058
vn -2.415086 4.186593 3.999703
v 11.003051 22.620234 273.114685
vn -1.929375 4.242019 4.197152
v 10.402006 21.338551 274.114502
vn -1.309589 4.239252 4.427605
v 9.782171 20.240267 274.960754
vn -0.598907 4.011669 4.779391
v 9.142673 19.310307 275.666138
vn 0.153610 3.624587 5.104425
v 8.482640 18.533590 276.243439
vn 0.858858 2.804276 5.541600
v 7.760914 17.861855 276.728882
vn 1.263043 1.788240 5.880498
v 7.014185 17.326950 277.100159
vn 1.298991 1.030125 6.043570
v 6.241420 16.911015 277.372406
vn 0.947288 0.828801 6.142539
v 6.760691 16.386379 277.356384
vn 0.779508 0.157618 6.224520
v 5.919881 15.958508 277.504883
vn 0.520008 0.122725 6.255351
v 6.410240 15.281410 277.466949
vn 0.291092 -0.273371 6.267849
v 5.499267 14.834345 277.515961
vn 0.104284 -0.184728 6.277998
v 5.951087 14.016794 277.470001
vn -0.093110 -0.388703 6.269650
v 4.952371 13.544611 277.444519
vn -0.241194 -0.217643 6.274185
v 5.458473 12.360718 277.398621
vn -0.378224 -0.291092 6.264281
v 4.347579 11.849170 277.318420
vn -0.469598 -0.066226 6.264430
v 4.785987 10.523267 277.308899
vn -0.535782 -0.064548 6.258557
v 3.550001 9.995697 277.200287
vn -0.565194 0.204623 6.252552
v 3.910722 8.558170 277.248596
vn -3.464318 -0.008274 3.124214
v 2.820000 9.735008 277.133881
vn 1.106979 0.114834 6.176823
v 5.441586 16.596184 277.560638
vn 0.520237 -0.348754 6.247675
v 5.054898 15.618325 277.585266
vn 0.069670 -0.545943 6.257814
v 4.551630 14.460891 277.513916
vn -0.230994 -0.525040 6.256238
v 3.911437 13.141949 277.382782
vn -3.359972 -0.236172 3.124543
v 2.820000 12.174212 277.242310
vn -0.323752 -0.283085 6.265251
v 3.187472 11.411449 277.216431
vn 0.783675 -0.510314 6.209436
v 4.621086 16.366327 277.679169
vn 0.261321 -0.697946 6.236947
v 4.157276 15.347139 277.613586
vn -0.056716 -0.703281 6.242967
v 3.565974 14.149448 277.474915
vn 0.488891 -0.875254 6.200369
v 3.771970 16.200857 277.744629
vn 0.964570 -1.095540 6.068836
v 2.893233 16.082375 277.771759
vn -3.224092 -0.427979 3.110788
v 2.820000 14.585817 277.519257
vn 0.106947 -0.927911 6.212593
v 3.225833 15.130455 277.604248
vn -0.629667 0.466744 6.232547
v 4.263898 7.105406 277.359680
vn -0.299699 0.429502 6.243553
v 2.820000 6.238452 277.295013
vn -0.621543 0.754974 6.204274
v 4.604110 5.645154 277.533081
vn -0.579219 0.934329 6.183437
v 3.075163 5.019585 277.467651
vn -0.514788 1.206781 6.139409
v 3.326614 3.509362 277.744110
vn -0.379321 1.403740 6.105127
v 1.643732 2.998517 277.723969
vn -0.284924 1.755557 6.017134
v 1.808250 1.475166 278.126587
vn -0.085403 1.985916 5.951456
v -0.038768 1.141238 278.174500
vn 0.077610 2.356612 5.813684
v 0.041465 -0.355101 278.725342
vn 3.156723 1.111551 2.936922
v -1.980000 0.816899 278.330170
vn -0.009307 2.344802 5.799504
v -1.980000 -0.849494 279.057037
vn -0.276278 0.467968 6.235662
v 1.773323 5.441266 277.295013
vn -0.468429 1.113560 6.162229
v 1.469906 4.538682 277.407074
vn -0.192529 1.580287 6.069695
v -0.124195 2.665615 277.720490
vn 3.049179 0.854930 3.019905
v -1.980000 2.537108 277.741547
vn -0.209350 0.574498 6.222954
v 0.594966 4.847161 277.295013
vn -0.268252 1.295147 6.137019
v -0.214276 4.211851 277.363586
vn -0.092870 0.733855 6.194487
v -0.668844 4.467363 277.295013
vn 2.840452 0.415706 3.085025
v -1.980000 4.300000 277.295013
vn -0.212702 2.755606 5.624346
v -1.980000 -0.918759 279.090820
vn -0.169004 2.748977 5.624774
v -1.980000 -0.987908 279.124847
vn 0.247702 2.682298 5.663822
v 0.101448 -1.527782 279.235504
vn -0.012147 3.067119 5.457692
v -1.980000 -1.056940 279.159119
vn 2.206970 -3.885580 1.342118
v -1.980000 -2.700000 280.066498
vn 0.410477 -1.809962 2.814872
v 0.232190 -2.668910 279.798431
vn -0.055816 2.380019 5.804924
v 2.077275 -1.204020 279.066925
vn -0.167441 2.086247 5.914672
v 1.962379 -0.024986 278.614807
vn -0.363081 1.826051 5.994130
v 3.786010 0.530816 278.520020
vn -0.449628 1.523972 6.072506
v 3.564104 2.010910 278.094849
vn -0.524448 1.301388 6.120207
v 5.231847 2.731825 278.067780
vn -0.569582 1.019235 6.170274
v 4.927286 4.185125 277.768982
vn -0.541021 0.847315 6.200175
v 6.448582 5.012786 277.786743
vn -0.559140 0.609414 6.226914
v 6.059364 6.405991 277.591187
vn -0.447070 0.500060 6.246497
v 7.443542 7.292691 277.629669
vn -0.443744 0.312289 6.259133
v 6.968197 8.595935 277.513062
vn -0.269512 0.283180 6.270683
v 8.224330 9.504700 277.546967
vn -0.243518 0.154604 6.276175
v 7.666711 10.689235 277.484406
vn -0.033057 0.232068 6.278013
v 8.804235 11.593520 277.487244
vn 0.025237 0.176317 6.279459
v 8.173730 12.632840 277.454224
vn 0.232735 0.395926 6.263909
v 9.211740 13.524810 277.397644
vn 0.329824 0.445303 6.255019
v 8.521826 14.396365 277.371887
vn 0.465509 0.842778 6.202752
v 9.461074 15.262993 277.226929
vn 0.586029 1.044373 6.159281
v 8.724585 15.951488 277.186462
vn 0.544877 1.614511 6.035573
v 9.576452 16.798702 276.923615
vn 0.586376 1.968013 5.922690
v 8.957905 17.201582 276.862701
vn 0.264495 2.596642 5.698179
v 9.741734 18.070707 276.460663
vn 0.179067 3.076577 5.452908
v 9.103111 18.328812 276.356873
vn -0.385042 3.547482 5.150289
v 9.788823 19.191164 275.824371
vn 0.712512 -1.872060 3.031839
v 2.325725 -2.327650 279.557648
vn -0.278269 2.093755 5.910852
v 3.950926 -0.635472 278.913788
vn -0.459273 1.573233 6.061071
v 5.515629 1.292041 278.429779
vn -0.506255 1.093475 6.163922
v 6.814529 3.621267 278.033783
vn -0.429422 0.698154 6.228443
v 7.893335 5.979320 277.785461
vn -0.265794 0.424785 6.262806
v 8.759261 8.295853 277.636322
vn -0.045828 0.303665 6.275127
v 9.419650 10.514757 277.535583
vn 0.196827 0.377027 6.266979
v 9.897581 12.600472 277.429871
vn 0.412925 0.695396 6.226478
v 10.202105 14.511132 277.265503
vn 0.511843 1.307355 6.114828
v 10.359148 16.230728 276.990540
vn 0.359494 2.179995 5.866954
v 10.393167 17.761215 276.552856
vn -0.149110 3.093834 5.449055
v 10.454562 19.015408 275.966492
vn -0.962508 3.834695 4.863922
v 10.451288 20.195179 275.166107
vn 0.995747 -1.873174 3.272817
v 4.304625 -1.705193 279.332184
vn -0.392100 1.813517 5.998735
v 5.725843 0.154700 278.765106
vn -0.452156 1.333455 6.120575
v 7.154505 2.238422 278.332855
vn -0.394798 0.906290 6.203535
v 8.315204 4.662590 277.981293
vn -0.239110 0.579691 6.251348
v 9.264380 7.071702 277.753204
vn -0.025407 0.393721 6.270371
v 10.009136 9.406074 277.598907
vn 0.210094 0.383864 6.266606
v 10.566429 11.630588 277.465454
vn 0.419410 0.594682 6.237461
v 10.938607 13.700243 277.298828
vn 0.535861 1.064779 6.161953
v 11.146843 15.593307 277.044159
vn 0.449785 1.797066 5.991122
v 11.217842 17.304790 276.648834
vn 0.084244 2.671906 5.669287
v 11.134127 18.784891 276.090424
vn -0.604867 3.454647 5.195984
v 11.141432 20.090195 275.348877
vn -1.482172 3.976927 4.615758
v 11.091530 21.353428 274.369537
vn 1.300455 -1.798815 3.576575
v 6.172914 -0.830512 279.110199
vn -0.392380 1.544901 6.075213
v 7.405469 1.143332 278.609924
vn -0.340362 1.111865 6.173167
v 8.705906 3.349695 278.217987
vn -0.193362 0.746571 6.235054
v 9.736921 5.839151 277.898743
vn 0.021230 0.500728 6.262799
v 10.564551 8.276913 277.678131
vn 0.259778 0.415927 6.263003
v 11.206079 10.625123 277.504089
vn 0.475093 0.530710 6.239954
v 11.656213 12.837701 277.323578
vn 0.608846 0.881756 6.185331
v 11.929554 14.890614 277.080872
vn 0.580186 1.477378 6.069319
v 12.047972 16.772839 276.720093
vn 0.308467 2.259258 5.839076
v 11.994787 18.422285 276.216522
vn -0.248448 3.073284 5.456498
v 11.846417 19.927074 275.506805
vn -1.038690 3.691561 4.960856
v 11.803519 21.305122 274.595490
vn -1.898184 3.995300 4.449700
v 11.710571 22.678474 273.422150
vn 1.599895 -1.670577 3.867305
v 7.934613 0.267417 278.879730
vn -0.277019 1.292340 6.141412
v 8.993249 2.307263 278.437195
vn -0.126072 0.914179 6.214404
v 10.173102 4.605594 278.073944
vn 0.090627 0.621846 6.251312
v 11.082734 7.134306 277.774567
vn 0.339156 0.469365 6.255608
v 11.807361 9.593959 277.546875
vn 0.568310 0.499310 6.235233
v 12.341350 11.933921 277.339417
vn 0.725681 0.744860 6.191706
v 12.691465 14.130161 277.097015
vn 0.743205 1.221531 6.109760
v 12.872662 16.169367 276.762756
vn 0.558045 1.894459 5.951582
v 12.861336 17.978407 276.307159
vn 0.106703 2.673774 5.666364
v 12.739676 19.643814 275.665955
vn -0.585415 3.379779 5.245778
v 12.531363 21.195309 274.790009
vn -1.423251 3.830543 4.758307
v 12.441996 22.670248 273.694092
vn 1.875336 -1.541072 4.096838
v 9.593743 1.559623 278.628906
vn -0.046741 1.059935 6.192456
v 10.492624 3.623331 278.236023
vn 0.184180 0.746916 6.235568
v 11.559362 5.985852 277.889465
vn 0.445748 0.539256 6.243370
v 12.366715 8.544263 277.595337
vn 0.693662 0.494065 6.223247
v 12.983823 10.999221 277.347656
vn 0.877865 0.646925 6.183638
v 13.417637 13.322813 277.092346
vn 0.939864 1.016075 6.121435
v 13.674649 15.502031 276.772919
vn 0.823413 1.586330 6.011992
v 13.722014 17.457106 276.358124
vn 0.479864 2.297753 5.811864
v 13.639254 19.273535 275.778839
vn -0.115149 3.026690 5.484447
v 13.454020 20.973782 274.985382
vn -0.881401 3.569815 5.079494
v 13.190290 22.597137 273.927979
vn -1.671695 -0.201732 4.778666
v 13.856708 23.950497 273.061279
vn 2.155600 -1.408264 4.292189
v 11.154328 3.017130 278.345795
vn 0.293247 0.852654 6.217716
v 11.907040 5.068372 277.995422
vn 0.580072 0.615908 6.225263
v 12.879274 7.483835 277.650970
vn 0.850586 0.507617 6.202778
v 13.579673 10.040900 277.350067
vn 1.062517 0.579220 6.161722
v 14.096848 12.479322 277.068298
vn 1.165949 0.852687 6.108229
v 14.437627 14.782143 276.750275
vn 1.110129 1.325276 6.030274
v 14.558191 16.866171 276.365295
vn 0.855685 1.961036 5.892519
v 14.532531 18.819931 275.841034
vn 0.374659 2.670250 5.655993
v 14.383427 20.659489 275.123718
vn -0.339046 3.303678 5.313866
v 14.139332 22.416594 274.163055
vn 2.453195 -1.275984 4.446609
v 12.620388 4.610966 278.018494
vn 0.732812 0.675072 6.202619
v 13.251455 6.633445 277.701508
vn 1.038722 0.530418 6.172182
v 14.123487 9.066963 277.348358
vn 1.281700 0.532070 6.124244
v 14.724742 11.607123 277.026917
vn 1.421747 0.721498 6.071262
v 15.149348 14.020890 276.696533
vn 1.417999 1.104180 6.011010
v 15.352268 16.217337 276.328400
vn 1.241399 1.659966 5.917380
v 15.399508 18.290924 275.848114
vn 0.860643 2.329532 5.752987
v 15.306103 20.255970 275.200317
vn 0.268404 2.967889 5.513549
v 15.095557 22.137535 274.330322
vn -1.188756 -0.397222 4.959069
v 15.336246 23.576601 273.477234
vn 2.732676 -1.154369 4.604391
v 13.995946 6.312156 277.635101
vn 1.248078 0.536310 6.132071
v 14.516432 8.282435 277.345032
vn 1.533476 0.496236 6.069193
v 15.295358 10.714425 276.970062
vn 1.711893 0.611286 6.008138
v 15.805055 13.225842 276.613922
vn 1.750102 0.913680 5.955652
v 16.091026 15.522203 276.249268
vn 1.638811 1.390564 5.890700
v 16.221294 17.698668 275.799835
vn 1.348074 2.006447 5.781676
v 16.200680 19.771275 275.210510
vn 0.863972 2.648441 5.612454
v 16.044621 21.763348 274.424805
vn -0.747339 -0.609520 5.046092
v 16.617626 23.064642 273.674561
vn 3.124146 -0.945479 4.635614
v 15.285024 8.091726 277.183716
vn 1.807730 0.443540 5.996285
v 15.705503 9.991557 276.914673
vn 2.032332 0.513599 5.916852
v 16.398243 12.405408 276.504578
vn 2.112374 0.742417 5.861124
v 16.769335 14.788464 276.130371
vn 2.052428 1.145516 5.813728
v 16.983704 17.055180 275.698242
vn 1.838381 1.700668 5.744786
v 17.046976 19.217987 275.154053
vn 1.430157 2.335391 5.635179
v 16.963785 21.302216 274.441559
vn 3.417940 -0.853567 4.657280
v 16.491644 9.920705 276.652405
vn 2.375729 0.399063 5.794971
v 16.822208 11.737022 276.399200
vn 2.498009 0.583837 5.726139
v 17.380171 14.024725 275.974091
vn 2.488047 0.914617 5.682837
v 17.681223 16.368277 275.545990
vn 2.334955 1.408008 5.642920
v 17.829834 18.608530 275.033142
vn 2.022365 1.991327 5.585878
v 17.831579 20.767141 274.380402
vn -0.370597 -0.789110 5.052410
v 17.811316 22.418711 273.712006
vn 3.750668 -0.631859 4.634587
v 17.619825 11.770117 276.029266
vn 2.904258 0.408504 5.544638
v 17.814247 13.398548 275.823608
vn 2.934570 0.694596 5.498648
v 18.306318 15.646758 275.345673
vn 2.841234 1.120627 5.472189
v 18.543364 17.950851 274.850739
vn 2.601334 1.669603 5.448948
v 18.631874 20.170965 274.243683
vn 0.190296 -1.126555 4.961903
v 19.148355 21.460920 273.551056
vn -0.081142 -0.933591 5.017260
v 18.469839 21.982264 273.663300
vn 4.058822 -0.417853 4.536788
v 18.673594 13.610988 275.302399
vn 3.389724 0.462191 5.253393
v 18.747793 15.051209 275.152405
vn 3.340534 0.840014 5.236691
v 19.179518 17.253941 274.609558
vn 3.179068 1.362551 5.220912
v 19.358404 19.521759 274.034576
vn 4.357118 -0.187005 4.370066
v 19.656969 15.414346 274.459930
vn 3.827048 0.553513 4.930725
v 19.625832 16.674931 274.376068
vn 3.716436 0.996006 4.944833
v 20.002605 18.828703 273.756042
vn 0.641767 -1.395980 4.767732
v 20.438185 20.199205 273.103302
vn 4.631071 0.037183 4.153163
v 20.573973 17.151215 273.489868
vn 4.214406 0.665457 4.586406
v 20.451349 18.249632 273.485077
vn 0.967871 -1.617549 4.552891
v 20.976915 19.509069 272.774994
vn 1.207535 -1.923096 4.332450
v 21.428629 18.792624 272.380402
vn 0.661375 2.402375 5.746078
v 8.351094 17.556644 276.797180
vn 0.728361 1.290391 6.093845
v 8.142306 16.454933 277.154724
vn 0.495902 0.532362 6.235293
v 7.835996 15.210635 277.355621
vn 0.140240 0.136378 6.278214
v 7.539609 13.625625 277.439362
vn -0.177403 0.034451 6.280016
v 7.095888 11.840377 277.449066
vn -0.413668 0.133705 6.267660
v 6.473405 9.880474 277.435120
vn -0.556876 0.379578 6.245709
v 5.648853 7.794243 277.446442
vn 0.926190 1.612337 5.983381
v 7.570692 16.914129 277.125397
vn 0.689919 0.653277 6.202506
v 7.293549 15.818847 277.351318
vn 0.317052 0.118275 6.270869
v 6.909115 14.567204 277.445374
vn -0.062055 -0.080579 6.281430
v 6.521901 12.951175 277.443451
vn -0.348413 -0.041254 6.272902
v 5.967295 11.137673 277.396210
vn -0.529232 0.156185 6.257944
v 5.222136 9.169399 277.352203
vn -2.805474 -3.205599 -0.080628
v 16.635113 26.239008 249.845169
vn -3.316047 -2.712160 0.142171
v 15.450192 27.489761 250.335907
vn -3.665803 -2.179058 0.429310
v 14.558650 28.856989 251.074188
vn -3.883806 -1.624247 0.798702
v 14.005191 30.272137 252.023010
vn -3.958200 -1.077813 1.232168
v 13.817569 31.664242 253.134796
vn -3.885081 -0.567263 1.707794
v 14.005191 32.963497 254.353790
vn -3.697388 -0.158845 2.202052
v 14.558650 34.104755 255.618881
vn -3.347131 0.203887 2.751550
v 15.450192 35.030785 256.866608
vn -2.849166 0.498541 3.177696
v 16.635113 35.695152 258.034424
vn -2.245404 -3.617465 -0.157364
v 18.053995 25.167450 249.626617
vn -1.624130 -3.936945 -0.123431
v 19.635689 24.328821 249.691193
vn -0.972785 -4.148002 0.019472
v 21.300884 23.765171 250.035660
vn -0.324007 -4.239977 0.264090
v 22.966078 23.504763 250.642731
vn 0.289629 -4.208332 0.598228
v 24.547771 23.560658 251.481979
vn 0.837354 -4.054633 1.005155
v 25.966654 23.930050 252.511337
vn 1.291734 -3.786580 1.464384
v 27.151575 24.594419 253.679153
vn 1.629935 -3.417626 1.952944
v 28.043118 25.520449 254.926895
vn 1.835042 -2.966252 2.446306
v 28.596577 26.661705 256.191986
vn 1.896765 -2.455119 2.919731
v 28.784199 27.960962 257.410980
vn 1.811963 -1.909871 3.349525
v 28.596577 29.353065 258.522766
vn 1.564884 -1.415647 3.765916
v 28.043118 30.768213 259.471588
vn 1.248959 -0.885902 3.996705
v 27.151575 32.135445 260.209869
vn 0.786227 -0.398149 4.188899
v 25.966654 33.386196 260.700592
vn 0.232135 0.019710 4.274811
v 24.547771 34.457752 260.919159
vn -0.385550 0.346697 4.250192
v 22.966078 35.296383 260.854584
vn -1.035802 0.566367 4.116326
v 21.300884 35.860035 260.510101
vn -1.686062 0.667663 3.879818
v 19.635689 36.120441 259.903046
vn -2.303800 0.645525 3.552683
v 18.053995 36.064545 259.063782
vn 4.693989 -2.930933 -2.567155
v 32.123741 20.399258 251.117844
vn 4.180120 -3.243153 -3.048184
v 30.770321 19.649223 249.791565
vn 3.577118 -3.459554 -3.538527
v 29.246365 19.100735 248.554626
vn 2.955354 -3.555436 -3.980657
v 27.580378 18.764051 247.430145
vn -2.031191 0.359487 4.142518
v 22.618567 25.860018 252.508682
vn -1.211693 0.251932 4.459106
v 21.300884 26.032957 251.999619
vn -0.392208 -0.046054 4.610796
v 19.983200 26.512102 251.755722
vn 0.360905 -0.510343 4.585268
v 18.772268 27.258633 251.796768
vn 0.986621 -1.103319 4.384597
v 17.766188 28.212070 252.119431
vn 1.434230 -1.776921 4.025037
v 17.046469 29.295176 252.697571
vn 1.667480 -2.476599 3.535723
v 16.671417 30.420198 253.484344
vn 1.667474 -3.145656 2.956298
v 16.671417 31.495996 254.416016
vn 1.434225 -3.729902 2.333707
v 17.046469 32.435417 255.417099
vn 0.986624 -4.182008 1.718362
v 17.766188 33.162354 256.406494
vn 0.360889 -4.465322 1.160154
v 18.772268 33.617912 257.304077
vn -0.392195 -4.556925 0.704270
v 19.983200 33.765186 258.037079
vn -1.211692 -4.449372 0.387655
v 21.300884 33.592247 258.546143
vn -2.031198 -4.151379 0.235981
v 22.618567 33.113102 258.790039
vn -2.784300 -3.687094 0.261515
v 23.829500 32.366570 258.748993
vn -3.410007 -3.094124 0.462184
v 24.835579 31.413132 258.426331
vn -3.857609 -2.420520 0.821754
v 25.555298 30.330029 257.848206
vn -4.090865 -1.720841 1.311057
v 25.930349 29.205006 257.061432
vn -4.090866 -1.051782 1.890480
v 25.930349 28.129206 256.129761
vn -3.857626 -0.467522 2.513081
v 25.555298 27.189787 255.128662
vn -3.409996 -0.015430 3.128419
v 24.835579 26.462851 254.139267
vn -2.784310 0.267888 3.686622
v 23.829500 26.007292 253.241699
vn 3.999630 -2.480740 2.216985
v 27.907108 11.050219 263.442444
vn 2.863751 -5.517097 0.624477
v 27.675247 10.505725 261.374207
vn 4.123167 -2.450090 2.053082
v 28.490908 11.149251 262.447723
vn 4.265973 -2.401191 1.802873
v 29.067678 11.353667 261.444763
vn 3.394817 -5.245245 -0.131530
v 29.003593 11.204502 259.712555
vn 4.419593 -2.311928 1.646648
v 29.607533 11.649506 260.486206
vn 4.512227 -2.239717 1.385810
v 30.109367 12.028837 259.575378
vn 3.869646 -4.830917 -0.874957
v 30.137070 12.190858 258.052399
vn 4.668953 -2.102088 1.249308
v 30.609533 12.521113 258.645935
vn 4.719473 -2.004169 0.979728
v 31.079224 13.111145 257.748901
vn 4.258287 -4.293168 -1.588842
v 31.048391 13.441052 256.433655
vn 4.881294 -1.814254 0.869470
v 31.494543 13.758750 256.931885
vn 4.897295 -1.696168 0.624081
v 31.871996 14.484262 256.163361
vn 4.556602 -3.641072 -2.248870
v 31.715626 14.924994 254.895279
vn 5.036606 -1.465301 0.514032
v 32.223732 15.316980 255.417542
vn 5.046902 -1.313626 0.316479
v 32.526493 16.215410 254.741135
vn 4.751609 -2.895215 -2.845104
v 32.122711 16.606966 253.474335
vn 5.139115 -1.065700 0.207608
v 32.769787 17.126677 254.161697
vn 5.140657 -0.886179 0.053515
v 32.972282 18.116619 253.635574
vn 4.842299 -2.072522 -3.357315
v 32.259850 18.446486 252.205002
vn 5.179846 -0.619903 -0.060254
v 33.129696 19.183844 253.170151
vn 5.171813 -0.417749 -0.169246
v 33.232098 20.273340 252.792480
vn 2.440697 -5.736867 0.170847
v 26.216629 9.697375 259.944855
vn 2.959752 -5.454477 -0.559315
v 27.467981 10.353482 258.207764
vn 2.352757 -5.672928 -1.052004
v 25.738871 9.731194 256.804291
vn 2.796443 -5.265747 -1.803971
v 26.772530 10.672503 255.055191
vn 2.280608 -5.402795 -2.164737
v 24.824480 10.278910 253.740295
vn 2.666194 -4.866144 -2.881101
v 25.682844 11.510043 252.078568
vn -0.641312 -3.933440 -3.371466
v 24.618002 10.785786 252.504593
vn -0.636759 -3.800179 -3.609392
v 25.049860 11.439334 251.700974
vn 1.865035 -5.944040 -0.296405
v 24.574217 9.106289 258.611725
vn 1.314744 -6.074570 -0.632798
v 22.778738 8.743523 257.399841
vn -1.487378 -4.455436 -2.236692
v 20.654697 8.440152 257.555878
vn -1.365549 -4.425439 -2.401963
v 21.448692 8.614830 256.731781
vn -1.175026 -4.359336 -2.613425
v 22.208569 8.885142 255.877457
vn 1.828726 -5.808864 -1.402686
v 23.848614 9.349277 255.528397
vn -1.087312 -4.293803 -2.823160
v 22.895727 9.233989 255.038467
vn -0.890581 -4.184138 -2.999494
v 23.510447 9.653941 254.219284
vn -0.840619 -4.084929 -3.222620
v 24.096806 10.177228 253.359802
vn -0.463500 -3.625455 -3.727113
v 25.410778 12.158879 250.919067
vn 2.967552 -4.212947 -3.538663
v 26.403048 13.013047 250.583191
vn 3.173601 -4.733824 -2.512811
v 27.650312 11.907561 253.406555
vn 3.475489 -4.089621 -3.162038
v 28.351091 13.406641 251.898087
vn 3.810667 -4.504545 -1.995729
v 29.450052 12.555270 254.867355
vn 4.104984 -3.863073 -2.651089
v 30.133064 14.047956 253.344467
vn -0.472994 -3.448171 -3.957941
v 25.711016 12.973048 250.131439
vn -0.355910 -3.258064 -4.068838
v 25.927588 13.840446 249.385071
vn 3.185514 -3.458845 -4.116258
v 26.967754 14.751744 249.290192
vn -0.367805 -3.047609 -4.262164
v 26.058001 14.711075 248.714005
vn -0.300340 -2.844363 -4.362793
v 26.113195 15.647984 248.068314
vn 3.308609 -2.624486 -4.602166
v 27.363375 16.684286 248.230652
vn -0.308903 -2.595291 -4.515295
v 26.087513 16.649296 247.454269
vn -0.290380 -2.383682 -4.602698
v 25.979721 17.663136 246.905975
vn 3.826950 -2.526294 -4.222721
v 29.158838 17.047054 249.442551
vn 4.397000 -2.321142 -3.760022
v 30.801241 17.638140 250.775650
vn 4.302017 -3.129615 -3.243831
v 30.587103 15.755949 251.969528
vn 3.425946 -5.039189 -1.293026
v 28.554506 11.313818 256.501556
vn 3.695012 -3.348073 -3.736516
v 28.858002 15.133661 250.566055
vn 2.555311 -1.184121 3.798663
v -1.649806 -2.417813 328.266479
vn 3.392877 3.122684 -0.116660
v -1.649806 -1.297770 325.146790
vn 3.490482 -4.750243 -1.890489
v -1.387377 -1.904453 327.192902
vn 2.516487 0.959562 -1.915272
v -1.414846 -1.246679 325.640289
vn 4.920638 -3.329951 -1.836924
v -0.977992 -1.463169 327.187286
vn 2.818674 0.925094 -2.740862
v -1.134770 -1.055946 326.079315
vn 5.741116 -1.686266 -1.709318
v -0.714896 -0.934573 327.235138
vn 3.168146 0.847335 -3.239607
v -0.889900 -0.730699 326.453156
vn 3.422920 0.656374 -3.601562
v -0.758611 -0.272137 326.723236
vn 2.990138 -0.244668 2.225072
v -0.386841 -0.596736 328.266479
vn 2.764232 -0.889171 1.990687
v -0.473713 -1.178772 328.266479
vn 2.358462 -1.645108 1.923267
v -0.729969 -1.707720 328.266479
vn 1.770972 -2.270515 1.932686
v -1.134801 -2.133846 328.266479
vn 6.199692 -0.450046 -0.733984
v -1.553859 0.277920 323.266510
vn 6.140260 -0.720370 -0.529823
v -1.649806 -0.327024 323.266541
vn 6.148896 -1.236052 -0.024279
v -1.620293 -0.144356 317.760864
vn 6.241156 -0.512160 -0.000392
v -1.649806 -0.326773 322.926544
vn 6.234564 -0.550571 -0.001793
v -1.649806 -0.325020 322.381531
vn 6.224488 -0.604433 -0.003971
v -1.649806 -0.320260 321.651672
vn 6.211405 -0.667685 -0.006956
v -1.649806 -0.311071 320.762604
vn 6.190704 -0.756552 -0.012183
v -1.649806 -0.282616 318.974579
vn 3.443390 -1.852825 -2.991825
v -1.649806 -0.241269 317.079773
vn 3.385860 -2.507385 -2.185925
v -1.601298 -0.023348 316.929291
vn 3.371115 -2.623375 -1.677590
v -1.581676 0.149015 316.722961
vn 6.204954 0.065538 -0.015028
v -1.561225 0.243830 319.993988
vn 3.326479 -2.890298 -1.164484
v -1.583007 0.231912 316.558289
vn 3.325007 -2.997943 -0.600541
v -1.584472 0.282829 316.381134
vn 3.234505 -3.099686 -0.178279
v -1.586019 0.300000 316.197571
vn 3.141511 -3.151745 -0.016091
v -1.980000 0.300000 281.266479
vn 6.282718 0.026377 -0.067065
v -1.766873 3.153736 302.270569
vn 6.206050 0.004345 -0.717609
v -1.553980 4.300000 323.266602
vn 6.283023 0.000006 -0.031866
v -1.980000 4.300000 281.266479
vn 3.397542 2.652111 1.636788
v -1.649806 -1.060675 324.389465
vn 3.616225 1.418437 -2.703658
v -1.649806 -1.149184 317.073944
vn 3.438057 2.023553 2.357669
v -1.649806 -0.809429 324.078339
vn 3.614975 0.020013 -3.053292
v -1.649806 -0.695935 317.187134
vn 3.396266 2.972935 0.935733
v -1.649806 -1.226917 324.753204
vn 1.570796 -1.570796 1.570797
v -1.649806 -2.700000 328.266479
vn 3.141491 -3.130243 -0.017827
v -1.649806 -2.700000 310.359253
vn -3.599704 1.464961 -2.401052
v -3.895611 -1.153229 317.071808
vn -2.453707 1.325405 -2.436831
v -3.893281 -1.147445 317.098022
vn -3.599215 0.049552 -2.774158
v -3.885376 -0.705080 317.187042
vn -2.674675 0.032036 -2.783467
v -3.884588 -0.700551 317.195892
vn -0.222323 -2.458709 -5.684237
v -3.894358 -0.253541 317.085907
vn -0.258562 -6.226796 0.431696
v -3.974663 0.300000 316.181824
vn -0.508081 -6.236020 -0.390012
v -3.972663 0.300000 316.197571
vn -1.002227 -5.988260 0.002482
v -9.747785 1.271005 316.224792
vn -0.492013 -5.984292 -1.719179
v -3.954430 0.261000 316.471802
vn -0.862569 -5.187621 -3.035438
v -9.768482 1.140611 316.717712
vn -0.441480 -5.278178 -3.314166
v -3.940970 0.148059 316.722382
vn -0.360923 -4.185551 -4.621511
v -3.926245 -0.026682 316.931427
vn -0.504712 -2.991094 -5.258787
v -9.827443 0.784574 317.078735
vn -0.008464 -0.000563 -6.070260
v -9.908869 0.298294 317.210938
vn 0.500181 2.991521 -5.258896
v -9.990942 -0.187933 317.078918
vn 0.879418 5.182610 -3.038441
v -10.051671 -0.543828 316.718048
vn 1.025067 5.985048 -0.001486
v -10.074783 -0.674019 316.224976
vn -3.155131 3.075404 0.007834
v -15.868336 0.300000 316.239594
vn -3.222046 2.632714 1.597692
v -15.869560 0.433975 315.746521
vn 0.893771 5.181048 3.036876
v -10.054086 -0.543626 315.731903
vn -3.410301 1.454928 2.708279
v -15.870457 0.800000 315.385559
vn 0.525396 2.990109 5.257030
v -9.995126 -0.187590 315.370850
vn -0.263332 -0.239434 6.182569
v -15.870785 1.300000 315.253418
vn 0.016130 0.001541 6.071374
v -9.913699 0.298695 315.238647
vn 2.533660 -1.595389 2.851597
v -15.973121 1.690241 315.324860
vn -0.500411 -2.992940 5.260176
v -9.831596 0.785096 315.370758
vn 2.362046 -2.590213 2.187982
v -15.918776 2.010349 315.537537
vn -0.875144 -5.184127 3.037962
v -9.770973 1.140371 315.730774
vn 2.242817 -3.259592 1.180762
v -15.881946 2.224669 315.859070
vn -0.760801 -6.052148 0.220171
v -15.868336 2.299999 316.239594
vn -4.100979 -2.550552 -1.434693
v -15.867111 2.166025 316.732666
vn -3.926529 -1.537679 -2.546424
v -15.866215 1.800000 317.093628
vn -3.679547 -0.082173 -3.025436
v -15.865887 1.300000 317.225739
vn -3.423795 1.454834 -2.691340
v -15.866215 0.800000 317.093628
vn -3.229949 2.632716 -1.581671
v -15.867111 0.433975 316.732666
vn 3.846295 1.372601 2.393554
v -4.051214 -1.117304 315.320007
vn 3.609087 -0.083299 2.768945
v -4.059615 -0.633743 315.225433
vn 3.369559 -1.567654 2.365751
v -4.046876 -0.166196 315.368835
vn 3.186992 -2.672961 1.254500
v -4.016078 0.172326 315.715576
vn 0.012481 -0.656158 6.218653
v -16.036562 1.313935 315.253937
vn 0.671388 -2.924936 3.050160
v -13.914734 -1.700000 246.476913
vn -0.000000 -2.924927 3.123176
v -11.980000 -1.700000 246.266495
vn -0.000000 -3.455745 3.102916
v -11.980000 -1.700000 251.266495
vn -0.671388 -2.924936 3.050160
v -10.045266 -1.700000 246.476913
vn -0.958852 -3.455757 2.951046
v -10.743932 -1.700000 251.462265
vn -1.311383 -2.924927 2.834520
v -8.200998 -1.700000 247.098312
vn -1.823845 -3.455746 2.510314
v -9.628859 -1.700000 252.030426
vn -1.890067 -2.924930 2.486338
v -6.533432 -1.700000 248.101654
vn -2.380366 -2.924934 2.021903
v -5.120542 -1.700000 249.440018
vn -2.510307 -3.455760 1.823848
v -8.743932 -1.700000 252.915344
vn -2.759362 -2.924929 1.462924
v -4.028392 -1.700000 251.050812
vn -2.951049 -3.455750 0.958848
v -8.175774 -1.700000 254.030426
vn -3.009337 -2.924932 0.835538
v -3.308050 -1.700000 252.858734
vn -3.118596 -2.924931 0.169086
v -2.993199 -1.700000 254.779236
vn -3.102914 -3.455751 0.000000
v -7.980000 -1.700000 255.266495
vn -3.082034 -2.924932 -0.505272
v -3.098561 -1.700000 256.722534
vn -2.951049 -3.455749 -0.958848
v -8.175774 -1.700000 256.502563
vn -2.901355 -2.924925 -1.156011
v -3.619210 -1.700000 258.597748
vn -2.510307 -3.455760 -1.823848
v -8.743932 -1.700000 257.617645
vn -2.585016 -2.924936 -1.752692
v -4.530799 -1.700000 260.317169
vn -2.147812 -2.924935 -2.267408
v -5.790705 -1.700000 261.800446
vn -1.823829 -3.455756 -2.510322
v -9.628859 -1.700000 258.502563
vn -1.610174 -2.924929 -2.676111
v -7.340015 -1.700000 262.978210
vn -0.958836 -3.455746 -2.951054
v -10.743932 -1.700000 259.070709
vn -0.997240 -2.924930 -2.959686
v -9.106286 -1.700000 263.795380
vn -0.337677 -2.924930 -3.104868
v -11.006928 -1.700000 264.213745
vn -0.000000 -3.455746 -3.102916
v -11.980000 -1.700000 259.266479
vn 0.337677 -2.924930 -3.104868
v -12.953072 -1.700000 264.213745
vn -3.034547 -3.665189 -0.000000
v -14.845921 -1.700000 261.102142
vn -2.627950 -3.665231 -1.517314
v -14.979895 -1.700000 261.602142
vn 0.997240 -2.924930 -2.959686
v -14.853714 -1.700000 263.795380
vn -1.517309 -3.665100 -2.628016
v -15.345921 -1.700000 261.968140
vn -0.000000 -3.665296 -3.034503
v -15.845921 -1.700000 262.102142
vn 1.610175 -2.924929 -2.676111
v -16.619986 -1.700000 262.978210
vn 1.517308 -3.665100 -2.628015
v -16.345921 -1.700000 261.968140
vn 2.627951 -3.665231 -1.517315
v -16.711946 -1.700000 261.602142
vn 2.147812 -2.924936 -2.267408
v -18.169294 -1.700000 261.800446
vn 3.034547 -3.665190 0.000000
v -16.845921 -1.700000 261.102142
vn 2.627997 -3.665190 1.517268
v -16.711946 -1.700000 260.602142
vn 2.585016 -2.924935 -1.752692
v -19.429201 -1.700000 260.317169
vn 1.517269 -3.665198 2.627993
v -16.345921 -1.700000 260.236115
vn 2.510307 -3.455760 -1.823848
v -15.216068 -1.700000 257.617645
vn -0.000000 -3.665182 3.034550
v -15.845921 -1.700000 260.102142
vn 1.823829 -3.455756 -2.510322
v -14.331141 -1.700000 258.502563
vn -1.517269 -3.665199 2.627993
v -15.345921 -1.700000 260.236115
vn -2.627997 -3.665190 1.517269
v -14.979895 -1.700000 260.602142
vn 0.958836 -3.455746 -2.951054
v -13.216068 -1.700000 259.070709
vn 2.901356 -2.924926 -1.156012
v -20.340790 -1.700000 258.597748
vn 2.951049 -3.455750 -0.958848
v -15.784226 -1.700000 256.502563
vn 3.082034 -2.924932 -0.505272
v -20.861439 -1.700000 256.722534
vn 3.102915 -3.455750 -0.000000
v -15.980000 -1.700000 255.266495
vn 3.118596 -2.924932 0.169086
v -20.966801 -1.700000 254.779236
vn 2.951049 -3.455750 0.958848
v -15.784226 -1.700000 254.030426
vn 3.009337 -2.924931 0.835538
v -20.651951 -1.700000 252.858734
vn 2.759362 -2.924930 1.462925
v -19.931608 -1.700000 251.050812
vn 2.510307 -3.455760 1.823848
v -15.216068 -1.700000 252.915344
vn 2.380366 -2.924934 2.021903
v -18.839458 -1.700000 249.440018
vn 1.823845 -3.455745 2.510314
v -14.331141 -1.700000 252.030426
vn 1.890067 -2.924931 2.486338
v -17.426567 -1.700000 248.101654
vn 1.311383 -2.924927 2.834520
v -15.759002 -1.700000 247.098312
vn 0.958852 -3.455757 2.951046
v -13.216068 -1.700000 251.462265
vn -3.665179 3.034546 0.009102
v -15.845921 -0.700001 325.266479
vn -4.708456 -1.570802 1.582493
v -15.870785 0.300000 315.253418
vn -3.123881 -3.294366 -0.231286
v -15.979988 0.300000 271.276428
vn -2.750620 1.917568 -2.391320
v -15.842031 -0.944074 326.832458
vn -3.668942 2.627999 -1.508160
v -15.844679 -0.566026 325.766479
vn -2.756975 0.677539 -2.989636
v -15.841077 -0.142145 327.217010
vn -3.671712 1.517272 -2.618880
v -15.843770 -0.200001 326.132507
vn -3.672705 0.000000 -3.025439
v -15.843437 0.299999 326.266479
vn -2.759715 -0.684654 -2.988402
v -15.841080 0.747214 327.215851
vn -3.671712 -1.517272 -2.618879
v -15.843770 0.799999 326.132507
vn -3.668942 -2.628002 -1.508160
v -15.844679 1.166025 325.766479
vn -2.758488 -1.919280 -2.392503
v -15.842040 1.548140 326.829224
vn -3.665179 -3.034547 0.009102
v -15.845921 1.299999 325.266479
vn -2.741833 -2.769973 -1.317767
v -15.843767 2.102259 326.133575
vn -2.935136 -3.105140 -0.328935
v -15.845921 2.299999 325.266479
vn -3.661449 -2.627951 1.526407
v -15.847162 1.166025 324.766479
vn -3.658616 -1.517227 2.637131
v -15.848071 0.799999 324.400482
vn -3.657633 0.000000 3.043641
v -15.848404 0.299999 324.266510
vn -3.658605 1.517230 2.637129
v -15.848071 -0.200001 324.400482
vn -3.661452 2.627949 1.526409
v -15.847162 -0.566026 324.766479
vn 3.089897 -3.294365 -0.514444
v -7.995687 0.300000 270.912598
vn 2.866931 -3.447143 -1.192367
v -8.286693 0.300000 269.730438
vn 2.375458 -3.447140 -1.999559
v -8.919829 0.300000 268.690582
vn 1.663945 -3.447133 -2.621514
v -9.836449 0.300000 267.889343
vn 0.798287 -3.447145 -3.000628
v -10.951636 0.300000 267.400940
vn -0.141356 -3.447157 -3.101778
v -12.162087 0.300000 267.270630
vn -1.067887 -3.447133 -2.915590
v -13.355671 0.300000 267.510498
vn -1.895470 -3.447140 -2.459315
v -14.421819 0.300000 268.098297
vn -2.547469 -3.447129 -1.775234
v -15.261765 0.300000 268.979584
vn -2.963489 -3.447152 -0.926690
v -15.797705 0.300000 270.072693
vn 0.414728 2.868164 -5.484598
v -17.789005 -0.687414 327.010559
vn -3.446153 0.812963 -2.997697
v -17.845913 -0.282839 327.184723
vn -3.494525 -0.233434 -3.081956
v -17.845921 0.455042 327.265442
vn -3.487727 -1.346901 -2.783032
v -17.845921 1.171548 327.071564
vn -3.491768 -2.272552 -2.095334
v -17.845921 1.768006 326.629761
vn -3.506951 -2.879722 -1.116433
v -17.845921 2.162258 326.000854
vn -3.328963 -3.114226 -0.291934
v -17.845921 2.299999 325.271454
vn 0.008155 4.237535 -4.565212
v -17.623861 -1.036796 326.758575
vn -3.682568 -1.832852 -4.744442
v 10.600224 14.553978 262.511078
vn -3.756064 -2.127687 -4.535527
v 9.896878 15.837655 262.527130
vn -3.890805 -2.255080 -4.377865
v 10.007445 15.748693 262.474243
vn -3.864295 -2.333360 -4.361337
v 10.165405 15.679840 262.369415
vn -3.762057 -2.189172 -4.528302
v 11.110940 14.838198 261.975616
vn -3.701889 -2.064846 -4.635326
v 11.668284 14.246449 261.794373
vn -3.740111 -2.404562 -4.437079
v 12.136353 14.651562 261.208313
vn -3.682532 -2.253987 -4.564157
v 12.697202 14.098050 261.031952
vn -3.728682 -2.553735 -4.360353
v 13.974784 13.837698 260.119751
vn -3.638559 -2.216375 -4.616144
v 13.258051 13.544538 260.855560
vn -3.664441 -2.412441 -4.480142
v 15.937779 12.011056 259.519348
vn -3.555029 -2.066067 -4.750732
v 13.818900 12.991027 260.679169
vn -3.505882 -1.985937 -4.818562
v 14.940598 11.884005 260.326416
vn -3.491720 -1.794585 -4.901977
v 13.340317 12.471205 261.250671
vn -3.373003 -1.631841 -5.039516
v 14.455006 11.287708 260.888184
vn -3.336002 -1.392794 -5.134653
v 12.802115 12.006516 261.767059
vn -3.195518 -1.225779 -5.264860
v 13.903061 10.732785 261.395050
vn -3.048967 -0.906774 -5.408123
v 12.213065 11.603888 262.222260
vn -2.907903 -0.757653 -5.508976
v 13.293460 10.230145 261.841797
vn -2.570146 -0.256589 -5.713109
v 10.877170 10.963348 262.978638
vn -2.461642 -0.168309 -5.767023
v 11.895399 9.370008 262.587280
vn -2.077103 0.197872 -5.921857
v 9.358234 10.514906 263.566986
vn -2.026280 0.228936 -5.939607
v 10.287440 8.697064 263.177338
vn -1.777824 0.384602 -6.012952
v 8.517041 10.344110 263.822357
vn -1.772337 0.387410 -6.014758
v 9.390897 8.416195 263.439758
vn -1.594760 0.466090 -6.058855
v 7.619727 10.202232 264.061066
vn -1.621784 0.453474 -6.052867
v 8.430805 8.168737 263.690521
vn -1.461292 0.498410 -6.090199
v 6.643255 10.081865 264.295013
vn -1.516059 0.476163 -6.078710
v 7.382335 7.947474 263.942688
vn -1.377418 0.491126 -6.110500
v 5.605552 9.981094 264.526123
vn -1.455198 0.463765 -6.094649
v 6.264557 7.755330 264.198639
vn -1.339486 0.453130 -6.121939
v 4.505305 9.894554 264.761810
vn -1.436210 0.424164 -6.102072
v 5.076000 7.589376 264.466492
vn -1.341375 0.392161 -6.125745
v 3.341203 9.816879 265.009399
vn -1.454263 0.363882 -6.101673
v 3.815192 7.446685 264.754272
vn -1.377058 0.313586 -6.122324
v 2.111933 9.742702 265.276276
vn -1.504063 0.287996 -6.093605
v 2.480660 7.324329 265.070099
vn -1.440141 0.221415 -6.111783
v 0.816184 9.666657 265.569855
vn -1.580208 0.200171 -6.077775
v 1.070932 7.219381 265.422028
vn -1.497777 0.132284 -6.100568
v -0.547356 9.583379 265.897461
vn -1.689805 0.083024 -6.050680
v -0.415464 7.128914 265.818146
vn -1.827656 0.108099 -6.010190
v -0.283571 4.674450 265.738800
vn -1.879020 0.103472 -5.994718
v -0.151679 2.219985 265.659485
vn -1.799758 0.174387 -6.017178
v 1.580428 2.324830 265.126404
vn -1.888367 0.150322 -5.990454
v 1.835176 -0.122446 264.978577
vn -1.783020 0.230144 -6.020252
v 3.586841 0.069211 264.451569
vn -1.700821 0.301641 -6.040947
v 5.237160 0.336103 263.988953
vn -1.645932 0.361558 -6.052928
v 6.788087 0.673841 263.580566
vn -1.622116 0.405880 -6.056586
v 8.241574 1.078038 263.216217
vn -1.632580 0.429743 -6.052113
v 9.599575 1.544304 262.885742
vn -1.679337 0.427611 -6.039376
v 10.864041 2.068252 262.578949
vn -1.763774 0.394139 -6.017365
v 12.012464 2.632447 262.291962
vn -1.909811 0.291065 -5.977459
v 13.075060 3.243541 262.008362
vn -1.764506 0.391812 -6.017197
v 11.138608 4.560363 262.674561
vn -1.949811 0.275046 -5.964737
v 12.145853 5.061382 262.398041
vn -1.768040 0.389796 -6.016118
v 10.264752 6.488279 263.057159
vn -1.984504 0.254086 -5.953572
v 11.216647 6.879223 262.787689
vn -3.840563 -2.502124 -4.292629
v 10.400457 15.663479 262.168793
vn -3.778677 -2.604462 -4.284651
v 10.723482 15.803627 261.798523
vn -3.806553 -2.468599 -4.345138
v 11.575503 15.205072 261.384705
vn -3.739490 -2.735610 -4.239962
v 10.962607 16.139404 261.372803
vn -3.796524 -2.634184 -4.256905
v 12.011792 15.664346 260.720184
vn -3.764226 -2.775165 -4.194703
v 11.007712 16.429995 261.140930
vn -3.789178 -2.774316 -4.173138
v 10.977229 16.572929 261.073395
vn -3.810676 -2.763543 -4.160881
v 10.935751 16.653187 261.057800
vn -3.806660 -2.681623 -4.218503
v 10.883813 16.713980 261.065186
vn -3.406641 -1.906743 -4.918185
v 16.062296 10.776981 259.973663
vn -3.278319 -1.670035 -5.092511
v 17.183994 9.669959 259.620880
vn -3.234849 -1.609876 -5.137247
v 18.305693 8.562936 259.268127
vn -3.152188 -1.357417 -5.258541
v 16.684381 8.920715 260.163239
vn -3.055541 -1.237484 -5.344427
v 17.799070 7.737219 259.800751
vn -2.949868 -0.956435 -5.460645
v 16.104954 8.185323 260.651001
vn -2.846532 -0.841853 -5.534041
v 17.205898 6.911592 260.278992
vn -2.669107 -0.530977 -5.656357
v 15.454251 7.482661 261.080841
vn -2.572587 -0.450811 -5.708940
v 16.534647 6.108918 260.700348
vn -2.290503 -0.038169 -5.843399
v 13.931858 6.183326 261.804626
vn -2.208517 -0.000134 -5.876956
v 14.950088 4.589985 261.413300
vn -2.003195 0.071902 -5.954506
v -0.019786 -0.234479 265.580170
vn -1.385535 0.447385 -6.028228
v -1.980000 -0.700000 266.266479
vn -1.359540 -0.436739 -6.037535
v -1.980000 -0.500000 266.266479
vn -1.230058 0.097197 -6.160374
v -0.745195 13.265076 266.016449
vn -1.405679 0.135019 -6.121734
v -0.679249 12.037843 265.976776
vn -1.452702 0.131074 -6.111362
v -0.613302 10.810611 265.937134
vn -1.355365 0.227163 -6.130955
v 0.688810 10.890295 265.643768
vn -0.937048 0.188021 -6.208598
v -0.811141 14.492308 266.056122
vn -1.062717 0.272505 -6.186618
v 0.306688 14.561209 265.865479
vn -1.005967 0.384164 -6.189969
v 1.374479 14.579448 265.688629
vn -1.125508 0.352180 -6.171438
v 1.558843 13.370261 265.585541
vn -1.117726 0.438195 -6.167339
v 2.630219 13.372170 265.392059
vn -1.199921 0.420359 -6.153143
v 2.867213 12.187073 265.264496
vn -1.217733 0.483900 -6.144924
v 3.934609 12.199733 265.057098
vn -1.281207 0.466787 -6.133363
v 4.219957 11.047144 264.909454
vn -1.330482 0.504719 -6.119741
v 5.276049 11.093976 264.689880
vn -1.015260 0.489404 -6.181148
v 2.393224 14.557267 265.519623
vn -1.146842 0.502834 -6.156984
v 3.649261 13.352322 265.204773
vn -1.279152 0.521149 -6.129235
v 4.946546 12.206859 264.853607
vn -1.428200 0.509902 -6.097004
v 6.273715 11.149060 264.471161
vn -1.069479 0.555409 -6.166457
v 3.363914 14.504911 265.352417
vn -1.221447 0.539658 -6.139314
v 4.617043 13.319740 265.017334
vn -1.391597 0.523749 -6.104171
v 5.904175 12.216255 264.647308
vn -1.578345 0.472944 -6.062463
v 7.214188 11.218980 264.246307
vn -1.155382 0.571644 -6.149212
v 4.287540 14.432623 265.181091
vn -1.299504 0.568555 -6.120257
v 5.165095 14.350645 264.999634
vn -1.521064 0.495211 -6.074446
v 5.997570 14.269222 264.802094
vn -1.539322 0.489844 -6.070687
v 6.403109 13.252475 264.616852
vn -1.788685 0.379232 -6.009123
v 7.206258 13.235984 264.396240
vn -1.784713 0.381404 -6.010550
v 7.643186 12.272026 264.204956
vn -2.144181 0.161739 -5.897048
v 8.429029 12.332747 263.956635
vn -2.110380 0.182015 -5.909671
v 8.893631 11.423826 263.761810
vn -2.642520 -0.302892 -5.675633
v 10.368055 11.760018 263.174286
vn -1.789588 0.371800 -6.008767
v 6.769331 14.199943 264.587555
vn -2.235830 0.086017 -5.860269
v 7.499822 14.150589 264.346283
vn -2.894770 -0.551308 -5.519513
v 8.840711 14.150029 263.761292
vn -3.430600 -1.284980 -5.092475
v 10.052274 14.351373 262.983215
vn -3.592321 -1.683606 -4.868319
v 11.150697 13.917112 262.325073
vn -3.631368 -1.969179 -4.731267
v 12.225629 13.654701 261.613129
vn -3.065860 -1.082372 -5.372371
v 15.004007 9.459054 261.023010
vn -3.258138 -1.487662 -5.157970
v 15.569694 10.104212 260.525696
vn -2.779970 -0.635352 -5.590897
v 14.373856 8.856403 261.461304
vn -2.368752 -0.097492 -5.809678
v 12.913629 7.776667 262.195953
vn -3.420537 -1.480923 -5.053849
v 12.251642 12.643381 261.953064
vn -3.563233 -1.878288 -4.818781
v 12.782972 13.062953 261.431915
vn -3.504085 -1.578702 -4.966476
v 11.701169 13.280247 262.139069
vn -3.137491 -0.987054 -5.342512
v 11.672867 12.290759 262.412506
vn -3.327370 -1.179337 -5.185737
v 10.592472 13.664501 262.792969
vn -3.228464 -1.078557 -5.269753
v 11.132669 12.977630 262.602753
vn -2.714446 -0.358884 -5.636193
v 9.858940 12.556688 263.369965
vn -2.794819 -0.421941 -5.589984
v 9.349826 13.353359 263.565613
vn -2.182401 0.138797 -5.882315
v 7.964425 13.241668 264.151459
vn -1.781196 0.383316 -6.011786
v 8.080113 11.308068 264.013641
vn -1.663188 0.435524 -6.043201
v 10.052962 4.101747 262.949493
vn -1.600149 0.444219 -6.059687
v 8.860495 3.678694 263.238068
vn -1.575392 0.424565 -6.067623
v 7.582569 3.303802 263.543701
vn -1.586817 0.382808 -6.067413
v 6.217391 2.979019 263.875885
vn -1.630738 0.324488 -6.059116
v 4.763171 2.706297 264.244080
vn -1.703166 0.253875 -6.042476
v 3.218114 2.487583 264.657745
vn -1.644346 0.443667 -6.047659
v 9.241884 6.135242 263.320007
vn -1.561858 0.458753 -6.068534
v 8.121415 5.813085 263.590363
vn -1.520503 0.442491 -6.080311
v 6.923563 5.529566 263.871185
vn -1.517873 0.401794 -6.083803
v 5.646696 5.284198 264.171173
vn -1.549905 0.342572 -6.079317
v 4.289182 5.076491 264.499176
vn -1.611874 0.269603 -6.066809
v 2.849387 4.905956 264.863922
vn -1.699183 0.186277 -6.046019
v 1.325680 4.772106 265.274200
vn -1.559977 0.481011 -6.066377
v 6.808649 12.235727 264.431580
vn -1.350308 0.539247 -6.111933
v 5.534635 13.283450 264.823486
vn -1.273526 0.404344 -6.139423
v 3.104208 11.001976 265.136963
vn -1.300530 0.323192 -6.138554
v 1.927570 10.951888 265.379364
vn -1.217788 0.336922 -6.154761
v 1.743206 12.161075 265.482452
vn -1.161681 0.248984 -6.169733
v 0.434062 13.337571 265.791565
vn -1.263766 0.237518 -6.150098
v 0.561436 12.113934 265.717682
vn 5.113244 -0.269904 3.635189
v 22.061108 17.328535 271.428680
vn 4.827003 -0.631401 3.968774
v 23.672878 13.508845 268.934296
vn 4.925985 -0.242165 3.888733
v 24.433048 14.568060 268.112396
vn 4.739507 -1.009482 3.995948
v 22.866856 12.394479 269.670502
vn 4.644169 -1.411675 3.984826
v 22.013020 11.237570 270.327667
vn 4.517978 -1.866446 3.942135
v 20.614697 9.420250 271.192535
vn 4.331593 -2.435743 3.835436
v 19.100220 7.585614 271.910004
vn 4.178262 -3.090449 3.511636
v 16.908180 5.205963 272.675262
vn 3.911975 -3.819482 3.080019
v 14.477448 2.960964 273.285095
vn 3.738332 -4.189607 2.813103
v 13.167665 1.920485 273.548370
vn 3.444377 -4.649394 2.434648
v 11.792322 0.951498 273.792725
vn 3.197216 -4.975128 2.113329
v 10.349457 0.066616 274.024841
vn 2.720261 -5.404967 1.667315
v 8.837107 -0.721553 274.251343
vn 2.059468 -5.815335 1.117725
v 6.398233 -1.706880 274.600220
vn 1.372064 -6.087865 0.656184
v 3.787033 -2.394678 274.974945
vn 0.824351 -6.213531 0.380187
v 2.414650 -2.613122 275.179321
vn 0.359309 -6.266308 0.189202
v 0.996593 -2.740526 275.398926
vn -0.071487 -6.278051 0.073033
v -0.468002 -2.771336 275.636749
vn -0.148055 -6.279695 0.000000
v -1.980000 -2.700000 276.223633
vn 5.181436 0.293246 3.510104
v 25.055624 15.752304 267.318268
vn 5.392837 0.191293 3.202609
v 22.489384 19.530113 270.784088
vn 5.412007 0.040663 3.174031
v 22.431581 19.154329 270.895660
vn 5.277327 0.720941 3.326586
v 22.547932 20.911776 270.532654
vn 5.306783 0.508878 3.325278
v 22.570122 20.848492 270.506927
vn 5.342794 0.516888 3.265010
v 22.583294 20.775705 270.497009
vn 5.358651 0.450895 3.247080
v 22.592207 20.578186 270.511383
vn 5.378713 0.331898 3.221333
v 22.553724 20.036119 270.636047
vn 1.999698 0.986949 4.701180
v 22.276592 18.304451 271.147308
vn 1.674408 -1.636500 3.622229
v 21.641348 18.736217 272.437897
vn 1.388241 -1.091798 3.913615
v 20.874813 20.122252 273.254974
vn 0.968690 -0.585919 4.141479
v 19.799549 21.417849 273.839355
vn 0.449033 -0.140392 4.267704
v 18.468920 22.558708 274.162048
vn -0.144623 0.222594 4.285383
v 16.948961 23.488213 274.207062
vn -0.782768 0.485066 4.193818
v 15.315111 24.160229 273.972107
vn -1.433722 0.633920 3.997396
v 13.648454 24.541407 273.468903
vn -2.065233 0.661784 3.705937
v 12.031704 24.612827 272.722382
vn -2.645926 0.567358 3.333984
v 10.545102 24.370949 271.769592
vn -3.146963 0.355205 2.899860
v 9.262425 23.827772 270.657867
vn -3.543554 0.035912 2.425190
v 8.247332 23.010256 269.442322
vn -3.815923 -0.374693 1.933539
v 7.550201 21.958973 268.183319
vn -3.950635 -0.856237 1.449269
v 7.205631 20.726099 266.943329
vn -3.940837 -1.384857 0.996482
v 7.230721 19.372820 265.783905
vn -3.787161 -1.934231 0.597650
v 7.624228 17.966295 264.762573
vn 1.724985 -0.691013 -3.833888
v 17.733488 14.441651 261.107910
vn 1.076249 -0.598965 -4.078590
v 16.068293 14.702058 260.500824
vn 0.424925 -0.387867 -4.221552
v 14.403099 15.265709 260.156372
vn -0.196302 -0.068320 -4.255551
v 12.821404 16.104340 260.091797
vn -0.756346 0.343631 -4.178915
v 11.402523 17.175896 260.310364
vn -1.247299 0.916363 -4.018099
v 10.217602 18.426649 260.801086
vn 2.338619 -0.659391 -3.499743
v 19.315182 14.497545 261.947174
vn 2.886284 -0.505764 -3.092739
v 20.734064 14.866939 262.976501
vn 3.340625 -0.237780 -2.633411
v 21.918983 15.531307 264.144318
vn 3.678801 0.131111 -2.144762
v 22.810528 16.457336 265.392059
vn 3.883883 0.582402 -1.651315
v 23.363985 17.598595 266.657166
vn 3.945533 1.093469 -1.177815
v 23.551607 18.897850 267.876160
vn 3.860712 1.638664 -0.747986
v 23.363985 20.289953 268.987946
vn 3.675549 2.227361 -0.451035
v 22.810528 21.705101 269.936768
vn 3.325540 2.710179 -0.153598
v 21.918983 23.072330 270.675049
vn 2.862813 3.198689 0.037906
v 20.734064 24.323084 271.165771
vn 2.308737 3.617214 0.123144
v 19.315182 25.394640 271.384338
vn 1.691069 3.944772 0.097797
v 17.733488 26.233271 271.319763
vn 1.040817 4.164928 -0.036880
v 16.068293 26.796921 270.975281
vn 0.390547 4.266667 -0.274032
v 14.403099 27.057329 270.368225
vn -0.227091 4.244861 -0.601916
v 12.821404 27.001434 269.528961
vn -0.781158 4.100655 -1.003965
v 11.402523 26.632040 268.499634
vn -1.243820 3.841204 -1.460146
v 10.217602 25.967672 267.331787
vn -1.591964 3.479616 -1.947483
v 9.326059 25.041641 266.084076
vn -1.808012 3.033946 -2.441593
v 8.772601 23.900385 264.818970
vn -1.881242 2.526581 -2.917713
v 8.584978 22.601130 263.599976
vn -1.807914 1.982960 -3.351945
v 8.772601 21.209024 262.488190
vn -1.591719 1.430339 -3.722530
v 9.326059 19.793879 261.539368
vn 6.260494 -0.098175 -0.153964
v -1.980000 0.300000 255.266495
vn 3.345266 -3.097480 -0.366986
v -1.980000 0.300000 265.466492
vn 3.432149 -2.688311 -1.471385
v -1.980000 0.192820 265.866486
vn 3.246557 -1.573232 -2.642860
v -1.980000 -0.100000 266.159302
vn -3.096140 -0.375609 3.238088
v -18.236717 1.016195 315.259308
vn -3.307382 -0.305279 3.451916
v -18.236797 1.300000 315.259308
vn -6.117505 -0.890580 0.801275
v -18.679317 0.695035 311.125336
vn -3.498188 -1.182041 3.217403
v -18.230110 1.682683 315.334351
vn -6.228566 -0.060597 0.815906
v -18.917719 2.411024 309.247528
vn -3.502659 -2.230294 2.583742
v -18.211309 2.004966 315.545990
vn -3.515357 -2.860648 1.578501
v -18.183397 2.223879 315.867950
vn -6.257692 -0.042952 0.552428
v -18.167931 2.683054 316.052246
vn -3.329214 -3.127695 0.583802
v -18.151848 2.299999 316.245270
vn -3.132321 -3.265783 0.206522
v -18.023317 2.299999 317.997986
vn -6.275731 -0.059522 0.274592
v -17.931608 2.768794 319.654694
vn -3.138486 -3.163855 0.135686
v -17.927099 2.299999 319.752747
vn -3.139949 -3.198532 0.081417
v -17.866791 2.299999 321.509186
vn -3.141482 -3.153468 0.018654
v -17.845921 2.299999 323.266479
vn -3.110455 -3.131369 0.441074
v -20.160889 0.300000 300.589508
vn -3.109225 -3.177761 0.448067
v -19.223730 0.300000 306.998993
vn -6.227948 0.032474 0.825462
v -20.957817 1.670858 294.905548
vn -6.246562 -0.084785 0.656098
v -21.365377 1.522991 291.505188
vn -6.260173 -0.015338 0.523383
v -21.689215 1.405500 288.099670
vn -3.132944 -3.098337 0.225035
v -21.753105 0.300000 287.261383
vn -6.276426 0.015853 0.263216
v -21.902899 1.327973 284.687317
vn -3.139218 -3.095320 0.104826
v -21.920368 0.300000 284.265869
vn -3.141211 -3.119129 0.034619
v -21.980000 0.300000 281.266479
vn -3.117570 -3.118436 0.385771
v -21.051651 0.300000 294.173279
vn -2.911023 -4.240280 0.432952
v -18.535530 0.300000 311.135681
vn -5.473319 -2.414477 1.005595
v -18.996237 0.387872 308.445312
vn -5.532951 -2.678381 0.977410
v -18.864567 0.482679 309.455261
vn -5.784927 -2.283969 0.778952
v -18.580353 0.687322 311.787567
vn -5.842804 -2.108093 0.772515
v -18.330383 0.867309 314.122345
vn -5.710523 0.759691 0.665918
v -18.182409 0.319108 314.131042
vn -1.493729 -2.027820 1.956663
v -18.064833 0.300000 315.258881
vn -0.757628 -6.188902 0.076128
v -4.780000 0.300000 276.705139
vn -0.773537 -6.185552 -0.058125
v -4.780000 0.300000 268.266479
vn 1.736970 -3.337939 2.599562
v -6.424298 0.300000 263.581177
vn -0.698052 -6.194963 -0.226811
v -4.642958 0.300000 267.401245
vn 2.210737 -3.337940 2.210753
v -4.908932 0.300000 262.337555
vn -0.593797 -6.194962 -0.431422
v -4.245247 0.300000 266.620697
vn -0.431420 -6.194963 -0.593794
v -3.625799 0.300000 266.001251
vn 2.599558 -3.337950 1.736972
v -3.665304 0.300000 260.822205
vn -0.226820 -6.194955 -0.698081
v -2.845248 0.300000 265.603546
vn 2.888478 -3.337937 1.196445
v -2.741205 0.300000 259.093323
vn 3.066390 -3.337945 0.609946
v -2.172147 0.300000 257.217407
vn -0.548594 -6.228177 0.195269
v -4.580680 0.300000 277.834534
vn -0.492745 -6.217664 0.401150
v -4.001728 0.300000 278.821777
vn -0.407810 -6.214052 0.511144
v -3.585523 0.300000 279.215607
vn -0.289846 -6.211608 0.598878
v -3.095667 0.300000 279.519196
vn -0.134354 -6.211908 0.649286
v -2.555688 0.300000 279.710144
vn 3.335883 -3.101755 0.349044
v -1.980000 0.300000 279.776642
vn 1.196451 -3.337942 2.888475
v -8.153166 0.300000 264.505280
vn 0.609939 -3.337948 3.066391
v -10.029097 0.300000 265.074341
vn 0.000000 -3.337934 3.126466
v -11.980000 0.300000 265.266479
vn -0.609939 -3.337949 3.066391
v -13.930903 0.300000 265.074341
vn -1.196452 -3.337941 2.888475
v -15.806834 0.300000 264.505280
vn -1.736970 -3.337938 2.599562
v -17.535702 0.300000 263.581177
vn -2.210736 -3.337940 2.210754
v -19.051067 0.300000 262.337555
vn -2.599558 -3.337951 1.736973
v -20.294697 0.300000 260.822205
vn -2.888479 -3.337937 1.196445
v -21.218796 0.300000 259.093323
vn -3.066390 -3.337946 0.609945
v -21.787853 0.300000 257.217407
vn -6.260495 -0.098174 -0.153964
v -21.980000 0.300000 255.266495
vn 3.492240 -3.384535 1.133643
v -15.882108 2.223666 315.861725
vn 3.481926 -2.767404 2.107475
v -15.918471 2.012016 315.547272
vn 3.478975 -1.831076 2.785871
v -15.972033 1.696569 315.334534
vn -6.283180 -0.004774 -0.000809
v -17.845921 -2.700602 330.952057
vn 0.045329 -0.476176 -0.223012
v -17.845921 -2.700000 330.949036
vn -6.213955 -0.612674 -0.234949
v -17.845915 -2.705768 330.958923
vn -5.686619 -2.194108 -0.794132
v -17.822069 -2.764010 330.787445
vn -5.734231 -1.894548 -0.456344
v -17.831705 -2.911548 331.331482
vn -4.306904 -4.199455 -1.213516
v -17.745844 -2.879434 330.772522
vn -4.309620 -4.260373 -0.958281
v -17.786274 -2.980597 331.325165
vn -1.966695 -5.605906 -1.202092
v -17.629589 -2.955296 330.762726
vn -2.213269 -5.636570 -0.875777
v -17.716986 -3.025980 331.321014
vn -0.622999 -6.151073 -0.755249
v -17.604855 -3.024051 331.150482
vn -1.669582 -5.713344 -0.549216
v -17.748001 -3.051011 331.593506
vn -0.367735 -6.251296 -0.144036
v -17.745920 -3.086074 332.266479
vn -1.289648 -5.685641 -0.385730
v -17.769600 -3.068421 331.861023
vn -1.521727 -6.035842 -0.111799
v -17.770411 -3.083029 332.266479
vn -2.965183 -5.471558 -0.114867
v -17.793409 -3.074078 332.266479
vn -2.584047 -4.826826 -0.582569
v -17.815855 -2.700000 330.580719
vn -4.346363 -4.061894 -1.472842
v -17.710155 -2.790091 330.385773
vn -1.648021 -5.686938 -0.812988
v -17.651684 -2.700000 329.982574
vn -2.129957 -5.567423 -1.343168
v -17.552444 -2.892750 330.370575
vn -2.258607 -5.497111 -1.606739
v -17.461285 -2.818665 329.962982
vn -0.578625 -6.103908 -1.177848
v -17.236742 -2.860986 329.956024
vn -0.549342 -6.101651 -1.256131
v -17.064154 -2.784014 329.511322
vn -0.651662 -6.141714 -0.660157
v -17.274773 -2.700000 329.329834
vn -0.422115 -6.190974 -0.623173
v -17.072430 -2.700000 329.138397
vn -0.198199 -6.220396 -0.588979
v -16.977551 -2.700000 329.084564
vn -0.044396 -6.233298 -0.553954
v -16.876646 -2.700000 329.061493
vn -4.632784 -3.710819 -0.302077
v -17.810614 -3.041463 331.861969
vn -4.886134 -3.084439 -0.061759
v -17.813517 -3.059768 332.266479
vn -5.618172 -2.112060 -0.347751
v -17.826515 -2.979190 331.582092
vn -4.222618 -4.453205 -0.681788
v -17.800623 -3.016481 331.595764
vn -2.945295 0.306133 3.111477
v -17.845921 15.150000 328.266479
vn -3.665193 -3.034546 0.000026
v -17.845921 12.950000 326.266479
vn -6.283186 0.000000 0.000000
v -17.845921 13.652859 328.266510
vn -3.665177 -2.628021 -1.517237
v -17.845921 12.829423 326.716492
vn -3.665217 -1.517290 -2.627971
v -17.845921 12.500000 327.045929
vn -2.945245 3.111411 0.306442
v -17.845921 16.799999 326.616486
vn -2.748877 1.179074 2.846704
v -17.845921 15.781427 328.140900
vn -2.748870 2.178751 2.178754
v -17.845921 16.316727 327.783234
vn -2.748901 2.846694 1.179116
v -17.845921 16.674400 327.247925
vn -3.665160 -2.628014 1.517263
v -17.845921 12.829423 325.816498
vn -3.665217 -1.517290 2.627972
v -17.845921 12.500000 325.487061
vn -3.665182 0.000000 3.034550
v -17.845921 12.050000 325.366486
vn -3.665217 1.517290 2.627971
v -17.845921 11.600000 325.487061
vn -3.665158 2.628014 1.517267
v -17.845921 11.270577 325.816498
vn -3.665198 3.034543 0.000026
v -17.845921 11.150000 326.266479
vn -3.665176 2.628020 -1.517240
v -17.845921 11.270577 326.716492
vn -6.283136 -0.004788 -0.014290
v -17.845921 6.300000 323.266479
vn -3.653681 1.511608 2.633590
v -17.845921 7.600000 335.656189
vn -3.665182 -0.000001 3.034549
v -17.845921 8.100000 335.522217
vn -3.447536 1.733571 -2.593743
v -17.845921 -0.780267 326.954407
vn -3.466565 2.368654 -2.020895
v -17.845921 -1.196420 326.597595
vn -3.139908 -3.188818 0.074186
v -17.845921 -2.700000 322.165680
vn -3.113436 -0.295329 2.967964
v -17.845921 -2.701205 336.266479
vn -6.262760 -0.252494 0.161443
v -17.845921 -0.611978 336.266479
vn -6.262759 -0.252494 -0.161443
v -17.845921 -0.611978 343.266479
vn -3.415473 2.278978 2.119420
v -17.845921 2.638603 342.861481
vn -3.665188 2.627996 -1.517268
v -17.845921 3.633975 337.022217
vn -3.665191 3.034545 0.000000
v -17.845921 3.500000 336.522217
vn -3.109716 -0.314846 -2.939789
v -17.845921 -2.701205 343.266479
vn -3.109716 -0.314846 2.939789
v -17.845921 -2.701205 345.266479
vn -1.909099 1.481763 2.092122
v -17.845921 1.401021 345.266479
vn -3.415488 2.767282 1.424011
v -17.845921 1.854098 343.978699
vn -3.415467 1.620809 2.656815
v -17.845921 3.696053 341.998077
vn -3.648798 1.527969 -2.625032
v -17.845921 4.000000 337.388245
vn -3.415491 0.841795 2.996170
v -17.845921 4.947619 341.452850
vn -3.633646 0.000106 -3.040145
v -17.845921 4.500000 337.522217
vn -3.633366 -1.520039 -2.632913
v -17.845921 5.000000 337.388245
vn -3.415487 -0.000000 3.112179
v -17.845921 6.300000 341.266479
vn -3.633224 1.520235 -2.632773
v -17.845921 7.600000 337.388245
vn -3.415491 -0.841795 2.996170
v -17.845921 7.652381 341.452850
vn -3.633235 -0.000197 -3.040169
v -17.845921 8.100000 337.522217
vn -3.648799 -1.527969 -2.625031
v -17.845921 8.600000 337.388245
vn -3.415467 -1.620809 2.656815
v -17.845921 8.903947 341.998077
vn -3.665186 -2.627997 -1.517269
v -17.845921 8.966025 337.022217
vn -3.415473 -2.278977 2.119420
v -17.845921 9.961397 342.861481
vn -6.262759 0.252494 0.161443
v -17.845921 13.211978 336.266479
vn -6.262759 0.252494 -0.161443
v -17.845921 13.211978 343.266479
vn -3.415488 -2.767282 1.424011
v -17.845921 10.745902 343.978699
vn -1.909099 -1.481763 2.092122
v -17.845921 11.198979 345.266479
vn -3.109716 0.314846 2.939789
v -17.845921 15.301205 345.266479
vn -3.109716 0.314846 -2.939789
v -17.845921 15.301205 343.266479
vn -3.113502 0.295329 2.967964
v -17.845921 15.301205 336.266479
vn -6.241188 0.436541 -0.266386
v -17.845921 15.301204 330.952087
vn -6.216530 0.554989 -0.324476
v -17.845921 14.859861 330.055237
vn -3.665183 -0.000000 -3.034550
v -17.845921 12.050000 327.166504
vn -3.665217 1.517290 -2.627972
v -17.845921 11.600000 327.045929
vn -3.665200 -1.517270 2.627990
v -17.845921 8.600000 335.656189
vn -3.665186 -2.627997 1.517269
v -17.845921 8.966025 336.022217
vn -3.665193 -3.034544 -0.000000
v -17.845921 9.100000 336.522217
vn -3.634576 0.000198 3.039984
v -17.845921 4.500000 335.522217
vn -3.633986 -1.519912 2.632863
v -17.845921 5.000000 335.656189
vn -3.640352 2.631128 1.520637
v -17.845921 7.233974 336.022217
vn -3.633550 -2.632812 1.520156
v -17.845921 5.366025 336.022217
vn -3.636775 3.039559 0.000957
v -17.845921 7.100000 336.522217
vn -3.633310 -3.040201 0.000044
v -17.845921 5.500000 336.522217
vn -3.634387 2.632980 -1.519485
v -17.845921 7.233974 337.022217
vn -3.633237 -2.632903 -1.520107
v -17.845921 5.366025 337.022217
vn -3.649454 1.527591 2.625140
v -17.845921 4.000000 335.656189
vn -3.665188 2.627997 1.517269
v -17.845921 3.633975 336.022217
vn 3.370831 -2.734475 1.408476
v -1.980000 0.199858 279.389099
vn 3.150468 -1.673551 2.592568
v -1.980000 -0.075498 279.098572
vn 3.142755 -0.105508 3.079586
v -1.980000 -0.457130 278.977783
vn -0.178900 3.120490 2.939790
v -15.758681 17.299301 345.266479
vn 0.020925 6.267812 -0.161443
v -13.671443 17.208170 343.266479
vn 0.020925 6.267812 0.161443
v -13.671443 17.208170 336.266479
vn -0.143888 3.125670 -2.962139
v -15.758681 17.299301 334.266479
vn -0.171272 3.121670 2.949659
v -15.758681 17.299301 336.266479
vn -0.178899 3.120490 -2.939790
v -15.758681 17.299301 343.266479
vn -3.658172 2.626807 -1.521652
v -13.645921 11.183974 332.766479
vn -3.665199 1.517269 -2.627993
v -13.645921 11.550000 333.132507
vn -3.665182 0.000000 -3.034549
v -13.645921 12.050000 333.266479
vn -3.665200 -1.517270 -2.627991
v -13.645921 12.550000 333.132507
vn -3.665187 -2.627997 -1.517270
v -13.645921 12.916025 332.766479
vn -3.665193 -3.034545 -0.000000
v -13.645921 13.050000 332.266479
vn -3.665186 -2.627997 1.517269
v -13.645921 12.916025 331.766479
vn -3.665200 -1.517270 2.627991
v -13.645921 12.550000 331.400452
vn -3.665182 0.000000 3.034549
v -13.645921 12.050000 331.266479
vn -3.665199 1.517269 2.627992
v -13.645921 11.550000 331.400452
vn -3.658174 2.626809 1.521652
v -13.645921 11.183974 331.766479
vn -3.651160 3.036867 0.000001
v -13.645921 11.050000 332.266479
vn -1.533606 6.033846 -0.094290
v -17.770411 15.683028 332.266479
vn -2.105203 5.833946 0.004332
v -17.782187 15.679266 332.933167
vn -0.395890 6.255084 -0.061603
v -17.745920 15.686073 332.266479
vn -2.391904 5.722380 -0.004332
v -17.782187 15.679266 333.599823
vn -0.762423 3.023061 -3.387279
v -17.770411 15.683028 334.266479
vn -1.484319 2.741234 -3.392641
v -17.793409 15.674078 334.266479
vn -5.509140 2.134883 -0.605010
v -17.813517 15.659768 334.266479
vn -2.961690 5.472488 -0.130955
v -17.793409 15.674078 332.266479
vn -4.885992 3.084276 -0.072643
v -17.813517 15.659768 332.266479
vn -0.193817 3.129588 -3.265295
v -17.745920 15.686073 334.266479
vn -6.213196 0.611324 -0.245607
v -17.845915 15.306022 330.959290
vn -5.618270 2.114244 -0.335459
v -17.826509 15.579229 331.582245
vn -2.836369 1.213008 2.785794
v -17.685221 16.086681 336.266479
vn -2.655319 1.591363 -2.813350
v -17.562571 16.327417 334.266479
vn -2.130080 2.229929 2.778276
v -17.228947 16.745934 336.266479
vn -1.925614 2.422234 -2.804336
v -17.093298 16.864550 334.266479
vn -1.080671 2.886309 2.765646
v -16.550421 17.173018 336.266479
vn -0.950938 2.942564 -2.790675
v -16.465382 17.202854 334.266479
vn -2.940506 0.983880 3.464479
v -17.639215 14.481196 336.266479
vn -2.476361 1.866073 3.464479
v -17.040462 15.619238 336.266479
vn -1.756279 2.555402 3.464478
v -16.111546 16.508482 336.266479
vn -0.854680 2.980623 3.464478
v -14.948470 17.057024 336.266479
vn -0.854680 2.980623 -3.464478
v -14.948470 17.057024 343.266479
vn -1.756279 2.555402 -3.464478
v -16.111546 16.508482 343.266479
vn -2.476361 1.866073 -3.464479
v -17.040462 15.619238 343.266479
vn -2.940506 0.983880 -3.464479
v -17.639215 14.481196 343.266479
vn -2.830537 1.208785 -2.737987
v -17.685221 16.086681 343.266479
vn -2.128367 2.223319 -2.737984
v -17.228947 16.745934 343.266479
vn -1.084167 2.880568 -2.737984
v -16.550421 17.173018 343.266479
vn -1.084167 2.880568 2.737984
v -16.550421 17.173018 345.266479
vn -2.128367 2.223319 2.737984
v -17.228947 16.745934 345.266479
vn -2.830536 1.208785 2.737987
v -17.685221 16.086681 345.266479
vn -6.282742 0.068597 -0.018946
v -17.838264 6.949711 321.476135
vn -6.280322 0.188659 -0.010145
v -17.830610 7.057106 319.685791
vn -6.278809 0.232360 -0.007410
v -17.822956 7.164502 317.895416
vn -6.279066 0.226460 0.006695
v -17.843740 6.649200 317.895416
vn -6.274406 0.331507 0.010755
v -17.843014 6.765601 316.105072
vn -6.281460 0.103857 0.005509
v -17.845921 6.550000 318.526611
vn -6.277159 0.194144 0.011378
v -17.845921 6.800000 314.713593
vn -6.270394 0.400071 0.018615
v -17.842287 6.882001 314.314728
vn -6.259309 0.544233 0.034223
v -17.841553 6.999469 312.507935
vn -6.255715 0.585805 0.035544
v -17.840820 7.116937 310.701172
vn -6.254048 0.595558 0.041705
v -17.840086 7.234405 308.894379
vn -6.269637 0.290916 0.017673
v -17.845921 7.050000 310.900604
vn -6.278384 0.194405 -0.009248
v -17.815300 7.271897 316.105072
vn -6.281227 0.156685 0.003555
v -17.844467 6.532800 319.685791
vn -6.282966 0.000067 0.001704
v -17.845921 6.300000 322.339600
vn -6.282870 0.060428 0.001384
v -17.845194 6.416400 321.476135
vn -6.283090 0.000106 0.000054
v -17.845837 6.300113 322.648560
vn -6.283171 0.000077 -0.001664
v -17.845837 6.300113 322.957520
vn -2.940506 -0.983880 3.464479
v -17.639215 -1.881196 336.266479
vn -2.476362 -1.866073 3.464478
v -17.040462 -3.019238 336.266479
vn -2.836368 -1.213009 2.785793
v -17.685221 -3.486682 336.266479
vn -2.130079 -2.229930 2.778278
v -17.228947 -4.145933 336.266479
vn -1.756279 -2.555401 3.464479
v -16.111546 -3.908482 336.266479
vn -1.080673 -2.886308 2.765647
v -16.550421 -4.573017 336.266479
vn -0.171274 -3.121670 2.949658
v -15.758681 -4.699301 336.266479
vn 0.020924 -6.267812 0.161443
v -13.671443 -4.608171 336.266479
vn -0.854680 -2.980623 3.464478
v -14.948470 -4.457024 336.266479
vn -2.940506 -0.983880 -3.464479
v -17.639215 -1.881196 343.266479
vn -2.476362 -1.866073 -3.464478
v -17.040462 -3.019238 343.266479
vn -1.756279 -2.555402 -3.464479
v -16.111546 -3.908482 343.266479
vn -0.854680 -2.980623 -3.464478
v -14.948470 -4.457024 343.266479
vn 0.020924 -6.267812 -0.161443
v -13.671443 -4.608171 343.266479
vn -1.084169 -2.880568 -2.737985
v -16.550421 -4.573017 343.266479
vn -0.178902 -3.120490 -2.939789
v -15.758681 -4.699301 343.266479
vn -2.128366 -2.223320 -2.737985
v -17.228947 -4.145933 343.266479
vn -2.830536 -1.208786 -2.737986
v -17.685221 -3.486682 343.266479
vn -2.830536 -1.208786 2.737986
v -17.685221 -3.486682 345.266479
vn -2.128366 -2.223320 2.737985
v -17.228947 -4.145933 345.266479
vn -1.084169 -2.880568 2.737985
v -16.550421 -4.573017 345.266479
vn -0.178902 -3.120489 2.939789
v -15.758681 -4.699301 345.266479
vn 1.909099 -1.481763 2.092122
v -14.845921 11.198979 345.266479
vn 3.415488 -2.767282 1.424011
v -14.845921 10.745902 343.978699
vn 3.415473 -2.278977 2.119420
v -14.845921 9.961397 342.861481
vn 3.415467 -1.620809 2.656815
v -14.845921 8.903947 341.998077
vn 3.415489 -0.841795 2.996170
v -14.845921 7.652381 341.452850
vn 3.415489 0.000000 3.112179
v -14.845921 6.300000 341.266479
vn 3.415490 0.841795 2.996170
v -14.845921 4.947619 341.452850
vn 3.415467 1.620809 2.656815
v -14.845921 3.696053 341.998077
vn 3.415473 2.278978 2.119420
v -14.845921 2.638603 342.861481
vn 3.415488 2.767282 1.424011
v -14.845921 1.854098 343.978699
vn 1.909099 1.481763 2.092122
v -14.845921 1.401021 345.266479
vn -3.665188 2.627997 -1.517269
v -13.645921 -0.316025 332.766479
vn -3.665199 1.517270 -2.627992
v -13.645921 0.050000 333.132507
vn -3.665182 0.000000 -3.034549
v -13.645921 0.550000 333.266479
vn -3.665199 -1.517269 -2.627992
v -13.645921 1.050000 333.132507
vn -3.658171 -2.626808 -1.521653
v -13.645921 1.416025 332.766479
vn -3.651162 -3.036866 0.000001
v -13.645921 1.550000 332.266479
vn -3.658173 -2.626809 1.521653
v -13.645921 1.416025 331.766479
vn -3.665199 -1.517270 2.627992
v -13.645921 1.050000 331.400452
vn -3.665183 0.000000 3.034549
v -13.645921 0.550000 331.266479
vn -3.665199 1.517269 2.627992
v -13.645921 0.050000 331.400452
vn -3.665188 2.627997 1.517269
v -13.645921 -0.316025 331.766479
vn -3.665191 3.034545 0.000000
v -13.645921 -0.450000 332.266479
vn -1.475989 0.062414 -1.154126
v -6.607940 11.087951 332.539368
vn -1.461083 0.244359 -0.513344
v -6.546998 11.059533 332.404236
vn -1.914160 -3.436250 3.815247
v -3.845920 9.800000 337.974945
vn -1.464895 0.285912 0.000029
v -6.526554 11.050000 332.266479
vn -1.461069 0.244360 0.513362
v -6.546998 11.059533 332.128754
vn -1.475983 0.062416 1.154120
v -6.607940 11.087951 331.993622
vn 0.009425 3.112196 2.523067
v -16.524092 15.141039 328.266571
vn -0.586730 6.071100 -1.352279
v -16.900625 15.310898 329.118286
vn -0.022078 6.221848 -0.830332
v -3.845920 15.529731 330.397186
vn -0.580750 6.096416 -1.211607
v -17.236601 15.460985 329.956024
vn -0.618604 6.148556 -0.822345
v -17.561138 15.604786 330.972046
vn -0.014566 6.273497 -0.245484
v -3.845920 15.686073 332.266479
vn -0.724003 6.175343 -0.283382
v -17.731806 15.679890 331.934967
vn -0.088154 0.001553 0.019336
v -16.524538 15.141025 328.266479
vn -0.465435 3.041448 2.550005
v -16.709223 15.127675 328.266479
vn -2.328398 5.406291 -1.796241
v -17.208567 15.213106 328.984528
vn -1.301451 2.748518 2.494524
v -17.012486 15.042763 328.266479
vn -4.267292 4.030308 -1.827974
v -17.550529 14.992740 329.027496
vn -2.436860 1.831862 2.614683
v -17.523039 14.646803 328.266479
vn -5.648614 2.182762 -1.195115
v -17.775143 14.657156 329.092957
vn -3.024247 0.762438 2.939687
v -17.798874 14.061723 328.266479
vn -3.128750 0.246287 3.104348
v -17.840006 13.803394 328.266479
vn 0.000578 0.038439 0.013404
v -17.845921 13.653104 328.266479
vn -5.673702 2.159798 -0.958359
v -17.808214 15.157701 330.207581
vn -5.656659 2.152287 -1.091866
v -17.803156 15.081164 330.018707
vn -4.284229 4.074121 -1.667144
v -17.667444 15.284994 329.985077
vn -2.292245 5.461590 -1.642088
v -17.460829 15.418842 329.962952
vn -5.671115 2.201624 -0.833549
v -17.821869 15.364514 330.787384
vn -5.727198 1.949780 -0.482880
v -17.831285 15.507296 331.311127
vn -4.306463 4.261383 -0.969945
v -17.784840 15.577657 331.304565
vn -4.215305 4.453911 -0.731246
v -17.799070 15.613094 331.565369
vn -1.840816 5.707874 -0.651791
v -17.744833 15.648599 331.562927
vn -2.163847 5.692082 -0.471575
v -17.766880 15.666343 331.821014
vn -4.581741 3.831285 -0.332609
v -17.809288 15.638536 331.822113
vn -2.074982 5.656031 -0.870797
v -17.714130 15.623860 331.300262
vn -4.300381 4.187857 -1.249585
v -17.745541 15.479735 330.772491
vn -2.204431 5.567755 -1.252544
v -17.629332 15.555397 330.762695
vn -2.245839 5.523623 -1.445717
v -17.506372 15.455813 330.160736
vn -4.299385 4.125687 -1.491621
v -17.688551 15.337647 330.179291
vn 0.130907 -0.205040 0.013442
v -14.845921 12.300000 328.266479
vn 3.403392 -0.806168 -3.008579
v -14.845921 11.005905 328.436859
vn 3.403381 -1.557363 -2.697423
v -14.845921 9.800000 328.936371
vn 3.403391 -2.202426 -2.202447
v -14.845921 8.764466 329.730957
vn 3.403406 -2.697423 -1.557353
v -14.845921 7.969873 330.766479
vn 3.403381 -3.008589 -0.806140
v -14.845921 7.470371 331.972412
vn 3.272495 -3.128154 -0.205034
v -14.845921 7.300000 333.266479
vn 2.732245 1.957713 2.968318
v -14.845921 7.300000 335.922211
vn -3.113462 -3.326607 0.356418
v -8.835345 7.300002 335.518311
vn -3.068475 -3.368850 0.623648
v -8.803735 7.300002 335.722412
vn -2.543259 1.779938 3.733754
v -8.751423 7.300000 335.922211
vn -3.045183 2.633559 2.616711
v -8.634786 7.154336 336.197083
vn -5.749151 0.002222 2.300837
v -8.693680 6.300000 336.031860
vn -6.139698 0.132577 1.266459
v -8.803735 5.300000 335.722412
vn -3.309047 -2.236110 2.836395
v -8.751423 5.300000 335.922211
vn -6.235168 0.093906 0.674424
v -8.835345 5.300000 335.518311
vn -3.049916 -2.638669 2.623924
v -8.645215 5.438332 336.176392
vn -2.747939 -2.743186 2.350220
v -8.490676 5.496377 336.437164
vn -4.404654 -0.001534 4.372547
v -8.260134 6.300000 336.680695
vn -1.871388 -2.665556 1.919027
v -8.023936 5.415511 336.924500
vn -2.332806 -0.005278 5.745422
v -7.611287 6.300000 337.114258
vn -0.784012 -1.993194 1.079524
v -7.454904 5.197749 337.238556
vn -0.558475 0.330024 6.234456
v -6.845920 5.884480 337.276093
vn -0.217249 -1.530910 0.656933
v -6.845920 5.056983 337.352753
vn -0.557465 -0.330731 6.234557
v -6.845920 6.715520 337.276093
vn -0.780025 1.992003 1.073867
v -7.451777 7.403432 337.239716
vn -1.832982 2.654701 1.872093
v -7.988905 7.196469 336.950745
vn -0.216255 1.529580 0.655444
v -6.845920 7.543016 337.352753
vn -2.717943 2.747177 2.325665
v -8.461322 7.100952 336.478363
vn 3.622362 -0.924085 2.901566
v -14.845921 4.803544 335.569397
vn 3.607549 3.015223 0.474171
v -14.845921 7.112075 336.367279
vn 3.621528 -2.955919 0.732405
v -14.845921 5.470656 336.281738
vn 3.621881 -2.222595 2.081720
v -14.845921 5.229900 335.838654
vn 3.604618 2.885973 -0.995266
v -14.845921 7.154734 336.848511
vn 3.621373 -2.937502 -0.803194
v -14.845921 5.464589 336.785980
vn 3.602970 2.082394 -2.232617
v -14.845921 7.418019 337.253601
vn 3.602276 0.792313 -2.948565
v -14.845921 7.840481 337.487946
vn 2.821949 -1.635468 -3.007268
v -14.845921 8.323516 337.496918
vn 2.947720 -1.307090 2.839440
v -14.845921 10.069995 338.094147
vn 2.946196 -1.864048 2.509146
v -14.845921 11.657907 339.035126
vn 2.940822 -2.333508 2.079090
v -14.845921 13.020465 340.280243
vn 2.941898 -2.708664 1.559320
v -14.845921 14.100359 341.777130
vn 2.942883 -2.969886 0.973931
v -14.845921 14.852168 343.462860
vn 1.360578 -1.535469 5.043446
v -14.845921 15.244272 345.266479
vn 3.621435 -2.171990 -2.134568
v -14.845921 5.213243 337.223145
vn 3.621554 -0.854165 -2.923063
v -14.845921 4.780531 337.482056
vn 2.831640 1.619151 -3.006975
v -14.845921 4.276484 337.496918
vn 2.947720 1.307090 2.839440
v -14.845921 2.530005 338.094147
vn 2.946197 1.864048 2.509147
v -14.845921 0.942093 339.035126
vn 2.940821 2.333508 2.079090
v -14.845921 -0.420465 340.280243
vn 2.941898 2.708664 1.559320
v -14.845921 -1.500359 341.777130
vn 2.942883 2.969886 0.973931
v -14.845921 -2.252168 343.462860
vn 1.360578 1.535469 5.043790
v -14.845921 -2.644272 345.266479
vn -6.191919 -0.750229 0.047559
v -17.845921 4.550000 295.648621
vn -6.220342 -0.623984 0.039351
v -17.845921 4.800000 299.461639
vn -6.242091 -0.505482 0.031626
v -17.845921 5.050000 303.274628
vn -6.258214 -0.394580 0.024420
v -17.845921 5.300000 307.087616
vn -6.269630 -0.290946 0.017675
v -17.845921 5.550000 310.900604
vn -6.277156 -0.194198 0.011379
v -17.845921 5.800000 314.713593
vn -6.281465 -0.103832 0.005507
v -17.845921 6.050000 318.526611
vn -1.570796 1.570796 1.570797
v -17.845921 16.799999 300.266479
vn -3.665182 -0.000000 -3.034550
v -17.845921 12.050000 298.366486
vn -3.665171 1.517239 -2.628024
v -17.845921 11.600000 298.245911
vn -3.665221 2.627969 -1.517292
v -17.845921 11.270577 297.916504
vn -3.665177 -3.034551 -0.000000
v -17.845921 12.950000 297.466492
vn -3.665223 -2.627969 -1.517289
v -17.845921 12.829423 297.916504
vn -3.665171 -1.517239 -2.628023
v -17.845921 12.500000 298.245911
vn -3.665182 0.000000 3.034550
v -17.845921 12.050000 296.566498
vn -3.665171 -1.517239 2.628024
v -17.845921 12.500000 296.687073
vn -3.665223 -2.627970 1.517289
v -17.845921 12.829423 297.016479
vn -3.665181 3.034549 0.000000
v -17.845921 11.150000 297.466492
vn -3.665221 2.627968 1.517292
v -17.845921 11.270577 297.016479
vn -3.665171 1.517239 2.628023
v -17.845921 11.600000 296.687073
vn -6.142275 -1.255050 0.080773
v -17.833796 4.357943 293.395660
vn -5.882719 1.169940 -0.018630
v -17.715891 4.331109 311.093018
vn -6.242600 -0.710656 0.024977
v -17.840273 5.395473 309.353943
vn -6.228988 -0.821268 0.050867
v -17.839567 5.282407 307.614868
vn -6.224402 -0.855705 0.054577
v -17.838861 5.169341 305.875793
vn -6.212871 -0.932157 0.058083
v -17.838228 5.067916 304.315796
vn -6.212868 -0.932170 0.058083
v -17.837595 4.966492 302.755768
vn -6.201757 -0.995820 0.063767
v -17.836962 4.865067 301.195740
vn -6.191120 -1.050672 0.065797
v -17.836329 4.763642 299.635712
vn -6.181602 -1.095637 0.070310
v -17.835695 4.662217 298.075714
vn -6.162698 -1.176914 0.074015
v -17.835062 4.560792 296.515686
vn -6.162696 -1.176925 0.074017
v -17.834429 4.459367 294.955658
vn -6.282728 -0.034174 -0.056081
v -17.827345 4.875873 321.527435
vn -6.281955 -0.078260 -0.053533
v -17.808769 4.785079 319.788361
vn -6.280503 -0.123847 -0.050894
v -17.790194 4.694284 318.049286
vn -6.280798 -0.171235 0.000309
v -17.844509 6.073868 319.788361
vn -6.278245 -0.245712 0.003620
v -17.843803 5.960803 318.049286
vn -6.273591 -0.344930 0.011153
v -17.843098 5.847736 316.310211
vn -6.268074 -0.432695 0.015269
v -17.842390 5.734671 314.571136
vn -6.260513 -0.530349 0.022738
v -17.841684 5.621605 312.832062
vn -6.271349 -0.270080 -0.042393
v -17.734467 4.421902 312.832062
vn -6.282683 -0.071073 -0.007245
v -17.845215 6.186934 321.527435
vn -6.251989 -0.622829 0.037957
v -17.840979 5.508539 311.093018
vn -6.275278 -0.219705 -0.045328
v -17.753042 4.512696 314.571136
vn -6.278302 -0.170981 -0.048159
v -17.771618 4.603490 316.310211
vn -3.066391 -2.945242 -0.609942
v -21.787853 -2.700000 253.315582
vn -3.134029 -3.043419 -0.153964
v -21.980000 -2.700000 255.266495
vn 3.066391 -2.945243 -0.609942
v -2.172147 -2.700000 253.315582
vn 2.888477 -2.945243 -1.196447
v -2.741205 -2.700000 251.439651
vn 2.599560 -2.945244 -1.736971
v -3.665304 -2.700000 249.710785
vn 2.210742 -2.945241 -2.210747
v -4.908932 -2.700000 248.195419
vn 1.736970 -2.945248 -2.599562
v -6.424298 -2.700000 246.951797
vn 1.196451 -2.945244 -2.888475
v -8.153166 -2.700000 246.027695
vn 0.609939 -2.945237 -3.066391
v -10.029097 -2.700000 245.458633
vn 0.000000 -2.945252 -3.126467
v -11.980000 -2.700000 245.266495
vn -0.609939 -2.945237 -3.066391
v -13.930903 -2.700000 245.458633
vn -1.196452 -2.945244 -2.888475
v -15.806834 -2.700000 246.027695
vn -1.736970 -2.945247 -2.599562
v -17.535702 -2.700000 246.951797
vn -2.210741 -2.945241 -2.210748
v -19.051067 -2.700000 248.195419
vn -2.599560 -2.945243 -1.736972
v -20.294697 -2.700000 249.710785
vn -2.888477 -2.945243 -1.196447
v -21.218796 -2.700000 251.439651
vn 3.134029 -3.043418 -0.153964
v -1.980000 -2.700000 255.266495
vn -5.511943 -2.132918 -0.599837
v -17.813517 -3.059768 334.266479
vn -2.655319 -1.591363 -2.813358
v -17.562571 -3.727417 334.266479
vn -1.925613 -2.422234 -2.804333
v -17.093298 -4.264550 334.266479
vn -0.950938 -2.942564 -2.790678
v -16.465382 -4.602853 334.266479
vn -0.143891 -3.125670 -2.962138
v -15.758681 -4.699301 334.266479
vn -2.391987 -5.722367 0.004334
v -17.782187 -3.079266 332.933167
vn -2.105210 -5.833964 -0.004333
v -17.782187 -3.079266 333.599823
vn -1.481559 -2.743211 -3.387247
v -17.793409 -3.074078 334.266479
vn -0.759040 -3.023471 -3.392684
v -17.770411 -3.083029 334.266479
vn -0.197207 -3.129152 -3.270460
v -17.745920 -3.086074 334.266479
vn -1.914164 3.436245 3.815249
v -3.845920 2.800000 337.974945
vn -1.461088 -0.244362 -0.513346
v -6.546998 1.540467 332.404236
vn -1.475993 -0.062418 -1.154125
v -6.607940 1.512049 332.539368
vn -1.464898 -0.285911 0.000028
v -6.526554 1.550000 332.266479
vn -1.327679 2.847251 -3.141592
v -3.845920 2.800000 328.366486
vn -1.461071 -0.244361 0.513363
v -6.546998 1.540467 332.128754
vn -1.475987 -0.062420 1.154120
v -6.607940 1.512049 331.993622
vn 0.906949 1.423625 5.148721
v -3.845920 2.800000 328.266479
vn 1.362142 -4.628186 -2.456425
v -3.845920 -2.561555 328.366486
vn 1.773277 -1.538706 4.396501
v -3.845920 -2.541024 328.266479
vn 0.059661 -3.178808 3.140456
v -6.859753 -2.700000 328.266479
vn 0.058028 -3.040491 2.509879
v -6.859753 -2.541024 328.266479
vn 0.560272 -2.790146 2.455054
v -8.979695 -2.578892 328.451416
vn 0.194822 -2.860704 2.498303
v -7.922976 -2.549146 328.306000
vn -0.020551 -6.221967 -0.829829
v -3.845920 -2.929730 330.397186
vn 0.043182 -6.234760 -0.555411
v -10.569329 -2.700000 329.061493
vn 1.043451 -2.792384 2.343014
v -9.890965 -2.632579 328.717651
vn -0.014180 -6.273524 -0.245181
v -3.845920 -3.086074 332.266479
vn 3.435890 -0.212525 2.254765
v -1.472326 0.246569 323.631683
vn 5.996421 -1.165664 -1.363022
v -1.540431 -0.261881 323.627625
vn 3.185606 0.069845 2.017396
v -1.527188 -0.335514 323.762543
vn 3.504385 -1.294685 2.090843
v -1.442505 0.941994 323.765198
vn 3.486014 -2.407254 1.212603
v -1.348918 1.506432 324.179779
vn 3.465940 -3.003606 -0.038862
v -1.207665 1.840626 324.799438
vn 3.457087 -3.002357 -1.391614
v -1.049712 1.879273 325.483948
vn 3.460181 -2.442088 -2.591105
v -0.896968 1.616635 326.137726
vn 3.469260 -1.457618 -3.435511
v -0.785589 1.108226 326.609558
vn 3.477771 -0.229705 -3.797972
v -0.734690 0.425836 326.823822
vn 3.671721 1.517272 2.618882
v -6.848099 -0.200001 324.378113
vn 3.672715 -0.000000 3.025438
v -6.848431 0.299999 324.244141
vn 3.671717 -1.517270 2.618884
v -6.848099 0.799999 324.378113
vn 3.668942 -2.627999 1.508159
v -6.847189 1.166025 324.744141
vn 3.665179 -3.034548 -0.009101
v -6.845948 1.299999 325.244141
vn 3.661409 -2.627999 -1.526363
v -6.844707 1.166025 325.744141
vn 3.658666 -1.517272 -2.637083
v -6.843798 0.799999 326.110168
vn 3.657640 -0.000000 -3.043639
v -6.843465 0.299999 326.244141
vn 3.658666 1.517273 -2.637084
v -6.843798 -0.200001 326.110168
vn 3.661410 2.627999 -1.526363
v -6.844707 -0.566026 325.744141
vn 3.665179 3.034547 -0.009101
v -6.845948 -0.700001 325.244141
vn 3.668945 2.627997 1.508161
v -6.847189 -0.566026 324.744141
vn -0.671388 -3.358249 3.050160
v -10.045266 -2.700000 246.476913
vn -0.000000 -3.358258 3.123176
v -11.980000 -2.700000 246.266495
vn 0.671388 -3.358249 3.050160
v -13.914734 -2.700000 246.476913
vn 1.311383 -3.358258 2.834520
v -15.759002 -2.700000 247.098312
vn 1.890067 -3.358255 2.486338
v -17.426567 -2.700000 248.101654
vn 2.380366 -3.358251 2.021904
v -18.839458 -2.700000 249.440018
vn 2.759362 -3.358256 1.462925
v -19.931608 -2.700000 251.050812
vn 3.009336 -3.358255 0.835538
v -20.651951 -2.700000 252.858734
vn 3.118596 -3.358253 0.169086
v -20.966801 -2.700000 254.779236
vn 3.082034 -3.358254 -0.505272
v -20.861439 -2.700000 256.722534
vn 2.901356 -3.358259 -1.156011
v -20.340790 -2.700000 258.597748
vn 2.585016 -3.358250 -1.752692
v -19.429201 -2.700000 260.317169
vn 2.147812 -3.358250 -2.267408
v -18.169294 -2.700000 261.800446
vn 1.610175 -3.358257 -2.676111
v -16.619986 -2.700000 262.978210
vn 0.997240 -3.358255 -2.959686
v -14.853714 -2.700000 263.795380
vn 0.337677 -3.358255 -3.104868
v -12.953072 -2.700000 264.213745
vn -0.337677 -3.358262 -3.104868
v -11.006928 -2.700000 264.213745
vn -0.997240 -3.358255 -2.959686
v -9.106286 -2.700000 263.795380
vn -1.610174 -3.358255 -2.676111
v -7.340015 -2.700000 262.978210
vn -2.147812 -3.358251 -2.267408
v -5.790705 -2.700000 261.800446
vn -2.585016 -3.358250 -1.752692
v -4.530799 -2.700000 260.317169
vn -2.901356 -3.358260 -1.156011
v -3.619210 -2.700000 258.597748
vn -3.082034 -3.358253 -0.505271
v -3.098561 -2.700000 256.722534
vn -3.118596 -3.358254 0.169086
v -2.993199 -2.700000 254.779236
vn -3.009337 -3.358254 0.835538
v -3.308050 -2.700000 252.858734
vn -2.759362 -3.358257 1.462924
v -4.028392 -2.700000 251.050812
vn -2.380366 -3.358252 2.021903
v -5.120542 -2.700000 249.440018
vn -1.890067 -3.358255 2.486338
v -6.533432 -2.700000 248.101654
vn -1.311383 -3.358258 2.834520
v -8.200998 -2.700000 247.098312
vn 3.147568 2.325068 2.066995
v -1.980000 -1.291382 279.336304
vn 3.330010 2.921382 1.049972
v -1.980000 -1.446025 279.586182
vn 3.141490 -3.152941 -0.017827
v -1.980000 -2.700000 281.266479
vn 3.246531 1.573216 -2.642872
v -1.980000 -1.100000 266.159302
vn 3.432139 2.688323 -1.471368
v -1.980000 -1.392820 265.866486
vn -3.140744 -3.108723 0.051628
v -21.980000 -2.700000 281.266479
vn -3.134787 -3.087346 0.188302
v -21.811136 -2.700000 286.401398
vn -3.121660 -3.095217 0.345746
v -21.364334 -2.700000 291.517029
vn -3.112814 -3.137695 0.424212
v -19.996178 -2.700000 301.704773
vn -3.119401 -3.181957 0.367315
v -18.588171 -2.700000 311.888153
vn -3.132451 -3.191377 0.226362
v -18.089737 -2.700000 317.008911
vn 0.382892 -3.381547 3.107576
v -8.149255 -2.700000 328.326477
vn 0.825257 -3.513748 3.005818
v -9.166164 -2.700000 328.492706
vn 1.319285 -3.479027 2.825571
v -9.957262 -2.700000 328.744598
vn 2.684631 1.415486 2.698845
v -6.849466 -0.443558 323.827423
vn 2.678560 -0.000309 3.045719
v -6.849921 0.299999 323.644135
vn 2.679916 -1.417232 2.697165
v -6.849466 1.043556 323.827423
vn 2.681510 -2.512289 1.728662
v -6.848205 1.616774 324.335236
vn 2.680813 -3.031416 0.362076
v -6.846427 1.888334 325.051300
vn 2.678154 -2.855441 -1.089619
v -6.844539 1.796025 325.811523
vn 2.674705 -2.024761 -2.292750
v -6.842974 1.360996 326.441742
vn 2.671488 -0.730268 -2.971632
v -6.842091 0.682904 326.797638
vn 2.669328 0.731573 -2.970947
v -6.842091 -0.082906 326.797638
vn 2.672970 2.023358 -2.293560
v -6.842974 -0.760997 326.441742
vn 2.676102 2.855769 -1.087550
v -6.844539 -1.196027 325.811523
vn 2.680542 3.031668 0.358845
v -6.846427 -1.288335 325.051300
vn 2.688152 2.513770 1.728134
v -6.848205 -1.016775 324.335236
vn -6.154910 0.979169 0.577805
v -3.980000 -0.700000 276.790009
vn -6.185930 -0.737682 0.441154
v -3.980000 -0.500000 276.705139
vn -6.164548 0.853958 -0.571747
v -3.980000 -0.700000 268.266479
vn -6.164547 -0.853958 -0.571747
v -3.980000 -0.500000 268.266479
vn -5.685235 0.906508 -2.356065
v -3.827759 -0.700000 267.501129
vn -5.685236 -0.906508 -2.356065
v -3.827759 -0.500000 267.501129
vn -4.353149 0.910289 -4.353134
v -3.394214 -0.700000 266.852264
vn -4.353150 -0.910289 -4.353134
v -3.394214 -0.500000 266.852264
vn -2.356064 0.906456 -5.685249
v -2.745367 -0.700000 266.418732
vn -2.356064 -0.906456 -5.685250
v -2.745367 -0.500000 266.418732
vn -1.157718 3.018463 5.365618
v -2.409915 -1.047597 279.102264
vn -1.441706 2.031788 5.734653
v -2.408382 -0.840344 279.001038
vn -2.886338 1.827709 5.220160
v -2.803899 -0.814814 278.843109
vn -2.592583 2.895367 4.903099
v -2.810550 -1.020968 278.939758
vn -4.765902 0.987797 3.885768
v -3.447247 -0.727970 278.290283
vn -4.333309 2.404737 3.787270
v -3.451340 -0.932017 278.380859
vn -5.928516 0.160966 1.938126
v -3.844841 -0.616591 277.541901
vn -5.638576 1.578174 2.173985
v -3.845977 -0.818574 277.628845
vn -0.909378 -5.376677 -2.798684
v -2.721641 0.192820 265.983948
vn -1.729719 -5.376600 -2.380760
v -3.390685 0.192820 266.324860
vn -2.380723 -5.376643 -1.729708
v -3.921641 0.192820 266.855804
vn -2.798706 -5.376644 -0.909367
v -4.262536 0.192820 267.524841
vn -2.988638 -5.316317 -0.233042
v -4.380000 0.192820 268.266479
vn -5.038579 -3.168880 -1.580141
v -3.984047 -0.100000 267.615326
vn -5.270857 -3.090498 -0.418589
v -4.087180 -0.100000 268.266479
vn -4.284596 -3.186230 -3.082794
v -3.684744 -0.100000 267.027924
vn -3.082802 -3.186187 -4.284655
v -3.218569 -0.100000 266.561737
vn -1.580150 -3.168847 -5.038563
v -2.631154 -0.100000 266.262451
vn -2.995437 -5.318573 0.272337
v -4.380000 0.192820 276.705139
vn -5.277231 -3.086550 0.438074
v -4.087180 -0.100000 276.705139
vn -2.083703 -5.856425 0.496260
v -4.377828 0.236874 277.435944
vn -3.501583 -5.114283 0.880993
v -4.231364 0.152743 277.399017
vn -4.475364 -4.224168 1.149064
v -4.103076 0.034962 277.366669
vn -4.268747 -3.953815 2.297378
v -3.836920 0.002558 277.973419
vn -4.967977 -2.698557 2.674889
v -3.748345 -0.158214 277.925171
vn -4.267427 -2.358131 3.912210
v -3.404779 -0.201776 278.375946
vn -4.504453 -0.624663 4.262799
v -3.367822 -0.389942 278.342194
vn -3.415403 -0.303431 5.204246
v -2.956658 -0.438580 278.684387
vn -5.287192 -3.083460 1.298886
v -4.003064 -0.109047 277.341461
vn -5.405043 -1.177335 2.908543
v -3.696463 -0.333103 277.896912
vn -5.858829 -1.672328 1.383021
v -3.937420 -0.268137 277.324921
vn -1.834786 0.097524 5.943906
v -2.484053 -0.472472 278.902252
vn -3.176988 -2.064676 4.966330
v -2.979002 -0.239496 278.719055
vn -3.700573 -3.727925 3.391140
v -3.476892 -0.026278 278.441833
vn -3.329845 -4.985260 1.791639
v -3.956259 0.135043 278.038452
vn -1.724180 -1.860468 5.706800
v -2.494037 -0.266040 278.935272
vn -1.494633 -3.401247 5.019862
v -2.520373 -0.069054 279.022400
vn -1.204466 -4.678734 3.967042
v -2.561058 0.096225 279.157013
vn -2.187777 -4.756500 3.416150
v -3.105721 0.105782 278.915619
vn -1.282882 -5.741162 1.989147
v -3.197602 0.217936 279.058167
vn -1.704519 -5.772537 1.545948
v -3.700544 0.223340 278.646149
vn -0.685039 -5.723002 2.308214
v -2.611084 0.214170 279.322540
vn -2.004682 -5.797340 1.092359
v -4.095448 0.229655 278.114288
vn -2.901086 -4.861286 2.657927
v -3.579005 0.119361 278.535126
vn -2.778461 -3.533393 4.340577
v -3.029957 -0.051350 278.798096
vn -0.479645 6.021152 1.556860
v -2.653440 -1.469664 279.556244
vn -0.929179 5.986442 1.458931
v -3.267036 -1.466820 279.258331
vn -1.350569 5.943951 1.246857
v -3.775677 -1.462535 278.805847
vn -1.802863 5.874887 0.993826
v -4.157614 -1.457206 278.237518
vn -2.092203 5.830679 0.489578
v -4.411848 -1.450655 277.531647
vn -3.002144 5.315925 0.271578
v -4.380000 -1.392820 276.790009
vn -3.999709 4.656895 0.960971
v -4.161861 -1.295384 277.468994
vn -5.286891 3.066784 0.398474
v -4.087180 -1.100000 276.790009
vn -5.361767 2.913379 1.284639
v -3.985188 -1.055895 277.424683
vn -4.531778 3.478468 2.535187
v -3.783117 -1.114857 278.034729
vn -3.667521 3.701923 3.429407
v -3.471630 -1.162819 278.529938
vn -2.604285 4.099145 3.945750
v -3.051732 -1.201381 278.926727
vn -1.841508 5.211609 2.889778
v -3.148379 -1.364203 279.075592
vn -0.909390 5.313829 3.151565
v -2.592430 -1.376108 279.355865
vn -1.311198 4.134373 4.493011
v -2.541661 -1.226971 279.189148
vn -2.668233 5.062368 2.458844
v -3.605555 -1.346156 278.651459
vn -3.386703 4.879701 1.840560
v -3.943865 -1.323520 278.121765
vn -2.988638 5.316317 -0.233043
v -4.380000 -1.392820 268.266479
vn -5.270857 3.090498 -0.418590
v -4.087180 -1.100000 268.266479
vn -2.798709 5.376642 -0.909364
v -4.262536 -1.392820 267.524841
vn -2.380704 5.376651 -1.729712
v -3.921641 -1.392820 266.855804
vn -1.729749 5.376591 -2.380756
v -3.390685 -1.392820 266.324860
vn -0.909356 5.376671 -2.798701
v -2.721641 -1.392820 265.983948
vn -1.580088 3.168856 -5.038577
v -2.631154 -1.100000 266.262451
vn -3.082845 3.186198 -4.284613
v -3.218569 -1.100000 266.561737
vn -4.284587 3.186220 -3.082819
v -3.684744 -1.100000 267.027924
vn -5.038580 3.168882 -1.580136
v -3.984047 -1.100000 267.615326
vn -3.665182 0.000000 3.034549
v -3.945920 12.050000 267.766479
vn -3.665217 -1.517290 2.627971
v -3.945920 12.500000 267.887054
vn -3.665177 -2.628020 1.517237
v -3.945920 12.829423 268.216492
vn -3.665198 3.034542 -0.000026
v -3.945920 11.150000 268.666504
vn -3.665175 2.628021 1.517241
v -3.945920 11.270577 268.216492
vn -3.665218 1.517290 2.627971
v -3.945920 11.600000 267.887054
vn -1.570795 1.570796 1.570796
v -3.945920 16.799999 271.366486
vn -3.665183 -0.000000 -3.034549
v -3.945920 12.050000 269.566498
vn -3.665218 1.517290 -2.627971
v -3.945920 11.600000 269.445923
vn -3.665158 2.628012 -1.517266
v -3.945920 11.270577 269.116486
vn -3.665194 -3.034546 -0.000025
v -3.945920 12.950000 268.666504
vn -3.665160 -2.628013 -1.517263
v -3.945920 12.829423 269.116486
vn -3.665218 -1.517290 -2.627971
v -3.945920 12.500000 269.445923
vn 1.211700 4.449368 -0.387699
v 16.068293 16.969845 262.464783
vn 2.031191 4.151377 -0.235953
v 14.750609 17.448990 262.220917
vn 2.784296 3.687091 -0.261506
v 13.539678 18.195520 262.261963
vn 3.410012 3.094118 -0.462181
v 12.533598 19.148958 262.584625
vn 3.857611 2.420523 -0.821758
v 11.813879 20.232063 263.162750
vn 4.090865 1.720845 -1.311061
v 11.438828 21.357086 263.949524
vn 4.090868 1.051783 -1.890478
v 11.438828 22.432884 264.881195
vn 3.857621 0.467514 -2.513093
v 11.813879 23.372305 265.882294
vn 3.409985 0.015443 -3.128408
v 12.533598 24.099241 266.871674
vn 2.784311 -0.267888 -3.686635
v 13.539678 24.554800 267.769257
vn 2.031173 -0.359488 -4.142509
v 14.750609 24.702074 268.502258
vn 1.211689 -0.251932 -4.459096
v 16.068293 24.529135 269.011322
vn 0.392209 0.046054 -4.610780
v 17.385977 24.049990 269.255219
vn -0.360910 0.510343 -4.585256
v 18.596909 23.303459 269.214172
vn -0.986605 1.103299 -4.384589
v 19.602987 22.350021 268.891510
vn -1.434216 1.776914 -4.025056
v 20.322708 21.266916 268.313385
vn -1.667477 2.476602 -3.535727
v 20.697760 20.141893 267.526611
vn -1.667476 3.145668 -2.956293
v 20.697760 19.066095 266.594940
vn -1.434214 3.729916 -2.333687
v 20.322708 18.126675 265.593842
vn -0.986609 4.182006 -1.718370
v 19.602987 17.399738 264.604431
vn -0.360923 4.465329 -1.160156
v 18.596909 16.944180 263.706879
vn 0.392197 4.556927 -0.704247
v 17.385977 16.796906 262.973877
vn 0.190256 -0.303735 -4.206881
v 16.254606 22.090399 271.517975
vn 0.190244 4.207137 -0.300356
v 16.254606 14.837314 265.236603
vn 1.009743 -0.601720 -4.055217
v 14.936922 22.569542 271.274078
vn 1.009742 4.099585 0.016218
v 14.936922 15.010253 264.727539
vn 1.829242 -0.709269 -3.738588
v 13.619239 22.742483 270.765015
vn 1.829250 3.801585 0.167918
v 13.619239 15.489397 264.483643
vn 2.582387 -0.617684 -3.282740
v 12.408306 22.595207 270.031982
vn 2.582349 3.337298 0.142391
v 12.408306 16.235929 264.524689
vn 3.208030 -0.334350 -2.724519
v 11.402227 22.139648 269.134430
vn 3.208055 2.744324 -0.058279
v 11.402227 17.189367 264.847351
vn 3.655679 0.117738 -2.109182
v 10.682508 21.412714 268.145020
vn 3.655606 2.070736 -0.417883
v 10.682508 18.272470 265.425507
vn 3.888848 0.702005 -1.486611
v 10.307457 20.473293 267.143951
vn 3.888921 1.371057 -0.907163
v 10.307457 19.397493 266.212280
vn -0.562838 4.115538 -0.756267
v 17.465538 14.984589 265.969635
vn -0.562856 0.160553 -4.181355
v 17.465538 21.343866 271.476929
vn -1.188579 3.832229 -1.314466
v 18.471617 15.440146 266.867188
vn -1.188573 0.753528 -3.980673
v 18.471617 20.390429 271.154266
vn -1.636161 3.380116 -1.929802
v 19.191336 16.167082 267.856598
vn -1.636239 1.427149 -3.621171
v 19.191336 19.307325 270.576111
vn -1.869502 2.795891 -2.552426
v 19.566389 17.106503 268.857666
vn -1.869429 2.126815 -3.131830
v 19.566389 18.182302 269.789337
vn 0.678888 2.955773 -3.055824
v -10.199833 38.299999 247.467072
vn 0.053400 2.801068 -3.119499
v -11.980000 38.299999 247.266495
vn -0.721934 2.937420 -3.040242
v -13.760167 38.299999 247.467072
vn 1.366416 2.975051 -2.817065
v -8.508930 38.299999 248.058746
vn 1.956878 2.992284 -2.442785
v -6.992082 38.299999 249.011841
vn 2.451360 2.988895 -1.944904
v -5.725348 38.299999 250.278580
vn 2.815792 2.985461 -1.363947
v -4.772249 38.299999 251.795425
vn 3.051191 2.989388 -0.694449
v -4.180577 38.299999 253.486328
vn 3.129124 2.956533 0.003676
v -3.980000 38.299999 255.266495
vn 3.052186 2.891086 0.679375
v -4.180577 38.299999 257.046661
vn 2.830972 2.937788 1.329418
v -4.772249 38.299999 258.737549
vn 2.419325 2.917204 1.980643
v -5.725348 38.299999 260.254425
vn 1.888845 2.992715 2.495831
v -6.992082 38.299999 261.521149
vn 1.350804 2.923643 2.814997
v -8.508930 38.299999 262.474243
vn 1.326853 -2.950099 2.829480
v -8.508930 26.299999 262.474243
vn 0.694663 -2.917184 3.043569
v -10.199833 26.299999 263.065918
vn 0.694663 2.917184 3.043569
v -10.199833 38.299999 263.065918
vn 0.000000 -2.917210 3.121842
v -11.980000 26.299999 263.266479
vn 0.000000 2.917210 3.121842
v -11.980000 38.299999 263.266479
vn -0.694663 -2.917183 3.043569
v -13.760167 26.299999 263.065918
vn -0.694663 2.917184 3.043569
v -13.760167 38.299999 263.065918
vn -1.354514 -2.917197 2.812681
v -15.451070 26.299999 262.474243
vn -1.354514 2.917197 2.812681
v -15.451070 38.299999 262.474243
vn -1.946428 -2.917195 2.440758
v -16.967918 26.299999 261.521149
vn -1.946428 2.917195 2.440758
v -16.967918 38.299999 261.521149
vn -2.440754 -2.917181 1.946428
v -18.234652 26.299999 260.254425
vn -2.440754 2.917182 1.946429
v -18.234652 38.299999 260.254425
vn -2.812685 -2.917203 1.354508
v -19.187752 26.299999 258.737549
vn -2.812685 2.917203 1.354508
v -19.187752 38.299999 258.737549
vn -3.043567 -2.917191 0.694678
v -19.779423 26.299999 257.046661
vn -3.043567 2.917191 0.694678
v -19.779423 38.299999 257.046661
vn -3.121839 -2.917193 0.000000
v -19.980000 26.299999 255.266495
vn -3.121839 2.917193 -0.000000
v -19.980000 38.299999 255.266495
vn -3.043569 -2.917194 -0.694674
v -19.779423 26.299999 253.486328
vn -3.043568 2.917194 -0.694673
v -19.779423 38.299999 253.486328
vn -2.812679 -2.917191 -1.354516
v -19.187752 26.299999 251.795425
vn -2.812680 2.917191 -1.354516
v -19.187752 38.299999 251.795425
vn -2.440754 -2.917197 -1.946434
v -18.234652 26.299999 250.278580
vn -2.440753 2.917197 -1.946434
v -18.234652 38.299999 250.278580
vn -1.946434 -2.917189 -2.440752
v -16.967918 26.299999 249.011841
vn -1.946434 2.917189 -2.440751
v -16.967918 38.299999 249.011841
vn -1.354514 -2.917197 -2.812681
v -15.451070 26.299999 248.058746
vn -1.354514 2.917196 -2.812681
v -15.451070 38.299999 248.058746
vn -0.742317 -2.950932 -3.037407
v -13.760167 26.299999 247.467072
vn 0.016312 -2.805833 -3.120334
v -11.980000 26.299999 247.266495
vn 0.680461 -2.938949 -3.053676
v -10.199833 26.299999 247.467072
vn 1.362483 -2.971110 -2.816337
v -8.508930 26.299999 248.058746
vn 1.955403 -2.970541 -2.443422
v -6.992082 26.299999 249.011841
vn 2.454015 -2.966284 -1.938704
v -5.725348 26.299999 250.278580
vn 2.813293 -2.973119 -1.364694
v -4.772249 26.299999 251.795425
vn 3.050639 -2.967967 -0.684650
v -4.180577 26.299999 253.486328
vn 3.125525 -2.958293 -0.001745
v -3.980000 26.299999 255.266495
vn 3.047560 -2.960205 0.695260
v -4.180577 26.299999 257.046661
vn 2.814825 -2.960502 1.358802
v -4.772249 26.299999 258.737549
vn 2.448644 -2.960590 1.943052
v -5.725348 26.299999 260.254425
vn 1.956508 -2.977937 2.440126
v -6.992082 26.299999 261.521149
vn -0.000000 3.414767 3.112333
v -11.980000 38.299999 249.766495
vn 0.839693 3.414780 2.996918
v -13.463882 38.299999 249.970444
vn 1.617121 3.414774 2.659235
v -14.837711 38.299999 250.567184
vn 2.274603 3.414771 2.124334
v -15.999598 38.299999 251.512451
vn 2.763393 3.414781 1.431873
v -16.863369 38.299999 252.736130
vn 3.047236 3.414771 0.633219
v -17.364962 38.299999 254.147491
vn 3.105076 3.414775 -0.212391
v -17.467178 38.299999 255.641830
vn 2.932627 3.414778 -1.042259
v -17.162436 38.299999 257.108337
vn 2.542676 3.414774 -1.794827
v -16.473335 38.299999 258.438232
vn 1.964159 3.414767 -2.414270
v -15.450984 38.299999 259.532898
vn 1.239966 3.414778 -2.854661
v -14.171206 38.299999 260.311157
vn 0.423799 3.414777 -3.083343
v -12.728916 38.299999 260.715271
vn -0.423799 3.414777 -3.083343
v -11.231084 38.299999 260.715271
vn -1.239966 3.414778 -2.854661
v -9.788794 38.299999 260.311157
vn -1.964160 3.414767 -2.414269
v -8.509016 38.299999 259.532898
vn -2.542677 3.414774 -1.794827
v -7.486666 38.299999 258.438232
vn -2.932626 3.414778 -1.042260
v -6.797565 38.299999 257.108337
vn -3.105076 3.414774 -0.212392
v -6.492822 38.299999 255.641830
vn -3.047236 3.414772 0.633219
v -6.595037 38.299999 254.147491
vn -2.763393 3.414779 1.431874
v -7.096632 38.299999 252.736130
vn -2.274603 3.414772 2.124333
v -7.960402 38.299999 251.512451
vn -1.617121 3.414774 2.659235
v -9.122289 38.299999 250.567184
vn -0.839693 3.414780 2.996918
v -10.496118 38.299999 249.970444
vn 0.839693 2.868405 2.996918
v -13.463882 32.299999 249.970444
vn -0.000000 2.868419 3.112334
v -11.980000 32.299999 249.766495
vn -0.839693 2.868405 2.996918
v -10.496118 32.299999 249.970444
vn -1.617121 2.868412 2.659235
v -9.122289 32.299999 250.567184
vn -2.274603 2.868414 2.124333
v -7.960402 32.299999 251.512451
vn -2.763393 2.868406 1.431874
v -7.096632 32.299999 252.736130
vn -3.047235 2.868413 0.633219
v -6.595037 32.299999 254.147491
vn -3.105076 2.868411 -0.212392
v -6.492822 32.299999 255.641830
vn -2.932626 2.868408 -1.042260
v -6.797565 32.299999 257.108337
vn -2.542677 2.868412 -1.794827
v -7.486666 32.299999 258.438232
vn -1.964160 2.868418 -2.414268
v -8.509016 32.299999 259.532898
vn -1.239966 2.868407 -2.854661
v -9.788794 32.299999 260.311157
vn -0.423799 2.868409 -3.083343
v -11.231084 32.299999 260.715271
vn 0.423799 2.868409 -3.083343
v -12.728916 32.299999 260.715271
vn 1.239966 2.868408 -2.854661
v -14.171206 32.299999 260.311157
vn 1.964159 2.868418 -2.414269
v -15.450984 32.299999 259.532898
vn 2.542677 2.868411 -1.794827
v -16.473335 32.299999 258.438232
vn 2.932627 2.868408 -1.042259
v -17.162436 32.299999 257.108337
vn 3.105076 2.868411 -0.212391
v -17.467178 32.299999 255.641830
vn 3.047236 2.868415 0.633219
v -17.364962 32.299999 254.147491
vn 2.763393 2.868405 1.431873
v -16.863369 32.299999 252.736130
vn 2.274603 2.868414 2.124334
v -15.999598 32.299999 251.512451
vn 1.617121 2.868411 2.659234
v -14.837711 32.299999 250.567184
vn -2.618027 2.628012 -1.517266
v 6.054080 11.270577 269.116486
vn -2.617988 3.034544 -0.000025
v 6.054080 11.150000 268.666504
vn -2.618010 2.628019 1.517240
v 6.054080 11.270577 268.216492
vn -2.617968 1.517290 2.627971
v 6.054080 11.600000 267.887054
vn -2.618003 -0.000000 3.034549
v 6.054080 12.050000 267.766479
vn -2.617968 -1.517290 2.627971
v 6.054080 12.500000 267.887054
vn -2.618008 -2.628022 1.517238
v 6.054080 12.829423 268.216492
vn -2.617992 -3.034544 -0.000026
v 6.054080 12.950000 268.666504
vn -2.618025 -2.628013 -1.517263
v 6.054080 12.829423 269.116486
vn -2.617968 -1.517290 -2.627971
v 6.054080 12.500000 269.445923
vn -2.618003 0.000000 -3.034549
v 6.054080 12.050000 269.566498
vn -2.617968 1.517290 -2.627971
v 6.054080 11.600000 269.445923
vn 2.945288 0.306413 3.111435
v -7.745920 15.150000 328.266479
vn 2.945246 3.111412 0.306442
v -7.745920 16.799999 326.616486
vn 3.665160 -2.628015 1.517264
v -7.745920 12.829423 325.816498
vn 3.665217 -1.517290 2.627971
v -7.745920 12.500000 325.487061
vn 3.665183 -0.000000 3.034550
v -7.745920 12.050000 325.366486
vn 2.748901 2.846694 1.179116
v -7.745920 16.674400 327.247925
vn 3.665176 -2.628021 -1.517237
v -7.745920 12.829423 326.716492
vn 3.665194 -3.034544 0.000026
v -7.745920 12.950000 326.266479
vn 2.748870 2.178750 2.178753
v -7.745920 16.316727 327.783234
vn 3.665218 -1.517290 -2.627972
v -7.745920 12.500000 327.045929
vn 3.665183 0.000000 -3.034550
v -7.745920 12.050000 327.166504
vn 3.665218 1.517290 -2.627971
v -7.745920 11.600000 327.045929
vn 3.665175 2.628019 -1.517240
v -7.745920 11.270577 326.716492
vn 3.665198 3.034544 0.000026
v -7.745920 11.150000 326.266479
vn 3.665158 2.628013 1.517266
v -7.745920 11.270577 325.816498
vn 3.665217 1.517290 2.627972
v -7.745920 11.600000 325.487061
vn 2.748869 1.179074 2.846703
v -7.745920 15.781427 328.140900
vn 1.570796 1.570796 1.570798
v -7.745920 16.799999 300.266479
vn 3.665181 3.034549 -0.000000
v -7.745920 11.150000 297.466492
vn 3.665221 2.627968 -1.517292
v -7.745920 11.270577 297.916504
vn 3.665171 1.517239 -2.628023
v -7.745920 11.600000 298.245911
vn 3.665182 -0.000000 3.034550
v -7.745920 12.050000 296.566498
vn 3.665171 1.517239 2.628024
v -7.745920 11.600000 296.687073
vn 3.665221 2.627969 1.517292
v -7.745920 11.270577 297.016479
vn 3.665177 -3.034551 0.000000
v -7.745920 12.950000 297.466492
vn 3.665223 -2.627969 1.517289
v -7.745920 12.829423 297.016479
vn 3.665171 -1.517239 2.628023
v -7.745920 12.500000 296.687073
vn 3.665182 0.000000 -3.034550
v -7.745920 12.050000 298.366486
vn 3.665171 -1.517239 -2.628024
v -7.745920 12.500000 298.245911
vn 3.665223 -2.627970 -1.517289
v -7.745920 12.829423 297.916504
vn -3.376491 -1.802664 3.068436
v -8.803212 5.103560 335.724915
vn -3.405953 -1.056618 3.303909
v -8.826854 4.858368 335.588684
vn -3.419133 -0.259788 3.385255
v -8.834627 4.578382 335.525391
vn -3.150944 -1.212320 2.898237
v -3.845920 9.773873 337.963959
vn -3.151181 -1.203855 2.901765
v -3.845920 9.747711 337.953064
vn -0.906935 1.423625 -5.148722
v -3.845920 9.721516 328.366486
vn -1.222679 -0.157630 4.873988
v -3.845920 9.721516 337.942230
vn -3.150930 1.212331 2.898233
v -3.845920 2.826127 337.963959
vn -3.151193 1.203862 2.901762
v -3.845920 2.852288 337.953064
vn -0.906935 -1.423625 -5.148722
v -3.845920 2.878484 328.366486
vn -1.222677 0.157625 4.873990
v -3.845920 2.878484 337.942230
vn 3.665160 -2.628028 -1.517238
v 5.579080 6.949519 332.641479
vn -3.665160 -2.628027 -1.517238
v 1.154080 6.949519 332.641479
vn 3.665192 -3.034545 0.000000
v 5.579080 7.050000 332.266479
vn -3.665192 -3.034545 -0.000000
v 1.154080 7.050000 332.266479
vn 3.665215 -2.627966 1.517300
v 5.579080 6.949519 331.891479
vn -3.665215 -2.627967 1.517300
v 1.154080 6.949519 331.891479
vn 3.665134 -1.517297 2.628007
v 5.579080 6.675000 331.616974
vn -3.665134 -1.517297 2.628007
v 1.154080 6.675000 331.616974
vn 3.665258 -0.000000 3.034518
v 5.579080 6.300000 331.516479
vn -3.665258 0.000000 3.034518
v 1.154080 6.300000 331.516479
vn 3.665133 1.517295 2.628008
v 5.579080 5.925000 331.616974
vn -3.665133 1.517296 2.628008
v 1.154080 5.925000 331.616974
vn 3.665217 2.627966 1.517299
v 5.579080 5.650481 331.891479
vn -3.665218 2.627965 1.517299
v 1.154080 5.650481 331.891479
vn 3.665190 3.034546 -0.000000
v 5.579080 5.550000 332.266479
vn -3.665190 3.034546 0.000000
v 1.154080 5.550000 332.266479
vn 3.665162 2.628027 -1.517237
v 5.579080 5.650481 332.641479
vn -3.665162 2.628028 -1.517238
v 1.154080 5.650481 332.641479
vn 3.665264 1.517242 -2.627977
v 5.579080 5.925000 332.916016
vn -3.665264 1.517242 -2.627977
v 1.154080 5.925000 332.916016
vn 3.665107 0.000000 -3.034581
v 5.579080 6.300000 333.016479
vn -3.665107 -0.000000 -3.034581
v 1.154080 6.300000 333.016479
vn 3.665265 -1.517243 -2.627976
v 5.579080 6.675000 332.916016
vn -3.665265 -1.517243 -2.627976
v 1.154080 6.675000 332.916016
vn -2.967815 -1.295194 2.847216
v -1.895920 10.008803 338.066193
vn -2.737684 -1.782489 -2.996563
v -1.895920 8.323516 337.496918
vn -2.954689 -1.828207 2.536788
v -1.895920 11.549206 338.955841
vn -2.946911 -2.287052 2.131671
v -1.895920 12.884548 340.131042
vn -0.593225 -0.401043 6.163929
v -0.953579 15.244272 345.266479
vn -1.952581 -4.232933 2.253810
v -1.895920 15.190444 344.866486
vn -2.949075 -2.932422 1.084641
v -1.895920 14.741437 343.145264
vn -2.948032 -2.661732 1.640204
v -1.895920 13.962665 341.545929
vn -2.787399 2.761465 -2.074067
v -1.895920 7.543016 337.352753
vn -3.049215 -0.144900 3.134895
v -1.895920 6.715520 337.276093
vn -2.785923 -2.728234 -2.106638
v -1.895920 5.056983 337.352753
vn -3.049215 0.144900 3.134895
v -1.895920 5.884480 337.276093
vn 0.433546 3.097095 -2.950695
v 5.166318 16.383512 334.266479
vn 0.331468 3.104700 -3.411858
v -0.966597 15.686073 334.266479
vn 1.273005 2.809582 -2.759802
v 5.904494 16.207144 334.266479
vn -1.514616 -2.630933 -3.657783
v 3.091580 15.144375 334.266479
vn 0.000436 -3.034664 -3.664507
v 2.604080 15.275000 334.266479
vn 1.231474 2.764838 -3.866858
v -0.185517 15.538280 334.266479
vn 1.517271 -2.627994 -3.665192
v 2.116580 15.144375 334.266479
vn 2.078598 2.109896 -4.088155
v 0.484999 15.112243 334.266479
vn 2.627993 -1.517273 -3.665192
v 1.759705 14.787500 334.266479
vn 2.668927 1.135702 -4.260009
v 0.941178 14.463555 334.266479
vn 3.035003 -0.001714 -3.662785
v 1.629080 14.300000 334.266479
vn 2.953462 0.300926 -4.141677
v 1.104080 13.686073 334.266479
vn 2.643856 1.502156 -3.629150
v 1.759705 13.812500 334.266479
vn 1.520834 2.638520 -3.603342
v 2.116580 13.455626 334.266479
vn 2.228150 2.132989 -2.759802
v 6.523808 15.768442 334.266479
vn 2.862436 1.149242 -2.759801
v 6.935078 15.130582 334.266479
vn -2.630140 -1.517578 -3.653119
v 3.448454 14.787500 334.266479
vn 3.113059 0.298040 -2.950698
v 7.079080 14.385417 334.266479
vn -3.036346 -0.000000 -3.654522
v 3.579080 14.300000 334.266479
vn -2.643405 1.503798 -3.626515
v 3.448454 13.812500 334.266479
vn -1.520834 2.638520 -3.603342
v 3.091580 13.455626 334.266479
vn 4.712389 1.570796 -1.570796
v 7.079080 8.800000 334.266479
vn 0.319736 0.114746 -6.242411
v 1.104097 12.050000 334.266479
vn 1.517264 1.832663 -1.977378
v 1.104115 8.800000 334.266479
vn 0.000000 3.044739 -3.611244
v 2.604080 13.325000 334.266479
vn -0.703976 -2.603522 3.925207
v -0.953579 11.198979 345.266479
vn 2.630584 1.514945 3.658649
v 1.759705 13.812500 345.266479
vn -1.232494 -1.481763 5.233715
v 1.404080 11.198979 345.266479
vn 1.517536 2.629889 3.654547
v 2.116580 13.455626 345.266479
vn -0.001794 3.035649 3.658349
v 2.604080 13.325000 345.266479
vn -1.508745 2.637184 3.643232
v 3.091580 13.455626 345.266479
vn 3.113059 0.298040 2.950697
v 7.079080 14.385417 345.266479
vn -2.634413 1.518709 3.628459
v 3.448454 13.812500 345.266479
vn -3.040301 -0.000000 3.632797
v 3.579080 14.300000 345.266479
vn 2.862435 1.149242 2.759801
v 6.935078 15.130582 345.266479
vn 2.228150 2.132989 2.759802
v 6.523808 15.768442 345.266479
vn -1.249763 1.485608 5.222481
v 1.404080 1.401021 345.266479
vn 3.113059 -0.298039 2.950699
v 7.079080 -1.785416 345.266479
vn -1.510683 -2.636578 3.640590
v 3.091580 -0.855625 345.266479
vn -2.634200 -1.519173 3.628115
v 3.448454 -1.212500 345.266479
vn -0.651412 2.649462 3.761066
v -0.953579 1.401021 345.266479
vn 2.630585 -1.514944 3.658649
v 1.759705 -1.212500 345.266479
vn 1.517535 -2.629889 3.654548
v 2.116580 -0.855625 345.266479
vn 0.000000 -3.036125 3.655787
v 2.604080 -0.725000 345.266479
vn -0.593226 0.401043 6.163929
v -0.953579 -2.644272 345.266479
vn 3.034649 0.000388 3.664582
v 1.629080 -1.700000 345.266479
vn 2.627993 1.517273 3.665192
v 1.759705 -2.187500 345.266479
vn 1.517273 2.627994 3.665191
v 2.116580 -2.544375 345.266479
vn 0.001155 3.034854 3.663493
v 2.604080 -2.675000 345.266479
vn 0.433546 -3.097095 2.950697
v 5.166318 -3.783513 345.266479
vn 1.273005 -2.809582 2.759803
v 5.904494 -3.607144 345.266479
vn -2.634199 1.519173 3.628116
v 3.448454 -2.187500 345.266479
vn -1.508869 2.637066 3.643501
v 3.091580 -2.544375 345.266479
vn -3.040477 0.000000 3.631730
v 3.579080 -1.700000 345.266479
vn 2.228149 -2.132990 2.759802
v 6.523808 -3.168443 345.266479
vn 2.862436 -1.149241 2.759801
v 6.935078 -2.530582 345.266479
vn 1.273005 2.809582 2.759802
v 5.904494 16.207144 345.266479
vn -2.634413 -1.518709 3.628459
v 3.448454 14.787500 345.266479
vn 0.433546 3.097095 2.950697
v 5.166318 16.383512 345.266479
vn -1.508743 -2.637185 3.643234
v 3.091580 15.144375 345.266479
vn 0.001155 -3.034855 3.663491
v 2.604080 15.275000 345.266479
vn 3.034649 -0.000388 3.664582
v 1.629080 14.300000 345.266479
vn 2.627993 -1.517273 3.665192
v 1.759705 14.787500 345.266479
vn 1.517271 -2.627994 3.665192
v 2.116580 15.144375 345.266479
vn -0.007112 2.917875 5.366805
v -7.370920 7.600000 335.656189
vn 0.000000 -0.000001 6.069098
v -7.370920 8.100000 335.522217
vn 0.000000 -3.034540 5.255981
v -7.370920 8.600000 335.656189
vn 0.000000 -5.255994 3.034539
v -7.370920 8.966025 336.022217
vn 0.000000 -6.069089 0.000000
v -7.370920 9.100000 336.522217
vn 0.000000 -5.255994 -3.034539
v -7.370920 8.966025 337.022217
vn 0.000000 -3.370677 -5.145279
v -7.370920 8.600000 337.388245
vn -2.628088 -1.523709 -2.626231
v 3.104080 8.600000 337.388245
vn -2.638012 0.000187 -3.037893
v 3.104080 8.100000 337.522217
vn -2.625208 2.629724 -1.516657
v 3.104080 7.233974 337.022217
vn 0.031599 5.251309 -3.401310
v -7.370920 7.233974 337.022217
vn -2.632580 1.521373 -2.628427
v 3.104080 7.600000 337.388245
vn -3.414449 0.972438 -2.956747
v -1.895920 7.786674 337.471863
vn -3.414256 0.147610 -3.109029
v -1.895920 8.053380 337.521118
vn -2.622291 2.627294 1.519870
v 3.104080 7.233974 336.022217
vn -2.617986 1.517269 2.627991
v 3.104080 7.600000 335.656189
vn 0.002041 5.480803 3.032961
v -7.370920 7.233974 336.022217
vn -2.624603 3.035650 -0.001063
v 3.104080 7.100000 336.522217
vn 0.004565 6.163251 -0.173426
v -7.370920 7.100000 336.522217
vn -2.617985 -1.517270 2.627990
v 3.104080 8.600000 335.656189
vn -2.618003 -0.000000 3.034549
v 3.104080 8.100000 335.522217
vn -2.617999 -2.627997 1.517269
v 3.104080 8.966025 336.022217
vn -2.617992 -3.034544 0.000000
v 3.104080 9.100000 336.522217
vn -2.617998 -2.627997 -1.517269
v 3.104080 8.966025 337.022217
vn 0.247290 3.086547 -3.623821
v -2.373240 15.161555 328.366486
vn 0.552767 6.100670 -1.240463
v -2.150098 15.346607 329.307404
vn 0.583001 6.127799 -1.047218
v -1.918621 15.515621 330.302002
vn 0.533262 6.182157 -0.654703
v -1.699253 15.636647 331.278503
vn 0.515600 6.223203 -0.268649
v -1.492700 15.686073 332.266479
vn 0.564366 6.228917 -0.139423
v -1.319032 15.686073 332.933594
vn 0.568274 6.227710 -0.150158
v -1.143664 15.686073 333.600281
vn 0.433546 3.097095 2.950697
v 5.166318 16.383512 336.266479
vn 0.502409 6.250383 0.142115
v 1.753557 16.532516 336.266479
vn 0.438551 6.261324 -0.105249
v 1.753557 16.532516 343.266479
vn 0.433546 3.097095 -2.950696
v 5.166318 16.383512 343.266479
vn 1.493305 5.945904 -0.456220
v -6.732966 11.067767 332.454163
vn 0.027143 5.060841 -3.578163
v -7.276082 11.183974 332.766479
vn 0.011979 3.025715 -5.264709
v -7.276082 11.550000 333.132507
vn 3.273625 2.253277 -3.919726
v -0.906244 11.550000 333.132507
vn 3.270014 0.000000 -4.529790
v -0.906244 12.050000 333.266479
vn 0.000000 0.000000 -6.069099
v -7.276082 12.050000 333.266479
vn 3.275417 -2.254128 -3.918876
v -0.906244 12.550000 333.132507
vn 0.000000 -3.034541 -5.255982
v -7.276082 12.550000 333.132507
vn 3.282299 -3.904259 -2.257205
v -0.906244 12.916025 332.766479
vn 0.000000 -5.255995 -3.034539
v -7.276082 12.916025 332.766479
vn 3.284492 -4.506267 0.000004
v -0.906244 13.050000 332.266479
vn 0.000000 -6.069089 0.000000
v -7.276082 13.050000 332.266479
vn 3.282296 -3.904266 2.257204
v -0.906244 12.916025 331.766479
vn 0.000000 -5.255995 3.034540
v -7.276082 12.916025 331.766479
vn 3.275405 -2.254127 3.918901
v -0.906244 12.550000 331.400452
vn 0.000000 -3.034540 5.255982
v -7.276082 12.550000 331.400452
vn 3.270001 0.000000 4.529811
v -0.906244 12.050000 331.266479
vn 0.000000 0.000000 6.069099
v -7.276082 12.050000 331.266479
vn 3.273619 2.253277 3.919748
v -0.906244 11.550000 331.400452
vn 0.011942 3.025743 5.264683
v -7.276082 11.550000 331.400452
vn 0.027055 5.060933 3.577941
v -7.276082 11.183974 331.766479
vn 1.493268 5.945910 0.456254
v -6.732966 11.067767 332.078827
vn 0.000000 6.255215 0.000048
v -7.276082 11.050000 332.266479
vn 1.513964 5.977220 0.000019
v -6.694864 11.050000 332.266479
vn 3.271348 3.903545 2.262096
v -0.906244 11.183974 331.766479
vn 3.266181 4.509304 0.000005
v -0.906244 11.050000 332.266479
vn 3.271343 3.903541 -2.262096
v -0.906244 11.183974 332.766479
vn -1.952581 4.232934 2.253805
v -1.895920 -2.590444 344.866486
vn -2.949075 2.932421 1.084641
v -1.895920 -2.141437 343.145264
vn -2.948032 2.661733 1.640204
v -1.895920 -1.362664 341.545929
vn -2.946910 2.287052 2.131670
v -1.895920 -0.284548 340.131042
vn -2.954689 1.828207 2.536788
v -1.895920 1.050794 338.955841
vn -2.967815 1.295194 2.847216
v -1.895920 2.591197 338.066193
vn -2.737684 1.782489 -2.996563
v -1.895920 4.276484 337.496918
vn 0.331469 -3.104699 -3.411859
v -0.966597 -3.086074 334.266479
vn 0.433546 -3.097095 -2.950699
v 5.166318 -3.783513 334.266479
vn 1.231474 -2.764838 -3.866858
v -0.185517 -2.938280 334.266479
vn 0.000436 3.034662 -3.664509
v 2.604080 -2.675000 334.266479
vn 1.517273 2.627994 -3.665191
v 2.116580 -2.544375 334.266479
vn 2.078596 -2.109895 -4.088158
v 0.484999 -2.512243 334.266479
vn 2.627993 1.517273 -3.665191
v 1.759705 -2.187500 334.266479
vn 2.668682 -1.144740 -4.253458
v 0.941178 -1.863555 334.266479
vn 3.035003 0.001714 -3.662785
v 1.629080 -1.700000 334.266479
vn 2.958125 -0.290147 -4.132521
v 1.104080 -1.086074 334.266479
vn 2.643856 -1.502155 -3.629149
v 1.759705 -1.212500 334.266479
vn 1.520832 -2.638520 -3.603344
v 2.116580 -0.855625 334.266479
vn 0.319736 -0.114746 -6.242413
v 1.104097 0.550000 334.266479
vn 0.000000 -3.044740 -3.611242
v 2.604080 -0.725000 334.266479
vn -1.520833 -2.638520 -3.603344
v 3.091580 -0.855625 334.266479
vn 4.712389 -1.570796 -1.570796
v 7.079080 3.800000 334.266479
vn 3.113059 -0.298039 -2.950699
v 7.079080 -1.785416 334.266479
vn 1.517263 -1.832663 -1.977378
v 1.104115 3.800000 334.266479
vn 2.862436 -1.149241 -2.759801
v 6.935078 -2.530582 334.266479
vn -2.630067 1.517728 -3.653044
v 3.448454 -2.187500 334.266479
vn -3.035948 -0.001710 -3.656508
v 3.579080 -1.700000 334.266479
vn -2.643856 -1.502155 -3.629149
v 3.448454 -1.212500 334.266479
vn -1.514668 2.630893 -3.657881
v 3.091580 -2.544375 334.266479
vn 2.228149 -2.132990 -2.759802
v 6.523808 -3.168443 334.266479
vn 1.273005 -2.809582 -2.759802
v 5.904494 -3.607144 334.266479
vn 0.000000 3.370675 -5.145281
v -7.370920 4.000000 337.388245
vn 0.000000 5.255993 -3.034537
v -7.370920 3.633975 337.022217
vn 0.000000 6.069090 0.000000
v -7.370920 3.500000 336.522217
vn 0.000000 5.255993 3.034537
v -7.370920 3.633975 336.022217
vn 0.000000 3.335425 5.158893
v -7.370920 4.000000 335.656189
vn -2.622157 1.519876 2.627285
v 3.104080 4.000000 335.656189
vn -2.625888 -0.000299 3.035861
v 3.104080 4.500000 335.522217
vn -2.628088 1.523708 -2.626232
v 3.104080 4.000000 337.388245
vn -2.617997 2.627997 -1.517269
v 3.104080 3.633975 337.022217
vn -2.617994 3.034545 -0.000000
v 3.104080 3.500000 336.522217
vn -2.617997 2.627996 1.517269
v 3.104080 3.633975 336.022217
vn -2.638012 -0.000187 -3.037893
v 3.104080 4.500000 337.522217
vn -3.414257 -0.147610 -3.109029
v -1.895920 4.546620 337.521118
vn -3.414448 -0.972438 -2.956747
v -1.895920 4.813325 337.471863
vn -2.632854 -1.521244 -2.628551
v 3.104080 5.000000 337.388245
vn 0.043825 -5.270711 -3.362271
v -7.370920 5.366025 337.022217
vn -2.626127 -2.629749 -1.516946
v 3.104080 5.366025 337.022217
vn 0.010680 -6.212827 -0.513726
v -7.370920 5.500000 336.522217
vn -2.625052 -3.035728 -0.000509
v 3.104080 5.500000 336.522217
vn -2.621964 -2.627334 1.519729
v 3.104080 5.366025 336.022217
vn -0.008916 -5.179991 3.434910
v -7.370920 5.366025 336.022217
vn -2.621815 -1.519579 2.627372
v 3.104080 5.000000 335.656189
vn 0.001311 -3.088792 5.453573
v -7.370920 5.000000 335.656189
vn -0.000831 -0.256959 6.214624
v -7.370920 4.500000 335.522217
vn 0.568276 -6.227710 -0.150158
v -1.143664 -3.086074 333.600281
vn 0.568909 -6.227650 -0.148989
v -1.319032 -3.086074 332.933594
vn 0.528312 -6.221251 -0.261911
v -1.492700 -3.086074 332.266479
vn 0.433546 -3.097095 -2.950695
v 5.166318 -3.783513 343.266479
vn 0.438553 -6.261323 -0.105250
v 1.753557 -3.932517 343.266479
vn 0.502410 -6.250382 0.142116
v 1.753557 -3.932517 336.266479
vn 0.433546 -3.097095 2.950696
v 5.166318 -3.783513 336.266479
vn 1.493300 -5.945895 0.456256
v -6.732966 1.532233 332.078827
vn 0.027057 -5.060934 3.577944
v -7.276082 1.416025 331.766479
vn 0.011943 -3.025744 5.264682
v -7.276082 1.050000 331.400452
vn 3.273619 -2.253278 3.919748
v -0.906244 1.050000 331.400452
vn 3.270002 -0.000000 4.529810
v -0.906244 0.550000 331.266479
vn 0.000000 -0.000000 6.069098
v -7.276082 0.550000 331.266479
vn 3.275405 2.254125 3.918902
v -0.906244 0.050000 331.400452
vn 0.000000 3.034539 5.255984
v -7.276082 0.050000 331.400452
vn 3.282297 3.904266 2.257204
v -0.906244 -0.316025 331.766479
vn 0.000000 5.255994 3.034538
v -7.276082 -0.316025 331.766479
vn 3.284491 4.506268 0.000004
v -0.906244 -0.450000 332.266479
vn 0.000000 6.069091 0.000000
v -7.276082 -0.450000 332.266479
vn 3.282300 3.904259 -2.257204
v -0.906244 -0.316025 332.766479
vn 0.000000 5.255995 -3.034538
v -7.276082 -0.316025 332.766479
vn 3.275417 2.254127 -3.918876
v -0.906244 0.050000 333.132507
vn 0.000000 3.034539 -5.255983
v -7.276082 0.050000 333.132507
vn 3.270014 -0.000000 -4.529790
v -0.906244 0.550000 333.266479
vn 0.000000 -0.000000 -6.069098
v -7.276082 0.550000 333.266479
vn 3.273626 -2.253278 -3.919725
v -0.906244 1.050000 333.132507
vn 0.011979 -3.025717 -5.264709
v -7.276082 1.050000 333.132507
vn 0.027144 -5.060841 -3.578165
v -7.276082 1.416025 332.766479
vn 1.493310 -5.945899 -0.456228
v -6.732966 1.532233 332.454163
vn 0.000000 -6.255214 0.000048
v -7.276082 1.550000 332.266479
vn 1.513969 -5.977220 0.000018
v -6.694864 1.550000 332.266479
vn 3.271342 -3.903542 -2.262097
v -0.906244 1.416025 332.766479
vn 3.266183 -4.509303 0.000005
v -0.906244 1.550000 332.266479
vn 3.271347 -3.903545 2.262096
v -0.906244 1.416025 331.766479
vn 3.285332 -0.711380 -3.854774
v 1.088561 12.524693 334.208832
vn 3.273909 -1.406628 -3.599673
v 1.042035 12.982186 334.035645
vn 6.015020 0.604896 -1.601451
v 1.028008 13.686073 333.983337
vn 3.284534 -1.992233 -3.214573
v 0.969179 13.376008 333.763550
vn 6.017202 0.588672 -1.605774
v 0.952242 13.686073 333.700134
vn 3.312550 -2.022700 -2.504115
v 0.876782 13.686073 333.416809
vn 3.285010 2.124244 0.751945
v 0.265043 -1.054362 331.072327
vn 6.020308 -0.578814 -1.599992
v 0.091957 -0.978414 330.392578
vn 3.361403 2.055372 1.570910
v 0.180975 -0.745553 330.743134
vn 3.283942 1.476636 1.976282
v 0.115185 -0.357119 330.484283
vn 3.407264 0.739043 2.255833
v 0.073776 0.089133 330.320831
vn 3.363100 -0.133228 2.331671
v 0.060038 0.550000 330.266479
vn 6.020836 -0.571602 -1.602765
v -0.078478 -0.874291 329.715668
vn 3.438194 -1.122629 -3.636795
v -0.016705 5.330570 329.962097
vn 3.447534 -0.000066 -3.832533
v -0.065823 6.300000 329.766479
vn 6.020226 0.576293 -1.601792
v -0.061199 13.485918 329.784637
vn 3.438178 1.122644 -3.636864
v -0.016705 7.269430 329.962097
vn 3.363003 0.133265 2.331310
v 0.060038 12.050000 330.266479
vn 3.424654 2.096631 -3.033931
v 0.122087 8.080430 330.511505
vn 3.432995 1.217716 2.060400
v 0.099683 11.274074 330.423157
vn 3.403428 2.261602 1.332179
v 0.211539 10.625161 330.863007
vn 6.022283 0.567521 -1.599760
v -0.221808 13.370692 329.140381
vn 6.022479 -0.567105 -1.599155
v -0.246558 -0.751720 329.040466
vn 3.061085 0.260763 -3.757919
v -0.412404 13.217332 328.366486
vn 3.061170 -0.260555 -3.757589
v -0.412404 -0.617331 328.366486
vn 3.407307 -0.739236 2.255814
v 0.073778 12.510890 330.320831
vn 6.019441 0.582165 -1.600872
v 0.132499 13.599350 330.552490
vn 3.284025 -1.476832 1.976978
v 0.115190 12.957161 330.484314
vn 3.361207 -2.054085 1.570250
v 0.180986 13.345605 330.743164
vn 3.283694 -2.082262 0.772271
v 0.265040 13.654480 331.072327
vn 3.410882 2.784975 -2.110321
v 0.329273 8.614967 331.322601
vn 3.375577 2.919208 0.255543
v 0.378131 10.197634 331.512360
vn 3.221456 3.100196 -1.189906
v 0.573793 8.800000 332.266479
vn 3.361286 3.096332 -0.965610
v 0.574137 10.050000 332.267822
vn 3.037709 3.139055 -0.801197
v 0.748841 8.800000 332.933624
vn 3.366578 2.797383 -2.135500
v 0.772360 10.198482 333.022705
vn 3.035597 3.139142 -0.809159
v 0.925616 8.800000 333.600281
vn 3.387790 2.094982 -3.086689
v 0.944413 10.625930 333.670776
vn 3.417180 1.109988 -3.694801
v 1.062005 11.274323 334.109955
vn 3.424654 -2.096632 -3.033931
v 0.122087 4.519570 330.511505
vn 3.432993 -1.217716 2.060400
v 0.099683 1.325926 330.423157
vn 3.403428 -2.261602 1.332178
v 0.211539 1.974839 330.863007
vn 3.410882 -2.784976 -2.110321
v 0.329273 3.985033 331.322601
vn 3.375576 -2.919207 0.255543
v 0.378131 2.402366 331.512360
vn 3.221456 -3.100196 -1.189906
v 0.573793 3.800000 332.266479
vn 3.361285 -3.096332 -0.965610
v 0.574137 2.549999 332.267822
vn 3.037709 -3.139055 -0.801197
v 0.748841 3.800000 332.933624
vn 3.366577 -2.797383 -2.135500
v 0.772360 2.401518 333.022705
vn 3.035597 -3.139142 -0.809159
v 0.925616 3.800000 333.600281
vn 3.387790 -2.094983 -3.086689
v 0.944413 1.974070 333.670776
vn 3.417180 -1.109988 -3.694800
v 1.062005 1.325678 334.109955
vn 5.474840 2.233216 -1.748648
v -0.382187 14.077025 329.047485
vn 2.836284 1.148771 -3.672910
v -0.559807 13.967920 328.366486
vn 4.132877 4.207532 -1.751818
v -0.822359 14.733232 329.033386
vn 2.137489 2.183137 -3.694460
v -0.984784 14.600944 328.366486
vn 1.104224 2.869133 -3.592369
v -1.623315 15.018180 328.366486
vn 2.198391 5.547723 -1.525410
v -1.465476 15.173934 329.110046
vn 2.188701 5.605606 -1.270410
v -1.065653 15.448826 330.805145
vn 4.125752 4.259260 -1.607478
v -0.417530 15.003816 330.690979
vn 5.472075 2.274823 -1.683288
v 0.018547 14.337321 330.656067
vn 5.490139 2.287673 -1.605495
v 0.067467 14.359723 330.850403
vn 5.520341 2.319535 -1.522805
v 0.236497 14.413515 331.519684
vn 3.264693 -2.098187 -0.266932
v 0.421309 13.987617 331.770874
vn 5.162596 3.087875 -1.464412
v 0.200627 14.655807 331.828003
vn 4.184433 4.319568 -1.319063
v -0.196143 15.088705 331.606750
vn 3.791110 4.771734 -1.068023
v -0.231063 15.203157 331.939789
vn 2.174561 5.692039 -0.836070
v -0.849838 15.534757 331.759155
vn 1.985794 5.820621 -0.594124
v -0.819967 15.561462 332.092285
vn 2.216396 5.637797 -1.073663
v -1.017068 15.473493 331.015991
vn 4.159972 4.288176 -1.438302
v -0.367948 15.028037 330.894775
vn 5.530558 2.283008 -1.480148
v 0.847588 14.422263 333.852448
vn 4.206159 4.348825 -1.143997
v 0.417365 15.100287 333.967560
vn 5.525486 2.333439 -1.433992
v 0.803977 14.422263 333.689148
vn 4.204903 4.351746 -1.116308
v 0.373659 15.100287 333.803925
vn 5.505208 2.495242 -1.435937
v 0.435313 14.422263 332.291992
vn 4.239014 4.360978 -1.038385
v 0.004388 15.100287 332.404480
vn 3.312908 -2.148389 -1.503572
v 0.640323 14.016796 332.629425
vn 2.243356 5.724818 -0.542192
v -0.651655 15.545650 332.575714
vn 2.234912 5.712582 -0.593504
v -0.281459 15.545650 333.978668
vn 2.181807 5.732878 -0.572627
v -0.237610 15.545650 334.142853
vn 3.599658 -3.000617 0.597638
v 7.079080 8.261473 331.875824
vn 2.945805 3.111487 -0.306066
v 7.079080 8.800000 332.266479
vn 3.370625 -3.087379 -0.456984
v 7.079080 8.232024 332.783478
vn 1.309330 -1.517408 1.164750
v 7.079080 7.300000 336.266479
vn 3.113059 0.298040 2.950697
v 7.079080 14.385417 336.266479
vn 2.750171 2.846879 -1.179116
v 7.079080 8.609699 331.309784
vn 3.599670 -2.426985 1.862953
v 7.079080 7.886504 331.048706
vn 2.750129 2.178792 -2.178957
v 7.079080 8.067767 330.498718
vn 3.599619 -1.353008 2.744144
v 7.079080 7.184428 330.472687
vn 2.749435 1.178831 -2.846890
v 7.079080 7.256709 329.956787
vn 3.599715 -0.000000 3.059534
v 7.079080 6.300000 330.266479
vn 2.748881 0.000000 -3.081224
v 7.079080 6.300000 329.766479
vn 2.749435 -1.178831 -2.846890
v 7.079080 5.343291 329.956787
vn 3.599619 1.353008 2.744145
v 7.079080 5.415572 330.472687
vn 2.750129 -2.178792 -2.178957
v 7.079080 4.532233 330.498718
vn 3.599670 2.426985 1.862953
v 7.079080 4.713496 331.048706
vn 2.750171 -2.846879 -1.179116
v 7.079080 3.990301 331.309784
vn 3.599657 3.000618 0.597638
v 7.079080 4.338527 331.875824
vn 2.945805 -3.111487 -0.306066
v 7.079080 3.800000 332.266479
vn 3.370625 3.087378 -0.456984
v 7.079080 4.367976 332.783478
vn 1.309330 1.517408 1.164750
v 7.079080 5.300000 336.266479
vn 3.113059 -0.298039 2.950697
v 7.079080 -1.785416 336.266479
vn 1.273005 2.809582 2.759801
v 5.904494 16.207144 336.266479
vn 2.228150 2.132989 2.759802
v 6.523808 15.768442 336.266479
vn 2.862435 1.149242 2.759802
v 6.935078 15.130582 336.266479
vn -2.886035 -2.774022 1.414750
v 1.404080 10.745902 343.978699
vn -2.572539 -1.835420 2.093510
v -1.895920 11.100000 344.866486
vn -3.394363 -2.621487 1.679171
v -1.895920 10.510059 343.569183
vn -2.897370 -2.282079 2.120852
v 1.404080 9.961397 342.861481
vn -3.392799 -2.041312 2.350722
v -1.895920 9.578092 342.491028
vn -2.898615 -1.623183 2.659324
v 1.404080 8.903947 341.998077
vn -3.391780 -1.295176 2.831258
v -1.895920 8.379811 341.719574
vn -2.899317 -0.843072 2.999402
v 1.404080 7.652381 341.452850
vn -3.391219 -0.443740 3.081717
v -1.895920 7.012567 341.317535
vn -2.899554 0.000000 3.115661
v 1.404080 6.300000 341.266479
vn -3.391218 0.443739 3.081717
v -1.895920 5.587433 341.317535
vn -2.899318 0.843072 2.999402
v 1.404080 4.947619 341.452850
vn -3.391780 1.295176 2.831258
v -1.895920 4.220189 341.719574
vn -2.898614 1.623183 2.659324
v 1.404080 3.696053 341.998077
vn -3.392799 2.041313 2.350722
v -1.895920 3.021908 342.491028
vn -2.897371 2.282079 2.120852
v 1.404080 2.638603 342.861481
vn -3.394363 2.621487 1.679171
v -1.895920 2.089941 343.569183
vn -2.895618 2.770638 1.424181
v 1.404080 1.854098 343.978699
vn -2.560873 1.835333 2.094514
v -1.895920 1.500000 344.866486
vn 2.219908 3.393961 -0.010944
v 3.079080 13.448531 342.266479
vn -1.358506 1.104337 -2.981833
v 2.973704 13.397925 337.086090
vn 0.010671 2.110005 -3.376988
v 2.604080 13.325000 337.132507
vn 0.062368 2.481063 -2.414972
v 3.323900 13.642756 342.921692
vn 1.163544 2.996700 -1.302754
v 3.148340 13.491053 342.632080
vn -1.097369 1.352383 -2.970926
v 3.506154 13.930375 343.086090
vn -1.744691 -0.003187 -3.233156
v 3.579080 14.300000 343.132507
vn -1.207482 -1.376561 -3.038023
v 3.506154 14.669624 343.086090
vn 0.083655 -2.463403 -2.396309
v 3.323900 14.957244 342.921692
vn 1.168013 -2.990671 -1.295070
v 3.148340 15.108948 342.632080
vn 2.290686 -3.413284 -0.000162
v 3.079080 15.151469 342.266479
vn 3.413291 -2.290710 0.000383
v 1.752610 13.825000 336.266479
vn 2.996931 -1.165728 -1.300358
v 1.795132 13.755739 336.632080
vn 2.473046 -0.051628 -2.412394
v 1.946836 13.580179 336.921692
vn 1.360616 1.092430 -2.977460
v 2.234455 13.397925 337.086090
vn 1.343537 1.101874 2.967127
v 2.234455 13.397925 335.446899
vn 0.000000 2.262895 3.422172
v 2.604080 13.325000 335.400452
vn -1.345784 1.101499 2.966780
v 2.973704 13.397925 335.446899
vn -2.494615 -0.059345 2.431749
v 3.261324 13.580179 335.611267
vn -2.990124 -1.166543 1.296831
v 3.413027 13.755739 335.900879
vn -3.246771 -1.812514 0.001692
v 3.455549 13.825000 336.266479
vn -1.093050 1.358083 2.974567
v 3.506154 13.930375 341.446899
vn -3.008526 -1.195276 -1.299825
v 3.413027 13.755739 336.632080
vn 0.045444 2.466155 2.403437
v 3.323900 13.642756 341.611267
vn -2.457129 -0.053742 -2.396614
v 3.261324 13.580179 336.921692
vn 1.191637 3.013930 1.305994
v 3.148340 13.491053 341.900879
vn 2.994950 -1.162755 1.303273
v 1.795132 13.755739 335.900879
vn 2.489499 -0.068950 2.422507
v 1.946836 13.580179 335.611267
vn 1.169674 -2.991601 1.293474
v 3.148340 15.108948 341.900879
vn 0.074557 -2.455284 2.392842
v 3.323900 14.957244 341.611267
vn -1.268085 -1.400160 3.080825
v 3.506154 14.669624 341.446899
vn -1.746306 -0.004138 3.233892
v 3.579080 14.300000 341.400452
vn 3.113059 -0.298039 -2.950698
v 7.079080 -1.785416 343.266479
vn 3.113059 0.298040 -2.950698
v 7.079080 14.385417 343.266479
vn 1.286045 -1.895392 -1.280126
v 4.423413 -2.748713 343.205292
vn 0.450744 -0.222034 -6.229738
v 4.079080 -3.058823 343.266479
vn 0.000419 0.000098 -6.072224
v 4.079080 6.302321 343.266479
vn 3.074081 -2.842550 -1.825290
v 3.703389 -3.325617 343.193237
vn 3.034103 0.000471 -5.260518
v 3.579080 6.302321 343.132507
vn -1.699023 0.002141 -3.204320
v 3.579080 -1.700000 343.132507
vn -1.112423 -1.330049 -2.970921
v 3.508297 -1.335390 343.087585
vn -1.193482 1.350796 -3.020714
v 3.508297 -2.064610 343.087585
vn 3.745940 -3.203725 -1.869271
v 3.357147 -3.519404 342.958435
vn 0.046318 2.456544 -2.419478
v 3.330864 -2.349567 342.929474
vn 1.138336 3.002238 -1.346596
v 3.150427 -2.507527 342.637085
vn 3.983144 -3.376938 -0.785088
v 3.126723 -3.624821 342.571014
vn 2.293847 3.390588 -0.007333
v 3.079080 -2.551469 342.266479
vn 4.045106 -3.382334 0.412903
v 3.090623 -3.639782 342.116730
vn 1.156093 2.972991 1.321344
v 3.150427 -2.507527 341.895905
vn 3.907257 -3.241405 1.550051
v 3.262521 -3.564794 341.689667
vn -0.004272 2.462865 2.454994
v 3.330864 -2.349567 341.603516
vn 3.346802 -3.063835 2.393259
v 3.576426 -3.401878 341.402313
vn -1.107287 1.343297 2.976134
v 3.508297 -2.064610 341.445404
vn -2.079704 0.000164 3.360349
v 3.579080 -1.700000 341.400452
vn 2.673620 -2.782354 2.891294
v 3.955100 -3.153996 341.274414
vn 3.033945 0.000812 5.260562
v 3.579080 6.302321 341.400452
vn 0.000909 -0.000167 6.072271
v 4.079080 6.302321 341.266479
vn 3.043892 2.924987 2.678648
v 3.735494 15.905261 341.327393
vn 2.375922 2.657048 2.977325
v 4.079080 15.658823 341.266479
vn 1.591447 2.336725 2.923773
v 4.448296 15.323298 341.337219
vn -3.036075 0.000273 5.259113
v 4.579080 6.302321 341.400452
vn 0.777873 2.030346 2.491732
v 4.758551 14.963297 341.532867
vn -5.259574 0.001146 3.034373
v 4.945105 6.302321 341.766479
vn 0.100203 1.802195 1.691767
v 4.981874 14.638848 341.836517
vn -0.219813 1.649328 0.819688
v 5.053030 14.519169 342.039734
vn -6.073180 0.000582 -0.007012
v 5.079077 6.302321 342.268616
vn -0.227240 1.459672 0.007416
v 5.079071 14.472833 342.270752
vn -0.145165 1.492238 -0.753506
v 5.051982 14.521004 342.497711
vn -5.258215 0.001233 -3.040063
v 4.945105 6.302321 342.766479
vn 0.142958 1.723868 -1.645553
v 4.982040 14.638655 342.696198
vn 0.746282 2.062641 -2.408199
v 4.759046 14.962781 342.999725
vn -3.035482 0.000160 -5.259457
v 4.579080 6.302321 343.132507
vn 1.314613 1.970693 -1.422753
v 4.450243 15.321351 343.195038
vn 0.404128 0.216836 -6.237030
v 4.079080 15.658823 343.266479
vn 2.945831 2.767378 -1.718481
v 3.734862 15.905678 343.205383
vn 5.260073 0.000056 -3.035767
v 3.213054 6.302321 342.766479
vn 6.072985 0.000321 0.000001
v 3.079080 6.302321 342.266479
vn 5.260073 0.000062 3.035769
v 3.213054 6.302321 341.766479
vn 3.642162 3.137568 2.040396
v 3.407575 16.093906 341.525635
vn 1.886681 -2.449706 2.989462
v 4.307366 -2.861195 341.293121
vn 1.109984 -2.159089 2.736229
v 4.623766 -2.530352 341.427948
vn 0.429018 -1.919630 2.150199
v 4.869727 -2.210385 341.654266
vn -0.097008 -1.715590 1.185861
v 5.039577 -1.942554 341.988190
vn -0.073773 -1.016296 0.324853
v 5.076535 -1.877424 342.195190
vn -0.186758 -1.432825 -0.487788
v 5.068428 -1.891962 342.412201
vn 0.004638 -1.376881 -1.024776
v 5.019374 -1.977003 342.606873
vn 0.225026 -1.812436 -1.900746
v 4.938858 -2.106789 342.776978
vn 0.829214 -2.082502 -2.422519
v 4.718198 -2.415320 343.035492
vn 4.079216 3.275169 1.114492
v 3.168447 16.207003 341.853363
vn 4.071107 3.385053 0.012407
v 3.079080 16.244423 342.266449
vn 3.930012 3.332429 -1.057208
v 3.167948 16.207220 342.678558
vn 3.668510 3.125575 -2.051079
v 3.407060 16.094187 343.006958
vn 0.029212 -2.459950 -2.436246
v 3.330864 -1.050432 342.929474
vn 1.148231 -2.997023 -1.325359
v 3.150427 -0.892473 342.637085
vn 1.771770 -3.235209 -0.000711
v 3.079080 -0.848531 342.266479
vn 1.176370 -3.014343 1.328374
v 3.150427 -0.892473 341.895905
vn 0.011666 -2.444072 2.423816
v 3.330864 -1.050432 341.603516
vn -1.108103 -1.335836 2.974577
v 3.508297 -1.335390 341.445404
vn 2.862436 1.149242 -2.759801
v 6.935078 15.130582 343.266479
vn 2.228150 2.132989 -2.759803
v 6.523808 15.768442 343.266479
vn 1.273005 2.809582 -2.759801
v 5.904494 16.207144 343.266479
vn 3.577332 0.939679 -2.885496
v 5.579080 12.536325 337.223907
vn 3.557749 -0.025384 -2.918196
v 5.552521 12.995549 337.251587
vn 3.125125 0.226712 -3.280424
v 5.579080 12.536325 343.266479
vn 2.982925 0.888555 -3.393302
v 5.402130 13.712882 343.266479
vn 3.468006 -0.935178 -2.484940
v 5.479382 13.423631 337.067230
vn 3.414379 -1.716251 -1.464742
v 5.400914 13.716790 336.718719
vn 1.619430 -3.897776 2.249831
v 5.365808 13.825000 336.266479
vn 2.516828 1.824649 3.417616
v 4.816353 14.885805 336.266479
vn 1.864230 2.487857 3.416025
v 3.978132 15.737035 336.266479
vn 1.043789 2.927850 3.420807
v 2.925914 16.302761 336.266479
vn 0.762215 3.032263 -3.325986
v 2.584704 16.407852 343.266479
vn 1.356349 2.824645 -3.256467
v 3.371455 16.112270 343.266479
vn 2.631419 1.687913 -3.292238
v 4.886936 14.785343 343.266479
vn 3.125125 -0.226712 -3.280423
v 5.579080 0.063676 343.266479
vn 2.228149 -2.132990 -2.759802
v 6.523808 -3.168443 343.266479
vn 1.273005 -2.809582 -2.759802
v 5.904494 -3.607144 343.266479
vn 2.862436 -1.149241 -2.759801
v 6.935078 -2.530582 343.266479
vn 2.982275 -0.890055 -3.395862
v 5.402130 -1.112882 343.266479
vn 2.633758 -1.684581 -3.291907
v 4.886936 -2.185344 343.266479
vn 1.358133 -2.823410 -3.264891
v 3.371455 -3.512270 343.266479
vn 0.763035 -3.031971 -3.326713
v 2.584704 -3.807851 343.266479
vn 3.577332 -0.939679 -2.885496
v 5.579080 0.063676 337.223907
vn 3.561498 -2.023020 -2.311098
v 5.579080 0.433503 337.019073
vn 4.973857 1.517408 1.164750
v 5.579080 5.300000 336.266479
vn 4.973856 -1.517408 1.164750
v 5.579080 7.300000 336.266479
vn 3.565076 -2.797194 -1.267460
v 5.579080 0.685632 336.679718
vn 0.474781 -3.052577 3.216117
v 5.579080 0.775000 336.266479
vn 2.912560 3.087378 -0.456984
v 5.579080 4.367976 332.783478
vn 2.683528 3.000617 0.597638
v 5.579080 4.338527 331.875824
vn 2.683515 2.426985 1.862953
v 5.579080 4.713496 331.048706
vn 2.683566 1.353008 2.744145
v 5.579080 5.415572 330.472687
vn 2.683470 -0.000000 3.059534
v 5.579080 6.300000 330.266479
vn 2.683566 -1.353008 2.744144
v 5.579080 7.184428 330.472687
vn 2.683515 -2.426985 1.862953
v 5.579080 7.886504 331.048706
vn 2.683528 -3.000618 0.597638
v 5.579080 8.261473 331.875824
vn 2.912560 -3.087378 -0.456984
v 5.579080 8.232024 332.783478
vn 0.474782 3.052576 3.216118
v 5.579080 11.825000 336.266479
vn 3.565076 2.797194 -1.267461
v 5.579080 11.914368 336.679718
vn 3.561498 2.023020 -2.311098
v 5.579080 12.166497 337.019073
vn -1.326930 -1.520447 5.106668
v 5.579080 13.825000 336.266479
vn 2.549059 -1.831087 -3.813921
v -0.439936 12.917768 334.068420
vn 2.523206 0.018721 -4.222570
v -0.439936 12.050000 334.266479
vn 2.531749 -3.318861 -2.631243
v -0.439936 13.613663 333.513458
vn 2.494915 -4.128367 -0.944338
v -0.439936 13.999856 332.711548
vn 2.491881 -4.129773 0.937642
v -0.439936 13.999856 331.821442
vn 2.566570 -3.345540 2.608612
v -0.439936 13.613663 331.019501
vn 2.619083 -1.848197 3.821782
v -0.439936 12.917768 330.464569
vn 2.570592 0.053247 4.233306
v -0.439936 12.050000 330.266479
vn 2.528389 1.833346 3.814393
v -0.439936 11.182233 330.464569
vn 2.547812 3.320741 2.641885
v -0.439936 10.486337 331.019501
vn 2.554783 4.142174 0.938590
v -0.439936 10.100144 331.821442
vn 2.547553 4.136248 -0.953238
v -0.439936 10.100144 332.711548
vn 2.530523 3.305712 -2.650772
v -0.439936 10.486337 333.513458
vn 2.508957 1.820755 -3.813079
v -0.439936 11.182233 334.068420
vn 3.332100 2.305695 -2.570437
v 0.876782 -1.086074 333.416809
vn 3.284533 1.992233 -3.214573
v 0.969179 -0.776008 333.763550
vn 6.032333 -0.559939 -1.567896
v 0.952242 -1.086074 333.700134
vn 6.015326 -0.588194 -1.612909
v 1.028008 -1.086074 333.983337
vn 3.273911 1.406628 -3.599673
v 1.042035 -0.382187 334.035645
vn 3.285331 0.711379 -3.854774
v 1.088561 0.075307 334.208832
vn 0.542019 -6.101227 -1.247244
v -2.150098 -2.746607 329.307404
vn 0.247305 -3.086547 -3.623813
v -2.373240 -2.561555 328.366486
vn 1.922716 -5.707952 -1.539305
v -1.465435 -2.573916 329.110046
vn 1.058367 -2.880785 -3.640305
v -1.623280 -2.418166 328.366486
vn 3.239653 -5.036726 -1.782250
v -1.125508 -2.386017 329.061066
vn 2.166199 -2.142216 -3.751961
v -0.984758 -2.000918 328.366486
vn 4.372090 -4.017874 -1.821721
v -0.822325 -2.133198 329.033386
vn 2.836283 -1.148767 -3.672944
v -0.559798 -1.367899 328.366486
vn 5.476801 -2.221463 -1.765177
v -0.382145 -1.476924 329.047485
vn 5.473950 -2.248619 -1.727296
v -0.184599 -1.619736 329.844513
vn 4.378376 -4.044485 -1.730150
v -0.622994 -2.280051 329.849213
vn 3.255761 -5.081176 -1.612832
v -0.927308 -2.534834 329.884979
vn 3.260391 -5.125392 -1.456991
v -0.723391 -2.660862 330.739471
vn 1.928858 -5.739153 -1.389948
v -1.267995 -2.722910 329.940521
vn 1.917998 -5.786001 -1.192363
v -1.065612 -2.848808 330.805115
vn 0.551455 -6.137705 -1.029135
v -1.918621 -2.915621 330.302002
vn 0.533287 -6.182151 -0.654708
v -1.699253 -3.036648 331.278503
vn 1.942621 -5.807045 -1.032687
v -1.017027 -2.873475 331.015961
vn 1.957916 -5.834881 -0.748177
v -0.849797 -2.934739 331.759125
vn 3.269115 -5.222369 -0.938925
v -0.504527 -2.748060 331.676880
vn 1.952543 -5.840906 -0.540696
v -0.819967 -2.961463 332.092285
vn 3.906157 -4.730909 -0.931347
v -0.231063 -2.603158 331.939789
vn 4.413683 -4.163667 -1.304859
v -0.196080 -2.488640 331.606750
vn 5.162580 -3.087847 -1.464497
v 0.200627 -2.055807 331.828003
vn 5.514714 -2.421175 -1.459649
v 0.236538 -1.813410 331.519684
vn 3.283868 2.113436 -0.218536
v 0.421309 -1.387617 331.770874
vn 5.479890 -2.302342 -1.641158
v 0.067509 -1.759620 330.850403
vn 5.482741 -2.268105 -1.668392
v 0.018589 -1.737218 330.656067
vn 3.287039 -5.149307 -1.297641
v -0.674282 -2.685658 330.947235
vn 4.388757 -4.081439 -1.611394
v -0.417477 -2.403762 330.690979
vn 4.408288 -4.105284 -1.486040
v -0.367893 -2.427980 330.894775
vn 3.311088 2.147629 -1.510951
v 0.640323 -1.416796 332.629425
vn 5.524748 -2.346919 -1.425922
v 0.803977 -1.822263 333.689148
vn 5.505207 -2.495243 -1.435935
v 0.435313 -1.822263 332.291992
vn 4.239017 -4.360976 -1.038383
v 0.004388 -2.500287 332.404480
vn 2.225288 -5.727962 -0.549276
v -0.651655 -2.945650 332.575714
vn 2.234911 -5.712583 -0.593505
v -0.281459 -2.945650 333.978668
vn 2.181807 -5.732880 -0.572626
v -0.237610 -2.945650 334.142853
vn 4.206164 -4.348819 -1.144005
v 0.417365 -2.500287 333.967560
vn 5.527369 -2.289889 -1.487350
v 0.847588 -1.822263 333.852448
vn 4.204910 -4.351737 -1.116308
v 0.373659 -2.500287 333.803925
vn 1.273005 -2.809582 2.759802
v 5.904494 -3.607144 336.266479
vn 2.228149 -2.132990 2.759802
v 6.523808 -3.168443 336.266479
vn 2.862436 -1.149241 2.759801
v 6.935078 -2.530582 336.266479
vn 1.360616 -1.092430 -2.977459
v 2.234455 -0.797926 337.086090
vn -0.001315 -2.008099 -3.342142
v 2.604080 -0.725000 337.132507
vn -1.358533 -1.104327 -2.981794
v 2.973704 -0.797926 337.086090
vn 2.473046 0.051630 -2.412394
v 1.946836 -0.980179 336.921692
vn 2.996931 1.165725 -1.300359
v 1.795132 -1.155740 336.632080
vn 3.413289 2.290710 0.000383
v 1.752610 -1.225000 336.266479
vn -2.456987 0.053586 -2.396517
v 3.261324 -0.980179 336.921692
vn -3.009485 1.196867 -1.300152
v 3.413027 -1.155740 336.632080
vn -3.399579 2.239874 0.011662
v 3.455549 -1.225000 336.266479
vn -2.990124 1.166539 1.296832
v 3.413027 -1.155740 335.900879
vn -2.494616 0.059347 2.431748
v 3.261324 -0.980179 335.611267
vn -1.345783 -1.101499 2.966779
v 2.973704 -0.797926 335.446899
vn 0.000000 -2.262895 3.422171
v 2.604080 -0.725000 335.400452
vn 1.343536 -1.101874 2.967126
v 2.234455 -0.797926 335.446899
vn 2.489499 0.068952 2.422506
v 1.946836 -0.980179 335.611267
vn 2.994950 1.162751 1.303273
v 1.795132 -1.155740 335.900879
vn 1.043805 -2.927845 3.420875
v 2.925914 -3.702760 336.266479
vn 1.864670 -2.487412 3.416864
v 3.978132 -3.137035 336.266479
vn 2.516447 -1.824988 3.418699
v 4.816353 -2.285805 336.266479
vn 1.619425 3.897779 2.252955
v 5.365808 -1.225000 336.266479
vn 3.379707 1.615551 -1.441324
v 5.400914 -1.116790 336.718719
vn 3.468007 0.935178 -2.484940
v 5.479382 -0.823631 337.067230
vn 3.557369 0.025367 -2.918201
v 5.552521 -0.395549 337.251587
vn -1.326929 1.520447 5.106669
v 5.579080 -1.225000 336.266479
vn 2.508957 -1.820756 -3.813078
v -0.439936 1.417768 334.068420
vn 2.523206 -0.018721 -4.222570
v -0.439936 0.550000 334.266479
vn 2.530524 -3.305712 -2.650772
v -0.439936 2.113663 333.513458
vn 2.547551 -4.136247 -0.953238
v -0.439936 2.499856 332.711548
vn 2.554781 -4.142174 0.938591
v -0.439936 2.499856 331.821442
vn 2.547813 -3.320742 2.641885
v -0.439936 2.113663 331.019501
vn 2.528387 -1.833346 3.814391
v -0.439936 1.417768 330.464569
vn 2.570587 -0.053241 4.233305
v -0.439936 0.550000 330.266479
vn 2.619087 1.848198 3.821778
v -0.439936 -0.317767 330.464569
vn 2.566259 3.345591 2.608495
v -0.439936 -1.013663 331.019501
vn 2.491781 4.129728 0.937740
v -0.439936 -1.399856 331.821442
vn 2.494915 4.128367 -0.944337
v -0.439936 -1.399856 332.711548
vn 2.531748 3.318861 -2.631243
v -0.439936 -1.013663 333.513458
vn 2.549059 1.831088 -3.813922
v -0.439936 -0.317767 334.068420
vn -2.617998 -2.627997 -1.517269
v 1.154080 7.599038 333.016479
vn -2.617993 -3.034545 0.000000
v 1.154080 7.800000 332.266479
vn -2.617970 -2.627966 1.517300
v 1.154080 7.599038 331.516479
vn -2.618052 -1.517296 2.628007
v 1.154080 7.050000 330.967468
vn -2.617927 0.000000 3.034518
v 1.154080 6.300000 330.766479
vn -2.618052 1.517296 2.628007
v 1.154080 5.550000 330.967468
vn -2.617969 2.627966 1.517299
v 1.154080 5.000962 331.516479
vn -2.617995 3.034546 -0.000000
v 1.154080 4.800000 332.266479
vn -2.617997 2.627997 -1.517269
v 1.154080 5.000962 333.016479
vn -2.617986 1.517269 -2.627992
v 1.154080 5.550000 333.565521
vn -2.618003 -0.000000 -3.034549
v 1.154080 6.300000 333.766479
vn -2.617986 -1.517270 -2.627991
v 1.154080 7.050000 333.565521
vn -2.617999 2.627997 1.517269
v 5.579080 11.958975 335.766479
vn -2.617985 1.517270 2.627991
v 5.579080 12.325000 335.400452
vn -2.618003 0.000000 3.034549
v 5.579080 12.825000 335.266479
vn -2.637912 -1.507646 2.637430
v 5.579080 13.325000 335.400452
vn -2.656432 -2.634021 1.519938
v 5.579080 13.691026 335.766479
vn -2.617997 -2.627997 1.517269
v 5.579080 0.641025 335.766479
vn -2.617986 -1.517269 2.627991
v 5.579080 0.275000 335.400452
vn -2.618003 0.000000 3.034549
v 5.579080 -0.225000 335.266479
vn -2.637912 1.507647 2.637430
v 5.579080 -0.725000 335.400452
vn -2.656434 2.634021 1.519939
v 5.579080 -1.091025 335.766479
# 4123 vertices, 0 vertices normals


usemtl material_0
f 1//1 2//2 3//3
f 3//3 2//2 4//4
f 3//3 4//4 5//5
f 5//5 4//4 6//6
f 5//5 6//6 7//7
f 7//7 6//6 8//8
f 7//7 8//8 9//9
f 2//2 1//1 10//10
f 10//10 1//1 11//11
f 10//10 11//11 12//12
f 13//13 14//14 15//15
f 15//15 14//14 16//16
f 17//17 18//18 19//19
f 19//19 18//18 20//20
f 21//21 22//22 23//23
f 23//23 22//22 24//24
f 23//23 24//24 25//25
f 25//25 24//24 26//26
f 25//25 26//26 27//27
f 27//27 26//26 28//28
f 27//27 28//28 29//29
f 22//22 21//21 30//30
f 30//30 21//21 31//31
f 30//30 31//31 32//32
f 33//33 34//34 35//35
f 35//35 34//34 36//36
f 36//36 34//34 37//37
f 37//37 34//34 38//38
f 38//38 34//34 39//39
f 39//39 34//34 40//40
f 39//39 40//40 41//41
f 41//41 40//40 42//42
f 42//42 40//40 43//43
f 43//43 40//40 44//44
f 44//44 40//40 45//45
f 46//46 47//47 48//48
f 48//48 47//47 49//49
f 48//48 49//49 50//50
f 50//50 49//49 51//51
f 50//50 51//51 52//52
f 52//52 51//51 53//53
f 54//54 55//55 56//56
f 56//56 55//55 57//57
f 57//57 55//55 58//58
f 57//57 58//58 59//59
f 59//59 58//58 60//60
f 59//59 60//60 61//61
f 62//62 63//63 64//64
f 64//64 63//63 65//65
f 64//64 65//65 66//66
f 66//66 65//65 67//67
f 66//66 67//67 68//68
f 68//68 67//67 69//69
f 68//68 69//69 70//70
f 63//63 62//62 71//71
f 71//71 62//62 72//72
f 71//71 72//72 73//73
f 74//74 75//75 76//76
f 76//76 75//75 77//77
f 78//78 79//79 80//80
f 80//80 79//79 81//81
f 80//80 81//81 82//82
f 82//82 81//81 83//83
f 82//82 83//83 84//84
f 84//84 83//83 85//85
f 84//84 85//85 86//86
f 86//86 85//85 87//87
f 86//86 87//87 88//88
f 86//86 88//88 89//89
f 89//89 88//88 90//90
f 89//89 90//90 91//91
f 91//91 90//90 92//92
f 91//91 92//92 93//93
f 93//93 92//92 94//94
f 93//93 94//94 95//95
f 95//95 96//96 93//93
f 93//93 96//96 97//97
f 97//97 96//96 98//98
f 97//97 98//98 99//99
f 99//99 98//98 100//100
f 99//99 100//100 101//101
f 101//101 100//100 102//102
f 101//101 102//102 103//103
f 103//103 102//102 104//104
f 103//103 104//104 105//105
f 105//105 104//104 106//106
f 105//105 106//106 107//107
f 107//107 106//106 108//108
f 107//107 108//108 109//109
f 109//109 108//108 110//110
f 109//109 110//110 80//80
f 80//80 110//110 78//78
f 97//97 111//111 93//93
f 93//93 111//111 112//112
f 93//93 112//112 113//113
f 113//113 112//112 114//114
f 114//114 112//112 115//115
f 114//114 115//115 116//116
f 116//116 115//115 117//117
f 116//116 117//117 118//118
f 118//118 117//117 119//119
f 118//118 119//119 120//120
f 120//120 119//119 121//121
f 120//120 121//121 122//122
f 122//122 121//121 123//123
f 122//122 123//123 124//124
f 124//124 123//123 125//125
f 124//124 125//125 126//126
f 126//126 125//125 127//127
f 126//126 127//127 128//128
f 97//97 99//99 111//111
f 111//111 99//99 101//101
f 111//111 101//101 129//129
f 129//129 101//101 103//103
f 129//129 103//103 105//105
f 129//129 105//105 130//130
f 130//130 105//105 107//107
f 130//130 107//107 131//131
f 131//131 107//107 109//109
f 131//131 109//109 80//80
f 130//130 131//131 132//132
f 132//132 131//131 133//133
f 132//132 133//133 134//134
f 134//134 135//135 132//132
f 132//132 135//135 136//136
f 132//132 136//136 137//137
f 137//137 136//136 123//123
f 137//137 123//123 121//121
f 135//135 127//127 136//136
f 136//136 127//127 125//125
f 136//136 125//125 123//123
f 138//138 139//139 128//128
f 128//128 139//139 140//140
f 128//128 140//140 126//126
f 126//126 140//140 141//141
f 126//126 141//141 124//124
f 124//124 141//141 142//142
f 124//124 142//142 122//122
f 122//122 142//142 143//143
f 122//122 143//143 120//120
f 120//120 143//143 144//144
f 120//120 144//144 118//118
f 118//118 144//144 145//145
f 118//118 145//145 116//116
f 139//139 138//138 146//146
f 146//146 138//138 147//147
f 146//146 147//147 148//148
f 148//148 147//147 149//149
f 148//148 149//149 150//150
f 150//150 149//149 151//151
f 150//150 151//151 152//152
f 152//152 151//151 153//153
f 152//152 153//153 154//154
f 154//154 153//153 155//155
f 154//154 155//155 156//156
f 156//156 155//155 157//157
f 156//156 157//157 158//158
f 158//158 157//157 159//159
f 158//158 159//159 160//160
f 160//160 159//159 161//161
f 161//161 159//159 162//162
f 162//162 159//159 163//163
f 162//162 163//163 164//164
f 164//164 163//163 165//165
f 164//164 165//165 166//166
f 166//166 165//165 167//167
f 166//166 167//167 168//168
f 168//168 167//167 169//169
f 168//168 169//169 170//170
f 170//170 169//169 171//171
f 170//170 171//171 172//172
f 149//149 173//173 151//151
f 151//151 173//173 174//174
f 151//151 174//174 153//153
f 153//153 174//174 175//175
f 153//153 175//175 155//155
f 155//155 175//175 176//176
f 155//155 176//176 157//157
f 157//157 176//176 163//163
f 157//157 163//163 159//159
f 173//173 177//177 174//174
f 174//174 177//177 178//178
f 174//174 178//178 179//179
f 179//179 178//178 180//180
f 179//179 180//180 181//181
f 181//181 180//180 182//182
f 181//181 182//182 183//183
f 181//181 183//183 169//169
f 169//169 183//183 171//171
f 170//170 172//172 184//184
f 184//184 172//172 185//185
f 184//184 185//185 186//186
f 186//186 185//185 187//187
f 187//187 185//185 188//188
f 188//188 185//185 189//189
f 186//186 190//190 184//184
f 184//184 190//190 170//170
f 190//190 191//191 170//170
f 170//170 191//191 168//168
f 191//191 192//192 168//168
f 168//168 192//192 166//166
f 166//166 192//192 164//164
f 164//164 192//192 162//162
f 160//160 193//193 158//158
f 158//158 193//193 194//194
f 158//158 194//194 156//156
f 156//156 194//194 195//195
f 156//156 195//195 154//154
f 154//154 195//195 196//196
f 154//154 196//196 152//152
f 152//152 196//196 197//197
f 152//152 197//197 150//150
f 150//150 197//197 148//148
f 193//193 198//198 194//194
f 194//194 198//198 199//199
f 194//194 199//199 195//195
f 195//195 199//199 200//200
f 195//195 200//200 196//196
f 196//196 200//200 201//201
f 196//196 201//201 197//197
f 197//197 201//201 202//202
f 197//197 202//202 148//148
f 148//148 202//202 146//146
f 198//198 203//203 199//199
f 199//199 203//203 204//204
f 199//199 204//204 200//200
f 200//200 204//204 205//205
f 200//200 205//205 201//201
f 201//201 205//205 206//206
f 201//201 206//206 202//202
f 202//202 206//206 207//207
f 202//202 207//207 146//146
f 146//146 207//207 139//139
f 204//204 203//203 208//208
f 208//208 203//203 209//209
f 208//208 209//209 210//210
f 210//210 209//209 211//211
f 210//210 211//211 212//212
f 212//212 211//211 213//213
f 212//212 213//213 214//214
f 214//214 213//213 215//215
f 214//214 215//215 144//144
f 144//144 215//215 145//145
f 132//132 137//137 130//130
f 130//130 137//137 216//216
f 130//130 216//216 129//129
f 129//129 216//216 217//217
f 129//129 217//217 111//111
f 111//111 217//217 115//115
f 111//111 115//115 112//112
f 137//137 121//121 216//216
f 216//216 121//121 119//119
f 216//216 119//119 217//217
f 217//217 119//119 117//117
f 217//217 117//117 115//115
f 141//141 140//140 218//218
f 218//218 140//140 139//139
f 218//218 139//139 207//207
f 142//142 141//141 219//219
f 219//219 141//141 218//218
f 219//219 218//218 220//220
f 220//220 218//218 207//207
f 220//220 207//207 206//206
f 143//143 142//142 221//221
f 221//221 142//142 219//219
f 221//221 219//219 222//222
f 222//222 219//219 220//220
f 222//222 220//220 223//223
f 223//223 220//220 206//206
f 223//223 206//206 205//205
f 144//144 143//143 214//214
f 214//214 143//143 221//221
f 214//214 221//221 212//212
f 212//212 221//221 222//222
f 212//212 222//222 210//210
f 210//210 222//222 223//223
f 210//210 223//223 208//208
f 208//208 223//223 205//205
f 208//208 205//205 204//204
f 174//174 179//179 175//175
f 175//175 179//179 224//224
f 175//175 224//224 176//176
f 176//176 224//224 165//165
f 176//176 165//165 163//163
f 179//179 181//181 224//224
f 224//224 181//181 167//167
f 224//224 167//167 165//165
f 169//169 167//167 181//181
f 110//110 225//225 78//78
f 78//78 225//225 226//226
f 78//78 226//226 227//227
f 227//227 226//226 228//228
f 228//228 226//226 229//229
f 228//228 229//229 230//230
f 230//230 229//229 231//231
f 230//230 231//231 232//232
f 232//232 231//231 233//233
f 233//233 231//231 234//234
f 233//233 234//234 235//235
f 235//235 234//234 236//236
f 235//235 236//236 237//237
f 237//237 236//236 238//238
f 237//237 238//238 239//239
f 239//239 238//238 240//240
f 239//239 240//240 241//241
f 241//241 240//240 242//242
f 241//241 242//242 243//243
f 243//243 242//242 244//244
f 243//243 244//244 245//245
f 245//245 244//244 246//246
f 245//245 246//246 247//247
f 247//247 246//246 248//248
f 247//247 248//248 249//249
f 110//110 108//108 225//225
f 225//225 108//108 250//250
f 225//225 250//250 251//251
f 251//251 250//250 240//240
f 251//251 240//240 238//238
f 108//108 106//106 250//250
f 250//250 106//106 104//104
f 250//250 104//104 102//102
f 100//100 252//252 102//102
f 102//102 252//252 242//242
f 102//102 242//242 250//250
f 250//250 242//242 240//240
f 252//252 100//100 253//253
f 253//253 100//100 98//98
f 253//253 98//98 96//96
f 95//95 254//254 96//96
f 96//96 254//254 253//253
f 253//253 254//254 255//255
f 255//255 254//254 256//256
f 255//255 256//256 257//257
f 255//255 257//257 258//258
f 258//258 257//257 259//259
f 258//258 259//259 246//246
f 246//246 259//259 248//248
f 247//247 249//249 260//260
f 260//260 249//249 261//261
f 260//260 261//261 262//262
f 262//262 261//261 263//263
f 262//262 263//263 264//264
f 264//264 263//263 265//265
f 264//264 265//265 266//266
f 266//266 265//265 267//267
f 266//266 267//267 268//268
f 268//268 267//267 269//269
f 268//268 269//269 270//270
f 270//270 269//269 271//271
f 270//270 271//271 272//272
f 272//272 271//271 273//273
f 272//272 273//273 274//274
f 274//274 273//273 275//275
f 274//274 275//275 276//276
f 276//276 275//275 277//277
f 277//277 275//275 278//278
f 277//277 278//278 279//279
f 279//279 278//278 280//280
f 279//279 280//280 281//281
f 281//281 280//280 282//282
f 281//281 282//282 283//283
f 263//263 284//284 265//265
f 265//265 284//284 285//285
f 265//265 285//285 286//286
f 286//286 285//285 287//287
f 286//286 287//287 288//288
f 288//288 287//287 289//289
f 288//288 289//289 290//290
f 290//290 289//289 291//291
f 290//290 291//291 292//292
f 292//292 291//291 293//293
f 292//292 293//293 294//294
f 294//294 293//293 295//295
f 294//294 295//295 296//296
f 297//297 298//298 296//296
f 296//296 298//298 299//299
f 296//296 299//299 294//294
f 294//294 299//299 292//292
f 298//298 297//297 300//300
f 300//300 297//297 301//301
f 300//300 301//301 302//302
f 302//302 301//301 303//303
f 302//302 303//303 304//304
f 304//304 303//303 305//305
f 304//304 305//305 280//280
f 280//280 305//305 282//282
f 283//283 306//306 281//281
f 276//276 307//307 274//274
f 274//274 307//307 308//308
f 274//274 308//308 309//309
f 309//309 308//308 310//310
f 309//309 310//310 311//311
f 311//311 310//310 312//312
f 311//311 312//312 313//313
f 313//313 312//312 314//314
f 313//313 314//314 315//315
f 313//313 315//315 316//316
f 316//316 315//315 317//317
f 316//316 317//317 318//318
f 318//318 317//317 319//319
f 318//318 319//319 320//320
f 320//320 319//319 321//321
f 320//320 321//321 322//322
f 322//322 321//321 241//241
f 322//322 241//241 243//243
f 317//317 323//323 319//319
f 319//319 323//323 324//324
f 319//319 324//324 321//321
f 321//321 324//324 239//239
f 321//321 239//239 241//241
f 323//323 325//325 324//324
f 324//324 325//325 237//237
f 324//324 237//237 239//239
f 325//325 235//235 237//237
f 225//225 251//251 226//226
f 226//226 251//251 326//326
f 226//226 326//326 229//229
f 229//229 326//326 234//234
f 229//229 234//234 231//231
f 236//236 234//234 326//326
f 236//236 326//326 238//238
f 238//238 326//326 251//251
f 246//246 244//244 258//258
f 258//258 244//244 252//252
f 258//258 252//252 255//255
f 255//255 252//252 253//253
f 244//244 242//242 252//252
f 245//245 247//247 327//327
f 327//327 247//247 260//260
f 327//327 260//260 328//328
f 328//328 260//260 262//262
f 328//328 262//262 329//329
f 329//329 262//262 264//264
f 329//329 264//264 266//266
f 243//243 245//245 330//330
f 330//330 245//245 327//327
f 330//330 327//327 331//331
f 331//331 327//327 328//328
f 331//331 328//328 332//332
f 332//332 328//328 329//329
f 332//332 329//329 333//333
f 333//333 329//329 266//266
f 333//333 266//266 268//268
f 243//243 330//330 322//322
f 322//322 330//330 334//334
f 322//322 334//334 320//320
f 320//320 334//334 335//335
f 320//320 335//335 318//318
f 318//318 335//335 316//316
f 334//334 330//330 331//331
f 334//334 331//331 336//336
f 336//336 331//331 332//332
f 336//336 332//332 337//337
f 337//337 332//332 333//333
f 337//337 333//333 338//338
f 338//338 333//333 268//268
f 338//338 268//268 270//270
f 337//337 339//339 336//336
f 336//336 339//339 335//335
f 336//336 335//335 334//334
f 313//313 316//316 339//339
f 339//339 316//316 335//335
f 339//339 337//337 340//340
f 340//340 337//337 338//338
f 340//340 338//338 341//341
f 341//341 338//338 270//270
f 341//341 270//270 272//272
f 265//265 286//286 267//267
f 267//267 286//286 342//342
f 267//267 342//342 269//269
f 269//269 342//342 343//343
f 269//269 343//343 271//271
f 271//271 343//343 344//344
f 271//271 344//344 273//273
f 273//273 344//344 345//345
f 273//273 345//345 275//275
f 275//275 345//345 278//278
f 311//311 313//313 340//340
f 340//340 313//313 339//339
f 311//311 340//340 341//341
f 286//286 288//288 342//342
f 342//342 288//288 346//346
f 342//342 346//346 343//343
f 343//343 346//346 347//347
f 343//343 347//347 344//344
f 344//344 347//347 348//348
f 344//344 348//348 345//345
f 345//345 348//348 304//304
f 345//345 304//304 278//278
f 278//278 304//304 280//280
f 309//309 311//311 341//341
f 309//309 341//341 272//272
f 288//288 290//290 346//346
f 346//346 290//290 349//349
f 346//346 349//349 347//347
f 347//347 349//349 350//350
f 347//347 350//350 348//348
f 348//348 350//350 302//302
f 348//348 302//302 304//304
f 274//274 309//309 272//272
f 290//290 292//292 349//349
f 349//349 292//292 299//299
f 349//349 299//299 350//350
f 350//350 299//299 300//300
f 350//350 300//300 302//302
f 298//298 300//300 299//299
f 94//94 351//351 95//95
f 95//95 351//351 254//254
f 254//254 351//351 352//352
f 254//254 352//352 256//256
f 353//353 354//354 355//355
f 355//355 354//354 356//356
f 355//355 356//356 357//357
f 357//357 356//356 358//358
f 357//357 358//358 359//359
f 359//359 358//358 360//360
f 359//359 360//360 361//361
f 361//361 360//360 362//362
f 361//361 362//362 363//363
f 363//363 362//362 364//364
f 363//363 364//364 365//365
f 365//365 364//364 366//366
f 365//365 366//366 367//367
f 367//367 366//366 368//368
f 367//367 368//368 369//369
f 369//369 368//368 370//370
f 369//369 370//370 371//371
f 371//371 370//370 372//372
f 371//371 372//372 373//373
f 373//373 372//372 374//374
f 373//373 374//374 375//375
f 375//375 374//374 376//376
f 375//375 376//376 353//353
f 353//353 376//376 354//354
f 377//377 353//353 378//378
f 378//378 353//353 355//355
f 378//378 355//355 379//379
f 379//379 355//355 357//357
f 379//379 357//357 380//380
f 380//380 357//357 359//359
f 380//380 359//359 381//381
f 381//381 359//359 361//361
f 381//381 361//361 382//382
f 382//382 361//361 363//363
f 382//382 363//363 383//383
f 383//383 363//363 365//365
f 383//383 365//365 384//384
f 384//384 365//365 367//367
f 384//384 367//367 385//385
f 385//385 367//367 369//369
f 385//385 369//369 386//386
f 386//386 369//369 371//371
f 386//386 371//371 387//387
f 387//387 371//371 373//373
f 387//387 373//373 388//388
f 388//388 373//373 375//375
f 388//388 375//375 377//377
f 377//377 375//375 353//353
f 389//389 390//390 391//391
f 391//391 390//390 392//392
f 392//392 390//390 364//364
f 392//392 364//364 393//393
f 393//393 364//364 362//362
f 393//393 362//362 394//394
f 394//394 362//362 395//395
f 395//395 362//362 396//396
f 396//396 362//362 360//360
f 396//396 360//360 397//397
f 397//397 360//360 358//358
f 397//397 358//358 398//398
f 398//398 358//358 356//356
f 398//398 356//356 399//399
f 399//399 356//356 400//400
f 400//400 356//356 354//354
f 400//400 354//354 401//401
f 401//401 354//354 376//376
f 401//401 376//376 402//402
f 402//402 376//376 374//374
f 402//402 374//374 403//403
f 403//403 374//374 372//372
f 403//403 372//372 404//404
f 404//404 372//372 370//370
f 404//404 370//370 405//405
f 405//405 370//370 406//406
f 406//406 370//370 368//368
f 406//406 368//368 407//407
f 407//407 368//368 408//408
f 408//408 368//368 409//409
f 409//409 368//368 366//366
f 409//409 366//366 390//390
f 390//390 366//366 364//364
f 410//410 411//411 390//390
f 390//390 411//411 409//409
f 412//412 413//413 414//414
f 414//414 413//413 415//415
f 414//414 415//415 416//416
f 416//416 415//415 417//417
f 416//416 417//417 418//418
f 418//418 417//417 419//419
f 418//418 419//419 420//420
f 420//420 419//419 421//421
f 420//420 421//421 394//394
f 394//394 421//421 393//393
f 393//393 421//421 419//419
f 393//393 419//419 417//417
f 422//422 423//423 415//415
f 415//415 423//423 424//424
f 415//415 424//424 417//417
f 417//417 424//424 393//393
f 423//423 422//422 425//425
f 425//425 422//422 426//426
f 425//425 426//426 423//423
f 423//423 426//426 427//427
f 423//423 427//427 428//428
f 428//428 427//427 429//429
f 428//428 429//429 430//430
f 430//430 429//429 431//431
f 430//430 431//431 428//428
f 428//428 431//431 432//432
f 428//428 432//432 433//433
f 433//433 432//432 389//389
f 433//433 389//389 434//434
f 434//434 389//389 435//435
f 434//434 435//435 391//391
f 391//391 435//435 389//389
f 391//391 392//392 434//434
f 434//434 392//392 433//433
f 393//393 436//436 392//392
f 392//392 436//436 437//437
f 392//392 437//437 424//424
f 424//424 437//437 393//393
f 394//394 395//395 420//420
f 420//420 395//395 418//418
f 396//396 438//438 395//395
f 395//395 438//438 439//439
f 395//395 439//439 418//418
f 418//418 439//439 416//416
f 396//396 440//440 438//438
f 438//438 440//440 439//439
f 440//440 441//441 439//439
f 439//439 441//441 414//414
f 439//439 414//414 416//416
f 441//441 412//412 414//414
f 428//428 433//433 423//423
f 423//423 433//433 424//424
f 424//424 433//433 392//392
f 393//393 437//437 436//436
f 442//442 443//443 444//444
f 444//444 443//443 445//445
f 444//444 445//445 446//446
f 446//446 445//445 447//447
f 446//446 447//447 448//448
f 448//448 447//447 449//449
f 448//448 449//449 405//405
f 405//405 406//406 448//448
f 448//448 406//406 450//450
f 448//448 450//450 446//446
f 446//446 450//450 451//451
f 446//446 451//451 444//444
f 444//444 451//451 452//452
f 444//444 452//452 442//442
f 442//442 452//452 453//453
f 453//453 452//452 454//454
f 453//453 454//454 455//455
f 455//455 454//454 456//456
f 456//456 454//454 457//457
f 456//456 457//457 458//458
f 458//458 457//457 459//459
f 458//458 459//459 460//460
f 460//460 459//459 461//461
f 460//460 461//461 462//462
f 406//406 407//407 450//450
f 450//450 407//407 463//463
f 450//450 463//463 451//451
f 451//451 463//463 464//464
f 451//451 464//464 452//452
f 452//452 464//464 454//454
f 407//407 408//408 463//463
f 463//463 408//408 465//465
f 463//463 465//465 464//464
f 464//464 465//465 466//466
f 464//464 466//466 454//454
f 454//454 466//466 457//457
f 408//408 409//409 465//465
f 465//465 409//409 467//467
f 465//465 467//467 466//466
f 466//466 467//467 468//468
f 466//466 468//468 457//457
f 457//457 468//468 459//459
f 409//409 411//411 467//467
f 467//467 411//411 410//410
f 467//467 410//410 469//469
f 469//469 470//470 467//467
f 467//467 470//470 468//468
f 468//468 470//470 459//459
f 459//459 470//470 461//461
f 462//462 458//458 460//460
f 471//471 472//472 473//473
f 473//473 472//472 474//474
f 473//473 474//474 475//475
f 475//475 474//474 476//476
f 475//475 476//476 477//477
f 477//477 476//476 478//478
f 477//477 478//478 479//479
f 479//479 478//478 480//480
f 479//479 480//480 481//481
f 481//481 480//480 482//482
f 481//481 482//482 483//483
f 483//483 482//482 484//484
f 483//483 484//484 485//485
f 485//485 484//484 486//486
f 485//485 486//486 483//483
f 483//483 486//486 487//487
f 483//483 487//487 488//488
f 474//474 489//489 476//476
f 476//476 489//489 478//478
f 480//480 484//484 482//482
f 486//486 490//490 487//487
f 488//488 491//491 483//483
f 483//483 491//491 453//453
f 483//483 453//453 455//455
f 491//491 492//492 453//453
f 453//453 492//492 442//442
f 483//483 455//455 481//481
f 481//481 455//455 456//456
f 481//481 456//456 477//477
f 477//477 456//456 458//458
f 477//477 458//458 475//475
f 475//475 458//458 462//462
f 475//475 462//462 493//493
f 475//475 493//493 494//494
f 494//494 493//493 495//495
f 494//494 495//495 471//471
f 494//494 471//471 473//473
f 477//477 479//479 481//481
f 494//494 473//473 475//475
f 390//390 496//496 410//410
f 410//410 496//496 497//497
f 410//410 497//497 498//498
f 498//498 497//497 499//499
f 498//498 499//499 500//500
f 500//500 499//499 501//501
f 500//500 501//501 502//502
f 502//502 501//501 503//503
f 503//503 501//501 504//504
f 503//503 504//504 505//505
f 505//505 504//504 506//506
f 505//505 506//506 507//507
f 389//389 508//508 390//390
f 390//390 508//508 509//509
f 390//390 509//509 496//496
f 496//496 509//509 510//510
f 496//496 510//510 497//497
f 497//497 510//510 511//511
f 497//497 511//511 512//512
f 512//512 511//511 513//513
f 512//512 513//513 514//514
f 514//514 513//513 515//515
f 514//514 515//515 516//516
f 508//508 389//389 517//517
f 517//517 389//389 432//432
f 517//517 432//432 518//518
f 517//517 518//518 519//519
f 519//519 518//518 520//520
f 519//519 520//520 521//521
f 521//521 520//520 522//522
f 521//521 522//522 523//523
f 523//523 522//522 524//524
f 523//523 524//524 525//525
f 525//525 524//524 526//526
f 525//525 526//526 527//527
f 527//527 526//526 528//528
f 527//527 528//528 529//529
f 529//529 528//528 530//530
f 529//529 530//530 531//531
f 531//531 530//530 532//532
f 531//531 532//532 533//533
f 533//533 532//532 534//534
f 533//533 534//534 535//535
f 535//535 534//534 536//536
f 535//535 536//536 537//537
f 537//537 536//536 538//538
f 537//537 538//538 539//539
f 540//540 541//541 539//539
f 539//539 541//541 542//542
f 539//539 542//542 537//537
f 537//537 542//542 535//535
f 543//543 544//544 540//540
f 540//540 544//544 545//545
f 540//540 545//545 546//546
f 546//546 545//545 547//547
f 546//546 547//547 548//548
f 548//548 547//547 549//549
f 548//548 549//549 550//550
f 550//550 549//549 551//551
f 550//550 551//551 531//531
f 531//531 551//551 529//529
f 544//544 543//543 552//552
f 552//552 543//543 553//553
f 552//552 553//553 554//554
f 554//554 553//553 555//555
f 554//554 555//555 556//556
f 556//556 555//555 557//557
f 556//556 557//557 558//558
f 558//558 557//557 559//559
f 558//558 559//559 560//560
f 560//560 559//559 561//561
f 560//560 561//561 562//562
f 562//562 561//561 563//563
f 562//562 563//563 523//523
f 523//523 563//563 521//521
f 553//553 564//564 555//555
f 555//555 564//564 565//565
f 555//555 565//565 557//557
f 557//557 565//565 566//566
f 557//557 566//566 559//559
f 559//559 566//566 567//567
f 559//559 567//567 561//561
f 561//561 567//567 568//568
f 561//561 568//568 563//563
f 563//563 568//568 569//569
f 563//563 569//569 521//521
f 521//521 569//569 519//519
f 564//564 570//570 565//565
f 565//565 570//570 571//571
f 565//565 571//571 566//566
f 566//566 571//571 572//572
f 566//566 572//572 567//567
f 567//567 572//572 573//573
f 567//567 573//573 568//568
f 568//568 573//573 574//574
f 568//568 574//574 569//569
f 569//569 574//574 575//575
f 569//569 575//575 519//519
f 519//519 575//575 517//517
f 570//570 576//576 571//571
f 571//571 576//576 577//577
f 571//571 577//577 572//572
f 572//572 577//577 578//578
f 572//572 578//578 573//573
f 573//573 578//578 579//579
f 573//573 579//579 574//574
f 574//574 579//579 580//580
f 574//574 580//580 575//575
f 575//575 580//580 508//508
f 575//575 508//508 517//517
f 576//576 581//581 577//577
f 577//577 581//581 582//582
f 577//577 582//582 578//578
f 578//578 582//582 583//583
f 578//578 583//583 579//579
f 579//579 583//583 584//584
f 579//579 584//584 580//580
f 580//580 584//584 509//509
f 580//580 509//509 508//508
f 581//581 585//585 582//582
f 582//582 585//585 586//586
f 582//582 586//586 583//583
f 583//583 586//586 587//587
f 583//583 587//587 584//584
f 584//584 587//587 510//510
f 584//584 510//510 509//509
f 585//585 588//588 586//586
f 586//586 588//588 589//589
f 586//586 589//589 590//590
f 590//590 589//589 591//591
f 590//590 591//591 513//513
f 513//513 591//591 515//515
f 516//516 592//592 514//514
f 514//514 592//592 593//593
f 514//514 593//593 512//512
f 512//512 593//593 499//499
f 512//512 499//499 497//497
f 592//592 594//594 593//593
f 593//593 594//594 504//504
f 593//593 504//504 501//501
f 594//594 506//506 504//504
f 502//502 595//595 500//500
f 500//500 595//595 596//596
f 500//500 596//596 498//498
f 498//498 596//596 410//410
f 595//595 597//597 596//596
f 596//596 597//597 598//598
f 596//596 598//598 470//470
f 470//470 598//598 461//461
f 461//461 598//598 599//599
f 461//461 599//599 462//462
f 462//462 599//599 493//493
f 493//493 599//599 600//600
f 493//493 600//600 495//495
f 495//495 600//600 601//601
f 495//495 601//601 471//471
f 471//471 601//601 472//472
f 597//597 602//602 598//598
f 598//598 602//602 599//599
f 602//602 603//603 599//599
f 599//599 603//603 604//604
f 599//599 604//604 600//600
f 603//603 605//605 604//604
f 470//470 469//469 596//596
f 596//596 469//469 410//410
f 501//501 499//499 593//593
f 590//590 513//513 511//511
f 590//590 511//511 587//587
f 587//587 511//511 510//510
f 586//586 590//590 587//587
f 523//523 525//525 562//562
f 562//562 525//525 606//606
f 562//562 606//606 560//560
f 560//560 606//606 607//607
f 560//560 607//607 558//558
f 558//558 607//607 608//608
f 558//558 608//608 556//556
f 556//556 608//608 609//609
f 556//556 609//609 554//554
f 554//554 609//609 552//552
f 525//525 527//527 606//606
f 606//606 527//527 610//610
f 606//606 610//610 607//607
f 607//607 610//610 611//611
f 607//607 611//611 608//608
f 608//608 611//611 612//612
f 608//608 612//612 609//609
f 609//609 612//612 613//613
f 609//609 613//613 552//552
f 552//552 613//613 544//544
f 527//527 529//529 610//610
f 610//610 529//529 551//551
f 610//610 551//551 611//611
f 611//611 551//551 549//549
f 611//611 549//549 612//612
f 612//612 549//549 547//547
f 612//612 547//547 613//613
f 613//613 547//547 545//545
f 613//613 545//545 544//544
f 531//531 533//533 550//550
f 550//550 533//533 614//614
f 550//550 614//614 548//548
f 548//548 614//614 541//541
f 548//548 541//541 546//546
f 546//546 541//541 540//540
f 533//533 535//535 614//614
f 614//614 535//535 542//542
f 614//614 542//542 541//541
f 615//615 616//616 490//490
f 490//490 616//616 617//617
f 490//490 617//617 487//487
f 487//487 617//617 618//618
f 487//487 618//618 619//619
f 615//615 620//620 616//616
f 616//616 620//620 621//621
f 617//617 616//616 622//622
f 622//622 616//616 623//623
f 622//622 623//623 624//624
f 624//624 623//623 625//625
f 624//624 625//625 626//626
f 626//626 625//625 627//627
f 626//626 627//627 628//628
f 626//626 628//628 629//629
f 629//629 628//628 630//630
f 629//629 630//630 631//631
f 631//631 630//630 632//632
f 631//631 632//632 633//633
f 633//633 632//632 634//634
f 633//633 634//634 635//635
f 633//633 635//635 636//636
f 636//636 635//635 443//443
f 636//636 443//443 637//637
f 637//637 443//443 491//491
f 637//637 491//491 638//638
f 638//638 491//491 488//488
f 638//638 488//488 619//619
f 619//619 488//488 487//487
f 442//442 492//492 443//443
f 443//443 492//492 491//491
f 639//639 636//636 640//640
f 640//640 636//636 637//637
f 640//640 637//637 641//641
f 641//641 637//637 638//638
f 641//641 638//638 642//642
f 642//642 638//638 619//619
f 642//642 619//619 643//643
f 643//643 619//619 618//618
f 643//643 618//618 644//644
f 644//644 618//618 617//617
f 644//644 617//617 645//645
f 645//645 617//617 622//622
f 645//645 622//622 646//646
f 646//646 622//622 624//624
f 646//646 624//624 647//647
f 647//647 624//624 626//626
f 647//647 626//626 648//648
f 648//648 626//626 629//629
f 648//648 629//629 649//649
f 649//649 629//629 631//631
f 649//649 631//631 650//650
f 650//650 631//631 633//633
f 650//650 633//633 639//639
f 639//639 633//633 636//636
f 621//621 413//413 616//616
f 616//616 413//413 412//412
f 616//616 412//412 441//441
f 441//441 440//440 616//616
f 616//616 440//440 396//396
f 616//616 396//396 397//397
f 616//616 397//397 623//623
f 623//623 397//397 398//398
f 623//623 398//398 625//625
f 625//625 398//398 399//399
f 625//625 399//399 627//627
f 627//627 399//399 400//400
f 627//627 400//400 628//628
f 628//628 400//400 630//630
f 630//630 400//400 401//401
f 630//630 401//401 632//632
f 632//632 401//401 402//402
f 632//632 402//402 634//634
f 634//634 402//402 403//403
f 634//634 403//403 635//635
f 635//635 403//403 404//404
f 635//635 404//404 445//445
f 445//445 404//404 447//447
f 447//447 404//404 449//449
f 449//449 404//404 405//405
f 445//445 443//443 635//635
f 379//379 646//646 378//378
f 378//378 646//646 647//647
f 378//378 647//647 377//377
f 377//377 647//647 648//648
f 377//377 648//648 388//388
f 388//388 648//648 649//649
f 388//388 649//649 387//387
f 387//387 649//649 650//650
f 387//387 650//650 386//386
f 386//386 650//650 639//639
f 386//386 639//639 385//385
f 385//385 639//639 640//640
f 385//385 640//640 384//384
f 384//384 640//640 641//641
f 384//384 641//641 383//383
f 383//383 641//641 642//642
f 383//383 642//642 382//382
f 382//382 642//642 643//643
f 382//382 643//643 381//381
f 381//381 643//643 644//644
f 381//381 644//644 380//380
f 380//380 644//644 645//645
f 380//380 645//645 379//379
f 379//379 645//645 646//646
f 651//651 652//652 653//653
f 653//653 652//652 654//654
f 653//653 654//654 655//655
f 655//655 654//654 656//656
f 655//655 656//656 657//657
f 657//657 656//656 658//658
f 657//657 658//658 659//659
f 659//659 658//658 660//660
f 659//659 660//660 661//661
f 661//661 660//660 662//662
f 661//661 662//662 663//663
f 663//663 662//662 664//664
f 663//663 664//664 665//665
f 665//665 664//664 666//666
f 665//665 666//666 667//667
f 667//667 666//666 668//668
f 667//667 668//668 669//669
f 669//669 668//668 670//670
f 669//669 670//670 671//671
f 671//671 670//670 672//672
f 671//671 672//672 673//673
f 673//673 672//672 674//674
f 673//673 674//674 651//651
f 651//651 674//674 652//652
f 652//652 675//675 654//654
f 654//654 675//675 676//676
f 654//654 676//676 656//656
f 656//656 676//676 677//677
f 656//656 677//677 658//658
f 658//658 677//677 678//678
f 658//658 678//678 660//660
f 660//660 678//678 679//679
f 660//660 679//679 662//662
f 662//662 679//679 680//680
f 662//662 680//680 664//664
f 664//664 680//680 681//681
f 664//664 681//681 666//666
f 666//666 681//681 682//682
f 666//666 682//682 668//668
f 668//668 682//682 683//683
f 668//668 683//683 670//670
f 670//670 683//683 684//684
f 670//670 684//684 672//672
f 672//672 684//684 685//685
f 672//672 685//685 674//674
f 674//674 685//685 686//686
f 674//674 686//686 652//652
f 652//652 686//686 675//675
f 687//687 688//688 689//689
f 689//689 688//688 659//659
f 689//689 659//659 690//690
f 690//690 659//659 661//661
f 690//690 661//661 691//691
f 691//691 661//661 692//692
f 692//692 661//661 663//663
f 692//692 663//663 693//693
f 693//693 663//663 694//694
f 694//694 663//663 665//665
f 694//694 665//665 695//695
f 695//695 665//665 667//667
f 695//695 667//667 696//696
f 696//696 667//667 669//669
f 696//696 669//669 697//697
f 697//697 669//669 698//698
f 698//698 669//669 671//671
f 698//698 671//671 699//699
f 699//699 671//671 700//700
f 700//700 671//671 673//673
f 700//700 673//673 701//701
f 701//701 673//673 651//651
f 701//701 651//651 702//702
f 702//702 651//651 653//653
f 702//702 653//653 703//703
f 703//703 653//653 655//655
f 703//703 655//655 704//704
f 704//704 655//655 657//657
f 704//704 657//657 688//688
f 688//688 657//657 659//659
f 705//705 706//706 688//688
f 688//688 706//706 707//707
f 688//688 707//707 704//704
f 708//708 709//709 705//705
f 705//705 709//709 706//706
f 709//709 707//707 706//706
f 707//707 710//710 704//704
f 704//704 710//710 703//703
f 703//703 710//710 711//711
f 703//703 711//711 702//702
f 702//702 711//711 712//712
f 702//702 712//712 701//701
f 701//701 712//712 713//713
f 701//701 713//713 700//700
f 700//700 713//713 714//714
f 700//700 714//714 699//699
f 699//699 714//714 715//715
f 699//699 715//715 698//698
f 698//698 715//715 716//716
f 698//698 716//716 697//697
f 697//697 716//716 717//717
f 697//697 717//717 696//696
f 696//696 717//717 718//718
f 696//696 718//718 695//695
f 695//695 718//718 719//719
f 695//695 719//719 694//694
f 720//720 687//687 721//721
f 721//721 687//687 722//722
f 721//721 722//722 723//723
f 723//723 722//722 724//724
f 723//723 724//724 725//725
f 725//725 724//724 726//726
f 725//725 726//726 727//727
f 727//727 726//726 728//728
f 727//727 728//728 729//729
f 729//729 728//728 730//730
f 729//729 730//730 731//731
f 731//731 730//730 719//719
f 719//719 730//730 694//694
f 694//694 730//730 693//693
f 693//693 730//730 728//728
f 693//693 728//728 692//692
f 692//692 728//728 726//726
f 692//692 726//726 691//691
f 691//691 726//726 724//724
f 691//691 724//724 690//690
f 690//690 724//724 722//722
f 690//690 722//722 689//689
f 689//689 722//722 687//687
f 731//731 732//732 729//729
f 729//729 732//732 733//733
f 729//729 733//733 727//727
f 727//727 733//733 734//734
f 727//727 734//734 725//725
f 725//725 734//734 735//735
f 725//725 735//735 723//723
f 723//723 735//735 721//721
f 721//721 735//735 736//736
f 721//721 736//736 720//720
f 732//732 737//737 733//733
f 733//733 737//737 738//738
f 733//733 738//738 734//734
f 734//734 738//738 739//739
f 734//734 739//739 735//735
f 735//735 739//739 736//736
f 687//687 720//720 740//740
f 740//740 720//720 741//741
f 740//740 741//741 742//742
f 742//742 741//741 743//743
f 742//742 743//743 744//744
f 736//736 745//745 720//720
f 720//720 745//745 746//746
f 720//720 746//746 747//747
f 748//748 749//749 736//736
f 736//736 749//749 750//750
f 736//736 750//750 751//751
f 742//742 752//752 748//748
f 748//748 752//752 753//753
f 748//748 753//753 749//749
f 747//747 754//754 720//720
f 720//720 754//754 741//741
f 744//744 752//752 742//742
f 751//751 745//745 736//736
f 675//675 755//755 676//676
f 676//676 755//755 756//756
f 676//676 756//756 677//677
f 677//677 756//756 757//757
f 677//677 757//757 678//678
f 678//678 757//757 758//758
f 678//678 758//758 679//679
f 679//679 758//758 759//759
f 679//679 759//759 680//680
f 680//680 759//759 760//760
f 680//680 760//760 681//681
f 681//681 760//760 761//761
f 681//681 761//761 682//682
f 682//682 761//761 762//762
f 682//682 762//762 683//683
f 683//683 762//762 763//763
f 683//683 763//763 684//684
f 684//684 763//763 764//764
f 684//684 764//764 685//685
f 685//685 764//764 765//765
f 685//685 765//765 686//686
f 686//686 765//765 766//766
f 686//686 766//766 675//675
f 675//675 766//766 755//755
f 755//755 767//767 756//756
f 756//756 767//767 768//768
f 756//756 768//768 757//757
f 757//757 768//768 769//769
f 757//757 769//769 758//758
f 758//758 769//769 770//770
f 758//758 770//770 759//759
f 759//759 770//770 771//771
f 759//759 771//771 760//760
f 760//760 771//771 772//772
f 760//760 772//772 761//761
f 761//761 772//772 773//773
f 761//761 773//773 762//762
f 762//762 773//773 774//774
f 762//762 774//774 763//763
f 763//763 774//774 775//775
f 763//763 775//775 764//764
f 764//764 775//775 776//776
f 764//764 776//776 765//765
f 765//765 776//776 777//777
f 765//765 777//777 766//766
f 766//766 777//777 778//778
f 766//766 778//778 755//755
f 755//755 778//778 767//767
f 731//731 770//770 732//732
f 732//732 770//770 769//769
f 732//732 769//769 768//768
f 719//719 772//772 731//731
f 731//731 772//772 771//771
f 731//731 771//771 770//770
f 772//772 719//719 773//773
f 773//773 719//719 718//718
f 773//773 718//718 774//774
f 774//774 718//718 717//717
f 774//774 717//717 775//775
f 775//775 717//717 716//716
f 775//775 716//716 776//776
f 776//776 716//716 715//715
f 776//776 715//715 714//714
f 776//776 714//714 777//777
f 777//777 714//714 713//713
f 777//777 713//713 712//712
f 777//777 712//712 778//778
f 778//778 712//712 711//711
f 778//778 711//711 767//767
f 767//767 711//711 710//710
f 767//767 710//710 732//732
f 732//732 710//710 707//707
f 732//732 707//707 709//709
f 709//709 708//708 732//732
f 768//768 767//767 732//732
f 80//80 82//82 131//131
f 131//131 82//82 779//779
f 131//131 779//779 780//780
f 82//82 84//84 779//779
f 779//779 84//84 781//781
f 781//781 84//84 86//86
f 781//781 86//86 782//782
f 782//782 86//86 89//89
f 782//782 89//89 91//91
f 93//93 113//113 91//91
f 91//91 113//113 783//783
f 91//91 783//783 782//782
f 783//783 113//113 784//784
f 784//784 113//113 785//785
f 784//784 785//785 786//786
f 784//784 786//786 787//787
f 787//787 786//786 788//788
f 787//787 788//788 789//789
f 787//787 789//789 790//790
f 790//790 789//789 791//791
f 790//790 791//791 792//792
f 792//792 793//793 790//790
f 790//790 793//793 794//794
f 794//794 793//793 795//795
f 794//794 795//795 796//796
f 796//796 797//797 794//794
f 794//794 797//797 798//798
f 794//794 798//798 799//799
f 799//799 800//800 794//794
f 794//794 800//800 801//801
f 801//801 800//800 802//802
f 801//801 802//802 803//803
f 803//803 804//804 801//801
f 801//801 804//804 805//805
f 805//805 804//804 806//806
f 805//805 806//806 807//807
f 805//805 807//807 808//808
f 808//808 807//807 809//809
f 808//808 809//809 810//810
f 810//810 809//809 811//811
f 810//810 811//811 812//812
f 812//812 811//811 813//813
f 812//812 813//813 814//814
f 814//814 813//813 815//815
f 814//814 815//815 816//816
f 814//814 816//816 817//817
f 817//817 816//816 818//818
f 817//817 818//818 819//819
f 819//819 818//818 820//820
f 819//819 820//820 821//821
f 821//821 820//820 748//748
f 821//821 748//748 822//822
f 822//822 748//748 823//823
f 823//823 748//748 736//736
f 823//823 736//736 824//824
f 824//824 736//736 708//708
f 824//824 708//708 825//825
f 825//825 708//708 826//826
f 825//825 826//826 780//780
f 780//780 826//826 827//827
f 780//780 827//827 131//131
f 131//131 827//827 133//133
f 736//736 739//739 708//708
f 708//708 739//739 738//738
f 708//708 738//738 737//737
f 737//737 732//732 708//708
f 705//705 828//828 708//708
f 708//708 828//828 826//826
f 829//829 830//830 831//831
f 832//832 830//830 833//833
f 834//834 830//830 835//835
f 836//836 830//830 837//837
f 838//838 830//830 839//839
f 840//840 830//830 841//841
f 831//831 830//830 840//840
f 839//839 830//830 836//836
f 835//835 830//830 832//832
f 841//841 830//830 838//838
f 837//837 830//830 834//834
f 833//833 830//830 829//829
f 840//840 754//754 831//831
f 831//831 754//754 747//747
f 831//831 747//747 829//829
f 829//829 747//747 746//746
f 829//829 746//746 833//833
f 833//833 746//746 745//745
f 833//833 745//745 832//832
f 832//832 745//745 751//751
f 832//832 751//751 835//835
f 835//835 751//751 750//750
f 835//835 750//750 834//834
f 834//834 750//750 749//749
f 834//834 749//749 837//837
f 837//837 749//749 753//753
f 837//837 753//753 836//836
f 836//836 753//753 752//752
f 836//836 752//752 839//839
f 839//839 752//752 744//744
f 839//839 744//744 838//838
f 838//838 744//744 743//743
f 838//838 743//743 841//841
f 841//841 743//743 741//741
f 841//841 741//741 840//840
f 840//840 741//741 754//754
f 842//842 843//843 844//844
f 844//844 843//843 845//845
f 846//846 847//847 848//848
f 848//848 847//847 849//849
f 849//849 844//844 848//848
f 848//848 844//844 845//845
f 843//843 842//842 850//850
f 850//850 842//842 851//851
f 850//850 851//851 852//852
f 852//852 851//851 853//853
f 853//853 851//851 854//854
f 855//855 847//847 856//856
f 856//856 847//847 846//846
f 856//856 846//846 857//857
f 858//858 859//859 857//857
f 857//857 859//859 860//860
f 857//857 860//860 856//856
f 858//858 861//861 859//859
f 859//859 861//861 862//862
f 862//862 861//861 863//863
f 862//862 863//863 864//864
f 864//864 863//863 865//865
f 864//864 865//865 866//866
f 866//866 865//865 867//867
f 866//866 867//867 868//868
f 869//869 870//870 865//865
f 865//865 870//870 871//871
f 865//865 871//871 872//872
f 870//870 873//873 871//871
f 872//872 867//867 865//865
f 866//866 868//868 874//874
f 874//874 868//868 875//875
f 874//874 875//875 876//876
f 876//876 875//875 877//877
f 877//877 875//875 878//878
f 877//877 878//878 879//879
f 879//879 878//878 880//880
f 879//879 880//880 881//881
f 881//881 880//880 882//882
f 882//882 880//880 883//883
f 882//882 883//883 884//884
f 884//884 883//883 885//885
f 884//884 885//885 886//886
f 886//886 885//885 887//887
f 887//887 885//885 888//888
f 887//887 888//888 889//889
f 889//889 888//888 890//890
f 889//889 890//890 891//891
f 891//891 890//890 892//892
f 892//892 890//890 893//893
f 892//892 893//893 894//894
f 894//894 893//893 895//895
f 894//894 895//895 896//896
f 896//896 895//895 897//897
f 896//896 898//898 894//894
f 894//894 898//898 899//899
f 899//899 898//898 900//900
f 899//899 900//900 901//901
f 899//899 901//901 902//902
f 902//902 901//901 903//903
f 902//902 903//903 904//904
f 904//904 903//903 905//905
f 904//904 905//905 906//906
f 906//906 907//907 904//904
f 892//892 894//894 908//908
f 908//908 894//894 909//909
f 908//908 909//909 910//910
f 910//910 909//909 911//911
f 910//910 911//911 912//912
f 912//912 911//911 913//913
f 912//912 913//913 914//914
f 914//914 913//913 915//915
f 914//914 915//915 916//916
f 916//916 915//915 917//917
f 917//917 915//915 855//855
f 917//917 855//855 918//918
f 918//918 855//855 856//856
f 918//918 919//919 917//917
f 917//917 919//919 920//920
f 920//920 919//919 921//921
f 920//920 921//921 922//922
f 922//922 921//921 923//923
f 923//923 921//921 924//924
f 923//923 924//924 925//925
f 925//925 924//924 889//889
f 925//925 889//889 891//891
f 926//926 927//927 928//928
f 928//928 927//927 929//929
f 928//928 929//929 930//930
f 930//930 929//929 931//931
f 930//930 931//931 932//932
f 932//932 931//931 933//933
f 934//934 927//927 935//935
f 935//935 927//927 926//926
f 936//936 937//937 938//938
f 938//938 937//937 939//939
f 938//938 939//939 940//940
f 940//940 939//939 941//941
f 940//940 941//941 935//935
f 935//935 941//941 934//934
f 942//942 943//943 944//944
f 944//944 943//943 945//945
f 944//944 945//945 946//946
f 946//946 945//945 947//947
f 946//946 947//947 948//948
f 948//948 947//947 949//949
f 950//950 943//943 951//951
f 951//951 943//943 942//942
f 952//952 953//953 954//954
f 954//954 953//953 955//955
f 954//954 955//955 956//956
f 956//956 955//955 957//957
f 956//956 957//957 951//951
f 951//951 957//957 950//950
f 952//952 954//954 958//958
f 958//958 954//954 956//956
f 958//958 956//956 959//959
f 959//959 956//956 951//951
f 959//959 951//951 942//942
f 959//959 942//942 960//960
f 960//960 942//942 944//944
f 960//960 944//944 961//961
f 961//961 944//944 946//946
f 961//961 946//946 948//948
f 961//961 962//962 960//960
f 959//959 963//963 958//958
f 964//964 953//953 933//933
f 933//933 953//953 843//843
f 933//933 843//843 932//932
f 932//932 843//843 965//965
f 932//932 965//965 966//966
f 964//964 967//967 953//953
f 952//952 848//848 953//953
f 953//953 848//848 845//845
f 953//953 845//845 843//843
f 958//958 968//968 952//952
f 952//952 968//968 846//846
f 952//952 846//846 848//848
f 968//968 857//857 846//846
f 843//843 850//850 965//965
f 966//966 969//969 932//932
f 932//932 969//969 970//970
f 932//932 970//970 971//971
f 969//969 972//972 970//970
f 971//971 973//973 932//932
f 932//932 973//973 974//974
f 932//932 974//974 975//975
f 975//975 976//976 932//932
f 932//932 976//976 977//977
f 933//933 931//931 964//964
f 964//964 931//931 929//929
f 964//964 929//929 978//978
f 978//978 929//929 927//927
f 978//978 927//927 934//934
f 978//978 934//934 979//979
f 979//979 934//934 941//941
f 979//979 941//941 980//980
f 980//980 941//941 939//939
f 980//980 939//939 937//937
f 980//980 981//981 979//979
f 978//978 982//982 964//964
f 983//983 984//984 985//985
f 985//985 984//984 986//986
f 985//985 986//986 987//987
f 987//987 986//986 988//988
f 987//987 988//988 989//989
f 989//989 988//988 990//990
f 989//989 990//990 991//991
f 991//991 990//990 992//992
f 991//991 992//992 993//993
f 993//993 992//992 994//994
f 993//993 994//994 995//995
f 995//995 994//994 996//996
f 995//995 996//996 997//997
f 997//997 996//996 998//998
f 997//997 998//998 999//999
f 999//999 998//998 1000//1000
f 999//999 1000//1000 1001//1001
f 1001//1001 1000//1000 1002//1002
f 1001//1001 1002//1002 1003//1003
f 1003//1003 1002//1002 1004//1004
f 1003//1003 1004//1004 1005//1005
f 1005//1005 1004//1004 1006//1006
f 1005//1005 1006//1006 1007//1007
f 1007//1007 1006//1006 1008//1008
f 1007//1007 1008//1008 983//983
f 983//983 1008//1008 984//984
f 1009//1009 1010//1010 1011//1011
f 1011//1011 1010//1010 1012//1012
f 1011//1011 1012//1012 1013//1013
f 1013//1013 1012//1012 1014//1014
f 1013//1013 1014//1014 1015//1015
f 1015//1015 1014//1014 1016//1016
f 1015//1015 1016//1016 1017//1017
f 1017//1017 1016//1016 1018//1018
f 1017//1017 1018//1018 1019//1019
f 1019//1019 1018//1018 1020//1020
f 1019//1019 1020//1020 1021//1021
f 1021//1021 1020//1020 1022//1022
f 1021//1021 1022//1022 1023//1023
f 1023//1023 1022//1022 1024//1024
f 1023//1023 1024//1024 1025//1025
f 1025//1025 1024//1024 1026//1026
f 1025//1025 1026//1026 1027//1027
f 1027//1027 1026//1026 1028//1028
f 1027//1027 1028//1028 1029//1029
f 1029//1029 1028//1028 1030//1030
f 1029//1029 1030//1030 1031//1031
f 1031//1031 1030//1030 1032//1032
f 1031//1031 1032//1032 1033//1033
f 1033//1033 1032//1032 1034//1034
f 1033//1033 1034//1034 1009//1009
f 1009//1009 1034//1034 1010//1010
f 1035//1035 1036//1036 1037//1037
f 1037//1037 1036//1036 1038//1038
f 1037//1037 1038//1038 1039//1039
f 1039//1039 1038//1038 1040//1040
f 1039//1039 1040//1040 1041//1041
f 1041//1041 1040//1040 1042//1042
f 1041//1041 1042//1042 1043//1043
f 1043//1043 1042//1042 1044//1044
f 1043//1043 1044//1044 1045//1045
f 1045//1045 1044//1044 1046//1046
f 1045//1045 1046//1046 1047//1047
f 1047//1047 1046//1046 1048//1048
f 1047//1047 1048//1048 1049//1049
f 1049//1049 1048//1048 1050//1050
f 1049//1049 1050//1050 1051//1051
f 1051//1051 1050//1050 1052//1052
f 1051//1051 1052//1052 1053//1053
f 1053//1053 1052//1052 1054//1054
f 1053//1053 1054//1054 1055//1055
f 1055//1055 1054//1054 1056//1056
f 1055//1055 1056//1056 1057//1057
f 1057//1057 1056//1056 1058//1058
f 1057//1057 1058//1058 1059//1059
f 1059//1059 1058//1058 1060//1060
f 1059//1059 1060//1060 1061//1061
f 1061//1061 1060//1060 1062//1062
f 1061//1061 1062//1062 1063//1063
f 1063//1063 1062//1062 1064//1064
f 1063//1063 1064//1064 1065//1065
f 1065//1065 1064//1064 1066//1066
f 1065//1065 1066//1066 1067//1067
f 1067//1067 1066//1066 1068//1068
f 1067//1067 1068//1068 1069//1069
f 1069//1069 1068//1068 1070//1070
f 1069//1069 1070//1070 1071//1071
f 1071//1071 1070//1070 1072//1072
f 1071//1071 1072//1072 1073//1073
f 1073//1073 1072//1072 1074//1074
f 1073//1073 1074//1074 1035//1035
f 1035//1035 1074//1074 1036//1036
f 1075//1075 1076//1076 1077//1077
f 1077//1077 1076//1076 1078//1078
f 1077//1077 1078//1078 1079//1079
f 1075//1075 1080//1080 1076//1076
f 1076//1076 1080//1080 1081//1081
f 1076//1076 1081//1081 1082//1082
f 1076//1076 1082//1082 1083//1083
f 1083//1083 1082//1082 1084//1084
f 1083//1083 1084//1084 1085//1085
f 1086//1086 1087//1087 1085//1085
f 1085//1085 1087//1087 1083//1083
f 1078//1078 1076//1076 1088//1088
f 1088//1088 1076//1076 1089//1089
f 1088//1088 1089//1089 1090//1090
f 1090//1090 1089//1089 1091//1091
f 1090//1090 1091//1091 1092//1092
f 1090//1090 1092//1092 1093//1093
f 1093//1093 1092//1092 1094//1094
f 1093//1093 1094//1094 1095//1095
f 1095//1095 1094//1094 1096//1096
f 1095//1095 1096//1096 1097//1097
f 1095//1095 1097//1097 1098//1098
f 1098//1098 1097//1097 1099//1099
f 1098//1098 1099//1099 1100//1100
f 1100//1100 1099//1099 1101//1101
f 1100//1100 1101//1101 1102//1102
f 1100//1100 1102//1102 1103//1103
f 1103//1103 1102//1102 1104//1104
f 1103//1103 1104//1104 1105//1105
f 1105//1105 1104//1104 1106//1106
f 1106//1106 1104//1104 1107//1107
f 1107//1107 1104//1104 1108//1108
f 1107//1107 1108//1108 1109//1109
f 1109//1109 1108//1108 1110//1110
f 1109//1109 1110//1110 1111//1111
f 1111//1111 1110//1110 1112//1112
f 1111//1111 1112//1112 1113//1113
f 1113//1113 1112//1112 1114//1114
f 1114//1114 1112//1112 1115//1115
f 1116//1116 1117//1117 1108//1108
f 1108//1108 1117//1117 1118//1118
f 1108//1108 1118//1118 1119//1119
f 1117//1117 1116//1116 1120//1120
f 1120//1120 1116//1116 1121//1121
f 1120//1120 1121//1121 1122//1122
f 1122//1122 1121//1121 1123//1123
f 1122//1122 1123//1123 1124//1124
f 1124//1124 1123//1123 1125//1125
f 1124//1124 1125//1125 1126//1126
f 1117//1117 1127//1127 1118//1118
f 1119//1119 1110//1110 1108//1108
f 1105//1105 1128//1128 1103//1103
f 1103//1103 1128//1128 1129//1129
f 1129//1129 1128//1128 1130//1130
f 1129//1129 1130//1130 1131//1131
f 1129//1129 1131//1131 1132//1132
f 1132//1132 1131//1131 1133//1133
f 1132//1132 1133//1133 1134//1134
f 1134//1134 1133//1133 1135//1135
f 1134//1134 1135//1135 1136//1136
f 1136//1136 1135//1135 1137//1137
f 1079//1079 1138//1138 1077//1077
f 1077//1077 1138//1138 1139//1139
f 1077//1077 1139//1139 1140//1140
f 1141//1141 869//869 1142//1142
f 1142//1142 869//869 865//865
f 1142//1142 865//865 1143//1143
f 1142//1142 1144//1144 1141//1141
f 1141//1141 1144//1144 1145//1145
f 1146//1146 1147//1147 1148//1148
f 1148//1148 1147//1147 1149//1149
f 1148//1148 1149//1149 980//980
f 980//980 1149//1149 1150//1150
f 980//980 1150//1150 1151//1151
f 1151//1151 1152//1152 980//980
f 980//980 1152//1152 981//981
f 1153//1153 1154//1154 961//961
f 961//961 1154//1154 1155//1155
f 961//961 1155//1155 962//962
f 962//962 1155//1155 1156//1156
f 962//962 1156//1156 1157//1157
f 1153//1153 1158//1158 1154//1154
f 1142//1142 1143//1143 1159//1159
f 1159//1159 1143//1143 963//963
f 1159//1159 963//963 1160//1160
f 1160//1160 963//963 1161//1161
f 1160//1160 1161//1161 1162//1162
f 1162//1162 1161//1161 982//982
f 1162//1162 982//982 39//39
f 39//39 982//982 1163//1163
f 1143//1143 1164//1164 963//963
f 963//963 1164//1164 1165//1165
f 963//963 1165//1165 968//968
f 968//968 1165//1165 1166//1166
f 968//968 958//958 963//963
f 967//967 964//964 1161//1161
f 1161//1161 964//964 982//982
f 1167//1167 1168//1168 39//39
f 39//39 1168//1168 1169//1169
f 39//39 1169//1169 1162//1162
f 1160//1160 1170//1170 1159//1159
f 1159//1159 1170//1170 1171//1171
f 1171//1171 1170//1170 1172//1172
f 1172//1172 1170//1170 1173//1173
f 39//39 1163//1163 38//38
f 38//38 1163//1163 1174//1174
f 38//38 1174//1174 15//15
f 15//15 16//16 38//38
f 113//113 114//114 785//785
f 785//785 114//114 1175//1175
f 785//785 1175//1175 786//786
f 786//786 1175//1175 1176//1176
f 786//786 1176//1176 788//788
f 788//788 1176//1176 1177//1177
f 788//788 1177//1177 789//789
f 789//789 1177//1177 1178//1178
f 789//789 1178//1178 791//791
f 791//791 1178//1178 1179//1179
f 791//791 1179//1179 792//792
f 792//792 1179//1179 1180//1180
f 792//792 1180//1180 793//793
f 793//793 1180//1180 1181//1181
f 793//793 1181//1181 795//795
f 795//795 1181//1181 1182//1182
f 795//795 1182//1182 796//796
f 796//796 1182//1182 797//797
f 797//797 1182//1182 798//798
f 798//798 1182//1182 799//799
f 799//799 1182//1182 1183//1183
f 799//799 1183//1183 800//800
f 800//800 1183//1183 802//802
f 802//802 1183//1183 803//803
f 803//803 1183//1183 1184//1184
f 803//803 1184//1184 804//804
f 804//804 1184//1184 1185//1185
f 804//804 1185//1185 806//806
f 806//806 1185//1185 1186//1186
f 1186//1186 1185//1185 1187//1187
f 1186//1186 1187//1187 1188//1188
f 1188//1188 1187//1187 1189//1189
f 1188//1188 1189//1189 1190//1190
f 1190//1190 1189//1189 1191//1191
f 1190//1190 1191//1191 1192//1192
f 1192//1192 1191//1191 1193//1193
f 1192//1192 1193//1193 1194//1194
f 1194//1194 1193//1193 1195//1195
f 1194//1194 1195//1195 1196//1196
f 1196//1196 1195//1195 1197//1197
f 1196//1196 1197//1197 1198//1198
f 1198//1198 1197//1197 1199//1199
f 1198//1198 1199//1199 1200//1200
f 1200//1200 1199//1199 1201//1201
f 1200//1200 1201//1201 1202//1202
f 1202//1202 1201//1201 1203//1203
f 1202//1202 1203//1203 1204//1204
f 1204//1204 1203//1203 1205//1205
f 1204//1204 1205//1205 1206//1206
f 1206//1206 1205//1205 1207//1207
f 1206//1206 1207//1207 1208//1208
f 1208//1208 1207//1207 1209//1209
f 1208//1208 1209//1209 1210//1210
f 1210//1210 1209//1209 145//145
f 1210//1210 145//145 1211//1211
f 1211//1211 145//145 215//215
f 1211//1211 215//215 1212//1212
f 1212//1212 215//215 213//213
f 1212//1212 213//213 1213//1213
f 1213//1213 213//213 211//211
f 1213//1213 211//211 1214//1214
f 1214//1214 211//211 209//209
f 1214//1214 209//209 1215//1215
f 1215//1215 209//209 203//203
f 1215//1215 203//203 1216//1216
f 1216//1216 203//203 198//198
f 1216//1216 198//198 1217//1217
f 1217//1217 198//198 193//193
f 1217//1217 193//193 1218//1218
f 1218//1218 193//193 160//160
f 1218//1218 160//160 161//161
f 114//114 116//116 1175//1175
f 1175//1175 116//116 1219//1219
f 1175//1175 1219//1219 1220//1220
f 1220//1220 1219//1219 1207//1207
f 1220//1220 1207//1207 1205//1205
f 1219//1219 116//116 1209//1209
f 1209//1209 116//116 145//145
f 1218//1218 161//161 1221//1221
f 1221//1221 161//161 1222//1222
f 1221//1221 1222//1222 1223//1223
f 1224//1224 1225//1225 1223//1223
f 1223//1223 1225//1225 1226//1226
f 1223//1223 1226//1226 1227//1227
f 1227//1227 1226//1226 1228//1228
f 1227//1227 1228//1228 1229//1229
f 1229//1229 1228//1228 1230//1230
f 1229//1229 1230//1230 1216//1216
f 1216//1216 1230//1230 1215//1215
f 1231//1231 1232//1232 1224//1224
f 1224//1224 1232//1232 1233//1233
f 1224//1224 1233//1233 1225//1225
f 1225//1225 1233//1233 1234//1234
f 1225//1225 1234//1234 1235//1235
f 1235//1235 1234//1234 1236//1236
f 1235//1235 1236//1236 1237//1237
f 1237//1237 1236//1236 1238//1238
f 1237//1237 1238//1238 1239//1239
f 1239//1239 1238//1238 1240//1240
f 1239//1239 1240//1240 1214//1214
f 1214//1214 1240//1240 1213//1213
f 1241//1241 1242//1242 1231//1231
f 1231//1231 1242//1242 1243//1243
f 1231//1231 1243//1243 1232//1232
f 1232//1232 1243//1243 1244//1244
f 1232//1232 1244//1244 1245//1245
f 1245//1245 1244//1244 1246//1246
f 1245//1245 1246//1246 1247//1247
f 1247//1247 1246//1246 1248//1248
f 1247//1247 1248//1248 1249//1249
f 1249//1249 1248//1248 1250//1250
f 1249//1249 1250//1250 1251//1251
f 1251//1251 1250//1250 1252//1252
f 1251//1251 1252//1252 1253//1253
f 1253//1253 1252//1252 1254//1254
f 1253//1253 1254//1254 1212//1212
f 1212//1212 1254//1254 1211//1211
f 1255//1255 1256//1256 1241//1241
f 1241//1241 1256//1256 1257//1257
f 1241//1241 1257//1257 1242//1242
f 1242//1242 1257//1257 1243//1243
f 1256//1256 1255//1255 1258//1258
f 1258//1258 1255//1255 1259//1259
f 1258//1258 1259//1259 1260//1260
f 1260//1260 1259//1259 1261//1261
f 1260//1260 1262//1262 1258//1258
f 1258//1258 1262//1262 1263//1263
f 1258//1258 1263//1263 1264//1264
f 1264//1264 1263//1263 1265//1265
f 1264//1264 1265//1265 1266//1266
f 1266//1266 1265//1265 1267//1267
f 1266//1266 1267//1267 1268//1268
f 1268//1268 1267//1267 1269//1269
f 1268//1268 1269//1269 1270//1270
f 1270//1270 1269//1269 1271//1271
f 1270//1270 1271//1271 1272//1272
f 1272//1272 1271//1271 1273//1273
f 1272//1272 1273//1273 1274//1274
f 1274//1274 1273//1273 1275//1275
f 1274//1274 1275//1275 1276//1276
f 1276//1276 1275//1275 1277//1277
f 1276//1276 1277//1277 1278//1278
f 1278//1278 1277//1277 1206//1206
f 1278//1278 1206//1206 1208//1208
f 1262//1262 1279//1279 1263//1263
f 1263//1263 1279//1279 1280//1280
f 1263//1263 1280//1280 1265//1265
f 1265//1265 1280//1280 1281//1281
f 1265//1265 1281//1281 1267//1267
f 1267//1267 1281//1281 1282//1282
f 1267//1267 1282//1282 1269//1269
f 1269//1269 1282//1282 1283//1283
f 1269//1269 1283//1283 1271//1271
f 1271//1271 1283//1283 1284//1284
f 1271//1271 1284//1284 1273//1273
f 1273//1273 1284//1284 1285//1285
f 1273//1273 1285//1285 1275//1275
f 1275//1275 1285//1285 1286//1286
f 1275//1275 1286//1286 1277//1277
f 1277//1277 1286//1286 1204//1204
f 1277//1277 1204//1204 1206//1206
f 1279//1279 1287//1287 1280//1280
f 1280//1280 1287//1287 1288//1288
f 1280//1280 1288//1288 1281//1281
f 1281//1281 1288//1288 1289//1289
f 1281//1281 1289//1289 1282//1282
f 1282//1282 1289//1289 1290//1290
f 1282//1282 1290//1290 1283//1283
f 1283//1283 1290//1290 1291//1291
f 1283//1283 1291//1291 1284//1284
f 1284//1284 1291//1291 1292//1292
f 1284//1284 1292//1292 1285//1285
f 1285//1285 1292//1292 1293//1293
f 1285//1285 1293//1293 1286//1286
f 1286//1286 1293//1293 1202//1202
f 1286//1286 1202//1202 1204//1204
f 1288//1288 1287//1287 1294//1294
f 1294//1294 1287//1287 1295//1295
f 1294//1294 1295//1295 1296//1296
f 1296//1296 1295//1295 1297//1297
f 1296//1296 1297//1297 1298//1298
f 1298//1298 1297//1297 1299//1299
f 1298//1298 1299//1299 1300//1300
f 1300//1300 1299//1299 1301//1301
f 1300//1300 1301//1301 1302//1302
f 1302//1302 1301//1301 1303//1303
f 1302//1302 1303//1303 1190//1190
f 1190//1190 1303//1303 1188//1188
f 1175//1175 1220//1220 1176//1176
f 1176//1176 1220//1220 1304//1304
f 1176//1176 1304//1304 1177//1177
f 1177//1177 1304//1304 1305//1305
f 1177//1177 1305//1305 1178//1178
f 1178//1178 1305//1305 1306//1306
f 1178//1178 1306//1306 1179//1179
f 1179//1179 1306//1306 1307//1307
f 1179//1179 1307//1307 1180//1180
f 1180//1180 1307//1307 1308//1308
f 1180//1180 1308//1308 1181//1181
f 1181//1181 1308//1308 1309//1309
f 1181//1181 1309//1309 1182//1182
f 1182//1182 1309//1309 1310//1310
f 1182//1182 1310//1310 1183//1183
f 1183//1183 1310//1310 1311//1311
f 1183//1183 1311//1311 1184//1184
f 1184//1184 1311//1311 1187//1187
f 1184//1184 1187//1187 1185//1185
f 1209//1209 1207//1207 1219//1219
f 1304//1304 1220//1220 1205//1205
f 1305//1305 1304//1304 1203//1203
f 1203//1203 1304//1304 1205//1205
f 1306//1306 1305//1305 1201//1201
f 1201//1201 1305//1305 1203//1203
f 1307//1307 1306//1306 1199//1199
f 1199//1199 1306//1306 1201//1201
f 1308//1308 1307//1307 1197//1197
f 1197//1197 1307//1307 1199//1199
f 1309//1309 1308//1308 1195//1195
f 1195//1195 1308//1308 1197//1197
f 1310//1310 1309//1309 1193//1193
f 1193//1193 1309//1309 1195//1195
f 1311//1311 1310//1310 1191//1191
f 1191//1191 1310//1310 1193//1193
f 1187//1187 1311//1311 1189//1189
f 1189//1189 1311//1311 1191//1191
f 1208//1208 1210//1210 1312//1312
f 1312//1312 1210//1210 1211//1211
f 1312//1312 1211//1211 1254//1254
f 1208//1208 1312//1312 1278//1278
f 1278//1278 1312//1312 1313//1313
f 1278//1278 1313//1313 1276//1276
f 1276//1276 1313//1313 1314//1314
f 1276//1276 1314//1314 1274//1274
f 1274//1274 1314//1314 1315//1315
f 1274//1274 1315//1315 1272//1272
f 1272//1272 1315//1315 1316//1316
f 1272//1272 1316//1316 1270//1270
f 1270//1270 1316//1316 1317//1317
f 1270//1270 1317//1317 1268//1268
f 1268//1268 1317//1317 1318//1318
f 1268//1268 1318//1318 1266//1266
f 1266//1266 1318//1318 1319//1319
f 1266//1266 1319//1319 1264//1264
f 1264//1264 1319//1319 1256//1256
f 1264//1264 1256//1256 1258//1258
f 1313//1313 1312//1312 1254//1254
f 1200//1200 1202//1202 1293//1293
f 1198//1198 1200//1200 1320//1320
f 1320//1320 1200//1200 1293//1293
f 1320//1320 1293//1293 1292//1292
f 1196//1196 1198//1198 1321//1321
f 1321//1321 1198//1198 1320//1320
f 1321//1321 1320//1320 1322//1322
f 1322//1322 1320//1320 1292//1292
f 1322//1322 1292//1292 1291//1291
f 1194//1194 1196//1196 1323//1323
f 1323//1323 1196//1196 1321//1321
f 1323//1323 1321//1321 1324//1324
f 1324//1324 1321//1321 1322//1322
f 1324//1324 1322//1322 1325//1325
f 1325//1325 1322//1322 1291//1291
f 1325//1325 1291//1291 1290//1290
f 1192//1192 1194//1194 1326//1326
f 1326//1326 1194//1194 1323//1323
f 1326//1326 1323//1323 1327//1327
f 1327//1327 1323//1323 1324//1324
f 1327//1327 1324//1324 1328//1328
f 1328//1328 1324//1324 1325//1325
f 1328//1328 1325//1325 1329//1329
f 1329//1329 1325//1325 1290//1290
f 1329//1329 1290//1290 1289//1289
f 1190//1190 1192//1192 1302//1302
f 1302//1302 1192//1192 1326//1326
f 1302//1302 1326//1326 1300//1300
f 1300//1300 1326//1326 1327//1327
f 1300//1300 1327//1327 1298//1298
f 1298//1298 1327//1327 1328//1328
f 1298//1298 1328//1328 1296//1296
f 1296//1296 1328//1328 1329//1329
f 1296//1296 1329//1329 1294//1294
f 1294//1294 1329//1329 1289//1289
f 1294//1294 1289//1289 1288//1288
f 1314//1314 1313//1313 1252//1252
f 1252//1252 1313//1313 1254//1254
f 1212//1212 1213//1213 1253//1253
f 1253//1253 1213//1213 1240//1240
f 1253//1253 1240//1240 1251//1251
f 1251//1251 1240//1240 1238//1238
f 1251//1251 1238//1238 1249//1249
f 1249//1249 1238//1238 1236//1236
f 1249//1249 1236//1236 1247//1247
f 1247//1247 1236//1236 1234//1234
f 1247//1247 1234//1234 1245//1245
f 1245//1245 1234//1234 1233//1233
f 1245//1245 1233//1233 1232//1232
f 1315//1315 1314//1314 1250//1250
f 1250//1250 1314//1314 1252//1252
f 1316//1316 1315//1315 1248//1248
f 1248//1248 1315//1315 1250//1250
f 1214//1214 1215//1215 1239//1239
f 1239//1239 1215//1215 1230//1230
f 1239//1239 1230//1230 1237//1237
f 1237//1237 1230//1230 1228//1228
f 1237//1237 1228//1228 1235//1235
f 1235//1235 1228//1228 1226//1226
f 1235//1235 1226//1226 1225//1225
f 1317//1317 1316//1316 1246//1246
f 1246//1246 1316//1316 1248//1248
f 1318//1318 1317//1317 1244//1244
f 1244//1244 1317//1317 1246//1246
f 1216//1216 1217//1217 1229//1229
f 1229//1229 1217//1217 1330//1330
f 1229//1229 1330//1330 1227//1227
f 1227//1227 1330//1330 1223//1223
f 1319//1319 1318//1318 1243//1243
f 1243//1243 1318//1318 1244//1244
f 1217//1217 1218//1218 1330//1330
f 1330//1330 1218//1218 1221//1221
f 1330//1330 1221//1221 1223//1223
f 1256//1256 1319//1319 1257//1257
f 1257//1257 1319//1319 1243//1243
f 1331//1331 806//806 1332//1332
f 1332//1332 806//806 1186//1186
f 1332//1332 1186//1186 1333//1333
f 1333//1333 1186//1186 1334//1334
f 1333//1333 1334//1334 1335//1335
f 1335//1335 1334//1334 1336//1336
f 1336//1336 1334//1334 1337//1337
f 1336//1336 1337//1337 1338//1338
f 1338//1338 1337//1337 1188//1188
f 1338//1338 1188//1188 1303//1303
f 1186//1186 1188//1188 1334//1334
f 1334//1334 1188//1188 1337//1337
f 1338//1338 1303//1303 1339//1339
f 1339//1339 1303//1303 1301//1301
f 1339//1339 1301//1301 1340//1340
f 1340//1340 1301//1301 1299//1299
f 1340//1340 1299//1299 1341//1341
f 1341//1341 1299//1299 1297//1297
f 1341//1341 1297//1297 1342//1342
f 1342//1342 1297//1297 1295//1295
f 1342//1342 1295//1295 1343//1343
f 1343//1343 1295//1295 1287//1287
f 1343//1343 1287//1287 1344//1344
f 1344//1344 1287//1287 1279//1279
f 1344//1344 1279//1279 1345//1345
f 1345//1345 1279//1279 1262//1262
f 1345//1345 1262//1262 1346//1346
f 1346//1346 1262//1262 1260//1260
f 1346//1346 1260//1260 1347//1347
f 1347//1347 1260//1260 1261//1261
f 1347//1347 1261//1261 1348//1348
f 1349//1349 1350//1350 1348//1348
f 1348//1348 1350//1350 1347//1347
f 1350//1350 1351//1351 1347//1347
f 1347//1347 1351//1351 1346//1346
f 1351//1351 1352//1352 1346//1346
f 1346//1346 1352//1352 1345//1345
f 1352//1352 1353//1353 1345//1345
f 1345//1345 1353//1353 1344//1344
f 1353//1353 1354//1354 1344//1344
f 1344//1344 1354//1354 1343//1343
f 1354//1354 1355//1355 1343//1343
f 1343//1343 1355//1355 1342//1342
f 1342//1342 1355//1355 1341//1341
f 1341//1341 1355//1355 1356//1356
f 1341//1341 1356//1356 1340//1340
f 1340//1340 1356//1356 1357//1357
f 1340//1340 1357//1357 1339//1339
f 1339//1339 1357//1357 1358//1358
f 1339//1339 1358//1358 1338//1338
f 1338//1338 1358//1358 1336//1336
f 1333//1333 1335//1335 1332//1332
f 1332//1332 1335//1335 1359//1359
f 1332//1332 1359//1359 1331//1331
f 1360//1360 232//232 1361//1361
f 1361//1361 232//232 233//233
f 1361//1361 233//233 1362//1362
f 1362//1362 233//233 235//235
f 1362//1362 235//235 1363//1363
f 1363//1363 235//235 1364//1364
f 1363//1363 1364//1364 1365//1365
f 1365//1365 1364//1364 1366//1366
f 1365//1365 1366//1366 1367//1367
f 1367//1367 1366//1366 1368//1368
f 1367//1367 1368//1368 1369//1369
f 1369//1369 1368//1368 1370//1370
f 1369//1369 1370//1370 1371//1371
f 1371//1371 1370//1370 1372//1372
f 1371//1371 1372//1372 1373//1373
f 1373//1373 1372//1372 1374//1374
f 1373//1373 1374//1374 1375//1375
f 1375//1375 1374//1374 1376//1376
f 1375//1375 1376//1376 1377//1377
f 1377//1377 1376//1376 1378//1378
f 1377//1377 1378//1378 177//177
f 177//177 1378//1378 178//178
f 178//178 1378//1378 1379//1379
f 178//178 1379//1379 180//180
f 180//180 1379//1379 1380//1380
f 180//180 1380//1380 182//182
f 182//182 1380//1380 1381//1381
f 182//182 1381//1381 183//183
f 183//183 1381//1381 1382//1382
f 183//183 1382//1382 171//171
f 171//171 1382//1382 1383//1383
f 171//171 1383//1383 172//172
f 172//172 1383//1383 1384//1384
f 172//172 1384//1384 185//185
f 185//185 1384//1384 1385//1385
f 185//185 1385//1385 189//189
f 189//189 1385//1385 1386//1386
f 1386//1386 1385//1385 1387//1387
f 1386//1386 1387//1387 1388//1388
f 1388//1388 1387//1387 1389//1389
f 1388//1388 1389//1389 1390//1390
f 1390//1390 1389//1389 1391//1391
f 1390//1390 1391//1391 1392//1392
f 1392//1392 1391//1391 1393//1393
f 1392//1392 1393//1393 1394//1394
f 1394//1394 1393//1393 1395//1395
f 1394//1394 1395//1395 1396//1396
f 1396//1396 1395//1395 1397//1397
f 1396//1396 1397//1397 1398//1398
f 1398//1398 1397//1397 1399//1399
f 1398//1398 1399//1399 277//277
f 277//277 1399//1399 1400//1400
f 277//277 1400//1400 276//276
f 276//276 1400//1400 307//307
f 307//307 1400//1400 1401//1401
f 307//307 1401//1401 308//308
f 308//308 1401//1401 1402//1402
f 308//308 1402//1402 310//310
f 310//310 1402//1402 1403//1403
f 310//310 1403//1403 312//312
f 312//312 1403//1403 1404//1404
f 312//312 1404//1404 314//314
f 314//314 1404//1404 1405//1405
f 314//314 1405//1405 315//315
f 315//315 1405//1405 1406//1406
f 315//315 1406//1406 317//317
f 317//317 1406//1406 1407//1407
f 317//317 1407//1407 323//323
f 323//323 1407//1407 1408//1408
f 323//323 1408//1408 325//325
f 325//325 1408//1408 1409//1409
f 325//325 1409//1409 1364//1364
f 1364//1364 1409//1409 1366//1366
f 235//235 325//325 1364//1364
f 277//277 279//279 1398//1398
f 1398//1398 279//279 1410//1410
f 1398//1398 1410//1410 1411//1411
f 1411//1411 1410//1410 1412//1412
f 1411//1411 1412//1412 1413//1413
f 1413//1413 1412//1412 1414//1414
f 1413//1413 1414//1414 1415//1415
f 1415//1415 1414//1414 1390//1390
f 1415//1415 1390//1390 1392//1392
f 279//279 281//281 1410//1410
f 1410//1410 281//281 1416//1416
f 1410//1410 1416//1416 1412//1412
f 1412//1412 1416//1416 1414//1414
f 281//281 306//306 1416//1416
f 1416//1416 306//306 1414//1414
f 1414//1414 1388//1388 1390//1390
f 177//177 173//173 1377//1377
f 1377//1377 173//173 1417//1417
f 1377//1377 1417//1417 1375//1375
f 1375//1375 1417//1417 1418//1418
f 1375//1375 1418//1418 1373//1373
f 1373//1373 1418//1418 1419//1419
f 1373//1373 1419//1419 1371//1371
f 1371//1371 1419//1419 1420//1420
f 1371//1371 1420//1420 1369//1369
f 1369//1369 1420//1420 1421//1421
f 1369//1369 1421//1421 1367//1367
f 1367//1367 1421//1421 1422//1422
f 1367//1367 1422//1422 1365//1365
f 1365//1365 1422//1422 1423//1423
f 1365//1365 1423//1423 1363//1363
f 1363//1363 1423//1423 1362//1362
f 173//173 149//149 1417//1417
f 1417//1417 149//149 1424//1424
f 1417//1417 1424//1424 1418//1418
f 1418//1418 1424//1424 1425//1425
f 1418//1418 1425//1425 1419//1419
f 1419//1419 1425//1425 1426//1426
f 1419//1419 1426//1426 1420//1420
f 1420//1420 1426//1426 1427//1427
f 1420//1420 1427//1427 1421//1421
f 1421//1421 1427//1427 1428//1428
f 1421//1421 1428//1428 1422//1422
f 1422//1422 1428//1428 1429//1429
f 1422//1422 1429//1429 1423//1423
f 1423//1423 1429//1429 1430//1430
f 1423//1423 1430//1430 1362//1362
f 1362//1362 1430//1430 1361//1361
f 149//149 147//147 1424//1424
f 1424//1424 147//147 1431//1431
f 1424//1424 1431//1431 1425//1425
f 1425//1425 1431//1431 1432//1432
f 1425//1425 1432//1432 1426//1426
f 1426//1426 1432//1432 1433//1433
f 1426//1426 1433//1433 1427//1427
f 1427//1427 1433//1433 1434//1434
f 1427//1427 1434//1434 1428//1428
f 1428//1428 1434//1434 1435//1435
f 1428//1428 1435//1435 1429//1429
f 1429//1429 1435//1435 1436//1436
f 1429//1429 1436//1436 1430//1430
f 1430//1430 1436//1436 1437//1437
f 1430//1430 1437//1437 1361//1361
f 1361//1361 1437//1437 1360//1360
f 147//147 138//138 1431//1431
f 1431//1431 138//138 1438//1438
f 1431//1431 1438//1438 1432//1432
f 1432//1432 1438//1438 1439//1439
f 1432//1432 1439//1439 1433//1433
f 1433//1433 1439//1439 1440//1440
f 1433//1433 1440//1440 1434//1434
f 1434//1434 1440//1440 1441//1441
f 1434//1434 1441//1441 1435//1435
f 1435//1435 1441//1441 1442//1442
f 1435//1435 1442//1442 1436//1436
f 1436//1436 1442//1442 1443//1443
f 1436//1436 1443//1443 1437//1437
f 1437//1437 1443//1443 1360//1360
f 138//138 128//128 1438//1438
f 1438//1438 128//128 1444//1444
f 1438//1438 1444//1444 1439//1439
f 1439//1439 1444//1444 1445//1445
f 1439//1439 1445//1445 1440//1440
f 1440//1440 1445//1445 1446//1446
f 1440//1440 1446//1446 1441//1441
f 1441//1441 1446//1446 1447//1447
f 1441//1441 1447//1447 1442//1442
f 1442//1442 1447//1447 1448//1448
f 1442//1442 1448//1448 1443//1443
f 1443//1443 1448//1448 1449//1449
f 1443//1443 1449//1449 1360//1360
f 128//128 127//127 1444//1444
f 1444//1444 127//127 1450//1450
f 1444//1444 1450//1450 1445//1445
f 1445//1445 1450//1450 1451//1451
f 1445//1445 1451//1451 1446//1446
f 1446//1446 1451//1451 1452//1452
f 1446//1446 1452//1452 1447//1447
f 1447//1447 1452//1452 1453//1453
f 1447//1447 1453//1453 1448//1448
f 1448//1448 1453//1453 1449//1449
f 1450//1450 127//127 1454//1454
f 1454//1454 127//127 135//135
f 1454//1454 135//135 1455//1455
f 1455//1455 135//135 1456//1456
f 1455//1455 1456//1456 1457//1457
f 1457//1457 1456//1456 1449//1449
f 1457//1457 1449//1449 1458//1458
f 1458//1458 1449//1449 1453//1453
f 1458//1458 1453//1453 1452//1452
f 135//135 134//134 1456//1456
f 1456//1456 134//134 133//133
f 1456//1456 133//133 1449//1449
f 1457//1457 1458//1458 1459//1459
f 1459//1459 1458//1458 1452//1452
f 1459//1459 1452//1452 1451//1451
f 1454//1454 1455//1455 1459//1459
f 1459//1459 1455//1455 1457//1457
f 1454//1454 1459//1459 1451//1451
f 1454//1454 1451//1451 1450//1450
f 1366//1366 1409//1409 1460//1460
f 1460//1460 1409//1409 1408//1408
f 1460//1460 1408//1408 1461//1461
f 1461//1461 1408//1408 1407//1407
f 1461//1461 1407//1407 1462//1462
f 1462//1462 1407//1407 1406//1406
f 1462//1462 1406//1406 1463//1463
f 1463//1463 1406//1406 1405//1405
f 1463//1463 1405//1405 1464//1464
f 1464//1464 1405//1405 1404//1404
f 1464//1464 1404//1404 1465//1465
f 1465//1465 1404//1404 1403//1403
f 1465//1465 1403//1403 1466//1466
f 1466//1466 1403//1403 1402//1402
f 1466//1466 1402//1402 1467//1467
f 1467//1467 1402//1402 1401//1401
f 1467//1467 1401//1401 1468//1468
f 1468//1468 1401//1401 1400//1400
f 1468//1468 1400//1400 1399//1399
f 1366//1366 1460//1460 1368//1368
f 1368//1368 1460//1460 1469//1469
f 1368//1368 1469//1469 1370//1370
f 1370//1370 1469//1469 1470//1470
f 1370//1370 1470//1470 1372//1372
f 1372//1372 1470//1470 1471//1471
f 1372//1372 1471//1471 1374//1374
f 1374//1374 1471//1471 1472//1472
f 1374//1374 1472//1472 1376//1376
f 1376//1376 1472//1472 1473//1473
f 1376//1376 1473//1473 1378//1378
f 1378//1378 1473//1473 1379//1379
f 1469//1469 1460//1460 1461//1461
f 1469//1469 1461//1461 1474//1474
f 1474//1474 1461//1461 1462//1462
f 1474//1474 1462//1462 1475//1475
f 1475//1475 1462//1462 1463//1463
f 1475//1475 1463//1463 1476//1476
f 1476//1476 1463//1463 1464//1464
f 1476//1476 1464//1464 1477//1477
f 1477//1477 1464//1464 1465//1465
f 1477//1477 1465//1465 1478//1478
f 1478//1478 1465//1465 1466//1466
f 1478//1478 1466//1466 1479//1479
f 1479//1479 1466//1466 1467//1467
f 1479//1479 1467//1467 1480//1480
f 1480//1480 1467//1467 1468//1468
f 1480//1480 1468//1468 1397//1397
f 1397//1397 1468//1468 1399//1399
f 1469//1469 1474//1474 1470//1470
f 1470//1470 1474//1474 1481//1481
f 1470//1470 1481//1481 1471//1471
f 1471//1471 1481//1481 1482//1482
f 1471//1471 1482//1482 1472//1472
f 1472//1472 1482//1482 1483//1483
f 1472//1472 1483//1483 1473//1473
f 1473//1473 1483//1483 1484//1484
f 1473//1473 1484//1484 1379//1379
f 1379//1379 1484//1484 1380//1380
f 1481//1481 1474//1474 1475//1475
f 1481//1481 1475//1475 1485//1485
f 1485//1485 1475//1475 1476//1476
f 1485//1485 1476//1476 1486//1486
f 1486//1486 1476//1476 1477//1477
f 1486//1486 1477//1477 1487//1487
f 1487//1487 1477//1477 1478//1478
f 1487//1487 1478//1478 1488//1488
f 1488//1488 1478//1478 1479//1479
f 1488//1488 1479//1479 1489//1489
f 1489//1489 1479//1479 1480//1480
f 1489//1489 1480//1480 1395//1395
f 1395//1395 1480//1480 1397//1397
f 1481//1481 1485//1485 1482//1482
f 1482//1482 1485//1485 1490//1490
f 1482//1482 1490//1490 1483//1483
f 1483//1483 1490//1490 1491//1491
f 1483//1483 1491//1491 1484//1484
f 1484//1484 1491//1491 1492//1492
f 1484//1484 1492//1492 1380//1380
f 1380//1380 1492//1492 1381//1381
f 1490//1490 1485//1485 1486//1486
f 1490//1490 1486//1486 1493//1493
f 1493//1493 1486//1486 1487//1487
f 1493//1493 1487//1487 1494//1494
f 1494//1494 1487//1487 1488//1488
f 1494//1494 1488//1488 1495//1495
f 1495//1495 1488//1488 1489//1489
f 1495//1495 1489//1489 1496//1496
f 1496//1496 1489//1489 1395//1395
f 1496//1496 1395//1395 1393//1393
f 1490//1490 1493//1493 1491//1491
f 1491//1491 1493//1493 1497//1497
f 1491//1491 1497//1497 1492//1492
f 1492//1492 1497//1497 1498//1498
f 1492//1492 1498//1498 1381//1381
f 1381//1381 1498//1498 1499//1499
f 1381//1381 1499//1499 1382//1382
f 1382//1382 1499//1499 1383//1383
f 1497//1497 1493//1493 1494//1494
f 1497//1497 1494//1494 1500//1500
f 1500//1500 1494//1494 1495//1495
f 1500//1500 1495//1495 1501//1501
f 1501//1501 1495//1495 1496//1496
f 1501//1501 1496//1496 1502//1502
f 1502//1502 1496//1496 1393//1393
f 1502//1502 1393//1393 1391//1391
f 1497//1497 1500//1500 1498//1498
f 1498//1498 1500//1500 1503//1503
f 1498//1498 1503//1503 1499//1499
f 1499//1499 1503//1503 1504//1504
f 1499//1499 1504//1504 1383//1383
f 1383//1383 1504//1504 1384//1384
f 1503//1503 1500//1500 1501//1501
f 1503//1503 1501//1501 1505//1505
f 1505//1505 1501//1501 1502//1502
f 1505//1505 1502//1502 1506//1506
f 1506//1506 1502//1502 1391//1391
f 1506//1506 1391//1391 1389//1389
f 1398//1398 1411//1411 1396//1396
f 1396//1396 1411//1411 1507//1507
f 1396//1396 1507//1507 1394//1394
f 1394//1394 1507//1507 1392//1392
f 1503//1503 1505//1505 1504//1504
f 1504//1504 1505//1505 1508//1508
f 1504//1504 1508//1508 1384//1384
f 1384//1384 1508//1508 1385//1385
f 1508//1508 1505//1505 1506//1506
f 1415//1415 1392//1392 1507//1507
f 1415//1415 1507//1507 1413//1413
f 1413//1413 1507//1507 1411//1411
f 1389//1389 1387//1387 1506//1506
f 1506//1506 1387//1387 1508//1508
f 1387//1387 1385//1385 1508//1508
f 1335//1335 1509//1509 1359//1359
f 1359//1359 1509//1509 1510//1510
f 1359//1359 1510//1510 1511//1511
f 1511//1511 1510//1510 1512//1512
f 1511//1511 1512//1512 1513//1513
f 1513//1513 1512//1512 1514//1514
f 1514//1514 1512//1512 1515//1515
f 1514//1514 1515//1515 1516//1516
f 1516//1516 1515//1515 1517//1517
f 1516//1516 1517//1517 1518//1518
f 1518//1518 1517//1517 1519//1519
f 1518//1518 1519//1519 1520//1520
f 1520//1520 1519//1519 1521//1521
f 1520//1520 1521//1521 1522//1522
f 1522//1522 1521//1521 1523//1523
f 1522//1522 1523//1523 1524//1524
f 1524//1524 1523//1523 1525//1525
f 1524//1524 1525//1525 256//256
f 256//256 1525//1525 257//257
f 257//257 1525//1525 1526//1526
f 257//257 1526//1526 259//259
f 259//259 1526//1526 1527//1527
f 259//259 1527//1527 248//248
f 248//248 1527//1527 1528//1528
f 248//248 1528//1528 249//249
f 249//249 1528//1528 261//261
f 261//261 1528//1528 1529//1529
f 261//261 1529//1529 263//263
f 263//263 1529//1529 1530//1530
f 263//263 1530//1530 284//284
f 284//284 1530//1530 1531//1531
f 284//284 1531//1531 285//285
f 285//285 1531//1531 1532//1532
f 285//285 1532//1532 287//287
f 287//287 1532//1532 1533//1533
f 287//287 1533//1533 289//289
f 289//289 1533//1533 1534//1534
f 289//289 1534//1534 291//291
f 291//291 1534//1534 1535//1535
f 291//291 1535//1535 1536//1536
f 1536//1536 1535//1535 1537//1537
f 1536//1536 1537//1537 1538//1538
f 1538//1538 1537//1537 1539//1539
f 1538//1538 1539//1539 1540//1540
f 1540//1540 1539//1539 1541//1541
f 1540//1540 1541//1541 1542//1542
f 1542//1542 1541//1541 1543//1543
f 1542//1542 1543//1543 1544//1544
f 1544//1544 1543//1543 1545//1545
f 1544//1544 1545//1545 1546//1546
f 1546//1546 1545//1545 1547//1547
f 1546//1546 1547//1547 1548//1548
f 1548//1548 1547//1547 1549//1549
f 1548//1548 1549//1549 1550//1550
f 1550//1550 1549//1549 1551//1551
f 1550//1550 1551//1551 1552//1552
f 1552//1552 1551//1551 1351//1351
f 1552//1552 1351//1351 1550//1550
f 1550//1550 1351//1351 1553//1553
f 1550//1550 1553//1553 1554//1554
f 1554//1554 1553//1553 1555//1555
f 1554//1554 1555//1555 1556//1556
f 1556//1556 1555//1555 1557//1557
f 1556//1556 1557//1557 1558//1558
f 1558//1558 1557//1557 1559//1559
f 1558//1558 1559//1559 1544//1544
f 1544//1544 1559//1559 1560//1560
f 1544//1544 1560//1560 1542//1542
f 1542//1542 1560//1560 1561//1561
f 1542//1542 1561//1561 1540//1540
f 1540//1540 1561//1561 1562//1562
f 1540//1540 1562//1562 1538//1538
f 1538//1538 1562//1562 1563//1563
f 1538//1538 1563//1563 1536//1536
f 1536//1536 1563//1563 293//293
f 1536//1536 293//293 291//291
f 1509//1509 1335//1335 1564//1564
f 1564//1564 1335//1335 1336//1336
f 1564//1564 1336//1336 1565//1565
f 1565//1565 1336//1336 1358//1358
f 1565//1565 1358//1358 1566//1566
f 1566//1566 1358//1358 1357//1357
f 1566//1566 1357//1357 1567//1567
f 1567//1567 1357//1357 1356//1356
f 1567//1567 1356//1356 1568//1568
f 1568//1568 1356//1356 1355//1355
f 1568//1568 1355//1355 1569//1569
f 1569//1569 1355//1355 1354//1354
f 1569//1569 1354//1354 1570//1570
f 1570//1570 1354//1354 1353//1353
f 1570//1570 1353//1353 1571//1571
f 1571//1571 1353//1353 1352//1352
f 1571//1571 1352//1352 1572//1572
f 1572//1572 1352//1352 1551//1551
f 1572//1572 1551//1551 1549//1549
f 1352//1352 1351//1351 1551//1551
f 1553//1553 1351//1351 1573//1573
f 1573//1573 1351//1351 1350//1350
f 1573//1573 1350//1350 1574//1574
f 1574//1574 1350//1350 1349//1349
f 1574//1574 1349//1349 1575//1575
f 1574//1574 1575//1575 1576//1576
f 1576//1576 1575//1575 1577//1577
f 1576//1576 1577//1577 1553//1553
f 1553//1553 1577//1577 1555//1555
f 1559//1559 1578//1578 1560//1560
f 1560//1560 1578//1578 1561//1561
f 1561//1561 1578//1578 1562//1562
f 1562//1562 1578//1578 1579//1579
f 1562//1562 1579//1579 1563//1563
f 1563//1563 1579//1579 295//295
f 1563//1563 295//295 293//293
f 1509//1509 1564//1564 1510//1510
f 1510//1510 1564//1564 1580//1580
f 1510//1510 1580//1580 1512//1512
f 1512//1512 1580//1580 1581//1581
f 1512//1512 1581//1581 1515//1515
f 1515//1515 1581//1581 1582//1582
f 1515//1515 1582//1582 1517//1517
f 1517//1517 1582//1582 1583//1583
f 1517//1517 1583//1583 1519//1519
f 1519//1519 1583//1583 1584//1584
f 1519//1519 1584//1584 1521//1521
f 1521//1521 1584//1584 1585//1585
f 1521//1521 1585//1585 1523//1523
f 1523//1523 1585//1585 1586//1586
f 1523//1523 1586//1586 1525//1525
f 1525//1525 1586//1586 1526//1526
f 1580//1580 1564//1564 1587//1587
f 1587//1587 1564//1564 1565//1565
f 1587//1587 1565//1565 1588//1588
f 1588//1588 1565//1565 1566//1566
f 1588//1588 1566//1566 1589//1589
f 1589//1589 1566//1566 1567//1567
f 1589//1589 1567//1567 1590//1590
f 1590//1590 1567//1567 1568//1568
f 1590//1590 1568//1568 1591//1591
f 1591//1591 1568//1568 1569//1569
f 1591//1591 1569//1569 1592//1592
f 1592//1592 1569//1569 1570//1570
f 1592//1592 1570//1570 1593//1593
f 1593//1593 1570//1570 1571//1571
f 1593//1593 1571//1571 1594//1594
f 1594//1594 1571//1571 1572//1572
f 1594//1594 1572//1572 1549//1549
f 1581//1581 1580//1580 1595//1595
f 1595//1595 1580//1580 1587//1587
f 1595//1595 1587//1587 1596//1596
f 1596//1596 1587//1587 1588//1588
f 1596//1596 1588//1588 1597//1597
f 1597//1597 1588//1588 1589//1589
f 1597//1597 1589//1589 1598//1598
f 1598//1598 1589//1589 1590//1590
f 1598//1598 1590//1590 1599//1599
f 1599//1599 1590//1590 1591//1591
f 1599//1599 1591//1591 1600//1600
f 1600//1600 1591//1591 1592//1592
f 1600//1600 1592//1592 1601//1601
f 1601//1601 1592//1592 1593//1593
f 1601//1601 1593//1593 1602//1602
f 1602//1602 1593//1593 1594//1594
f 1602//1602 1594//1594 1547//1547
f 1547//1547 1594//1594 1549//1549
f 1582//1582 1581//1581 1603//1603
f 1603//1603 1581//1581 1595//1595
f 1603//1603 1595//1595 1604//1604
f 1604//1604 1595//1595 1596//1596
f 1604//1604 1596//1596 1605//1605
f 1605//1605 1596//1596 1597//1597
f 1605//1605 1597//1597 1606//1606
f 1606//1606 1597//1597 1598//1598
f 1606//1606 1598//1598 1607//1607
f 1607//1607 1598//1598 1599//1599
f 1607//1607 1599//1599 1608//1608
f 1608//1608 1599//1599 1600//1600
f 1608//1608 1600//1600 1609//1609
f 1609//1609 1600//1600 1601//1601
f 1609//1609 1601//1601 1610//1610
f 1610//1610 1601//1601 1602//1602
f 1610//1610 1602//1602 1545//1545
f 1545//1545 1602//1602 1547//1547
f 1583//1583 1582//1582 1611//1611
f 1611//1611 1582//1582 1603//1603
f 1611//1611 1603//1603 1612//1612
f 1612//1612 1603//1603 1604//1604
f 1612//1612 1604//1604 1613//1613
f 1613//1613 1604//1604 1605//1605
f 1613//1613 1605//1605 1614//1614
f 1614//1614 1605//1605 1606//1606
f 1614//1614 1606//1606 1615//1615
f 1615//1615 1606//1606 1607//1607
f 1615//1615 1607//1607 1616//1616
f 1616//1616 1607//1607 1608//1608
f 1616//1616 1608//1608 1617//1617
f 1617//1617 1608//1608 1609//1609
f 1617//1617 1609//1609 1618//1618
f 1618//1618 1609//1609 1610//1610
f 1618//1618 1610//1610 1543//1543
f 1543//1543 1610//1610 1545//1545
f 1584//1584 1583//1583 1619//1619
f 1619//1619 1583//1583 1611//1611
f 1619//1619 1611//1611 1620//1620
f 1620//1620 1611//1611 1612//1612
f 1620//1620 1612//1612 1621//1621
f 1621//1621 1612//1612 1613//1613
f 1621//1621 1613//1613 1622//1622
f 1622//1622 1613//1613 1614//1614
f 1622//1622 1614//1614 1623//1623
f 1623//1623 1614//1614 1615//1615
f 1623//1623 1615//1615 1624//1624
f 1624//1624 1615//1615 1616//1616
f 1624//1624 1616//1616 1625//1625
f 1625//1625 1616//1616 1617//1617
f 1625//1625 1617//1617 1626//1626
f 1626//1626 1617//1617 1618//1618
f 1626//1626 1618//1618 1541//1541
f 1541//1541 1618//1618 1543//1543
f 1585//1585 1584//1584 1627//1627
f 1627//1627 1584//1584 1619//1619
f 1627//1627 1619//1619 1628//1628
f 1628//1628 1619//1619 1620//1620
f 1628//1628 1620//1620 1629//1629
f 1629//1629 1620//1620 1621//1621
f 1629//1629 1621//1621 1630//1630
f 1630//1630 1621//1621 1622//1622
f 1630//1630 1622//1622 1631//1631
f 1631//1631 1622//1622 1623//1623
f 1631//1631 1623//1623 1632//1632
f 1632//1632 1623//1623 1624//1624
f 1632//1632 1624//1624 1633//1633
f 1633//1633 1624//1624 1625//1625
f 1633//1633 1625//1625 1634//1634
f 1634//1634 1625//1625 1626//1626
f 1634//1634 1626//1626 1539//1539
f 1539//1539 1626//1626 1541//1541
f 1527//1527 1526//1526 1586//1586
f 1586//1586 1585//1585 1635//1635
f 1635//1635 1585//1585 1627//1627
f 1635//1635 1627//1627 1636//1636
f 1636//1636 1627//1627 1628//1628
f 1636//1636 1628//1628 1637//1637
f 1637//1637 1628//1628 1629//1629
f 1637//1637 1629//1629 1638//1638
f 1638//1638 1629//1629 1630//1630
f 1638//1638 1630//1630 1639//1639
f 1639//1639 1630//1630 1631//1631
f 1639//1639 1631//1631 1640//1640
f 1640//1640 1631//1631 1632//1632
f 1640//1640 1632//1632 1641//1641
f 1641//1641 1632//1632 1633//1633
f 1641//1641 1633//1633 1642//1642
f 1642//1642 1633//1633 1634//1634
f 1642//1642 1634//1634 1537//1537
f 1537//1537 1634//1634 1539//1539
f 1528//1528 1527//1527 1635//1635
f 1635//1635 1527//1527 1586//1586
f 1528//1528 1635//1635 1636//1636
f 1529//1529 1528//1528 1636//1636
f 1529//1529 1636//1636 1637//1637
f 1530//1530 1529//1529 1637//1637
f 1530//1530 1637//1637 1638//1638
f 1531//1531 1530//1530 1638//1638
f 1531//1531 1638//1638 1639//1639
f 1532//1532 1531//1531 1639//1639
f 1532//1532 1639//1639 1640//1640
f 1533//1533 1532//1532 1640//1640
f 1533//1533 1640//1640 1641//1641
f 1534//1534 1533//1533 1641//1641
f 1534//1534 1641//1641 1642//1642
f 1534//1534 1642//1642 1535//1535
f 1535//1535 1642//1642 1537//1537
f 1576//1576 1553//1553 1573//1573
f 1548//1548 1550//1550 1554//1554
f 1574//1574 1576//1576 1573//1573
f 1546//1546 1548//1548 1556//1556
f 1556//1556 1548//1548 1554//1554
f 1544//1544 1546//1546 1558//1558
f 1558//1558 1546//1546 1556//1556
f 351//351 94//94 1643//1643
f 1643//1643 94//94 92//92
f 1643//1643 92//92 90//90
f 1643//1643 90//90 1644//1644
f 1644//1644 90//90 88//88
f 1644//1644 88//88 87//87
f 1644//1644 87//87 1645//1645
f 1645//1645 87//87 85//85
f 1645//1645 85//85 83//83
f 83//83 81//81 1645//1645
f 1645//1645 81//81 1646//1646
f 1645//1645 1646//1646 1647//1647
f 1647//1647 1646//1646 1648//1648
f 1647//1647 1648//1648 1649//1649
f 1649//1649 1648//1648 1650//1650
f 1649//1649 1650//1650 1651//1651
f 1651//1651 1650//1650 1652//1652
f 1651//1651 1652//1652 1653//1653
f 1653//1653 1652//1652 1654//1654
f 1653//1653 1654//1654 1655//1655
f 1655//1655 1654//1654 1656//1656
f 1655//1655 1656//1656 1657//1657
f 1657//1657 1656//1656 1658//1658
f 1657//1657 1658//1658 1659//1659
f 79//79 1660//1660 81//81
f 81//81 1660//1660 1646//1646
f 1660//1660 1661//1661 1646//1646
f 1646//1646 1661//1661 1648//1648
f 1648//1648 1661//1661 1650//1650
f 1650//1650 1661//1661 1662//1662
f 1650//1650 1662//1662 1652//1652
f 1652//1652 1662//1662 1654//1654
f 1657//1657 1659//1659 1663//1663
f 1663//1663 1659//1659 1664//1664
f 1663//1663 1664//1664 1665//1665
f 1665//1665 1664//1664 1666//1666
f 1665//1665 1666//1666 1667//1667
f 1667//1667 1666//1666 1668//1668
f 1667//1667 1668//1668 1669//1669
f 1669//1669 1668//1668 1670//1670
f 1669//1669 1670//1670 1671//1671
f 1666//1666 1670//1670 1668//1668
f 1672//1672 1673//1673 1671//1671
f 1671//1671 1673//1673 1674//1674
f 1671//1671 1674//1674 1669//1669
f 1669//1669 1674//1674 1675//1675
f 1669//1669 1675//1675 1667//1667
f 1667//1667 1675//1675 1676//1676
f 1667//1667 1676//1676 1677//1677
f 1677//1677 1676//1676 1678//1678
f 1677//1677 1678//1678 1679//1679
f 1679//1679 1678//1678 1680//1680
f 1679//1679 1680//1680 1681//1681
f 1681//1681 1680//1680 1682//1682
f 1681//1681 1682//1682 1683//1683
f 1672//1672 1684//1684 1673//1673
f 1673//1673 1684//1684 1685//1685
f 1673//1673 1685//1685 1686//1686
f 1685//1685 1684//1684 1687//1687
f 1687//1687 1684//1684 1688//1688
f 1687//1687 1688//1688 1689//1689
f 1689//1689 1688//1688 1690//1690
f 1689//1689 1690//1690 1691//1691
f 1692//1692 1693//1693 1686//1686
f 1686//1686 1693//1693 1674//1674
f 1686//1686 1674//1674 1673//1673
f 1693//1693 1692//1692 1694//1694
f 1694//1694 1692//1692 1695//1695
f 1694//1694 1695//1695 1696//1696
f 1696//1696 1695//1695 1697//1697
f 1696//1696 1697//1697 1698//1698
f 1698//1698 1697//1697 1699//1699
f 1698//1698 1699//1699 1700//1700
f 1700//1700 1699//1699 1701//1701
f 1700//1700 1701//1701 1702//1702
f 1702//1702 1701//1701 1703//1703
f 1703//1703 1701//1701 1704//1704
f 1703//1703 1704//1704 1705//1705
f 1705//1705 1704//1704 1706//1706
f 1705//1705 1706//1706 1707//1707
f 1707//1707 1706//1706 1708//1708
f 1707//1707 1708//1708 1709//1709
f 1699//1699 1704//1704 1701//1701
f 1700//1700 1702//1702 1710//1710
f 1710//1710 1702//1702 1711//1711
f 1710//1710 1711//1711 1712//1712
f 1710//1710 1712//1712 1713//1713
f 1713//1713 1712//1712 1714//1714
f 1713//1713 1714//1714 1715//1715
f 1715//1715 1716//1716 1713//1713
f 1713//1713 1716//1716 1717//1717
f 1713//1713 1717//1717 1718//1718
f 1718//1718 1717//1717 1719//1719
f 1718//1718 1719//1719 1696//1696
f 1696//1696 1719//1719 1694//1694
f 1717//1717 1716//1716 1720//1720
f 1720//1720 1716//1716 1721//1721
f 1720//1720 1721//1721 1680//1680
f 1680//1680 1721//1721 1722//1722
f 1680//1680 1722//1722 1682//1682
f 1683//1683 1723//1723 1681//1681
f 1681//1681 1723//1723 1724//1724
f 1681//1681 1724//1724 1725//1725
f 1725//1725 1724//1724 1726//1726
f 1725//1725 1726//1726 1727//1727
f 1727//1727 1726//1726 1728//1728
f 1727//1727 1728//1728 1657//1657
f 1657//1657 1728//1728 1655//1655
f 1723//1723 1729//1729 1724//1724
f 1724//1724 1729//1729 1730//1730
f 1724//1724 1730//1730 1726//1726
f 1726//1726 1730//1730 1731//1731
f 1726//1726 1731//1731 1728//1728
f 1728//1728 1731//1731 1732//1732
f 1728//1728 1732//1732 1655//1655
f 1655//1655 1732//1732 1653//1653
f 1730//1730 1729//1729 1733//1733
f 1733//1733 1729//1729 1734//1734
f 1733//1733 1734//1734 1735//1735
f 1735//1735 1736//1736 1733//1733
f 1733//1733 1736//1736 1737//1737
f 1733//1733 1737//1737 1730//1730
f 1730//1730 1737//1737 1738//1738
f 1730//1730 1738//1738 1731//1731
f 1731//1731 1738//1738 1739//1739
f 1731//1731 1739//1739 1732//1732
f 1732//1732 1739//1739 1740//1740
f 1732//1732 1740//1740 1653//1653
f 1653//1653 1740//1740 1651//1651
f 1736//1736 1741//1741 1737//1737
f 1737//1737 1741//1741 1742//1742
f 1737//1737 1742//1742 1743//1743
f 1743//1743 1742//1742 1744//1744
f 1743//1743 1744//1744 1745//1745
f 1745//1745 1744//1744 1746//1746
f 1746//1746 1744//1744 1747//1747
f 1746//1746 1747//1747 1748//1748
f 1742//1742 1747//1747 1744//1744
f 1746//1746 1748//1748 1749//1749
f 1749//1749 1748//1748 1750//1750
f 1749//1749 1750//1750 1751//1751
f 1751//1751 1750//1750 1752//1752
f 1743//1743 1745//1745 1753//1753
f 1753//1753 1745//1745 1754//1754
f 1753//1753 1754//1754 1755//1755
f 1755//1755 1754//1754 1756//1756
f 1755//1755 1756//1756 1757//1757
f 1757//1757 1756//1756 1758//1758
f 1757//1757 1758//1758 1649//1649
f 1649//1649 1758//1758 1647//1647
f 1643//1643 352//352 351//351
f 1674//1674 1693//1693 1675//1675
f 1675//1675 1693//1693 1759//1759
f 1675//1675 1759//1759 1676//1676
f 1676//1676 1759//1759 1760//1760
f 1676//1676 1760//1760 1678//1678
f 1678//1678 1760//1760 1720//1720
f 1678//1678 1720//1720 1680//1680
f 1667//1667 1677//1677 1665//1665
f 1665//1665 1677//1677 1761//1761
f 1665//1665 1761//1761 1663//1663
f 1663//1663 1761//1761 1727//1727
f 1663//1663 1727//1727 1657//1657
f 1757//1757 1649//1649 1651//1651
f 1757//1757 1651//1651 1740//1740
f 1693//1693 1694//1694 1759//1759
f 1759//1759 1694//1694 1719//1719
f 1759//1759 1719//1719 1760//1760
f 1760//1760 1719//1719 1717//1717
f 1760//1760 1717//1717 1720//1720
f 1725//1725 1727//1727 1761//1761
f 1725//1725 1761//1761 1679//1679
f 1679//1679 1761//1761 1677//1677
f 1755//1755 1757//1757 1740//1740
f 1755//1755 1740//1740 1739//1739
f 1681//1681 1725//1725 1679//1679
f 1753//1753 1755//1755 1739//1739
f 1753//1753 1739//1739 1738//1738
f 1696//1696 1698//1698 1718//1718
f 1718//1718 1698//1698 1710//1710
f 1718//1718 1710//1710 1713//1713
f 1700//1700 1710//1710 1698//1698
f 1743//1743 1753//1753 1738//1738
f 1743//1743 1738//1738 1737//1737
f 1762//1762 1145//1145 1763//1763
f 1763//1763 1145//1145 1764//1764
f 1763//1763 1764//1764 1765//1765
f 1765//1765 1764//1764 1766//1766
f 1765//1765 1766//1766 1767//1767
f 1767//1767 1766//1766 1768//1768
f 1767//1767 1768//1768 1769//1769
f 1769//1769 1768//1768 1770//1770
f 1769//1769 1770//1770 1771//1771
f 1771//1771 1770//1770 1772//1772
f 1771//1771 1772//1772 1773//1773
f 1773//1773 1772//1772 1774//1774
f 1773//1773 1774//1774 1775//1775
f 1775//1775 1774//1774 1776//1776
f 1775//1775 1776//1776 1777//1777
f 1777//1777 1776//1776 1778//1778
f 1777//1777 1778//1778 1779//1779
f 1779//1779 1778//1778 1780//1780
f 1779//1779 1780//1780 1781//1781
f 1781//1781 1780//1780 1782//1782
f 1781//1781 1782//1782 1783//1783
f 1783//1783 1782//1782 1784//1784
f 1783//1783 1784//1784 1785//1785
f 1785//1785 1784//1784 1786//1786
f 1785//1785 1786//1786 1787//1787
f 1787//1787 1786//1786 1788//1788
f 1787//1787 1788//1788 1789//1789
f 1789//1789 1788//1788 1790//1790
f 1789//1789 1790//1790 1791//1791
f 1791//1791 1790//1790 1792//1792
f 1791//1791 1792//1792 1793//1793
f 1793//1793 1792//1792 1794//1794
f 1794//1794 1792//1792 1795//1795
f 1794//1794 1795//1795 1796//1796
f 1796//1796 1795//1795 1797//1797
f 1796//1796 1797//1797 1798//1798
f 1798//1798 1797//1797 1799//1799
f 1798//1798 1799//1799 1800//1800
f 1800//1800 1799//1799 1801//1801
f 1800//1800 1801//1801 1802//1802
f 1802//1802 1801//1801 1803//1803
f 1802//1802 1803//1803 1804//1804
f 1804//1804 1803//1803 1805//1805
f 1804//1804 1805//1805 1806//1806
f 1806//1806 1805//1805 1807//1807
f 1806//1806 1807//1807 1808//1808
f 1808//1808 1807//1807 1809//1809
f 1808//1808 1809//1809 1810//1810
f 1764//1764 1811//1811 1766//1766
f 1766//1766 1811//1811 1812//1812
f 1766//1766 1812//1812 1768//1768
f 1768//1768 1812//1812 1813//1813
f 1768//1768 1813//1813 1770//1770
f 1770//1770 1813//1813 1814//1814
f 1770//1770 1814//1814 1772//1772
f 1772//1772 1814//1814 1815//1815
f 1772//1772 1815//1815 1774//1774
f 1774//1774 1815//1815 1816//1816
f 1774//1774 1816//1816 1776//1776
f 1776//1776 1816//1816 1817//1817
f 1776//1776 1817//1817 1778//1778
f 1778//1778 1817//1817 1818//1818
f 1778//1778 1818//1818 1780//1780
f 1780//1780 1818//1818 1819//1819
f 1780//1780 1819//1819 1782//1782
f 1782//1782 1819//1819 1820//1820
f 1782//1782 1820//1820 1784//1784
f 1784//1784 1820//1820 1821//1821
f 1784//1784 1821//1821 1786//1786
f 1786//1786 1821//1821 1822//1822
f 1786//1786 1822//1822 1788//1788
f 1788//1788 1822//1822 1823//1823
f 1788//1788 1823//1823 1790//1790
f 1790//1790 1823//1823 1824//1824
f 1790//1790 1824//1824 1792//1792
f 1792//1792 1824//1824 1795//1795
f 1811//1811 1825//1825 1812//1812
f 1812//1812 1825//1825 1813//1813
f 1825//1825 1826//1826 1813//1813
f 1813//1813 1826//1826 1814//1814
f 1814//1814 1826//1826 1815//1815
f 1815//1815 1826//1826 1827//1827
f 1815//1815 1827//1827 1828//1828
f 1828//1828 1827//1827 1829//1829
f 1828//1828 1829//1829 1816//1816
f 1816//1816 1829//1829 1817//1817
f 1830//1830 1831//1831 1829//1829
f 1829//1829 1831//1831 1832//1832
f 1829//1829 1832//1832 1833//1833
f 1833//1833 1832//1832 1834//1834
f 1833//1833 1834//1834 1818//1818
f 1818//1818 1834//1834 1819//1819
f 1835//1835 1836//1836 1830//1830
f 1830//1830 1836//1836 1837//1837
f 1830//1830 1837//1837 1831//1831
f 1831//1831 1837//1837 1838//1838
f 1831//1831 1838//1838 1839//1839
f 1839//1839 1838//1838 1840//1840
f 1839//1839 1840//1840 1841//1841
f 1841//1841 1840//1840 1842//1842
f 1841//1841 1842//1842 1820//1820
f 1820//1820 1842//1842 1821//1821
f 1835//1835 1843//1843 1836//1836
f 1836//1836 1843//1843 1844//1844
f 1836//1836 1844//1844 1845//1845
f 1845//1845 1844//1844 1846//1846
f 1845//1845 1846//1846 1847//1847
f 1847//1847 1846//1846 1848//1848
f 1847//1847 1848//1848 1849//1849
f 1849//1849 1848//1848 1850//1850
f 1849//1849 1850//1850 1851//1851
f 1851//1851 1850//1850 1852//1852
f 1851//1851 1852//1852 1853//1853
f 1853//1853 1852//1852 1854//1854
f 1853//1853 1854//1854 1822//1822
f 1822//1822 1854//1854 1823//1823
f 1843//1843 1855//1855 1844//1844
f 1844//1844 1855//1855 1856//1856
f 1844//1844 1856//1856 1846//1846
f 1846//1846 1856//1856 1857//1857
f 1846//1846 1857//1857 1848//1848
f 1848//1848 1857//1857 1858//1858
f 1848//1848 1858//1858 1850//1850
f 1850//1850 1858//1858 1859//1859
f 1850//1850 1859//1859 1852//1852
f 1852//1852 1859//1859 1860//1860
f 1852//1852 1860//1860 1854//1854
f 1854//1854 1860//1860 1861//1861
f 1854//1854 1861//1861 1823//1823
f 1823//1823 1861//1861 1824//1824
f 1855//1855 1862//1862 1856//1856
f 1856//1856 1862//1862 1863//1863
f 1856//1856 1863//1863 1857//1857
f 1857//1857 1863//1863 1864//1864
f 1857//1857 1864//1864 1858//1858
f 1858//1858 1864//1864 1865//1865
f 1858//1858 1865//1865 1859//1859
f 1859//1859 1865//1865 1866//1866
f 1859//1859 1866//1866 1860//1860
f 1860//1860 1866//1866 1867//1867
f 1860//1860 1867//1867 1861//1861
f 1861//1861 1867//1867 1868//1868
f 1861//1861 1868//1868 1824//1824
f 1824//1824 1868//1868 1795//1795
f 1862//1862 1869//1869 1863//1863
f 1863//1863 1869//1869 1870//1870
f 1863//1863 1870//1870 1864//1864
f 1864//1864 1870//1870 1871//1871
f 1864//1864 1871//1871 1865//1865
f 1865//1865 1871//1871 1872//1872
f 1865//1865 1872//1872 1866//1866
f 1866//1866 1872//1872 1873//1873
f 1866//1866 1873//1873 1867//1867
f 1867//1867 1873//1873 1874//1874
f 1867//1867 1874//1874 1868//1868
f 1868//1868 1874//1874 1797//1797
f 1868//1868 1797//1797 1795//1795
f 1870//1870 1869//1869 1875//1875
f 1875//1875 1869//1869 1876//1876
f 1875//1875 1876//1876 1877//1877
f 1877//1877 1876//1876 1878//1878
f 1877//1877 1878//1878 1879//1879
f 1879//1879 1878//1878 1880//1880
f 1879//1879 1880//1880 1881//1881
f 1881//1881 1880//1880 1803//1803
f 1881//1881 1803//1803 1801//1801
f 1876//1876 1882//1882 1878//1878
f 1878//1878 1882//1882 1883//1883
f 1878//1878 1883//1883 1880//1880
f 1880//1880 1883//1883 1805//1805
f 1880//1880 1805//1805 1803//1803
f 1882//1882 1884//1884 1883//1883
f 1883//1883 1884//1884 1885//1885
f 1883//1883 1885//1885 1807//1807
f 1807//1807 1885//1885 1809//1809
f 1886//1886 1887//1887 1810//1810
f 1810//1810 1887//1887 1808//1808
f 1887//1887 1888//1888 1808//1808
f 1808//1808 1888//1888 1806//1806
f 1806//1806 1888//1888 1804//1804
f 1804//1804 1888//1888 1889//1889
f 1804//1804 1889//1889 1802//1802
f 1802//1802 1889//1889 1890//1890
f 1802//1802 1890//1890 1800//1800
f 1800//1800 1890//1890 1891//1891
f 1800//1800 1891//1891 1798//1798
f 1798//1798 1891//1891 1796//1796
f 1891//1891 1794//1794 1796//1796
f 1793//1793 1892//1892 1791//1791
f 1791//1791 1892//1892 1893//1893
f 1791//1791 1893//1893 1789//1789
f 1789//1789 1893//1893 1894//1894
f 1789//1789 1894//1894 1787//1787
f 1787//1787 1894//1894 1895//1895
f 1787//1787 1895//1895 1785//1785
f 1785//1785 1895//1895 1896//1896
f 1785//1785 1896//1896 1783//1783
f 1783//1783 1896//1896 1897//1897
f 1783//1783 1897//1897 1781//1781
f 1781//1781 1897//1897 1898//1898
f 1781//1781 1898//1898 1779//1779
f 1779//1779 1898//1898 1899//1899
f 1779//1779 1899//1899 1777//1777
f 1777//1777 1899//1899 1900//1900
f 1777//1777 1900//1900 1775//1775
f 1775//1775 1900//1900 1901//1901
f 1775//1775 1901//1901 1773//1773
f 1773//1773 1901//1901 1902//1902
f 1773//1773 1902//1902 1771//1771
f 1771//1771 1902//1902 1903//1903
f 1771//1771 1903//1903 1769//1769
f 1769//1769 1903//1903 1904//1904
f 1769//1769 1904//1904 1767//1767
f 1767//1767 1904//1904 1905//1905
f 1767//1767 1905//1905 1765//1765
f 1765//1765 1905//1905 1763//1763
f 1894//1894 1893//1893 1906//1906
f 1906//1906 1893//1893 1907//1907
f 1906//1906 1907//1907 1908//1908
f 1894//1894 1906//1906 1895//1895
f 1895//1895 1906//1906 1909//1909
f 1895//1895 1909//1909 1896//1896
f 1896//1896 1909//1909 1897//1897
f 1897//1897 1909//1909 1898//1898
f 1898//1898 1909//1909 1910//1910
f 1898//1898 1910//1910 1899//1899
f 1899//1899 1910//1910 1900//1900
f 1910//1910 1911//1911 1900//1900
f 1900//1900 1911//1911 1901//1901
f 1911//1911 1912//1912 1901//1901
f 1901//1901 1912//1912 1902//1902
f 1912//1912 1913//1913 1902//1902
f 1902//1902 1913//1913 1903//1903
f 1903//1903 1913//1913 1904//1904
f 1904//1904 1913//1913 1762//1762
f 1904//1904 1762//1762 1905//1905
f 1905//1905 1762//1762 1763//1763
f 1828//1828 1816//1816 1815//1815
f 1837//1837 1836//1836 1845//1845
f 1838//1838 1837//1837 1847//1847
f 1847//1847 1837//1837 1845//1845
f 1817//1817 1829//1829 1833//1833
f 1834//1834 1832//1832 1839//1839
f 1839//1839 1832//1832 1831//1831
f 1818//1818 1817//1817 1833//1833
f 1840//1840 1838//1838 1849//1849
f 1849//1849 1838//1838 1847//1847
f 1819//1819 1834//1834 1841//1841
f 1841//1841 1834//1834 1839//1839
f 1842//1842 1840//1840 1851//1851
f 1851//1851 1840//1840 1849//1849
f 1820//1820 1819//1819 1841//1841
f 1870//1870 1875//1875 1871//1871
f 1871//1871 1875//1875 1914//1914
f 1871//1871 1914//1914 1872//1872
f 1872//1872 1914//1914 1915//1915
f 1872//1872 1915//1915 1873//1873
f 1873//1873 1915//1915 1916//1916
f 1873//1873 1916//1916 1874//1874
f 1874//1874 1916//1916 1799//1799
f 1874//1874 1799//1799 1797//1797
f 1842//1842 1851//1851 1853//1853
f 1822//1822 1821//1821 1853//1853
f 1853//1853 1821//1821 1842//1842
f 1875//1875 1877//1877 1914//1914
f 1914//1914 1877//1877 1879//1879
f 1914//1914 1879//1879 1915//1915
f 1915//1915 1879//1879 1881//1881
f 1915//1915 1881//1881 1916//1916
f 1916//1916 1881//1881 1801//1801
f 1916//1916 1801//1801 1799//1799
f 1807//1807 1805//1805 1883//1883
f 1917//1917 1886//1886 1918//1918
f 1918//1918 1886//1886 1810//1810
f 1918//1918 1810//1810 1809//1809
f 1918//1918 1809//1809 1919//1919
f 1919//1919 1809//1809 1885//1885
f 1919//1919 1885//1885 1920//1920
f 1920//1920 1885//1885 1884//1884
f 1920//1920 1884//1884 1882//1882
f 1920//1920 1882//1882 1921//1921
f 1921//1921 1882//1882 1876//1876
f 1921//1921 1876//1876 1922//1922
f 1922//1922 1876//1876 1869//1869
f 1922//1922 1869//1869 1923//1923
f 1923//1923 1869//1869 1862//1862
f 1923//1923 1862//1862 1924//1924
f 1924//1924 1862//1862 1925//1925
f 1924//1924 1925//1925 1926//1926
f 1926//1926 1925//1925 1927//1927
f 1926//1926 1927//1927 1928//1928
f 1928//1928 1927//1927 1929//1929
f 1928//1928 1929//1929 1930//1930
f 1930//1930 1929//1929 1931//1931
f 1930//1930 1931//1931 1932//1932
f 1932//1932 1931//1931 1933//1933
f 1932//1932 1933//1933 1934//1934
f 1934//1934 1933//1933 1935//1935
f 1934//1934 1935//1935 1936//1936
f 1936//1936 1935//1935 1937//1937
f 1936//1936 1937//1937 1172//1172
f 1862//1862 1855//1855 1925//1925
f 1925//1925 1855//1855 1938//1938
f 1925//1925 1938//1938 1927//1927
f 1927//1927 1938//1938 1939//1939
f 1927//1927 1939//1939 1929//1929
f 1929//1929 1939//1939 1940//1940
f 1929//1929 1940//1940 1931//1931
f 1931//1931 1940//1940 1941//1941
f 1931//1931 1941//1941 1933//1933
f 1933//1933 1941//1941 1942//1942
f 1933//1933 1942//1942 1943//1943
f 1943//1943 1942//1942 1937//1937
f 1943//1943 1937//1937 1935//1935
f 1855//1855 1843//1843 1938//1938
f 1938//1938 1843//1843 1944//1944
f 1938//1938 1944//1944 1939//1939
f 1939//1939 1944//1944 1945//1945
f 1939//1939 1945//1945 1940//1940
f 1940//1940 1945//1945 1946//1946
f 1940//1940 1946//1946 1941//1941
f 1941//1941 1946//1946 1942//1942
f 1944//1944 1843//1843 1947//1947
f 1947//1947 1843//1843 1835//1835
f 1947//1947 1835//1835 1948//1948
f 1948//1948 1835//1835 1949//1949
f 1948//1948 1949//1949 1950//1950
f 1950//1950 1949//1949 1946//1946
f 1950//1950 1946//1946 1945//1945
f 1949//1949 1942//1942 1946//1946
f 1936//1936 1172//1172 1951//1951
f 1951//1951 1172//1172 1952//1952
f 1951//1951 1952//1952 1953//1953
f 1953//1953 1952//1952 1954//1954
f 1953//1953 1954//1954 1955//1955
f 1955//1955 1954//1954 1956//1956
f 1955//1955 1956//1956 1957//1957
f 1957//1957 1956//1956 1958//1958
f 1957//1957 1958//1958 1959//1959
f 1959//1959 1958//1958 1960//1960
f 1959//1959 1960//1960 1961//1961
f 1952//1952 1962//1962 1954//1954
f 1954//1954 1962//1962 1963//1963
f 1954//1954 1963//1963 1956//1956
f 1956//1956 1963//1963 1964//1964
f 1956//1956 1964//1964 1958//1958
f 1958//1958 1964//1964 1965//1965
f 1958//1958 1965//1965 1960//1960
f 1962//1962 1966//1966 1963//1963
f 1963//1963 1966//1966 1967//1967
f 1963//1963 1967//1967 1964//1964
f 1964//1964 1967//1967 1965//1965
f 1966//1966 1968//1968 1967//1967
f 1967//1967 1968//1968 1965//1965
f 1968//1968 1969//1969 1965//1965
f 1961//1961 1970//1970 1959//1959
f 1959//1959 1970//1970 1971//1971
f 1959//1959 1971//1971 1972//1972
f 1972//1972 1971//1971 1973//1973
f 1972//1972 1973//1973 1974//1974
f 1974//1974 1975//1975 1972//1972
f 1972//1972 1975//1975 1976//1976
f 1972//1972 1976//1976 1977//1977
f 1977//1977 1976//1976 1978//1978
f 1977//1977 1978//1978 1979//1979
f 1979//1979 1978//1978 1980//1980
f 1979//1979 1980//1980 1981//1981
f 1981//1981 1980//1980 1982//1982
f 1981//1981 1982//1982 1983//1983
f 1983//1983 1982//1982 1984//1984
f 1983//1983 1984//1984 1985//1985
f 1985//1985 1984//1984 1986//1986
f 1985//1985 1986//1986 1987//1987
f 1987//1987 1986//1986 1988//1988
f 1987//1987 1988//1988 1989//1989
f 1989//1989 1988//1988 1990//1990
f 1989//1989 1990//1990 1991//1991
f 1991//1991 1990//1990 1992//1992
f 1991//1991 1992//1992 1993//1993
f 1993//1993 1992//1992 1994//1994
f 1993//1993 1994//1994 1995//1995
f 1995//1995 1994//1994 1996//1996
f 1995//1995 1996//1996 1997//1997
f 1997//1997 1996//1996 1998//1998
f 1997//1997 1998//1998 1921//1921
f 1921//1921 1998//1998 1920//1920
f 1975//1975 1999//1999 1976//1976
f 1976//1976 1999//1999 2000//2000
f 1976//1976 2000//2000 1978//1978
f 1978//1978 2000//2000 2001//2001
f 1978//1978 2001//2001 1980//1980
f 1980//1980 2001//2001 2002//2002
f 1980//1980 2002//2002 1982//1982
f 1982//1982 2002//2002 2003//2003
f 1982//1982 2003//2003 1984//1984
f 1984//1984 2003//2003 2004//2004
f 1984//1984 2004//2004 1986//1986
f 1986//1986 2004//2004 2005//2005
f 1986//1986 2005//2005 1988//1988
f 1988//1988 2005//2005 2006//2006
f 1988//1988 2006//2006 1990//1990
f 1990//1990 2006//2006 2007//2007
f 1990//1990 2007//2007 1992//1992
f 1992//1992 2007//2007 2008//2008
f 1992//1992 2008//2008 1994//1994
f 1994//1994 2008//2008 2009//2009
f 1994//1994 2009//2009 1996//1996
f 1996//1996 2009//2009 2010//2010
f 1996//1996 2010//2010 1998//1998
f 1998//1998 2010//2010 2011//2011
f 1998//1998 2011//2011 1920//1920
f 1920//1920 2011//2011 1919//1919
f 1999//1999 2012//2012 2000//2000
f 2000//2000 2012//2012 2013//2013
f 2000//2000 2013//2013 2001//2001
f 2001//2001 2013//2013 2014//2014
f 2001//2001 2014//2014 2002//2002
f 2002//2002 2014//2014 2015//2015
f 2002//2002 2015//2015 2003//2003
f 2003//2003 2015//2015 2016//2016
f 2003//2003 2016//2016 2004//2004
f 2004//2004 2016//2016 2017//2017
f 2004//2004 2017//2017 2005//2005
f 2005//2005 2017//2017 2018//2018
f 2005//2005 2018//2018 2006//2006
f 2006//2006 2018//2018 2019//2019
f 2006//2006 2019//2019 2007//2007
f 2007//2007 2019//2019 2020//2020
f 2007//2007 2020//2020 2008//2008
f 2008//2008 2020//2020 2021//2021
f 2008//2008 2021//2021 2009//2009
f 2009//2009 2021//2021 2022//2022
f 2009//2009 2022//2022 2010//2010
f 2010//2010 2022//2022 2023//2023
f 2010//2010 2023//2023 2011//2011
f 2011//2011 2023//2023 2024//2024
f 2011//2011 2024//2024 1919//1919
f 1919//1919 2024//2024 1918//1918
f 2012//2012 2025//2025 2013//2013
f 2013//2013 2025//2025 2026//2026
f 2013//2013 2026//2026 2014//2014
f 2014//2014 2026//2026 2027//2027
f 2014//2014 2027//2027 2015//2015
f 2015//2015 2027//2027 2028//2028
f 2015//2015 2028//2028 2016//2016
f 2016//2016 2028//2028 2029//2029
f 2016//2016 2029//2029 2017//2017
f 2017//2017 2029//2029 2030//2030
f 2017//2017 2030//2030 2018//2018
f 2018//2018 2030//2030 2031//2031
f 2018//2018 2031//2031 2019//2019
f 2019//2019 2031//2031 2032//2032
f 2019//2019 2032//2032 2020//2020
f 2020//2020 2032//2032 2033//2033
f 2020//2020 2033//2033 2021//2021
f 2021//2021 2033//2033 2034//2034
f 2021//2021 2034//2034 2022//2022
f 2022//2022 2034//2034 2035//2035
f 2022//2022 2035//2035 2023//2023
f 2023//2023 2035//2035 2036//2036
f 2023//2023 2036//2036 2024//2024
f 2024//2024 2036//2036 2037//2037
f 2024//2024 2037//2037 1918//1918
f 1918//1918 2037//2037 1917//1917
f 2025//2025 2038//2038 2026//2026
f 2026//2026 2038//2038 2039//2039
f 2026//2026 2039//2039 2027//2027
f 2027//2027 2039//2039 2040//2040
f 2027//2027 2040//2040 2028//2028
f 2028//2028 2040//2040 2041//2041
f 2028//2028 2041//2041 2029//2029
f 2029//2029 2041//2041 2042//2042
f 2029//2029 2042//2042 2030//2030
f 2030//2030 2042//2042 2043//2043
f 2030//2030 2043//2043 2031//2031
f 2031//2031 2043//2043 2044//2044
f 2031//2031 2044//2044 2032//2032
f 2032//2032 2044//2044 2045//2045
f 2032//2032 2045//2045 2033//2033
f 2033//2033 2045//2045 2046//2046
f 2033//2033 2046//2046 2034//2034
f 2034//2034 2046//2046 2047//2047
f 2034//2034 2047//2047 2035//2035
f 2035//2035 2047//2047 2048//2048
f 2035//2035 2048//2048 2036//2036
f 2036//2036 2048//2048 2049//2049
f 2036//2036 2049//2049 2037//2037
f 2037//2037 2049//2049 1917//1917
f 2038//2038 2050//2050 2039//2039
f 2039//2039 2050//2050 2051//2051
f 2039//2039 2051//2051 2040//2040
f 2040//2040 2051//2051 2052//2052
f 2040//2040 2052//2052 2041//2041
f 2041//2041 2052//2052 2053//2053
f 2041//2041 2053//2053 2042//2042
f 2042//2042 2053//2053 2054//2054
f 2042//2042 2054//2054 2043//2043
f 2043//2043 2054//2054 2055//2055
f 2043//2043 2055//2055 2044//2044
f 2044//2044 2055//2055 2056//2056
f 2044//2044 2056//2056 2045//2045
f 2045//2045 2056//2056 2057//2057
f 2045//2045 2057//2057 2046//2046
f 2046//2046 2057//2057 2058//2058
f 2046//2046 2058//2058 2047//2047
f 2047//2047 2058//2058 2059//2059
f 2047//2047 2059//2059 2048//2048
f 2048//2048 2059//2059 2060//2060
f 2048//2048 2060//2060 2049//2049
f 2049//2049 2060//2060 2061//2061
f 2049//2049 2061//2061 1917//1917
f 2050//2050 2062//2062 2051//2051
f 2051//2051 2062//2062 2063//2063
f 2051//2051 2063//2063 2052//2052
f 2052//2052 2063//2063 2064//2064
f 2052//2052 2064//2064 2053//2053
f 2053//2053 2064//2064 2065//2065
f 2053//2053 2065//2065 2054//2054
f 2054//2054 2065//2065 2066//2066
f 2054//2054 2066//2066 2055//2055
f 2055//2055 2066//2066 2067//2067
f 2055//2055 2067//2067 2056//2056
f 2056//2056 2067//2067 2068//2068
f 2056//2056 2068//2068 2057//2057
f 2057//2057 2068//2068 2069//2069
f 2057//2057 2069//2069 2058//2058
f 2058//2058 2069//2069 2070//2070
f 2058//2058 2070//2070 2059//2059
f 2059//2059 2070//2070 2071//2071
f 2059//2059 2071//2071 2060//2060
f 2060//2060 2071//2071 2061//2061
f 2062//2062 2072//2072 2063//2063
f 2063//2063 2072//2072 2073//2073
f 2063//2063 2073//2073 2064//2064
f 2064//2064 2073//2073 2074//2074
f 2064//2064 2074//2074 2065//2065
f 2065//2065 2074//2074 2075//2075
f 2065//2065 2075//2075 2066//2066
f 2066//2066 2075//2075 2076//2076
f 2066//2066 2076//2076 2067//2067
f 2067//2067 2076//2076 2077//2077
f 2067//2067 2077//2077 2068//2068
f 2068//2068 2077//2077 2078//2078
f 2068//2068 2078//2078 2069//2069
f 2069//2069 2078//2078 2079//2079
f 2069//2069 2079//2079 2070//2070
f 2070//2070 2079//2079 2080//2080
f 2070//2070 2080//2080 2071//2071
f 2071//2071 2080//2080 2081//2081
f 2071//2071 2081//2081 2061//2061
f 2072//2072 2082//2082 2073//2073
f 2073//2073 2082//2082 2083//2083
f 2073//2073 2083//2083 2074//2074
f 2074//2074 2083//2083 2084//2084
f 2074//2074 2084//2084 2075//2075
f 2075//2075 2084//2084 2085//2085
f 2075//2075 2085//2085 2076//2076
f 2076//2076 2085//2085 2086//2086
f 2076//2076 2086//2086 2077//2077
f 2077//2077 2086//2086 2087//2087
f 2077//2077 2087//2087 2078//2078
f 2078//2078 2087//2087 2088//2088
f 2078//2078 2088//2088 2079//2079
f 2079//2079 2088//2088 2089//2089
f 2079//2079 2089//2089 2080//2080
f 2080//2080 2089//2089 2090//2090
f 2080//2080 2090//2090 2081//2081
f 2082//2082 2091//2091 2083//2083
f 2083//2083 2091//2091 2092//2092
f 2083//2083 2092//2092 2084//2084
f 2084//2084 2092//2092 2093//2093
f 2084//2084 2093//2093 2085//2085
f 2085//2085 2093//2093 2094//2094
f 2085//2085 2094//2094 2086//2086
f 2086//2086 2094//2094 2095//2095
f 2086//2086 2095//2095 2087//2087
f 2087//2087 2095//2095 2096//2096
f 2087//2087 2096//2096 2088//2088
f 2088//2088 2096//2096 2097//2097
f 2088//2088 2097//2097 2089//2089
f 2089//2089 2097//2097 2090//2090
f 2091//2091 2098//2098 2092//2092
f 2092//2092 2098//2098 2099//2099
f 2092//2092 2099//2099 2093//2093
f 2093//2093 2099//2099 2100//2100
f 2093//2093 2100//2100 2094//2094
f 2094//2094 2100//2100 2101//2101
f 2094//2094 2101//2101 2095//2095
f 2095//2095 2101//2101 2102//2102
f 2095//2095 2102//2102 2096//2096
f 2096//2096 2102//2102 2103//2103
f 2096//2096 2103//2103 2097//2097
f 2097//2097 2103//2103 2104//2104
f 2097//2097 2104//2104 2090//2090
f 2098//2098 2105//2105 2099//2099
f 2099//2099 2105//2105 2106//2106
f 2099//2099 2106//2106 2100//2100
f 2100//2100 2106//2106 2107//2107
f 2100//2100 2107//2107 2101//2101
f 2101//2101 2107//2107 2108//2108
f 2101//2101 2108//2108 2102//2102
f 2102//2102 2108//2108 2109//2109
f 2102//2102 2109//2109 2103//2103
f 2103//2103 2109//2109 2110//2110
f 2103//2103 2110//2110 2111//2111
f 2105//2105 2112//2112 2106//2106
f 2106//2106 2112//2112 2113//2113
f 2106//2106 2113//2113 2107//2107
f 2107//2107 2113//2113 2114//2114
f 2107//2107 2114//2114 2108//2108
f 2108//2108 2114//2114 2115//2115
f 2108//2108 2115//2115 2109//2109
f 2109//2109 2115//2115 2110//2110
f 2112//2112 2116//2116 2113//2113
f 2113//2113 2116//2116 2117//2117
f 2113//2113 2117//2117 2114//2114
f 2114//2114 2117//2117 2118//2118
f 2114//2114 2118//2118 2115//2115
f 2115//2115 2118//2118 2119//2119
f 2115//2115 2119//2119 2110//2110
f 2116//2116 2120//2120 2117//2117
f 2117//2117 2120//2120 2121//2121
f 2117//2117 2121//2121 2118//2118
f 2118//2118 2121//2121 2122//2122
f 2118//2118 2122//2122 2119//2119
f 2120//2120 2123//2123 2121//2121
f 2121//2121 2123//2123 2122//2122
f 2111//2111 2104//2104 2103//2103
f 1921//1921 1922//1922 1997//1997
f 1997//1997 1922//1922 2124//2124
f 1997//1997 2124//2124 1995//1995
f 1995//1995 2124//2124 2125//2125
f 1995//1995 2125//2125 1993//1993
f 1993//1993 2125//2125 2126//2126
f 1993//1993 2126//2126 1991//1991
f 1991//1991 2126//2126 2127//2127
f 1991//1991 2127//2127 1989//1989
f 1989//1989 2127//2127 2128//2128
f 1989//1989 2128//2128 1987//1987
f 1987//1987 2128//2128 2129//2129
f 1987//1987 2129//2129 1985//1985
f 1985//1985 2129//2129 2130//2130
f 1985//1985 2130//2130 1983//1983
f 1983//1983 2130//2130 1953//1953
f 1983//1983 1953//1953 1981//1981
f 1981//1981 1953//1953 1955//1955
f 1981//1981 1955//1955 1979//1979
f 1979//1979 1955//1955 1957//1957
f 1979//1979 1957//1957 1977//1977
f 1977//1977 1957//1957 1959//1959
f 1977//1977 1959//1959 1972//1972
f 1922//1922 1923//1923 2124//2124
f 2124//2124 1923//1923 2131//2131
f 2124//2124 2131//2131 2125//2125
f 2125//2125 2131//2131 2132//2132
f 2125//2125 2132//2132 2126//2126
f 2126//2126 2132//2132 2133//2133
f 2126//2126 2133//2133 2127//2127
f 2127//2127 2133//2133 2134//2134
f 2127//2127 2134//2134 2128//2128
f 2128//2128 2134//2134 2135//2135
f 2128//2128 2135//2135 2129//2129
f 2129//2129 2135//2135 2136//2136
f 2129//2129 2136//2136 2130//2130
f 2130//2130 2136//2136 1951//1951
f 2130//2130 1951//1951 1953//1953
f 1924//1924 1926//1926 2131//2131
f 2131//2131 1926//1926 2132//2132
f 2133//2133 2132//2132 1928//1928
f 1928//1928 2132//2132 1926//1926
f 1923//1923 1924//1924 2131//2131
f 2134//2134 2133//2133 1930//1930
f 1930//1930 2133//2133 1928//1928
f 1950//1950 1945//1945 1947//1947
f 1947//1947 1945//1945 1944//1944
f 1948//1948 1950//1950 1947//1947
f 2134//2134 1930//1930 1932//1932
f 2134//2134 1932//1932 2135//2135
f 2135//2135 1932//1932 1934//1934
f 2135//2135 1934//1934 2136//2136
f 2136//2136 1934//1934 1936//1936
f 2136//2136 1936//1936 1951//1951
f 1943//1943 1935//1935 1933//1933
f 1643//1643 2137//2137 352//352
f 352//352 2137//2137 2138//2138
f 352//352 2138//2138 256//256
f 256//256 2138//2138 1524//1524
f 1524//1524 2138//2138 2139//2139
f 1524//1524 2139//2139 1522//1522
f 1522//1522 2139//2139 2140//2140
f 1522//1522 2140//2140 1520//1520
f 1520//1520 2140//2140 2141//2141
f 1520//1520 2141//2141 1518//1518
f 1518//1518 2141//2141 2142//2142
f 1518//1518 2142//2142 1516//1516
f 1516//1516 2142//2142 2143//2143
f 1516//1516 2143//2143 1514//1514
f 1514//1514 2143//2143 1513//1513
f 1513//1513 2143//2143 2144//2144
f 1513//1513 2144//2144 1511//1511
f 1511//1511 2144//2144 1359//1359
f 1359//1359 2144//2144 2145//2145
f 1359//1359 2145//2145 1331//1331
f 1331//1331 2145//2145 807//807
f 1331//1331 807//807 806//806
f 2137//2137 1643//1643 2146//2146
f 2146//2146 1643//1643 1644//1644
f 2146//2146 1644//1644 2147//2147
f 2147//2147 1644//1644 1645//1645
f 2147//2147 1645//1645 2148//2148
f 2148//2148 1645//1645 1647//1647
f 2148//2148 1647//1647 2149//2149
f 2149//2149 1647//1647 1758//1758
f 2149//2149 1758//1758 2150//2150
f 2150//2150 1758//1758 1756//1756
f 2150//2150 1756//1756 2151//2151
f 2151//2151 1756//1756 1754//1754
f 2151//2151 1754//1754 2152//2152
f 2152//2152 1754//1754 1745//1745
f 2152//2152 1745//1745 2153//2153
f 2153//2153 1745//1745 1746//1746
f 2153//2153 1746//1746 2154//2154
f 2154//2154 1746//1746 1749//1749
f 2154//2154 1749//1749 2155//2155
f 2155//2155 1749//1749 1751//1751
f 2155//2155 1751//1751 2156//2156
f 2156//2156 1751//1751 1752//1752
f 2156//2156 1752//1752 2157//2157
f 2157//2157 1752//1752 742//742
f 2157//2157 742//742 748//748
f 748//748 820//820 2157//2157
f 2157//2157 820//820 2158//2158
f 2158//2158 820//820 818//818
f 2158//2158 818//818 2159//2159
f 2159//2159 818//818 816//816
f 2159//2159 816//816 2160//2160
f 2160//2160 816//816 815//815
f 2160//2160 815//815 2161//2161
f 2161//2161 815//815 813//813
f 2161//2161 813//813 2162//2162
f 2162//2162 813//813 811//811
f 2162//2162 811//811 2163//2163
f 2163//2163 811//811 809//809
f 2163//2163 809//809 2164//2164
f 2164//2164 809//809 807//807
f 2164//2164 807//807 2145//2145
f 740//740 2165//2165 687//687
f 687//687 2165//2165 705//705
f 687//687 705//705 688//688
f 705//705 2165//2165 828//828
f 828//828 2165//2165 2166//2166
f 828//828 2166//2166 826//826
f 826//826 2166//2166 2167//2167
f 826//826 2167//2167 827//827
f 827//827 2167//2167 2168//2168
f 827//827 2168//2168 133//133
f 133//133 2168//2168 232//232
f 133//133 232//232 1360//1360
f 1360//1360 1449//1449 133//133
f 2169//2169 779//779 2170//2170
f 2170//2170 779//779 781//781
f 2170//2170 781//781 2171//2171
f 2171//2171 781//781 782//782
f 2171//2171 782//782 2172//2172
f 2172//2172 782//782 783//783
f 2172//2172 783//783 2173//2173
f 2173//2173 783//783 784//784
f 2173//2173 784//784 2174//2174
f 2174//2174 784//784 787//787
f 2174//2174 787//787 2175//2175
f 2175//2175 787//787 790//790
f 2175//2175 790//790 2176//2176
f 2176//2176 790//790 794//794
f 2176//2176 794//794 2177//2177
f 2177//2177 794//794 801//801
f 2177//2177 801//801 2178//2178
f 2178//2178 801//801 805//805
f 2178//2178 805//805 2179//2179
f 2179//2179 805//805 808//808
f 2179//2179 808//808 2180//2180
f 2180//2180 808//808 810//810
f 2180//2180 810//810 2181//2181
f 2181//2181 810//810 812//812
f 2181//2181 812//812 2182//2182
f 2182//2182 812//812 814//814
f 2182//2182 814//814 2183//2183
f 2183//2183 814//814 817//817
f 2183//2183 817//817 2184//2184
f 2184//2184 817//817 819//819
f 2184//2184 819//819 2185//2185
f 2185//2185 819//819 821//821
f 2185//2185 821//821 2186//2186
f 2186//2186 821//821 822//822
f 2186//2186 822//822 2187//2187
f 2187//2187 822//822 823//823
f 2187//2187 823//823 2188//2188
f 2188//2188 823//823 824//824
f 2188//2188 824//824 2189//2189
f 2189//2189 824//824 825//825
f 2189//2189 825//825 2190//2190
f 2190//2190 825//825 780//780
f 2190//2190 780//780 2169//2169
f 2169//2169 780//780 779//779
f 605//605 603//603 2191//2191
f 2191//2191 603//603 2192//2192
f 2191//2191 2192//2192 2193//2193
f 2193//2193 2192//2192 2194//2194
f 2194//2194 2192//2192 2195//2195
f 2194//2194 2195//2195 2196//2196
f 2196//2196 2195//2195 2197//2197
f 2197//2197 2195//2195 2198//2198
f 2197//2197 2198//2198 2199//2199
f 2199//2199 2198//2198 2200//2200
f 2200//2200 2198//2198 2201//2201
f 2200//2200 2201//2201 2202//2202
f 2202//2202 2201//2201 2203//2203
f 2203//2203 2201//2201 2204//2204
f 2203//2203 2204//2204 2205//2205
f 2205//2205 2204//2204 2206//2206
f 2206//2206 2204//2204 2207//2207
f 2206//2206 2207//2207 2208//2208
f 2208//2208 2207//2207 2209//2209
f 2209//2209 2207//2207 2210//2210
f 2209//2209 2210//2210 2211//2211
f 2211//2211 2210//2210 2212//2212
f 2212//2212 2210//2210 2165//2165
f 2212//2212 2165//2165 740//740
f 603//603 602//602 2192//2192
f 2192//2192 602//602 2213//2213
f 2192//2192 2213//2213 2214//2214
f 2214//2214 2213//2213 2215//2215
f 2214//2214 2215//2215 2216//2216
f 2216//2216 2215//2215 2217//2217
f 2216//2216 2217//2217 2218//2218
f 2218//2218 2217//2217 2219//2219
f 2218//2218 2219//2219 2220//2220
f 602//602 597//597 2213//2213
f 2213//2213 597//597 595//595
f 2213//2213 595//595 2221//2221
f 2221//2221 595//595 502//502
f 2221//2221 502//502 503//503
f 2221//2221 503//503 2222//2222
f 2222//2222 503//503 505//505
f 2222//2222 505//505 2223//2223
f 2223//2223 505//505 507//507
f 2223//2223 2224//2224 2222//2222
f 2222//2222 2224//2224 2225//2225
f 2222//2222 2225//2225 2226//2226
f 2226//2226 2225//2225 2227//2227
f 2226//2226 2227//2227 2228//2228
f 2226//2226 2228//2228 2217//2217
f 2217//2217 2228//2228 2229//2229
f 2217//2217 2229//2229 2219//2219
f 2220//2220 2230//2230 2218//2218
f 2218//2218 2230//2230 2231//2231
f 2218//2218 2231//2231 2232//2232
f 2232//2232 2231//2231 2233//2233
f 2232//2232 2233//2233 2234//2234
f 2234//2234 2233//2233 2235//2235
f 2234//2234 2235//2235 2201//2201
f 2201//2201 2235//2235 2204//2204
f 2230//2230 2236//2236 2231//2231
f 2231//2231 2236//2236 2237//2237
f 2231//2231 2237//2237 2238//2238
f 2238//2238 2237//2237 2239//2239
f 2238//2238 2239//2239 2240//2240
f 2238//2238 2240//2240 2241//2241
f 2241//2241 2240//2240 2242//2242
f 2241//2241 2242//2242 2243//2243
f 232//232 2168//2168 2243//2243
f 2243//2243 2168//2168 2241//2241
f 2241//2241 2168//2168 2244//2244
f 2244//2244 2168//2168 2167//2167
f 2244//2244 2167//2167 2245//2245
f 2245//2245 2167//2167 2166//2166
f 2245//2245 2166//2166 2165//2165
f 2165//2165 2210//2210 2245//2245
f 2245//2245 2210//2210 2207//2207
f 2245//2245 2207//2207 2246//2246
f 2246//2246 2207//2207 2204//2204
f 2246//2246 2204//2204 2235//2235
f 2192//2192 2214//2214 2195//2195
f 2195//2195 2214//2214 2247//2247
f 2195//2195 2247//2247 2198//2198
f 2198//2198 2247//2247 2234//2234
f 2198//2198 2234//2234 2201//2201
f 2232//2232 2234//2234 2247//2247
f 2232//2232 2247//2247 2216//2216
f 2216//2216 2247//2247 2214//2214
f 2244//2244 2245//2245 2246//2246
f 2246//2246 2235//2235 2248//2248
f 2248//2248 2235//2235 2233//2233
f 2248//2248 2233//2233 2238//2238
f 2238//2238 2233//2233 2231//2231
f 2213//2213 2221//2221 2215//2215
f 2215//2215 2221//2221 2226//2226
f 2215//2215 2226//2226 2217//2217
f 2222//2222 2226//2226 2221//2221
f 2218//2218 2232//2232 2216//2216
f 2241//2241 2244//2244 2248//2248
f 2248//2248 2244//2244 2246//2246
f 2241//2241 2248//2248 2238//2238
f 2249//2249 2250//2250 2251//2251
f 2251//2251 2250//2250 2252//2252
f 2251//2251 2252//2252 2253//2253
f 2253//2253 2252//2252 2254//2254
f 2253//2253 2254//2254 2255//2255
f 2255//2255 2254//2254 2256//2256
f 2255//2255 2256//2256 2257//2257
f 2257//2257 2258//2258 2255//2255
f 2255//2255 2258//2258 2259//2259
f 2255//2255 2259//2259 2253//2253
f 2253//2253 2259//2259 2260//2260
f 2253//2253 2260//2260 2251//2251
f 2251//2251 2260//2260 2261//2261
f 2251//2251 2261//2261 2249//2249
f 2262//2262 2263//2263 2264//2264
f 2264//2264 2263//2263 2265//2265
f 2264//2264 2265//2265 2266//2266
f 2266//2266 2267//2267 2264//2264
f 2264//2264 2267//2267 2268//2268
f 2264//2264 2268//2268 2269//2269
f 2269//2269 2270//2270 2264//2264
f 2264//2264 2270//2270 2271//2271
f 2264//2264 2271//2271 2272//2272
f 2272//2272 2273//2273 2264//2264
f 2264//2264 2273//2273 2262//2262
f 2272//2272 2274//2274 2273//2273
f 2273//2273 2274//2274 2275//2275
f 2273//2273 2275//2275 2276//2276
f 2277//2277 2278//2278 2276//2276
f 2276//2276 2278//2278 2279//2279
f 2276//2276 2279//2279 2262//2262
f 2277//2277 2280//2280 2278//2278
f 2278//2278 2280//2280 2279//2279
f 2262//2262 2273//2273 2276//2276
f 2281//2281 2282//2282 2283//2283
f 2283//2283 2282//2282 2284//2284
f 2283//2283 2284//2284 2268//2268
f 2268//2268 2284//2284 2269//2269
f 2269//2269 2284//2284 2270//2270
f 2281//2281 2285//2285 2282//2282
f 2282//2282 2285//2285 1119//1119
f 1119//1119 2285//2285 2250//2250
f 1119//1119 2250//2250 2249//2249
f 2249//2249 2286//2286 1119//1119
f 1119//1119 2286//2286 2287//2287
f 1119//1119 2287//2287 1110//1110
f 2268//2268 2267//2267 2283//2283
f 2283//2283 2267//2267 2266//2266
f 2283//2283 2266//2266 2265//2265
f 2265//2265 2263//2263 2283//2283
f 1118//1118 1127//1127 2288//2288
f 2288//2288 1127//1127 2289//2289
f 2288//2288 2289//2289 2290//2290
f 2290//2290 2289//2289 2291//2291
f 2290//2290 2291//2291 2292//2292
f 2293//2293 2294//2294 2295//2295
f 2295//2295 2294//2294 2296//2296
f 2295//2295 2296//2296 2297//2297
f 2297//2297 2296//2296 2298//2298
f 2297//2297 2298//2298 2299//2299
f 2297//2297 2299//2299 2300//2300
f 2300//2300 2299//2299 2292//2292
f 2300//2300 2292//2292 2301//2301
f 2301//2301 2292//2292 2291//2291
f 2301//2301 2291//2291 2289//2289
f 2301//2301 2289//2289 2302//2302
f 2302//2302 2289//2289 1127//1127
f 2302//2302 1127//1127 2303//2303
f 2303//2303 1127//1127 1117//1117
f 2303//2303 1117//1117 1120//1120
f 1120//1120 1122//1122 2303//2303
f 2303//2303 1122//1122 2304//2304
f 2303//2303 2304//2304 2305//2305
f 2305//2305 2304//2304 2306//2306
f 2306//2306 2304//2304 2307//2307
f 2306//2306 2307//2307 2308//2308
f 2308//2308 2307//2307 2309//2309
f 2308//2308 2309//2309 2310//2310
f 2310//2310 2309//2309 2311//2311
f 2310//2310 2311//2311 2312//2312
f 2312//2312 2311//2311 2313//2313
f 2312//2312 2313//2313 2314//2314
f 2314//2314 2313//2313 2315//2315
f 2314//2314 2315//2315 2316//2316
f 2316//2316 2315//2315 2295//2295
f 2316//2316 2295//2295 2317//2317
f 2317//2317 2295//2295 2318//2318
f 2318//2318 2295//2295 2297//2297
f 2318//2318 2297//2297 2319//2319
f 2319//2319 2297//2297 2300//2300
f 2319//2319 2300//2300 2320//2320
f 2320//2320 2300//2300 2301//2301
f 2320//2320 2301//2301 2321//2321
f 2321//2321 2301//2301 2302//2302
f 2321//2321 2302//2302 2322//2322
f 2322//2322 2302//2302 2303//2303
f 2322//2322 2303//2303 2305//2305
f 1122//1122 1124//1124 2304//2304
f 2304//2304 1124//1124 1126//1126
f 2304//2304 1126//1126 1125//1125
f 1125//1125 1123//1123 2304//2304
f 2304//2304 1123//1123 1121//1121
f 2304//2304 1121//1121 2307//2307
f 2307//2307 1121//1121 1116//1116
f 2307//2307 1116//1116 1108//1108
f 2307//2307 1108//1108 2309//2309
f 2309//2309 1108//1108 2323//2323
f 2309//2309 2323//2323 2311//2311
f 2311//2311 2323//2323 2324//2324
f 2311//2311 2324//2324 2313//2313
f 2313//2313 2324//2324 2325//2325
f 2313//2313 2325//2325 2315//2315
f 2315//2315 2325//2325 2326//2326
f 2315//2315 2326//2326 2293//2293
f 2315//2315 2293//2293 2295//2295
f 2312//2312 2327//2327 2310//2310
f 2328//2328 2329//2329 2330//2330
f 2330//2330 2329//2329 2331//2331
f 2330//2330 2331//2331 2332//2332
f 2332//2332 2331//2331 2333//2333
f 2332//2332 2333//2333 2334//2334
f 2334//2334 2333//2333 2335//2335
f 2334//2334 2335//2335 2336//2336
f 2334//2334 2336//2336 2337//2337
f 2337//2337 2336//2336 2338//2338
f 2337//2337 2338//2338 2339//2339
f 2339//2339 2338//2338 2340//2340
f 2339//2339 2340//2340 2341//2341
f 2339//2339 2341//2341 2342//2342
f 2342//2342 2341//2341 2343//2343
f 2342//2342 2343//2343 2344//2344
f 2344//2344 2343//2343 2345//2345
f 2344//2344 2345//2345 2346//2346
f 2346//2346 2345//2345 2347//2347
f 2346//2346 2347//2347 2348//2348
f 2346//2346 2348//2348 2349//2349
f 2349//2349 2348//2348 2350//2350
f 2349//2349 2350//2350 2351//2351
f 2351//2351 2350//2350 2352//2352
f 2351//2351 2352//2352 2353//2353
f 2351//2351 2353//2353 2354//2354
f 2354//2354 2353//2353 2355//2355
f 2354//2354 2355//2355 2356//2356
f 2356//2356 2355//2355 2357//2357
f 2357//2357 2355//2355 2358//2358
f 2357//2357 2358//2358 2359//2359
f 2359//2359 2358//2358 2360//2360
f 2360//2360 2358//2358 2361//2361
f 2360//2360 2361//2361 2362//2362
f 2362//2362 2361//2361 2363//2363
f 2363//2363 2361//2361 2364//2364
f 2363//2363 2364//2364 2365//2365
f 2365//2365 2364//2364 2366//2366
f 2366//2366 2364//2364 2367//2367
f 2366//2366 2367//2367 2368//2368
f 2368//2368 2367//2367 2369//2369
f 2368//2368 2369//2369 2370//2370
f 2370//2370 2369//2369 2371//2371
f 2370//2370 2371//2371 2372//2372
f 2372//2372 2371//2371 2373//2373
f 2373//2373 2371//2371 2374//2374
f 2373//2373 2374//2374 2356//2356
f 2356//2356 2374//2374 2354//2354
f 2367//2367 2375//2375 2369//2369
f 2369//2369 2375//2375 2376//2376
f 2376//2376 2375//2375 2377//2377
f 2376//2376 2377//2377 2378//2378
f 2378//2378 2377//2377 2379//2379
f 2378//2378 2379//2379 2380//2380
f 2380//2380 2379//2379 2381//2381
f 2380//2380 2381//2381 2382//2382
f 2380//2380 2382//2382 2383//2383
f 2383//2383 2382//2382 2384//2384
f 2383//2383 2384//2384 2385//2385
f 2385//2385 2384//2384 2386//2386
f 2385//2385 2386//2386 2387//2387
f 2385//2385 2387//2387 2388//2388
f 2388//2388 2387//2387 2328//2328
f 2388//2388 2328//2328 2330//2330
f 1083//1083 2389//2389 1076//1076
f 1076//1076 2389//2389 2390//2390
f 1076//1076 2390//2390 2391//2391
f 1083//1083 2392//2392 2389//2389
f 2389//2389 2392//2392 2393//2393
f 2393//2393 2392//2392 2394//2394
f 2393//2393 2394//2394 2395//2395
f 2395//2395 2394//2394 2396//2396
f 2396//2396 2394//2394 2397//2397
f 2396//2396 2397//2397 2398//2398
f 2398//2398 2397//2397 2399//2399
f 2399//2399 2397//2397 2400//2400
f 2399//2399 2400//2400 2401//2401
f 2401//2401 2400//2400 2319//2319
f 2401//2401 2319//2319 2320//2320
f 2400//2400 2402//2402 2319//2319
f 2319//2319 2402//2402 2318//2318
f 2318//2318 2402//2402 2403//2403
f 2318//2318 2403//2403 2317//2317
f 2401//2401 2320//2320 2404//2404
f 2404//2404 2320//2320 2321//2321
f 2404//2404 2321//2321 2405//2405
f 2405//2405 2321//2321 2322//2322
f 2405//2405 2322//2322 2406//2406
f 2406//2406 2322//2322 2305//2305
f 2406//2406 2305//2305 2407//2407
f 2407//2407 2305//2305 2390//2390
f 2407//2407 2390//2390 2408//2408
f 2408//2408 2390//2390 2389//2389
f 2305//2305 2306//2306 2390//2390
f 2390//2390 2306//2306 2308//2308
f 2390//2390 2308//2308 2310//2310
f 2409//2409 1104//1104 2410//2410
f 2410//2410 1104//1104 1102//1102
f 2410//2410 1102//1102 2411//2411
f 2411//2411 1102//1102 1101//1101
f 2411//2411 1101//1101 2412//2412
f 2412//2412 1101//1101 1099//1099
f 2412//2412 1099//1099 2413//2413
f 2413//2413 1099//1099 1097//1097
f 2413//2413 1097//1097 2414//2414
f 2414//2414 1097//1097 1096//1096
f 2414//2414 1096//1096 2415//2415
f 2415//2415 1096//1096 1094//1094
f 2415//2415 1094//1094 2416//2416
f 2416//2416 1094//1094 1092//1092
f 2416//2416 1092//1092 2417//2417
f 2417//2417 1092//1092 1091//1091
f 2417//2417 1091//1091 2418//2418
f 2418//2418 1091//1091 1089//1089
f 2418//2418 1089//1089 2391//2391
f 2391//2391 1089//1089 1076//1076
f 2293//2293 2326//2326 2409//2409
f 2409//2409 2326//2326 2325//2325
f 2409//2409 2325//2325 2324//2324
f 2409//2409 2324//2324 1104//1104
f 1104//1104 2324//2324 2323//2323
f 1104//1104 2323//2323 1108//1108
f 2419//2419 2420//2420 2394//2394
f 2394//2394 2420//2420 2421//2421
f 2394//2394 2421//2421 2397//2397
f 2397//2397 2421//2421 2422//2422
f 2397//2397 2422//2422 2400//2400
f 2400//2400 2422//2422 2423//2423
f 2400//2400 2423//2423 2402//2402
f 2402//2402 2423//2423 2424//2424
f 2402//2402 2424//2424 2403//2403
f 2403//2403 2424//2424 2425//2425
f 2394//2394 2392//2392 2419//2419
f 2419//2419 2392//2392 2426//2426
f 2426//2426 2392//2392 1083//1083
f 2426//2426 1083//1083 1087//1087
f 1906//1906 1908//1908 2427//2427
f 2427//2427 1908//1908 2428//2428
f 2427//2427 2428//2428 2429//2429
f 2429//2429 2430//2430 2427//2427
f 2427//2427 2430//2430 2431//2431
f 2427//2427 2431//2431 2432//2432
f 2432//2432 2431//2431 2433//2433
f 2432//2432 2433//2433 2434//2434
f 2434//2434 2433//2433 2435//2435
f 2434//2434 2435//2435 2436//2436
f 2436//2436 2435//2435 2437//2437
f 2436//2436 2437//2437 2438//2438
f 2438//2438 2437//2437 2439//2439
f 2438//2438 2439//2439 2440//2440
f 2440//2440 2439//2439 2441//2441
f 2440//2440 2441//2441 2442//2442
f 2442//2442 2441//2441 2443//2443
f 2442//2442 2443//2443 2444//2444
f 2444//2444 2443//2443 2445//2445
f 2444//2444 2445//2445 2446//2446
f 2446//2446 2445//2445 2447//2447
f 2446//2446 2447//2447 2448//2448
f 2448//2448 2447//2447 2449//2449
f 2448//2448 2449//2449 2450//2450
f 2450//2450 2449//2449 2451//2451
f 2450//2450 2451//2451 2452//2452
f 2452//2452 2451//2451 2453//2453
f 2452//2452 2453//2453 2454//2454
f 2454//2454 2453//2453 2455//2455
f 2454//2454 2455//2455 2456//2456
f 2456//2456 2455//2455 2457//2457
f 2456//2456 2457//2457 2458//2458
f 2458//2458 2457//2457 2459//2459
f 2458//2458 2459//2459 2460//2460
f 2460//2460 2459//2459 2461//2461
f 2460//2460 2461//2461 2462//2462
f 2462//2462 2461//2461 2463//2463
f 2462//2462 2463//2463 2464//2464
f 2464//2464 2463//2463 2465//2465
f 2464//2464 2465//2465 2466//2466
f 2466//2466 2465//2465 2467//2467
f 2466//2466 2467//2467 1141//1141
f 1141//1141 2467//2467 869//869
f 869//869 2467//2467 2468//2468
f 869//869 2468//2468 2469//2469
f 2469//2469 2468//2468 2470//2470
f 2469//2469 2470//2470 2471//2471
f 2471//2471 2470//2470 2472//2472
f 2471//2471 2472//2472 553//553
f 553//553 2472//2472 564//564
f 564//564 2472//2472 2473//2473
f 564//564 2473//2473 570//570
f 570//570 2473//2473 2474//2474
f 570//570 2474//2474 576//576
f 576//576 2474//2474 2475//2475
f 576//576 2475//2475 581//581
f 581//581 2475//2475 2476//2476
f 581//581 2476//2476 585//585
f 585//585 2476//2476 2477//2477
f 585//585 2477//2477 588//588
f 588//588 2477//2477 2478//2478
f 588//588 2478//2478 2479//2479
f 2479//2479 2478//2478 2480//2480
f 2479//2479 2480//2480 2481//2481
f 2481//2481 2480//2480 2482//2482
f 2481//2481 2482//2482 2483//2483
f 2483//2483 2482//2482 2451//2451
f 2483//2483 2451//2451 2449//2449
f 2430//2430 2484//2484 2431//2431
f 2431//2431 2484//2484 2485//2485
f 2431//2431 2485//2485 2486//2486
f 2486//2486 2485//2485 2487//2487
f 2486//2486 2487//2487 2488//2488
f 2488//2488 2487//2487 2489//2489
f 2488//2488 2489//2489 2490//2490
f 2490//2490 2491//2491 2488//2488
f 2488//2488 2491//2491 2492//2492
f 2486//2486 2488//2488 2433//2433
f 2433//2433 2488//2488 2435//2435
f 2439//2439 2437//2437 2493//2493
f 2493//2493 2437//2437 507//507
f 2493//2493 507//507 2494//2494
f 2494//2494 507//507 2495//2495
f 2494//2494 2495//2495 2496//2496
f 2496//2496 2495//2495 2497//2497
f 2496//2496 2497//2497 2498//2498
f 2498//2498 2497//2497 2499//2499
f 2498//2498 2499//2499 2500//2500
f 2500//2500 2499//2499 2501//2501
f 2500//2500 2501//2501 2502//2502
f 2502//2502 2501//2501 2503//2503
f 2502//2502 2503//2503 2481//2481
f 2481//2481 2503//2503 2479//2479
f 507//507 506//506 2495//2495
f 2495//2495 506//506 2497//2497
f 506//506 594//594 2497//2497
f 2497//2497 594//594 2499//2499
f 594//594 592//592 2499//2499
f 2499//2499 592//592 2501//2501
f 592//592 516//516 2501//2501
f 2501//2501 516//516 2503//2503
f 516//516 515//515 2503//2503
f 2503//2503 515//515 591//591
f 2503//2503 591//591 2479//2479
f 2479//2479 591//591 589//589
f 2479//2479 589//589 588//588
f 553//553 543//543 2471//2471
f 2471//2471 543//543 2504//2504
f 2471//2471 2504//2504 2469//2469
f 2469//2469 2504//2504 869//869
f 540//540 2505//2505 543//543
f 543//543 2505//2505 2506//2506
f 543//543 2506//2506 2504//2504
f 2504//2504 2506//2506 869//869
f 1145//1145 2507//2507 1141//1141
f 1141//1141 2507//2507 2508//2508
f 1141//1141 2508//2508 2509//2509
f 2509//2509 2508//2508 2510//2510
f 2509//2509 2510//2510 2464//2464
f 2464//2464 2510//2510 2462//2462
f 2507//2507 1145//1145 2511//2511
f 2511//2511 1145//1145 1762//1762
f 2511//2511 1762//1762 2512//2512
f 2512//2512 1762//1762 2513//2513
f 2512//2512 2513//2513 2514//2514
f 2514//2514 2513//2513 2515//2515
f 2514//2514 2515//2515 2516//2516
f 2516//2516 2515//2515 2517//2517
f 2516//2516 2517//2517 2518//2518
f 2518//2518 2517//2517 2519//2519
f 2518//2518 2519//2519 2456//2456
f 2456//2456 2519//2519 2454//2454
f 1762//1762 1913//1913 2513//2513
f 2513//2513 1913//1913 2520//2520
f 2513//2513 2520//2520 2515//2515
f 2515//2515 2520//2520 2521//2521
f 2515//2515 2521//2521 2517//2517
f 2517//2517 2521//2521 2522//2522
f 2517//2517 2522//2522 2519//2519
f 2519//2519 2522//2522 2523//2523
f 2519//2519 2523//2523 2454//2454
f 2454//2454 2523//2523 2452//2452
f 1913//1913 1912//1912 2520//2520
f 2520//2520 1912//1912 2524//2524
f 2520//2520 2524//2524 2521//2521
f 2521//2521 2524//2524 2525//2525
f 2521//2521 2525//2525 2522//2522
f 2522//2522 2525//2525 2526//2526
f 2522//2522 2526//2526 2523//2523
f 2523//2523 2526//2526 2527//2527
f 2523//2523 2527//2527 2452//2452
f 2452//2452 2527//2527 2450//2450
f 2524//2524 1912//1912 2528//2528
f 2528//2528 1912//1912 1911//1911
f 2528//2528 1911//1911 2529//2529
f 2529//2529 1911//1911 2530//2530
f 2529//2529 2530//2530 2531//2531
f 2531//2531 2530//2530 2532//2532
f 2531//2531 2532//2532 2533//2533
f 2533//2533 2532//2532 2534//2534
f 2533//2533 2534//2534 2535//2535
f 2535//2535 2534//2534 2536//2536
f 2535//2535 2536//2536 2446//2446
f 2446//2446 2536//2536 2444//2444
f 2530//2530 1911//1911 2537//2537
f 2537//2537 1911//1911 1910//1910
f 2537//2537 1910//1910 2538//2538
f 2538//2538 1910//1910 1909//1909
f 2538//2538 1909//1909 2539//2539
f 2539//2539 1909//1909 1906//1906
f 2539//2539 1906//1906 2540//2540
f 2540//2540 1906//1906 2427//2427
f 2540//2540 2427//2427 2541//2541
f 2541//2541 2427//2427 2432//2432
f 2541//2541 2432//2432 2542//2542
f 2542//2542 2432//2432 2434//2434
f 2542//2542 2434//2434 2436//2436
f 2498//2498 2543//2543 2496//2496
f 2496//2496 2543//2543 2544//2544
f 2496//2496 2544//2544 2494//2494
f 2494//2494 2544//2544 2493//2493
f 2543//2543 2443//2443 2544//2544
f 2544//2544 2443//2443 2441//2441
f 2544//2544 2441//2441 2493//2493
f 2493//2493 2441//2441 2439//2439
f 2543//2543 2498//2498 2545//2545
f 2545//2545 2498//2498 2500//2500
f 2545//2545 2500//2500 2546//2546
f 2546//2546 2500//2500 2502//2502
f 2546//2546 2502//2502 2483//2483
f 2483//2483 2502//2502 2481//2481
f 2443//2443 2543//2543 2445//2445
f 2445//2445 2543//2543 2545//2545
f 2445//2445 2545//2545 2447//2447
f 2447//2447 2545//2545 2546//2546
f 2447//2447 2546//2546 2449//2449
f 2449//2449 2546//2546 2483//2483
f 2442//2442 2547//2547 2440//2440
f 2440//2440 2547//2547 2548//2548
f 2440//2440 2548//2548 2438//2438
f 2438//2438 2548//2548 2436//2436
f 2547//2547 2549//2549 2548//2548
f 2548//2548 2549//2549 2542//2542
f 2548//2548 2542//2542 2436//2436
f 2547//2547 2442//2442 2550//2550
f 2550//2550 2442//2442 2444//2444
f 2550//2550 2444//2444 2536//2536
f 2542//2542 2549//2549 2541//2541
f 2541//2541 2549//2549 2551//2551
f 2541//2541 2551//2551 2540//2540
f 2540//2540 2551//2551 2539//2539
f 2549//2549 2547//2547 2552//2552
f 2552//2552 2547//2547 2550//2550
f 2552//2552 2550//2550 2553//2553
f 2553//2553 2550//2550 2536//2536
f 2553//2553 2536//2536 2534//2534
f 2486//2486 2433//2433 2431//2431
f 2549//2549 2552//2552 2551//2551
f 2551//2551 2552//2552 2554//2554
f 2551//2551 2554//2554 2539//2539
f 2539//2539 2554//2554 2538//2538
f 2554//2554 2552//2552 2553//2553
f 2535//2535 2446//2446 2448//2448
f 2554//2554 2553//2553 2555//2555
f 2555//2555 2553//2553 2534//2534
f 2555//2555 2534//2534 2532//2532
f 2535//2535 2448//2448 2556//2556
f 2556//2556 2448//2448 2450//2450
f 2556//2556 2450//2450 2527//2527
f 2537//2537 2538//2538 2555//2555
f 2555//2555 2538//2538 2554//2554
f 2537//2537 2555//2555 2532//2532
f 2480//2480 2478//2478 2557//2557
f 2557//2557 2478//2478 2477//2477
f 2557//2557 2477//2477 2558//2558
f 2558//2558 2477//2477 2476//2476
f 2558//2558 2476//2476 2559//2559
f 2559//2559 2476//2476 2475//2475
f 2559//2559 2475//2475 2560//2560
f 2560//2560 2475//2475 2474//2474
f 2560//2560 2474//2474 2561//2561
f 2561//2561 2474//2474 2473//2473
f 2561//2561 2473//2473 2562//2562
f 2562//2562 2473//2473 2472//2472
f 2562//2562 2472//2472 2470//2470
f 2482//2482 2480//2480 2563//2563
f 2563//2563 2480//2480 2557//2557
f 2563//2563 2557//2557 2564//2564
f 2564//2564 2557//2557 2558//2558
f 2564//2564 2558//2558 2565//2565
f 2565//2565 2558//2558 2559//2559
f 2565//2565 2559//2559 2566//2566
f 2566//2566 2559//2559 2560//2560
f 2566//2566 2560//2560 2567//2567
f 2567//2567 2560//2560 2561//2561
f 2567//2567 2561//2561 2568//2568
f 2568//2568 2561//2561 2562//2562
f 2568//2568 2562//2562 2569//2569
f 2569//2569 2562//2562 2470//2470
f 2569//2569 2470//2470 2468//2468
f 2451//2451 2482//2482 2453//2453
f 2453//2453 2482//2482 2563//2563
f 2453//2453 2563//2563 2455//2455
f 2455//2455 2563//2563 2564//2564
f 2455//2455 2564//2564 2457//2457
f 2457//2457 2564//2564 2565//2565
f 2457//2457 2565//2565 2459//2459
f 2459//2459 2565//2565 2566//2566
f 2459//2459 2566//2566 2461//2461
f 2461//2461 2566//2566 2567//2567
f 2461//2461 2567//2567 2463//2463
f 2463//2463 2567//2567 2568//2568
f 2463//2463 2568//2568 2465//2465
f 2465//2465 2568//2568 2569//2569
f 2465//2465 2569//2569 2467//2467
f 2467//2467 2569//2569 2468//2468
f 2527//2527 2570//2570 2556//2556
f 2556//2556 2570//2570 2533//2533
f 2556//2556 2533//2533 2535//2535
f 2533//2533 2570//2570 2531//2531
f 2531//2531 2570//2570 2571//2571
f 2531//2531 2571//2571 2529//2529
f 2529//2529 2571//2571 2528//2528
f 2571//2571 2570//2570 2526//2526
f 2526//2526 2570//2570 2527//2527
f 2537//2537 2532//2532 2530//2530
f 2528//2528 2571//2571 2525//2525
f 2525//2525 2571//2571 2526//2526
f 2518//2518 2456//2456 2458//2458
f 2524//2524 2528//2528 2525//2525
f 2518//2518 2458//2458 2572//2572
f 2572//2572 2458//2458 2460//2460
f 2572//2572 2460//2460 2573//2573
f 2573//2573 2460//2460 2462//2462
f 2573//2573 2462//2462 2510//2510
f 2518//2518 2572//2572 2516//2516
f 2516//2516 2572//2572 2574//2574
f 2516//2516 2574//2574 2514//2514
f 2514//2514 2574//2574 2575//2575
f 2514//2514 2575//2575 2512//2512
f 2512//2512 2575//2575 2511//2511
f 2574//2574 2572//2572 2573//2573
f 2574//2574 2573//2573 2576//2576
f 2576//2576 2573//2573 2510//2510
f 2576//2576 2510//2510 2508//2508
f 2509//2509 2464//2464 2466//2466
f 2574//2574 2576//2576 2575//2575
f 2575//2575 2576//2576 2507//2507
f 2575//2575 2507//2507 2511//2511
f 2507//2507 2576//2576 2508//2508
f 1141//1141 2509//2509 2466//2466
f 2123//2123 2120//2120 2577//2577
f 2577//2577 2120//2120 2578//2578
f 2577//2577 2578//2578 2579//2579
f 2579//2579 2578//2578 604//604
f 2579//2579 604//604 605//605
f 2578//2578 2120//2120 2580//2580
f 2580//2580 2120//2120 2116//2116
f 2580//2580 2116//2116 2581//2581
f 2581//2581 2116//2116 2112//2112
f 2581//2581 2112//2112 2582//2582
f 2582//2582 2112//2112 2105//2105
f 2582//2582 2105//2105 2583//2583
f 2583//2583 2105//2105 2098//2098
f 2583//2583 2098//2098 2584//2584
f 2584//2584 2098//2098 2091//2091
f 2584//2584 2091//2091 2082//2082
f 2584//2584 2082//2082 2585//2585
f 2585//2585 2082//2082 2072//2072
f 2585//2585 2072//2072 2586//2586
f 2586//2586 2072//2072 2062//2062
f 2586//2586 2062//2062 2587//2587
f 2587//2587 2062//2062 2050//2050
f 2587//2587 2050//2050 2588//2588
f 2588//2588 2050//2050 2038//2038
f 2588//2588 2038//2038 2589//2589
f 2589//2589 2038//2038 2025//2025
f 2589//2589 2025//2025 2590//2590
f 2590//2590 2025//2025 2012//2012
f 2590//2590 2012//2012 2591//2591
f 2591//2591 2012//2012 1999//1999
f 2591//2591 1999//1999 2592//2592
f 2592//2592 1999//1999 1975//1975
f 2592//2592 1975//1975 2593//2593
f 2593//2593 1975//1975 2594//2594
f 2593//2593 2594//2594 536//536
f 536//536 2594//2594 538//538
f 538//538 2594//2594 2595//2595
f 2595//2595 2594//2594 1974//1974
f 1974//1974 2594//2594 1975//1975
f 536//536 534//534 2593//2593
f 2593//2593 534//534 2592//2592
f 534//534 532//532 2592//2592
f 2592//2592 532//532 2591//2591
f 532//532 530//530 2591//2591
f 2591//2591 530//530 2590//2590
f 530//530 528//528 2590//2590
f 2590//2590 528//528 526//526
f 2590//2590 526//526 2589//2589
f 2589//2589 526//526 524//524
f 2589//2589 524//524 2588//2588
f 2588//2588 524//524 2587//2587
f 524//524 522//522 2587//2587
f 2587//2587 522//522 2586//2586
f 2586//2586 522//522 2585//2585
f 2585//2585 522//522 520//520
f 2585//2585 520//520 2584//2584
f 2584//2584 520//520 518//518
f 2584//2584 518//518 2583//2583
f 2583//2583 518//518 432//432
f 2583//2583 432//432 2582//2582
f 2582//2582 432//432 431//431
f 2582//2582 431//431 429//429
f 429//429 427//427 2582//2582
f 2582//2582 427//427 478//478
f 2582//2582 478//478 489//489
f 427//427 426//426 478//478
f 478//478 426//426 621//621
f 478//478 621//621 480//480
f 480//480 621//621 484//484
f 484//484 621//621 620//620
f 484//484 620//620 486//486
f 486//486 620//620 615//615
f 486//486 615//615 490//490
f 426//426 422//422 621//621
f 621//621 422//422 415//415
f 621//621 415//415 413//413
f 489//489 474//474 2582//2582
f 2582//2582 474//474 472//472
f 2582//2582 472//472 2581//2581
f 2581//2581 472//472 601//601
f 2581//2581 601//601 2580//2580
f 2580//2580 601//601 600//600
f 2580//2580 600//600 2578//2578
f 2578//2578 600//600 604//604
f 605//605 2596//2596 2579//2579
f 2579//2579 2596//2596 2597//2597
f 2579//2579 2597//2597 2598//2598
f 2599//2599 2600//2600 2596//2596
f 2596//2596 2600//2600 2601//2601
f 2596//2596 2601//2601 2602//2602
f 2602//2602 2603//2603 2596//2596
f 2596//2596 2603//2603 2597//2597
f 2598//2598 2604//2604 2579//2579
f 2579//2579 2604//2604 2577//2577
f 2577//2577 2605//2605 2123//2123
f 2123//2123 2605//2605 2122//2122
f 2122//2122 2605//2605 2606//2606
f 2122//2122 2606//2606 2119//2119
f 2119//2119 2606//2606 2607//2607
f 2119//2119 2607//2607 2110//2110
f 2110//2110 2607//2607 2111//2111
f 2111//2111 2607//2607 2608//2608
f 2111//2111 2608//2608 2104//2104
f 2104//2104 2608//2608 2609//2609
f 2104//2104 2609//2609 2090//2090
f 2090//2090 2609//2609 2081//2081
f 2081//2081 2609//2609 2610//2610
f 2081//2081 2610//2610 2061//2061
f 2061//2061 2610//2610 2611//2611
f 2061//2061 2611//2611 1917//1917
f 1917//1917 2611//2611 2612//2612
f 1917//1917 2612//2612 2613//2613
f 2614//2614 1887//1887 2613//2613
f 2613//2613 1887//1887 1886//1886
f 2613//2613 1886//1886 1917//1917
f 1887//1887 2614//2614 1888//1888
f 1888//1888 2614//2614 2615//2615
f 1888//1888 2615//2615 1889//1889
f 1889//1889 2615//2615 2616//2616
f 1889//1889 2616//2616 1890//1890
f 1890//1890 2616//2616 2617//2617
f 1890//1890 2617//2617 1891//1891
f 1891//1891 2617//2617 2618//2618
f 1891//1891 2618//2618 1794//1794
f 1794//1794 2618//2618 2619//2619
f 1794//1794 2619//2619 1793//1793
f 1793//1793 2619//2619 1892//1892
f 1892//1892 2619//2619 1893//1893
f 2620//2620 1686//1686 2621//2621
f 2621//2621 1686//1686 1685//1685
f 2621//2621 1685//1685 2622//2622
f 2622//2622 1685//1685 1687//1687
f 2622//2622 1687//1687 2623//2623
f 2623//2623 1687//1687 1689//1689
f 2623//2623 1689//1689 2624//2624
f 2624//2624 1689//1689 1691//1691
f 2624//2624 1691//1691 2625//2625
f 2625//2625 1691//1691 1908//1908
f 2625//2625 1908//1908 1907//1907
f 1686//1686 2620//2620 1692//1692
f 1692//1692 2620//2620 2626//2626
f 1692//1692 2626//2626 1695//1695
f 1695//1695 2626//2626 2627//2627
f 1695//1695 2627//2627 1697//1697
f 1697//1697 2627//2627 2628//2628
f 1697//1697 2628//2628 1699//1699
f 1699//1699 2628//2628 2629//2629
f 1699//1699 2629//2629 1704//1704
f 1704//1704 2629//2629 2630//2630
f 1704//1704 2630//2630 1706//1706
f 1706//1706 2630//2630 2631//2631
f 1706//1706 2631//2631 1708//1708
f 1708//1708 2631//2631 2632//2632
f 1708//1708 2632//2632 1709//1709
f 1709//1709 2632//2632 2633//2633
f 1709//1709 2633//2633 2599//2599
f 2599//2599 2633//2633 2606//2606
f 2599//2599 2606//2606 2605//2605
f 2633//2633 2634//2634 2606//2606
f 2606//2606 2634//2634 2607//2607
f 2607//2607 2634//2634 2635//2635
f 2607//2607 2635//2635 2608//2608
f 2608//2608 2635//2635 2636//2636
f 2608//2608 2636//2636 2609//2609
f 2609//2609 2636//2636 2637//2637
f 2609//2609 2637//2637 2610//2610
f 2610//2610 2637//2637 2638//2638
f 2610//2610 2638//2638 2611//2611
f 2611//2611 2638//2638 2639//2639
f 2611//2611 2639//2639 2612//2612
f 2612//2612 2639//2639 2640//2640
f 2612//2612 2640//2640 2613//2613
f 2613//2613 2640//2640 2641//2641
f 2613//2613 2641//2641 2614//2614
f 2614//2614 2641//2641 2642//2642
f 2614//2614 2642//2642 2615//2615
f 2615//2615 2642//2642 2643//2643
f 2615//2615 2643//2643 2616//2616
f 2616//2616 2643//2643 2644//2644
f 2616//2616 2644//2644 2617//2617
f 2617//2617 2644//2644 2645//2645
f 2617//2617 2645//2645 2618//2618
f 2618//2618 2645//2645 2646//2646
f 2618//2618 2646//2646 2619//2619
f 2619//2619 2646//2646 2647//2647
f 2619//2619 2647//2647 1893//1893
f 1893//1893 2647//2647 2625//2625
f 1893//1893 2625//2625 1907//1907
f 2492//2492 2430//2430 1691//1691
f 1691//1691 2430//2430 2429//2429
f 1691//1691 2429//2429 2428//2428
f 2430//2430 2492//2492 2484//2484
f 2484//2484 2492//2492 2491//2491
f 2484//2484 2491//2491 2490//2490
f 2490//2490 2489//2489 2484//2484
f 2484//2484 2489//2489 2485//2485
f 2485//2485 2489//2489 2487//2487
f 2428//2428 1908//1908 1691//1691
f 2577//2577 2598//2598 2605//2605
f 2605//2605 2598//2598 2597//2597
f 2605//2605 2597//2597 2603//2603
f 2577//2577 2604//2604 2598//2598
f 2603//2603 2602//2602 2605//2605
f 2605//2605 2602//2602 2601//2601
f 2605//2605 2601//2601 2599//2599
f 2599//2599 2601//2601 2600//2600
f 2648//2648 870//870 2649//2649
f 2649//2649 870//870 869//869
f 2649//2649 869//869 2650//2650
f 2650//2650 869//869 2651//2651
f 2651//2651 869//869 2506//2506
f 2652//2652 2653//2653 2654//2654
f 2654//2654 2653//2653 2655//2655
f 2654//2654 2655//2655 2656//2656
f 2656//2656 2655//2655 2657//2657
f 2656//2656 2657//2657 2658//2658
f 2656//2656 2658//2658 2659//2659
f 2659//2659 2658//2658 2660//2660
f 2659//2659 2660//2660 2661//2661
f 2659//2659 2661//2661 2662//2662
f 2662//2662 2661//2661 2663//2663
f 2662//2662 2663//2663 2664//2664
f 2665//2665 907//907 2664//2664
f 2664//2664 907//907 2662//2662
f 907//907 906//906 2662//2662
f 2662//2662 906//906 2659//2659
f 906//906 905//905 2659//2659
f 2659//2659 905//905 2656//2656
f 905//905 903//903 2656//2656
f 2656//2656 903//903 2666//2666
f 2656//2656 2666//2666 2667//2667
f 2666//2666 903//903 2668//2668
f 2668//2668 903//903 901//901
f 2668//2668 901//901 2669//2669
f 2669//2669 901//901 2670//2670
f 2669//2669 2670//2670 2671//2671
f 2671//2671 2670//2670 2672//2672
f 2671//2671 2672//2672 2673//2673
f 2673//2673 2672//2672 2674//2674
f 2674//2674 2672//2672 898//898
f 898//898 2672//2672 900//900
f 900//900 2672//2672 2670//2670
f 900//900 2670//2670 901//901
f 2671//2671 2675//2675 2669//2669
f 2669//2669 2675//2675 2668//2668
f 2675//2675 2666//2666 2668//2668
f 2667//2667 2654//2654 2656//2656
f 2676//2676 2677//2677 2667//2667
f 2667//2667 2677//2677 2678//2678
f 2667//2667 2678//2678 2654//2654
f 2654//2654 2678//2678 2679//2679
f 2654//2654 2679//2679 2680//2680
f 2680//2680 2679//2679 2681//2681
f 2680//2680 2681//2681 2652//2652
f 2652//2652 2681//2681 2682//2682
f 2682//2682 2681//2681 2676//2676
f 2676//2676 2681//2681 2679//2679
f 2676//2676 2679//2679 2678//2678
f 2652//2652 2654//2654 2680//2680
f 2676//2676 2678//2678 2677//2677
f 2683//2683 2409//2409 2684//2684
f 2684//2684 2409//2409 2685//2685
f 2684//2684 2685//2685 2686//2686
f 2686//2686 2685//2685 2687//2687
f 2686//2686 2687//2687 2688//2688
f 2688//2688 2687//2687 2689//2689
f 2689//2689 2687//2687 2690//2690
f 2689//2689 2690//2690 2691//2691
f 2691//2691 2690//2690 2692//2692
f 2691//2691 2692//2692 2649//2649
f 2649//2649 2692//2692 2693//2693
f 2649//2649 2693//2693 2648//2648
f 2683//2683 2694//2694 2409//2409
f 2409//2409 2694//2694 2293//2293
f 2293//2293 2694//2694 2695//2695
f 2293//2293 2695//2695 2696//2696
f 2293//2293 2696//2696 2277//2277
f 2277//2277 2696//2696 2697//2697
f 2277//2277 2697//2697 2698//2698
f 2698//2698 2699//2699 2277//2277
f 2277//2277 2276//2276 2293//2293
f 2293//2293 2276//2276 2294//2294
f 2409//2409 2410//2410 2685//2685
f 2685//2685 2410//2410 2700//2700
f 2700//2700 2410//2410 2411//2411
f 2700//2700 2411//2411 2412//2412
f 2700//2700 2412//2412 2701//2701
f 2701//2701 2412//2412 2413//2413
f 2701//2701 2413//2413 2702//2702
f 2702//2702 2413//2413 2414//2414
f 2702//2702 2414//2414 2415//2415
f 2702//2702 2415//2415 2703//2703
f 2703//2703 2415//2415 2416//2416
f 2703//2703 2416//2416 2704//2704
f 2704//2704 2416//2416 2417//2417
f 2704//2704 2417//2417 2418//2418
f 2704//2704 2418//2418 2705//2705
f 2705//2705 2418//2418 2391//2391
f 2705//2705 2391//2391 2706//2706
f 2706//2706 2391//2391 2674//2674
f 2706//2706 2674//2674 2707//2707
f 2707//2707 2674//2674 2708//2708
f 2708//2708 2674//2674 2709//2709
f 2709//2709 2674//2674 2710//2710
f 2390//2390 2666//2666 2391//2391
f 2391//2391 2666//2666 2675//2675
f 2391//2391 2675//2675 2671//2671
f 2682//2682 2676//2676 2390//2390
f 2390//2390 2676//2676 2667//2667
f 2390//2390 2667//2667 2666//2666
f 2671//2671 2673//2673 2391//2391
f 2391//2391 2673//2673 2674//2674
f 2317//2317 2711//2711 2316//2316
f 2316//2316 2711//2711 2712//2712
f 2316//2316 2712//2712 2314//2314
f 2314//2314 2712//2712 2713//2713
f 2314//2314 2713//2713 2312//2312
f 2312//2312 2713//2713 2327//2327
f 2714//2714 2715//2715 2716//2716
f 2716//2716 2715//2715 2717//2717
f 2716//2716 2717//2717 2718//2718
f 2718//2718 2717//2717 2719//2719
f 2718//2718 2719//2719 2720//2720
f 2720//2720 2719//2719 2721//2721
f 2720//2720 2721//2721 2722//2722
f 2722//2722 2721//2721 2723//2723
f 2722//2722 2723//2723 2724//2724
f 2724//2724 2723//2723 2725//2725
f 2724//2724 2725//2725 2726//2726
f 2726//2726 2725//2725 2727//2727
f 2726//2726 2727//2727 2728//2728
f 2715//2715 2729//2729 2717//2717
f 2717//2717 2729//2729 2719//2719
f 2719//2719 2729//2729 2730//2730
f 2730//2730 2729//2729 2731//2731
f 2730//2730 2731//2731 2732//2732
f 2732//2732 2731//2731 2733//2733
f 2732//2732 2733//2733 2734//2734
f 2734//2734 2733//2733 2735//2735
f 2735//2735 2733//2733 2736//2736
f 2735//2735 2736//2736 2737//2737
f 2731//2731 2736//2736 2733//2733
f 2737//2737 2738//2738 2735//2735
f 2735//2735 2738//2738 2739//2739
f 2734//2734 2723//2723 2732//2732
f 2732//2732 2723//2723 2721//2721
f 2732//2732 2721//2721 2719//2719
f 2726//2726 2728//2728 2740//2740
f 2740//2740 2728//2728 2741//2741
f 2740//2740 2741//2741 2742//2742
f 2716//2716 2718//2718 2742//2742
f 2742//2742 2718//2718 2720//2720
f 2742//2742 2720//2720 2743//2743
f 2743//2743 2720//2720 2722//2722
f 2743//2743 2722//2722 2724//2724
f 2742//2742 2743//2743 2740//2740
f 2740//2740 2743//2743 2724//2724
f 2740//2740 2724//2724 2726//2726
f 2730//2730 2732//2732 2719//2719
f 2744//2744 2745//2745 2746//2746
f 2746//2746 2745//2745 2747//2747
f 2746//2746 2747//2747 2748//2748
f 2745//2745 2744//2744 2749//2749
f 2749//2749 2744//2744 2750//2750
f 2749//2749 2750//2750 2751//2751
f 2751//2751 2752//2752 2749//2749
f 2745//2745 2749//2749 2753//2753
f 2753//2753 2749//2749 979//979
f 2753//2753 979//979 2754//2754
f 2754//2754 979//979 2755//2755
f 2755//2755 979//979 981//981
f 2755//2755 981//981 2756//2756
f 2756//2756 981//981 2757//2757
f 2757//2757 981//981 2758//2758
f 2758//2758 981//981 2759//2759
f 2759//2759 981//981 989//989
f 2759//2759 989//989 991//991
f 1152//1152 2760//2760 981//981
f 981//981 2760//2760 2424//2424
f 981//981 2424//2424 989//989
f 989//989 2424//2424 1025//1025
f 989//989 1025//1025 987//987
f 987//987 1025//1025 2761//2761
f 987//987 2761//2761 2762//2762
f 2760//2760 907//907 2424//2424
f 2424//2424 907//907 2425//2425
f 2425//2425 907//907 2665//2665
f 1025//1025 2424//2424 1023//1023
f 1023//1023 2424//2424 2423//2423
f 1023//1023 2423//2423 2422//2422
f 1023//1023 2422//2422 1021//1021
f 1021//1021 2422//2422 2421//2421
f 1021//1021 2421//2421 1019//1019
f 1019//1019 2421//2421 2420//2420
f 1019//1019 2420//2420 1017//1017
f 1017//1017 2420//2420 2763//2763
f 1017//1017 2763//2763 2714//2714
f 2714//2714 2763//2763 2764//2764
f 2714//2714 2764//2764 1086//1086
f 1085//1085 2765//2765 1086//1086
f 1086//1086 2765//2765 2714//2714
f 2766//2766 1013//1013 2714//2714
f 2714//2714 1013//1013 1015//1015
f 2714//2714 1015//1015 1017//1017
f 2767//2767 1009//1009 2766//2766
f 2766//2766 1009//1009 1011//1011
f 2766//2766 1011//1011 1013//1013
f 2768//2768 2769//2769 2767//2767
f 2767//2767 2769//2769 2770//2770
f 2767//2767 2770//2770 2771//2771
f 2772//2772 2773//2773 2768//2768
f 2768//2768 2773//2773 2774//2774
f 2768//2768 2774//2774 2775//2775
f 2775//2775 2769//2769 2768//2768
f 2769//2769 2776//2776 2770//2770
f 2770//2770 2776//2776 2777//2777
f 2777//2777 2776//2776 2778//2778
f 2777//2777 2778//2778 2779//2779
f 2779//2779 2778//2778 2780//2780
f 2780//2780 2778//2778 2781//2781
f 2780//2780 2781//2781 2782//2782
f 2782//2782 2781//2781 2783//2783
f 2782//2782 2783//2783 2784//2784
f 2784//2784 2783//2783 2785//2785
f 2785//2785 2783//2783 2786//2786
f 2785//2785 2786//2786 2787//2787
f 2787//2787 2786//2786 2788//2788
f 2787//2787 2788//2788 2789//2789
f 2789//2789 2788//2788 2790//2790
f 2790//2790 2788//2788 2791//2791
f 2790//2790 2791//2791 2792//2792
f 2792//2792 2793//2793 2790//2790
f 2790//2790 2793//2793 2794//2794
f 2795//2795 1003//1003 2789//2789
f 2789//2789 1003//1003 1005//1005
f 2789//2789 1005//1005 1007//1007
f 1003//1003 2795//2795 1001//1001
f 1001//1001 2795//2795 2796//2796
f 1001//1001 2796//2796 999//999
f 999//999 2796//2796 2797//2797
f 999//999 2797//2797 997//997
f 997//997 2797//2797 2746//2746
f 997//997 2746//2746 995//995
f 995//995 2746//2746 2798//2798
f 995//995 2798//2798 993//993
f 993//993 2798//2798 2799//2799
f 993//993 2799//2799 991//991
f 991//991 2799//2799 2759//2759
f 987//987 2800//2800 985//985
f 985//985 2800//2800 2801//2801
f 985//985 2801//2801 983//983
f 983//983 2801//2801 2802//2802
f 983//983 2802//2802 1007//1007
f 1007//1007 2802//2802 2789//2789
f 1027//1027 2803//2803 1025//1025
f 1025//1025 2803//2803 2804//2804
f 1025//1025 2804//2804 2761//2761
f 2761//2761 2804//2804 2805//2805
f 2805//2805 2804//2804 2806//2806
f 2805//2805 2806//2806 2807//2807
f 2807//2807 2806//2806 2808//2808
f 2807//2807 2808//2808 2809//2809
f 2809//2809 2808//2808 2810//2810
f 2809//2809 2810//2810 2782//2782
f 2782//2782 2810//2810 2780//2780
f 2803//2803 1027//1027 2811//2811
f 2811//2811 1027//1027 1029//1029
f 2811//2811 1029//1029 2812//2812
f 2812//2812 1029//1029 1031//1031
f 2812//2812 1031//1031 2771//2771
f 2771//2771 1031//1031 2767//2767
f 1031//1031 1033//1033 2767//2767
f 2767//2767 1033//1033 1009//1009
f 2762//2762 2800//2800 987//987
f 2802//2802 2787//2787 2789//2789
f 2748//2748 2798//2798 2746//2746
f 896//896 2710//2710 898//898
f 898//898 2710//2710 2674//2674
f 2277//2277 2699//2699 2280//2280
f 2280//2280 2699//2699 1965//1965
f 2280//2280 1965//1965 1969//1969
f 2699//2699 2813//2813 1965//1965
f 1965//1965 2813//2813 1960//1960
f 1960//1960 2813//2813 2814//2814
f 1960//1960 2814//2814 2815//2815
f 2815//2815 1961//1961 1960//1960
f 1170//1170 1160//1160 1969//1969
f 1969//1969 1160//1160 2280//2280
f 2816//2816 20//20 2817//2817
f 2817//2817 20//20 18//18
f 2817//2817 18//18 2818//2818
f 2818//2818 18//18 2819//2819
f 2818//2818 2819//2819 2820//2820
f 2817//2817 2821//2821 2816//2816
f 988//988 986//986 2822//2822
f 2822//2822 986//986 984//984
f 2822//2822 984//984 2823//2823
f 2823//2823 984//984 1008//1008
f 2823//2823 1008//1008 2824//2824
f 2824//2824 1008//1008 1006//1006
f 2824//2824 1006//1006 2825//2825
f 2825//2825 1006//1006 1004//1004
f 2825//2825 1004//1004 2826//2826
f 2826//2826 1004//1004 1002//1002
f 2826//2826 1002//1002 2827//2827
f 2827//2827 1002//1002 1000//1000
f 2827//2827 1000//1000 2828//2828
f 2828//2828 1000//1000 998//998
f 2828//2828 998//998 2829//2829
f 2829//2829 998//998 996//996
f 2829//2829 996//996 2830//2830
f 2830//2830 996//996 994//994
f 2830//2830 994//994 2831//2831
f 2831//2831 994//994 992//992
f 2831//2831 992//992 2832//2832
f 2832//2832 992//992 990//990
f 2832//2832 990//990 2833//2833
f 2833//2833 990//990 988//988
f 2833//2833 988//988 2822//2822
f 2834//2834 2835//2835 2836//2836
f 2836//2836 2835//2835 2837//2837
f 2836//2836 2837//2837 2838//2838
f 2838//2838 2837//2837 2839//2839
f 2839//2839 2837//2837 2840//2840
f 2840//2840 2837//2837 2835//2835
f 2840//2840 2835//2835 2841//2841
f 2841//2841 2835//2835 2834//2834
f 2841//2841 2842//2842 2840//2840
f 2838//2838 2843//2843 2836//2836
f 2796//2796 2795//2795 2844//2844
f 2844//2844 2795//2795 2845//2845
f 2845//2845 2795//2795 2840//2840
f 2845//2845 2840//2840 2842//2842
f 2795//2795 2846//2846 2840//2840
f 2840//2840 2846//2846 2847//2847
f 2847//2847 2846//2846 2848//2848
f 2847//2847 2848//2848 2849//2849
f 2849//2849 2848//2848 2850//2850
f 2849//2849 2850//2850 2851//2851
f 2851//2851 2850//2850 2820//2820
f 2851//2851 2820//2820 2819//2819
f 2789//2789 2852//2852 2795//2795
f 2795//2795 2852//2852 2853//2853
f 2795//2795 2853//2853 2846//2846
f 2846//2846 2853//2853 2848//2848
f 2848//2848 2853//2853 2854//2854
f 2848//2848 2854//2854 2850//2850
f 2850//2850 2854//2854 2820//2820
f 2820//2820 2854//2854 2855//2855
f 2820//2820 2855//2855 2818//2818
f 2817//2817 2818//2818 2856//2856
f 2856//2856 2818//2818 2855//2855
f 2856//2856 2855//2855 2857//2857
f 2857//2857 2855//2855 2854//2854
f 2857//2857 2854//2854 2858//2858
f 2858//2858 2854//2854 2853//2853
f 2858//2858 2853//2853 2859//2859
f 2859//2859 2853//2853 2852//2852
f 2859//2859 2852//2852 2790//2790
f 2790//2790 2852//2852 2789//2789
f 2860//2860 2858//2858 2794//2794
f 2794//2794 2858//2858 2859//2859
f 2794//2794 2859//2859 2790//2790
f 2860//2860 2861//2861 2858//2858
f 2858//2858 2861//2861 2857//2857
f 2857//2857 2861//2861 2862//2862
f 2857//2857 2862//2862 2821//2821
f 2817//2817 2856//2856 2821//2821
f 2821//2821 2856//2856 2857//2857
f 2816//2816 2821//2821 2863//2863
f 2863//2863 2821//2821 2862//2862
f 2863//2863 2862//2862 2864//2864
f 2864//2864 2862//2862 2861//2861
f 2864//2864 2861//2861 2865//2865
f 2865//2865 2861//2861 2860//2860
f 2865//2865 2860//2860 2793//2793
f 2793//2793 2860//2860 2794//2794
f 2760//2760 1152//1152 2866//2866
f 2866//2866 1152//1152 1151//1151
f 2866//2866 1151//1151 2867//2867
f 2867//2867 1151//1151 2868//2868
f 2867//2867 2868//2868 2869//2869
f 2869//2869 2868//2868 2870//2870
f 2869//2869 2870//2870 2871//2871
f 2871//2871 2870//2870 2872//2872
f 2872//2872 2870//2870 2873//2873
f 2872//2872 2873//2873 2874//2874
f 2874//2874 2873//2873 1149//1149
f 2874//2874 1149//1149 2875//2875
f 2875//2875 1149//1149 2876//2876
f 2875//2875 2876//2876 2877//2877
f 2877//2877 2876//2876 1147//1147
f 1147//1147 2876//2876 1149//1149
f 2868//2868 1151//1151 2878//2878
f 2878//2878 1151//1151 1150//1150
f 2878//2878 1150//1150 2870//2870
f 2870//2870 1150//1150 2873//2873
f 1150//1150 1149//1149 2873//2873
f 2875//2875 2877//2877 2874//2874
f 2874//2874 2877//2877 2872//2872
f 2869//2869 2871//2871 2879//2879
f 2879//2879 2871//2871 2880//2880
f 2879//2879 2880//2880 2881//2881
f 2881//2881 2880//2880 2882//2882
f 2881//2881 2882//2882 2883//2883
f 2883//2883 2760//2760 2881//2881
f 2881//2881 2760//2760 2866//2866
f 2881//2881 2866//2866 2879//2879
f 2879//2879 2866//2866 2867//2867
f 2879//2879 2867//2867 2869//2869
f 2878//2878 2870//2870 2868//2868
f 2767//2767 2766//2766 2884//2884
f 2884//2884 2766//2766 2885//2885
f 2885//2885 2766//2766 2886//2886
f 2885//2885 2886//2886 2887//2887
f 2885//2885 2887//2887 2888//2888
f 2888//2888 2887//2887 2889//2889
f 2888//2888 2889//2889 2890//2890
f 2891//2891 2892//2892 2890//2890
f 2890//2890 2892//2892 2888//2888
f 2768//2768 2767//2767 2893//2893
f 2893//2893 2767//2767 2884//2884
f 2893//2893 2884//2884 2894//2894
f 2894//2894 2884//2884 2885//2885
f 2894//2894 2885//2885 2895//2895
f 2895//2895 2885//2885 2888//2888
f 2895//2895 2888//2888 2896//2896
f 2896//2896 2888//2888 2892//2892
f 2896//2896 2892//2892 2897//2897
f 2897//2897 2892//2892 2891//2891
f 2898//2898 2895//2895 2899//2899
f 2899//2899 2895//2895 2896//2896
f 2899//2899 2896//2896 2897//2897
f 2898//2898 2900//2900 2895//2895
f 2895//2895 2900//2900 2894//2894
f 2894//2894 2900//2900 2901//2901
f 2894//2894 2901//2901 2772//2772
f 2768//2768 2893//2893 2772//2772
f 2772//2772 2893//2893 2894//2894
f 2773//2773 2772//2772 2902//2902
f 2902//2902 2772//2772 2901//2901
f 2902//2902 2901//2901 2903//2903
f 2903//2903 2901//2901 2900//2900
f 2903//2903 2900//2900 2904//2904
f 2904//2904 2900//2900 2898//2898
f 2904//2904 2898//2898 2905//2905
f 2905//2905 2898//2898 2899//2899
f 2906//2906 2792//2792 2907//2907
f 2907//2907 2792//2792 2791//2791
f 2907//2907 2791//2791 2908//2908
f 2908//2908 2791//2791 2788//2788
f 2908//2908 2788//2788 2909//2909
f 2909//2909 2788//2788 2786//2786
f 2909//2909 2786//2786 2910//2910
f 2910//2910 2786//2786 2783//2783
f 2910//2910 2783//2783 2911//2911
f 2911//2911 2783//2783 2781//2781
f 2911//2911 2781//2781 2912//2912
f 2912//2912 2781//2781 2778//2778
f 2912//2912 2778//2778 2913//2913
f 2913//2913 2778//2778 2776//2776
f 2913//2913 2776//2776 2914//2914
f 2914//2914 2776//2776 2769//2769
f 2914//2914 2769//2769 2915//2915
f 2915//2915 2769//2769 2775//2775
f 2915//2915 2775//2775 2916//2916
f 2916//2916 2775//2775 2774//2774
f 1014//1014 1012//1012 2917//2917
f 2917//2917 1012//1012 1010//1010
f 2917//2917 1010//1010 2918//2918
f 2918//2918 1010//1010 1034//1034
f 2918//2918 1034//1034 2919//2919
f 2919//2919 1034//1034 1032//1032
f 2919//2919 1032//1032 2920//2920
f 2920//2920 1032//1032 1030//1030
f 2920//2920 1030//1030 2921//2921
f 2921//2921 1030//1030 1028//1028
f 2921//2921 1028//1028 2922//2922
f 2922//2922 1028//1028 1026//1026
f 2922//2922 1026//1026 2923//2923
f 2923//2923 1026//1026 1024//1024
f 2923//2923 1024//1024 2924//2924
f 2924//2924 1024//1024 1022//1022
f 2924//2924 1022//1022 2925//2925
f 2925//2925 1022//1022 1020//1020
f 2925//2925 1020//1020 2926//2926
f 2926//2926 1020//1020 1018//1018
f 2926//2926 1018//1018 2927//2927
f 2927//2927 1018//1018 1016//1016
f 2927//2927 1016//1016 2928//2928
f 2928//2928 1016//1016 1014//1014
f 2928//2928 1014//1014 2917//2917
f 60//60 2929//2929 61//61
f 61//61 2929//2929 2930//2930
f 61//61 2930//2930 2931//2931
f 2931//2931 2930//2930 2932//2932
f 2931//2931 2932//2932 14//14
f 14//14 2932//2932 2933//2933
f 14//14 2933//2933 38//38
f 38//38 2933//2933 2934//2934
f 38//38 2934//2934 37//37
f 38//38 16//16 14//14
f 15//15 1174//1174 13//13
f 13//13 1174//1174 2935//2935
f 13//13 2935//2935 2936//2936
f 13//13 2936//2936 2937//2937
f 2937//2937 2936//2936 2938//2938
f 2937//2937 2938//2938 2939//2939
f 2937//2937 2939//2939 2940//2940
f 2940//2940 2939//2939 2941//2941
f 2940//2940 2941//2941 2836//2836
f 2935//2935 2942//2942 2936//2936
f 2936//2936 2942//2942 2943//2943
f 2936//2936 2943//2943 2944//2944
f 2944//2944 2943//2943 2945//2945
f 2944//2944 2945//2945 2946//2946
f 2946//2946 2945//2945 2947//2947
f 2946//2946 2947//2947 2948//2948
f 2948//2948 2947//2947 2949//2949
f 2948//2948 2949//2949 2797//2797
f 2797//2797 2949//2949 2950//2950
f 2797//2797 2950//2950 2951//2951
f 2951//2951 2746//2746 2797//2797
f 2796//2796 2952//2952 2797//2797
f 2797//2797 2952//2952 2953//2953
f 2797//2797 2953//2953 2948//2948
f 2948//2948 2953//2953 2954//2954
f 2948//2948 2954//2954 2946//2946
f 2946//2946 2954//2954 2955//2955
f 2946//2946 2955//2955 2944//2944
f 2944//2944 2955//2955 2936//2936
f 2952//2952 2796//2796 2956//2956
f 2956//2956 2796//2796 2844//2844
f 2956//2956 2844//2844 2957//2957
f 2957//2957 2844//2844 2845//2845
f 2957//2957 2845//2845 2958//2958
f 2958//2958 2845//2845 2959//2959
f 2958//2958 2959//2959 2960//2960
f 2960//2960 2959//2959 2961//2961
f 2960//2960 2961//2961 2941//2941
f 2941//2941 2961//2961 2834//2834
f 2941//2941 2834//2834 2836//2836
f 2959//2959 2845//2845 2962//2962
f 2962//2962 2845//2845 2842//2842
f 2962//2962 2842//2842 2841//2841
f 2962//2962 2841//2841 2961//2961
f 2961//2961 2841//2841 2834//2834
f 2941//2941 2939//2939 2960//2960
f 2960//2960 2939//2939 2963//2963
f 2960//2960 2963//2963 2958//2958
f 2958//2958 2963//2963 2964//2964
f 2958//2958 2964//2964 2956//2956
f 2956//2956 2964//2964 2952//2952
f 2963//2963 2939//2939 2965//2965
f 2965//2965 2939//2939 2938//2938
f 2965//2965 2938//2938 2966//2966
f 2966//2966 2938//2938 2955//2955
f 2966//2966 2955//2955 2954//2954
f 2938//2938 2936//2936 2955//2955
f 2954//2954 2953//2953 2967//2967
f 2967//2967 2953//2953 2952//2952
f 2967//2967 2952//2952 2964//2964
f 2965//2965 2966//2966 2967//2967
f 2967//2967 2966//2966 2954//2954
f 2965//2965 2967//2967 2964//2964
f 2965//2965 2964//2964 2963//2963
f 2957//2957 2958//2958 2956//2956
f 2962//2962 2961//2961 2959//2959
f 2968//2968 977//977 2969//2969
f 2969//2969 977//977 976//976
f 2969//2969 976//976 2970//2970
f 2970//2970 976//976 975//975
f 2970//2970 975//975 2971//2971
f 2971//2971 975//975 974//974
f 2971//2971 974//974 2972//2972
f 2972//2972 974//974 973//973
f 2972//2972 973//973 2973//2973
f 2973//2973 973//973 971//971
f 2973//2973 971//971 2974//2974
f 2974//2974 971//971 970//970
f 2974//2974 972//972 2975//2975
f 2975//2975 972//972 2976//2976
f 2975//2975 2976//2976 2977//2977
f 2974//2974 970//970 972//972
f 2977//2977 2978//2978 2975//2975
f 2979//2979 2978//2978 2980//2980
f 2980//2980 2978//2978 2977//2977
f 2980//2980 2977//2977 969//969
f 969//969 2977//2977 2976//2976
f 969//969 2976//2976 972//972
f 969//969 966//966 2980//2980
f 2980//2980 966//966 2981//2981
f 2980//2980 2981//2981 2982//2982
f 965//965 2983//2983 966//966
f 966//966 2983//2983 2981//2981
f 2982//2982 2984//2984 2980//2980
f 2980//2980 2984//2984 2985//2985
f 2980//2980 2985//2985 2986//2986
f 2986//2986 2985//2985 2987//2987
f 2986//2986 2987//2987 2988//2988
f 2988//2988 2987//2987 2989//2989
f 2988//2988 2989//2989 2990//2990
f 2990//2990 2989//2989 2991//2991
f 2990//2990 2992//2992 2988//2988
f 2988//2988 2992//2992 2993//2993
f 2988//2988 2993//2993 2994//2994
f 2992//2992 2995//2995 2993//2993
f 2988//2988 2994//2994 2986//2986
f 2986//2986 2994//2994 2996//2996
f 2986//2986 2996//2996 2980//2980
f 2980//2980 2996//2996 2979//2979
f 1148//1148 937//937 949//949
f 949//949 937//937 842//842
f 949//949 842//842 844//844
f 1148//1148 980//980 937//937
f 937//937 936//936 842//842
f 842//842 936//936 2997//2997
f 842//842 2997//2997 851//851
f 2968//2968 2969//2969 936//936
f 936//936 2969//2969 2970//2970
f 936//936 2970//2970 2971//2971
f 2971//2971 2972//2972 936//936
f 936//936 2972//2972 2973//2973
f 936//936 2973//2973 2974//2974
f 2975//2975 2998//2998 2974//2974
f 2974//2974 2998//2998 2999//2999
f 2974//2974 2999//2999 936//936
f 936//936 2999//2999 3000//3000
f 936//936 3000//3000 2997//2997
f 3001//3001 2911//2911 2998//2998
f 2998//2998 2911//2911 3002//3002
f 2998//2998 3002//3002 2999//2999
f 2911//2911 3001//3001 2910//2910
f 2910//2910 3001//3001 3003//3003
f 2910//2910 3003//3003 3004//3004
f 3004//3004 3005//3005 2910//2910
f 2910//2910 3005//3005 2909//2909
f 2909//2909 3005//3005 3006//3006
f 2909//2909 3006//3006 2908//2908
f 2908//2908 3006//3006 2907//2907
f 2907//2907 3006//3006 3007//3007
f 2907//2907 3007//3007 2906//2906
f 2906//2906 3007//3007 3008//3008
f 2906//2906 3008//3008 3009//3009
f 3009//3009 3010//3010 2906//2906
f 2906//2906 3010//3010 3011//3011
f 3002//3002 2911//2911 3012//3012
f 3012//3012 2911//2911 2912//2912
f 3012//3012 2912//2912 3013//3013
f 3013//3013 2912//2912 3014//3014
f 3014//3014 2912//2912 2913//2913
f 3014//3014 2913//2913 3015//3015
f 3015//3015 2913//2913 2914//2914
f 3015//3015 2914//2914 2915//2915
f 3015//3015 2915//2915 3016//3016
f 3016//3016 2915//2915 2916//2916
f 3016//3016 2916//2916 3017//3017
f 3017//3017 2916//2916 3018//3018
f 3018//3018 2916//2916 3019//3019
f 3019//3019 2916//2916 3020//3020
f 844//844 849//849 949//949
f 949//949 849//849 948//948
f 948//948 849//849 847//847
f 948//948 847//847 1153//1153
f 1153//1153 847//847 855//855
f 1153//1153 961//961 948//948
f 860//860 2351//2351 856//856
f 856//856 2351//2351 2354//2354
f 856//856 2354//2354 918//918
f 918//918 2354//2354 2374//2374
f 918//918 2374//2374 919//919
f 919//919 2374//2374 2371//2371
f 919//919 2371//2371 921//921
f 921//921 2371//2371 2369//2369
f 921//921 2369//2369 924//924
f 924//924 2369//2369 2376//2376
f 924//924 2376//2376 889//889
f 889//889 2376//2376 2378//2378
f 889//889 2378//2378 887//887
f 887//887 2378//2378 2380//2380
f 887//887 2380//2380 886//886
f 886//886 2380//2380 2383//2383
f 886//886 2383//2383 884//884
f 884//884 2383//2383 2385//2385
f 884//884 2385//2385 882//882
f 882//882 2385//2385 2388//2388
f 882//882 2388//2388 881//881
f 881//881 2388//2388 2330//2330
f 881//881 2330//2330 879//879
f 879//879 2330//2330 2332//2332
f 879//879 2332//2332 877//877
f 877//877 2332//2332 2334//2334
f 877//877 2334//2334 876//876
f 876//876 2334//2334 2337//2337
f 876//876 2337//2337 874//874
f 874//874 2337//2337 2339//2339
f 874//874 2339//2339 866//866
f 866//866 2339//2339 2342//2342
f 866//866 2342//2342 864//864
f 864//864 2342//2342 2344//2344
f 864//864 2344//2344 862//862
f 862//862 2344//2344 2346//2346
f 862//862 2346//2346 859//859
f 859//859 2346//2346 2349//2349
f 859//859 2349//2349 860//860
f 860//860 2349//2349 2351//2351
f 1157//1157 899//899 962//962
f 962//962 899//899 3021//3021
f 962//962 3021//3021 3022//3022
f 1157//1157 894//894 899//899
f 962//962 3022//3022 1146//1146
f 1146//1146 3022//3022 3023//3023
f 1146//1146 3023//3023 3024//3024
f 3025//3025 2877//2877 3024//3024
f 3024//3024 2877//2877 1147//1147
f 3024//3024 1147//1147 1146//1146
f 2877//2877 3025//3025 2872//2872
f 2872//2872 3025//3025 3026//3026
f 2872//2872 3026//3026 2871//2871
f 2871//2871 3026//3026 3027//3027
f 2871//2871 3027//3027 2880//2880
f 3028//3028 3029//3029 1146//1146
f 1146//1146 3029//3029 3030//3030
f 1146//1146 3030//3030 3031//3031
f 960//960 3032//3032 3028//3028
f 3028//3028 3032//3032 3033//3033
f 3028//3028 3033//3033 3034//3034
f 962//962 3035//3035 960//960
f 960//960 3035//3035 3036//3036
f 960//960 3036//3036 3037//3037
f 3031//3031 3038//3038 1146//1146
f 1146//1146 3038//3038 962//962
f 3038//3038 3039//3039 962//962
f 962//962 3039//3039 3040//3040
f 962//962 3040//3040 3035//3035
f 3037//3037 3032//3032 960//960
f 3034//3034 3029//3029 3028//3028
f 3021//3021 899//899 3041//3041
f 3041//3041 899//899 902//902
f 3041//3041 902//902 904//904
f 907//907 3042//3042 904//904
f 904//904 3042//3042 3043//3043
f 904//904 3043//3043 3044//3044
f 3044//3044 3043//3043 3024//3024
f 3044//3044 3024//3024 3045//3045
f 3045//3045 3024//3024 3023//3023
f 3045//3045 3023//3023 3046//3046
f 3046//3046 3023//3023 3047//3047
f 3046//3046 3047//3047 904//904
f 904//904 3047//3047 3048//3048
f 904//904 3048//3048 3049//3049
f 3049//3049 3048//3048 3022//3022
f 3049//3049 3022//3022 3050//3050
f 3050//3050 3022//3022 3021//3021
f 3050//3050 3021//3021 3051//3051
f 3051//3051 3021//3021 3052//3052
f 3051//3051 3052//3052 904//904
f 904//904 3052//3052 3041//3041
f 2760//2760 3053//3053 907//907
f 907//907 3053//3053 3054//3054
f 907//907 3054//3054 3055//3055
f 3055//3055 3054//3054 3056//3056
f 3055//3055 3056//3056 3057//3057
f 3057//3057 3056//3056 3027//3027
f 3057//3057 3027//3027 3058//3058
f 3058//3058 3027//3027 3026//3026
f 3058//3058 3026//3026 3059//3059
f 3059//3059 3026//3026 3060//3060
f 3059//3059 3060//3060 3061//3061
f 3061//3061 3060//3060 3042//3042
f 3061//3061 3042//3042 907//907
f 3053//3053 2760//2760 3062//3062
f 3062//3062 2760//2760 2883//2883
f 3062//3062 2883//2883 2882//2882
f 2882//2882 2880//2880 3062//3062
f 3062//3062 2880//2880 3056//3056
f 3062//3062 3056//3056 3054//3054
f 2880//2880 3027//3027 3056//3056
f 3026//3026 3025//3025 3060//3060
f 3060//3060 3025//3025 3063//3063
f 3060//3060 3063//3063 3042//3042
f 3042//3042 3063//3063 3043//3043
f 3063//3063 3025//3025 3043//3043
f 3043//3043 3025//3025 3024//3024
f 3047//3047 3023//3023 3048//3048
f 3048//3048 3023//3023 3022//3022
f 3052//3052 3021//3021 3041//3041
f 3050//3050 3051//3051 904//904
f 3050//3050 904//904 3049//3049
f 3046//3046 904//904 3045//3045
f 3045//3045 904//904 3044//3044
f 3061//3061 907//907 3064//3064
f 3064//3064 907//907 3065//3065
f 3064//3064 3065//3065 3058//3058
f 3058//3058 3065//3065 3057//3057
f 3062//3062 3054//3054 3053//3053
f 3065//3065 907//907 3055//3055
f 3065//3065 3055//3055 3057//3057
f 3061//3061 3064//3064 3059//3059
f 3059//3059 3064//3064 3058//3058
f 1139//1139 2710//2710 1140//1140
f 1140//1140 2710//2710 3066//3066
f 1140//1140 3066//3066 3067//3067
f 2710//2710 1139//1139 2709//2709
f 2709//2709 1139//1139 1138//1138
f 2709//2709 1138//1138 2708//2708
f 2708//2708 1138//1138 1079//1079
f 2708//2708 1079//1079 2707//2707
f 2707//2707 1079//1079 1078//1078
f 2707//2707 1078//1078 2706//2706
f 2706//2706 1078//1078 1088//1088
f 2706//2706 1088//1088 2705//2705
f 2705//2705 1088//1088 1090//1090
f 2705//2705 1090//1090 2704//2704
f 2704//2704 1090//1090 1093//1093
f 2704//2704 1093//1093 2703//2703
f 2703//2703 1093//1093 2702//2702
f 2702//2702 1093//1093 1095//1095
f 2702//2702 1095//1095 2701//2701
f 2701//2701 1095//1095 1098//1098
f 2701//2701 1098//1098 1100//1100
f 2701//2701 1100//1100 2700//2700
f 2700//2700 1100//1100 1103//1103
f 2700//2700 1103//1103 2685//2685
f 2685//2685 1103//1103 1129//1129
f 2685//2685 1129//1129 2687//2687
f 2687//2687 1129//1129 1132//1132
f 2687//2687 1132//1132 2690//2690
f 2690//2690 1132//1132 1134//1134
f 2690//2690 1134//1134 2692//2692
f 2692//2692 1134//1134 1136//1136
f 2692//2692 1136//1136 2693//2693
f 2693//2693 1136//1136 1137//1137
f 2693//2693 1137//1137 2648//2648
f 2648//2648 1137//1137 3068//3068
f 2648//2648 3068//3068 873//873
f 873//873 3068//3068 3069//3069
f 873//873 3069//3069 871//871
f 871//871 3069//3069 3070//3070
f 871//871 3070//3070 872//872
f 872//872 3070//3070 3071//3071
f 872//872 3071//3071 867//867
f 867//867 3071//3071 3072//3072
f 867//867 3072//3072 868//868
f 868//868 3072//3072 3073//3073
f 868//868 3073//3073 875//875
f 875//875 3073//3073 3074//3074
f 875//875 3074//3074 878//878
f 878//878 3074//3074 3075//3075
f 878//878 3075//3075 880//880
f 880//880 3075//3075 3076//3076
f 880//880 3076//3076 883//883
f 883//883 3076//3076 3077//3077
f 883//883 3077//3077 885//885
f 885//885 3077//3077 3078//3078
f 885//885 3078//3078 888//888
f 888//888 3078//3078 3079//3079
f 888//888 3079//3079 890//890
f 890//890 3079//3079 3080//3080
f 890//890 3080//3080 893//893
f 893//893 3080//3080 3081//3081
f 893//893 3081//3081 895//895
f 895//895 3081//3081 3066//3066
f 895//895 3066//3066 897//897
f 897//897 3066//3066 2710//2710
f 897//897 2710//2710 896//896
f 1137//1137 3082//3082 3068//3068
f 873//873 870//870 2648//2648
f 2714//2714 2716//2716 2766//2766
f 2766//2766 2716//2716 2742//2742
f 2766//2766 2742//2742 3083//3083
f 3083//3083 2742//2742 2741//2741
f 2766//2766 3083//3083 2886//2886
f 2886//2886 3083//3083 3084//3084
f 2886//2886 3084//3084 2887//2887
f 2887//2887 3084//3084 3085//3085
f 2887//2887 3085//3085 2889//2889
f 2889//2889 3085//3085 3086//3086
f 2889//2889 3086//3086 2890//2890
f 2890//2890 3086//3086 3087//3087
f 2728//2728 3088//3088 2741//2741
f 2741//2741 3088//3088 3089//3089
f 2741//2741 3089//3089 3090//3090
f 3090//3090 3089//3089 3091//3091
f 3091//3091 3089//3089 3092//3092
f 3092//3092 3089//3089 3088//3088
f 3092//3092 3088//3088 2727//2727
f 2727//2727 3088//3088 2728//2728
f 2727//2727 2725//2725 3092//3092
f 3090//3090 3083//3083 2741//2741
f 3087//3087 77//77 2891//2891
f 2891//2891 77//77 75//75
f 2891//2891 75//75 2897//2897
f 2897//2897 75//75 2905//2905
f 2897//2897 2905//2905 2899//2899
f 2891//2891 2890//2890 3087//3087
f 3093//3093 3094//3094 53//53
f 53//53 3094//3094 3095//3095
f 53//53 3095//3095 52//52
f 3094//3094 3093//3093 3096//3096
f 3096//3096 3093//3093 3097//3097
f 3096//3096 3097//3097 3098//3098
f 3098//3098 3097//3097 41//41
f 3098//3098 41//41 3099//3099
f 3099//3099 41//41 42//42
f 3097//3097 3100//3100 41//41
f 3101//3101 3102//3102 3097//3097
f 3097//3097 3102//3102 3100//3100
f 3103//3103 2286//2286 3102//3102
f 3102//3102 2286//2286 2249//2249
f 3102//3102 2249//2249 3100//3100
f 3100//3100 2249//2249 2258//2258
f 3100//3100 2258//2258 1167//1167
f 2249//2249 2261//2261 2258//2258
f 2258//2258 2261//2261 2260//2260
f 2258//2258 2260//2260 2259//2259
f 1167//1167 39//39 3100//3100
f 3100//3100 39//39 41//41
f 3102//3102 3104//3104 3103//3103
f 3102//3102 3101//3101 3104//3104
f 3104//3104 3101//3101 3105//3105
f 3104//3104 3105//3105 3106//3106
f 3107//3107 3108//3108 3101//3101
f 3101//3101 3108//3108 3109//3109
f 3101//3101 3109//3109 3105//3105
f 3110//3110 2723//2723 3107//3107
f 3107//3107 2723//2723 2734//2734
f 3107//3107 2734//2734 3108//3108
f 3108//3108 2734//2734 2735//2735
f 3108//3108 2735//2735 2739//2739
f 3110//3110 2725//2725 2723//2723
f 2262//2262 3111//3111 3112//3112
f 3112//3112 3111//3111 3113//3113
f 3112//3112 3113//3113 2263//2263
f 2263//2263 3113//3113 2283//2283
f 2263//2263 2262//2262 3112//3112
f 2262//2262 2279//2279 3111//3111
f 3111//3111 2279//2279 3114//3114
f 3114//3114 2279//2279 3115//3115
f 3115//3115 2279//2279 1169//1169
f 3115//3115 1169//1169 3116//3116
f 3116//3116 1169//1169 3117//3117
f 3117//3117 1169//1169 1168//1168
f 3117//3117 1168//1168 3118//3118
f 3118//3118 1168//1168 3119//3119
f 3119//3119 1168//1168 1167//1167
f 3119//3119 1167//1167 3120//3120
f 3120//3120 1167//1167 2258//2258
f 3120//3120 2258//2258 2257//2257
f 2279//2279 1162//1162 1169//1169
f 2660//2660 2317//2317 2661//2661
f 2661//2661 2317//2317 2663//2663
f 2663//2663 2317//2317 2664//2664
f 2664//2664 2317//2317 2403//2403
f 2664//2664 2403//2403 2665//2665
f 2665//2665 2403//2403 2425//2425
f 2310//2310 2327//2327 2653//2653
f 2653//2653 2327//2327 2655//2655
f 2655//2655 2327//2327 2713//2713
f 2655//2655 2713//2713 2657//2657
f 2657//2657 2713//2713 2712//2712
f 2657//2657 2712//2712 2658//2658
f 2658//2658 2712//2712 2711//2711
f 2658//2658 2711//2711 2660//2660
f 2660//2660 2711//2711 2317//2317
f 2682//2682 2390//2390 2652//2652
f 2652//2652 2390//2390 2310//2310
f 2652//2652 2310//2310 2653//2653
f 2407//2407 3121//3121 2406//2406
f 2406//2406 3121//3121 3122//3122
f 2406//2406 3122//3122 2405//2405
f 2405//2405 3122//3122 3123//3123
f 2405//2405 3123//3123 2404//2404
f 2404//2404 3123//3123 3124//3124
f 2404//2404 3124//3124 2401//2401
f 2401//2401 3124//3124 3125//3125
f 2401//2401 3125//3125 2399//2399
f 2399//2399 3125//3125 3126//3126
f 2399//2399 3126//3126 2398//2398
f 2398//2398 3126//3126 3127//3127
f 2398//2398 3127//3127 2396//2396
f 2396//2396 3127//3127 3128//3128
f 2396//2396 3128//3128 2395//2395
f 2395//2395 3128//3128 3129//3129
f 2395//2395 3129//3129 2393//2393
f 2393//2393 3129//3129 3130//3130
f 2393//2393 3130//3130 2389//2389
f 2389//2389 3130//3130 3131//3131
f 2389//2389 3131//3131 2408//2408
f 2408//2408 3131//3131 3132//3132
f 2408//2408 3132//3132 2407//2407
f 2407//2407 3132//3132 3121//3121
f 3133//3133 2331//2331 3134//3134
f 3134//3134 2331//2331 2329//2329
f 3134//3134 2329//2329 3135//3135
f 3135//3135 2329//2329 2328//2328
f 3135//3135 2328//2328 3136//3136
f 3136//3136 2328//2328 2387//2387
f 3136//3136 2387//2387 3137//3137
f 3137//3137 2387//2387 2386//2386
f 3137//3137 2386//2386 3138//3138
f 3138//3138 2386//2386 2384//2384
f 3138//3138 2384//2384 3139//3139
f 3139//3139 2384//2384 2382//2382
f 3139//3139 2382//2382 3140//3140
f 3140//3140 2382//2382 2381//2381
f 3140//3140 2381//2381 3141//3141
f 3141//3141 2381//2381 2379//2379
f 3141//3141 2379//2379 3142//3142
f 3142//3142 2379//2379 2377//2377
f 3142//3142 2377//2377 3143//3143
f 3143//3143 2377//2377 2375//2375
f 3143//3143 2375//2375 3144//3144
f 3144//3144 2375//2375 2367//2367
f 3144//3144 2367//2367 3145//3145
f 3145//3145 2367//2367 2364//2364
f 3145//3145 2364//2364 3146//3146
f 3146//3146 2364//2364 2361//2361
f 3146//3146 2361//2361 3147//3147
f 3147//3147 2361//2361 2358//2358
f 3147//3147 2358//2358 3148//3148
f 3148//3148 2358//2358 2355//2355
f 3148//3148 2355//2355 3149//3149
f 3149//3149 2355//2355 2353//2353
f 3149//3149 2353//2353 3150//3150
f 3150//3150 2353//2353 2352//2352
f 3150//3150 2352//2352 3151//3151
f 3151//3151 2352//2352 2350//2350
f 3151//3151 2350//2350 3152//3152
f 3152//3152 2350//2350 2348//2348
f 3152//3152 2348//2348 3153//3153
f 3153//3153 2348//2348 2347//2347
f 3153//3153 2347//2347 3154//3154
f 3154//3154 2347//2347 2345//2345
f 3154//3154 2345//2345 3155//3155
f 3155//3155 2345//2345 2343//2343
f 3155//3155 2343//2343 3156//3156
f 3156//3156 2343//2343 2341//2341
f 3156//3156 2341//2341 3157//3157
f 3157//3157 2341//2341 2340//2340
f 3157//3157 2340//2340 3158//3158
f 3158//3158 2340//2340 2338//2338
f 3158//3158 2338//2338 3159//3159
f 3159//3159 2338//2338 2336//2336
f 3159//3159 2336//2336 3160//3160
f 3160//3160 2336//2336 2335//2335
f 3160//3160 2335//2335 3161//3161
f 3161//3161 2335//2335 2333//2333
f 3161//3161 2333//2333 3133//3133
f 3133//3133 2333//2333 2331//2331
f 1973//1973 3162//3162 1974//1974
f 1974//1974 3162//3162 3163//3163
f 1974//1974 3163//3163 1115//1115
f 1115//1115 1112//1112 1974//1974
f 1974//1974 1112//1112 3164//3164
f 2505//2505 540//540 3165//3165
f 3165//3165 540//540 3166//3166
f 3166//3166 540//540 1135//1135
f 1135//1135 540//540 3082//3082
f 1135//1135 3082//3082 1137//1137
f 1140//1140 3067//3067 1077//1077
f 1077//1077 3067//3067 3167//3167
f 3167//3167 3168//3168 1077//1077
f 1077//1077 3168//3168 1075//1075
f 1075//1075 3168//3168 3169//3169
f 1075//1075 3169//3169 1080//1080
f 1080//1080 3169//3169 3170//3170
f 1080//1080 3170//3170 1081//1081
f 1081//1081 3170//3170 3171//3171
f 1081//1081 3171//3171 1082//1082
f 1082//1082 3171//3171 3172//3172
f 1082//1082 3172//3172 1084//1084
f 1084//1084 3172//3172 2765//2765
f 1084//1084 2765//2765 1085//1085
f 3104//3104 3106//3106 3103//3103
f 3103//3103 3106//3106 3173//3173
f 3173//3173 3106//3106 3105//3105
f 3173//3173 3105//3105 3174//3174
f 3174//3174 3105//3105 3109//3109
f 3174//3174 3109//3109 3175//3175
f 3175//3175 3109//3109 3108//3108
f 2287//2287 3164//3164 1110//1110
f 1110//1110 3164//3164 1112//1112
f 2714//2714 2765//2765 2715//2715
f 2715//2715 2765//2765 2729//2729
f 2729//2729 2765//2765 2731//2731
f 2731//2731 2765//2765 2736//2736
f 2736//2736 2765//2765 2737//2737
f 2737//2737 2765//2765 2738//2738
f 2738//2738 2765//2765 2739//2739
f 2739//2739 2765//2765 3108//3108
f 3108//3108 2765//2765 3172//3172
f 3108//3108 3172//3172 3171//3171
f 3170//3170 3148//3148 3171//3171
f 3171//3171 3148//3148 3149//3149
f 3171//3171 3149//3149 3108//3108
f 3108//3108 3149//3149 3175//3175
f 3175//3175 3149//3149 3174//3174
f 3174//3174 3149//3149 3150//3150
f 3174//3174 3150//3150 3173//3173
f 3173//3173 3150//3150 3164//3164
f 3173//3173 3164//3164 2287//2287
f 3148//3148 3170//3170 3147//3147
f 3147//3147 3170//3170 3169//3169
f 3147//3147 3169//3169 3146//3146
f 3146//3146 3169//3169 3168//3168
f 3146//3146 3168//3168 3167//3167
f 3067//3067 3143//3143 3167//3167
f 3167//3167 3143//3143 3144//3144
f 3167//3167 3144//3144 3145//3145
f 3066//3066 3141//3141 3067//3067
f 3067//3067 3141//3141 3142//3142
f 3067//3067 3142//3142 3143//3143
f 3066//3066 3081//3081 3141//3141
f 3141//3141 3081//3081 3140//3140
f 3140//3140 3081//3081 3080//3080
f 3140//3140 3080//3080 3139//3139
f 3139//3139 3080//3080 3079//3079
f 3139//3139 3079//3079 3138//3138
f 3138//3138 3079//3079 3078//3078
f 3138//3138 3078//3078 3137//3137
f 3137//3137 3078//3078 3077//3077
f 3137//3137 3077//3077 3136//3136
f 3136//3136 3077//3077 3076//3076
f 3136//3136 3076//3076 3135//3135
f 3135//3135 3076//3076 3075//3075
f 3135//3135 3075//3075 3134//3134
f 3134//3134 3075//3075 3133//3133
f 3133//3133 3075//3075 3074//3074
f 3133//3133 3074//3074 3161//3161
f 3161//3161 3074//3074 3073//3073
f 3161//3161 3073//3073 3160//3160
f 3160//3160 3073//3073 3072//3072
f 3160//3160 3072//3072 3159//3159
f 3159//3159 3072//3072 3071//3071
f 3159//3159 3071//3071 3158//3158
f 3158//3158 3071//3071 3070//3070
f 3158//3158 3070//3070 3157//3157
f 3157//3157 3070//3070 3069//3069
f 3157//3157 3069//3069 3156//3156
f 3156//3156 3069//3069 3068//3068
f 3156//3156 3068//3068 3082//3082
f 3156//3156 3082//3082 3155//3155
f 3155//3155 3082//3082 540//540
f 3155//3155 540//540 3154//3154
f 3154//3154 540//540 3153//3153
f 3153//3153 540//540 539//539
f 3153//3153 539//539 3152//3152
f 3152//3152 539//539 538//538
f 3152//3152 538//538 2595//2595
f 3152//3152 2595//2595 3151//3151
f 3151//3151 2595//2595 1974//1974
f 3151//3151 1974//1974 3164//3164
f 2286//2286 3103//3103 2287//2287
f 2287//2287 3103//3103 3173//3173
f 3145//3145 3146//3146 3167//3167
f 3150//3150 3151//3151 3164//3164
f 2274//2274 2272//2272 2298//2298
f 2298//2298 2272//2272 2271//2271
f 2298//2298 2271//2271 2299//2299
f 2299//2299 2271//2271 2270//2270
f 2299//2299 2270//2270 2292//2292
f 2292//2292 2270//2270 2284//2284
f 2292//2292 2284//2284 2290//2290
f 2290//2290 2284//2284 2282//2282
f 2290//2290 2282//2282 2288//2288
f 2288//2288 2282//2282 1119//1119
f 2288//2288 1119//1119 1118//1118
f 2298//2298 2296//2296 2274//2274
f 2274//2274 2296//2296 2275//2275
f 2275//2275 2296//2296 2294//2294
f 2275//2275 2294//2294 2276//2276
f 3176//3176 3177//3177 3122//3122
f 3122//3122 3177//3177 3178//3178
f 3122//3122 3178//3178 3123//3123
f 3123//3123 3178//3178 3179//3179
f 3123//3123 3179//3179 3124//3124
f 3124//3124 3179//3179 3180//3180
f 3124//3124 3180//3180 3125//3125
f 3125//3125 3180//3180 3181//3181
f 3125//3125 3181//3181 3126//3126
f 3126//3126 3181//3181 3182//3182
f 3126//3126 3182//3182 3127//3127
f 3127//3127 3182//3182 3183//3183
f 3127//3127 3183//3183 3128//3128
f 3128//3128 3183//3183 3184//3184
f 3128//3128 3184//3184 3129//3129
f 3129//3129 3184//3184 3185//3185
f 3129//3129 3185//3185 3130//3130
f 3130//3130 3185//3185 3186//3186
f 3130//3130 3186//3186 3131//3131
f 3131//3131 3186//3186 3187//3187
f 3131//3131 3187//3187 3132//3132
f 3132//3132 3187//3187 3188//3188
f 3132//3132 3188//3188 3121//3121
f 3121//3121 3188//3188 3176//3176
f 3121//3121 3176//3176 3122//3122
f 3176//3176 3113//3113 3177//3177
f 3177//3177 3113//3113 3111//3111
f 3177//3177 3111//3111 3114//3114
f 3113//3113 3176//3176 2283//2283
f 2283//2283 3176//3176 3188//3188
f 2283//2283 3188//3188 2281//2281
f 2281//2281 3188//3188 2285//2285
f 2285//2285 3188//3188 3187//3187
f 2285//2285 3187//3187 2250//2250
f 2250//2250 3187//3187 2252//2252
f 2252//2252 3187//3187 3186//3186
f 2252//2252 3186//3186 2254//2254
f 2254//2254 3186//3186 3185//3185
f 2254//2254 3185//3185 2256//2256
f 2256//2256 3185//3185 2257//2257
f 2257//2257 3185//3185 3184//3184
f 2257//2257 3184//3184 3120//3120
f 3120//3120 3184//3184 3183//3183
f 3120//3120 3183//3183 3119//3119
f 3119//3119 3183//3183 3182//3182
f 3119//3119 3182//3182 3118//3118
f 3118//3118 3182//3182 3181//3181
f 3118//3118 3181//3181 3117//3117
f 3117//3117 3181//3181 3180//3180
f 3117//3117 3180//3180 3116//3116
f 3116//3116 3180//3180 3179//3179
f 3116//3116 3179//3179 3115//3115
f 3115//3115 3179//3179 3178//3178
f 3115//3115 3178//3178 3114//3114
f 3114//3114 3178//3178 3177//3177
f 3189//3189 3190//3190 3191//3191
f 3191//3191 3190//3190 3192//3192
f 3191//3191 3192//3192 3193//3193
f 3193//3193 3192//3192 3194//3194
f 3193//3193 3194//3194 3195//3195
f 3195//3195 3194//3194 3196//3196
f 3195//3195 3196//3196 3197//3197
f 3197//3197 3196//3196 3198//3198
f 3197//3197 3198//3198 2505//2505
f 2505//2505 3198//3198 2506//2506
f 1973//1973 1971//1971 3199//3199
f 3199//3199 1971//1971 1970//1970
f 3199//3199 1970//1970 1961//1961
f 1961//1961 3200//3200 3199//3199
f 3199//3199 3200//3200 3201//3201
f 3199//3199 3201//3201 3202//3202
f 3202//3202 3201//3201 3203//3203
f 3202//3202 3203//3203 3204//3204
f 3204//3204 3203//3203 3205//3205
f 3204//3204 3205//3205 3206//3206
f 3206//3206 3205//3205 3190//3190
f 3206//3206 3190//3190 3189//3189
f 2649//2649 2650//2650 2691//2691
f 2691//2691 2650//2650 3207//3207
f 2691//2691 3207//3207 2689//2689
f 2689//2689 3207//3207 3208//3208
f 2689//2689 3208//3208 2688//2688
f 2688//2688 3208//3208 3209//3209
f 2688//2688 3209//3209 2686//2686
f 2686//2686 3209//3209 3210//3210
f 2686//2686 3210//3210 2684//2684
f 2684//2684 3210//3210 3211//3211
f 3211//3211 3210//3210 3212//3212
f 3211//3211 3212//3212 3213//3213
f 3213//3213 3212//3212 3192//3192
f 3192//3192 3212//3212 3194//3194
f 3194//3194 3212//3212 3214//3214
f 3194//3194 3214//3214 3196//3196
f 3196//3196 3214//3214 3215//3215
f 3196//3196 3215//3215 3198//3198
f 3198//3198 3215//3215 3216//3216
f 3198//3198 3216//3216 2506//2506
f 2506//2506 3216//3216 2651//2651
f 2651//2651 3216//3216 3207//3207
f 2651//2651 3207//3207 2650//2650
f 3208//3208 3207//3207 3216//3216
f 3209//3209 3208//3208 3215//3215
f 3215//3215 3208//3208 3216//3216
f 3210//3210 3209//3209 3214//3214
f 3214//3214 3209//3209 3215//3215
f 3212//3212 3210//3210 3214//3214
f 2683//2683 2684//2684 3217//3217
f 3217//3217 2684//2684 3211//3211
f 3217//3217 3211//3211 3218//3218
f 3218//3218 3211//3211 3213//3213
f 3218//3218 3213//3213 3190//3190
f 3190//3190 3213//3213 3192//3192
f 2694//2694 2683//2683 3219//3219
f 3219//3219 2683//2683 3217//3217
f 3219//3219 3217//3217 3220//3220
f 3220//3220 3217//3217 3221//3221
f 3220//3220 3221//3221 3222//3222
f 3222//3222 3221//3221 3223//3223
f 3222//3222 3223//3223 3224//3224
f 3224//3224 3223//3223 3225//3225
f 3224//3224 3225//3225 3226//3226
f 3226//3226 3225//3225 3201//3201
f 3226//3226 3201//3201 3200//3200
f 3217//3217 3218//3218 3221//3221
f 3221//3221 3218//3218 3227//3227
f 3221//3221 3227//3227 3223//3223
f 3223//3223 3227//3227 3228//3228
f 3223//3223 3228//3228 3225//3225
f 3225//3225 3228//3228 3203//3203
f 3225//3225 3203//3203 3201//3201
f 3227//3227 3218//3218 3229//3229
f 3229//3229 3218//3218 3190//3190
f 3229//3229 3190//3190 3205//3205
f 3229//3229 3205//3205 3228//3228
f 3228//3228 3205//3205 3203//3203
f 1961//1961 2815//2815 3200//3200
f 3200//3200 2815//2815 3230//3230
f 3200//3200 3230//3230 3226//3226
f 3226//3226 3230//3230 3231//3231
f 3226//3226 3231//3231 3224//3224
f 3224//3224 3231//3231 3232//3232
f 3224//3224 3232//3232 3222//3222
f 3222//3222 3232//3232 3233//3233
f 3222//3222 3233//3233 3220//3220
f 3220//3220 3233//3233 3219//3219
f 3230//3230 2815//2815 3234//3234
f 3234//3234 2815//2815 2814//2814
f 3234//3234 2814//2814 3235//3235
f 3235//3235 2814//2814 3236//3236
f 3235//3235 3236//3236 3237//3237
f 3237//3237 3236//3236 3238//3238
f 3237//3237 3238//3238 3239//3239
f 3239//3239 3238//3238 2696//2696
f 3239//3239 2696//2696 2695//2695
f 2814//2814 2813//2813 3236//3236
f 3236//3236 2813//2813 3240//3240
f 3236//3236 3240//3240 3238//3238
f 3238//3238 3240//3240 2697//2697
f 3238//3238 2697//2697 2696//2696
f 2813//2813 2699//2699 3240//3240
f 3240//3240 2699//2699 2698//2698
f 3240//3240 2698//2698 2697//2697
f 3239//3239 2695//2695 3241//3241
f 3241//3241 2695//2695 2694//2694
f 3241//3241 2694//2694 3219//3219
f 3219//3219 3233//3233 3241//3241
f 3241//3241 3233//3233 3242//3242
f 3241//3241 3242//3242 3239//3239
f 3239//3239 3242//3242 3237//3237
f 3233//3233 3232//3232 3242//3242
f 3242//3242 3232//3232 3243//3243
f 3242//3242 3243//3243 3237//3237
f 3237//3237 3243//3243 3235//3235
f 3229//3229 3228//3228 3227//3227
f 3230//3230 3234//3234 3231//3231
f 3231//3231 3234//3234 3243//3243
f 3231//3231 3243//3243 3232//3232
f 3235//3235 3243//3243 3234//3234
f 1115//1115 3163//3163 1114//1114
f 1114//1114 3163//3163 3244//3244
f 1114//1114 3244//3244 1113//1113
f 1113//1113 3244//3244 3245//3245
f 1113//1113 3245//3245 1111//1111
f 1111//1111 3245//3245 3246//3246
f 1111//1111 3246//3246 1109//1109
f 1109//1109 3246//3246 3247//3247
f 1109//1109 3247//3247 1107//1107
f 1107//1107 3247//3247 3248//3248
f 1107//1107 3248//3248 1106//1106
f 1106//1106 3248//3248 3249//3249
f 3249//3249 3248//3248 3250//3250
f 3249//3249 3250//3250 3251//3251
f 3251//3251 3250//3250 3252//3252
f 3251//3251 3252//3252 3189//3189
f 3189//3189 3252//3252 3206//3206
f 3206//3206 3252//3252 3253//3253
f 3206//3206 3253//3253 3204//3204
f 3204//3204 3253//3253 3254//3254
f 3204//3204 3254//3254 3255//3255
f 3255//3255 3254//3254 3256//3256
f 3255//3255 3256//3256 3257//3257
f 3257//3257 3256//3256 3244//3244
f 3257//3257 3244//3244 3163//3163
f 3163//3163 3162//3162 3257//3257
f 3257//3257 3162//3162 3258//3258
f 3257//3257 3258//3258 3255//3255
f 3255//3255 3258//3258 3202//3202
f 3255//3255 3202//3202 3204//3204
f 3162//3162 1973//1973 3258//3258
f 3258//3258 1973//1973 3199//3199
f 3258//3258 3199//3199 3202//3202
f 3244//3244 3256//3256 3245//3245
f 3245//3245 3256//3256 3259//3259
f 3245//3245 3259//3259 3246//3246
f 3246//3246 3259//3259 3260//3260
f 3246//3246 3260//3260 3247//3247
f 3247//3247 3260//3260 3250//3250
f 3247//3247 3250//3250 3248//3248
f 3256//3256 3254//3254 3259//3259
f 3259//3259 3254//3254 3253//3253
f 3259//3259 3253//3253 3260//3260
f 3260//3260 3253//3253 3252//3252
f 3260//3260 3252//3252 3250//3250
f 1105//1105 1106//1106 3261//3261
f 3261//3261 1106//1106 3249//3249
f 3261//3261 3249//3249 3262//3262
f 3262//3262 3249//3249 3251//3251
f 3262//3262 3251//3251 3191//3191
f 3191//3191 3251//3251 3189//3189
f 1105//1105 3261//3261 1128//1128
f 1128//1128 3261//3261 3263//3263
f 1128//1128 3263//3263 1130//1130
f 1130//1130 3263//3263 3264//3264
f 1130//1130 3264//3264 1131//1131
f 1131//1131 3264//3264 3265//3265
f 1131//1131 3265//3265 1133//1133
f 1133//1133 3265//3265 3266//3266
f 1133//1133 3266//3266 1135//1135
f 1135//1135 3266//3266 3166//3166
f 3166//3166 3266//3266 3267//3267
f 3166//3166 3267//3267 3165//3165
f 3165//3165 3267//3267 2505//2505
f 2505//2505 3267//3267 3197//3197
f 3197//3197 3267//3267 3268//3268
f 3197//3197 3268//3268 3195//3195
f 3195//3195 3268//3268 3269//3269
f 3195//3195 3269//3269 3193//3193
f 3193//3193 3269//3269 3270//3270
f 3193//3193 3270//3270 3191//3191
f 3191//3191 3270//3270 3262//3262
f 3262//3262 3270//3270 3263//3263
f 3262//3262 3263//3263 3261//3261
f 3264//3264 3263//3263 3270//3270
f 3265//3265 3264//3264 3269//3269
f 3269//3269 3264//3264 3270//3270
f 3266//3266 3265//3265 3268//3268
f 3268//3268 3265//3265 3269//3269
f 3267//3267 3266//3266 3268//3268
f 1156//1156 909//909 1157//1157
f 1157//1157 909//909 894//894
f 1142//1142 3271//3271 1144//1144
f 1144//1144 3271//3271 3272//3272
f 1144//1144 3272//3272 3273//3273
f 1159//1159 3274//3274 1142//1142
f 1142//1142 3274//3274 3275//3275
f 1142//1142 3275//3275 3276//3276
f 3277//3277 3278//3278 1159//1159
f 1159//1159 3278//3278 3279//3279
f 1159//1159 3279//3279 3280//3280
f 1144//1144 3281//3281 3277//3277
f 3277//3277 3281//3281 3282//3282
f 3277//3277 3282//3282 3283//3283
f 3276//3276 3271//3271 1142//1142
f 3273//3273 3281//3281 1144//1144
f 3283//3283 3278//3278 3277//3277
f 3280//3280 3274//3274 1159//1159
f 3277//3277 1159//1159 1811//1811
f 1811//1811 1159//1159 1825//1825
f 1825//1825 1159//1159 1171//1171
f 1825//1825 1171//1171 1826//1826
f 1826//1826 1171//1171 1827//1827
f 1827//1827 1171//1171 1829//1829
f 1811//1811 1764//1764 3277//3277
f 3277//3277 1764//1764 1144//1144
f 1144//1144 1764//1764 1145//1145
f 1752//1752 1750//1750 742//742
f 742//742 1750//1750 1748//1748
f 742//742 1748//1748 740//740
f 740//740 1748//1748 1747//1747
f 740//740 1747//1747 1742//1742
f 1742//1742 1741//1741 740//740
f 740//740 1741//1741 1736//1736
f 740//740 1736//1736 1735//1735
f 1734//1734 2211//2211 1735//1735
f 1735//1735 2211//2211 2212//2212
f 1735//1735 2212//2212 740//740
f 2211//2211 1734//1734 2209//2209
f 2209//2209 1734//1734 1729//1729
f 2209//2209 1729//1729 2208//2208
f 2208//2208 1729//1729 2206//2206
f 2206//2206 1729//1729 1723//1723
f 2206//2206 1723//1723 2205//2205
f 2205//2205 1723//1723 1683//1683
f 2205//2205 1683//1683 2203//2203
f 2203//2203 1683//1683 1682//1682
f 2203//2203 1682//1682 2202//2202
f 2202//2202 1682//1682 2200//2200
f 2200//2200 1682//1682 1722//1722
f 2200//2200 1722//1722 2199//2199
f 2199//2199 1722//1722 1721//1721
f 2199//2199 1721//1721 2197//2197
f 2197//2197 1721//1721 1716//1716
f 2197//2197 1716//1716 2196//2196
f 2196//2196 1716//1716 2194//2194
f 2194//2194 1716//1716 1715//1715
f 2194//2194 1715//1715 2193//2193
f 2193//2193 1715//1715 1714//1714
f 2193//2193 1714//1714 2191//2191
f 2191//2191 1714//1714 605//605
f 605//605 1714//1714 1712//1712
f 605//605 1712//1712 1711//1711
f 605//605 1711//1711 2596//2596
f 2596//2596 1711//1711 1702//1702
f 2596//2596 1702//1702 1703//1703
f 1703//1703 1705//1705 2596//2596
f 2596//2596 1705//1705 1707//1707
f 2596//2596 1707//1707 2599//2599
f 2599//2599 1707//1707 1709//1709
f 78//78 227//227 79//79
f 79//79 227//227 1660//1660
f 1660//1660 227//227 1661//1661
f 1661//1661 227//227 228//228
f 1661//1661 228//228 1662//1662
f 1662//1662 228//228 230//230
f 1662//1662 230//230 1654//1654
f 1654//1654 230//230 2243//2243
f 1654//1654 2243//2243 2242//2242
f 230//230 232//232 2243//2243
f 2242//2242 2240//2240 1654//1654
f 1654//1654 2240//2240 1656//1656
f 1656//1656 2240//2240 2239//2239
f 1656//1656 2239//2239 2237//2237
f 2237//2237 2236//2236 1656//1656
f 1656//1656 2236//2236 1658//1658
f 1658//1658 2236//2236 2230//2230
f 1658//1658 2230//2230 2220//2220
f 1658//1658 2220//2220 1659//1659
f 1659//1659 2220//2220 2219//2219
f 1659//1659 2219//2219 2229//2229
f 1659//1659 2229//2229 1664//1664
f 1664//1664 2229//2229 2228//2228
f 1664//1664 2228//2228 2227//2227
f 1664//1664 2227//2227 1666//1666
f 1666//1666 2227//2227 2225//2225
f 1666//1666 2225//2225 2224//2224
f 2224//2224 2223//2223 1666//1666
f 1666//1666 2223//2223 1670//1670
f 1670//1670 2223//2223 507//507
f 1670//1670 507//507 1671//1671
f 1671//1671 507//507 2437//2437
f 1671//1671 2437//2437 1672//1672
f 1672//1672 2437//2437 1684//1684
f 1684//1684 2437//2437 2435//2435
f 1684//1684 2435//2435 1688//1688
f 1688//1688 2435//2435 2488//2488
f 1688//1688 2488//2488 1690//1690
f 1690//1690 2488//2488 2492//2492
f 1690//1690 2492//2492 1691//1691
f 2620//2620 2621//2621 3284//3284
f 3284//3284 2621//2621 2622//2622
f 3284//3284 2622//2622 3285//3285
f 3285//3285 2622//2622 2623//2623
f 3285//3285 2623//2623 3286//3286
f 3286//3286 2623//2623 2624//2624
f 3286//3286 2624//2624 3287//3287
f 3287//3287 2624//2624 2625//2625
f 3287//3287 2625//2625 3288//3288
f 3288//3288 2625//2625 2647//2647
f 3288//3288 2647//2647 2646//2646
f 3288//3288 2646//2646 3289//3289
f 3289//3289 2646//2646 2645//2645
f 3289//3289 2645//2645 3290//3290
f 3290//3290 2645//2645 2644//2644
f 3290//3290 2644//2644 3291//3291
f 3291//3291 2644//2644 2643//2643
f 3291//3291 2643//2643 2642//2642
f 3291//3291 2642//2642 3292//3292
f 3292//3292 2642//2642 2641//2641
f 3292//3292 2641//2641 3293//3293
f 3293//3293 2641//2641 2640//2640
f 3293//3293 2640//2640 3294//3294
f 3294//3294 2640//2640 2639//2639
f 3294//3294 2639//2639 3295//3295
f 3295//3295 2639//2639 2638//2638
f 3295//3295 2638//2638 2637//2637
f 3295//3295 2637//2637 3296//3296
f 3296//3296 2637//2637 2636//2636
f 3296//3296 2636//2636 3297//3297
f 3297//3297 2636//2636 2635//2635
f 3297//3297 2635//2635 3298//3298
f 3298//3298 2635//2635 2634//2634
f 3298//3298 2634//2634 3299//3299
f 3299//3299 2634//2634 2633//2633
f 3299//3299 2633//2633 2632//2632
f 3299//3299 2632//2632 3300//3300
f 3300//3300 2632//2632 2631//2631
f 3300//3300 2631//2631 3301//3301
f 3301//3301 2631//2631 2630//2630
f 3301//3301 2630//2630 3302//3302
f 3302//3302 2630//2630 2629//2629
f 3302//3302 2629//2629 2628//2628
f 3302//3302 2628//2628 3303//3303
f 3303//3303 2628//2628 2627//2627
f 3303//3303 2627//2627 3304//3304
f 3304//3304 2627//2627 2626//2626
f 3304//3304 2626//2626 3305//3305
f 3305//3305 2626//2626 2620//2620
f 3305//3305 2620//2620 3284//3284
f 3306//3306 3307//3307 3308//3308
f 3308//3308 3307//3307 3309//3309
f 3308//3308 3309//3309 3310//3310
f 3310//3310 3309//3309 3311//3311
f 3310//3310 3311//3311 3312//3312
f 3312//3312 3311//3311 3313//3313
f 3312//3312 3313//3313 3314//3314
f 3314//3314 3313//3313 3315//3315
f 3314//3314 3315//3315 3316//3316
f 3316//3316 3315//3315 3317//3317
f 3316//3316 3317//3317 3318//3318
f 3318//3318 3317//3317 3319//3319
f 3307//3307 3306//3306 3320//3320
f 3320//3320 3306//3306 3321//3321
f 3320//3320 3321//3321 3322//3322
f 3322//3322 3321//3321 3323//3323
f 3322//3322 3323//3323 3324//3324
f 3324//3324 3323//3323 3325//3325
f 3324//3324 3325//3325 3326//3326
f 3326//3326 3325//3325 3327//3327
f 3296//3296 3306//3306 3295//3295
f 3295//3295 3306//3306 3308//3308
f 3295//3295 3308//3308 3294//3294
f 3294//3294 3308//3308 3310//3310
f 3294//3294 3310//3310 3293//3293
f 3293//3293 3310//3310 3312//3312
f 3293//3293 3312//3312 3292//3292
f 3292//3292 3312//3312 3314//3314
f 3292//3292 3314//3314 3291//3291
f 3291//3291 3314//3314 3316//3316
f 3291//3291 3316//3316 3290//3290
f 3290//3290 3316//3316 3318//3318
f 3290//3290 3318//3318 3289//3289
f 3289//3289 3318//3318 3319//3319
f 3289//3289 3319//3319 3288//3288
f 3288//3288 3319//3319 3317//3317
f 3288//3288 3317//3317 3287//3287
f 3287//3287 3317//3317 3315//3315
f 3287//3287 3315//3315 3286//3286
f 3286//3286 3315//3315 3313//3313
f 3286//3286 3313//3313 3285//3285
f 3285//3285 3313//3313 3311//3311
f 3285//3285 3311//3311 3284//3284
f 3284//3284 3311//3311 3309//3309
f 3284//3284 3309//3309 3305//3305
f 3305//3305 3309//3309 3307//3307
f 3305//3305 3307//3307 3304//3304
f 3304//3304 3307//3307 3320//3320
f 3304//3304 3320//3320 3303//3303
f 3303//3303 3320//3320 3322//3322
f 3303//3303 3322//3322 3302//3302
f 3302//3302 3322//3322 3324//3324
f 3302//3302 3324//3324 3301//3301
f 3301//3301 3324//3324 3326//3326
f 3301//3301 3326//3326 3300//3300
f 3300//3300 3326//3326 3327//3327
f 3300//3300 3327//3327 3299//3299
f 3299//3299 3327//3327 3325//3325
f 3299//3299 3325//3325 3298//3298
f 3298//3298 3325//3325 3323//3323
f 3298//3298 3323//3323 3297//3297
f 3297//3297 3323//3323 3321//3321
f 3297//3297 3321//3321 3296//3296
f 3296//3296 3321//3321 3306//3306
f 1172//1172 1937//1937 1171//1171
f 1171//1171 1937//1937 1942//1942
f 1171//1171 1942//1942 1830//1830
f 1830//1830 1942//1942 1949//1949
f 1830//1830 1949//1949 1835//1835
f 1830//1830 1829//1829 1171//1171
f 2147//2147 2148//2148 2170//2170
f 2170//2170 2148//2148 2149//2149
f 2170//2170 2149//2149 2169//2169
f 2169//2169 2149//2149 2150//2150
f 2169//2169 2150//2150 2190//2190
f 2190//2190 2150//2150 2151//2151
f 2190//2190 2151//2151 2189//2189
f 2189//2189 2151//2151 2152//2152
f 2189//2189 2152//2152 2188//2188
f 2188//2188 2152//2152 2153//2153
f 2188//2188 2153//2153 2154//2154
f 2188//2188 2154//2154 2187//2187
f 2187//2187 2154//2154 2155//2155
f 2187//2187 2155//2155 2186//2186
f 2186//2186 2155//2155 2156//2156
f 2186//2186 2156//2156 2185//2185
f 2185//2185 2156//2156 2157//2157
f 2185//2185 2157//2157 2158//2158
f 2185//2185 2158//2158 2184//2184
f 2184//2184 2158//2158 2159//2159
f 2184//2184 2159//2159 2183//2183
f 2183//2183 2159//2159 2160//2160
f 2183//2183 2160//2160 2182//2182
f 2182//2182 2160//2160 2161//2161
f 2182//2182 2161//2161 2181//2181
f 2181//2181 2161//2161 2162//2162
f 2181//2181 2162//2162 2163//2163
f 2181//2181 2163//2163 2180//2180
f 2180//2180 2163//2163 2164//2164
f 2180//2180 2164//2164 2179//2179
f 2179//2179 2164//2164 2145//2145
f 2179//2179 2145//2145 2178//2178
f 2178//2178 2145//2145 2144//2144
f 2178//2178 2144//2144 2177//2177
f 2177//2177 2144//2144 2143//2143
f 2177//2177 2143//2143 2142//2142
f 2177//2177 2142//2142 2176//2176
f 2176//2176 2142//2142 2141//2141
f 2176//2176 2141//2141 2175//2175
f 2175//2175 2141//2141 2140//2140
f 2175//2175 2140//2140 2174//2174
f 2174//2174 2140//2140 2139//2139
f 2174//2174 2139//2139 2138//2138
f 2174//2174 2138//2138 2173//2173
f 2173//2173 2138//2138 2137//2137
f 2173//2173 2137//2137 2172//2172
f 2172//2172 2137//2137 2146//2146
f 2172//2172 2146//2146 2171//2171
f 2171//2171 2146//2146 2147//2147
f 2171//2171 2147//2147 2170//2170
f 3328//3328 188//188 3329//3329
f 3329//3329 188//188 189//189
f 3329//3329 189//189 3330//3330
f 3330//3330 189//189 1386//1386
f 3330//3330 1386//1386 1388//1388
f 3331//3331 186//186 3328//3328
f 3328//3328 186//186 187//187
f 3328//3328 187//187 188//188
f 186//186 3331//3331 190//190
f 190//190 3331//3331 3332//3332
f 190//190 3332//3332 191//191
f 191//191 3332//3332 192//192
f 192//192 3332//3332 3333//3333
f 192//192 3333//3333 162//162
f 162//162 3333//3333 3334//3334
f 162//162 3334//3334 161//161
f 161//161 3334//3334 1222//1222
f 1222//1222 3334//3334 3335//3335
f 1222//1222 3335//3335 1223//1223
f 1223//1223 3335//3335 1224//1224
f 1224//1224 3335//3335 3336//3336
f 1224//1224 3336//3336 1231//1231
f 1231//1231 3336//3336 3337//3337
f 1231//1231 3337//3337 1241//1241
f 1241//1241 3337//3337 3338//3338
f 1241//1241 3338//3338 1255//1255
f 1255//1255 3338//3338 1259//1259
f 1259//1259 3338//3338 3339//3339
f 1259//1259 3339//3339 1261//1261
f 1261//1261 3339//3339 3340//3340
f 1261//1261 3340//3340 1348//1348
f 1348//1348 3340//3340 1349//1349
f 1349//1349 3340//3340 3341//3341
f 1349//1349 3341//3341 3342//3342
f 3342//3342 3341//3341 3343//3343
f 3343//3343 3341//3341 3344//3344
f 3343//3343 3344//3344 3345//3345
f 3345//3345 3344//3344 3346//3346
f 3345//3345 3346//3346 3347//3347
f 3347//3347 3346//3346 3348//3348
f 3347//3347 3348//3348 3349//3349
f 3349//3349 3348//3348 3350//3350
f 3349//3349 3350//3350 3351//3351
f 3351//3351 3350//3350 3352//3352
f 3351//3351 3352//3352 3353//3353
f 3353//3353 3352//3352 3354//3354
f 3353//3353 3354//3354 3355//3355
f 3355//3355 3354//3354 3356//3356
f 3355//3355 3356//3356 3357//3357
f 3357//3357 3356//3356 3358//3358
f 3357//3357 3358//3358 3359//3359
f 3359//3359 3358//3358 3360//3360
f 3359//3359 3360//3360 3361//3361
f 3361//3361 3360//3360 3362//3362
f 3361//3361 3362//3362 3363//3363
f 3363//3363 3362//3362 3364//3364
f 3363//3363 3364//3364 3365//3365
f 3365//3365 3364//3364 3366//3366
f 3365//3365 3366//3366 3367//3367
f 3367//3367 3366//3366 3368//3368
f 3367//3367 3368//3368 3369//3369
f 3369//3369 3368//3368 3370//3370
f 3369//3369 3370//3370 3371//3371
f 3371//3371 3370//3370 3330//3330
f 3371//3371 3330//3330 306//306
f 306//306 3330//3330 1414//1414
f 1414//1414 3330//3330 1388//1388
f 3371//3371 306//306 3372//3372
f 3372//3372 306//306 283//283
f 3372//3372 283//283 3373//3373
f 3373//3373 283//283 282//282
f 3373//3373 282//282 3374//3374
f 3374//3374 282//282 305//305
f 3374//3374 305//305 303//303
f 3374//3374 303//303 3375//3375
f 3375//3375 303//303 301//301
f 3375//3375 301//301 3376//3376
f 3376//3376 301//301 297//297
f 3376//3376 297//297 296//296
f 3376//3376 296//296 3377//3377
f 3377//3377 296//296 295//295
f 3377//3377 295//295 3378//3378
f 3378//3378 295//295 1579//1579
f 3378//3378 1579//1579 3379//3379
f 3379//3379 1579//1579 1578//1578
f 3379//3379 1578//1578 1559//1559
f 3379//3379 1559//1559 3380//3380
f 3380//3380 1559//1559 1557//1557
f 3380//3380 1557//1557 3381//3381
f 3381//3381 1557//1557 1555//1555
f 3381//3381 1555//1555 3382//3382
f 3382//3382 1555//1555 1577//1577
f 3382//3382 1577//1577 1575//1575
f 3382//3382 1575//1575 3383//3383
f 3383//3383 1575//1575 1349//1349
f 3383//3383 1349//1349 3342//3342
f 3328//3328 3329//3329 3384//3384
f 3384//3384 3329//3329 3330//3330
f 3384//3384 3330//3330 3385//3385
f 3385//3385 3330//3330 3370//3370
f 3385//3385 3370//3370 3386//3386
f 3386//3386 3370//3370 3368//3368
f 3386//3386 3368//3368 3387//3387
f 3387//3387 3368//3368 3366//3366
f 3387//3387 3366//3366 3388//3388
f 3388//3388 3366//3366 3364//3364
f 3388//3388 3364//3364 3389//3389
f 3389//3389 3364//3364 3362//3362
f 3389//3389 3362//3362 3360//3360
f 3389//3389 3360//3360 3390//3390
f 3390//3390 3360//3360 3358//3358
f 3390//3390 3358//3358 3391//3391
f 3391//3391 3358//3358 3356//3356
f 3391//3391 3356//3356 3392//3392
f 3392//3392 3356//3356 3354//3354
f 3392//3392 3354//3354 3393//3393
f 3393//3393 3354//3354 3352//3352
f 3393//3393 3352//3352 3350//3350
f 3393//3393 3350//3350 3394//3394
f 3394//3394 3350//3350 3348//3348
f 3394//3394 3348//3348 3395//3395
f 3395//3395 3348//3348 3346//3346
f 3395//3395 3346//3346 3396//3396
f 3396//3396 3346//3346 3344//3344
f 3396//3396 3344//3344 3397//3397
f 3397//3397 3344//3344 3341//3341
f 3397//3397 3341//3341 3398//3398
f 3398//3398 3341//3341 3340//3340
f 3398//3398 3340//3340 3339//3339
f 3398//3398 3339//3339 3399//3399
f 3399//3399 3339//3339 3338//3338
f 3399//3399 3338//3338 3400//3400
f 3400//3400 3338//3338 3337//3337
f 3400//3400 3337//3337 3401//3401
f 3401//3401 3337//3337 3336//3336
f 3401//3401 3336//3336 3402//3402
f 3402//3402 3336//3336 3335//3335
f 3402//3402 3335//3335 3334//3334
f 3402//3402 3334//3334 3403//3403
f 3403//3403 3334//3334 3333//3333
f 3403//3403 3333//3333 3404//3404
f 3404//3404 3333//3333 3332//3332
f 3404//3404 3332//3332 3405//3405
f 3405//3405 3332//3332 3331//3331
f 3405//3405 3331//3331 3406//3406
f 3406//3406 3331//3331 3328//3328
f 3406//3406 3328//3328 3384//3384
f 3373//3373 1035//1035 3372//3372
f 3372//3372 1035//1035 1037//1037
f 3372//3372 1037//1037 3371//3371
f 3371//3371 1037//1037 3369//3369
f 3369//3369 1037//1037 1039//1039
f 3369//3369 1039//1039 3367//3367
f 3367//3367 1039//1039 1041//1041
f 3367//3367 1041//1041 3365//3365
f 3365//3365 1041//1041 1043//1043
f 3365//3365 1043//1043 3363//3363
f 3363//3363 1043//1043 3361//3361
f 3361//3361 1043//1043 1045//1045
f 3361//3361 1045//1045 3359//3359
f 3359//3359 1045//1045 1047//1047
f 3359//3359 1047//1047 3357//3357
f 3357//3357 1047//1047 3355//3355
f 3355//3355 1047//1047 1049//1049
f 3355//3355 1049//1049 3353//3353
f 3353//3353 1049//1049 1051//1051
f 3353//3353 1051//1051 3351//3351
f 3351//3351 1051//1051 1053//1053
f 3351//3351 1053//1053 3349//3349
f 3349//3349 1053//1053 3347//3347
f 3347//3347 1053//1053 1055//1055
f 3347//3347 1055//1055 3345//3345
f 3345//3345 1055//1055 1057//1057
f 3345//3345 1057//1057 3343//3343
f 3343//3343 1057//1057 3342//3342
f 3342//3342 1057//1057 1059//1059
f 3342//3342 1059//1059 3383//3383
f 3383//3383 1059//1059 1061//1061
f 3383//3383 1061//1061 3382//3382
f 3382//3382 1061//1061 1063//1063
f 3382//3382 1063//1063 3381//3381
f 3381//3381 1063//1063 3380//3380
f 3380//3380 1063//1063 1065//1065
f 3380//3380 1065//1065 3379//3379
f 3379//3379 1065//1065 1067//1067
f 3379//3379 1067//1067 3378//3378
f 3378//3378 1067//1067 3377//3377
f 3377//3377 1067//1067 1069//1069
f 3377//3377 1069//1069 3376//3376
f 3376//3376 1069//1069 1071//1071
f 3376//3376 1071//1071 3375//3375
f 3375//3375 1071//1071 1073//1073
f 3375//3375 1073//1073 3374//3374
f 3374//3374 1073//1073 3373//3373
f 3373//3373 1073//1073 1035//1035
f 3407//3407 1038//1038 3408//3408
f 3408//3408 1038//1038 1036//1036
f 3408//3408 1036//1036 3409//3409
f 3409//3409 1036//1036 1074//1074
f 3409//3409 1074//1074 3410//3410
f 3410//3410 1074//1074 1072//1072
f 3410//3410 1072//1072 3411//3411
f 3411//3411 1072//1072 1070//1070
f 3411//3411 1070//1070 3412//3412
f 3412//3412 1070//1070 1068//1068
f 3412//3412 1068//1068 3413//3413
f 3413//3413 1068//1068 3414//3414
f 3414//3414 1068//1068 1066//1066
f 3414//3414 1066//1066 3415//3415
f 3415//3415 1066//1066 1064//1064
f 3415//3415 1064//1064 3416//3416
f 3416//3416 1064//1064 1062//1062
f 3416//3416 1062//1062 3417//3417
f 3417//3417 1062//1062 1060//1060
f 3417//3417 1060//1060 3418//3418
f 3418//3418 1060//1060 1058//1058
f 3418//3418 1058//1058 3419//3419
f 3419//3419 1058//1058 1056//1056
f 3419//3419 1056//1056 3420//3420
f 3420//3420 1056//1056 1054//1054
f 3420//3420 1054//1054 3421//3421
f 3421//3421 1054//1054 3422//3422
f 3422//3422 1054//1054 1052//1052
f 3422//3422 1052//1052 3423//3423
f 3423//3423 1052//1052 1050//1050
f 3423//3423 1050//1050 3424//3424
f 3424//3424 1050//1050 1048//1048
f 3424//3424 1048//1048 3425//3425
f 3425//3425 1048//1048 1046//1046
f 3425//3425 1046//1046 3426//3426
f 3426//3426 1046//1046 1044//1044
f 3426//3426 1044//1044 3427//3427
f 3427//3427 1044//1044 1042//1042
f 3427//3427 1042//1042 3428//3428
f 3428//3428 1042//1042 1040//1040
f 3428//3428 1040//1040 3429//3429
f 3429//3429 1040//1040 3407//3407
f 3407//3407 1040//1040 1038//1038
f 3409//3409 3406//3406 3408//3408
f 3408//3408 3406//3406 3384//3384
f 3408//3408 3384//3384 3407//3407
f 3407//3407 3384//3384 3385//3385
f 3407//3407 3385//3385 3429//3429
f 3429//3429 3385//3385 3386//3386
f 3429//3429 3386//3386 3428//3428
f 3428//3428 3386//3386 3387//3387
f 3428//3428 3387//3387 3427//3427
f 3427//3427 3387//3387 3388//3388
f 3427//3427 3388//3388 3426//3426
f 3426//3426 3388//3388 3389//3389
f 3426//3426 3389//3389 3425//3425
f 3425//3425 3389//3389 3390//3390
f 3425//3425 3390//3390 3424//3424
f 3424//3424 3390//3390 3391//3391
f 3424//3424 3391//3391 3423//3423
f 3423//3423 3391//3391 3392//3392
f 3423//3423 3392//3392 3422//3422
f 3422//3422 3392//3392 3393//3393
f 3422//3422 3393//3393 3421//3421
f 3421//3421 3393//3393 3394//3394
f 3421//3421 3394//3394 3420//3420
f 3420//3420 3394//3394 3395//3395
f 3420//3420 3395//3395 3419//3419
f 3419//3419 3395//3395 3396//3396
f 3419//3419 3396//3396 3418//3418
f 3418//3418 3396//3396 3397//3397
f 3418//3418 3397//3397 3417//3417
f 3417//3417 3397//3397 3398//3398
f 3417//3417 3398//3398 3416//3416
f 3416//3416 3398//3398 3399//3399
f 3416//3416 3399//3399 3415//3415
f 3415//3415 3399//3399 3400//3400
f 3415//3415 3400//3400 3414//3414
f 3414//3414 3400//3400 3401//3401
f 3414//3414 3401//3401 3413//3413
f 3413//3413 3401//3401 3402//3402
f 3413//3413 3402//3402 3412//3412
f 3412//3412 3402//3402 3403//3403
f 3412//3412 3403//3403 3411//3411
f 3411//3411 3403//3403 3404//3404
f 3411//3411 3404//3404 3410//3410
f 3410//3410 3404//3404 3405//3405
f 3410//3410 3405//3405 3409//3409
f 3409//3409 3405//3405 3406//3406
f 2279//2279 2280//2280 1162//1162
f 1162//1162 2280//2280 1160//1160
f 1969//1969 1968//1968 1170//1170
f 1170//1170 1968//1968 1966//1966
f 1170//1170 1966//1966 1962//1962
f 1962//1962 1952//1952 1170//1170
f 1170//1170 1952//1952 1173//1173
f 1173//1173 1952//1952 1172//1172
f 3280//3280 3430//3430 3274//3274
f 3274//3274 3430//3430 3431//3431
f 3274//3274 3431//3431 3275//3275
f 3275//3275 3431//3431 3432//3432
f 3275//3275 3432//3432 3276//3276
f 3276//3276 3432//3432 3433//3433
f 3276//3276 3433//3433 3271//3271
f 3271//3271 3433//3433 3434//3434
f 3271//3271 3434//3434 3272//3272
f 3272//3272 3434//3434 3435//3435
f 3272//3272 3435//3435 3273//3273
f 3273//3273 3435//3435 3436//3436
f 3273//3273 3436//3436 3281//3281
f 3281//3281 3436//3436 3437//3437
f 3281//3281 3437//3437 3282//3282
f 3282//3282 3437//3437 3438//3438
f 3282//3282 3438//3438 3283//3283
f 3283//3283 3438//3438 3439//3439
f 3283//3283 3439//3439 3278//3278
f 3278//3278 3439//3439 3440//3440
f 3278//3278 3440//3440 3279//3279
f 3279//3279 3440//3440 3441//3441
f 3279//3279 3441//3441 3280//3280
f 3280//3280 3441//3441 3430//3430
f 3430//3430 3438//3438 3431//3431
f 3431//3431 3438//3438 3437//3437
f 3431//3431 3437//3437 3432//3432
f 3432//3432 3437//3437 3436//3436
f 3432//3432 3436//3436 3433//3433
f 3433//3433 3436//3436 3435//3435
f 3433//3433 3435//3435 3434//3434
f 3438//3438 3430//3430 3439//3439
f 3439//3439 3430//3430 3441//3441
f 3439//3439 3441//3441 3440//3440
f 935//935 926//926 977//977
f 977//977 926//926 928//928
f 977//977 928//928 930//930
f 930//930 932//932 977//977
f 977//977 2968//2968 935//935
f 935//935 2968//2968 940//940
f 940//940 2968//2968 938//938
f 938//938 2968//2968 936//936
f 1174//1174 3442//3442 2935//2935
f 2935//2935 3442//3442 2744//2744
f 2935//2935 2744//2744 2942//2942
f 2942//2942 2744//2744 2943//2943
f 2943//2943 2744//2744 2945//2945
f 2945//2945 2744//2744 2947//2947
f 2947//2947 2744//2744 2949//2949
f 2949//2949 2744//2744 2950//2950
f 2950//2950 2744//2744 2951//2951
f 2951//2951 2744//2744 2746//2746
f 3443//3443 3444//3444 978//978
f 978//978 3444//3444 3445//3445
f 978//978 3445//3445 3446//3446
f 3447//3447 3448//3448 3443//3443
f 3443//3443 3448//3448 3449//3449
f 3443//3443 3449//3449 3444//3444
f 3447//3447 3450//3450 3448//3448
f 3448//3448 3450//3450 1174//1174
f 3448//3448 1174//1174 3451//3451
f 3451//3451 1174//1174 3452//3452
f 3452//3452 1174//1174 1163//1163
f 3452//3452 1163//1163 3453//3453
f 3453//3453 1163//1163 3454//3454
f 3454//3454 1163//1163 3455//3455
f 3455//3455 1163//1163 982//982
f 3455//3455 982//982 3456//3456
f 3456//3456 982//982 3457//3457
f 3457//3457 982//982 3446//3446
f 3446//3446 982//982 978//978
f 3450//3450 3458//3458 1174//1174
f 1174//1174 3458//3458 3442//3442
f 979//979 2749//2749 978//978
f 978//978 2749//2749 3443//3443
f 943//943 950//950 3459//3459
f 3459//3459 950//950 957//957
f 3459//3459 957//957 967//967
f 967//967 957//957 955//955
f 967//967 955//955 953//953
f 967//967 1161//1161 3459//3459
f 3459//3459 3028//3028 943//943
f 943//943 3028//3028 945//945
f 945//945 3028//3028 1148//1148
f 945//945 1148//1148 947//947
f 947//947 1148//1148 949//949
f 3028//3028 1146//1146 1148//1148
f 963//963 3460//3460 1161//1161
f 1161//1161 3460//3460 3461//3461
f 1161//1161 3461//3461 3462//3462
f 959//959 3463//3463 963//963
f 963//963 3463//3463 3464//3464
f 963//963 3464//3464 3465//3465
f 3459//3459 3466//3466 959//959
f 959//959 3466//3466 3467//3467
f 959//959 3467//3467 3468//3468
f 1161//1161 3469//3469 3459//3459
f 3459//3459 3469//3469 3470//3470
f 3459//3459 3470//3470 3471//3471
f 3471//3471 3466//3466 3459//3459
f 3468//3468 3463//3463 959//959
f 3465//3465 3460//3460 963//963
f 3462//3462 3469//3469 1161//1161
f 3459//3459 959//959 3028//3028
f 3028//3028 959//959 960//960
f 2982//2982 2981//2981 3472//3472
f 3472//3472 2981//2981 3473//3473
f 3473//3473 2981//2981 2983//2983
f 3473//3473 2983//2983 3474//3474
f 3474//3474 2983//2983 853//853
f 3474//3474 853//853 854//854
f 853//853 2983//2983 852//852
f 852//852 2983//2983 965//965
f 852//852 965//965 850//850
f 857//857 968//968 858//858
f 858//858 968//968 1166//1166
f 858//858 1166//1166 861//861
f 861//861 1166//1166 1165//1165
f 861//861 1165//1165 863//863
f 863//863 1165//1165 1164//1164
f 863//863 1164//1164 865//865
f 865//865 1164//1164 1143//1143
f 1153//1153 855//855 1158//1158
f 1158//1158 855//855 915//915
f 1158//1158 915//915 1154//1154
f 1154//1154 915//915 913//913
f 1154//1154 913//913 1155//1155
f 1155//1155 913//913 911//911
f 1155//1155 911//911 1156//1156
f 1156//1156 911//911 909//909
f 3462//3462 3030//3030 3469//3469
f 3469//3469 3030//3030 3029//3029
f 3469//3469 3029//3029 3470//3470
f 3470//3470 3029//3029 3034//3034
f 3470//3470 3034//3034 3471//3471
f 3471//3471 3034//3034 3033//3033
f 3471//3471 3033//3033 3466//3466
f 3466//3466 3033//3033 3032//3032
f 3466//3466 3032//3032 3467//3467
f 3467//3467 3032//3032 3037//3037
f 3467//3467 3037//3037 3468//3468
f 3468//3468 3037//3037 3036//3036
f 3468//3468 3036//3036 3463//3463
f 3463//3463 3036//3036 3035//3035
f 3463//3463 3035//3035 3464//3464
f 3464//3464 3035//3035 3040//3040
f 3464//3464 3040//3040 3465//3465
f 3465//3465 3040//3040 3039//3039
f 3465//3465 3039//3039 3460//3460
f 3460//3460 3039//3039 3038//3038
f 3460//3460 3038//3038 3461//3461
f 3461//3461 3038//3038 3031//3031
f 3461//3461 3031//3031 3462//3462
f 3462//3462 3031//3031 3030//3030
f 3453//3453 2799//2799 3452//3452
f 3452//3452 2799//2799 2798//2798
f 3452//3452 2798//2798 3451//3451
f 3451//3451 2798//2798 2748//2748
f 3451//3451 2748//2748 3448//3448
f 3448//3448 2748//2748 2747//2747
f 3448//3448 2747//2747 3449//3449
f 3449//3449 2747//2747 2745//2745
f 3449//3449 2745//2745 3444//3444
f 3444//3444 2745//2745 2753//2753
f 3444//3444 2753//2753 3445//3445
f 3445//3445 2753//2753 2754//2754
f 3445//3445 2754//2754 3446//3446
f 3446//3446 2754//2754 2755//2755
f 3446//3446 2755//2755 3457//3457
f 3457//3457 2755//2755 2756//2756
f 3457//3457 2756//2756 3456//3456
f 3456//3456 2756//2756 2757//2757
f 3456//3456 2757//2757 3455//3455
f 3455//3455 2757//2757 2758//2758
f 3455//3455 2758//2758 3454//3454
f 3454//3454 2758//2758 2759//2759
f 3454//3454 2759//2759 3453//3453
f 3453//3453 2759//2759 2799//2799
f 1086//1086 2764//2764 1087//1087
f 1087//1087 2764//2764 2426//2426
f 2426//2426 2764//2764 2763//2763
f 2426//2426 2763//2763 2419//2419
f 2419//2419 2763//2763 2420//2420
f 3443//3443 2749//2749 3447//3447
f 3447//3447 2749//2749 2752//2752
f 3447//3447 2752//2752 2751//2751
f 3447//3447 2751//2751 3450//3450
f 3450//3450 2751//2751 2750//2750
f 3450//3450 2750//2750 3458//3458
f 3458//3458 2750//2750 3442//3442
f 3442//3442 2750//2750 2744//2744
f 914//914 2359//2359 912//912
f 912//912 2359//2359 2360//2360
f 912//912 2360//2360 910//910
f 910//910 2360//2360 2362//2362
f 910//910 2362//2362 908//908
f 908//908 2362//2362 2363//2363
f 908//908 2363//2363 892//892
f 892//892 2363//2363 2365//2365
f 892//892 2365//2365 891//891
f 891//891 2365//2365 2366//2366
f 891//891 2366//2366 925//925
f 925//925 2366//2366 2368//2368
f 925//925 2368//2368 923//923
f 923//923 2368//2368 2370//2370
f 923//923 2370//2370 922//922
f 922//922 2370//2370 2372//2372
f 922//922 2372//2372 920//920
f 920//920 2372//2372 2373//2373
f 920//920 2373//2373 917//917
f 917//917 2373//2373 2356//2356
f 917//917 2356//2356 916//916
f 916//916 2356//2356 2357//2357
f 916//916 2357//2357 914//914
f 914//914 2357//2357 2359//2359
f 2931//2931 14//14 3475//3475
f 3475//3475 14//14 3476//3476
f 3476//3476 14//14 3477//3477
f 3476//3476 3477//3477 3478//3478
f 3093//3093 3479//3479 3097//3097
f 3097//3097 3479//3479 3480//3480
f 3097//3097 3480//3480 3481//3481
f 3481//3481 3480//3480 3482//3482
f 3483//3483 3484//3484 3485//3485
f 3485//3485 3484//3484 3486//3486
f 3485//3485 3486//3486 3487//3487
f 3487//3487 3486//3486 3488//3488
f 3487//3487 3488//3488 3489//3489
f 3489//3489 3488//3488 3490//3490
f 3489//3489 3490//3490 3491//3491
f 3491//3491 3490//3490 3492//3492
f 3491//3491 3492//3492 3493//3493
f 3493//3493 3492//3492 3494//3494
f 3493//3493 3494//3494 3495//3495
f 3495//3495 3494//3494 3496//3496
f 3495//3495 3496//3496 3497//3497
f 3497//3497 3496//3496 3498//3498
f 3497//3497 3498//3498 3499//3499
f 3499//3499 3498//3498 3500//3500
f 3499//3499 3500//3500 3501//3501
f 3501//3501 3500//3500 3502//3502
f 3501//3501 3502//3502 3503//3503
f 3503//3503 3502//3502 3504//3504
f 3503//3503 3504//3504 3505//3505
f 3505//3505 3504//3504 3506//3506
f 3505//3505 3506//3506 3483//3483
f 3483//3483 3506//3506 3484//3484
f 61//61 2931//2931 3507//3507
f 3507//3507 2931//2931 3475//3475
f 3507//3507 3475//3475 3476//3476
f 3476//3476 3478//3478 3507//3507
f 3507//3507 3478//3478 3508//3508
f 3508//3508 3478//3478 3005//3005
f 3005//3005 3478//3478 3006//3006
f 3006//3006 3478//3478 56//56
f 3006//3006 56//56 3007//3007
f 3007//3007 56//56 57//57
f 3007//3007 57//57 59//59
f 59//59 61//61 3007//3007
f 3007//3007 61//61 3509//3509
f 3007//3007 3509//3509 3510//3510
f 3509//3509 61//61 3507//3507
f 3511//3511 3011//3011 3512//3512
f 3512//3512 3011//3011 3010//3010
f 3512//3512 3010//3010 3513//3513
f 3513//3513 3010//3010 3009//3009
f 3513//3513 3009//3009 3514//3514
f 3514//3514 3009//3009 3008//3008
f 3514//3514 3008//3008 3510//3510
f 3510//3510 3008//3008 3007//3007
f 3515//3515 2995//2995 3516//3516
f 3516//3516 2995//2995 2992//2992
f 3516//3516 2992//2992 2990//2990
f 2991//2991 3517//3517 2990//2990
f 2990//2990 3517//3517 3518//3518
f 2990//2990 3518//3518 3516//3516
f 3519//3519 3520//3520 17//17
f 17//17 3520//3520 2843//2843
f 17//17 2843//2843 2819//2819
f 2819//2819 2843//2843 2847//2847
f 2819//2819 2847//2847 2849//2849
f 3521//3521 3522//3522 3519//3519
f 3519//3519 3522//3522 3523//3523
f 3519//3519 3523//3523 3524//3524
f 3524//3524 3523//3523 3525//3525
f 3524//3524 3525//3525 3526//3526
f 3526//3526 3525//3525 3527//3527
f 3526//3526 3527//3527 3528//3528
f 3528//3528 3527//3527 3529//3529
f 3528//3528 3529//3529 3530//3530
f 3530//3530 3529//3529 3531//3531
f 3530//3530 3531//3531 3532//3532
f 3521//3521 3533//3533 3522//3522
f 3522//3522 3533//3533 3534//3534
f 3522//3522 3534//3534 3535//3535
f 3535//3535 3534//3534 3536//3536
f 3535//3535 3536//3536 3537//3537
f 3537//3537 3536//3536 3538//3538
f 3538//3538 3536//3536 3539//3539
f 3539//3539 3536//3536 3540//3540
f 3539//3539 3540//3540 3541//3541
f 3541//3541 3540//3540 3542//3542
f 3530//3530 3532//3532 3541//3541
f 3541//3541 3532//3532 3543//3543
f 3541//3541 3543//3543 3539//3539
f 3524//3524 3520//3520 3519//3519
f 2843//2843 2838//2838 2847//2847
f 2847//2847 2838//2838 2839//2839
f 2847//2847 2839//2839 2840//2840
f 2849//2849 2851//2851 2819//2819
f 2819//2819 18//18 17//17
f 3511//3511 3544//3544 3545//3545
f 3545//3545 3544//3544 3546//3546
f 3545//3545 3546//3546 3547//3547
f 3547//3547 3546//3546 3548//3548
f 3548//3548 3546//3546 3549//3549
f 3549//3549 3546//3546 3550//3550
f 3549//3549 3550//3550 3551//3551
f 3551//3551 3550//3550 3552//3552
f 3552//3552 3550//3550 3553//3553
f 3552//3552 3553//3553 3554//3554
f 3546//3546 3555//3555 3550//3550
f 3550//3550 3555//3555 3556//3556
f 3556//3556 3555//3555 3557//3557
f 3556//3556 3557//3557 3558//3558
f 3559//3559 3560//3560 3555//3555
f 3555//3555 3560//3560 3561//3561
f 3555//3555 3561//3561 3562//3562
f 3559//3559 3563//3563 3560//3560
f 3560//3560 3563//3563 3564//3564
f 3564//3564 3563//3563 3565//3565
f 3565//3565 3563//3563 3566//3566
f 3566//3566 3563//3563 3567//3567
f 3567//3567 3563//3563 74//74
f 3567//3567 74//74 3568//3568
f 3563//3563 3020//3020 74//74
f 74//74 3020//3020 75//75
f 75//75 3020//3020 2905//2905
f 2905//2905 3020//3020 2904//2904
f 2904//2904 3020//3020 2903//2903
f 2903//2903 3020//3020 2902//2902
f 2902//2902 3020//3020 2773//2773
f 2773//2773 3020//3020 2774//2774
f 2774//2774 3020//3020 2916//2916
f 3569//3569 3570//3570 3568//3568
f 3568//3568 3570//3570 3571//3571
f 3568//3568 3571//3571 3567//3567
f 3570//3570 3569//3569 3572//3572
f 3572//3572 3569//3569 3573//3573
f 3572//3572 3573//3573 3574//3574
f 3574//3574 3556//3556 3572//3572
f 3572//3572 3556//3556 3558//3558
f 3554//3554 3575//3575 3552//3552
f 3552//3552 3575//3575 3576//3576
f 3576//3576 3575//3575 3577//3577
f 3576//3576 3577//3577 3578//3578
f 3578//3578 3577//3577 3579//3579
f 3579//3579 3577//3577 19//19
f 3579//3579 19//19 3511//3511
f 3511//3511 19//19 3011//3011
f 3011//3011 19//19 20//20
f 3011//3011 20//20 2816//2816
f 2816//2816 2863//2863 3011//3011
f 3011//3011 2863//2863 2864//2864
f 3011//3011 2864//2864 2865//2865
f 2865//2865 2793//2793 3011//3011
f 3011//3011 2793//2793 2792//2792
f 3011//3011 2792//2792 2906//2906
f 3545//3545 3580//3580 3511//3511
f 3511//3511 3580//3580 3581//3581
f 3511//3511 3581//3581 3582//3582
f 3582//3582 3579//3579 3511//3511
f 3562//3562 3557//3557 3555//3555
f 2761//2761 3583//3583 2762//2762
f 2762//2762 3583//3583 3584//3584
f 2762//2762 3584//3584 2800//2800
f 2800//2800 3584//3584 3585//3585
f 2800//2800 3585//3585 2801//2801
f 2801//2801 3585//3585 3586//3586
f 2801//2801 3586//3586 2802//2802
f 2802//2802 3586//3586 3587//3587
f 2802//2802 3587//3587 2787//2787
f 2787//2787 3587//3587 3588//3588
f 2787//2787 3588//3588 2785//2785
f 2785//2785 3588//3588 3589//3589
f 2785//2785 3589//3589 3005//3005
f 3005//3005 3589//3589 3508//3508
f 3508//3508 3589//3589 3590//3590
f 3508//3508 3590//3590 3591//3591
f 3583//3583 2761//2761 2975//2975
f 2975//2975 2761//2761 2805//2805
f 2975//2975 2805//2805 2998//2998
f 2998//2998 2805//2805 2807//2807
f 2998//2998 2807//2807 3001//3001
f 3001//3001 2807//2807 2809//2809
f 3001//3001 2809//2809 3003//3003
f 3003//3003 2809//2809 2782//2782
f 3003//3003 2782//2782 3004//3004
f 3004//3004 2782//2782 2784//2784
f 3004//3004 2784//2784 3005//3005
f 3005//3005 2784//2784 2785//2785
f 2995//2995 3515//3515 2993//2993
f 2993//2993 3515//3515 3592//3592
f 2993//2993 3592//3592 3593//3593
f 3593//3593 3592//3592 2994//2994
f 3593//3593 2994//2994 2993//2993
f 3592//3592 3515//3515 3594//3594
f 3594//3594 3515//3515 3595//3595
f 3594//3594 3595//3595 3591//3591
f 3591//3591 3595//3595 3596//3596
f 3591//3591 3596//3596 3508//3508
f 2975//2975 2978//2978 3583//3583
f 3583//3583 2978//2978 3597//3597
f 3583//3583 3597//3597 3598//3598
f 3597//3597 2978//2978 3599//3599
f 3599//3599 2978//2978 2979//2979
f 3599//3599 2979//2979 3597//3597
f 3597//3597 2979//2979 3600//3600
f 3600//3600 2979//2979 3601//3601
f 3600//3600 3601//3601 2994//2994
f 2994//2994 3601//3601 2996//2996
f 2996//2996 3601//3601 2979//2979
f 3602//3602 3585//3585 3603//3603
f 3603//3603 3585//3585 3584//3584
f 3603//3603 3584//3584 3598//3598
f 3598//3598 3584//3584 3583//3583
f 3585//3585 3602//3602 3586//3586
f 3586//3586 3602//3602 3604//3604
f 3586//3586 3604//3604 3587//3587
f 3587//3587 3604//3604 3605//3605
f 3587//3587 3605//3605 3588//3588
f 3588//3588 3605//3605 3606//3606
f 3588//3588 3606//3606 3589//3589
f 3589//3589 3606//3606 3590//3590
f 3592//3592 3600//3600 2994//2994
f 3607//3607 13//13 3608//3608
f 3608//3608 13//13 2937//2937
f 3608//3608 2937//2937 3609//3609
f 3609//3609 2937//2937 3610//3610
f 3610//3610 2937//2937 2940//2940
f 3610//3610 2940//2940 3611//3611
f 3611//3611 2940//2940 3612//3612
f 3612//3612 2940//2940 2836//2836
f 3612//3612 2836//2836 2843//2843
f 3520//3520 3613//3613 2843//2843
f 2843//2843 3613//3613 3612//3612
f 3614//3614 3519//3519 3615//3615
f 3615//3615 3519//3519 17//17
f 3615//3615 17//17 19//19
f 3615//3615 19//19 3616//3616
f 3616//3616 19//19 3577//3577
f 3616//3616 3577//3577 3617//3617
f 3618//3618 2822//2822 54//54
f 54//54 2822//2822 3619//3619
f 54//54 3619//3619 55//55
f 55//55 3619//3619 58//58
f 58//58 3619//3619 60//60
f 60//60 3619//3619 3620//3620
f 60//60 3620//3620 3621//3621
f 3621//3621 3620//3620 3622//3622
f 3622//3622 3620//3620 3623//3623
f 3622//3622 3623//3623 3624//3624
f 3624//3624 3623//3623 3625//3625
f 3624//3624 3625//3625 3626//3626
f 3626//3626 3625//3625 3627//3627
f 3626//3626 3627//3627 3628//3628
f 3628//3628 3627//3627 3629//3629
f 3628//3628 3629//3629 3630//3630
f 3630//3630 3629//3629 3631//3631
f 3630//3630 3631//3631 3632//3632
f 3632//3632 3631//3631 3633//3633
f 3632//3632 3633//3633 3634//3634
f 3634//3634 3633//3633 3635//3635
f 3634//3634 3635//3635 3636//3636
f 3636//3636 3635//3635 3637//3637
f 3636//3636 3637//3637 37//37
f 37//37 3637//3637 3638//3638
f 37//37 3638//3638 36//36
f 36//36 3638//3638 35//35
f 35//35 3638//3638 33//33
f 33//33 3638//3638 2832//2832
f 33//33 2832//2832 3639//3639
f 3639//3639 2832//2832 2833//2833
f 3639//3639 2833//2833 3640//3640
f 3640//3640 2833//2833 3618//3618
f 3640//3640 3618//3618 3641//3641
f 3641//3641 3639//3639 3640//3640
f 3636//3636 37//37 3642//3642
f 3642//3642 37//37 2934//2934
f 3642//3642 2934//2934 3643//3643
f 3643//3643 2934//2934 2933//2933
f 3643//3643 2933//2933 2932//2932
f 2932//2932 2930//2930 3643//3643
f 3643//3643 2930//2930 2929//2929
f 3643//3643 2929//2929 3644//3644
f 3644//3644 2929//2929 60//60
f 3644//3644 60//60 3621//3621
f 2831//2831 3637//3637 2830//2830
f 2830//2830 3637//3637 3635//3635
f 2830//2830 3635//3635 2829//2829
f 2829//2829 3635//3635 3633//3633
f 2829//2829 3633//3633 2828//2828
f 2828//2828 3633//3633 3631//3631
f 2828//2828 3631//3631 2827//2827
f 2827//2827 3631//3631 3629//3629
f 2827//2827 3629//3629 2826//2826
f 2826//2826 3629//3629 3627//3627
f 2826//2826 3627//3627 2825//2825
f 2825//2825 3627//3627 3625//3625
f 2825//2825 3625//3625 2824//2824
f 2824//2824 3625//3625 3623//3623
f 2824//2824 3623//3623 2823//2823
f 2823//2823 3623//3623 3620//3620
f 2823//2823 3620//3620 2822//2822
f 2822//2822 3620//3620 3619//3619
f 3637//3637 2831//2831 3638//3638
f 3638//3638 2831//2831 2832//2832
f 2833//2833 2822//2822 3618//3618
f 3563//3563 3645//3645 3020//3020
f 3020//3020 3645//3645 3019//3019
f 3019//3019 3645//3645 3646//3646
f 3019//3019 3646//3646 3018//3018
f 3018//3018 3646//3646 3647//3647
f 3018//3018 3647//3647 3017//3017
f 3017//3017 3647//3647 3648//3648
f 3017//3017 3648//3648 3016//3016
f 3016//3016 3648//3648 3649//3649
f 3016//3016 3649//3649 53//53
f 53//53 3649//3649 3650//3650
f 53//53 3650//3650 3093//3093
f 3093//3093 3650//3650 3479//3479
f 3479//3479 3650//3650 3480//3480
f 3480//3480 3650//3650 3482//3482
f 3482//3482 3650//3650 3651//3651
f 3482//3482 3651//3651 3014//3014
f 3014//3014 3015//3015 3482//3482
f 3482//3482 3015//3015 47//47
f 47//47 3015//3015 3016//3016
f 47//47 3016//3016 49//49
f 49//49 3016//3016 51//51
f 51//51 3016//3016 53//53
f 3652//3652 76//76 3092//3092
f 3092//3092 76//76 3087//3087
f 3092//3092 3087//3087 3084//3084
f 3084//3084 3087//3087 3085//3085
f 3085//3085 3087//3087 3086//3086
f 76//76 3652//3652 3653//3653
f 3653//3653 3652//3652 3654//3654
f 3653//3653 3654//3654 3655//3655
f 3655//3655 3654//3654 3656//3656
f 3656//3656 3654//3654 3657//3657
f 3656//3656 3657//3657 3658//3658
f 3658//3658 3657//3657 3659//3659
f 3658//3658 3659//3659 3660//3660
f 3660//3660 3659//3659 3661//3661
f 3660//3660 3661//3661 3662//3662
f 3662//3662 3661//3661 3663//3663
f 3663//3663 3661//3661 3664//3664
f 3663//3663 3664//3664 3665//3665
f 3665//3665 3664//3664 3666//3666
f 3666//3666 3664//3664 3667//3667
f 3666//3666 3667//3667 3668//3668
f 3664//3664 3669//3669 3667//3667
f 3670//3670 3671//3671 3668//3668
f 3668//3668 3671//3671 3672//3672
f 3668//3668 3672//3672 3673//3673
f 3671//3671 3670//3670 3674//3674
f 3674//3674 3670//3670 3675//3675
f 3674//3674 3675//3675 3676//3676
f 3676//3676 3653//3653 3674//3674
f 3674//3674 3653//3653 3655//3655
f 76//76 77//77 3087//3087
f 3083//3083 3090//3090 3084//3084
f 3084//3084 3090//3090 3091//3091
f 3084//3084 3091//3091 3092//3092
f 3673//3673 3666//3666 3668//3668
f 2811//2811 851//851 2803//2803
f 2803//2803 851//851 2997//2997
f 2803//2803 2997//2997 2804//2804
f 2804//2804 2997//2997 3000//3000
f 2804//2804 3000//3000 2806//2806
f 2806//2806 3000//3000 2999//2999
f 2806//2806 2999//2999 2808//2808
f 2808//2808 2999//2999 3002//3002
f 2808//2808 3002//3002 2810//2810
f 2810//2810 3002//3002 3012//3012
f 2810//2810 3012//3012 2780//2780
f 2780//2780 3012//3012 3013//3013
f 2780//2780 3013//3013 2779//2779
f 2779//2779 3013//3013 3014//3014
f 2779//2779 3014//3014 2777//2777
f 2777//2777 3014//3014 3677//3677
f 2777//2777 3677//3677 2770//2770
f 2770//2770 3677//3677 3678//3678
f 2770//2770 3678//3678 2771//2771
f 2771//2771 3678//3678 3679//3679
f 2771//2771 3679//3679 2812//2812
f 2812//2812 3679//3679 3680//3680
f 2812//2812 3680//3680 2811//2811
f 2811//2811 3680//3680 3681//3681
f 2811//2811 3681//3681 851//851
f 851//851 3681//3681 854//854
f 854//854 3681//3681 3682//3682
f 854//854 3682//3682 3683//3683
f 3014//3014 3651//3651 3677//3677
f 3677//3677 3651//3651 3684//3684
f 3677//3677 3684//3684 3678//3678
f 3678//3678 3684//3684 3685//3685
f 3678//3678 3685//3685 3679//3679
f 3679//3679 3685//3685 3686//3686
f 3679//3679 3686//3686 3680//3680
f 3680//3680 3686//3686 3687//3687
f 3680//3680 3687//3687 3681//3681
f 3681//3681 3687//3687 3682//3682
f 3684//3684 3651//3651 3688//3688
f 3688//3688 3651//3651 3689//3689
f 3688//3688 3689//3689 3690//3690
f 3688//3688 3690//3690 3691//3691
f 3691//3691 3690//3690 3517//3517
f 3691//3691 3517//3517 2989//2989
f 2989//2989 3517//3517 2991//2991
f 2987//2987 3692//3692 2989//2989
f 2989//2989 3692//3692 3693//3693
f 2989//2989 3693//3693 3691//3691
f 2985//2985 3694//3694 2987//2987
f 2987//2987 3694//3694 3695//3695
f 2987//2987 3695//3695 3693//3693
f 3694//3694 2985//2985 3695//3695
f 3695//3695 2985//2985 2984//2984
f 3695//3695 2984//2984 3696//3696
f 3696//3696 2984//2984 3697//3697
f 3696//3696 3697//3697 3698//3698
f 3698//3698 3697//3697 3472//3472
f 3698//3698 3472//3472 3699//3699
f 3699//3699 3472//3472 3473//3473
f 3699//3699 3473//3473 3698//3698
f 3698//3698 3473//3473 3683//3683
f 3683//3683 3473//3473 3700//3700
f 3683//3683 3700//3700 854//854
f 854//854 3700//3700 3474//3474
f 3474//3474 3700//3700 3473//3473
f 2984//2984 2982//2982 3697//3697
f 3697//3697 2982//2982 3472//3472
f 3693//3693 3692//3692 2987//2987
f 3652//3652 3092//3092 3701//3701
f 3701//3701 3092//3092 3702//3702
f 3702//3702 3092//3092 2725//2725
f 3702//3702 2725//2725 3110//3110
f 3110//3110 3703//3703 3702//3702
f 3704//3704 3568//3568 3705//3705
f 3705//3705 3568//3568 74//74
f 3705//3705 74//74 76//76
f 3705//3705 76//76 3706//3706
f 3706//3706 76//76 3653//3653
f 3706//3706 3653//3653 3707//3707
f 3708//3708 2923//2923 45//45
f 45//45 2923//2923 3709//3709
f 45//45 3709//3709 44//44
f 44//44 3709//3709 43//43
f 43//43 3709//3709 42//42
f 42//42 3709//3709 3710//3710
f 42//42 3710//3710 3711//3711
f 3711//3711 3710//3710 3712//3712
f 3712//3712 3710//3710 3713//3713
f 3712//3712 3713//3713 3714//3714
f 3714//3714 3713//3713 3715//3715
f 3714//3714 3715//3715 3716//3716
f 3716//3716 3715//3715 3717//3717
f 3716//3716 3717//3717 3718//3718
f 3718//3718 3717//3717 3719//3719
f 3718//3718 3719//3719 3720//3720
f 3720//3720 3719//3719 3721//3721
f 3720//3720 3721//3721 3722//3722
f 3722//3722 3721//3721 3723//3723
f 3722//3722 3723//3723 3724//3724
f 3724//3724 3723//3723 3725//3725
f 3724//3724 3725//3725 3726//3726
f 3726//3726 3725//3725 3727//3727
f 3726//3726 3727//3727 52//52
f 52//52 3727//3727 3728//3728
f 52//52 3728//3728 50//50
f 50//50 3728//3728 48//48
f 48//48 3728//3728 46//46
f 46//46 3728//3728 2921//2921
f 46//46 2921//2921 3729//3729
f 3729//3729 2921//2921 2922//2922
f 3729//3729 2922//2922 3730//3730
f 3730//3730 2922//2922 3708//3708
f 3730//3730 3708//3708 3731//3731
f 3731//3731 3729//3729 3730//3730
f 3726//3726 52//52 3732//3732
f 3732//3732 52//52 3095//3095
f 3732//3732 3095//3095 3733//3733
f 3733//3733 3095//3095 3094//3094
f 3733//3733 3094//3094 3096//3096
f 3096//3096 3098//3098 3733//3733
f 3733//3733 3098//3098 3099//3099
f 3733//3733 3099//3099 3734//3734
f 3734//3734 3099//3099 42//42
f 3734//3734 42//42 3711//3711
f 2926//2926 3715//3715 2925//2925
f 2925//2925 3715//3715 3713//3713
f 2925//2925 3713//3713 2924//2924
f 2924//2924 3713//3713 3710//3710
f 2924//2924 3710//3710 2923//2923
f 2923//2923 3710//3710 3709//3709
f 3715//3715 2926//2926 3717//3717
f 3717//3717 2926//2926 2927//2927
f 3717//3717 2927//2927 3719//3719
f 3719//3719 2927//2927 2928//2928
f 3719//3719 2928//2928 3721//3721
f 3721//3721 2928//2928 2917//2917
f 3721//3721 2917//2917 3723//3723
f 3723//3723 2917//2917 2918//2918
f 3723//3723 2918//2918 3725//3725
f 3725//3725 2918//2918 2919//2919
f 3725//3725 2919//2919 3727//3727
f 3727//3727 2919//2919 2920//2920
f 3727//3727 2920//2920 3728//3728
f 3728//3728 2920//2920 2921//2921
f 2922//2922 2923//2923 3708//3708
f 3541//3541 3735//3735 3530//3530
f 3530//3530 3735//3735 3736//3736
f 3530//3530 3736//3736 3737//3737
f 3737//3737 3736//3736 3738//3738
f 3737//3737 3738//3738 3739//3739
f 3739//3739 3738//3738 3740//3740
f 3741//3741 3742//3742 3743//3743
f 3743//3743 3742//3742 3744//3744
f 3744//3744 3742//3742 3745//3745
f 3745//3745 3742//3742 3746//3746
f 3746//3746 3742//3742 3747//3747
f 3746//3746 3747//3747 3748//3748
f 3748//3748 3747//3747 3749//3749
f 3749//3749 3747//3747 3750//3750
f 3749//3749 3750//3750 3751//3751
f 3751//3751 3750//3750 3752//3752
f 3751//3751 3752//3752 3753//3753
f 3753//3753 3752//3752 3754//3754
f 3753//3753 3754//3754 3755//3755
f 3750//3750 3747//3747 3756//3756
f 3756//3756 3747//3747 3757//3757
f 3756//3756 3757//3757 3758//3758
f 3758//3758 3757//3757 3759//3759
f 3752//3752 3750//3750 3760//3760
f 3760//3760 3750//3750 3761//3761
f 3760//3760 3761//3761 3762//3762
f 3762//3762 3761//3761 3763//3763
f 3763//3763 3761//3761 3764//3764
f 3753//3753 3755//3755 3765//3765
f 3765//3765 3755//3755 3766//3766
f 3765//3765 3766//3766 3767//3767
f 3767//3767 3766//3766 3768//3768
f 3767//3767 3768//3768 3769//3769
f 3769//3769 3768//3768 3770//3770
f 3769//3769 3770//3770 3771//3771
f 3771//3771 3770//3770 3772//3772
f 3771//3771 3772//3772 3542//3542
f 3542//3542 3772//3772 3773//3773
f 3542//3542 3773//3773 3541//3541
f 3748//3748 3774//3774 3746//3746
f 3746//3746 3774//3774 3775//3775
f 3775//3775 3774//3774 3776//3776
f 3776//3776 3774//3774 3777//3777
f 3776//3776 3777//3777 3778//3778
f 3778//3778 3777//3777 3779//3779
f 3778//3778 3779//3779 3780//3780
f 3780//3780 3779//3779 3781//3781
f 3780//3780 3781//3781 3782//3782
f 3782//3782 3781//3781 3783//3783
f 3782//3782 3783//3783 3784//3784
f 3784//3784 3783//3783 3669//3669
f 3784//3784 3669//3669 3785//3785
f 3785//3785 3669//3669 3664//3664
f 3756//3756 3758//3758 3786//3786
f 3786//3786 3758//3758 3787//3787
f 3786//3786 3787//3787 3788//3788
f 3788//3788 3787//3787 3789//3789
f 3788//3788 3789//3789 3790//3790
f 3788//3788 3790//3790 3791//3791
f 3791//3791 3790//3790 3607//3607
f 3791//3791 3607//3607 3608//3608
f 3608//3608 3609//3609 3791//3791
f 3791//3791 3609//3609 3792//3792
f 3791//3791 3792//3792 3788//3788
f 3788//3788 3792//3792 3793//3793
f 3788//3788 3793//3793 3786//3786
f 3786//3786 3793//3793 3794//3794
f 3786//3786 3794//3794 3761//3761
f 3761//3761 3794//3794 3795//3795
f 3761//3761 3795//3795 3764//3764
f 3764//3764 3795//3795 3796//3796
f 3764//3764 3796//3796 3797//3797
f 3797//3797 3796//3796 3798//3798
f 3798//3798 3796//3796 3799//3799
f 3798//3798 3799//3799 3800//3800
f 3800//3800 3799//3799 3801//3801
f 3800//3800 3801//3801 3802//3802
f 3802//3802 3801//3801 3611//3611
f 3611//3611 3801//3801 3610//3610
f 3610//3610 3801//3801 3803//3803
f 3610//3610 3803//3803 3792//3792
f 3792//3792 3803//3803 3793//3793
f 3609//3609 3610//3610 3792//3792
f 3761//3761 3750//3750 3786//3786
f 3786//3786 3750//3750 3756//3756
f 3799//3799 3796//3796 3795//3795
f 3795//3795 3794//3794 3804//3804
f 3804//3804 3794//3794 3793//3793
f 3804//3804 3793//3793 3803//3803
f 3801//3801 3799//3799 3804//3804
f 3804//3804 3799//3799 3795//3795
f 3801//3801 3804//3804 3803//3803
f 3530//3530 3737//3737 3528//3528
f 3528//3528 3737//3737 3805//3805
f 3528//3528 3805//3805 3806//3806
f 3806//3806 3805//3805 3807//3807
f 3806//3806 3807//3807 3808//3808
f 3808//3808 3807//3807 3809//3809
f 3808//3808 3809//3809 3810//3810
f 3810//3810 3809//3809 3798//3798
f 3810//3810 3798//3798 3800//3800
f 3737//3737 3739//3739 3805//3805
f 3805//3805 3739//3739 3740//3740
f 3805//3805 3740//3740 3807//3807
f 3807//3807 3740//3740 3811//3811
f 3807//3807 3811//3811 3809//3809
f 3809//3809 3811//3811 3797//3797
f 3809//3809 3797//3797 3798//3798
f 3810//3810 3800//3800 3812//3812
f 3812//3812 3800//3800 3802//3802
f 3812//3812 3802//3802 3612//3612
f 3612//3612 3802//3802 3611//3611
f 3612//3612 3613//3613 3812//3812
f 3812//3812 3613//3613 3813//3813
f 3812//3812 3813//3813 3810//3810
f 3810//3810 3813//3813 3808//3808
f 3613//3613 3520//3520 3813//3813
f 3813//3813 3520//3520 3814//3814
f 3813//3813 3814//3814 3808//3808
f 3808//3808 3814//3814 3806//3806
f 3520//3520 3524//3524 3814//3814
f 3814//3814 3524//3524 3806//3806
f 3524//3524 3526//3526 3806//3806
f 3806//3806 3526//3526 3528//3528
f 3815//3815 3816//3816 3817//3817
f 3817//3817 3816//3816 3540//3540
f 3817//3817 3540//3540 3818//3818
f 3818//3818 3540//3540 3819//3819
f 3819//3819 3540//3540 3536//3536
f 3816//3816 3815//3815 3820//3820
f 3820//3820 3815//3815 3821//3821
f 3820//3820 3821//3821 3822//3822
f 3822//3822 3821//3821 3823//3823
f 3822//3822 3823//3823 3824//3824
f 3824//3824 3823//3823 3825//3825
f 3824//3824 3825//3825 3826//3826
f 3826//3826 3825//3825 3827//3827
f 3827//3827 3825//3825 3828//3828
f 3827//3827 3828//3828 3829//3829
f 3829//3829 3828//3828 3830//3830
f 3829//3829 3830//3830 3831//3831
f 3831//3831 3830//3830 3832//3832
f 3831//3831 3832//3832 3833//3833
f 3833//3833 3832//3832 3834//3834
f 3833//3833 3834//3834 3667//3667
f 3667//3667 3834//3834 3835//3835
f 3667//3667 3835//3835 3836//3836
f 3836//3836 3668//3668 3667//3667
f 3519//3519 3614//3614 3521//3521
f 3521//3521 3614//3614 3837//3837
f 3521//3521 3837//3837 3533//3533
f 3533//3533 3837//3837 3838//3838
f 3533//3533 3838//3838 3534//3534
f 3534//3534 3838//3838 3839//3839
f 3534//3534 3839//3839 3536//3536
f 3536//3536 3839//3839 3819//3819
f 3546//3546 3544//3544 3840//3840
f 3840//3840 3544//3544 3841//3841
f 3840//3840 3841//3841 3842//3842
f 3840//3840 3842//3842 3843//3843
f 3843//3843 3842//3842 3844//3844
f 3843//3843 3844//3844 3845//3845
f 3845//3845 3844//3844 3846//3846
f 3845//3845 3846//3846 3847//3847
f 3847//3847 3846//3846 3848//3848
f 3847//3847 3848//3848 3849//3849
f 3849//3849 3848//3848 3850//3850
f 3849//3849 3850//3850 3851//3851
f 3851//3851 3850//3850 3852//3852
f 3851//3851 3852//3852 3853//3853
f 3853//3853 3852//3852 3854//3854
f 3853//3853 3854//3854 3855//3855
f 3855//3855 3854//3854 3856//3856
f 3855//3855 3856//3856 3857//3857
f 3857//3857 3856//3856 3858//3858
f 3857//3857 3858//3858 3555//3555
f 3555//3555 3858//3858 3559//3559
f 3645//3645 3858//3858 3646//3646
f 3646//3646 3858//3858 3856//3856
f 3646//3646 3856//3856 3854//3854
f 3646//3646 3854//3854 3647//3647
f 3647//3647 3854//3854 3852//3852
f 3647//3647 3852//3852 3648//3648
f 3648//3648 3852//3852 3850//3850
f 3648//3648 3850//3850 3649//3649
f 3649//3649 3850//3850 3650//3650
f 3650//3650 3850//3850 3689//3689
f 3650//3650 3689//3689 3651//3651
f 3850//3850 3848//3848 3689//3689
f 3689//3689 3848//3848 3596//3596
f 3689//3689 3596//3596 3690//3690
f 3690//3690 3596//3596 3595//3595
f 3690//3690 3595//3595 3518//3518
f 3518//3518 3595//3595 3516//3516
f 3516//3516 3595//3595 3515//3515
f 3846//3846 3510//3510 3848//3848
f 3848//3848 3510//3510 3509//3509
f 3848//3848 3509//3509 3507//3507
f 3510//3510 3846//3846 3514//3514
f 3514//3514 3846//3846 3844//3844
f 3514//3514 3844//3844 3513//3513
f 3513//3513 3844//3844 3842//3842
f 3513//3513 3842//3842 3841//3841
f 3841//3841 3512//3512 3513//3513
f 3508//3508 3596//3596 3507//3507
f 3507//3507 3596//3596 3848//3848
f 3518//3518 3517//3517 3690//3690
f 3549//3549 3859//3859 3548//3548
f 3548//3548 3859//3859 3860//3860
f 3548//3548 3860//3860 3861//3861
f 3551//3551 3862//3862 3549//3549
f 3549//3549 3862//3862 3863//3863
f 3549//3549 3863//3863 3859//3859
f 3862//3862 3551//3551 3864//3864
f 3864//3864 3551//3551 3552//3552
f 3864//3864 3552//3552 3865//3865
f 3865//3865 3552//3552 3866//3866
f 3866//3866 3552//3552 3576//3576
f 3866//3866 3576//3576 3867//3867
f 3867//3867 3576//3576 3578//3578
f 3867//3867 3578//3578 3868//3868
f 3868//3868 3578//3578 3869//3869
f 3869//3869 3578//3578 3579//3579
f 3869//3869 3579//3579 3523//3523
f 3523//3523 3579//3579 3525//3525
f 3525//3525 3579//3579 3582//3582
f 3525//3525 3582//3582 3527//3527
f 3527//3527 3582//3582 3581//3581
f 3527//3527 3581//3581 3529//3529
f 3529//3529 3581//3581 3580//3580
f 3529//3529 3580//3580 3870//3870
f 3870//3870 3580//3580 3545//3545
f 3870//3870 3545//3545 3871//3871
f 3871//3871 3545//3545 3872//3872
f 3872//3872 3545//3545 3547//3547
f 3872//3872 3547//3547 3873//3873
f 3873//3873 3547//3547 3548//3548
f 3873//3873 3548//3548 3861//3861
f 3874//3874 3875//3875 3543//3543
f 3543//3543 3875//3875 3876//3876
f 3543//3543 3876//3876 3539//3539
f 3539//3539 3876//3876 3877//3877
f 3539//3539 3877//3877 3538//3538
f 3538//3538 3877//3877 3878//3878
f 3538//3538 3878//3878 3879//3879
f 3538//3538 3879//3879 3880//3880
f 3880//3880 3879//3879 3881//3881
f 3880//3880 3881//3881 3882//3882
f 3882//3882 3881//3881 3883//3883
f 3882//3882 3883//3883 3884//3884
f 3884//3884 3883//3883 3860//3860
f 3884//3884 3860//3860 3859//3859
f 3529//3529 3870//3870 3531//3531
f 3531//3531 3870//3870 3885//3885
f 3531//3531 3885//3885 3886//3886
f 3531//3531 3886//3886 3532//3532
f 3532//3532 3886//3886 3874//3874
f 3532//3532 3874//3874 3543//3543
f 3523//3523 3522//3522 3869//3869
f 3869//3869 3522//3522 3887//3887
f 3887//3887 3522//3522 3888//3888
f 3888//3888 3522//3522 3535//3535
f 3888//3888 3535//3535 3889//3889
f 3889//3889 3535//3535 3537//3537
f 3889//3889 3537//3537 3890//3890
f 3890//3890 3537//3537 3880//3880
f 3880//3880 3537//3537 3538//3538
f 3891//3891 3892//3892 3556//3556
f 3556//3556 3892//3892 3550//3550
f 3893//3893 3894//3894 3895//3895
f 3895//3895 3894//3894 3896//3896
f 3895//3895 3896//3896 3897//3897
f 3897//3897 3896//3896 3898//3898
f 3897//3897 3898//3898 3899//3899
f 3898//3898 3896//3896 3900//3900
f 3900//3900 3896//3896 3901//3901
f 3900//3900 3901//3901 3902//3902
f 3902//3902 3901//3901 3903//3903
f 3903//3903 3901//3901 3904//3904
f 3903//3903 3904//3904 3905//3905
f 3905//3905 3904//3904 3906//3906
f 3905//3905 3906//3906 3907//3907
f 3907//3907 3906//3906 3908//3908
f 3907//3907 3908//3908 3909//3909
f 3909//3909 3908//3908 3910//3910
f 3909//3909 3910//3910 3911//3911
f 3911//3911 3910//3910 3912//3912
f 3912//3912 3910//3910 3913//3913
f 3912//3912 3913//3913 3914//3914
f 3914//3914 3913//3913 3915//3915
f 3914//3914 3915//3915 3916//3916
f 3916//3916 3915//3915 3917//3917
f 3917//3917 3915//3915 3918//3918
f 3918//3918 3915//3915 3919//3919
f 3918//3918 3919//3919 3920//3920
f 3920//3920 3919//3919 3921//3921
f 3920//3920 3921//3921 3922//3922
f 3922//3922 3921//3921 3923//3923
f 3923//3923 3921//3921 3924//3924
f 3923//3923 3924//3924 3925//3925
f 3925//3925 3924//3924 3926//3926
f 3926//3926 3924//3924 3927//3927
f 3926//3926 3927//3927 3928//3928
f 3928//3928 3927//3927 3929//3929
f 3929//3929 3927//3927 3930//3930
f 3929//3929 3930//3930 3931//3931
f 3931//3931 3930//3930 3895//3895
f 3931//3931 3895//3895 3932//3932
f 3932//3932 3895//3895 3933//3933
f 3933//3933 3895//3895 3897//3897
f 3933//3933 3897//3897 3865//3865
f 3865//3865 3897//3897 3864//3864
f 3864//3864 3897//3897 3862//3862
f 3862//3862 3897//3897 3934//3934
f 3862//3862 3934//3934 3863//3863
f 3863//3863 3934//3934 3935//3935
f 3863//3863 3935//3935 3859//3859
f 3859//3859 3935//3935 3884//3884
f 3884//3884 3935//3935 3936//3936
f 3884//3884 3936//3936 3882//3882
f 3882//3882 3936//3936 3914//3914
f 3882//3882 3914//3914 3880//3880
f 3880//3880 3914//3914 3890//3890
f 3890//3890 3914//3914 3916//3916
f 3890//3890 3916//3916 3937//3937
f 3913//3913 3938//3938 3915//3915
f 3915//3915 3938//3938 3919//3919
f 3938//3938 3939//3939 3919//3919
f 3919//3919 3939//3939 3940//3940
f 3919//3919 3940//3940 3921//3921
f 3921//3921 3940//3940 3941//3941
f 3921//3921 3941//3941 3924//3924
f 3924//3924 3941//3941 3942//3942
f 3924//3924 3942//3942 3943//3943
f 3943//3943 3944//3944 3924//3924
f 3924//3924 3944//3944 3927//3927
f 3944//3944 3945//3945 3927//3927
f 3927//3927 3945//3945 3946//3946
f 3927//3927 3946//3946 3930//3930
f 3930//3930 3946//3946 3893//3893
f 3930//3930 3893//3893 3895//3895
f 3947//3947 3888//3888 3937//3937
f 3937//3937 3888//3888 3889//3889
f 3937//3937 3889//3889 3890//3890
f 3888//3888 3947//3947 3887//3887
f 3887//3887 3947//3947 3948//3948
f 3887//3887 3948//3948 3869//3869
f 3869//3869 3948//3948 3868//3868
f 3868//3868 3948//3948 3949//3949
f 3868//3868 3949//3949 3867//3867
f 3867//3867 3949//3949 3950//3950
f 3867//3867 3950//3950 3866//3866
f 3866//3866 3950//3950 3933//3933
f 3866//3866 3933//3933 3865//3865
f 3899//3899 3951//3951 3897//3897
f 3897//3897 3951//3951 3934//3934
f 3951//3951 3952//3952 3934//3934
f 3934//3934 3952//3952 3935//3935
f 3952//3952 3953//3953 3935//3935
f 3935//3935 3953//3953 3954//3954
f 3935//3935 3954//3954 3936//3936
f 3936//3936 3954//3954 3955//3955
f 3936//3936 3955//3955 3914//3914
f 3914//3914 3955//3955 3956//3956
f 3914//3914 3956//3956 3912//3912
f 3603//3603 3598//3598 3602//3602
f 3602//3602 3598//3598 3604//3604
f 3604//3604 3598//3598 3597//3597
f 3604//3604 3597//3597 3605//3605
f 3605//3605 3597//3597 3600//3600
f 3605//3605 3600//3600 3606//3606
f 3606//3606 3600//3600 3592//3592
f 3606//3606 3592//3592 3590//3590
f 3590//3590 3592//3592 3594//3594
f 3590//3590 3594//3594 3591//3591
f 3511//3511 3512//3512 3544//3544
f 3544//3544 3512//3512 3841//3841
f 3550//3550 3892//3892 3553//3553
f 3553//3553 3892//3892 3957//3957
f 3553//3553 3957//3957 3554//3554
f 3554//3554 3957//3957 3958//3958
f 3554//3554 3958//3958 3575//3575
f 3575//3575 3958//3958 3959//3959
f 3575//3575 3959//3959 3577//3577
f 3577//3577 3959//3959 3617//3617
f 3960//3960 3961//3961 3962//3962
f 3962//3962 3961//3961 3963//3963
f 3963//3963 3961//3961 3964//3964
f 3963//3963 3964//3964 3965//3965
f 3965//3965 3966//3966 3963//3963
f 3963//3963 3966//3966 3925//3925
f 3963//3963 3925//3925 3926//3926
f 3925//3925 3966//3966 3923//3923
f 3923//3923 3966//3966 3967//3967
f 3923//3923 3967//3967 3922//3922
f 3922//3922 3967//3967 3920//3920
f 3920//3920 3967//3967 3918//3918
f 3918//3918 3967//3967 3968//3968
f 3918//3918 3968//3968 3917//3917
f 3917//3917 3968//3968 3916//3916
f 3916//3916 3968//3968 3937//3937
f 3937//3937 3968//3968 3969//3969
f 3937//3937 3969//3969 3947//3947
f 3947//3947 3969//3969 3948//3948
f 3948//3948 3969//3969 3970//3970
f 3948//3948 3970//3970 3949//3949
f 3949//3949 3970//3970 3971//3971
f 3949//3949 3971//3971 3950//3950
f 3950//3950 3971//3971 3933//3933
f 3933//3933 3971//3971 3932//3932
f 3969//3969 3615//3615 3970//3970
f 3970//3970 3615//3615 3616//3616
f 3963//3963 3926//3926 3972//3972
f 3972//3972 3926//3926 3928//3928
f 3972//3972 3928//3928 3929//3929
f 3929//3929 3931//3931 3972//3972
f 3972//3972 3931//3931 3932//3932
f 3972//3972 3932//3932 3617//3617
f 3617//3617 3932//3932 3971//3971
f 3617//3617 3971//3971 3970//3970
f 3970//3970 3616//3616 3617//3617
f 3972//3972 3617//3617 3963//3963
f 3963//3963 3617//3617 3959//3959
f 3963//3963 3959//3959 3962//3962
f 3962//3962 3959//3959 3958//3958
f 3962//3962 3958//3958 3892//3892
f 3892//3892 3958//3958 3957//3957
f 3892//3892 3891//3891 3962//3962
f 3962//3962 3891//3891 3973//3973
f 3973//3973 3891//3891 3974//3974
f 3973//3973 3974//3974 3975//3975
f 3891//3891 3976//3976 3974//3974
f 3973//3973 3975//3975 3977//3977
f 3977//3977 3975//3975 3704//3704
f 3977//3977 3704//3704 3978//3978
f 3978//3978 3704//3704 3894//3894
f 3894//3894 3704//3704 3979//3979
f 3979//3979 3704//3704 3980//3980
f 3980//3980 3704//3704 3705//3705
f 3981//3981 3982//3982 3973//3973
f 3973//3973 3982//3982 3983//3983
f 3973//3973 3983//3983 3984//3984
f 3984//3984 3983//3983 3503//3503
f 3984//3984 3503//3503 3505//3505
f 3982//3982 3985//3985 3983//3983
f 3983//3983 3985//3985 3986//3986
f 3503//3503 3983//3983 3501//3501
f 3501//3501 3983//3983 3987//3987
f 3501//3501 3987//3987 3499//3499
f 3499//3499 3987//3987 3497//3497
f 3497//3497 3987//3987 3988//3988
f 3497//3497 3988//3988 3495//3495
f 3495//3495 3988//3988 3989//3989
f 3495//3495 3989//3989 3493//3493
f 3493//3493 3989//3989 3990//3990
f 3493//3493 3990//3990 3491//3491
f 3491//3491 3990//3990 3991//3991
f 3491//3491 3991//3991 3992//3992
f 3491//3491 3992//3992 3489//3489
f 3489//3489 3992//3992 3993//3993
f 3489//3489 3993//3993 3487//3487
f 3487//3487 3993//3993 3994//3994
f 3487//3487 3994//3994 3485//3485
f 3485//3485 3994//3994 3995//3995
f 3485//3485 3995//3995 3483//3483
f 3483//3483 3995//3995 3505//3505
f 3505//3505 3995//3995 3984//3984
f 3996//3996 3997//3997 3984//3984
f 3984//3984 3997//3997 3998//3998
f 3984//3984 3998//3998 3962//3962
f 3962//3962 3998//3998 3960//3960
f 3962//3962 3973//3973 3984//3984
f 3966//3966 3999//3999 3967//3967
f 3967//3967 3999//3999 3837//3837
f 3967//3967 3837//3837 3614//3614
f 3996//3996 3819//3819 3999//3999
f 3999//3999 3819//3819 3839//3839
f 3999//3999 3839//3839 3838//3838
f 3984//3984 3818//3818 3996//3996
f 3996//3996 3818//3818 3819//3819
f 3838//3838 3837//3837 3999//3999
f 3615//3615 3969//3969 3614//3614
f 3614//3614 3969//3969 3968//3968
f 3614//3614 3968//3968 3967//3967
f 3767//3767 3769//3769 3816//3816
f 3816//3816 3769//3769 3771//3771
f 3816//3816 3771//3771 3540//3540
f 3540//3540 3771//3771 3542//3542
f 3767//3767 3816//3816 3765//3765
f 3765//3765 3816//3816 3820//3820
f 3765//3765 3820//3820 3753//3753
f 3753//3753 3820//3820 3822//3822
f 3753//3753 3822//3822 3751//3751
f 3751//3751 3822//3822 3824//3824
f 3751//3751 3824//3824 3749//3749
f 3749//3749 3824//3824 3826//3826
f 3749//3749 3826//3826 3827//3827
f 3749//3749 3827//3827 3748//3748
f 3748//3748 3827//3827 3829//3829
f 3748//3748 3829//3829 3774//3774
f 3774//3774 3829//3829 3831//3831
f 3774//3774 3831//3831 3777//3777
f 3777//3777 3831//3831 3833//3833
f 3777//3777 3833//3833 3779//3779
f 3817//3817 3995//3995 3815//3815
f 3815//3815 3995//3995 3994//3994
f 3815//3815 3994//3994 3821//3821
f 3821//3821 3994//3994 3993//3993
f 3821//3821 3993//3993 3823//3823
f 3823//3823 3993//3993 3992//3992
f 3823//3823 3992//3992 3825//3825
f 3825//3825 3992//3992 3991//3991
f 3825//3825 3991//3991 3828//3828
f 3828//3828 3991//3991 3990//3990
f 3828//3828 3990//3990 3830//3830
f 3830//3830 3990//3990 3989//3989
f 3830//3830 3989//3989 3832//3832
f 3832//3832 3989//3989 3988//3988
f 3832//3832 3988//3988 3834//3834
f 3834//3834 3988//3988 3987//3987
f 3817//3817 3818//3818 3995//3995
f 3995//3995 3818//3818 3984//3984
f 4000//4000 3735//3735 4001//4001
f 4001//4001 3735//3735 3541//3541
f 4001//4001 3541//3541 3773//3773
f 4002//4002 3738//3738 4000//4000
f 4000//4000 3738//3738 3736//3736
f 4000//4000 3736//3736 3735//3735
f 3738//3738 4002//4002 3740//3740
f 3740//3740 4002//4002 4003//4003
f 3740//3740 4003//4003 3811//3811
f 3811//3811 4003//4003 4004//4004
f 3811//3811 4004//4004 3797//3797
f 3797//3797 4004//4004 3764//3764
f 3764//3764 4004//4004 4005//4005
f 3764//3764 4005//4005 3763//3763
f 3763//3763 4005//4005 4006//4006
f 3763//3763 4006//4006 3762//3762
f 3762//3762 4006//4006 3760//3760
f 3760//3760 4006//4006 4007//4007
f 3760//3760 4007//4007 3752//3752
f 3752//3752 4007//4007 3754//3754
f 3754//3754 4007//4007 4008//4008
f 3754//3754 4008//4008 3755//3755
f 3755//3755 4008//4008 4009//4009
f 3755//3755 4009//4009 3766//3766
f 3766//3766 4009//4009 4010//4010
f 3766//3766 4010//4010 3768//3768
f 3768//3768 4010//4010 4011//4011
f 3768//3768 4011//4011 3770//3770
f 3770//3770 4011//4011 4012//4012
f 3770//3770 4012//4012 3772//3772
f 3772//3772 4012//4012 4013//4013
f 3772//3772 4013//4013 3773//3773
f 3773//3773 4013//4013 4001//4001
f 4000//4000 4001//4001 3622//3622
f 3622//3622 4001//4001 4013//4013
f 3622//3622 4013//4013 3621//3621
f 3621//3621 4013//4013 4012//4012
f 3621//3621 4012//4012 3644//3644
f 3644//3644 4012//4012 4011//4011
f 3644//3644 4011//4011 3643//3643
f 3643//3643 4011//4011 4010//4010
f 3643//3643 4010//4010 3642//3642
f 3642//3642 4010//4010 4009//4009
f 3642//3642 4009//4009 3636//3636
f 3636//3636 4009//4009 4008//4008
f 3636//3636 4008//4008 3634//3634
f 3634//3634 4008//4008 4007//4007
f 3634//3634 4007//4007 4006//4006
f 3634//3634 4006//4006 3632//3632
f 3632//3632 4006//4006 4005//4005
f 3632//3632 4005//4005 3630//3630
f 3630//3630 4005//4005 4004//4004
f 3630//3630 4004//4004 3628//3628
f 3628//3628 4004//4004 4003//4003
f 3628//3628 4003//4003 3626//3626
f 3626//3626 4003//4003 4002//4002
f 3626//3626 4002//4002 3624//3624
f 3624//3624 4002//4002 4000//4000
f 3624//3624 4000//4000 3622//3622
f 4014//4014 4015//4015 4016//4016
f 4016//4016 4015//4015 4017//4017
f 4017//4017 4015//4015 4018//4018
f 4017//4017 4018//4018 3661//3661
f 3661//3661 4018//4018 4019//4019
f 3661//3661 4019//4019 3664//3664
f 4020//4020 4021//4021 4022//4022
f 4022//4022 4021//4021 4023//4023
f 4022//4022 4023//4023 4024//4024
f 4024//4024 4023//4023 4025//4025
f 4024//4024 4025//4025 4026//4026
f 4026//4026 4025//4025 4027//4027
f 4026//4026 4027//4027 4028//4028
f 4028//4028 4027//4027 3759//3759
f 4028//4028 3759//3759 3757//3757
f 3757//3757 3747//3747 4028//4028
f 4028//4028 3747//3747 4029//4029
f 4028//4028 4029//4029 4026//4026
f 4026//4026 4029//4029 4030//4030
f 4026//4026 4030//4030 4031//4031
f 4031//4031 4030//4030 4032//4032
f 4031//4031 4032//4032 4033//4033
f 4033//4033 4032//4032 4034//4034
f 4033//4033 4034//4034 4035//4035
f 4035//4035 4034//4034 4036//4036
f 4036//4036 4034//4034 4037//4037
f 4036//4036 4037//4037 4038//4038
f 4038//4038 4037//4037 4039//4039
f 4038//4038 4039//4039 4040//4040
f 4040//4040 4039//4039 4041//4041
f 4041//4041 4039//4039 4042//4042
f 4041//4041 4042//4042 4043//4043
f 4043//4043 4042//4042 4044//4044
f 4043//4043 4044//4044 4045//4045
f 4045//4045 4044//4044 4046//4046
f 4045//4045 4046//4046 3741//3741
f 3741//3741 4046//4046 4047//4047
f 3741//3741 4047//4047 3742//3742
f 3742//3742 4047//4047 4029//4029
f 3742//3742 4029//4029 3747//3747
f 4040//4040 3703//3703 4038//4038
f 4038//4038 3703//3703 4036//4036
f 4035//4035 4020//4020 4033//4033
f 4033//4033 4020//4020 4022//4022
f 4033//4033 4022//4022 4031//4031
f 4031//4031 4022//4022 4024//4024
f 4031//4031 4024//4024 4026//4026
f 4037//4037 4034//4034 4048//4048
f 4048//4048 4034//4034 4032//4032
f 4048//4048 4032//4032 4049//4049
f 4049//4049 4032//4032 4030//4030
f 4049//4049 4030//4030 4047//4047
f 4047//4047 4030//4030 4029//4029
f 4037//4037 4048//4048 4039//4039
f 4039//4039 4048//4048 4050//4050
f 4039//4039 4050//4050 4042//4042
f 4042//4042 4050//4050 4044//4044
f 4050//4050 4048//4048 4049//4049
f 4050//4050 4049//4049 4046//4046
f 4046//4046 4049//4049 4047//4047
f 4046//4046 4044//4044 4050//4050
f 4014//4014 4016//4016 4051//4051
f 4051//4051 4016//4016 4052//4052
f 4051//4051 4052//4052 4053//4053
f 4053//4053 4052//4052 4054//4054
f 4053//4053 4054//4054 4043//4043
f 4043//4043 4054//4054 4041//4041
f 4041//4041 4054//4054 4055//4055
f 4041//4041 4055//4055 4040//4040
f 4040//4040 4055//4055 3703//3703
f 3703//3703 4055//4055 3702//3702
f 3702//3702 4055//4055 3701//3701
f 3701//3701 4055//4055 4056//4056
f 3701//3701 4056//4056 3652//3652
f 3652//3652 4056//4056 4057//4057
f 3652//3652 4057//4057 3654//3654
f 3654//3654 4057//4057 4058//4058
f 3654//3654 4058//4058 3657//3657
f 3657//3657 4058//4058 3659//3659
f 3659//3659 4058//4058 4059//4059
f 3659//3659 4059//4059 3661//3661
f 3661//3661 4059//4059 4017//4017
f 4017//4017 4059//4059 4052//4052
f 4017//4017 4052//4052 4016//4016
f 4043//4043 4045//4045 4053//4053
f 4053//4053 4045//4045 4051//4051
f 4052//4052 4059//4059 4060//4060
f 4060//4060 4059//4059 4058//4058
f 4060//4060 4058//4058 4056//4056
f 4056//4056 4058//4058 4057//4057
f 4055//4055 4054//4054 4060//4060
f 4060//4060 4054//4054 4052//4052
f 4055//4055 4060//4060 4056//4056
f 3707//3707 3653//3653 4061//4061
f 4061//4061 3653//3653 3676//3676
f 4061//4061 3676//3676 4062//4062
f 4062//4062 3676//3676 3675//3675
f 4062//4062 3675//3675 4063//4063
f 4063//4063 3675//3675 3670//3670
f 4063//4063 3670//3670 3836//3836
f 3836//3836 3670//3670 3668//3668
f 3561//3561 4064//4064 3562//3562
f 3562//3562 4064//4064 4065//4065
f 3562//3562 4065//4065 4066//4066
f 4064//4064 3561//3561 4067//4067
f 4067//4067 3561//3561 3560//3560
f 4067//4067 3560//3560 4068//4068
f 4068//4068 3560//3560 4069//4069
f 4069//4069 3560//3560 3564//3564
f 4069//4069 3564//3564 3660//3660
f 3660//3660 3564//3564 3658//3658
f 3658//3658 3564//3564 3565//3565
f 3658//3658 3565//3565 3656//3656
f 3656//3656 3565//3565 3566//3566
f 3656//3656 3566//3566 3655//3655
f 3655//3655 3566//3566 3567//3567
f 3655//3655 3567//3567 3905//3905
f 3905//3905 3567//3567 3571//3571
f 3905//3905 3571//3571 3903//3903
f 3903//3903 3571//3571 3902//3902
f 3902//3902 3571//3571 3570//3570
f 3902//3902 3570//3570 3900//3900
f 3900//3900 3570//3570 3572//3572
f 3900//3900 3572//3572 3898//3898
f 3898//3898 3572//3572 3899//3899
f 3899//3899 3572//3572 3558//3558
f 3899//3899 3558//3558 3951//3951
f 3951//3951 3558//3558 3557//3557
f 3951//3951 3557//3557 3952//3952
f 3952//3952 3557//3557 3953//3953
f 3953//3953 3557//3557 4066//4066
f 3953//3953 4066//4066 3954//3954
f 3954//3954 4066//4066 4070//4070
f 3954//3954 4070//4070 3955//3955
f 3955//3955 4070//4070 4071//4071
f 3955//3955 4071//4071 3956//3956
f 3956//3956 4071//4071 4072//4072
f 3956//3956 4072//4072 3672//3672
f 3672//3672 4072//4072 3673//3673
f 3673//3673 4072//4072 4073//4073
f 3673//3673 4073//4073 4074//4074
f 3557//3557 3562//3562 4066//4066
f 3673//3673 4074//4074 3666//3666
f 3666//3666 4074//4074 4075//4075
f 3666//3666 4075//4075 3665//3665
f 3665//3665 4075//4075 4076//4076
f 3665//3665 4076//4076 4077//4077
f 3665//3665 4077//4077 3663//3663
f 3663//3663 4077//4077 4078//4078
f 3663//3663 4078//4078 3662//3662
f 3662//3662 4078//4078 4079//4079
f 3662//3662 4079//4079 4069//4069
f 3671//3671 3911//3911 3672//3672
f 3672//3672 3911//3911 3912//3912
f 3672//3672 3912//3912 3956//3956
f 3911//3911 3671//3671 3909//3909
f 3909//3909 3671//3671 3674//3674
f 3909//3909 3674//3674 3907//3907
f 3907//3907 3674//3674 3905//3905
f 3905//3905 3674//3674 3655//3655
f 3660//3660 3662//3662 4069//4069
f 3683//3683 3682//3682 3698//3698
f 3698//3698 3682//3682 3696//3696
f 3696//3696 3682//3682 3687//3687
f 3696//3696 3687//3687 3695//3695
f 3695//3695 3687//3687 3686//3686
f 3695//3695 3686//3686 3693//3693
f 3693//3693 3686//3686 3685//3685
f 3693//3693 3685//3685 3691//3691
f 3691//3691 3685//3685 3684//3684
f 3691//3691 3684//3684 3688//3688
f 3563//3563 3559//3559 3645//3645
f 3645//3645 3559//3559 3858//3858
f 4021//4021 4020//4020 3101//3101
f 3101//3101 4020//4020 3107//3107
f 3107//3107 4020//4020 4035//4035
f 3107//3107 4035//4035 4036//4036
f 3703//3703 3110//3110 4036//4036
f 4036//4036 3110//3110 3107//3107
f 3568//3568 3704//3704 3569//3569
f 3569//3569 3704//3704 3975//3975
f 3569//3569 3975//3975 3573//3573
f 3573//3573 3975//3975 3974//3974
f 3573//3573 3974//3974 3574//3574
f 3574//3574 3974//3974 3976//3976
f 3574//3574 3976//3976 3556//3556
f 3556//3556 3976//3976 3891//3891
f 3705//3705 3706//3706 3980//3980
f 3980//3980 3706//3706 4080//4080
f 3980//3980 4080//4080 3906//3906
f 3906//3906 4080//4080 3908//3908
f 3908//3908 4080//4080 3910//3910
f 3910//3910 4080//4080 4081//4081
f 3910//3910 4081//4081 3913//3913
f 3913//3913 4081//4081 3938//3938
f 3938//3938 4081//4081 4082//4082
f 3938//3938 4082//4082 3939//3939
f 3939//3939 4082//4082 3940//3940
f 3940//3940 4082//4082 3941//3941
f 3941//3941 4082//4082 4083//4083
f 3941//3941 4083//4083 3942//3942
f 3942//3942 4083//4083 3943//3943
f 3943//3943 4083//4083 4084//4084
f 3943//3943 4084//4084 3977//3977
f 3977//3977 4084//4084 4085//4085
f 3977//3977 4085//4085 4086//4086
f 3981//3981 3973//3973 4086//4086
f 4086//4086 3973//3973 3977//3977
f 3977//3977 3978//3978 3943//3943
f 3943//3943 3978//3978 3944//3944
f 3944//3944 3978//3978 3945//3945
f 3945//3945 3978//3978 3946//3946
f 3946//3946 3978//3978 3893//3893
f 3893//3893 3978//3978 3894//3894
f 3906//3906 3904//3904 3980//3980
f 3980//3980 3904//3904 3979//3979
f 3979//3979 3904//3904 3901//3901
f 3979//3979 3901//3901 3896//3896
f 3896//3896 3894//3894 3979//3979
f 4083//4083 4082//4082 4087//4087
f 4087//4087 4082//4082 4061//4061
f 4087//4087 4061//4061 4062//4062
f 4061//4061 4082//4082 3707//3707
f 3707//3707 4082//4082 4081//4081
f 3707//3707 4081//4081 4080//4080
f 4080//4080 3706//3706 3707//3707
f 4062//4062 4063//4063 4087//4087
f 4087//4087 4063//4063 3836//3836
f 4087//4087 3836//3836 3986//3986
f 3986//3986 3836//3836 3835//3835
f 3986//3986 3835//3835 3983//3983
f 3779//3779 3833//3833 3781//3781
f 3781//3781 3833//3833 3783//3783
f 3783//3783 3833//3833 3667//3667
f 3783//3783 3667//3667 3669//3669
f 3987//3987 3983//3983 3834//3834
f 3834//3834 3983//3983 3835//3835
f 4088//4088 3785//3785 4089//4089
f 4089//4089 3785//3785 3664//3664
f 4089//4089 3664//3664 4019//4019
f 3785//3785 4088//4088 3784//3784
f 3784//3784 4088//4088 4090//4090
f 3784//3784 4090//4090 3782//3782
f 3782//3782 4090//4090 4091//4091
f 3782//3782 4091//4091 3780//3780
f 3780//3780 4091//4091 4092//4092
f 3780//3780 4092//4092 3778//3778
f 3778//3778 4092//4092 4093//4093
f 3778//3778 4093//4093 3776//3776
f 3776//3776 4093//4093 4094//4094
f 3776//3776 4094//4094 3775//3775
f 3775//3775 4094//4094 4095//4095
f 3775//3775 4095//4095 3746//3746
f 3746//3746 4095//4095 3745//3745
f 3745//3745 4095//4095 4096//4096
f 3745//3745 4096//4096 3744//3744
f 3744//3744 4096//4096 3743//3743
f 3743//3743 4096//4096 4097//4097
f 3743//3743 4097//4097 3741//3741
f 3741//3741 4097//4097 4098//4098
f 3741//3741 4098//4098 4045//4045
f 4045//4045 4098//4098 4051//4051
f 4051//4051 4098//4098 4099//4099
f 4051//4051 4099//4099 4014//4014
f 4014//4014 4099//4099 4100//4100
f 4014//4014 4100//4100 4015//4015
f 4015//4015 4100//4100 4101//4101
f 4015//4015 4101//4101 4018//4018
f 4018//4018 4101//4101 4019//4019
f 4019//4019 4101//4101 4089//4089
f 4088//4088 4089//4089 3724//3724
f 3724//3724 4089//4089 4101//4101
f 3724//3724 4101//4101 3722//3722
f 3722//3722 4101//4101 4100//4100
f 3722//3722 4100//4100 3720//3720
f 3720//3720 4100//4100 4099//4099
f 3720//3720 4099//4099 3718//3718
f 3718//3718 4099//4099 4098//4098
f 3718//3718 4098//4098 3716//3716
f 3716//3716 4098//4098 4097//4097
f 3716//3716 4097//4097 3714//3714
f 3714//3714 4097//4097 4096//4096
f 3714//3714 4096//4096 3712//3712
f 3712//3712 4096//4096 4095//4095
f 3712//3712 4095//4095 4094//4094
f 3712//3712 4094//4094 3711//3711
f 3711//3711 4094//4094 4093//4093
f 3711//3711 4093//4093 3734//3734
f 3734//3734 4093//4093 4092//4092
f 3734//3734 4092//4092 3733//3733
f 3733//3733 4092//4092 4091//4091
f 3733//3733 4091//4091 3732//3732
f 3732//3732 4091//4091 4090//4090
f 3732//3732 4090//4090 3726//3726
f 3726//3726 4090//4090 4088//4088
f 3726//3726 4088//4088 3724//3724
f 3481//3481 3731//3731 40//40
f 40//40 3731//3731 3708//3708
f 40//40 3708//3708 45//45
f 3481//3481 3482//3482 3731//3731
f 3731//3731 3482//3482 3729//3729
f 3729//3729 3482//3482 47//47
f 3729//3729 47//47 46//46
f 3478//3478 3477//3477 3641//3641
f 3641//3641 3477//3477 34//34
f 3641//3641 34//34 3639//3639
f 3639//3639 34//34 33//33
f 3641//3641 3618//3618 3478//3478
f 3478//3478 3618//3618 56//56
f 56//56 3618//3618 54//54
f 4027//4027 4025//4025 3759//3759
f 3759//3759 4025//4025 4023//4023
f 3759//3759 4023//4023 3481//3481
f 3481//3481 4023//4023 3097//3097
f 3097//3097 4023//4023 4021//4021
f 3097//3097 4021//4021 3101//3101
f 40//40 34//34 3481//3481
f 3481//3481 34//34 3477//3477
f 3481//3481 3477//3477 3759//3759
f 3759//3759 3477//3477 3758//3758
f 3758//3758 3477//3477 3790//3790
f 3758//3758 3790//3790 3789//3789
f 3477//3477 14//14 3790//3790
f 3790//3790 14//14 3607//3607
f 3607//3607 14//14 13//13
f 3789//3789 3787//3787 3758//3758
f 3555//3555 3546//3546 3857//3857
f 3857//3857 3546//3546 3840//3840
f 3857//3857 3840//3840 3855//3855
f 3855//3855 3840//3840 3843//3843
f 3855//3855 3843//3843 3853//3853
f 3853//3853 3843//3843 3845//3845
f 3853//3853 3845//3845 3851//3851
f 3851//3851 3845//3845 3847//3847
f 3851//3851 3847//3847 3849//3849
f 4102//4102 21//21 4103//4103
f 4103//4103 21//21 23//23
f 4103//4103 23//23 4104//4104
f 4104//4104 23//23 25//25
f 4104//4104 25//25 4105//4105
f 4105//4105 25//25 27//27
f 4105//4105 27//27 4106//4106
f 4106//4106 27//27 29//29
f 4106//4106 29//29 4107//4107
f 4107//4107 29//29 28//28
f 4107//4107 28//28 4108//4108
f 4108//4108 28//28 26//26
f 4108//4108 26//26 4109//4109
f 4109//4109 26//26 24//24
f 4109//4109 24//24 4110//4110
f 4110//4110 24//24 22//22
f 4110//4110 22//22 4111//4111
f 4111//4111 22//22 30//30
f 4111//4111 30//30 4112//4112
f 4112//4112 30//30 32//32
f 4112//4112 32//32 4113//4113
f 4113//4113 32//32 31//31
f 4113//4113 31//31 4102//4102
f 4102//4102 31//31 21//21
f 4104//4104 3488//3488 4103//4103
f 4103//4103 3488//3488 3486//3486
f 4103//4103 3486//3486 4102//4102
f 4102//4102 3486//3486 3484//3484
f 4102//4102 3484//3484 3506//3506
f 3488//3488 4104//4104 3490//3490
f 3490//3490 4104//4104 4105//4105
f 3490//3490 4105//4105 3492//3492
f 3492//3492 4105//4105 4106//4106
f 3492//3492 4106//4106 4107//4107
f 3492//3492 4107//4107 3494//3494
f 3494//3494 4107//4107 4108//4108
f 3494//3494 4108//4108 3496//3496
f 3496//3496 4108//4108 4109//4109
f 3496//3496 4109//4109 3498//3498
f 3498//3498 4109//4109 3500//3500
f 3500//3500 4109//4109 4110//4110
f 3500//3500 4110//4110 3502//3502
f 3502//3502 4110//4110 4111//4111
f 3502//3502 4111//4111 3504//3504
f 3504//3504 4111//4111 4112//4112
f 3504//3504 4112//4112 4113//4113
f 3504//3504 4113//4113 3506//3506
f 3506//3506 4113//4113 4102//4102
f 5//5 3997//3997 3//3
f 3//3 3997//3997 3996//3996
f 3//3 3996//3996 1//1
f 1//1 3996//3996 4114//4114
f 1//1 4114//4114 11//11
f 11//11 4114//4114 4115//4115
f 11//11 4115//4115 12//12
f 12//12 4115//4115 4116//4116
f 12//12 4116//4116 3875//3875
f 3875//3875 4116//4116 4117//4117
f 3875//3875 4117//4117 3876//3876
f 3876//3876 4117//4117 3877//3877
f 3877//3877 4117//4117 4118//4118
f 3877//3877 4118//4118 3878//3878
f 3878//3878 4118//4118 3999//3999
f 3878//3878 3999//3999 3966//3966
f 3997//3997 5//5 3998//3998
f 3998//3998 5//5 7//7
f 3998//3998 7//7 3960//3960
f 3960//3960 7//7 9//9
f 3960//3960 9//9 3961//3961
f 3961//3961 9//9 3861//3861
f 3961//3961 3861//3861 3964//3964
f 3964//3964 3861//3861 3860//3860
f 3964//3964 3860//3860 3883//3883
f 9//9 8//8 3861//3861
f 3861//3861 8//8 3873//3873
f 3873//3873 8//8 3872//3872
f 3872//3872 8//8 6//6
f 3872//3872 6//6 3871//3871
f 3871//3871 6//6 4//4
f 3871//3871 4//4 3870//3870
f 3870//3870 4//4 3885//3885
f 3885//3885 4//4 2//2
f 3885//3885 2//2 3886//3886
f 3886//3886 2//2 10//10
f 3886//3886 10//10 3874//3874
f 3874//3874 10//10 3875//3875
f 3875//3875 10//10 12//12
f 3965//3965 3881//3881 3966//3966
f 3966//3966 3881//3881 3879//3879
f 3966//3966 3879//3879 3878//3878
f 3881//3881 3965//3965 3883//3883
f 3883//3883 3965//3965 3964//3964
f 3996//3996 3999//3999 4114//4114
f 4114//4114 3999//3999 4118//4118
f 4114//4114 4118//4118 4115//4115
f 4115//4115 4118//4118 4117//4117
f 4115//4115 4117//4117 4116//4116
f 66//66 4068//4068 64//64
f 64//64 4068//4068 4069//4069
f 64//64 4069//4069 4079//4079
f 4068//4068 66//66 4067//4067
f 4067//4067 66//66 68//68
f 4067//4067 68//68 4064//4064
f 4064//4064 68//68 4065//4065
f 4065//4065 68//68 4086//4086
f 4065//4065 4086//4086 4085//4085
f 68//68 70//70 4086//4086
f 4086//4086 70//70 3981//3981
f 3981//3981 70//70 69//69
f 3981//3981 69//69 3982//3982
f 3982//3982 69//69 67//67
f 3982//3982 67//67 3985//3985
f 3985//3985 67//67 65//65
f 3985//3985 65//65 3986//3986
f 3986//3986 65//65 4119//4119
f 4119//4119 65//65 63//63
f 4119//4119 63//63 4120//4120
f 4120//4120 63//63 71//71
f 4120//4120 71//71 4121//4121
f 4121//4121 71//71 73//73
f 4121//4121 73//73 4076//4076
f 4076//4076 73//73 72//72
f 4076//4076 72//72 4077//4077
f 4077//4077 72//72 4078//4078
f 4078//4078 72//72 62//62
f 4078//4078 62//62 4079//4079
f 4079//4079 62//62 64//64
f 4121//4121 4076//4076 4122//4122
f 4122//4122 4076//4076 4075//4075
f 4122//4122 4075//4075 4074//4074
f 4122//4122 4074//4074 4123//4123
f 4123//4123 4074//4074 4073//4073
f 4123//4123 4073//4073 4087//4087
f 4087//4087 4073//4073 4083//4083
f 4083//4083 4073//4073 4072//4072
f 4083//4083 4072//4072 4071//4071
f 4083//4083 4071//4071 4084//4084
f 4084//4084 4071//4071 4070//4070
f 4084//4084 4070//4070 4085//4085
f 4085//4085 4070//4070 4066//4066
f 4085//4085 4066//4066 4065//4065
f 4087//4087 3986//3986 4123//4123
f 4123//4123 3986//3986 4119//4119
f 4123//4123 4119//4119 4122//4122
f 4122//4122 4119//4119 4120//4120
f 4122//4122 4120//4120 4121//4121
# 8362 faces, 0 coords texture

# End of File
