####
#
# OBJ File Generated by Meshlab
#
####
# Object pinky_bulk_1.obj
#
# Vertices: 3424
# Faces: 6956
#
####
mtllib ./pinky_bulk_1.obj.mtl

vn -1.167622 -4.259110 3.213215
v -3.335062 -32.026516 326.615997
vn -0.798389 -2.492686 -3.589974
v -3.598979 -29.285332 310.237457
vn -2.802817 -2.264503 2.604785
v -3.330141 -32.049961 326.600830
vn -2.802885 -2.254567 2.610882
v -3.325212 -32.073460 326.585785
vn -1.248824 2.049538 -4.857845
v -3.583673 -29.361212 310.224487
vn -1.069389 -1.281237 4.713443
v -3.320275 -32.097000 326.570801
vn 4.082752 -1.575879 -1.868106
v 6.378912 -32.064796 321.044739
vn -3.105954 -3.004915 -1.991428
v 2.039450 -32.927433 320.970306
vn 4.186151 -2.219369 -0.438887
v 6.353357 -31.905754 320.691498
vn -3.002511 -3.648403 -0.562226
v 2.013894 -32.768394 320.617065
vn 4.131006 -2.076682 1.124487
v 6.366994 -31.941010 320.305115
vn -3.057705 -3.505768 1.001078
v 2.027532 -32.803646 320.230682
vn 3.931961 -1.186154 2.403040
v 6.416170 -32.161114 319.989136
vn -3.256688 -2.615215 2.279655
v 2.076707 -33.023750 319.914673
vn 3.642560 0.213660 3.054205
v 6.487708 -32.507088 319.828186
vn -3.546129 -1.215365 2.930871
v 2.148245 -33.369728 319.753723
vn 3.340189 1.747711 2.903566
v 6.562439 -32.886234 319.865417
vn -3.848488 0.318671 2.780239
v 2.222976 -33.748871 319.790955
vn 3.105926 3.004911 1.991432
v 6.620339 -33.196953 320.090851
vn -4.082770 1.575867 1.868104
v 2.280876 -34.059593 320.016388
vn 3.002525 3.648400 0.562224
v 6.645895 -33.355995 320.444092
vn -4.186155 2.219365 0.438891
v 2.306432 -34.218636 320.369629
vn 3.057750 3.505729 -1.001149
v 6.632257 -33.320740 320.830475
vn -4.130970 2.076729 -1.124426
v 2.292794 -34.183380 320.756012
vn 3.256634 2.615175 -2.279707
v 6.583081 -33.100636 321.146454
vn -3.932028 1.186177 -2.402985
v 2.243619 -33.963276 321.072021
vn 3.546111 1.215369 -2.930873
v 6.511544 -32.754662 321.307404
vn -3.642575 -0.213672 -3.054207
v 2.172081 -33.617298 321.232971
vn 3.848477 -0.318680 -2.780232
v 6.436813 -32.375515 321.270172
vn -3.340204 -1.747703 -2.903570
v 2.097350 -33.238155 321.195740
vn -3.304920 2.468910 -1.636706
v -0.992475 -33.725792 325.662903
vn -0.499970 1.328545 0.895001
v -5.846789 -34.690777 325.579620
vn -2.912246 -1.251889 3.016318
v -0.832310 -34.513187 325.450836
vn -0.383182 -1.457345 6.084332
v -5.686625 -35.478172 325.367554
vn -0.513003 -0.818821 6.193187
v -5.524551 -36.281643 325.230469
vn 0.095964 -1.630953 0.391654
v -5.361950 -37.094341 325.169556
vn -2.233493 -2.832830 -2.574630
v -0.507636 -36.129356 325.252838
vn -2.968724 -0.971774 3.064091
v -0.670237 -35.316658 325.313751
vn -1.076059 6.177454 0.222789
v -2.517997 -26.210209 320.768219
vn -0.543272 6.230433 0.235671
v -3.316746 -26.199043 317.997955
vn -1.227670 6.132734 0.568855
v -2.561168 -26.219088 320.772858
vn -1.190078 6.159317 0.261304
v -4.319275 -26.568581 320.742706
vn -1.129322 6.165261 0.427500
v -4.083876 -26.268616 317.131317
vn 2.640487 3.729122 0.244717
v -4.298957 -26.106796 314.208740
vn -0.131975 2.591903 3.428038
v 4.191869 -23.622515 326.168793
vn -0.225779 3.565984 -2.391647
v 4.160088 -23.292419 324.196503
vn -0.767920 6.120650 1.155761
v 0.816018 -24.143761 326.135956
vn 1.224137 2.610779 -4.317148
v -4.754679 -24.668896 324.109772
vn 1.379940 1.062321 4.889759
v -4.579883 -26.484419 334.957489
vn -0.792714 6.156483 0.936425
v 0.927253 -25.299093 333.039062
vn -0.131988 2.591900 3.428034
v 4.334884 -25.107944 335.044220
vn -0.225729 3.565830 -2.391691
v 4.303103 -24.777849 333.071899
vn 1.219873 -5.972352 -1.506698
v 0.559232 -41.688324 318.133575
vn 1.223851 -5.890284 -1.797623
v -1.198875 -42.037819 318.103424
vn 1.681360 -5.819467 -1.580213
v 0.602168 -41.678284 318.129150
vn 1.292048 -5.924295 -1.646332
v -0.919432 -41.543686 316.508453
vn 0.863805 -2.386465 -3.837709
v -0.388132 -41.054726 315.212769
vn 0.661793 -2.429640 -3.918365
v -0.616507 -41.108429 315.207489
vn 0.660868 -2.429522 -3.918475
v -0.844898 -41.162052 315.202179
vn 0.659704 -2.429941 -3.918525
v -1.073309 -41.215599 315.196899
vn 1.722289 -0.422846 -4.999524
v -1.301740 -41.269058 315.191620
vn 0.982308 -2.422861 -3.413445
v 8.236176 -44.275883 329.745270
vn 1.076051 -3.396939 2.406242
v 8.267958 -44.605976 331.717560
vn 1.649516 -5.950753 -1.129254
v 4.918446 -45.085247 329.663269
vn 1.985343 -1.973520 4.372050
v -0.493331 -46.743313 331.501038
vn 1.832762 -0.444765 -4.838463
v -0.668128 -44.927788 320.653290
vn 1.673035 -5.980202 -0.908821
v 4.807211 -43.929916 322.760162
vn 0.982278 -2.422878 -3.413452
v 8.093162 -42.790451 320.869843
vn 1.076054 -3.396811 2.406275
v 8.124943 -43.120548 322.842163
vn 3.572481 -2.333405 -1.300730
v -0.815553 -33.842003 312.955475
vn 5.827078 1.672964 -1.641137
v -1.414638 -27.687809 316.344086
vn 4.615778 0.127044 -3.064353
v 0.227125 -34.210552 316.348328
vn 3.126322 0.995587 2.244677
v -0.735506 -28.166758 318.229401
vn 2.941696 1.641643 2.104342
v -0.597675 -28.617395 318.305389
vn 1.815364 -1.142222 -2.213702
v -1.761219 -33.445187 309.511627
vn 5.790357 1.932043 -1.411482
v -2.473923 -27.587147 312.471771
vn 5.752213 1.959393 -1.519426
v -1.958693 -27.649008 314.412170
vn 2.891757 1.468720 -3.617273
v -2.959726 -27.503647 310.525330
vn 3.199829 0.384286 2.085364
v -0.841832 -27.702507 318.267151
vn 3.065789 1.296543 -3.971953
v 0.525200 -33.398010 318.000580
vn 2.819159 2.368431 1.774952
v -0.436753 -29.027901 318.488129
vn 2.944046 1.869963 -3.833833
v 0.444585 -32.918976 318.133423
vn 2.666096 2.954422 1.292934
v -0.262179 -29.375618 318.763458
vn 2.829683 2.395487 -3.575840
v 0.401591 -32.471405 318.360260
vn 2.590890 3.378691 0.745212
v -0.082274 -29.645300 319.114746
vn 2.724494 2.868603 -3.215796
v 0.397843 -32.073902 318.669647
vn 2.634361 3.251876 -2.787686
v 0.432989 -31.742197 319.045868
vn 2.538280 3.709136 0.020291
v 0.093769 -29.824554 319.520996
vn 2.550938 3.554514 -2.280645
v 0.505364 -31.485718 319.473907
vn 2.495204 3.839149 -0.631781
v 0.258527 -29.907129 319.962677
vn 2.495273 3.750842 -1.740518
v 0.611838 -31.312393 319.935608
vn 2.507006 3.831148 -1.384092
v 0.404164 -29.889715 320.417999
vn 2.456186 3.842322 -1.164124
v 0.748456 -31.226044 320.414215
vn 2.541906 3.665796 -2.068306
v 0.523680 -29.772749 320.865875
vn 2.356357 3.821260 -0.682695
v 0.910243 -31.227993 320.892639
vn 2.616721 3.360069 -2.700642
v 0.610402 -29.559883 321.284943
vn 2.731742 2.908078 -3.268360
v 0.658125 -29.259781 321.652191
vn 2.841008 2.389087 -3.682135
v 0.662213 -28.884609 321.947083
vn 1.038776 2.493844 -1.738235
v 1.655348 -31.416288 322.877197
vn 2.973345 1.738217 -3.985548
v 0.620135 -28.454500 322.149078
vn 5.687128 1.665940 -2.081269
v 0.461458 -26.759809 322.960052
vn 5.650534 1.731041 -2.117973
v 0.389035 -26.873892 322.669769
vn 3.112610 1.070151 -4.111520
v 0.533035 -27.994991 322.243530
vn 5.630311 1.808787 -2.095451
v 0.302563 -27.015326 322.316193
vn 3.245166 0.380181 -4.088510
v 0.406285 -27.535400 322.224060
vn 3.311807 -0.063189 -3.868300
v 0.248815 -27.104343 322.093872
vn 5.636030 1.946802 -1.921856
v 0.535188 -26.651680 323.247375
vn 5.592025 2.026319 -1.951197
v 0.590738 -26.665272 323.392731
vn 5.588079 1.959817 -2.042836
v 0.646490 -26.678812 323.537994
vn 2.744766 1.430589 -4.199304
v 0.702442 -26.692297 323.683197
vn 3.472818 -0.989890 1.656577
v 1.310175 -38.075474 316.691711
vn 3.179322 0.707080 -4.029673
v 0.639915 -33.887314 317.968231
vn 3.612217 -1.562630 1.104656
v 1.315809 -37.716137 317.005798
vn 3.660694 -1.975886 0.451675
v 1.363688 -37.435776 317.388275
vn 3.287707 0.124893 -3.963414
v 0.783568 -34.365036 318.037170
vn 3.392001 -0.441020 -3.780204
v 0.949915 -34.810776 318.202698
vn 3.715923 -2.198542 -0.206266
v 1.450811 -37.245495 317.818054
vn 3.480588 -0.945182 -3.503576
v 1.131684 -35.205944 318.454926
vn 3.745254 -2.274384 -1.000603
v 1.572002 -37.152824 318.270691
vn 3.550638 -1.401173 -3.126334
v 1.322813 -35.538185 318.782471
vn 3.712540 -2.195708 -1.661432
v 1.721506 -37.159775 318.725281
vn 3.607946 -1.765269 -2.681610
v 1.516256 -35.796005 319.170624
vn 3.672000 -1.944350 -2.369466
v 1.891927 -37.265232 319.159637
vn 3.643440 -2.043388 -2.168317
v 1.705840 -35.972229 319.604431
vn 3.597915 -1.569169 -2.961423
v 2.075278 -37.464718 319.553528
vn 3.574229 -2.216255 -1.712770
v 1.885368 -36.062130 320.067871
vn 3.511071 -1.073399 -3.457078
v 2.262640 -37.750774 319.887482
vn 3.418320 -0.446118 -3.844976
v 2.443533 -38.110859 320.142090
vn 3.297478 0.165691 -4.059196
v 2.607766 -38.529594 320.301514
vn 1.788373 -1.222251 -2.372257
v 2.630473 -36.250423 322.052429
vn 3.146171 0.881200 -4.131765
v 2.744081 -38.983868 320.352600
vn 5.726030 1.063451 -2.301907
v 3.288741 -40.775932 320.568695
vn 5.742784 1.214735 -2.214965
v 3.160127 -40.611454 320.325928
vn 2.805267 1.130689 -4.250445
v 3.583380 -40.974415 321.246460
vn 5.770171 1.050114 -2.199236
v 3.527427 -40.960926 321.101257
vn 5.804431 0.970668 -2.132821
v 3.471676 -40.947388 320.955994
vn 5.760848 0.970564 -2.230964
v 3.416126 -40.933796 320.810638
vn 5.747711 1.204639 -2.205519
v 3.004148 -40.408314 320.031158
vn 2.877676 2.197804 -3.780655
v 2.897926 -39.887596 320.116577
vn 3.014838 1.554773 -4.028730
v 2.842970 -39.446388 320.289734
vn 2.788439 2.525855 -3.426469
v 2.906616 -40.280270 319.845886
vn 3.402416 -0.401665 1.986522
v 1.347879 -38.495041 316.467224
vn 5.886811 1.082034 -1.867559
v 1.334233 -38.896458 316.088074
vn 5.878668 0.961175 -1.923905
v 1.242016 -38.842213 315.827850
vn 3.226214 0.208725 2.030915
v 1.427146 -38.950859 316.348022
vn 2.957636 0.955026 -3.858806
v 1.150497 -38.788120 315.567352
vn 2.572236 2.178488 -3.345948
v -3.204846 -26.882904 310.633179
vn 4.959151 3.510068 -1.208294
v -2.393354 -26.985308 313.886871
vn 4.886903 3.557845 -1.369860
v -1.994902 -27.016836 315.356232
vn 3.323632 5.133171 -0.863885
v -2.512798 -26.476465 315.513824
vn 2.683491 0.457436 1.686286
v -1.203449 -26.804884 318.746124
vn 3.040037 5.333367 -0.988334
v -1.541658 -26.492796 318.922577
vn 2.648209 0.336208 1.119481
v -1.445162 -26.510654 319.140503
vn 3.936371 2.464930 0.149256
v -1.646219 -26.335604 319.575012
vn 1.138571 6.087066 -0.443909
v -2.238889 -26.206194 319.138763
vn 3.886492 2.375085 -0.111011
v -1.677337 -26.277704 319.964386
vn 3.518231 2.494660 -0.357058
v -1.678960 -26.238436 320.357513
vn 0.125770 6.250400 -0.085728
v -2.071976 -26.169760 320.622894
vn 2.392565 0.751970 -0.862731
v -1.675418 -26.238449 320.367340
vn 2.343362 0.715254 -0.872033
v -1.671788 -26.238491 320.377136
vn 2.191700 0.608988 -0.891247
v -1.651151 -26.239136 320.428040
vn 2.038358 0.466007 -1.120132
v -1.628296 -26.240473 320.477509
vn 1.847634 2.987304 -3.146238
v -3.651821 -26.382551 310.724121
vn 3.430438 5.089774 -0.711113
v -2.902007 -26.447445 314.040344
vn 1.356957 6.035512 -0.245289
v -3.189329 -26.178734 315.710602
vn 5.142329 2.553537 -0.904089
v -4.249646 -26.059681 310.787781
vn 1.438565 6.020404 -0.187288
v -3.568752 -26.145054 314.228973
vn 3.285248 3.747079 0.098202
v -4.297982 -26.094372 314.007050
vn 2.977100 0.331834 1.862205
v -0.988537 -27.208170 318.445526
vn 5.493499 2.154410 -2.121271
v 0.405286 -26.521311 323.015594
vn 4.145628 2.355814 1.209479
v 0.353571 -26.241205 323.195618
vn 4.657314 3.418479 -2.445225
v 0.214530 -26.020739 323.194641
vn 4.845603 3.234701 -2.333865
v 0.219734 -26.049614 323.164368
vn 4.742361 3.300157 -2.446434
v 0.162435 -26.136583 322.934662
vn 5.132504 2.746659 -2.336055
v 0.296540 -26.325827 322.970703
vn 5.244820 2.476524 -2.342869
v 0.040996 -26.739925 321.924438
vn 3.090208 -0.050080 -3.720136
v 0.015644 -26.741495 321.866455
vn 4.727340 3.201820 -2.587937
v -0.093256 -26.552073 321.883636
vn 2.593037 -0.023276 -3.441725
v -0.347581 -26.467400 321.550751
vn 4.380670 3.709557 -2.538209
v -0.210045 -26.418064 321.859650
vn 3.953720 4.138585 -2.577056
v -0.339707 -26.292133 321.841949
vn 3.942705 4.156237 -2.562201
v -0.083731 -25.874714 322.900391
vn 3.499714 4.521515 -2.586026
v -0.224854 -25.757860 322.893127
vn 3.677715 4.622290 -1.976717
v -0.167759 -25.666342 323.133667
vn 3.028115 4.883157 -2.522436
v -0.319206 -25.560040 323.136810
vn 3.021735 4.906486 -2.454426
v -0.304980 -25.529545 323.214203
vn 2.529150 5.337178 -2.003315
v -0.478910 -25.467083 323.146820
vn 2.194287 5.553437 -1.616500
v -0.644782 -25.388575 323.163513
vn 2.525675 5.137817 -2.568472
v -0.535358 -25.560644 322.899475
vn 2.006842 5.381182 -2.527286
v -0.700814 -25.482771 322.913025
vn 2.549538 5.115963 -2.594062
v -0.791931 -25.980314 321.829926
vn 2.030639 5.359482 -2.560409
v -0.957639 -25.902964 321.839935
vn 2.571198 5.129570 -2.546177
v -0.930358 -26.190510 321.274902
vn 2.036676 5.400687 -2.470575
v -1.096900 -26.112564 321.286530
vn 1.778620 -0.085475 -2.535981
v -1.085690 -26.260958 320.970459
vn 2.086900 5.373958 -2.473346
v -1.204075 -26.239681 320.908722
vn 1.674816 0.042221 -2.001638
v -1.416898 -26.243948 320.714630
vn 1.494966 5.682918 -2.212987
v -1.376015 -26.176208 320.931213
vn 0.941540 5.848794 -2.077395
v -1.549746 -26.128677 320.959351
vn 0.919049 5.755787 -2.329715
v -1.439791 -26.002163 321.328979
vn 0.247383 5.868978 -2.207812
v -1.668574 -25.962540 321.369873
vn 0.250873 5.829571 -2.303746
v -1.526334 -25.752831 321.919312
vn -0.437231 5.877180 -2.152676
v -1.748608 -25.738342 321.967590
vn -0.575000 5.884318 -2.062113
v -1.490215 -25.317379 323.054413
vn -0.962497 5.872262 -2.008379
v -1.943810 -25.719454 322.094086
vn -0.899060 5.947055 -1.773753
v -1.627508 -25.193125 323.504578
vn 2.293901 -0.044300 -3.141037
v -0.666277 -26.340532 321.292938
vn 3.529703 4.490492 -2.603144
v -0.481005 -26.176132 321.830933
vn 3.025436 4.850157 -2.588242
v -0.376016 -25.652700 322.892822
vn 3.033074 4.747361 -2.753313
v -0.770055 -26.282801 321.270081
vn 3.047662 4.831571 -2.602198
v -0.632365 -26.071726 321.826904
vn -0.343016 5.805998 0.387848
v -1.564448 -26.245985 320.562012
vn 1.124333 6.015120 -1.330715
v -1.499355 -26.242462 320.646790
vn 0.900379 6.010992 -1.570041
v -1.676330 -26.195852 320.686218
vn 0.249920 5.967917 -1.929781
v -1.780314 -26.089869 321.004517
vn 0.206023 6.108263 -1.431382
v -1.911029 -26.160358 320.743866
vn -0.472574 6.003824 -1.770398
v -2.005240 -26.077908 321.056946
vn -0.517301 6.135208 -1.225017
v -2.139563 -26.153782 320.805756
vn -1.009427 5.999080 -1.563745
v -2.253704 -26.118374 321.034241
vn -1.066264 6.084833 -1.132977
v -2.348907 -26.170351 320.879120
vn -0.512965 6.227017 -0.627975
v -2.212895 -26.168325 320.746216
vn -1.089149 6.158851 -0.557951
v -2.419476 -26.191200 320.822174
vn -1.076716 5.621228 -1.707430
v -2.288952 -26.176163 320.712646
vn 0.211088 6.266842 -0.263088
v -2.054592 -26.170345 320.637177
vn 0.275648 5.694853 -1.953012
v -1.813299 -26.196205 320.559814
vn 0.208874 6.221578 -0.818518
v -1.981637 -26.169588 320.677521
vn 0.921290 6.135363 -0.967692
v -1.743836 -26.201187 320.610321
vn 1.252643 6.128134 -0.590852
v -1.631233 -26.237806 320.501678
vn -1.222106 6.129157 0.632724
v -2.557395 -26.218382 320.773315
vn -1.214016 6.134377 0.611226
v -2.551646 -26.217417 320.774902
vn -1.221053 6.140365 0.532231
v -2.539869 -26.215313 320.777435
vn -1.231787 6.114805 0.755003
v -2.560609 -26.219040 320.773376
vn -1.232645 6.116709 0.737366
v -2.560052 -26.218946 320.773529
vn 0.000000 0.000000 0.000000
v -2.558937 -26.218697 320.773315
vn -1.227835 6.143847 0.472233
v -2.530416 -26.213617 320.779694
vn -1.277682 6.140039 0.213452
v -2.521301 -26.211962 320.782013
vn -0.969269 5.909057 -1.898741
v -2.133099 -25.994583 321.380310
vn -0.454484 5.909531 -2.063906
v -1.891921 -25.948912 321.419067
vn 0.944278 5.766100 -2.257425
v -0.946549 -25.242355 323.323547
vn 0.254614 6.014712 -1.542928
v -1.213831 -25.237452 323.261963
vn -0.278081 6.028831 -1.507204
v -1.436026 -25.223713 323.316193
vn 0.229434 5.847922 -2.248126
v -1.268454 -25.331818 323.002747
vn 0.917890 5.715142 -2.423729
v -1.298730 -25.792873 321.879700
vn 1.502791 5.597320 -2.415058
v -1.267460 -26.049677 321.304688
vn 1.617966 5.671222 -2.085822
v -0.814609 -25.325232 323.186523
vn 0.877157 5.783202 -2.263909
v -0.986156 -25.277370 323.215393
vn 1.475854 5.577960 -2.465536
v -0.870202 -25.419790 322.933105
vn 0.894450 5.735006 -2.376663
v -1.041312 -25.372019 322.959320
vn 1.499227 5.556748 -2.505874
v -1.127308 -25.840378 321.856659
vn 4.087871 4.336844 -1.070278
v -0.026449 -25.784550 323.137329
vn 4.374247 4.071747 -1.483610
v 0.103131 -25.912947 323.147675
vn 4.349367 3.759657 -2.517355
v 0.045779 -26.001577 322.914368
vn 4.080941 -2.325041 -0.001907
v 7.580099 -30.377363 320.633087
vn 2.305309 3.639353 0.300828
v 7.483068 -29.921387 321.005432
vn 3.874388 -2.249067 -0.942734
v 7.602053 -30.555849 321.421570
vn 4.289989 2.696615 -1.210653
v 7.514849 -30.251482 322.977722
vn 1.598461 -1.404063 0.920349
v 7.839168 -32.031818 324.702606
vn 3.041621 0.408043 3.011395
v 6.457335 -25.181444 325.871399
vn 2.947880 1.382027 -2.808315
v 6.425553 -24.851349 323.899078
vn 2.169627 3.534463 -0.517681
v 7.498884 -29.926029 320.137329
vn 4.016464 -2.106344 1.221108
v 7.622001 -30.519533 319.838074
vn 2.257024 3.167051 -1.524867
v 7.571600 -30.221647 319.324219
vn 3.864346 -1.430102 2.254242
v 7.720906 -30.959112 319.166473
vn 2.405995 2.486335 -2.340257
v 7.692445 -30.772583 318.664124
vn 3.649362 -0.406888 2.928568
v 7.860644 -31.624228 318.728149
vn 2.599404 1.570453 -2.870235
v 7.846843 -31.512384 318.236694
vn 3.406704 0.795924 3.133783
v 8.018366 -32.406124 318.594757
vn 2.809236 0.530238 -3.047714
v 8.016171 -32.351826 318.093475
vn 3.010139 -0.508015 -2.851192
v 8.180007 -33.189651 318.251740
vn 3.176116 1.981737 2.836362
v 8.168283 -33.176960 318.788086
vn 3.181721 -1.416310 -2.306787
v 8.318589 -33.924809 318.692413
vn 2.995183 2.956636 2.084944
v 8.285881 -33.810688 319.276550
vn 3.304171 -2.089935 -1.477299
v 8.415201 -34.468632 319.362305
vn 2.893591 3.561219 1.002379
v 8.351933 -34.203693 319.980255
vn 3.521733 -2.391048 -0.728061
v 8.458193 -34.755524 320.180634
vn 2.670855 3.717363 0.075226
v 8.355639 -34.291718 320.784180
vn 4.902681 -0.340771 -1.728875
v 8.489974 -35.085617 322.152954
vn 1.006595 1.530080 1.420961
v 8.229218 -33.965473 324.372711
vn 3.157838 -0.168328 2.913059
v 9.611051 -40.815845 323.203949
vn 3.064144 0.805768 -2.906635
v 9.579269 -40.485752 321.231628
vn 0.656587 3.420053 -2.236731
v 4.918390 -23.319035 324.179810
vn 0.744297 2.509047 3.206464
v 4.950171 -23.649128 326.152130
vn 1.725224 2.952088 -2.332270
v 5.611290 -23.622450 324.117859
vn 1.812975 2.041128 3.110942
v 5.643071 -23.952545 326.090179
vn 2.539098 2.124599 -2.483873
v 6.139009 -24.158974 324.019562
vn 2.626843 1.213677 2.959337
v 6.170790 -24.489069 325.991882
vn -0.847799 -2.542237 4.876613
v 1.656485 -30.853928 334.125702
vn -0.111303 -3.304234 3.401971
v -0.655600 -31.313545 334.086029
vn -2.282496 -3.508255 0.817278
v 1.715313 -31.044081 332.900024
vn -2.115342 -2.623489 1.699026
v -1.566777 -31.526930 333.659393
vn -2.758781 -3.506372 1.086481
v -1.485115 -31.830328 332.415009
vn -2.364526 -3.208992 1.536988
v 1.830420 -31.524809 331.760925
vn -2.844873 -3.129312 1.787365
v -1.345687 -32.434742 331.291382
vn -2.467807 -2.746440 2.150132
v 1.994706 -32.266468 330.778687
vn -2.961489 -2.589349 2.366738
v -1.157680 -33.300343 330.362610
vn -2.595160 -2.149450 2.627571
v 2.198038 -33.223309 330.013824
vn -3.100947 -1.922063 2.786399
v -0.933481 -34.370102 329.689850
vn -2.738848 -1.454862 2.939868
v 2.427876 -34.336323 329.513550
vn -3.254017 -1.171425 3.018700
v -0.687864 -35.573528 329.317444
vn -2.889987 -0.705565 3.067710
v 2.670045 -35.536861 329.308716
vn -3.410614 -0.386904 3.048317
v -0.437011 -36.831329 329.269928
vn -3.039256 0.052179 3.003210
v 2.909608 -36.750881 329.411957
vn -3.560366 0.379754 2.873314
v -0.197452 -38.060631 329.550446
vn -3.177397 0.771625 2.750349
v 3.131790 -37.903507 329.816895
vn -3.693566 1.078030 2.505195
v 0.015029 -39.180431 330.140472
vn -3.295962 1.408337 2.324752
v 3.322888 -38.923649 330.498596
vn -3.801311 1.661907 1.968266
v 0.186432 -40.116947 331.001190
vn -3.387405 1.923030 1.752717
v 3.471116 -39.748390 331.414948
vn -2.825363 0.943038 2.308282
v 0.305462 -40.808472 332.075836
vn -1.443763 0.337124 5.358164
v 3.567332 -40.326862 332.509491
vn -1.095764 1.813819 4.135102
v 1.255247 -40.786480 332.469818
vn -2.719463 3.345870 2.867716
v 1.103201 -44.763226 331.401093
vn -3.481555 2.121610 1.427700
v 1.008650 -44.166702 330.000366
vn -3.431838 1.836544 1.872475
v 0.867647 -43.347034 328.721680
vn -3.367280 1.482084 2.261994
v 0.684244 -42.327778 327.601746
vn -3.290609 1.068804 2.584769
v 0.463708 -41.138203 326.672729
vn -3.215711 0.612400 2.829783
v 0.212375 -39.812485 325.961334
vn -3.119097 0.103455 2.999034
v -0.062537 -38.388702 325.487976
vn -3.369084 -0.295247 -3.147749
v -0.405427 -36.650581 325.334717
vn -3.081687 1.670951 -2.705118
v -0.353128 -36.907761 325.266266
vn -2.558099 -2.647770 2.273555
v -1.670597 -30.477736 327.553986
vn -2.652567 -2.225332 2.601078
v -1.418129 -31.668417 326.634552
vn -3.426661 -0.009868 -3.099061
v -1.089333 -33.260151 325.913177
vn -2.366577 -1.866414 -3.260320
v -1.142401 -32.994980 325.933838
vn -2.404331 -3.280133 1.448240
v -2.077622 -28.635952 329.937775
vn -2.470974 -2.994801 1.891368
v -1.892554 -29.457142 328.665680
vn -2.353781 -3.487288 0.964069
v -2.220486 -28.037756 331.333679
vn -2.322136 -3.612270 0.450093
v -2.317042 -27.679735 332.813293
vn -1.065495 -4.849309 1.470007
v -2.364516 -27.572176 334.334137
vn -3.585150 0.762775 -2.812751
v -1.038101 -33.509876 325.820587
vn -3.205654 -1.117957 -3.133621
v -0.458224 -36.384594 325.330109
vn -1.936000 1.654305 4.002449
v 2.871262 -28.343168 334.526337
vn 1.514924 3.715954 0.586410
v 2.812716 -27.857323 331.566498
vn -0.535482 2.330661 4.108387
v 2.418661 -28.564497 334.496613
vn -1.594689 1.293935 -2.780788
v 2.636927 -27.071777 326.447662
vn -0.454722 2.599540 -2.982012
v 2.289407 -27.222004 326.475220
vn -2.822001 0.355838 3.784419
v 3.151639 -27.928562 334.591217
vn -0.461394 2.809538 -1.971463
v 3.025337 -27.729954 332.248810
vn 0.535955 3.339112 -0.770782
v 2.878154 -27.863050 331.935211
vn -1.386365 1.583936 -2.724729
v 3.150587 -27.443476 332.461395
vn -2.923828 -1.192269 3.531362
v 3.184664 -27.431768 334.673828
vn -1.762094 0.190366 -3.218465
v 3.150754 -27.079561 332.569397
vn -0.963662 -1.064850 -3.243186
v 3.006415 -26.728750 332.583344
vn -2.229670 -2.580742 3.283394
v 2.961490 -26.985905 334.752045
vn 0.524188 -1.969972 -2.768316
v 2.768979 -26.459072 332.465637
vn -0.907315 -3.445288 3.132362
v 2.541914 -26.710440 334.804901
vn 1.708022 -2.449961 -1.750763
v 2.562624 -26.298826 332.202087
vn 2.912083 -2.853467 -0.524683
v 2.480600 -26.210875 331.847412
vn 0.651230 -3.538566 3.112200
v 2.038363 -26.679184 334.818268
vn 0.534046 -2.329041 -4.114348
v 1.863566 -24.863661 323.970520
vn 1.942169 -1.640034 -4.022410
v 1.410965 -25.084990 323.940765
vn 2.058707 -2.850040 3.206470
v 1.585761 -26.900513 334.788513
vn 2.814900 -0.349821 -3.820549
v 1.130588 -25.499598 323.875916
vn 2.931356 -1.559591 3.408381
v 1.305385 -27.315121 334.723633
vn 2.918535 1.194541 -3.561303
v 1.097562 -25.996389 323.793304
vn 3.034290 -0.013598 3.664852
v 1.272359 -27.811914 334.641022
vn 3.794075 -1.549371 -0.320063
v 1.343123 -26.761646 325.689331
vn 2.342400 1.373671 3.902169
v 1.495534 -28.257778 334.562805
vn 3.145663 -0.328276 -1.424168
v 1.404140 -26.880661 326.039154
vn 2.396977 0.830564 -2.346001
v 1.591752 -27.068623 326.298370
vn 1.033294 2.235308 4.063305
v 1.915110 -28.533241 334.509949
vn 1.073988 1.812482 -2.733000
v 1.911968 -27.215891 326.435242
vn 1.149772 0.837767 3.130630
v 1.885920 -26.945349 324.818756
vn -0.386908 1.622975 3.748052
v 2.261884 -26.936134 324.767151
vn -0.651152 3.539787 -3.059005
v 2.243865 -26.748974 323.648865
vn -1.487608 0.313463 3.085272
v 2.610879 -26.801235 324.831177
vn -2.063268 2.849271 -3.143806
v 2.696466 -26.527645 323.678619
vn -2.396133 -0.945148 2.346190
v 2.860007 -26.596087 325.028198
vn -2.943266 1.537206 -3.372716
v 2.976843 -26.113037 323.743500
vn -2.684216 -1.924813 1.036158
v 2.979141 -26.444576 325.345306
vn -2.830508 -2.385616 -0.351955
v 3.013143 -26.429665 325.717987
vn -1.290117 0.608856 3.139404
v 3.124539 -27.172934 330.844910
vn -2.737922 -1.527602 -1.529637
v 2.990761 -26.565258 326.066376
vn -0.398059 1.996567 2.777613
v 3.004514 -27.513672 330.956512
vn -2.437264 -0.135279 -2.413739
v 2.880830 -26.812368 326.320465
vn 0.601529 2.930663 1.805108
v 2.866535 -27.742367 331.214142
vn 2.242151 2.566872 -3.286609
v 1.320737 -26.442253 323.715088
vn 3.184543 -0.755454 1.143815
v 1.392521 -26.759979 325.318085
vn 2.493322 0.018824 2.419482
v 1.570929 -26.852341 325.006073
vn 0.919566 3.442173 -3.092658
v 1.740313 -26.717718 323.662201
vn -1.030323 -2.235277 -4.066630
v 2.367117 -24.894917 323.957184
vn 1.751015 -2.877797 0.801760
v 2.551005 -26.178143 331.481018
vn 0.590045 -2.754216 1.955903
v 2.748156 -26.242788 331.173340
vn -2.341388 -1.377109 -3.897149
v 2.786693 -25.170382 323.904327
vn -0.922525 -2.109842 2.786388
v 2.980367 -26.458208 330.966858
vn -3.035730 0.011231 -3.655024
v 3.009868 -25.616245 323.826111
vn -1.660208 -0.878161 3.158998
v 3.123231 -26.793690 330.861328
vn 3.064073 0.805705 -2.906642
v 9.722284 -41.971180 330.107025
vn 2.947905 1.382035 -2.808313
v 6.568568 -26.336777 332.774506
vn 3.157903 -0.168272 2.913069
v 9.754066 -42.301277 332.079346
vn 3.041609 0.408042 3.011395
v 6.600349 -26.666872 334.746826
vn 1.817281 -1.530619 -2.187493
v 7.304848 -43.410133 329.843109
vn 0.383656 0.897322 -6.172969
v 7.028622 -43.787186 329.846497
vn -0.096145 1.002369 -5.988122
v 5.202965 -34.736576 331.390686
vn 3.540059 -1.847731 -2.217233
v 6.711061 -44.106277 329.723938
vn 2.891805 1.460186 -5.136555
v 4.710502 -34.811935 331.250153
vn -1.717536 0.199726 -3.188204
v 6.271154 -42.548798 329.930115
vn -0.878599 -1.012429 -3.167812
v 6.129917 -42.202667 329.944763
vn -1.481542 1.571933 -2.775974
v 6.272133 -42.907696 329.824463
vn 4.268623 -2.058682 -2.308837
v 6.405574 -44.322380 329.454590
vn -0.472194 2.783423 -1.980031
v 6.151192 -43.191692 329.618561
vn 0.509405 3.346755 -0.813565
v 6.000402 -43.331329 329.301117
vn 4.552262 -2.358845 -1.264255
v 6.194007 -44.405277 329.051270
vn 1.588158 3.726516 0.590609
v 5.933115 -43.326561 328.927216
vn 4.631128 -2.550300 -0.085656
v 6.154304 -44.351799 328.600189
vn 0.574870 2.881680 1.813006
v 5.988625 -43.209000 328.570190
vn 4.464038 -2.643730 1.051761
v 6.301468 -44.175304 328.194305
vn -0.445379 1.975089 2.827078
v 6.130122 -42.972847 328.310974
vn 3.930419 -2.697358 1.926690
v 6.572966 -43.909168 327.943085
vn -1.301077 0.591548 3.138217
v 6.246038 -42.636658 328.205017
vn -1.985847 -0.959821 3.278778
v 6.243631 -42.262928 328.222046
vn 3.211593 -2.644673 2.435549
v 6.893945 -43.574581 327.864197
vn 3.058715 -0.276003 5.238873
v 4.682978 -34.526066 329.542053
vn 0.097305 -1.002228 5.988223
v 5.171184 -34.406479 329.418365
vn 2.471628 2.973076 3.181238
v 2.962395 -25.199127 331.056702
vn 1.851430 2.544803 3.413811
v 3.346432 -25.360357 330.961761
vn 1.155347 2.083855 3.299379
v 3.775071 -25.624445 330.982361
vn -2.893826 -1.459613 5.135345
v 5.663648 -34.331120 329.558899
vn 0.406381 1.703624 2.802857
v 4.152647 -25.944317 331.121155
vn -5.109841 -1.525043 2.904147
v 6.028414 -34.320175 329.925995
vn -0.235272 1.491437 1.976307
v 4.439754 -26.264582 331.370850
vn -0.577266 1.477132 1.108116
v 4.536104 -26.399958 331.552673
vn -5.956017 -1.182233 -0.108961
v 6.167776 -34.376930 330.423431
vn -0.606048 1.504968 0.236507
v 4.574349 -26.477810 331.773285
vn -0.577791 1.722139 -0.546867
v 4.541996 -26.473976 332.004608
vn -5.205111 -0.522127 -3.086233
v 6.044305 -34.485222 330.912170
vn -0.254530 1.995950 -1.296661
v 4.453616 -26.406626 332.218597
vn 0.376952 2.467082 -2.074517
v 4.176542 -26.186815 332.567627
vn -3.060467 0.276446 -5.237692
v 5.691171 -34.616989 331.266968
vn 0.948933 2.785732 -1.602685
v 3.806883 -25.932581 332.814209
vn 0.250761 1.320752 -6.107269
v 3.378214 -25.690453 332.934082
vn 2.321945 3.533738 -1.189378
v 2.991536 -25.508802 332.908722
vn 5.110163 1.526540 -2.905216
v 4.345735 -34.822880 330.883026
vn 5.955531 1.184216 0.102243
v 4.206405 -34.766472 330.387695
vn 5.206695 0.524470 3.082199
v 4.329844 -34.657833 329.896881
vn 2.992744 3.405431 2.599884
v 2.607174 -25.113386 331.277802
vn 2.369846 -2.504579 2.585443
v 7.182596 -43.225910 327.936890
vn 1.557779 -2.315019 2.364415
v 7.430499 -42.866608 328.129730
vn 0.826910 -2.132914 1.810751
v 7.612900 -42.546665 328.409851
vn 0.238012 -1.942084 0.897378
v 7.732540 -42.309719 328.786194
vn 0.031530 -1.639267 -0.014221
v 7.759370 -42.273708 329.001678
vn 0.025448 -1.581863 -0.805349
v 7.757703 -42.325165 329.213165
vn 0.173630 -1.460858 -1.434412
v 7.729276 -42.449074 329.390289
vn 0.558928 -1.365320 -2.066741
v 7.678331 -42.618332 329.535278
vn 1.205570 -1.390312 -2.857772
v 7.526217 -43.002308 329.735626
vn 3.346536 3.785110 1.702574
v 2.355819 -25.104750 331.615631
vn 3.330718 4.064824 0.637659
v 2.267446 -25.154169 332.027649
vn 3.187351 4.162499 -0.426749
v 2.368401 -25.240831 332.429413
vn 2.955395 4.075611 -1.445405
v 2.630154 -25.357702 332.738647
vn 0.469719 -1.970532 -2.807773
v 5.897828 -41.935654 329.832855
vn 1.689431 -2.454988 -1.782078
v 5.685427 -41.769852 329.567535
vn 2.368548 -2.782384 -0.504603
v 5.601000 -41.680111 329.208130
vn 1.762532 -2.904308 0.832592
v 5.673649 -41.647522 328.836609
vn 0.526667 -2.760733 1.987284
v 5.876758 -41.716808 328.525269
vn -0.779198 -1.998586 2.694581
v 6.103822 -41.931629 328.325317
vn -2.523649 -1.012556 2.949125
v 3.773159 -31.910429 324.033722
vn -2.827185 0.521930 2.798922
v 3.872801 -32.415955 324.083374
vn -2.233011 -2.412423 2.297410
v 3.677776 -31.449127 324.248322
vn -2.032833 -3.302547 1.018383
v 3.612208 -31.155655 324.669678
vn -3.063151 1.779130 1.886852
v 3.950001 -32.830250 324.383972
vn -1.978307 -3.445431 -0.543883
v 3.594025 -31.108648 325.184845
vn -3.165885 2.423472 0.455532
v 3.984075 -33.042305 324.854950
vn -2.084364 -2.803206 -1.973809
v 3.628098 -31.320704 325.655823
vn -3.111374 2.281028 -1.106078
v 3.965892 -32.995296 325.370117
vn -2.325550 -1.550813 -2.886830
v 3.705299 -31.734999 325.956421
vn -2.920190 1.391505 -2.385391
v 3.900324 -32.701824 325.791443
vn -2.635368 -0.012634 -3.040203
v 3.804940 -32.240524 326.006042
vn -0.405606 -1.520747 6.002469
v -1.444533 -27.402447 334.753326
vn -0.639958 6.155934 -0.858436
v -1.552953 -25.126131 323.735840
vn -0.980971 6.191181 -0.020523
v -1.668111 -25.135439 323.830353
vn -0.227523 6.095929 0.618185
v -1.527330 -25.118361 323.811035
vn 0.353292 1.792118 2.775852
v -1.665572 -25.135603 323.845428
vn -1.121583 6.129041 0.503395
v -1.816964 -25.165115 323.877991
vn -1.024333 6.176507 -0.371600
v -1.671332 -25.136702 323.810089
vn -1.085813 6.145245 -0.706076
v -1.675404 -25.140116 323.782928
vn -1.127010 6.109711 -0.921473
v -1.677356 -25.142282 323.769348
vn -1.219975 6.121741 -0.564810
v -1.815218 -25.166384 323.790863
vn -1.144801 6.072545 -1.126204
v -1.684761 -25.152843 323.715271
vn -1.196497 6.052681 -1.177489
v -1.811048 -25.179916 323.704651
vn -1.153484 6.032999 -1.318125
v -1.688287 -25.159031 323.688293
vn -1.174914 6.001852 -1.437885
v -1.805999 -25.197948 323.619293
vn -0.864684 6.007582 -1.584701
v -1.602902 -25.167898 323.581848
vn -1.157524 5.985103 -1.520554
v -1.701823 -25.187170 323.580933
vn -1.162891 5.969365 -1.578277
v -1.800447 -25.218565 323.534546
vn -0.802682 6.061860 -1.382335
v -1.578080 -25.145002 323.658966
vn 1.761555 2.143182 -4.162930
v -0.042898 -25.730511 323.203125
vn 2.892212 2.581704 -4.074666
v 0.161499 -25.948448 323.199158
vn 4.738048 3.360147 -2.382320
v 0.217197 -26.019846 323.201050
vn 4.781151 3.366436 -2.284076
v 0.232028 -26.015045 323.238068
vn 5.065862 2.981800 -2.196031
v 0.328998 -26.164562 323.237183
vn 5.096845 2.989461 -2.116614
v 0.331353 -26.163721 323.243958
vn 5.366867 2.521490 -2.059393
v 0.413436 -26.319948 323.243591
vn 5.375018 2.524651 -2.033357
v 0.414876 -26.319242 323.248230
vn 5.576827 2.024637 -2.049438
v 0.481891 -26.483034 323.245514
vn 5.585755 2.029061 -2.020085
v 0.483374 -26.482332 323.250275
vn 0.753006 3.315953 -4.098810
v -0.609386 -25.353485 323.272980
vn 1.402377 3.764843 -4.007031
v -0.451615 -25.433115 323.246979
vn 3.137570 4.852976 -2.426197
v -0.299408 -25.527004 323.226166
vn 3.198534 4.860745 -2.326686
v -0.268403 -25.513601 323.294525
vn 3.894107 4.323507 -2.306769
v -0.018735 -25.722044 323.258057
vn 3.937305 4.333079 -2.225298
v -0.013192 -25.720282 323.271210
vn 4.506757 3.781191 -2.181873
v 0.182497 -25.941734 323.250427
vn 4.541956 3.790543 -2.086637
v 0.186321 -25.940628 323.260406
vn 4.850351 3.388046 -2.099954
v 0.238715 -26.013039 323.255890
vn 4.895249 3.401778 -1.968297
v 0.245127 -26.011265 323.274139
vn 5.144894 3.004175 -1.972021
v 0.338253 -26.161358 323.264679
vn 5.186140 2.757903 0.127202
v 0.340546 -26.160662 323.271942
vn 4.129739 1.677127 1.694819
v 0.419295 -26.317394 323.262512
vn 5.010036 3.429429 -1.453181
v 0.254312 -26.009222 323.303955
vn 3.967172 1.284187 1.807226
v 0.484144 -26.482044 323.252716
vn -0.802964 3.983622 -3.683215
v -1.280672 -25.181019 323.424408
vn -0.455672 4.236985 -3.715138
v -1.195291 -25.189310 323.401855
vn 0.351613 5.528780 -2.764061
v -1.024701 -25.217518 323.359589
vn 0.757620 5.921988 -1.937283
v -0.985754 -25.189724 323.455322
vn 1.118112 5.838883 -2.020491
v -0.900673 -25.211292 323.432953
vn 1.169953 5.868043 -1.907059
v -0.891639 -25.205753 323.454987
vn 1.579021 5.738789 -1.989425
v -0.780044 -25.240730 323.426086
vn 1.628727 5.762229 -1.872042
v -0.771203 -25.235931 323.447418
vn 2.181945 5.539486 -1.968759
v -0.555962 -25.325583 323.393616
vn 2.263814 5.571934 -1.765125
v -0.539652 -25.318615 323.433136
vn 2.806825 5.290272 -1.855057
v -0.386525 -25.403610 323.394684
vn 3.053778 5.237166 -0.287189
v -0.379299 -25.401478 323.413452
vn 3.489069 4.950008 -1.564705
v -0.233738 -25.501282 323.377686
vn 3.763357 4.870589 -0.798831
v -0.221951 -25.500196 323.413788
vn 4.151153 3.864920 0.435687
v 0.008033 -25.714077 323.325134
vn 4.712101 3.861966 -0.678083
v 0.197233 -25.937815 323.291321
vn 4.948573 3.418266 -1.796993
v 0.248240 -26.010490 323.283630
vn 4.595527 3.802397 -1.940569
v 0.193694 -25.938650 323.280762
vn -0.194727 6.038246 -1.675855
v -1.242694 -25.149555 323.527405
vn 0.342155 5.989985 -1.844185
v -1.156838 -25.158882 323.502594
vn 0.388218 6.023881 -1.725908
v -1.147817 -25.152466 323.526367
vn 0.808432 5.953731 -1.820312
v -0.976684 -25.183842 323.477966
vn 0.860464 5.983005 -1.689065
v -0.967659 -25.178303 323.500702
vn 1.222268 5.895176 -1.781578
v -0.882667 -25.200521 323.477142
vn 1.300736 5.933021 -1.586680
v -0.865013 -25.191467 323.521790
vn 1.705446 5.796000 -1.686123
v -0.753888 -25.227549 323.490509
vn 2.086967 5.776770 -0.737251
v -0.745461 -25.224138 323.512390
vn 2.704571 5.167285 0.378099
v -0.531848 -25.315929 323.453339
vn 1.905460 5.850518 0.138580
v -0.840310 -25.185614 323.590332
vn -0.151940 6.073370 -1.556560
v -1.233754 -25.142929 323.551636
vn 0.438330 6.054151 -1.595754
v -1.138811 -25.146418 323.550140
vn 0.940315 6.023618 -1.485914
v -0.949827 -25.168779 323.546417
vn 1.447912 5.986403 -1.153618
v -0.856353 -25.187820 323.544403
vn -0.103896 6.102620 -1.430723
v -1.224819 -25.136671 323.575897
vn -0.027771 6.145417 -1.230771
v -1.206986 -25.125830 323.624420
vn 0.678694 5.784839 0.736436
v -1.198004 -25.121433 323.648682
vn 0.965971 5.899435 0.404742
v -1.111932 -25.131802 323.621674
vn 1.122883 6.084518 -0.692502
v -0.941028 -25.164988 323.569489
vn 5.576705 2.023262 -2.053081
v 0.481161 -26.483419 323.243164
vn 5.568058 2.018105 -2.077255
v 0.480430 -26.483807 323.240784
vn 2.501597 0.623459 -4.073802
v 0.477166 -26.485157 323.230896
vn 1.044616 5.815691 -2.126348
v -0.939608 -25.237425 323.339905
vn 1.034598 4.864450 -3.410934
v -0.827535 -25.269674 323.315430
vn 2.086247 5.496763 -2.180797
v -0.572754 -25.333738 323.354675
vn 2.631605 5.222737 -2.269502
v -0.417429 -25.416435 323.322205
vn 2.679469 5.241784 -2.174027
v -0.409573 -25.412914 323.340149
vn 3.244596 4.874181 -2.242551
v -0.261286 -25.510773 323.310852
vn 3.279379 4.881616 -2.167693
v -0.254198 -25.508009 323.327240
vn 3.967247 4.336223 -2.158101
v -0.007702 -25.718548 323.284393
vn 4.030580 4.350682 -1.994234
v 0.002979 -25.715338 323.311249
vn 1.527363 5.711668 -2.098955
v -0.788963 -25.245789 323.404877
vn 4.464912 3.769899 -2.280042
v 0.178595 -25.942900 323.240509
vn 3.133170 1.644564 -4.119933
v 0.318565 -26.168161 323.208954
vn 2.908807 1.165242 -4.127691
v 0.405415 -26.323298 323.219666
vn 5.346568 2.514727 -2.115076
v 0.411984 -26.320662 323.238953
vn 2.136296 5.519997 -2.077719
v -0.564320 -25.329565 323.374084
vn 4.819034 3.377855 -2.189002
v 0.235405 -26.014017 323.246948
vn 0.516692 6.096239 -1.395827
v -1.120896 -25.135988 323.597809
vn 2.721327 5.257154 -2.076279
v -0.401770 -25.409531 323.358154
vn 3.358541 4.907897 -1.961726
v -0.240305 -25.503054 323.360504
vn 5.116535 2.995507 -2.058930
v 0.333673 -26.162899 323.250793
vn 5.390239 2.530081 -1.984559
v 0.417786 -26.317942 323.257629
vn -0.465910 3.603491 -2.709595
v -1.779433 -25.174475 323.977203
vn 0.911598 6.068474 0.393201
v -0.990886 -25.155270 323.945648
vn 0.987252 6.105444 -0.071419
v -1.031462 -25.145267 323.839050
vn 2.608481 5.522590 -0.995486
v -0.324412 -25.413141 323.545135
vn 3.099014 5.312691 -0.578764
v -0.284079 -25.423084 323.651093
vn 4.478851 4.077562 -1.518619
v 0.255370 -25.971695 323.394043
vn 2.173808 2.499460 -4.044270
v 0.380211 -25.965267 323.810059
vn 5.086463 3.266226 -1.627082
v 0.375547 -26.001005 323.707886
vn 2.293953 1.843643 -4.713013
v 0.581039 -26.311543 323.748871
vn 0.632509 3.530665 -3.538511
v -0.971471 -25.159063 323.966766
vn 1.480470 3.126688 -3.828173
v -0.213402 -25.430782 323.909088
vn 2.626823 1.213668 2.959338
v 6.313805 -25.974499 334.867310
vn 2.539032 2.124558 -2.483880
v 6.282024 -25.644403 332.894989
vn 1.812951 2.041102 3.110934
v 5.786087 -25.437973 334.965607
vn 1.725222 2.952082 -2.332268
v 5.754305 -25.107878 332.993286
vn 0.744302 2.509024 3.206464
v 5.093186 -25.134558 335.027557
vn 0.656611 3.420051 -2.236724
v 5.061405 -24.804462 333.055237
vn 3.279187 2.082133 -2.630329
v 5.362163 -27.419638 326.485321
vn 3.450177 1.144724 -2.832111
v 5.246997 -26.985388 326.587891
vn 2.986641 1.312286 -3.121437
v 5.458183 -28.416950 332.444244
vn 2.797143 1.818049 -3.141757
v 5.187034 -27.577681 332.589081
vn 3.543044 0.185058 -2.551276
v 5.088855 -26.555340 326.475494
vn 3.641843 -0.722002 -1.656050
v 4.949193 -26.229681 326.178833
vn 2.410183 -3.854287 1.572887
v 4.886477 -26.057266 325.750122
vn 2.467585 2.377551 -3.004936
v 4.733566 -26.819252 332.723328
vn 2.306629 1.578320 3.642610
v 4.311772 -25.304083 325.885437
vn 1.728996 2.044822 3.727765
v 3.571779 -24.707590 325.997192
vn 1.055383 2.361449 3.791230
v 2.708857 -24.301933 326.078979
vn 0.321702 2.510520 3.833398
v 1.772401 -24.110334 326.126160
vn 0.103400 3.628434 -2.766482
v 1.766646 -25.257595 333.032501
vn 0.727497 3.532775 -2.722654
v 2.595835 -25.389996 332.996979
vn 1.998648 2.881847 -2.880097
v 4.120421 -26.179527 332.840271
vn 2.987264 -0.097615 -2.863011
v 9.726392 -42.719700 329.981689
vn 2.557248 -1.172385 -3.035966
v 9.447471 -43.416576 329.869568
vn 3.053475 0.980877 -3.177981
v 7.890661 -40.475849 330.386810
vn 3.067892 0.476043 -3.370930
v 7.965954 -41.354050 330.238617
vn 1.752460 -2.012697 -3.163636
v 8.925687 -43.961456 329.786774
vn 2.984267 -0.175271 -3.438528
v 7.841630 -42.227337 330.094482
vn 2.750027 -0.835054 -3.496541
v 7.523899 -43.052109 329.961548
vn 1.830677 -1.926281 -3.662607
v 6.423110 -44.363537 329.759796
vn 1.286793 -2.233755 -3.767423
v 5.709212 -44.802689 329.697815
vn 3.645686 0.265112 -2.940331
v 7.794641 -39.478535 324.427887
vn 3.850405 -0.880261 -2.552873
v 7.719261 -39.087166 324.286865
vn 4.600286 2.244467 1.482616
v 6.758213 -34.257893 324.347473
vn 5.192151 -0.689677 0.982006
v 6.368163 -32.324238 324.677368
vn 4.021539 -1.800198 -1.651373
v 7.664696 -38.787392 323.993805
vn 1.112017 -3.389559 2.676048
v 7.640701 -38.632786 323.601044
vn 2.271555 3.637987 0.068377
v 6.884634 -34.584137 320.758942
vn 2.094980 3.402462 0.988678
v 6.880929 -34.496113 319.955017
vn 2.196609 2.797890 2.071242
v 6.814877 -34.103107 319.251312
vn 2.377494 1.822975 2.822659
v 6.697278 -33.469379 318.762848
vn 2.608148 0.637180 3.120090
v 6.547362 -32.698544 318.569519
vn 2.850747 -0.565646 2.914866
v 6.389640 -31.916647 318.702911
vn 3.065716 -1.588859 2.240542
v 6.249902 -31.251534 319.141235
vn 3.217898 -2.265091 1.207410
v 6.150996 -30.811953 319.812836
vn 3.282338 -2.483793 -0.015610
v 6.109095 -30.669783 320.607849
vn 3.475082 -2.328448 -0.949587
v 6.131048 -30.848270 321.396332
vn -0.078609 2.513049 3.683106
v 5.485675 -27.949345 325.423798
vn 2.930475 3.608592 -0.728528
v 5.474813 -27.931141 325.846039
vn 3.061325 3.031717 -1.885414
v 5.431034 -27.743387 326.222290
vn -0.923656 -2.571507 4.762851
v 5.095625 -26.015690 325.753723
vn 3.137216 -2.645876 2.889539
v -1.559006 -26.716063 318.899963
vn 2.871459 -1.350933 3.889671
v -1.430546 -27.321320 318.425415
vn 2.566600 0.236800 4.310228
v -1.280365 -28.059368 318.223480
vn 2.243714 1.837339 4.091235
v -1.131294 -28.818016 318.324860
vn 1.959900 3.270040 3.253672
v -1.005992 -29.481937 318.714142
vn 1.765288 4.263272 1.928026
v -0.923507 -29.950212 319.332184
vn 1.700891 4.677629 0.323388
v -0.896378 -30.151655 320.084991
vn 1.766286 4.469466 -1.319239
v -0.928729 -30.055645 320.858154
vn 1.936797 3.660723 -2.766248
v -1.015642 -29.676777 321.534149
vn 2.204453 2.375008 -3.780692
v -1.143905 -29.072641 322.010193
vn 2.533293 0.794583 -4.209559
v -1.294020 -28.335075 322.213928
vn 2.849218 -0.816983 -3.995244
v -1.443169 -27.576199 322.114410
vn 3.122676 -2.227082 -3.185123
v -1.568679 -26.911367 321.726715
vn 3.369676 -3.206158 -1.934863
v -1.651471 -26.441647 321.109833
vn 4.101449 -3.709908 -0.689259
v -1.939980 -27.318956 320.375977
vn 3.946804 -2.755957 -2.810528
v -1.905906 -27.531010 320.846954
vn 3.592086 -0.891316 -4.175989
v -1.828706 -27.945305 321.147522
vn 3.148749 1.374068 -4.393658
v -1.729065 -28.450830 321.197174
vn 2.719010 3.462084 -3.417982
v -1.633681 -28.912132 320.982574
vn 2.403981 4.792432 -1.525377
v -1.568113 -29.205605 320.561249
vn 2.317558 5.000566 0.789271
v -1.549930 -29.252611 320.046051
vn 2.485946 4.032861 2.926582
v -1.584004 -29.040556 319.575073
vn 2.836564 2.168612 4.286884
v -1.661204 -28.626261 319.274506
vn 3.288296 -0.094677 4.503690
v -1.760846 -28.120735 319.224854
vn 3.723907 -2.182385 3.527350
v -1.856229 -27.659433 319.439453
vn 4.018309 -3.497553 1.638654
v -1.921797 -27.365963 319.860779
vn 1.613949 -2.004723 -3.832706
v 0.309623 -40.753616 315.251923
vn 3.342219 -4.702881 -2.294572
v 0.727674 -41.038464 316.521454
vn 2.631659 -5.322896 -0.548655
v 1.020163 -41.498898 318.007507
vn 2.421370 -1.162411 -3.951785
v 0.849958 -40.225853 315.331543
vn 4.753078 -3.165175 -2.450641
v 1.249357 -40.457474 316.453857
vn 4.590841 -0.702767 -0.376302
v 1.283571 -40.859901 317.096954
vn 2.637968 0.342600 1.124187
v 1.375790 -40.491505 316.753571
vn 2.742100 0.070923 1.585014
v 1.462556 -40.018970 316.490723
vn 2.907979 0.033122 -3.912396
v 1.147636 -39.537590 315.441956
vn 2.979411 0.256762 1.806018
v 1.489482 -39.491920 316.349426
vn 4.485343 -0.560202 -0.610411
v 1.301708 -41.046181 317.444672
vn 4.168195 -0.728362 -0.907429
v 1.340309 -41.206322 317.803772
vn 2.441458 0.522506 -0.903347
v 1.344209 -41.208115 317.813293
vn 2.377110 0.539881 -0.902358
v 1.348178 -41.209831 317.822784
vn 2.197600 0.581283 -0.895959
v 1.370277 -41.217728 317.872467
vn 1.971068 0.777216 -1.201658
v 1.394073 -41.223728 317.921143
vn 2.635995 2.341146 -3.213121
v 2.813383 -40.611156 319.500061
vn 5.365668 -0.482244 -3.121537
v 2.785307 -40.822414 319.448914
vn 5.367788 -0.370407 -3.049742
v 3.245857 -41.422504 320.326660
vn 5.466542 -0.277866 -2.835647
v 3.346373 -41.549782 320.519806
vn 4.384592 -2.217587 -3.741204
v 2.926470 -42.035248 320.097504
vn 4.399750 -2.272637 -3.692226
v 3.029395 -42.172550 320.302307
vn 2.824383 -3.809054 -3.951602
v 2.423589 -42.549107 320.028656
vn 2.817514 -3.897845 -3.873710
v 2.526720 -42.692287 320.244171
vn 1.365240 -4.828699 -3.743746
v 1.984530 -43.099640 320.449463
vn 2.818257 -3.784888 -4.076604
v 2.583475 -42.742290 320.337799
vn 4.340278 -2.228072 -3.871992
v 3.060904 -42.215759 320.367279
vn 5.168675 -0.407805 -3.453900
v 3.354401 -41.586502 320.538879
vn 1.512771 -4.667871 -3.886400
v 1.403052 -42.311371 319.263245
vn 2.871552 -3.744062 -4.004478
v 1.957582 -41.935890 319.125488
vn 4.394762 -2.277878 -3.721504
v 2.464042 -41.426167 319.207092
vn 2.877283 -3.879804 -3.891675
v 1.712891 -41.631439 318.662384
vn 1.530072 -4.725031 -3.819023
v 1.078484 -41.915859 318.663910
vn 2.809574 -4.178423 -3.682007
v 1.539807 -41.444996 318.346161
vn 1.545071 -4.893668 -3.599327
v 0.898103 -41.743313 318.368378
vn 2.804343 -4.541085 -3.260382
v 1.379947 -41.347206 318.101166
vn 1.533971 -5.016131 -3.422332
v 0.780563 -41.684551 318.232178
vn 1.483974 -5.156363 -3.198177
v 0.703834 -41.674866 318.180450
vn 2.909893 -4.945520 -2.501930
v 1.310681 -41.343815 318.026764
vn 1.432846 -5.788025 -1.942465
v 0.599341 -41.682404 318.142517
vn 1.212382 -5.955053 -1.595261
v 0.590147 -41.683666 318.140289
vn 1.221798 -5.968665 -1.536422
v 0.580628 -41.685036 318.138092
vn 1.230317 -5.986120 -1.459621
v 0.568791 -41.686836 318.135590
vn 1.210538 -5.967541 -1.536615
v 0.563012 -41.687656 318.134033
vn -0.084678 0.039613 -0.399543
v 0.561471 -41.687969 318.134033
vn 1.230098 -5.999270 -1.404358
v 0.560359 -41.688240 318.134247
vn 1.238421 -6.014904 -1.328518
v 0.559799 -41.688320 318.134094
vn 2.252498 -4.275165 -3.566479
v 1.245132 -41.358234 317.972961
vn 1.403538 1.144220 -1.729382
v 1.603334 -41.216610 318.160065
vn 1.343930 1.267029 -2.103044
v 1.919394 -41.158520 318.428711
vn 4.235820 -2.405831 -3.897494
v 2.221970 -41.116192 318.739258
vn 1.923114 1.896042 -2.789014
v 2.297644 -41.034031 318.786011
vn 2.196402 1.907652 -2.943814
v 2.560840 -40.885761 319.090759
vn 1.840202 -2.923726 2.279555
v 8.814452 -42.806126 322.883667
vn 1.752462 -2.012673 -3.163627
v 8.782671 -42.476028 320.911346
vn 2.644902 -2.083344 2.407249
v 9.336237 -42.261242 322.966461
vn 2.557236 -1.172414 -3.035965
v 9.304456 -41.931149 320.994141
vn 3.075167 -1.008608 2.580182
v 9.615158 -41.564365 323.078583
vn 2.987309 -0.097560 -2.863002
v 9.583377 -41.234272 321.106262
vn 2.059121 -2.850007 3.195675
v 4.706161 -42.369751 332.149231
vn 1.500024 -0.299393 -3.093466
v 4.680513 -40.940826 324.093567
vn 0.650166 -3.538832 3.104348
v 5.158762 -42.148422 332.178986
vn 0.337214 -1.390188 -3.627176
v 5.029508 -40.805927 324.157593
vn -1.164302 -0.839874 -3.145062
v 5.405472 -40.796715 324.105988
vn 2.376850 0.930129 -2.328928
v 4.431386 -41.145977 323.896545
vn 2.933340 -1.555739 3.402360
v 4.425784 -42.784359 332.084351
vn 2.690993 1.925936 -1.039646
v 4.312251 -41.297485 323.579437
vn 2.900586 2.880062 0.435683
v 4.278249 -41.312397 323.206757
vn 3.034131 -0.012851 3.664978
v 4.392758 -43.281151 332.001740
vn 2.917843 1.197808 -3.560746
v 4.217962 -41.465630 321.154022
vn 2.223026 2.584330 -3.319931
v 4.441137 -41.911491 321.075806
vn 2.339510 1.374373 3.908968
v 4.615933 -43.727016 331.923523
vn 0.917175 3.441383 -3.155454
v 4.860713 -42.186954 321.022919
vn 1.033592 2.231813 4.073511
v 5.035509 -44.002480 331.870667
vn -0.649623 3.538882 -3.113199
v 5.364264 -42.218212 321.009583
vn -0.532472 2.329726 4.113389
v 5.539061 -44.033733 331.857330
vn -1.936066 1.654268 4.002726
v 5.991662 -43.812408 331.887054
vn -2.821904 0.356408 3.784163
v 6.272038 -43.397800 331.951935
vn -2.924001 -1.192127 3.530306
v 6.305064 -42.901005 332.034546
vn -2.229384 -2.581335 3.282929
v 6.081889 -42.455143 332.112762
vn -0.909405 -3.444450 3.129885
v 5.662313 -42.179676 332.165649
vn -2.458007 -0.031781 -2.396015
v 5.720464 -40.889721 323.918671
vn -3.205395 0.785076 -1.135355
v 5.898871 -40.982082 323.606659
vn -3.770520 1.500910 0.323786
v 5.948269 -40.980415 323.235413
vn -3.035032 0.009984 -3.657255
v 6.130268 -41.085484 321.186829
vn -2.357455 -1.368823 -3.871202
v 5.907093 -40.639618 321.265045
vn -3.139204 0.330961 1.420948
v 5.887252 -40.861401 322.885590
vn -2.419350 -0.830286 2.365862
v 5.699640 -40.673439 322.626373
vn -1.034067 -2.252798 -4.014295
v 5.487517 -40.364155 321.317902
vn -1.057734 -1.817441 2.721564
v 5.379425 -40.526173 322.489502
vn 0.536334 -2.347699 -4.063490
v 4.983965 -40.332897 321.331238
vn 0.495687 -2.752687 3.001527
v 5.001985 -40.520058 322.449524
vn 1.579599 -1.293052 2.766881
v 4.654466 -40.670284 322.477081
vn 1.948719 -1.659868 -3.963134
v 4.531364 -40.554226 321.301514
vn 2.466406 0.152194 2.442199
v 4.410562 -40.929695 322.604279
vn 2.828035 -0.337860 -3.782207
v 4.250988 -40.968834 321.236633
vn 2.730995 1.492952 1.527433
v 4.300632 -41.176804 322.858368
vn -2.933309 1.557646 -3.396358
v 6.097242 -41.582275 321.104218
vn -2.056601 2.852111 -3.198746
v 5.816865 -41.996883 321.039337
vn -2.519259 -1.011226 2.948512
v 4.475249 -35.391006 323.439911
vn -2.821465 0.522814 2.797832
v 4.574891 -35.896534 323.489532
vn -2.232974 -2.410445 2.298887
v 4.379866 -34.929707 323.654480
vn -2.037602 -3.303927 1.019467
v 4.314298 -34.636234 324.075836
vn -3.055830 1.780055 1.885694
v 4.652091 -36.310829 323.790131
vn -1.982271 -3.446659 -0.545418
v 4.296114 -34.589226 324.591003
vn -3.159204 2.423513 0.456513
v 4.686165 -36.522881 324.261108
vn -2.086625 -2.804120 -1.973897
v 4.330188 -34.801281 325.061981
vn -3.104006 2.280860 -1.106834
v 4.667982 -36.475876 324.776276
vn -2.326993 -1.550171 -2.887382
v 4.407389 -35.215576 325.362579
vn -2.916208 1.394275 -2.382770
v 4.602414 -36.182404 325.197601
vn -2.635297 -0.012991 -3.040274
v 4.507030 -35.721104 325.412201
vn -0.562043 -0.745207 6.134793
v 2.044180 -44.697578 331.802521
vn 1.075147 -5.125681 -3.471025
v 1.817082 -43.152298 320.474792
vn 1.089597 -5.155696 -3.421258
v 1.923026 -43.157196 320.514984
vn 1.364633 -5.044309 -3.470231
v 2.021749 -43.136936 320.516052
vn 1.085284 -5.203080 -3.349686
v 1.825179 -43.199348 320.548004
vn 1.124324 -5.259842 -3.245803
v 1.953052 -43.210804 320.608398
vn 1.101275 -5.338514 -3.120953
v 1.832806 -43.244156 320.622620
vn 1.159744 -5.352332 -3.076015
v 1.960379 -43.223457 320.632141
vn 1.143127 -5.602929 -2.566193
v 1.839605 -43.284996 320.699585
vn 1.203336 -5.443438 -2.892892
v 1.974683 -43.247097 320.680389
vn 1.268850 -5.527688 -2.697349
v 1.978177 -43.252575 320.692657
vn 1.676554 -5.318618 -2.819095
v 2.093558 -43.203541 320.651581
vn 1.347501 -5.637130 -2.400689
v 1.984975 -43.262672 320.717529
vn 2.202213 -5.550455 -1.177659
v 2.125000 -43.224621 320.721863
vn 1.427746 -5.753007 -2.043202
v 1.989731 -43.269024 320.736511
vn 1.186508 -2.327433 2.077710
v 1.992984 -43.272724 320.750946
vn 1.306230 -5.913441 -1.550160
v 1.844074 -43.314541 320.781433
vn 1.455647 -5.132688 -3.292129
v 2.058279 -43.172085 320.583282
vn 0.521081 -2.592679 -4.806587
v 2.304391 -42.953804 320.392120
vn 0.934682 -2.671460 -4.898943
v 2.378698 -42.907200 320.378937
vn 2.229390 -3.790071 -4.361715
v 2.522955 -42.804859 320.358948
vn 2.455886 -4.495089 -3.628601
v 2.432183 -42.951286 320.466949
vn 2.812055 -4.249944 -3.665319
v 2.575580 -42.844872 320.443085
vn 2.518867 -4.541585 -3.528140
v 2.444466 -42.961040 320.487946
vn 2.874914 -4.292338 -3.567779
v 2.587636 -42.853790 320.463226
vn 2.584104 -4.590011 -3.413318
v 2.456597 -42.970490 320.509094
vn 2.942011 -4.338290 -3.452297
v 2.599524 -42.862450 320.483521
vn 2.687388 -4.661928 -3.229258
v 2.480149 -42.988003 320.551971
vn 3.047291 -4.409234 -3.264025
v 2.622533 -42.878593 320.524872
vn 3.145348 -4.895787 -1.432106
v 2.491547 -42.995884 320.573822
vn 3.288994 -4.646437 -2.521695
v 2.633578 -42.885933 320.546051
vn 3.975785 -4.412785 -1.612310
v 2.720196 -42.836658 320.578796
vn 3.520734 -4.291700 -2.906807
v 2.701587 -42.826145 320.535034
vn 4.059475 -4.002585 -2.403332
v 2.788288 -42.742535 320.523499
vn 3.652753 -3.860711 -3.332338
v 2.777808 -42.735767 320.503357
vn 4.080164 -3.428473 -3.300711
v 2.937714 -42.557499 320.491943
vn 3.978049 -3.364828 -3.490511
v 2.917475 -42.544983 320.455750
vn 4.362925 -2.882167 -3.466820
v 3.025997 -42.402527 320.458893
vn 4.313123 -2.855137 -3.554319
v 3.016352 -42.396782 320.442444
vn 4.692315 -2.298799 -3.466855
v 3.114571 -42.246429 320.455505
vn 4.644996 -2.282004 -3.536929
v 3.105879 -42.241447 320.440521
vn 5.086347 -1.553339 -3.304345
v 3.255602 -41.954422 320.488586
vn 2.167116 0.139272 -4.516644
v 3.226550 -41.938648 320.437775
vn 3.384732 0.151323 -4.498014
v 3.332957 -41.670807 320.516693
vn 5.488374 -0.369796 -3.026900
v 3.357615 -41.588326 320.544830
vn 3.247194 1.073846 -4.223771
v 3.395849 -41.423653 320.606140
vn 5.544110 -0.398207 -2.918981
v 3.375510 -41.598709 320.579254
vn 5.666751 0.020897 -2.696708
v 3.408662 -41.431850 320.632355
vn 5.586780 -0.421556 -2.835096
v 3.379590 -41.601170 320.587555
vn 5.700338 -0.000258 -2.627376
v 3.411591 -41.433861 320.638641
vn 5.624269 -0.445123 -2.754593
v 3.383593 -41.603622 320.595917
vn 5.724906 -0.016386 -2.572605
v 3.414484 -41.435875 320.644989
vn 5.680611 -0.483184 -2.628375
v 3.391358 -41.608562 320.613007
vn 5.761187 -0.042853 -2.488195
v 3.420190 -41.439922 320.657928
vn 5.746458 -0.532804 -2.469382
v 3.395137 -41.611092 320.621948
vn 5.840805 -0.483227 -0.423443
v 3.423038 -41.441975 320.664734
vn 5.854073 -0.686359 -2.011986
v 3.402533 -41.616383 320.641144
vn 4.553813 -0.442081 1.337317
v 3.436086 -41.272995 320.710876
vn 4.267153 -0.195903 1.549226
v 3.433278 -41.102242 320.758270
vn 5.793915 0.987006 -2.203440
v 3.432302 -41.101509 320.756012
vn 1.678449 -1.284740 -4.895195
v 2.849829 -42.502384 320.347107
vn 2.566885 -2.747275 -4.720451
v 2.682612 -42.671066 320.346497
vn 3.016183 -3.980314 -3.807878
v 2.592799 -42.749176 320.352142
vn 3.107589 -4.016070 -3.694192
v 2.644615 -42.786896 320.434296
vn 4.569447 -2.254503 -3.651994
v 3.067779 -42.219681 320.378143
vn 2.456211 -1.464366 -4.911091
v 2.963897 -42.365356 320.358093
vn 4.259113 -2.832243 -3.633971
v 3.006612 -42.390965 320.426086
vn 3.866199 -3.301998 -3.672244
v 2.896377 -42.531796 320.420410
vn 3.923492 -3.332628 -3.585815
v 2.906994 -42.538445 320.438019
vn 3.496583 -3.760163 -3.609164
v 2.744527 -42.713627 320.444977
vn 3.557010 -3.798325 -3.505347
v 2.755876 -42.721264 320.464172
vn 3.236973 -4.096548 -3.487781
v 2.668156 -42.803566 320.473785
vn 3.337535 -4.163623 -3.307549
v 2.690755 -42.819027 320.514282
vn 2.285552 1.702804 -3.891181
v 3.424255 -41.095211 320.738220
vn 2.861296 1.406176 -4.090957
v 3.418278 -41.259426 320.671356
vn 5.360894 -2.509821 -1.491818
v 3.161527 -42.273628 320.552002
vn 5.322133 -1.934895 -0.551867
v 3.287654 -41.972649 320.551178
vn 5.767367 -1.364157 -1.567737
v 3.375914 -41.695976 320.602753
vn 4.473425 -3.595000 -1.113719
v 2.947236 -42.563328 320.510681
vn 4.779600 -3.310124 -1.744295
v 3.053352 -42.418690 320.510040
vn 4.991199 -2.489875 -2.831563
v 3.147904 -42.265614 320.517456
vn 4.829178 -2.377485 -3.201714
v 3.140063 -42.261074 320.501343
vn 5.239360 -1.627628 -3.010636
v 3.281615 -41.969025 320.538116
vn 5.162225 -1.583130 -3.171482
v 3.268809 -41.961700 320.513062
vn 5.492403 -0.913096 -2.891524
v 3.362780 -41.687782 320.573730
vn 5.451558 -0.892105 -2.976435
v 3.358189 -41.685078 320.564392
vn 2.854660 -5.010152 -1.104293
v 2.417670 -43.045971 320.590485
vn 2.110202 -4.890654 -3.306213
v 2.382466 -43.019619 320.524811
vn 2.209113 -4.963836 -3.125131
v 2.406153 -43.037800 320.568390
vn 1.987560 -4.791888 -3.520929
v 2.357970 -42.999683 320.481903
vn 2.048063 -4.843053 -3.418185
v 2.370290 -43.009811 320.503296
vn 4.852834 -0.202154 1.086485
v 3.428416 -41.098312 320.747345
vn 1.792770 1.368857 -3.821121
v 3.430361 -41.099937 320.751648
vn 5.752210 0.508841 -2.457701
v 3.426582 -41.265392 320.689148
vn 5.777779 0.489813 -2.403637
v 3.428490 -41.266941 320.693390
vn 0.846935 0.230539 -0.446678
v 3.429389 -41.099125 320.749512
vn 5.405597 -0.868891 -3.062935
v 3.353505 -41.682369 320.555115
vn 3.434690 -3.726124 -3.700330
v 2.733013 -42.705822 320.425934
vn 4.470467 -2.948789 -3.261040
v 3.044664 -42.413578 320.492523
vn 5.557371 -0.951063 -2.749733
v 3.371647 -41.693211 320.592804
vn 5.807737 0.465640 -2.333982
v 3.434171 -41.271534 320.706329
vn 5.789507 0.481050 -2.377142
v 3.430386 -41.268494 320.697662
vn 3.170440 -4.053186 -3.600418
v 2.656470 -42.795338 320.453949
vn 4.730767 -2.316979 -3.397867
v 3.123217 -42.251389 320.470581
vn 5.128819 -1.570134 -3.235297
v 3.262234 -41.958054 320.500793
vn 0.769151 -2.438393 -3.745271
v 1.881605 -43.323902 320.880646
vn 3.097258 -4.992509 -1.843043
v 2.574804 -43.023163 320.788818
vn 3.107984 -5.063664 -1.538979
v 2.615380 -43.033165 320.895416
vn 4.842927 -3.134598 -2.145001
v 3.148473 -42.439800 320.747803
vn 2.304229 -0.912783 -4.537344
v 3.227469 -42.488743 320.998749
vn 5.647949 -0.858173 -2.390308
v 3.543636 -41.706657 321.028290
vn 2.591121 -0.105037 -4.646531
v 3.567995 -41.768559 321.113800
vn 2.511420 0.765220 -4.897186
v 3.619024 -41.372215 321.179291
vn 4.616835 -3.218315 -2.417036
v 3.108140 -42.429855 320.641846
vn 5.572831 -1.092610 -2.379405
v 3.423458 -41.677349 320.714417
vn 1.704396 -1.660868 -4.474726
v 2.633246 -43.029282 320.917847
vn 1.840167 -2.923634 2.279580
v 8.957468 -44.291553 331.759094
vn 2.644963 -2.083384 2.407232
v 9.479252 -43.746670 331.841858
vn 3.075059 -1.008599 2.580188
v 9.758173 -43.049793 331.954010
vn 1.490753 -3.283793 2.845224
v 5.702816 -43.595184 322.801758
vn 2.109029 -2.864948 2.899489
v 6.492748 -43.060398 322.878510
vn 2.608373 -2.314927 2.982738
v 7.131787 -42.356171 322.986084
vn 2.960948 -1.663851 3.088816
v 7.583355 -41.522808 323.118286
vn 0.874512 3.758415 2.872314
v 7.821602 -40.608017 323.267548
vn 2.984312 2.516006 -1.100481
v 7.842113 -40.571194 323.731964
vn 3.179132 1.988994 -2.243499
v 7.867427 -40.329983 324.125336
vn 3.436882 1.208985 -2.821136
v 7.858595 -39.932270 324.378967
vn -1.516708 0.368445 5.264457
v 8.030751 -40.566441 323.271149
vn 1.778815 4.675211 -0.591002
v 1.337479 -41.259232 318.581726
vn 1.839410 4.130131 -2.099720
v 1.276527 -41.016346 319.320190
vn 2.067319 3.059230 -3.333923
v 1.166718 -40.514595 319.906921
vn 2.369343 1.607173 -4.070920
v 1.024745 -39.830246 320.252686
vn 2.685405 -0.032314 -4.189546
v 0.872188 -39.067329 320.304962
vn 2.986633 -1.567687 -3.660138
v 0.732239 -38.341816 320.055756
vn 3.232545 -2.799356 -2.559436
v 0.626172 -37.763996 319.542999
vn 3.356280 -3.528958 -1.076802
v 0.570109 -37.421700 318.844635
vn 3.362779 -3.656217 0.576856
v 0.572574 -37.366966 318.066772
vn 3.253325 -3.142036 2.159688
v 0.633191 -37.608109 317.327698
vn 3.029183 -2.056459 3.426892
v 0.742745 -38.108479 316.739777
vn 2.738027 -0.612799 4.165275
v 0.884585 -38.792007 316.392334
vn 2.394108 1.016756 4.293670
v 1.037147 -39.554794 316.338196
vn 2.087116 2.561980 3.778179
v 1.177241 -40.280884 316.585602
vn 2.499119 4.033803 2.923635
v 0.658783 -40.159069 317.678101
vn 2.844573 2.176828 4.271070
v 0.581583 -39.744774 317.377533
vn 3.292216 -0.114079 4.500362
v 0.481941 -39.239250 317.327881
vn 3.714434 -2.183291 3.544380
v 0.386558 -38.777946 317.542480
vn 4.005957 -3.502631 1.640896
v 0.320990 -38.484478 317.963806
vn 4.077801 -3.725813 -0.699528
v 0.302807 -38.437469 318.478973
vn 3.930264 -2.773962 -2.816300
v 0.336881 -38.649525 318.949982
vn 3.597834 -0.894752 -4.161322
v 0.414081 -39.063820 319.250549
vn 3.144731 1.394025 -4.390249
v 0.513723 -39.569344 319.300201
vn 2.714065 3.461670 -3.433282
v 0.609106 -40.030647 319.085602
vn 2.426397 4.781216 -1.524495
v 0.674674 -40.324120 318.664246
vn 2.346066 4.992352 0.795494
v 0.692857 -40.371124 318.149078
vn 4.976663 2.611731 -0.793468
v -6.798507 -28.593534 310.404785
vn 0.319011 6.074082 1.011453
v -6.482494 -30.233150 319.961426
vn 1.075304 1.287230 3.097159
v -4.958898 -31.759140 326.989746
vn 0.353751 5.671734 2.164943
v -6.650226 -30.133650 319.606934
vn 0.312137 5.964447 1.455843
v -6.526308 -30.192427 319.778656
vn 0.297660 6.115058 0.555983
v -6.520343 -30.254375 320.148804
vn 2.894579 -0.999375 3.454683
v -6.523603 -31.448822 327.465088
vn 0.315143 6.069351 -0.210327
v -6.638510 -30.255344 320.334076
vn -2.478590 2.237300 4.321901
v -1.969887 -38.794308 325.461304
vn -3.274750 0.081973 3.004881
v -1.975157 -38.767235 325.454773
vn -2.536382 1.647307 -4.019495
v -2.124160 -37.191952 315.887238
vn -3.273666 0.070174 3.007570
v -1.980432 -38.740143 325.448334
vn -0.693734 -0.703200 -5.327513
v -2.139466 -37.116070 315.900208
vn -1.146284 -0.895227 4.813848
v -1.985713 -38.713028 325.442017
vn 1.661948 -1.675841 2.579334
v -3.345321 -39.758377 325.624969
vn 2.650389 -5.483809 -0.960459
v -4.629757 -39.418011 318.394348
vn 2.401165 -0.235024 -4.414107
v -4.808650 -39.053429 315.618958
vn 2.631195 -5.532904 -0.505764
v -4.666640 -39.411644 318.205719
vn 2.604768 -5.488903 0.260406
v -4.770014 -39.454712 318.016632
vn 2.616710 -5.382327 -1.405543
v -4.660676 -39.473591 318.575867
vn 2.523248 0.848566 3.775672
v -4.643391 -40.769886 325.874786
vn 2.566524 -5.091387 -2.114544
v -4.758298 -39.576408 318.743774
vn 2.434537 -3.990584 -2.299951
v -5.663376 -34.220894 309.444672
vn -2.123683 -2.973592 -1.811010
v 1.906938 -32.294308 321.358093
vn 3.157812 -1.923687 -1.720399
v -5.938418 -33.853882 321.223480
vn -2.043415 -3.486175 -0.550533
v 1.867626 -32.043274 320.740784
vn 3.238065 -2.436272 -0.459928
v -5.977731 -33.602844 320.606171
vn -2.081464 -3.412271 0.809991
v 1.886254 -32.079475 320.074463
vn 3.200023 -2.362349 0.900634
v -5.959103 -33.639046 319.939850
vn -2.230225 -2.766441 2.001162
v 1.959133 -32.395744 319.491089
vn 3.051237 -1.716571 2.091774
v -5.886223 -33.955315 319.356506
vn -2.460424 -1.676748 2.786982
v 2.071829 -32.929440 319.106262
vn 2.821084 -0.626816 2.877570
v -5.773527 -34.489014 318.971649
vn -2.726162 -0.358866 3.011809
v 2.202020 -33.574860 318.996124
vn 2.555272 0.691092 3.102432
v -5.643336 -35.134430 318.861542
vn -2.975122 0.926145 2.631153
v 2.323921 -34.204166 319.182556
vn 2.306411 1.976015 2.721808
v -5.521435 -35.763737 319.047974
vn -3.157807 1.923687 1.720403
v 2.413388 -34.692719 319.628601
vn 2.123641 2.973550 1.811019
v -5.431968 -36.252293 319.493988
vn -3.238060 2.436273 0.459920
v 2.452701 -34.943756 320.245911
vn 2.043431 3.486191 0.550506
v -5.392656 -36.503326 320.111328
vn -3.200029 2.362345 -0.900641
v 2.434072 -34.907551 320.912231
vn 2.081441 3.412248 -0.810023
v -5.411284 -36.467125 320.777649
vn -3.051246 1.716573 -2.091767
v 2.361193 -34.591282 321.495575
vn 2.230273 2.766482 -2.001153
v -5.484163 -36.150856 321.360992
vn -2.821086 0.626818 -2.877577
v 2.248497 -34.057587 321.880432
vn 2.460341 1.676706 -2.786959
v -5.596859 -35.617161 321.745850
vn -2.555328 -0.691036 -3.102452
v 2.118306 -33.412170 321.990540
vn 2.726218 0.358814 -3.011821
v -5.727051 -34.971741 321.855957
vn -2.306340 -1.975973 -2.721786
v 1.996405 -32.782864 321.804138
vn 2.975132 -0.926143 -2.631154
v -5.848952 -34.342434 321.669525
vn 2.038789 3.305000 -1.017977
v -3.775318 -29.739710 325.780396
vn 1.978769 3.445094 0.546845
v -3.757135 -29.786716 325.265228
vn 2.078997 2.800802 1.973799
v -3.791209 -29.574661 324.794250
vn -3.055781 1.780001 1.885746
v 5.451602 -27.737289 324.952820
vn 2.313179 1.543520 2.885924
v -3.868409 -29.160366 324.493652
vn -2.821574 0.522818 2.797863
v 5.374401 -27.322994 324.652252
vn 2.615653 0.009465 3.036600
v -3.968051 -28.654840 324.444031
vn -2.519146 -1.011187 2.948488
v 5.274760 -26.817469 324.602600
vn -2.250995 -2.407188 2.307849
v 5.179376 -26.356167 324.817200
vn -2.067212 -3.315355 1.019727
v 5.113808 -26.062696 325.238525
vn 2.239910 2.414399 -2.298341
v -3.840886 -29.446238 326.201752
vn 2.525308 1.009109 -2.949866
v -3.936270 -28.984936 326.416351
vn 2.828901 -0.516857 -2.800845
v -4.035911 -28.479410 326.366699
vn 3.071700 -1.779241 -1.886747
v -4.113111 -28.065115 326.066132
vn 3.174218 -2.423059 -0.456642
v -4.147185 -27.853062 325.595123
vn 3.119989 -2.280373 1.107568
v -4.129002 -27.900068 325.079956
vn 2.912516 -1.385605 2.389926
v -4.063435 -28.193539 324.658630
vn 2.045702 3.307253 -1.018938
v -1.230242 -42.356808 323.627747
vn 1.989612 3.449576 0.545246
v -1.212059 -42.403812 323.112579
vn 2.242740 2.413343 -2.300156
v -1.295810 -42.063335 324.049072
vn 2.529162 1.013944 -2.949967
v -1.391194 -41.602032 324.263672
vn 2.832079 -0.521509 -2.799258
v -1.490835 -41.096508 324.214050
vn 3.064558 -1.780185 -1.885579
v -1.568036 -40.682213 323.913452
vn 3.162609 -2.423755 -0.454464
v -1.602109 -40.470158 323.442474
vn -2.030778 -3.301639 1.018698
v 7.658884 -38.679794 323.085876
vn 3.104059 -2.280885 1.106790
v -1.583926 -40.517166 322.927307
vn -2.229651 -2.410988 2.297282
v 7.724452 -38.973263 322.664520
vn 2.905031 -1.390348 2.385350
v -1.518358 -40.810635 322.505951
vn -2.519256 -1.011219 2.948529
v 7.819836 -39.434566 322.449951
vn 2.615579 0.009546 3.036570
v -1.422975 -41.271938 322.291351
vn 2.322225 1.540850 2.889224
v -1.323334 -41.777462 322.341003
vn 2.093921 2.806104 1.975372
v -1.246133 -42.191757 322.641571
vn -2.838981 0.508059 2.805222
v 7.919477 -39.940090 322.499573
vn -3.094672 1.777942 1.888678
v 7.996677 -40.354385 322.800171
vn 2.605420 3.157545 1.830767
v -6.655584 -30.102465 319.557892
vn 2.623027 3.050699 1.978960
v -6.661521 -30.068529 319.510742
vn 1.220965 1.903271 3.731373
v -6.668017 -30.031960 319.465698
vn 1.185094 -1.386825 0.899187
v -6.815402 -28.501150 310.319122
vn 2.484442 -4.509090 0.798150
v -5.664965 -34.204391 309.346069
vn 3.716278 -2.346931 0.891459
v -4.766361 -39.468197 317.959930
vn 3.700959 -2.294618 1.067101
v -4.762083 -39.484905 317.904175
vn 0.530995 2.402956 -4.827374
v -4.793344 -39.129307 315.606018
vn 2.086069 -2.384753 2.999633
v -4.757193 -39.504784 317.849487
vn 3.674225 -1.909147 -1.723030
v -4.752940 -39.607594 318.792847
vn 2.795708 1.810872 2.942846
v -4.638012 -40.797993 325.886932
vn 3.653293 -1.803163 -1.871255
v -4.747003 -39.641529 318.839966
vn 2.796122 1.821912 2.938331
v -4.632644 -40.826054 325.899139
vn 1.978757 -1.267495 -3.676061
v -4.740507 -39.678097 318.885040
vn -0.329872 3.466170 4.882876
v -4.627285 -40.854076 325.911499
vn 2.563652 3.595324 -0.783489
v -6.642163 -30.241861 320.390778
vn 3.463214 -1.458340 2.384221
v -6.528451 -31.426228 327.485870
vn 2.575695 3.542347 -0.959495
v -6.646441 -30.225151 320.446564
vn 3.464932 -1.465964 2.377097
v -6.533287 -31.403704 327.506744
vn 1.113312 3.020664 -2.944994
v -6.651331 -30.205273 320.501221
vn 1.315188 -4.681714 3.504855
v -6.538109 -31.381252 327.527679
vn 1.248878 -2.049374 4.857921
v -3.600569 -29.268827 310.138824
vn 3.478615 4.428816 0.741476
v -4.252751 -26.035664 310.690460
vn 3.440599 3.732423 0.119929
v -4.255025 -26.032539 310.786835
vn 2.689821 3.722539 0.262910
v -4.298889 -26.089832 314.007294
vn 2.643623 3.722864 0.253094
v -4.299315 -26.096388 314.108124
vn 2.643157 3.728813 0.255258
v -4.299738 -26.102964 314.208984
vn 2.647486 3.722137 0.264965
v -4.305848 -26.208910 315.792664
vn 2.630448 3.716383 0.275921
v -4.311023 -26.319500 317.375702
vn 2.596885 3.709327 0.284344
v -4.315591 -26.441830 319.059387
vn 1.278073 2.107928 -1.304796
v -4.755105 -24.666784 324.110138
vn 1.325771 1.566069 1.877910
v -4.580308 -26.482309 334.957855
vn 1.957411 -0.891177 -1.948384
v -1.301410 -41.270695 315.191345
vn 4.101017 -2.977836 -0.018028
v -2.403593 -32.068363 305.291443
vn 2.736646 -5.562346 -0.837424
v -2.612607 -32.124851 304.853485
vn 3.647640 -3.003680 -0.856398
v -2.437349 -32.035400 304.584717
vn 2.511111 -5.319804 -2.112553
v -2.724459 -32.054760 304.399536
vn 0.759540 -5.439128 -2.973312
v -2.655064 -31.795448 303.862061
vn 2.327073 -4.982917 -2.947753
v -2.850673 -31.903881 303.968109
vn 2.348388 -4.250355 -3.949926
v -2.987311 -31.675335 303.574036
vn 3.840268 -3.920474 -2.980542
v -2.925806 -31.954536 303.965668
vn 3.708900 -3.361015 -3.737212
v -3.061353 -31.723082 303.564667
vn 5.139764 -2.311090 -2.588637
v -3.051103 -32.095497 303.934418
vn 5.019586 -1.897557 -3.114408
v -3.186897 -31.851873 303.513672
vn 5.903732 -0.359323 -1.905623
v -3.116291 -32.264076 303.872314
vn 5.842199 -0.223661 -2.135767
v -3.256313 -32.002483 303.427246
vn 6.025061 1.154643 -1.219077
v -3.084229 -32.452057 303.933655
vn 6.031080 1.105962 -1.298495
v -3.340580 -31.950394 303.133728
vn 2.904747 -5.542583 0.146008
v -2.518883 -32.112427 305.315216
vn 4.288381 -2.837390 0.516194
v -2.382539 -31.992348 305.734436
vn 3.155371 -5.259688 1.276175
v -2.447710 -32.016163 305.766296
vn 3.339168 -4.821652 2.212031
v -2.402028 -31.836145 306.194092
vn 4.385944 -4.050935 1.811471
v -2.480562 -31.883907 306.225250
vn 4.432084 -3.481783 2.675653
v -2.461699 -31.625420 306.620850
vn 5.655735 -2.017632 1.495385
v -2.582712 -31.753660 306.724731
vn 5.660223 -1.467912 2.027618
v -2.590322 -31.413441 307.086456
vn 6.198550 0.023754 0.305491
v -2.634526 -31.545034 307.235748
vn 6.168345 0.410110 0.486088
v -2.671067 -31.119244 307.548462
vn 6.086208 1.164991 -0.917542
v -2.618613 -31.538752 307.444000
vn 6.079643 1.230299 -0.876761
v -2.657192 -31.135551 307.717499
vn 6.123353 0.768744 0.620561
v -2.737254 -30.645185 307.774384
vn 6.068200 1.295797 -0.861508
v -2.719644 -30.695284 307.918732
vn 6.076207 1.081741 0.802985
v -2.829948 -30.139395 307.910095
vn 6.041274 1.423684 -0.860625
v -2.905517 -29.753277 308.099640
vn 5.995506 1.477753 0.695759
v -2.945101 -29.619783 307.954315
vn 5.935875 1.754251 0.683534
v -3.078708 -29.103952 307.906006
vn 5.254251 1.976865 2.644193
v -3.021896 -29.122639 307.729309
vn 5.130264 2.554798 2.385312
v -3.165600 -28.653740 307.600769
vn 3.931791 2.797914 3.968291
v -3.050789 -28.671354 307.461853
vn 5.000508 3.073251 2.030012
v -3.318292 -28.215986 307.390533
vn 3.810716 3.532127 3.472849
v -3.203816 -28.253077 307.262848
vn 4.873460 3.504700 1.616082
v -3.474681 -27.822359 307.105499
vn 3.700968 4.137057 2.876943
v -3.360329 -27.876673 306.992218
vn 2.917536 4.910990 2.330370
v -3.486521 -27.564203 306.638275
vn 2.637144 4.396821 3.614775
v -3.294245 -27.888903 306.948029
vn 0.870101 5.162676 3.387395
v -3.261898 -27.575876 306.544342
vn 1.005089 3.562538 5.031632
v -2.937555 -28.235113 307.135071
vn 2.395763 3.611951 4.490514
v -3.136425 -28.258354 307.214508
vn 2.815051 2.824273 4.838910
v -2.981903 -28.669273 307.410828
vn 4.395065 -2.526993 1.213478
v -2.360153 -31.805914 306.205444
vn 3.535689 -4.166341 3.072265
v -2.383366 -31.580957 306.584320
vn 4.446065 -2.745545 3.408810
v -2.470347 -31.301468 306.965210
vn 5.630628 -0.804189 2.444699
v -2.626275 -31.015461 307.380280
vn 4.270709 -2.170065 1.813365
v -2.340226 -31.518799 306.624725
vn 3.459879 -3.424991 3.951790
v -2.392581 -31.261103 306.923981
vn 4.422763 -1.855608 3.990803
v -2.507353 -30.922567 307.245361
vn 5.562441 -0.085837 2.718870
v -2.690674 -30.571758 307.594391
vn 4.220208 -1.723951 2.238967
v -2.323750 -31.147528 306.971344
vn 3.223735 -2.535877 4.736643
v -2.430528 -30.887087 307.200104
vn 4.362699 -0.879812 4.374221
v -2.572788 -30.500059 307.450134
vn 5.471066 0.627884 2.835557
v -2.780581 -30.097511 307.725098
vn 4.098150 -1.219438 2.578003
v -2.311356 -30.711536 307.232147
vn 2.899930 -1.540591 5.312232
v -2.497268 -30.470215 307.401550
vn 4.279445 0.098615 4.542596
v -2.663661 -30.048365 307.575867
vn 5.365283 1.334147 2.804877
v -2.892235 -29.609077 307.770660
vn 3.844335 -0.625924 2.835887
v -2.302951 -30.233438 307.404083
vn 2.788307 -0.363230 5.573356
v -2.589706 -30.024824 307.524872
vn 4.173944 1.070263 4.519074
v -2.776179 -29.582893 307.620697
vn 4.057706 1.962801 4.324663
v -2.906547 -29.119003 307.582855
vn 1.485419 -0.097126 6.083927
v -2.447156 -29.649050 307.498718
vn 2.684428 0.769421 5.579841
v -2.703930 -29.566170 307.568390
vn 2.579762 1.731035 5.407273
v -2.836020 -29.109497 307.530457
vn 1.168183 1.609208 5.933856
v -2.624032 -29.064453 307.456848
vn 5.023785 3.504856 0.592749
v -3.654364 -27.460478 306.781372
vn 5.689991 2.555043 0.176193
v -3.543879 -27.735416 307.234070
vn 5.781603 2.282126 0.351438
v -3.383394 -28.148212 307.538910
vn 5.834659 2.119262 0.563377
v -3.226533 -28.608782 307.765442
vn 6.012276 1.542570 -0.878483
v -3.152963 -28.813957 307.982910
vn 5.864785 2.027095 -0.777469
v -3.725547 -27.289349 306.939667
vn 5.985726 1.632274 -0.906485
v -3.436172 -27.968435 307.582153
vn 6.087133 1.080218 -0.998821
v -2.612871 -32.194820 306.717316
vn 6.210096 -0.270476 0.162258
v -2.627492 -31.909197 306.849274
vn 5.623635 -2.436471 0.862470
v -2.602564 -32.024982 306.308929
vn 4.308404 -4.435963 0.833114
v -2.526088 -32.066422 305.791473
vn 6.188261 -0.495516 -0.240555
v -2.648982 -32.199326 306.404388
vn 6.092872 0.980850 -1.081813
v -2.697432 -32.589699 305.826172
vn 6.154183 -0.557585 -0.563925
v -2.698009 -32.403011 305.916534
vn 6.105024 -0.712619 -0.944689
v -2.773027 -32.510307 305.401733
vn 5.471999 -2.836280 -0.594909
v -2.720543 -32.318474 305.371460
vn 5.367356 -2.801274 -1.308189
v -2.814107 -32.331341 304.879333
vn 4.089289 -4.566468 -1.176708
v -2.689737 -32.177479 304.865295
vn 3.968758 -4.332359 -2.111920
v -2.800643 -32.107010 304.404205
vn 6.048759 1.113145 -1.122215
v -2.861919 -32.672798 304.864166
vn 6.040874 -0.579176 -1.282139
v -2.870560 -32.521297 304.876984
vn 5.256413 -2.621755 -1.976381
v -2.925546 -32.256424 304.394928
vn 5.979800 -0.602561 -1.609998
v -2.986335 -32.438385 304.361237
vn 5.759531 0.050626 -2.368644
v -3.402388 -31.664198 303.038055
vn 6.009731 1.188771 -1.335543
v -3.608569 -31.224792 302.534149
vn 5.716482 0.331304 -2.435984
v -3.550525 -31.261440 302.715698
vn 5.626839 0.597249 -2.630252
v -3.696733 -30.806429 302.471008
vn 4.705394 -0.282542 -4.051234
v -3.616458 -30.728016 302.602844
vn 4.614680 0.329550 -4.154137
v -3.753918 -30.260813 302.450684
vn 3.390431 -1.128354 -5.129853
v -3.491103 -30.652449 302.695251
vn 3.299661 -0.254653 -5.305135
v -3.628949 -30.206568 302.549713
vn 2.038061 -1.631940 -5.686677
v -3.420376 -30.620453 302.721680
vn 1.959099 -0.841735 -5.879210
v -3.559303 -30.181759 302.579620
vn 0.400331 -0.871940 -6.178995
v -3.396137 -30.013849 302.580475
vn 2.008897 0.335576 -5.927676
v -3.688877 -29.721422 302.518341
vn 0.399362 0.995254 -6.158797
v -3.608160 -29.249327 302.570740
vn 1.742121 1.244996 -5.870540
v -3.805074 -29.254671 302.540222
vn 1.971604 2.209716 -5.526423
v -3.903873 -28.796741 302.647736
vn 3.173348 1.432181 -5.198796
v -3.872662 -29.263578 302.507660
vn 3.129403 2.252656 -4.929199
v -3.970507 -28.797541 302.616302
vn 4.490896 1.527084 -4.034042
v -3.996411 -29.273729 302.407379
vn 4.442895 2.099259 -3.829883
v -4.093447 -28.786295 302.521393
vn 5.502705 1.530537 -2.506428
v -4.083725 -29.271345 302.273743
vn 5.449922 1.776741 -2.488037
v -4.182115 -28.758646 302.396301
vn 5.977304 1.402000 -1.274306
v -4.091985 -29.396988 302.140106
vn 5.965162 1.494054 -1.234947
v -4.263737 -28.471359 302.390320
vn 5.993237 1.294494 -1.303113
v -3.866324 -30.345943 302.192047
vn 5.603321 0.935153 -2.546375
v -3.837013 -30.312178 302.313477
vn 5.518487 1.203200 -2.664657
v -3.967351 -29.794836 302.246918
vn 4.543567 0.951169 -4.143009
v -3.881902 -29.770643 302.384674
vn 5.414710 2.094169 -2.313598
v -4.258749 -28.273573 302.614746
vn 5.956252 1.561473 -1.189112
v -4.362541 -27.661173 302.928589
vn 5.430217 2.242601 -2.110560
v -4.310859 -27.832531 302.919952
vn 5.375173 2.536091 -1.954451
v -4.335930 -27.451813 303.300507
vn 4.365756 3.475109 -2.781487
v -4.246385 -27.541336 303.376556
vn 4.686845 3.457670 -2.055103
v -4.270683 -27.225203 303.785217
vn 2.514864 4.911660 -2.786160
v -4.095534 -27.341515 303.842194
vn 5.825681 1.940595 -1.199297
v -4.374242 -27.055674 303.695862
vn 3.033790 4.177072 -3.532241
v -4.126425 -27.606335 303.433105
vn 0.666384 5.435566 -3.000788
v -3.882041 -27.382534 303.855957
vn 2.096748 4.479689 -3.857458
v -4.062150 -27.626703 303.451477
vn 0.424206 4.313443 -4.507082
v -3.865985 -27.866034 303.238129
vn 1.864289 3.859005 -4.567502
v -4.035110 -27.967827 303.112518
vn 0.372195 2.794245 -5.581564
v -3.770361 -28.510513 302.794647
vn 1.857197 3.240327 -5.027905
v -3.981491 -28.362808 302.841217
vn 0.455710 -2.677973 -5.632589
v -3.153723 -30.734102 302.815704
vn 2.163402 -2.712517 -5.210857
v -3.276100 -31.023052 302.940826
vn 3.482969 -1.939587 -4.813673
v -3.347929 -31.061357 302.919159
vn 3.589465 -2.693726 -4.347320
v -3.203370 -31.421795 303.212402
vn 4.907217 -1.409946 -3.531282
v -3.329009 -31.535236 303.144348
vn 0.589310 -4.259836 -4.536194
v -2.900304 -31.345793 303.256622
vn 2.041707 -3.587837 -4.676969
v -3.130432 -31.378202 303.228271
vn 4.204240 -4.607893 -0.188118
v -2.596794 -32.164356 305.333801
vn 5.562578 -2.713707 0.146919
v -2.648996 -32.216270 305.852905
vn 4.803995 -0.863810 -3.842691
v -3.473506 -31.156858 302.837158
vn 3.225804 0.608731 -5.324255
v -3.757472 -29.738432 302.486328
vn 4.404775 2.623046 -3.543001
v -4.169256 -28.324497 302.727051
vn 4.384072 3.076606 -3.188972
v -4.221076 -27.904234 303.015717
vn 3.099209 3.006086 -4.531680
v -4.047241 -28.355804 302.812592
vn 3.088222 3.660447 -4.031211
v -4.100065 -27.953657 303.088348
vn 5.695648 2.493577 -0.899348
v -3.883084 -27.053026 306.477142
vn 5.100045 3.553830 -0.344991
v -4.004920 -26.960724 305.937836
vn 5.594956 2.711532 -0.870884
v -4.040292 -26.886080 305.970551
vn 4.955640 3.724156 -0.541653
v -4.043122 -26.927082 305.797485
vn 5.483138 2.933603 -0.888819
v -4.178434 -26.791853 305.399780
vn 4.896989 3.783789 -0.735215
v -4.161048 -26.856482 305.274292
vn 5.479304 2.922255 -0.956373
v -4.277464 -26.787519 304.812897
vn 4.950113 3.641721 -1.026388
v -4.246739 -26.867359 304.742676
vn 5.648448 2.565624 -0.983903
v -4.337122 -26.876326 304.236450
vn 5.144593 3.229470 -1.388901
v -4.300800 -26.961639 304.223419
vn 3.784690 4.648646 -1.699434
v -4.153530 -27.111397 304.265778
vn 2.470217 5.430604 -1.896827
v -4.075883 -27.153313 304.275879
vn 2.173148 5.778751 -0.967828
v -4.028476 -27.050781 304.744629
vn 0.683803 6.079783 -1.301782
v -3.844354 -27.114742 304.598206
vn 0.716952 6.217382 0.123200
v -3.754023 -27.074709 305.183777
vn 2.134106 5.867217 -0.099217
v -3.947889 -27.035265 305.223389
vn 2.242836 5.799334 0.571059
v -3.832186 -27.105541 305.695648
vn 3.676476 5.019666 -0.439005
v -4.020223 -26.996668 305.239441
vn 3.734944 4.983141 0.044544
v -3.905082 -27.067993 305.725037
vn 3.909639 4.822840 0.596071
v -3.867668 -27.102533 305.854553
vn 2.382322 5.599132 1.384811
v -3.794234 -27.139851 305.821381
vn 0.815164 5.958024 1.684021
v -3.593826 -27.170761 305.751770
vn 3.710587 4.897818 -1.066076
v -4.102559 -27.010721 304.746979
vn 2.767868 -2.686862 -1.692671
v -2.475507 -31.753666 303.778381
vn 2.739888 -2.026577 -2.488516
v -2.507056 -31.214756 303.114563
vn 2.723573 -1.122522 -3.029676
v -2.528131 -30.483322 302.671143
vn 2.712608 -0.086541 -3.236694
v -2.536263 -29.645039 302.500061
vn 2.713776 0.964478 -3.082610
v -2.530499 -28.798090 302.621338
vn 2.724264 1.901544 -2.583096
v -2.511515 -28.041681 303.020752
vn 2.752678 2.613604 -1.800817
v -2.481534 -27.464409 303.651581
vn 2.797024 3.021756 -0.826834
v -2.444067 -27.133890 304.439880
vn 2.869113 3.081771 0.221699
v -2.403504 -27.088839 305.293335
vn 2.909904 2.780382 1.244382
v -2.364596 -27.334532 306.111969
vn 2.941798 2.151050 2.103098
v -2.331899 -27.842190 306.799927
vn 2.924263 1.258619 2.702484
v -2.309243 -28.552351 307.276611
vn 2.992716 0.260981 2.965397
v -2.299283 -29.381836 307.486176
vn 3.257314 1.288123 2.772285
v -5.028792 -26.735666 299.898621
vn 3.474762 0.444800 2.637063
v -4.912478 -27.253492 299.896332
vn 3.558614 -0.414243 2.429248
v -4.798049 -27.853283 299.746460
vn 3.419698 -1.115037 2.075777
v -4.711261 -28.441990 299.412384
vn 3.735011 -1.451879 1.732910
v -4.689240 -28.646128 299.235962
vn 3.657819 -2.377934 -0.918864
v -4.111197 -31.954370 297.995331
vn 3.643762 -2.364530 -0.996387
v -3.431385 -32.476589 301.859894
vn 3.618334 -2.342023 -1.111155
v -2.640235 -32.966366 305.665924
vn 1.781587 -1.199115 1.003977
v -1.737749 -33.423702 309.413422
vn 2.909039 0.483076 2.290876
v -2.934865 -27.489042 310.425964
vn 5.807743 1.958397 -1.283443
v -3.020092 -27.471386 310.069977
vn 5.827078 1.927166 -1.251289
v -3.104329 -27.453074 309.713837
vn 5.912855 1.734417 -1.188608
v -3.422419 -27.375805 308.327820
vn 3.674105 -2.403935 -0.826971
v -4.679673 -31.399706 294.072266
vn 3.368699 -2.423435 -0.387641
v -4.768397 -29.381996 297.327484
vn 3.592416 -2.355517 0.115902
v -4.694895 -29.329050 298.019287
vn 3.786895 -2.046526 0.943299
v -4.668258 -29.138332 298.560486
vn 3.228801 -2.437191 -0.491772
v -5.333213 -29.047924 292.500031
vn 3.685707 -2.420697 -0.730862
v -5.136811 -30.812599 290.090668
vn 3.239069 -2.452008 -0.386617
v -5.724508 -28.702904 287.656128
vn 3.693600 -2.434986 -0.636336
v -5.482612 -30.193048 286.050537
vn 3.245997 -2.468987 -0.285663
v -5.949684 -28.347822 282.802002
vn 3.697683 -2.445214 -0.546479
v -5.717076 -29.541056 281.951904
vn 3.233495 -2.439189 -0.077533
v -6.016313 -27.983564 277.943695
vn 3.733686 -2.537480 -0.332959
v -5.840204 -28.856617 277.794739
vn 3.623651 2.727435 1.244580
v -2.454794 -31.080091 304.214172
vn 3.565144 3.067093 0.013764
v -2.422443 -31.268045 304.894867
vn 3.505162 2.876832 -1.248009
v -2.389258 -31.162579 305.593048
vn 3.454083 2.188742 -2.323529
v -2.360980 -30.781925 306.188049
vn 3.420594 1.122053 -3.027101
v -2.342496 -30.191904 306.576935
vn 3.410732 -0.138051 -3.235683
v -2.337004 -29.494537 306.692505
vn 3.425946 -1.374984 -2.914101
v -2.345452 -28.810402 306.514740
vn 3.463864 -2.373876 -2.118144
v -2.366380 -28.257795 306.074432
vn 3.517652 -2.962337 -0.985141
v -2.396170 -27.932266 305.447632
vn 3.578224 -3.038547 0.288922
v -2.429670 -27.890100 304.742798
vn 3.635017 -2.589367 1.483831
v -2.461088 -28.138592 304.081757
vn 3.678207 -1.692487 2.392934
v -2.484991 -28.634771 303.578827
vn 3.700400 -0.502923 2.859046
v -2.497247 -29.292845 303.320953
vn 3.697632 0.773601 2.801595
v -2.495736 -29.999029 303.352753
vn 3.670496 1.916326 2.230489
v -2.480720 -30.631214 303.668701
vn 2.617221 2.188741 -2.283753
v -7.854778 -30.781925 306.449158
vn 2.583858 1.122220 -2.986743
v -7.836295 -30.191904 306.838043
vn 2.573881 -0.138356 -3.195612
v -7.830802 -29.494537 306.953613
vn 2.589220 -1.374988 -2.874342
v -7.839251 -28.810402 306.775848
vn 2.668375 2.876837 -1.208241
v -7.883057 -31.162579 305.854156
vn 2.728346 3.067468 0.053817
v -7.916241 -31.268045 305.155975
vn 2.786816 2.727719 1.284245
v -7.948593 -31.080091 304.475281
vn 2.833693 1.916322 2.270256
v -7.974518 -30.631214 303.929810
vn 2.860844 0.773599 2.841366
v -7.989534 -29.999029 303.613861
vn 2.863537 -0.502924 2.898826
v -7.991045 -29.292845 303.582062
vn 2.841423 -1.692484 2.432703
v -7.978790 -28.634771 303.839935
vn 2.798198 -2.589369 1.523605
v -7.954886 -28.138592 304.342865
vn 2.741407 -3.038551 0.328694
v -7.923468 -27.890100 305.003906
vn 2.680873 -2.962345 -0.945373
v -7.889968 -27.932266 305.708740
vn 2.626963 -2.373867 -2.078360
v -7.860179 -28.257795 306.335541
vn -3.548148 -0.148956 -3.083569
v -17.581766 -31.741776 321.611511
vn -2.726547 0.014368 -3.069469
v -13.462954 -30.923000 321.682190
vn -3.786715 1.009603 -2.600242
v -17.449770 -32.382702 321.344116
vn -2.965170 1.172945 -2.586120
v -13.330957 -31.563925 321.414795
vn -3.974318 1.873547 -1.677668
v -17.346001 -32.860657 320.833740
vn -3.152778 2.036896 -1.663536
v -13.227188 -32.041882 320.904388
vn -3.256873 2.456863 -0.461249
v -13.169589 -32.274223 320.239258
vn -3.299733 -1.401737 -3.044096
v -17.719168 -31.048702 321.589661
vn -2.478234 -1.238432 -3.030012
v -13.600355 -30.229925 321.660339
vn -3.084595 -2.532166 -2.488642
v -17.838215 -30.423319 321.282379
vn -2.262980 -2.368867 -2.474517
v -13.719402 -29.604544 321.353058
vn -2.939790 -3.344829 -1.513198
v -17.918324 -29.973761 320.742767
vn -2.118239 -3.181535 -1.499085
v -13.799511 -29.154985 320.813416
vn -2.890392 -3.699123 -0.286477
v -17.945642 -29.777761 320.064117
vn -2.068825 -3.535797 -0.272409
v -13.826831 -28.958986 320.134796
vn -2.944943 -3.533828 0.979373
v -17.915449 -29.869209 319.363831
vn -2.123406 -3.370494 0.993489
v -13.796637 -29.050434 319.434479
vn -3.094132 -2.877486 2.065586
v -17.832962 -30.232294 318.762909
vn -2.272520 -2.714186 2.079676
v -13.714150 -29.413519 318.833588
vn -3.311895 -1.843621 2.784270
v -17.712446 -30.804234 318.365356
vn -2.490341 -1.680341 2.798331
v -13.593634 -29.985456 318.436005
vn -3.560831 -0.611044 3.011148
v -17.574738 -31.486134 318.239838
vn -2.739272 -0.447727 3.025230
v -13.455926 -30.667358 318.310486
vn -3.797804 0.607216 2.707014
v -17.443649 -32.160091 318.408081
vn -2.976222 0.770534 2.721105
v -13.324838 -31.341314 318.478729
vn -3.981796 1.600459 1.924484
v -17.341846 -32.709568 318.841003
vn -3.160263 1.763776 1.938556
v -13.223035 -31.890791 318.911652
vn -4.081101 2.196930 0.798823
v -17.286932 -33.039558 319.463715
vn -3.259526 2.360269 0.812890
v -13.168120 -32.220783 319.534393
vn -4.078440 2.293552 -0.475357
v -17.288401 -33.093002 320.168610
vn -0.673676 6.186234 0.381884
v -13.782918 -21.700001 271.826355
vn -1.402725 4.697998 -1.768844
v -9.503361 -21.700001 269.316803
vn -0.024597 6.281936 0.078527
v -14.243458 -21.700001 271.030121
vn 1.352818 5.245338 -1.329255
v -15.623322 -21.700001 269.415405
vn -2.630544 3.176428 1.707259
v -19.595778 -21.700001 271.116638
vn -2.569688 3.201273 1.806012
v -20.825075 -21.700001 269.293549
vn 2.387353 4.435340 1.153716
v -15.562414 -21.700001 265.865295
vn -2.555732 3.125089 1.826767
v -22.118982 -21.700001 267.515839
vn -2.621773 3.087920 1.728711
v -23.377647 -21.700001 265.718414
vn 2.588544 3.427206 -1.723116
v -15.309735 -21.700001 257.483002
vn -2.736988 3.060249 1.536737
v -24.524662 -21.700001 263.863922
vn 2.969156 3.427186 -0.924029
v -15.799317 -21.700001 256.455109
vn -2.871722 3.036806 1.262914
v -25.505903 -21.700001 261.924927
vn -2.999665 3.016081 0.912142
v -26.275377 -21.700001 259.877930
vn -3.094108 3.001739 0.497335
v -26.782377 -21.700001 257.717804
vn 3.109212 3.427192 -0.050100
v -15.979481 -21.700001 255.330933
vn -3.132840 2.995405 0.045587
v -26.978052 -21.700001 255.508163
vn -3.104938 2.991994 -0.416948
v -26.846558 -21.700001 253.270126
vn 2.997380 3.427196 0.827902
v -15.835630 -21.700001 254.201538
vn -3.008115 2.991992 -0.875060
v -26.382967 -21.700001 251.076675
vn -2.844095 2.991992 -1.313624
v -25.597637 -21.700001 248.976822
vn -2.616545 2.991995 -1.722841
v -24.508112 -21.700001 247.017471
vn 2.642725 3.427183 1.638820
v -15.379419 -21.700001 253.158432
vn -2.330545 2.991992 -2.093573
v -23.138731 -21.700001 245.242386
vn -1.992482 2.991993 -2.417540
v -21.520081 -21.700001 243.691223
vn 2.073964 3.427202 2.316974
v -14.647808 -21.700001 252.286087
vn -1.609912 2.991993 -2.687503
v -19.688322 -21.700001 242.398636
vn -1.191386 2.991996 -2.897428
v -17.684372 -21.700001 241.393494
vn 1.337182 3.427186 2.807430
v -13.700067 -21.700001 251.655212
vn -0.746239 2.991990 -3.042632
v -15.552995 -21.700001 240.698242
vn 0.492077 3.427195 3.070434
v -12.612976 -21.700001 251.316895
vn -0.284416 2.991992 -3.119871
v -13.341804 -21.700001 240.328430
vn 0.183759 2.991991 -3.127414
v -11.100192 -21.700001 240.292313
vn -0.392899 3.427190 3.084695
v -11.474605 -21.700001 251.298553
vn 0.647818 2.991998 -3.065098
v -8.878233 -21.700001 240.590698
vn -1.246028 3.427183 2.849060
v -10.377178 -21.700001 251.601669
vn 1.097411 2.991988 -2.934310
v -6.725563 -21.700001 241.216904
vn -1.998226 3.427203 2.382602
v -9.409602 -21.700001 252.201675
vn 1.522491 2.991998 -2.737976
v -4.690269 -21.700001 242.156967
vn 1.913553 2.991994 -2.480484
v -2.817815 -21.700001 243.389862
vn -2.588550 3.427191 1.723114
v -8.650265 -21.700001 253.049988
vn 2.261879 2.991991 -2.167577
v -1.150029 -21.700001 244.888062
vn 2.559678 2.991992 -1.806248
v 0.275834 -21.700001 246.618103
vn -2.969152 3.427193 0.924037
v -8.160683 -21.700001 254.077866
vn 2.800297 2.991992 -1.404571
v 1.427921 -21.700001 248.541336
vn 2.978361 2.991996 -0.971522
v 2.280497 -21.700001 250.614807
vn -3.109213 3.427189 0.050103
v -7.980519 -21.700001 255.202042
vn 3.089892 2.991992 -0.516771
v 2.814517 -21.700001 252.792175
vn 3.133130 3.001315 -0.063851
v 3.018053 -21.700001 255.024826
vn 3.114110 3.017881 0.364368
v 2.904830 -21.700001 257.216980
vn -2.997383 3.427193 -0.827891
v -8.124370 -21.700001 256.331451
vn 3.047343 3.035196 0.744086
v 2.523954 -21.700001 259.290894
vn 2.953102 3.055140 1.062460
v 1.922621 -21.700001 261.257202
vn 2.852614 3.075702 1.311634
v 1.148024 -21.700001 263.126556
vn -2.642711 3.427205 -1.638833
v -8.580581 -21.700001 257.374573
vn 2.763646 3.095790 1.491999
v 0.247356 -21.700001 264.909637
vn -1.678125 4.114374 1.715992
v -9.442452 -21.700001 265.766693
vn 2.694437 3.106714 1.614557
v -0.732189 -21.700001 266.617096
vn 0.022062 6.281693 0.090163
v -4.325303 -21.700001 269.873199
vn 2.593166 3.142761 1.719218
v -2.739135 -21.700001 269.847656
vn -0.639798 6.195407 0.366684
v -13.441154 -21.700001 272.426605
vn -0.573041 6.210067 0.354413
v -13.159190 -21.700001 272.890015
vn -1.678122 4.114403 1.715970
v -9.572969 -21.700001 273.374054
vn -0.106593 2.613526 3.044009
v -12.793463 -21.700001 273.425964
vn -2.710299 2.479915 0.306867
v -9.603729 -21.700001 275.166931
vn 0.389794 6.208614 0.556970
v -9.169667 -21.700001 274.919617
vn 0.525533 6.179417 0.603906
v -8.687153 -21.700001 274.558716
vn 0.585915 6.163133 0.629664
v -8.136736 -21.700001 274.068634
vn 0.595348 6.171272 0.579805
v -7.498966 -21.700001 273.433807
vn 0.638292 6.160578 0.589822
v -6.753528 -21.700001 272.637756
vn 0.605788 6.175732 0.544624
v -5.918859 -21.700001 271.708923
vn 0.558137 6.193354 0.494787
v -5.079659 -21.700001 270.751068
vn 1.998216 3.427193 -2.382612
v -14.550398 -21.700001 258.331299
vn 1.314787 3.185514 2.835546
v -14.800952 -21.700001 265.404053
vn 1.246047 3.427170 -2.849054
v -13.582822 -21.700001 258.931305
vn 0.521769 2.987776 3.077655
v -13.950071 -21.700001 265.157410
vn 0.392919 3.427203 -3.084690
v -12.485395 -21.700001 259.234436
vn -0.322215 2.819875 3.091438
v -13.071378 -21.700001 265.143250
vn -1.151682 2.694893 2.869696
v -12.228492 -21.700001 265.362610
vn -0.492077 3.427195 -3.070434
v -11.347024 -21.700001 259.216095
vn -0.790201 1.968899 2.739247
v -11.482440 -21.700001 265.799561
vn -2.073961 3.427174 -2.316986
v -9.312192 -21.700001 258.246887
vn -1.337197 3.427197 -2.807420
v -10.259933 -21.700001 258.877777
vn -1.463319 2.920222 3.471528
v -10.265304 -27.733898 264.770081
vn -1.821829 0.953213 1.781737
v -8.303965 -27.344004 264.803741
vn 0.648082 -6.175016 -0.664100
v -13.036094 -23.700001 270.800110
vn 0.706411 -6.150062 -0.919757
v -12.863320 -23.716948 271.103729
vn 3.064668 -3.137735 -0.257219
v -18.755114 -23.700001 270.892273
vn 2.918738 -3.076630 -0.689730
v -18.736839 -23.728170 271.276764
vn 0.688095 -6.114820 -1.138934
v -12.860253 -23.744209 271.267151
vn 0.697692 -6.056592 -1.375092
v -12.924890 -23.782402 271.414581
vn -0.488848 -5.867439 -1.986308
v -17.518007 -23.843822 271.644501
vn 0.646734 -5.892474 -1.825175
v -13.250090 -23.890036 271.660950
vn -3.497653 -2.246004 -1.980452
v -17.506800 -24.004711 271.880280
vn 0.604278 -5.510388 -2.454995
v -13.730092 -24.015747 271.830261
vn 0.586147 -5.062246 -2.919932
v -14.086492 -24.100851 271.907715
vn -3.557154 -1.340360 -2.621867
v -17.500566 -24.181257 272.011475
vn 0.582037 -4.697913 -3.184705
v -14.381549 -24.168344 271.954437
vn 1.572069 -2.502717 -4.742490
v -15.144351 -24.335075 272.029816
vn -3.581872 -0.136702 -2.918444
v -17.497179 -24.459955 272.082733
vn 3.270235 0.911119 -3.054978
v -15.104603 -24.536043 272.041565
vn -3.516168 1.016780 -2.769864
v -17.499201 -24.723024 272.040192
vn 3.260520 1.638116 -2.898087
v -15.073812 -24.688385 272.012054
vn 3.312216 2.377902 -2.512843
v -15.027301 -24.913496 271.909393
vn -3.439456 1.870408 -2.335738
v -17.506744 -25.010332 271.881470
vn 3.340245 3.051450 -1.876241
v -14.966069 -25.199867 271.658478
vn -3.404441 2.436865 -1.795138
v -17.516382 -25.217609 271.678680
vn -3.445655 2.849068 -1.087963
v -17.533564 -25.445305 271.317169
vn 3.329964 3.498269 -1.122139
v -14.900222 -25.489454 271.175842
vn 3.271060 3.693925 -0.480078
v -14.857704 -25.652960 270.592163
vn -1.843491 4.520685 1.089986
v -17.574070 -25.676662 270.464935
vn 3.282036 3.732837 0.169566
v -14.838007 -25.699997 269.989044
vn -2.629693 3.184307 1.749994
v -20.278700 -25.700001 270.071198
vn -0.091729 6.245674 0.472413
v -14.876616 -25.700001 269.984161
vn -1.098446 1.968943 2.262750
v -19.938406 -25.667383 270.578094
vn 0.151326 2.867741 2.924351
v -19.150295 -25.670668 270.540344
vn 0.150676 2.866080 2.926948
v -18.362183 -25.673761 270.502625
vn -0.041909 -6.128293 -1.308496
v -17.918402 -23.841373 271.645874
vn -0.041906 -6.128170 -1.308846
v -18.318796 -23.838911 271.647095
vn 0.103854 -6.174112 -1.098537
v -18.719194 -23.836374 271.648132
vn -0.544499 6.155910 0.750347
v -14.220904 -21.786499 271.745056
vn -0.687998 6.175854 0.558641
v -14.083128 -21.809618 272.159851
vn -0.729780 6.161751 0.795832
v -14.137140 -21.721415 271.386261
vn -0.726820 6.175948 0.617375
v -14.159947 -21.706379 271.224335
vn -1.358596 6.087189 0.755967
v -13.732836 -21.749001 272.324554
vn -0.708967 6.169335 0.571392
v -13.947775 -21.832804 272.575958
vn -0.731292 6.164328 0.568647
v -13.815516 -21.855886 272.990326
vn -0.390824 2.528455 3.651476
v -13.683498 -21.879274 273.410278
vn -0.629030 2.529564 3.438737
v -13.394699 -21.808609 273.417450
vn -0.537127 2.549748 3.428653
v -13.169125 -21.762465 273.421539
vn -0.471869 2.562394 3.425864
v -13.043746 -21.740160 273.423248
vn 0.645844 -6.178215 -0.497206
v -13.557832 -23.700001 270.183289
vn -0.173011 -6.187970 0.745657
v -15.695620 -23.700001 269.799011
vn -0.301707 -6.185129 0.716731
v -17.755499 -23.700001 269.110046
vn 1.477929 -4.738008 -1.642777
v -18.764637 -23.700001 270.691895
vn -0.403142 -6.185148 0.664950
v -19.694277 -23.700001 268.130768
vn -1.618834 -4.751048 -1.495306
v -19.563736 -23.700001 270.729858
vn -2.640785 -3.190160 1.710981
v -19.725716 -23.700001 270.907928
vn -3.122958 -3.141759 0.123541
v -19.555405 -23.700001 270.905182
vn -2.564866 -3.122962 1.813959
v -22.227077 -23.700001 267.366547
vn -0.495612 -6.185249 0.598750
v -21.471302 -23.700001 266.881805
vn -0.577214 -6.185385 0.519799
v -23.049314 -23.700001 265.389252
vn -2.629514 -3.085289 1.716781
v -23.462166 -23.700001 265.591003
vn -0.646170 -6.185567 0.429869
v -24.395226 -23.700001 263.684448
vn -2.745257 -3.058665 1.521821
v -24.584330 -23.700001 263.757996
vn -0.701014 -6.185809 0.331001
v -25.480814 -23.700001 261.803162
vn -2.878256 -3.035832 1.247926
v -25.542746 -23.700001 261.841431
vn -3.003459 -3.015790 0.899724
v -26.293375 -23.700001 259.818909
vn -0.740743 -6.186043 0.225429
v -26.283318 -23.700001 259.784790
vn -3.095326 -3.001900 0.490256
v -26.787323 -23.700001 257.687164
vn -0.764565 -6.186328 0.115468
v -26.785910 -23.700001 257.671692
vn -3.904999 -2.899012 0.048158
v -26.978052 -23.700001 255.508163
vn -2.403949 2.364805 0.636732
v -9.471247 -22.687864 278.885620
vn -2.138294 2.368734 0.257039
v -9.458457 -22.972664 281.445587
vn 1.887128 5.789639 1.392413
v -9.282818 -22.743097 278.873352
vn 0.850977 6.077510 0.595886
v -8.463832 -23.161716 280.071655
vn 2.074478 5.724900 1.395068
v -9.098948 -22.802893 278.860382
vn 2.330978 5.629814 1.342179
v -8.784809 -22.919506 278.835815
vn 1.303120 5.753172 1.083176
v -8.489527 -23.046364 278.809845
vn 0.729368 6.118925 0.575826
v -8.439450 -23.285339 281.421692
vn -2.303670 2.416022 0.252733
v -9.445148 -23.260468 284.004578
vn 0.558935 6.163549 0.591395
v -8.400626 -23.547813 284.280304
vn -2.462348 2.451883 0.257661
v -9.431360 -23.550705 286.563812
vn 0.393108 6.197322 0.605618
v -8.385560 -23.814785 287.173309
vn -1.442077 3.339482 -1.085198
v -9.417163 -23.842943 289.122375
vn 0.228296 6.221115 0.624622
v -8.406845 -24.067343 289.888855
vn 0.265327 6.229404 0.708169
v -9.604115 -24.156668 291.951233
vn 0.108436 6.237294 0.596634
v -8.476404 -24.296362 292.321259
vn 0.097538 6.237121 0.607974
v -8.533853 -24.401705 293.424896
vn -0.004164 6.241975 0.629492
v -8.609161 -24.500141 294.443207
vn 0.048256 6.235486 0.733004
v -9.572776 -24.465210 294.560913
vn -0.031860 6.244507 0.619060
v -8.704395 -24.591072 295.368561
vn -0.061119 6.244193 0.632931
v -8.824881 -24.675877 296.212616
vn -0.149069 6.244609 0.646136
v -8.996818 -24.762903 297.049896
vn -0.148783 6.234713 0.744213
v -9.541437 -24.773750 297.170624
vn -0.175066 6.243541 0.662291
v -9.263131 -24.852882 297.862610
vn -0.164812 6.239903 0.701535
v -9.273786 -24.857042 297.898315
vn -0.181601 6.233824 0.755521
v -9.273832 -24.861341 297.935547
vn -0.240699 6.232341 0.730181
v -9.510098 -25.082291 299.780334
vn -0.172499 6.225848 0.817787
v -9.243131 -24.868998 298.003021
vn -0.145683 6.208171 0.931484
v -9.106334 -24.881596 298.114319
vn 0.187746 6.249429 0.604813
v -7.771175 -25.082172 299.752319
vn -0.078105 6.173306 1.095388
v -8.696091 -24.906347 298.297577
vn 0.055234 6.108031 1.287801
v -7.811004 -24.968431 298.578308
vn 0.223835 6.253893 0.542987
v -6.926235 -25.127546 299.731110
vn 0.249801 5.885002 1.798884
v -7.023737 -25.043283 298.787628
vn 0.669100 6.221623 0.467489
v -6.750751 -25.236443 300.943604
vn -0.076763 6.260182 0.528723
v -6.685530 -25.569513 304.976959
vn 0.610602 6.217907 0.415481
v -6.428976 -25.425394 303.175323
vn 0.495647 6.233599 0.364218
v -6.054219 -25.605616 305.483521
vn 0.250848 6.243109 0.379386
v -5.622287 -25.772593 307.868835
vn -0.504399 6.239995 0.531592
v -6.444825 -26.011482 310.222809
vn -0.481273 6.247253 0.467547
v -5.483859 -25.937864 310.219635
vn -0.850226 6.207860 0.464734
v -5.174308 -26.307440 315.476501
vn 0.092231 6.246053 0.316699
v -5.012054 -25.950602 310.879395
vn -0.890909 6.197228 0.524763
v -6.204120 -26.453449 315.468658
vn -0.973943 6.172791 0.647317
v -7.239348 -26.605907 315.459808
vn -0.616197 6.220635 0.631053
v -7.416624 -26.097996 310.223999
vn -0.799039 6.188246 0.733293
v -9.384744 -26.316456 310.219147
vn -0.536293 6.215537 0.732550
v -9.447421 -25.699373 304.999725
vn -0.871410 6.168355 0.803625
v -11.325036 -25.909388 304.994843
vn -0.718359 6.185664 0.805113
v -11.281147 -25.216709 299.786377
vn -1.140027 6.120907 0.824469
v -13.041767 -25.486465 299.769592
vn -1.116711 6.124204 0.826587
v -12.965236 -25.119246 297.167969
vn -0.636396 6.147602 0.897267
v -13.827205 -25.203493 296.407562
vn -1.088156 6.128260 0.829509
v -12.888704 -24.752026 294.566345
vn -0.631905 6.148263 0.899547
v -13.626529 -24.875879 294.309174
vn -0.623760 6.150183 0.898170
v -13.438835 -24.568783 292.342163
vn -1.054447 6.133512 0.829209
v -12.812173 -24.384806 291.964722
vn -1.010826 6.139768 0.833783
v -12.735641 -24.017586 289.363098
vn -0.446076 6.204504 0.812219
v -11.215313 -24.177691 291.973663
vn -0.344888 6.208326 0.809667
v -11.193369 -23.831352 289.369415
vn 0.319394 6.235744 0.627410
v -9.635454 -23.848127 289.341522
vn 0.205628 1.304250 -2.018522
v -11.188439 -23.753557 288.784485
vn -0.102731 1.278456 -2.058421
v -12.715014 -23.918596 288.661865
vn 0.111068 1.326138 -2.312324
v -13.083822 -23.993393 288.656586
vn -0.638815 6.147512 0.893913
v -14.649234 -26.510288 304.778687
vn -1.179146 6.115168 0.820434
v -13.194830 -26.220905 304.972839
vn -1.006894 6.149344 0.800653
v -11.368925 -26.602066 310.203308
vn -1.012469 6.153872 0.762214
v -9.322065 -26.933538 315.438538
vn -1.198399 6.143614 0.258907
v -9.713336 -27.640862 320.650146
vn -1.578265 6.021809 0.798571
v -14.731968 -26.999556 308.328735
vn -1.197031 6.112821 0.819580
v -13.347893 -26.955347 310.176056
vn -1.122168 6.130852 0.793832
v -11.412814 -27.294744 315.411774
vn -1.550272 6.029205 0.798802
v -14.836466 -27.535185 312.179504
vn -1.216817 6.109754 0.816937
v -13.500956 -27.689787 315.379303
vn -1.527986 6.035287 0.797914
v -14.963567 -28.115278 316.318268
vn -1.267370 6.127998 0.448813
v -15.107390 -28.713123 320.557495
vn -0.542563 6.199295 0.811137
v -11.237258 -24.524031 294.577911
vn -0.632782 6.192809 0.809917
v -11.259202 -24.870369 297.182129
vn -0.242422 6.246856 0.621518
v -7.593900 -25.590084 304.988159
vn -3.476604 -1.422308 2.897305
v -7.959819 -34.170971 323.847076
vn -3.768695 0.054454 2.879396
v -7.863523 -34.655907 323.853088
vn -0.740135 -0.941011 1.094497
v -7.783466 -35.079521 324.095184
vn -2.789458 0.607391 3.930999
v -7.690794 -35.061100 324.096771
vn -3.206851 -2.724592 2.191890
v -8.048814 -33.743275 324.078644
vn -3.025757 -3.534018 0.935781
v -8.108750 -33.477367 324.491180
vn 0.743933 -6.088421 -0.991381
v -8.124976 -33.438259 324.983795
vn -3.001593 -3.149696 -1.824547
v -8.098802 -33.605423 325.395050
vn -3.184243 -2.151614 -2.736696
v -8.039234 -33.930737 325.692352
vn -1.171062 1.631602 1.453985
v -6.415508 -34.925186 325.434937
vn -2.308984 1.895712 2.277026
v -6.906482 -35.182301 325.106812
vn -3.157985 1.748552 2.685807
v -7.358645 -35.288780 324.617279
vn -3.465659 1.510454 2.976167
v -7.543637 -35.224556 324.345734
vn -0.469773 -1.176666 -0.077293
v -7.958054 -34.349857 325.816925
vn 1.721138 -2.050775 4.731872
v -15.068328 -30.110710 334.519592
vn 3.496416 -2.464225 0.474966
v -15.026464 -30.173697 332.809235
vn 3.458488 -2.332562 1.053388
v -14.922416 -30.553301 331.143036
vn 3.403117 -2.095821 1.594996
v -14.759952 -31.235788 329.581329
vn 3.333674 -1.762433 2.080903
v -14.544949 -32.196461 328.180603
vn 3.243458 -1.340207 2.497647
v -14.285188 -33.400555 326.991577
vn 4.672539 -1.522942 1.130526
v -13.990069 -34.804497 326.057251
vn -0.571608 -3.999808 3.850908
v -8.106052 -33.634819 326.158203
vn -2.895963 -1.977198 2.770540
v -8.057269 -33.869774 326.037201
vn -2.907998 -1.891995 2.810911
v -8.007922 -34.108189 325.923401
vn -0.416119 -4.994220 1.922178
v -4.974631 -31.689827 327.043549
vn 1.685441 4.784963 1.636418
v -15.657448 -21.875902 273.442657
vn 0.018765 6.227780 0.734022
v -16.774523 -21.780800 271.762573
vn -0.045318 6.256620 0.530639
v -19.215548 -21.775293 271.778229
vn -3.021641 3.120217 0.473796
v -19.292444 -22.030775 276.437897
vn -2.641718 2.171232 1.555859
v -19.320206 -21.764423 271.585083
vn -2.713725 2.802725 1.704863
v -19.428751 -21.753660 271.394135
vn -5.579513 0.485603 2.574079
v -19.541136 -21.743011 271.205383
vn 2.995552 3.733543 0.378385
v -15.675099 -22.030775 276.265961
vn 2.497060 4.188424 -0.310044
v -15.507257 -23.906710 288.219055
vn -2.964082 3.049936 0.857326
v -17.878796 -26.706173 306.181335
vn -0.801786 6.110413 0.979754
v -14.771020 -26.706173 306.033600
vn -3.694591 2.844700 -0.890203
v -15.885784 -30.507774 305.986786
vn 0.661480 0.044228 -1.111304
v -10.414830 -30.568064 305.453827
vn -3.618288 2.996020 0.674152
v -15.910246 -30.557346 305.472107
vn 0.685019 0.101775 -0.529729
v -10.523551 -30.570099 305.337219
vn 0.684453 0.088500 -0.223513
v -10.551344 -30.565563 305.277771
vn -3.764759 1.927537 -2.169101
v -15.865777 -30.207212 306.407745
vn 0.544227 -0.615543 -2.517289
v -9.317215 -30.415905 305.859711
vn 0.590554 -0.192686 -1.847521
v -9.991830 -30.519972 305.672058
vn -3.803211 0.501097 -2.815473
v -15.855584 -29.736200 306.622223
vn 3.518919 0.501117 -3.163527
v -7.864604 -29.736200 306.242401
vn 3.506279 1.912825 -2.534252
v -7.874797 -30.207212 306.027954
vn -2.189121 1.354669 -3.599235
v -8.430782 -30.262001 306.005676
vn 3.569370 2.853076 -1.233504
v -7.894805 -30.507774 305.606995
vn -3.597556 2.252278 -1.079589
v -8.372457 -30.519972 305.595093
vn 3.655697 3.000334 0.328586
v -7.919266 -30.557346 305.092316
vn -3.543949 2.395616 0.443441
v -8.356758 -30.557346 305.113098
vn -3.463819 1.784812 1.851803
v -8.387336 -30.365435 304.671753
vn 3.710702 2.351720 1.760216
v -7.941628 -30.342648 304.621826
vn -1.817275 0.067333 3.931059
v -8.457081 -29.988852 304.373627
vn 3.750394 1.035784 2.685619
v -7.955896 -29.921206 304.321625
vn -3.518357 1.058458 3.015749
v -15.946877 -29.921206 304.701416
vn -3.518984 -0.501010 3.163528
v -15.949229 -29.405947 304.651886
vn 3.803152 -0.501020 2.815520
v -7.958250 -29.405947 304.272095
vn -3.549949 -1.930408 2.512719
v -15.939036 -28.934933 304.866333
vn 3.772256 -1.930393 2.164704
v -7.948057 -28.934933 304.486542
vn -3.610595 -2.842484 1.235259
v -15.919029 -28.634373 305.287323
vn 3.711471 -2.842488 0.887261
v -7.928050 -28.634373 304.907532
vn -3.684868 -2.992870 -0.326541
v -15.894567 -28.584801 305.802002
vn 3.637287 -2.992882 -0.674557
v -7.903588 -28.584801 305.422211
vn -3.752668 -2.341401 -1.754234
v -15.872207 -28.799500 306.272461
vn 3.569380 -2.341379 -2.102232
v -7.881227 -28.799500 305.892670
vn -3.795990 -1.062549 -2.665231
v -15.857938 -29.220942 306.572693
vn 3.526159 -1.062469 -3.013252
v -7.866958 -29.220942 306.192902
vn 0.765798 -1.399424 2.157593
v -9.338429 -30.195562 304.543152
vn -3.552372 2.342768 2.104151
v -15.932607 -30.342648 305.001617
vn 0.755552 -0.781009 1.660974
v -10.006708 -30.365435 304.748718
vn 0.759665 -0.317527 1.041523
v -10.422496 -30.488447 304.978119
vn 0.731064 -0.073806 0.513102
v -10.527412 -30.529993 305.097595
vn 0.704111 0.013652 0.221157
v -10.553278 -30.545473 305.157745
vn 0.697752 0.058862 0.000495
v -10.561265 -30.557346 305.217896
vn -1.745986 1.749711 1.859584
v -18.328411 -29.329103 296.721313
vn -2.850565 3.604860 1.450682
v -19.541161 -25.786085 271.204834
vn -3.527609 1.141121 2.982615
v -18.325380 -29.842913 296.785126
vn -3.572739 2.394356 2.036133
v -18.310555 -30.255913 297.097015
vn -5.665618 -0.441274 2.332969
v -19.541161 -27.079245 271.204834
vn -3.360330 3.002907 0.987645
v -18.287912 -30.457386 297.573456
vn -3.017920 -3.122313 -0.121093
v -17.921507 -32.435974 305.282684
vn -3.328299 3.124005 0.282230
v -17.913197 -31.552111 305.457550
vn -2.865003 -3.073713 0.619055
v -17.878433 -32.434761 306.188965
vn -2.833795 -2.767458 1.559694
v -17.837484 -32.153229 307.050537
vn -3.567174 2.981704 -0.608200
v -17.876211 -31.506458 306.235687
vn -2.801647 -2.205395 2.332096
v -17.802670 -31.618938 307.783051
vn -3.618565 2.457404 -1.688899
v -17.842873 -31.166162 306.937164
vn -2.738500 -1.378884 2.920156
v -17.777397 -30.884188 308.314758
vn -3.656446 1.559041 -2.486919
v -17.818254 -30.583029 307.455139
vn -2.723760 -0.505716 3.200659
v -17.764141 -30.020903 308.593658
vn -3.675270 0.423307 -2.880750
v -17.806103 -29.845835 307.710815
vn -3.671808 -0.776917 -2.810546
v -17.808270 -29.066809 307.665192
vn -2.756777 0.495990 3.207472
v -17.764200 -29.113583 308.592468
vn -3.646967 -1.858773 -2.286880
v -17.824425 -28.364553 307.325287
vn -2.740347 1.436997 2.890037
v -17.777565 -28.251045 308.311249
vn -3.604359 -2.657678 -1.389492
v -17.852110 -27.845980 306.742828
vn -2.755836 2.194874 2.331841
v -17.802931 -27.517723 307.777557
vn -3.368867 -3.039816 -0.571682
v -17.887108 -27.590036 306.006439
vn -2.795798 2.771771 1.538200
v -17.837812 -26.985395 307.043640
vn -3.400572 -3.114643 0.140049
v -18.261824 -26.495314 298.122345
vn -3.606872 -2.811514 1.314588
v -18.286209 -26.559326 297.609253
vn -3.547333 -1.863889 2.565968
v -18.305809 -26.871597 297.196899
vn -3.253754 -0.832213 3.160133
v -18.315371 -27.348452 296.995728
vn -6.068747 -0.500901 0.967754
v -19.541136 -23.715353 271.205383
vn -1.508817 -1.776945 1.412330
v -18.315376 -27.349312 296.995605
vn -1.816072 -1.594541 -1.701542
v -19.563732 -23.703703 270.729950
vn -3.103653 -3.133710 -0.062447
v -19.545881 -23.706648 271.105530
vn -3.073958 -3.137685 0.032733
v -19.550640 -23.701557 271.005402
vn -4.640136 -1.777016 1.561595
v -16.317631 -27.349312 296.900665
vn 1.638267 -1.581409 -1.865785
v -18.764633 -23.703703 270.691956
vn -2.651593 3.119459 2.083153
v -19.595314 -25.773472 271.116364
vn -1.535373 1.419504 1.855614
v -17.574150 -25.696297 270.463226
vn -4.361664 1.749620 1.983908
v -16.330667 -29.329103 296.626373
vn -3.825714 0.921445 4.259238
v -19.939995 -25.696297 270.575684
vn -2.614730 3.126714 2.141365
v -19.852463 -25.715481 270.709991
vn -2.626472 3.122479 2.123169
v -19.765806 -25.734735 270.844849
vn -2.638747 3.120116 2.103850
v -19.680067 -25.754065 270.980286
vn -3.613399 3.066809 -0.199694
v -16.265987 -28.649490 297.987244
vn -0.122536 6.211174 0.506992
v -6.553599 -28.087666 297.486847
vn -3.647585 3.004481 0.783406
v -16.279499 -28.643517 297.702972
vn 3.474670 2.854368 1.426300
v -6.574730 -27.955990 297.059814
vn -3.656849 2.526754 1.869165
v -16.298244 -28.486475 297.308533
vn 3.561588 1.921408 2.425922
v -6.602769 -27.651413 296.733368
vn -3.575634 1.605970 2.764639
v -16.312201 -28.179325 297.014893
vn 3.652753 0.645810 2.917265
v -6.632105 -27.234890 296.572784
vn -3.491823 0.392704 3.203795
v -16.318846 -27.777533 296.875092
vn 3.726202 -0.715245 2.803388
v -6.656867 -26.789783 296.610229
vn -3.209185 -0.589799 3.224795
v -16.316978 -27.353651 296.914368
vn -2.990240 -0.913425 3.151616
v -16.316973 -27.353249 296.914490
vn -3.134835 -1.131084 3.074147
v -16.316967 -27.352846 296.914612
vn -3.239441 -1.724226 2.750630
v -16.311085 -27.096054 297.038391
vn 3.770491 -1.895694 2.104700
v -6.672099 -26.405172 296.838226
vn -3.220591 -2.390004 2.157081
v -16.302011 -26.884560 297.229279
vn 3.778369 -2.652234 0.963329
v -6.674752 -26.158037 297.211121
vn -3.218122 -2.858888 1.402454
v -16.290485 -26.735498 297.471802
vn -3.229290 -3.096567 0.540214
v -16.277439 -26.660944 297.746307
vn 0.573140 -6.213786 -0.350818
v -6.664296 -26.097834 297.654297
vn -3.261241 -3.078905 -0.355585
v -16.263927 -26.666935 298.030579
vn 3.546047 -2.837594 -0.791304
v -4.668671 -25.981524 297.591400
vn -3.303617 -2.809430 -1.203485
v -16.251047 -26.752989 298.301575
vn 3.736946 -2.270086 -1.861588
v -4.643155 -26.158180 298.074432
vn -3.357479 -2.305120 -1.945688
v -16.239841 -26.912134 298.537354
vn 3.635569 -1.075840 -2.864917
v -4.609807 -26.551636 298.404968
vn -3.414556 -1.619467 -2.506306
v -16.231218 -27.131475 298.718781
vn -3.471949 -0.795664 -2.851934
v -16.225876 -27.393248 298.831207
vn 3.536227 0.460669 -3.139810
v -4.577472 -27.057558 298.495361
vn -3.526232 0.083090 -2.948243
v -16.224245 -27.676241 298.865509
vn -3.571056 0.956289 -2.791955
v -16.226461 -27.957531 298.818878
vn 3.466723 1.931522 -2.612274
v -4.554724 -27.541788 298.321655
vn -3.605411 1.745293 -2.397942
v -16.232344 -28.214333 298.695129
vn -3.623546 2.391406 -1.799748
v -16.241415 -28.425838 298.504242
vn 3.445294 2.946441 -1.422253
v -4.547595 -27.875921 297.929901
vn -3.627519 2.843706 -1.045146
v -16.252941 -28.574917 298.261749
vn 3.204125 3.302856 -0.274371
v -4.557975 -27.971354 297.423981
vn 3.156874 3.323943 -0.135588
v -7.561255 -25.700001 269.925354
vn -3.104175 2.528718 -0.089820
v -8.718965 -25.700001 269.944000
vn 3.177815 3.320178 -0.243409
v -7.559883 -25.698967 269.970764
vn -3.128612 2.524991 -0.198677
v -8.719950 -25.698967 269.989471
vn 3.175570 3.309832 -0.385460
v -7.558635 -25.695871 270.016083
vn -3.130853 2.515272 -0.341803
v -8.721343 -25.695871 270.034821
vn 2.889050 3.298662 -0.056889
v -7.557513 -25.690720 270.061218
vn -2.833692 2.506271 -0.010761
v -8.723143 -25.690720 270.080017
vn -3.317295 2.506714 -0.078693
v -8.722930 -25.694229 270.108276
vn -3.229746 2.459604 -0.669666
v -8.743276 -25.634079 270.597198
vn 3.376470 3.300636 -0.137698
v -7.556418 -25.694229 270.089478
vn 3.299782 3.225834 -0.822864
v -7.543180 -25.618349 270.649963
vn -3.250336 2.325654 -1.135523
v -8.767911 -25.540102 270.944214
vn 3.363135 2.948469 -1.531628
v -7.537229 -25.432310 271.182892
vn -3.344467 2.007192 -1.740483
v -8.807938 -25.370956 271.317444
vn 3.382117 2.412336 -2.268782
v -7.541923 -25.105209 271.638947
vn -3.464725 1.272939 -2.491040
v -8.874973 -25.066414 271.695984
vn 3.366886 1.713978 -2.812558
v -7.549644 -24.881491 271.807709
vn -3.556688 -0.025779 -3.052244
v -8.963287 -24.642002 271.925995
vn 3.465741 0.759301 -3.133805
v -7.561473 -24.624727 271.907196
vn -3.549740 -1.394199 -3.013931
v -9.023057 -24.341898 271.932526
vn 3.467207 -0.438130 -3.125659
v -7.580309 -24.305187 271.900482
vn 3.406818 -1.438955 -2.748548
v -7.591776 -24.145506 271.831909
vn -3.562912 -2.619552 -2.353043
v -9.072268 -24.084126 271.814148
vn 0.920059 -5.275149 -2.764651
v -7.608236 -23.954279 271.663239
vn -3.431539 -3.400170 -1.396663
v -9.117219 -23.828844 271.476288
vn 0.181852 -6.094693 -0.984229
v -5.577743 -23.839443 271.442627
vn -3.297291 -3.681599 -0.637572
v -9.130208 -23.737356 271.173340
vn 0.177609 -6.199658 -0.622154
v -4.497013 -23.779573 271.269287
vn 2.725295 -3.166009 1.371615
v -3.441372 -23.723347 270.999359
vn -3.166598 -3.748254 -0.188533
v -9.130151 -23.700001 270.737183
vn 2.735086 -3.150843 1.587727
v -3.226967 -23.700001 270.642059
vn 1.383898 2.199571 2.373788
v -2.436786 -25.699726 269.363403
vn 3.893584 1.028044 4.138124
v -2.437214 -25.727474 269.364105
vn 2.666317 3.141094 1.661782
v -2.405905 -25.700001 269.314148
vn 2.663192 3.142802 1.666429
v -1.764062 -27.700001 268.292450
vn 2.633067 3.084612 1.712467
v -1.711063 -27.700001 268.207886
vn 2.695262 3.095722 1.612952
v -3.145596 -27.700001 270.507965
vn 2.566703 3.187698 1.768384
v -4.059165 -26.023542 272.075989
vn 2.781964 3.086229 1.456532
v -4.364017 -27.700001 272.646271
vn 2.671299 3.197378 1.561312
v -4.713647 -26.156767 273.351898
vn 2.877467 3.061350 1.255546
v -4.871236 -27.700001 273.695679
vn 2.837951 3.626734 0.776883
v -5.362656 -26.314278 274.952484
vn 5.960042 -0.244271 1.677941
v -5.288688 -27.699999 274.736847
vn 2.649595 3.153802 1.687685
v -1.711003 -27.700001 268.207794
vn 2.663722 3.146326 1.665583
v -1.707240 -27.700001 268.201782
vn 2.673302 -3.118951 1.649977
v -1.522275 -27.700001 267.905853
vn 2.708924 3.108148 1.590092
v -0.478005 -25.700001 266.189117
vn 2.696706 -3.123550 1.611403
v -0.515401 -27.700001 266.252625
vn 2.716127 -3.134469 1.578656
v -0.350051 -27.700001 265.970276
vn 2.716137 -3.145748 1.578653
v -0.348412 -27.700001 265.967438
vn 2.713846 -3.139452 1.582603
v -0.347359 -27.700001 265.965637
vn 2.724528 -3.127210 1.564021
v -0.346684 -27.700001 265.964478
vn 2.707717 -3.171607 1.592407
v -0.346252 -27.700001 265.963715
vn 2.701813 -3.126867 1.602857
v -0.345974 -27.700001 265.963257
vn 2.745564 -3.095110 1.525540
v -0.345796 -27.700001 265.962952
vn 2.731113 -3.185358 1.550878
v -0.345683 -27.700001 265.962738
vn 2.728736 -3.105342 1.555490
v -0.345610 -27.700001 265.962616
vn 2.778765 3.080489 1.463225
v 0.446566 -25.700001 264.538147
vn 2.808570 -3.099094 1.406168
v 0.965802 -27.700001 263.511871
vn 2.869884 3.085214 1.274812
v 1.289631 -25.700001 262.815765
vn 2.834484 -3.125432 1.354632
v 1.021226 -27.700001 263.396301
vn 2.837636 -3.130318 1.348072
v 1.043324 -27.700001 263.349823
vn 2.839030 -3.130604 1.345135
v 1.051752 -27.700001 263.332062
vn 2.841288 -3.131462 1.340365
v 1.054911 -27.700001 263.325378
vn 2.839531 -3.138459 1.344100
v 1.056088 -27.700001 263.322876
vn 2.831999 -3.132306 1.359879
v 1.056526 -27.700001 263.321960
vn 2.823777 -3.129909 1.376831
v 1.056688 -27.700001 263.321625
vn 2.839138 -3.093277 1.343264
v 1.056748 -27.700001 263.321503
vn 2.904459 -3.084027 1.194364
v 1.546096 -27.700001 262.222412
vn 2.966681 3.065492 1.025311
v 2.009751 -25.700001 261.012573
vn 2.956822 -3.108163 1.060101
v 2.052861 -27.700001 260.887848
vn 2.976810 -3.136442 1.004074
v 2.084576 -27.700001 260.794373
vn 2.979046 -3.137647 0.997431
v 2.096323 -27.700001 260.759369
vn 2.980678 -3.136260 0.992536
v 2.100555 -27.700001 260.746704
vn 2.978539 -3.144739 0.998927
v 2.102065 -27.700001 260.742157
vn 2.980906 -3.129018 0.991727
v 2.102601 -27.700001 260.740570
vn 2.990292 -3.123613 0.962957
v 2.102792 -27.700001 260.739990
vn 3.003809 -3.108786 0.919340
v 2.102859 -27.700001 260.739777
vn 3.025193 -3.090994 0.844700
v 2.469769 -27.700001 259.504486
vn 3.054345 3.054816 0.719442
v 2.565488 -25.700001 259.119263
vn 3.042213 -3.133872 0.783885
v 2.481937 -27.700001 259.457458
vn 3.043503 -3.136138 0.778884
v 2.488555 -27.700001 259.431641
vn 3.044041 -3.136894 0.776785
v 2.492070 -27.700001 259.417877
vn 3.044569 -3.136736 0.774711
v 2.493914 -27.700001 259.410645
vn 3.044449 -3.139100 0.775194
v 2.494875 -27.700001 259.406860
vn 3.045912 -3.132466 0.769344
v 2.495374 -27.700001 259.404907
vn 3.045431 -3.146847 0.771243
v 2.495632 -27.700001 259.403870
vn 3.043647 -3.131830 0.778255
v 2.495766 -27.700001 259.403351
vn 3.051723 -3.124863 0.745574
v 2.495836 -27.700001 259.403076
vn 3.064995 3.152721 0.688985
v 2.495872 -27.700001 259.402924
vn 3.087101 -3.077161 0.577210
v 2.780490 -27.700001 258.068634
vn 3.117414 3.046427 0.347865
v 2.915401 -25.700001 257.126465
vn 3.096390 -3.099873 0.529370
v 2.785653 -27.700001 258.038513
vn 3.097025 -3.101628 0.525780
v 2.788411 -27.700001 258.022308
vn 3.097470 -3.103589 0.523298
v 2.789866 -27.700001 258.013702
vn 3.097446 -3.104438 0.523498
v 2.790628 -27.700001 258.009186
vn 3.097871 -3.101457 0.520739
v 2.791026 -27.700001 258.006836
vn 3.098624 -3.109478 0.516808
v 2.791234 -27.700001 258.005585
vn 3.097857 -3.104018 0.521033
v 2.791342 -27.700001 258.004944
vn 3.093499 -3.117328 0.546354
v 2.791398 -27.700001 258.004608
vn 3.096098 -3.040089 0.517152
v 2.791427 -27.700001 258.004456
vn 3.125916 -3.097921 0.305847
v 2.968694 -27.700001 256.576660
vn 3.131797 -3.125576 0.247373
v 2.969883 -27.700001 256.561676
vn 3.131919 -3.125231 0.245809
v 2.970508 -27.700001 256.553741
vn 3.132019 -3.124923 0.244508
v 2.970835 -27.700001 256.549561
vn 3.131885 -3.127115 0.246351
v 2.971006 -27.700001 256.547363
vn 3.132107 -3.122316 0.243162
v 2.971096 -27.700001 256.546234
vn 3.131842 -3.129920 0.247003
v 2.971143 -27.700001 256.545624
vn 3.132906 -3.109933 0.230900
v 2.971167 -27.700001 256.545319
vn 3.136525 -3.080695 0.162513
v 2.971180 -27.700001 256.545135
vn 3.902674 2.918736 -0.081486
v 3.018053 -25.700001 255.024826
vn 3.135202 -3.020068 -0.095199
v 3.018053 -27.700001 255.024826
vn 1.475469 -2.139664 2.501291
v -2.824325 -23.709661 269.984955
vn 2.618453 -3.143201 1.579940
v -2.485839 -23.701859 269.441711
vn 3.948131 -0.996886 4.121624
v -2.824325 -23.709282 269.984955
vn 2.709346 -3.124280 1.983378
v -2.852574 -23.704126 270.030609
vn 2.708210 -3.137011 1.839559
v -2.880879 -23.701031 270.076385
vn 2.693843 -3.145548 1.702971
v -2.909199 -23.700001 270.122284
vn 2.556328 3.092022 2.188639
v -3.205940 -21.795799 270.607330
vn 3.301011 2.936737 2.599803
v -3.638279 -22.085686 271.333832
vn 3.458408 3.053900 2.237016
v -4.348598 -22.246035 272.616577
vn 3.122253 -3.205980 1.301719
v -4.736712 -23.745981 273.401031
vn 3.648127 2.939129 2.251481
v -4.973806 -22.482872 273.931091
vn 5.322290 1.202368 2.873383
v -5.194950 -22.848793 274.480560
vn 2.670299 -3.136515 1.656451
v -2.405905 -23.700001 269.314148
vn 2.708115 -3.105195 1.591262
v -0.478005 -23.700001 266.189117
vn 2.781762 -3.091288 1.457718
v 0.446566 -23.700001 264.538147
vn 2.870487 -3.072106 1.271849
v 1.289631 -23.700001 262.815765
vn 2.967085 -3.052711 1.022739
v 2.009751 -23.700001 261.012573
vn 3.055320 -3.034083 0.711069
v 2.565488 -23.700001 259.119263
vn 3.116531 -3.018059 0.345038
v 2.915401 -23.700001 257.126465
vn 3.902178 -2.906146 -0.069916
v 3.018053 -23.700001 255.024826
vn 5.469421 0.968431 2.866917
v -5.345252 -23.218719 274.900513
vn 5.600971 0.579804 2.712638
v -5.435628 -23.572258 275.179993
vn 2.987732 -2.821772 1.067591
v -5.481958 -23.966179 275.334015
vn 5.617406 1.515667 1.209869
v -5.578056 -22.648180 274.897614
vn 5.768622 0.930875 1.436359
v -5.534093 -23.231865 275.213165
vn 5.276380 1.385658 3.106990
v -5.325114 -23.138996 274.832153
vn 5.880137 0.599549 1.365927
v -5.511586 -23.564804 275.311646
vn 3.187574 -3.413927 0.279264
v -5.487103 -23.967388 275.343994
vn 0.090678 3.220607 3.139971
v -2.480543 -25.700001 269.364716
vn -0.020692 6.282969 -0.030558
v -2.449900 -25.700001 269.344025
vn -0.123167 -3.098119 2.692397
v -3.057771 -23.723349 269.988739
vn -0.127681 -6.247919 0.096178
v -3.215233 -23.709282 269.991272
vn -0.171109 -6.251000 -0.545227
v -3.228002 -23.704128 269.946289
vn -0.071648 -6.280155 -0.117853
v -2.967565 -23.700001 269.680939
vn -0.098891 -6.272231 -0.288605
v -3.240837 -23.701033 269.901154
vn -0.022635 -6.282117 -0.077319
v -3.253713 -23.700001 269.855927
vn -0.054471 -6.281566 -0.084898
v -2.684926 -23.700001 269.500305
vn 0.236343 3.137088 3.826558
v -7.273558 -25.700001 269.509003
vn 0.336970 6.185773 0.698327
v -5.320576 -25.700001 268.707184
vn 0.430862 6.185975 0.643717
v -3.499512 -25.700001 267.639099
vn 0.516424 6.186126 0.576585
v -1.846440 -25.700001 266.325928
vn 0.591458 6.186335 0.498085
v -0.394106 -25.700001 264.793671
vn 0.654760 6.186540 0.409880
v 0.828721 -25.700001 263.072693
vn 0.705041 6.186748 0.313711
v 1.797816 -25.700001 261.197083
vn 0.741317 6.186953 0.211492
v 2.493984 -25.700001 259.203979
vn 0.762863 6.187163 0.105247
v 2.903433 -25.700001 257.132874
vn 3.155226 3.324104 -0.074947
v -7.571381 -25.700001 269.604004
vn 0.030096 6.281081 0.110935
v -7.950987 -25.700001 269.715271
vn 0.171281 6.233633 0.528205
v -8.333395 -25.700001 269.816498
vn -3.211614 2.507390 0.202568
v -8.718340 -25.700001 269.907593
vn -3.295299 -3.725065 0.170697
v -9.116956 -23.700199 269.970398
vn -3.168046 -3.543610 0.985101
v -9.094091 -23.781748 269.582581
vn 0.123691 -6.224609 0.557723
v -8.900239 -23.700001 269.946930
vn 0.252684 -6.187051 0.726875
v -6.909873 -23.700001 269.383636
vn 0.942409 -5.316959 2.855120
v -7.215327 -23.833975 268.961304
vn 1.373526 -5.314941 2.661267
v -5.318557 -23.833975 268.145752
vn 1.716782 -3.084694 5.002755
v -7.335602 -24.200001 268.615601
vn 2.427213 -3.091472 4.690946
v -5.486713 -24.200001 267.820648
vn 2.013518 0.002843 5.786564
v -7.379626 -24.700001 268.489075
vn 2.814912 -0.000012 5.440720
v -5.548262 -24.700001 267.701630
vn 1.728610 3.084957 4.997325
v -7.335602 -25.200001 268.615601
vn 2.426875 3.091619 4.690988
v -5.486713 -25.200001 267.820648
vn 0.962221 5.315321 2.848567
v -7.215327 -25.566025 268.961304
vn 1.386835 5.313664 2.659392
v -5.318557 -25.566025 268.145752
vn -2.844744 -2.929600 2.011917
v -9.045740 -23.996395 269.251404
vn -2.648974 -1.948363 2.722792
v -8.978781 -24.313318 269.020660
vn -2.588498 -0.755686 3.011476
v -8.902134 -24.690546 268.924042
vn -2.645559 0.494059 2.814869
v -8.826654 -25.075222 268.981750
vn -2.835413 1.593529 2.117000
v -8.764665 -25.405117 269.190979
vn -3.151474 2.292590 1.039719
v -8.726705 -25.624321 269.518280
vn 1.720308 4.717380 2.390923
v -7.574292 -25.696545 269.517975
vn 3.192081 3.322284 -0.007991
v -7.572308 -25.699615 269.575287
vn 3.227293 3.317873 0.076332
v -7.573278 -25.698463 269.546600
vn 1.751314 5.313360 2.436158
v -3.554919 -25.566025 267.067688
vn 2.080706 5.313070 2.162907
v -1.965924 -25.566025 265.753082
vn 2.367669 5.312831 1.845906
v -0.578036 -25.566025 264.224457
vn 2.606885 5.312531 1.491203
v 0.578675 -25.566025 262.514221
vn 2.793306 5.312245 1.106039
v 1.480755 -25.566025 260.657043
vn 2.923153 5.311956 0.698229
v 2.109914 -25.566025 258.690582
vn 2.993788 5.311638 0.276012
v 2.453398 -25.566025 256.654663
vn 3.007191 5.310295 -0.154642
v 2.504240 -25.566025 254.590622
vn 3.852894 2.895388 -0.635799
v 2.814517 -25.700001 252.792175
vn 2.949622 5.311778 -0.578631
v 2.261410 -25.566025 252.540283
vn 3.717399 2.894619 -1.205315
v 2.280497 -25.700001 250.614807
vn 2.833689 5.313098 -0.988254
v 1.729833 -25.566025 250.545212
vn 3.496619 2.894124 -1.749198
v 1.427921 -25.700001 248.541336
vn 2.663249 5.314001 -1.375995
v 0.920285 -25.566025 248.645874
vn 3.195081 2.894034 -2.253808
v 0.275834 -25.700001 246.618103
vn 2.442900 5.314372 -1.734935
v -0.150820 -25.566025 246.880768
vn 2.177411 5.314280 -2.058925
v -1.461764 -25.566025 245.285675
vn 3.831246 3.091392 -3.635487
v -1.727277 -25.200001 245.537628
vn 3.276065 3.091402 -4.142804
v -3.213005 -25.200001 244.180054
vn 3.799666 -0.000005 -4.804930
v -3.296107 -24.700001 244.285141
vn 3.078696 -0.000003 -5.295876
v -4.943820 -24.700001 243.163101
vn 2.654445 -3.091426 -4.566092
v -4.876487 -24.200001 243.047272
vn 1.979015 -3.091446 -4.896808
v -6.683994 -24.200001 242.162231
vn 1.140141 -5.311198 -2.783430
v -6.546844 -23.833975 241.822876
vn 0.734577 -5.309736 -2.922314
v -8.511318 -23.833975 241.187485
vn 1.359253 -2.895721 -3.659423
v -6.725563 -23.700001 241.216904
vn 0.797906 -2.896607 -3.817870
v -8.878233 -23.700001 240.590698
vn 0.311584 -5.308264 -3.002223
v -10.546121 -23.833975 240.837570
vn 0.220543 -2.897426 -3.890922
v -11.100192 -23.700001 240.292313
vn -0.120032 -5.306997 -3.020461
v -12.609996 -23.833975 240.780182
vn -0.360261 -2.898124 -3.877758
v -13.341804 -23.700001 240.328430
vn -0.550913 -5.305957 -2.975922
v -14.661098 -23.833975 241.016525
vn -0.931989 -2.898663 -3.779126
v -15.552995 -23.700001 240.698242
vn -0.971591 -5.305197 -2.869103
v -16.657839 -23.833975 241.541779
vn -1.482436 -2.899026 -3.597498
v -17.684372 -23.700001 241.393494
vn -1.372755 -5.304759 -2.701980
v -18.559736 -23.833975 242.345306
vn -1.999861 -2.899190 -3.336926
v -19.688322 -23.700001 242.398636
vn -1.745519 -5.304634 -2.478081
v -20.328228 -23.833975 243.410812
vn -2.473238 -2.899161 -3.003070
v -21.520081 -23.700001 243.691223
vn -2.081630 -5.304858 -2.202259
v -21.927458 -23.833975 244.716705
vn -2.892421 -2.898938 -2.603081
v -23.138731 -23.700001 245.242386
vn -2.373773 -5.305397 -1.880694
v -23.324999 -23.833975 246.236481
vn -3.248349 -2.898529 -2.145429
v -24.508112 -23.700001 247.017471
vn -2.615697 -5.306217 -1.520594
v -24.492517 -23.833975 247.939362
vn -3.533201 -2.897940 -1.639785
v -25.597637 -23.700001 248.976822
vn -2.802382 -5.307347 -1.130043
v -25.406343 -23.833975 249.790787
vn -3.740547 -2.897202 -1.096815
v -26.382967 -23.700001 251.076675
vn -2.930300 -5.308679 -0.717832
v -26.047945 -23.833975 251.753235
vn -3.865392 -2.896358 -0.528034
v -26.846558 -23.700001 253.270126
vn -2.997432 -5.310136 -0.293097
v -26.404316 -23.833975 253.786926
vn -3.001828 -5.312085 0.133636
v -26.468229 -23.833975 255.850616
vn -2.950908 -5.312526 0.557903
v -26.238392 -23.833975 257.902435
vn -2.840460 -5.312977 0.970304
v -25.719461 -23.833975 259.900848
vn -2.672966 -5.313329 1.362554
v -24.921959 -23.833975 261.805267
vn -2.451802 -5.313733 1.726858
v -23.862055 -23.833975 263.577148
vn -2.181698 -5.313976 2.056004
v -22.561239 -23.833975 265.180481
vn -1.868043 -5.314212 2.343509
v -21.045887 -23.833975 266.582825
vn -1.517268 -5.314353 2.583813
v -19.346722 -23.833975 267.755737
vn -1.136292 -5.314452 2.772148
v -17.498194 -23.833975 268.675415
vn -0.697656 -5.322804 2.914486
v -15.537784 -23.833975 269.323242
vn 0.516114 -6.055187 0.349392
v -14.314765 -23.771502 269.707428
vn 0.796567 -5.234510 2.376311
v -15.187878 -23.882990 269.328613
vn 2.881347 -1.285432 2.519265
v -15.139631 -24.106546 269.106842
vn -1.307835 -3.096823 5.124928
v -15.447974 -24.200001 268.968414
vn 2.765712 -0.251720 3.038360
v -15.081084 -24.389257 268.970001
vn -1.534714 0.011007 5.937566
v -15.415101 -24.700001 268.838531
vn 2.662387 0.739465 3.140317
v -15.017961 -24.703600 268.932922
vn 2.733844 1.693831 2.962659
v -14.957296 -25.014437 268.998596
vn -1.317257 3.100469 5.112772
v -15.447974 -25.200001 268.968414
vn 2.865510 2.616100 2.438743
v -14.905433 -25.288811 269.154755
vn -0.750233 5.231396 3.161553
v -15.537784 -25.566025 269.323242
vn 2.987136 3.184412 1.819246
v -14.866190 -25.506039 269.384399
vn 3.168290 3.609214 0.921993
v -14.842729 -25.648699 269.669861
vn -0.235848 6.190377 0.719522
v -16.845812 -25.700001 269.455353
vn 2.821698 2.894044 -2.706662
v -1.150029 -25.700001 244.888062
vn 1.867720 5.313700 -2.346155
v -2.985968 -25.566025 243.892960
vn 2.654446 3.091434 -4.566085
v -4.876487 -25.200001 243.047272
vn 2.295319 0.000004 -5.679446
v -6.734194 -24.700001 242.286453
vn 1.263448 -3.091425 -5.128231
v -8.598879 -24.200001 241.542892
vn 2.383533 2.894272 -3.098492
v -2.817815 -25.700001 243.389862
vn 1.520141 5.312608 -2.589621
v -4.692528 -25.566025 242.730835
vn 1.979016 3.091445 -4.896806
v -6.683994 -25.200001 242.162231
vn 1.465399 0.000004 -5.947900
v -8.630928 -24.700001 241.672974
vn 0.522299 -3.091387 -5.255724
v -10.582316 -24.200001 241.201797
vn 1.891974 2.894899 -3.418206
v -4.690269 -25.700001 242.156967
vn 1.140137 5.311203 -2.783435
v -6.546844 -25.566025 241.822876
vn 1.263452 3.091427 -5.128225
v -8.598879 -25.200001 241.542892
vn 0.605772 -0.000003 -6.095726
v -10.595565 -24.700001 241.335114
vn -0.229477 -3.091416 -5.276617
v -12.594093 -24.200001 241.145859
vn 1.359257 2.895718 -3.659433
v -6.725563 -25.700001 241.216904
vn 0.734589 5.309738 -2.922317
v -8.511318 -25.566025 241.187485
vn 0.522290 3.091399 -5.255715
v -10.582316 -25.200001 241.201797
vn -0.266155 -0.000003 -6.119962
v -12.588272 -24.700001 241.279709
vn -0.976591 -3.091419 -5.190528
v -14.593418 -24.200001 241.376236
vn 0.797908 2.896604 -3.817880
v -8.878233 -25.700001 240.590698
vn 0.311579 5.308264 -3.002233
v -10.546121 -25.566025 240.837570
vn -0.229475 3.091424 -5.276611
v -12.594093 -25.200001 241.145859
vn -1.132678 -0.000001 -6.020109
v -14.568646 -24.700001 241.507904
vn -1.703892 -3.091427 -4.999207
v -16.539757 -24.200001 241.888229
vn 0.220544 2.897423 -3.890932
v -11.100192 -25.700001 240.292313
vn -0.120032 5.306999 -3.020466
v -12.609996 -25.566025 240.780182
vn -0.976589 3.091426 -5.190521
v -14.593418 -25.200001 241.376236
vn -1.976216 0.000002 -5.798209
v -16.496534 -24.700001 242.015045
vn -2.396653 -3.091404 -4.706522
v -18.393644 -24.200001 242.671478
vn -0.360262 2.898122 -3.877769
v -13.341804 -25.700001 240.328430
vn -0.550914 5.305960 -2.975928
v -14.661098 -25.566025 241.016525
vn -1.703890 3.091430 -4.999204
v -16.539757 -25.200001 241.888229
vn -2.779705 0.000002 -5.458762
v -18.332850 -24.700001 242.790863
vn -3.040834 -3.091412 -4.318413
v -20.117493 -24.200001 243.710083
vn -0.931991 2.898660 -3.779136
v -15.552995 -25.700001 240.698242
vn -0.971595 5.305198 -2.869107
v -16.657839 -25.566025 241.541779
vn -2.396652 3.091408 -4.706517
v -18.393644 -25.200001 242.671478
vn -3.526841 0.000001 -5.008611
v -20.040358 -24.700001 243.819626
vn -3.623343 -3.091403 -3.842737
v -21.676352 -24.200001 244.983017
vn -1.482440 2.899023 -3.597507
v -17.684372 -25.700001 241.393494
vn -1.372755 5.304761 -2.701987
v -18.559736 -25.566025 242.345306
vn -3.040831 3.091417 -4.318409
v -20.117493 -25.200001 243.710083
vn -4.202466 -0.000000 -4.456922
v -21.584442 -24.700001 245.080490
vn -4.132386 -3.091425 -3.289159
v -23.038616 -24.200001 246.464432
vn -1.999866 2.899187 -3.336935
v -19.688322 -25.700001 242.398636
vn -1.745525 5.304636 -2.478083
v -20.328228 -25.566025 243.410812
vn -3.623342 3.091406 -3.842731
v -21.676352 -25.200001 244.983017
vn -4.792864 -0.000002 -3.814869
v -22.933792 -24.700001 246.547867
vn -4.557667 -3.091408 -2.668902
v -24.176662 -24.200001 248.124313
vn -2.473244 2.899159 -3.003078
v -21.520081 -25.700001 243.691223
vn -2.081631 5.304861 -2.202263
v -21.927458 -25.566025 244.716705
vn -4.132376 3.091436 -3.289159
v -23.038616 -25.200001 246.464432
vn -5.286108 -0.000000 -3.095455
v -24.061052 -24.700001 248.192017
vn -4.890510 -3.091431 -1.994504
v -25.067419 -24.200001 249.929016
vn -2.892429 2.898936 -2.603087
v -23.138731 -25.700001 245.242386
vn -2.373776 5.305398 -1.880701
v -23.324999 -25.566025 246.236481
vn -4.557667 3.091414 -2.668892
v -24.176662 -25.200001 248.124313
vn -5.672165 0.000001 -2.313287
v -24.943365 -24.700001 249.979614
vn -5.124214 -3.091416 -1.279690
v -25.692825 -24.200001 251.841934
vn -3.248357 2.898526 -2.145434
v -24.508112 -25.700001 247.017471
vn -2.615706 5.306219 -1.520591
v -24.492517 -25.566025 247.939362
vn -4.890505 3.091434 -1.994508
v -25.067419 -25.200001 249.929016
vn -5.943225 0.000001 -1.484232
v -25.562843 -24.700001 251.874390
vn -5.254028 -3.091418 -0.538927
v -26.040201 -24.200001 253.824280
vn -3.533211 2.897938 -1.639790
v -25.597637 -25.700001 248.976822
vn -2.802384 5.307352 -1.130046
v -25.406343 -25.566025 249.790787
vn -5.124209 3.091422 -1.279687
v -25.692825 -25.200001 251.841934
vn -6.093773 -0.000001 -0.625064
v -25.906925 -24.700001 253.837952
vn -5.277311 -3.091409 0.212759
v -26.102501 -24.200001 255.835861
vn -3.740557 2.897200 -1.096818
v -26.382967 -25.700001 251.076675
vn -2.930305 5.308681 -0.717835
v -26.047945 -25.566025 251.753235
vn -5.254022 3.091425 -0.538927
v -26.040201 -25.200001 253.824280
vn -6.120779 -0.000000 0.246775
v -25.968636 -24.700001 255.830475
vn -5.193598 -3.091408 0.960146
v -25.878466 -24.200001 257.835907
vn -3.865402 2.896355 -0.528036
v -26.846558 -25.700001 253.270126
vn -2.997438 5.310137 -0.293096
v -26.404316 -25.566025 253.786926
vn -5.277304 3.091416 0.212759
v -26.102501 -25.200001 255.835861
vn -6.023677 -0.000000 1.113608
v -25.746723 -24.700001 257.811554
vn -5.004558 -3.091424 1.688044
v -25.372633 -24.200001 259.783844
vn -3.906196 2.906878 0.038151
v -26.978052 -25.700001 255.508163
vn -2.998941 5.312954 0.131179
v -26.468229 -25.566025 255.850616
vn -5.193593 3.091413 0.960149
v -25.878466 -25.200001 257.835907
vn -5.804451 -0.000001 1.957850
v -25.245686 -24.700001 259.741028
vn -4.714101 -3.091408 2.381745
v -24.595263 -24.200001 261.640228
vn -0.761959 6.187346 0.106908
v -26.806717 -25.700001 257.539917
vn -2.953664 5.311880 0.556780
v -26.238392 -25.566025 257.902435
vn -5.004553 3.091433 1.688032
v -25.372633 -25.200001 259.783844
vn -5.467530 0.000002 2.762400
v -24.475685 -24.700001 261.579803
vn -4.327991 -3.091427 3.027122
v -23.562115 -24.200001 263.367340
vn -0.737284 6.188151 0.208939
v -26.361427 -25.700001 259.529663
vn -2.848382 5.310863 0.971242
v -25.719461 -25.566025 259.900848
vn -4.714093 3.091412 2.381754
v -24.595263 -25.200001 261.640228
vn -5.019760 -0.000002 3.510969
v -23.452330 -24.700001 263.290558
vn -3.854210 -3.091420 3.611174
v -22.294136 -24.200001 264.930237
vn -0.699132 6.188872 0.306898
v -25.650408 -25.700001 261.440643
vn -2.685177 5.309891 1.366279
v -24.921959 -25.566025 261.805267
vn -4.327991 3.091437 3.027109
v -23.562115 -25.200001 263.367340
vn -4.470202 0.000001 4.188296
v -22.196369 -24.700001 264.838623
vn -3.302270 -3.091350 4.121983
v -20.817036 -24.200001 266.297180
vn -0.648296 6.189456 0.398969
v -24.686798 -25.700001 263.237518
vn -2.467188 5.309180 1.733799
v -23.862055 -25.566025 263.577148
vn -3.854204 3.091431 3.611164
v -22.294136 -25.200001 264.930237
vn -3.830032 -0.000004 4.780773
v -20.733271 -24.700001 266.192627
vn -2.683313 -3.091451 4.549219
v -19.160763 -24.200001 267.440491
vn -0.585689 6.189902 0.483497
v -23.488403 -25.700001 264.887115
vn -2.198926 5.308567 2.066375
v -22.561239 -25.566025 265.180481
vn -3.302250 3.091362 4.121988
v -20.817036 -25.200001 266.297180
vn -3.112157 -0.000005 5.276240
v -19.092697 -24.700001 267.325073
vn -2.010003 -3.091418 4.884196
v -17.358898 -24.200001 268.336945
vn -0.512439 6.190199 0.558954
v -22.077368 -25.700001 266.358978
vn -1.885783 5.308252 2.357055
v -21.045887 -25.566025 266.582825
vn -2.683323 3.091461 4.549204
v -19.160763 -25.200001 267.440491
vn -2.331247 0.000007 5.664787
v -17.307911 -24.700001 268.213043
vn -0.429892 6.190323 0.624084
v -20.479759 -25.700001 267.625854
vn -1.534242 5.308173 2.599909
v -19.346722 -25.566025 267.755737
vn -2.010000 3.091414 4.884198
v -17.358898 -25.200001 268.336945
vn -0.339436 6.190290 0.677691
v -18.725100 -25.700001 268.664398
vn -1.151517 5.308370 2.789871
v -17.498194 -25.566025 268.675415
vn 0.579714 -6.153221 -0.122856
v -13.907293 -23.724928 269.916229
vn 1.891970 -2.894902 -3.418197
v -4.690269 -23.700001 242.156967
vn 1.520136 -5.312605 -2.589619
v -4.692528 -23.833975 242.730835
vn 3.276076 -3.091389 -4.142806
v -3.213005 -24.200001 244.180054
vn 4.443602 0.000000 -4.216565
v -1.824461 -24.700001 245.629837
vn 4.308764 3.091404 -3.054502
v -0.449425 -25.200001 247.092438
vn 2.383527 -2.894275 -3.098484
v -2.817815 -23.700001 243.389862
vn 1.867722 -5.313699 -2.346145
v -2.985968 -23.833975 243.892960
vn 3.831249 -3.091386 -3.635493
v -1.727277 -24.200001 245.537628
vn 4.997414 0.000003 -3.542682
v -0.558722 -24.700001 247.169922
vn 4.698910 3.091407 -2.411554
v 0.594641 -25.200001 248.812988
vn 2.821691 -2.894047 -2.706655
v -1.150029 -23.700001 244.888062
vn 2.177400 -5.314277 -2.058929
v -1.461764 -23.833975 245.285675
vn 4.308765 -3.091404 -3.054502
v -0.449425 -24.200001 247.092438
vn 5.449925 -0.000003 -2.796984
v 0.475448 -24.700001 248.874161
vn 4.993778 3.091403 -1.719709
v 1.383754 -25.200001 250.664398
vn 3.195073 -2.894036 -2.253802
v 0.275834 -23.700001 246.618103
vn 2.442902 -5.314368 -1.734929
v -0.150820 -23.833975 246.880768
vn 4.698918 -3.091396 -2.411557
v 0.594641 -24.200001 248.812988
vn 5.791939 -0.000001 -1.994583
v 1.257080 -24.700001 250.708008
vn 5.187401 3.091420 -0.993017
v 1.901913 -25.200001 252.609100
vn 2.663243 -5.314000 -1.375988
v 0.920285 -23.833975 248.645874
vn 3.496610 -2.894126 -1.749193
v 1.427921 -23.700001 248.541336
vn 2.833681 -5.313097 -0.988255
v 1.729833 -23.833975 250.545212
vn 3.717390 -2.894622 -1.205312
v 2.280497 -23.700001 250.614807
vn 2.949617 -5.311775 -0.578629
v 2.261410 -23.833975 252.540283
vn 3.852884 -2.895390 -0.635797
v 2.814517 -23.700001 252.792175
vn 3.007186 -5.310294 -0.154641
v 2.504240 -23.833975 254.590622
vn 2.990829 -5.312449 0.276634
v 2.453398 -23.833975 256.654663
vn 0.764652 -6.186771 0.103394
v 2.908691 -23.700001 257.090454
vn 2.918417 -5.313211 0.698600
v 2.109914 -23.833975 258.690582
vn 0.745344 -6.186210 0.207732
v 2.516190 -23.700001 259.121429
vn 2.786897 -5.313868 1.106250
v 1.480755 -23.833975 260.657043
vn 0.711811 -6.185701 0.308216
v 1.848012 -23.700001 261.079071
vn 2.598914 -5.314394 1.491467
v 0.578675 -23.833975 262.514221
vn 0.664690 -6.185288 0.402813
v 0.916866 -23.700001 262.926178
vn 2.358235 -5.314741 1.846610
v -0.578036 -23.833975 264.224457
vn 0.604895 -6.185020 0.489580
v -0.259542 -23.700001 264.627625
vn 2.070175 -5.314680 2.164359
v -1.965924 -23.833975 265.753082
vn 0.533788 -6.184922 0.566711
v -1.658839 -23.700001 266.151062
vn 1.741230 -5.314774 2.436791
v -3.547197 -23.833975 267.062164
vn 0.452975 -6.184918 0.633144
v -3.254414 -23.700001 267.467468
vn 0.364825 -6.184979 0.687507
v -5.015925 -23.700001 268.551880
vn 3.068604 3.091428 4.298678
v -3.765712 -25.200001 266.768433
vn 3.559634 -0.000081 4.985353
v -3.841711 -24.700001 266.658081
vn 3.647969 3.091347 3.819296
v -2.218710 -25.200001 265.488342
vn 4.153131 3.091420 3.262911
v -0.865857 -25.200001 263.998322
vn 4.574480 3.091389 2.639975
v 0.261654 -25.200001 262.331268
vn 4.903048 3.091416 1.963498
v 1.140963 -25.200001 260.520966
vn 5.132215 3.091408 1.247205
v 1.754241 -25.200001 258.604126
vn 5.257335 3.091414 0.505640
v 2.089053 -25.200001 256.619629
vn 5.275851 3.091419 -0.246184
v 2.138612 -25.200001 254.607681
vn 3.069545 -3.091330 4.298077
v -3.761949 -24.200001 266.765747
vn 3.648221 -3.091393 3.818958
v -2.218710 -24.200001 265.488342
vn 4.231177 -0.000073 4.429542
v -2.311237 -24.700001 265.391449
vn 4.816932 0.000004 3.784447
v -0.971207 -24.700001 263.915558
vn 5.305614 -0.000000 3.061934
v 0.145617 -24.700001 262.264313
vn 5.686706 0.000001 2.277324
v 1.016591 -24.700001 260.471161
vn 5.952510 0.000002 1.446573
v 1.624055 -24.700001 258.572510
vn 6.097613 -0.000001 0.586463
v 1.955694 -24.700001 256.606812
vn 6.119091 -0.000001 -0.285535
v 2.004783 -24.700001 254.613922
vn 6.016501 0.000002 -1.151728
v 1.770327 -24.700001 252.634293
vn 4.153135 -3.091413 3.262919
v -0.865857 -24.200001 263.998322
vn 4.574482 -3.091382 2.639986
v 0.261654 -24.200001 262.331268
vn 4.903053 -3.091413 1.963495
v 1.140963 -24.200001 260.520966
vn 5.132220 -3.091403 1.247205
v 1.754241 -24.200001 258.604126
vn 5.257342 -3.091406 0.505642
v 2.089053 -24.200001 256.619629
vn 5.275858 -3.091412 -0.246184
v 2.138612 -24.200001 254.607681
vn 5.187406 -3.091416 -0.993020
v 1.901913 -24.200001 252.609100
vn 4.993785 -3.091395 -1.719710
v 1.383754 -24.200001 250.664398
vn -3.083954 2.502222 0.349521
v -8.723054 -25.691980 270.089417
vn 3.150034 3.300166 0.302776
v -7.557144 -25.691980 270.070648
vn -3.084626 2.506956 0.319023
v -8.722982 -25.693151 270.098846
vn 3.150857 3.302361 0.272934
v -7.556778 -25.693151 270.080048
vn 3.170886 -2.953059 -0.093852
v -4.480065 -29.365192 297.318390
vn 3.064624 -2.824014 0.748497
v -4.458889 -29.282623 298.143127
vn 2.795915 -2.345859 1.717766
v -4.456181 -28.924734 298.891022
vn 3.045423 -1.539678 2.507350
v -4.472263 -28.334234 299.472839
vn 3.006531 -0.607306 2.921147
v -4.505217 -27.581600 299.819122
vn 2.983567 0.461440 3.005160
v -4.551109 -26.756660 299.888550
vn 2.882587 1.514755 2.707891
v -4.604463 -25.957869 299.672821
vn 2.784642 2.359286 2.101412
v -4.658909 -25.280561 299.197693
vn 2.804918 3.249098 0.461159
v -4.745736 -24.589596 297.720276
vn 2.694509 2.971906 1.214148
v -4.707952 -24.805574 298.519867
vn 1.780866 5.734234 1.806537
v -5.600772 -22.485378 274.477814
vn -2.330525 2.321106 0.782949
v -9.559608 -22.086487 277.073425
vn -1.849526 5.081127 1.130791
v -9.557173 -21.945324 276.469360
vn 0.687213 6.137137 1.143211
v -9.262380 -21.782324 275.455719
vn 1.000092 6.072423 1.237184
v -9.099070 -21.799263 275.430511
vn 1.452711 5.920389 1.471750
v -8.084630 -21.960587 275.264740
vn 1.323938 5.997944 1.297862
v -7.582031 -21.784765 273.964355
vn 1.773813 5.770877 1.717846
v -7.119682 -22.194426 275.104950
vn 1.520558 5.902051 1.511145
v -6.515800 -22.010345 273.824646
vn 1.915052 5.689044 1.851959
v -6.739201 -22.302929 275.047180
vn 1.647959 5.826166 1.670056
v -6.091647 -22.113703 273.773468
vn 1.871242 5.667485 1.962038
v -6.030284 -22.517927 274.958221
vn 1.612298 5.804662 1.781862
v -5.295158 -22.316092 273.693237
vn 1.756490 5.717450 1.869842
v -8.776116 -22.319269 277.217865
vn 1.613574 5.830131 1.639362
v -8.456577 -22.129477 276.276306
vn 1.101843 6.025187 1.374121
v -9.404357 -21.962698 276.443939
vn 1.685656 5.702261 1.932157
v -9.033583 -22.530346 278.083923
vn 2.397822 5.376598 2.179791
v -8.245064 -22.805540 277.968079
vn 2.207759 5.503733 2.060059
v -7.943372 -22.576595 277.069611
vn 2.003244 5.629563 1.921798
v -7.564256 -22.373264 276.114319
vn 1.100707 5.763600 1.419231
v -8.269835 -23.000778 278.449127
vn 1.137039 5.739534 1.433573
v -8.002527 -22.945496 278.011810
vn 1.126522 5.741606 1.440814
v -7.680241 -22.880035 277.497437
vn 2.441753 5.350775 2.207025
v -7.623998 -22.696705 277.015137
vn 1.055928 5.786046 1.415988
v -7.295925 -22.804020 276.906128
vn 2.164972 5.511349 2.096234
v -7.216406 -22.487009 276.055634
vn 1.460154 5.894171 1.612558
v -4.901859 -22.227999 273.038666
vn 1.512134 5.910143 1.498528
v -5.743939 -22.031487 273.112274
vn 1.388457 5.972739 1.365111
v -5.383950 -21.957142 272.435394
vn 1.341289 6.004426 1.270747
v -5.855446 -21.858059 272.475250
vn 1.258164 6.045065 1.159850
v -5.544309 -21.799192 271.844574
vn 1.173682 6.080239 1.061554
v -5.227800 -21.746231 271.201294
vn 0.632439 6.125584 1.144753
v -4.483774 -21.774038 270.538208
vn 0.655072 6.166660 0.916470
v -4.518743 -21.730934 270.306091
vn 1.365050 5.951636 1.478879
v -4.495337 -22.147980 272.369659
vn 1.263614 6.001377 1.364451
v -4.119289 -22.082350 271.753235
vn 0.719442 5.964153 1.712397
v -4.039400 -21.955439 271.080109
vn 1.278513 6.023430 1.245685
v -5.050570 -21.896519 271.810974
vn 1.178981 6.069815 1.115438
v -4.711449 -21.841860 271.174438
vn 0.637549 6.065032 1.398261
v -4.373563 -21.829557 270.746185
vn 0.607499 6.193802 0.743685
v -4.458471 -21.706646 270.074951
vn 1.216733 6.055176 1.136392
v -7.312831 -21.707760 273.282196
vn 1.424796 5.957975 1.389023
v -6.191385 -21.930349 273.158264
vn 0.156770 0.003876 0.005062
v 2.971602 -27.700001 256.541656
vn 0.261964 -0.010782 0.027239
v 2.943958 -27.700901 256.856049
vn 0.468824 0.034074 0.064966
v 2.793237 -27.700001 257.995819
vn 0.967739 -0.155805 0.190272
v 2.679338 -27.704569 258.604279
vn 1.124406 0.219359 0.274638
v 2.499345 -27.700001 259.391083
vn 2.282993 -1.066832 0.651451
v 2.251318 -27.712448 260.275665
vn 2.203456 1.034112 0.758861
v 2.106308 -27.700001 260.731201
vn 1.649580 -0.528453 0.625806
v 1.687024 -27.725990 261.876312
vn 2.836963 2.650686 1.256494
v 1.083799 -27.700001 263.269684
vn 2.853131 -2.966252 1.382806
v 1.013581 -27.746637 263.412323
vn 2.795211 -2.418509 1.380915
v 0.258115 -27.775839 264.889832
vn 2.622474 2.302450 1.512605
v -0.179917 -27.700001 265.690155
vn 2.829756 -3.006425 1.575991
v -1.390383 -27.865690 267.693909
vn 2.679120 2.855509 1.615403
v -2.982490 -27.700001 270.298584
vn 2.934046 -3.465268 1.519819
v -3.041469 -28.007118 270.337433
vn 3.029944 -3.539504 1.474619
v -3.800168 -28.100792 271.614319
vn 2.767006 2.971426 1.477276
v -4.257770 -27.700001 272.517334
vn 3.201068 -3.382093 1.247643
v -4.478137 -28.211700 272.869446
vn 5.474624 -1.233648 2.667979
v -4.363619 -27.737268 272.713226
vn 5.709874 -0.560989 2.501226
v -5.040942 -27.887800 274.120239
vn 5.928404 0.116639 2.063394
v -5.407041 -28.005157 275.062439
vn 3.165149 -2.894328 0.695857
v -5.563153 -27.774216 275.514160
vn 6.064240 0.483564 1.537767
v -5.684383 -28.135792 275.999115
vn 3.215547 -2.753718 0.453674
v -5.782756 -27.846680 276.308807
vn 6.145750 0.867469 0.898033
v -5.860845 -28.280407 276.932739
vn 3.240679 -2.615498 0.205988
v -5.937335 -27.916828 277.120880
vn 3.737369 -2.830652 0.146639
v -5.756409 -28.662302 276.565430
vn 3.565042 -3.067405 0.638046
v -5.483383 -28.491009 275.338867
vn 3.361052 -3.240445 1.021325
v -5.048250 -28.341290 274.108917
vn -5.342531 -0.308078 3.283552
v -19.595314 -27.700001 271.116364
vn -5.513756 -0.579223 2.950932
v -19.167715 -27.601978 271.870178
vn -2.847382 -3.448174 0.844055
v -18.837254 -27.302996 272.597565
vn -5.122424 -0.392351 3.601468
v -20.851372 -27.700253 269.256775
vn -2.573411 3.110589 1.801369
v -22.664284 -25.700001 266.755280
vn -5.058438 -0.404212 3.681675
v -21.525583 -27.700872 268.328735
vn -5.088833 -0.463289 3.620214
v -22.146616 -27.699997 267.477722
vn -5.202146 -0.515818 3.429312
v -23.386612 -27.699999 265.704956
vn -2.658475 3.084912 1.671579
v -23.800692 -25.700001 265.068237
vn -5.422981 -0.552657 3.041250
v -24.530954 -27.699999 263.852814
vn -2.775762 3.063749 1.466172
v -24.822165 -25.700001 263.322968
vn -5.673309 -0.592976 2.508013
v -25.512859 -27.699167 261.909241
vn -2.902568 3.044220 1.192014
v -25.689121 -25.700001 261.498901
vn -5.894813 -0.670350 1.848310
v -26.277212 -27.700085 259.872101
vn -3.017990 3.027513 0.853442
v -26.364656 -25.700001 259.577026
vn -5.952229 -1.049445 1.062798
v -26.775394 -27.700403 257.760376
vn -3.100824 3.013587 0.462028
v -26.806847 -25.700001 257.562103
vn -4.179137 -2.892140 0.212739
v -26.976635 -27.699392 255.584595
vn -3.150391 -3.064240 -0.081918
v -26.978052 -27.700001 255.508163
vn -3.102986 -3.753648 -0.018454
v -9.121319 -23.700001 270.222382
vn -2.605641 3.148113 1.741572
v -19.540609 -21.701450 271.206329
vn -6.161464 -1.228111 -0.074281
v -16.960829 -31.067278 277.603943
vn -3.108335 -3.694710 -0.486573
v -17.544222 -28.175135 278.097382
vn -6.159996 -1.235589 0.024611
v -16.965723 -31.035975 277.418488
vn -6.142101 -1.228929 0.391247
v -17.375628 -29.088243 276.830322
vn -6.160388 -1.224129 0.143000
v -16.974424 -31.004187 277.233246
vn -6.147349 -1.220683 0.389426
v -16.986927 -30.971928 277.048309
vn -6.070307 -1.232928 1.002657
v -17.151869 -30.758770 275.891754
vn -6.083789 -1.171606 1.000386
v -17.523355 -28.934109 275.799408
vn -5.934209 -1.183109 1.670824
v -17.451700 -30.535828 274.776489
vn -5.978011 -1.095272 1.571296
v -17.763676 -28.774700 274.817261
vn -5.802787 -0.988231 2.174141
v -18.086824 -28.611267 273.877472
vn -2.948436 -3.510369 0.574988
v -18.264772 -27.512197 273.904694
vn -3.108425 -3.612573 -0.216271
v -17.611324 -27.951303 276.673401
vn -3.052090 -3.580578 0.183551
v -17.851542 -27.728914 275.266846
vn -5.520862 -0.790956 2.875797
v -18.862993 -28.304977 272.241302
vn -5.215284 -0.840185 3.391516
v -19.824932 -27.997059 270.686462
vn -5.250736 -0.969649 3.306347
v -19.665264 -29.596874 270.576935
vn -5.326437 -1.581405 2.369637
v -21.146339 -29.134556 268.527893
vn -2.509070 -3.548376 1.134876
v -23.186718 -28.576693 265.743530
vn -2.603331 -3.555985 1.126893
v -24.157276 -28.333035 264.277191
vn -2.767814 -3.451110 1.047923
v -25.043558 -28.120644 262.738220
vn -2.936783 -3.198679 0.857086
v -25.807169 -27.945332 261.109222
vn -3.045567 -2.739785 0.570987
v -26.409718 -27.812912 259.372803
vn -2.823839 -1.743531 0.191947
v -26.812809 -27.729197 257.511597
vn -5.524001 -1.044108 2.796644
v -18.389099 -30.070721 272.639587
vn -5.744962 -1.116663 2.277207
v -17.869688 -30.305634 273.694946
vn -0.971386 6.004636 1.263784
v -14.951440 -26.824234 306.521851
vn -2.364469 5.752113 0.762252
v -15.169904 -27.033615 307.533447
vn -1.230169 5.728183 1.720225
v -15.279799 -27.010204 306.969849
vn -3.106789 5.416079 0.625773
v -15.616381 -27.254234 307.488129
vn -1.680074 5.242960 2.116491
v -15.680759 -27.286575 307.414886
vn -3.307104 5.276448 0.626337
v -15.723583 -27.653900 310.271210
vn -2.020700 4.572201 2.638153
v -16.124939 -27.688253 307.855804
vn -4.191113 4.619445 0.503798
v -16.152822 -27.971825 310.211853
vn -4.963099 3.793957 0.369494
v -16.523012 -28.367800 310.143524
vn -4.227345 4.585622 0.499546
v -16.224051 -28.211536 311.810852
vn -5.005619 3.736958 0.352592
v -16.598942 -28.620045 311.740112
vn -4.268106 4.546748 0.489261
v -16.320765 -28.532890 313.955048
vn -5.057632 3.665143 0.336016
v -16.701313 -28.957451 313.881195
vn -4.306077 4.509768 0.479553
v -16.418865 -28.854082 316.098969
vn -5.105390 3.597007 0.320599
v -16.804394 -29.293867 316.022186
vn -4.324190 4.492014 0.473292
v -16.468445 -29.014597 317.170807
vn -5.123489 3.573627 0.295591
v -16.856234 -29.461695 317.092560
vn -4.300484 4.530369 0.429787
v -16.518381 -29.175053 318.242554
vn -2.984116 4.604996 -1.633676
v -16.779640 -29.491949 318.555756
vn -4.647109 3.844087 1.229258
v -16.543486 -29.255255 318.778381
vn -2.537865 5.444937 -0.739603
v -16.343199 -29.106043 319.041779
vn -3.366045 5.239167 0.592973
v -16.054291 -28.814259 318.311768
vn -3.371360 5.232154 0.614590
v -16.008400 -28.659031 317.238800
vn -3.361690 5.238782 0.617805
v -15.963037 -28.503889 316.165710
vn -3.341652 5.252613 0.622529
v -15.873915 -28.193897 314.019196
vn -3.320573 5.267009 0.627375
v -15.786970 -27.884371 311.872314
vn -2.504326 3.643287 2.944672
v -16.527847 -28.192297 308.221069
vn -5.569670 2.846940 0.218670
v -16.814259 -28.824045 310.069397
vn -5.612391 2.760002 0.193525
v -16.890490 -29.090717 311.663544
vn -5.663977 2.650540 0.170509
v -16.992756 -29.446524 313.801453
vn -5.710233 2.546975 0.149321
v -17.095215 -29.800312 315.939453
vn -5.733274 2.498268 0.119548
v -17.146576 -29.976460 317.008423
vn -3.281272 3.482780 -2.404203
v -17.111092 -29.970203 318.157410
vn -3.454130 2.251127 -2.949357
v -17.327148 -30.519497 317.870819
vn -6.108930 1.349120 -0.049476
v -17.325558 -30.527271 316.923340
vn -3.690199 0.630710 -3.332646
v -17.423418 -31.138453 317.715912
vn -6.247928 0.156533 -0.226677
v -17.392519 -31.080841 316.842133
vn -3.928967 -1.057839 -3.198818
v -17.389463 -31.783630 317.731903
vn -6.249033 0.277058 -0.185678
v -17.350576 -30.889866 315.775269
vn -6.253529 -0.465083 -0.276199
v -17.288519 -31.206873 314.588928
vn -6.241319 0.445170 -0.155162
v -17.266857 -30.504642 313.641846
vn -6.269598 -0.199114 -0.229539
v -17.195000 -30.655001 311.644012
vn -6.227329 0.616623 -0.141285
v -17.183062 -30.114841 311.508881
vn -6.214442 0.759106 -0.093277
v -17.120350 -29.821018 309.918671
vn -6.021585 1.706475 0.030564
v -17.086033 -29.598110 311.585144
vn -5.989046 1.822396 0.061175
v -17.014357 -29.316973 309.993195
vn -2.858661 2.390672 3.208708
v -16.836601 -28.759941 308.468842
vn -3.128665 0.910777 3.289795
v -17.036455 -29.394014 308.588806
vn -3.255797 -0.516224 3.070115
v -17.096258 -30.062799 308.555054
vn -6.276329 0.018631 -0.180796
v -17.107357 -30.129498 308.899109
vn -5.241229 3.415764 0.411305
v -16.908293 -29.629271 318.162903
vn -3.293684 5.290065 0.651835
v -16.077431 -28.891901 318.848236
vn -1.980009 5.899962 0.029145
v -15.822165 -28.834070 319.583710
vn -2.388229 5.748516 0.700115
v -15.569118 -28.635500 318.904510
vn -2.263826 5.794432 0.801960
v -15.590043 -28.711750 319.441406
vn -1.460696 6.070622 0.671608
v -15.241931 -28.689173 320.147430
vn -1.344259 6.083969 0.807546
v -15.135538 -28.677364 320.247162
vn -2.369420 5.749450 0.718111
v -15.548367 -28.559292 318.367554
vn -1.267120 6.099410 0.818376
v -15.111712 -28.675892 320.273529
vn -1.238309 6.105262 0.818927
v -15.108712 -28.676243 320.280731
vn -1.243494 6.104276 0.818505
v -15.109051 -28.676754 320.284027
vn -1.272286 6.097743 0.822364
v -15.110565 -28.677517 320.287415
vn -1.346656 6.080016 0.832343
v -15.173720 -28.698835 320.344635
vn -1.468759 6.074597 0.636356
v -15.206640 -28.733912 320.550720
vn -1.637052 6.026296 0.686441
v -15.305009 -28.757984 320.543365
vn -1.517916 6.020512 0.795901
v -15.402487 -28.785490 320.535583
vn -2.334367 5.759719 0.729942
v -15.467120 -28.254900 316.219543
vn -2.336170 5.758890 0.728175
v -15.507386 -28.407005 317.293610
vn -2.338871 5.760121 0.731595
v -15.313524 -27.648537 311.922180
vn -2.342569 5.758296 0.729338
v -15.388796 -27.951281 314.071075
vn -2.348982 5.757849 0.730472
v -15.259454 -27.423395 310.319489
vn -6.059946 1.559616 0.001748
v -17.181881 -29.972185 313.720245
vn -6.092441 1.421224 -0.024539
v -17.277632 -30.343023 315.855591
vn -6.220057 -0.840522 -0.283484
v -17.190662 -32.291920 315.397278
vn -6.198626 -0.985318 -0.287930
v -17.216623 -32.582993 316.880615
vn -3.479981 -2.094144 -2.837353
v -17.307615 -32.348942 317.910553
vn -3.528827 -2.361241 -2.650236
v -17.240301 -32.848545 318.233917
vn -6.195201 -1.032721 -0.173528
v -16.903553 -34.458393 316.561707
vn -6.177444 -1.131764 -0.185747
v -16.891026 -34.778595 318.039551
vn -6.186269 -1.095632 -0.087803
v -16.573553 -36.343731 316.240845
vn -6.172889 -1.168109 -0.094741
v -16.531002 -36.688091 317.714172
vn -6.161597 -1.224909 -0.105647
v -16.503178 -36.879471 318.273438
vn -6.161555 -1.223253 -0.127357
v -16.488449 -37.032452 319.187500
vn -6.250217 -0.595368 -0.235914
v -17.138737 -31.709770 312.430573
vn -6.234102 -0.745860 -0.239200
v -17.164700 -32.000843 313.913910
vn -6.224784 -0.843021 -0.133556
v -16.928606 -33.817986 313.605988
vn -6.210454 -0.939855 -0.154470
v -16.916079 -34.138191 315.083832
vn -6.206848 -0.973388 -0.060591
v -16.658659 -35.655010 313.294189
vn -6.200291 -1.014644 -0.070100
v -16.616106 -35.999371 314.767517
vn -6.180825 -1.121353 -0.082249
v -16.617285 -35.970520 314.392578
vn -6.271604 -0.329158 -0.180176
v -17.086813 -31.127623 309.463867
vn -6.260816 -0.493939 -0.189157
v -17.112776 -31.418695 310.947205
vn -6.249688 -0.638467 -0.089412
v -16.953659 -33.177582 310.650269
vn -6.237918 -0.742595 -0.111877
v -16.941132 -33.497784 312.128113
vn -6.232458 -0.795370 -0.018914
v -16.743765 -34.966290 310.347534
vn -6.222332 -0.871021 -0.035177
v -16.701212 -35.310650 311.820862
vn -6.194577 -1.030001 -0.060488
v -16.731392 -35.061569 310.511719
vn -3.250924 -1.479612 2.731344
v -17.066017 -30.894474 308.275696
vn -3.240387 -2.079467 2.406437
v -17.043060 -31.359486 307.976715
vn -6.267675 -0.432420 -0.039422
v -16.978712 -32.537178 307.694550
vn -6.259910 -0.530522 -0.066147
v -16.966187 -32.857380 309.172394
vn -6.253925 -0.603896 0.025749
v -16.828869 -34.277569 307.400848
vn -6.242854 -0.709114 0.002612
v -16.786318 -34.621929 308.874176
vn -6.206219 -0.931035 -0.037032
v -16.845499 -34.152622 306.630859
vn -3.262512 -2.573488 2.002339
v -17.020725 -31.758795 307.596008
vn -3.270462 -2.869823 1.571016
v -17.001554 -32.079651 307.145935
vn -3.309133 -3.181976 0.967905
v -16.987621 -32.309559 306.644012
vn -6.257652 -0.558844 0.037643
v -16.871422 -33.933208 305.927521
vn -3.365144 -3.334110 0.263997
v -16.979332 -32.459332 305.949219
vn -6.264682 -0.474985 0.067235
v -16.913975 -33.588848 304.454193
vn -3.273015 -3.306968 -0.279284
v -16.982153 -32.435974 305.238037
vn -6.268280 -0.424723 0.081771
v -16.956528 -33.244488 302.980865
vn -6.270360 -0.388690 0.091769
v -16.999081 -32.900127 301.507538
vn -6.215047 -0.824139 -0.011780
v -16.959606 -33.243671 302.750000
vn -6.220244 -0.708492 0.015382
v -17.073713 -32.334724 298.869110
vn -6.279242 -0.190577 0.111737
v -17.050611 -32.483105 299.723297
vn -6.279015 -0.050626 0.169519
v -17.102142 -32.066082 297.939087
vn -3.162830 -3.057422 -0.388637
v -17.133408 -31.067989 296.522888
vn -6.279922 0.035538 0.191283
v -17.153675 -31.649061 296.154877
vn -6.279583 0.074059 0.198674
v -17.205206 -31.232038 294.370667
vn -6.220819 -0.583754 0.044566
v -17.187820 -31.425774 294.988251
vn -6.277054 0.156056 0.219426
v -17.256737 -30.815016 292.586456
vn -6.215590 -0.449400 0.075814
v -17.301926 -30.516825 291.107391
vn -6.274352 0.208404 0.229926
v -17.308268 -30.397993 290.802246
vn -6.268581 0.284871 0.249350
v -17.359800 -29.980972 289.018005
vn -3.145405 -2.796139 -0.325198
v -17.394342 -29.701431 287.822021
vn -3.103951 -3.716308 -0.538025
v -17.416033 -29.607876 287.226532
vn -6.158021 -1.237032 -0.149900
v -17.174406 -33.631847 319.767700
vn -5.768615 -2.151091 -0.488861
v -17.168219 -33.552212 319.333191
vn -3.189702 -3.243444 -1.747934
v -17.178274 -33.390533 318.922394
vn -4.660336 -2.826686 -1.639339
v -17.202967 -33.152908 318.551147
vn -4.301640 -2.385386 -1.716767
v -16.804075 -32.296604 282.711273
vn -4.289993 -2.696607 1.210657
v -16.779676 -32.948826 288.846161
vn -2.468163 -3.649886 -0.570613
v -16.550516 -35.328995 303.067627
vn -6.091423 -1.506430 -0.136048
v -16.538681 -35.716614 306.869080
vn -6.117785 -1.413245 -0.126412
v -16.526846 -36.104233 310.670532
vn -6.139689 -1.325892 -0.117388
v -16.515013 -36.491852 314.471985
vn -2.456560 -3.736027 -0.106278
v -16.762844 -32.059429 277.559845
vn -1.220771 -1.772943 -1.663910
v -14.946752 -41.604088 282.297607
vn -3.546121 -1.215373 2.930870
v -15.909719 -36.955334 284.561768
vn -3.256639 -2.615170 2.279703
v -15.981256 -36.609360 284.722717
vn -3.057748 -3.505730 1.001150
v -16.030432 -36.389256 285.038696
vn -2.587229 -3.693913 -0.382423
v -14.966816 -41.719501 284.804352
vn -4.186144 2.219376 0.438880
v -15.751532 -37.804241 285.177673
vn -4.082771 1.575869 1.868094
v -15.777087 -37.645203 284.824432
vn -3.848480 0.318676 2.780230
v -15.834988 -37.334480 284.598999
vn -1.209127 -2.084170 1.263511
v -14.926938 -42.133686 287.279083
vn -4.130998 2.076687 -1.124488
v -15.765169 -37.768986 285.564056
vn -3.931956 1.186150 -2.403043
v -15.814345 -37.548882 285.880035
vn -3.642570 -0.213662 -3.054203
v -15.885882 -37.202908 286.040985
vn -3.340198 -1.747713 -2.903563
v -15.960614 -36.823761 286.003754
vn -3.105930 -3.004907 -1.991435
v -16.018515 -36.513042 285.778320
vn -3.002525 -3.648401 -0.562224
v -16.044069 -36.354000 285.425079
vn 2.969156 2.855998 -0.924029
v -15.799317 -27.700001 256.455109
vn 3.109213 2.855994 -0.050100
v -15.979481 -27.700001 255.330933
vn 2.997379 2.855989 0.827901
v -15.835630 -27.700001 254.201538
vn 2.642725 2.856004 1.638820
v -15.379419 -27.700001 253.158432
vn 2.073964 2.855983 2.316974
v -14.647808 -27.700001 252.286087
vn 1.337183 2.855999 2.807430
v -13.700067 -27.700001 251.655212
vn 0.492077 2.855990 3.070434
v -12.612976 -27.700001 251.316895
vn -0.392900 2.855995 3.084695
v -11.474605 -27.700001 251.298553
vn -1.246028 2.856003 2.849059
v -10.377178 -27.700001 251.601669
vn -1.998226 2.855983 2.382602
v -9.409602 -27.700001 252.201675
vn -2.588550 2.855994 1.723114
v -8.650265 -27.700001 253.049988
vn -2.969152 2.855992 0.924037
v -8.160683 -27.700001 254.077866
vn -3.109213 2.855996 0.050103
v -7.980519 -27.700001 255.202042
vn -2.997383 2.855992 -0.827891
v -8.124370 -27.700001 256.331451
vn -2.642711 2.855981 -1.638833
v -8.580581 -27.700001 257.374573
vn -2.073961 2.856011 -2.316985
v -9.312192 -27.700001 258.246887
vn -1.337197 2.855988 -2.807420
v -10.259933 -27.700001 258.877777
vn -0.492077 2.855990 -3.070434
v -11.347024 -27.700001 259.216095
vn 0.392919 2.855982 -3.084690
v -12.485395 -27.700001 259.234436
vn 1.246047 2.856016 -2.849054
v -13.582822 -27.700001 258.931305
vn 1.998216 2.855992 -2.382612
v -14.550398 -27.700001 258.331299
vn 2.588544 2.855979 -1.723116
v -15.309735 -27.700001 257.483002
vn 2.737746 3.590388 -1.373194
v -13.320792 -27.700001 255.939011
vn 2.737746 -3.590388 -1.373194
v -13.320792 -30.798361 255.939011
vn 3.062429 3.590390 -0.049349
v -13.479805 -27.700001 255.290665
vn 3.062429 -3.590391 -0.049349
v -13.479805 -30.798361 255.290665
vn 2.780568 3.590389 1.284271
v -13.341763 -27.700001 254.637527
vn 2.780568 -3.590389 1.284271
v -13.341763 -30.798361 254.637527
vn 1.947985 3.590390 2.363527
v -12.934008 -27.700001 254.108963
vn 1.947986 -3.590390 2.363528
v -12.934008 -30.798361 254.108963
vn 0.729541 3.590416 2.974664
v -12.337299 -27.700001 253.809662
vn 0.729540 -3.590417 2.974664
v -12.337299 -30.798361 253.809662
vn -0.633358 3.590359 2.996637
v -11.669824 -27.700001 253.798920
vn -0.633358 -3.590359 2.996637
v -11.669824 -30.798361 253.798920
vn -1.870797 3.590408 2.425075
v -11.063782 -27.700001 254.078827
vn -1.870797 -3.590407 2.425075
v -11.063782 -30.798361 254.078827
vn -2.737746 3.590388 1.373194
v -10.639208 -27.700001 254.593979
vn -2.737746 -3.590388 1.373194
v -10.639208 -30.798361 254.593979
vn -3.062429 3.590391 0.049349
v -10.480195 -27.700001 255.242325
vn -3.062429 -3.590391 0.049349
v -10.480195 -30.798361 255.242325
vn -2.780556 3.590402 -1.284288
v -10.618237 -27.700001 255.895462
vn -2.780556 -3.590401 -1.284288
v -10.618237 -30.798361 255.895462
vn -1.948001 3.590358 -2.363530
v -11.025991 -27.700001 256.424011
vn -1.948001 -3.590358 -2.363529
v -11.025991 -30.798361 256.424011
vn -0.729568 3.590436 -2.974649
v -11.622701 -27.700001 256.723328
vn -0.729568 -3.590436 -2.974650
v -11.622701 -30.798361 256.723328
vn 0.633358 3.590359 -2.996637
v -12.290176 -27.700001 256.734070
vn 0.633358 -3.590358 -2.996637
v -12.290176 -30.798361 256.734070
vn 1.870797 3.590408 -2.425075
v -12.896218 -27.700001 256.454163
vn 1.870797 -3.590408 -2.425075
v -12.896218 -30.798361 256.454163
vn 3.242018 2.612422 -2.283083
v -3.698881 -33.861698 257.315338
vn -3.430133 1.534697 -4.112182
v -7.962017 -34.638824 257.292725
vn 3.533547 1.213749 -2.933128
v -3.770419 -33.515724 257.476288
vn -3.035630 0.512603 -4.824700
v -8.019743 -34.360443 257.403412
vn -2.769533 -0.530407 -4.874909
v -8.015524 -34.062786 257.395630
vn -3.653491 2.384339 -3.216302
v -7.865488 -34.834080 257.088715
vn 3.040978 3.505352 -1.001605
v -3.649705 -34.081802 256.999359
vn -3.851851 2.913939 -1.949780
v -7.755819 -34.930542 256.817535
vn 2.988450 3.647856 0.563107
v -3.636068 -34.117058 256.612976
vn -3.975123 3.012884 -0.516433
v -7.662083 -34.915314 256.533417
vn -3.978303 2.626549 0.843066
v -7.591137 -34.789894 256.260315
vn 3.089473 3.005143 1.991256
v -3.661623 -33.958019 256.259735
vn -3.865003 1.805647 1.911800
v -7.549531 -34.576481 256.054413
vn 3.322582 1.744364 2.906423
v -3.719524 -33.647297 256.034302
vn -3.680319 0.696499 2.542310
v -7.530291 -34.291969 255.937546
vn 3.629346 0.209084 3.056041
v -3.794255 -33.268154 255.997070
vn -3.481947 -0.541302 2.931567
v -7.530120 -33.992794 255.936401
vn -3.208380 -1.751236 2.066347
v -7.549464 -33.709869 256.054047
vn 3.916677 -1.188903 2.406390
v -3.865793 -32.922176 256.158020
vn -2.967465 -2.693498 0.942869
v -7.592827 -33.506504 256.267731
vn 4.112869 -2.083514 1.124929
v -3.914968 -32.702072 256.474030
vn -2.773608 -3.160575 -0.552378
v -7.666598 -33.410114 256.548676
vn 4.172110 -2.224258 -0.441953
v -3.928606 -32.666817 256.860413
vn -2.666230 -3.048300 -2.052184
v -7.760844 -33.435997 256.831177
vn -2.650905 -2.451448 -3.286496
v -7.865689 -33.570637 257.089203
vn 4.068810 -1.582102 -1.868189
v -3.903050 -32.825859 257.213623
vn -2.752650 -1.559235 -4.145821
v -7.956046 -33.783146 257.280853
vn 3.832701 -0.321292 -2.783567
v -3.845150 -33.136578 257.439056
vn -1.439005 -0.560422 0.422059
v -9.914004 -38.310627 259.264191
vn -0.473863 -3.023277 2.298378
v -8.236523 -39.240055 259.234833
vn -1.440539 -0.151006 0.333516
v -10.123287 -36.072018 259.365601
vn 1.834970 -1.304981 1.527115
v -2.876062 -38.174454 259.326813
vn -1.359422 -0.161370 0.294058
v -10.337528 -34.070312 259.456024
vn 4.838412 -0.508721 1.915371
v -4.733387 -28.866970 259.740448
vn -1.301747 -0.180539 0.267923
v -10.556157 -32.310860 259.535309
vn -0.597701 -2.961102 3.258619
v -10.778587 -30.798361 259.603149
vn 0.544255 -2.962621 3.267279
v -13.250677 -30.798361 259.583374
vn -0.522593 -4.452128 2.177640
v -17.632227 -31.431122 259.519165
vn 1.284053 -0.188531 0.282696
v -13.417727 -31.914509 259.530640
vn 1.318176 -0.170376 0.298377
v -13.582599 -33.171383 259.471466
vn -2.075966 -2.289389 2.759553
v -17.048193 -34.357849 259.389099
vn 1.366084 -0.159085 0.321428
v -13.745042 -34.567078 259.405884
vn 0.375063 -0.493635 0.098477
v -13.904810 -36.099476 259.334045
vn 2.922955 -3.343772 -1.105200
v -5.252386 -27.700001 252.725754
vn 3.089892 -2.991993 -0.516771
v 2.814517 -27.700001 252.792175
vn 3.062754 -3.083116 -0.562626
v -4.870089 -27.700001 254.186981
vn 3.078809 -2.529146 0.049308
v -4.886649 -27.700001 255.152191
vn 2.978361 -2.991995 -0.971522
v 2.280497 -27.700001 250.614807
vn 2.627180 -3.347743 -1.691439
v -5.931458 -27.700001 251.376587
vn 2.800297 -2.991993 -1.404571
v 1.427921 -27.700001 248.541336
vn 2.218138 -3.347759 -2.200659
v -6.877350 -27.700001 250.199036
vn 1.709488 -3.343837 -2.615864
v -8.048335 -27.700001 249.245010
vn 2.559679 -2.991993 -1.806248
v 0.275834 -27.700001 246.618103
vn 1.125259 -3.340213 -2.915611
v -9.392758 -27.700001 248.556625
vn 2.261879 -2.991991 -2.167576
v -1.150029 -27.700001 244.888062
vn 1.913553 -2.991992 -2.480484
v -2.817815 -27.700001 243.389862
vn 0.491263 -3.336995 -3.086635
v -10.851313 -27.700001 248.164215
vn 1.522491 -2.991998 -2.737976
v -4.690269 -27.700001 242.156967
vn 1.097411 -2.991988 -2.934310
v -6.725563 -27.700001 241.216904
vn -0.164329 -3.333775 -3.121418
v -12.359657 -27.700001 248.085129
vn 0.647818 -2.991999 -3.065098
v -8.878233 -27.700001 240.590698
vn 0.183759 -2.991991 -3.127414
v -11.100192 -27.700001 240.292313
vn -0.284416 -2.991992 -3.119871
v -13.341804 -27.700001 240.328430
vn -0.746239 -2.991989 -3.042633
v -15.552995 -27.700001 240.698242
vn -1.191386 -2.991997 -2.897428
v -17.684372 -27.700001 241.393494
vn -1.609912 -2.991994 -2.687504
v -19.688322 -27.700001 242.398636
vn -0.636691 -3.210943 -3.073879
v -13.850836 -27.700006 248.323532
vn -1.992483 -2.991992 -2.417541
v -21.520081 -27.700001 243.691223
vn -0.999350 -3.341755 -2.967006
v -14.823309 -27.700001 248.566040
vn -2.330545 -2.991992 -2.093573
v -23.138731 -27.700001 245.242386
vn -1.397232 -3.437466 -2.793094
v -15.755559 -27.700001 248.943085
vn -2.616545 -2.991995 -1.722841
v -24.508112 -27.700001 247.017471
vn -1.764789 -3.516516 -2.566506
v -16.627146 -27.700001 249.448257
vn -2.097929 -3.592811 -2.288528
v -17.419783 -27.700001 250.069229
vn -2.844095 -2.991992 -1.313624
v -25.597637 -27.700001 248.976822
vn -2.386632 -3.662905 -1.968308
v -18.114143 -27.700001 250.790253
vn -2.605318 -3.688678 -1.663425
v -18.700966 -27.700001 251.601059
vn -3.008115 -2.991992 -0.875060
v -26.382967 -27.700001 251.076675
vn -2.742961 -3.702277 -1.422202
v -18.962894 -27.700001 252.057632
vn -2.847129 -3.747402 -1.176520
v -19.228605 -27.700001 252.619186
vn -1.575442 -4.955396 -1.400102
v -21.183233 -27.700001 254.056412
vn -2.941265 -3.790922 -0.883832
v -19.472145 -27.700001 253.289825
vn -1.401580 -1.988022 -2.112824
v -19.664284 -27.700001 254.068573
vn -3.067652 -3.753818 -0.078310
v -21.206545 -27.700001 255.415161
vn -3.104938 -2.991993 -0.416948
v -26.846558 -27.700001 253.270126
vn -1.220764 -1.772939 -1.663908
v -20.379324 -31.728569 253.877365
vn -4.244556 -2.252656 -2.464787
v -18.918333 -31.438139 253.902435
vn 4.133381 -2.290189 0.030922
v -13.307011 -38.074623 324.134216
vn 3.108413 -1.850051 2.650239
v -13.277433 -38.182854 323.664307
vn 3.105951 3.004885 1.991461
v -13.653017 -36.329540 324.081940
vn 3.030940 1.130956 -3.045250
v -13.472183 -36.160080 311.578247
vn 3.340155 1.747708 2.903580
v -13.730218 -35.915245 323.781372
vn 3.642576 0.213700 3.054204
v -13.829859 -35.409721 323.731720
vn 3.932000 -1.186162 2.403010
v -13.925242 -34.948418 323.946320
vn 3.785904 -2.373068 -0.614297
v -14.506125 -29.444485 294.031250
vn 4.131004 -2.076708 1.124447
v -13.990810 -34.654945 324.367645
vn 1.717968 -5.869166 -1.009990
v -14.008993 -34.607941 324.882843
vn 4.952606 -0.859277 1.369227
v -13.837667 -32.363983 288.896637
vn 3.861748 -2.213284 -1.051151
v -14.540362 -29.190601 293.085144
vn 2.582927 3.633120 0.744780
v -13.878115 -31.732113 283.932861
vn 3.817736 -1.944467 -1.600193
v -14.610757 -28.760702 292.207092
vn 3.752793 -1.575915 -2.085578
v -14.714605 -28.171309 291.430847
vn 4.952601 -0.859277 1.369224
v -15.128791 -24.496696 272.995514
vn 0.175437 -0.843442 6.217371
v -12.823537 -37.391487 288.038879
vn 3.213778 0.825502 3.172646
v -13.042515 -36.295101 288.098755
vn 3.081469 1.501533 3.053812
v -13.254497 -35.212311 287.908417
vn 2.960103 2.135209 2.784678
v -13.448852 -34.197411 287.477356
vn 2.855850 2.694713 2.378747
v -13.615835 -33.301296 286.827209
vn 2.773914 3.152006 1.856360
v -13.747074 -32.568901 285.990570
vn 2.718388 3.484130 1.243739
v -13.835987 -32.036945 285.009369
vn 1.941941 2.281786 1.716967
v -14.187982 -28.513683 264.702789
vn 4.902688 -0.340744 -1.728873
v -15.192353 -23.836508 269.050873
vn 3.597085 -1.268464 -2.407060
v -14.847914 -27.445068 290.786224
vn 3.002533 3.648397 0.562233
v -13.618943 -36.541595 324.552917
vn 4.081969 -1.923257 -1.396898
v -13.291044 -38.195290 324.601746
vn 3.298705 0.524698 3.171232
v -13.265835 -38.704742 329.035309
vn 3.903921 -0.942520 -2.484578
v -13.233260 -38.516701 324.957794
vn 3.640408 0.422930 -2.977799
v -13.147145 -38.963829 325.119232
vn 3.149356 1.281614 3.106857
v -13.026272 -39.918762 329.138550
vn 2.416211 2.609611 -2.644914
v -13.052799 -39.432320 325.048370
vn 3.010798 2.000211 2.854395
v -12.804090 -41.071388 329.543518
vn 2.721692 1.287987 3.092431
v -12.751492 -40.968323 325.283447
vn 2.891684 2.636205 2.429414
v -12.612992 -42.091534 330.225189
vn 2.622114 1.805057 2.914931
v -12.467399 -42.441071 325.789062
vn 2.799276 3.150410 1.858092
v -12.464765 -42.916271 331.141541
vn 1.602706 1.466269 2.322310
v -12.368548 -43.494743 332.236084
vn 3.449685 -0.223787 3.043528
v -13.508003 -37.504204 329.240143
vn 3.057721 3.505745 -1.001121
v -13.637127 -36.494587 325.068115
vn 3.256658 2.615190 -2.279681
v -13.702694 -36.201115 325.489441
vn 3.592979 -0.917702 2.731628
v -13.737842 -36.391190 329.740417
vn 3.546147 1.215347 -2.930867
v -13.798078 -35.739815 325.704041
vn 3.848455 -0.318688 -2.780244
v -13.897719 -35.234287 325.654388
vn 4.082770 -1.575866 -1.868128
v -13.974920 -34.819996 325.353821
vn 3.719740 -1.514246 2.254776
v -13.941174 -35.434349 330.505280
vn 3.822163 -1.976626 1.642390
v -14.105460 -34.692692 331.487549
vn 3.893947 -2.276337 0.932221
v -14.220567 -34.211964 332.626617
vn 2.183166 -1.411276 1.831368
v -14.279395 -34.021809 333.852295
vn 1.127428 0.928199 5.228989
v -11.579616 -47.405846 331.568787
vn 2.342494 3.334478 1.420252
v -11.665412 -46.846664 330.090515
vn 2.389380 3.054595 1.891919
v -11.802017 -46.042416 328.734100
vn 2.452394 2.698136 2.306589
v -11.985205 -45.017971 327.541504
vn 2.529537 2.276115 2.651437
v -12.209309 -43.805016 326.549591
vn -3.130800 -0.093933 -3.150959
v -7.588166 -34.990398 311.679199
vn -4.289978 -2.696622 1.210653
v -7.953650 -31.194305 288.997589
vn -2.568382 -3.636233 -0.723315
v -8.622108 -28.274805 294.132202
vn -2.685084 -3.514725 -1.163471
v -8.656345 -28.020922 293.186096
vn -3.701028 2.466016 0.557080
v -7.403112 -36.912468 323.163544
vn -6.126132 -1.218219 0.422115
v -7.533692 -36.261631 323.233521
vn -6.092362 -1.385616 0.393562
v -7.663868 -35.616287 323.343628
vn -6.147236 -1.292675 -0.032582
v -7.793162 -34.978813 323.493439
vn -2.729115 -3.245909 -1.712514
v -8.726740 -27.591024 292.308044
vn -6.134288 -1.079396 -0.086821
v -8.892899 -25.082115 272.922760
vn -3.798959 2.364465 0.635290
v -7.994098 -30.562433 284.033813
vn -3.883451 2.171776 1.130475
v -7.951970 -30.867268 285.110321
vn -3.827957 1.839622 1.743093
v -7.863057 -31.399220 286.091522
vn -3.873862 -0.854339 -3.049296
v -8.978221 -24.660732 273.013489
vn -2.794036 -2.877357 -2.197903
v -8.830587 -27.001629 291.531799
vn -6.105288 -1.327257 -0.089806
v -9.060211 -24.239735 272.914368
vn -2.757198 -2.531626 -2.516078
v -8.963897 -26.275389 290.887177
vn -4.289991 -2.696617 1.210634
v -9.244773 -23.327017 273.096466
vn -4.339942 -2.178068 -1.887443
v -9.308335 -22.666828 269.151825
vn -3.746001 1.382334 2.265484
v -7.731818 -32.131618 286.928162
vn -3.641738 0.822836 2.671412
v -7.564835 -33.027733 287.578308
vn -3.520406 0.189153 2.940546
v -7.370479 -34.042629 288.009369
vn -3.388030 -0.486906 3.059390
v -7.158498 -35.125420 288.199707
vn -0.044657 -0.887225 6.213595
v -6.939520 -36.221809 288.139801
vn -2.962087 -0.684472 3.083844
v -8.949109 -24.801388 272.946381
vn -2.965616 -0.400455 3.077667
v -9.005045 -24.519768 272.943573
vn -3.122886 -3.746476 -0.238397
v -9.117318 -23.701725 270.009155
vn -3.124146 -3.749585 0.086708
v -9.120334 -23.701033 270.176910
vn -3.121652 -3.740660 0.228360
v -9.118940 -23.704128 270.131561
vn -3.124480 -3.738635 -0.359243
v -9.117379 -23.704754 270.047821
vn -2.850500 -3.732563 -0.046646
v -9.117141 -23.709282 270.086365
vn -2.342421 -3.958235 0.007672
v -7.745271 -35.038319 323.898834
vn -2.398435 -3.881915 -0.249644
v -7.779513 -35.010792 323.697021
vn -2.382552 -3.980947 -0.606697
v -16.502172 -35.674545 305.150116
vn -2.397992 -3.930854 -0.602305
v -16.458368 -36.021019 307.232635
vn -2.412995 -3.879064 -0.598434
v -16.417919 -36.379326 309.380585
vn -4.298892 -2.354492 -1.914076
v -16.382223 -36.738533 311.528320
vn -0.009454 -6.282180 -0.097766
v -23.731819 -27.708479 256.607788
vn -3.040879 -3.750265 -0.191740
v -21.249969 -27.766880 258.721252
vn -0.001817 -6.279304 -0.206238
v -23.614771 -27.733318 257.712585
vn 0.012893 -6.270070 -0.393531
v -23.209988 -27.828485 259.795197
vn 0.045355 -6.257241 -0.559207
v -22.742638 -27.945297 261.363708
vn 0.058318 -6.237747 -0.745709
v -22.174091 -28.093851 262.847473
vn -0.136789 -6.212164 -0.874704
v -21.526798 -28.270512 264.259888
vn -3.014462 -3.737737 -0.359926
v -21.261614 -27.993309 262.023560
vn -2.943417 -3.695798 -0.633974
v -21.231039 -28.430141 265.302856
vn 2.434515 -3.990598 -2.299960
v -6.392268 -34.752670 311.699707
vn 2.484430 -4.509098 0.798151
v -6.757752 -30.956573 289.018097
vn 3.667648 -2.437209 -0.419827
v -6.938905 -29.075027 277.775879
vn 1.821823 -0.953214 -1.781735
v -6.319172 -35.511883 316.236023
vn -2.698541 -3.141133 1.478602
v -19.595778 -23.707365 271.116638
vn 3.084318 -2.528810 0.007286
v -4.941119 -27.726202 258.630676
vn 0.034456 -6.282503 -0.082556
v -1.802830 -27.731869 259.800232
vn 3.096911 -2.756411 0.315341
v -4.956746 -27.747663 259.790192
vn 0.076972 -6.281230 -0.134117
v -2.302309 -27.773895 261.939117
vn 0.138068 -6.278978 -0.181494
v -2.938614 -27.835264 263.958557
vn 0.011056 -6.282987 -0.045614
v -1.485842 -27.707724 257.524872
vn 3.078136 -2.528988 0.021895
v -4.924183 -27.711336 257.471283
vn 0.002799 -6.283142 -0.020248
v -1.410053 -27.701900 256.330658
vn 3.076672 -2.529103 0.037379
v -4.905997 -27.702747 256.311768
vn 0.205338 -6.276028 -0.212482
v -3.659033 -27.916571 265.858185
vn 0.345919 -6.268093 -0.255879
v -4.424524 -28.019718 267.673950
vn 0.482366 -6.256557 -0.313132
v -5.190686 -28.146122 269.422394
vn 0.632618 -6.242372 -0.324922
v -5.913116 -28.297207 271.120087
vn 3.360583 -2.509610 -0.156274
v -6.957981 -28.379456 270.828308
vn 3.411324 -2.503964 -0.166938
v -6.960101 -28.452326 271.796204
vn 0.812360 -6.217848 -0.392435
v -6.552366 -28.476034 272.797882
vn 3.520604 -2.490001 -0.171929
v -6.962288 -28.547789 273.029785
vn 3.609488 -2.467434 -0.267040
v -6.960916 -28.759846 275.406891
vn 3.188867 -2.333996 0.198333
v -6.952588 -28.221479 268.683533
vn 3.074277 -2.569089 0.573917
v -5.969410 -27.913301 264.242279
vn -4.991569 -3.064090 -1.025489
v -14.583611 -46.570557 320.602600
vn -4.040354 -3.963757 -0.918594
v -14.585199 -46.554050 320.503967
vn -0.973724 -2.385047 -3.820214
v -14.561102 -46.580471 320.600555
vn -1.708919 -5.581199 -1.790675
v -14.562691 -46.563969 320.501953
vn -0.447088 -5.834477 -1.786189
v -14.538391 -46.568138 320.500854
vn 0.797891 -6.011810 -1.462882
v -14.513781 -46.566307 320.500763
vn 0.368181 -2.524652 -3.739632
v -14.512192 -46.582813 320.599396
vn -0.210783 -2.509891 -3.852812
v -14.536802 -46.584641 320.599487
vn -3.736332 0.129478 2.880098
v -15.257751 -42.991959 316.505676
vn -2.856089 0.304417 2.895223
v -11.138939 -42.173183 316.576355
vn -3.472347 -1.205462 2.960006
v -15.395658 -42.294624 316.463928
vn -2.592054 -1.030473 2.975111
v -11.276846 -41.475845 316.534607
vn -3.217962 -2.440239 2.441680
v -15.528529 -41.649590 316.734711
vn -2.337757 -2.265244 2.456805
v -11.409718 -40.830814 316.805389
vn -3.023623 -3.330303 1.427793
v -15.630048 -41.184616 317.264374
vn -2.143357 -3.155286 1.442910
v -11.511236 -40.365841 317.335022
vn -2.927804 -3.699401 0.119143
v -15.680107 -40.991798 317.947998
vn -2.047571 -3.524428 0.134228
v -11.561296 -40.173023 318.018677
vn -2.949472 -3.474428 -1.225086
v -15.668792 -41.109322 318.650208
vn -2.069208 -3.299434 -1.209981
v -11.549980 -40.290546 318.720886
vn -3.084281 -2.699951 -2.338610
v -15.598344 -41.513912 319.231903
vn -2.204076 -2.524924 -2.323530
v -11.479531 -40.695137 319.302582
vn -3.305733 -1.529295 -3.000919
v -15.482716 -42.125439 319.577911
vn -2.425446 -1.354319 -2.985845
v -11.363903 -41.306664 319.648560
vn -3.569601 -0.194401 -3.080855
v -15.344809 -42.822773 319.619629
vn -2.689389 -0.019433 -3.065719
v -11.225996 -42.003998 319.690308
vn -3.824037 1.040314 -2.562515
v -15.211937 -43.467808 319.348877
vn -2.943800 1.215325 -2.547423
v -11.093125 -42.649033 319.419525
vn -4.018335 1.930432 -1.548607
v -15.110418 -43.932781 318.819214
vn -3.138059 2.105397 -1.533521
v -10.991607 -43.114006 318.889893
vn -4.114167 2.299537 -0.239960
v -15.060359 -44.125599 318.135590
vn -3.233937 2.474521 -0.224839
v -10.941547 -43.306824 318.206238
vn -4.092512 2.074552 1.104267
v -15.071674 -44.008076 317.433380
vn -3.212244 2.249539 1.119378
v -10.952863 -43.189301 317.504028
vn -3.957618 1.300095 2.217795
v -15.142123 -43.603485 316.851685
vn -3.077402 1.475022 2.232920
v -11.023311 -42.784706 316.922333
vn -2.941426 -1.395851 2.794840
v -14.510521 -48.045727 331.508942
vn -3.035038 -0.425478 -3.003359
v -14.542302 -47.715633 329.536621
vn -2.496618 -2.172433 2.453048
v -14.199740 -48.773823 331.382050
vn -2.583609 -1.268641 -2.947114
v -14.231522 -48.443726 329.409760
vn -1.610087 -3.016309 2.297544
v -13.623715 -49.322254 331.281006
vn -1.697164 -2.112566 -3.102646
v -13.655497 -48.992157 329.308685
vn -0.457907 -3.448303 2.206674
v -12.875013 -49.602894 331.221954
vn -0.544967 -2.544410 -3.193467
v -12.906795 -49.272800 329.249634
vn 0.479837 -3.537043 2.381345
v -12.073951 -49.570644 331.214447
vn 0.386440 -2.566649 -3.416849
v -12.105732 -49.240547 329.242126
vn -0.968760 -2.374477 -3.840335
v -12.202135 -48.690022 329.335815
vn -0.144819 -2.506523 -3.875704
v -11.143565 -48.859684 329.290375
vn 1.282846 -6.029669 -1.166251
v -10.076613 -48.745541 329.292297
vn -1.726816 -2.030986 -3.770621
v -13.176143 -48.248760 329.425385
vn -2.364625 -1.501029 -3.671660
v -13.995495 -47.567657 329.552551
vn -2.836026 -0.822343 -3.550470
v -14.601229 -46.695724 329.708252
vn -6.108855 -1.403619 -0.272905
v -14.949754 -45.695709 329.881226
vn -6.104579 -1.448028 -0.007557
v -15.060987 -44.540379 322.978149
vn -2.727185 -1.948058 3.176450
v -14.712463 -45.540390 322.805145
vn -2.256174 -2.626768 3.055264
v -14.106730 -46.412323 322.649475
vn -1.618412 -3.156924 2.956260
v -13.287376 -47.093430 322.522278
vn -0.860345 -3.500290 2.886585
v -12.313369 -47.534691 322.432709
vn -0.036498 -3.632356 2.851202
v -11.254800 -47.704353 322.387268
vn 1.287121 -6.074079 -0.900905
v -10.187847 -47.590206 322.389191
vn -2.948517 -1.382346 2.826000
v -14.653536 -46.560299 322.633514
vn -2.500710 -2.185502 2.499421
v -14.342755 -47.288391 322.506653
vn -1.609839 -3.029770 2.336140
v -13.766730 -47.836826 322.405579
vn -0.452911 -3.457754 2.233054
v -13.018029 -48.117466 322.346527
vn 0.487700 -3.538337 2.391010
v -12.216966 -48.085213 322.339020
vn -6.120035 -1.301091 -0.441098
v -14.689734 -46.184334 320.387115
vn -6.015757 -1.561606 -0.634094
v -14.672647 -46.262196 320.385773
vn -2.338253 -1.591784 -3.081568
v -14.207308 -47.167137 320.496674
vn -1.460586 -2.254554 -3.197508
v -13.642353 -47.594967 320.415985
vn -0.402968 -2.569282 -3.253350
v -12.960597 -47.799641 320.370728
vn 0.421419 -2.561109 -3.439504
v -12.248747 -47.755119 320.366730
vn -5.187417 -2.422947 -1.663628
v -14.608056 -46.484127 320.431305
vn -4.395047 -3.285172 -1.825738
v -14.593944 -46.525970 320.460571
vn -3.730776 -3.754034 -1.645816
v -14.588033 -46.543770 320.480011
vn -0.737290 2.496889 3.410825
v -16.364227 -28.301792 334.843231
vn -0.830704 3.467254 -2.387377
v -16.396009 -27.971697 332.870911
vn -1.581482 2.121713 3.156994
v -17.116034 -28.578234 334.809082
vn -1.668488 3.025557 -2.243161
v -17.147814 -28.248138 332.836761
vn -2.477340 1.282739 3.031023
v -17.698151 -29.123426 334.727203
vn -2.564272 2.186525 -2.369152
v -17.729933 -28.793331 332.754883
vn -2.968068 0.165002 2.851862
v -18.017035 -29.849758 334.610779
vn -3.055005 1.068749 -2.548319
v -18.048817 -29.519663 332.638458
vn -3.064272 -0.787021 2.898710
v -18.021441 -30.640507 334.478516
vn -3.157676 0.183378 -2.899484
v -18.053221 -30.310411 332.506195
vn -2.986811 1.584494 -3.145224
v -17.491180 -30.237959 332.509277
vn -3.158845 0.778005 -3.277428
v -17.712004 -31.274202 332.339386
vn -6.191036 -0.996212 -0.203394
v -17.645769 -32.330334 332.161560
vn -2.603940 2.317486 -3.028714
v -16.999191 -29.296175 332.658966
vn -2.037560 2.924203 -2.936298
v -16.271441 -28.516623 332.777710
vn -1.328373 3.360653 -2.874684
v -15.360303 -27.955404 332.856964
vn -1.163633 6.098627 0.903019
v -14.331345 -27.652905 332.890991
vn -1.159352 6.054220 1.168363
v -14.442578 -26.497572 325.987885
vn -1.220105 2.235548 3.852356
v -15.471537 -26.800070 325.953857
vn -1.929209 1.798408 3.790611
v -16.382675 -27.361290 325.874603
vn -2.495594 1.191687 3.698200
v -17.110426 -28.140841 325.755859
vn -2.878562 0.458624 3.581681
v -17.602415 -29.082626 325.606171
vn -3.050306 -0.347854 3.449472
v -17.823238 -30.118870 325.436279
vn -6.186760 -1.040622 0.061952
v -17.757004 -31.174999 325.258453
vn -3.063750 -0.811382 2.923415
v -18.164455 -29.155079 325.603088
vn -2.973771 0.160047 2.899598
v -18.160049 -28.364330 325.735382
vn -2.479717 1.282233 3.071845
v -17.841166 -27.637999 325.851776
vn -1.578750 2.123421 3.185291
v -17.259048 -27.092806 325.933655
vn -0.729917 2.497943 3.420891
v -16.507242 -26.816364 325.967804
vn -6.173614 -1.035373 -0.395756
v -18.200653 -28.779110 323.356689
vn -6.187893 -0.708845 -0.488107
v -18.214315 -28.704536 323.381378
vn -5.832740 1.109914 -0.313457
v -18.234388 -28.471996 323.690460
vn -5.811074 0.684503 -1.136848
v -18.235399 -28.501734 323.499359
vn -5.345618 1.854079 -0.979789
v -18.236258 -28.469364 323.541290
vn -4.943373 2.396266 -0.615184
v -18.236258 -28.457857 323.565735
vn -5.286777 2.215007 0.135799
v -18.235977 -28.455492 323.591858
vn -2.959142 1.485309 -2.556573
v -18.118502 -27.777575 323.804840
vn -2.405422 2.429374 -2.398336
v -17.763056 -27.166777 323.901337
vn -1.550645 3.119876 -2.282710
v -17.213255 -26.717285 323.967682
vn -0.797758 3.482793 -2.407969
v -16.539024 -26.486269 323.995483
vn -0.852293 3.526898 -2.707268
v -18.173229 -28.433386 323.695953
vn -1.624253 5.994786 0.585334
v -18.174818 -28.416882 323.597321
vn -1.392393 3.333042 -2.856365
v -18.196651 -28.441105 323.695038
vn -2.728041 5.474543 0.143155
v -18.198240 -28.424601 323.596405
vn -3.798140 4.777738 -0.032684
v -18.219049 -28.437737 323.594543
vn -2.037386 2.922401 -2.914702
v -18.217461 -28.454243 323.693176
vn -2.395583 5.232465 -2.256319
v -15.669843 -28.868181 320.657806
vn -2.156887 5.248695 -0.308761
v -16.337618 -29.111660 320.907349
vn -2.200971 5.496552 -2.040825
v -15.716728 -28.861616 320.734802
vn -2.185821 5.304605 -2.485410
v -15.858660 -28.837919 320.924530
vn -1.411352 5.818964 -1.883206
v -15.377487 -28.697266 320.920685
vn -1.396402 5.742067 -2.110198
v -15.611899 -28.673479 321.150787
vn -2.142360 5.213931 -2.695559
v -16.054335 -28.802446 321.155518
vn -2.134612 5.147770 -2.821014
v -16.208426 -28.773617 321.327911
vn -3.082494 4.365356 -3.248892
v -16.490234 -29.020578 321.187469
vn -3.050924 4.282330 -3.382867
v -16.614311 -28.976240 321.359100
vn -3.710478 3.083431 -3.913077
v -16.890808 -29.328182 321.248993
vn -3.867203 3.398474 -3.564411
v -16.987394 -29.261831 321.418823
vn -2.773841 4.211499 0.029352
v -17.091000 -29.518999 321.313141
vn -4.501662 2.370747 -3.657469
v -17.300505 -29.620024 321.506042
vn -3.130602 3.285536 0.491659
v -17.390011 -29.775995 321.529541
vn -4.581941 2.330938 -3.570600
v -17.465975 -29.409670 321.858612
vn -5.231109 1.354612 -3.157521
v -17.658783 -29.749964 321.953888
vn -4.560974 2.267680 -3.630293
v -17.644316 -29.183891 322.224365
vn -5.196613 1.326791 -3.215313
v -17.795170 -29.449785 322.299652
vn -4.565026 2.288705 -3.606856
v -17.821575 -28.960602 322.585571
vn -5.195519 1.342827 -3.204843
v -17.930487 -29.153004 322.639038
vn -4.585643 2.357258 -3.531979
v -17.983734 -28.757963 322.923492
vn -5.211913 1.401610 -3.148233
v -18.054165 -28.883209 322.956299
vn -4.622250 2.438560 -3.425872
v -18.054766 -28.670090 323.077789
vn -5.245385 1.469648 -3.058942
v -18.108324 -28.765844 323.101593
vn -4.666000 2.544913 -3.279752
v -18.116739 -28.594294 323.218872
vn -5.285057 1.560360 -2.937245
v -18.155567 -28.664238 323.234894
vn -4.746494 2.726249 -2.979615
v -18.167881 -28.532927 323.344147
vn -5.355536 1.716457 -2.689851
v -18.194540 -28.581461 323.353821
vn -4.832640 3.083877 -2.377621
v -18.220383 -28.473154 323.496124
vn -5.378545 2.231491 -2.256547
v -18.234489 -28.499456 323.499115
vn -5.843027 0.691772 -2.031349
v -18.210299 -28.633026 323.364868
vn -5.775200 0.584867 -2.292692
v -18.178591 -28.738520 323.253235
vn -6.078363 -0.360844 -1.349842
v -18.185850 -28.812397 323.272552
vn -6.067495 -0.391246 -1.393955
v -18.150288 -28.968597 323.157410
vn -6.168902 -1.025072 -0.456990
v -18.154387 -29.000206 323.221710
vn -6.165874 -1.035097 -0.469592
v -18.097683 -29.272528 323.072021
vn -6.057695 -0.416989 -1.425017
v -18.109526 -29.148327 323.033112
vn -6.054523 -0.449537 -1.428405
v -18.016430 -29.560129 322.763947
vn -5.724793 0.468968 -2.446278
v -18.096079 -29.016157 322.993713
vn -5.715292 0.425697 -2.481080
v -17.995419 -29.357185 322.699890
vn -2.955674 4.593183 -3.064427
v -16.332512 -29.076382 320.955139
vn -3.697356 2.581834 0.957648
v -17.645159 -30.138229 321.780792
vn -5.752182 0.389843 -2.421678
v -17.773760 -30.111080 322.062347
vn -5.720509 0.415172 -2.477928
v -17.885159 -29.731936 322.385315
vn -4.976058 0.557689 1.795223
v -17.761709 -30.579298 322.003967
vn -6.088697 -0.463997 -1.325187
v -17.811008 -30.469995 322.176453
vn -6.059643 -0.445626 -1.424281
v -17.914362 -30.012354 322.475433
vn -6.175439 -1.139021 -0.111192
v -17.725292 -31.065908 322.146118
vn -6.166922 -1.040367 -0.456233
v -17.816896 -30.625721 322.384979
vn -6.121099 -0.131497 -1.170967
v -18.215191 -28.684328 323.376587
vn -4.081169 4.106175 -2.126334
v -18.201160 -28.450245 323.493866
vn -4.010168 3.705542 -2.997028
v -18.131674 -28.490606 323.336548
vn -3.938710 3.520849 -3.325912
v -18.064074 -28.533276 323.206207
vn -3.899765 3.411848 -3.488265
v -17.982191 -28.586525 323.058929
vn -3.866658 3.326941 -3.606550
v -17.888363 -28.648638 322.897461
vn -3.846516 3.256536 -3.695225
v -17.674213 -28.792603 322.543152
vn -3.839806 3.232624 -3.728469
v -17.440266 -28.951694 322.164642
vn -3.853248 3.262586 -3.693194
v -17.205133 -29.112522 321.782990
vn -3.248771 4.909025 -1.799190
v -18.178164 -28.432037 323.492401
vn -2.325688 5.535119 -1.516147
v -18.153074 -28.419186 323.491760
vn -2.090069 5.747377 -0.524074
v -18.162981 -28.412558 323.552460
vn -1.471159 5.968580 -1.131377
v -18.127558 -28.411659 323.491852
vn -2.199723 5.384488 -2.208898
v -18.041348 -28.433088 323.328827
vn -1.416696 5.866078 -1.663722
v -17.993502 -28.419064 323.328583
vn -2.032300 5.336371 -2.441948
v -17.932844 -28.450251 323.193176
vn -1.383536 5.733519 -2.109833
v -17.525520 -28.463102 322.868988
vn -2.080035 5.251914 -2.607462
v -17.801493 -28.472729 323.039368
vn -2.130928 5.152838 -2.788786
v -17.651033 -28.499666 322.870392
vn -3.049127 4.283019 -3.363494
v -17.774702 -28.561485 322.879669
vn -3.032915 4.220901 -3.458889
v -17.498684 -28.658617 322.514038
vn -2.078991 5.131835 -2.854065
v -17.307760 -28.563515 322.498810
vn -1.385567 5.691381 -2.239385
v -16.213690 -28.607597 321.699524
vn -2.110760 5.095528 -2.915139
v -16.932953 -28.634985 322.102081
vn -2.117846 5.109941 -2.893677
v -16.556534 -28.707279 321.703918
vn -3.033674 4.222622 -3.468244
v -16.894447 -28.875521 321.731110
vn -1.433070 5.913317 -1.548394
v -15.207568 -28.712065 320.733521
vn -1.457255 6.006216 -1.107479
v -15.151522 -28.715422 320.659180
vn -1.349309 6.117136 -0.295826
v -15.117272 -28.715721 320.599365
vn -3.026560 4.198483 -3.497729
v -17.197248 -28.766481 322.123627
vn -5.748201 0.518101 -2.380182
v -18.140150 -28.867510 323.128784
vn -3.073956 4.359375 -3.239692
v -17.895666 -28.519934 323.046051
vn -3.103010 4.454662 -3.071843
v -18.001249 -28.484676 323.197601
vn -3.155717 4.613263 -2.738585
v -18.088444 -28.456923 323.331421
vn -3.358066 2.364983 0.802574
v -18.043203 -29.329815 320.560333
vn -3.342786 2.473845 -0.332011
v -18.044931 -29.249937 319.735535
vn -3.282885 2.180290 -1.408538
v -17.987638 -29.469357 318.938507
vn -3.164976 1.497693 -2.338910
v -17.879156 -29.958086 318.278168
vn -2.970847 0.566821 -2.936570
v -17.734304 -30.649345 317.844757
vn -2.575759 -0.557663 -3.141142
v -17.572882 -31.448669 317.697479
vn -2.348695 -1.545369 -2.949552
v -17.416943 -32.246838 317.856476
vn -2.196352 -2.641326 -2.268669
v -17.287798 -32.934772 318.300049
vn -1.994079 -3.295969 -1.254093
v -17.203094 -33.418476 318.967499
vn -3.325178 1.871680 1.806161
v -17.982691 -29.698072 321.300171
vn -3.173362 1.068555 2.580112
v -17.871664 -30.304386 321.854004
vn -1.536812 -2.150770 1.767545
v -17.221403 -34.606651 333.801819
vn -2.756139 -3.598307 0.818115
v -17.162575 -34.796803 332.576172
vn -2.827911 -3.298597 1.528287
v -17.047468 -35.277531 331.437073
vn -2.930333 -2.836209 2.140685
v -16.883183 -36.019188 330.454803
vn -3.057100 -2.239666 2.617537
v -16.679850 -36.976032 329.689941
vn -3.200398 -1.545752 2.929435
v -16.450012 -38.089043 329.189667
vn -3.351379 -0.797265 3.057138
v -16.207844 -39.289585 328.984833
vn -3.500757 -0.040357 2.992764
v -15.968281 -40.503605 329.088074
vn -3.639242 0.678258 2.740303
v -15.746099 -41.656231 329.493042
vn -3.758393 1.314241 2.315323
v -15.555000 -42.676373 330.174713
vn -3.850824 1.828434 1.743998
v -15.406773 -43.501114 331.091064
vn -2.117257 0.726783 2.258491
v -15.310557 -44.079586 332.185608
vn -3.274473 -0.288092 -3.546373
v -15.308487 -41.851379 315.909332
vn -3.011803 0.444757 -2.992905
v -15.480533 -41.821392 315.927734
vn -4.257487 0.527978 -2.908470
v -15.435373 -41.471806 316.078949
vn -2.942376 1.399832 -2.446154
v -15.627230 -41.119247 316.342682
vn -4.201039 1.410750 -2.240273
v -15.561289 -41.006321 316.433563
vn -3.169907 2.190979 -1.445680
v -15.738808 -40.613815 316.989838
vn -4.340684 1.561291 -1.996360
v -15.666666 -40.649769 316.902924
vn -5.476129 1.215778 -0.942168
v -15.726546 -40.472206 317.302429
vn -3.163967 2.513999 -0.262568
v -15.800015 -40.374168 317.780731
vn -4.285746 2.176203 -0.822562
v -15.769431 -40.374748 317.730530
vn -6.179399 -0.119875 -0.127146
v -15.794698 -40.361366 318.171387
vn -6.168028 -1.184622 -0.153837
v -15.802491 -40.433056 318.607330
vn -3.167052 -1.222638 -3.629381
v -15.122214 -42.235424 315.821106
vn -2.779249 -0.699840 -3.155215
v -15.318761 -42.624294 315.801697
vn -2.460975 -2.265383 -3.789886
v -14.885388 -42.600834 315.811798
vn -1.970936 -3.319893 -3.659871
v -14.603045 -42.940620 315.873322
vn -2.496739 -1.761241 -2.888595
v -15.164024 -43.418232 315.981750
vn -0.935953 -4.776937 -3.161278
v -13.907562 -43.528893 316.192841
vn -2.309834 -2.679577 -2.247327
v -15.037468 -44.094707 316.443359
vn -0.214182 -5.582068 -2.456004
v -13.090026 -43.937180 316.734100
vn -2.190443 -3.314382 -1.309810
v -14.956386 -44.561275 317.123413
vn 0.424855 -5.858738 -2.055474
v -12.674015 -44.054436 317.053894
vn 0.889994 -5.982327 -1.678308
v -12.332255 -44.108910 317.333984
vn 1.084310 -6.044313 -1.323986
v -12.096285 -44.124451 317.539459
vn -2.159667 -3.578952 -0.210806
v -14.931860 -44.754177 317.928955
vn 1.088090 -6.069366 -1.204511
v -12.096774 -44.165642 317.741608
vn 0.912886 -6.049324 -1.292064
v -12.288324 -44.223724 317.901581
vn 1.153240 -6.047813 -1.253420
v -11.995467 -44.125759 317.637207
vn 1.078588 -6.051627 -1.296519
v -12.013275 -44.136276 317.671234
vn 1.178258 -6.043180 -1.253031
v -11.994125 -44.128498 317.651672
vn 1.192120 -6.040291 -1.253848
v -11.993076 -44.126125 317.641235
vn 1.214732 -6.035773 -1.253278
v -11.992501 -44.127472 317.648254
vn 1.214243 -6.035786 -1.254324
v -11.992103 -44.126667 317.644775
vn -0.046687 -5.207629 -2.172745
v -13.251291 -44.411331 318.296936
vn -2.253649 -3.461901 0.889828
v -14.967240 -44.647049 318.749908
vn -0.972818 -4.717445 -1.494304
v -14.074999 -44.470711 318.762177
vn -1.605125 -4.194849 -0.789080
v -14.434255 -44.429031 319.029510
vn -2.275580 -3.861639 -0.007658
v -14.790430 -44.290424 319.366241
vn -2.376027 -2.942709 1.908041
v -15.057693 -44.254528 319.474091
vn -4.271331 -2.933973 1.199936
v -15.050085 -44.022045 319.710449
vn -6.142436 -1.302671 -0.139147
v -15.190851 -43.630299 320.002594
vn -6.119699 -1.273389 -0.498089
v -15.065718 -44.268414 320.102631
vn -5.885411 -1.470875 -1.497829
v -15.043318 -44.190693 319.835510
vn -5.323492 -1.736478 -2.783440
v -14.880894 -44.452328 319.615509
vn -4.525796 -2.144300 -3.753311
v -14.645461 -44.688370 319.405182
vn -3.582011 -2.615676 -4.415889
v -14.345121 -44.881161 319.218933
vn -3.498585 -2.595293 -4.503842
v -14.294249 -44.523399 318.963318
vn -2.519542 -3.278604 -4.701893
v -13.875489 -44.688957 318.786743
vn -2.518257 -2.834768 -4.919971
v -13.822200 -44.540668 318.653534
vn -1.392870 -3.960940 -4.638345
v -13.340055 -44.637447 318.523010
vn -0.982044 -4.193322 -4.570259
v -13.230323 -44.455338 318.331238
vn -0.157325 -4.661687 -4.167955
v -12.704560 -44.474224 318.256744
vn -0.085708 -4.956737 -3.827064
v -12.594568 -44.339581 318.094025
vn 0.805291 -5.187866 -3.443186
v -12.067825 -44.277199 318.077881
vn 0.975283 -5.469936 -2.924227
v -12.022090 -44.229435 318.012268
vn -0.390721 -4.735631 -3.954420
v -12.558680 -44.291630 318.026337
vn 1.116250 -5.706759 -2.348718
v -11.994408 -44.197178 317.957977
vn 0.734233 -6.145191 -1.007970
v -12.187649 -44.213161 317.906219
vn 0.975540 -6.039252 -1.427421
v -12.087432 -44.199474 317.911835
vn 1.165379 -5.949002 -1.616319
v -11.987130 -44.182384 317.918243
vn 0.768183 -4.990543 -3.728574
v -12.207193 -44.413849 318.239197
vn -0.189996 -4.478547 -4.352157
v -12.857111 -44.652538 318.451263
vn -1.423829 -3.792807 -4.761286
v -13.426930 -44.777531 318.663147
vn -2.568370 -3.108361 -4.782024
v -13.996927 -45.017052 319.069458
vn -3.592121 -2.531524 -4.451140
v -14.401218 -45.261398 319.481323
vn -4.507043 -2.085394 -3.800160
v -14.636024 -45.111095 319.627594
vn -4.500212 -2.103134 -3.794690
v -14.627293 -45.528435 319.845154
vn -5.280232 -1.732946 -2.850465
v -14.760367 -45.394798 319.963654
vn -5.271354 -1.787075 -2.830184
v -14.705860 -45.823006 320.126221
vn -5.847757 -1.467327 -1.599094
v -14.765593 -45.725719 320.204773
vn -5.845150 -1.506229 -1.575361
v -14.727479 -45.937016 320.262360
vn -6.116091 -1.285785 -0.504066
v -14.751490 -45.868004 320.321442
vn -5.842169 -1.546719 -1.542764
v -14.694024 -46.122963 320.319092
vn -5.782688 -1.823779 -1.450933
v -14.666142 -46.278572 320.374756
vn -5.272424 -2.162945 -2.507635
v -14.643028 -46.317604 320.347626
vn -4.478916 -2.656246 -3.430040
v -14.609735 -46.352966 320.321716
vn -4.484632 -2.412852 -3.616889
v -14.612594 -46.228367 320.238220
vn -3.562765 -2.926426 -4.214968
v -14.551373 -46.269428 320.203247
vn -3.571480 -2.771042 -4.315907
v -14.531776 -46.135147 320.097992
vn -2.540089 -3.325375 -4.638645
v -14.434423 -46.174423 320.058167
vn -2.548857 -3.202227 -4.720607
v -14.381543 -46.033535 319.931335
vn -1.417175 -3.802702 -4.742592
v -14.244808 -46.060776 319.894043
vn -1.432484 -3.710705 -4.812529
v -14.049939 -45.755608 319.597046
vn -0.109363 -4.346785 -4.448803
v -13.838656 -45.761440 319.564575
vn -0.194994 -4.312097 -4.498638
v -13.544836 -45.431416 319.236389
vn 0.748165 -4.833912 -3.913042
v -13.978167 -46.048946 319.868591
vn 0.721695 -4.757129 -4.021845
v -12.895862 -45.055576 318.893250
vn -0.216862 -4.317723 -4.503181
v -13.249933 -45.099598 318.907166
vn -0.214166 -4.379786 -4.447764
v -12.977516 -44.790707 318.595154
vn -1.435040 -3.706822 -4.822620
v -13.623837 -45.089417 318.964783
vn 0.738961 -4.845920 -3.917236
v -12.400000 -44.596325 318.434113
vn 0.797185 -5.103100 -3.536785
v -14.364370 -46.410316 320.259033
vn -0.069651 -4.543188 -4.238890
v -14.225814 -46.198994 320.015015
vn -0.204389 -4.395380 -4.417112
v -14.107831 -46.064930 319.873505
vn 0.818432 -5.383566 -3.068525
v -14.474932 -46.519382 320.402405
vn -0.157300 -5.208837 -3.346424
v -14.501352 -46.522427 320.403076
vn -0.141022 -4.808670 -3.946441
v -14.413851 -46.416241 320.260651
vn 0.060688 -4.634418 -4.114647
v -14.328801 -46.317131 320.144836
vn -1.349154 -4.330142 -4.263778
v -14.466186 -46.414101 320.267639
vn -1.382293 -4.065933 -4.524926
v -14.404700 -46.314400 320.155579
vn -2.499388 -3.780047 -4.275475
v -14.518499 -46.402748 320.280457
vn -2.524384 -3.487093 -4.522304
v -14.480520 -46.298584 320.175171
vn -3.548888 -3.210915 -3.995579
v -14.567423 -46.382030 320.298828
vn 0.201421 -5.617927 -2.463662
v -14.504102 -46.551289 320.457703
vn -1.254294 -4.923422 -3.480607
v -14.529338 -46.520920 320.406158
vn -2.368183 -4.419822 -3.608168
v -14.557358 -46.514229 320.411896
vn -3.465015 -3.742917 -3.545310
v -14.583611 -46.502281 320.420105
vn -4.282650 -3.251424 -3.178000
v -14.606373 -46.485676 320.430389
vn -6.117002 -1.273643 -0.515756
v -14.814024 -45.549046 320.270630
vn -6.118597 -1.270462 -0.509794
v -14.876870 -45.229118 320.226837
vn -5.853361 -1.440891 -1.607704
v -14.852192 -45.246693 320.087585
vn -6.119396 -1.268384 -0.507466
v -14.939840 -44.908821 320.185944
vn -5.858348 -1.441608 -1.595691
v -14.946990 -44.722961 319.965607
vn -1.438152 -3.675227 -4.842054
v -13.837232 -45.423611 319.281677
vn -2.568672 -3.067648 -4.804851
v -14.128970 -45.367290 319.363892
vn -2.563082 -3.102862 -4.781496
v -14.260773 -45.714581 319.656006
vn -5.287575 -1.725841 -2.845997
v -14.820059 -44.927025 319.792816
vn -3.586448 -2.559769 -4.436019
v -14.457549 -45.637608 319.740234
vn -4.490449 -2.180625 -3.759581
v -14.619407 -45.910866 320.051147
vn -5.270354 -1.858878 -2.785333
v -14.681833 -46.011955 320.203674
vn -1.403018 -3.917571 -4.651670
v -14.330195 -46.195587 320.030304
vn -4.489818 -2.280200 -3.699910
v -14.615838 -46.079685 320.147614
vn -3.575152 -2.653284 -4.387309
v -14.509214 -45.982738 319.984680
vn -5.264882 -1.955562 -2.725311
v -14.660700 -46.178303 320.277740
vn 1.216514 -5.868059 -1.816614
v -6.593050 -43.110123 318.010864
vn 1.902908 -0.945656 -1.825627
v -0.667702 -44.929897 320.652954
vn 1.942622 -1.467464 1.360126
v -0.492905 -46.745422 331.500671
vn -3.546037 -1.215338 2.930911
v -11.267312 -41.574875 317.126312
vn -3.848549 0.318635 2.780206
v -11.167670 -42.080402 317.175934
vn -4.082738 1.575919 1.868072
v -11.090470 -42.494698 317.476532
vn -4.186150 2.219375 0.438896
v -11.056396 -42.706749 317.947510
vn -4.130987 2.076710 -1.124452
v -11.074579 -42.659744 318.462677
vn -3.931985 1.186168 -2.403017
v -11.140147 -42.366272 318.884003
vn -3.642540 -0.213597 -3.054204
v -11.235531 -41.904972 319.098602
vn -3.338880 -1.746546 -2.904136
v -11.335172 -41.399445 319.048981
vn -3.097531 -3.002210 -1.994783
v -11.412373 -40.985149 318.748383
vn -2.988328 -3.647902 -0.562371
v -11.446446 -40.773094 318.277405
vn -3.049202 -3.504249 1.004901
v -11.428263 -40.820103 317.762238
vn -3.255343 -2.614263 2.280544
v -11.362696 -41.113575 317.340881
vn -3.057666 -3.505769 1.001077
v -16.932819 -35.239788 324.317200
vn -3.256695 -2.615237 2.279636
v -16.867250 -35.533257 323.895844
vn -3.546148 -1.215339 2.930868
v -16.771868 -35.994560 323.681244
vn -3.546145 -1.215337 2.930865
v -16.069778 -39.475140 323.087402
vn -3.246407 -2.608428 2.286292
v -16.165161 -39.013836 323.302002
vn -3.848449 0.318688 2.780251
v -16.672226 -36.500084 323.730896
vn -4.082768 1.575844 1.868124
v -16.595026 -36.914379 324.031464
vn -3.032661 -3.504508 1.004289
v -16.230730 -38.720364 323.723358
vn -4.186154 2.219372 0.438908
v -16.560951 -37.126434 324.502441
vn -2.973674 -3.647859 -0.561640
v -16.248913 -38.673359 324.238525
vn -4.130994 2.076703 -1.124439
v -16.579136 -37.079430 325.017639
vn -3.074751 -3.003388 -1.993900
v -16.214838 -38.885414 324.709503
vn -3.931993 1.186165 -2.403010
v -16.644703 -36.785957 325.438965
vn -3.308408 -1.743556 -2.908209
v -16.137638 -39.299706 325.010101
vn -3.611336 -0.206244 -3.059179
v -16.037996 -39.805233 325.059723
vn -3.917948 1.199223 -2.398056
v -15.942613 -40.266533 324.845123
vn -4.130980 2.076708 -1.124462
v -15.877046 -40.560005 324.423798
vn -4.186140 2.219381 0.438857
v -15.858862 -40.607014 323.908630
vn -4.082798 1.575852 1.868095
v -15.892936 -40.394958 323.437622
vn -3.848451 0.318687 2.780249
v -15.970137 -39.980663 323.137054
vn -3.642576 -0.213701 -3.054207
v -16.740086 -36.324654 325.653564
vn -3.340152 -1.747716 -2.903581
v -16.839727 -35.819130 325.603912
vn -3.105952 -3.004884 -1.991461
v -16.916929 -35.404835 325.303345
vn -3.002535 -3.648399 -0.562230
v -16.951002 -35.192780 324.832367
vn -3.642583 -0.213698 -3.054199
v -13.478318 -30.786457 320.995605
vn -3.930355 1.185904 -2.403800
v -13.382935 -31.247757 320.781006
vn -4.122423 2.078590 -1.127927
v -13.317367 -31.541229 320.359650
vn -4.172849 2.224340 0.439511
v -13.299184 -31.588236 319.844482
vn -4.074126 1.576496 1.871781
v -13.333257 -31.376183 319.373505
vn -3.846751 0.318159 2.780884
v -13.410458 -30.961887 319.072937
vn -3.546144 -1.215342 2.930866
v -13.510099 -30.456362 319.023285
vn -3.256660 -2.615188 2.279679
v -13.605483 -29.995060 319.237885
vn -3.057724 -3.505748 1.001115
v -13.671050 -29.701588 319.659210
vn -3.002527 -3.648398 -0.562234
v -13.689234 -29.654581 320.174408
vn -3.105955 -3.004889 -1.991457
v -13.655160 -29.866634 320.645386
vn -3.340159 -1.747705 -2.903583
v -13.577959 -30.280930 320.945953
vn -3.696394 2.550441 0.847834
v -7.389463 -36.944450 323.367126
vn -3.656258 2.555984 1.119148
v -7.355221 -36.971977 323.568939
vn -2.079930 -2.831637 3.350624
v -7.300745 -36.994755 323.766846
vn -6.130196 -1.363561 -0.133543
v -16.359894 -36.992023 313.040405
vn -6.088577 -1.544507 -0.148041
v -16.508595 -36.300064 312.048462
vn -6.069384 -1.617388 -0.157060
v -16.513630 -36.116970 310.263702
vn -6.043129 -1.712430 -0.162812
v -16.518713 -35.932194 308.462585
vn -6.019248 -1.793976 -0.169317
v -16.523794 -35.747417 306.661438
vn -5.991642 -1.883756 -0.173353
v -16.528877 -35.562641 304.860321
vn -6.137586 -1.331730 -0.145375
v -16.339819 -37.245960 314.552429
vn -6.117420 -1.425147 -0.151792
v -16.354671 -37.090389 313.729218
vn -6.111151 -1.453609 -0.135789
v -16.503557 -36.483162 313.833221
vn -6.127993 -1.379482 -0.151753
v -16.355925 -37.285927 315.511993
vn -6.137425 -1.338453 -0.123641
v -16.322001 -37.500340 316.064423
vn -6.142286 -1.315701 -0.136973
v -16.357180 -37.481464 317.294769
vn -3.013949 -1.197188 3.004438
v -16.196774 -38.046913 315.970917
vn -6.144481 -1.295689 -0.208382
v -16.081696 -38.742977 317.079193
vn -3.015554 -1.203291 2.976274
v -16.070412 -38.592224 315.877625
vn -6.133387 -1.325403 -0.320107
v -15.803099 -40.000340 316.864258
vn -3.009978 -1.207005 2.918304
v -15.632250 -40.443264 315.560760
vn -6.131863 -1.322329 -0.360502
v -15.662934 -40.627331 316.757080
vn -2.955722 -1.404492 2.943012
v -15.412350 -41.355373 315.404572
vn -6.148599 -1.287586 -0.120486
v -16.493484 -36.849354 317.402740
vn -6.127047 -1.385920 -0.129467
v -16.498522 -36.666260 315.617981
vn -2.629041 -2.111600 2.893323
v -15.067682 -42.187714 315.259705
vn -2.018859 -2.836242 2.770458
v -14.484949 -42.878300 315.134735
vn -4.371615 -4.356204 -1.050739
v -14.616190 -42.906563 315.785767
vn -3.460909 -5.083027 -1.088110
v -14.146075 -43.278408 315.718658
vn -2.227780 -5.703578 -1.256682
v -13.609944 -43.551117 315.674286
vn -1.238244 -5.980488 -1.279554
v -13.062661 -43.860340 316.357269
vn -1.153930 -5.997314 -1.337547
v -13.041284 -43.711559 315.654541
vn 0.081625 -6.111660 -1.333867
v -12.474729 -43.760185 315.658478
vn -0.304166 -3.590586 2.663103
v -12.837789 -43.597874 314.987762
vn 0.462047 -3.583046 2.571683
v -11.925630 -43.560337 314.979340
vn -1.203289 -3.350779 2.696164
v -13.718019 -43.363300 315.041199
vn 0.928141 -6.076985 -1.266634
v -11.945565 -43.767616 315.958984
vn 0.062853 -6.119474 -1.298630
v -12.492422 -43.909630 316.361389
vn -1.110887 -6.076784 -0.827347
v -13.074398 -43.941391 316.739960
vn 0.096950 -6.113292 -1.336850
v -12.502190 -43.991039 316.744232
vn 0.072262 -6.156285 -1.136432
v -12.512047 -44.072456 317.127045
vn 0.949027 -6.068974 -1.292591
v -11.966245 -43.974998 316.938599
vn 0.638316 -2.448923 -3.866404
v -2.021422 -41.438442 315.174896
vn 1.327868 -5.931489 -1.591325
v -1.896743 -41.756958 316.488525
vn 1.295346 -5.976821 -1.440284
v -4.038828 -42.217995 316.445862
vn 1.288427 -6.004207 -1.329265
v -6.189595 -42.672695 316.404419
vn 1.249956 -6.023579 -1.277415
v -8.346785 -43.118622 316.364563
vn 0.707501 -3.520218 2.444910
v -6.231001 -42.388649 315.083679
vn 0.688278 -3.530630 2.475392
v -8.355360 -42.842041 315.042023
vn 1.231622 -6.034674 -1.242530
v -10.507343 -43.554420 316.326416
vn 0.666681 -3.536775 2.481960
v -10.485845 -43.277023 315.003571
vn 3.745867 -2.379611 -0.636022
v -4.987331 -42.114422 315.109528
vn 0.634443 -2.463138 -3.812728
v -4.552500 -42.017132 315.118805
vn 0.643126 -2.461541 -3.811493
v -4.118318 -41.919304 315.128204
vn -1.417468 -0.538738 1.102538
v -4.541448 -39.392719 318.120453
vn -1.378116 -0.605984 0.442330
v -4.485079 -39.375668 318.259430
vn -1.380790 -0.562007 -0.071777
v -4.464701 -39.385201 318.397186
vn -1.394445 -0.436138 -0.572134
v -4.480701 -39.421139 318.531128
vn -1.454083 -0.157983 -1.172767
v -4.532776 -39.482796 318.658661
vn -2.144166 3.572536 3.383761
v -3.330257 -39.841736 325.652710
vn 0.650650 -3.690157 4.832586
v -5.892648 -36.971771 323.478241
vn 0.096431 -1.001651 5.985067
v -5.797265 -37.433071 323.263641
vn -0.508313 2.066515 5.683737
v -5.697623 -37.938599 323.313293
vn -0.976841 4.580852 3.859502
v -5.620422 -38.352894 323.613892
vn -1.183625 5.867757 1.001116
v -5.586349 -38.564949 324.084869
vn -1.073263 5.582450 -2.125590
v -5.604532 -38.517941 324.600037
vn -0.739129 4.108099 -4.518060
v -5.670100 -38.224468 325.021362
vn 1.116360 -5.790276 2.120799
v -5.958216 -36.678299 323.899597
vn -2.434687 -3.578776 2.101024
v -7.219530 -36.882256 324.042114
vn -2.122505 -3.575738 1.818920
v -7.075154 -36.839050 324.311462
vn 1.213964 -5.919847 -1.531398
v -5.976399 -36.631294 324.414764
vn -1.284857 -3.258650 1.421281
v -6.593922 -36.906681 324.786560
vn -0.362984 -2.258087 0.722595
v -5.988430 -37.058121 325.069916
vn 1.017462 -4.532372 -4.184442
v -5.942325 -36.843346 324.885742
vn -5.601906 -1.498375 2.172610
v -7.437400 -36.034763 324.040894
vn -4.249728 -1.581847 4.237655
v -7.001925 -36.057339 324.688049
vn -2.195410 -1.408135 5.625776
v -6.358731 -36.002403 325.126526
vn -1.478377 -0.036987 -1.152205
v -6.400316 -30.224552 320.238251
vn -1.489841 0.035925 -0.491561
v -6.337157 -30.217844 320.101349
vn -1.492345 -0.009153 0.022512
v -6.317438 -30.200340 319.964264
vn -1.473427 -0.133928 0.522996
v -6.341535 -30.172373 319.829651
vn -1.441941 -0.417718 1.123179
v -6.408988 -30.134476 319.700073
vn 2.532621 1.165976 2.260948
v -3.185048 -26.860096 310.535278
vn 1.884320 1.918415 2.461166
v -3.642233 -26.355909 310.627014
vn 4.997209 3.625570 -0.900531
v -3.781697 -26.726286 307.909058
vn 5.094919 3.508563 -0.767986
v -4.426278 -26.524569 304.750702
vn 5.140336 3.474390 -0.643735
v -4.762395 -26.390841 302.928314
vn 3.100878 2.266780 2.790492
v -5.158319 -26.366610 299.829651
vn 2.562281 3.523631 2.680106
v -5.350130 -26.037884 299.713043
vn 3.900571 4.806969 -0.276975
v -5.199644 -25.877197 303.049438
vn 1.755581 4.798368 2.422417
v -5.859844 -25.517237 299.387024
vn 2.120191 5.826140 0.113447
v -5.783821 -25.546024 303.182037
vn 0.857776 5.602796 2.056598
v -6.437510 -25.192225 299.037567
vn 1.997579 5.865034 0.058256
v -5.474656 -25.678425 305.019012
vn 1.786766 5.930409 -0.026978
v -4.875979 -25.879286 308.202789
vn 3.685545 4.945788 -0.507232
v -4.252652 -26.198883 308.045654
vn 3.814891 4.861265 -0.389966
v -4.875888 -26.005678 304.877594
vn -2.778860 -1.381591 2.951979
v -14.859424 -44.751568 314.827240
vn 2.997482 -0.235647 3.067336
v -4.856484 -42.763088 314.998871
vn -1.258872 -1.566348 -1.836275
v -14.529496 -45.923428 309.961243
vn -2.468077 -3.649928 -0.575635
v -14.516564 -46.066635 310.815918
vn -2.468114 -3.649441 -0.578336
v -14.504378 -46.209988 311.670532
vn -3.417045 -1.196312 2.971403
v -15.423836 -41.703094 312.963593
vn -2.276626 -3.632143 -0.269104
v -14.492936 -46.353493 312.525177
vn -3.647011 -0.018134 2.934679
v -15.367113 -41.990040 312.972534
vn -3.849648 1.062842 2.439217
v -15.317550 -42.252213 313.092712
vn -3.999531 1.874200 1.559091
v -15.282733 -42.449711 313.305847
vn -4.067142 2.292624 0.435037
v -15.268006 -42.552467 313.579437
vn -2.122227 -3.480880 0.637707
v -14.513141 -46.333157 313.304993
vn -4.036635 2.261235 -0.765132
v -15.275629 -42.544853 313.871887
vn -3.918430 1.780329 -1.863986
v -15.304423 -42.428013 314.138641
vn -2.236951 -2.999484 1.730554
v -14.590014 -46.022030 314.015747
vn -3.737188 0.921019 -2.688115
v -15.349962 -42.219734 314.339081
vn -3.515096 -0.177960 -3.112547
v -15.405272 -41.951714 314.442719
vn -2.420616 -2.143476 2.551539
v -14.711499 -45.467735 314.549927
vn -3.068827 -2.431242 -2.582782
v -15.511278 -41.402538 314.313599
vn -3.278570 -1.352800 -3.076399
v -15.461912 -41.664749 314.433777
vn -3.187536 -2.295762 2.546367
v -15.479063 -41.435055 313.067230
vn -2.999017 -3.154104 1.720096
v -15.524405 -41.226738 313.267670
vn -2.888240 -3.635259 0.619221
v -15.553002 -41.109859 313.534424
vn -2.865175 -3.665973 -0.581580
v -15.560543 -41.102226 313.826874
vn -2.926097 -3.244378 -1.704533
v -15.545898 -41.205002 314.100494
vn 1.821823 -0.953213 -1.781736
v -4.539531 -43.937527 310.132660
vn 3.057696 3.505760 -1.001095
v -5.285596 -40.530106 314.137329
vn 3.256680 2.615218 -2.279641
v -5.334772 -40.310001 314.453339
vn 3.546129 1.215374 -2.930868
v -5.406310 -39.964027 314.614288
vn 2.971013 -1.073959 2.659040
v -4.709638 -43.477940 314.722473
vn 3.155372 -1.930193 1.835452
v -4.589986 -44.033707 314.187897
vn 3.269682 -2.410976 0.739492
v -4.515745 -44.345779 313.476532
vn 3.002517 3.648404 0.562206
v -5.271959 -40.565361 313.750946
vn 3.499979 -2.484610 -0.161481
v -4.498216 -44.366650 312.696655
vn 3.105942 3.004916 1.991429
v -5.297514 -40.406322 313.397705
vn 3.340186 1.747702 2.903570
v -5.355415 -40.095600 313.172272
vn 3.642558 0.213668 3.054206
v -5.430146 -39.716457 313.135040
vn 3.932014 -1.186181 2.402986
v -5.501684 -39.370480 313.295990
vn 4.130965 -2.076734 1.124422
v -5.550859 -39.150375 313.612000
vn 4.186153 -2.219364 -0.438892
v -5.564497 -39.115120 313.998383
vn 4.082764 -1.575877 -1.868105
v -5.538941 -39.274162 314.351624
vn 3.848493 -0.318676 -2.780221
v -5.481041 -39.584881 314.577057
vn 3.699688 -2.692835 0.233186
v -6.667989 -29.647671 268.620148
vn 3.695068 -2.465485 -0.083937
v -6.740920 -30.067179 277.731781
vn 1.860109 -1.160505 -1.611052
v -2.831287 -37.916904 253.732910
vn 2.380023 -3.984045 -2.127635
v -3.448256 -38.039551 253.722321
vn 3.075597 0.456459 -3.773294
v -4.893249 -30.798361 254.044144
vn -2.324805 -3.093891 0.721499
v -20.495430 -32.396420 268.382935
vn -2.418748 -3.805516 0.212560
v -16.833691 -32.017853 276.306244
vn -2.353956 -3.799704 0.585791
v -17.054449 -32.008312 275.100433
vn -2.262460 -3.783004 0.904692
v -17.406693 -32.026752 273.933685
vn -2.138490 -3.781328 1.197856
v -17.872002 -32.069103 272.797363
vn -2.000150 -3.749057 1.467936
v -19.068123 -32.209301 270.581329
vn 4.940958 -0.548057 -1.558196
v -6.782152 -30.304356 282.883209
vn 4.186164 -2.219352 -0.438935
v -6.022146 -34.361752 285.597046
vn 4.082695 -1.575947 -1.868088
v -5.996591 -34.520790 285.950256
vn 3.848571 -0.318731 -2.780183
v -5.938690 -34.831512 286.175720
vn 3.546130 1.215362 -2.930872
v -5.863959 -35.210655 286.212952
vn 1.871738 -1.471724 1.316369
v -4.905015 -40.141434 287.451019
vn 3.256680 2.615214 -2.279660
v -5.792421 -35.556633 286.052002
vn 3.057700 3.505767 -1.001077
v -5.743246 -35.776737 285.735992
vn 3.814124 -2.421392 -0.272596
v -4.944892 -39.727249 284.976288
vn 3.002509 3.648397 0.562225
v -5.729608 -35.811989 285.349609
vn 3.105946 3.004916 1.991427
v -5.755164 -35.652950 284.996368
vn 1.860090 -1.160500 -1.611051
v -4.924828 -39.611839 282.469543
vn 3.340193 1.747702 2.903568
v -5.813064 -35.342228 284.770935
vn 3.642567 0.213667 3.054206
v -5.887795 -34.963085 284.733704
vn 3.932021 -1.186179 2.402981
v -5.959332 -34.617107 284.894653
vn 4.130976 -2.076726 1.124414
v -6.008508 -34.397003 285.210663
vn -2.423452 -3.841680 -0.084205
v -19.024391 -31.524662 255.373062
vn -2.339722 -3.864333 0.547306
v -18.838884 -31.552845 256.840088
vn -2.133966 -3.870027 1.141273
v -18.367361 -31.521042 258.241608
vn 0.764587 -4.085350 2.772237
v -11.765059 -30.541481 265.845398
vn 2.194191 -3.735978 2.426448
v -12.256473 -30.645161 265.971832
vn 3.266229 -3.342546 1.410350
v -12.618371 -30.733477 266.334045
vn -1.784638 -4.346589 1.323674
v -10.919801 -30.395819 266.363190
vn -0.677746 -4.306920 2.377160
v -11.275803 -30.450214 265.988647
vn -1.936375 -3.866325 -1.670632
v -10.927856 -30.442156 267.369598
vn -2.259068 -4.188921 -0.150237
v -10.792444 -30.392870 266.868652
vn 0.668087 -3.083658 -3.212815
v -11.781169 -30.634151 267.858246
vn -0.865283 -3.460064 -2.807822
v -11.289755 -30.530472 267.731812
vn 2.214663 -2.847841 -2.754975
v -12.270425 -30.725418 267.714996
vn 3.321554 -2.821097 -1.580397
v -12.626426 -30.779814 267.340454
vn 3.692702 -3.005778 -0.048110
v -12.753783 -30.782763 266.834991
vn -0.675285 3.801207 -4.682728
v -10.803383 -36.552757 285.966034
vn -0.096384 1.001521 -5.985169
v -10.874921 -36.206783 286.126953
vn 0.508294 -2.066377 -5.683807
v -10.949652 -35.827637 286.089722
vn 0.976818 -4.580745 -3.859613
v -11.007552 -35.516914 285.864288
vn 1.183619 -5.867737 -1.001184
v -11.033108 -35.357876 285.511078
vn 1.073270 -5.582498 2.125517
v -11.019470 -35.393131 285.124695
vn 0.675338 -3.801403 4.682640
v -10.970294 -35.613235 284.808685
vn 0.096449 -1.001711 5.985073
v -10.898757 -35.959209 284.647736
vn -0.508286 2.066387 5.683798
v -10.824026 -36.338356 284.684967
vn -0.976827 4.580789 3.859535
v -10.766126 -36.649075 284.910400
vn -1.183625 5.867767 1.001113
v -10.740570 -36.808117 285.263641
vn -1.073274 5.582495 -2.125519
v -10.754208 -36.772861 285.650024
vn 0.191106 -2.451162 -2.426427
v -8.147276 -38.726696 248.084763
vn 1.951349 -2.550020 -2.925309
v -7.278262 -38.569820 248.456863
vn -2.140888 -3.268208 1.272889
v -8.185398 -38.945980 252.847610
vn 2.310222 -2.487206 -2.709219
v -6.464018 -38.429119 248.946960
vn -2.326619 -3.307966 0.906497
v -7.733570 -38.897137 253.777252
vn 2.635442 -2.438496 -2.449703
v -5.718919 -38.307041 249.545685
vn -2.489417 -3.311872 0.183082
v -7.505783 -38.896488 254.785477
vn 2.925345 -2.393317 -2.145158
v -5.056016 -38.205666 250.241119
vn 3.169297 -2.357032 -1.808654
v -4.488297 -38.127048 251.021225
vn 3.368196 -2.338256 -1.445537
v -4.026423 -38.072704 251.872330
vn 3.518298 -2.325342 -1.055545
v -3.677483 -38.043335 252.778198
vn -2.480553 -3.300772 -0.540456
v -7.514056 -38.944077 255.819077
vn -2.298280 -3.284903 -1.262295
v -7.757952 -39.037388 256.823517
vn -2.093367 -3.290358 -1.625583
v -8.224605 -39.171501 257.745819
vn -0.688497 3.799282 -4.685362
v -10.334253 -41.303844 314.367554
vn -0.107614 0.999816 -5.987161
v -10.405790 -40.957870 314.528503
vn 0.495160 -2.068635 -5.686546
v -10.480522 -40.578724 314.491272
vn 0.964215 -4.585846 -3.860247
v -10.538422 -40.268005 314.265839
vn 1.172847 -5.871844 -1.001622
v -10.563977 -40.108963 313.912598
vn -1.086882 5.582361 -2.125389
v -10.285077 -41.523949 314.051544
vn -1.195152 5.867418 1.001215
v -10.271440 -41.559204 313.665161
vn -0.990441 4.580630 3.859780
v -10.296995 -41.400166 313.311920
vn -0.521381 2.063408 5.686105
v -10.354896 -41.089443 313.086487
vn 0.085319 -1.004231 5.986778
v -10.429626 -40.710300 313.049255
vn 0.662269 -3.804482 4.684916
v -10.501164 -40.364323 313.210205
vn 1.060649 -5.587577 2.124939
v -10.550340 -40.144218 313.526215
vn 5.795827 0.635397 -2.278104
v -5.283607 -30.798361 252.644562
vn 5.218696 0.606648 -3.405505
v -5.947330 -30.798361 251.352020
vn 4.429904 0.549956 -4.392367
v -6.857324 -30.798361 250.219284
vn 3.455702 0.466204 -5.203573
v -7.976440 -30.798361 249.292572
vn 2.336986 0.363888 -5.800596
v -9.258993 -30.798361 248.609741
vn 1.120749 0.247677 -6.156807
v -10.652625 -30.798361 248.198654
vn -0.141349 0.123022 -6.256493
v -12.100444 -30.798361 248.076111
vn -1.216688 0.006494 -6.149450
v -13.543346 -30.798361 248.247086
vn -1.259169 0.021327 -6.148973
v -13.646065 -29.765574 248.271561
vn -1.257529 0.028054 -6.149635
v -13.748614 -28.732788 248.296814
vn -0.730142 -2.386093 -3.156089
v -8.892300 -38.304932 247.919998
vn -1.050395 -2.445549 -3.228511
v -9.740532 -37.828732 247.811508
vn -1.397699 -2.503837 -3.266683
v -10.682872 -37.304497 247.786041
vn -1.796088 -2.579444 -3.261718
v -11.716645 -36.735107 247.871185
vn -2.242294 -2.660671 -3.192247
v -12.892269 -36.094994 248.114639
vn -2.733667 -2.745172 -3.032769
v -14.172943 -35.407726 248.578903
vn -3.248187 -2.846367 -2.755434
v -15.466068 -34.726837 249.306366
vn -3.705965 -2.976045 -2.380534
v -16.634478 -34.127510 250.278488
vn -3.988429 -3.072136 -2.054832
v -17.141016 -33.874985 250.844559
vn -4.164690 -3.117255 -1.793901
v -17.574516 -33.664490 251.440292
vn -4.311020 -3.157925 -1.521852
v -17.935135 -33.495529 252.057617
vn -4.426458 -3.193608 -1.245860
v -18.222572 -33.367786 252.686890
vn -4.510984 -3.223912 -0.975851
v -18.428980 -33.283577 253.287796
vn -4.577172 -3.223277 -0.681827
v -18.563498 -33.236847 253.840881
vn -4.615915 -3.237614 -0.357006
v -18.676943 -33.221130 254.776596
vn -4.614852 -3.292441 -0.094181
v -18.683105 -33.241096 255.239868
vn -4.604807 -3.261917 0.169257
v -18.647867 -33.287792 255.777496
vn -4.569178 -3.271206 0.409573
v -18.552576 -33.371094 256.380035
vn -4.472648 -3.246400 0.805367
v -18.379284 -33.500370 257.035858
vn -4.255788 -3.196195 1.329275
v -17.823702 -33.872200 258.294006
vn -3.734568 -2.956934 -2.342982
v -8.971923 -38.800575 258.613342
vn -2.268662 -2.878775 -2.132071
v -8.703215 -30.798361 258.350769
vn -1.619279 -2.895627 -2.661121
v -9.654986 -30.798361 259.119324
vn -2.752848 -2.893961 -1.457049
v -7.993612 -30.798361 257.354248
vn -3.048634 -2.904416 -0.642295
v -7.578622 -30.798361 256.203430
vn -3.107407 -2.883849 0.201719
v -7.488914 -30.798361 254.983398
vn -2.939370 -2.876703 1.025596
v -7.731117 -30.798361 253.784271
vn -2.555902 -2.879281 1.777788
v -8.287333 -30.798361 252.694687
vn -3.826364 -2.932091 1.975767
v -8.841387 -38.541260 252.041733
vn -1.982311 -2.883729 2.401269
v -9.116453 -30.798361 251.795166
vn -3.295849 -2.918957 2.438437
v -9.664732 -38.052345 251.407791
vn -1.261597 -2.885730 2.846959
v -10.157203 -30.798361 251.152206
vn -2.666941 -2.911858 2.773381
v -10.611530 -37.505310 250.979614
vn -0.447081 -2.884639 3.081617
v -11.332665 -30.798361 250.813293
vn -1.971831 -2.912177 2.957605
v -11.631298 -36.929317 250.780029
vn 0.401597 -2.878654 3.087329
v -12.555968 -30.798361 250.803497
vn -1.247326 -2.922143 2.976825
v -12.669660 -36.355083 250.819656
vn -0.539221 -2.933772 2.829004
v -13.671247 -35.813229 251.096405
vn 1.211636 -2.879661 2.868039
v -13.736706 -30.798361 251.123550
vn 0.139319 -2.933685 2.508362
v -14.582655 -35.332645 251.595505
vn 1.940755 -2.889756 2.435793
v -14.787614 -30.798361 251.749771
vn 0.727205 -2.938255 2.029018
v -15.355284 -34.938957 252.290344
vn 2.526486 -2.895950 1.822119
v -15.631026 -30.798361 252.635895
vn 1.186122 -2.946585 1.414828
v -15.947937 -34.653156 253.143875
vn 2.924685 -2.896831 1.072417
v -16.204611 -30.798361 253.716446
vn 1.483613 -2.956916 0.700176
v -16.329014 -34.490482 254.110596
vn 3.105142 -2.891425 0.242724
v -16.465979 -30.798361 254.911545
vn 1.596634 -2.967013 -0.070625
v -16.478191 -34.459610 255.138962
vn 3.055158 -2.883526 -0.601899
v -16.395811 -30.798361 256.132874
vn 1.517110 -2.970230 -0.842006
v -16.387520 -34.562183 256.174103
vn 1.258721 -2.955066 -1.556915
v -16.061831 -34.792740 257.160858
vn 2.782712 -2.885010 -1.397638
v -15.999296 -30.798361 257.290161
vn 0.837443 -2.933588 -2.186625
v -15.518492 -35.138977 258.046600
vn 2.302364 -2.890985 -2.097445
v -15.305737 -30.798361 258.297913
vn 0.283778 -2.919418 -2.690703
v -14.786474 -35.582439 258.784119
vn 1.659259 -2.901406 -2.637088
v -14.366389 -30.798361 259.081604
vn -2.481386 1.141096 2.932859
v -16.327635 -29.842913 296.690155
vn -2.834011 2.457410 -1.726189
v -15.845128 -31.166162 306.842224
vn -2.526417 2.394360 1.986386
v -16.312811 -30.255913 297.002075
vn -2.936033 3.124028 0.263587
v -15.915451 -31.552111 305.362610
vn -2.782682 2.981678 -0.645492
v -15.878467 -31.506458 306.140747
vn -2.837213 3.002866 0.962811
v -16.290167 -30.457386 297.478485
vn -2.871959 1.559001 -2.524222
v -15.820509 -30.583029 307.360199
vn -2.890722 0.423311 -2.918072
v -15.808358 -29.845835 307.615845
vn -2.887354 -0.776864 -2.847819
v -15.810525 -29.066809 307.570251
vn -2.862433 -1.858777 -2.324138
v -15.826680 -28.364553 307.230347
vn -2.819831 -2.657707 -1.426766
v -15.854364 -27.845980 306.647858
vn -2.976626 -3.039814 -0.590339
v -15.889362 -27.590036 305.911499
vn -2.877574 -3.114639 0.115194
v -16.264078 -26.495314 298.027405
vn -2.560844 -2.811541 1.264832
v -16.288465 -26.559326 297.514313
vn -2.501287 -1.863832 2.516220
v -16.308064 -26.871597 297.101929
vn -2.737366 -0.832154 3.135532
v -16.317625 -27.348452 296.900787
vn 3.199326 -2.953347 -0.204641
v -7.553253 -23.910137 273.489777
vn 1.624907 1.698937 1.635611
v -7.554873 -26.025745 269.525360
vn 0.687873 2.543222 3.316110
v -13.470321 -28.296545 264.278595
vn 2.261086 4.135184 0.655654
v -13.167585 -28.731356 267.184998
vn 1.838304 4.306336 -0.847451
v -13.028255 -28.787762 267.680328
vn 0.731393 4.273148 -1.961479
v -12.663489 -28.776819 268.047455
vn -0.763054 4.044461 -2.387937
v -12.171025 -28.701458 268.187988
vn -2.244523 3.681534 -2.012553
v -11.682819 -28.581871 268.064270
vn -3.316135 3.281704 -0.935906
v -11.329686 -28.450106 267.709473
vn -3.690684 2.952041 0.553529
v -11.206246 -28.341463 267.218658
vn -1.717015 2.065126 3.274842
v -10.997036 -27.804884 264.321014
vn -0.921759 2.185669 3.508689
v -11.814919 -27.928833 264.080536
vn -2.161014 2.814068 3.170665
v -11.710343 -28.296001 266.356201
vn -3.267884 2.780852 2.056623
v -11.345576 -28.285057 266.723328
vn -0.666551 3.042772 3.597133
v -12.202806 -28.371363 266.215668
vn -0.100291 2.348955 3.522771
v -12.659737 -28.096773 264.066040
vn 0.814936 3.405619 3.221724
v -12.691012 -28.490948 266.339386
vn 1.886487 3.805492 2.145090
v -13.044147 -28.622715 266.694183
vn -0.258335 -0.394299 0.073644
v -8.799883 -24.374399 272.928009
vn -0.366543 -0.320578 0.061723
v -8.678093 -24.476995 272.935425
vn -0.453948 -0.181405 0.044573
v -8.594378 -24.609074 272.941010
vn -0.477287 -0.017544 0.038680
v -8.578726 -24.684076 272.942078
vn -0.410054 0.124311 0.035008
v -8.585221 -24.759918 272.941650
vn -0.297803 0.250731 0.039795
v -8.653740 -24.894703 272.937012
# 3424 vertices, 0 vertices normals


usemtl material_0
f 1//1 2//2 3//3
f 3//3 2//2 4//4
f 4//4 2//2 5//5
f 4//4 5//5 6//6
f 7//7 8//8 9//9
f 9//9 8//8 10//10
f 9//9 10//10 11//11
f 11//11 10//10 12//12
f 11//11 12//12 13//13
f 13//13 12//12 14//14
f 13//13 14//14 15//15
f 15//15 14//14 16//16
f 15//15 16//16 17//17
f 17//17 16//16 18//18
f 17//17 18//18 19//19
f 19//19 18//18 20//20
f 19//19 20//20 21//21
f 21//21 20//20 22//22
f 21//21 22//22 23//23
f 23//23 22//22 24//24
f 23//23 24//24 25//25
f 25//25 24//24 26//26
f 25//25 26//26 27//27
f 27//27 26//26 28//28
f 27//27 28//28 29//29
f 29//29 28//28 30//30
f 29//29 30//30 7//7
f 7//7 30//30 8//8
f 31//31 32//32 33//33
f 33//33 32//32 34//34
f 33//33 34//34 35//35
f 36//36 37//37 35//35
f 35//35 37//37 38//38
f 35//35 38//38 33//33
f 39//39 40//40 41//41
f 41//41 40//40 42//42
f 42//42 40//40 43//43
f 42//42 43//43 44//44
f 44//44 43//43 40//40
f 45//45 46//46 47//47
f 47//47 46//46 48//48
f 47//47 48//48 49//49
f 47//47 49//49 50//50
f 50//50 49//49 51//51
f 50//50 51//51 52//52
f 53//53 54//54 55//55
f 55//55 54//54 56//56
f 55//55 56//56 57//57
f 57//57 56//56 58//58
f 58//58 56//56 59//59
f 59//59 56//56 60//60
f 60//60 56//56 61//61
f 61//61 56//56 54//54
f 62//62 63//63 64//64
f 64//64 63//63 65//65
f 64//64 65//65 66//66
f 64//64 66//66 67//67
f 67//67 66//66 68//68
f 67//67 68//68 69//69
f 70//70 71//71 72//72
f 72//72 71//71 73//73
f 72//72 73//73 74//74
f 75//75 76//76 70//70
f 70//70 76//76 77//77
f 70//70 77//77 71//71
f 75//75 78//78 76//76
f 71//71 79//79 73//73
f 72//72 74//74 80//80
f 80//80 74//74 81//81
f 80//80 81//81 82//82
f 82//82 81//81 83//83
f 82//82 83//83 84//84
f 84//84 83//83 85//85
f 84//84 85//85 86//86
f 86//86 85//85 87//87
f 87//87 85//85 88//88
f 87//87 88//88 89//89
f 89//89 88//88 90//90
f 89//89 90//90 91//91
f 91//91 90//90 92//92
f 91//91 92//92 93//93
f 93//93 92//92 94//94
f 93//93 94//94 95//95
f 95//95 94//94 96//96
f 95//95 96//96 97//97
f 97//97 98//98 95//95
f 95//95 98//98 99//99
f 99//99 98//98 100//100
f 99//99 100//100 101//101
f 101//101 100//100 102//102
f 102//102 100//100 103//103
f 102//102 103//103 104//104
f 104//104 103//103 105//105
f 104//104 105//105 106//106
f 107//107 108//108 101//101
f 101//101 108//108 99//99
f 108//108 109//109 99//99
f 99//99 109//109 110//110
f 72//72 80//80 111//111
f 111//111 80//80 112//112
f 111//111 112//112 113//113
f 113//113 112//112 114//114
f 114//114 112//112 115//115
f 114//114 115//115 116//116
f 114//114 116//116 117//117
f 117//117 116//116 118//118
f 117//117 118//118 119//119
f 119//119 118//118 120//120
f 119//119 120//120 121//121
f 121//121 120//120 122//122
f 121//121 122//122 123//123
f 123//123 122//122 124//124
f 123//123 124//124 125//125
f 125//125 124//124 126//126
f 125//125 126//126 127//127
f 127//127 126//126 128//128
f 128//128 126//126 129//129
f 129//129 126//126 130//130
f 129//129 130//130 131//131
f 131//131 130//130 132//132
f 131//131 132//132 133//133
f 134//134 135//135 130//130
f 130//130 135//135 136//136
f 130//130 136//136 137//137
f 137//137 132//132 130//130
f 138//138 139//139 133//133
f 133//133 139//139 140//140
f 133//133 140//140 131//131
f 138//138 141//141 139//139
f 111//111 142//142 72//72
f 72//72 142//142 143//143
f 72//72 143//143 144//144
f 142//142 145//145 143//143
f 144//144 146//146 72//72
f 78//78 147//147 76//76
f 76//76 147//147 148//148
f 76//76 148//148 149//149
f 149//149 148//148 150//150
f 149//149 150//150 151//151
f 151//151 150//150 152//152
f 151//151 152//152 153//153
f 153//153 152//152 154//154
f 154//154 152//152 155//155
f 154//154 155//155 156//156
f 156//156 155//155 157//157
f 157//157 155//155 158//158
f 157//157 158//158 159//159
f 159//159 158//158 160//160
f 160//160 158//158 161//161
f 161//161 158//158 162//162
f 147//147 163//163 148//148
f 148//148 163//163 164//164
f 148//148 164//164 150//150
f 150//150 164//164 165//165
f 150//150 165//165 155//155
f 155//155 165//165 40//40
f 155//155 40//40 158//158
f 158//158 40//40 39//39
f 163//163 166//166 164//164
f 164//164 166//166 167//167
f 164//164 167//167 165//165
f 165//165 167//167 168//168
f 165//165 168//168 40//40
f 40//40 168//168 44//44
f 166//166 168//168 167//167
f 151//151 169//169 149//149
f 149//149 169//169 77//77
f 149//149 77//77 76//76
f 79//79 71//71 169//169
f 169//169 71//71 77//77
f 155//155 152//152 150//150
f 101//101 170//170 107//107
f 107//107 170//170 171//171
f 107//107 171//171 172//172
f 172//172 171//171 173//173
f 172//172 173//173 174//174
f 174//174 173//173 175//175
f 174//174 175//175 176//176
f 176//176 175//175 170//170
f 176//176 170//170 102//102
f 102//102 170//170 101//101
f 102//102 104//104 176//176
f 176//176 104//104 106//106
f 176//176 106//106 177//177
f 176//176 177//177 178//178
f 178//178 177//177 179//179
f 178//178 179//179 180//180
f 180//180 179//179 181//181
f 180//180 181//181 182//182
f 182//182 181//181 183//183
f 182//182 183//183 184//184
f 184//184 183//183 185//185
f 184//184 185//185 186//186
f 186//186 185//185 187//187
f 186//186 187//187 188//188
f 188//188 187//187 189//189
f 188//188 189//189 190//190
f 190//190 189//189 191//191
f 190//190 191//191 192//192
f 192//192 191//191 193//193
f 192//192 193//193 194//194
f 194//194 193//193 195//195
f 194//194 195//195 196//196
f 196//196 195//195 197//197
f 196//196 197//197 198//198
f 198//198 197//197 199//199
f 198//198 199//199 200//200
f 200//200 199//199 201//201
f 200//200 201//201 202//202
f 202//202 201//201 203//203
f 202//202 203//203 204//204
f 204//204 203//203 205//205
f 204//204 205//205 206//206
f 179//179 207//207 181//181
f 181//181 207//207 208//208
f 181//181 208//208 183//183
f 183//183 208//208 209//209
f 183//183 209//209 185//185
f 185//185 209//209 187//187
f 195//195 210//210 207//207
f 207//207 210//210 211//211
f 207//207 211//211 208//208
f 208//208 211//211 209//209
f 162//162 212//212 197//197
f 197//197 212//212 213//213
f 197//197 213//213 199//199
f 199//199 213//213 214//214
f 199//199 214//214 215//215
f 215//215 214//214 216//216
f 215//215 216//216 217//217
f 217//217 216//216 218//218
f 217//217 218//218 219//219
f 219//219 218//218 220//220
f 220//220 218//218 221//221
f 220//220 221//221 222//222
f 222//222 221//221 223//223
f 222//222 223//223 39//39
f 39//39 223//223 158//158
f 158//158 223//223 224//224
f 158//158 224//224 225//225
f 225//225 224//224 226//226
f 225//225 226//226 227//227
f 227//227 226//226 216//216
f 227//227 216//216 214//214
f 158//158 225//225 162//162
f 162//162 225//225 228//228
f 162//162 228//228 212//212
f 212//212 228//228 227//227
f 212//212 227//227 214//214
f 41//41 229//229 39//39
f 39//39 229//229 230//230
f 39//39 230//230 231//231
f 232//232 233//233 41//41
f 41//41 233//233 229//229
f 233//233 234//234 229//229
f 231//231 235//235 39//39
f 39//39 235//235 236//236
f 39//39 236//236 222//222
f 219//219 237//237 217//217
f 217//217 237//237 238//238
f 217//217 238//238 215//215
f 215//215 238//238 201//201
f 215//215 201//201 199//199
f 237//237 205//205 238//238
f 238//238 205//205 203//203
f 238//238 203//203 201//201
f 239//239 240//240 206//206
f 206//206 240//240 241//241
f 206//206 241//241 204//204
f 204//204 241//241 242//242
f 204//204 242//242 202//202
f 202//202 242//242 243//243
f 202//202 243//243 200//200
f 200//200 243//243 244//244
f 200//200 244//244 198//198
f 198//198 244//244 196//196
f 186//186 188//188 239//239
f 239//239 188//188 245//245
f 239//239 245//245 246//246
f 246//246 245//245 247//247
f 246//246 247//247 248//248
f 248//248 247//247 249//249
f 248//248 249//249 243//243
f 243//243 249//249 244//244
f 184//184 186//186 250//250
f 250//250 186//186 172//172
f 250//250 172//172 251//251
f 251//251 172//172 174//174
f 251//251 174//174 252//252
f 252//252 174//174 178//178
f 252//252 178//178 180//180
f 239//239 246//246 240//240
f 240//240 246//246 248//248
f 240//240 248//248 242//242
f 242//242 248//248 243//243
f 195//195 193//193 210//210
f 210//210 193//193 191//191
f 210//210 191//191 211//211
f 211//211 191//191 189//189
f 211//211 189//189 209//209
f 209//209 189//189 187//187
f 178//178 174//174 176//176
f 170//170 175//175 171//171
f 171//171 175//175 173//173
f 252//252 180//180 182//182
f 251//251 252//252 250//250
f 250//250 252//252 182//182
f 250//250 182//182 184//184
f 196//196 244//244 194//194
f 194//194 244//244 249//249
f 194//194 249//249 192//192
f 192//192 249//249 247//247
f 192//192 247//247 190//190
f 190//190 247//247 245//245
f 190//190 245//245 188//188
f 214//214 213//213 212//212
f 225//225 227//227 228//228
f 218//218 216//216 226//226
f 223//223 221//221 224//224
f 224//224 221//221 226//226
f 221//221 218//218 226//226
f 241//241 240//240 242//242
f 253//253 254//254 255//255
f 255//255 254//254 256//256
f 255//255 256//256 257//257
f 257//257 256//256 258//258
f 258//258 256//256 259//259
f 254//254 253//253 260//260
f 260//260 253//253 261//261
f 260//260 261//261 262//262
f 262//262 261//261 263//263
f 262//262 263//263 264//264
f 264//264 263//263 265//265
f 264//264 265//265 266//266
f 266//266 265//265 267//267
f 266//266 267//267 268//268
f 268//268 267//267 269//269
f 269//269 267//267 270//270
f 269//269 270//270 271//271
f 271//271 270//270 272//272
f 271//271 272//272 273//273
f 273//273 272//272 274//274
f 273//273 274//274 275//275
f 275//275 274//274 276//276
f 275//275 276//276 277//277
f 277//277 276//276 278//278
f 277//277 278//278 279//279
f 279//279 280//280 277//277
f 46//46 45//45 281//281
f 281//281 45//45 282//282
f 281//281 282//282 283//283
f 283//283 282//282 284//284
f 283//283 284//284 285//285
f 285//285 284//284 286//286
f 285//285 286//286 259//259
f 259//259 286//286 258//258
f 287//287 288//288 289//289
f 289//289 288//288 290//290
f 289//289 290//290 291//291
f 289//289 291//291 292//292
f 292//292 291//291 293//293
f 292//292 293//293 294//294
f 294//294 293//293 295//295
f 294//294 295//295 296//296
f 296//296 295//295 297//297
f 296//296 297//297 298//298
f 298//298 297//297 299//299
f 298//298 299//299 300//300
f 300//300 299//299 301//301
f 300//300 301//301 302//302
f 302//302 301//301 303//303
f 302//302 303//303 304//304
f 304//304 303//303 305//305
f 304//304 305//305 306//306
f 306//306 305//305 307//307
f 306//306 307//307 308//308
f 308//308 307//307 309//309
f 308//308 309//309 310//310
f 310//310 309//309 311//311
f 312//312 309//309 313//313
f 313//313 309//309 307//307
f 313//313 307//307 314//314
f 314//314 307//307 305//305
f 314//314 305//305 303//303
f 314//314 303//303 315//315
f 315//315 303//303 301//301
f 315//315 301//301 316//316
f 316//316 301//301 317//317
f 317//317 301//301 299//299
f 317//317 299//299 318//318
f 318//318 299//299 319//319
f 318//318 319//319 320//320
f 297//297 321//321 299//299
f 299//299 321//321 322//322
f 299//299 322//322 323//323
f 323//323 322//322 324//324
f 295//295 325//325 297//297
f 297//297 325//325 326//326
f 297//297 326//326 321//321
f 325//325 295//295 327//327
f 327//327 295//295 293//293
f 327//327 293//293 291//291
f 327//327 291//291 328//328
f 328//328 291//291 290//290
f 328//328 290//290 329//329
f 330//330 331//331 323//323
f 323//323 331//331 319//319
f 323//323 319//319 299//299
f 31//31 33//33 330//330
f 330//330 33//33 38//38
f 330//330 38//38 331//331
f 331//331 38//38 37//37
f 332//332 333//333 334//334
f 334//334 333//333 335//335
f 334//334 335//335 336//336
f 337//337 338//338 332//332
f 332//332 338//338 339//339
f 332//332 339//339 333//333
f 338//338 337//337 340//340
f 340//340 337//337 341//341
f 340//340 341//341 342//342
f 342//342 341//341 343//343
f 343//343 341//341 344//344
f 343//343 344//344 345//345
f 345//345 344//344 346//346
f 345//345 346//346 347//347
f 347//347 346//346 348//348
f 348//348 346//346 349//349
f 348//348 349//349 350//350
f 350//350 349//349 351//351
f 351//351 349//349 352//352
f 351//351 352//352 353//353
f 353//353 352//352 354//354
f 353//353 354//354 355//355
f 355//355 354//354 356//356
f 355//355 356//356 357//357
f 357//357 356//356 358//358
f 357//357 358//358 359//359
f 359//359 358//358 360//360
f 360//360 358//358 361//361
f 360//360 361//361 362//362
f 362//362 361//361 334//334
f 362//362 334//334 336//336
f 363//363 364//364 365//365
f 365//365 364//364 366//366
f 365//365 366//366 367//367
f 367//367 366//366 368//368
f 367//367 368//368 369//369
f 369//369 368//368 370//370
f 369//369 370//370 371//371
f 369//369 371//371 372//372
f 372//372 371//371 373//373
f 372//372 373//373 374//374
f 374//374 373//373 375//375
f 374//374 375//375 376//376
f 376//376 375//375 335//335
f 376//376 335//335 333//333
f 355//355 357//357 377//377
f 377//377 357//357 378//378
f 377//377 378//378 379//379
f 377//377 379//379 380//380
f 380//380 379//379 363//363
f 380//380 363//363 365//365
f 350//350 381//381 348//348
f 348//348 381//381 382//382
f 382//382 381//381 383//383
f 383//383 381//381 384//384
f 383//383 384//384 385//385
f 385//385 384//384 386//386
f 385//385 386//386 387//387
f 387//387 386//386 372//372
f 372//372 386//386 369//369
f 388//388 389//389 390//390
f 390//390 389//389 391//391
f 392//392 393//393 394//394
f 394//394 393//393 395//395
f 394//394 395//395 396//396
f 396//396 395//395 397//397
f 396//396 397//397 398//398
f 397//397 395//395 399//399
f 399//399 395//395 400//400
f 399//399 400//400 401//401
f 401//401 400//400 402//402
f 402//402 400//400 403//403
f 402//402 403//403 404//404
f 404//404 403//403 405//405
f 404//404 405//405 406//406
f 406//406 405//405 407//407
f 406//406 407//407 408//408
f 408//408 407//407 409//409
f 408//408 409//409 410//410
f 410//410 409//409 411//411
f 411//411 409//409 412//412
f 411//411 412//412 413//413
f 413//413 412//412 414//414
f 413//413 414//414 415//415
f 415//415 414//414 416//416
f 416//416 414//414 417//417
f 417//417 414//414 418//418
f 417//417 418//418 419//419
f 419//419 418//418 420//420
f 419//419 420//420 421//421
f 421//421 420//420 422//422
f 422//422 420//420 423//423
f 422//422 423//423 424//424
f 424//424 423//423 425//425
f 425//425 423//423 426//426
f 425//425 426//426 427//427
f 427//427 426//426 428//428
f 428//428 426//426 429//429
f 428//428 429//429 430//430
f 430//430 429//429 394//394
f 430//430 394//394 431//431
f 431//431 394//394 432//432
f 432//432 394//394 396//396
f 432//432 396//396 342//342
f 342//342 396//396 340//340
f 340//340 396//396 338//338
f 338//338 396//396 433//433
f 338//338 433//433 339//339
f 339//339 433//433 434//434
f 339//339 434//434 333//333
f 333//333 434//434 376//376
f 376//376 434//434 435//435
f 376//376 435//435 374//374
f 374//374 435//435 413//413
f 374//374 413//413 372//372
f 372//372 413//413 387//387
f 387//387 413//413 415//415
f 387//387 415//415 436//436
f 412//412 437//437 414//414
f 414//414 437//437 418//418
f 437//437 438//438 418//418
f 418//418 438//438 439//439
f 418//418 439//439 420//420
f 420//420 439//439 440//440
f 420//420 440//440 423//423
f 423//423 440//440 441//441
f 423//423 441//441 442//442
f 442//442 443//443 423//423
f 423//423 443//443 426//426
f 443//443 444//444 426//426
f 426//426 444//444 445//445
f 426//426 445//445 429//429
f 429//429 445//445 392//392
f 429//429 392//392 394//394
f 446//446 383//383 436//436
f 436//436 383//383 385//385
f 436//436 385//385 387//387
f 383//383 446//446 382//382
f 382//382 446//446 447//447
f 382//382 447//447 348//348
f 348//348 447//447 347//347
f 347//347 447//447 448//448
f 347//347 448//448 345//345
f 345//345 448//448 449//449
f 345//345 449//449 343//343
f 343//343 449//449 432//432
f 343//343 432//432 342//342
f 398//398 450//450 396//396
f 396//396 450//450 433//433
f 450//450 451//451 433//433
f 433//433 451//451 434//434
f 451//451 452//452 434//434
f 434//434 452//452 453//453
f 434//434 453//453 435//435
f 435//435 453//453 454//454
f 435//435 454//454 413//413
f 413//413 454//454 455//455
f 413//413 455//455 411//411
f 456//456 457//457 458//458
f 458//458 457//457 459//459
f 459//459 457//457 460//460
f 459//459 460//460 461//461
f 461//461 460//460 462//462
f 461//461 462//462 463//463
f 463//463 462//462 464//464
f 463//463 464//464 465//465
f 465//465 464//464 466//466
f 465//465 466//466 467//467
f 468//468 329//329 288//288
f 288//288 329//329 290//290
f 469//469 470//470 471//471
f 471//471 470//470 472//472
f 471//471 472//472 473//473
f 473//473 472//472 470//470
f 473//473 470//470 474//474
f 474//474 470//470 469//469
f 474//474 469//469 475//475
f 475//475 469//469 476//476
f 475//475 476//476 477//477
f 477//477 476//476 478//478
f 477//477 478//478 479//479
f 479//479 478//478 480//480
f 479//479 480//480 481//481
f 481//481 480//480 482//482
f 481//481 482//482 483//483
f 483//483 482//482 206//206
f 483//483 206//206 484//484
f 476//476 469//469 478//478
f 478//478 469//469 485//485
f 478//478 485//485 480//480
f 480//480 485//485 482//482
f 484//484 481//481 483//483
f 475//475 477//477 474//474
f 474//474 477//477 473//473
f 186//186 486//486 172//172
f 172//172 486//486 487//487
f 172//172 487//487 488//488
f 488//488 487//487 489//489
f 488//488 489//489 490//490
f 490//490 489//489 491//491
f 490//490 491//491 492//492
f 492//492 491//491 493//493
f 492//492 493//493 494//494
f 494//494 493//493 495//495
f 494//494 495//495 107//107
f 239//239 496//496 186//186
f 186//186 496//496 497//497
f 186//186 497//497 498//498
f 498//498 497//497 499//499
f 498//498 499//499 500//500
f 500//500 499//499 501//501
f 500//500 501//501 502//502
f 502//502 501//501 503//503
f 502//502 503//503 504//504
f 504//504 503//503 505//505
f 504//504 505//505 506//506
f 506//506 505//505 507//507
f 506//506 507//507 508//508
f 508//508 507//507 509//509
f 508//508 509//509 510//510
f 510//510 509//509 107//107
f 206//206 511//511 239//239
f 239//239 511//511 512//512
f 239//239 512//512 513//513
f 513//513 512//512 514//514
f 513//513 514//514 515//515
f 515//515 514//514 516//516
f 515//515 516//516 517//517
f 517//517 516//516 518//518
f 517//517 518//518 519//519
f 519//519 518//518 520//520
f 519//519 520//520 521//521
f 521//521 520//520 522//522
f 521//521 522//522 523//523
f 523//523 522//522 524//524
f 523//523 524//524 525//525
f 525//525 524//524 509//509
f 525//525 509//509 526//526
f 526//526 509//509 527//527
f 526//526 527//527 528//528
f 528//528 527//527 505//505
f 528//528 505//505 503//503
f 206//206 482//482 511//511
f 511//511 482//482 529//529
f 511//511 529//529 530//530
f 530//530 529//529 531//531
f 530//530 531//531 532//532
f 532//532 531//531 533//533
f 532//532 533//533 534//534
f 534//534 533//533 535//535
f 534//534 535//535 536//536
f 536//536 535//535 537//537
f 536//536 537//537 538//538
f 538//538 537//537 539//539
f 538//538 539//539 524//524
f 482//482 485//485 529//529
f 529//529 485//485 540//540
f 529//529 540//540 531//531
f 531//531 540//540 541//541
f 531//531 541//541 533//533
f 533//533 541//541 542//542
f 533//533 542//542 535//535
f 535//535 542//542 543//543
f 535//535 543//543 537//537
f 537//537 543//543 539//539
f 540//540 485//485 544//544
f 544//544 485//485 469//469
f 544//544 469//469 545//545
f 545//545 469//469 546//546
f 545//545 546//546 547//547
f 547//547 546//546 539//539
f 547//547 539//539 548//548
f 548//548 539//539 543//543
f 548//548 543//543 542//542
f 469//469 471//471 546//546
f 546//546 471//471 539//539
f 510//510 107//107 495//495
f 494//494 107//107 549//549
f 549//549 107//107 550//550
f 550//550 107//107 551//551
f 514//514 512//512 530//530
f 530//530 512//512 511//511
f 513//513 552//552 239//239
f 239//239 552//552 553//553
f 239//239 553//553 496//496
f 496//496 553//553 554//554
f 496//496 554//554 555//555
f 555//555 554//554 556//556
f 555//555 556//556 557//557
f 557//557 556//556 558//558
f 557//557 558//558 559//559
f 559//559 558//558 560//560
f 559//559 560//560 528//528
f 528//528 560//560 526//526
f 513//513 515//515 552//552
f 552//552 515//515 561//561
f 552//552 561//561 553//553
f 553//553 561//561 554//554
f 486//486 186//186 498//498
f 499//499 497//497 555//555
f 555//555 497//497 496//496
f 498//498 500//500 486//486
f 486//486 500//500 562//562
f 486//486 562//562 487//487
f 487//487 562//562 489//489
f 488//488 563//563 172//172
f 172//172 563//563 564//564
f 172//172 564//564 551//551
f 551//551 564//564 550//550
f 488//488 490//490 563//563
f 563//563 490//490 565//565
f 563//563 565//565 564//564
f 564//564 565//565 550//550
f 107//107 172//172 551//551
f 516//516 514//514 532//532
f 532//532 514//514 530//530
f 515//515 517//517 561//561
f 561//561 517//517 566//566
f 561//561 566//566 554//554
f 554//554 566//566 556//556
f 501//501 499//499 557//557
f 557//557 499//499 555//555
f 500//500 502//502 562//562
f 562//562 502//502 567//567
f 562//562 567//567 489//489
f 489//489 567//567 491//491
f 549//549 550//550 565//565
f 549//549 565//565 492//492
f 492//492 565//565 490//490
f 540//540 544//544 541//541
f 541//541 544//544 568//568
f 541//541 568//568 542//542
f 542//542 568//568 548//548
f 516//516 532//532 534//534
f 516//516 534//534 518//518
f 518//518 534//534 536//536
f 518//518 536//536 520//520
f 520//520 536//536 538//538
f 520//520 538//538 522//522
f 522//522 538//538 524//524
f 566//566 517//517 519//519
f 556//556 566//566 569//569
f 569//569 566//566 519//519
f 569//569 519//519 521//521
f 556//556 569//569 558//558
f 558//558 569//569 570//570
f 558//558 570//570 560//560
f 560//560 570//570 525//525
f 560//560 525//525 526//526
f 570//570 569//569 521//521
f 501//501 557//557 559//559
f 528//528 503//503 559//559
f 559//559 503//503 501//501
f 567//567 502//502 504//504
f 491//491 567//567 571//571
f 571//571 567//567 504//504
f 571//571 504//504 506//506
f 491//491 571//571 493//493
f 493//493 571//571 572//572
f 493//493 572//572 495//495
f 495//495 572//572 510//510
f 572//572 571//571 506//506
f 549//549 492//492 494//494
f 545//545 547//547 568//568
f 568//568 547//547 548//548
f 570//570 521//521 523//523
f 523//523 525//525 570//570
f 509//509 507//507 527//527
f 527//527 507//507 505//505
f 572//572 506//506 508//508
f 508//508 510//510 572//572
f 544//544 545//545 568//568
f 473//473 573//573 471//471
f 471//471 573//573 574//574
f 471//471 574//574 575//575
f 575//575 574//574 576//576
f 575//575 576//576 539//539
f 539//539 576//576 524//524
f 524//524 576//576 577//577
f 524//524 577//577 578//578
f 578//578 577//577 579//579
f 578//578 579//579 580//580
f 580//580 579//579 581//581
f 580//580 581//581 109//109
f 109//109 581//581 110//110
f 573//573 582//582 574//574
f 574//574 582//582 577//577
f 574//574 577//577 576//576
f 582//582 583//583 577//577
f 577//577 583//583 579//579
f 580//580 109//109 509//509
f 509//509 109//109 108//108
f 509//509 108//108 107//107
f 580//580 509//509 578//578
f 578//578 509//509 524//524
f 539//539 471//471 575//575
f 391//391 389//389 584//584
f 584//584 389//389 585//585
f 584//584 585//585 586//586
f 586//586 585//585 587//587
f 586//586 587//587 588//588
f 588//588 587//587 589//589
f 588//588 589//589 51//51
f 51//51 589//589 52//52
f 590//590 591//591 592//592
f 592//592 591//591 593//593
f 593//593 591//591 594//594
f 593//593 594//594 595//595
f 595//595 596//596 593//593
f 593//593 596//596 597//597
f 597//597 596//596 424//424
f 597//597 424//424 425//425
f 596//596 598//598 424//424
f 424//424 598//598 422//422
f 422//422 598//598 421//421
f 421//421 598//598 419//419
f 419//419 598//598 599//599
f 419//419 599//599 417//417
f 417//417 599//599 416//416
f 416//416 599//599 600//600
f 416//416 600//600 415//415
f 415//415 600//600 436//436
f 436//436 600//600 446//446
f 446//446 600//600 601//601
f 446//446 601//601 447//447
f 447//447 601//601 602//602
f 447//447 602//602 448//448
f 448//448 602//602 603//603
f 448//448 603//603 449//449
f 449//449 603//603 432//432
f 432//432 603//603 431//431
f 601//601 47//47 602//602
f 602//602 47//47 50//50
f 425//425 427//427 597//597
f 597//597 427//427 604//604
f 604//604 427//427 428//428
f 604//604 428//428 430//430
f 430//430 431//431 604//604
f 604//604 431//431 52//52
f 52//52 431//431 603//603
f 52//52 603//603 602//602
f 602//602 50//50 52//52
f 604//604 52//52 597//597
f 597//597 52//52 589//589
f 597//597 589//589 593//593
f 593//593 589//589 587//587
f 593//593 587//587 592//592
f 592//592 587//587 389//389
f 592//592 389//389 388//388
f 587//587 585//585 389//389
f 605//605 606//606 388//388
f 388//388 606//606 607//607
f 388//388 607//607 592//592
f 607//607 606//606 608//608
f 608//608 606//606 609//609
f 608//608 609//609 610//610
f 610//610 609//609 62//62
f 610//610 62//62 611//611
f 611//611 62//62 393//393
f 393//393 62//62 612//612
f 612//612 62//62 613//613
f 613//613 62//62 64//64
f 614//614 615//615 607//607
f 607//607 615//615 616//616
f 607//607 616//616 617//617
f 617//617 616//616 27//27
f 617//617 27//27 29//29
f 615//615 618//618 616//616
f 616//616 618//618 619//619
f 27//27 616//616 25//25
f 25//25 616//616 620//620
f 25//25 620//620 23//23
f 23//23 620//620 21//21
f 21//21 620//620 621//621
f 21//21 621//621 19//19
f 19//19 621//621 622//622
f 19//19 622//622 623//623
f 19//19 623//623 17//17
f 17//17 623//623 624//624
f 17//17 624//624 15//15
f 15//15 624//624 625//625
f 15//15 625//625 13//13
f 13//13 625//625 626//626
f 13//13 626//626 11//11
f 11//11 626//626 627//627
f 11//11 627//627 628//628
f 11//11 628//628 9//9
f 9//9 628//628 629//629
f 9//9 629//629 7//7
f 7//7 629//629 29//29
f 29//29 629//629 617//617
f 630//630 631//631 617//617
f 617//617 631//631 632//632
f 617//617 632//632 592//592
f 592//592 632//632 590//590
f 592//592 607//607 617//617
f 596//596 633//633 598//598
f 598//598 633//633 282//282
f 598//598 282//282 45//45
f 630//630 258//258 633//633
f 633//633 258//258 286//286
f 633//633 286//286 284//284
f 617//617 257//257 630//630
f 630//630 257//257 258//258
f 284//284 282//282 633//633
f 47//47 601//601 45//45
f 45//45 601//601 600//600
f 45//45 600//600 599//599
f 599//599 598//598 45//45
f 95//95 99//99 254//254
f 254//254 99//99 256//256
f 95//95 254//254 93//93
f 93//93 254//254 260//260
f 93//93 260//260 91//91
f 91//91 260//260 89//89
f 89//89 260//260 262//262
f 89//89 262//262 87//87
f 87//87 262//262 264//264
f 87//87 264//264 86//86
f 86//86 264//264 84//84
f 84//84 264//264 266//266
f 84//84 266//266 82//82
f 82//82 266//266 80//80
f 80//80 266//266 268//268
f 80//80 268//268 112//112
f 112//112 268//268 115//115
f 115//115 268//268 269//269
f 115//115 269//269 116//116
f 116//116 269//269 271//271
f 116//116 271//271 118//118
f 118//118 271//271 120//120
f 120//120 271//271 273//273
f 120//120 273//273 122//122
f 122//122 273//273 124//124
f 124//124 273//273 275//275
f 124//124 275//275 126//126
f 255//255 629//629 253//253
f 253//253 629//629 628//628
f 253//253 628//628 261//261
f 261//261 628//628 627//627
f 261//261 627//627 263//263
f 263//263 627//627 626//626
f 263//263 626//626 265//265
f 265//265 626//626 625//625
f 265//265 625//625 267//267
f 267//267 625//625 624//624
f 267//267 624//624 270//270
f 270//270 624//624 623//623
f 270//270 623//623 272//272
f 272//272 623//623 622//622
f 272//272 622//622 274//274
f 274//274 622//622 621//621
f 274//274 621//621 276//276
f 276//276 621//621 620//620
f 255//255 257//257 629//629
f 629//629 257//257 617//617
f 154//154 634//634 153//153
f 153//153 634//634 151//151
f 151//151 634//634 635//635
f 151//151 635//635 169//169
f 169//169 635//635 79//79
f 79//79 635//635 636//636
f 79//79 636//636 73//73
f 73//73 636//636 637//637
f 73//73 637//637 74//74
f 74//74 637//637 81//81
f 81//81 637//637 638//638
f 81//81 638//638 83//83
f 83//83 638//638 85//85
f 85//85 638//638 639//639
f 85//85 639//639 88//88
f 88//88 639//639 640//640
f 88//88 640//640 90//90
f 90//90 640//640 92//92
f 92//92 640//640 641//641
f 92//92 641//641 94//94
f 94//94 641//641 96//96
f 96//96 641//641 642//642
f 96//96 642//642 97//97
f 97//97 642//642 98//98
f 98//98 642//642 643//643
f 98//98 643//643 100//100
f 100//100 643//643 644//644
f 100//100 644//644 103//103
f 103//103 644//644 105//105
f 105//105 644//644 645//645
f 105//105 645//645 106//106
f 106//106 645//645 177//177
f 177//177 645//645 646//646
f 177//177 646//646 179//179
f 179//179 646//646 207//207
f 207//207 646//646 647//647
f 207//207 647//647 195//195
f 195//195 647//647 197//197
f 197//197 647//647 162//162
f 162//162 647//647 161//161
f 161//161 647//647 160//160
f 160//160 647//647 159//159
f 159//159 647//647 157//157
f 156//156 157//157 648//648
f 648//648 157//157 647//647
f 648//648 647//647 649//649
f 649//649 647//647 646//646
f 649//649 646//646 650//650
f 650//650 646//646 645//645
f 650//650 645//645 644//644
f 650//650 644//644 651//651
f 651//651 644//644 643//643
f 651//651 643//643 652//652
f 652//652 643//643 642//642
f 652//652 642//642 653//653
f 653//653 642//642 641//641
f 653//653 641//641 640//640
f 653//653 640//640 654//654
f 654//654 640//640 639//639
f 654//654 639//639 655//655
f 655//655 639//639 638//638
f 655//655 638//638 656//656
f 656//656 638//638 637//637
f 656//656 637//637 636//636
f 656//656 636//636 657//657
f 657//657 636//636 635//635
f 657//657 635//635 658//658
f 658//658 635//635 634//634
f 658//658 634//634 659//659
f 659//659 634//634 154//154
f 659//659 154//154 156//156
f 659//659 156//156 648//648
f 660//660 661//661 57//57
f 57//57 661//661 662//662
f 57//57 662//662 55//55
f 660//660 663//663 661//661
f 661//661 663//663 664//664
f 661//661 664//664 665//665
f 665//665 664//664 666//666
f 666//666 664//664 667//667
f 667//667 664//664 663//663
f 667//667 663//663 668//668
f 146//146 144//144 668//668
f 668//668 144//144 669//669
f 668//668 669//669 667//667
f 144//144 143//143 669//669
f 669//669 143//143 145//145
f 665//665 670//670 661//661
f 661//661 670//670 671//671
f 661//661 671//671 662//662
f 662//662 671//671 672//672
f 662//662 672//672 673//673
f 673//673 674//674 662//662
f 662//662 674//674 675//675
f 141//141 138//138 676//676
f 676//676 138//138 133//133
f 676//676 133//133 132//132
f 676//676 132//132 677//677
f 677//677 132//132 137//137
f 677//677 137//137 678//678
f 678//678 137//137 679//679
f 678//678 679//679 680//680
f 680//680 679//679 681//681
f 680//680 681//681 682//682
f 682//682 681//681 683//683
f 682//682 683//683 684//684
f 684//684 683//683 685//685
f 685//685 683//683 681//681
f 685//685 681//681 686//686
f 686//686 681//681 687//687
f 687//687 681//681 679//679
f 687//687 679//679 137//137
f 684//684 688//688 682//682
f 682//682 688//688 689//689
f 682//682 689//689 680//680
f 680//680 689//689 690//690
f 680//680 690//690 678//678
f 678//678 690//690 677//677
f 689//689 688//688 691//691
f 691//691 688//688 692//692
f 691//691 692//692 693//693
f 693//693 692//692 694//694
f 693//693 694//694 695//695
f 695//695 694//694 696//696
f 695//695 696//696 697//697
f 695//695 697//697 698//698
f 698//698 697//697 699//699
f 698//698 699//699 662//662
f 662//662 699//699 55//55
f 55//55 699//699 700//700
f 55//55 700//700 701//701
f 701//701 702//702 55//55
f 55//55 702//702 703//703
f 55//55 703//703 704//704
f 704//704 705//705 55//55
f 55//55 705//705 706//706
f 55//55 706//706 53//53
f 698//698 662//662 707//707
f 707//707 662//662 675//675
f 707//707 675//675 698//698
f 698//698 675//675 708//708
f 698//698 708//708 695//695
f 695//695 708//708 693//693
f 708//708 709//709 693//693
f 693//693 709//709 691//691
f 691//691 709//709 710//710
f 710//710 709//709 711//711
f 710//710 711//711 690//690
f 690//690 711//711 712//712
f 690//690 712//712 677//677
f 677//677 712//712 676//676
f 691//691 710//710 690//690
f 691//691 690//690 689//689
f 69//69 68//68 713//713
f 713//713 68//68 714//714
f 713//713 714//714 715//715
f 715//715 714//714 716//716
f 715//715 716//716 717//717
f 717//717 716//716 718//718
f 717//717 718//718 279//279
f 279//279 718//718 280//280
f 719//719 720//720 721//721
f 721//721 720//720 722//722
f 721//721 722//722 723//723
f 720//720 719//719 724//724
f 724//724 719//719 725//725
f 724//724 725//725 726//726
f 726//726 725//725 727//727
f 727//727 725//725 728//728
f 727//727 728//728 729//729
f 729//729 728//728 730//730
f 730//730 728//728 731//731
f 730//730 731//731 732//732
f 732//732 731//731 733//733
f 732//732 733//733 734//734
f 734//734 733//733 735//735
f 734//734 735//735 404//404
f 404//404 735//735 736//736
f 404//404 736//736 402//402
f 402//402 736//736 401//401
f 401//401 736//736 737//737
f 401//401 737//737 399//399
f 399//399 737//737 738//738
f 399//399 738//738 397//397
f 397//397 738//738 398//398
f 398//398 738//738 739//739
f 398//398 739//739 450//450
f 450//450 739//739 740//740
f 450//450 740//740 451//451
f 451//451 740//740 452//452
f 452//452 740//740 723//723
f 452//452 723//723 453//453
f 453//453 723//723 741//741
f 453//453 741//741 454//454
f 454//454 741//741 742//742
f 454//454 742//742 455//455
f 455//455 742//742 743//743
f 455//455 743//743 744//744
f 744//744 743//743 745//745
f 745//745 743//743 746//746
f 745//745 746//746 747//747
f 740//740 721//721 723//723
f 745//745 747//747 748//748
f 748//748 747//747 749//749
f 748//748 749//749 750//750
f 750//750 749//749 751//751
f 750//750 751//751 752//752
f 750//750 752//752 753//753
f 753//753 752//752 754//754
f 753//753 754//754 755//755
f 755//755 754//754 756//756
f 755//755 756//756 727//727
f 757//757 410//410 744//744
f 744//744 410//410 411//411
f 744//744 411//411 455//455
f 410//410 757//757 408//408
f 408//408 757//757 758//758
f 408//408 758//758 406//406
f 406//406 758//758 404//404
f 404//404 758//758 734//734
f 729//729 755//755 727//727
f 759//759 760//760 761//761
f 761//761 760//760 762//762
f 762//762 760//760 763//763
f 762//762 763//763 764//764
f 764//764 763//763 765//765
f 764//764 765//765 766//766
f 766//766 765//765 767//767
f 766//766 767//767 768//768
f 768//768 767//767 769//769
f 768//768 769//769 770//770
f 771//771 311//311 312//312
f 312//312 311//311 309//309
f 772//772 684//684 773//773
f 773//773 684//684 774//774
f 773//773 774//774 775//775
f 775//775 774//774 776//776
f 775//775 776//776 777//777
f 777//777 776//776 778//778
f 777//777 778//778 779//779
f 779//779 778//778 780//780
f 779//779 780//780 781//781
f 781//781 780//780 782//782
f 781//781 782//782 783//783
f 783//783 782//782 784//784
f 783//783 784//784 785//785
f 785//785 784//784 786//786
f 785//785 786//786 787//787
f 787//787 786//786 784//784
f 774//774 788//788 776//776
f 776//776 788//788 778//778
f 788//788 782//782 778//778
f 778//778 782//782 780//780
f 787//787 779//779 785//785
f 785//785 779//779 783//783
f 775//775 772//772 773//773
f 783//783 779//779 781//781
f 774//774 684//684 789//789
f 789//789 684//684 685//685
f 789//789 685//685 790//790
f 790//790 685//685 791//791
f 790//790 791//791 792//792
f 792//792 791//791 793//793
f 792//792 793//793 794//794
f 794//794 793//793 795//795
f 794//794 795//795 796//796
f 796//796 795//795 797//797
f 796//796 797//797 798//798
f 798//798 797//797 799//799
f 798//798 799//799 800//800
f 800//800 799//799 801//801
f 800//800 801//801 802//802
f 802//802 801//801 803//803
f 802//802 803//803 804//804
f 804//804 803//803 805//805
f 804//804 805//805 806//806
f 806//806 805//805 807//807
f 806//806 807//807 808//808
f 808//808 807//807 809//809
f 808//808 809//809 810//810
f 810//810 809//809 811//811
f 810//810 811//811 812//812
f 812//812 811//811 813//813
f 812//812 813//813 814//814
f 814//814 813//813 687//687
f 814//814 687//687 815//815
f 815//815 687//687 816//816
f 815//815 816//816 817//817
f 817//817 816//816 818//818
f 817//817 818//818 819//819
f 819//819 818//818 820//820
f 819//819 820//820 821//821
f 821//821 820//820 822//822
f 821//821 822//822 823//823
f 823//823 822//822 824//824
f 823//823 824//824 825//825
f 825//825 824//824 826//826
f 825//825 826//826 827//827
f 827//827 826//826 828//828
f 827//827 828//828 829//829
f 829//829 828//828 830//830
f 829//829 830//830 137//137
f 686//686 831//831 685//685
f 685//685 831//831 832//832
f 685//685 832//832 833//833
f 833//833 832//832 834//834
f 833//833 834//834 793//793
f 793//793 834//834 795//795
f 687//687 813//813 686//686
f 686//686 813//813 835//835
f 686//686 835//835 836//836
f 836//836 835//835 837//837
f 836//836 837//837 838//838
f 838//838 837//837 839//839
f 838//838 839//839 840//840
f 840//840 839//839 841//841
f 840//840 841//841 842//842
f 842//842 841//841 843//843
f 842//842 843//843 799//799
f 799//799 843//843 801//801
f 137//137 844//844 687//687
f 687//687 844//844 845//845
f 687//687 845//845 816//816
f 816//816 845//845 818//818
f 846//846 847//847 827//827
f 827//827 847//847 848//848
f 827//827 848//848 825//825
f 825//825 848//848 823//823
f 802//802 849//849 846//846
f 846//846 849//849 850//850
f 846//846 850//850 851//851
f 851//851 850//850 852//852
f 851//851 852//852 853//853
f 853//853 852//852 854//854
f 853//853 854//854 855//855
f 855//855 854//854 856//856
f 855//855 856//856 819//819
f 819//819 856//856 817//817
f 800//800 802//802 857//857
f 857//857 802//802 784//784
f 857//857 784//784 782//782
f 788//788 858//858 782//782
f 782//782 858//858 859//859
f 782//782 859//859 857//857
f 857//857 859//859 798//798
f 857//857 798//798 800//800
f 774//774 860//860 788//788
f 788//788 860//860 861//861
f 788//788 861//861 858//858
f 858//858 861//861 794//794
f 858//858 794//794 796//796
f 860//860 774//774 789//789
f 844//844 137//137 862//862
f 863//863 137//137 830//830
f 845//845 844//844 864//864
f 864//864 844//844 862//862
f 864//864 862//862 865//865
f 865//865 862//862 137//137
f 865//865 137//137 866//866
f 814//814 815//815 867//867
f 867//867 815//815 817//817
f 867//867 817//817 856//856
f 831//831 686//686 836//836
f 837//837 835//835 811//811
f 811//811 835//835 813//813
f 836//836 838//838 831//831
f 831//831 838//838 868//868
f 831//831 868//868 832//832
f 832//832 868//868 834//834
f 791//791 685//685 833//833
f 793//793 791//791 833//833
f 860//860 789//789 790//790
f 860//860 790//790 792//792
f 849//849 802//802 804//804
f 805//805 803//803 843//843
f 843//843 803//803 801//801
f 804//804 806//806 849//849
f 849//849 806//806 869//869
f 849//849 869//869 850//850
f 850//850 869//869 852//852
f 847//847 846//846 851//851
f 851//851 853//853 847//847
f 847//847 853//853 870//870
f 847//847 870//870 848//848
f 848//848 870//870 823//823
f 137//137 827//827 829//829
f 828//828 826//826 871//871
f 871//871 826//826 824//824
f 871//871 824//824 872//872
f 872//872 824//824 822//822
f 872//872 822//822 865//865
f 865//865 822//822 820//820
f 865//865 820//820 864//864
f 864//864 820//820 818//818
f 864//864 818//818 845//845
f 798//798 859//859 796//796
f 796//796 859//859 858//858
f 799//799 797//797 842//842
f 842//842 797//797 873//873
f 842//842 873//873 840//840
f 840//840 873//873 868//868
f 840//840 868//868 838//838
f 873//873 797//797 795//795
f 805//805 843//843 841//841
f 805//805 841//841 807//807
f 807//807 841//841 839//839
f 807//807 839//839 809//809
f 809//809 839//839 837//837
f 809//809 837//837 811//811
f 869//869 806//806 808//808
f 852//852 869//869 874//874
f 874//874 869//869 808//808
f 874//874 808//808 810//810
f 852//852 874//874 854//854
f 854//854 874//874 875//875
f 854//854 875//875 856//856
f 856//856 875//875 867//867
f 875//875 874//874 810//810
f 870//870 853//853 855//855
f 823//823 870//870 821//821
f 821//821 870//870 855//855
f 821//821 855//855 819//819
f 872//872 863//863 871//871
f 871//871 863//863 830//830
f 871//871 830//830 828//828
f 866//866 137//137 872//872
f 872//872 137//137 863//863
f 794//794 861//861 792//792
f 792//792 861//861 860//860
f 873//873 795//795 834//834
f 834//834 868//868 873//873
f 875//875 810//810 812//812
f 814//814 867//867 812//812
f 812//812 867//867 875//875
f 872//872 865//865 866//866
f 787//787 784//784 876//876
f 876//876 784//784 877//877
f 876//876 877//877 878//878
f 878//878 877//877 879//879
f 878//878 879//879 880//880
f 880//880 879//879 881//881
f 880//880 881//881 882//882
f 882//882 881//881 883//883
f 883//883 881//881 135//135
f 883//883 135//135 134//134
f 784//784 802//802 877//877
f 877//877 802//802 884//884
f 877//877 884//884 879//879
f 879//879 884//884 885//885
f 879//879 885//885 881//881
f 881//881 885//885 135//135
f 802//802 846//846 884//884
f 884//884 846//846 827//827
f 884//884 827//827 885//885
f 885//885 827//827 135//135
f 137//137 136//136 827//827
f 827//827 136//136 135//135
f 880//880 886//886 878//878
f 878//878 886//886 876//876
f 63//63 62//62 887//887
f 887//887 62//62 609//609
f 887//887 609//609 888//888
f 888//888 609//609 606//606
f 888//888 606//606 889//889
f 889//889 606//606 605//605
f 889//889 605//605 390//390
f 390//390 605//605 388//388
f 64//64 67//67 613//613
f 613//613 67//67 890//890
f 613//613 890//890 405//405
f 405//405 890//890 891//891
f 405//405 891//891 407//407
f 407//407 891//891 409//409
f 409//409 891//891 412//412
f 412//412 891//891 892//892
f 412//412 892//892 437//437
f 437//437 892//892 438//438
f 438//438 892//892 893//893
f 438//438 893//893 439//439
f 439//439 893//893 440//440
f 440//440 893//893 441//441
f 441//441 893//893 894//894
f 441//441 894//894 610//610
f 610//610 894//894 895//895
f 610//610 895//895 608//608
f 608//608 895//895 896//896
f 608//608 896//896 897//897
f 614//614 607//607 897//897
f 897//897 607//607 608//608
f 611//611 444//444 610//610
f 610//610 444//444 443//443
f 610//610 443//443 442//442
f 393//393 392//392 611//611
f 611//611 392//392 445//445
f 611//611 445//445 444//444
f 442//442 441//441 610//610
f 405//405 403//403 613//613
f 613//613 403//403 612//612
f 612//612 403//403 400//400
f 612//612 400//400 395//395
f 395//395 393//393 612//612
f 894//894 893//893 898//898
f 898//898 893//893 713//713
f 898//898 713//713 715//715
f 713//713 893//893 69//69
f 69//69 893//893 892//892
f 69//69 892//892 891//891
f 891//891 890//890 69//69
f 69//69 890//890 67//67
f 715//715 717//717 898//898
f 898//898 717//717 279//279
f 898//898 279//279 619//619
f 619//619 279//279 278//278
f 619//619 278//278 616//616
f 126//126 275//275 130//130
f 130//130 275//275 277//277
f 620//620 616//616 276//276
f 276//276 616//616 278//278
f 671//671 899//899 672//672
f 672//672 899//899 673//673
f 673//673 899//899 674//674
f 674//674 899//899 675//675
f 675//675 899//899 708//708
f 708//708 899//899 709//709
f 709//709 899//899 711//711
f 711//711 899//899 712//712
f 712//712 899//899 900//900
f 712//712 900//900 676//676
f 676//676 900//900 901//901
f 676//676 901//901 141//141
f 141//141 901//901 139//139
f 139//139 901//901 902//902
f 139//139 902//902 140//140
f 140//140 902//902 131//131
f 131//131 902//902 903//903
f 131//131 903//903 129//129
f 129//129 903//903 128//128
f 128//128 903//903 904//904
f 128//128 904//904 127//127
f 127//127 904//904 905//905
f 127//127 905//905 125//125
f 125//125 905//905 123//123
f 123//123 905//905 906//906
f 123//123 906//906 121//121
f 121//121 906//906 119//119
f 119//119 906//906 907//907
f 119//119 907//907 117//117
f 117//117 907//907 908//908
f 117//117 908//908 114//114
f 114//114 908//908 113//113
f 113//113 908//908 909//909
f 113//113 909//909 111//111
f 111//111 909//909 142//142
f 142//142 909//909 910//910
f 142//142 910//910 145//145
f 145//145 910//910 911//911
f 145//145 911//911 669//669
f 669//669 911//911 667//667
f 667//667 911//911 912//912
f 667//667 912//912 666//666
f 666//666 912//912 665//665
f 670//670 665//665 913//913
f 913//913 665//665 912//912
f 913//913 912//912 914//914
f 914//914 912//912 911//911
f 914//914 911//911 915//915
f 915//915 911//911 910//910
f 915//915 910//910 916//916
f 916//916 910//910 909//909
f 916//916 909//909 908//908
f 916//916 908//908 917//917
f 917//917 908//908 907//907
f 917//917 907//907 918//918
f 918//918 907//907 906//906
f 918//918 906//906 919//919
f 919//919 906//906 905//905
f 919//919 905//905 904//904
f 919//919 904//904 920//920
f 920//920 904//904 903//903
f 920//920 903//903 921//921
f 921//921 903//903 902//902
f 921//921 902//902 922//922
f 922//922 902//902 901//901
f 922//922 901//901 900//900
f 922//922 900//900 923//923
f 923//923 900//900 899//899
f 923//923 899//899 924//924
f 924//924 899//899 671//671
f 924//924 671//671 670//670
f 924//924 670//670 913//913
f 925//925 926//926 5//5
f 5//5 926//926 927//927
f 5//5 927//927 6//6
f 928//928 929//929 925//925
f 925//925 929//929 926//926
f 926//926 930//930 927//927
f 927//927 930//930 931//931
f 931//931 930//930 932//932
f 933//933 934//934 935//935
f 935//935 934//934 936//936
f 935//935 936//936 937//937
f 937//937 936//936 938//938
f 938//938 939//939 937//937
f 937//937 939//939 940//940
f 937//937 940//940 941//941
f 941//941 940//940 942//942
f 941//941 942//942 943//943
f 940//940 939//939 944//944
f 944//944 939//939 945//945
f 944//944 945//945 946//946
f 925//925 5//5 947//947
f 947//947 5//5 75//75
f 75//75 5//5 78//78
f 78//78 5//5 2//2
f 78//78 2//2 147//147
f 147//147 2//2 163//163
f 163//163 2//2 166//166
f 310//310 287//287 308//308
f 308//308 287//287 289//289
f 308//308 289//289 306//306
f 306//306 289//289 292//292
f 306//306 292//292 304//304
f 304//304 292//292 294//294
f 304//304 294//294 302//302
f 302//302 294//294 296//296
f 302//302 296//296 300//300
f 300//300 296//296 298//298
f 948//948 949//949 950//950
f 950//950 949//949 951//951
f 950//950 951//951 952//952
f 952//952 951//951 953//953
f 952//952 953//953 954//954
f 954//954 953//953 955//955
f 954//954 955//955 956//956
f 956//956 955//955 957//957
f 956//956 957//957 958//958
f 958//958 957//957 959//959
f 958//958 959//959 960//960
f 960//960 959//959 961//961
f 960//960 961//961 962//962
f 962//962 961//961 963//963
f 962//962 963//963 964//964
f 964//964 963//963 965//965
f 964//964 965//965 966//966
f 966//966 965//965 967//967
f 966//966 967//967 968//968
f 968//968 967//967 969//969
f 968//968 969//969 970//970
f 970//970 969//969 971//971
f 970//970 971//971 972//972
f 972//972 971//971 973//973
f 972//972 973//973 974//974
f 974//974 973//973 975//975
f 974//974 975//975 948//948
f 948//948 975//975 949//949
f 948//948 950//950 10//10
f 10//10 950//950 952//952
f 10//10 952//952 12//12
f 12//12 952//952 954//954
f 12//12 954//954 14//14
f 14//14 954//954 956//956
f 14//14 956//956 16//16
f 16//16 956//956 958//958
f 16//16 958//958 18//18
f 18//18 958//958 960//960
f 18//18 960//960 20//20
f 20//20 960//960 962//962
f 20//20 962//962 22//22
f 22//22 962//962 964//964
f 22//22 964//964 966//966
f 22//22 966//966 24//24
f 24//24 966//966 968//968
f 24//24 968//968 26//26
f 26//26 968//968 970//970
f 26//26 970//970 28//28
f 28//28 970//970 972//972
f 28//28 972//972 30//30
f 30//30 972//972 974//974
f 30//30 974//974 8//8
f 8//8 974//974 948//948
f 8//8 948//948 10//10
f 976//976 631//631 977//977
f 977//977 631//631 630//630
f 977//977 630//630 978//978
f 978//978 630//630 979//979
f 978//978 979//979 980//980
f 980//980 979//979 981//981
f 980//980 981//981 982//982
f 982//982 981//981 983//983
f 982//982 983//983 364//364
f 364//364 983//983 984//984
f 364//364 984//984 366//366
f 366//366 984//984 368//368
f 368//368 984//984 985//985
f 368//368 985//985 370//370
f 370//370 985//985 633//633
f 370//370 633//633 596//596
f 631//631 976//976 632//632
f 632//632 976//976 986//986
f 632//632 986//986 590//590
f 590//590 986//986 987//987
f 590//590 987//987 591//591
f 591//591 987//987 336//336
f 591//591 336//336 594//594
f 594//594 336//336 335//335
f 594//594 335//335 375//375
f 987//987 988//988 336//336
f 336//336 988//988 362//362
f 362//362 988//988 360//360
f 360//360 988//988 989//989
f 360//360 989//989 359//359
f 359//359 989//989 990//990
f 359//359 990//990 357//357
f 357//357 990//990 378//378
f 378//378 990//990 991//991
f 378//378 991//991 379//379
f 379//379 991//991 992//992
f 379//379 992//992 363//363
f 363//363 992//992 364//364
f 364//364 992//992 982//982
f 595//595 373//373 596//596
f 596//596 373//373 371//371
f 596//596 371//371 370//370
f 373//373 595//595 375//375
f 375//375 595//595 594//594
f 630//630 633//633 979//979
f 979//979 633//633 985//985
f 979//979 985//985 981//981
f 981//981 985//985 984//984
f 981//981 984//984 983//983
f 993//993 726//726 994//994
f 994//994 726//726 727//727
f 994//994 727//727 756//756
f 726//726 993//993 724//724
f 724//724 993//993 995//995
f 724//724 995//995 720//720
f 720//720 995//995 722//722
f 722//722 995//995 897//897
f 722//722 897//897 896//896
f 995//995 996//996 897//897
f 897//897 996//996 614//614
f 614//614 996//996 997//997
f 614//614 997//997 615//615
f 615//615 997//997 998//998
f 615//615 998//998 618//618
f 618//618 998//998 999//999
f 618//618 999//999 619//619
f 619//619 999//999 1000//1000
f 1000//1000 999//999 1001//1001
f 1000//1000 1001//1001 1002//1002
f 1002//1002 1001//1001 1003//1003
f 1002//1002 1003//1003 1004//1004
f 1004//1004 1003//1003 1005//1005
f 1004//1004 1005//1005 751//751
f 751//751 1005//1005 1006//1006
f 751//751 1006//1006 752//752
f 752//752 1006//1006 754//754
f 754//754 1006//1006 1007//1007
f 754//754 1007//1007 756//756
f 756//756 1007//1007 994//994
f 1004//1004 751//751 1008//1008
f 1008//1008 751//751 749//749
f 1008//1008 749//749 747//747
f 1008//1008 747//747 1009//1009
f 1009//1009 747//747 746//746
f 1009//1009 746//746 898//898
f 898//898 746//746 894//894
f 894//894 746//746 743//743
f 894//894 743//743 742//742
f 894//894 742//742 895//895
f 895//895 742//742 741//741
f 895//895 741//741 896//896
f 896//896 741//741 723//723
f 896//896 723//723 722//722
f 898//898 619//619 1009//1009
f 1009//1009 619//619 1000//1000
f 1009//1009 1000//1000 1008//1008
f 1008//1008 1000//1000 1002//1002
f 1008//1008 1002//1002 1004//1004
f 928//928 925//925 1010//1010
f 1010//1010 925//925 1011//1011
f 1011//1011 925//925 1012//1012
f 1012//1012 925//925 1013//1013
f 1013//1013 925//925 1014//1014
f 1014//1014 925//925 947//947
f 943//943 1015//1015 941//941
f 941//941 1015//1015 1016//1016
f 941//941 1016//1016 1017//1017
f 1017//1017 1016//1016 1018//1018
f 946//946 945//945 1019//1019
f 1019//1019 945//945 1020//1020
f 1019//1019 1020//1020 1021//1021
f 1021//1021 1020//1020 1022//1022
f 1021//1021 1022//1022 1023//1023
f 1023//1023 1022//1022 1024//1024
f 932//932 1025//1025 931//931
f 931//931 1025//1025 1026//1026
f 1026//1026 1025//1025 1027//1027
f 1026//1026 1027//1027 1028//1028
f 1028//1028 1027//1027 1029//1029
f 1028//1028 1029//1029 1030//1030
f 2//2 1031//1031 166//166
f 166//166 1031//1031 1032//1032
f 166//166 1032//1032 1033//1033
f 166//166 1033//1033 168//168
f 168//168 1033//1033 1034//1034
f 168//168 1034//1034 1035//1035
f 168//168 1035//1035 44//44
f 44//44 1035//1035 1036//1036
f 44//44 1036//1036 1037//1037
f 1037//1037 1038//1038 44//44
f 44//44 1038//1038 1039//1039
f 44//44 1039//1039 42//42
f 48//48 1040//1040 49//49
f 49//49 1040//1040 1041//1041
f 61//61 54//54 1042//1042
f 1007//1007 1001//1001 994//994
f 994//994 1001//1001 999//999
f 994//994 999//999 993//993
f 993//993 999//999 998//998
f 993//993 998//998 995//995
f 995//995 998//998 997//997
f 995//995 997//997 996//996
f 1001//1001 1007//1007 1003//1003
f 1003//1003 1007//1007 1006//1006
f 1003//1003 1006//1006 1005//1005
f 1043//1043 1044//1044 1045//1045
f 1045//1045 1044//1044 1046//1046
f 1045//1045 1046//1046 1047//1047
f 1047//1047 1046//1046 1048//1048
f 1047//1047 1048//1048 1049//1049
f 1049//1049 1048//1048 1050//1050
f 1049//1049 1050//1050 1051//1051
f 1051//1051 1050//1050 1052//1052
f 1051//1051 1052//1052 1053//1053
f 1053//1053 1052//1052 1054//1054
f 1053//1053 1054//1054 1055//1055
f 1055//1055 1054//1054 1056//1056
f 1055//1055 1056//1056 1057//1057
f 1044//1044 1043//1043 1058//1058
f 1058//1058 1043//1043 1059//1059
f 1058//1058 1059//1059 1060//1060
f 1060//1060 1059//1059 1061//1061
f 1060//1060 1061//1061 1062//1062
f 1062//1062 1061//1061 1063//1063
f 1062//1062 1063//1063 1064//1064
f 1064//1064 1063//1063 1065//1065
f 1064//1064 1065//1065 1066//1066
f 1066//1066 1065//1065 1067//1067
f 1066//1066 1067//1067 1068//1068
f 1068//1068 1067//1067 1069//1069
f 1069//1069 1067//1067 1070//1070
f 1069//1069 1070//1070 1071//1071
f 1071//1071 1070//1070 1072//1072
f 1071//1071 1072//1072 1073//1073
f 1073//1073 1072//1072 1074//1074
f 1073//1073 1074//1074 1075//1075
f 1075//1075 1074//1074 1076//1076
f 1075//1075 1076//1076 1077//1077
f 1077//1077 1076//1076 1078//1078
f 1077//1077 1078//1078 1079//1079
f 1079//1079 1078//1078 1080//1080
f 1079//1079 1080//1080 1081//1081
f 1081//1081 1080//1080 1082//1082
f 1081//1081 1082//1082 1083//1083
f 1083//1083 1082//1082 1084//1084
f 1083//1083 1084//1084 1085//1085
f 1085//1085 1084//1084 1086//1086
f 1086//1086 1084//1084 1087//1087
f 1086//1086 1087//1087 1088//1088
f 1088//1088 1087//1087 1080//1080
f 1088//1088 1080//1080 1078//1078
f 1059//1059 1089//1089 1061//1061
f 1061//1061 1089//1089 1090//1090
f 1061//1061 1090//1090 1063//1063
f 1063//1063 1090//1090 1091//1091
f 1063//1063 1091//1091 1065//1065
f 1065//1065 1091//1091 1092//1092
f 1065//1065 1092//1092 1067//1067
f 1067//1067 1092//1092 1070//1070
f 1089//1089 1093//1093 1090//1090
f 1090//1090 1093//1093 1094//1094
f 1090//1090 1094//1094 1091//1091
f 1091//1091 1094//1094 1095//1095
f 1091//1091 1095//1095 1092//1092
f 1092//1092 1095//1095 1096//1096
f 1092//1092 1096//1096 1070//1070
f 1070//1070 1096//1096 1072//1072
f 1093//1093 1097//1097 1094//1094
f 1094//1094 1097//1097 1098//1098
f 1094//1094 1098//1098 1095//1095
f 1095//1095 1098//1098 1099//1099
f 1095//1095 1099//1099 1096//1096
f 1096//1096 1099//1099 1100//1100
f 1096//1096 1100//1100 1072//1072
f 1072//1072 1100//1100 1074//1074
f 1097//1097 1101//1101 1098//1098
f 1098//1098 1101//1101 1102//1102
f 1098//1098 1102//1102 1099//1099
f 1099//1099 1102//1102 1103//1103
f 1099//1099 1103//1103 1100//1100
f 1100//1100 1103//1103 1104//1104
f 1100//1100 1104//1104 1074//1074
f 1074//1074 1104//1104 1076//1076
f 1101//1101 1105//1105 1102//1102
f 1102//1102 1105//1105 1106//1106
f 1102//1102 1106//1106 1103//1103
f 1103//1103 1106//1106 1107//1107
f 1103//1103 1107//1107 1104//1104
f 1104//1104 1107//1107 1108//1108
f 1104//1104 1108//1108 1076//1076
f 1076//1076 1108//1108 1078//1078
f 1105//1105 1109//1109 1106//1106
f 1106//1106 1109//1109 1110//1110
f 1106//1106 1110//1110 1107//1107
f 1107//1107 1110//1110 1111//1111
f 1107//1107 1111//1111 1108//1108
f 1108//1108 1111//1111 1078//1078
f 1109//1109 1112//1112 1110//1110
f 1110//1110 1112//1112 1111//1111
f 1111//1111 1112//1112 1088//1088
f 1088//1088 1112//1112 1086//1086
f 1083//1083 1113//1113 1081//1081
f 1081//1081 1113//1113 1114//1114
f 1081//1081 1114//1114 1079//1079
f 1079//1079 1114//1114 1115//1115
f 1079//1079 1115//1115 1077//1077
f 1077//1077 1115//1115 1116//1116
f 1077//1077 1116//1116 1075//1075
f 1075//1075 1116//1116 1117//1117
f 1075//1075 1117//1117 1073//1073
f 1113//1113 1118//1118 1114//1114
f 1114//1114 1118//1118 1119//1119
f 1114//1114 1119//1119 1115//1115
f 1115//1115 1119//1119 1117//1117
f 1115//1115 1117//1117 1116//1116
f 1068//1068 1120//1120 1066//1066
f 1066//1066 1120//1120 1121//1121
f 1066//1066 1121//1121 1064//1064
f 1064//1064 1121//1121 1122//1122
f 1064//1064 1122//1122 1062//1062
f 1062//1062 1122//1122 1123//1123
f 1062//1062 1123//1123 1060//1060
f 1060//1060 1123//1123 1058//1058
f 1121//1121 1120//1120 1124//1124
f 1124//1124 1120//1120 1125//1125
f 1124//1124 1125//1125 1126//1126
f 1126//1126 1125//1125 1127//1127
f 1126//1126 1127//1127 1128//1128
f 1128//1128 1127//1127 1129//1129
f 1128//1128 1129//1129 1130//1130
f 1130//1130 1129//1129 1131//1131
f 1130//1130 1131//1131 1046//1046
f 1046//1046 1131//1131 1048//1048
f 1125//1125 1132//1132 1127//1127
f 1127//1127 1132//1132 1133//1133
f 1127//1127 1133//1133 1129//1129
f 1129//1129 1133//1133 1134//1134
f 1129//1129 1134//1134 1131//1131
f 1131//1131 1134//1134 1050//1050
f 1131//1131 1050//1050 1048//1048
f 1133//1133 1132//1132 1135//1135
f 1135//1135 1132//1132 1056//1056
f 1135//1135 1056//1056 1054//1054
f 1055//1055 1057//1057 1136//1136
f 1136//1136 1057//1057 1137//1137
f 1136//1136 1137//1137 1138//1138
f 1138//1138 1137//1137 1139//1139
f 1138//1138 1139//1139 1140//1140
f 1140//1140 1139//1139 1141//1141
f 1140//1140 1141//1141 1142//1142
f 1142//1142 1141//1141 1143//1143
f 1142//1142 1143//1143 1144//1144
f 1144//1144 1143//1143 1145//1145
f 1144//1144 1145//1145 1146//1146
f 1146//1146 1145//1145 1147//1147
f 1146//1146 1147//1147 1148//1148
f 1148//1148 1147//1147 1149//1149
f 1148//1148 1149//1149 1150//1150
f 1150//1150 1149//1149 1151//1151
f 1150//1150 1151//1151 1152//1152
f 1152//1152 1151//1151 1153//1153
f 1152//1152 1153//1153 1154//1154
f 1154//1154 1153//1153 1155//1155
f 1154//1154 1155//1155 1156//1156
f 1156//1156 1155//1155 1157//1157
f 1156//1156 1157//1157 1158//1158
f 1137//1137 1159//1159 1139//1139
f 1139//1139 1159//1159 1160//1160
f 1139//1139 1160//1160 1141//1141
f 1141//1141 1160//1160 1161//1161
f 1141//1141 1161//1161 1162//1162
f 1162//1162 1161//1161 1153//1153
f 1162//1162 1153//1153 1151//1151
f 1160//1160 1159//1159 1161//1161
f 1161//1161 1159//1159 1157//1157
f 1161//1161 1157//1157 1155//1155
f 1156//1156 1158//1158 1163//1163
f 1163//1163 1158//1158 1164//1164
f 1163//1163 1164//1164 1165//1165
f 1165//1165 1164//1164 1166//1166
f 1165//1165 1166//1166 1167//1167
f 1167//1167 1166//1166 1168//1168
f 1167//1167 1168//1168 1169//1169
f 1164//1164 1170//1170 1166//1166
f 1166//1166 1170//1170 1168//1168
f 1167//1167 1169//1169 1171//1171
f 1171//1171 1169//1169 1172//1172
f 1171//1171 1172//1172 1173//1173
f 1173//1173 1172//1172 1174//1174
f 1173//1173 1174//1174 1175//1175
f 1175//1175 1174//1174 1176//1176
f 1175//1175 1176//1176 1177//1177
f 1177//1177 1176//1176 1150//1150
f 1177//1177 1150//1150 1152//1152
f 1176//1176 1148//1148 1150//1150
f 1146//1146 1178//1178 1144//1144
f 1144//1144 1178//1178 1179//1179
f 1144//1144 1179//1179 1180//1180
f 1180//1180 1179//1179 1181//1181
f 1180//1180 1181//1181 1182//1182
f 1182//1182 1181//1181 1053//1053
f 1182//1182 1053//1053 1055//1055
f 1178//1178 1183//1183 1179//1179
f 1179//1179 1183//1183 1184//1184
f 1179//1179 1184//1184 1181//1181
f 1181//1181 1184//1184 1051//1051
f 1181//1181 1051//1051 1053//1053
f 1184//1184 1183//1183 1049//1049
f 1049//1049 1183//1183 1047//1047
f 1133//1133 1135//1135 1134//1134
f 1134//1134 1135//1135 1052//1052
f 1134//1134 1052//1052 1050//1050
f 1054//1054 1052//1052 1135//1135
f 1046//1046 1044//1044 1130//1130
f 1130//1130 1044//1044 1185//1185
f 1130//1130 1185//1185 1128//1128
f 1128//1128 1185//1185 1186//1186
f 1128//1128 1186//1186 1126//1126
f 1126//1126 1186//1186 1124//1124
f 1186//1186 1185//1185 1123//1123
f 1123//1123 1185//1185 1058//1058
f 1058//1058 1185//1185 1044//1044
f 1124//1124 1186//1186 1122//1122
f 1122//1122 1186//1186 1123//1123
f 1124//1124 1122//1122 1121//1121
f 1088//1088 1078//1078 1111//1111
f 1084//1084 1082//1082 1087//1087
f 1087//1087 1082//1082 1080//1080
f 1055//1055 1136//1136 1182//1182
f 1182//1182 1136//1136 1187//1187
f 1182//1182 1187//1187 1180//1180
f 1180//1180 1187//1187 1142//1142
f 1180//1180 1142//1142 1144//1144
f 1049//1049 1051//1051 1184//1184
f 1138//1138 1140//1140 1187//1187
f 1187//1187 1140//1140 1142//1142
f 1136//1136 1138//1138 1187//1187
f 1143//1143 1141//1141 1162//1162
f 1145//1145 1143//1143 1188//1188
f 1188//1188 1143//1143 1162//1162
f 1188//1188 1162//1162 1151//1151
f 1155//1155 1153//1153 1161//1161
f 1149//1149 1147//1147 1188//1188
f 1188//1188 1147//1147 1145//1145
f 1149//1149 1188//1188 1151//1151
f 1154//1154 1156//1156 1189//1189
f 1189//1189 1156//1156 1163//1163
f 1189//1189 1163//1163 1190//1190
f 1190//1190 1163//1163 1165//1165
f 1190//1190 1165//1165 1167//1167
f 1152//1152 1154//1154 1191//1191
f 1191//1191 1154//1154 1189//1189
f 1191//1191 1189//1189 1192//1192
f 1192//1192 1189//1189 1190//1190
f 1192//1192 1190//1190 1171//1171
f 1171//1171 1190//1190 1167//1167
f 1175//1175 1177//1177 1191//1191
f 1191//1191 1177//1177 1152//1152
f 1175//1175 1191//1191 1192//1192
f 1175//1175 1192//1192 1173//1173
f 1173//1173 1192//1192 1171//1171
f 1118//1118 1113//1113 1193//1193
f 1193//1193 1113//1113 1194//1194
f 1193//1193 1194//1194 1195//1195
f 1195//1195 1194//1194 1196//1196
f 1195//1195 1196//1196 1197//1197
f 1197//1197 1196//1196 1198//1198
f 1197//1197 1198//1198 1199//1199
f 1199//1199 1198//1198 1200//1200
f 1199//1199 1200//1200 1201//1201
f 1201//1201 1200//1200 1202//1202
f 1201//1201 1202//1202 1170//1170
f 1170//1170 1202//1202 1168//1168
f 1168//1168 1202//1202 1203//1203
f 1168//1168 1203//1203 1204//1204
f 1204//1204 1203//1203 1205//1205
f 1204//1204 1205//1205 1206//1206
f 1206//1206 1205//1205 1207//1207
f 1207//1207 1205//1205 1208//1208
f 1207//1207 1208//1208 1209//1209
f 1209//1209 1208//1208 1210//1210
f 1209//1209 1210//1210 1211//1211
f 1211//1211 1210//1210 1198//1198
f 1211//1211 1198//1198 1196//1196
f 1194//1194 1113//1113 1212//1212
f 1212//1212 1113//1113 1083//1083
f 1212//1212 1083//1083 1213//1213
f 1213//1213 1083//1083 1214//1214
f 1213//1213 1214//1214 1209//1209
f 1209//1209 1214//1214 1207//1207
f 1083//1083 1085//1085 1214//1214
f 1206//1206 1172//1172 1204//1204
f 1204//1204 1172//1172 1169//1169
f 1204//1204 1169//1169 1168//1168
f 1212//1212 1213//1213 1209//1209
f 1196//1196 1194//1194 1212//1212
f 1211//1211 1196//1196 1212//1212
f 1209//1209 1211//1211 1212//1212
f 1210//1210 1208//1208 1215//1215
f 1215//1215 1208//1208 1205//1205
f 1215//1215 1205//1205 1203//1203
f 1198//1198 1210//1210 1200//1200
f 1200//1200 1210//1210 1215//1215
f 1200//1200 1215//1215 1202//1202
f 1202//1202 1215//1215 1203//1203
f 1045//1045 1047//1047 1216//1216
f 1216//1216 1047//1047 1183//1183
f 1216//1216 1183//1183 1217//1217
f 1217//1217 1183//1183 1178//1178
f 1217//1217 1178//1178 1218//1218
f 1218//1218 1178//1178 1146//1146
f 1218//1218 1146//1146 1219//1219
f 1219//1219 1146//1146 1148//1148
f 1219//1219 1148//1148 1220//1220
f 1220//1220 1148//1148 1176//1176
f 1220//1220 1176//1176 1221//1221
f 1221//1221 1176//1176 1174//1174
f 1221//1221 1174//1174 1222//1222
f 1222//1222 1174//1174 1172//1172
f 1222//1222 1172//1172 1223//1223
f 1223//1223 1172//1172 1206//1206
f 1223//1223 1206//1206 1207//1207
f 1223//1223 1207//1207 1224//1224
f 1224//1224 1207//1207 1214//1214
f 1224//1224 1214//1214 1225//1225
f 1225//1225 1214//1214 1085//1085
f 1225//1225 1085//1085 1226//1226
f 1226//1226 1085//1085 1086//1086
f 1226//1226 1086//1086 1227//1227
f 1227//1227 1086//1086 1112//1112
f 1227//1227 1112//1112 1228//1228
f 1228//1228 1112//1112 1109//1109
f 1228//1228 1109//1109 1105//1105
f 1170//1170 1164//1164 1229//1229
f 1229//1229 1164//1164 1158//1158
f 1229//1229 1158//1158 1230//1230
f 1230//1230 1158//1158 1231//1231
f 1231//1231 1158//1158 1157//1157
f 1231//1231 1157//1157 1232//1232
f 1232//1232 1157//1157 1233//1233
f 1233//1233 1157//1157 1159//1159
f 1233//1233 1159//1159 1234//1234
f 1234//1234 1159//1159 1235//1235
f 1235//1235 1159//1159 1137//1137
f 1235//1235 1137//1137 1057//1057
f 1057//1057 1056//1056 1235//1235
f 1235//1235 1056//1056 1132//1132
f 1235//1235 1132//1132 1236//1236
f 1236//1236 1132//1132 1125//1125
f 1236//1236 1125//1125 1120//1120
f 1236//1236 1120//1120 1237//1237
f 1237//1237 1120//1120 1068//1068
f 1237//1237 1068//1068 1069//1069
f 1069//1069 1071//1071 1237//1237
f 1237//1237 1071//1071 1073//1073
f 1237//1237 1073//1073 1238//1238
f 1238//1238 1073//1073 1239//1239
f 1239//1239 1073//1073 1240//1240
f 1240//1240 1073//1073 1117//1117
f 1240//1240 1117//1117 1241//1241
f 1241//1241 1117//1117 1119//1119
f 1241//1241 1119//1119 1118//1118
f 1242//1242 1243//1243 1234//1234
f 1234//1234 1243//1243 1244//1244
f 1234//1234 1244//1244 1245//1245
f 1243//1243 1242//1242 1246//1246
f 1246//1246 1242//1242 1247//1247
f 1246//1246 1247//1247 1248//1248
f 1248//1248 1247//1247 1249//1249
f 1248//1248 1249//1249 1250//1250
f 1250//1250 1249//1249 1251//1251
f 1250//1250 1251//1251 1252//1252
f 1252//1252 1251//1251 1253//1253
f 1245//1245 1233//1233 1234//1234
f 1216//1216 1254//1254 1045//1045
f 1045//1045 1254//1254 1255//1255
f 1045//1045 1255//1255 1043//1043
f 1043//1043 1255//1255 1256//1256
f 1043//1043 1256//1256 1059//1059
f 1059//1059 1256//1256 1089//1089
f 1089//1089 1256//1256 1257//1257
f 1089//1089 1257//1257 1093//1093
f 1093//1093 1257//1257 1097//1097
f 1097//1097 1257//1257 1258//1258
f 1097//1097 1258//1258 1101//1101
f 1101//1101 1258//1258 1105//1105
f 1105//1105 1258//1258 1259//1259
f 1105//1105 1259//1259 1228//1228
f 1228//1228 1259//1259 1227//1227
f 1227//1227 1259//1259 1260//1260
f 1227//1227 1260//1260 1226//1226
f 1226//1226 1260//1260 1261//1261
f 1226//1226 1261//1261 1225//1225
f 1225//1225 1261//1261 1262//1262
f 1225//1225 1262//1262 1224//1224
f 1224//1224 1262//1262 1263//1263
f 1224//1224 1263//1263 1223//1223
f 1223//1223 1263//1263 1264//1264
f 1223//1223 1264//1264 1222//1222
f 1222//1222 1264//1264 1221//1221
f 1221//1221 1264//1264 1265//1265
f 1221//1221 1265//1265 1220//1220
f 1220//1220 1265//1265 1266//1266
f 1220//1220 1266//1266 1219//1219
f 1219//1219 1266//1266 1267//1267
f 1219//1219 1267//1267 1218//1218
f 1218//1218 1267//1267 1268//1268
f 1218//1218 1268//1268 1217//1217
f 1217//1217 1268//1268 1254//1254
f 1217//1217 1254//1254 1216//1216
f 1257//1257 1269//1269 1258//1258
f 1258//1258 1269//1269 1270//1270
f 1258//1258 1270//1270 1259//1259
f 1259//1259 1270//1270 1271//1271
f 1259//1259 1271//1271 1272//1272
f 1257//1257 1256//1256 1269//1269
f 1269//1269 1256//1256 1273//1273
f 1273//1273 1256//1256 1255//1255
f 1273//1273 1255//1255 1274//1274
f 1274//1274 1255//1255 1254//1254
f 1274//1274 1254//1254 1275//1275
f 1275//1275 1254//1254 1268//1268
f 1275//1275 1268//1268 1276//1276
f 1276//1276 1268//1268 1267//1267
f 1276//1276 1267//1267 1277//1277
f 1277//1277 1267//1267 1266//1266
f 1277//1277 1266//1266 1278//1278
f 1278//1278 1266//1266 1265//1265
f 1278//1278 1265//1265 1279//1279
f 1279//1279 1265//1265 1264//1264
f 1279//1279 1264//1264 1280//1280
f 1280//1280 1264//1264 1263//1263
f 1280//1280 1263//1263 1281//1281
f 1281//1281 1263//1263 1262//1262
f 1281//1281 1262//1262 1282//1282
f 1282//1282 1262//1262 1261//1261
f 1282//1282 1261//1261 1283//1283
f 1283//1283 1261//1261 1260//1260
f 1283//1283 1260//1260 1272//1272
f 1272//1272 1260//1260 1259//1259
f 1284//1284 1285//1285 1286//1286
f 1286//1286 1285//1285 1287//1287
f 1286//1286 1287//1287 1288//1288
f 1288//1288 1287//1287 1289//1289
f 1288//1288 1289//1289 1290//1290
f 1284//1284 1291//1291 1285//1285
f 1285//1285 1291//1291 1292//1292
f 1292//1292 1291//1291 1293//1293
f 1292//1292 1293//1293 1294//1294
f 1294//1294 1293//1293 1295//1295
f 1294//1294 1295//1295 1296//1296
f 1296//1296 1295//1295 1297//1297
f 1296//1296 1297//1297 1298//1298
f 1298//1298 1297//1297 1299//1299
f 1298//1298 1299//1299 1300//1300
f 1300//1300 1299//1299 1301//1301
f 1300//1300 1301//1301 1302//1302
f 1302//1302 1301//1301 1303//1303
f 1302//1302 1303//1303 1304//1304
f 1304//1304 1303//1303 1305//1305
f 1304//1304 1305//1305 1306//1306
f 1306//1306 1305//1305 1307//1307
f 1306//1306 1307//1307 1308//1308
f 1308//1308 1307//1307 1309//1309
f 1308//1308 1309//1309 1310//1310
f 1310//1310 1309//1309 1311//1311
f 1310//1310 1311//1311 1312//1312
f 1312//1312 1311//1311 1313//1313
f 1312//1312 1313//1313 1290//1290
f 1290//1290 1313//1313 1288//1288
f 1314//1314 1315//1315 1316//1316
f 1316//1316 1315//1315 1317//1317
f 1316//1316 1317//1317 1318//1318
f 1318//1318 1317//1317 1319//1319
f 1319//1319 1317//1317 1320//1320
f 1319//1319 1320//1320 1321//1321
f 1321//1321 1320//1320 1322//1322
f 1322//1322 1320//1320 1323//1323
f 1322//1322 1323//1323 1324//1324
f 1324//1324 1323//1323 1325//1325
f 1324//1324 1325//1325 1326//1326
f 1326//1326 1325//1325 1327//1327
f 1327//1327 1325//1325 1328//1328
f 1328//1328 1325//1325 1329//1329
f 1328//1328 1329//1329 1330//1330
f 1330//1330 1329//1329 1331//1331
f 1331//1331 1329//1329 1332//1332
f 1331//1331 1332//1332 1333//1333
f 1333//1333 1332//1332 1334//1334
f 1334//1334 1332//1332 1335//1335
f 1335//1335 1332//1332 1336//1336
f 1335//1335 1336//1336 1337//1337
f 1337//1337 1336//1336 1338//1338
f 1338//1338 1336//1336 1339//1339
f 1338//1338 1339//1339 1340//1340
f 1340//1340 1339//1339 1341//1341
f 1341//1341 1339//1339 1342//1342
f 1341//1341 1342//1342 1343//1343
f 1343//1343 1342//1342 1344//1344
f 1343//1343 1344//1344 1345//1345
f 1345//1345 1344//1344 1346//1346
f 1346//1346 1344//1344 1347//1347
f 1346//1346 1347//1347 1348//1348
f 1348//1348 1347//1347 1349//1349
f 1348//1348 1349//1349 1350//1350
f 1350//1350 1349//1349 1351//1351
f 1350//1350 1351//1351 1352//1352
f 1352//1352 1351//1351 1353//1353
f 1353//1353 1351//1351 1354//1354
f 1353//1353 1354//1354 1355//1355
f 1355//1355 1354//1354 1356//1356
f 1356//1356 1354//1354 1357//1357
f 1356//1356 1357//1357 1358//1358
f 1358//1358 1357//1357 1359//1359
f 1359//1359 1357//1357 1360//1360
f 1359//1359 1360//1360 1361//1361
f 1361//1361 1360//1360 1362//1362
f 1362//1362 1360//1360 1363//1363
f 1363//1363 1360//1360 1364//1364
f 1363//1363 1364//1364 1365//1365
f 1365//1365 1364//1364 1366//1366
f 1366//1366 1364//1364 1367//1367
f 1367//1367 1364//1364 1368//1368
f 1367//1367 1368//1368 1369//1369
f 1369//1369 1368//1368 1370//1370
f 1369//1369 1370//1370 1371//1371
f 1371//1371 1370//1370 1372//1372
f 1371//1371 1372//1372 1373//1373
f 1314//1314 1374//1374 1315//1315
f 1315//1315 1374//1374 1375//1375
f 1315//1315 1375//1375 1376//1376
f 1376//1376 1375//1375 1377//1377
f 1378//1378 1379//1379 1376//1376
f 1376//1376 1379//1379 1380//1380
f 1376//1376 1380//1380 1381//1381
f 1381//1381 1382//1382 1376//1376
f 1376//1376 1382//1382 1315//1315
f 1382//1382 1383//1383 1315//1315
f 1315//1315 1383//1383 1384//1384
f 1315//1315 1384//1384 1385//1385
f 1385//1385 1372//1372 1315//1315
f 1315//1315 1372//1372 1370//1370
f 1323//1323 1320//1320 1386//1386
f 1386//1386 1320//1320 1387//1387
f 1386//1386 1387//1387 1388//1388
f 1388//1388 1387//1387 1389//1389
f 1388//1388 1389//1389 1390//1390
f 1390//1390 1389//1389 1391//1391
f 1390//1390 1391//1391 1392//1392
f 1390//1390 1392//1392 1393//1393
f 1393//1393 1392//1392 1394//1394
f 1393//1393 1394//1394 1370//1370
f 1368//1368 1395//1395 1370//1370
f 1370//1370 1395//1395 1396//1396
f 1370//1370 1396//1396 1393//1393
f 1394//1394 1397//1397 1370//1370
f 1370//1370 1397//1397 1398//1398
f 1399//1399 1400//1400 1401//1401
f 1401//1401 1400//1400 1402//1402
f 1402//1402 1400//1400 1403//1403
f 1402//1402 1403//1403 1404//1404
f 1402//1402 1404//1404 1405//1405
f 1405//1405 1404//1404 1406//1406
f 1405//1405 1406//1406 1407//1407
f 1407//1407 1406//1406 1408//1408
f 1407//1407 1408//1408 1409//1409
f 1407//1407 1409//1409 1410//1410
f 1410//1410 1409//1409 1411//1411
f 1410//1410 1411//1411 1412//1412
f 1410//1410 1412//1412 1413//1413
f 1413//1413 1412//1412 1414//1414
f 1413//1413 1414//1414 1415//1415
f 1415//1415 1414//1414 1416//1416
f 1415//1415 1416//1416 1417//1417
f 1415//1415 1417//1417 1418//1418
f 1418//1418 1417//1417 1419//1419
f 1418//1418 1419//1419 1420//1420
f 1420//1420 1419//1419 1421//1421
f 1421//1421 1419//1419 1422//1422
f 1421//1421 1422//1422 1423//1423
f 1421//1421 1423//1423 1424//1424
f 1424//1424 1423//1423 1425//1425
f 1424//1424 1425//1425 1426//1426
f 1426//1426 1425//1425 1427//1427
f 1428//1428 1429//1429 1426//1426
f 1426//1426 1429//1429 1430//1430
f 1426//1426 1430//1430 1424//1424
f 1405//1405 1431//1431 1402//1402
f 1402//1402 1431//1431 1432//1432
f 1402//1402 1432//1432 1433//1433
f 1434//1434 1435//1435 1436//1436
f 1436//1436 1435//1435 1314//1314
f 1436//1436 1314//1314 1437//1437
f 1437//1437 1314//1314 1316//1316
f 1314//1314 1435//1435 1438//1438
f 1438//1438 1435//1435 1439//1439
f 1438//1438 1439//1439 1440//1440
f 1441//1441 1442//1442 1440//1440
f 1440//1440 1442//1442 1438//1438
f 1438//1438 1442//1442 1374//1374
f 1374//1374 1442//1442 1443//1443
f 1374//1374 1443//1443 1375//1375
f 1375//1375 1443//1443 1444//1444
f 1375//1375 1444//1444 1377//1377
f 1374//1374 1314//1314 1438//1438
f 1445//1445 1399//1399 1446//1446
f 1446//1446 1399//1399 1401//1401
f 1446//1446 1401//1401 1447//1447
f 1447//1447 1401//1401 1448//1448
f 1447//1447 1448//1448 1449//1449
f 1449//1449 1448//1448 1450//1450
f 1449//1449 1450//1450 1451//1451
f 1451//1451 1450//1450 1452//1452
f 1451//1451 1453//1453 1449//1449
f 1449//1449 1453//1453 1454//1454
f 1454//1454 1453//1453 1455//1455
f 1455//1455 1453//1453 1456//1456
f 1455//1455 1456//1456 1457//1457
f 1457//1457 1456//1456 1458//1458
f 1457//1457 1458//1458 1459//1459
f 1459//1459 1458//1458 1460//1460
f 1459//1459 1460//1460 1461//1461
f 1459//1459 1461//1461 1462//1462
f 1462//1462 1461//1461 1463//1463
f 1462//1462 1463//1463 1464//1464
f 1464//1464 1463//1463 1465//1465
f 1466//1466 1467//1467 1468//1468
f 1468//1468 1467//1467 1469//1469
f 1468//1468 1469//1469 1470//1470
f 1470//1470 1469//1469 1471//1471
f 1471//1471 1469//1469 1472//1472
f 1469//1469 1467//1467 1473//1473
f 1473//1473 1467//1467 1474//1474
f 1473//1473 1474//1474 1475//1475
f 1475//1475 1474//1474 1476//1476
f 1475//1475 1476//1476 1477//1477
f 1477//1477 1476//1476 1478//1478
f 1477//1477 1478//1478 1479//1479
f 1479//1479 1478//1478 1480//1480
f 1479//1479 1480//1480 1481//1481
f 1481//1481 1480//1480 1482//1482
f 1482//1482 1480//1480 1483//1483
f 1483//1483 1480//1480 1484//1484
f 1483//1483 1484//1484 1485//1485
f 1485//1485 1484//1484 1486//1486
f 1486//1486 1484//1484 1487//1487
f 1487//1487 1484//1484 1488//1488
f 1487//1487 1488//1488 1489//1489
f 1489//1489 1488//1488 1490//1490
f 1490//1490 1488//1488 1491//1491
f 1491//1491 1488//1488 1492//1492
f 1491//1491 1492//1492 1493//1493
f 1493//1493 1492//1492 1494//1494
f 1494//1494 1492//1492 1495//1495
f 1494//1494 1495//1495 1496//1496
f 1496//1496 1495//1495 1497//1497
f 1497//1497 1495//1495 1498//1498
f 1497//1497 1498//1498 1499//1499
f 1499//1499 1498//1498 1500//1500
f 1500//1500 1498//1498 1501//1501
f 1500//1500 1501//1501 1502//1502
f 1502//1502 1501//1501 1503//1503
f 1503//1503 1501//1501 1504//1504
f 1504//1504 1501//1501 1505//1505
f 1504//1504 1505//1505 1506//1506
f 1506//1506 1505//1505 1507//1507
f 1506//1506 1507//1507 1508//1508
f 1508//1508 1507//1507 1034//1034
f 1034//1034 1507//1507 1035//1035
f 1035//1035 1507//1507 1036//1036
f 1036//1036 1507//1507 1037//1037
f 1037//1037 1507//1507 1038//1038
f 1038//1038 1507//1507 1039//1039
f 1039//1039 1507//1507 42//42
f 42//42 1507//1507 1509//1509
f 42//42 1509//1509 1510//1510
f 1510//1510 1509//1509 1511//1511
f 1510//1510 1511//1511 1512//1512
f 1512//1512 1511//1511 1513//1513
f 1512//1512 1513//1513 1514//1514
f 1514//1514 1513//1513 1515//1515
f 1514//1514 1515//1515 1516//1516
f 1516//1516 1515//1515 1517//1517
f 1516//1516 1517//1517 1518//1518
f 1518//1518 1517//1517 1519//1519
f 1518//1518 1519//1519 1520//1520
f 1520//1520 1519//1519 1521//1521
f 1521//1521 1519//1519 1522//1522
f 1521//1521 1522//1522 1523//1523
f 1523//1523 1522//1522 1524//1524
f 1523//1523 1524//1524 1525//1525
f 1525//1525 1524//1524 1480//1480
f 1525//1525 1480//1480 1526//1526
f 1526//1526 1480//1480 1478//1478
f 1526//1526 1478//1478 1527//1527
f 1526//1526 1527//1527 1525//1525
f 1525//1525 1527//1527 1528//1528
f 1525//1525 1528//1528 1523//1523
f 1523//1523 1528//1528 1529//1529
f 1523//1523 1529//1529 1521//1521
f 1518//1518 1530//1530 1516//1516
f 1516//1516 1530//1530 1531//1531
f 1516//1516 1531//1531 1514//1514
f 1514//1514 1531//1531 1532//1532
f 1514//1514 1532//1532 1512//1512
f 1512//1512 1532//1532 1533//1533
f 1512//1512 1533//1533 1510//1510
f 1510//1510 1533//1533 1534//1534
f 1510//1510 1534//1534 42//42
f 1530//1530 1535//1535 1531//1531
f 1531//1531 1535//1535 1536//1536
f 1531//1531 1536//1536 1532//1532
f 1532//1532 1536//1536 1537//1537
f 1532//1532 1537//1537 1533//1533
f 1533//1533 1537//1537 1534//1534
f 1535//1535 1538//1538 1536//1536
f 1536//1536 1538//1538 1539//1539
f 1536//1536 1539//1539 1537//1537
f 1537//1537 1539//1539 1534//1534
f 1538//1538 1540//1540 1539//1539
f 1539//1539 1540//1540 1541//1541
f 1539//1539 1541//1541 1534//1534
f 1508//1508 1504//1504 1506//1506
f 1524//1524 1522//1522 1542//1542
f 1542//1542 1522//1522 1519//1519
f 1542//1542 1519//1519 1543//1543
f 1543//1543 1519//1519 1517//1517
f 1543//1543 1517//1517 1515//1515
f 1480//1480 1524//1524 1484//1484
f 1484//1484 1524//1524 1542//1542
f 1484//1484 1542//1542 1488//1488
f 1488//1488 1542//1542 1543//1543
f 1488//1488 1543//1543 1492//1492
f 1492//1492 1543//1543 1515//1515
f 1492//1492 1515//1515 1513//1513
f 1498//1498 1495//1495 1501//1501
f 1501//1501 1495//1495 1544//1544
f 1501//1501 1544//1544 1505//1505
f 1505//1505 1544//1544 1511//1511
f 1505//1505 1511//1511 1509//1509
f 1495//1495 1492//1492 1544//1544
f 1544//1544 1492//1492 1513//1513
f 1544//1544 1513//1513 1511//1511
f 1507//1507 1505//1505 1509//1509
f 458//458 1545//1545 456//456
f 456//456 1545//1545 1546//1546
f 456//456 1546//1546 457//457
f 457//457 1546//1546 1547//1547
f 457//457 1547//1547 1548//1548
f 1545//1545 458//458 1549//1549
f 1549//1549 458//458 459//459
f 1549//1549 459//459 1550//1550
f 1550//1550 459//459 461//461
f 1550//1550 461//461 1551//1551
f 1551//1551 461//461 1552//1552
f 1552//1552 461//461 463//463
f 1552//1552 463//463 1553//1553
f 1553//1553 463//463 465//465
f 1553//1553 465//465 324//324
f 324//324 465//465 467//467
f 324//324 467//467 323//323
f 323//323 467//467 330//330
f 330//330 467//467 466//466
f 330//330 466//466 31//31
f 31//31 466//466 464//464
f 31//31 464//464 1554//1554
f 1554//1554 464//464 1555//1555
f 1555//1555 464//464 462//462
f 1555//1555 462//462 1556//1556
f 1556//1556 462//462 1557//1557
f 1557//1557 462//462 460//460
f 1557//1557 460//460 1548//1548
f 1548//1548 460//460 457//457
f 324//324 1558//1558 1553//1553
f 1554//1554 32//32 31//31
f 468//468 1559//1559 329//329
f 329//329 1559//1559 1560//1560
f 329//329 1560//1560 328//328
f 328//328 1560//1560 1561//1561
f 328//328 1561//1561 327//327
f 327//327 1561//1561 325//325
f 325//325 1561//1561 1562//1562
f 325//325 1562//1562 326//326
f 326//326 1562//1562 1563//1563
f 326//326 1563//1563 1030//1030
f 1030//1030 1563//1563 1564//1564
f 1030//1030 1564//1564 1028//1028
f 1028//1028 1564//1564 1026//1026
f 1026//1026 1564//1564 931//931
f 931//931 1564//1564 927//927
f 927//927 1564//1564 1565//1565
f 927//927 1565//1565 6//6
f 6//6 1565//1565 1566//1566
f 6//6 1566//1566 322//322
f 322//322 1566//1566 324//324
f 324//324 1566//1566 1567//1567
f 324//324 1567//1567 1568//1568
f 1568//1568 1558//1558 324//324
f 321//321 1569//1569 322//322
f 322//322 1569//1569 1//1
f 322//322 1//1 3//3
f 1569//1569 321//321 1030//1030
f 1030//1030 321//321 326//326
f 3//3 4//4 322//322
f 322//322 4//4 6//6
f 1441//1441 1440//1440 1570//1570
f 1570//1570 1440//1440 1439//1439
f 1570//1570 1439//1439 1435//1435
f 1435//1435 1434//1434 1570//1570
f 1570//1570 1434//1434 1571//1571
f 1570//1570 1571//1571 1572//1572
f 1570//1570 1572//1572 1573//1573
f 1573//1573 1572//1572 1574//1574
f 1573//1573 1574//1574 1575//1575
f 1575//1575 1576//1576 1573//1573
f 1573//1573 1577//1577 1570//1570
f 1529//1529 1578//1578 1521//1521
f 1521//1521 1578//1578 1520//1520
f 1520//1520 1578//1578 1518//1518
f 1518//1518 1578//1578 1530//1530
f 1530//1530 1578//1578 1579//1579
f 1530//1530 1579//1579 1580//1580
f 1577//1577 1573//1573 1578//1578
f 1578//1578 1573//1573 1579//1579
f 1581//1581 1582//1582 1583//1583
f 1583//1583 1582//1582 1584//1584
f 1583//1583 1584//1584 1585//1585
f 1586//1586 1587//1587 1581//1581
f 1581//1581 1587//1587 1588//1588
f 1581//1581 1588//1588 1582//1582
f 1589//1589 1590//1590 1586//1586
f 1586//1586 1590//1590 1591//1591
f 1586//1586 1591//1591 1592//1592
f 1592//1592 1591//1591 1593//1593
f 1592//1592 1593//1593 1594//1594
f 1594//1594 1593//1593 1595//1595
f 1594//1594 1595//1595 1596//1596
f 1596//1596 1595//1595 1597//1597
f 1597//1597 1595//1595 1598//1598
f 1597//1597 1598//1598 1599//1599
f 1599//1599 1598//1598 1600//1600
f 1599//1599 1600//1600 1601//1601
f 1601//1601 1600//1600 1602//1602
f 1602//1602 1600//1600 1603//1603
f 1602//1602 1603//1603 1604//1604
f 1604//1604 1603//1603 1605//1605
f 1604//1604 1605//1605 1606//1606
f 1606//1606 1605//1605 1607//1607
f 1606//1606 1607//1607 1608//1608
f 1608//1608 1607//1607 1609//1609
f 1608//1608 1609//1609 1610//1610
f 1610//1610 1609//1609 1611//1611
f 1610//1610 1611//1611 1612//1612
f 1612//1612 1611//1611 1613//1613
f 1612//1612 1613//1613 1589//1589
f 1589//1589 1613//1613 1590//1590
f 1599//1599 1601//1601 1614//1614
f 1614//1614 1601//1601 1615//1615
f 1614//1614 1615//1615 1616//1616
f 1616//1616 1615//1615 1617//1617
f 1617//1617 1615//1615 1583//1583
f 1617//1617 1583//1583 1618//1618
f 1618//1618 1583//1583 1619//1619
f 1619//1619 1583//1583 1620//1620
f 1620//1620 1583//1583 1585//1585
f 1592//1592 1587//1587 1586//1586
f 1621//1621 1622//1622 1623//1623
f 1623//1623 1622//1622 1624//1624
f 1624//1624 1622//1622 1625//1625
f 1624//1624 1625//1625 1626//1626
f 1626//1626 1625//1625 1627//1627
f 1626//1626 1627//1627 1628//1628
f 1628//1628 1627//1627 1629//1629
f 1628//1628 1629//1629 1630//1630
f 1628//1628 1630//1630 1631//1631
f 1631//1631 1630//1630 1632//1632
f 1631//1631 1632//1632 1633//1633
f 1633//1633 1632//1632 1634//1634
f 1633//1633 1634//1634 1635//1635
f 1635//1635 1634//1634 1636//1636
f 1635//1635 1636//1636 1637//1637
f 1637//1637 1636//1636 1638//1638
f 1638//1638 1636//1636 1639//1639
f 1638//1638 1639//1639 1640//1640
f 1640//1640 1639//1639 1641//1641
f 1640//1640 1641//1641 1642//1642
f 1642//1642 1641//1641 1643//1643
f 1642//1642 1643//1643 1644//1644
f 1644//1644 1643//1643 1645//1645
f 1644//1644 1645//1645 1579//1579
f 1644//1644 1579//1579 1646//1646
f 1646//1646 1579//1579 1573//1573
f 1646//1646 1573//1573 1647//1647
f 1647//1647 1573//1573 1648//1648
f 1648//1648 1573//1573 1649//1649
f 1649//1649 1573//1573 1650//1650
f 1649//1649 1650//1650 1651//1651
f 1651//1651 1650//1650 1652//1652
f 1652//1652 1650//1650 1452//1452
f 1652//1652 1452//1452 1450//1450
f 1573//1573 1576//1576 1650//1650
f 1653//1653 1654//1654 1650//1650
f 1650//1650 1654//1654 1452//1452
f 1655//1655 1651//1651 1405//1405
f 1405//1405 1651//1651 1431//1431
f 1431//1431 1651//1651 1432//1432
f 1432//1432 1651//1651 1433//1433
f 1433//1433 1651//1651 1652//1652
f 1433//1433 1652//1652 1656//1656
f 1657//1657 1622//1622 1658//1658
f 1658//1658 1622//1622 1621//1621
f 1658//1658 1621//1621 1659//1659
f 1660//1660 1661//1661 1658//1658
f 1658//1658 1661//1661 1662//1662
f 1658//1658 1662//1662 1663//1663
f 1663//1663 1657//1657 1658//1658
f 1664//1664 1665//1665 1666//1666
f 1666//1666 1665//1665 1667//1667
f 1666//1666 1667//1667 1668//1668
f 1668//1668 1667//1667 1669//1669
f 1668//1668 1669//1669 1670//1670
f 1670//1670 1669//1669 1671//1671
f 1670//1670 1671//1671 1672//1672
f 1672//1672 1671//1671 1673//1673
f 1672//1672 1673//1673 1674//1674
f 1674//1674 1673//1673 1675//1675
f 1675//1675 1673//1673 1676//1676
f 1676//1676 1673//1673 1677//1677
f 1677//1677 1673//1673 1678//1678
f 1677//1677 1678//1678 1679//1679
f 1679//1679 1678//1678 1680//1680
f 1679//1679 1680//1680 1681//1681
f 1681//1681 1680//1680 1682//1682
f 1682//1682 1680//1680 1683//1683
f 1682//1682 1683//1683 1684//1684
f 1684//1684 1683//1683 1685//1685
f 1684//1684 1685//1685 1686//1686
f 1686//1686 1685//1685 1687//1687
f 1686//1686 1687//1687 1688//1688
f 1688//1688 1687//1687 1689//1689
f 1688//1688 1689//1689 1690//1690
f 1690//1690 1689//1689 1691//1691
f 1691//1691 1689//1689 1692//1692
f 1691//1691 1692//1692 1693//1693
f 1693//1693 1692//1692 1694//1694
f 1694//1694 1692//1692 1695//1695
f 1694//1694 1695//1695 1696//1696
f 1696//1696 1695//1695 1697//1697
f 1697//1697 1695//1695 1698//1698
f 1697//1697 1698//1698 1699//1699
f 1699//1699 1698//1698 1664//1664
f 1664//1664 1698//1698 1700//1700
f 1664//1664 1700//1700 1665//1665
f 1701//1701 1702//1702 1703//1703
f 1703//1703 1702//1702 1704//1704
f 1703//1703 1704//1704 1705//1705
f 1705//1705 1704//1704 1706//1706
f 1705//1705 1706//1706 1707//1707
f 1707//1707 1706//1706 1708//1708
f 1709//1709 1710//1710 1711//1711
f 1711//1711 1710//1710 1712//1712
f 1712//1712 1710//1710 1713//1713
f 1712//1712 1713//1713 1714//1714
f 1714//1714 1713//1713 1715//1715
f 1714//1714 1715//1715 1716//1716
f 1716//1716 1715//1715 1717//1717
f 1716//1716 1717//1717 1718//1718
f 1718//1718 1717//1717 1719//1719
f 1718//1718 1719//1719 1720//1720
f 1720//1720 1719//1719 1721//1721
f 1720//1720 1721//1721 1722//1722
f 1722//1722 1721//1721 1723//1723
f 1723//1723 1721//1721 1724//1724
f 1723//1723 1724//1724 1725//1725
f 1725//1725 1724//1724 1726//1726
f 1725//1725 1726//1726 1727//1727
f 1727//1727 1726//1726 1728//1728
f 1727//1727 1728//1728 1729//1729
f 1729//1729 1728//1728 1730//1730
f 1730//1730 1728//1728 1731//1731
f 1730//1730 1731//1731 1732//1732
f 1733//1733 1734//1734 1735//1735
f 1735//1735 1734//1734 1736//1736
f 1735//1735 1736//1736 1737//1737
f 1736//1736 1734//1734 1738//1738
f 1738//1738 1734//1734 1739//1739
f 1738//1738 1739//1739 1740//1740
f 1740//1740 1739//1739 1741//1741
f 1740//1740 1741//1741 1742//1742
f 1742//1742 1741//1741 1743//1743
f 1742//1742 1743//1743 1744//1744
f 1737//1737 1745//1745 1735//1735
f 1735//1735 1745//1745 1746//1746
f 1735//1735 1746//1746 1747//1747
f 1735//1735 1747//1747 1748//1748
f 1748//1748 1747//1747 1749//1749
f 1748//1748 1749//1749 1750//1750
f 1750//1750 1751//1751 1748//1748
f 1748//1748 1751//1751 1752//1752
f 1748//1748 1752//1752 1753//1753
f 1753//1753 1754//1754 1748//1748
f 1748//1748 1754//1754 1755//1755
f 1748//1748 1755//1755 1756//1756
f 1756//1756 1757//1757 1748//1748
f 1748//1748 1757//1757 1758//1758
f 1748//1748 1758//1758 1759//1759
f 1759//1759 1758//1758 1760//1760
f 1759//1759 1760//1760 1761//1761
f 1761//1761 1760//1760 1762//1762
f 1761//1761 1762//1762 1763//1763
f 1763//1763 1764//1764 1761//1761
f 1761//1761 1764//1764 1765//1765
f 1761//1761 1765//1765 1766//1766
f 1766//1766 1767//1767 1761//1761
f 1761//1761 1767//1767 1768//1768
f 1761//1761 1768//1768 1769//1769
f 1769//1769 1770//1770 1761//1761
f 1761//1761 1770//1770 1771//1771
f 1771//1771 1770//1770 1772//1772
f 1771//1771 1772//1772 1773//1773
f 1773//1773 1774//1774 1771//1771
f 1771//1771 1774//1774 1775//1775
f 1771//1771 1775//1775 1776//1776
f 1776//1776 1777//1777 1771//1771
f 1771//1771 1777//1777 1778//1778
f 1771//1771 1778//1778 1779//1779
f 1779//1779 1780//1780 1771//1771
f 1771//1771 1780//1780 1781//1781
f 1781//1781 1780//1780 1782//1782
f 1781//1781 1782//1782 1783//1783
f 1783//1783 1784//1784 1781//1781
f 1781//1781 1784//1784 1785//1785
f 1781//1781 1785//1785 1786//1786
f 1786//1786 1787//1787 1781//1781
f 1781//1781 1787//1787 1788//1788
f 1781//1781 1788//1788 1789//1789
f 1789//1789 1790//1790 1781//1781
f 1781//1781 1790//1790 1791//1791
f 1781//1781 1791//1791 1792//1792
f 1781//1781 1792//1792 1793//1793
f 1793//1793 1792//1792 1794//1794
f 1793//1793 1794//1794 1795//1795
f 1795//1795 1796//1796 1793//1793
f 1793//1793 1796//1796 1797//1797
f 1793//1793 1797//1797 1798//1798
f 1798//1798 1799//1799 1793//1793
f 1793//1793 1799//1799 1800//1800
f 1793//1793 1800//1800 1801//1801
f 1801//1801 1802//1802 1793//1793
f 1793//1793 1802//1802 1803//1803
f 1793//1793 1803//1803 1804//1804
f 1804//1804 1805//1805 1793//1793
f 1793//1793 1805//1805 1806//1806
f 1793//1793 1806//1806 1807//1807
f 1807//1807 1808//1808 1793//1793
f 1793//1793 1808//1808 1809//1809
f 1793//1793 1809//1809 1810//1810
f 1810//1810 1811//1811 1793//1793
f 1793//1793 1811//1811 1812//1812
f 1812//1812 1811//1811 1813//1813
f 1814//1814 1815//1815 1816//1816
f 1816//1816 1815//1815 1373//1373
f 1816//1816 1373//1373 1817//1817
f 1817//1817 1373//1373 1818//1818
f 1818//1818 1373//1373 1819//1819
f 1819//1819 1373//1373 1820//1820
f 1819//1819 1820//1820 1732//1732
f 1732//1732 1820//1820 1821//1821
f 1732//1732 1821//1821 1730//1730
f 1730//1730 1821//1821 1822//1822
f 1730//1730 1822//1822 1823//1823
f 1823//1823 1822//1822 1824//1824
f 1823//1823 1824//1824 1825//1825
f 1815//1815 1826//1826 1373//1373
f 1373//1373 1826//1826 1371//1371
f 1371//1371 1826//1826 1827//1827
f 1371//1371 1827//1827 1369//1369
f 1369//1369 1827//1827 1828//1828
f 1369//1369 1828//1828 1367//1367
f 1367//1367 1828//1828 1829//1829
f 1367//1367 1829//1829 1366//1366
f 1366//1366 1829//1829 1830//1830
f 1366//1366 1830//1830 1365//1365
f 1365//1365 1830//1830 1831//1831
f 1365//1365 1831//1831 1363//1363
f 1363//1363 1831//1831 1832//1832
f 1363//1363 1832//1832 1362//1362
f 1362//1362 1832//1832 1833//1833
f 1834//1834 1835//1835 1825//1825
f 1825//1825 1835//1835 1823//1823
f 1835//1835 1836//1836 1823//1823
f 1824//1824 1837//1837 1825//1825
f 1825//1825 1837//1837 1838//1838
f 1825//1825 1838//1838 1839//1839
f 1839//1839 1838//1838 1834//1834
f 1839//1839 1834//1834 1825//1825
f 1838//1838 1840//1840 1834//1834
f 1834//1834 1840//1840 1835//1835
f 1835//1835 1840//1840 1841//1841
f 1835//1835 1841//1841 1836//1836
f 1842//1842 1733//1733 1843//1843
f 1843//1843 1733//1733 1735//1735
f 1844//1844 1845//1845 1815//1815
f 1815//1815 1845//1845 1846//1846
f 1815//1815 1846//1846 1847//1847
f 1847//1847 1846//1846 1848//1848
f 1847//1847 1848//1848 1849//1849
f 1847//1847 1850//1850 1815//1815
f 1815//1815 1850//1850 1826//1826
f 1851//1851 1842//1842 1852//1852
f 1852//1852 1842//1842 1853//1853
f 1853//1853 1842//1842 1843//1843
f 1853//1853 1843//1843 1735//1735
f 1853//1853 1735//1735 1854//1854
f 1854//1854 1735//1735 1748//1748
f 1854//1854 1748//1748 1855//1855
f 1855//1855 1748//1748 1759//1759
f 1855//1855 1759//1759 1856//1856
f 1856//1856 1759//1759 1761//1761
f 1856//1856 1761//1761 1857//1857
f 1857//1857 1761//1761 1771//1771
f 1857//1857 1771//1771 1858//1858
f 1858//1858 1771//1771 1781//1781
f 1858//1858 1781//1781 1859//1859
f 1859//1859 1781//1781 1793//1793
f 1859//1859 1793//1793 1812//1812
f 1860//1860 1861//1861 1701//1701
f 1701//1701 1861//1861 1862//1862
f 1701//1701 1862//1862 1702//1702
f 1702//1702 1862//1862 1863//1863
f 1864//1864 1865//1865 1866//1866
f 1866//1866 1865//1865 1867//1867
f 1867//1867 1865//1865 1868//1868
f 1867//1867 1868//1868 1869//1869
f 1869//1869 1868//1868 1870//1870
f 1869//1869 1870//1870 1871//1871
f 1871//1871 1870//1870 1872//1872
f 1871//1871 1872//1872 1873//1873
f 1873//1873 1872//1872 1874//1874
f 1873//1873 1874//1874 1875//1875
f 1875//1875 1874//1874 1876//1876
f 1875//1875 1876//1876 1877//1877
f 1877//1877 1876//1876 1852//1852
f 1877//1877 1852//1852 1853//1853
f 1865//1865 1878//1878 1868//1868
f 1868//1868 1878//1878 1870//1870
f 1878//1878 1879//1879 1870//1870
f 1870//1870 1879//1879 1872//1872
f 1879//1879 1880//1880 1872//1872
f 1872//1872 1880//1880 1881//1881
f 1872//1872 1881//1881 1874//1874
f 1874//1874 1881//1881 1882//1882
f 1874//1874 1882//1882 1876//1876
f 1876//1876 1882//1882 1883//1883
f 1876//1876 1883//1883 1884//1884
f 1884//1884 1883//1883 1862//1862
f 1884//1884 1862//1862 1861//1861
f 1883//1883 1863//1863 1862//1862
f 1860//1860 1885//1885 1861//1861
f 1861//1861 1885//1885 1886//1886
f 1861//1861 1886//1886 1884//1884
f 1884//1884 1851//1851 1876//1876
f 1876//1876 1851//1851 1852//1852
f 1877//1877 1853//1853 1887//1887
f 1887//1887 1853//1853 1854//1854
f 1887//1887 1854//1854 1888//1888
f 1888//1888 1854//1854 1855//1855
f 1888//1888 1855//1855 1889//1889
f 1889//1889 1855//1855 1856//1856
f 1889//1889 1856//1856 1890//1890
f 1890//1890 1856//1856 1857//1857
f 1890//1890 1857//1857 1891//1891
f 1891//1891 1857//1857 1858//1858
f 1891//1891 1858//1858 1892//1892
f 1892//1892 1858//1858 1859//1859
f 1892//1892 1859//1859 1893//1893
f 1893//1893 1859//1859 1812//1812
f 1893//1893 1812//1812 1894//1894
f 1894//1894 1812//1812 1895//1895
f 1894//1894 1895//1895 1896//1896
f 1896//1896 1895//1895 1897//1897
f 1896//1896 1897//1897 1898//1898
f 1898//1898 1897//1897 1899//1899
f 1898//1898 1899//1899 1900//1900
f 1900//1900 1899//1899 1901//1901
f 1900//1900 1901//1901 1902//1902
f 1902//1902 1901//1901 1903//1903
f 1902//1902 1903//1903 1904//1904
f 1904//1904 1903//1903 1905//1905
f 1904//1904 1905//1905 1906//1906
f 1906//1906 1905//1905 1907//1907
f 1906//1906 1907//1907 1908//1908
f 1908//1908 1907//1907 1909//1909
f 1908//1908 1909//1909 1910//1910
f 1910//1910 1909//1909 1911//1911
f 1910//1910 1911//1911 1912//1912
f 1912//1912 1911//1911 1913//1913
f 1913//1913 1911//1911 1914//1914
f 1913//1913 1914//1914 1915//1915
f 1915//1915 1914//1914 1916//1916
f 1915//1915 1916//1916 1917//1917
f 1917//1917 1916//1916 1918//1918
f 1917//1917 1918//1918 1919//1919
f 1919//1919 1918//1918 1920//1920
f 1919//1919 1920//1920 1921//1921
f 1921//1921 1920//1920 1922//1922
f 1921//1921 1922//1922 1923//1923
f 1923//1923 1922//1922 1924//1924
f 1923//1923 1924//1924 1925//1925
f 1925//1925 1924//1924 1926//1926
f 1925//1925 1926//1926 1927//1927
f 1927//1927 1926//1926 1928//1928
f 1927//1927 1928//1928 1929//1929
f 1929//1929 1928//1928 1930//1930
f 1929//1929 1930//1930 1931//1931
f 1931//1931 1930//1930 1932//1932
f 1931//1931 1932//1932 1933//1933
f 1933//1933 1932//1932 1934//1934
f 1933//1933 1934//1934 1935//1935
f 1935//1935 1934//1934 1936//1936
f 1935//1935 1936//1936 1465//1465
f 1465//1465 1936//1936 1937//1937
f 1465//1465 1937//1937 1464//1464
f 1464//1464 1937//1937 1938//1938
f 1464//1464 1938//1938 1462//1462
f 1462//1462 1938//1938 1939//1939
f 1462//1462 1939//1939 1459//1459
f 1459//1459 1939//1939 1940//1940
f 1459//1459 1940//1940 1457//1457
f 1457//1457 1940//1940 1941//1941
f 1457//1457 1941//1941 1455//1455
f 1455//1455 1941//1941 1942//1942
f 1455//1455 1942//1942 1454//1454
f 1454//1454 1942//1942 1943//1943
f 1454//1454 1943//1943 1449//1449
f 1449//1449 1943//1943 1944//1944
f 1449//1449 1944//1944 1447//1447
f 1447//1447 1944//1944 1945//1945
f 1447//1447 1945//1945 1446//1446
f 1446//1446 1945//1945 1946//1946
f 1446//1446 1946//1946 1947//1947
f 1947//1947 1946//1946 1948//1948
f 1948//1948 1946//1946 1949//1949
f 1949//1949 1946//1946 1950//1950
f 1949//1949 1950//1950 1951//1951
f 1951//1951 1950//1950 1952//1952
f 1951//1951 1952//1952 1953//1953
f 1953//1953 1952//1952 1954//1954
f 1954//1954 1952//1952 1955//1955
f 1954//1954 1955//1955 1956//1956
f 1956//1956 1955//1955 1957//1957
f 1956//1956 1957//1957 1958//1958
f 1958//1958 1957//1957 1959//1959
f 1959//1959 1957//1957 1960//1960
f 1959//1959 1960//1960 1427//1427
f 1901//1901 1961//1961 1903//1903
f 1903//1903 1961//1961 1962//1962
f 1903//1903 1962//1962 1905//1905
f 1905//1905 1962//1962 1963//1963
f 1905//1905 1963//1963 1907//1907
f 1907//1907 1963//1963 1964//1964
f 1907//1907 1964//1964 1909//1909
f 1909//1909 1964//1964 1965//1965
f 1909//1909 1965//1965 1911//1911
f 1911//1911 1965//1965 1914//1914
f 1961//1961 1966//1966 1962//1962
f 1962//1962 1966//1966 1967//1967
f 1962//1962 1967//1967 1963//1963
f 1963//1963 1967//1967 1968//1968
f 1963//1963 1968//1968 1964//1964
f 1964//1964 1968//1968 1969//1969
f 1964//1964 1969//1969 1965//1965
f 1965//1965 1969//1969 1970//1970
f 1965//1965 1970//1970 1914//1914
f 1914//1914 1970//1970 1916//1916
f 1966//1966 1971//1971 1967//1967
f 1967//1967 1971//1971 1972//1972
f 1967//1967 1972//1972 1968//1968
f 1968//1968 1972//1972 1973//1973
f 1968//1968 1973//1973 1969//1969
f 1969//1969 1973//1973 1974//1974
f 1969//1969 1974//1974 1970//1970
f 1970//1970 1974//1974 1975//1975
f 1970//1970 1975//1975 1916//1916
f 1916//1916 1975//1975 1918//1918
f 1971//1971 1976//1976 1972//1972
f 1972//1972 1976//1976 1977//1977
f 1972//1972 1977//1977 1973//1973
f 1973//1973 1977//1977 1978//1978
f 1973//1973 1978//1978 1974//1974
f 1974//1974 1978//1978 1979//1979
f 1974//1974 1979//1979 1975//1975
f 1975//1975 1979//1979 1980//1980
f 1975//1975 1980//1980 1918//1918
f 1918//1918 1980//1980 1920//1920
f 1976//1976 1981//1981 1977//1977
f 1977//1977 1981//1981 1982//1982
f 1977//1977 1982//1982 1978//1978
f 1978//1978 1982//1982 1983//1983
f 1978//1978 1983//1983 1979//1979
f 1979//1979 1983//1983 1984//1984
f 1979//1979 1984//1984 1980//1980
f 1980//1980 1984//1984 1985//1985
f 1980//1980 1985//1985 1920//1920
f 1920//1920 1985//1985 1922//1922
f 1981//1981 1986//1986 1982//1982
f 1982//1982 1986//1986 1987//1987
f 1982//1982 1987//1987 1983//1983
f 1983//1983 1987//1987 1988//1988
f 1983//1983 1988//1988 1984//1984
f 1984//1984 1988//1988 1989//1989
f 1984//1984 1989//1989 1985//1985
f 1985//1985 1989//1989 1990//1990
f 1985//1985 1990//1990 1922//1922
f 1922//1922 1990//1990 1924//1924
f 1986//1986 1991//1991 1987//1987
f 1987//1987 1991//1991 1992//1992
f 1987//1987 1992//1992 1988//1988
f 1988//1988 1992//1992 1993//1993
f 1988//1988 1993//1993 1989//1989
f 1989//1989 1993//1993 1994//1994
f 1989//1989 1994//1994 1990//1990
f 1990//1990 1994//1994 1995//1995
f 1990//1990 1995//1995 1924//1924
f 1924//1924 1995//1995 1926//1926
f 1991//1991 1996//1996 1992//1992
f 1992//1992 1996//1996 1997//1997
f 1992//1992 1997//1997 1993//1993
f 1993//1993 1997//1997 1998//1998
f 1993//1993 1998//1998 1994//1994
f 1994//1994 1998//1998 1999//1999
f 1994//1994 1999//1999 1995//1995
f 1995//1995 1999//1999 2000//2000
f 1995//1995 2000//2000 1926//1926
f 1926//1926 2000//2000 1928//1928
f 1996//1996 2001//2001 1997//1997
f 1997//1997 2001//2001 2002//2002
f 1997//1997 2002//2002 1998//1998
f 1998//1998 2002//2002 2003//2003
f 1998//1998 2003//2003 1999//1999
f 1999//1999 2003//2003 2004//2004
f 1999//1999 2004//2004 2000//2000
f 2000//2000 2004//2004 2005//2005
f 2000//2000 2005//2005 1928//1928
f 1928//1928 2005//2005 1930//1930
f 2001//2001 2006//2006 2002//2002
f 2002//2002 2006//2006 2007//2007
f 2002//2002 2007//2007 2003//2003
f 2003//2003 2007//2007 2008//2008
f 2003//2003 2008//2008 2004//2004
f 2004//2004 2008//2008 2009//2009
f 2004//2004 2009//2009 2005//2005
f 2005//2005 2009//2009 2010//2010
f 2005//2005 2010//2010 1930//1930
f 1930//1930 2010//2010 1932//1932
f 2006//2006 2011//2011 2007//2007
f 2007//2007 2011//2011 2012//2012
f 2007//2007 2012//2012 2008//2008
f 2008//2008 2012//2012 2013//2013
f 2008//2008 2013//2013 2009//2009
f 2009//2009 2013//2013 2014//2014
f 2009//2009 2014//2014 2010//2010
f 2010//2010 2014//2014 2015//2015
f 2010//2010 2015//2015 1932//1932
f 1932//1932 2015//2015 1934//1934
f 2011//2011 2016//2016 2012//2012
f 2012//2012 2016//2016 2017//2017
f 2012//2012 2017//2017 2013//2013
f 2013//2013 2017//2017 2018//2018
f 2013//2013 2018//2018 2014//2014
f 2014//2014 2018//2018 2019//2019
f 2014//2014 2019//2019 2015//2015
f 2015//2015 2019//2019 2020//2020
f 2015//2015 2020//2020 1934//1934
f 1934//1934 2020//2020 1936//1936
f 2016//2016 2021//2021 2017//2017
f 2017//2017 2021//2021 2022//2022
f 2017//2017 2022//2022 2018//2018
f 2018//2018 2022//2022 2023//2023
f 2018//2018 2023//2023 2019//2019
f 2019//2019 2023//2023 2024//2024
f 2019//2019 2024//2024 2020//2020
f 2020//2020 2024//2024 2025//2025
f 2020//2020 2025//2025 1936//1936
f 1936//1936 2025//2025 1937//1937
f 2021//2021 2026//2026 2022//2022
f 2022//2022 2026//2026 2027//2027
f 2022//2022 2027//2027 2023//2023
f 2023//2023 2027//2027 2028//2028
f 2023//2023 2028//2028 2024//2024
f 2024//2024 2028//2028 2029//2029
f 2024//2024 2029//2029 2025//2025
f 2025//2025 2029//2029 2030//2030
f 2025//2025 2030//2030 1937//1937
f 1937//1937 2030//2030 1938//1938
f 2026//2026 2031//2031 2027//2027
f 2027//2027 2031//2031 2032//2032
f 2027//2027 2032//2032 2028//2028
f 2028//2028 2032//2032 2033//2033
f 2028//2028 2033//2033 2029//2029
f 2029//2029 2033//2033 2034//2034
f 2029//2029 2034//2034 2030//2030
f 2030//2030 2034//2034 2035//2035
f 2030//2030 2035//2035 1938//1938
f 1938//1938 2035//2035 1939//1939
f 2031//2031 2036//2036 2032//2032
f 2032//2032 2036//2036 2037//2037
f 2032//2032 2037//2037 2033//2033
f 2033//2033 2037//2037 2038//2038
f 2033//2033 2038//2038 2034//2034
f 2034//2034 2038//2038 2039//2039
f 2034//2034 2039//2039 2035//2035
f 2035//2035 2039//2039 2040//2040
f 2035//2035 2040//2040 1939//1939
f 1939//1939 2040//2040 1940//1940
f 2036//2036 2041//2041 2037//2037
f 2037//2037 2041//2041 2042//2042
f 2037//2037 2042//2042 2038//2038
f 2038//2038 2042//2042 2043//2043
f 2038//2038 2043//2043 2039//2039
f 2039//2039 2043//2043 2044//2044
f 2039//2039 2044//2044 2040//2040
f 2040//2040 2044//2044 2045//2045
f 2040//2040 2045//2045 1940//1940
f 1940//1940 2045//2045 1941//1941
f 2041//2041 2046//2046 2042//2042
f 2042//2042 2046//2046 2047//2047
f 2042//2042 2047//2047 2043//2043
f 2043//2043 2047//2047 2048//2048
f 2043//2043 2048//2048 2044//2044
f 2044//2044 2048//2048 2049//2049
f 2044//2044 2049//2049 2045//2045
f 2045//2045 2049//2049 2050//2050
f 2045//2045 2050//2050 1941//1941
f 1941//1941 2050//2050 1942//1942
f 2046//2046 2051//2051 2047//2047
f 2047//2047 2051//2051 2052//2052
f 2047//2047 2052//2052 2048//2048
f 2048//2048 2052//2052 2053//2053
f 2048//2048 2053//2053 2049//2049
f 2049//2049 2053//2053 2054//2054
f 2049//2049 2054//2054 2050//2050
f 2050//2050 2054//2054 2055//2055
f 2050//2050 2055//2055 1942//1942
f 1942//1942 2055//2055 1943//1943
f 2051//2051 2056//2056 2052//2052
f 2052//2052 2056//2056 2057//2057
f 2052//2052 2057//2057 2053//2053
f 2053//2053 2057//2057 2058//2058
f 2053//2053 2058//2058 2054//2054
f 2054//2054 2058//2058 2059//2059
f 2054//2054 2059//2059 2055//2055
f 2055//2055 2059//2059 2060//2060
f 2055//2055 2060//2060 1943//1943
f 1943//1943 2060//2060 1944//1944
f 2056//2056 2061//2061 2057//2057
f 2057//2057 2061//2061 2062//2062
f 2057//2057 2062//2062 2058//2058
f 2058//2058 2062//2062 2063//2063
f 2058//2058 2063//2063 2059//2059
f 2059//2059 2063//2063 2064//2064
f 2059//2059 2064//2064 2060//2060
f 2060//2060 2064//2064 2065//2065
f 2060//2060 2065//2065 1944//1944
f 1944//1944 2065//2065 1945//1945
f 2061//2061 2066//2066 2062//2062
f 2062//2062 2066//2066 2067//2067
f 2062//2062 2067//2067 2063//2063
f 2063//2063 2067//2067 2068//2068
f 2063//2063 2068//2068 2064//2064
f 2064//2064 2068//2068 2069//2069
f 2064//2064 2069//2069 2065//2065
f 2065//2065 2069//2069 2070//2070
f 2065//2065 2070//2070 1945//1945
f 1945//1945 2070//2070 1946//1946
f 2066//2066 2071//2071 2067//2067
f 2067//2067 2071//2071 2072//2072
f 2067//2067 2072//2072 2068//2068
f 2068//2068 2072//2072 2073//2073
f 2068//2068 2073//2073 2069//2069
f 2069//2069 2073//2073 2074//2074
f 2069//2069 2074//2074 2070//2070
f 2070//2070 2074//2074 1950//1950
f 2070//2070 1950//1950 1946//1946
f 2071//2071 2075//2075 2072//2072
f 2072//2072 2075//2075 2076//2076
f 2072//2072 2076//2076 2073//2073
f 2073//2073 2076//2076 2077//2077
f 2073//2073 2077//2077 2074//2074
f 2074//2074 2077//2077 1952//1952
f 2074//2074 1952//1952 1950//1950
f 2075//2075 2078//2078 2076//2076
f 2076//2076 2078//2078 2079//2079
f 2076//2076 2079//2079 2077//2077
f 2077//2077 2079//2079 1955//1955
f 2077//2077 1955//1955 1952//1952
f 2078//2078 1960//1960 2079//2079
f 2079//2079 1960//1960 1957//1957
f 2079//2079 1957//1957 1955//1955
f 1427//1427 1425//1425 1959//1959
f 1947//1947 2080//2080 1446//1446
f 1446//1446 2080//2080 1445//1445
f 1912//1912 2081//2081 1910//1910
f 1910//1910 2081//2081 2082//2082
f 1910//1910 2082//2082 1908//1908
f 1908//1908 2082//2082 2083//2083
f 1908//1908 2083//2083 1906//1906
f 1906//1906 2083//2083 2084//2084
f 1906//1906 2084//2084 1904//1904
f 1904//1904 2084//2084 2085//2085
f 1904//1904 2085//2085 1902//1902
f 1902//1902 2085//2085 1900//1900
f 2081//2081 2086//2086 2082//2082
f 2082//2082 2086//2086 2087//2087
f 2082//2082 2087//2087 2083//2083
f 2083//2083 2087//2087 2088//2088
f 2083//2083 2088//2088 2084//2084
f 2084//2084 2088//2088 2089//2089
f 2084//2084 2089//2089 2085//2085
f 2085//2085 2089//2089 2090//2090
f 2085//2085 2090//2090 1900//1900
f 1900//1900 2090//2090 1898//1898
f 2086//2086 2091//2091 2087//2087
f 2087//2087 2091//2091 2092//2092
f 2087//2087 2092//2092 2088//2088
f 2088//2088 2092//2092 2093//2093
f 2088//2088 2093//2093 2089//2089
f 2089//2089 2093//2093 2094//2094
f 2089//2089 2094//2094 2090//2090
f 2090//2090 2094//2094 2095//2095
f 2090//2090 2095//2095 1898//1898
f 1898//1898 2095//2095 1896//1896
f 2091//2091 2096//2096 2092//2092
f 2092//2092 2096//2096 2097//2097
f 2092//2092 2097//2097 2093//2093
f 2093//2093 2097//2097 2098//2098
f 2093//2093 2098//2098 2094//2094
f 2094//2094 2098//2098 2099//2099
f 2094//2094 2099//2099 2095//2095
f 2095//2095 2099//2099 2100//2100
f 2095//2095 2100//2100 1896//1896
f 1896//1896 2100//2100 1894//1894
f 2097//2097 2096//2096 2101//2101
f 2101//2101 2096//2096 2102//2102
f 2101//2101 2102//2102 2103//2103
f 2103//2103 2102//2102 2104//2104
f 2103//2103 2104//2104 2105//2105
f 2105//2105 2104//2104 2106//2106
f 2105//2105 2106//2106 2107//2107
f 2107//2107 2106//2106 1833//1833
f 2107//2107 1833//1833 2108//2108
f 2108//2108 1833//1833 2109//2109
f 2108//2108 2109//2109 2110//2110
f 2110//2110 2109//2109 2111//2111
f 2110//2110 2111//2111 2112//2112
f 2112//2112 2111//2111 2113//2113
f 2112//2112 2113//2113 2114//2114
f 2114//2114 2113//2113 2115//2115
f 2114//2114 2115//2115 2116//2116
f 2116//2116 2115//2115 2117//2117
f 2116//2116 2117//2117 2118//2118
f 2118//2118 2117//2117 2119//2119
f 2118//2118 2119//2119 2120//2120
f 2120//2120 2119//2119 2121//2121
f 2120//2120 2121//2121 2122//2122
f 2120//2120 2122//2122 1869//1869
f 1869//1869 2122//2122 1867//1867
f 1875//1875 1877//1877 2123//2123
f 2123//2123 1877//1877 1887//1887
f 2123//2123 1887//1887 1888//1888
f 1873//1873 1875//1875 2124//2124
f 2124//2124 1875//1875 2123//2123
f 2124//2124 2123//2123 2125//2125
f 2125//2125 2123//2123 1888//1888
f 2125//2125 1888//1888 2126//2126
f 2126//2126 1888//1888 1889//1889
f 2126//2126 1889//1889 2127//2127
f 2127//2127 1889//1889 1890//1890
f 2127//2127 1890//1890 2128//2128
f 2128//2128 1890//1890 1891//1891
f 2128//2128 1891//1891 2129//2129
f 2129//2129 1891//1891 1892//1892
f 2129//2129 1892//1892 2130//2130
f 2130//2130 1892//1892 1893//1893
f 2130//2130 1893//1893 2131//2131
f 2131//2131 1893//1893 1894//1894
f 2131//2131 1894//1894 2100//2100
f 2120//2120 1869//1869 1871//1871
f 1873//1873 2124//2124 1871//1871
f 1871//1871 2124//2124 2132//2132
f 1871//1871 2132//2132 2120//2120
f 2120//2120 2132//2132 2133//2133
f 2120//2120 2133//2133 2118//2118
f 2118//2118 2133//2133 2116//2116
f 2132//2132 2124//2124 2134//2134
f 2134//2134 2124//2124 2125//2125
f 2134//2134 2125//2125 2135//2135
f 2135//2135 2125//2125 2126//2126
f 2135//2135 2126//2126 2136//2136
f 2136//2136 2126//2126 2127//2127
f 2136//2136 2127//2127 2137//2137
f 2137//2137 2127//2127 2128//2128
f 2137//2137 2128//2128 2138//2138
f 2138//2138 2128//2128 2129//2129
f 2138//2138 2129//2129 2139//2139
f 2139//2139 2129//2129 2130//2130
f 2139//2139 2130//2130 2140//2140
f 2140//2140 2130//2130 2131//2131
f 2140//2140 2131//2131 2141//2141
f 2141//2141 2131//2131 2100//2100
f 2141//2141 2100//2100 2099//2099
f 2132//2132 2134//2134 2133//2133
f 2133//2133 2134//2134 2142//2142
f 2133//2133 2142//2142 2116//2116
f 2116//2116 2142//2142 2114//2114
f 2142//2142 2134//2134 2135//2135
f 2142//2142 2135//2135 2143//2143
f 2143//2143 2135//2135 2136//2136
f 2143//2143 2136//2136 2144//2144
f 2144//2144 2136//2136 2137//2137
f 2144//2144 2137//2137 2145//2145
f 2145//2145 2137//2137 2138//2138
f 2145//2145 2138//2138 2146//2146
f 2146//2146 2138//2138 2139//2139
f 2146//2146 2139//2139 2147//2147
f 2147//2147 2139//2139 2140//2140
f 2147//2147 2140//2140 2148//2148
f 2148//2148 2140//2140 2141//2141
f 2148//2148 2141//2141 2149//2149
f 2149//2149 2141//2141 2099//2099
f 2149//2149 2099//2099 2098//2098
f 2112//2112 2114//2114 2143//2143
f 2143//2143 2114//2114 2142//2142
f 2112//2112 2143//2143 2144//2144
f 2110//2110 2112//2112 2144//2144
f 2110//2110 2144//2144 2145//2145
f 2108//2108 2110//2110 2145//2145
f 2108//2108 2145//2145 2146//2146
f 2107//2107 2108//2108 2146//2146
f 2107//2107 2146//2146 2147//2147
f 2105//2105 2107//2107 2147//2147
f 2105//2105 2147//2147 2148//2148
f 2103//2103 2105//2105 2148//2148
f 2103//2103 2148//2148 2149//2149
f 2101//2101 2103//2103 2149//2149
f 2101//2101 2149//2149 2098//2098
f 2097//2097 2101//2101 2098//2098
f 1708//1708 2150//2150 1707//1707
f 1707//1707 2150//2150 2151//2151
f 2151//2151 2150//2150 2152//2152
f 2151//2151 2152//2152 2153//2153
f 2153//2153 2152//2152 1709//1709
f 2153//2153 1709//1709 1711//1711
f 1814//1814 1816//1816 1844//1844
f 1844//1844 1816//1816 1845//1845
f 1744//1744 1743//1743 2154//2154
f 2154//2154 1743//1743 1700//1700
f 2154//2154 1700//1700 2155//2155
f 2155//2155 1700//1700 2156//2156
f 2156//2156 1700//1700 2157//2157
f 2157//2157 1700//1700 1698//1698
f 2157//2157 1698//1698 1695//1695
f 2157//2157 1695//1695 2158//2158
f 2158//2158 1695//1695 1692//1692
f 2158//2158 1692//1692 2159//2159
f 2159//2159 1692//1692 1689//1689
f 2159//2159 1689//1689 1687//1687
f 2159//2159 1687//1687 2160//2160
f 2160//2160 1687//1687 1685//1685
f 2160//2160 1685//1685 2161//2161
f 2161//2161 1685//1685 2162//2162
f 2161//2161 2162//2162 2163//2163
f 1841//1841 1840//1840 1685//1685
f 1685//1685 1840//1840 1838//1838
f 1685//1685 1838//1838 1837//1837
f 2164//2164 2162//2162 1837//1837
f 1837//1837 2162//2162 1685//1685
f 2165//2165 2166//2166 1378//1378
f 1378//1378 2166//2166 2167//2167
f 1378//1378 2167//2167 1379//1379
f 1379//1379 2167//2167 2168//2168
f 1379//1379 2168//2168 1380//1380
f 1380//1380 2168//2168 1381//1381
f 1381//1381 2168//2168 2169//2169
f 1381//1381 2169//2169 2170//2170
f 2170//2170 2169//2169 2171//2171
f 2170//2170 2171//2171 2172//2172
f 2172//2172 2171//2171 2173//2173
f 2172//2172 2173//2173 2174//2174
f 2174//2174 2173//2173 2175//2175
f 2174//2174 2175//2175 2176//2176
f 2176//2176 2175//2175 2164//2164
f 2176//2176 2164//2164 1824//1824
f 1824//1824 2164//2164 1837//1837
f 1466//1466 2177//2177 2165//2165
f 2165//2165 2177//2177 2178//2178
f 2165//2165 2178//2178 2179//2179
f 2179//2179 2178//2178 2168//2168
f 2179//2179 2168//2168 2167//2167
f 2177//2177 1466//1466 2180//2180
f 2180//2180 1466//1466 1468//1468
f 2180//2180 1468//1468 1470//1470
f 1470//1470 1471//1471 2180//2180
f 2180//2180 1471//1471 2181//2181
f 2180//2180 2181//2181 2177//2177
f 2177//2177 2181//2181 2182//2182
f 2177//2177 2182//2182 2178//2178
f 2178//2178 2182//2182 2183//2183
f 2178//2178 2183//2183 2169//2169
f 2169//2169 2183//2183 2171//2171
f 1472//1472 2184//2184 1471//1471
f 1471//1471 2184//2184 2181//2181
f 2184//2184 2185//2185 2181//2181
f 2181//2181 2185//2185 2186//2186
f 2181//2181 2186//2186 2187//2187
f 2187//2187 2186//2186 2188//2188
f 2187//2187 2188//2188 2189//2189
f 2189//2189 2188//2188 2175//2175
f 2189//2189 2175//2175 2173//2173
f 2188//2188 2164//2164 2175//2175
f 1824//1824 1822//1822 2176//2176
f 2176//2176 1822//1822 2190//2190
f 2176//2176 2190//2190 2191//2191
f 2191//2191 2190//2190 2192//2192
f 2191//2191 2192//2192 2193//2193
f 2193//2193 2192//2192 2194//2194
f 2193//2193 2194//2194 1383//1383
f 1383//1383 2194//2194 1384//1384
f 1384//1384 2194//2194 2195//2195
f 1384//1384 2195//2195 1385//1385
f 1385//1385 2195//2195 2196//2196
f 1385//1385 2196//2196 2197//2197
f 2190//2190 1822//1822 2198//2198
f 2198//2198 1822//1822 1821//1821
f 2198//2198 1821//1821 2199//2199
f 2199//2199 1821//1821 2200//2200
f 2199//2199 2200//2200 2201//2201
f 2201//2201 2200//2200 2202//2202
f 2201//2201 2202//2202 2195//2195
f 2195//2195 2202//2202 2196//2196
f 2200//2200 2203//2203 2202//2202
f 2202//2202 2203//2203 2196//2196
f 2197//2197 2204//2204 1385//1385
f 1385//1385 2204//2204 1372//1372
f 2193//2193 1383//1383 2205//2205
f 2205//2205 1383//1383 1382//1382
f 2205//2205 1382//1382 2170//2170
f 2170//2170 1382//1382 1381//1381
f 2176//2176 2191//2191 2174//2174
f 2174//2174 2191//2191 2206//2206
f 2174//2174 2206//2206 2172//2172
f 2172//2172 2206//2206 2205//2205
f 2172//2172 2205//2205 2170//2170
f 2178//2178 2169//2169 2168//2168
f 2189//2189 2173//2173 2171//2171
f 2189//2189 2171//2171 2183//2183
f 2189//2189 2183//2183 2187//2187
f 2187//2187 2183//2183 2182//2182
f 2187//2187 2182//2182 2181//2181
f 2166//2166 2165//2165 2179//2179
f 2167//2167 2166//2166 2179//2179
f 2191//2191 2193//2193 2206//2206
f 2206//2206 2193//2193 2205//2205
f 2190//2190 2198//2198 2192//2192
f 2192//2192 2198//2198 2201//2201
f 2192//2192 2201//2201 2194//2194
f 2194//2194 2201//2201 2195//2195
f 2199//2199 2201//2201 2198//2198
f 1813//1813 2207//2207 2208//2208
f 2208//2208 2207//2207 2209//2209
f 2208//2208 2209//2209 2210//2210
f 2210//2210 2209//2209 2211//2211
f 2210//2210 2211//2211 2212//2212
f 2212//2212 2211//2211 2213//2213
f 2212//2212 2213//2213 2214//2214
f 2214//2214 2213//2213 2215//2215
f 2214//2214 2215//2215 2216//2216
f 2216//2216 2215//2215 2217//2217
f 2217//2217 2215//2215 2218//2218
f 2217//2217 2218//2218 2219//2219
f 2219//2219 2218//2218 2220//2220
f 2219//2219 2220//2220 2221//2221
f 2221//2221 2220//2220 2222//2222
f 2222//2222 2220//2220 2223//2223
f 2222//2222 2223//2223 2224//2224
f 2224//2224 2223//2223 2225//2225
f 2224//2224 2225//2225 2226//2226
f 2226//2226 2225//2225 1744//1744
f 2226//2226 1744//1744 2227//2227
f 2227//2227 1744//1744 2228//2228
f 2227//2227 2228//2228 2229//2229
f 2229//2229 2228//2228 2230//2230
f 2229//2229 2230//2230 2231//2231
f 2231//2231 2230//2230 2232//2232
f 2231//2231 2232//2232 1252//1252
f 2223//2223 1744//1744 2225//2225
f 1252//1252 1253//1253 2231//2231
f 2231//2231 1253//1253 2233//2233
f 2231//2231 2233//2233 2229//2229
f 2229//2229 2233//2233 2234//2234
f 2229//2229 2234//2234 2227//2227
f 2227//2227 2234//2234 2235//2235
f 2227//2227 2235//2235 2226//2226
f 2226//2226 2235//2235 2224//2224
f 1622//1622 1657//1657 1625//1625
f 1625//1625 1657//1657 2236//2236
f 1625//1625 2236//2236 2237//2237
f 2237//2237 2238//2238 1625//1625
f 1657//1657 1663//1663 2236//2236
f 2236//2236 1663//1663 1662//1662
f 2236//2236 1662//1662 1661//1661
f 1661//1661 1660//1660 2236//2236
f 2236//2236 1660//1660 1426//1426
f 2236//2236 1426//1426 2239//2239
f 2239//2239 1426//1426 2240//2240
f 2239//2239 2240//2240 2241//2241
f 2241//2241 2240//2240 2242//2242
f 2242//2242 2240//2240 2243//2243
f 2243//2243 2240//2240 2244//2244
f 2243//2243 2244//2244 2245//2245
f 2245//2245 2244//2244 2246//2246
f 2245//2245 2246//2246 2247//2247
f 2247//2247 2246//2246 2248//2248
f 2247//2247 2248//2248 2249//2249
f 2249//2249 2248//2248 2250//2250
f 2249//2249 2250//2250 2251//2251
f 2251//2251 2250//2250 2252//2252
f 2251//2251 2252//2252 2253//2253
f 2253//2253 2252//2252 2041//2041
f 2253//2253 2041//2041 2254//2254
f 1660//1660 1428//1428 1426//1426
f 1656//1656 1652//1652 1448//1448
f 1448//1448 1652//1652 1450//1450
f 1656//1656 1448//1448 1433//1433
f 1433//1433 1448//1448 1401//1401
f 1433//1433 1401//1401 1402//1402
f 1731//1731 2255//2255 1732//1732
f 1732//1732 2255//2255 1819//1819
f 2256//2256 1572//1572 1436//1436
f 1436//1436 1572//1572 1571//1571
f 1436//1436 1571//1571 1434//1434
f 1436//1436 1437//1437 2256//2256
f 2256//2256 1437//1437 1316//1316
f 2256//2256 1316//1316 1318//1318
f 2257//2257 2258//2258 2259//2259
f 2259//2259 2258//2258 2260//2260
f 2259//2259 2260//2260 2261//2261
f 2261//2261 2260//2260 2262//2262
f 2262//2262 2260//2260 2263//2263
f 2263//2263 2260//2260 2264//2264
f 2263//2263 2264//2264 2265//2265
f 2265//2265 2264//2264 2266//2266
f 2265//2265 2266//2266 2267//2267
f 2267//2267 2266//2266 2268//2268
f 2267//2267 2268//2268 2238//2238
f 2258//2258 2269//2269 2260//2260
f 2260//2260 2269//2269 2264//2264
f 2269//2269 2270//2270 2264//2264
f 2264//2264 2270//2270 2266//2266
f 2270//2270 2268//2268 2266//2266
f 2267//2267 2238//2238 2271//2271
f 2271//2271 2238//2238 2237//2237
f 2271//2271 2237//2237 2236//2236
f 2271//2271 2236//2236 2272//2272
f 2272//2272 2236//2236 2239//2239
f 2272//2272 2239//2239 2273//2273
f 2273//2273 2239//2239 2274//2274
f 2274//2274 2239//2239 2241//2241
f 2274//2274 2241//2241 2242//2242
f 2274//2274 2242//2242 2275//2275
f 2275//2275 2242//2242 2243//2243
f 2275//2275 2243//2243 2276//2276
f 2276//2276 2243//2243 2245//2245
f 2276//2276 2245//2245 2277//2277
f 2277//2277 2245//2245 2247//2247
f 2277//2277 2247//2247 2278//2278
f 2278//2278 2247//2247 2249//2249
f 2278//2278 2249//2249 2279//2279
f 2279//2279 2249//2249 2251//2251
f 2279//2279 2251//2251 2280//2280
f 2280//2280 2251//2251 2253//2253
f 2280//2280 2253//2253 2254//2254
f 2272//2272 2273//2273 2271//2271
f 2271//2271 2273//2273 2281//2281
f 2271//2271 2281//2281 2282//2282
f 2271//2271 2282//2282 2267//2267
f 2267//2267 2282//2282 2265//2265
f 1530//1530 1580//1580 1535//1535
f 1535//1535 1580//1580 2283//2283
f 1535//1535 2283//2283 2284//2284
f 2284//2284 2283//2283 2285//2285
f 2284//2284 2285//2285 2286//2286
f 2286//2286 2285//2285 2287//2287
f 2286//2286 2287//2287 2288//2288
f 2288//2288 2287//2287 2289//2289
f 2288//2288 2289//2289 2290//2290
f 2290//2290 2289//2289 2291//2291
f 2290//2290 2291//2291 2292//2292
f 2292//2292 2291//2291 2293//2293
f 2292//2292 2293//2293 2294//2294
f 2294//2294 2293//2293 2295//2295
f 2294//2294 2295//2295 2296//2296
f 2296//2296 2295//2295 2297//2297
f 2296//2296 2297//2297 2298//2298
f 2298//2298 2297//2297 2299//2299
f 2298//2298 2299//2299 2300//2300
f 2300//2300 2299//2299 2301//2301
f 2300//2300 2301//2301 2302//2302
f 2302//2302 2301//2301 2303//2303
f 2302//2302 2303//2303 2300//2300
f 2300//2300 2303//2303 2304//2304
f 2300//2300 2304//2304 2298//2298
f 2298//2298 2304//2304 2305//2305
f 2298//2298 2305//2305 2296//2296
f 2296//2296 2305//2305 2306//2306
f 2296//2296 2306//2306 2294//2294
f 2294//2294 2306//2306 2307//2307
f 2294//2294 2307//2307 2292//2292
f 2292//2292 2307//2307 2308//2308
f 2292//2292 2308//2308 2290//2290
f 2290//2290 2308//2308 2288//2288
f 2289//2289 2309//2309 2291//2291
f 2291//2291 2309//2309 2310//2310
f 2291//2291 2310//2310 2293//2293
f 2293//2293 2310//2310 2311//2311
f 2293//2293 2311//2311 2295//2295
f 2295//2295 2311//2311 2312//2312
f 2295//2295 2312//2312 2297//2297
f 2297//2297 2312//2312 2313//2313
f 2297//2297 2313//2313 2299//2299
f 2299//2299 2313//2313 2314//2314
f 2299//2299 2314//2314 2315//2315
f 2315//2315 2314//2314 2316//2316
f 2316//2316 2314//2314 2317//2317
f 2316//2316 2317//2317 2318//2318
f 2318//2318 2317//2317 2319//2319
f 2318//2318 2319//2319 2320//2320
f 2320//2320 2319//2319 2321//2321
f 2320//2320 2321//2321 2322//2322
f 2322//2322 2321//2321 2323//2323
f 2322//2322 2323//2323 2324//2324
f 2324//2324 2323//2323 2325//2325
f 2324//2324 2325//2325 2326//2326
f 2326//2326 2325//2325 2327//2327
f 2326//2326 2327//2327 2328//2328
f 2328//2328 2327//2327 2311//2311
f 2328//2328 2311//2311 2310//2310
f 2309//2309 2329//2329 2310//2310
f 2310//2310 2329//2329 2328//2328
f 2329//2329 2330//2330 2328//2328
f 2328//2328 2330//2330 2326//2326
f 2330//2330 2331//2331 2326//2326
f 2326//2326 2331//2331 2332//2332
f 2326//2326 2332//2332 2324//2324
f 2299//2299 2315//2315 2333//2333
f 2333//2333 2315//2315 2301//2301
f 2333//2333 2301//2301 2299//2299
f 2304//2304 2303//2303 2334//2334
f 2334//2334 2303//2303 2335//2335
f 2334//2334 2335//2335 2336//2336
f 2336//2336 2335//2335 2337//2337
f 2336//2336 2337//2337 2338//2338
f 2338//2338 2337//2337 2335//2335
f 2339//2339 1540//1540 2338//2338
f 2338//2338 1540//1540 2340//2340
f 2338//2338 2340//2340 2336//2336
f 2336//2336 2340//2340 2304//2304
f 2336//2336 2304//2304 2334//2334
f 2339//2339 2341//2341 1540//1540
f 1540//1540 2341//2341 2342//2342
f 1540//1540 2342//2342 1541//1541
f 1541//1541 2342//2342 2343//2343
f 1541//1541 2343//2343 2344//2344
f 2344//2344 2345//2345 1541//1541
f 1541//1541 2345//2345 2346//2346
f 2346//2346 2345//2345 2347//2347
f 2347//2347 2345//2345 2348//2348
f 1538//1538 2349//2349 1540//1540
f 1540//1540 2349//2349 2350//2350
f 1540//1540 2350//2350 2340//2340
f 2340//2340 2350//2350 2305//2305
f 2340//2340 2305//2305 2304//2304
f 1535//1535 2351//2351 1538//1538
f 1538//1538 2351//2351 2352//2352
f 1538//1538 2352//2352 2349//2349
f 2349//2349 2352//2352 2307//2307
f 2349//2349 2307//2307 2306//2306
f 2351//2351 1535//1535 2353//2353
f 2353//2353 1535//1535 2284//2284
f 2353//2353 2284//2284 2286//2286
f 2351//2351 2353//2353 2288//2288
f 2288//2288 2353//2353 2286//2286
f 2351//2351 2288//2288 2308//2308
f 2307//2307 2352//2352 2308//2308
f 2308//2308 2352//2352 2351//2351
f 2311//2311 2327//2327 2312//2312
f 2312//2312 2327//2327 2354//2354
f 2312//2312 2354//2354 2313//2313
f 2313//2313 2354//2354 2355//2355
f 2313//2313 2355//2355 2314//2314
f 2314//2314 2355//2355 2317//2317
f 2327//2327 2325//2325 2354//2354
f 2354//2354 2325//2325 2323//2323
f 2354//2354 2323//2323 2355//2355
f 2355//2355 2323//2323 2321//2321
f 2355//2355 2321//2321 2317//2317
f 2317//2317 2321//2321 2319//2319
f 2350//2350 2349//2349 2306//2306
f 2350//2350 2306//2306 2305//2305
f 2322//2322 2356//2356 2320//2320
f 2320//2320 2356//2356 2357//2357
f 2320//2320 2357//2357 2358//2358
f 2358//2358 2357//2357 2359//2359
f 2359//2359 2357//2357 2360//2360
f 2359//2359 2360//2360 2361//2361
f 2361//2361 2360//2360 2362//2362
f 2361//2361 2362//2362 2363//2363
f 2363//2363 2362//2362 2364//2364
f 2363//2363 2364//2364 2365//2365
f 2324//2324 2366//2366 2322//2322
f 2322//2322 2366//2366 2367//2367
f 2322//2322 2367//2367 2356//2356
f 2356//2356 2367//2367 2368//2368
f 2356//2356 2368//2368 2369//2369
f 2369//2369 2368//2368 2370//2370
f 2369//2369 2370//2370 2371//2371
f 2371//2371 2370//2370 2372//2372
f 2371//2371 2372//2372 2362//2362
f 2362//2362 2372//2372 2364//2364
f 2332//2332 2373//2373 2324//2324
f 2324//2324 2373//2373 2374//2374
f 2324//2324 2374//2374 2366//2366
f 2366//2366 2374//2374 2375//2375
f 2366//2366 2375//2375 2376//2376
f 2376//2376 2375//2375 2377//2377
f 2376//2376 2377//2377 2378//2378
f 2378//2378 2377//2377 2379//2379
f 2378//2378 2379//2379 2372//2372
f 2331//2331 2380//2380 2332//2332
f 2332//2332 2380//2380 2373//2373
f 2380//2380 2381//2381 2373//2373
f 2373//2373 2381//2381 2382//2382
f 2373//2373 2382//2382 2383//2383
f 2383//2383 2382//2382 2384//2384
f 2383//2383 2384//2384 2385//2385
f 2385//2385 2384//2384 2386//2386
f 2385//2385 2386//2386 2379//2379
f 2381//2381 2387//2387 2382//2382
f 2382//2382 2387//2387 2388//2388
f 2382//2382 2388//2388 2389//2389
f 2382//2382 2389//2389 2390//2390
f 2390//2390 2389//2389 2391//2391
f 2390//2390 2391//2391 2392//2392
f 2392//2392 2391//2391 2393//2393
f 2392//2392 2393//2393 2394//2394
f 2394//2394 2393//2393 2395//2395
f 2394//2394 2395//2395 2396//2396
f 2396//2396 2395//2395 2397//2397
f 2397//2397 2395//2395 2398//2398
f 2397//2397 2398//2398 2399//2399
f 2399//2399 2398//2398 2400//2400
f 2399//2399 2400//2400 2401//2401
f 2401//2401 2400//2400 2402//2402
f 2401//2401 2402//2402 2403//2403
f 2403//2403 2402//2402 2404//2404
f 2403//2403 2404//2404 2405//2405
f 2405//2405 2404//2404 2406//2406
f 2405//2405 2406//2406 2407//2407
f 2407//2407 2406//2406 2400//2400
f 2407//2407 2400//2400 2408//2408
f 2395//2395 2393//2393 2398//2398
f 2398//2398 2393//2393 2400//2400
f 2408//2408 2409//2409 2407//2407
f 2407//2407 2409//2409 2405//2405
f 2403//2403 2397//2397 2401//2401
f 2401//2401 2397//2397 2399//2399
f 2394//2394 2396//2396 2392//2392
f 2392//2392 2396//2396 2386//2386
f 2392//2392 2386//2386 2390//2390
f 2390//2390 2386//2386 2384//2384
f 2390//2390 2384//2384 2382//2382
f 2363//2363 2365//2365 2361//2361
f 2361//2361 2365//2365 2410//2410
f 2361//2361 2410//2410 2411//2411
f 2411//2411 2412//2412 2361//2361
f 2361//2361 2412//2412 2413//2413
f 2361//2361 2413//2413 2359//2359
f 2404//2404 2402//2402 2400//2400
f 2379//2379 2377//2377 2385//2385
f 2385//2385 2377//2377 2375//2375
f 2385//2385 2375//2375 2383//2383
f 2383//2383 2375//2375 2374//2374
f 2383//2383 2374//2374 2373//2373
f 2372//2372 2370//2370 2378//2378
f 2378//2378 2370//2370 2368//2368
f 2378//2378 2368//2368 2376//2376
f 2376//2376 2368//2368 2367//2367
f 2376//2376 2367//2367 2366//2366
f 2371//2371 2362//2362 2360//2360
f 2356//2356 2369//2369 2357//2357
f 2357//2357 2369//2369 2360//2360
f 2369//2369 2371//2371 2360//2360
f 2406//2406 2404//2404 2400//2400
f 2258//2258 2414//2414 2409//2409
f 2409//2409 2414//2414 2415//2415
f 2409//2409 2415//2415 2405//2405
f 2405//2405 2415//2415 2403//2403
f 2403//2403 2415//2415 2397//2397
f 2397//2397 2415//2415 2416//2416
f 2397//2397 2416//2416 2396//2396
f 2396//2396 2416//2416 2386//2386
f 2386//2386 2416//2416 2417//2417
f 2386//2386 2417//2417 2379//2379
f 2379//2379 2417//2417 2418//2418
f 2379//2379 2418//2418 2372//2372
f 2372//2372 2418//2418 2419//2419
f 2372//2372 2419//2419 2364//2364
f 2258//2258 2257//2257 2414//2414
f 2414//2414 2257//2257 2420//2420
f 2421//2421 2422//2422 2414//2414
f 2414//2414 2422//2422 2423//2423
f 2414//2414 2423//2423 2424//2424
f 2425//2425 2426//2426 2421//2421
f 2421//2421 2426//2426 2427//2427
f 2421//2421 2427//2427 2428//2428
f 2425//2425 2429//2429 2426//2426
f 2426//2426 2429//2429 2430//2430
f 2430//2430 2429//2429 2431//2431
f 2431//2431 2429//2429 2432//2432
f 2432//2432 2429//2429 2415//2415
f 2432//2432 2415//2415 2433//2433
f 2433//2433 2415//2415 2434//2434
f 2434//2434 2415//2415 2435//2435
f 2435//2435 2415//2415 2414//2414
f 2435//2435 2414//2414 2424//2424
f 2428//2428 2422//2422 2421//2421
f 1325//1325 2436//2436 1329//1329
f 1329//1329 2436//2436 2437//2437
f 1329//1329 2437//2437 1332//1332
f 1332//1332 2437//2437 2438//2438
f 1332//1332 2438//2438 1336//1336
f 1336//1336 2438//2438 2439//2439
f 1336//1336 2439//2439 1339//1339
f 1339//1339 2439//2439 2440//2440
f 1339//1339 2440//2440 1342//1342
f 1342//1342 2440//2440 2441//2441
f 1342//1342 2441//2441 1344//1344
f 1344//1344 2441//2441 2442//2442
f 1344//1344 2442//2442 1347//1347
f 1347//1347 2442//2442 2443//2443
f 1347//1347 2443//2443 1349//1349
f 1349//1349 2443//2443 2444//2444
f 1349//1349 2444//2444 1351//1351
f 1351//1351 2444//2444 2445//2445
f 1351//1351 2445//2445 1354//1354
f 1354//1354 2445//2445 2446//2446
f 1354//1354 2446//2446 1357//1357
f 1357//1357 2446//2446 2447//2447
f 1357//1357 2447//2447 1360//1360
f 1360//1360 2447//2447 2448//2448
f 1360//1360 2448//2448 1364//1364
f 1364//1364 2448//2448 2449//2449
f 1364//1364 2449//2449 1368//1368
f 1368//1368 2449//2449 2450//2450
f 1368//1368 2450//2450 1395//1395
f 1395//1395 2450//2450 2451//2451
f 1395//1395 2451//2451 1396//1396
f 1396//1396 2451//2451 2452//2452
f 1396//1396 2452//2452 1393//1393
f 1393//1393 2452//2452 2453//2453
f 1393//1393 2453//2453 1390//1390
f 1390//1390 2453//2453 2454//2454
f 1390//1390 2454//2454 1388//1388
f 1388//1388 2454//2454 2455//2455
f 1388//1388 2455//2455 1386//1386
f 1386//1386 2455//2455 2456//2456
f 1386//1386 2456//2456 1323//1323
f 1323//1323 2456//2456 2457//2457
f 1323//1323 2457//2457 1325//1325
f 1325//1325 2457//2457 2436//2436
f 2458//2458 2459//2459 2460//2460
f 2460//2460 2459//2459 2461//2461
f 2460//2460 2461//2461 2462//2462
f 2462//2462 2461//2461 2463//2463
f 2462//2462 2463//2463 2464//2464
f 2464//2464 2463//2463 2465//2465
f 2464//2464 2465//2465 2466//2466
f 2466//2466 2465//2465 2467//2467
f 2466//2466 2467//2467 2468//2468
f 2468//2468 2467//2467 2469//2469
f 2468//2468 2469//2469 2470//2470
f 2470//2470 2469//2469 2471//2471
f 2470//2470 2471//2471 2472//2472
f 2472//2472 2471//2471 2473//2473
f 2472//2472 2473//2473 2474//2474
f 2474//2474 2473//2473 2475//2475
f 2474//2474 2475//2475 2476//2476
f 2476//2476 2475//2475 2477//2477
f 2476//2476 2477//2477 2478//2478
f 2478//2478 2477//2477 2479//2479
f 2478//2478 2479//2479 2480//2480
f 2480//2480 2479//2479 2481//2481
f 2480//2480 2481//2481 2482//2482
f 2482//2482 2481//2481 2483//2483
f 2482//2482 2483//2483 2484//2484
f 2484//2484 2483//2483 2485//2485
f 2484//2484 2485//2485 2458//2458
f 2458//2458 2485//2485 2459//2459
f 2486//2486 2487//2487 2488//2488
f 2488//2488 2487//2487 2489//2489
f 2488//2488 2489//2489 2490//2490
f 2487//2487 2486//2486 2491//2491
f 2491//2491 2486//2486 2492//2492
f 2491//2491 2492//2492 2493//2493
f 2493//2493 2492//2492 2494//2494
f 2493//2493 2494//2494 2495//2495
f 2495//2495 2494//2494 2496//2496
f 2496//2496 2494//2494 2497//2497
f 2496//2496 2497//2497 2498//2498
f 2498//2498 2497//2497 2499//2499
f 2498//2498 2499//2499 2500//2500
f 2500//2500 2499//2499 2501//2501
f 2500//2500 2501//2501 2502//2502
f 2502//2502 2501//2501 2503//2503
f 2503//2503 2501//2501 2504//2504
f 2503//2503 2504//2504 2505//2505
f 2505//2505 2504//2504 2506//2506
f 2505//2505 2506//2506 2507//2507
f 2507//2507 2506//2506 2508//2508
f 2507//2507 2508//2508 2509//2509
f 2509//2509 2508//2508 2510//2510
f 2510//2510 2508//2508 2511//2511
f 2510//2510 2511//2511 2512//2512
f 2512//2512 2511//2511 2513//2513
f 2512//2512 2513//2513 2490//2490
f 2490//2490 2513//2513 2488//2488
f 2514//2514 2515//2515 2516//2516
f 2516//2516 2515//2515 2517//2517
f 2516//2516 2517//2517 2518//2518
f 2518//2518 2517//2517 2519//2519
f 2518//2518 2519//2519 2520//2520
f 2520//2520 2519//2519 2521//2521
f 2521//2521 2519//2519 2522//2522
f 2522//2522 2519//2519 2523//2523
f 2522//2522 2523//2523 2524//2524
f 2524//2524 2523//2523 2525//2525
f 2525//2525 2523//2523 2526//2526
f 2525//2525 2526//2526 2527//2527
f 2527//2527 2526//2526 2528//2528
f 2529//2529 2530//2530 2531//2531
f 2531//2531 2530//2530 1813//1813
f 2531//2531 1813//1813 2532//2532
f 2530//2530 2529//2529 2533//2533
f 2533//2533 2529//2529 2534//2534
f 2533//2533 2534//2534 2535//2535
f 2535//2535 2534//2534 2536//2536
f 2535//2535 2536//2536 2537//2537
f 2535//2535 2537//2537 2538//2538
f 2538//2538 2537//2537 2539//2539
f 2538//2538 2539//2539 2540//2540
f 2540//2540 2539//2539 2541//2541
f 2541//2541 2539//2539 2542//2542
f 2541//2541 2542//2542 2543//2543
f 2543//2543 2542//2542 2544//2544
f 2544//2544 2542//2542 2545//2545
f 2544//2544 2545//2545 2546//2546
f 2546//2546 2545//2545 2547//2547
f 2547//2547 2545//2545 2548//2548
f 2548//2548 2545//2545 2549//2549
f 2549//2549 2545//2545 2550//2550
f 2550//2550 2545//2545 2551//2551
f 2551//2551 2545//2545 2552//2552
f 2551//2551 2552//2552 2553//2553
f 2553//2553 2552//2552 2554//2554
f 2553//2553 2554//2554 2555//2555
f 2555//2555 2554//2554 2556//2556
f 2555//2555 2556//2556 2557//2557
f 2557//2557 2556//2556 2558//2558
f 2557//2557 2558//2558 2559//2559
f 2557//2557 2559//2559 2560//2560
f 2560//2560 2559//2559 2561//2561
f 2560//2560 2561//2561 2562//2562
f 2560//2560 2562//2562 2563//2563
f 2563//2563 2562//2562 2564//2564
f 2563//2563 2564//2564 2565//2565
f 2563//2563 2565//2565 2566//2566
f 2566//2566 2565//2565 2567//2567
f 2566//2566 2567//2567 2568//2568
f 2569//2569 2254//2254 2566//2566
f 2566//2566 2254//2254 2570//2570
f 2566//2566 2570//2570 2563//2563
f 2566//2566 2568//2568 2571//2571
f 2571//2571 2568//2568 2572//2572
f 2573//2573 2574//2574 2575//2575
f 2575//2575 2574//2574 2576//2576
f 2575//2575 2576//2576 2577//2577
f 2577//2577 2576//2576 2578//2578
f 2578//2578 2576//2576 2579//2579
f 2579//2579 2576//2576 2580//2580
f 2579//2579 2580//2580 2581//2581
f 2581//2581 2580//2580 2582//2582
f 2576//2576 2583//2583 2580//2580
f 2580//2580 2583//2583 2584//2584
f 2584//2584 2583//2583 2585//2585
f 2584//2584 2585//2585 2586//2586
f 2586//2586 2585//2585 1422//1422
f 2586//2586 1422//1422 2587//2587
f 2587//2587 1422//1422 1419//1419
f 2587//2587 1419//1419 2588//2588
f 2588//2588 1419//1419 1417//1417
f 2588//2588 1417//1417 1416//1416
f 2589//2589 2590//2590 2583//2583
f 2583//2583 2590//2590 2591//2591
f 2583//2583 2591//2591 2592//2592
f 2592//2592 2593//2593 2583//2583
f 2583//2583 2593//2593 2594//2594
f 2583//2583 2594//2594 2595//2595
f 2595//2595 2585//2585 2583//2583
f 2596//2596 1425//1425 2585//2585
f 2585//2585 1425//1425 1423//1423
f 2585//2585 1423//1423 1422//1422
f 1320//1320 1954//1954 2596//2596
f 2596//2596 1954//1954 1956//1956
f 2596//2596 1956//1956 1958//1958
f 1317//1317 2597//2597 1320//1320
f 1320//1320 2597//2597 1951//1951
f 1320//1320 1951//1951 1953//1953
f 1948//1948 1949//1949 2597//2597
f 2597//2597 1949//1949 1951//1951
f 1953//1953 1954//1954 1320//1320
f 1958//1958 1959//1959 2596//2596
f 2596//2596 1959//1959 1425//1425
f 1416//1416 1414//1414 2588//2588
f 2588//2588 1414//1414 1412//1412
f 1570//1570 1577//1577 2588//2588
f 2588//2588 1577//1577 2598//2598
f 2588//2588 2598//2598 2587//2587
f 1577//1577 1578//1578 2598//2598
f 2575//2575 2599//2599 2573//2573
f 2573//2573 2599//2599 2600//2600
f 2600//2600 2599//2599 2601//2601
f 2600//2600 2601//2601 2602//2602
f 2602//2602 2601//2601 2603//2603
f 2603//2603 2601//2601 2604//2604
f 2603//2603 2604//2604 2605//2605
f 2605//2605 2604//2604 2606//2606
f 2605//2605 2606//2606 2607//2607
f 2607//2607 2606//2606 2608//2608
f 2607//2607 2608//2608 2609//2609
f 2609//2609 2608//2608 2610//2610
f 2609//2609 2610//2610 2611//2611
f 2601//2601 2599//2599 2612//2612
f 2612//2612 2599//2599 2613//2613
f 2612//2612 2613//2613 2614//2614
f 2612//2612 2614//2614 2615//2615
f 2615//2615 2614//2614 2616//2616
f 2615//2615 2616//2616 2617//2617
f 2618//2618 1565//1565 2617//2617
f 2617//2617 1565//1565 2619//2619
f 2617//2617 2619//2619 2615//2615
f 2618//2618 2582//2582 1565//1565
f 1565//1565 1564//1564 2619//2619
f 2619//2619 1564//1564 2620//2620
f 2620//2620 1564//1564 2621//2621
f 2621//2621 1564//1564 1563//1563
f 2621//2621 1563//1563 2622//2622
f 2622//2622 1563//1563 1562//1562
f 2622//2622 1562//1562 1561//1561
f 1561//1561 1560//1560 2622//2622
f 2622//2622 1560//1560 1559//1559
f 2623//2623 2624//2624 2611//2611
f 2611//2611 2624//2624 2625//2625
f 2611//2611 2625//2625 2626//2626
f 2626//2626 2627//2627 2611//2611
f 2611//2611 2627//2627 2609//2609
f 2628//2628 1596//1596 2629//2629
f 2629//2629 1596//1596 2630//2630
f 2629//2629 2630//2630 2631//2631
f 2632//2632 2633//2633 2628//2628
f 2628//2628 2633//2633 2634//2634
f 2628//2628 2634//2634 2635//2635
f 1547//1547 1546//1546 2635//2635
f 2635//2635 1546//1546 1594//1594
f 2635//2635 1594//1594 2628//2628
f 2628//2628 1594//1594 1596//1596
f 1546//1546 1545//1545 1594//1594
f 1594//1594 1545//1545 1592//1592
f 1592//1592 1545//1545 1549//1549
f 1592//1592 1549//1549 1550//1550
f 1550//1550 1551//1551 1592//1592
f 1596//1596 1597//1597 2630//2630
f 2630//2630 1597//1597 1599//1599
f 2636//2636 2637//2637 2631//2631
f 2631//2631 2637//2637 2638//2638
f 2631//2631 2638//2638 2629//2629
f 2629//2629 2638//2638 2639//2639
f 2629//2629 2639//2639 2640//2640
f 2637//2637 2636//2636 2641//2641
f 2641//2641 2636//2636 2642//2642
f 2641//2641 2642//2642 2643//2643
f 2643//2643 2642//2642 2644//2644
f 2643//2643 2644//2644 2645//2645
f 2645//2645 2644//2644 1466//1466
f 2645//2645 1466//1466 1376//1376
f 1376//1376 1466//1466 2165//2165
f 1376//1376 2165//2165 1378//1378
f 1478//1478 1476//1476 2644//2644
f 2644//2644 1476//1476 1474//1474
f 2644//2644 1474//1474 1467//1467
f 1467//1467 1466//1466 2644//2644
f 2646//2646 1728//1728 2645//2645
f 2645//2645 1728//1728 1726//1726
f 2645//2645 1726//1726 2643//2643
f 2643//2643 1726//1726 1724//1724
f 2643//2643 1724//1724 1721//1721
f 1315//1315 1370//1370 2646//2646
f 2646//2646 1370//1370 1865//1865
f 2646//2646 1865//1865 1864//1864
f 1398//1398 1880//1880 1370//1370
f 1370//1370 1880//1880 1879//1879
f 1370//1370 1879//1879 1878//1878
f 2638//2638 1863//1863 1398//1398
f 1398//1398 1863//1863 1883//1883
f 1398//1398 1883//1883 1882//1882
f 2640//2640 2647//2647 2629//2629
f 2629//2629 2647//2647 2648//2648
f 2629//2629 2648//2648 2649//2649
f 2649//2649 2650//2650 2629//2629
f 2629//2629 2650//2650 2651//2651
f 2652//2652 1719//1719 2637//2637
f 2637//2637 1719//1719 1717//1717
f 2637//2637 1717//1717 1715//1715
f 2652//2652 2653//2653 1719//1719
f 1719//1719 2653//2653 1721//1721
f 1721//1721 2653//2653 2643//2643
f 1708//1708 1706//1706 2150//2150
f 2150//2150 1706//1706 2152//2152
f 2152//2152 1706//1706 1709//1709
f 1709//1709 1706//1706 1704//1704
f 1709//1709 1704//1704 2638//2638
f 2638//2638 1704//1704 1702//1702
f 2638//2638 1702//1702 1863//1863
f 1882//1882 1881//1881 1398//1398
f 1398//1398 1881//1881 1880//1880
f 1878//1878 1865//1865 1370//1370
f 2654//2654 2655//2655 1864//1864
f 1864//1864 2655//2655 2255//2255
f 1864//1864 2255//2255 2646//2646
f 2646//2646 2255//2255 1731//1731
f 2646//2646 1731//1731 1728//1728
f 2655//2655 2654//2654 2656//2656
f 2656//2656 2654//2654 2657//2657
f 2656//2656 2657//2657 2658//2658
f 1715//1715 1713//1713 2637//2637
f 2637//2637 1713//1713 2638//2638
f 1713//1713 1710//1710 2638//2638
f 2638//2638 1710//1710 1709//1709
f 1548//1548 1547//1547 2659//2659
f 2659//2659 1547//1547 2660//2660
f 2660//2660 1547//1547 2635//2635
f 2415//2415 2583//2583 2416//2416
f 2416//2416 2583//2583 2576//2576
f 2416//2416 2576//2576 2661//2661
f 2661//2661 2576//2576 2662//2662
f 2662//2662 2576//2576 2663//2663
f 2663//2663 2576//2576 2664//2664
f 2254//2254 2569//2569 2665//2665
f 2665//2665 2569//2569 2666//2666
f 2665//2665 2666//2666 2667//2667
f 2667//2667 2666//2666 2668//2668
f 2667//2667 2668//2668 2279//2279
f 2279//2279 2668//2668 2278//2278
f 2278//2278 2668//2668 2669//2669
f 2278//2278 2669//2669 2277//2277
f 2277//2277 2669//2669 2670//2670
f 2277//2277 2670//2670 2671//2671
f 2671//2671 2670//2670 2672//2672
f 2671//2671 2672//2672 2673//2673
f 2666//2666 2672//2672 2668//2668
f 2668//2668 2672//2672 2669//2669
f 2274//2274 2275//2275 2673//2673
f 2673//2673 2275//2275 2276//2276
f 2673//2673 2276//2276 2671//2671
f 2671//2671 2276//2276 2277//2277
f 2279//2279 2280//2280 2667//2667
f 2667//2667 2280//2280 2665//2665
f 2280//2280 2254//2254 2665//2665
f 2670//2670 2669//2669 2672//2672
f 2628//2628 2629//2629 2674//2674
f 2674//2674 2629//2629 1014//1014
f 2674//2674 1014//1014 947//947
f 2629//2629 2675//2675 1014//1014
f 1014//1014 2675//2675 1242//1242
f 1014//1014 1242//1242 1234//1234
f 2676//2676 1251//1251 2675//2675
f 2675//2675 1251//1251 1249//1249
f 2675//2675 1249//1249 1247//1247
f 2676//2676 1253//1253 1251//1251
f 1247//1247 1242//1242 2675//2675
f 1234//1234 1235//1235 1014//1014
f 1014//1014 1235//1235 1236//1236
f 1014//1014 1236//1236 1237//1237
f 2674//2674 947//947 2677//2677
f 2677//2677 947//947 75//75
f 2677//2677 75//75 70//70
f 70//70 72//72 2677//2677
f 1833//1833 1832//1832 2109//2109
f 2109//2109 1832//1832 2111//2111
f 2111//2111 1832//1832 1831//1831
f 2111//2111 1831//1831 1830//1830
f 2111//2111 1830//1830 2113//2113
f 2113//2113 1830//1830 1829//1829
f 2113//2113 1829//1829 2115//2115
f 2115//2115 1829//1829 1828//1828
f 2115//2115 1828//1828 2117//2117
f 2117//2117 1828//1828 1827//1827
f 2117//2117 1827//1827 2119//2119
f 2119//2119 1827//1827 1826//1826
f 2119//2119 1826//1826 2121//2121
f 2121//2121 1826//1826 1850//1850
f 2121//2121 1850//1850 1847//1847
f 1847//1847 1849//1849 2121//2121
f 2121//2121 1849//1849 2122//2122
f 2122//2122 1849//1849 1867//1867
f 1867//1867 1849//1849 1866//1866
f 2041//2041 2252//2252 2046//2046
f 2046//2046 2252//2252 2051//2051
f 2051//2051 2252//2252 2250//2250
f 2051//2051 2250//2250 2056//2056
f 2056//2056 2250//2250 2248//2248
f 2056//2056 2248//2248 2061//2061
f 2061//2061 2248//2248 2246//2246
f 2061//2061 2246//2246 2244//2244
f 2061//2061 2244//2244 2066//2066
f 2066//2066 2244//2244 2240//2240
f 2066//2066 2240//2240 2071//2071
f 2071//2071 2240//2240 2075//2075
f 2075//2075 2240//2240 1426//1426
f 2075//2075 1426//1426 2078//2078
f 2078//2078 1426//1426 1960//1960
f 1960//1960 1426//1426 1427//1427
f 1452//1452 1654//1654 1451//1451
f 1451//1451 1654//1654 2678//2678
f 2678//2678 1654//1654 1653//1653
f 2678//2678 1653//1653 1650//1650
f 2658//2658 2657//2657 1845//1845
f 1845//1845 2657//2657 1846//1846
f 1846//1846 2657//2657 2654//2654
f 1846//1846 2654//2654 1848//1848
f 1848//1848 2654//2654 1864//1864
f 1848//1848 1864//1864 1849//1849
f 1849//1849 1864//1864 1866//1866
f 1372//1372 2204//2204 1373//1373
f 1373//1373 2204//2204 1820//1820
f 1820//1820 2204//2204 2197//2197
f 1820//1820 2197//2197 2196//2196
f 2196//2196 2203//2203 1820//1820
f 1820//1820 2203//2203 2200//2200
f 1820//1820 2200//2200 1821//1821
f 1362//1362 1833//1833 1361//1361
f 1361//1361 1833//1833 2106//2106
f 1361//1361 2106//2106 1359//1359
f 1359//1359 2106//2106 2104//2104
f 1359//1359 2104//2104 1358//1358
f 1358//1358 2104//2104 2102//2102
f 1358//1358 2102//2102 1356//1356
f 1356//1356 2102//2102 2096//2096
f 1356//1356 2096//2096 1355//1355
f 1355//1355 2096//2096 2091//2091
f 1355//1355 2091//2091 1353//1353
f 1353//1353 2091//2091 2086//2086
f 1353//1353 2086//2086 1352//1352
f 1352//1352 2086//2086 2081//2081
f 1352//1352 2081//2081 1350//1350
f 1350//1350 2081//2081 1912//1912
f 1350//1350 1912//1912 1348//1348
f 1348//1348 1912//1912 1913//1913
f 1348//1348 1913//1913 1346//1346
f 1346//1346 1913//1913 1915//1915
f 1346//1346 1915//1915 1345//1345
f 1345//1345 1915//1915 1917//1917
f 1345//1345 1917//1917 1343//1343
f 1343//1343 1917//1917 1919//1919
f 1343//1343 1919//1919 1341//1341
f 1341//1341 1919//1919 1921//1921
f 1341//1341 1921//1921 1340//1340
f 1340//1340 1921//1921 1923//1923
f 1340//1340 1923//1923 1338//1338
f 1338//1338 1923//1923 1925//1925
f 1338//1338 1925//1925 1337//1337
f 1337//1337 1925//1925 1927//1927
f 1337//1337 1927//1927 1335//1335
f 1335//1335 1927//1927 1929//1929
f 1335//1335 1929//1929 1334//1334
f 1334//1334 1929//1929 1931//1931
f 1334//1334 1931//1931 1333//1333
f 1333//1333 1931//1931 1933//1933
f 1333//1333 1933//1933 1331//1331
f 1331//1331 1933//1933 1935//1935
f 1331//1331 1935//1935 1330//1330
f 1330//1330 1935//1935 1465//1465
f 2679//2679 2680//2680 2681//2681
f 2681//2681 2680//2680 2682//2682
f 2681//2681 2682//2682 2683//2683
f 2683//2683 2682//2682 2216//2216
f 2683//2683 2216//2216 2217//2217
f 2680//2680 2679//2679 2684//2684
f 2684//2684 2679//2679 2685//2685
f 2684//2684 2685//2685 2686//2686
f 2686//2686 2685//2685 2687//2687
f 2686//2686 2687//2687 2532//2532
f 2532//2532 1813//1813 2686//2686
f 2686//2686 1813//1813 2208//2208
f 2686//2686 2208//2208 2684//2684
f 2684//2684 2208//2208 2210//2210
f 2684//2684 2210//2210 2680//2680
f 2680//2680 2210//2210 2212//2212
f 2680//2680 2212//2212 2214//2214
f 2680//2680 2214//2214 2682//2682
f 2682//2682 2214//2214 2216//2216
f 2683//2683 2217//2217 2688//2688
f 2688//2688 2217//2217 2219//2219
f 2688//2688 2219//2219 2689//2689
f 2689//2689 2219//2219 2221//2221
f 2689//2689 2221//2221 2690//2690
f 2690//2690 2221//2221 2691//2691
f 2690//2690 2691//2691 2692//2692
f 2692//2692 2691//2691 2693//2693
f 2693//2693 2691//2691 2694//2694
f 2693//2693 2694//2694 2695//2695
f 2695//2695 2694//2694 2235//2235
f 2695//2695 2235//2235 2234//2234
f 2221//2221 2222//2222 2691//2691
f 2691//2691 2222//2222 2224//2224
f 2691//2691 2224//2224 2694//2694
f 2694//2694 2224//2224 2235//2235
f 2695//2695 2234//2234 2696//2696
f 2696//2696 2234//2234 2233//2233
f 2696//2696 2233//2233 2676//2676
f 2676//2676 2233//2233 1253//1253
f 2692//2692 2697//2697 2690//2690
f 2690//2690 2697//2697 2689//2689
f 2697//2697 2698//2698 2689//2689
f 2689//2689 2698//2698 2688//2688
f 2688//2688 2698//2698 2683//2683
f 2683//2683 2698//2698 2681//2681
f 2254//2254 2041//2041 2570//2570
f 2570//2570 2041//2041 2036//2036
f 2570//2570 2036//2036 2563//2563
f 2563//2563 2036//2036 2031//2031
f 2563//2563 2031//2031 2560//2560
f 2560//2560 2031//2031 2026//2026
f 2560//2560 2026//2026 2557//2557
f 2557//2557 2026//2026 2021//2021
f 2557//2557 2021//2021 2555//2555
f 2555//2555 2021//2021 2016//2016
f 2555//2555 2016//2016 2553//2553
f 2553//2553 2016//2016 2011//2011
f 2553//2553 2011//2011 2551//2551
f 2551//2551 2011//2011 2006//2006
f 2551//2551 2006//2006 2550//2550
f 2550//2550 2006//2006 2001//2001
f 2550//2550 2001//2001 2549//2549
f 2549//2549 2001//2001 1996//1996
f 2549//2549 1996//1996 2548//2548
f 2548//2548 1996//1996 1991//1991
f 2548//2548 1991//1991 2547//2547
f 2547//2547 1991//1991 1986//1986
f 2547//2547 1986//1986 2546//2546
f 2546//2546 1986//1986 1981//1981
f 2546//2546 1981//1981 2544//2544
f 2544//2544 1981//1981 1976//1976
f 2544//2544 1976//1976 2543//2543
f 2543//2543 1976//1976 1971//1971
f 2543//2543 1971//1971 2541//2541
f 2541//2541 1971//1971 1966//1966
f 2541//2541 1966//1966 2540//2540
f 2540//2540 1966//1966 1961//1961
f 2540//2540 1961//1961 2538//2538
f 2538//2538 1961//1961 1901//1901
f 2538//2538 1901//1901 2535//2535
f 2535//2535 1901//1901 1899//1899
f 2535//2535 1899//1899 2533//2533
f 2533//2533 1899//1899 1897//1897
f 2533//2533 1897//1897 2530//2530
f 2530//2530 1897//1897 1895//1895
f 2530//2530 1895//1895 1813//1813
f 1813//1813 1895//1895 1812//1812
f 2699//2699 2700//2700 2701//2701
f 2701//2701 2700//2700 2702//2702
f 2701//2701 2702//2702 2703//2703
f 2704//2704 2705//2705 2703//2703
f 2703//2703 2705//2705 2706//2706
f 2703//2703 2706//2706 2701//2701
f 2707//2707 2708//2708 2709//2709
f 2709//2709 2708//2708 2710//2710
f 2709//2709 2710//2710 2711//2711
f 2711//2711 2710//2710 2712//2712
f 2711//2711 2712//2712 2713//2713
f 2713//2713 2712//2712 2714//2714
f 2713//2713 2714//2714 2715//2715
f 2715//2715 2714//2714 2716//2716
f 2715//2715 2716//2716 2717//2717
f 2717//2717 2716//2716 2718//2718
f 2717//2717 2718//2718 2719//2719
f 2719//2719 2718//2718 2720//2720
f 2719//2719 2720//2720 2721//2721
f 2721//2721 2720//2720 2722//2722
f 2721//2721 2722//2722 2723//2723
f 2723//2723 2722//2722 2724//2724
f 2723//2723 2724//2724 2725//2725
f 2725//2725 2724//2724 2726//2726
f 2725//2725 2726//2726 2727//2727
f 2727//2727 2726//2726 2728//2728
f 2727//2727 2728//2728 2729//2729
f 2729//2729 2728//2728 2730//2730
f 2729//2729 2730//2730 2731//2731
f 2731//2731 2730//2730 2732//2732
f 2731//2731 2732//2732 2733//2733
f 2733//2733 2732//2732 2734//2734
f 2733//2733 2734//2734 2707//2707
f 2707//2707 2734//2734 2708//2708
f 2735//2735 2736//2736 2737//2737
f 2737//2737 2736//2736 2738//2738
f 2737//2737 2738//2738 2739//2739
f 2739//2739 2738//2738 2740//2740
f 2739//2739 2740//2740 2741//2741
f 2741//2741 2740//2740 2742//2742
f 2741//2741 2742//2742 2743//2743
f 2743//2743 2742//2742 2744//2744
f 2742//2742 2745//2745 2744//2744
f 2744//2744 2745//2745 2746//2746
f 2744//2744 2746//2746 2747//2747
f 2745//2745 2742//2742 2748//2748
f 2748//2748 2742//2742 2740//2740
f 2748//2748 2740//2740 2738//2738
f 2748//2748 2738//2738 2749//2749
f 2749//2749 2738//2738 2736//2736
f 2749//2749 2736//2736 2750//2750
f 2750//2750 2736//2736 2751//2751
f 2751//2751 2752//2752 2750//2750
f 2750//2750 2752//2752 2753//2753
f 2750//2750 2753//2753 2749//2749
f 2749//2749 2753//2753 2754//2754
f 2749//2749 2754//2754 2748//2748
f 2748//2748 2754//2754 2755//2755
f 2748//2748 2755//2755 2745//2745
f 2745//2745 2755//2755 2756//2756
f 2745//2745 2756//2756 2746//2746
f 2746//2746 2756//2756 2757//2757
f 2746//2746 2757//2757 2747//2747
f 2747//2747 2757//2757 2758//2758
f 2752//2752 2759//2759 2753//2753
f 2753//2753 2759//2759 2754//2754
f 2754//2754 2759//2759 2760//2760
f 2754//2754 2760//2760 2755//2755
f 2755//2755 2760//2760 2761//2761
f 2755//2755 2761//2761 2762//2762
f 2755//2755 2762//2762 2756//2756
f 2756//2756 2762//2762 2763//2763
f 2756//2756 2763//2763 2757//2757
f 2757//2757 2763//2763 2758//2758
f 2764//2764 2765//2765 2759//2759
f 2759//2759 2765//2765 2699//2699
f 2759//2759 2699//2699 2760//2760
f 2760//2760 2699//2699 2766//2766
f 2760//2760 2766//2766 2761//2761
f 2761//2761 2766//2766 2767//2767
f 2761//2761 2767//2767 2762//2762
f 2762//2762 2767//2767 2768//2768
f 2762//2762 2768//2768 2763//2763
f 2763//2763 2768//2768 2769//2769
f 2765//2765 2770//2770 2699//2699
f 2699//2699 2770//2770 2771//2771
f 2699//2699 2771//2771 2772//2772
f 2772//2772 2700//2700 2699//2699
f 2773//2773 2774//2774 2775//2775
f 2775//2775 2774//2774 2776//2776
f 2775//2775 2776//2776 2777//2777
f 2777//2777 2776//2776 2778//2778
f 2777//2777 2778//2778 2779//2779
f 2779//2779 2778//2778 2780//2780
f 2779//2779 2780//2780 2781//2781
f 2781//2781 2780//2780 2782//2782
f 2780//2780 2783//2783 2782//2782
f 2782//2782 2783//2783 2784//2784
f 2782//2782 2784//2784 2785//2785
f 2783//2783 2780//2780 2786//2786
f 2786//2786 2780//2780 2778//2778
f 2786//2786 2778//2778 2776//2776
f 2786//2786 2776//2776 2787//2787
f 2787//2787 2776//2776 2774//2774
f 2787//2787 2774//2774 2788//2788
f 2788//2788 2774//2774 2789//2789
f 2789//2789 2790//2790 2788//2788
f 2788//2788 2790//2790 2791//2791
f 2788//2788 2791//2791 2787//2787
f 2787//2787 2791//2791 2792//2792
f 2787//2787 2792//2792 2786//2786
f 2786//2786 2792//2792 2793//2793
f 2786//2786 2793//2793 2783//2783
f 2783//2783 2793//2793 2794//2794
f 2783//2783 2794//2794 2784//2784
f 2784//2784 2794//2794 2795//2795
f 2784//2784 2795//2795 2785//2785
f 2785//2785 2795//2795 2796//2796
f 2796//2796 2795//2795 2797//2797
f 2797//2797 2795//2795 2794//2794
f 2797//2797 2794//2794 2798//2798
f 2798//2798 2794//2794 2793//2793
f 2798//2798 2793//2793 2799//2799
f 2799//2799 2793//2793 2800//2800
f 2800//2800 2793//2793 2792//2792
f 2800//2800 2792//2792 2801//2801
f 2801//2801 2792//2792 2791//2791
f 2801//2801 2791//2791 2790//2790
f 2802//2802 2797//2797 2803//2803
f 2803//2803 2797//2797 2804//2804
f 2803//2803 2804//2804 2805//2805
f 2805//2805 2804//2804 2806//2806
f 2806//2806 2804//2804 2807//2807
f 2807//2807 2804//2804 2808//2808
f 2797//2797 2798//2798 2804//2804
f 2804//2804 2798//2798 2809//2809
f 2809//2809 2798//2798 2799//2799
f 2809//2809 2799//2799 2810//2810
f 2810//2810 2799//2799 2800//2800
f 2810//2810 2800//2800 2811//2811
f 2811//2811 2800//2800 2801//2801
f 2811//2811 2801//2801 2812//2812
f 2813//2813 2814//2814 2815//2815
f 2815//2815 2814//2814 2816//2816
f 2815//2815 2816//2816 2817//2817
f 2808//2808 2804//2804 2817//2817
f 2817//2817 2804//2804 2818//2818
f 2817//2817 2818//2818 2815//2815
f 2347//2347 2348//2348 2819//2819
f 2819//2819 2348//2348 2820//2820
f 2819//2819 2820//2820 2821//2821
f 2821//2821 2820//2820 2822//2822
f 2821//2821 2822//2822 2823//2823
f 2823//2823 2822//2822 2824//2824
f 2824//2824 2822//2822 2825//2825
f 2824//2824 2825//2825 2826//2826
f 2826//2826 2825//2825 2827//2827
f 2826//2826 2827//2827 2828//2828
f 2828//2828 2827//2827 2829//2829
f 2828//2828 2829//2829 2830//2830
f 2830//2830 2829//2829 2831//2831
f 2830//2830 2831//2831 2832//2832
f 2832//2832 2831//2831 2833//2833
f 2832//2832 2833//2833 2834//2834
f 2834//2834 2833//2833 2835//2835
f 2834//2834 2835//2835 2836//2836
f 2836//2836 2835//2835 2837//2837
f 2836//2836 2837//2837 2838//2838
f 2838//2838 2837//2837 2839//2839
f 2838//2838 2839//2839 2840//2840
f 2840//2840 2839//2839 2841//2841
f 2840//2840 2841//2841 2842//2842
f 2842//2842 2841//2841 2843//2843
f 2842//2842 2843//2843 2844//2844
f 2844//2844 2843//2843 2845//2845
f 2844//2844 2845//2845 2846//2846
f 2846//2846 2845//2845 2847//2847
f 2846//2846 2847//2847 2848//2848
f 2848//2848 2847//2847 2849//2849
f 2848//2848 2849//2849 2806//2806
f 2806//2806 2849//2849 2805//2805
f 2805//2805 2849//2849 2847//2847
f 2805//2805 2847//2847 2850//2850
f 2850//2850 2847//2847 2851//2851
f 2850//2850 2851//2851 2852//2852
f 2852//2852 2851//2851 2853//2853
f 2852//2852 2853//2853 2854//2854
f 2854//2854 2853//2853 2855//2855
f 2855//2855 2853//2853 2856//2856
f 2855//2855 2856//2856 2857//2857
f 2857//2857 2856//2856 2858//2858
f 2857//2857 2858//2858 2859//2859
f 2859//2859 2858//2858 2841//2841
f 2859//2859 2841//2841 2839//2839
f 2831//2831 2829//2829 2820//2820
f 2820//2820 2829//2829 2860//2860
f 2820//2820 2860//2860 2822//2822
f 2822//2822 2860//2860 2825//2825
f 2833//2833 2861//2861 2835//2835
f 2835//2835 2861//2861 2862//2862
f 2835//2835 2862//2862 2837//2837
f 2837//2837 2862//2862 2863//2863
f 2837//2837 2863//2863 2839//2839
f 2839//2839 2863//2863 2859//2859
f 2861//2861 2864//2864 2862//2862
f 2862//2862 2864//2864 2865//2865
f 2862//2862 2865//2865 2863//2863
f 2863//2863 2865//2865 2866//2866
f 2863//2863 2866//2866 2859//2859
f 2859//2859 2866//2866 2857//2857
f 2864//2864 2867//2867 2865//2865
f 2865//2865 2867//2867 2868//2868
f 2865//2865 2868//2868 2866//2866
f 2866//2866 2868//2868 2855//2855
f 2866//2866 2855//2855 2857//2857
f 2854//2854 2802//2802 2852//2852
f 2852//2852 2802//2802 2803//2803
f 2852//2852 2803//2803 2869//2869
f 2869//2869 2803//2803 2805//2805
f 2869//2869 2805//2805 2850//2850
f 2806//2806 2807//2807 2848//2848
f 2848//2848 2807//2807 2870//2870
f 2848//2848 2870//2870 2846//2846
f 2846//2846 2870//2870 2871//2871
f 2846//2846 2871//2871 2844//2844
f 2844//2844 2871//2871 2872//2872
f 2844//2844 2872//2872 2842//2842
f 2842//2842 2872//2872 2873//2873
f 2842//2842 2873//2873 2840//2840
f 2840//2840 2873//2873 2874//2874
f 2840//2840 2874//2874 2838//2838
f 2838//2838 2874//2874 2875//2875
f 2838//2838 2875//2875 2836//2836
f 2836//2836 2875//2875 2876//2876
f 2836//2836 2876//2876 2834//2834
f 2834//2834 2876//2876 2877//2877
f 2834//2834 2877//2877 2832//2832
f 2832//2832 2877//2877 2830//2830
f 2808//2808 2817//2817 2807//2807
f 2807//2807 2817//2817 2870//2870
f 2870//2870 2817//2817 2878//2878
f 2878//2878 2817//2817 2816//2816
f 2878//2878 2816//2816 2879//2879
f 2879//2879 2816//2816 2880//2880
f 2879//2879 2880//2880 2881//2881
f 2816//2816 2814//2814 2880//2880
f 2879//2879 2881//2881 2882//2882
f 2882//2882 2881//2881 2883//2883
f 2882//2882 2883//2883 2884//2884
f 2884//2884 2883//2883 2885//2885
f 2884//2884 2885//2885 2886//2886
f 2886//2886 2885//2885 2887//2887
f 2886//2886 2887//2887 2888//2888
f 2888//2888 2887//2887 2889//2889
f 2888//2888 2889//2889 2875//2875
f 2875//2875 2889//2889 2876//2876
f 2887//2887 2885//2885 2890//2890
f 2890//2890 2885//2885 2891//2891
f 2890//2890 2891//2891 2892//2892
f 2892//2892 2891//2891 2893//2893
f 2892//2892 2893//2893 2894//2894
f 2894//2894 2893//2893 2828//2828
f 2894//2894 2828//2828 2830//2830
f 2893//2893 2891//2891 2826//2826
f 2826//2826 2891//2891 2824//2824
f 2823//2823 2895//2895 2821//2821
f 2821//2821 2895//2895 2819//2819
f 2895//2895 2896//2896 2819//2819
f 2819//2819 2896//2896 2897//2897
f 2819//2819 2897//2897 2347//2347
f 2347//2347 2897//2897 2346//2346
f 2346//2346 2897//2897 1541//1541
f 2850//2850 2852//2852 2869//2869
f 2827//2827 2825//2825 2860//2860
f 2894//2894 2830//2830 2877//2877
f 2893//2893 2826//2826 2828//2828
f 2860//2860 2829//2829 2827//2827
f 2894//2894 2877//2877 2898//2898
f 2898//2898 2877//2877 2876//2876
f 2898//2898 2876//2876 2889//2889
f 2890//2890 2892//2892 2898//2898
f 2898//2898 2892//2892 2894//2894
f 2890//2890 2898//2898 2889//2889
f 2858//2858 2856//2856 2899//2899
f 2899//2899 2856//2856 2853//2853
f 2899//2899 2853//2853 2851//2851
f 2841//2841 2858//2858 2843//2843
f 2843//2843 2858//2858 2899//2899
f 2843//2843 2899//2899 2845//2845
f 2845//2845 2899//2899 2851//2851
f 2845//2845 2851//2851 2847//2847
f 2873//2873 2900//2900 2874//2874
f 2874//2874 2900//2900 2888//2888
f 2874//2874 2888//2888 2875//2875
f 2884//2884 2886//2886 2900//2900
f 2900//2900 2886//2886 2888//2888
f 2900//2900 2873//2873 2901//2901
f 2901//2901 2873//2873 2872//2872
f 2901//2901 2872//2872 2902//2902
f 2902//2902 2872//2872 2871//2871
f 2902//2902 2871//2871 2878//2878
f 2878//2878 2871//2871 2870//2870
f 2889//2889 2887//2887 2890//2890
f 2882//2882 2884//2884 2901//2901
f 2901//2901 2884//2884 2900//2900
f 2882//2882 2901//2901 2902//2902
f 2879//2879 2882//2882 2902//2902
f 2879//2879 2902//2902 2878//2878
f 2820//2820 2348//2348 2903//2903
f 2903//2903 2348//2348 2345//2345
f 2903//2903 2345//2345 2338//2338
f 2338//2338 2345//2345 2339//2339
f 2339//2339 2345//2345 2344//2344
f 2339//2339 2344//2344 2341//2341
f 2341//2341 2344//2344 2343//2343
f 2341//2341 2343//2343 2342//2342
f 2903//2903 2338//2338 2904//2904
f 2904//2904 2338//2338 2335//2335
f 2904//2904 2335//2335 2303//2303
f 2904//2904 2303//2303 2905//2905
f 2905//2905 2303//2303 2301//2301
f 2905//2905 2301//2301 2906//2906
f 2906//2906 2301//2301 2315//2315
f 2906//2906 2315//2315 2907//2907
f 2907//2907 2315//2315 2316//2316
f 2907//2907 2316//2316 2318//2318
f 2907//2907 2318//2318 2908//2908
f 2908//2908 2318//2318 2320//2320
f 2908//2908 2320//2320 2909//2909
f 2909//2909 2320//2320 2358//2358
f 2909//2909 2358//2358 2359//2359
f 2909//2909 2359//2359 2910//2910
f 2910//2910 2359//2359 2413//2413
f 2910//2910 2413//2413 2911//2911
f 2911//2911 2413//2413 2412//2412
f 2911//2911 2412//2412 2411//2411
f 2411//2411 2410//2410 2911//2911
f 2903//2903 2912//2912 2820//2820
f 2820//2820 2912//2912 2831//2831
f 2831//2831 2912//2912 2833//2833
f 2833//2833 2912//2912 2913//2913
f 2833//2833 2913//2913 2861//2861
f 2861//2861 2913//2913 2864//2864
f 2864//2864 2913//2913 2867//2867
f 2622//2622 2914//2914 2621//2621
f 2621//2621 2914//2914 2915//2915
f 2621//2621 2915//2915 2620//2620
f 2620//2620 2915//2915 2916//2916
f 2620//2620 2916//2916 2619//2619
f 2619//2619 2916//2916 2917//2917
f 2619//2619 2917//2917 2615//2615
f 2615//2615 2917//2917 2918//2918
f 2615//2615 2918//2918 2612//2612
f 2612//2612 2918//2918 2919//2919
f 2612//2612 2919//2919 2601//2601
f 2601//2601 2919//2919 2920//2920
f 2601//2601 2920//2920 2604//2604
f 2604//2604 2920//2920 2921//2921
f 2604//2604 2921//2921 2606//2606
f 2606//2606 2921//2921 2922//2922
f 2606//2606 2922//2922 2608//2608
f 2608//2608 2922//2922 2923//2923
f 2608//2608 2923//2923 2610//2610
f 2610//2610 2923//2923 2924//2924
f 2610//2610 2924//2924 2611//2611
f 2611//2611 2924//2924 2925//2925
f 2926//2926 2927//2927 2928//2928
f 2928//2928 2927//2927 2929//2929
f 2928//2928 2929//2929 2930//2930
f 2930//2930 2929//2929 2931//2931
f 2930//2930 2931//2931 2932//2932
f 2932//2932 2931//2931 2933//2933
f 2933//2933 2931//2931 2934//2934
f 2933//2933 2934//2934 2935//2935
f 2935//2935 2934//2934 2936//2936
f 2936//2936 2934//2934 2937//2937
f 2926//2926 2938//2938 2927//2927
f 2927//2927 2938//2938 2939//2939
f 2939//2939 2938//2938 2940//2940
f 2939//2939 2940//2940 2941//2941
f 2939//2939 2941//2941 2942//2942
f 2942//2942 2941//2941 2943//2943
f 2942//2942 2943//2943 2944//2944
f 2944//2944 2943//2943 2945//2945
f 2944//2944 2945//2945 2946//2946
f 2946//2946 2945//2945 2947//2947
f 2946//2946 2947//2947 2948//2948
f 2948//2948 2949//2949 2946//2946
f 2946//2946 2949//2949 2950//2950
f 2950//2950 2949//2949 2951//2951
f 2950//2950 2951//2951 2952//2952
f 2949//2949 2953//2953 2951//2951
f 2951//2951 2953//2953 2954//2954
f 2954//2954 2953//2953 2955//2955
f 2955//2955 2953//2953 2956//2956
f 2955//2955 2956//2956 2957//2957
f 2957//2957 2956//2956 2958//2958
f 2952//2952 2959//2959 2950//2950
f 2950//2950 2959//2959 2960//2960
f 2960//2960 2959//2959 2961//2961
f 2960//2960 2961//2961 2962//2962
f 2962//2962 2963//2963 2960//2960
f 2960//2960 2963//2963 2964//2964
f 2964//2964 2963//2963 2965//2965
f 2964//2964 2965//2965 2966//2966
f 2967//2967 2966//2966 2968//2968
f 2968//2968 2966//2966 2965//2965
f 2968//2968 2965//2965 2969//2969
f 2969//2969 2965//2965 2963//2963
f 2969//2969 2963//2963 2970//2970
f 2970//2970 2963//2963 2962//2962
f 2970//2970 2962//2962 2971//2971
f 2971//2971 2962//2962 2972//2972
f 2971//2971 2972//2972 2973//2973
f 2973//2973 2972//2972 2961//2961
f 2973//2973 2961//2961 2974//2974
f 2974//2974 2961//2961 2959//2959
f 2974//2974 2959//2959 2975//2975
f 2975//2975 2959//2959 2976//2976
f 2975//2975 2976//2976 2977//2977
f 2977//2977 2976//2976 2978//2978
f 2977//2977 2978//2978 2979//2979
f 2979//2979 2978//2978 2980//2980
f 2980//2980 2978//2978 2981//2981
f 2980//2980 2981//2981 2952//2952
f 2952//2952 2981//2981 2959//2959
f 2959//2959 2981//2981 2978//2978
f 2959//2959 2978//2978 2976//2976
f 2962//2962 2961//2961 2972//2972
f 2980//2980 2952//2952 2982//2982
f 2982//2982 2952//2952 2983//2983
f 2982//2982 2983//2983 2984//2984
f 2984//2984 2985//2985 2982//2982
f 2979//2979 2986//2986 2977//2977
f 2977//2977 2986//2986 2987//2987
f 2977//2977 2987//2987 2975//2975
f 2975//2975 2987//2987 2988//2988
f 2975//2975 2988//2988 2973//2973
f 2973//2973 2988//2988 2989//2989
f 2973//2973 2989//2989 2971//2971
f 2971//2971 2989//2989 2990//2990
f 2971//2971 2990//2990 2991//2991
f 2991//2991 2990//2990 2992//2992
f 2991//2991 2992//2992 2993//2993
f 2993//2993 2992//2992 2994//2994
f 2993//2993 2994//2994 2995//2995
f 2995//2995 2994//2994 2996//2996
f 2995//2995 2996//2996 2997//2997
f 2997//2997 2996//2996 2998//2998
f 2997//2997 2998//2998 2764//2764
f 2764//2764 2998//2998 2765//2765
f 2765//2765 2998//2998 2999//2999
f 2765//2765 2999//2999 2770//2770
f 2770//2770 2999//2999 3000//3000
f 2770//2770 3000//3000 3001//3001
f 3001//3001 3000//3000 3002//3002
f 3001//3001 3002//3002 3003//3003
f 3003//3003 3002//3002 3004//3004
f 3003//3003 3004//3004 3005//3005
f 3005//3005 3004//3004 3006//3006
f 3005//3005 3006//3006 3007//3007
f 3007//3007 3006//3006 3008//3008
f 3007//3007 3008//3008 3009//3009
f 3009//3009 3008//3008 3010//3010
f 3009//3009 3010//3010 3011//3011
f 3011//3011 3010//3010 3012//3012
f 3012//3012 3010//3010 3013//3013
f 3012//3012 3013//3013 3014//3014
f 3014//3014 3013//3013 3015//3015
f 3014//3014 3015//3015 2988//2988
f 2988//2988 3015//3015 2989//2989
f 2986//2986 3016//3016 2987//2987
f 2987//2987 3016//3016 3014//3014
f 2987//2987 3014//3014 2988//2988
f 3016//3016 3012//3012 3014//3014
f 3017//3017 3018//3018 3011//3011
f 3011//3011 3018//3018 3019//3019
f 3011//3011 3019//3019 3009//3009
f 3009//3009 3019//3019 3007//3007
f 3020//3020 3021//3021 3017//3017
f 3017//3017 3021//3021 3022//3022
f 3017//3017 3022//3022 3023//3023
f 3023//3023 3022//3022 3024//3024
f 3023//3023 3024//3024 3025//3025
f 3025//3025 3024//3024 3026//3026
f 3025//3025 3026//3026 3027//3027
f 3027//3027 3026//3026 3028//3028
f 3027//3027 3028//3028 3003//3003
f 3003//3003 3028//3028 3001//3001
f 3020//3020 3029//3029 3021//3021
f 3021//3021 3029//3029 2703//2703
f 3021//3021 2703//2703 3030//3030
f 3030//3030 2703//2703 2702//2702
f 3030//3030 2702//2702 2772//2772
f 2772//2772 2702//2702 2700//2700
f 3029//3029 2704//2704 2703//2703
f 3030//3030 2772//2772 3031//3031
f 3031//3031 2772//2772 2771//2771
f 3031//3031 2771//2771 3032//3032
f 3032//3032 2771//2771 3033//3033
f 3032//3032 3033//3033 3028//3028
f 3028//3028 3033//3033 3001//3001
f 2771//2771 2770//2770 3033//3033
f 3033//3033 2770//2770 3001//3001
f 2997//2997 3034//3034 2995//2995
f 2995//2995 3034//3034 3035//3035
f 2995//2995 3035//3035 3036//3036
f 3036//3036 3035//3035 3037//3037
f 3036//3036 3037//3037 3038//3038
f 3038//3038 3037//3037 2967//2967
f 3038//3038 2967//2967 2968//2968
f 3018//3018 3017//3017 3023//3023
f 3015//3015 3013//3013 3039//3039
f 3039//3039 3013//3013 3010//3010
f 3039//3039 3010//3010 3008//3008
f 2989//2989 3015//3015 3040//3040
f 3040//3040 3015//3015 3039//3039
f 3040//3040 3039//3039 3041//3041
f 3041//3041 3039//3039 3008//3008
f 3041//3041 3008//3008 3006//3006
f 2971//2971 2991//2991 2970//2970
f 2970//2970 2991//2991 3042//3042
f 2970//2970 3042//3042 2969//2969
f 2969//2969 3042//3042 3038//3038
f 2969//2969 3038//3038 2968//2968
f 2974//2974 2975//2975 2973//2973
f 2989//2989 3040//3040 2990//2990
f 2990//2990 3040//3040 3043//3043
f 2990//2990 3043//3043 2992//2992
f 2992//2992 3043//3043 3044//3044
f 2992//2992 3044//3044 2994//2994
f 2994//2994 3044//3044 3045//3045
f 2994//2994 3045//3045 2996//2996
f 2996//2996 3045//3045 2998//2998
f 3043//3043 3040//3040 3041//3041
f 3036//3036 3038//3038 3042//3042
f 3036//3036 3042//3042 2993//2993
f 2993//2993 3042//3042 2991//2991
f 3007//3007 3019//3019 3046//3046
f 3046//3046 3019//3019 3018//3018
f 3046//3046 3018//3018 3025//3025
f 3025//3025 3018//3018 3023//3023
f 3007//3007 3046//3046 3005//3005
f 3005//3005 3046//3046 3027//3027
f 3005//3005 3027//3027 3003//3003
f 3027//3027 3046//3046 3025//3025
f 3004//3004 3047//3047 3048//3048
f 3048//3048 3047//3047 3044//3044
f 3048//3048 3044//3044 3043//3043
f 3044//3044 3047//3047 3045//3045
f 3045//3045 3047//3047 3049//3049
f 3045//3045 3049//3049 2998//2998
f 2998//2998 3049//3049 2999//2999
f 3049//3049 3047//3047 3002//3002
f 3002//3002 3047//3047 3004//3004
f 3036//3036 2993//2993 2995//2995
f 3041//3041 3006//3006 3048//3048
f 3048//3048 3006//3006 3004//3004
f 3041//3041 3048//3048 3043//3043
f 3024//3024 3022//3022 3030//3030
f 3030//3030 3022//3022 3021//3021
f 3026//3026 3024//3024 3031//3031
f 3031//3031 3024//3024 3030//3030
f 3028//3028 3026//3026 3032//3032
f 3032//3032 3026//3026 3031//3031
f 3002//3002 3000//3000 3049//3049
f 3049//3049 3000//3000 2999//2999
f 2985//2985 3050//3050 2982//2982
f 2982//2982 3050//3050 2980//2980
f 2980//2980 3050//3050 697//697
f 2980//2980 697//697 696//696
f 3050//3050 54//54 697//697
f 697//697 54//54 699//699
f 699//699 54//54 700//700
f 700//700 54//54 701//701
f 701//701 54//54 702//702
f 702//702 54//54 705//705
f 702//702 705//705 703//703
f 703//703 705//705 704//704
f 53//53 706//706 54//54
f 54//54 706//706 705//705
f 2980//2980 696//696 2979//2979
f 2979//2979 696//696 694//694
f 2979//2979 694//694 2986//2986
f 2986//2986 694//694 692//692
f 2986//2986 692//692 3016//3016
f 3016//3016 692//692 3012//3012
f 3012//3012 692//692 688//688
f 3012//3012 688//688 3011//3011
f 3011//3011 688//688 684//684
f 3011//3011 684//684 3017//3017
f 3017//3017 684//684 772//772
f 3017//3017 772//772 775//775
f 775//775 777//777 3017//3017
f 3017//3017 777//777 3020//3020
f 3020//3020 777//777 779//779
f 3020//3020 779//779 3029//3029
f 3029//3029 779//779 787//787
f 3029//3029 787//787 2704//2704
f 876//876 2705//2705 787//787
f 787//787 2705//2705 2704//2704
f 753//753 130//130 750//750
f 750//750 130//130 277//277
f 750//750 277//277 748//748
f 748//748 277//277 280//280
f 748//748 280//280 745//745
f 745//745 280//280 744//744
f 744//744 280//280 757//757
f 757//757 280//280 718//718
f 757//757 718//718 758//758
f 758//758 718//718 716//716
f 758//758 716//716 714//714
f 130//130 753//753 134//134
f 134//134 753//753 755//755
f 134//134 755//755 883//883
f 883//883 755//755 729//729
f 883//883 729//729 882//882
f 882//882 729//729 730//730
f 882//882 730//730 880//880
f 880//880 730//730 732//732
f 880//880 732//732 886//886
f 886//886 732//732 734//734
f 886//886 734//734 68//68
f 68//68 734//734 758//758
f 68//68 758//758 714//714
f 876//876 66//66 2705//2705
f 2705//2705 66//66 2769//2769
f 2705//2705 2769//2769 2766//2766
f 2766//2766 2769//2769 2767//2767
f 2767//2767 2769//2769 2768//2768
f 66//66 876//876 68//68
f 68//68 876//876 886//886
f 66//66 3051//3051 2769//2769
f 2699//2699 2701//2701 2766//2766
f 2766//2766 2701//2701 2706//2706
f 2766//2766 2706//2706 2705//2705
f 2769//2769 3051//3051 2758//2758
f 2758//2758 3051//3051 3052//3052
f 2758//2758 3052//3052 2747//2747
f 2747//2747 3052//3052 2743//2743
f 2747//2747 2743//2743 2744//2744
f 2758//2758 2763//2763 2769//2769
f 2712//2712 2710//2710 3053//3053
f 3053//3053 2710//2710 2708//2708
f 3053//3053 2708//2708 3054//3054
f 3054//3054 2708//2708 2734//2734
f 3054//3054 2734//2734 3055//3055
f 3055//3055 2734//2734 2732//2732
f 3055//3055 2732//2732 3056//3056
f 3056//3056 2732//2732 2730//2730
f 3056//3056 2730//2730 3057//3057
f 3057//3057 2730//2730 2728//2728
f 3057//3057 2728//2728 3058//3058
f 3058//3058 2728//2728 2726//2726
f 3058//3058 2726//2726 3059//3059
f 3059//3059 2726//2726 2724//2724
f 3059//3059 2724//2724 2722//2722
f 3059//3059 2722//2722 3060//3060
f 3060//3060 2722//2722 2720//2720
f 3060//3060 2720//2720 3061//3061
f 3061//3061 2720//2720 2718//2718
f 3061//3061 2718//2718 3062//3062
f 3062//3062 2718//2718 2716//2716
f 3062//3062 2716//2716 3063//3063
f 3063//3063 2716//2716 2714//2714
f 3063//3063 2714//2714 3064//3064
f 3064//3064 2714//2714 2712//2712
f 3064//3064 2712//2712 3053//3053
f 2802//2802 2854//2854 2797//2797
f 2797//2797 2854//2854 2855//2855
f 2797//2797 2855//2855 2796//2796
f 2796//2796 2855//2855 2868//2868
f 2796//2796 2868//2868 2867//2867
f 2913//2913 1291//1291 2867//2867
f 2867//2867 1291//1291 1284//1284
f 2867//2867 1284//1284 3065//3065
f 3065//3065 1284//1284 1286//1286
f 3065//3065 1286//1286 3066//3066
f 3066//3066 1286//1286 1288//1288
f 3066//3066 1288//1288 3067//3067
f 3067//3067 1288//1288 2410//2410
f 3067//3067 2410//2410 2365//2365
f 1291//1291 2913//2913 1293//1293
f 1293//1293 2913//2913 2912//2912
f 1293//1293 2912//2912 1295//1295
f 1295//1295 2912//2912 2903//2903
f 1295//1295 2903//2903 1297//1297
f 1297//1297 2903//2903 2904//2904
f 1297//1297 2904//2904 1299//1299
f 1299//1299 2904//2904 2905//2905
f 1299//1299 2905//2905 1301//1301
f 1301//1301 2905//2905 2906//2906
f 1301//1301 2906//2906 1303//1303
f 1303//1303 2906//2906 2907//2907
f 1303//1303 2907//2907 1305//1305
f 1305//1305 2907//2907 2908//2908
f 1305//1305 2908//2908 2909//2909
f 1305//1305 2909//2909 1307//1307
f 1307//1307 2909//2909 2910//2910
f 1307//1307 2910//2910 1309//1309
f 1309//1309 2910//2910 2911//2911
f 1309//1309 2911//2911 1311//1311
f 1311//1311 2911//2911 2410//2410
f 1311//1311 2410//2410 1313//1313
f 1313//1313 2410//2410 1288//1288
f 2937//2937 3068//3068 2365//2365
f 2365//2365 3068//3068 3069//3069
f 2365//2365 3069//3069 3070//3070
f 3070//3070 3069//3069 3071//3071
f 3071//3071 3069//3069 3072//3072
f 3071//3071 3072//3072 3073//3073
f 3073//3073 3072//3072 3074//3074
f 3073//3073 3074//3074 3075//3075
f 3075//3075 3074//3074 3076//3076
f 3075//3075 3076//3076 3077//3077
f 3077//3077 3076//3076 3078//3078
f 3077//3077 3078//3078 2919//2919
f 2919//2919 3078//3078 2920//2920
f 2920//2920 3078//3078 3079//3079
f 2920//2920 3079//3079 2921//2921
f 2921//2921 3079//3079 3080//3080
f 2921//2921 3080//3080 2922//2922
f 2922//2922 3080//3080 3081//3081
f 2922//2922 3081//3081 2752//2752
f 2752//2752 3081//3081 3082//3082
f 2752//2752 3082//3082 3083//3083
f 2934//2934 2715//2715 2937//2937
f 2937//2937 2715//2715 2717//2717
f 2937//2937 2717//2717 2719//2719
f 2715//2715 2934//2934 2713//2713
f 2713//2713 2934//2934 2931//2931
f 2713//2713 2931//2931 2929//2929
f 2713//2713 2929//2929 2711//2711
f 2711//2711 2929//2929 2927//2927
f 2711//2711 2927//2927 2709//2709
f 2709//2709 2927//2927 2939//2939
f 2709//2709 2939//2939 2707//2707
f 2707//2707 2939//2939 2942//2942
f 2707//2707 2942//2942 2733//2733
f 2733//2733 2942//2942 2944//2944
f 2733//2733 2944//2944 2946//2946
f 2733//2733 2946//2946 2731//2731
f 2731//2731 2946//2946 2950//2950
f 2731//2731 2950//2950 2729//2729
f 2729//2729 2950//2950 2960//2960
f 2729//2729 2960//2960 2727//2727
f 2727//2727 2960//2960 2964//2964
f 2727//2727 2964//2964 2725//2725
f 2725//2725 2964//2964 2966//2966
f 2725//2725 2966//2966 2723//2723
f 2723//2723 2966//2966 3083//3083
f 2723//2723 3083//3083 2721//2721
f 2721//2721 3083//3083 3084//3084
f 2721//2721 3084//3084 2719//2719
f 2719//2719 3084//3084 3068//3068
f 2719//2719 3068//3068 2937//2937
f 3083//3083 2966//2966 2752//2752
f 2752//2752 2966//2966 2967//2967
f 2752//2752 2967//2967 3037//3037
f 3037//3037 3035//3035 2752//2752
f 2752//2752 3035//3035 3034//3034
f 2752//2752 3034//3034 2759//2759
f 2759//2759 3034//3034 2997//2997
f 2759//2759 2997//2997 2764//2764
f 2752//2752 2751//2751 2922//2922
f 2922//2922 2751//2751 2923//2923
f 2923//2923 2751//2751 2924//2924
f 2924//2924 2751//2751 2925//2925
f 2925//2925 2751//2751 2735//2735
f 2735//2735 2751//2751 2736//2736
f 3077//3077 2919//2919 3085//3085
f 3085//3085 2919//2919 2918//2918
f 3085//3085 2918//2918 3086//3086
f 3086//3086 2918//2918 2917//2917
f 3086//3086 2917//2917 3087//3087
f 3087//3087 2917//2917 2796//2796
f 3087//3087 2796//2796 3088//3088
f 3088//3088 2796//2796 3065//3065
f 3065//3065 2796//2796 2867//2867
f 2796//2796 2917//2917 2785//2785
f 2785//2785 2917//2917 2916//2916
f 2785//2785 2916//2916 2915//2915
f 2915//2915 2914//2914 2785//2785
f 2785//2785 2914//2914 2781//2781
f 2785//2785 2781//2781 2782//2782
f 3070//3070 3067//3067 2365//2365
f 1285//1285 3089//3089 1287//1287
f 1287//1287 3089//3089 3090//3090
f 1287//1287 3090//3090 1289//1289
f 1289//1289 3090//3090 3091//3091
f 1289//1289 3091//3091 1290//1290
f 1290//1290 3091//3091 3092//3092
f 1290//1290 3092//3092 1312//1312
f 1312//1312 3092//3092 3093//3093
f 1312//1312 3093//3093 1310//1310
f 1310//1310 3093//3093 1308//1308
f 1308//1308 3093//3093 3094//3094
f 1308//1308 3094//3094 1306//1306
f 1306//1306 3094//3094 3095//3095
f 1306//1306 3095//3095 1304//1304
f 1304//1304 3095//3095 3096//3096
f 1304//1304 3096//3096 1302//1302
f 1302//1302 3096//3096 3097//3097
f 1302//1302 3097//3097 1300//1300
f 1300//1300 3097//3097 1298//1298
f 1298//1298 3097//3097 3098//3098
f 1298//1298 3098//3098 1296//1296
f 1296//1296 3098//3098 3099//3099
f 1296//1296 3099//3099 1294//1294
f 1294//1294 3099//3099 3100//3100
f 1294//1294 3100//3100 1292//1292
f 1292//1292 3100//3100 3089//3089
f 1292//1292 3089//3089 1285//1285
f 332//332 334//334 287//287
f 287//287 334//334 361//361
f 287//287 361//361 358//358
f 356//356 468//468 358//358
f 358//358 468//468 288//288
f 358//358 288//288 287//287
f 356//356 354//354 468//468
f 468//468 354//354 352//352
f 468//468 352//352 349//349
f 346//346 51//51 349//349
f 349//349 51//51 49//49
f 349//349 49//49 468//468
f 468//468 49//49 1559//1559
f 1559//1559 49//49 1041//1041
f 1559//1559 1041//1041 2773//2773
f 346//346 344//344 51//51
f 51//51 344//344 588//588
f 588//588 344//344 341//341
f 588//588 341//341 586//586
f 586//586 341//341 584//584
f 584//584 341//341 391//391
f 391//391 341//341 337//337
f 391//391 337//337 332//332
f 391//391 332//332 287//287
f 719//719 721//721 310//310
f 310//310 721//721 740//740
f 310//310 740//740 390//390
f 390//390 740//740 739//739
f 390//390 739//739 738//738
f 737//737 887//887 738//738
f 738//738 887//887 888//888
f 738//738 888//888 889//889
f 887//887 737//737 63//63
f 63//63 737//737 736//736
f 63//63 736//736 735//735
f 733//733 771//771 735//735
f 735//735 771//771 65//65
f 735//735 65//65 63//63
f 733//733 731//731 771//771
f 771//771 731//731 728//728
f 771//771 728//728 725//725
f 719//719 310//310 725//725
f 725//725 310//310 311//311
f 725//725 311//311 771//771
f 2773//2773 2775//2775 1559//1559
f 1559//1559 2775//2775 2777//2777
f 1559//1559 2777//2777 2779//2779
f 2779//2779 2781//2781 1559//1559
f 1559//1559 2781//2781 2914//2914
f 1559//1559 2914//2914 2622//2622
f 287//287 310//310 391//391
f 391//391 310//310 390//390
f 771//771 2623//2623 65//65
f 65//65 2623//2623 3052//3052
f 3052//3052 2623//2623 2743//2743
f 2743//2743 2623//2623 2741//2741
f 2741//2741 2623//2623 2739//2739
f 2739//2739 2623//2623 2737//2737
f 2737//2737 2623//2623 2735//2735
f 2735//2735 2623//2623 2925//2925
f 2925//2925 2623//2623 2611//2611
f 889//889 390//390 738//738
f 2773//2773 1041//1041 2789//2789
f 2789//2789 1041//1041 1040//1040
f 2789//2789 1040//1040 2790//2790
f 2790//2790 1040//1040 2812//2812
f 2790//2790 2812//2812 2801//2801
f 2789//2789 2774//2774 2773//2773
f 367//367 256//256 365//365
f 365//365 256//256 99//99
f 365//365 99//99 380//380
f 380//380 99//99 110//110
f 380//380 110//110 377//377
f 377//377 110//110 581//581
f 377//377 581//581 355//355
f 355//355 581//581 579//579
f 355//355 579//579 353//353
f 353//353 579//579 583//583
f 353//353 583//583 351//351
f 351//351 583//583 582//582
f 351//351 582//582 350//350
f 350//350 582//582 46//46
f 350//350 46//46 381//381
f 381//381 46//46 281//281
f 381//381 281//281 283//283
f 256//256 367//367 259//259
f 259//259 367//367 369//369
f 259//259 369//369 386//386
f 386//386 384//384 259//259
f 259//259 384//384 285//285
f 285//285 384//384 381//381
f 285//285 381//381 283//283
f 1040//1040 48//48 2812//2812
f 2812//2812 48//48 2813//2813
f 2812//2812 2813//2813 2809//2809
f 2809//2809 2813//2813 2815//2815
f 2809//2809 2815//2815 2818//2818
f 2813//2813 48//48 573//573
f 573//573 48//48 46//46
f 573//573 46//46 582//582
f 2818//2818 2804//2804 2809//2809
f 2809//2809 2810//2810 2812//2812
f 2812//2812 2810//2810 2811//2811
f 2814//2814 2813//2813 473//473
f 473//473 2813//2813 573//573
f 1534//1534 222//222 42//42
f 42//42 222//222 236//236
f 42//42 236//236 235//235
f 1541//1541 2897//2897 1534//1534
f 1534//1534 2897//2897 220//220
f 1534//1534 220//220 222//222
f 2897//2897 2896//2896 220//220
f 220//220 2896//2896 2895//2895
f 220//220 2895//2895 219//219
f 219//219 2895//2895 2823//2823
f 219//219 2823//2823 237//237
f 237//237 2823//2823 2824//2824
f 237//237 2824//2824 2891//2891
f 237//237 2891//2891 205//205
f 205//205 2891//2891 2885//2885
f 205//205 2885//2885 206//206
f 206//206 2885//2885 2883//2883
f 206//206 2883//2883 484//484
f 484//484 2883//2883 481//481
f 481//481 2883//2883 479//479
f 479//479 2883//2883 2881//2881
f 479//479 2881//2881 477//477
f 477//477 2881//2881 2880//2880
f 477//477 2880//2880 473//473
f 473//473 2880//2880 2814//2814
f 235//235 231//231 42//42
f 42//42 231//231 230//230
f 42//42 230//230 233//233
f 233//233 230//230 229//229
f 233//233 229//229 234//234
f 233//233 232//232 42//42
f 42//42 232//232 41//41
f 2628//2628 2576//2576 2632//2632
f 2632//2632 2576//2576 2574//2574
f 2632//2632 2574//2574 3101//3101
f 3101//3101 2574//2574 3102//3102
f 3102//3102 2574//2574 3103//3103
f 3104//3104 3105//3105 2664//2664
f 2664//2664 3105//3105 3106//3106
f 2664//2664 3106//3106 2663//2663
f 2663//2663 3106//3106 3107//3107
f 2663//2663 3107//3107 2662//2662
f 2662//2662 3107//3107 3108//3108
f 2662//2662 3108//3108 2661//2661
f 2661//2661 3108//3108 3109//3109
f 2661//2661 3109//3109 2416//2416
f 2416//2416 3109//3109 2417//2417
f 2417//2417 3109//3109 3108//3108
f 2417//2417 3108//3108 3107//3107
f 3110//3110 3111//3111 3104//3104
f 3104//3104 3111//3111 3112//3112
f 3104//3104 3112//3112 3105//3105
f 3105//3105 3112//3112 2419//2419
f 3105//3105 2419//2419 2418//2418
f 3111//3111 3110//3110 3113//3113
f 3113//3113 3110//3110 3114//3114
f 3113//3113 3114//3114 3115//3115
f 3115//3115 3114//3114 3116//3116
f 3115//3115 3116//3116 3117//3117
f 3117//3117 3116//3116 3118//3118
f 3117//3117 3118//3118 3119//3119
f 3119//3119 3118//3118 3120//3120
f 3119//3119 3120//3120 3121//3121
f 3121//3121 3120//3120 2930//2930
f 3121//3121 2930//2930 2932//2932
f 3120//3120 3122//3122 2930//2930
f 2930//2930 3122//3122 2928//2928
f 3121//3121 2932//2932 3119//3119
f 3119//3119 2932//2932 2933//2933
f 3119//3119 2933//2933 2935//2935
f 2935//2935 2936//2936 3119//3119
f 3119//3119 2936//2936 3117//3117
f 2937//2937 2365//2365 2936//2936
f 2936//2936 2365//2365 3117//3117
f 2364//2364 3123//3123 2365//2365
f 2365//2365 3123//3123 3115//3115
f 2365//2365 3115//3115 3117//3117
f 3123//3123 2364//2364 3124//3124
f 3124//3124 2364//2364 2419//2419
f 3124//3124 2419//2419 3112//3112
f 2417//2417 3107//3107 2418//2418
f 2418//2418 3107//3107 3106//3106
f 2418//2418 3106//3106 3105//3105
f 3124//3124 3112//3112 3111//3111
f 3123//3123 3124//3124 3113//3113
f 3113//3113 3124//3124 3111//3111
f 3115//3115 3123//3123 3113//3113
f 2928//2928 3122//3122 2926//2926
f 2926//2926 3122//3122 3125//3125
f 2926//2926 3125//3125 2938//2938
f 2938//2938 3125//3125 2940//2940
f 2940//2940 3125//3125 3126//3126
f 2940//2940 3126//3126 3127//3127
f 3127//3127 3126//3126 3128//3128
f 3127//3127 3128//3128 2941//2941
f 2941//2941 3128//3128 2943//2943
f 2943//2943 3128//3128 3129//3129
f 2943//2943 3129//3129 3130//3130
f 3130//3130 3129//3129 3131//3131
f 3130//3130 3131//3131 3132//3132
f 3132//3132 3131//3131 3133//3133
f 3132//3132 3133//3133 3134//3134
f 3126//3126 3135//3135 3128//3128
f 3128//3128 3135//3135 3129//3129
f 3129//3129 3135//3135 3131//3131
f 3131//3131 3135//3135 3133//3133
f 3134//3134 3136//3136 3132//3132
f 3132//3132 3136//3136 3137//3137
f 3132//3132 3137//3137 3130//3130
f 3130//3130 3137//3137 3138//3138
f 3130//3130 3138//3138 2945//2945
f 2945//2945 3138//3138 2947//2947
f 2947//2947 3138//3138 3139//3139
f 2947//2947 3139//3139 3140//3140
f 3140//3140 3139//3139 3141//3141
f 3140//3140 3141//3141 2948//2948
f 2948//2948 3141//3141 2949//2949
f 2949//2949 3141//3141 2953//2953
f 2953//2953 3141//3141 2956//2956
f 2956//2956 3141//3141 2958//2958
f 2958//2958 3141//3141 2985//2985
f 2958//2958 2985//2985 2957//2957
f 2957//2957 2985//2985 2955//2955
f 2955//2955 2985//2985 2954//2954
f 2954//2954 2985//2985 2951//2951
f 2951//2951 2985//2985 2984//2984
f 2951//2951 2984//2984 2983//2983
f 3136//3136 3141//3141 3137//3137
f 3137//3137 3141//3141 3139//3139
f 3137//3137 3139//3139 3138//3138
f 2983//2983 2952//2952 2951//2951
f 2948//2948 2947//2947 3140//3140
f 2945//2945 2943//2943 3130//3130
f 2941//2941 2940//2940 3127//3127
f 3142//3142 1042//1042 3143//3143
f 3143//3143 1042//1042 54//54
f 3143//3143 54//54 3144//3144
f 3144//3144 54//54 3050//3050
f 3144//3144 3050//3050 3145//3145
f 3145//3145 3050//3050 3146//3146
f 3145//3145 3146//3146 3147//3147
f 3147//3147 3146//3146 3148//3148
f 3148//3148 3146//3146 3149//3149
f 3148//3148 3149//3149 3150//3150
f 3150//3150 3149//3149 3136//3136
f 3150//3150 3136//3136 3134//3134
f 3050//3050 2985//2985 3146//3146
f 3146//3146 2985//2985 3149//3149
f 2985//2985 3141//3141 3149//3149
f 3149//3149 3141//3141 3136//3136
f 3147//3147 3151//3151 3145//3145
f 3145//3145 3151//3151 3144//3144
f 3151//3151 3152//3152 3144//3144
f 3144//3144 3152//3152 3153//3153
f 3144//3144 3153//3153 3142//3142
f 3144//3144 3142//3142 3143//3143
f 65//65 3052//3052 66//66
f 66//66 3052//3052 3051//3051
f 922//922 3058//3058 921//921
f 921//921 3058//3058 3059//3059
f 921//921 3059//3059 920//920
f 920//920 3059//3059 3060//3060
f 920//920 3060//3060 1023//1023
f 1023//1023 3060//3060 3061//3061
f 1023//1023 3061//3061 1021//1021
f 1021//1021 3061//3061 1019//1019
f 1019//1019 3061//3061 946//946
f 946//946 3061//3061 944//944
f 944//944 3061//3061 3062//3062
f 944//944 3062//3062 940//940
f 940//940 3062//3062 942//942
f 942//942 3062//3062 3063//3063
f 942//942 3063//3063 943//943
f 943//943 3063//3063 1015//1015
f 1015//1015 3063//3063 1016//1016
f 1016//1016 3063//3063 1018//1018
f 1018//1018 3063//3063 3064//3064
f 1018//1018 3064//3064 916//916
f 916//916 3064//3064 915//915
f 915//915 3064//3064 3053//3053
f 915//915 3053//3053 914//914
f 914//914 3053//3053 3054//3054
f 914//914 3054//3054 913//913
f 913//913 3054//3054 3055//3055
f 913//913 3055//3055 924//924
f 924//924 3055//3055 3056//3056
f 924//924 3056//3056 923//923
f 923//923 3056//3056 3057//3057
f 923//923 3057//3057 922//922
f 922//922 3057//3057 3058//3058
f 916//916 917//917 1018//1018
f 1018//1018 917//917 3154//3154
f 3154//3154 917//917 918//918
f 3154//3154 918//918 3155//3155
f 3155//3155 918//918 3156//3156
f 3156//3156 918//918 3157//3157
f 3157//3157 918//918 3158//3158
f 3158//3158 918//918 919//919
f 3158//3158 919//919 1023//1023
f 1023//1023 919//919 920//920
f 933//933 935//935 3159//3159
f 3159//3159 935//935 3156//3156
f 3159//3159 3156//3156 3157//3157
f 3156//3156 935//935 3155//3155
f 3155//3155 935//935 1017//1017
f 3155//3155 1017//1017 3154//3154
f 3154//3154 1017//1017 1018//1018
f 3157//3157 3158//3158 3159//3159
f 3159//3159 3158//3158 1024//1024
f 1024//1024 3158//3158 1023//1023
f 934//934 933//933 318//318
f 318//318 933//933 3159//3159
f 318//318 3159//3159 317//317
f 317//317 3159//3159 1024//1024
f 317//317 1024//1024 316//316
f 316//316 1024//1024 2609//2609
f 316//316 2609//2609 2627//2627
f 1024//1024 1022//1022 2609//2609
f 2609//2609 1022//1022 1020//1020
f 2609//2609 1020//1020 945//945
f 945//945 939//939 2609//2609
f 2609//2609 939//939 2607//2607
f 2607//2607 939//939 938//938
f 2607//2607 938//938 2605//2605
f 2605//2605 938//938 320//320
f 320//320 938//938 318//318
f 318//318 938//938 936//936
f 318//318 936//936 934//934
f 771//771 312//312 2623//2623
f 2623//2623 312//312 2624//2624
f 2624//2624 312//312 313//313
f 2624//2624 313//313 2625//2625
f 2625//2625 313//313 314//314
f 2625//2625 314//314 2626//2626
f 2626//2626 314//314 315//315
f 2626//2626 315//315 2627//2627
f 2627//2627 315//315 316//316
f 761//761 3160//3160 759//759
f 759//759 3160//3160 3161//3161
f 759//759 3161//3161 760//760
f 760//760 3161//3161 3162//3162
f 760//760 3162//3162 763//763
f 763//763 3162//3162 3163//3163
f 763//763 3163//3163 765//765
f 765//765 3163//3163 3164//3164
f 765//765 3164//3164 767//767
f 767//767 3164//3164 3165//3165
f 767//767 3165//3165 769//769
f 769//769 3165//3165 3166//3166
f 769//769 3166//3166 320//320
f 320//320 3166//3166 2605//2605
f 2605//2605 3166//3166 3080//3080
f 2605//2605 3080//3080 3079//3079
f 3160//3160 761//761 3103//3103
f 3103//3103 761//761 762//762
f 3103//3103 762//762 3167//3167
f 3167//3167 762//762 3168//3168
f 3167//3167 3168//3168 3103//3103
f 762//762 764//764 3168//3168
f 3168//3168 764//764 3169//3169
f 3169//3169 764//764 3170//3170
f 3169//3169 3170//3170 3171//3171
f 3171//3171 3170//3170 764//764
f 3171//3171 764//764 766//766
f 768//768 3172//3172 766//766
f 766//766 3172//3172 3173//3173
f 766//766 3173//3173 3171//3171
f 3171//3171 3173//3173 3172//3172
f 770//770 331//331 768//768
f 768//768 331//331 37//37
f 768//768 37//37 3172//3172
f 3172//3172 37//37 36//36
f 769//769 320//320 770//770
f 770//770 320//320 319//319
f 770//770 319//319 331//331
f 3084//3084 3162//3162 3068//3068
f 3068//3068 3162//3162 3161//3161
f 3068//3068 3161//3161 3069//3069
f 3069//3069 3161//3161 3160//3160
f 3069//3069 3160//3160 2574//2574
f 2574//2574 3160//3160 3103//3103
f 3162//3162 3084//3084 3163//3163
f 3163//3163 3084//3084 3083//3083
f 3163//3163 3083//3083 3164//3164
f 3164//3164 3083//3083 3082//3082
f 3164//3164 3082//3082 3165//3165
f 3165//3165 3082//3082 3081//3081
f 3165//3165 3081//3081 3166//3166
f 3166//3166 3081//3081 3080//3080
f 2605//2605 3079//3079 2603//2603
f 2603//2603 3079//3079 3078//3078
f 2603//2603 3078//3078 2602//2602
f 2602//2602 3078//3078 3076//3076
f 2602//2602 3076//3076 2600//2600
f 2600//2600 3076//3076 3074//3074
f 2600//2600 3074//3074 2573//2573
f 2573//2573 3074//3074 3072//3072
f 2573//2573 3072//3072 2574//2574
f 2574//2574 3072//3072 3069//3069
f 1557//1557 1548//1548 3174//3174
f 3174//3174 1548//1548 2659//2659
f 3174//3174 2659//2659 2634//2634
f 2634//2634 2659//2659 2660//2660
f 2634//2634 2660//2660 2635//2635
f 2634//2634 2633//2633 3174//3174
f 3174//3174 2633//2633 3102//3102
f 3174//3174 3102//3102 3103//3103
f 2632//2632 3101//3101 2633//2633
f 2633//2633 3101//3101 3102//3102
f 3103//3103 3168//3168 3174//3174
f 3174//3174 3168//3168 3169//3169
f 3174//3174 3169//3169 3175//3175
f 3175//3175 3169//3169 3171//3171
f 3175//3175 3171//3171 3176//3176
f 3176//3176 3171//3171 3172//3172
f 3176//3176 3172//3172 35//35
f 35//35 3172//3172 36//36
f 35//35 34//34 3176//3176
f 3176//3176 34//34 1554//1554
f 3176//3176 1554//1554 1555//1555
f 34//34 32//32 1554//1554
f 3176//3176 1555//1555 3175//3175
f 3175//3175 1555//1555 1556//1556
f 3175//3175 1556//1556 3174//3174
f 3174//3174 1556//1556 1557//1557
f 3070//3070 2577//2577 3067//3067
f 3067//3067 2577//2577 2578//2578
f 3067//3067 2578//2578 3066//3066
f 3066//3066 2578//2578 2579//2579
f 3066//3066 2579//2579 3065//3065
f 3065//3065 2579//2579 2581//2581
f 3065//3065 2581//2581 3088//3088
f 3088//3088 2581//2581 2582//2582
f 3088//3088 2582//2582 3087//3087
f 3087//3087 2582//2582 2618//2618
f 3087//3087 2618//2618 3086//3086
f 3086//3086 2618//2618 2617//2617
f 3086//3086 2617//2617 3085//3085
f 3085//3085 2617//2617 2616//2616
f 3085//3085 2616//2616 3077//3077
f 3077//3077 2616//2616 2614//2614
f 3077//3077 2614//2614 3075//3075
f 3075//3075 2614//2614 2613//2613
f 3075//3075 2613//2613 3073//3073
f 3073//3073 2613//2613 2599//2599
f 3073//3073 2599//2599 3071//3071
f 3071//3071 2599//2599 2575//2575
f 3071//3071 2575//2575 3070//3070
f 3070//3070 2575//2575 2577//2577
f 652//652 3090//3090 651//651
f 651//651 3090//3090 3089//3089
f 651//651 3089//3089 650//650
f 650//650 3089//3089 3100//3100
f 650//650 3100//3100 649//649
f 649//649 3100//3100 3099//3099
f 649//649 3099//3099 648//648
f 648//648 3099//3099 3098//3098
f 648//648 3098//3098 659//659
f 659//659 3098//3098 3097//3097
f 659//659 3097//3097 658//658
f 658//658 3097//3097 3096//3096
f 658//658 3096//3096 657//657
f 657//657 3096//3096 3095//3095
f 657//657 3095//3095 656//656
f 656//656 3095//3095 3094//3094
f 656//656 3094//3094 1012//1012
f 1012//1012 3094//3094 3093//3093
f 1012//1012 3093//3093 1011//1011
f 1011//1011 3093//3093 1010//1010
f 1010//1010 3093//3093 928//928
f 928//928 3093//3093 929//929
f 929//929 3093//3093 3092//3092
f 929//929 3092//3092 926//926
f 926//926 3092//3092 930//930
f 930//930 3092//3092 3091//3091
f 930//930 3091//3091 932//932
f 932//932 3091//3091 1025//1025
f 1025//1025 3091//3091 1027//1027
f 1027//1027 3091//3091 1029//1029
f 1029//1029 3091//3091 3090//3090
f 1029//1029 3090//3090 652//652
f 652//652 653//653 1029//1029
f 1029//1029 653//653 3177//3177
f 3177//3177 653//653 654//654
f 3177//3177 654//654 3178//3178
f 3178//3178 654//654 3179//3179
f 3179//3179 654//654 3180//3180
f 3180//3180 654//654 3181//3181
f 3181//3181 654//654 655//655
f 3181//3181 655//655 1012//1012
f 1012//1012 655//655 656//656
f 1029//1029 3177//3177 1030//1030
f 1030//1030 3177//3177 3178//3178
f 1030//1030 3178//3178 1569//1569
f 1569//1569 3178//3178 3179//3179
f 1569//1569 3179//3179 2//2
f 2//2 3179//3179 3180//3180
f 2//2 3180//3180 1013//1013
f 1013//1013 3180//3180 3181//3181
f 1013//1013 3181//3181 1012//1012
f 1013//1013 1031//1031 2//2
f 2//2 1//1 1569//1569
f 978//978 991//991 977//977
f 977//977 991//991 990//990
f 977//977 990//990 976//976
f 976//976 990//990 989//989
f 976//976 989//989 986//986
f 986//986 989//989 988//988
f 986//986 988//988 987//987
f 991//991 978//978 992//992
f 992//992 978//978 980//980
f 992//992 980//980 982//982
f 1042//1042 3142//3142 61//61
f 61//61 3142//3142 935//935
f 61//61 935//935 60//60
f 60//60 935//935 59//59
f 59//59 935//935 58//58
f 58//58 935//935 57//57
f 57//57 935//935 660//660
f 660//660 935//935 663//663
f 663//663 935//935 668//668
f 668//668 935//935 146//146
f 146//146 935//935 937//937
f 146//146 937//937 72//72
f 72//72 937//937 2677//2677
f 2677//2677 937//937 941//941
f 2677//2677 941//941 3151//3151
f 3151//3151 941//941 1017//1017
f 3151//3151 1017//1017 3152//3152
f 3152//3152 1017//1017 3153//3153
f 3153//3153 1017//1017 3142//3142
f 3142//3142 1017//1017 935//935
f 949//949 967//967 951//951
f 951//951 967//967 965//965
f 951//951 965//965 953//953
f 953//953 965//965 963//963
f 953//953 963//963 955//955
f 955//955 963//963 961//961
f 955//955 961//961 957//957
f 957//957 961//961 959//959
f 967//967 949//949 969//969
f 969//969 949//949 975//975
f 969//969 975//975 971//971
f 971//971 975//975 973//973
f 1013//1013 1014//1014 1031//1031
f 1031//1031 1014//1014 1237//1237
f 1031//1031 1237//1237 1238//1238
f 1238//1238 3182//3182 1031//1031
f 1031//1031 3182//3182 3183//3183
f 1031//1031 3183//3183 1032//1032
f 1118//1118 1193//1193 1241//1241
f 1241//1241 1193//1193 3182//3182
f 1241//1241 3182//3182 1240//1240
f 1240//1240 3182//3182 1239//1239
f 1239//1239 3182//3182 1238//1238
f 3182//3182 1193//1193 3184//3184
f 3184//3184 1193//1193 1195//1195
f 3184//3184 1195//1195 1197//1197
f 3184//3184 1197//1197 3185//3185
f 3185//3185 1197//1197 1199//1199
f 3185//3185 1199//1199 1201//1201
f 1170//1170 1229//1229 1201//1201
f 1201//1201 1229//1229 3185//3185
f 3185//3185 1229//1229 3186//3186
f 3186//3186 1229//1229 3187//3187
f 3186//3186 3187//3187 3188//3188
f 3186//3186 3188//3188 3189//3189
f 3189//3189 3188//3188 3190//3190
f 3189//3189 3190//3190 3191//3191
f 3191//3191 3190//3190 3192//3192
f 3191//3191 3192//3192 1499//1499
f 1499//1499 1500//1500 3191//3191
f 3191//3191 1500//1500 1502//1502
f 3191//3191 1502//1502 3193//3193
f 3193//3193 1502//1502 1503//1503
f 3193//3193 1503//1503 1504//1504
f 3193//3193 1504//1504 3194//3194
f 3194//3194 1504//1504 1508//1508
f 3194//3194 1508//1508 1033//1033
f 1033//1033 1508//1508 1034//1034
f 1033//1033 1032//1032 3194//3194
f 3194//3194 1032//1032 3195//3195
f 3194//3194 3195//3195 3196//3196
f 3196//3196 3195//3195 3185//3185
f 3196//3196 3185//3185 3186//3186
f 1032//1032 3183//3183 3195//3195
f 3195//3195 3183//3183 3184//3184
f 3195//3195 3184//3184 3185//3185
f 3183//3183 3182//3182 3184//3184
f 3186//3186 3189//3189 3196//3196
f 3196//3196 3189//3189 3193//3193
f 3196//3196 3193//3193 3194//3194
f 3191//3191 3193//3193 3189//3189
f 1813//1813 1811//1811 2207//2207
f 2207//2207 1811//1811 2209//2209
f 2209//2209 1811//1811 1810//1810
f 2209//2209 1810//1810 1809//1809
f 1809//1809 1808//1808 2209//2209
f 2209//2209 1808//1808 1807//1807
f 2209//2209 1807//1807 1806//1806
f 1806//1806 1805//1805 2209//2209
f 2209//2209 1805//1805 1804//1804
f 2209//2209 1804//1804 1803//1803
f 1803//1803 1802//1802 2209//2209
f 2209//2209 1802//1802 2211//2211
f 2211//2211 1802//1802 1801//1801
f 2211//2211 1801//1801 1800//1800
f 1800//1800 1799//1799 2211//2211
f 2211//2211 1799//1799 1798//1798
f 2211//2211 1798//1798 1797//1797
f 1797//1797 1796//1796 2211//2211
f 2211//2211 1796//1796 1795//1795
f 2211//2211 1795//1795 1794//1794
f 1794//1794 1792//1792 2211//2211
f 2211//2211 1792//1792 1791//1791
f 2211//2211 1791//1791 2213//2213
f 2213//2213 1791//1791 1790//1790
f 2213//2213 1790//1790 1789//1789
f 1789//1789 1788//1788 2213//2213
f 2213//2213 1788//1788 1787//1787
f 2213//2213 1787//1787 1786//1786
f 1786//1786 1785//1785 2213//2213
f 2213//2213 1785//1785 1784//1784
f 2213//2213 1784//1784 1783//1783
f 1783//1783 1782//1782 2213//2213
f 2213//2213 1782//1782 1780//1780
f 2213//2213 1780//1780 1779//1779
f 2213//2213 1779//1779 2215//2215
f 2215//2215 1779//1779 1778//1778
f 2215//2215 1778//1778 1777//1777
f 1777//1777 1776//1776 2215//2215
f 2215//2215 1776//1776 1775//1775
f 2215//2215 1775//1775 1774//1774
f 1774//1774 1773//1773 2215//2215
f 2215//2215 1773//1773 1772//1772
f 2215//2215 1772//1772 1770//1770
f 1770//1770 1769//1769 2215//2215
f 2215//2215 1769//1769 2218//2218
f 2218//2218 1769//1769 1768//1768
f 2218//2218 1768//1768 1767//1767
f 1767//1767 1766//1766 2218//2218
f 2218//2218 1766//1766 1765//1765
f 2218//2218 1765//1765 1764//1764
f 1764//1764 1763//1763 2218//2218
f 2218//2218 1763//1763 1762//1762
f 2218//2218 1762//1762 1760//1760
f 1760//1760 1758//1758 2218//2218
f 2218//2218 1758//1758 2220//2220
f 2220//2220 1758//1758 1757//1757
f 2220//2220 1757//1757 1756//1756
f 1756//1756 1755//1755 2220//2220
f 2220//2220 1755//1755 1754//1754
f 2220//2220 1754//1754 1753//1753
f 1753//1753 1752//1752 2220//2220
f 2220//2220 1752//1752 1751//1751
f 2220//2220 1751//1751 1750//1750
f 1750//1750 1749//1749 2220//2220
f 2220//2220 1749//1749 1747//1747
f 2220//2220 1747//1747 1746//1746
f 1746//1746 1745//1745 2220//2220
f 2220//2220 1745//1745 1737//1737
f 2220//2220 1737//1737 1736//1736
f 1736//1736 1738//1738 2220//2220
f 2220//2220 1738//1738 2223//2223
f 2223//2223 1738//1738 1740//1740
f 2223//2223 1740//1740 1742//1742
f 1742//1742 1744//1744 2223//2223
f 1650//1650 1576//1576 2678//2678
f 2678//2678 1576//1576 1318//1318
f 1318//1318 1576//1576 2256//2256
f 2256//2256 1576//1576 1575//1575
f 2256//2256 1575//1575 1574//1574
f 1574//1574 1572//1572 2256//2256
f 1465//1465 1463//1463 1330//1330
f 1330//1330 1463//1463 1328//1328
f 1328//1328 1463//1463 1461//1461
f 1328//1328 1461//1461 1327//1327
f 1327//1327 1461//1461 1460//1460
f 1327//1327 1460//1460 1326//1326
f 1326//1326 1460//1460 1458//1458
f 1326//1326 1458//1458 1324//1324
f 1324//1324 1458//1458 1456//1456
f 1324//1324 1456//1456 1322//1322
f 1322//1322 1456//1456 1453//1453
f 1322//1322 1453//1453 1321//1321
f 1321//1321 1453//1453 1319//1319
f 1319//1319 1453//1453 1451//1451
f 1319//1319 1451//1451 1318//1318
f 1318//1318 1451//1451 2678//2678
f 3114//3114 3197//3197 3116//3116
f 3116//3116 3197//3197 3118//3118
f 3118//3118 3197//3197 3120//3120
f 3120//3120 3197//3197 3122//3122
f 3122//3122 3197//3197 3125//3125
f 3125//3125 3197//3197 3126//3126
f 3126//3126 3197//3197 3135//3135
f 3135//3135 3197//3197 3133//3133
f 3133//3133 3197//3197 3134//3134
f 3134//3134 3197//3197 3150//3150
f 3150//3150 3197//3197 3198//3198
f 3150//3150 3198//3198 3148//3148
f 3148//3148 3198//3198 3147//3147
f 3147//3147 3198//3198 3151//3151
f 3199//3199 3200//3200 2664//2664
f 2664//2664 3200//3200 3104//3104
f 3104//3104 3200//3200 3201//3201
f 3104//3104 3201//3201 3202//3202
f 3202//3202 3201//3201 3203//3203
f 3202//3202 3203//3203 3204//3204
f 3204//3204 3203//3203 3205//3205
f 3205//3205 3203//3203 3206//3206
f 3206//3206 3203//3203 3207//3207
f 3207//3207 3203//3203 3208//3208
f 3207//3207 3208//3208 3209//3209
f 3209//3209 3208//3208 3210//3210
f 3210//3210 3208//3208 3211//3211
f 3210//3210 3211//3211 3212//3212
f 3212//3212 3211//3211 3213//3213
f 3213//3213 3211//3211 3214//3214
f 3213//3213 3214//3214 3114//3114
f 3114//3114 3214//3214 3197//3197
f 3110//3110 3215//3215 3114//3114
f 3114//3114 3215//3215 3216//3216
f 3114//3114 3216//3216 3213//3213
f 3104//3104 3217//3217 3110//3110
f 3110//3110 3217//3217 3218//3218
f 3110//3110 3218//3218 3219//3219
f 3202//3202 3217//3217 3104//3104
f 3219//3219 3220//3220 3110//3110
f 3110//3110 3220//3220 3221//3221
f 3110//3110 3221//3221 3215//3215
f 2664//2664 2576//2576 3199//3199
f 3199//3199 2576//2576 3222//3222
f 3222//3222 2576//2576 2628//2628
f 3222//3222 2628//2628 2674//2674
f 3198//3198 3223//3223 3151//3151
f 3151//3151 3223//3223 3224//3224
f 3151//3151 3224//3224 3225//3225
f 3198//3198 3226//3226 3223//3223
f 3223//3223 3226//3226 3227//3227
f 3223//3223 3227//3227 3228//3228
f 3223//3223 3228//3228 3229//3229
f 3229//3229 3228//3228 3230//3230
f 3229//3229 3230//3230 3231//3231
f 3231//3231 3230//3230 3232//3232
f 3232//3232 3230//3230 3222//3222
f 3232//3232 3222//3222 3233//3233
f 3233//3233 3222//3222 2674//2674
f 3233//3233 2674//2674 3234//3234
f 3234//3234 2674//2674 3235//3235
f 3235//3235 2674//2674 2677//2677
f 3235//3235 2677//2677 3236//3236
f 3236//3236 2677//2677 3237//3237
f 3237//3237 2677//2677 3238//3238
f 3238//3238 2677//2677 3225//3225
f 3225//3225 2677//2677 3151//3151
f 3199//3199 3222//3222 3200//3200
f 3200//3200 3222//3222 3230//3230
f 3200//3200 3230//3230 3201//3201
f 3201//3201 3230//3230 3203//3203
f 2697//2697 2692//2692 3239//3239
f 3239//3239 2692//2692 2693//2693
f 3239//3239 2693//2693 3240//3240
f 3240//3240 2693//2693 2695//2695
f 3240//3240 2695//2695 2696//2696
f 2696//2696 2676//2676 3240//3240
f 2519//2519 2681//2681 3239//3239
f 3239//3239 2681//2681 2698//2698
f 3239//3239 2698//2698 2697//2697
f 2532//2532 2504//2504 2531//2531
f 2531//2531 2504//2504 2501//2501
f 2531//2531 2501//2501 3241//3241
f 3241//3241 2501//2501 2499//2499
f 3241//3241 2499//2499 2497//2497
f 2532//2532 2687//2687 2504//2504
f 2504//2504 2687//2687 2506//2506
f 2506//2506 2687//2687 2685//2685
f 2506//2506 2685//2685 2508//2508
f 2508//2508 2685//2685 2511//2511
f 2511//2511 2685//2685 2679//2679
f 2511//2511 2679//2679 2519//2519
f 2519//2519 2679//2679 2681//2681
f 2517//2517 2488//2488 2519//2519
f 2519//2519 2488//2488 2513//2513
f 2519//2519 2513//2513 2511//2511
f 3241//3241 2494//2494 2517//2517
f 2517//2517 2494//2494 2492//2492
f 2517//2517 2492//2492 2486//2486
f 2497//2497 2494//2494 3241//3241
f 2486//2486 2488//2488 2517//2517
f 3242//3242 3243//3243 3241//3241
f 3241//3241 3243//3243 2531//2531
f 2566//2566 2571//2571 2569//2569
f 2569//2569 2571//2571 2666//2666
f 2666//2666 2571//2571 3244//3244
f 2666//2666 3244//3244 2672//2672
f 2672//2672 3244//3244 2673//2673
f 2673//2673 3244//3244 2274//2274
f 2257//2257 2259//2259 2420//2420
f 2420//2420 2259//2259 2261//2261
f 2420//2420 2261//2261 2262//2262
f 2420//2420 2262//2262 3245//3245
f 3245//3245 2262//2262 2263//2263
f 3245//3245 2263//2263 3246//3246
f 3246//3246 2263//2263 2265//2265
f 3246//3246 2265//2265 3247//3247
f 3247//3247 2265//2265 2282//2282
f 3247//3247 2282//2282 3248//3248
f 3248//3248 2282//2282 2281//2281
f 3248//3248 2281//2281 3249//3249
f 3249//3249 2281//2281 2273//2273
f 3249//3249 2273//2273 3244//3244
f 3244//3244 2273//2273 2274//2274
f 3240//3240 2676//2676 3250//3250
f 3250//3250 2676//2676 2675//2675
f 3250//3250 2675//2675 3251//3251
f 3251//3251 2675//2675 3252//3252
f 3252//3252 2675//2675 3253//3253
f 3253//3253 2675//2675 3254//3254
f 3254//3254 2675//2675 3255//3255
f 3254//3254 3255//3255 3256//3256
f 3256//3256 3255//3255 3257//3257
f 3257//3257 3255//3255 3258//3258
f 3257//3257 3258//3258 3259//3259
f 3259//3259 3258//3258 3260//3260
f 3260//3260 3258//3258 3261//3261
f 3260//3260 3261//3261 3262//3262
f 3262//3262 3261//3261 3263//3263
f 3263//3263 3261//3261 3250//3250
f 3263//3263 3250//3250 3264//3264
f 3264//3264 3250//3250 3265//3265
f 3265//3265 3250//3250 3251//3251
f 2572//2572 3266//3266 2571//2571
f 2571//2571 3266//3266 3267//3267
f 2571//2571 3267//3267 3244//3244
f 3244//3244 3267//3267 3268//3268
f 3244//3244 3268//3268 2523//2523
f 2519//2519 3269//3269 2523//2523
f 2523//2523 3269//3269 3270//3270
f 2523//2523 3270//3270 3271//3271
f 3239//3239 3272//3272 2519//2519
f 2519//2519 3272//3272 3273//3273
f 2519//2519 3273//3273 3269//3269
f 3240//3240 3274//3274 3239//3239
f 3239//3239 3274//3274 3275//3275
f 3239//3239 3275//3275 3272//3272
f 3250//3250 2420//2420 3240//3240
f 3240//3240 2420//2420 3276//3276
f 3240//3240 3276//3276 3277//3277
f 3250//3250 2414//2414 2420//2420
f 2420//2420 3245//3245 3276//3276
f 3276//3276 3245//3245 3278//3278
f 3278//3278 3245//3245 3246//3246
f 3278//3278 3246//3246 3279//3279
f 3279//3279 3246//3246 3247//3247
f 3279//3279 3247//3247 3248//3248
f 3279//3279 3248//3248 3280//3280
f 3280//3280 3248//3248 3249//3249
f 3280//3280 3249//3249 2523//2523
f 2523//2523 3249//3249 3244//3244
f 3277//3277 3274//3274 3240//3240
f 3271//3271 3280//3280 2523//2523
f 3250//3250 3261//3261 2414//2414
f 2414//2414 3261//3261 2421//2421
f 3258//3258 3255//3255 2425//2425
f 2425//2425 3255//3255 2429//2429
f 2629//2629 2651//2651 2675//2675
f 2675//2675 2651//2651 3255//3255
f 3255//3255 2651//2651 2589//2589
f 3255//3255 2589//2589 2429//2429
f 2429//2429 2589//2589 2415//2415
f 2415//2415 2589//2589 2583//2583
f 3261//3261 3258//3258 2421//2421
f 2421//2421 3258//3258 2425//2425
f 3256//3256 3281//3281 3254//3254
f 3254//3254 3281//3281 3282//3282
f 3254//3254 3282//3282 3253//3253
f 3253//3253 3282//3282 3283//3283
f 3253//3253 3283//3283 3252//3252
f 3252//3252 3283//3283 3284//3284
f 3252//3252 3284//3284 3251//3251
f 3251//3251 3284//3284 3285//3285
f 3251//3251 3285//3285 3265//3265
f 3265//3265 3285//3285 3286//3286
f 3265//3265 3286//3286 3264//3264
f 3264//3264 3286//3286 3287//3287
f 3264//3264 3287//3287 3263//3263
f 3263//3263 3287//3287 3288//3288
f 3263//3263 3288//3288 3262//3262
f 3262//3262 3288//3288 3289//3289
f 3262//3262 3289//3289 3260//3260
f 3260//3260 3289//3289 3290//3290
f 3260//3260 3290//3290 3259//3259
f 3259//3259 3290//3290 3291//3291
f 3259//3259 3291//3291 3257//3257
f 3257//3257 3291//3291 3292//3292
f 3257//3257 3292//3292 3256//3256
f 3256//3256 3292//3292 3281//3281
f 2433//2433 3283//3283 2432//2432
f 2432//2432 3283//3283 3282//3282
f 2432//2432 3282//3282 2431//2431
f 2431//2431 3282//3282 3281//3281
f 2431//2431 3281//3281 2430//2430
f 2430//2430 3281//3281 3292//3292
f 2430//2430 3292//3292 2426//2426
f 2426//2426 3292//3292 3291//3291
f 2426//2426 3291//3291 2427//2427
f 2427//2427 3291//3291 3290//3290
f 2427//2427 3290//3290 2428//2428
f 2428//2428 3290//3290 3289//3289
f 2428//2428 3289//3289 2422//2422
f 2422//2422 3289//3289 3288//3288
f 2422//2422 3288//3288 2423//2423
f 2423//2423 3288//3288 3287//3287
f 2423//2423 3287//3287 2424//2424
f 2424//2424 3287//3287 3286//3286
f 2424//2424 3286//3286 2435//2435
f 2435//2435 3286//3286 3285//3285
f 2435//2435 3285//3285 2434//2434
f 2434//2434 3285//3285 3284//3284
f 2434//2434 3284//3284 2433//2433
f 2433//2433 3284//3284 3283//3283
f 3293//3293 3294//3294 3295//3295
f 3295//3295 3294//3294 3296//3296
f 3295//3295 3296//3296 3297//3297
f 3297//3297 3296//3296 3298//3298
f 3297//3297 3298//3298 3299//3299
f 3299//3299 3298//3298 3300//3300
f 3299//3299 3300//3300 3301//3301
f 3301//3301 3302//3302 3299//3299
f 3299//3299 3302//3302 3303//3303
f 3299//3299 3303//3303 3242//3242
f 3241//3241 2517//2517 3242//3242
f 3242//3242 2517//2517 3304//3304
f 3242//3242 3304//3304 3299//3299
f 3304//3304 2517//2517 3305//3305
f 3305//3305 2517//2517 2515//2515
f 3305//3305 2515//2515 3306//3306
f 3224//3224 3307//3307 3225//3225
f 3225//3225 3307//3307 3308//3308
f 3225//3225 3308//3308 3238//3238
f 3238//3238 3308//3308 3309//3309
f 3238//3238 3309//3309 3237//3237
f 3237//3237 3309//3309 3310//3310
f 3237//3237 3310//3310 3311//3311
f 3311//3311 3310//3310 3221//3221
f 3311//3311 3221//3221 3220//3220
f 3307//3307 3224//3224 3312//3312
f 3312//3312 3224//3224 3223//3223
f 3312//3312 3223//3223 3313//3313
f 3313//3313 3223//3223 3229//3229
f 3313//3313 3229//3229 3314//3314
f 3314//3314 3229//3229 3231//3231
f 3314//3314 3231//3231 3315//3315
f 3315//3315 3231//3231 3232//3232
f 3315//3315 3232//3232 3316//3316
f 3316//3316 3232//3232 3233//3233
f 3316//3316 3233//3233 3317//3317
f 3317//3317 3233//3233 3234//3234
f 3317//3317 3234//3234 3318//3318
f 3318//3318 3234//3234 3235//3235
f 3318//3318 3235//3235 3236//3236
f 3318//3318 3236//3236 3311//3311
f 3311//3311 3236//3236 3237//3237
f 3212//3212 3213//3213 3308//3308
f 3308//3308 3213//3213 3216//3216
f 3308//3308 3216//3216 3309//3309
f 3309//3309 3216//3216 3215//3215
f 3309//3309 3215//3215 3310//3310
f 3310//3310 3215//3215 3221//3221
f 3220//3220 3219//3219 3311//3311
f 3311//3311 3219//3219 3318//3318
f 3219//3219 3218//3218 3318//3318
f 3318//3318 3218//3218 3317//3317
f 3218//3218 3217//3217 3317//3317
f 3317//3317 3217//3217 3316//3316
f 3217//3217 3202//3202 3316//3316
f 3316//3316 3202//3202 3204//3204
f 3316//3316 3204//3204 3315//3315
f 3315//3315 3204//3204 3205//3205
f 3315//3315 3205//3205 3314//3314
f 3314//3314 3205//3205 3206//3206
f 3314//3314 3206//3206 3313//3313
f 3313//3313 3206//3206 3207//3207
f 3313//3313 3207//3207 3209//3209
f 3313//3313 3209//3209 3312//3312
f 3312//3312 3209//3209 3210//3210
f 3312//3312 3210//3210 3307//3307
f 3307//3307 3210//3210 3212//3212
f 3307//3307 3212//3212 3308//3308
f 2438//2438 2437//2437 2460//2460
f 2460//2460 2437//2437 2436//2436
f 2460//2460 2436//2436 2458//2458
f 2458//2458 2436//2436 2457//2457
f 2458//2458 2457//2457 2484//2484
f 2484//2484 2457//2457 2456//2456
f 2484//2484 2456//2456 2455//2455
f 2484//2484 2455//2455 2482//2482
f 2482//2482 2455//2455 2454//2454
f 2482//2482 2454//2454 2453//2453
f 2482//2482 2453//2453 2480//2480
f 2480//2480 2453//2453 2452//2452
f 2480//2480 2452//2452 2478//2478
f 2478//2478 2452//2452 2451//2451
f 2478//2478 2451//2451 2450//2450
f 2478//2478 2450//2450 2476//2476
f 2476//2476 2450//2450 2449//2449
f 2476//2476 2449//2449 2474//2474
f 2474//2474 2449//2449 2448//2448
f 2474//2474 2448//2448 2447//2447
f 2474//2474 2447//2447 2472//2472
f 2472//2472 2447//2447 2446//2446
f 2472//2472 2446//2446 2470//2470
f 2470//2470 2446//2446 2445//2445
f 2470//2470 2445//2445 2444//2444
f 2470//2470 2444//2444 2468//2468
f 2468//2468 2444//2444 2443//2443
f 2468//2468 2443//2443 2442//2442
f 2468//2468 2442//2442 2466//2466
f 2466//2466 2442//2442 2441//2441
f 2466//2466 2441//2441 2464//2464
f 2464//2464 2441//2441 2440//2440
f 2464//2464 2440//2440 2439//2439
f 2464//2464 2439//2439 2462//2462
f 2462//2462 2439//2439 2438//2438
f 2462//2462 2438//2438 2460//2460
f 2531//2531 3243//3243 2529//2529
f 2529//2529 3243//3243 3319//3319
f 2529//2529 3319//3319 2534//2534
f 2534//2534 3319//3319 3320//3320
f 2534//2534 3320//3320 2536//2536
f 2536//2536 3320//3320 3321//3321
f 2536//2536 3321//3321 3322//3322
f 2536//2536 3322//3322 2537//2537
f 2537//2537 3322//3322 3323//3323
f 2537//2537 3323//3323 2539//2539
f 2539//2539 3323//3323 3324//3324
f 2539//2539 3324//3324 2542//2542
f 2542//2542 3324//3324 3325//3325
f 2542//2542 3325//3325 2545//2545
f 2545//2545 3325//3325 3326//3326
f 2545//2545 3326//3326 3327//3327
f 3327//3327 3328//3328 2545//2545
f 2545//2545 3328//3328 2552//2552
f 3329//3329 3324//3324 3293//3293
f 3293//3293 3324//3324 3323//3323
f 3293//3293 3323//3323 3294//3294
f 3294//3294 3323//3323 3322//3322
f 3294//3294 3322//3322 3296//3296
f 3296//3296 3322//3322 3298//3298
f 3298//3298 3322//3322 3321//3321
f 3298//3298 3321//3321 3300//3300
f 3300//3300 3321//3321 3320//3320
f 3300//3300 3320//3320 3301//3301
f 3301//3301 3320//3320 3302//3302
f 3302//3302 3320//3320 3319//3319
f 3302//3302 3319//3319 3303//3303
f 3303//3303 3319//3319 3243//3243
f 3303//3303 3243//3243 3242//3242
f 3329//3329 3330//3330 3324//3324
f 3324//3324 3330//3330 3325//3325
f 3325//3325 3330//3330 3331//3331
f 3325//3325 3331//3331 3332//3332
f 3325//3325 3332//3332 3326//3326
f 3326//3326 3332//3332 3333//3333
f 3326//3326 3333//3333 2554//2554
f 2554//2554 3333//3333 3334//3334
f 2554//2554 3334//3334 2556//2556
f 2556//2556 3334//3334 2558//2558
f 2558//2558 3334//3334 3335//3335
f 2558//2558 3335//3335 2559//2559
f 2559//2559 3335//3335 3336//3336
f 2559//2559 3336//3336 2561//2561
f 2561//2561 3336//3336 3337//3337
f 2561//2561 3337//3337 2562//2562
f 2562//2562 3337//3337 3338//3338
f 2562//2562 3338//3338 2564//2564
f 2564//2564 3338//3338 3339//3339
f 2564//2564 3339//3339 2565//2565
f 2565//2565 3339//3339 3340//3340
f 2565//2565 3340//3340 2567//2567
f 2567//2567 3340//3340 3341//3341
f 2567//2567 3341//3341 2568//2568
f 2568//2568 3341//3341 2572//2572
f 2572//2572 3341//3341 3342//3342
f 2572//2572 3342//3342 3343//3343
f 2572//2572 3343//3343 3266//3266
f 3266//3266 3343//3343 3344//3344
f 3266//3266 3344//3344 3345//3345
f 3266//3266 3345//3345 3267//3267
f 3267//3267 3345//3345 3346//3346
f 3267//3267 3346//3346 3347//3347
f 3267//3267 3347//3347 3268//3268
f 3268//3268 3347//3347 3348//3348
f 3268//3268 3348//3348 2523//2523
f 2523//2523 3348//3348 2526//2526
f 2552//2552 3328//3328 2554//2554
f 2554//2554 3328//3328 3327//3327
f 2554//2554 3327//3327 3326//3326
f 3349//3349 3350//3350 3306//3306
f 3306//3306 3350//3350 2489//2489
f 3306//3306 2489//2489 2487//2487
f 3350//3350 3349//3349 3351//3351
f 3351//3351 3349//3349 2514//2514
f 3351//3351 2514//2514 2516//2516
f 2516//2516 2518//2518 3351//3351
f 3351//3351 2518//2518 2520//2520
f 3351//3351 2520//2520 2521//2521
f 2489//2489 3350//3350 2490//2490
f 2490//2490 3350//3350 3352//3352
f 2490//2490 3352//3352 2512//2512
f 2512//2512 3352//3352 2510//2510
f 2510//2510 3352//3352 2509//2509
f 2509//2509 3352//3352 3353//3353
f 2509//2509 3353//3353 2507//2507
f 2507//2507 3353//3353 2505//2505
f 2505//2505 3353//3353 2503//2503
f 2503//2503 3353//3353 2502//2502
f 2502//2502 3353//3353 3354//3354
f 2502//2502 3354//3354 3299//3299
f 3299//3299 3354//3354 3355//3355
f 3299//3299 3355//3355 3297//3297
f 3297//3297 3355//3355 3295//3295
f 3295//3295 3355//3355 3356//3356
f 3295//3295 3356//3356 3357//3357
f 3357//3357 3356//3356 3358//3358
f 3357//3357 3358//3358 3359//3359
f 3359//3359 3358//3358 3360//3360
f 3359//3359 3360//3360 3361//3361
f 3361//3361 3360//3360 3362//3362
f 3361//3361 3362//3362 3363//3363
f 3363//3363 3362//3362 3364//3364
f 3363//3363 3364//3364 3365//3365
f 3365//3365 3364//3364 3366//3366
f 3366//3366 3364//3364 3367//3367
f 3366//3366 3367//3367 3368//3368
f 3368//3368 3367//3367 3369//3369
f 3368//3368 3369//3369 3370//3370
f 3370//3370 3369//3369 3371//3371
f 3370//3370 3371//3371 3372//3372
f 3372//3372 3371//3371 3373//3373
f 3372//3372 3373//3373 3374//3374
f 3374//3374 3373//3373 3375//3375
f 3374//3374 3375//3375 3376//3376
f 3376//3376 3375//3375 3377//3377
f 3376//3376 3377//3377 3378//3378
f 3378//3378 3377//3377 3379//3379
f 3379//3379 3377//3377 3380//3380
f 3379//3379 3380//3380 3381//3381
f 3381//3381 3380//3380 3382//3382
f 3381//3381 3382//3382 3383//3383
f 3383//3383 3382//3382 3384//3384
f 3383//3383 3384//3384 2528//2528
f 2528//2528 3384//3384 2527//2527
f 2527//2527 3384//3384 2525//2525
f 2525//2525 3384//3384 2524//2524
f 2524//2524 3384//3384 2522//2522
f 3299//3299 3304//3304 2502//2502
f 2502//2502 3304//3304 2500//2500
f 2500//2500 3304//3304 2498//2498
f 2498//2498 3304//3304 2496//2496
f 2496//2496 3304//3304 3305//3305
f 2496//2496 3305//3305 2495//2495
f 2495//2495 3305//3305 2493//2493
f 2493//2493 3305//3305 2491//2491
f 2491//2491 3305//3305 2487//2487
f 2487//2487 3305//3305 3306//3306
f 2521//2521 2522//2522 2483//2483
f 2483//2483 2522//2522 3384//3384
f 2483//2483 3384//3384 2485//2485
f 2485//2485 3384//3384 3382//3382
f 2485//2485 3382//3382 2459//2459
f 2459//2459 3382//3382 3380//3380
f 2459//2459 3380//3380 3377//3377
f 2459//2459 3377//3377 2461//2461
f 2461//2461 3377//3377 3375//3375
f 2461//2461 3375//3375 2463//2463
f 2463//2463 3375//3375 3373//3373
f 2463//2463 3373//3373 3371//3371
f 2463//2463 3371//3371 2465//2465
f 2465//2465 3371//3371 3369//3369
f 2465//2465 3369//3369 3367//3367
f 2465//2465 3367//3367 2467//2467
f 2467//2467 3367//3367 3364//3364
f 2467//2467 3364//3364 2469//2469
f 2469//2469 3364//3364 3362//3362
f 2469//2469 3362//3362 3360//3360
f 2469//2469 3360//3360 2471//2471
f 2471//2471 3360//3360 3358//3358
f 2471//2471 3358//3358 3356//3356
f 2471//2471 3356//3356 2473//2473
f 2473//2473 3356//3356 3355//3355
f 2473//2473 3355//3355 2475//2475
f 2475//2475 3355//3355 3354//3354
f 2475//2475 3354//3354 3353//3353
f 2475//2475 3353//3353 2477//2477
f 2477//2477 3353//3353 3352//3352
f 2477//2477 3352//3352 3350//3350
f 2477//2477 3350//3350 2479//2479
f 2479//2479 3350//3350 3351//3351
f 2479//2479 3351//3351 2481//2481
f 2481//2481 3351//3351 2521//2521
f 2481//2481 2521//2521 2483//2483
f 3348//3348 3379//3379 2526//2526
f 2526//2526 3379//3379 3381//3381
f 2526//2526 3381//3381 3383//3383
f 3348//3348 3347//3347 3379//3379
f 3379//3379 3347//3347 3378//3378
f 3378//3378 3347//3347 3346//3346
f 3378//3378 3346//3346 3345//3345
f 3378//3378 3345//3345 3376//3376
f 3376//3376 3345//3345 3344//3344
f 3376//3376 3344//3344 3343//3343
f 3376//3376 3343//3343 3374//3374
f 3374//3374 3343//3343 3342//3342
f 3374//3374 3342//3342 3341//3341
f 3341//3341 3340//3340 3374//3374
f 3374//3374 3340//3340 3372//3372
f 3372//3372 3340//3340 3339//3339
f 3372//3372 3339//3339 3338//3338
f 3372//3372 3338//3338 3370//3370
f 3370//3370 3338//3338 3337//3337
f 3370//3370 3337//3337 3336//3336
f 3370//3370 3336//3336 3368//3368
f 3368//3368 3336//3336 3335//3335
f 3368//3368 3335//3335 3366//3366
f 3366//3366 3335//3335 3334//3334
f 3366//3366 3334//3334 3365//3365
f 3365//3365 3334//3334 3333//3333
f 3365//3365 3333//3333 3363//3363
f 3363//3363 3333//3333 3332//3332
f 3363//3363 3332//3332 3331//3331
f 3363//3363 3331//3331 3361//3361
f 3361//3361 3331//3331 3330//3330
f 3361//3361 3330//3330 3359//3359
f 3359//3359 3330//3330 3329//3329
f 3359//3359 3329//3329 3293//3293
f 3295//3295 3357//3357 3293//3293
f 3293//3293 3357//3357 3359//3359
f 3383//3383 2528//2528 2526//2526
f 2514//2514 3349//3349 2515//2515
f 2515//2515 3349//3349 3306//3306
f 1625//1625 2238//2238 1627//1627
f 1627//1627 2238//2238 2268//2268
f 1627//1627 2268//2268 2409//2409
f 2409//2409 2268//2268 2270//2270
f 2409//2409 2270//2270 2258//2258
f 2258//2258 2270//2270 2269//2269
f 2409//2409 2408//2408 1627//1627
f 1627//1627 2408//2408 2400//2400
f 1627//1627 2400//2400 2393//2393
f 2330//2330 1636//1636 2331//2331
f 2331//2331 1636//1636 1634//1634
f 2331//2331 1634//1634 2380//2380
f 2380//2380 1634//1634 2381//2381
f 2381//2381 1634//1634 1632//1632
f 2381//2381 1632//1632 2387//2387
f 2387//2387 1632//1632 1630//1630
f 2387//2387 1630//1630 2388//2388
f 2388//2388 1630//1630 2389//2389
f 2389//2389 1630//1630 1629//1629
f 2389//2389 1629//1629 2391//2391
f 2391//2391 1629//1629 1627//1627
f 2391//2391 1627//1627 2393//2393
f 1636//1636 2330//2330 1639//1639
f 1639//1639 2330//2330 2329//2329
f 1639//1639 2329//2329 1641//1641
f 1641//1641 2329//2329 2309//2309
f 1641//1641 2309//2309 1643//1643
f 1643//1643 2309//2309 2289//2289
f 1643//1643 2289//2289 2287//2287
f 1643//1643 2287//2287 1645//1645
f 1645//1645 2287//2287 2285//2285
f 1645//1645 2285//2285 2283//2283
f 1580//1580 1579//1579 2283//2283
f 2283//2283 1579//1579 1645//1645
f 3385//3385 3386//3386 1659//1659
f 1659//1659 3386//3386 1583//1583
f 1659//1659 1583//1583 1615//1615
f 3387//3387 3388//3388 3385//3385
f 3385//3385 3388//3388 3389//3389
f 3385//3385 3389//3389 3386//3386
f 3387//3387 3390//3390 3388//3388
f 1583//1583 3386//3386 1581//1581
f 1581//1581 3386//3386 3391//3391
f 1581//1581 3391//3391 1586//1586
f 1586//1586 3391//3391 3392//3392
f 1586//1586 3392//3392 1589//1589
f 1589//1589 3392//3392 1612//1612
f 1612//1612 3392//3392 3393//3393
f 1612//1612 3393//3393 1610//1610
f 1610//1610 3393//3393 1608//1608
f 1608//1608 3393//3393 3394//3394
f 1608//1608 3394//3394 1690//1690
f 1690//1690 3394//3394 1688//1688
f 1688//1688 3394//3394 3395//3395
f 1688//1688 3395//3395 1686//1686
f 1686//1686 3395//3395 3396//3396
f 1686//1686 3396//3396 3397//3397
f 1686//1686 3397//3397 1684//1684
f 1684//1684 3397//3397 3398//3398
f 1684//1684 3398//3398 1682//1682
f 1682//1682 3398//3398 1681//1681
f 1681//1681 3398//3398 3399//3399
f 1681//1681 3399//3399 1679//1679
f 1679//1679 3399//3399 1677//1677
f 1677//1677 3399//3399 3400//3400
f 1677//1677 3400//3400 1676//1676
f 1676//1676 3400//3400 1655//1655
f 1676//1676 1655//1655 1675//1675
f 1675//1675 1655//1655 1674//1674
f 1674//1674 1655//1655 1672//1672
f 1672//1672 1655//1655 1405//1405
f 1672//1672 1405//1405 1407//1407
f 1672//1672 1407//1407 1670//1670
f 1670//1670 1407//1407 1410//1410
f 1670//1670 1410//1410 1413//1413
f 1670//1670 1413//1413 1668//1668
f 1668//1668 1413//1413 1415//1415
f 1668//1668 1415//1415 1659//1659
f 1659//1659 1415//1415 1418//1418
f 1659//1659 1418//1418 1420//1420
f 1420//1420 1421//1421 1659//1659
f 1659//1659 1421//1421 1658//1658
f 1658//1658 1421//1421 1424//1424
f 1659//1659 1615//1615 1666//1666
f 1666//1666 1615//1615 1601//1601
f 1666//1666 1601//1601 1664//1664
f 1664//1664 1601//1601 1699//1699
f 1699//1699 1601//1601 1602//1602
f 1699//1699 1602//1602 1697//1697
f 1697//1697 1602//1602 1696//1696
f 1696//1696 1602//1602 1604//1604
f 1696//1696 1604//1604 1694//1694
f 1694//1694 1604//1604 1693//1693
f 1693//1693 1604//1604 1606//1606
f 1693//1693 1606//1606 1691//1691
f 1691//1691 1606//1606 1608//1608
f 1691//1691 1608//1608 1690//1690
f 1666//1666 1668//1668 1659//1659
f 1424//1424 1430//1430 1658//1658
f 1658//1658 1430//1430 1660//1660
f 1660//1660 1430//1430 1429//1429
f 1660//1660 1429//1429 1428//1428
f 2255//2255 2655//2655 1819//1819
f 1819//1819 2655//2655 1818//1818
f 1818//1818 2655//2655 2656//2656
f 1818//1818 2656//2656 1817//1817
f 1817//1817 2656//2656 1845//1845
f 1817//1817 1845//1845 1816//1816
f 2656//2656 2658//2658 1845//1845
f 2154//2154 1243//1243 1744//1744
f 1744//1744 1243//1243 1246//1246
f 1744//1744 1246//1246 1248//1248
f 1744//1744 1248//1248 2228//2228
f 2228//2228 1248//1248 1250//1250
f 2228//2228 1250//1250 2230//2230
f 2230//2230 1250//1250 2232//2232
f 2232//2232 1250//1250 1252//1252
f 1497//1497 1499//1499 2163//2163
f 2163//2163 1499//1499 3192//3192
f 2163//2163 3192//3192 2161//2161
f 2161//2161 3192//3192 3190//3190
f 2161//2161 3190//3190 2160//2160
f 2160//2160 3190//3190 3188//3188
f 2160//2160 3188//3188 3187//3187
f 2160//2160 3187//3187 2159//2159
f 2159//2159 3187//3187 1229//1229
f 2159//2159 1229//1229 1230//1230
f 2159//2159 1230//1230 2158//2158
f 2158//2158 1230//1230 1231//1231
f 2158//2158 1231//1231 2157//2157
f 2157//2157 1231//1231 1232//1232
f 2157//2157 1232//1232 1233//1233
f 2157//2157 1233//1233 2156//2156
f 2156//2156 1233//1233 1245//1245
f 2156//2156 1245//1245 2155//2155
f 2155//2155 1245//1245 1244//1244
f 2155//2155 1244//1244 2154//2154
f 2154//2154 1244//1244 1243//1243
f 2163//2163 2162//2162 1497//1497
f 1497//1497 2162//2162 1496//1496
f 1496//1496 2162//2162 1494//1494
f 1494//1494 2162//2162 1493//1493
f 1493//1493 2162//2162 1491//1491
f 1491//1491 2162//2162 1490//1490
f 1490//1490 2162//2162 1489//1489
f 2164//2164 2188//2188 2162//2162
f 2162//2162 2188//2188 1477//1477
f 2162//2162 1477//1477 1479//1479
f 1477//1477 2188//2188 1475//1475
f 1475//1475 2188//2188 2186//2186
f 1475//1475 2186//2186 1473//1473
f 1473//1473 2186//2186 2185//2185
f 1473//1473 2185//2185 1469//1469
f 1469//1469 2185//2185 2184//2184
f 1469//1469 2184//2184 1472//1472
f 1479//1479 1481//1481 2162//2162
f 2162//2162 1481//1481 1482//1482
f 2162//2162 1482//1482 1483//1483
f 1483//1483 1485//1485 2162//2162
f 2162//2162 1485//1485 1486//1486
f 2162//2162 1486//1486 1487//1487
f 1487//1487 1489//1489 2162//2162
f 1823//1823 1836//1836 3401//3401
f 3401//3401 1836//1836 1841//1841
f 3401//3401 1841//1841 1683//1683
f 1683//1683 1841//1841 1685//1685
f 1734//1734 3402//3402 1739//1739
f 1739//1739 3402//3402 1741//1741
f 1741//1741 3402//3402 1743//1743
f 1743//1743 3402//3402 1665//1665
f 1743//1743 1665//1665 1700//1700
f 1683//1683 1680//1680 3401//3401
f 3401//3401 1680//1680 1678//1678
f 3401//3401 1678//1678 1673//1673
f 1673//1673 1671//1671 3401//3401
f 3401//3401 1671//1671 1669//1669
f 3401//3401 1669//1669 1667//1667
f 1665//1665 1714//1714 1667//1667
f 1667//1667 1714//1714 1716//1716
f 1667//1667 1716//1716 1718//1718
f 1714//1714 1665//1665 1712//1712
f 1712//1712 1665//1665 3402//3402
f 1712//1712 3402//3402 1711//1711
f 1711//1711 3402//3402 1703//1703
f 1711//1711 1703//1703 1705//1705
f 1884//1884 1886//1886 3402//3402
f 3402//3402 1886//1886 1885//1885
f 3402//3402 1885//1885 1860//1860
f 1860//1860 1701//1701 3402//3402
f 3402//3402 1701//1701 1703//1703
f 1707//1707 2151//2151 1705//1705
f 1705//1705 2151//2151 2153//2153
f 1705//1705 2153//2153 1711//1711
f 1718//1718 1720//1720 1667//1667
f 1667//1667 1720//1720 3401//3401
f 1720//1720 1722//1722 3401//3401
f 3401//3401 1722//1722 1723//1723
f 3401//3401 1723//1723 1725//1725
f 1733//1733 1842//1842 1734//1734
f 1734//1734 1842//1842 3402//3402
f 3402//3402 1842//1842 1851//1851
f 3402//3402 1851//1851 1884//1884
f 3401//3401 1725//1725 1823//1823
f 1823//1823 1725//1725 1727//1727
f 1823//1823 1727//1727 1729//1729
f 1729//1729 1730//1730 1823//1823
f 1814//1814 1844//1844 1815//1815
f 1655//1655 3400//3400 1651//1651
f 1651//1651 3400//3400 1649//1649
f 1644//1644 3396//3396 1642//1642
f 1642//1642 3396//3396 3395//3395
f 1642//1642 3395//3395 1640//1640
f 1640//1640 3395//3395 3394//3394
f 1640//1640 3394//3394 1638//1638
f 1638//1638 3394//3394 3393//3393
f 1638//1638 3393//3393 1637//1637
f 1637//1637 3393//3393 3392//3392
f 1637//1637 3392//3392 1635//1635
f 1635//1635 3392//3392 3391//3391
f 1635//1635 3391//3391 1633//1633
f 1633//1633 3391//3391 3386//3386
f 1633//1633 3386//3386 1631//1631
f 1631//1631 3386//3386 3389//3389
f 1631//1631 3389//3389 1628//1628
f 1628//1628 3389//3389 3388//3388
f 1646//1646 3397//3397 1644//1644
f 1644//1644 3397//3397 3396//3396
f 1649//1649 3400//3400 1648//1648
f 1648//1648 3400//3400 3399//3399
f 1648//1648 3399//3399 1647//1647
f 1647//1647 3399//3399 3398//3398
f 1647//1647 3398//3398 1646//1646
f 1646//1646 3398//3398 3397//3397
f 1626//1626 3390//3390 1624//1624
f 1624//1624 3390//3390 3387//3387
f 1624//1624 3387//3387 1623//1623
f 1623//1623 3387//3387 3385//3385
f 1623//1623 3385//3385 1621//1621
f 1621//1621 3385//3385 1659//1659
f 3388//3388 3390//3390 1628//1628
f 1628//1628 3390//3390 1626//1626
f 1269//1269 1591//1591 1270//1270
f 1270//1270 1591//1591 1590//1590
f 1270//1270 1590//1590 1271//1271
f 1271//1271 1590//1590 1613//1613
f 1271//1271 1613//1613 1272//1272
f 1272//1272 1613//1613 1611//1611
f 1272//1272 1611//1611 1283//1283
f 1283//1283 1611//1611 1282//1282
f 1282//1282 1611//1611 1609//1609
f 1282//1282 1609//1609 1281//1281
f 1281//1281 1609//1609 1607//1607
f 1281//1281 1607//1607 1280//1280
f 1280//1280 1607//1607 1605//1605
f 1280//1280 1605//1605 1279//1279
f 1279//1279 1605//1605 1603//1603
f 1279//1279 1603//1603 1278//1278
f 1278//1278 1603//1603 1277//1277
f 1277//1277 1603//1603 1600//1600
f 1277//1277 1600//1600 1276//1276
f 1276//1276 1600//1600 1598//1598
f 1276//1276 1598//1598 1275//1275
f 1275//1275 1598//1598 1595//1595
f 1275//1275 1595//1595 1274//1274
f 1274//1274 1595//1595 1593//1593
f 1274//1274 1593//1593 1273//1273
f 1273//1273 1593//1593 1269//1269
f 1269//1269 1593//1593 1591//1591
f 1412//1412 1411//1411 2588//2588
f 2588//2588 1411//1411 1409//1409
f 2588//2588 1409//1409 1408//1408
f 2588//2588 1408//1408 2645//2645
f 2645//2645 1408//1408 1406//1406
f 2645//2645 1406//1406 1404//1404
f 1404//1404 1403//1403 2645//2645
f 2645//2645 1403//1403 1400//1400
f 2645//2645 1400//1400 2646//2646
f 2646//2646 1400//1400 1399//1399
f 2646//2646 1399//1399 1445//1445
f 1445//1445 2080//2080 2646//2646
f 2646//2646 2080//2080 1947//1947
f 2646//2646 1947//1947 2597//2597
f 2597//2597 1947//1947 1948//1948
f 2580//2580 1620//1620 2582//2582
f 2582//2582 1620//1620 1585//1585
f 2582//2582 1585//1585 1584//1584
f 2630//2630 1618//1618 2580//2580
f 2580//2580 1618//1618 1619//1619
f 2580//2580 1619//1619 1620//1620
f 1599//1599 1614//1614 2630//2630
f 2630//2630 1614//1614 1616//1616
f 2630//2630 1616//1616 1617//1617
f 1617//1617 1618//1618 2630//2630
f 2582//2582 1584//1584 1551//1551
f 1551//1551 1584//1584 1582//1582
f 1551//1551 1582//1582 1588//1588
f 1588//1588 1587//1587 1551//1551
f 1551//1551 1587//1587 1592//1592
f 1551//1551 1566//1566 2582//2582
f 2582//2582 1566//1566 1565//1565
f 1558//1558 1568//1568 1553//1553
f 1553//1553 1568//1568 1567//1567
f 1553//1553 1567//1567 1552//1552
f 1552//1552 1567//1567 1566//1566
f 1552//1552 1566//1566 1551//1551
f 1478//1478 2644//2644 1527//1527
f 1527//1527 2644//2644 2598//2598
f 1527//1527 2598//2598 1528//1528
f 1528//1528 2598//2598 1529//1529
f 1529//1529 2598//2598 1578//1578
f 1376//1376 1377//1377 2588//2588
f 2588//2588 1377//1377 1444//1444
f 2588//2588 1444//1444 1443//1443
f 1443//1443 1442//1442 2588//2588
f 2588//2588 1442//1442 1441//1441
f 2588//2588 1441//1441 1570//1570
f 2588//2588 2645//2645 1376//1376
f 2646//2646 2597//2597 1315//1315
f 1315//1315 2597//2597 1317//1317
f 3403//3403 2596//2596 3404//3404
f 3404//3404 2596//2596 2585//2585
f 3404//3404 2585//2585 3405//3405
f 3405//3405 2585//2585 3406//3406
f 3406//3406 2585//2585 3407//3407
f 3407//3407 2585//2585 3408//3408
f 3408//3408 2585//2585 2638//2638
f 3408//3408 2638//2638 3409//3409
f 3409//3409 2638//2638 3410//3410
f 3410//3410 2638//2638 1397//1397
f 3410//3410 1397//1397 3411//3411
f 2638//2638 1398//1398 1397//1397
f 3412//3412 3413//3413 3411//3411
f 3411//3411 3413//3413 3414//3414
f 3411//3411 3414//3414 3410//3410
f 3413//3413 3412//3412 3415//3415
f 3415//3415 3412//3412 3416//3416
f 3415//3415 3416//3416 3417//3417
f 3417//3417 3416//3416 3403//3403
f 3417//3417 3403//3403 3418//3418
f 3418//3418 3403//3403 3404//3404
f 2643//2643 2653//2653 3419//3419
f 3419//3419 2653//2653 3420//3420
f 3420//3420 2653//2653 3421//3421
f 3421//3421 2653//2653 2652//2652
f 3421//3421 2652//2652 3422//3422
f 3422//3422 2652//2652 3423//3423
f 3423//3423 2652//2652 3424//3424
f 3424//3424 2652//2652 2637//2637
f 2643//2643 3419//3419 2641//2641
f 2641//2641 3419//3419 3420//3420
f 2641//2641 3420//3420 3421//3421
f 3421//3421 3422//3422 2641//2641
f 2641//2641 3422//3422 3423//3423
f 2641//2641 3423//3423 3424//3424
f 3424//3424 2637//2637 2641//2641
f 3406//3406 3407//3407 3276//3276
f 3276//3276 3407//3407 3408//3408
f 3276//3276 3408//3408 3277//3277
f 3277//3277 3408//3408 3409//3409
f 3277//3277 3409//3409 3274//3274
f 3274//3274 3409//3409 3410//3410
f 3274//3274 3410//3410 3275//3275
f 3275//3275 3410//3410 3414//3414
f 3275//3275 3414//3414 3272//3272
f 3272//3272 3414//3414 3413//3413
f 3272//3272 3413//3413 3273//3273
f 3273//3273 3413//3413 3415//3415
f 3273//3273 3415//3415 3269//3269
f 3269//3269 3415//3415 3270//3270
f 3270//3270 3415//3415 3417//3417
f 3270//3270 3417//3417 3271//3271
f 3271//3271 3417//3417 3418//3418
f 3271//3271 3418//3418 3280//3280
f 3280//3280 3418//3418 3404//3404
f 3280//3280 3404//3404 3279//3279
f 3279//3279 3404//3404 3405//3405
f 3279//3279 3405//3405 3278//3278
f 3278//3278 3405//3405 3406//3406
f 3278//3278 3406//3406 3276//3276
f 1320//1320 2596//2596 1387//1387
f 1387//1387 2596//2596 3403//3403
f 1387//1387 3403//3403 1389//1389
f 1389//1389 3403//3403 3416//3416
f 1389//1389 3416//3416 1391//1391
f 1391//1391 3416//3416 3412//3412
f 1391//1391 3412//3412 1392//1392
f 1392//1392 3412//3412 3411//3411
f 1392//1392 3411//3411 1394//1394
f 1394//1394 3411//3411 1397//1397
f 2630//2630 2580//2580 2631//2631
f 2631//2631 2580//2580 2584//2584
f 2631//2631 2584//2584 2586//2586
f 2631//2631 2586//2586 2636//2636
f 2636//2636 2586//2586 2587//2587
f 2636//2636 2587//2587 2642//2642
f 2642//2642 2587//2587 2644//2644
f 2644//2644 2587//2587 2598//2598
f 2638//2638 2585//2585 2639//2639
f 2639//2639 2585//2585 2595//2595
f 2639//2639 2595//2595 2594//2594
f 2639//2639 2594//2594 2640//2640
f 2640//2640 2594//2594 2593//2593
f 2640//2640 2593//2593 2647//2647
f 2647//2647 2593//2593 2592//2592
f 2647//2647 2592//2592 2648//2648
f 2648//2648 2592//2592 2591//2591
f 2648//2648 2591//2591 2649//2649
f 2649//2649 2591//2591 2590//2590
f 2649//2649 2590//2590 2650//2650
f 2650//2650 2590//2590 2651//2651
f 2651//2651 2590//2590 2589//2589
f 3230//3230 3228//3228 3203//3203
f 3203//3203 3228//3228 3208//3208
f 3208//3208 3228//3228 3211//3211
f 3211//3211 3228//3228 3227//3227
f 3211//3211 3227//3227 3214//3214
f 3214//3214 3227//3227 3226//3226
f 3214//3214 3226//3226 3197//3197
f 3197//3197 3226//3226 3198//3198
# 6956 faces, 0 coords texture

# End of File
