####
#
# OBJ File Generated by Meshlab
#
####
# Object ring_plp_1.obj
#
# Vertices: 3258
# Faces: 6560
#
####
mtllib ./ring_plp_1.obj.mtl

vn -2.800404 -3.254413 0.237560
v -14.917991 -21.544897 392.258728
vn -3.309362 2.585970 0.922466
v -15.176665 -18.576412 392.606842
vn -2.861151 -3.190748 -0.350446
v -15.015117 -21.443115 391.318634
vn -3.370112 2.649628 0.334469
v -15.273791 -18.474630 391.666748
vn -2.809334 -3.117316 -0.938155
v -14.932209 -21.325699 390.379028
vn -3.318215 2.723075 -0.253243
v -15.190884 -18.357214 390.727142
vn -2.646729 -3.036748 -1.504334
v -14.672262 -21.196894 389.473816
vn -3.155644 2.803635 -0.819420
v -14.930937 -18.228409 389.821930
vn -2.379301 -2.951987 -2.028511
v -14.244672 -21.061352 388.635742
vn -2.888204 2.888418 -1.343594
v -14.503347 -18.092867 388.983856
vn -2.016613 -2.866016 -2.491757
v -13.664893 -20.923975 387.895081
vn -2.525582 2.974310 -1.806887
v -13.923568 -17.955490 388.243195
vn -1.571909 -2.782091 -2.877363
v -12.953880 -20.789726 387.278656
vn -2.080830 3.058327 -2.192446
v -13.212555 -17.821241 387.626770
vn -1.061204 -2.703115 -3.171273
v -12.137330 -20.663460 386.808685
vn -1.570122 3.137277 -2.486407
v -12.396006 -17.694975 387.156799
vn -0.502914 -2.631933 -3.362984
v -11.244757 -20.549736 386.502167
vn -1.011843 3.208472 -2.678083
v -11.503431 -17.581251 386.850311
vn 0.082778 -2.571230 -3.445529
v -10.308419 -20.452667 386.370209
vn -0.426201 3.269083 -2.760650
v -10.567094 -17.484182 386.718323
vn 0.674632 -2.523169 -3.415935
v -9.362159 -20.375763 386.417572
vn 0.165702 3.317249 -2.731019
v -9.620833 -17.407278 386.765686
vn 1.251277 -2.489405 -3.275246
v -8.440176 -20.321800 386.642517
vn 0.742340 3.350984 -2.590323
v -8.698851 -17.353315 386.990631
vn 1.791912 -2.471221 -3.028535
v -7.575793 -20.292732 387.036926
vn 1.282990 3.369165 -2.343652
v -7.834468 -17.324247 387.385040
vn 2.277011 -2.469245 -2.684732
v -6.800253 -20.289606 387.586548
vn 1.768099 3.371100 -1.999857
v -7.058928 -17.321121 387.934662
vn 2.689017 -2.483623 -2.256317
v -6.141584 -20.312536 388.271545
vn 2.180062 3.356792 -1.571400
v -6.400259 -17.344051 388.619659
vn 3.012986 -2.513722 -1.758720
v -5.623593 -20.360695 389.067108
vn 2.504044 3.326648 -1.073809
v -5.882268 -17.392210 389.415222
vn 3.237292 -2.558541 -1.209929
v -5.265001 -20.432341 389.944519
vn 2.728323 3.281843 -0.525007
v -5.523676 -17.463856 390.292633
vn 3.353763 -2.616420 -0.629775
v -5.078769 -20.524885 390.872040
vn 2.844815 3.223955 0.055130
v -5.337444 -17.556400 391.220154
vn 3.358229 -2.685286 -0.039230
v -5.071628 -20.634983 391.816193
vn 2.849269 3.155092 0.645661
v -5.330303 -17.666496 392.164307
vn 3.250505 -2.762643 0.540329
v -5.243835 -20.758654 392.742798
vn 2.741589 3.077748 1.225245
v -5.502510 -17.790169 393.090912
vn 3.034522 -2.845679 1.088007
v -5.589167 -20.891428 393.618408
vn 2.525580 2.994689 1.772904
v -5.847842 -17.922943 393.966522
vn 2.718060 -2.931437 1.583971
v -6.095142 -21.028507 394.411346
vn 2.209119 2.908971 2.268870
v -6.353817 -18.060022 394.759460
vn 2.312521 -3.016735 2.010337
v -6.743474 -21.164938 395.092987
vn 1.803579 2.823594 2.695215
v -7.002149 -18.196453 395.441101
vn 1.832623 -3.098634 2.351613
v -7.510730 -21.295788 395.638641
vn 1.323694 2.741809 3.036538
v -7.769405 -18.327303 395.986755
vn 1.295688 -3.173968 2.595545
v -8.369179 -21.416330 396.028656
vn 0.786759 2.666355 3.280457
v -8.627853 -18.447845 396.376770
vn 0.721115 -3.240246 2.733286
v -9.287794 -21.522205 396.248871
vn 0.212186 2.600186 3.418234
v -9.546469 -18.553720 396.596985
vn 0.129683 -3.294849 2.759875
v -10.233375 -21.609587 396.291382
vn -0.379208 2.545503 3.444791
v -10.492050 -18.641102 396.639496
vn -0.457207 -3.336041 2.674332
v -11.171745 -21.675318 396.154602
vn -0.966135 2.504357 3.359221
v -11.430420 -18.706833 396.502747
vn -1.018433 -3.362049 2.479766
v -12.068991 -21.717024 395.843536
vn -1.527399 2.478302 3.164654
v -12.327665 -18.748539 396.191650
vn -1.533657 -3.372194 2.183166
v -12.892682 -21.733194 395.369354
vn -2.042610 2.468198 2.868081
v -13.151357 -18.764709 395.717468
vn -1.984209 -3.365983 1.795326
v -13.613049 -21.723246 394.749237
vn -2.493128 2.474434 2.480228
v -13.871723 -18.754761 395.097351
vn -2.353866 -3.343619 1.330202
v -14.204054 -21.687540 394.005615
vn -2.862781 2.496733 2.015096
v -14.462729 -18.719055 394.353729
vn -2.629253 -3.305994 0.804598
v -14.644340 -21.627365 393.165314
vn -3.138195 2.534389 1.489498
v -14.903014 -18.658880 393.513428
vn 3.402554 -3.032397 -0.379357
v -14.616618 -21.408510 391.319672
vn 3.347251 -3.108305 0.226321
v -14.535304 -21.296921 390.428528
vn 3.174430 -3.191538 0.808406
v -14.281003 -21.174328 389.572113
vn 2.890652 -3.279139 1.344544
v -13.863487 -21.045441 388.783295
vn 2.506902 -3.367616 1.814133
v -13.298802 -20.915211 388.092407
vn 2.037780 -3.453678 2.199093
v -12.608648 -20.788647 387.525970
vn 1.501483 -3.533840 2.484719
v -11.819547 -20.670609 387.105804
vn 0.918501 -3.605255 2.659893
v -10.961823 -20.565636 386.847992
vn 0.311306 -3.664898 2.718046
v -10.068439 -20.477758 386.762512
vn -0.296775 -3.710783 2.656775
v -9.173728 -20.410357 386.852570
vn -0.882478 -3.740894 2.478563
v -8.312071 -20.366020 387.114777
vn -1.423139 -3.754179 2.190246
v -7.516582 -20.346453 387.539032
vn -1.898023 -3.750162 1.802844
v -6.817832 -20.352406 388.109009
vn -2.288941 -3.728922 1.331266
v -6.242673 -20.383650 388.802826
vn -2.580825 -3.691323 0.793658
v -5.813208 -20.438986 389.593811
vn -2.762473 -3.638797 0.210651
v -5.545940 -20.516287 390.451569
vn -2.826903 -3.573360 -0.395285
v -5.451142 -20.612581 391.343140
vn -2.771659 -3.497532 -1.000989
v -5.532456 -20.724169 392.234283
vn -2.598808 -3.414209 -1.583075
v -5.786757 -20.846762 393.090698
vn -2.315034 -3.326609 -2.119181
v -6.204273 -20.975651 393.879517
vn -1.931251 -3.237851 -2.588744
v -6.768958 -21.105879 394.570404
vn -1.462194 -3.152105 -2.973738
v -7.459112 -21.232443 395.136841
vn -0.925838 -3.071908 -3.259354
v -8.248214 -21.350481 395.557037
vn -0.342871 -3.000514 -3.434561
v -9.105937 -21.455456 395.814819
vn 0.264320 -2.940833 -3.492682
v -9.999321 -21.543331 395.900330
vn 0.872461 -2.895001 -3.431446
v -10.894032 -21.610733 395.810242
vn 1.458062 -2.864843 -3.253238
v -11.755690 -21.655069 395.548035
vn 1.998773 -2.851237 -2.964833
v -12.551178 -21.674637 395.123779
vn 2.473637 -2.855599 -2.577491
v -13.249928 -21.668686 394.553802
vn 2.864559 -2.876825 -2.105932
v -13.825088 -21.637440 393.859985
vn 3.156464 -2.914427 -1.568326
v -14.254553 -21.582104 393.069000
vn 3.338123 -2.966959 -0.985331
v -14.521820 -21.504805 392.211243
vn 3.304245 -2.578383 -0.939759
v -14.542391 -21.268738 392.238922
vn 3.368689 -2.643821 -0.333776
v -14.637189 -21.172443 391.347351
vn 3.313427 -2.719731 0.271850
v -14.555875 -21.060856 390.456238
vn 3.140576 -2.802971 0.853981
v -14.301574 -20.938261 389.599792
vn 2.856794 -2.890555 1.390120
v -13.884058 -20.809374 388.810974
vn 2.473006 -2.979079 1.859676
v -13.319373 -20.679146 388.120087
vn 2.003919 -3.065049 2.244668
v -12.629219 -20.552580 387.553650
vn 1.467612 -3.145334 2.530247
v -11.840117 -20.434544 387.133484
vn 0.884637 -3.216602 2.705478
v -10.982394 -20.329569 386.875671
vn 0.277444 -3.276417 2.763580
v -10.089010 -20.241693 386.790192
vn -0.330642 -3.322146 2.702362
v -9.194299 -20.174292 386.880249
vn -0.916324 -3.352308 2.524127
v -8.332642 -20.129953 387.142456
vn -1.456976 -3.365634 2.235789
v -7.537153 -20.110386 387.566711
vn -1.931881 -3.361579 1.848410
v -6.838403 -20.116339 388.136688
vn -2.322801 -3.340353 1.376841
v -6.263244 -20.147583 388.830505
vn -2.614694 -3.302751 0.839236
v -5.833778 -20.202919 389.621490
vn -2.796362 -3.250219 0.256239
v -5.566511 -20.280220 390.479248
vn -2.860772 -3.184779 -0.349761
v -5.471713 -20.376514 391.370850
vn -2.805500 -3.108943 -0.955415
v -5.553027 -20.488102 392.261963
vn -2.632686 -3.025644 -1.537508
v -5.807328 -20.610697 393.118378
vn -2.348925 -2.938068 -2.073620
v -6.224844 -20.739584 393.907196
vn -1.965076 -2.849257 -2.543189
v -6.789529 -20.869812 394.598114
vn -1.496058 -2.763535 -2.928181
v -7.479683 -20.996378 395.164520
vn -0.959701 -2.683285 -3.213759
v -8.268785 -21.114414 395.584717
vn -0.376736 -2.611989 -3.389011
v -9.126508 -21.219389 395.842499
vn 0.230463 -2.552223 -3.447092
v -10.019892 -21.307264 395.928009
vn 0.838596 -2.506428 -3.385871
v -10.914603 -21.374666 395.837921
vn 1.424205 -2.476317 -3.207679
v -11.776260 -21.419003 395.575714
vn 1.964859 -2.462653 -2.919245
v -12.571749 -21.438572 395.151489
vn 2.439816 -2.467012 -2.531935
v -13.270499 -21.432619 394.581482
vn 2.830727 -2.488251 -2.060371
v -13.845658 -21.401375 393.887665
vn 3.122611 -2.525852 -1.522755
v -14.275124 -21.346039 393.096680
vn -1.632119 -5.587271 -0.639189
v -14.126002 -21.128052 391.348663
vn -1.589438 -5.532475 -1.075008
v -14.043413 -21.021910 390.504913
vn -1.456743 -5.472036 -1.491547
v -13.786487 -20.904953 389.698517
vn -1.239695 -5.408790 -1.870529
v -13.366453 -20.782293 388.964661
vn -0.948041 -5.345160 -2.195596
v -12.801668 -20.659294 388.335480
vn -0.594244 -5.284336 -2.452227
v -12.116817 -20.541327 387.838440
vn -0.194019 -5.228485 -2.629635
v -11.341831 -20.433550 387.495270
vn 0.235348 -5.180365 -2.719780
v -10.510580 -20.340673 387.320984
vn 0.674992 -5.142468 -2.718425
v -9.659394 -20.266758 387.323151
vn 1.105695 -5.115940 -2.626048
v -8.825474 -20.215031 387.501709
vn 1.508747 -5.101647 -2.446891
v -8.045266 -20.187754 387.848877
vn 1.866530 -5.100583 -2.188443
v -7.352869 -20.186121 388.349457
vn 2.163050 -5.113195 -1.861871
v -6.778544 -20.210201 388.981567
vn 2.385717 -5.138412 -1.481699
v -6.347393 -20.258942 389.717560
vn 2.524752 -5.175196 -1.064468
v -6.078257 -20.330215 390.525330
vn 2.574061 -5.221994 -0.628390
v -5.982900 -20.420906 391.369537
vn 2.531403 -5.276826 -0.192606
v -6.065489 -20.527048 392.213257
vn 2.398646 -5.337258 0.223929
v -6.322415 -20.644005 393.019684
vn 2.181668 -5.400658 0.602955
v -6.742449 -20.766665 393.753510
vn 1.889994 -5.464123 0.928003
v -7.307233 -20.889664 394.382690
vn 1.536210 -5.525146 1.184635
v -7.992085 -21.007631 394.879730
vn 1.135951 -5.580667 1.362077
v -8.767071 -21.115406 395.222900
vn 0.706563 -5.628814 1.451863
v -9.598322 -21.208282 395.397217
vn 0.266890 -5.666909 1.450881
v -10.449508 -21.282200 395.395020
vn -0.163752 -5.693753 1.358460
v -11.283428 -21.333927 395.216461
vn -0.566843 -5.707721 1.179323
v -12.063636 -21.361204 394.869293
vn -0.924397 -5.708603 0.920708
v -12.756033 -21.362837 394.368744
vn -1.221148 -5.696095 0.594256
v -13.330358 -21.338757 393.736633
vn -1.443815 -5.670943 0.214088
v -13.761510 -21.290014 393.000610
vn -1.582902 -5.634105 -0.203165
v -14.030645 -21.218742 392.192841
vn -1.804021 -5.448792 -0.136139
v -13.931884 -21.300873 392.163025
vn -1.858135 -5.397323 -0.615344
v -14.025065 -21.212252 391.338074
vn -1.811241 -5.337104 -1.094236
v -13.944360 -21.108530 390.513580
vn -1.665420 -5.270713 -1.551943
v -13.693296 -20.994244 389.725586
vn -1.426941 -5.201206 -1.968376
v -13.282845 -20.874382 389.008484
vn -1.106427 -5.131273 -2.325578
v -12.730947 -20.754189 388.393646
vn -0.717682 -5.064484 -2.607579
v -12.061722 -20.638914 387.907959
vn -0.277874 -5.003054 -2.802534
v -11.304418 -20.533596 387.572601
vn 0.193939 -4.950197 -2.901570
v -10.492133 -20.442839 387.402283
vn 0.677050 -4.908530 -2.900126
v -9.660368 -20.370609 387.404419
vn 1.150331 -4.879406 -2.798619
v -8.845474 -20.320063 387.578918
vn 1.593198 -4.863737 -2.601712
v -8.083068 -20.293407 387.918152
vn 1.986329 -4.862501 -2.317726
v -7.406468 -20.291811 388.407288
vn 2.312188 -4.876405 -1.958872
v -6.845248 -20.315342 389.024994
vn 2.556889 -4.904078 -1.541111
v -6.423933 -20.362972 389.744202
vn 2.709661 -4.944529 -1.082639
v -6.160938 -20.432619 390.533539
vn 2.763817 -4.995935 -0.603515
v -6.067756 -20.521240 391.358459
vn 2.716932 -5.056197 -0.124584
v -6.148461 -20.624962 392.182953
vn 2.571111 -5.122584 0.333137
v -6.399525 -20.739248 392.970978
vn 2.332645 -5.192273 0.749566
v -6.809976 -20.859110 393.688049
vn 2.012128 -5.261996 1.106791
v -7.361874 -20.979303 394.302887
vn 1.623391 -5.329081 1.388749
v -8.031099 -21.094578 394.788574
vn 1.183550 -5.390053 1.583763
v -8.788404 -21.199896 395.123932
vn 0.711737 -5.442969 1.682462
v -9.600689 -21.290653 395.294250
vn 0.228586 -5.484844 1.681307
v -10.432454 -21.362883 395.292114
vn -0.244630 -5.514342 1.579799
v -11.247347 -21.413429 395.117615
vn -0.687527 -5.529697 1.382898
v -12.009754 -21.440084 394.778381
vn -1.080490 -5.530651 1.098781
v -12.686353 -21.441681 394.289246
vn -1.406560 -5.516902 0.740059
v -13.247574 -21.418150 393.671570
vn -1.651219 -5.489275 0.322278
v -13.668889 -21.370520 392.952332
vn 3.399587 -3.068906 -0.383564
v -13.474939 -21.164478 391.339478
vn 3.321180 -3.159562 0.330949
v -13.388485 -21.064531 390.551422
vn 3.079445 -3.259899 1.006519
v -13.121860 -20.953918 389.806335
vn 2.687391 -3.364430 1.606709
v -12.689435 -20.838608 389.144379
vn 2.166095 -3.467327 2.099241
v -12.114525 -20.724815 388.601227
vn 1.543781 -3.563934 2.457339
v -11.428123 -20.618673 388.206146
vn 0.853780 -3.647619 2.662084
v -10.667231 -20.525904 387.980499
vn 0.133641 -3.715532 2.701965
v -9.872871 -20.451509 387.936371
vn -0.578152 -3.762643 2.575197
v -9.087867 -20.399502 388.076202
vn -1.243032 -3.786934 2.288498
v -8.354538 -20.372683 388.392426
vn -1.825331 -3.786776 1.857330
v -7.712418 -20.372499 388.868011
vn -2.293438 -3.762858 1.304858
v -7.196125 -20.398960 389.477295
vn -2.622182 -3.716196 0.660981
v -6.833491 -20.450640 390.187439
vn -2.793949 -3.648959 -0.039656
v -6.644066 -20.524752 390.960175
vn -2.799401 -3.565010 -0.759254
v -6.638063 -20.617300 391.753815
vn -2.638238 -3.468873 -1.459016
v -6.815805 -20.723297 392.525604
vn -2.319148 -3.365971 -2.101303
v -7.167709 -20.837027 393.233948
vn -1.859362 -3.261413 -2.651350
v -7.674805 -20.952360 393.840607
vn -1.283670 -3.160699 -3.079580
v -8.309755 -21.063076 394.312897
vn -0.623072 -3.069897 -3.362891
v -9.038329 -21.163208 394.625366
vn 0.086784 -2.993598 -3.486022
v -9.821248 -21.247358 394.761169
vn 0.807654 -2.936382 -3.442378
v -10.616306 -21.310989 394.713013
vn 1.500715 -2.900329 -3.234208
v -11.380641 -21.350672 394.483429
vn 2.128491 -2.887973 -2.872817
v -12.073047 -21.364265 394.084839
vn 2.657254 -2.899639 -2.377576
v -12.656197 -21.351036 393.538696
vn 3.058403 -2.935562 -1.775430
v -13.098652 -21.311701 392.874512
vn 3.310390 -2.992898 -1.098564
v -13.376560 -21.248377 392.128021
vn 3.270381 -2.532363 -1.044542
v -13.395169 -21.034819 392.153046
vn 3.359374 -2.608385 -0.329588
v -13.493548 -20.950922 391.364532
vn 3.281008 -2.699023 0.384921
v -13.407095 -20.850973 390.576477
vn 3.039309 -2.799356 1.060504
v -13.140469 -20.740362 389.831390
vn 2.647224 -2.903960 1.660642
v -12.708045 -20.625051 389.169434
vn 2.125930 -3.006779 2.153246
v -12.133135 -20.511257 388.626251
vn 1.503700 -3.103386 2.511434
v -11.446732 -20.405115 388.231201
vn 0.813632 -3.187101 2.716052
v -10.685841 -20.312346 388.005524
vn 0.093496 -3.254946 2.756007
v -9.891480 -20.237953 387.961426
vn -0.618284 -3.302122 2.629182
v -9.106476 -20.185944 388.101257
vn -1.283085 -3.326414 2.342361
v -8.373147 -20.159124 388.417480
vn -1.865420 -3.326266 1.911333
v -7.731028 -20.158941 388.893036
vn -2.333618 -3.302310 1.358943
v -7.214734 -20.185402 389.502319
vn -2.662332 -3.255656 0.714972
v -6.852100 -20.237082 390.212494
vn -2.834076 -3.188426 0.014331
v -6.662676 -20.311193 390.985229
vn -2.839519 -3.104475 -0.705268
v -6.656673 -20.403742 391.778870
vn -2.678225 -3.008323 -1.405000
v -6.834414 -20.509739 392.550659
vn -2.359279 -2.905412 -2.047249
v -7.186319 -20.623468 393.258972
vn -1.899666 -2.800925 -2.597471
v -7.693415 -20.738802 393.865631
vn -1.323730 -2.700179 -3.025463
v -8.328364 -20.849518 394.337952
vn -0.663174 -2.609378 -3.308804
v -9.056938 -20.949650 394.650421
vn 0.046676 -2.533075 -3.431928
v -9.839857 -21.033800 394.786224
vn 0.767510 -2.475785 -3.388216
v -10.634915 -21.097431 394.738037
vn 1.460609 -2.439818 -3.180219
v -11.399250 -21.137114 394.508453
vn 2.088355 -2.427455 -2.818779
v -12.091657 -21.150707 394.109863
vn 2.617212 -2.439119 -2.323664
v -12.674806 -21.137480 393.563751
vn 3.018321 -2.474993 -1.721401
v -13.117261 -21.098143 392.899536
vn -2.817793 -3.608813 -0.399523
v -13.452261 -20.947336 391.364624
vn -2.739380 -3.518209 -1.114067
v -13.366849 -20.848591 390.586060
vn -2.497571 -3.417921 -1.789645
v -13.103434 -20.739311 389.849945
vn -2.105544 -3.313375 -2.389870
v -12.676217 -20.625389 389.195953
vn -1.584177 -3.210236 -2.882296
v -12.108230 -20.512966 388.659332
vn -0.961807 -3.113959 -3.240434
v -11.430093 -20.408102 388.269043
vn -0.271958 -3.029888 -3.445093
v -10.678365 -20.316450 388.046082
vn 0.448329 -2.962432 -3.485106
v -9.893570 -20.242952 388.002502
vn 1.160083 -2.915234 -3.358363
v -9.118019 -20.191570 388.140656
vn 1.825064 -2.890920 -3.071793
v -8.393521 -20.165075 388.453064
vn 2.407188 -2.890771 -2.640399
v -7.759134 -20.164894 388.922913
vn 2.875202 -2.914737 -2.087909
v -7.249058 -20.191036 389.524872
vn 3.204098 -2.961506 -1.444044
v -6.890791 -20.242092 390.226471
vn 3.375854 -3.028746 -0.743422
v -6.703648 -20.315311 390.989899
vn 3.381298 -3.112681 -0.023835
v -6.697717 -20.406746 391.773987
vn 3.220302 -3.208752 0.675999
v -6.873318 -20.511467 392.536469
vn 2.901098 -3.311873 1.318181
v -7.220985 -20.623827 393.236267
vn 2.441137 -3.416437 1.868091
v -7.721974 -20.737770 393.835632
vn 1.865640 -3.516822 2.296586
v -8.349278 -20.847155 394.302246
vn 1.204968 -3.607635 2.579877
v -9.069077 -20.946081 394.610962
vn 0.495067 -3.683896 2.703024
v -9.842569 -21.029217 394.745117
vn -0.225814 -3.741612 2.659454
v -10.628053 -21.092083 394.697510
vn -0.918799 -3.777592 2.451102
v -11.383183 -21.131287 394.470703
vn -1.546659 -3.789920 2.089740
v -12.067251 -21.144716 394.076904
vn -2.075153 -3.778080 1.594436
v -12.643378 -21.131647 393.537384
vn -2.476499 -3.742267 0.992248
v -13.080505 -21.092785 392.881165
vn -2.728348 -3.684919 0.315428
v -13.355067 -21.030224 392.143677
vn -2.768591 -3.224387 0.369426
v -13.323927 -21.387581 392.101746
vn -2.857800 -3.148283 -0.345509
v -13.421121 -21.304693 391.322723
vn -2.779425 -3.057665 -1.060028
v -13.335709 -21.205948 390.544159
vn -2.537678 -2.957390 -1.735615
v -13.072293 -21.096668 389.808044
vn -2.145608 -2.852860 -2.335807
v -12.645077 -20.982746 389.154053
vn -1.624326 -2.749660 -2.828291
v -12.077089 -20.870323 388.617432
vn -1.001975 -2.653476 -3.186516
v -11.398952 -20.765459 388.227142
vn -0.312092 -2.569329 -3.391099
v -10.647224 -20.673807 388.004181
vn 0.408191 -2.501873 -3.431101
v -9.862431 -20.600309 387.960602
vn 1.119952 -2.454748 -3.304339
v -9.086879 -20.548927 388.098755
vn 1.784832 -2.430398 -3.017606
v -8.362381 -20.522432 388.411163
vn 2.367078 -2.430220 -2.586404
v -7.727994 -20.522249 388.881012
vn 2.835191 -2.454236 -2.033989
v -7.217918 -20.548393 389.482971
vn 3.163940 -2.500971 -1.390068
v -6.859651 -20.599449 390.184540
vn 3.335696 -2.568216 -0.689439
v -6.672508 -20.672668 390.947968
vn 3.341165 -2.652142 0.030183
v -6.666577 -20.764103 391.732086
vn 3.179996 -2.748248 0.729951
v -6.842178 -20.868824 392.494568
vn 2.860946 -2.851345 1.372183
v -7.189845 -20.981184 393.194366
vn 2.401160 -2.955901 1.922260
v -7.690834 -21.095127 393.793732
vn 1.825438 -3.056288 2.350486
v -8.318138 -21.204512 394.260345
vn 1.164802 -3.147051 2.633811
v -9.037937 -21.303438 394.569061
vn 0.454930 -3.223385 2.756931
v -9.811429 -21.386574 394.703217
vn -0.265903 -3.281076 2.713254
v -10.596912 -21.449438 394.655609
vn -0.958925 -3.317033 2.505093
v -11.352043 -21.488644 394.428802
vn -1.586732 -3.329376 2.143673
v -12.036111 -21.502073 394.035004
vn -2.115432 -3.317554 1.648528
v -12.612238 -21.489004 393.495453
vn -2.516643 -3.281734 1.046274
v -13.049365 -21.450142 392.839264
vn -2.724308 -4.044075 -0.447815
v -13.022622 -21.270086 391.323761
vn -2.641840 -3.951542 -1.176251
v -12.941169 -21.179390 390.610870
vn -2.386718 -3.848764 -1.862095
v -12.690754 -21.078880 389.939880
vn -1.973789 -3.741834 -2.465442
v -12.285932 -20.974400 389.349762
vn -1.426951 -3.637368 -2.951283
v -11.750228 -20.872021 388.874786
vn -0.777999 -3.540791 -3.291402
v -11.114777 -20.777691 388.542603
vn -0.064883 -3.457854 -3.465935
v -10.416508 -20.696894 388.372498
vn 0.671357 -3.394099 -3.464798
v -9.696001 -20.634325 388.374329
vn 1.387704 -3.352667 -3.287994
v -8.995131 -20.593620 388.548035
vn 2.042360 -3.336343 -2.945915
v -8.354630 -20.577147 388.883484
vn 2.597534 -3.344900 -2.458452
v -7.811720 -20.585861 389.361206
vn 3.020933 -3.378635 -1.853772
v -7.397954 -20.619255 389.953430
vn 3.287878 -3.435623 -1.167091
v -7.137379 -20.675390 390.625763
vn 3.382854 -3.513000 -0.438393
v -7.045138 -20.751003 391.339081
vn 3.300396 -3.605576 0.290026
v -7.126592 -20.841700 392.051941
vn 3.045271 -3.708065 0.975921
v -7.377006 -20.942209 392.722931
vn 2.632322 -3.814548 1.579368
v -7.781828 -21.046690 393.313049
vn 2.085393 -3.919626 2.065118
v -8.317532 -21.149071 393.788025
vn 1.436589 -4.015871 2.405186
v -8.952984 -21.243399 394.120209
vn 0.723267 -4.099047 2.579539
v -9.651253 -21.324196 394.290344
vn -0.012831 -4.162880 2.578474
v -10.371758 -21.386765 394.288483
vn -0.729087 -4.204393 2.401805
v -11.072629 -21.427469 394.114777
vn -1.383793 -4.221538 2.059642
v -11.713130 -21.443943 393.779327
vn -1.938989 -4.212602 1.572188
v -12.256040 -21.435230 393.301605
vn -2.362395 -4.178597 0.967474
v -12.669806 -21.401834 392.709381
vn -2.629271 -4.121381 0.280878
v -12.930381 -21.345699 392.037079
vn 2.826911 3.573357 0.395316
v -14.875293 -18.440025 391.667786
vn 2.762479 3.638799 -0.210665
v -14.780495 -18.536320 392.559357
vn 2.580832 3.691324 -0.793664
v -14.513227 -18.613619 393.417114
vn 2.288955 3.728924 -1.331273
v -14.083762 -18.668955 394.208099
vn 1.898040 3.750163 -1.802842
v -13.508603 -18.700201 394.901917
vn 1.423076 3.754521 -2.190139
v -12.809853 -18.706152 395.471924
vn 0.882440 3.740865 -2.478599
v -12.014364 -18.686584 395.896149
vn 0.296836 3.710755 -2.656796
v -11.152707 -18.642248 396.158356
vn -0.311304 3.664957 -2.717995
v -10.257996 -18.574846 396.248444
vn -0.918542 3.605215 -2.659875
v -9.364612 -18.486969 396.162933
vn -1.501443 3.534236 -2.484630
v -8.506888 -18.381996 395.905151
vn -2.037827 3.453639 -2.199084
v -7.717787 -18.263958 395.484955
vn -2.506847 3.367929 -1.814105
v -7.027633 -18.137394 394.918549
vn -2.890682 3.279113 -1.344525
v -6.462947 -18.007164 394.227631
vn -3.174438 3.191532 -0.808414
v -6.045432 -17.878277 393.438812
vn -3.347277 3.108229 -0.226315
v -5.791131 -17.755684 392.582397
vn -3.402570 3.032391 0.379347
v -5.709817 -17.644096 391.691254
vn -3.338130 2.966948 0.985340
v -5.804615 -17.547802 390.799683
vn -3.156471 2.914419 1.568331
v -6.071883 -17.470501 389.941925
vn -2.864572 2.876821 2.105938
v -6.501348 -17.415165 389.150940
vn -2.473650 2.855603 2.577493
v -7.076507 -17.383921 388.457123
vn -1.998737 2.851548 2.964870
v -7.775257 -17.377968 387.887146
vn -1.458098 2.864870 3.253226
v -8.570745 -17.397535 387.462891
vn -0.872447 2.895002 3.431450
v -9.432403 -17.441872 387.200684
vn -0.264248 2.940410 3.492628
v -10.327114 -17.509274 387.110626
vn 0.342838 3.000540 3.434584
v -11.220498 -17.597151 387.196106
vn 0.925914 3.071519 3.259287
v -12.078221 -17.702124 387.453918
vn 1.462162 3.152130 2.973768
v -12.867323 -17.820162 387.874084
vn 1.931223 3.238101 2.588760
v -13.557477 -17.946726 388.440521
vn 2.315039 3.326637 2.119215
v -14.122163 -18.076956 389.131409
vn 2.598816 3.414207 1.583080
v -14.539678 -18.205843 389.920227
vn 2.771677 3.497533 1.000989
v -14.793979 -18.328436 390.776642
vn 2.805499 3.108945 0.955406
v -14.773408 -18.564503 390.748962
vn 2.860780 3.184789 0.349732
v -14.854722 -18.676090 391.640106
vn 2.796358 3.250224 -0.256236
v -14.759924 -18.772385 392.531677
vn 2.614693 3.302751 -0.839237
v -14.492657 -18.849686 393.389435
vn 2.322794 3.340353 -1.376839
v -14.063191 -18.905022 394.180420
vn 1.931888 3.361578 -1.848408
v -13.488032 -18.936266 394.874237
vn 1.456998 3.365940 -2.235746
v -12.789282 -18.942219 395.444214
vn 0.916290 3.352336 -2.524141
v -11.993793 -18.922651 395.868469
vn 0.330692 3.322179 -2.702346
v -11.132136 -18.878315 396.130676
vn -0.277447 3.276346 -2.763583
v -10.237425 -18.810913 396.220764
vn -0.884682 3.216629 -2.705459
v -9.344041 -18.723036 396.135254
vn -1.467613 3.145669 -2.530227
v -8.486318 -18.618063 395.877441
vn -2.003958 3.065070 -2.244650
v -7.697216 -18.500025 395.457275
vn -2.473033 2.979335 -1.859672
v -7.007062 -18.373459 394.890839
vn -2.856813 2.890572 -1.390097
v -6.442377 -18.243231 394.199951
vn -3.140577 2.802967 -0.853985
v -6.024861 -18.114344 393.411133
vn -3.313426 2.719643 -0.271897
v -5.770560 -17.991751 392.554718
vn -3.368688 2.643822 0.333780
v -5.689246 -17.880161 391.663574
vn -3.304252 2.578374 0.939759
v -5.784044 -17.783867 390.772003
vn -3.122613 2.525846 1.522755
v -6.051311 -17.706566 389.914246
vn -2.830717 2.488251 2.060365
v -6.480777 -17.651232 389.123260
vn -2.439795 2.467018 2.531936
v -7.055936 -17.619986 388.429443
vn -1.964901 2.463004 2.919322
v -7.754686 -17.614035 387.859467
vn -1.424244 2.476285 3.207658
v -8.550175 -17.633602 387.435211
vn -0.838596 2.506428 3.385871
v -9.411832 -17.677938 387.173004
vn -0.230388 2.551868 3.447030
v -10.306543 -17.745340 387.082916
vn 0.376696 2.611950 3.389011
v -11.199927 -17.833216 387.168427
vn 0.959751 2.682957 3.213697
v -12.057651 -17.938190 387.426208
vn 1.496032 2.763504 2.928184
v -12.846752 -18.056229 387.846405
vn 1.965123 2.849564 2.543220
v -13.536906 -18.182793 388.412842
vn 2.348907 2.938051 2.073651
v -14.101591 -18.313021 389.103729
vn 2.632674 3.025643 1.537503
v -14.519107 -18.441910 389.892548
vn -2.574023 5.222040 0.628430
v -14.343535 -18.631699 391.641418
vn -2.524751 5.175189 1.064477
v -14.248178 -18.722389 392.485596
vn -2.385731 5.138412 1.481675
v -13.979043 -18.793663 393.293365
vn -2.163067 5.113183 1.861881
v -13.547891 -18.842405 394.029388
vn -1.866487 5.100554 2.188498
v -12.973566 -18.866486 394.661469
vn -1.508747 5.101670 2.446868
v -12.281169 -18.864851 395.162048
vn -1.105720 5.115955 2.626031
v -11.500961 -18.837574 395.509216
vn -0.675010 5.142425 2.718451
v -10.667041 -18.785849 395.687775
vn -0.235430 5.180780 2.719435
v -9.815855 -18.711931 395.689972
vn 0.194073 5.228487 2.629627
v -8.984604 -18.619055 395.515656
vn 0.594219 5.284336 2.452243
v -8.209618 -18.511278 395.172485
vn 0.948063 5.345147 2.195585
v -7.524766 -18.393312 394.675446
vn 1.239684 5.408773 1.870567
v -6.959982 -18.270311 394.046265
vn 1.456916 5.471910 1.491546
v -6.539948 -18.147652 393.312408
vn 1.589447 5.532446 1.075014
v -6.283022 -18.030697 392.506012
vn 1.632118 5.587272 0.639185
v -6.200433 -17.924553 391.662262
vn 1.582875 5.634111 0.203139
v -6.295790 -17.833864 390.818085
vn 1.443822 5.670944 -0.214078
v -6.564925 -17.762590 390.010315
vn 1.221148 5.696098 -0.594265
v -6.996078 -17.713848 389.274292
vn 0.924600 5.708427 -0.920912
v -7.570402 -17.689768 388.642212
vn 0.566835 5.707709 -1.179315
v -8.262799 -17.691402 388.141632
vn 0.163782 5.693754 -1.358450
v -9.043007 -17.718678 387.794464
vn -0.266915 5.666904 -1.450887
v -9.876927 -17.770405 387.615906
vn -0.706533 5.628832 -1.451847
v -10.728113 -17.844322 387.613708
vn -1.135988 5.580661 -1.362066
v -11.559364 -17.937199 387.788025
vn -1.536197 5.525132 -1.184662
v -12.334351 -18.044975 388.131195
vn -1.889993 5.464120 -0.927991
v -13.019201 -18.162941 388.628235
vn -2.181665 5.400644 -0.602947
v -13.583986 -18.285942 389.257416
vn -2.398556 5.337360 -0.223906
v -14.004020 -18.408600 389.991241
vn -2.531384 5.276847 0.192603
v -14.260946 -18.525557 390.797668
vn -2.716916 5.056222 0.124595
v -14.177974 -18.427645 390.827972
vn -2.763769 4.995992 0.603485
v -14.258678 -18.531364 391.652466
vn -2.709674 4.944521 1.082638
v -14.165498 -18.619986 392.477386
vn -2.556886 4.904109 1.541077
v -13.902502 -18.689632 393.266724
vn -2.312196 4.876361 1.958869
v -13.481188 -18.737263 393.985962
vn -1.986279 4.862488 2.317792
v -12.919967 -18.760794 394.603638
vn -1.593215 4.863709 2.601726
v -12.243367 -18.759197 395.092773
vn -1.150367 4.879429 2.798602
v -11.480961 -18.732544 395.432007
vn -0.677057 4.908535 2.900119
v -10.666067 -18.681995 395.606506
vn -0.194021 4.950657 2.901239
v -9.834302 -18.609766 395.608643
vn 0.277924 5.003065 2.802511
v -9.022017 -18.519009 395.438324
vn 0.717650 5.064474 2.607600
v -8.264713 -18.413691 395.102966
vn 1.106466 5.131257 2.325577
v -7.595488 -18.298416 394.617279
vn 1.426915 5.201204 1.968416
v -7.043590 -18.178223 394.002441
vn 1.665561 5.270542 1.551988
v -6.633139 -18.058363 393.285370
vn 1.811262 5.337077 1.094240
v -6.382075 -17.944075 392.497345
vn 1.858141 5.397324 0.615346
v -6.301370 -17.840353 391.672852
vn 1.804009 5.448795 0.136181
v -6.394551 -17.751732 390.847931
vn 1.651241 5.489275 -0.322273
v -6.657546 -17.682085 390.058594
vn 1.406560 5.516903 -0.740080
v -7.078861 -17.634455 389.339355
vn 1.080637 5.530445 -1.098997
v -7.640082 -17.610924 388.721680
vn 0.687557 5.529659 -1.382941
v -8.316681 -17.612520 388.232544
vn 0.244669 5.514345 -1.579797
v -9.079088 -17.639175 387.893311
vn -0.228627 5.484844 -1.681308
v -9.893981 -17.689722 387.718811
vn -0.711696 5.443006 -1.682441
v -10.725746 -17.761953 387.716675
vn -1.183592 5.390048 -1.583744
v -11.538032 -17.852709 387.886993
vn -1.623371 5.329057 -1.388791
v -12.295336 -17.958027 388.222351
vn -2.012146 5.261993 -1.106779
v -12.964561 -18.073301 388.708038
vn -2.332672 5.192240 -0.749595
v -13.516459 -18.193495 389.322876
vn -2.571008 5.122710 -0.333029
v -13.926909 -18.313356 390.039978
vn 2.817702 3.608806 0.399530
v -13.708552 -18.483593 391.653870
vn 2.728461 3.684909 -0.315445
v -13.610173 -18.567490 392.442413
vn 2.476553 3.742152 -0.992299
v -13.332265 -18.630814 393.188873
vn 2.075385 3.777798 -1.594543
v -12.889810 -18.670151 393.853088
vn 1.546584 3.790102 -2.089637
v -12.306661 -18.683378 394.399231
vn 0.918771 3.777755 -2.451049
v -11.614254 -18.669785 394.797821
vn 0.225772 3.741344 -2.659314
v -10.849919 -18.630102 395.027374
vn -0.495068 3.683682 -2.702988
v -10.054861 -18.566471 395.075562
vn -1.204991 3.607420 -2.579830
v -9.271942 -18.482321 394.939758
vn -1.865546 3.517007 -2.296463
v -8.543368 -18.382189 394.627289
vn -2.441261 3.416606 -1.868230
v -7.908419 -18.271473 394.154999
vn -2.901088 3.311725 -1.318172
v -7.401323 -18.156139 393.548309
vn -3.220141 3.208697 -0.675949
v -7.049418 -18.042410 392.839996
vn -3.381290 3.112649 0.023853
v -6.871677 -17.936413 392.068207
vn -3.375848 3.028753 0.743428
v -6.877680 -17.843864 391.274567
vn -3.204103 2.961526 1.444061
v -7.067104 -17.769753 390.501831
vn -2.875288 2.914630 2.087949
v -7.429738 -17.718073 389.791687
vn -2.407184 2.890598 2.640372
v -7.946032 -17.691612 389.182404
vn -1.824984 2.890771 3.071587
v -8.588151 -17.691795 388.706818
vn -1.160022 2.915090 3.358327
v -9.321480 -17.718615 388.390594
vn -0.448348 2.962630 3.485126
v -10.106484 -17.770624 388.250763
vn 0.272007 3.029657 3.445079
v -10.900845 -17.845016 388.294891
vn 0.961769 3.114190 3.240542
v -11.661736 -17.937786 388.520538
vn 1.584254 3.210028 2.882264
v -12.348139 -18.043928 388.915619
vn 2.105490 3.313243 2.389818
v -12.923049 -18.157722 389.458771
vn 2.497580 3.417840 1.789604
v -13.355473 -18.273033 390.120728
vn 2.739293 3.518258 1.114075
v -13.622099 -18.383644 390.865814
vn 2.779509 3.057730 1.060037
v -13.603489 -18.597202 390.840790
vn 2.858046 3.148296 0.345483
v -13.689943 -18.697149 391.628845
vn 2.768636 3.224377 -0.369432
v -13.591564 -18.781048 392.417358
vn 2.516612 3.281647 -1.046313
v -13.313656 -18.844372 393.163849
vn 2.115654 3.317269 -1.648705
v -12.871201 -18.883707 393.828064
vn 1.586776 3.329540 -2.143716
v -12.288051 -18.896936 394.374176
vn 0.958930 3.317255 -2.505094
v -11.595645 -18.883343 394.772766
vn 0.265900 3.280876 -2.713314
v -10.831310 -18.843660 395.002350
vn -0.454933 3.223153 -2.757025
v -10.036252 -18.780029 395.050537
vn -1.164889 3.146840 -2.633978
v -9.253333 -18.695879 394.914734
vn -1.825427 3.056477 -2.350466
v -8.524759 -18.595747 394.602234
vn -2.401201 2.956057 -1.922291
v -7.889809 -18.485031 394.129944
vn -2.860944 2.851248 -1.372209
v -7.382713 -18.369698 393.523285
vn -3.180116 2.748158 -0.730030
v -7.030809 -18.255968 392.814972
vn -3.341162 2.652121 -0.030201
v -6.853067 -18.149971 392.043182
vn -3.335717 2.568222 0.689434
v -6.859070 -18.057423 391.249512
vn -3.163948 2.500986 1.390071
v -7.048495 -17.983311 390.476776
vn -2.835269 2.454082 2.034038
v -7.411129 -17.931631 389.766632
vn -2.366947 2.430112 2.586284
v -7.927422 -17.905170 389.157349
vn -1.784799 2.430228 3.017503
v -8.569542 -17.905354 388.681763
vn -1.119793 2.454533 3.304096
v -9.302871 -17.932173 388.365540
vn -0.408228 2.502095 3.431281
v -10.087875 -17.984180 388.225739
vn 0.312122 2.569146 3.391053
v -10.882235 -18.058575 388.269836
vn 1.001904 2.653635 3.186498
v -11.643126 -18.151344 388.495514
vn 1.624341 2.749543 2.828246
v -12.329529 -18.257486 388.890564
vn 2.145568 2.852720 2.335791
v -12.904439 -18.371279 389.433716
vn 2.537607 2.957268 1.735561
v -13.336864 -18.486589 390.095673
vn -3.399341 3.068921 0.383590
v -13.648656 -18.693565 391.628937
vn -3.310382 2.992837 1.098526
v -13.551461 -18.776451 392.407959
vn -3.058428 2.935461 1.775398
v -13.276899 -18.839014 393.145477
vn -2.657002 2.899806 2.377455
v -12.839772 -18.877876 393.801666
vn -2.128472 2.887813 2.872722
v -12.263645 -18.890945 394.341217
vn -1.500692 2.900149 3.234174
v -11.579577 -18.877516 394.735016
vn -0.807667 2.936110 3.442295
v -10.824447 -18.838310 394.961823
vn -0.086827 2.993807 3.485951
v -10.038963 -18.775446 395.009430
vn 0.623071 3.069867 3.362678
v -9.265472 -18.692308 394.875244
vn 1.283722 3.160668 3.079569
v -8.545672 -18.593382 394.566528
vn 1.859349 3.261089 2.651266
v -7.918369 -18.483999 394.099915
vn 2.319117 3.365854 2.101285
v -7.417379 -18.370056 393.500580
vn 2.638069 3.468924 1.458994
v -7.069713 -18.257696 392.800781
vn 2.799389 3.565039 0.759270
v -6.894112 -18.152975 392.038300
vn 2.793940 3.648943 0.039648
v -6.900043 -18.061541 391.254181
vn 2.622186 3.716209 -0.660978
v -7.087186 -17.988321 390.490753
vn 2.293235 3.763075 -1.304767
v -7.445453 -17.937265 389.789154
vn 1.825390 3.786955 -1.857442
v -7.955529 -17.911121 389.187225
vn 1.243101 3.786790 -2.288586
v -8.589916 -17.911304 388.717377
vn 0.578259 3.762466 -2.575466
v -9.314414 -17.937799 388.404968
vn -0.133586 3.715289 -2.701857
v -10.089965 -17.989182 388.266815
vn -0.853867 3.647852 -2.662024
v -10.874759 -18.062679 388.310394
vn -1.543771 3.563710 -2.457477
v -11.626487 -18.154331 388.533356
vn -2.166105 3.467528 -2.099221
v -12.304625 -18.259195 388.923645
vn -2.687416 3.364318 -1.606752
v -12.872611 -18.371618 389.460266
vn -3.079540 3.259787 -1.006563
v -13.299828 -18.485540 390.114258
vn -3.321122 3.159520 -0.330926
v -13.563243 -18.594820 390.850372
vn -3.281077 2.698977 -0.384961
v -13.594383 -18.237463 390.892273
vn -3.359480 2.608366 0.329576
v -13.679796 -18.336208 391.670837
vn -3.270300 2.532318 1.044523
v -13.582602 -18.419096 392.449860
vn -3.018280 2.474886 1.721379
v -13.308040 -18.481657 393.187378
vn -2.617120 2.439270 2.323639
v -12.870913 -18.520519 393.843567
vn -2.088399 2.427268 2.818783
v -12.294785 -18.533588 394.383118
vn -1.460568 2.439589 3.180189
v -11.610718 -18.520159 394.776917
vn -0.767550 2.475596 3.388351
v -10.855587 -18.480953 395.003723
vn -0.046714 2.533289 3.432055
v -10.070104 -18.418089 395.051331
vn 0.663230 2.609342 3.308851
v -9.296613 -18.334953 394.917175
vn 1.323800 2.700140 3.025517
v -8.576813 -18.236025 394.608459
vn 1.899506 2.800548 2.597285
v -7.949509 -18.126642 394.141846
vn 2.359280 2.905280 2.047268
v -7.448520 -18.012699 393.542480
vn 2.678374 3.008420 1.405042
v -7.100853 -17.900339 392.842682
vn 2.839516 3.104499 0.705260
v -6.925252 -17.795618 392.080200
vn 2.834097 3.188399 -0.014368
v -6.931183 -17.704184 391.296082
vn 2.662316 3.255674 -0.714962
v -7.118326 -17.630964 390.532684
vn 2.333527 3.302582 -1.358834
v -7.476593 -17.579908 389.831085
vn 1.865387 3.326429 -1.911307
v -7.986669 -17.553764 389.229126
vn 1.283196 3.326227 -2.342524
v -8.621056 -17.553947 388.759277
vn 0.618300 3.301940 -2.629225
v -9.345554 -17.580442 388.446869
vn -0.093441 3.254748 -2.756014
v -10.121105 -17.631824 388.308716
vn -0.813730 3.187294 -2.716022
v -10.905899 -17.705322 388.352295
vn -1.503606 3.103227 -2.511401
v -11.657627 -17.796974 388.575256
vn -2.125952 3.006953 -2.153222
v -12.335764 -17.901838 388.965546
vn -2.647249 2.903808 -1.660731
v -12.903751 -18.014261 389.502167
vn -3.039319 2.799260 -1.060535
v -13.330968 -18.128183 390.156158
vn -3.382889 3.513009 0.438408
v -13.281297 -18.301601 391.671875
vn -3.287898 3.435853 1.167127
v -13.189055 -18.377214 392.385193
vn -3.020929 3.378628 1.853778
v -12.928480 -18.433350 393.057495
vn -2.597598 3.344582 2.458398
v -12.514714 -18.466745 393.649719
vn -2.042396 3.335576 2.945969
v -11.971805 -18.475458 394.127441
vn -1.387610 3.352236 3.288065
v -11.331304 -18.458984 394.462891
vn -0.671370 3.394103 3.464794
v -10.630434 -18.418280 394.636597
vn 0.064779 3.458773 3.465872
v -9.909927 -18.355711 394.638458
vn 0.778005 3.540797 3.291384
v -9.211658 -18.274914 394.468323
vn 1.426937 3.637360 2.951257
v -8.576207 -18.180586 394.136139
vn 1.973782 3.741834 2.465436
v -8.040504 -18.078205 393.661163
vn 2.386723 3.848765 1.862092
v -7.635681 -17.973724 393.071045
vn 2.641840 3.951541 1.176265
v -7.385266 -17.873215 392.400055
vn 2.724338 4.044102 0.447820
v -7.303813 -17.782518 391.687195
vn 2.629370 4.121197 -0.280901
v -7.396054 -17.706905 390.973877
vn 2.362301 4.178778 -0.967479
v -7.656630 -17.650770 390.301544
vn 1.938957 4.212853 -1.572060
v -8.070395 -17.617376 389.709320
vn 1.383800 4.221539 -2.059650
v -8.613305 -17.608662 389.231598
vn 0.729090 4.204393 -2.401803
v -9.253806 -17.625135 388.896149
vn 0.012821 4.162880 -2.578470
v -9.954677 -17.665840 388.722443
vn -0.723223 4.098227 -2.579856
v -10.675182 -17.728409 388.720612
vn -1.436580 4.015881 -2.405176
v -11.373451 -17.809206 388.890717
vn -2.085435 3.919927 -2.064960
v -12.008903 -17.903536 389.222900
vn -2.632268 3.815103 -1.579217
v -12.544606 -18.005915 389.697876
vn -3.045231 3.708447 -0.975839
v -12.949429 -18.110395 390.287994
vn -3.300378 3.605679 -0.290046
v -13.199843 -18.210905 390.958984
vn 0.494351 2.846836 -2.668491
v -9.612331 -17.543888 388.798706
vn -0.237203 2.793442 -2.758424
v -10.328365 -17.596045 388.711395
vn -0.967102 2.719090 -2.671413
v -11.042819 -17.668373 388.797241
vn -1.653414 2.629642 -2.412612
v -11.714170 -17.756666 389.051300
vn -2.255950 2.528498 -1.996891
v -12.303405 -17.855795 389.458771
vn -2.739613 2.421991 -1.448565
v -12.776277 -17.959999 389.995972
vn -3.076461 2.316503 -0.799392
v -13.105305 -18.063221 390.631683
vn -3.246878 2.217914 -0.087156
v -13.271367 -18.159462 391.328949
vn -3.240860 2.132428 0.646780
v -13.264812 -18.243130 392.047302
vn -3.058933 2.064689 1.359749
v -13.086022 -18.309362 392.744934
vn -2.711615 2.018770 2.010324
v -12.745388 -18.354309 393.381317
vn -2.218935 1.996920 2.560603
v -12.262704 -18.375359 393.919495
vn -1.609662 2.000764 2.978699
v -11.666023 -18.371288 394.328156
vn -0.919316 2.030254 3.240331
v -10.990024 -18.342333 394.583557
vn -0.187889 2.083670 3.330359
v -10.273990 -18.290176 394.670868
vn 0.542266 2.157814 3.243481
v -9.559536 -18.217850 394.584991
vn 1.228370 2.247434 2.984469
v -8.888185 -18.129555 394.330963
vn 1.830896 2.348856 2.568809
v -8.298950 -18.030426 393.923492
vn 2.314553 2.455340 2.020503
v -7.826078 -17.926222 393.386292
vn 2.651407 2.560904 1.371352
v -7.497050 -17.823000 392.750580
vn 2.821870 2.659342 0.659115
v -7.330988 -17.726759 392.053284
vn 2.815879 2.744773 -0.074830
v -7.337542 -17.643091 391.334961
vn 2.633951 2.812623 -0.787749
v -7.516332 -17.576859 390.637329
vn 2.286598 2.859039 -1.438334
v -7.856967 -17.531912 390.000946
vn 1.793979 2.880464 -1.988694
v -8.339651 -17.510862 389.462769
vn 1.184724 2.876259 -2.406851
v -8.936332 -17.514933 389.054108
vn -2.800430 -3.254410 0.237577
v -14.159210 -30.252453 391.237610
vn -3.309327 2.585962 0.922477
v -14.417886 -27.283968 391.585724
vn -2.861183 -3.190754 -0.350433
v -14.256337 -30.150671 390.297516
vn -3.370082 2.649633 0.334469
v -14.515012 -27.182186 390.645630
vn -2.809295 -3.117312 -0.938148
v -14.173429 -30.033257 389.357880
vn -3.318238 2.723068 -0.253240
v -14.432104 -27.064770 389.705994
vn -2.646729 -3.036751 -1.504326
v -13.913482 -29.904449 388.452667
vn -3.155643 2.803635 -0.819428
v -14.172157 -26.935965 388.800781
vn -2.379266 -2.951961 -2.028527
v -13.485892 -29.768909 387.614594
vn -2.888202 2.888405 -1.343626
v -13.744567 -26.800425 387.962708
vn -2.016651 -2.866060 -2.491786
v -12.906114 -29.631531 386.873962
vn -2.525563 2.974351 -1.806856
v -13.164788 -26.663046 387.222076
vn -1.571941 -2.782073 -2.877338
v -12.195101 -29.497282 386.257507
vn -2.080856 3.058297 -2.192422
v -12.453775 -26.528797 386.605621
vn -1.061157 -2.703079 -3.171285
v -11.378551 -29.371016 385.787537
vn -1.570112 3.137266 -2.486411
v -11.637226 -26.402531 386.135651
vn -0.502882 -2.631974 -3.363031
v -10.485977 -29.257292 385.481049
vn -1.011812 3.208427 -2.678112
v -10.744652 -26.288807 385.829163
vn 0.082739 -2.571276 -3.445550
v -9.549639 -29.160225 385.349091
vn -0.426199 3.269145 -2.760633
v -9.808314 -26.191738 385.697205
vn 0.674582 -2.523143 -3.415915
v -8.603378 -29.083319 385.396423
vn 0.165653 3.317215 -2.731044
v -8.862054 -26.114834 385.744537
vn 1.251270 -2.489406 -3.275239
v -7.681396 -29.029356 385.621368
vn 0.742348 3.350985 -2.590329
v -7.940071 -26.060871 385.969482
vn 1.791945 -2.471195 -3.028505
v -6.817014 -29.000288 386.015778
vn 1.283024 3.369140 -2.343633
v -7.075689 -26.031803 386.363892
vn 2.277041 -2.469289 -2.684761
v -6.041473 -28.997162 386.565430
vn 1.768087 3.371144 -1.999831
v -6.300148 -26.028677 386.913544
vn 2.688989 -2.483600 -2.256341
v -5.382804 -29.020092 387.250397
vn 2.180042 3.356771 -1.571425
v -5.641479 -26.051607 387.598511
vn 3.012986 -2.513721 -1.758720
v -4.864813 -29.068251 388.045959
vn 2.504043 3.326648 -1.073808
v -5.123488 -26.099766 388.394073
vn 3.237267 -2.558541 -1.209902
v -4.506222 -29.139898 388.923370
vn 2.728350 3.281840 -0.525015
v -4.764896 -26.171413 389.271484
vn 3.353767 -2.616427 -0.629766
v -4.319990 -29.232441 389.850922
vn 2.844815 3.223960 0.055141
v -4.578665 -26.263956 390.199036
vn 3.358215 -2.685285 -0.039239
v -4.312848 -29.342539 390.795044
vn 2.849297 3.155094 0.645673
v -4.571523 -26.374054 391.143158
vn 3.250492 -2.762645 0.540332
v -4.485055 -29.466209 391.721649
vn 2.741602 3.077750 1.225240
v -4.743731 -26.497725 392.069763
vn 3.034499 -2.845679 1.087995
v -4.830388 -29.598984 392.597260
vn 2.525597 2.994689 1.772916
v -5.089062 -26.630499 392.945374
vn 2.718040 -2.931437 1.583955
v -5.336363 -29.736063 393.390198
vn 2.209122 2.908971 2.268877
v -5.595038 -26.767578 393.738312
vn 2.312549 -3.016754 2.010295
v -5.984694 -29.872494 394.071838
vn 1.803610 2.823626 2.695193
v -6.243370 -26.904009 394.419952
vn 1.832617 -3.098581 2.351626
v -6.751950 -30.003345 394.617523
vn 1.323684 2.741755 3.036515
v -7.010625 -27.034861 394.965637
vn 1.295698 -3.174028 2.595544
v -7.610399 -30.123886 395.007507
vn 0.786756 2.666414 3.280469
v -7.869074 -27.155401 395.355621
vn 0.721110 -3.240186 2.733313
v -8.529015 -30.229761 395.227753
vn 0.212187 2.600129 3.418180
v -8.787689 -27.261276 395.575867
vn 0.129689 -3.294912 2.759875
v -9.474595 -30.317142 395.270233
vn -0.379255 2.545543 3.444802
v -9.733270 -27.348658 395.618347
vn -0.457226 -3.335965 2.674358
v -10.412966 -30.382874 395.133484
vn -0.966146 2.504374 3.359223
v -10.671640 -27.414389 395.481598
vn -1.018465 -3.362068 2.479748
v -11.310211 -30.424580 394.822388
vn -1.527400 2.478302 3.164649
v -11.568886 -27.456095 395.170502
vn -1.533620 -3.372217 2.183172
v -12.133902 -30.440750 394.348206
vn -2.042573 2.468221 2.868109
v -12.392577 -27.472265 394.696320
vn -1.984206 -3.365941 1.795332
v -12.854268 -30.430801 393.728119
vn -2.493111 2.474391 2.480223
v -13.112944 -27.462317 394.076233
vn -2.353858 -3.343632 1.330167
v -13.445274 -30.395096 392.984467
vn -2.862829 2.496752 2.015083
v -13.703949 -27.426611 393.332581
vn -2.629239 -3.306004 0.804606
v -13.885559 -30.334921 392.144165
vn -3.138201 2.534393 1.489517
v -14.144235 -27.366436 392.492279
vn 3.402530 -3.032400 -0.379352
v -13.857839 -30.116066 390.298523
vn 3.347301 -3.108217 0.226312
v -13.776525 -30.004477 389.407410
vn 3.174432 -3.191547 0.808398
v -13.522223 -29.881884 388.550964
vn 2.890663 -3.279138 1.344542
v -13.104708 -29.752996 387.762146
vn 2.506843 -3.367647 1.814130
v -12.540023 -29.622768 387.071259
vn 2.037820 -3.453972 2.199030
v -11.849868 -29.496202 386.504822
vn 1.501450 -3.533875 2.484718
v -11.060767 -29.378164 386.084656
vn 0.918555 -3.605597 2.659801
v -10.203043 -29.273191 385.826843
vn 0.311257 -3.664934 2.718027
v -9.309660 -29.185314 385.741364
vn -0.296827 -3.710758 2.656806
v -8.414948 -29.117912 385.831451
vn -0.882350 -3.741253 2.478534
v -7.553291 -29.073576 386.093628
vn -1.423126 -3.754181 2.190241
v -6.757802 -29.054008 386.517883
vn -1.898017 -3.750155 1.802827
v -6.059052 -29.059961 387.087860
vn -2.288941 -3.728922 1.331266
v -5.483893 -29.091206 387.781677
vn -2.580835 -3.691332 0.793644
v -5.054428 -29.146542 388.572662
vn -2.762499 -3.638788 0.210662
v -4.787161 -29.223843 389.430450
vn -2.826918 -3.573365 -0.395321
v -4.692362 -29.320137 390.322021
vn -2.771663 -3.497520 -1.000978
v -4.773676 -29.431725 391.213135
vn -2.598840 -3.414222 -1.583070
v -5.027977 -29.554317 392.069580
vn -2.315039 -3.326631 -2.119220
v -5.445493 -29.683207 392.858398
vn -1.931244 -3.238101 -2.588781
v -6.010178 -29.813435 393.549286
vn -1.462176 -3.151772 -2.973745
v -6.700333 -29.939999 394.115692
vn -0.925833 -3.071909 -3.259351
v -7.489434 -30.058037 394.535889
vn -0.342874 -3.000517 -3.434541
v -8.347157 -30.163012 394.793671
vn 0.264326 -2.940834 -3.492673
v -9.240541 -30.250887 394.879181
vn 0.872408 -2.894975 -3.431435
v -10.135253 -30.318289 394.789093
vn 1.458078 -2.864501 -3.253192
v -10.996909 -30.362625 394.526886
vn 1.998715 -2.851568 -2.964919
v -11.792397 -30.382195 394.102661
vn 2.473636 -2.855606 -2.577502
v -12.491148 -30.376242 393.532684
vn 2.864584 -2.876811 -2.105937
v -13.066307 -30.344995 392.838867
vn 3.156484 -2.914427 -1.568315
v -13.495772 -30.289661 392.047882
vn 3.338100 -2.966941 -0.985314
v -13.763040 -30.212360 391.190094
vn 3.304270 -2.578381 -0.939739
v -13.783611 -29.976294 391.217773
vn 3.368689 -2.643820 -0.333777
v -13.878409 -29.879999 390.326202
vn 3.313411 -2.719661 0.271886
v -13.797095 -29.768412 389.435089
vn 3.140579 -2.802960 0.853970
v -13.542794 -29.645817 388.578644
vn 2.856809 -2.890554 1.390125
v -13.125278 -29.516930 387.789825
vn 2.472990 -2.979058 1.859718
v -12.560594 -29.386702 387.098938
vn 2.004007 -3.065402 2.244617
v -11.870439 -29.260136 386.532532
vn 1.467579 -3.145307 2.530282
v -11.081338 -29.142099 386.112335
vn 0.884715 -3.217015 2.705431
v -10.223615 -29.037125 385.854553
vn 0.277400 -3.276385 2.763574
v -9.330231 -28.949249 385.769043
vn -0.330681 -3.322180 2.702343
v -8.435518 -28.881847 385.859131
vn -0.916233 -3.352669 2.524124
v -7.573862 -28.837509 386.121338
vn -1.456973 -3.365637 2.235792
v -6.778374 -28.817942 386.545563
vn -1.931882 -3.361575 1.848409
v -6.079623 -28.823895 387.115540
vn -2.322801 -3.340353 1.376843
v -5.504464 -28.855139 387.809357
vn -2.614706 -3.302741 0.839226
v -5.074999 -28.910475 388.600342
vn -2.796340 -3.250228 0.256226
v -4.807732 -28.987776 389.458130
vn -2.860775 -3.184788 -0.349741
v -4.712934 -29.084070 390.349701
vn -2.805524 -3.108961 -0.955402
v -4.794247 -29.195658 391.240814
vn -2.632675 -3.025635 -1.537488
v -5.048548 -29.318253 392.097260
vn -2.348884 -2.938046 -2.073634
v -5.466064 -29.447140 392.886078
vn -1.965118 -2.849565 -2.543210
v -6.030749 -29.577368 393.576965
vn -1.496000 -2.763193 -2.928170
v -6.720903 -29.703934 394.143402
vn -0.959695 -2.683282 -3.213779
v -7.510005 -29.821970 394.563568
vn -0.376734 -2.611988 -3.389016
v -8.367728 -29.926945 394.821350
vn 0.230458 -2.552222 -3.447102
v -9.261112 -30.014820 394.906860
vn 0.838557 -2.506461 -3.385900
v -10.155824 -30.082222 394.816772
vn 1.424180 -2.475924 -3.207596
v -11.017480 -30.126560 394.554596
vn 1.964863 -2.462968 -2.919341
v -11.812969 -30.146128 394.130341
vn 2.439792 -2.467023 -2.531930
v -12.511719 -30.140175 393.560364
vn 2.830710 -2.488245 -2.060358
v -13.086879 -30.108931 392.866547
vn 3.122597 -2.525837 -1.522734
v -13.516344 -30.053595 392.075562
vn -1.632105 -5.587282 -0.639192
v -13.367223 -29.835608 390.327515
vn -1.589342 -5.532547 -1.075017
v -13.284634 -29.729465 389.483765
vn -1.456732 -5.472044 -1.491548
v -13.027707 -29.612509 388.677368
vn -1.239888 -5.408552 -1.870663
v -12.607673 -29.489849 387.943542
vn -0.948062 -5.345150 -2.195579
v -12.042889 -29.366850 387.314362
vn -0.594423 -5.284013 -2.452477
v -11.358038 -29.248882 386.817322
vn -0.194060 -5.228471 -2.629627
v -10.583052 -29.141106 386.474152
vn 0.235301 -5.180408 -2.719763
v -9.751801 -29.048231 386.299835
vn 0.675011 -5.142463 -2.718437
v -8.900615 -28.974314 386.302002
vn 1.105826 -5.115519 -2.626372
v -8.066694 -28.922586 386.480591
vn 1.508722 -5.101683 -2.446877
v -7.286486 -28.895309 386.827728
vn 1.866326 -5.100889 -2.188290
v -6.594090 -28.893677 387.328308
vn 2.163052 -5.113194 -1.861867
v -6.019764 -28.917757 387.960419
vn 2.385868 -5.138238 -1.481705
v -5.588613 -28.966499 388.696442
vn 2.524764 -5.175198 -1.064473
v -5.319477 -29.037771 389.504181
vn 2.574022 -5.222038 -0.628428
v -5.224120 -29.128462 390.348389
vn 2.531346 -5.276864 -0.192583
v -5.306709 -29.234604 391.192139
vn 2.398696 -5.337232 0.223943
v -5.563635 -29.351561 391.998535
vn 2.181804 -5.400511 0.603066
v -5.983669 -29.474220 392.732361
vn 1.889858 -5.464315 0.927796
v -6.548454 -29.597219 393.361572
vn 1.536184 -5.525161 1.184622
v -7.233305 -29.715187 393.858612
vn 1.135896 -5.580918 1.361736
v -8.008291 -29.822964 394.201782
vn 0.706545 -5.628551 1.452234
v -8.839542 -29.915838 394.376068
vn 0.266924 -5.666914 1.450841
v -9.690728 -29.989756 394.373901
vn -0.163914 -5.693514 1.358789
v -10.524648 -30.041483 394.195312
vn -0.566807 -5.707741 1.179277
v -11.304856 -30.068760 393.848175
vn -0.924438 -5.708595 0.920713
v -11.997253 -30.070393 393.347595
vn -1.221165 -5.696094 0.594283
v -12.571578 -30.046312 392.715485
vn -1.443954 -5.670864 0.214114
v -13.002729 -29.997570 391.979462
vn -1.582832 -5.634136 -0.203136
v -13.271866 -29.926298 391.171722
vn -1.803990 -5.448815 -0.136179
v -13.173104 -30.008429 391.141876
vn -1.858105 -5.397328 -0.615352
v -13.266285 -29.919807 390.316925
vn -1.811139 -5.337214 -1.094175
v -13.185580 -29.816088 389.492462
vn -1.665400 -5.270724 -1.551931
v -12.934516 -29.701799 388.704437
vn -1.427122 -5.200904 -1.968567
v -12.524066 -29.581938 387.987335
vn -1.106460 -5.131297 -2.325560
v -11.972168 -29.461744 387.372528
vn -0.717841 -5.064047 -2.607870
v -11.302942 -29.346470 386.886810
vn -0.277916 -5.003082 -2.802516
v -10.545638 -29.241152 386.551483
vn 0.193893 -4.950202 -2.901552
v -9.733353 -29.150394 386.381134
vn 0.677048 -4.908530 -2.900114
v -8.901587 -29.078165 386.383270
vn 1.150436 -4.878958 -2.798907
v -8.086695 -29.027618 386.557770
vn 1.593214 -4.863694 -2.601727
v -7.324288 -29.000963 386.897003
vn 1.986157 -4.862896 -2.317555
v -6.647689 -28.999367 387.386169
vn 2.312184 -4.876404 -1.958876
v -6.086468 -29.022898 388.003845
vn 2.557007 -4.903892 -1.541165
v -5.665153 -29.070528 388.723053
vn 2.709672 -4.944510 -1.082639
v -5.402158 -29.140175 389.512390
vn 2.763788 -4.995994 -0.603479
v -5.308977 -29.228796 390.337341
vn 2.716891 -5.056233 -0.124643
v -5.389682 -29.332518 391.161804
vn 2.571100 -5.122577 0.333121
v -5.640746 -29.446806 391.949829
vn 2.332757 -5.192084 0.749755
v -6.051196 -29.566666 392.666931
vn 2.012052 -5.262228 1.106539
v -6.603095 -29.686859 393.281738
vn 1.623382 -5.329070 1.388801
v -7.272320 -29.802134 393.767456
vn 1.183512 -5.390388 1.583371
v -8.029624 -29.907452 394.102783
vn 0.711704 -5.442677 1.682803
v -8.841908 -29.998209 394.273132
vn 0.228621 -5.484828 1.681340
v -9.673675 -30.070438 394.270996
vn -0.244772 -5.514073 1.580118
v -10.488567 -30.120985 394.096497
vn -0.687543 -5.529678 1.382937
v -11.250974 -30.147640 393.757263
vn -1.080499 -5.530663 1.098748
v -11.927573 -30.149237 393.268097
vn -1.406541 -5.516909 0.740063
v -12.488794 -30.125706 392.650421
vn -1.651334 -5.489178 0.322366
v -12.910109 -30.078075 391.931213
vn 3.399607 -3.068902 -0.383609
v -12.716160 -29.872034 390.318359
vn 3.321199 -3.159456 0.330940
v -12.629705 -29.772087 389.530304
vn 3.079463 -3.259699 1.006527
v -12.363080 -29.661476 388.785217
vn 2.687382 -3.364478 1.606693
v -11.930655 -29.546164 388.123230
vn 2.166113 -3.467648 2.099166
v -11.355745 -29.432371 387.580078
vn 1.543698 -3.563543 2.457454
v -10.669342 -29.326229 387.185028
vn 0.853894 -3.648033 2.661976
v -9.908451 -29.233459 386.959351
vn 0.133542 -3.715074 2.702081
v -9.114091 -29.159065 386.915253
vn -0.578095 -3.762676 2.575202
v -8.329087 -29.107058 387.055054
vn -1.243054 -3.786970 2.288469
v -7.595758 -29.080238 387.371277
vn -1.825264 -3.787084 1.857275
v -6.953639 -29.080055 387.846863
vn -2.293379 -3.763079 1.304865
v -6.437345 -29.106516 388.456146
vn -2.622182 -3.716196 0.660981
v -6.074711 -29.158195 389.166290
vn -2.793937 -3.648958 -0.039646
v -5.885287 -29.232307 389.939026
vn -2.799401 -3.565061 -0.759293
v -5.879283 -29.324856 390.732697
vn -2.638239 -3.469004 -1.459060
v -6.057025 -29.430853 391.504486
vn -2.319181 -3.365716 -2.101274
v -6.408930 -29.544582 392.212799
vn -1.859380 -3.261122 -2.651342
v -6.916026 -29.659916 392.819458
vn -1.283674 -3.160705 -3.079563
v -7.550975 -29.770632 393.291748
vn -0.623083 -3.070359 -3.362911
v -8.279549 -29.870764 393.604248
vn 0.086786 -2.994001 -3.486040
v -9.062469 -29.954914 393.740051
vn 0.807684 -2.935909 -3.442326
v -9.857526 -30.018545 393.691864
vn 1.500695 -2.899930 -3.234164
v -10.621861 -30.058228 393.462280
vn 2.128512 -2.887657 -2.872759
v -11.314267 -30.071821 393.063690
vn 2.657213 -2.899927 -2.377670
v -11.897417 -30.058594 392.517578
vn 3.058414 -2.935351 -1.775356
v -12.339872 -30.019257 391.853363
vn 3.310389 -2.992807 -1.098520
v -12.617781 -29.955933 391.106873
vn 3.270116 -2.532288 -1.044501
v -12.636390 -29.742374 391.131927
vn 3.359625 -2.608362 -0.329553
v -12.734769 -29.658478 390.343384
vn 3.281221 -2.698912 0.385018
v -12.648315 -29.558529 389.555328
vn 3.039489 -2.799158 1.060657
v -12.381689 -29.447918 388.810242
vn 2.647396 -2.903915 1.660810
v -11.949265 -29.332607 388.148285
vn 2.126031 -3.007164 2.153193
v -11.374354 -29.218813 387.605133
vn 1.503560 -3.102987 2.511501
v -10.687952 -29.112671 387.210052
vn 0.813774 -3.187525 2.716004
v -9.927061 -29.019901 386.984406
vn 0.093408 -3.254578 2.756266
v -9.132701 -28.945509 386.940277
vn -0.618236 -3.302085 2.629200
v -8.347696 -28.893499 387.080109
vn -1.283319 -3.326444 2.342658
v -7.614367 -28.866682 387.396332
vn -1.865252 -3.326549 1.911116
v -6.972248 -28.866497 387.871918
vn -2.333408 -3.302533 1.358789
v -6.455955 -28.892958 388.481201
vn -2.662332 -3.255653 0.714967
v -6.093321 -28.944637 389.191345
vn -2.833940 -3.188412 0.014313
v -5.903896 -29.018749 389.964081
vn -2.839653 -3.104542 -0.705252
v -5.897893 -29.111300 390.757721
vn -2.678479 -3.008509 -1.405048
v -6.075634 -29.217295 391.529510
vn -2.359168 -2.905181 -2.047195
v -6.427539 -29.331026 392.237854
vn -1.899448 -2.800575 -2.597277
v -6.934635 -29.446358 392.844513
vn -1.323722 -2.700180 -3.025466
v -7.569585 -29.557074 393.316803
vn -0.663199 -2.609769 -3.308859
v -8.298159 -29.657206 393.629272
vn 0.046632 -2.533521 -3.432255
v -9.081078 -29.741356 393.765076
vn 0.767499 -2.475394 -3.388134
v -9.876136 -29.804987 393.716919
vn 1.460549 -2.439425 -3.180144
v -10.640471 -29.844669 393.487335
vn 2.088328 -2.427093 -2.818697
v -11.332876 -29.858263 393.088745
vn 2.617235 -2.439389 -2.323737
v -11.916026 -29.845036 392.542603
vn 3.018065 -2.474854 -1.721275
v -12.358481 -29.805698 391.878418
vn -2.817508 -3.608796 -0.399507
v -12.693481 -29.654892 390.343506
vn -2.739114 -3.518175 -1.113987
v -12.608068 -29.556147 389.564941
vn -2.497339 -3.417800 -1.789489
v -12.344654 -29.446867 388.828827
vn -2.105335 -3.313221 -2.389700
v -11.917437 -29.332945 388.174835
vn -1.584226 -3.210208 -2.882251
v -11.349450 -29.220522 387.638214
vn -0.961837 -3.113998 -3.240425
v -10.671313 -29.115658 387.247894
vn -0.271934 -3.029589 -3.445093
v -9.919584 -29.024006 387.024963
vn 0.448269 -2.962206 -3.484807
v -9.134790 -28.950508 386.981384
vn 1.160051 -2.915277 -3.358374
v -8.359240 -28.899126 387.119507
vn 1.824869 -2.890718 -3.071382
v -7.634742 -28.872631 387.431946
vn 2.407351 -2.890760 -2.640626
v -7.000355 -28.872450 387.901764
vn 2.875451 -2.914715 -2.088050
v -6.490279 -28.898592 388.503723
vn 3.204094 -2.961596 -1.444083
v -6.132011 -28.949648 389.205322
vn 3.376005 -3.028760 -0.743466
v -5.944868 -29.022869 389.968750
vn 3.381147 -3.112686 -0.023858
v -5.938937 -29.114302 390.752838
vn 3.220015 -3.208794 0.675918
v -6.114539 -29.219023 391.515350
vn 2.901204 -3.311857 1.318281
v -6.462205 -29.331383 392.215118
vn 2.441339 -3.416442 1.868291
v -6.963195 -29.445326 392.814484
vn 1.865642 -3.516824 2.296588
v -7.590498 -29.554710 393.281097
vn 1.204983 -3.607630 2.579875
v -8.310298 -29.653637 393.589813
vn 0.495164 -3.684115 2.702684
v -9.083789 -29.736773 393.723999
vn -0.225859 -3.741648 2.659432
v -9.869273 -29.799639 393.676392
vn -0.918736 -3.777796 2.451090
v -10.624403 -29.838842 393.449585
vn -1.546654 -3.789921 2.089728
v -11.308472 -29.852272 393.055786
vn -2.075231 -3.777904 1.594412
v -11.884599 -29.839203 392.516235
vn -2.476750 -3.742292 0.992382
v -12.321726 -29.800341 391.860016
vn -2.728655 -3.684883 0.315480
v -12.596287 -29.737780 391.122528
vn -2.768616 -3.224324 0.369456
v -12.565147 -30.095137 391.080627
vn -2.857826 -3.148280 -0.345502
v -12.662341 -30.012249 390.301605
vn -2.779439 -3.057674 -1.060011
v -12.576929 -29.913504 389.523041
vn -2.537673 -2.957270 -1.735597
v -12.313514 -29.804224 388.786896
vn -2.145568 -2.852650 -2.335819
v -11.886297 -29.690302 388.132904
vn -1.624364 -2.749699 -2.828286
v -11.318310 -29.577879 387.596313
vn -1.002026 -2.653450 -3.186476
v -10.640173 -29.473015 387.205994
vn -0.312064 -2.569105 -3.391067
v -9.888444 -29.381363 386.983032
vn 0.408167 -2.501616 -3.431051
v -9.103650 -29.307865 386.939453
vn 1.119907 -2.454716 -3.304342
v -8.328099 -29.256483 387.077606
vn 1.784832 -2.430210 -3.017544
v -7.603601 -29.229988 387.390015
vn 2.367020 -2.430201 -2.586392
v -6.969214 -29.229807 387.859863
vn 2.835182 -2.454224 -2.033944
v -6.459138 -29.255949 388.461823
vn 3.163977 -2.501063 -1.390067
v -6.100872 -29.307005 389.163422
vn 3.335730 -2.568247 -0.689430
v -5.913728 -29.380224 389.926849
vn 3.341167 -2.652153 0.030167
v -5.907797 -29.471659 390.710938
vn 3.179998 -2.748225 0.729977
v -6.083398 -29.576380 391.473450
vn 2.860914 -2.851366 1.372187
v -6.431065 -29.688740 392.173218
vn 2.401154 -2.955900 1.922245
v -6.932055 -29.802683 392.772583
vn 1.825434 -3.056288 2.350484
v -7.559358 -29.912067 393.239197
vn 1.164802 -3.147050 2.633804
v -8.279158 -30.010994 393.547913
vn 0.455057 -3.223640 2.756915
v -9.052649 -30.094130 393.682068
vn -0.265953 -3.281038 2.713249
v -9.838133 -30.156996 393.634491
vn -0.958872 -3.317306 2.505078
v -10.593263 -30.196199 393.407654
vn -1.586740 -3.329378 2.143700
v -11.277331 -30.209629 393.013885
vn -2.115488 -3.317393 1.648520
v -11.853458 -30.196560 392.474335
vn -2.516635 -3.281749 1.046285
v -12.290586 -30.157698 391.818115
vn -2.724334 -4.044087 -0.447821
v -12.263843 -29.977642 390.302612
vn -2.641905 -3.951312 -1.176227
v -12.182389 -29.886946 389.589752
vn -2.386727 -3.848766 -1.862087
v -11.931974 -29.786436 388.918732
vn -1.973782 -3.741832 -2.465459
v -11.527152 -29.681955 388.328613
vn -1.426958 -3.636984 -2.951347
v -10.991448 -29.579576 387.853668
vn -0.778037 -3.541230 -3.291326
v -10.355997 -29.485247 387.521454
vn -0.064725 -3.458306 -3.465900
v -9.657728 -29.404449 387.351349
vn 0.671412 -3.395019 -3.464706
v -8.937222 -29.341881 387.353180
vn 1.387625 -3.353098 -3.287988
v -8.236352 -29.301176 387.526886
vn 2.042378 -3.335579 -2.945926
v -7.595850 -29.284702 387.862366
vn 2.597559 -3.344279 -2.458438
v -7.052941 -29.293417 388.340088
vn 3.020966 -3.378422 -1.853714
v -6.639175 -29.326811 388.932312
vn 3.287875 -3.435855 -1.167125
v -6.378600 -29.382946 389.604614
vn 3.382867 -3.513008 -0.438407
v -6.286358 -29.458559 390.317932
vn 3.300410 -3.605589 0.290037
v -6.367812 -29.549255 391.030792
vn 3.045216 -3.708447 0.975825
v -6.618227 -29.649765 391.701813
vn 2.632249 -3.815099 1.579207
v -7.023049 -29.754246 392.291931
vn 2.085483 -3.919253 2.065179
v -7.558752 -29.856627 392.766876
vn 1.436493 -4.016305 2.405066
v -8.194203 -29.950956 393.099091
vn 0.723335 -4.098617 2.579674
v -8.892473 -30.031752 393.269196
vn -0.012927 -4.162055 2.578773
v -9.612979 -30.094320 393.267334
vn -0.729092 -4.204782 2.401616
v -10.313848 -30.135025 393.093658
vn -1.383818 -4.221540 2.059654
v -10.954350 -30.151499 392.758179
vn -1.939010 -4.212615 1.572204
v -11.497260 -30.142786 392.280457
vn -2.362425 -4.178423 0.967564
v -11.911026 -30.109390 391.688232
vn -2.629354 -4.121201 0.280904
v -12.171601 -30.053255 391.015930
vn 2.826936 3.573362 0.395319
v -14.116513 -27.147581 390.646637
vn 2.762506 3.638798 -0.210664
v -14.021715 -27.243876 391.538208
vn 2.580801 3.691467 -0.793629
v -13.754448 -27.321177 392.395996
vn 2.288927 3.728921 -1.331267
v -13.324983 -27.376511 393.186981
vn 1.898038 3.750161 -1.802836
v -12.749823 -27.407757 393.880798
vn 1.423077 3.754208 -2.190240
v -12.051073 -27.413710 394.450775
vn 0.882437 3.740869 -2.478599
v -11.255585 -27.394140 394.875000
vn 0.296836 3.710755 -2.656796
v -10.393928 -27.349804 395.137207
vn -0.311310 3.664958 -2.718003
v -9.499216 -27.282402 395.227295
vn -0.918498 3.605196 -2.659927
v -8.605832 -27.194527 395.141785
vn -1.501472 3.533894 -2.484671
v -7.748109 -27.089552 394.884003
vn -2.037800 3.453623 -2.199117
v -6.959007 -26.971514 394.463806
vn -2.506865 3.367661 -1.814117
v -6.268853 -26.844950 393.897400
vn -2.890649 3.279361 -1.344522
v -5.704168 -26.714722 393.206512
vn -3.174405 3.191694 -0.808400
v -5.286652 -26.585833 392.417694
vn -3.347273 3.108221 -0.226309
v -5.032351 -26.463240 391.561249
vn -3.402546 3.032392 0.379352
v -4.951037 -26.351652 390.670135
vn -3.338113 2.966885 0.985287
v -5.045835 -26.255358 389.778564
vn -3.156471 2.914440 1.568317
v -5.313103 -26.178057 388.920776
vn -2.864573 2.876826 2.105938
v -5.742568 -26.122721 388.129791
vn -2.473657 2.855596 2.577511
v -6.317728 -26.091476 387.435974
vn -1.998749 2.851546 2.964875
v -7.016478 -26.085524 386.865997
vn -1.458050 2.864904 3.253247
v -7.811966 -26.105091 386.441742
vn -0.872400 2.894973 3.431430
v -8.673623 -26.149427 386.179565
vn -0.264360 2.940798 3.492671
v -9.568335 -26.216829 386.089478
vn 0.342951 3.000163 3.434526
v -10.461719 -26.304707 386.174988
vn 0.925781 3.071875 3.259346
v -11.319442 -26.409679 386.432770
vn 1.462158 3.152136 2.973770
v -12.108543 -26.527718 386.852936
vn 1.931258 3.238101 2.588783
v -12.798697 -26.654284 387.419373
vn 2.315030 3.326625 2.119216
v -13.363382 -26.784512 388.110260
vn 2.598823 3.414221 1.583059
v -13.780898 -26.913399 388.899078
vn 2.771649 3.497518 1.000976
v -14.035199 -27.035992 389.755524
vn 2.805529 3.108961 0.955402
v -14.014628 -27.272058 389.727844
vn 2.860788 3.184784 0.349746
v -14.095942 -27.383646 390.618958
vn 2.796330 3.250219 -0.256239
v -14.001144 -27.479942 391.510529
vn 2.614706 3.302906 -0.839165
v -13.733877 -27.557241 392.368286
vn 2.322811 3.340354 -1.376850
v -13.304412 -27.612577 393.159302
vn 1.931889 3.361581 -1.848416
v -12.729252 -27.643822 393.853119
vn 1.456953 3.365609 -2.235826
v -12.030502 -27.649775 394.423096
vn 0.916284 3.352342 -2.524143
v -11.235013 -27.630207 394.847321
vn 0.330692 3.322179 -2.702346
v -10.373357 -27.585871 395.109528
vn -0.277447 3.276346 -2.763583
v -9.478645 -27.518469 395.199615
vn -0.884639 3.216669 -2.705468
v -8.585261 -27.430592 395.114105
vn -1.467604 3.145268 -2.530257
v -7.727538 -27.325619 394.856323
vn -2.003932 3.065105 -2.244669
v -6.938437 -27.207581 394.436127
vn -2.473006 2.979028 -1.859692
v -6.248282 -27.081017 393.869720
vn -2.856836 2.890770 -1.390079
v -5.683597 -26.950787 393.178802
vn -3.140600 2.803121 -0.853949
v -5.266081 -26.821899 392.389984
vn -3.313427 2.719660 -0.271881
v -5.011780 -26.699306 391.533569
vn -3.368696 2.643823 0.333770
v -4.930467 -26.587717 390.642456
vn -3.304236 2.578304 0.939763
v -5.025265 -26.491423 389.750854
vn -3.122606 2.525848 1.522740
v -5.292532 -26.414124 388.893097
vn -2.830703 2.488259 2.060363
v -5.721997 -26.358788 388.102112
vn -2.439793 2.467015 2.531929
v -6.297156 -26.327541 387.408295
vn -1.964901 2.463003 2.919322
v -6.995907 -26.321590 386.838318
vn -1.424181 2.476259 3.207659
v -7.791395 -26.341158 386.414062
vn -0.838556 2.506458 3.385900
v -8.653051 -26.385494 386.151886
vn -0.230517 2.552249 3.447113
v -9.547764 -26.452896 386.061798
vn 0.376792 2.611579 3.388902
v -10.441148 -26.540773 386.147278
vn 0.959676 2.683307 3.213809
v -11.298871 -26.645746 386.405090
vn 1.496020 2.763509 2.928190
v -12.087972 -26.763784 386.825256
vn 1.965121 2.849564 2.543215
v -12.778127 -26.890348 387.391693
vn 2.348881 2.938041 2.073631
v -13.342812 -27.020578 388.082581
vn 2.632665 3.025634 1.537482
v -13.760327 -27.149466 388.871399
vn -2.574031 5.222017 0.628426
v -13.584756 -27.339256 390.620270
vn -2.524768 5.175210 1.064476
v -13.489399 -27.429945 391.464478
vn -2.385732 5.138392 1.481694
v -13.220263 -27.501219 392.272217
vn -2.163046 5.113196 1.861855
v -12.789111 -27.549961 393.008240
vn -1.866339 5.100873 2.188282
v -12.214787 -27.574041 393.640350
vn -1.508866 5.101287 2.447148
v -11.522389 -27.572407 394.140900
vn -1.105812 5.115552 2.626352
v -10.742181 -27.545130 394.488068
vn -0.674985 5.142057 2.718769
v -9.908261 -27.493404 394.666626
vn -0.235430 5.180780 2.719435
v -9.057076 -27.419487 394.668823
vn 0.194039 5.228463 2.629646
v -8.225824 -27.326611 394.494507
vn 0.594454 5.284020 2.452462
v -7.450838 -27.218834 394.151337
vn 0.948048 5.345129 2.195608
v -6.765987 -27.100868 393.654297
vn 1.239919 5.408560 1.870646
v -6.201202 -26.977867 393.025116
vn 1.456740 5.472053 1.491539
v -5.781168 -26.855209 392.291290
vn 1.589453 5.532442 1.075007
v -5.524242 -26.738253 391.484863
vn 1.632069 5.587310 0.639229
v -5.441653 -26.632109 390.641144
vn 1.582877 5.634108 0.203126
v -5.537010 -26.541420 389.796936
vn 1.443817 5.670951 -0.214086
v -5.806146 -26.470146 388.989166
vn 1.221147 5.696116 -0.594274
v -6.237298 -26.421404 388.253174
vn 0.924429 5.708615 -0.920692
v -6.811623 -26.397324 387.621063
vn 0.566822 5.707730 -1.179287
v -7.504019 -26.398958 387.120483
vn 0.163898 5.693514 -1.358800
v -8.284227 -26.426233 386.773346
vn -0.266893 5.666916 -1.450841
v -9.118148 -26.477961 386.594757
vn -0.706615 5.628575 -1.452205
v -9.969334 -26.551878 386.592590
vn -1.135846 5.580916 -1.361764
v -10.800585 -26.644754 386.766876
vn -1.536198 5.525130 -1.184652
v -11.575571 -26.752531 387.110046
vn -1.889991 5.464122 -0.927989
v -12.260422 -26.870497 387.607086
vn -2.181833 5.400494 -0.603043
v -12.825206 -26.993498 388.236298
vn -2.398680 5.337256 -0.223945
v -13.245240 -27.116156 388.970123
vn -2.531374 5.276840 0.192599
v -13.502166 -27.233112 389.776520
vn -2.716942 5.056204 0.124585
v -13.419194 -27.135201 389.806824
vn -2.763788 4.995974 0.603470
v -13.499899 -27.238920 390.631317
vn -2.709649 4.944522 1.082642
v -13.406717 -27.327541 391.456268
vn -2.556895 4.904101 1.541101
v -13.143723 -27.397188 392.245575
vn -2.312205 4.876370 1.958875
v -12.722407 -27.444818 392.964813
vn -1.986182 4.862872 2.317546
v -12.161187 -27.468349 393.582489
vn -1.593296 4.863297 2.601979
v -11.484588 -27.466753 394.071655
vn -1.150433 4.878955 2.798910
v -10.722181 -27.440100 394.410889
vn -0.677004 4.908053 2.900474
v -9.907288 -27.389553 394.585388
vn -0.194013 4.950656 2.901259
v -9.075522 -27.317322 394.587494
vn 0.277883 5.003077 2.802528
v -8.263237 -27.226564 394.417175
vn 0.717873 5.064051 2.607836
v -7.505933 -27.121246 394.081848
vn 1.106434 5.131269 2.325595
v -6.836708 -27.005972 393.596130
vn 1.427136 5.200913 1.968532
v -6.284810 -26.885778 392.981323
vn 1.665430 5.270705 1.551937
v -5.874359 -26.765919 392.264221
vn 1.811272 5.337087 1.094226
v -5.623295 -26.651630 391.476196
vn 1.858097 5.397372 0.615322
v -5.542590 -26.547909 390.651703
vn 1.804014 5.448790 0.136178
v -5.635771 -26.459288 389.826782
vn 1.651241 5.489268 -0.322294
v -5.898767 -26.389641 389.037445
vn 1.406516 5.516932 -0.740064
v -6.320081 -26.342012 388.318237
vn 1.080493 5.530682 -1.098722
v -6.881302 -26.318481 387.700562
vn 0.687546 5.529687 -1.382916
v -7.557901 -26.320078 387.211395
vn 0.244745 5.514069 -1.580115
v -8.320308 -26.346731 386.872162
vn -0.228585 5.484833 -1.681332
v -9.135201 -26.397278 386.697662
vn -0.711771 5.442689 -1.682794
v -9.966967 -26.469509 386.695526
vn -1.183468 5.390356 -1.583431
v -10.779252 -26.560265 386.865875
vn -1.623381 5.329058 -1.388798
v -11.536556 -26.665583 387.201202
vn -2.012150 5.261992 -1.106776
v -12.205781 -26.780857 387.686890
vn -2.332774 5.192093 -0.749708
v -12.757679 -26.901052 388.301727
vn -2.571081 5.122598 -0.333126
v -13.168130 -27.020912 389.018829
vn 2.817705 3.608810 0.399535
v -12.949773 -27.191149 390.632721
vn 2.728479 3.684910 -0.315443
v -12.851394 -27.275045 391.421265
vn 2.476492 3.742354 -0.992270
v -12.573485 -27.338369 392.167755
vn 2.075309 3.778068 -1.594505
v -12.131030 -27.377707 392.831970
vn 1.546560 3.790068 -2.089683
v -11.547880 -27.390934 393.378082
vn 0.918784 3.777758 -2.451068
v -10.855474 -27.377340 393.776672
vn 0.225774 3.741807 -2.659205
v -10.091140 -27.337658 394.006256
vn -0.495097 3.684109 -2.702887
v -9.296082 -27.274027 394.054443
vn -1.204958 3.607801 -2.579751
v -8.513163 -27.189877 393.918640
vn -1.865626 3.516612 -2.296493
v -7.784589 -27.089745 393.606140
vn -2.441266 3.416606 -1.868235
v -7.149639 -26.979029 393.133850
vn -2.901059 3.311998 -1.318187
v -6.642543 -26.863697 392.527191
vn -3.220112 3.208852 -0.675949
v -6.290638 -26.749966 391.818878
vn -3.381278 3.112704 0.023825
v -6.112897 -26.643970 391.047089
vn -3.375846 3.028760 0.743438
v -6.118900 -26.551420 390.253418
vn -3.204103 2.961657 1.444081
v -6.308325 -26.477308 389.480682
vn -2.875293 2.914629 2.087955
v -6.670959 -26.425629 388.770538
vn -2.407163 2.890626 2.640402
v -7.187252 -26.399168 388.161255
vn -1.824993 2.891142 3.071619
v -7.829371 -26.399353 387.685669
vn -1.160069 2.915473 3.358338
v -8.562700 -26.426170 387.369446
vn -0.448258 2.962163 3.485090
v -9.347705 -26.478180 387.229645
vn 0.271961 3.029691 3.445094
v -10.142065 -26.552572 387.273743
vn 0.961867 3.113765 3.240493
v -10.902956 -26.645342 387.499420
vn 1.584206 3.210044 2.882297
v -11.589358 -26.751484 387.894470
vn 2.105495 3.313267 2.389797
v -12.164269 -26.865278 388.437622
vn 2.497537 3.418017 1.789648
v -12.596693 -26.980589 389.099579
vn 2.739299 3.518150 1.114013
v -12.863319 -27.091200 389.844696
vn 2.779505 3.057638 1.060045
v -12.844709 -27.304758 389.819641
vn 2.858046 3.148291 0.345489
v -12.931164 -27.404705 390.607697
vn 2.768525 3.224364 -0.369409
v -12.832785 -27.488604 391.396210
vn 2.516631 3.281829 -1.046251
v -12.554876 -27.551928 392.142700
vn 2.115368 3.317492 -1.648433
v -12.112421 -27.591265 392.806915
vn 1.586750 3.329561 -2.143730
v -11.529271 -27.604492 393.353027
vn 0.958930 3.317255 -2.505094
v -10.836865 -27.590899 393.751617
vn 0.265920 3.281277 -2.713279
v -10.072530 -27.551216 393.981201
vn -0.454977 3.223588 -2.757004
v -9.277472 -27.487585 394.029388
vn -1.164862 3.147283 -2.633857
v -8.494553 -27.403435 393.893585
vn -1.825512 3.056098 -2.350559
v -7.765979 -27.303303 393.581116
vn -2.401028 2.956052 -1.922114
v -7.131030 -27.192587 393.108795
vn -2.860971 2.851466 -1.372196
v -6.623934 -27.077253 392.502136
vn -3.180146 2.748302 -0.729989
v -6.272029 -26.963524 391.793823
vn -3.341170 2.652165 -0.030157
v -6.094287 -26.857527 391.022034
vn -3.335466 2.568236 0.689425
v -6.100291 -26.764978 390.228363
vn -3.164001 2.501150 1.390040
v -6.289715 -26.690866 389.455658
vn -2.835065 2.454116 2.033898
v -6.652349 -26.639187 388.745483
vn -2.366901 2.430084 2.586303
v -7.168643 -26.612726 388.136200
vn -1.784973 2.430554 3.017781
v -7.810762 -26.612909 387.660645
vn -1.119988 2.454942 3.304406
v -8.544091 -26.639729 387.344421
vn -0.408146 2.501723 3.431073
v -9.329095 -26.691738 387.204590
vn 0.312080 2.569105 3.391054
v -10.123455 -26.766130 387.248688
vn 1.001953 2.653283 3.186417
v -10.884346 -26.858900 387.474365
vn 1.624312 2.749498 2.828265
v -11.570749 -26.965042 387.869415
vn 2.145586 2.852702 2.335762
v -12.145659 -27.078835 388.412567
vn 2.537718 2.957482 1.735631
v -12.578084 -27.194147 389.074554
vn -3.399342 3.068926 0.383569
v -12.889876 -27.401121 390.607788
vn -3.310511 2.992841 1.098568
v -12.792682 -27.484009 391.386841
vn -3.058433 2.935425 1.775393
v -12.518120 -27.546570 392.124329
vn -2.657359 2.899770 2.377712
v -12.080993 -27.585432 392.780548
vn -2.128398 2.887607 2.872754
v -11.504866 -27.598501 393.320068
vn -1.500730 2.900112 3.234158
v -10.820798 -27.585072 393.713867
vn -0.807652 2.935850 3.442290
v -10.065667 -27.545866 393.940674
vn -0.086783 2.993582 3.485938
v -9.280184 -27.483002 393.988281
vn 0.623018 3.070132 3.362840
v -8.506693 -27.399866 393.854126
vn 1.283601 3.160899 3.079464
v -7.786893 -27.300940 393.545410
vn 1.859530 3.261274 2.651478
v -7.159589 -27.191555 393.078796
vn 2.319136 3.365816 2.101267
v -6.658600 -27.077612 392.479431
vn 2.638094 3.468846 1.458962
v -6.310933 -26.965252 391.779633
vn 2.799383 3.565036 0.759279
v -6.135332 -26.860531 391.017151
vn 2.794221 3.648961 0.039633
v -6.141263 -26.769096 390.233063
vn 2.622208 3.716118 -0.660983
v -6.328406 -26.695877 389.469635
vn 2.293511 3.762971 -1.304926
v -6.686673 -26.644821 388.768036
vn 1.825406 3.786976 -1.857403
v -7.196749 -26.618677 388.166077
vn 1.242960 3.786752 -2.288336
v -7.831136 -26.618860 387.696228
vn 0.578168 3.762424 -2.575202
v -8.555634 -26.645355 387.383820
vn -0.133578 3.715309 -2.702016
v -9.331185 -26.696737 387.245667
vn -0.853863 3.647853 -2.662027
v -10.115979 -26.770235 387.289246
vn -1.543809 3.563736 -2.457460
v -10.867707 -26.861887 387.512207
vn -2.166075 3.467712 -2.099212
v -11.545844 -26.966751 387.902496
vn -2.687416 3.364323 -1.606752
v -12.113832 -27.079174 388.439117
vn -3.079426 3.259801 -1.006491
v -12.541048 -27.193096 389.093109
vn -3.321117 3.159582 -0.330932
v -12.804463 -27.302376 389.829224
vn -3.281083 2.699035 -0.384931
v -12.835604 -26.945019 389.871155
vn -3.359454 2.608367 0.329595
v -12.921017 -27.043764 390.649719
vn -3.270262 2.532304 1.044534
v -12.823822 -27.126652 391.428741
vn -3.018299 2.474919 1.721374
v -12.549260 -27.189213 392.166229
vn -2.617117 2.439255 2.323591
v -12.112133 -27.228075 392.822449
vn -2.088272 2.427060 2.818780
v -11.536006 -27.241144 393.362000
vn -1.460628 2.439621 3.180201
v -10.851938 -27.227715 393.755768
vn -0.767533 2.475339 3.388294
v -10.096807 -27.188511 393.982605
vn -0.046631 2.533005 3.431962
v -9.311324 -27.125645 394.030212
vn 0.663199 2.609555 3.308904
v -8.537833 -27.042509 393.896027
vn 1.323809 2.700364 3.025569
v -7.818033 -26.943583 393.587311
vn 1.899513 2.800737 2.597324
v -7.190730 -26.834198 393.120697
vn 2.359303 2.905320 2.047293
v -6.689740 -26.720255 392.521332
vn 2.678357 3.008319 1.405027
v -6.342073 -26.607895 391.821564
vn 2.839520 3.104499 0.705257
v -6.166472 -26.503174 391.059052
vn 2.834071 3.188404 -0.014350
v -6.172403 -26.411739 390.274963
vn 2.662325 3.255584 -0.714986
v -6.359546 -26.338520 389.511536
vn 2.333543 3.302440 -1.358874
v -6.717813 -26.287464 388.809937
vn 1.865424 3.326408 -1.911307
v -7.227890 -26.261320 388.207977
vn 1.283199 3.326234 -2.342539
v -7.862277 -26.261503 387.738129
vn 0.618308 3.301939 -2.629232
v -8.586774 -26.287998 387.425720
vn -0.093446 3.254750 -2.756032
v -9.362326 -26.339380 387.287567
vn -0.813730 3.187294 -2.716022
v -10.147120 -26.412878 387.331146
vn -1.503644 3.103188 -2.511389
v -10.898848 -26.504530 387.554108
vn -2.125968 3.007189 -2.153212
v -11.576984 -26.609394 387.944427
vn -2.647245 2.903807 -1.660738
v -12.144972 -26.721817 388.481018
vn -3.039327 2.799244 -1.060526
v -12.572188 -26.835739 389.135010
vn -3.382860 3.513005 0.438407
v -12.522517 -27.009157 390.650726
vn -3.287872 3.435858 1.167127
v -12.430276 -27.084770 391.364044
vn -3.020924 3.378642 1.853772
v -12.169701 -27.140905 392.036346
vn -2.597576 3.344597 2.458376
v -11.755935 -27.174301 392.628571
vn -2.042388 3.335578 2.945948
v -11.213025 -27.183014 393.106293
vn -1.387631 3.353108 3.288013
v -10.572524 -27.166540 393.441772
vn -0.671355 3.394104 3.464776
v -9.871654 -27.125835 393.615448
vn 0.064718 3.458312 3.465911
v -9.151148 -27.063267 393.617310
vn 0.778036 3.541220 3.291330
v -8.452879 -26.982471 393.447205
vn 1.426942 3.637355 2.951267
v -7.817427 -26.888142 393.114990
vn 1.973669 3.742130 2.465511
v -7.281723 -26.785761 392.640045
vn 2.386698 3.848990 1.862059
v -6.876901 -26.681280 392.049927
vn 2.641858 3.951425 1.176261
v -6.626487 -26.580770 391.378906
vn 2.724322 4.044101 0.447824
v -6.545033 -26.490074 390.666046
vn 2.629349 4.121209 -0.280903
v -6.637274 -26.414461 389.952728
vn 2.362436 4.178419 -0.967572
v -6.897850 -26.358326 389.280426
vn 1.939122 4.212320 -1.572223
v -7.311615 -26.324932 388.688202
vn 1.383970 4.220870 -2.059880
v -7.854525 -26.316217 388.210480
vn 0.729089 4.204400 -2.401796
v -8.495027 -26.332691 387.875000
vn 0.012916 4.162066 -2.578787
v -9.195896 -26.373396 387.701324
vn -0.723340 4.098637 -2.579699
v -9.916403 -26.435965 387.699463
vn -1.436493 4.016291 -2.405075
v -10.614672 -26.516762 387.869568
vn -2.085472 3.919231 -2.065179
v -11.250123 -26.611092 388.201782
vn -2.632263 3.815104 -1.579211
v -11.785827 -26.713470 388.676727
vn -3.045226 3.708447 -0.975840
v -12.190649 -26.817951 389.266846
vn -3.300408 3.605576 -0.290037
v -12.441064 -26.918461 389.937866
vn 1.036032 -3.370803 -3.397563
v -8.853552 -26.251444 387.777557
vn 0.304707 -3.424191 -3.487478
v -9.569586 -26.303602 387.690247
vn -0.425454 -3.497196 -3.400579
v -10.284039 -26.375929 387.776123
vn -1.111652 -3.587962 -3.141635
v -10.955391 -26.464222 388.030151
vn -1.714050 -3.689011 -2.726018
v -11.544625 -26.563351 388.437622
vn -2.197844 -3.795189 -2.177658
v -12.017497 -26.667555 388.974823
vn -2.534659 -3.900852 -1.528448
v -12.346525 -26.770777 389.610535
vn -2.705048 -3.999195 -0.816240
v -12.512588 -26.867018 390.307831
vn -2.699110 -4.084771 -0.082315
v -12.506033 -26.950687 391.026154
vn -2.517172 -4.152491 0.630658
v -12.327243 -27.016918 391.723785
vn -2.169848 -4.198388 1.281241
v -11.986608 -27.061865 392.360168
vn -1.677169 -4.220262 1.831513
v -11.503924 -27.082914 392.898346
vn -1.068051 -4.216048 2.249683
v -10.907244 -27.078844 393.307007
vn -0.377510 -4.186521 2.511405
v -10.231243 -27.049889 393.562408
vn 0.353869 -4.133512 2.601277
v -9.515210 -26.997732 393.649719
vn 1.083946 -4.059772 2.514272
v -8.800756 -26.925406 393.563873
vn 1.770243 -3.969366 2.255454
v -8.129404 -26.837111 393.309814
vn 2.372624 -3.868016 1.839869
v -7.540170 -26.737982 392.902344
vn 2.856310 -3.761841 1.291405
v -7.067298 -26.633778 392.365173
vn 3.193213 -3.656118 0.642258
v -6.738271 -26.530556 391.729431
vn 3.363569 -3.557925 -0.069980
v -6.572208 -26.434315 391.032166
vn 3.357640 -3.472394 -0.803921
v -6.578763 -26.350647 390.313812
vn 3.175680 -3.404713 -1.516885
v -6.757553 -26.284414 389.616180
vn 2.828318 -3.358664 -2.167423
v -7.098187 -26.239468 388.979797
vn 2.335705 -3.337418 -2.717750
v -7.580871 -26.218418 388.441620
vn 1.726566 -3.341338 -3.135880
v -8.177551 -26.222490 388.032959
vn 3.482632 -0.262719 -3.303089
v -8.459983 -22.380686 383.723877
vn 2.864843 -0.411627 -3.025653
v -12.581295 -22.712177 383.714050
vn 1.407203 -3.516702 -4.475154
v -8.523252 -21.885221 383.538666
vn 2.952962 -1.353610 -2.649487
v -12.626146 -22.194363 383.506622
vn 2.496740 -2.294405 -1.631924
v -8.197943 -21.856913 383.538971
vn 3.502056 -1.718481 -2.594064
v -8.234642 -21.592941 383.353699
vn 3.022529 -2.127870 -1.981585
v -12.662559 -21.771690 383.141663
vn 3.245757 -3.138067 -1.461365
v -8.274411 -21.336031 383.078400
vn 2.136008 -3.039729 1.393238
v -7.886093 -21.137968 382.813293
vn 3.063829 -2.640995 -1.101218
v -12.686586 -21.489965 382.658722
vn 2.152329 -3.206762 1.964365
v -7.465831 -20.988583 382.522766
vn 3.079628 -2.841838 -0.101483
v -12.695625 -21.379717 382.110138
vn 2.149652 -3.263613 2.523225
v -7.027773 -20.892904 382.216644
vn 2.149201 -3.215809 3.103980
v -6.586666 -20.854155 381.905182
vn 3.066816 -2.708347 0.910419
v -12.688696 -21.452892 381.555359
vn 2.138524 -3.066969 3.651612
v -6.157356 -20.873636 381.598907
vn 2.125185 -2.820532 4.165717
v -5.754295 -20.950693 381.308075
vn 3.029689 -2.256347 1.821800
v -12.666550 -21.701561 381.054504
vn 2.109513 -2.488000 4.622326
v -5.391052 -21.082733 381.042542
vn 1.499104 -4.714986 3.086513
v -8.777648 -21.587101 380.807465
vn 1.753771 -3.222802 2.338980
v -5.079854 -21.265312 380.811188
vn 2.775280 0.602430 -3.075332
v -12.532865 -23.269024 383.741486
vn 3.401582 0.687987 -3.339342
v -8.406936 -22.909979 383.745667
vn 3.319972 1.604548 -3.084101
v -8.369312 -23.421196 383.601868
vn 2.691365 1.578086 -2.792292
v -12.486104 -23.804558 383.585968
vn 0.698000 4.624514 -3.531400
v -8.350801 -23.864210 383.306580
vn 2.625114 2.409412 -2.208172
v -12.446080 -24.260748 383.264282
vn 2.035065 2.998851 -1.011629
v -8.025494 -23.835901 383.306915
vn 3.103988 2.849861 -2.057552
v -8.020322 -24.051573 383.066589
vn 2.574829 3.009721 -1.379120
v -12.417130 -24.588156 382.811371
vn 2.630686 3.910643 -0.656677
v -8.021158 -24.242292 382.737579
vn 1.613427 2.957250 2.096470
v -7.610122 -24.304934 382.441895
vn 2.545573 3.306288 -0.403794
v -12.402392 -24.751303 382.276276
vn 1.612477 2.988854 2.690931
v -7.176432 -24.309649 382.133301
vn 2.546875 3.271857 0.615474
v -12.403461 -24.732510 381.716949
vn 1.611217 2.914742 3.247807
v -6.734688 -24.256277 381.822205
vn 1.630613 2.735345 3.801863
v -6.299759 -24.146616 381.519073
vn 2.577279 2.909376 1.569226
v -12.420223 -24.533813 381.194061
vn 1.656464 2.465229 4.300375
v -5.886286 -23.984356 381.234100
vn 1.695649 2.108630 4.743784
v -5.508188 -23.774960 380.976868
vn 2.636109 2.260672 2.351506
v -12.450862 -24.176744 380.764252
vn 1.746085 1.682557 5.111384
v -5.178191 -23.525475 380.756073
vn 0.734057 4.064949 4.116104
v -8.605198 -23.566090 380.575378
vn 1.224570 2.850252 3.051171
v -4.907403 -23.244301 380.579102
vn 2.714503 1.390048 2.882515
v -12.492055 -23.699999 380.474091
vn 3.356879 0.951639 2.783189
v -8.668467 -23.070625 380.390137
vn 2.801239 0.396461 3.099789
v -12.539341 -23.155237 380.355042
vn 3.442386 -0.031408 2.826085
v -8.721514 -22.541332 380.368347
vn 2.889120 -0.613650 2.981313
v -12.587594 -22.601496 380.419952
vn 3.525091 -0.978182 2.556852
v -8.759137 -22.030113 380.512146
vn 2.969075 -1.530722 2.539986
v -12.631586 -22.098778 380.661865
vn 0.302254 3.926175 -2.571702
v -6.180897 -23.128334 378.643921
vn 1.469894 3.967282 -2.054271
v -6.560873 -23.141699 378.475555
vn 2.330322 3.931503 -1.110263
v -6.840866 -23.130072 378.168335
vn 1.705387 2.873775 2.790923
v -4.246112 -23.132271 380.115173
vn -2.972195 3.470057 -1.115588
v -5.115337 -22.979914 378.170074
vn -2.128958 3.654143 -2.057898
v -5.389729 -23.039785 378.476746
vn -0.970706 3.815468 -2.572954
v -5.766639 -23.092283 378.644348
vn -3.354511 3.295283 0.091032
v -4.990908 -22.923021 377.777405
vn 2.109383 2.835227 2.375445
v -3.712960 -23.029396 379.634094
vn 2.031746 3.311379 -1.742790
v -3.787637 -22.571316 375.672424
vn 2.471210 3.277948 -1.130864
v -3.364875 -22.603506 376.261078
vn 2.525624 2.944108 1.756137
v -3.312524 -22.924635 379.038330
vn 2.751564 3.220529 -0.433182
v -3.095184 -22.658714 376.932251
vn 2.779612 3.048604 1.053810
v -3.068220 -22.824116 378.362701
vn 2.856370 3.142570 0.309533
v -2.994333 -22.733713 377.646729
vn -3.209936 3.159859 1.353401
v -5.037958 -22.878948 377.366608
vn 1.458852 3.318965 -2.233109
v -4.338748 -22.564024 375.200745
vn 0.957816 3.429695 -2.505170
v -4.985984 -22.582060 374.873596
vn 1.679363 4.796730 -0.692033
v -7.726558 -22.704311 373.879608
vn -0.279169 3.167531 3.465341
v -5.991695 -22.881460 376.679352
vn -1.526710 3.089973 3.200206
v -5.585707 -22.856199 376.765625
vn -2.563366 3.087209 2.453174
v -5.248350 -22.855310 377.008728
vn 2.808150 3.342639 0.940597
v -7.313865 -22.354858 371.206390
vn 2.769893 3.636009 -0.172320
v -10.187880 -21.711384 363.583679
vn 2.734680 3.825185 0.097177
v -6.972462 -23.095461 377.775421
vn 2.782214 3.321451 1.072276
v -6.779033 -21.995672 368.540924
vn -3.065091 3.110676 1.718192
v -7.243531 -21.431175 363.382111
vn -3.366604 2.986888 0.825973
v -7.342160 -21.394823 362.998840
vn -2.325562 3.060966 2.691783
v -7.003329 -21.447327 363.698334
vn 2.755162 3.302464 1.185143
v -6.134406 -21.628332 365.887512
vn -1.266871 3.081364 3.305164
v -6.659493 -21.440725 363.897552
vn -0.056295 3.168414 3.461374
v -6.266334 -21.412415 363.948273
vn 1.114827 3.308752 3.135772
v -5.885950 -21.366867 363.842529
vn 2.061635 3.479822 2.379749
v -5.578423 -21.311275 363.596985
vn 5.860220 0.479917 2.158410
v -5.392326 -21.254419 363.250458
vn 2.406735 3.900361 -0.995362
v -10.299639 -21.677217 363.209290
vn 0.061594 2.579802 -3.990013
v -7.976246 -20.016781 350.776703
vn 1.341094 3.717647 -2.254579
v -8.716852 -20.037004 350.398804
vn 1.645359 3.943881 -1.932461
v -10.546804 -21.663082 362.905090
vn 1.760029 3.717479 -1.944978
v -9.385621 -20.037300 349.904388
vn 0.583900 3.919091 -2.509163
v -10.891355 -21.671152 362.717865
vn 2.122331 3.705233 -1.570852
v -9.964051 -20.017662 349.307129
vn -0.614244 3.829518 -2.636854
v -11.280289 -21.700186 362.676453
vn 2.417962 3.681237 -1.142556
v -10.436136 -19.978634 348.623535
vn -1.764773 3.689413 -2.295648
v -11.653778 -21.745718 362.787170
vn 1.119366 3.367395 -3.933901
v -12.580257 -19.983675 347.073273
vn -2.690848 3.519759 -1.538252
v -11.954367 -21.800743 363.033051
vn 2.691632 3.467091 1.313565
v -15.845902 -22.273739 364.174744
vn -3.175477 3.192162 -0.805547
v -12.135818 -21.856798 363.376221
vn -3.362751 3.186411 -0.057422
v -13.879574 -22.701134 369.280365
vn 2.208399 3.535183 2.178307
v -16.006113 -22.332163 364.553894
vn 1.281255 3.353594 3.038368
v -16.307802 -22.391273 364.833771
vn 2.638733 3.646107 -0.672039
v -10.788817 -19.921295 347.872498
vn 1.560358 2.577465 -1.655586
v -11.012334 -19.847231 347.074860
vn -3.401538 2.847138 0.362537
v -17.756178 -22.891003 368.018860
vn 0.079743 3.201099 3.444647
v -16.698826 -22.440853 364.965973
vn -1.188668 3.104505 3.327006
v -17.111601 -22.472332 364.927704
vn -2.304827 3.080101 2.705668
v -17.474781 -22.480270 364.725525
vn -3.075527 3.132188 1.688129
v -17.725597 -22.463295 364.394379
vn -6.235332 -0.375964 0.423076
v -17.820696 -22.424341 363.991547
vn -3.401794 2.855106 0.315357
v -17.748526 -23.354094 371.973450
vn -0.915371 3.107034 3.398231
v -15.678765 -23.785229 377.187866
vn -2.083807 3.065750 2.880520
v -15.298789 -23.771864 377.356232
vn -3.401502 2.867172 0.263571
v -17.804304 -23.813925 375.853119
vn 1.517216 3.380852 2.883899
v -16.469933 -23.873777 377.355042
vn 0.358299 3.218458 3.399460
v -16.093023 -23.821280 377.187439
vn -2.259575 1.954320 1.554217
v -17.930082 -24.270805 379.655640
vn 2.742307 3.743289 0.733875
v -16.868753 -23.990541 378.054382
vn 2.360481 3.566477 1.940864
v -16.744326 -23.933649 377.661713
vn -4.354041 1.832724 1.611170
v -13.784869 -23.910082 379.659821
vn -0.333562 3.872497 -2.640638
v -15.867967 -24.032103 379.152435
vn 0.913951 3.952385 -2.374562
v -16.273954 -24.057364 379.066162
vn 1.949718 3.955366 -1.628045
v -16.611311 -24.058250 378.823059
vn -2.944765 3.101603 1.935833
v -15.018796 -23.783491 377.663452
vn -3.349340 3.208619 0.727652
v -14.887199 -23.818102 378.056366
vn -3.227550 3.368234 -0.535101
v -14.926753 -23.869713 378.467072
vn 2.596898 3.880839 -0.528714
v -16.821705 -24.034615 378.465179
vn -2.600540 3.553076 -1.633890
v -15.130619 -23.929399 378.824554
vn -1.576788 3.731403 -2.378649
v -15.463545 -23.986839 379.066986
vn 2.613135 3.666555 1.359249
v -6.932909 -23.043850 377.364716
vn 1.986701 3.483171 2.457731
v -6.729043 -22.984163 377.007233
vn 0.963586 3.306705 3.202723
v -6.396117 -22.926723 376.764801
vn 2.226252 -3.103534 2.089964
v -4.090907 -24.913361 379.906311
vn 5.677572 -0.608333 0.898008
v -7.906355 -25.559748 382.583099
vn 6.241889 0.319924 -0.602825
v -7.764104 -25.923971 384.071075
vn 2.826369 3.468462 -0.013309
v -7.799604 -24.069801 385.469299
vn 4.396427 -1.736549 0.671135
v -7.600257 -25.884714 385.581635
vn 2.012404 -0.263951 2.457339
v -7.583012 -26.082613 385.558411
vn 4.232762 1.739148 -3.859540
v -7.449037 -24.291651 387.621552
vn 2.884785 -3.415753 -1.869621
v -7.293832 -26.072742 387.412689
vn 6.260544 0.427736 -0.229880
v -7.889110 -25.757647 382.559875
vn 1.158933 4.714731 1.988031
v -8.200431 -24.040426 384.920959
vn 0.914572 3.748479 -2.462971
v -8.158053 -24.307520 387.230042
vn 1.443698 1.508780 1.744049
v -9.751978 -24.175446 384.919403
vn -0.145330 6.191488 0.722508
v -9.742916 -24.291134 385.912628
vn 0.311233 3.718119 -2.651930
v -8.930216 -24.346443 386.988159
vn 1.564965 1.985388 -1.356390
v -9.733853 -24.406822 386.905884
vn 1.985964 -4.776450 0.874996
v -8.372880 -22.061438 385.153046
vn 4.738844 0.078148 -0.947850
v -0.143922 -26.185211 349.862488
vn 1.734924 2.008698 -0.274257
v -0.408997 -23.143284 350.219208
vn 5.759006 -0.085329 2.494071
v -0.312705 -26.188091 350.254150
vn 5.750574 -0.082307 2.513143
v -0.651945 -26.072826 351.038269
vn 2.280568 3.174532 1.599764
v -0.961143 -23.474648 351.538422
vn 5.748139 -0.075151 2.518167
v -0.993091 -25.828831 351.825623
vn 5.750640 -0.071300 2.511938
v -1.333665 -25.494574 352.613708
vn 2.654080 3.228904 1.576339
v -1.509679 -23.737095 352.875305
vn 5.773805 -0.022105 2.464586
v -1.671964 -25.107758 353.402191
vn 3.022846 3.245056 1.546045
v -2.050844 -23.935759 354.225189
vn 5.799991 -0.047279 2.400984
v -2.335614 -24.326342 354.981781
vn 3.214334 3.224931 1.512502
v -2.582505 -24.074713 355.586578
vn 2.897207 0.498477 -1.983207
v -3.458327 -14.389856 356.804504
vn 5.807897 0.494314 2.331242
v -3.745289 -14.904051 357.609467
vn 2.899034 0.471752 -1.986571
v -2.617166 -24.042803 355.672485
vn 5.852778 -0.017439 2.270601
v -2.971493 -23.783918 356.568115
vn 5.880934 -0.014793 2.196757
v -3.274342 -23.695906 357.364929
vn 5.834972 0.513732 2.258389
v -4.012671 -15.223041 358.358551
vn 5.861746 0.549090 2.179502
v -4.287813 -15.442275 359.134186
vn 5.911891 -0.026402 2.112015
v -3.567282 -23.710901 358.164520
vn 5.921591 0.568698 2.008163
v -5.332881 -16.304619 362.280426
vn 5.970767 0.004340 1.941980
v -4.681001 -23.785431 361.403137
vn 5.898167 0.044461 2.107342
v -5.564776 -19.275431 363.482544
vn 5.995992 0.573780 1.775496
v -6.274522 -17.121515 365.503693
vn 3.301440 -2.966449 0.449988
v -6.306856 -19.649342 366.119568
vn 6.039691 0.605860 1.608043
v -6.699322 -17.499552 367.145416
vn 3.329066 -2.954106 0.336336
v -6.951483 -20.016682 368.772980
vn 6.066388 0.645274 1.483725
v -7.089066 -17.850216 368.806702
vn 6.102114 0.676084 1.314660
v -7.440482 -18.168568 370.487946
vn 3.355607 -2.939736 0.203860
v -7.486315 -20.375868 371.438477
vn 6.136171 0.707637 1.125100
v -7.750059 -18.450193 372.190277
vn 2.459040 -4.150757 -1.741311
v -7.899007 -20.725321 374.111694
vn 5.058066 1.867836 -0.636003
v -8.054213 -18.944231 374.320557
vn 6.198719 0.624642 0.771238
v -8.071458 -18.746332 374.343781
vn 6.040275 0.065600 1.715895
v -5.683533 -23.903551 364.708374
vn 6.085444 0.080792 1.546475
v -6.133672 -23.990803 366.384186
vn 6.115980 0.076119 1.416991
v -6.544213 -24.102800 368.073456
vn 6.153055 0.091540 1.246098
v -6.911084 -24.243795 369.775482
vn 6.188098 0.110435 1.055692
v -7.230049 -24.417694 371.490479
vn 5.288850 -0.780621 -0.946587
v -7.571352 -24.485403 373.670746
vn 6.228930 0.281046 0.728300
v -7.554108 -24.683302 373.647552
vn -0.297846 1.862539 -2.124959
v -1.930905 -23.311708 348.919159
vn 1.513904 3.542992 -2.103307
v -1.157564 -23.286417 349.568329
vn 0.015443 -1.383262 -2.278669
v -1.664930 -26.363968 348.561218
vn 2.393346 -2.639742 -2.158717
v -0.212508 -26.285845 349.786224
vn 3.169342 -2.263892 -1.516511
v -0.174948 -26.270741 349.820404
vn 4.197639 -1.170545 -0.977142
v -0.149946 -26.234055 349.848206
vn -2.495880 -0.747186 -2.822619
v -18.918312 -16.442518 346.638458
vn -3.126272 -1.549692 -2.732112
v -18.856901 -16.972816 346.907776
vn -3.153654 0.226307 -2.864462
v -19.194233 -13.276134 347.009766
vn -3.150280 -1.221025 -2.856082
v -18.801291 -17.481287 347.096252
vn -6.261760 -0.290797 0.320158
v -19.103474 -13.483801 348.593567
vn -3.183191 -0.883682 -2.940585
v -18.746590 -18.008295 347.228088
vn -3.253749 -0.474700 -2.990519
v -18.689575 -18.587761 347.304535
vn -6.262119 -0.290081 0.315631
v -19.009890 -13.750375 350.185028
vn -3.294282 0.009529 -2.980809
v -18.603828 -19.525908 347.283234
vn -6.212188 -0.863064 0.248423
v -17.960825 -25.789162 348.773254
vn -3.334629 0.476535 -2.897063
v -18.555462 -20.098875 347.181335
vn -6.211873 -0.863336 0.253057
v -18.039375 -25.695097 347.161530
vn -3.377800 0.935702 -2.735569
v -18.486948 -20.988401 346.877563
vn -3.375811 1.309346 -2.548482
v -18.450872 -21.513653 346.602142
vn -3.396280 1.599078 -2.351252
v -18.423162 -21.964098 346.296112
vn -3.125465 -0.097193 -2.902411
v -18.125044 -25.545874 345.570892
vn -2.638575 0.944390 -2.620031
v -18.400963 -22.379488 345.942230
vn -6.263680 -0.285465 0.293658
v -18.820818 -14.409826 353.390289
vn -6.213372 -0.862743 0.226024
v -17.822952 -25.861067 352.047424
vn -6.217177 -0.852182 0.162360
v -17.616049 -25.814203 358.732697
vn -6.266894 -0.281629 0.229305
v -18.475216 -15.954624 359.888916
vn -6.230677 -0.778588 0.085788
v -17.546062 -25.816034 362.120453
vn -6.269228 -0.321603 0.145747
v -18.338791 -16.718889 363.187286
vn -6.198303 -0.800899 0.373238
v -17.993147 -20.445353 364.223633
vn -6.222555 -0.829471 0.029516
v -17.500435 -25.893856 365.526764
vn -6.223499 -0.821487 -0.057561
v -17.482038 -26.082972 368.943726
vn -6.203434 -0.912101 -0.176627
v -17.495348 -26.409945 372.366241
vn -6.218255 -0.809245 -0.293476
v -17.590149 -26.976919 377.130585
vn -3.468506 1.239734 2.580144
v -17.903364 -24.728251 379.846375
vn -3.546598 1.830639 2.151640
v -17.883938 -25.189299 380.166138
vn -6.212686 -0.774581 -0.460531
v -17.796064 -27.539591 381.775635
vn -3.537317 2.304694 1.639604
v -17.877804 -25.629765 380.669128
vn -3.533521 2.572030 1.144017
v -17.881390 -25.779379 380.926178
vn -3.561734 2.744705 0.642552
v -17.896280 -25.959570 381.392487
vn -3.541395 2.844072 0.137931
v -17.914316 -26.031708 381.756348
vn -3.570427 2.854105 -0.384338
v -17.938011 -26.049522 382.127899
vn -3.607308 2.753490 -1.015138
v -17.978155 -25.985722 382.627838
vn -3.554458 2.545793 -1.649932
v -18.037489 -25.772800 383.207611
vn -3.512460 2.243607 -2.155459
v -18.075220 -25.586863 383.512054
vn -6.199852 -0.756309 -0.633220
v -18.125481 -28.098543 386.297211
vn -3.502774 1.815861 -2.608246
v -18.135733 -25.220497 383.920380
vn -2.287453 2.382020 -1.232273
v -18.189301 -24.827127 384.206940
vn -3.387732 2.894129 0.035972
v -18.478109 -25.257395 387.661346
vn -6.193732 -0.733892 -0.710391
v -18.171509 -28.219229 386.847534
vn -6.185743 -0.726955 -0.781087
v -18.212412 -28.423325 387.386078
vn -6.174650 -0.732985 -0.857675
v -18.288635 -28.970505 388.440765
vn -3.381792 2.753583 0.143904
v -18.849455 -25.685875 391.039215
vn -6.167294 -0.743994 -0.893572
v -18.373735 -29.517532 389.487335
vn -6.166883 -0.758703 -0.879519
v -18.425739 -29.721409 390.015717
vn -6.104733 -1.080146 -0.556723
v -18.487310 -29.841755 390.551849
vn -6.271049 -0.271501 0.092272
v -18.238958 -17.418756 366.520660
vn -2.857874 -3.391812 -0.369106
v -17.928629 -20.912012 368.250916
vn -6.272286 -0.261692 0.008185
v -18.184729 -18.019075 369.889374
vn -2.857710 -3.388662 -0.416852
v -17.920975 -21.375103 372.205536
vn -6.270345 -0.144315 -0.088680
v -18.185148 -18.493984 373.294556
vn -2.856400 -3.388281 -0.470008
v -17.976755 -21.834934 376.085205
vn -6.269731 -0.218232 -0.224797
v -18.279949 -19.060959 378.058899
vn -1.861755 -2.615672 1.017974
v -18.102533 -22.291815 379.887695
vn -3.154430 -2.374204 2.154695
v -18.150629 -21.891371 380.180115
vn -3.076307 -2.786320 1.703953
v -18.203985 -21.518597 380.599823
vn -3.070083 -3.087702 1.209191
v -18.230797 -21.363695 380.850525
vn -6.261682 -0.211977 -0.394904
v -18.485865 -19.623631 382.703949
vn -3.093197 -3.307186 0.555979
v -18.286705 -21.129339 381.473297
vn -3.027372 -3.385336 -0.078029
v -18.322725 -21.066690 381.967468
vn -3.000679 -3.361004 -0.591131
v -18.345499 -21.084360 382.337585
vn -3.038282 -3.255298 -1.102597
v -18.364443 -21.156851 382.702881
vn -3.050714 -3.060833 -1.617362
v -18.383099 -21.340183 383.174408
vn -3.090176 -2.764187 -2.125155
v -18.390926 -21.526461 383.483032
vn -3.155096 -2.341717 -2.692545
v -18.392872 -21.944427 383.942444
vn -3.191960 -1.740200 -3.026260
v -18.381781 -22.397911 384.252441
vn -6.249414 -0.187741 -0.566335
v -18.815279 -20.182585 387.225525
vn -1.871352 -2.389331 -1.792052
v -18.361752 -22.848137 384.439026
vn -2.842787 -3.359495 -0.697394
v -18.650560 -23.278404 387.893433
vn -2.859004 -3.246036 -0.557728
v -19.021904 -23.706886 391.271271
vn -6.225075 -0.154369 -0.789819
v -19.081905 -19.867151 389.508331
vn -6.233441 -0.179572 -0.716894
v -18.934551 -20.136253 388.357910
vn -6.241079 -0.190540 -0.646683
v -18.870205 -20.201172 387.787811
vn -6.207094 0.114231 -0.368889
v -19.383987 -19.551003 391.758667
vn -6.222286 -0.123036 -0.804556
v -19.313587 -19.532701 391.210571
vn -6.220428 -0.134312 -0.822056
v -19.238140 -19.597845 390.650635
vn 0.916246 -3.120048 -3.397977
v -6.353347 -21.149343 378.876007
vn -0.356811 -3.230655 -3.399263
v -5.939089 -21.113295 378.876404
vn -1.514932 -3.392006 -2.884255
v -5.562179 -21.060795 378.708801
vn 3.345706 -2.971800 -0.947221
v -10.360330 -19.732393 363.815765
vn 3.348691 -3.220948 -0.729083
v -7.144912 -21.116470 378.007477
vn 2.944291 -3.114641 -1.936596
v -7.013316 -21.151081 378.400421
vn 3.016582 -3.098060 -1.816066
v -10.472089 -19.698227 363.441376
vn -2.790337 -3.626189 0.050452
v -7.514610 -19.415833 363.230927
vn -2.454331 -3.898251 0.896256
v -7.415981 -19.452185 363.614197
vn -1.714688 -3.948049 1.869875
v -7.175778 -19.468336 363.930420
vn -0.656135 -3.927581 2.483263
v -6.831944 -19.461735 364.129608
vn 0.554453 -3.840579 2.639372
v -6.438784 -19.433424 364.180359
vn 2.255210 -3.054483 -2.753151
v -10.719254 -19.684092 363.137177
vn 1.910369 -2.815701 -3.020769
v -8.889301 -18.058014 350.630890
vn 0.422228 -1.545141 -4.473306
v -8.148696 -18.037792 351.008759
vn 2.329268 -2.815130 -2.711056
v -9.558071 -18.058311 350.136475
vn 1.193874 -3.079346 -3.329872
v -11.063805 -19.692162 362.949951
vn 2.691624 -2.827504 -2.336928
v -10.136500 -18.038673 349.539215
vn -0.004383 -3.168916 -3.457512
v -11.452739 -19.721195 362.908508
vn 2.987313 -2.852355 -1.908746
v -10.608586 -17.999645 348.855591
vn -1.154976 -3.309042 -3.116391
v -11.826227 -19.766727 363.019257
vn 1.599293 -2.115442 -4.581072
v -12.752707 -18.004684 347.305328
vn -2.080937 -3.478628 -2.359006
v -12.126817 -19.821753 363.265106
vn 3.269513 -3.164496 0.535866
v -16.018353 -20.294748 364.406799
vn -2.599666 -3.415630 -1.580444
v -12.308268 -19.877808 363.608276
vn -2.770177 -3.613847 -0.854888
v -14.052024 -20.722143 369.512451
vn -3.944295 -2.869073 1.059785
v -13.957319 -21.931091 379.891907
vn -2.332991 -3.918988 1.112531
v -15.191246 -21.804501 377.895538
vn -1.472022 -3.954651 2.057230
v -15.471239 -21.792873 377.588318
vn -0.303586 -3.913718 2.574914
v -15.851215 -21.806240 377.419952
vn 0.279357 -3.161163 -3.465476
v -16.040417 -22.053112 379.384521
vn -0.964219 -3.298266 -3.203058
v -15.635995 -22.007849 379.299072
vn -1.988279 -3.473120 -2.457830
v -15.303068 -21.950409 379.056641
vn 3.354962 -3.287408 -0.090616
v -17.041203 -22.011551 378.286438
vn 3.209956 -3.154039 -1.353628
v -16.994154 -22.055626 378.697235
vn 2.563119 -3.083521 -2.453453
v -16.783762 -22.079262 379.055145
vn 2.129197 -3.642863 2.060283
v -16.642384 -21.894789 377.587128
vn 2.972777 -3.460364 1.116879
v -16.916775 -21.954659 377.893768
vn 0.970201 -3.803431 2.575992
v -16.265472 -21.842289 377.419525
vn -2.461530 -3.913779 0.861901
v -17.898048 -20.484306 364.626465
vn -1.690779 -3.965898 1.879429
v -17.647232 -20.501280 364.957581
vn -0.574783 -3.941474 2.500714
v -17.284050 -20.493341 365.159760
vn 0.693721 -3.844838 2.618330
v -16.871275 -20.461863 365.198059
vn 1.895334 -3.692399 2.212052
v -16.480251 -20.412283 365.065826
vn 2.822411 -3.510765 1.352021
v -16.178562 -20.353174 364.785950
vn 1.943115 -1.822840 -2.171728
v -11.184784 -17.868240 347.306915
vn 3.208209 -2.889129 -1.438433
v -10.961267 -17.942305 348.104584
vn 1.725625 -3.700158 2.313878
v -6.058400 -19.387877 364.074585
vn 2.672420 -3.529127 1.557885
v -5.750872 -19.332285 363.829071
vn 1.478687 -2.547632 -3.206137
v -5.158434 -20.603071 375.105682
vn 0.334859 -3.878684 2.638976
v -6.164145 -20.902470 376.911407
vn 1.577677 -3.739455 2.376405
v -6.568567 -20.947733 376.996887
vn 2.600688 -3.562927 1.631478
v -6.901493 -21.005175 377.239319
vn 1.958822 -2.418508 -2.905954
v -4.511198 -20.585035 375.432831
vn -2.595921 -3.886303 0.527088
v -5.210408 -20.899958 377.598694
vn -1.949409 -3.958906 1.626875
v -5.420800 -20.876322 377.240814
vn -0.912813 -3.956135 2.373892
v -5.758157 -20.877211 376.997711
vn 2.531694 -2.426086 -2.415652
v -3.960087 -20.592325 375.904510
vn -2.740505 -3.750856 -0.735275
v -5.163358 -20.944033 378.009491
vn 2.609344 -2.902254 1.702608
v -3.885410 -21.050406 379.866180
vn 2.226255 -3.103536 2.089964
v -4.418562 -21.153280 380.347260
vn 2.971160 -2.459499 -1.803707
v -3.537325 -20.624516 376.493134
vn 3.025593 -2.793344 1.083305
v -3.484974 -20.945646 379.270416
vn 3.251547 -2.516934 -1.106008
v -3.267634 -20.679726 377.164337
vn 3.279572 -2.688854 0.380969
v -3.240670 -20.845125 378.594788
vn 3.356302 -2.594890 -0.363319
v -3.166783 -20.754723 377.878784
vn -2.358145 -3.576032 -1.941933
v -5.287787 -21.000923 378.402161
vn 3.227139 -3.379579 0.532993
v -7.105358 -21.064859 377.596771
vn 2.083939 -3.078767 -2.880563
v -6.733323 -21.162710 378.707611
vn -2.615516 -3.655311 -1.358745
v -15.099203 -21.890722 378.699158
vn -2.737366 -3.813107 -0.095849
v -15.059649 -21.839113 378.288452
vn 1.527270 -3.085944 -3.199940
v -16.446405 -22.078373 379.298248
vn -0.018116 -1.347575 -2.501461
v -2.792657 -13.422463 350.078888
vn -1.672133 -3.095488 -2.654953
v -3.132955 -13.519484 350.445496
vn -0.266426 1.851375 -1.899360
v -3.058632 -10.370204 350.436829
vn -2.363336 3.301294 -1.705432
v -3.582196 -10.518621 350.973663
vn -1.190919 -3.002805 -2.884042
v -3.498508 -13.642675 350.766632
vn -1.988897 3.364824 -1.976310
v -4.183626 -10.660709 351.423889
vn -0.660444 -2.874808 -3.079319
v -3.901158 -13.805746 351.048859
vn -0.091697 -2.715131 -3.245201
v -4.331982 -14.016119 351.285278
vn -1.569581 3.425747 -2.190297
v -4.848927 -10.791080 351.777008
vn 0.498556 -2.513582 -3.360526
v -4.766425 -14.273988 351.461273
vn -1.120029 3.482167 -2.340544
v -5.561289 -10.904876 352.024567
vn 1.046823 -2.288303 -3.433676
v -5.179130 -14.568277 351.576996
vn 1.562955 -2.040920 -3.468535
v -5.555949 -14.891240 351.639160
vn -0.648469 3.532198 -2.418994
v -6.304872 -10.998739 352.161621
vn 2.031431 -1.772798 -3.475704
v -5.905901 -15.251084 351.659424
vn 2.456813 -1.494620 -3.461394
v -6.222796 -15.645403 351.644501
vn -0.169553 3.573930 -2.419340
v -7.065094 -11.070058 352.185181
vn 2.821337 -1.188869 -3.428650
v -6.500619 -16.070511 351.601654
vn 3.125565 -0.886814 -3.387435
v -6.734826 -16.521616 351.538696
vn 3.372063 -0.565732 -3.335797
v -6.920883 -16.994263 351.464172
vn 0.307257 3.614393 -2.367568
v -7.820037 -11.116700 352.094635
vn 3.560533 -0.251798 -3.281143
v -7.056621 -17.483173 351.385071
vn 3.716053 0.068992 -3.224144
v -7.141697 -17.981682 351.306122
vn 3.832350 0.383984 -3.169076
v -7.175782 -18.483109 351.232117
vn 3.948071 0.707711 -3.101173
v -7.158544 -18.980778 351.167816
vn 0.763947 3.642309 -2.247255
v -8.555334 -11.138289 351.891846
vn 1.329056 -2.843647 -3.007870
v -7.181847 -26.900064 350.043457
vn 1.764438 -2.826335 -2.816009
v -7.874316 -26.951025 349.726837
vn 2.168324 -2.820526 -2.579767
v -8.510175 -26.991995 349.309143
vn 2.525039 -2.825752 -2.286178
v -9.077559 -27.020462 348.798370
vn 2.825395 -2.841479 -1.948427
v -9.560739 -27.033382 348.209076
vn 3.064818 -2.867304 -1.576460
v -9.950568 -27.027803 347.553406
vn 3.241217 -2.901326 -1.185938
v -10.238257 -27.000921 346.845825
vn 3.346916 -2.939358 -0.784185
v -10.416396 -26.950359 346.104095
vn 3.069279 1.637993 -3.409556
v -10.993115 -20.360510 346.872345
vn 3.076086 1.925068 -3.087508
v -10.975241 -20.851208 346.616241
vn 3.063035 2.214031 -2.765938
v -10.956656 -21.309816 346.307068
vn 1.677340 -1.297863 -1.849364
v -10.480835 -26.874657 345.346375
vn 2.439378 1.436665 -2.845001
v -10.929205 -21.729282 345.949799
vn 0.873025 -2.867255 -3.120944
v -6.449742 -26.841850 350.250549
vn 3.777105 1.013727 -3.095312
v -7.089317 -19.475353 351.115753
vn 3.608132 1.308386 -3.078785
v -6.968696 -19.966999 351.073303
vn 3.398991 1.602299 -3.063706
v -6.798240 -20.448280 351.037354
vn 3.158986 1.883557 -3.048520
v -6.579510 -20.911760 351.004791
vn 0.390874 -2.898412 -3.165311
v -5.696252 -26.778517 350.343048
vn 2.859690 2.160947 -3.030055
v -6.314077 -21.350016 350.972473
vn 2.507729 2.407894 -3.006853
v -6.005118 -21.756752 350.934814
vn 2.096121 2.646246 -2.975808
v -5.658029 -22.126530 350.884460
vn -0.084492 -2.939646 -3.178040
v -4.935637 -26.711718 350.318939
vn 1.629296 2.843586 -2.934349
v -5.278261 -22.453718 350.814789
vn 1.121953 3.018791 -2.875167
v -4.872515 -22.734150 350.719421
vn -0.555986 -2.990290 -3.099588
v -4.189837 -26.643301 350.178925
vn 0.572126 3.159814 -2.794776
v -4.447433 -22.965038 350.592316
vn -0.005042 3.265275 -2.682840
v -3.992963 -23.150032 350.420380
vn -1.005563 -3.047424 -2.949411
v -3.473603 -26.573933 349.926147
vn -0.618567 3.331252 -2.536150
v -3.524499 -23.282574 350.198608
vn -1.424729 -3.109660 -2.735571
v -2.803015 -26.504238 349.565887
vn -1.202807 3.349101 -2.349438
v -3.068915 -23.356346 349.928864
vn -1.749261 3.337208 -2.144802
v -2.650074 -23.379082 349.624847
vn -1.798986 -3.174952 -2.464911
v -2.195292 -26.434372 349.107208
vn -2.228140 3.290632 -1.907674
v -2.275361 -23.361000 349.291382
vn 1.200199 3.656378 -2.057587
v -9.252537 -11.134916 351.581604
vn 1.603193 3.665066 -1.819162
v -9.894291 -11.108241 351.171844
vn 1.959589 3.663460 -1.525196
v -10.468317 -11.060486 350.669983
vn 2.259504 3.652273 -1.186903
v -10.958309 -10.995229 350.089874
vn 2.498439 3.632456 -0.814237
v -11.354510 -10.916533 349.442780
vn 2.674210 3.605450 -0.422876
v -11.647494 -10.828888 348.742310
vn 2.779889 3.567697 -0.021112
v -11.829199 -10.737409 348.005402
vn 3.233927 -0.262950 -3.632643
v -11.257488 -17.326635 347.228149
vn 3.296208 -0.611122 -3.384743
v -11.328736 -16.794584 347.091949
vn 3.339763 -0.963834 -3.138523
v -11.394871 -16.280977 346.896790
vn 1.393934 1.954529 -1.467951
v -11.894924 -10.646939 347.249420
vn 2.591408 -0.306961 -3.049516
v -11.446554 -15.792314 346.646027
vn 0.094327 -2.765602 -3.339988
v -15.957979 -27.351288 345.340851
vn -2.957251 -0.726313 -2.932142
v -18.012447 -26.052149 345.510895
vn -2.582253 -1.444106 -3.018746
v -17.771593 -26.512096 345.455139
vn -2.034063 -2.037904 -3.064436
v -17.418894 -26.894373 345.407379
vn -1.353052 -2.472940 -3.205475
v -16.978390 -27.172926 345.370941
vn -0.586130 -2.714305 -3.290722
v -16.480099 -27.328770 345.348236
vn -0.445827 3.433073 -2.613075
v -17.372068 -11.123571 347.243866
vn -3.096065 0.864744 -2.745572
v -19.170900 -12.758031 347.069916
vn -2.850710 1.636318 -2.657505
v -19.013229 -12.263401 347.126099
vn -2.412990 2.309414 -2.554628
v -18.731962 -11.825956 347.174469
vn -1.818827 2.874281 -2.578400
v -18.346270 -11.475507 347.211761
vn -1.106613 3.257070 -2.590444
v -17.882435 -11.235936 347.235443
vn 3.375907 -2.838111 -0.752896
v -7.972054 -22.090813 385.701355
vn 1.491312 -2.870114 -3.239129
v -8.330503 -22.328531 387.462128
vn 4.389358 -0.057854 -4.070271
v -7.621487 -22.312660 387.853638
vn 0.887993 -2.900580 -3.428115
v -9.102666 -22.367453 387.220245
vn 0.927771 -6.123412 -0.721675
v -9.915365 -22.312143 386.144714
vn 1.714531 -1.599815 1.379501
v -9.924428 -22.196455 385.151459
vn 1.853313 -1.323863 -1.744457
v -9.906303 -22.427832 387.137970
vn -3.777131 2.646779 -0.844413
v -13.730949 -24.606861 386.297546
vn 3.264846 3.259563 -0.837284
v -9.746011 -24.260084 386.301575
vn -0.927799 6.123392 0.721720
v -13.727854 -24.637911 385.908600
vn -3.755715 2.373974 1.497935
v -13.737885 -24.518316 385.537354
vn 3.286185 2.986756 1.505053
v -9.752947 -24.171541 385.541382
vn 3.352857 2.210274 2.420386
v -9.774579 -23.919514 385.244293
vn -3.728576 2.101541 -1.914773
v -13.746700 -24.429897 386.644928
vn 3.313361 2.714345 -1.907649
v -9.761763 -24.083122 386.648956
vn -3.648506 1.189625 -2.694195
v -13.772709 -24.133961 386.897888
vn 3.393567 1.802433 -2.687079
v -9.787771 -23.787184 386.901917
vn -3.548838 0.050050 -3.063999
v -13.805016 -23.764103 387.017883
vn 0.651834 0.779657 -6.164046
v -9.820078 -23.417328 387.021912
vn -3.445165 -1.143819 -2.967827
v -13.838702 -23.376635 386.986694
vn 3.596905 -0.531001 -2.960690
v -9.853765 -23.029858 386.990723
vn -3.352811 -2.210209 -2.420439
v -13.868641 -23.030540 386.809021
vn 3.689044 -1.597408 -2.413313
v -9.883702 -22.683764 386.813049
vn -3.286259 -2.986747 -1.505080
v -13.890272 -22.778513 386.511963
vn 3.755793 -2.373953 -1.497958
v -9.905334 -22.431736 386.515991
vn 0.145358 -6.191499 -0.722477
v -13.900304 -22.658920 386.140686
vn -3.264852 -3.259599 0.837279
v -13.897208 -22.689968 385.751740
vn 3.777133 -2.646814 0.844411
v -9.912271 -22.343193 385.755768
vn -3.313358 -2.714332 1.907652
v -13.881457 -22.866932 385.404358
vn 3.728620 -2.101463 1.914833
v -9.896519 -22.520157 385.408386
vn -3.393579 -1.802434 2.687079
v -13.855448 -23.162870 385.151398
vn 3.648365 -1.189670 2.694213
v -9.870510 -22.816093 385.155457
vn -3.493000 -0.662849 3.056871
v -13.823141 -23.532726 385.031403
vn 0.447624 -0.685940 6.181165
v -9.838203 -23.185951 385.035431
vn -3.596908 0.531004 2.960699
v -13.789454 -23.920197 385.062592
vn 3.445166 1.143816 2.967835
v -9.804517 -23.573420 385.066620
vn -3.689097 1.597465 2.413254
v -13.759517 -24.266289 385.240265
vn -0.765815 -3.247626 -3.289197
v -15.098455 -28.943182 378.513336
vn 0.231696 -3.144120 -3.385811
v -15.482870 -28.983459 378.571136
vn 0.742052 -3.033475 -3.104920
v -15.867702 -28.968281 378.480469
vn 1.117362 -2.866041 -2.534927
v -16.186878 -28.877998 378.262726
vn 1.531390 -2.814600 -1.577540
v -16.397198 -28.762255 377.947083
vn -1.787497 -3.407233 -2.671381
v -14.767110 -28.890797 378.312836
vn -2.489726 -3.579875 -1.707902
v -14.539441 -28.834299 378.000244
vn -2.765127 -3.739026 -0.545917
v -14.450222 -28.782322 377.623322
vn -2.571582 -3.860163 0.637062
v -14.513081 -28.742804 377.239624
vn -1.938700 -3.924604 1.660216
v -14.718416 -28.721779 376.907776
vn -0.963172 -3.922544 2.367186
v -15.034864 -28.722460 376.678436
vn 0.024981 -3.851564 2.553941
v -15.414095 -28.744741 376.586639
vn 0.553905 -3.679908 2.342799
v -15.804333 -28.748320 376.651855
vn 1.027630 -3.410162 1.883611
v -16.138355 -28.709570 376.862488
vn 1.443152 -3.115946 0.974007
v -16.370667 -28.670166 377.181458
vn 1.700131 -2.922147 -0.293336
v -16.464691 -28.680321 377.565796
vn 0.545294 -6.217014 -0.727845
v -10.564632 -29.080118 383.049988
vn 0.916268 -3.119898 -3.397994
v -5.749772 -28.075808 378.063721
vn 0.938795 -6.175331 -0.228292
v -4.393827 -28.034704 378.720795
vn -0.356690 -3.230718 -3.399285
v -5.335515 -28.039759 378.064148
vn -1.514930 -3.392026 -2.884261
v -4.958604 -27.987259 377.896545
vn 1.097231 -3.511078 2.557099
v -10.371848 -29.284639 384.937256
vn 1.448006 -3.515894 2.511551
v -11.308864 -29.398174 385.209137
vn 1.944130 -3.443950 2.264373
v -12.180738 -29.525072 385.643372
vn 0.256684 -6.226759 -0.747203
v -15.634376 -29.361015 381.678101
vn 2.387316 -3.366776 1.932736
v -12.959663 -29.661280 386.226074
vn 2.763460 -3.286779 1.527202
v -13.620795 -29.802458 386.938660
vn 0.265700 -6.224387 -0.766134
v -15.968203 -29.927412 386.259888
vn 3.060596 -3.206547 1.060672
v -14.143049 -29.944099 387.758392
vn 0.273354 -6.220132 -0.797731
v -16.070583 -30.001892 386.818909
vn 3.269231 -3.128571 0.548061
v -14.509766 -30.081690 388.659180
vn 0.274771 -6.214604 -0.835813
v -16.258762 -30.082539 387.366791
vn -0.302270 -3.926169 2.571699
v -15.748188 -30.325407 389.817200
vn 0.269563 -6.210255 -0.863822
v -16.780809 -30.253645 388.437958
vn 0.970703 -3.815435 2.572972
v -16.162445 -30.361456 389.816772
vn 2.128985 -3.654128 2.057888
v -16.539356 -30.413956 389.984375
vn -1.469898 -3.967292 2.054283
v -15.368213 -30.312040 389.985565
vn 3.382685 -3.055435 0.005720
v -14.709249 -30.210840 389.612244
vn -2.330315 -3.931504 1.110261
v -15.088220 -30.323669 390.292786
vn 3.397417 -2.989444 -0.549065
v -14.735139 -30.327429 390.587219
vn -2.734646 -3.825184 -0.097185
v -14.956623 -30.358280 390.685699
vn -2.613132 -3.666566 -1.359246
v -14.996177 -30.409891 391.096405
vn 3.312841 -2.932732 -1.098588
v -14.586607 -30.427742 391.552979
vn -1.986706 -3.483180 -2.457731
v -15.200042 -30.469576 391.453888
vn 3.012064 -2.860329 -1.082034
v -14.268392 -30.508575 392.478729
vn -0.963585 -3.306698 -3.202719
v -15.532969 -30.527018 391.696320
vn 0.507000 -6.229362 -0.092590
v -15.931046 -30.653263 392.477051
vn 0.279167 -3.167516 -3.465336
v -15.937389 -30.572281 391.781769
vn 0.409503 -6.234312 -0.086063
v -16.289169 -30.679941 392.438416
vn 1.526702 -3.089957 -3.200214
v -16.343378 -30.597540 391.695496
vn 0.277186 -6.240933 -0.128537
v -16.631836 -30.696571 392.325623
vn 2.563448 -3.087234 -2.453125
v -16.680735 -30.598429 391.452393
vn 0.155315 -6.243354 -0.198861
v -16.943474 -30.702333 392.143158
vn 0.049859 -6.241291 -0.293783
v -17.210274 -30.697042 391.899811
vn 3.209923 -3.159814 -1.353365
v -16.891127 -30.574793 391.094482
vn -0.031705 -6.234930 -0.409709
v -17.419817 -30.680857 391.606079
vn -0.086699 -6.224527 -0.538840
v -17.563101 -30.654587 391.275604
vn 3.354531 -3.295290 -0.091047
v -16.938177 -30.530718 390.683716
vn -0.112713 -6.210763 -0.674809
v -17.633144 -30.619350 390.923065
vn -0.093923 -6.202055 -0.772120
v -17.627329 -30.576788 390.564453
vn 0.221596 -6.218026 -0.809893
v -17.509869 -30.503334 390.025360
vn 2.972190 -3.470059 1.115604
v -16.813747 -30.473827 390.291046
vn 0.247210 -6.211423 -0.855887
v -17.311121 -30.423689 389.493896
vn 0.543904 -6.216866 -0.730164
v -10.306811 -27.909660 373.260712
vn 0.157477 -6.232471 -0.693528
v -15.330427 -28.219753 372.172058
vn 0.824293 -6.188469 -0.655557
v -10.162866 -27.770063 372.177307
vn 0.824230 -6.184060 -0.688170
v -10.164359 -27.771517 372.188568
vn 0.824793 -6.184110 -0.686990
v -10.193428 -27.799820 372.408325
vn 0.792765 -6.187097 -0.710930
v -10.296041 -27.899220 373.179688
vn 0.788210 -6.062859 -1.299063
v -4.887075 -27.667898 375.226410
vn 1.577592 -3.739534 2.376398
v -5.964992 -27.874199 376.184601
vn 2.600701 -3.562974 1.631435
v -6.297918 -27.931639 376.427032
vn 3.227144 -3.379546 0.532962
v -6.501783 -27.991325 376.784515
vn 0.912430 -6.052573 -1.251559
v -4.405672 -27.655554 375.478851
vn -1.949400 -3.958945 1.626830
v -4.817225 -27.802786 376.428528
vn -0.912694 -3.956221 2.373889
v -5.154582 -27.803675 376.185425
vn 0.334842 -3.878545 2.639045
v -5.560570 -27.828936 376.099152
vn 1.042419 -6.056331 -1.127070
v -4.008957 -27.664576 375.850586
vn -2.595956 -3.886259 0.527053
v -4.606833 -27.826422 376.786438
vn 1.134277 -6.066313 -0.974960
v -3.726252 -27.694296 376.314087
vn 1.182198 -6.082060 -0.805314
v -3.578450 -27.742517 376.835114
vn -2.740511 -3.750858 -0.735279
v -4.559783 -27.870497 377.197235
vn 1.183055 -6.102570 -0.629505
v -3.576477 -27.805677 377.375153
vn 1.136687 -6.126416 -0.459321
v -3.720478 -27.879105 377.894287
vn -2.358145 -3.576044 -1.941941
v -4.684212 -27.927387 377.589905
vn 1.045873 -6.151837 -0.306025
v -3.999810 -27.957376 378.354156
vn 3.348688 -3.220970 -0.729129
v -6.541337 -28.042934 377.195221
vn 2.944292 -3.114569 -1.936554
v -6.409741 -28.077547 377.588135
vn 2.083912 -3.078888 -2.880588
v -6.129748 -28.089174 377.895355
vn 0.957812 3.429761 -2.505164
v -4.727309 -25.550545 374.525482
vn 2.461953 0.275494 -5.704497
v -4.641084 -26.540041 374.409424
vn 3.005825 2.090377 -4.058386
v -7.467883 -25.672796 373.531494
vn 3.935415 -0.765844 -2.860970
v -7.767427 -26.085928 373.363586
vn 4.132092 -0.054907 -2.770781
v -7.576622 -25.401930 373.532959
vn 3.691567 -1.683172 -2.955014
v -8.115287 -26.695017 373.149384
vn 1.705391 2.873792 2.790923
v -3.987437 -26.100756 379.767059
vn 3.930850 -0.826709 4.746856
v -3.901212 -27.090250 379.651031
vn 2.109382 2.835241 2.375448
v -3.454285 -25.997881 379.285980
vn 4.690957 -0.659029 3.939831
v -3.368060 -26.987375 379.169952
vn 2.525628 2.944118 1.756137
v -3.053849 -25.893120 378.690216
vn 5.509438 -0.444931 2.722069
v -2.967624 -26.882616 378.574188
vn 2.779597 3.048609 1.053808
v -2.809545 -25.792601 378.014587
vn 6.008811 -0.239451 1.341061
v -2.723320 -26.782095 377.898560
vn 2.856397 3.142577 0.309536
v -2.735658 -25.702198 377.298615
vn 6.159840 -0.054671 -0.122466
v -2.649433 -26.691692 377.182556
vn 2.751560 3.220527 -0.433188
v -2.836509 -25.627199 376.584137
vn 5.953721 0.098658 -1.582803
v -2.750284 -26.616695 376.468109
vn 2.471219 3.277956 -1.130861
v -3.106200 -25.571991 375.912964
vn 5.402411 0.211452 -2.954755
v -3.019975 -26.561485 375.796906
vn 2.031742 3.311370 -1.742798
v -3.528962 -25.539801 375.324310
vn 4.538336 0.277261 -4.157944
v -3.442737 -26.529295 375.208282
vn 1.458869 3.319005 -2.233094
v -4.080073 -25.532509 374.852631
vn 3.411837 0.292077 -5.122022
v -3.993848 -26.522005 374.736572
vn 4.206423 0.905799 3.910278
v -7.802885 -26.747141 382.443848
vn 4.661630 -1.444106 2.330939
v -8.179684 -27.389713 382.676178
vn 4.474195 -2.506454 2.115048
v -8.443632 -27.859795 382.837830
vn 4.939683 -0.408827 2.455873
v -7.891055 -26.319061 382.530212
vn 4.844610 -0.941635 2.391416
v -7.991199 -26.871044 382.570862
vn -1.526701 3.089952 3.200203
v -5.327032 -25.824684 376.417511
vn -0.279167 3.167504 3.465342
v -5.733020 -25.849945 376.331238
vn 0.963591 3.306683 3.202723
v -6.137442 -25.895208 376.416687
vn 1.986711 3.483167 2.457722
v -6.470368 -25.952648 376.659119
vn 2.613152 3.666562 1.359253
v -6.674233 -26.012335 377.016602
vn 2.734679 3.825190 0.097184
v -6.713788 -26.063946 377.427307
vn 2.330310 3.931515 -1.110262
v -6.582191 -26.098557 377.820221
vn 1.469887 3.967302 -2.054267
v -6.302198 -26.110184 378.127441
vn 0.302263 3.926180 -2.571707
v -5.922222 -26.096819 378.295807
vn -0.970700 3.815445 -2.572970
v -5.507964 -26.060768 378.296234
vn -2.128967 3.654124 -2.057904
v -5.131054 -26.008270 378.128632
vn -2.972191 3.470045 -1.115588
v -4.856662 -25.948399 377.821960
vn -3.354512 3.295280 0.091035
v -4.732234 -25.891506 377.429291
vn -3.209936 3.159856 1.353396
v -4.779283 -25.847433 377.018494
vn -2.563394 3.087186 2.453179
v -4.989676 -25.823797 376.660614
vn 2.493469 -2.461854 -2.474295
v -6.675349 -26.080635 387.939575
vn 2.221663 4.194532 -0.977140
v -7.776691 -20.531570 388.062500
vn 1.986788 3.352677 -1.792420
v -7.158208 -20.539463 388.589417
vn 2.377600 3.328071 -1.292744
v -6.658027 -20.570879 389.228943
vn 2.884279 -2.486409 -1.974582
v -6.175167 -26.112051 388.579132
vn 2.659857 3.286172 -0.725604
v -6.296784 -20.624517 389.954773
vn 3.166535 -2.528315 -1.407462
v -5.813925 -26.165689 389.304962
vn 2.821893 3.228635 -0.114478
v -6.089388 -20.698168 390.736938
vn 3.328590 -2.585865 -0.796351
v -5.606528 -26.239340 390.087128
vn 2.857058 3.157825 0.515423
v -6.044394 -20.788790 391.543121
vn 3.363733 -2.656669 -0.166442
v -5.561534 -26.329962 390.893311
vn 2.763877 3.076675 1.138141
v -6.163660 -20.892647 392.340118
vn 3.270545 -2.737811 0.456274
v -5.680800 -26.433819 391.690308
vn 2.546192 2.988545 1.727964
v -6.442265 -21.005449 393.095001
vn 3.052860 -2.825955 1.046097
v -5.959405 -26.546621 392.445190
vn 2.212990 2.897048 2.260545
v -6.868712 -21.122545 393.776642
vn 2.719668 -2.917438 1.578681
v -6.385852 -26.663717 393.126831
vn 1.778038 2.805993 2.713925
v -7.425405 -21.239103 394.356903
vn 2.284682 -3.008505 2.032084
v -6.942545 -26.780275 393.707092
vn 1.259242 2.719066 3.069377
v -8.089375 -21.350313 394.811859
vn 1.765935 -3.095461 2.387514
v -7.606515 -26.891485 394.162018
vn 0.678030 2.639944 3.312279
v -8.833223 -21.451588 395.122711
vn 1.184745 -3.174488 2.630401
v -8.350363 -26.992760 394.472900
vn 0.058382 2.571855 3.432551
v -9.626258 -21.538744 395.276642
vn 0.565066 -3.242635 2.750696
v -9.143397 -27.079916 394.626831
vn -0.574089 2.517610 3.425266
v -10.435756 -21.608191 395.267303
vn -0.067407 -3.296907 2.743397
v -9.952896 -27.149363 394.617493
vn -1.193345 2.479399 3.290693
v -11.228315 -21.657059 395.095093
vn -0.686671 -3.335060 2.608841
v -10.745456 -27.198231 394.445282
vn -1.773803 2.458918 3.034461
v -11.971234 -21.683334 394.767090
vn -1.267115 -3.355634 2.352566
v -11.488375 -27.224506 394.117279
vn -2.998875 -0.038926 5.245553
v -12.306204 -25.446012 393.855927
vn -0.560263 -4.131783 2.391586
v -12.150998 -27.227102 393.647064
vn -1.209098 3.314296 3.264784
v -12.633859 -21.685930 394.296875
vn -2.855943 -1.679020 5.053229
v -12.478653 -23.467022 394.088013
vn -2.197639 -3.750911 1.451473
v -13.054204 -23.444435 393.467712
vn -2.775951 2.885858 2.229792
v -12.881754 -25.423424 393.235657
vn -2.535765 -3.713899 0.884614
v -13.487161 -23.397045 392.741882
vn -3.114086 2.922848 1.662905
v -13.314711 -25.376036 392.509827
vn -2.747390 -3.659190 0.260710
v -13.758135 -23.326975 391.943024
vn -3.325719 2.977575 1.039006
v -13.585685 -25.305965 391.710968
vn -3.399481 2.922665 0.538763
v -13.682541 -25.216352 390.874817
vn -2.839451 -3.504305 -0.214922
v -13.854990 -23.237362 391.106903
vn -0.420274 2.612472 3.459624
v -16.354921 -25.798338 393.851837
vn 1.594054 -2.385448 3.705953
v -14.107624 -27.397371 393.645081
vn -0.218768 -1.344861 6.072748
v -15.992776 -29.954218 393.364471
vn 2.470637 -0.243935 1.376058
v -13.900684 -29.772160 393.366577
vn 4.663547 0.950745 -0.847069
v -1.503699 -10.580766 351.692413
vn 5.709099 0.490172 2.561393
v -1.662627 -10.696745 352.070801
vn 2.046411 -1.565726 -0.693413
v -1.238625 -13.622694 351.335693
vn 5.701341 0.482761 2.579440
v -1.961462 -11.045150 352.800568
vn 2.820372 -3.020056 0.873328
v -1.812706 -13.702338 352.684418
vn 5.700447 0.474347 2.582270
v -2.240145 -11.517962 353.503845
vn 5.703280 0.472489 2.575714
v -2.502848 -12.077335 354.187134
vn 3.197144 -3.003022 0.845502
v -2.371116 -13.851465 354.034607
vn 5.733437 0.440634 2.518910
v -2.754333 -12.686781 354.858826
vn 3.552505 -2.950337 0.816231
v -2.911122 -14.063437 355.382935
vn 5.753711 0.483735 2.463271
v -3.243166 -13.911511 356.203125
vn 3.747053 -2.888196 0.795485
v -3.431347 -14.333640 356.728943
vn 2.053862 -2.653532 -2.829985
v -2.013510 -13.463808 350.720215
vn 1.864149 3.433163 -1.445154
v -1.589963 -10.478531 351.639954
vn 2.703356 3.059008 -0.890631
v -1.549701 -10.494441 351.670502
vn 3.914586 2.062002 -0.600894
v -1.518254 -10.531710 351.689606
vn 3.122694 -2.552780 -1.539757
v -14.576279 -27.336418 392.777069
vn 3.294094 -2.593377 -1.010634
v -14.882387 -27.253323 391.841034
vn 3.370220 -2.652086 -0.456579
v -15.016064 -27.150766 390.867157
vn 3.345771 -2.719962 0.101102
v -14.972994 -27.032063 389.886932
vn 3.221542 -2.794864 0.644398
v -14.754566 -26.901043 388.932007
vn 3.001547 -2.874320 1.155792
v -14.367836 -26.761938 388.033173
vn 2.692894 -2.955869 1.618724
v -13.825289 -26.619240 387.219513
vn 2.305562 -3.036779 2.018262
v -13.144446 -26.477556 386.517242
vn 1.852009 -3.114520 2.341538
v -12.347291 -26.341463 385.949066
vn 1.346904 -3.186631 2.578072
v -11.459564 -26.215355 385.533356
vn 0.810714 -3.256397 2.719197
v -10.509931 -26.103302 385.283508
vn 0.250603 -3.316396 2.762680
v -9.529056 -26.008924 385.207581
vn -0.306966 -3.363270 2.705266
v -8.548612 -25.935268 385.308044
vn 2.738440 -2.566577 -0.281350
v -14.130960 -30.474279 392.780212
vn 1.208117 -3.383850 2.485932
v -9.793127 -29.165745 384.862488
vn 1.521167 -3.139851 2.464081
v -9.241247 -28.941647 384.863831
vn 1.767569 -2.780426 2.433643
v -8.742367 -28.623905 384.930878
vn 1.931446 -2.330537 2.402287
v -8.314896 -28.225718 385.045868
vn 2.032625 -1.830835 2.372976
v -7.972311 -27.758951 385.188538
vn 2.125993 -1.299902 2.364304
v -7.727900 -27.235815 385.336182
vn 2.199160 -0.719635 2.392020
v -7.594503 -26.670216 385.466034
vn 2.606119 -1.934293 0.591623
v -14.004766 -30.329847 393.052643
vn 2.408276 -0.999959 1.150501
v -13.916700 -30.086683 393.261993
vn -2.821821 -2.659252 -0.659099
v -12.236668 -30.033401 389.936493
vn -2.815860 -2.744791 0.074832
v -12.230113 -30.117071 390.654846
vn -2.633929 -2.812469 0.787800
v -12.051323 -30.183302 391.352478
vn -2.286567 -2.858528 1.438345
v -11.710688 -30.228249 391.988861
vn -1.793975 -2.880462 1.988696
v -11.228004 -30.249298 392.527008
vn -1.184811 -2.876673 2.406829
v -10.631324 -30.245228 392.935669
vn -0.494271 -2.846377 2.668475
v -9.955323 -30.216272 393.191101
vn 0.237057 -2.792994 2.758384
v -9.239290 -30.164116 393.278412
vn 0.967221 -2.719990 2.671485
v -8.524837 -30.091789 393.192535
vn 1.653426 -2.629217 2.412548
v -7.853485 -30.003494 392.938507
vn 2.255810 -2.528170 1.996932
v -7.264250 -29.904366 392.531036
vn 2.739606 -2.422004 1.448563
v -6.791378 -29.800163 391.993835
vn 3.076447 -2.316340 0.799363
v -6.462351 -29.696939 391.358124
vn 3.246792 -2.218001 0.087146
v -6.296288 -29.600698 390.660828
vn 3.240876 -2.132427 -0.646784
v -6.302843 -29.517031 389.942505
vn 3.058966 -2.064687 -1.359746
v -6.481633 -29.450798 389.244873
vn 2.711461 -2.018312 -2.010210
v -6.822268 -29.405851 388.608459
vn 2.218935 -1.996909 -2.560610
v -7.304951 -29.384802 388.070312
vn 1.609820 -2.001148 -2.978778
v -7.901632 -29.388874 387.661652
vn 0.919435 -2.031078 -3.240613
v -8.577632 -29.417830 387.406250
vn 0.187840 -2.084106 -3.330513
v -9.293666 -29.469986 387.318939
vn -0.542178 -2.157416 -3.243359
v -10.008120 -29.542313 387.404785
vn -1.228476 -2.247810 -2.984552
v -10.679471 -29.630606 387.658844
vn -1.830794 -2.348523 -2.568773
v -11.268705 -29.729734 388.066284
vn -2.314552 -2.455340 -2.020501
v -11.741577 -29.833939 388.603485
vn -2.651397 -2.560760 -1.371290
v -12.070605 -29.937160 389.239197
vn -4.378391 2.144866 -1.068163
v -13.743339 -24.440231 384.211426
vn -0.916269 3.119908 3.397990
v -16.179314 -25.377932 390.397400
vn 0.356685 3.230724 3.399297
v -16.593571 -25.413982 390.396973
vn 1.514932 3.392044 2.884248
v -16.970482 -25.466480 390.564575
vn 2.358133 3.576048 1.941945
v -17.244873 -25.526352 390.871216
vn 2.740522 3.750854 0.735276
v -17.369301 -25.583244 391.263885
vn -3.335650 2.566776 0.676491
v -18.850269 -25.756605 391.641754
vn -3.155626 2.499773 1.409212
v -18.705473 -25.812761 392.228210
vn 2.595948 3.886271 -0.527057
v -17.322252 -25.627317 391.674683
vn -2.804050 2.453568 2.078583
v -18.423590 -25.851038 392.764038
vn -2.301642 2.430902 2.645032
v -18.021223 -25.869177 393.217712
vn 1.949401 3.958949 -1.626821
v -17.111860 -25.650953 392.032593
vn -1.678113 2.433185 3.075151
v -17.522064 -25.866114 393.562500
vn 0.912703 3.956213 -2.373888
v -16.774504 -25.650064 392.275696
vn -0.970325 2.460145 3.343479
v -16.955509 -25.842028 393.778107
vn -0.334923 3.878589 -2.639015
v -16.368515 -25.624805 392.361969
vn -1.577641 3.739388 -2.376472
v -15.964093 -25.579542 392.276489
vn -2.600636 3.563039 -1.631473
v -15.631166 -25.522102 392.034088
vn -3.227155 3.379542 -0.532952
v -15.427301 -25.462416 391.676605
vn -3.348688 3.220957 0.729084
v -15.387748 -25.410805 391.265900
vn -2.944292 3.114642 1.936610
v -15.519344 -25.376194 390.872955
vn -2.083838 3.078847 2.880642
v -15.799337 -25.364565 390.565765
vn -6.050642 -1.186126 0.386258
v -18.496069 -29.904362 391.079224
vn -5.803108 -1.322038 1.662024
v -18.392855 -29.956165 391.597656
vn -5.284026 -1.427764 2.868955
v -18.182329 -29.994827 392.083771
vn -4.516282 -1.491089 3.945949
v -17.873993 -30.018599 392.515594
vn -3.537781 -1.506476 4.837874
v -17.481766 -30.026411 392.873657
vn -2.398789 -1.475446 5.500475
v -17.023350 -30.017908 393.141785
vn -1.157697 -1.406700 5.903167
v -16.519438 -29.993477 393.307892
vn 1.478686 -2.547633 -3.206136
v -4.830779 -24.363152 374.664734
vn 2.609344 -2.902256 1.702609
v -3.557755 -24.810486 379.425232
vn 3.025594 -2.793344 1.083304
v -3.157319 -24.705727 378.829468
vn 3.279561 -2.688857 0.380973
v -2.913015 -24.605206 378.153839
vn 3.356366 -2.594886 -0.363303
v -2.839128 -24.514805 377.437866
vn 3.251543 -2.516930 -1.105994
v -2.939979 -24.439806 376.723389
vn 2.971161 -2.459499 -1.803706
v -3.209670 -24.384598 376.052185
vn 2.531693 -2.426085 -2.415657
v -3.632432 -24.352406 375.463562
vn 1.958822 -2.418509 -2.905954
v -4.183543 -24.345116 374.991882
vn -0.912709 -3.956199 2.373894
v -5.430502 -24.637291 376.556763
vn 0.334836 -3.878522 2.639058
v -5.836490 -24.662550 376.470490
vn 1.577597 -3.739510 2.376396
v -6.240912 -24.707815 376.555939
vn 2.600677 -3.562928 1.631483
v -6.573838 -24.765255 376.798370
vn 3.227124 -3.379584 0.532990
v -6.777703 -24.824940 377.155823
vn 3.348685 -3.220951 -0.729086
v -6.817257 -24.876551 377.566528
vn 2.944322 -3.114599 -1.936521
v -6.685661 -24.911163 377.959473
vn 2.083913 -3.078909 -2.880591
v -6.405668 -24.922791 378.266693
vn 0.916145 -3.120005 -3.398019
v -6.025692 -24.909424 378.435059
vn -0.356804 -3.230653 -3.399273
v -5.611434 -24.873375 378.435455
vn -1.514933 -3.392006 -2.884256
v -5.234524 -24.820875 378.267853
vn -2.358143 -3.576033 -1.941934
v -4.960132 -24.761003 377.961212
vn -2.740507 -3.750856 -0.735273
v -4.835703 -24.704113 377.568542
vn -2.595925 -3.886303 0.527088
v -4.882753 -24.660038 377.157745
vn -1.949404 -3.958906 1.626873
v -5.093145 -24.636402 376.799866
vn 3.395127 -2.784798 -0.360587
v -7.987724 -25.306152 380.360138
vn 3.393355 -2.806595 -0.205927
v -7.954250 -25.041952 378.132111
vn 3.384799 -2.827680 -0.062400
v -7.813078 -24.768064 375.901489
vn 2.862227 3.330539 0.356559
v -7.884254 -26.493546 380.220886
vn 2.850718 3.301389 0.656356
v -7.709608 -25.955458 375.762238
vn 2.859868 3.315604 0.512029
v -7.850780 -26.229347 377.992859
vn 0.797081 -6.224729 -0.010751
v -0.415433 -26.315298 350.202209
vn 0.780291 -6.225909 0.070784
v -0.894411 -26.372658 350.919556
vn 0.760962 -6.226686 0.141857
v -1.482996 -26.433773 351.592346
vn 0.272134 -6.268421 -0.050747
v -15.659282 -27.671240 351.955322
vn 0.274390 -6.261764 -0.275383
v -15.797737 -27.596085 348.593628
vn 0.269162 -6.249113 -0.485951
v -15.876774 -27.497681 346.916229
vn 0.754289 -6.224852 0.216796
v -2.853413 -26.561869 352.869476
vn 0.751805 -6.226442 0.223398
v -4.256340 -26.682650 354.156250
vn 0.758976 -6.226742 0.210511
v -4.885149 -26.734079 354.839478
vn 0.770429 -6.226917 0.180893
v -5.419101 -26.775803 355.565521
vn 0.258720 -6.271871 0.020311
v -15.451332 -27.627356 358.692047
vn 0.790442 -6.225440 0.156597
v -5.822703 -26.805069 356.345154
vn 0.808981 -6.223279 0.136104
v -6.124719 -26.825109 357.163818
vn 0.812598 -6.224719 0.066103
v -7.270007 -26.913439 360.466003
vn 0.357561 -6.270284 -0.098308
v -15.380804 -27.631004 362.064362
vn 0.798199 -6.227569 -0.069673
v -8.306028 -27.046785 363.817932
vn 0.263786 -6.268053 -0.249299
v -15.334815 -27.709751 365.436737
vn 0.802827 -6.224339 -0.186899
v -8.773144 -27.141602 365.513428
vn 0.820406 -6.217891 -0.282715
v -9.200500 -27.260777 367.221313
vn 0.258870 -6.256073 -0.464461
v -15.316447 -27.897575 368.806274
vn 0.824919 -6.209895 -0.413741
v -9.583744 -27.408283 368.941833
vn 0.830413 -6.198679 -0.548908
v -9.918247 -27.587725 370.676178
vn 3.156348 0.780568 -2.467893
v -12.654589 -19.337938 347.239532
vn 3.195475 0.356366 -2.517498
v -12.712419 -18.674294 347.317352
vn -3.491683 -0.980081 2.994596
v -13.868355 -22.967176 381.075989
vn -3.029187 1.378236 2.649934
v -13.734385 -24.493286 379.924072
vn -3.777764 2.324534 1.563578
v -13.775245 -24.042555 381.541687
vn -3.703648 1.461808 2.503181
v -13.799368 -23.761789 381.235901
vn -3.602535 0.292832 3.009378
v -13.832303 -23.381407 381.071167
vn -3.083311 1.998764 2.144757
v -13.691553 -24.990187 380.328735
vn -3.115791 2.432334 -1.570876
v -13.664346 -25.337503 383.310638
vn -3.073270 1.943959 -2.207301
v -13.698843 -24.946993 383.819366
vn -3.812031 2.731987 0.352991
v -13.764104 -24.175156 381.935638
vn -3.800427 2.613718 -0.919241
v -13.767873 -24.136665 382.349640
vn -3.745099 1.990126 -2.033175
v -13.785898 -23.933737 382.712158
vn -3.139789 2.741426 -0.834079
v -13.642123 -25.585991 382.718811
vn -3.121584 2.470360 1.497059
v -13.659201 -25.367989 380.847137
vn -3.153766 2.853509 -0.044428
v -13.633642 -25.676058 382.082947
vn -3.146693 2.760330 0.755631
v -13.639462 -25.601755 381.445007
vn -3.655436 0.969022 -2.796205
v -13.815065 -23.601458 382.960449
vn -3.547079 -0.273005 -3.076313
v -13.850329 -23.197287 383.051605
vn -3.438578 -1.521140 -2.825167
v -13.885593 -22.791103 382.969849
vn -3.968689 -2.557047 -1.619557
v -13.915789 -22.461243 384.443512
vn -2.740133 -1.880269 -2.655766
v -13.966273 -21.878036 384.179260
vn -3.293667 -3.208983 -0.986934
v -13.932786 -22.241842 382.371674
vn -3.349146 -2.559620 -2.086115
v -13.914760 -22.453144 382.729370
vn -2.695818 -2.446019 2.201465
v -14.001815 -21.424332 380.283966
vn -2.688131 -2.500711 -2.150958
v -14.009105 -21.381136 383.774597
vn -2.650876 -2.934495 1.564278
v -14.036312 -21.033819 380.792694
vn -2.645089 -2.972491 -1.502386
v -14.041457 -21.003334 383.256195
vn -2.619789 -3.242300 0.829175
v -14.058535 -20.785332 381.384521
vn -2.620778 -3.262171 -0.761657
v -14.061195 -20.769569 382.658325
vn -2.613830 -3.355443 0.038390
v -14.067016 -20.695267 382.020386
vn -3.282104 -3.356805 0.282232
v -13.936554 -22.193737 381.958649
vn -3.316308 -2.977587 1.501965
v -13.925413 -22.317142 381.561737
vn -3.390452 -2.136901 2.461371
v -13.901290 -22.590725 381.249512
vn -6.079736 -1.509502 0.048999
v -18.049288 -25.925039 345.725769
vn -6.070495 -1.553339 0.176841
v -18.038189 -25.946312 345.925690
vn -6.016854 -1.702172 0.180470
v -18.016365 -25.985760 346.326416
vn -5.573936 -2.833655 0.062486
v -17.877541 -26.344810 346.285370
vn -5.572878 -2.867697 0.017694
v -17.899506 -26.305073 345.880737
vn -5.573540 -2.850754 -0.159035
v -17.910679 -26.283634 345.678802
vn -4.765706 -4.056527 -0.277792
v -17.695162 -26.621115 345.629822
vn -4.801713 -4.022518 -0.143697
v -17.683941 -26.642723 345.833710
vn -4.894673 -3.885166 -0.081268
v -17.661886 -26.682755 346.242126
vn -4.011846 -4.783028 -0.270214
v -17.397940 -26.935513 345.787476
vn -4.008965 -4.786621 -0.222391
v -17.375856 -26.975843 346.199310
vn -3.090152 -5.434177 -0.379211
v -17.057457 -27.163387 345.744995
vn -2.957015 -5.494493 -0.334040
v -17.035400 -27.204012 346.159637
vn -1.796400 -5.971829 -0.431086
v -16.663172 -27.355206 346.125458
vn -1.826542 -5.971021 -0.498947
v -16.685169 -27.314295 345.708740
vn -1.849493 -5.924147 -0.783629
v -16.696363 -27.292196 345.500519
vn -3.178631 -5.370141 -0.530532
v -17.068682 -27.141445 345.537842
vn -4.013377 -4.780773 -0.296925
v -17.409176 -26.913736 345.581787
vn -0.418237 -6.178241 -0.884531
v -16.316862 -27.363920 345.471436
vn -0.472770 -6.216490 -0.597539
v -16.305708 -27.386160 345.680328
vn -0.558496 -6.200619 -0.529440
v -16.283783 -27.427326 346.098267
vn -0.573755 -6.212726 -0.335962
v -16.200918 -27.552694 347.772369
vn -0.615684 -6.206336 -0.433949
v -16.241411 -27.497362 346.934906
vn -1.794517 -5.975218 -0.356618
v -16.620672 -27.424805 346.959747
vn -2.949802 -5.500953 -0.261824
v -16.992794 -27.273146 346.990143
vn -4.006933 -4.790512 -0.154330
v -17.333206 -27.044502 347.024628
vn -4.897590 -3.880388 -0.040377
v -17.619280 -26.750954 347.061188
vn -5.573124 -2.830885 0.073021
v -17.835083 -26.412563 347.097504
vn -6.012882 -1.713739 0.179364
v -17.974152 -26.053080 347.131470
vn -0.497201 -6.218748 -0.139976
v -16.113211 -27.634932 349.729187
vn -0.613985 -6.217587 -0.240153
v -16.162207 -27.595184 348.610596
vn -1.792535 -5.984468 -0.175886
v -16.541283 -27.521999 348.631378
vn -1.793640 -5.980870 -0.262649
v -16.580076 -27.479786 347.795105
vn -2.947548 -5.508077 -0.101874
v -16.913246 -27.369713 348.655334
vn -2.948791 -5.505353 -0.178490
v -16.952110 -27.327770 347.822083
vn -4.004597 -4.795542 -0.022178
v -17.253584 -27.140480 348.681183
vn -4.005870 -4.793647 -0.085294
v -17.292480 -27.098783 347.851959
vn -4.895494 -3.883441 0.058458
v -17.539721 -26.846394 348.707336
vn -4.896616 -3.882302 0.011478
v -17.578590 -26.804914 347.882996
vn -5.571656 -2.832140 0.135180
v -17.755735 -26.507513 348.732239
vn -5.572427 -2.831684 0.105925
v -17.794512 -26.466225 347.913239
vn -6.012383 -1.713420 0.203864
v -17.895155 -26.147577 348.754486
vn -6.012825 -1.712496 0.192942
v -17.933775 -26.106462 347.940948
vn -0.521256 -6.222619 0.052900
v -15.944536 -27.666195 354.211853
vn -0.613013 -6.223154 -0.003055
v -16.023643 -27.669704 351.969208
vn -0.516599 -6.220939 -0.090085
v -16.067068 -27.658640 350.848785
vn -1.791628 -5.988114 0.042047
v -16.402588 -27.595892 351.984070
vn -1.792209 -5.988000 -0.020427
v -16.446024 -27.584970 350.865326
vn -2.946633 -5.509833 0.087443
v -16.774441 -27.443039 351.999054
vn -2.947133 -5.510045 0.034108
v -16.817886 -27.432241 350.882812
vn -4.003817 -4.795572 0.130162
v -17.114737 -27.213339 352.013245
vn -4.004166 -4.796055 0.088334
v -17.158180 -27.202639 350.900146
vn -4.895025 -3.882045 0.167483
v -17.400940 -26.918896 352.025726
vn -4.895151 -3.882742 0.138903
v -17.444365 -26.908260 350.916260
vn -5.571735 -2.829622 0.197326
v -17.617155 -26.579760 352.035767
vn -5.571570 -2.830510 0.182896
v -17.660538 -26.569162 350.930176
vn -6.013262 -1.710113 0.218520
v -17.756887 -26.219633 352.042999
vn -6.012147 -1.714454 0.218678
v -17.800211 -26.209055 350.941315
vn -0.652033 -6.228086 -0.023455
v -15.766655 -27.621616 360.947205
vn -0.614878 -6.226362 0.049597
v -15.816062 -27.625652 358.700836
vn -0.588809 -6.224735 0.071039
v -15.908742 -27.656805 355.333710
vn -1.796172 -5.990218 0.077492
v -16.195404 -27.551573 358.709534
vn -1.793885 -5.988854 0.106186
v -16.287806 -27.582781 355.344727
vn -2.953470 -5.509879 0.103444
v -16.567629 -27.398348 358.717529
vn -2.949914 -5.509371 0.136456
v -16.659771 -27.429708 355.354797
vn -4.012182 -4.792799 0.125648
v -16.908211 -27.168186 358.724274
vn -4.007755 -4.793664 0.161717
v -17.000160 -27.199795 355.363159
vn -4.903806 -3.876113 0.142616
v -17.194561 -26.873236 358.729309
vn -4.899118 -3.878661 0.180257
v -17.286430 -26.905163 355.369202
vn -5.579746 -2.820790 0.153485
v -17.410749 -26.533607 358.732361
vn -5.575500 -2.824993 0.191164
v -17.502674 -26.565874 355.372681
vn -6.019551 -1.699112 0.158015
v -17.550297 -26.173067 358.733398
vn -6.001266 -1.780332 0.196814
v -17.642401 -26.205643 355.373596
vn -0.613014 -6.226481 -0.233247
v -15.700137 -27.708176 365.440308
vn -0.626736 -6.213098 -0.440694
v -15.681934 -27.895826 368.806763
vn -1.093396 -6.099529 -0.728043
v -15.851993 -28.196108 372.170166
vn -2.638790 -5.613515 -0.672308
v -16.349766 -28.039209 372.184204
vn -1.787984 -5.981888 -0.430431
v -16.062103 -27.821617 368.812653
vn -1.802336 -5.990047 -0.206366
v -16.080133 -27.634062 365.446777
vn -1.799135 -5.992194 -0.019384
v -16.146225 -27.547531 360.954865
vn -2.968421 -5.492733 -0.416586
v -16.435087 -27.668139 368.824463
vn -4.019052 -4.737773 -0.567051
v -16.789825 -27.759750 372.213257
vn -4.030755 -4.771247 -0.351819
v -16.776186 -27.437616 368.841980
vn -5.109672 -3.550994 -0.457391
v -17.142183 -27.376774 372.255280
vn -4.915733 -3.858925 -0.285295
v -17.062668 -27.142273 368.864288
vn -5.594310 -2.795185 -0.214126
v -17.278536 -26.802338 368.889862
vn -4.916748 -3.866765 -0.095528
v -17.080465 -26.954426 365.482300
vn -5.591307 -2.807565 -0.049066
v -17.296446 -26.614170 365.497345
vn -4.909461 -3.873941 0.055948
v -17.145803 -26.868647 360.976746
vn -5.584763 -2.816860 0.077516
v -17.361933 -26.528734 360.982147
vn -5.867597 -2.098757 -0.308342
v -17.382824 -26.916380 372.307465
vn -6.030931 -1.669042 -0.125026
v -17.417341 -26.441685 368.916901
vn -6.028071 -1.682776 -0.002529
v -17.435459 -26.253090 365.512451
vn -6.018924 -1.715902 0.104242
v -17.501308 -26.167929 360.986145
vn -6.012092 -1.714364 0.212527
v -17.846260 -26.186100 349.844940
vn -5.571319 -2.831702 0.161820
v -17.706688 -26.546158 349.828827
vn -4.894967 -3.883472 0.102459
v -17.490578 -26.885185 349.809998
vn -4.004032 -4.796170 0.037710
v -17.204416 -27.179457 349.789337
vn -2.947052 -5.509445 -0.028581
v -16.864107 -27.408916 349.768158
vn -1.792207 -5.986655 -0.092415
v -16.492210 -27.561464 349.747711
vn -6.007106 -1.746676 0.209094
v -17.678038 -26.215397 354.259674
vn -5.573482 -2.826652 0.202851
v -17.538282 -26.575573 354.257477
vn -4.897013 -3.879659 0.185111
v -17.322037 -26.914793 354.252563
vn -4.005858 -4.793948 0.159412
v -17.035789 -27.209354 354.245056
vn -2.948494 -5.509036 0.127097
v -16.695446 -27.439199 354.235291
vn -1.793143 -5.988096 0.090294
v -16.323538 -27.592213 354.223969
vn -2.957940 -5.510986 0.005998
v -16.518663 -27.394207 360.962646
vn -2.963311 -5.507786 -0.176632
v -16.452967 -27.480589 365.456207
vn -4.017638 -4.792424 0.031633
v -16.859400 -27.163855 360.970123
vn -4.024494 -4.787444 -0.138980
v -16.793978 -27.249971 365.468262
vn -0.619067 -6.178936 -0.756750
v -15.757487 -28.646336 375.780090
vn -0.625061 -6.179153 -0.750630
v -15.743102 -28.575014 375.182587
vn -0.628904 -6.179491 -0.747559
v -15.730396 -28.503632 374.583344
vn -1.802732 -5.940050 -0.749130
v -16.123116 -28.499998 375.182922
vn -1.802857 -5.940824 -0.742624
v -16.110430 -28.428741 374.584717
vn -2.961264 -5.457822 -0.717851
v -16.495922 -28.346090 375.192841
vn -2.961448 -5.458970 -0.708215
v -16.483259 -28.274956 374.595642
vn -4.020550 -4.740175 -0.656244
v -16.836845 -28.115582 375.212616
vn -4.020826 -4.741623 -0.643830
v -16.824202 -28.044554 374.616302
vn -4.911895 -3.824361 -0.567231
v -17.123163 -27.820707 375.241272
vn -4.912223 -3.826083 -0.552543
v -17.110535 -27.749763 374.645721
vn -5.586553 -2.771419 -0.456953
v -17.338900 -27.481642 375.276825
vn -5.586893 -2.773352 -0.440624
v -17.326283 -27.410761 374.681793
vn -5.979530 -1.858110 -0.361071
v -17.477608 -27.122171 375.316559
vn -5.996782 -1.789945 -0.335696
v -17.464996 -27.051327 374.721832
vn -6.009272 -1.736252 -0.312192
v -17.454023 -26.980412 374.125244
vn -6.017855 -1.697006 -0.290531
v -17.444668 -26.909422 373.526855
vn -5.587428 -2.777082 -0.408961
v -17.305944 -27.268787 373.486267
vn -5.588410 -2.783233 -0.383499
v -17.298176 -27.197691 372.885773
vn -4.904216 -3.843983 -0.507615
v -17.082405 -27.536516 372.848206
vn -1.797156 -5.939970 -0.771358
v -16.137474 -28.571194 375.779358
vn -3.111118 -5.387437 -0.744772
v -16.544044 -28.559122 376.973663
vn -2.967387 -5.452450 -0.740739
v -16.510258 -28.417164 375.788239
vn -3.110367 -5.384831 -0.766598
v -16.584814 -28.700840 378.151825
vn -2.955460 -5.450482 -0.797471
v -16.632769 -28.842329 379.322723
vn -1.804928 -5.932592 -0.804208
v -16.260216 -28.997152 379.320435
vn -0.618800 -6.176916 -0.775905
v -15.880469 -29.073122 379.328033
vn -0.626325 -6.172402 -0.811114
v -16.206476 -29.733606 384.717926
vn -0.615760 -6.174835 -0.792595
v -15.999223 -29.356647 381.657501
vn -1.797163 -5.931597 -0.832921
v -16.378712 -29.280066 381.644867
vn -2.954807 -5.445230 -0.842073
v -16.751017 -29.124653 381.642303
vn -4.013718 -4.723516 -0.816552
v -17.091490 -28.892799 381.650940
vn -4.016934 -4.729321 -0.758191
v -16.973463 -28.611000 379.335663
vn -4.904939 -3.803993 -0.756862
v -17.377443 -28.596830 381.670593
vn -4.908205 -3.811185 -0.687810
v -17.259598 -28.315458 379.358826
vn -5.579565 -2.747931 -0.667599
v -17.592918 -28.256985 381.699677
vn -5.582837 -2.756337 -0.590889
v -17.475201 -27.975918 379.390411
vn -6.017130 -1.627607 -0.556401
v -17.731476 -27.897064 381.735657
vn -5.996547 -1.755516 -0.483947
v -17.613832 -27.616175 379.427856
vn -0.577951 -6.152655 -0.994132
v -16.425110 -29.996141 386.786774
vn -0.597760 -6.168598 -0.869188
v -16.332247 -29.921690 386.228333
vn -1.778133 -5.919179 -0.979242
v -16.710915 -29.843723 386.204498
vn -1.794934 -5.926926 -0.869548
v -16.585482 -29.656124 384.698029
vn -2.936963 -5.425633 -1.043738
v -17.082430 -29.686975 386.191162
vn -2.951289 -5.438332 -0.896320
v -16.957319 -29.499840 384.688446
vn -3.998153 -4.696375 -1.053971
v -17.422197 -29.453932 386.190155
vn -4.009018 -4.714667 -0.886533
v -17.297377 -29.267206 384.690796
vn -4.891649 -3.770046 -1.007506
v -17.707579 -29.156996 386.201965
vn -4.899291 -3.793569 -0.839655
v -17.582994 -28.970602 384.705353
vn -5.567637 -2.709389 -0.908826
v -17.922644 -28.816460 386.225464
vn -5.573229 -2.736417 -0.759589
v -17.798229 -28.630299 384.730804
vn -6.005385 -1.587915 -0.768245
v -18.060965 -28.456141 386.258240
vn -5.987496 -1.730437 -0.659915
v -17.936647 -28.270109 384.764679
vn -0.565873 -6.127316 -1.138033
v -16.588425 -30.077021 387.335541
vn -0.567140 -6.106077 -1.227185
v -17.035227 -30.249107 388.411621
vn -0.572410 -6.104298 -1.211545
v -17.348965 -30.364370 389.119812
vn -0.613535 -6.123742 -1.077745
v -17.612604 -30.474253 389.828949
vn -1.908461 -5.765687 -0.877914
v -17.935284 -30.538177 390.531189
vn -1.748817 -5.835644 -1.349861
v -17.780415 -30.439007 389.813660
vn -1.714378 -5.795663 -1.577602
v -17.558874 -30.320473 389.101959
vn -1.702754 -5.794871 -1.619779
v -17.299873 -30.193983 388.390594
vn -1.718900 -5.835353 -1.471062
v -16.931337 -30.006023 387.311249
vn -1.749176 -5.887138 -1.210754
v -16.793879 -29.920004 386.762115
vn -2.873969 -5.318895 -1.520238
v -17.945065 -30.368771 389.803192
vn -3.943169 -4.580789 -0.893743
v -18.206856 -30.384932 390.517090
vn -3.902295 -4.590490 -1.593268
v -18.095655 -30.264685 389.798706
vn -4.784087 -3.689332 -1.539060
v -18.222153 -30.132299 389.800690
vn -3.853023 -4.530280 -1.899836
v -17.953188 -30.102861 389.085571
vn -4.740632 -3.631802 -1.824250
v -18.111410 -29.937490 389.088898
vn -3.850319 -4.521577 -1.957811
v -17.797001 -29.920135 388.372650
vn -4.743273 -3.620802 -1.870010
v -17.996473 -29.711899 388.377899
vn -3.899116 -4.572126 -1.752499
v -17.575468 -29.652163 387.293304
vn -4.795947 -3.659362 -1.669407
v -17.833916 -29.382832 387.302124
vn -3.960050 -4.645832 -1.385980
v -17.486574 -29.539938 386.745514
vn -4.856930 -3.721565 -1.322098
v -17.764502 -29.250536 386.756012
vn -5.396178 -2.762176 -0.738385
v -18.400702 -30.140379 390.524353
vn -5.473500 -2.657988 -1.386121
v -18.317495 -29.980654 389.808777
vn -5.443097 -2.618285 -1.594846
v -18.230661 -29.748014 389.099670
vn -5.450599 -2.606246 -1.615671
v -18.146809 -29.473251 388.392181
vn -5.494884 -2.627164 -1.442365
v -18.028690 -29.074055 387.322052
vn -5.542016 -2.669075 -1.161933
v -17.973955 -28.918694 386.778198
vn -5.940030 -1.579945 -1.127384
v -18.378832 -29.820341 389.821991
vn -5.929620 -1.547883 -1.234750
v -18.307373 -29.547668 389.116547
vn -5.939687 -1.536120 -1.218508
v -18.243513 -29.220871 388.413879
vn -5.966611 -1.539790 -1.094568
v -18.153969 -28.747423 387.350983
vn -5.991649 -1.559608 -0.922861
v -18.108669 -28.567617 386.809692
vn -6.008410 -1.733659 -0.348213
v -17.491882 -27.192945 375.909454
vn -6.023192 -1.647201 -0.387746
v -17.525522 -27.334286 377.089722
vn -6.010787 -1.698004 -0.439836
v -17.566107 -27.475361 378.262543
vn -5.585567 -2.765761 -0.508187
v -17.386839 -27.693869 377.050934
vn -5.584360 -2.761497 -0.543906
v -17.427448 -27.835022 378.224426
vn -4.910844 -3.819456 -0.613361
v -17.171148 -28.033129 377.017029
vn -4.909744 -3.815635 -0.645508
v -17.211796 -28.174419 378.191650
vn -4.019446 -4.736147 -0.695256
v -16.884890 -28.328278 376.990631
vn -4.018506 -4.732921 -0.722434
v -16.925592 -28.469759 378.166840
vn -6.028430 -1.656692 -0.267865
v -17.436903 -26.838360 372.926666
vn -2.975778 -5.456304 -0.675863
v -16.455057 -28.061152 372.793427
vn -4.021402 -4.745823 -0.608070
v -16.796040 -27.831057 372.816681
vn -4.912696 -3.829444 -0.524039
v -17.090181 -27.607670 373.449158
vn -5.587183 -2.775236 -0.424626
v -17.315306 -27.339811 374.084930
vn -1.806269 -5.945463 -0.713517
v -16.082184 -28.214594 372.779602
vn -0.605154 -6.183171 -0.737713
v -15.702103 -28.289127 372.775208
vn -0.623775 -6.180217 -0.741669
v -15.709922 -28.360691 373.379639
vn -0.627834 -6.179809 -0.744902
v -15.719344 -28.432192 373.982361
vn -1.803001 -5.941574 -0.736250
v -16.099398 -28.357422 373.984772
vn -5.586239 -2.769140 -0.477932
v -17.353182 -27.552452 375.870056
vn -4.911534 -3.822394 -0.586125
v -17.137459 -27.891581 375.835022
vn -4.020144 -4.738567 -0.672236
v -16.851158 -28.186544 375.807098
vn -2.901346 -5.380876 -1.346928
v -17.155684 -29.767126 386.747711
vn -2.852786 -5.310653 -1.683619
v -17.267775 -29.863647 387.296539
vn -2.818114 -5.259022 -1.871497
v -17.559526 -30.083735 388.377075
vn -2.825568 -5.263941 -1.814948
v -17.764826 -30.232832 389.090088
vn -1.803109 -5.942305 -0.730001
v -16.089991 -28.286041 373.383057
vn -2.961797 -5.461158 -0.689539
v -16.462852 -28.132486 373.395935
vn -2.961626 -5.460085 -0.698784
v -16.472244 -28.203753 373.996674
vn -4.021240 -4.744469 -0.619737
v -16.803822 -27.902290 373.418335
vn -4.021049 -4.743061 -0.631665
v -16.813202 -27.973457 374.018219
vn -4.912472 -3.827797 -0.538131
v -17.099548 -27.678753 374.048340
vn -5.329644 -2.844385 0.345252
v -18.401400 -30.209391 391.112183
vn -5.003522 -2.974843 1.661327
v -18.260115 -30.264174 391.684326
vn -4.374642 -3.059209 2.855754
v -17.985102 -30.301514 392.207092
vn -3.480076 -3.099554 3.864415
v -17.592552 -30.319212 392.649689
vn -2.367496 -3.093638 4.633444
v -17.105579 -30.316225 392.986084
vn -1.096090 -3.035243 5.118650
v -16.552856 -30.292728 393.196442
vn -0.074889 -2.988167 5.333878
v -15.966930 -30.250103 393.268463
vn -3.925710 -4.634641 -0.018771
v -18.207487 -30.449041 391.063110
vn -3.674352 -4.732048 0.998894
v -18.076246 -30.499929 391.594574
vn -3.185092 -4.798472 1.928945
v -17.820787 -30.534615 392.080170
vn -2.486672 -4.829976 2.716378
v -17.456148 -30.551054 392.491302
vn -1.620264 -4.824700 3.314797
v -17.003799 -30.548281 392.803772
vn -0.637219 -4.782949 3.689051
v -16.490376 -30.526455 392.999176
vn 0.141155 -4.785070 3.820156
v -15.946123 -30.486853 393.066101
vn 0.361409 -5.887301 1.716885
v -15.933522 -30.628424 392.788177
vn -0.075874 -5.883210 1.685613
v -16.415409 -30.663485 392.728912
vn -0.627164 -5.906557 1.478135
v -16.870016 -30.682808 392.555878
vn -1.112182 -5.909502 1.144027
v -17.270546 -30.685265 392.279205
vn -1.502962 -5.891843 0.703512
v -17.593412 -30.670710 391.915192
vn -1.775944 -5.854740 0.182887
v -17.819609 -30.639997 391.485199
vn -1.914508 -5.800352 -0.387476
v -17.935814 -30.594938 391.014648
vn 3.743968 -2.501216 4.131533
v -3.912277 -27.465485 379.544647
vn 3.906013 -4.111420 1.545559
v -8.841713 -28.326223 382.987122
vn 3.104913 -4.417944 2.889553
v -4.009780 -27.776737 379.330505
vn 2.892519 -5.347797 0.769096
v -9.348559 -28.700775 383.045868
vn 1.991559 -5.684981 1.203261
v -4.178878 -27.976620 379.041199
vn 1.659467 -6.029336 -0.124978
v -9.930955 -28.955576 383.055389
vn 0.768452 -6.196419 -0.649752
v -10.555558 -29.079319 383.050049
vn 4.428058 -2.316070 3.392380
v -3.392653 -27.365221 379.075775
vn 5.174610 -2.120774 2.281667
v -3.002377 -27.263119 378.495117
vn 5.630057 -1.933353 1.022063
v -2.764272 -27.165150 377.836639
vn 5.767828 -1.764788 -0.312761
v -2.692260 -27.077040 377.138824
vn 5.579806 -1.624943 -1.644800
v -2.790552 -27.003946 376.442474
vn 5.077009 -1.522050 -2.896155
v -3.053400 -26.950138 375.788330
vn 4.288845 -1.462034 -3.993577
v -3.465435 -26.918764 375.214630
vn 3.261374 -1.448606 -4.872962
v -4.002563 -26.911657 374.754913
vn 2.404950 -1.502132 -5.415170
v -4.633376 -26.929235 374.436066
vn 2.744523 -3.578677 -4.068969
v -4.093372 -27.263969 374.895874
vn 2.070107 -3.645858 -4.465159
v -4.677418 -27.280245 374.600647
vn 1.807828 -5.212012 -2.648202
v -4.252452 -27.525303 375.138031
vn 1.424159 -5.261579 -2.832908
v -4.766505 -27.539627 374.878174
vn 2.253923 -5.217292 -2.269307
v -3.814744 -27.531094 375.512634
vn 2.596662 -5.243177 -1.793988
v -3.478976 -27.556662 375.980164
vn 2.815461 -5.287835 -1.250769
v -3.264779 -27.600510 376.513245
vn 2.897163 -5.348563 -0.672077
v -3.184681 -27.660074 377.080688
vn 2.836879 -5.421763 -0.092435
v -3.243364 -27.731874 377.649353
vn 2.638232 -5.503136 0.453406
v -3.437397 -27.811710 378.185944
vn 2.313298 -5.587887 0.932808
v -3.755434 -27.894915 378.659119
vn 3.649778 -4.251922 2.344373
v -3.528680 -27.683907 378.896393
vn 4.229046 -4.100352 1.482558
v -3.167340 -27.589373 378.358795
vn 4.582457 -3.954967 0.505153
v -2.946887 -27.498667 377.749115
vn 4.689332 -3.824173 -0.530588
v -2.880214 -27.417091 377.103027
vn 4.543426 -3.715684 -1.564149
v -2.971219 -27.349415 376.458313
vn 4.153286 -3.635782 -2.535091
v -3.214579 -27.299597 375.852661
vn 3.541754 -3.589195 -3.386660
v -3.596066 -27.270548 375.321503
vn 0.702726 -6.186895 -0.812003
v -10.298810 -27.908741 373.258911
vn 1.376152 -5.948275 -1.331383
v -9.675286 -27.774441 373.128387
vn 2.345345 -5.143972 -2.157004
v -9.083046 -27.520845 373.040741
vn 3.131803 -3.838585 -2.763587
v -8.549252 -27.153791 373.031097
vn 3.433294 -2.726317 -2.966548
v -8.316658 -26.933134 373.070374
vn 4.609009 1.932089 0.687628
v -2.614110 -24.081142 355.667999
vn 5.595541 -0.890257 2.656806
v -2.350757 -24.731924 354.963501
vn 5.540597 -0.923008 2.748479
v -1.453743 -25.567955 352.865601
vn 5.553196 -0.941652 2.711574
v -0.996566 -25.933397 351.819153
vn 5.598509 -0.949470 2.613866
v -0.653573 -26.124727 351.034760
vn 5.656927 -0.956268 2.483052
v -0.313339 -26.210154 350.252472
vn 5.377470 -2.079165 2.397333
v -0.317946 -26.232840 350.249084
vn 4.891480 -3.190264 2.197385
v -0.326846 -26.254873 350.243896
vn 4.231341 -4.183233 1.870054
v -0.339889 -26.274845 350.237061
vn 4.078761 -4.172883 2.204205
v -0.716399 -26.276976 350.999939
vn 3.279051 -5.003255 1.771359
v -0.755358 -26.316202 350.981354
vn 3.151977 -4.983390 2.050720
v -1.202392 -26.319382 351.714813
vn 2.298727 -5.621665 1.455056
v -1.292418 -26.378708 351.674438
vn 2.244432 -5.609407 1.599167
v -2.017245 -26.413555 352.600983
vn 1.363916 -6.042207 0.810197
v -2.198715 -26.485849 352.523895
vn 1.401393 -6.039852 0.834649
v -3.884396 -26.613369 354.304352
vn 1.442554 -6.043856 0.746626
v -4.453953 -26.653526 355.007935
vn 1.492205 -6.048402 0.618871
v -4.945276 -26.687166 355.746979
vn 1.548705 -6.045325 0.492624
v -5.329306 -26.712805 356.530121
vn 1.586648 -6.036683 0.436971
v -5.480682 -26.722794 356.937195
vn 2.563926 -5.633821 0.934787
v -4.834302 -26.515282 356.718231
vn 2.615054 -5.621421 0.825347
v -4.984554 -26.525019 357.123627
vn 3.527232 -4.993787 1.344445
v -4.367093 -26.208570 356.898743
vn 3.585186 -4.981377 1.197210
v -4.516284 -26.217922 357.302521
vn 4.376060 -4.143567 1.693596
v -3.958459 -25.801317 357.060028
vn 4.434084 -4.134770 1.528973
v -4.106742 -25.810169 357.462341
vn 5.056509 -3.127683 1.959370
v -3.634633 -25.314911 357.191864
vn 5.108516 -3.125215 1.799976
v -3.782236 -25.323189 357.592926
vn 5.533905 -2.009762 2.128477
v -3.411964 -24.779922 357.287415
vn 5.574970 -2.014716 1.996490
v -3.559159 -24.787607 357.687561
vn 5.798210 -0.860100 2.199418
v -3.294388 -24.230062 357.344421
vn 5.824588 -0.873610 2.114129
v -3.441446 -24.237186 357.743988
vn 5.657200 -0.895714 2.528343
v -2.675569 -24.475704 355.753937
vn 5.299568 -2.023116 2.647351
v -2.778442 -24.958435 355.700897
vn 5.190186 -2.030189 2.848543
v -2.439393 -25.149200 354.915985
vn 4.760291 -3.128577 2.596693
v -2.973097 -25.427935 355.612823
vn 4.625117 -3.124747 2.832775
v -2.607210 -25.554966 354.837799
vn 4.066216 -4.131568 2.363769
v -3.256095 -25.854643 355.491882
vn 3.928194 -4.117618 2.606797
v -2.851245 -25.923662 354.730804
vn 3.252288 -4.977525 1.958152
v -3.613160 -26.211769 355.344330
vn 3.133499 -4.960376 2.179412
v -3.159189 -26.232132 354.600555
vn 2.361583 -5.623704 1.405830
v -4.021401 -26.480579 355.179474
vn 2.277609 -5.611733 1.575085
v -3.511298 -26.464203 354.455292
vn 5.734876 -0.862734 2.360219
v -2.990907 -24.298191 356.547516
vn 5.425377 -2.014040 2.391659
v -3.103953 -24.827477 356.491150
vn 4.918415 -3.130532 2.285016
v -3.317874 -25.342348 356.397003
vn 4.229621 -4.144223 2.036431
v -3.628885 -25.810389 356.267334
vn 3.394438 -4.994082 1.657150
v -4.021295 -26.202202 356.108856
vn 2.462947 -5.635847 1.172763
v -4.469936 -26.497229 355.931610
vn 5.863154 -0.918972 2.005159
v -3.968474 -24.268879 359.216736
vn 5.837717 -0.868844 2.080405
v -3.587063 -24.245718 358.144440
vn 5.587988 -2.012585 1.963079
v -3.704807 -24.796381 358.088562
vn 5.120950 -3.123645 1.767992
v -3.928141 -25.332249 357.994812
vn 4.445162 -4.133683 1.500266
v -4.253129 -25.819519 357.865417
vn 3.594229 -4.980687 1.173379
v -4.663343 -26.227522 357.707123
vn 2.621549 -5.621065 0.807664
v -5.132413 -26.534801 357.529938
vn 1.590179 -6.036603 0.425951
v -5.629390 -26.732683 357.345306
vn 5.953877 -0.893154 1.737810
v -5.378027 -24.395697 363.572388
vn 5.909340 -0.844264 1.887428
v -4.698237 -24.322348 361.380920
vn 5.661134 -1.995138 1.771238
v -4.815330 -24.875799 361.325806
vn 5.615128 -2.006891 1.895531
v -4.086168 -24.820320 359.161774
vn 5.190612 -3.113748 1.583279
v -5.040306 -25.414766 361.236115
vn 5.146505 -3.120386 1.704196
v -4.310123 -25.357073 359.069946
vn 4.506087 -4.130667 1.329195
v -5.369303 -25.904945 361.114166
vn 4.467396 -4.132605 1.442488
v -4.636419 -25.845201 358.943481
vn 3.642009 -4.982648 1.022159
v -5.785555 -26.315180 360.966370
vn 3.611711 -4.981169 1.123778
v -5.048524 -26.253906 358.788971
vn 2.653389 -5.625378 0.681400
v -6.262022 -26.623692 360.802155
vn 2.633415 -5.622303 0.767910
v -5.519875 -26.561638 358.616211
vn 1.605998 -6.040473 0.327598
v -6.766940 -26.821741 360.632141
vn 1.616042 -6.034065 0.402828
v -6.019287 -26.759697 358.436401
vn 6.014358 -0.804795 1.544155
v -5.999253 -24.499857 365.789856
vn 6.061926 -0.780557 1.353148
v -6.552415 -24.645119 368.029907
vn 6.089748 -0.786495 1.220140
v -6.800518 -24.736292 369.157593
vn 6.117314 -0.772879 1.084303
v -7.028071 -24.841328 370.290558
vn 6.138175 -0.742672 0.970718
v -7.233828 -24.961351 371.428772
vn 6.152901 -0.783282 0.859039
v -7.373066 -25.061872 372.285858
vn 5.916600 -1.902779 0.702053
v -7.483508 -25.625288 372.199921
vn 5.922592 -1.897303 0.653349
v -7.515922 -25.651751 372.412262
vn 5.445798 -3.038118 0.439340
v -7.744049 -26.202345 372.309235
vn 5.449572 -3.035299 0.410677
v -7.774761 -26.228659 372.514954
vn 4.737718 -4.073614 0.174400
v -8.117561 -26.729877 372.401001
vn 4.751896 -4.066693 0.084816
v -8.147677 -26.756824 372.607025
vn 3.817750 -4.950824 -0.116894
v -8.587264 -27.175247 372.490234
vn 3.769924 -4.995866 -0.115542
v -8.617214 -27.202887 372.703674
vn 6.155352 -0.800972 0.829686
v -7.405563 -25.088291 372.499176
vn 5.926501 -1.894326 0.625729
v -7.546568 -25.677982 372.618439
vn 5.461624 -3.032243 0.330147
v -7.804667 -26.255499 372.720825
vn 4.766715 -4.088444 0.151092
v -8.177379 -26.784235 372.818695
vn 6.170282 -0.699440 0.775081
v -7.495452 -25.168243 373.122040
vn 6.163782 -0.750224 0.783791
v -7.466181 -25.141232 372.913452
vn 6.159840 -0.772815 0.806768
v -7.436284 -25.114492 372.706299
vn 5.943507 -1.864256 0.574206
v -7.576404 -25.704744 372.824707
vn 5.976060 -1.768708 0.650848
v -7.605758 -25.731834 373.033905
vn 5.407518 -3.144360 0.439242
v -7.834166 -26.282722 372.931030
vn 2.773839 -5.594725 -0.360507
v -9.123549 -27.515392 372.593170
vn 1.661554 -6.005960 -0.556773
v -9.660822 -27.712757 372.493317
vn 1.668407 -6.005013 -0.538020
v -9.630303 -27.684593 372.275818
vn 2.781494 -5.590669 -0.325854
v -9.093321 -27.487495 372.377777
vn 2.780872 -5.592414 -0.305143
v -9.062464 -27.460335 372.169800
vn 3.827926 -4.941728 -0.069186
v -8.556817 -27.148186 372.283478
vn 3.825311 -4.944087 -0.042049
v -8.525549 -27.121653 372.077057
vn 4.734389 -4.076198 0.202872
v -8.086635 -26.703455 372.195221
vn 4.728662 -4.082128 0.252430
v -8.053931 -26.676779 371.983276
vn 5.439812 -3.043917 0.489520
v -7.711568 -26.175789 372.097412
vn 5.426311 -3.053616 0.590753
v -7.572461 -26.074522 371.246002
vn 5.902696 -1.912725 0.799878
v -7.344654 -25.524490 371.346619
vn 5.879828 -1.925408 0.930511
v -7.139516 -25.403870 370.213165
vn 1.680037 -6.006058 -0.506189
v -9.599007 -27.657356 372.066223
vn 1.731751 -5.997277 -0.491826
v -9.566854 -27.630672 371.857056
vn 1.703680 -6.006065 -0.464063
v -9.532860 -27.603737 371.641663
vn 2.774735 -5.599956 -0.238059
v -8.997258 -27.406830 371.748413
vn 2.767820 -5.608006 -0.150778
v -8.853823 -27.304180 370.889465
vn 3.810249 -4.958491 0.100687
v -8.350946 -26.992556 371.010193
vn 3.794752 -4.966633 0.228862
v -8.142070 -26.869522 369.875519
vn 4.696866 -4.100831 0.487527
v -7.707163 -26.452644 370.000153
vn 4.673825 -4.108701 0.622980
v -7.478695 -26.344763 368.873413
vn 5.378264 -3.074726 0.862297
v -7.139887 -25.846195 368.988586
vn 5.345945 -3.085970 1.019574
v -6.892281 -25.752855 367.866852
vn 5.820740 -1.950575 1.215145
v -6.665339 -25.205851 367.960938
vn 5.772684 -1.966579 1.408919
v -6.113735 -25.058256 365.727448
vn 1.670925 -6.025595 -0.286519
v -9.172866 -27.377382 369.627930
vn 1.661726 -6.020899 -0.387903
v -9.387383 -27.500921 370.776428
vn 1.661977 -6.032176 -0.174436
v -8.936158 -27.268391 368.485138
vn 1.638703 -6.040400 -0.071052
v -8.678620 -27.172909 367.347809
vn 1.629892 -6.043555 0.083354
v -8.106165 -27.018343 365.088165
vn 1.653779 -6.035794 0.242500
v -7.465585 -26.904503 362.849152
vn 1.421362 -6.040341 0.741882
v -1.387850 -26.416563 351.632843
vn 2.395913 -5.633973 1.221874
v -0.799966 -26.345562 350.960907
vn 3.418120 -5.013049 1.452033
v -0.356413 -26.291487 350.228943
vn 1.478266 -6.043169 0.590688
v -0.847260 -26.364241 350.939941
vn 1.541984 -6.042782 0.410218
v -0.395419 -26.311792 350.210968
vn 2.496611 -5.643228 0.946551
v -0.375343 -26.303915 350.220062
vn 3.082527 -4.963042 2.218832
v -1.846023 -26.300625 352.675568
vn 3.864812 -4.129253 2.659540
v -1.696351 -26.150208 352.742828
vn 4.557077 -3.146787 2.897876
v -1.577850 -25.970200 352.798584
vn 5.126572 -2.060884 2.924313
v -1.496507 -25.771940 352.839844
vn 5.715748 -1.981797 1.604459
v -5.493968 -24.951565 363.514679
vn 5.243566 -3.106151 1.416950
v -5.719715 -25.493160 363.425079
vn 5.299131 -3.096945 1.218431
v -6.340111 -25.602625 365.636292
vn 4.553119 -4.128293 1.169302
v -6.051498 -25.985706 363.306183
vn 4.602667 -4.124532 0.975078
v -6.674728 -26.097668 365.519379
vn 4.644110 -4.118116 0.778608
v -7.229714 -26.250313 367.751190
vn 3.679443 -4.983977 0.874611
v -6.472287 -26.397602 363.164337
vn 3.718937 -4.984006 0.692054
v -7.100267 -26.511282 365.383118
vn 3.751395 -4.980760 0.505643
v -7.660027 -26.665617 367.620544
vn 3.776416 -4.972892 0.357957
v -7.911345 -26.760876 368.745667
vn 2.678752 -5.628268 0.551399
v -6.954471 -26.706791 363.008667
vn 2.705473 -5.629758 0.387183
v -7.588491 -26.821106 365.236298
vn 2.726468 -5.627728 0.217838
v -8.154340 -26.976093 367.483246
vn 2.745273 -5.620802 0.083793
v -8.408640 -27.071703 368.613586
vn 2.757613 -5.615361 -0.033916
v -8.642237 -27.180729 369.748932
vn 5.853364 -1.937556 1.062379
v -6.912673 -25.298018 369.084625
vn 5.404109 -3.064727 0.725971
v -7.367015 -25.953070 370.114960
vn 4.716534 -4.091347 0.353072
v -7.913898 -26.574965 371.131592
vn 3.820117 -4.949851 0.004857
v -8.492487 -27.094862 371.864471
vn 2.779127 -5.594593 -0.280465
v -9.030769 -27.433712 371.962189
vn 3.939215 -4.152357 2.491560
v -1.123733 -26.240231 351.751404
vn 4.622318 -3.167985 2.753278
v -1.061511 -26.145418 351.781891
vn 5.168697 -2.078860 2.825274
v -1.018876 -26.040932 351.804688
vn 4.751252 -3.183243 2.494962
v -0.685607 -26.229948 351.015503
vn 5.263946 -2.088263 2.631025
v -0.664545 -26.178099 351.027222
vn 6.198470 -0.543422 -0.699141
v -7.764388 -26.471405 384.034607
vn 5.962286 -1.727780 -0.800728
v -7.875360 -27.039518 383.984467
vn 5.483078 -2.887239 -0.867334
v -8.104925 -27.598238 383.947510
vn 4.766009 -3.950637 -0.902632
v -8.447853 -28.108425 383.927460
vn 3.846730 -4.848991 -0.907897
v -8.891572 -28.542845 383.925934
vn 2.785458 -5.533074 -0.877635
v -9.400125 -28.870455 383.942657
vn 1.664454 -5.976912 -0.814856
v -9.939698 -29.083519 383.974976
vn -0.375953 3.829777 -2.567979
v -16.517569 -17.109518 379.963593
vn -1.374416 3.736518 -2.470165
v -16.133156 -17.069242 379.905792
vn -2.395777 3.573246 -1.852780
v -15.801809 -17.016855 379.705292
vn -3.097760 3.397593 -0.889643
v -15.574141 -16.960360 379.392700
vn -3.372960 3.236259 0.272078
v -15.484922 -16.908382 379.015778
vn -3.179295 3.113710 1.454897
v -15.547780 -16.868864 378.632080
vn -2.546319 3.048500 2.477962
v -15.753116 -16.847839 378.300232
vn -1.570820 3.050639 3.184932
v -16.069565 -16.848520 378.070892
vn -0.581460 3.108401 3.370135
v -16.448795 -16.870802 377.979095
vn -0.035341 3.082543 3.135846
v -16.832535 -16.948940 378.035583
vn 0.413396 2.983049 2.600713
v -17.150764 -17.091434 378.224945
vn 0.911487 3.010216 1.683442
v -17.366514 -17.242081 378.521637
vn 1.170318 3.157448 0.419658
v -17.453182 -17.336653 378.896057
vn 0.992745 3.317901 -0.857489
v -17.393044 -17.334187 379.287262
vn 0.618528 3.554273 -1.811278
v -17.199286 -17.259876 379.625183
vn 0.152106 3.746608 -2.310415
v -16.895905 -17.168903 379.864166
vn 6.192037 0.894355 -0.534810
v -8.281494 -19.987005 384.767303
vn 5.507971 1.340800 1.130193
v -8.389215 -20.018576 383.232910
vn 6.235934 0.710132 -0.198457
v -8.406460 -19.820677 383.256104
vn 1.985643 0.031920 2.491621
v -8.100362 -20.145643 386.254639
vn 4.043254 2.265975 1.139144
v -8.083117 -20.343542 386.231445
vn -0.133452 6.129666 1.214741
v -5.428527 -16.160765 380.113251
vn 0.302257 3.926152 -2.571708
v -6.784472 -16.201868 379.456177
vn -0.538386 6.217333 0.730282
v -11.599332 -17.206179 384.442474
vn 1.469863 3.967224 -2.054343
v -7.164448 -16.215235 379.287811
vn 2.330270 3.931569 -1.110262
v -7.444440 -16.203608 378.980621
vn -0.025494 6.143427 1.135883
v -5.034510 -16.083437 379.746643
vn -2.972128 3.470130 -1.115634
v -5.718912 -16.053448 378.982361
vn -2.128945 3.654094 -2.057948
v -5.993304 -16.113319 379.289001
vn -0.970705 3.815446 -2.572973
v -6.370214 -16.165819 379.456604
vn 0.065197 6.169778 0.982661
v -4.755178 -16.005165 379.286743
vn -3.354509 3.295285 0.091030
v -5.594483 -15.996557 378.589691
vn 0.111527 6.193922 0.812515
v -4.611177 -15.931737 378.767609
vn 0.110672 6.214494 0.636719
v -4.613150 -15.868578 378.227570
vn -3.209942 3.159832 1.353346
v -5.641532 -15.952482 378.178894
vn 0.062766 6.230186 0.467049
v -4.760952 -15.820356 377.706543
vn -0.029075 6.239873 0.314878
v -5.043657 -15.790636 377.243042
vn -2.563444 3.087258 2.453130
v -5.851925 -15.928846 377.820984
vn -0.158976 6.242685 0.190338
v -5.440372 -15.781614 376.871307
vn -0.284057 6.242312 0.143940
v -5.921775 -15.793958 376.618866
vn -0.539473 6.217522 0.727854
v -11.341511 -16.035721 374.653198
vn 0.963633 3.306571 3.202727
v -6.999691 -16.000257 377.577087
vn -0.279047 3.167611 3.465362
v -6.595270 -15.954995 377.491608
vn -1.526710 3.089990 3.200217
v -6.189281 -15.929735 377.577881
vn -0.236988 6.224837 0.761061
v -11.330740 -16.025280 374.572144
vn -0.934079 6.157484 0.744442
v -16.365126 -16.345814 373.564545
vn -0.256463 6.224118 0.768134
v -11.228127 -15.925881 373.800812
vn -0.257021 6.224205 0.767404
v -11.199059 -15.897576 373.581055
vn -0.254315 6.221287 0.797442
v -11.197565 -15.896123 373.569763
vn 2.734694 3.825164 0.097205
v -7.576037 -16.168995 378.587677
vn -0.824586 6.181876 0.707963
v -16.669075 -17.487076 383.070557
vn -0.815719 6.185480 0.689190
v -17.002903 -18.053473 387.652344
vn 2.192087 3.270257 2.296133
v -14.655496 -17.928518 388.331116
vn 1.815983 3.189583 2.701599
v -13.994363 -17.787340 387.618530
vn 1.372859 3.111765 3.033165
v -13.215438 -17.651131 387.035828
vn 2.489162 3.351163 1.829690
v -15.177749 -18.070160 389.150879
vn -0.808118 6.189960 0.657620
v -17.105284 -18.127953 388.211395
vn 2.697728 3.429806 1.317184
v -15.544465 -18.207750 390.051636
vn -0.806582 6.193648 0.619260
v -17.293461 -18.208599 388.759247
vn -0.916260 3.119916 3.397995
v -16.782888 -18.451468 391.209656
vn -0.811519 6.195035 0.590761
v -17.815508 -18.379705 389.830414
vn 0.356685 3.230744 3.399289
v -17.197145 -18.487516 391.209229
vn 1.514992 3.392105 2.884213
v -17.574057 -18.540016 391.376831
vn -0.833479 6.190521 0.598501
v -18.345819 -18.549749 390.886383
vn 2.358195 3.576004 1.941868
v -17.848448 -18.599888 391.683502
vn -0.858885 6.181924 0.644267
v -18.544569 -18.629395 391.417847
vn 2.740510 3.750850 0.735267
v -17.972876 -18.656778 392.076172
vn -1.170151 6.102131 0.678177
v -18.662029 -18.702847 391.956909
vn -1.182646 6.079653 0.819269
v -18.652925 -18.758059 392.434509
vn 2.595927 3.886310 -0.527084
v -17.925827 -18.700853 392.486969
vn -1.125788 6.064151 0.996765
v -18.510080 -18.799238 392.891785
vn -1.023916 6.055069 1.150238
v -18.244919 -18.823090 393.292206
vn 1.949403 3.958918 -1.626873
v -17.715435 -18.724489 392.844849
vn -0.883561 6.053241 1.269833
v -17.878653 -18.827705 393.603729
vn 0.912707 3.956214 -2.373893
v -17.378078 -18.723600 393.087952
vn -0.713707 6.058527 1.347956
v -17.440582 -18.812716 393.801422
vn -0.334843 3.878539 -2.639069
v -16.972090 -18.698341 393.174225
vn -0.574418 6.075104 1.352597
v -16.965746 -18.779322 393.869507
vn -1.577593 3.739527 -2.376399
v -16.567667 -18.653076 393.088776
vn 2.459168 3.503762 -0.336946
v -15.303092 -18.634636 393.871185
vn -2.600700 3.562964 -1.631438
v -16.234741 -18.595636 392.846344
vn 2.741150 3.627720 -0.329243
v -15.621306 -18.553801 392.945435
vn -3.227183 3.379535 -0.532960
v -16.030876 -18.535952 392.488861
vn 2.825754 3.570298 0.220211
v -15.769838 -18.453489 391.979675
vn -3.348722 3.220965 0.729146
v -15.991323 -18.484341 392.078156
vn -2.944300 3.114575 1.936542
v -16.122919 -18.449728 391.685242
vn 2.811154 3.503624 0.774906
v -15.743949 -18.336901 391.004700
vn -2.083904 3.078897 2.880586
v -16.402912 -18.438101 391.378021
vn 0.876807 3.039280 3.280284
v -12.343563 -17.524235 386.601593
vn 0.532949 2.964346 3.316483
v -11.406549 -17.410700 386.329712
vn 2.613149 3.666565 1.359246
v -7.536483 -16.117384 378.176971
vn 1.986621 3.483227 2.457817
v -7.332618 -16.057699 377.819489
vn 1.478687 -2.547650 -3.206143
v -5.417109 -17.634584 375.453796
vn 3.236753 -0.558160 -4.368930
v -8.157682 -17.756836 374.459808
vn 2.358252 1.465882 -5.564954
v -5.503334 -16.645090 375.569824
vn 3.689010 2.062331 -2.529302
v -8.526629 -17.373524 374.385284
vn 3.290369 2.921526 -2.414948
v -8.977537 -16.800066 374.309753
vn 4.005935 1.394021 -2.600824
v -8.218556 -18.035269 374.396851
vn 3.826292 0.372896 4.887555
v -4.763462 -17.195301 380.811401
vn 2.226251 -3.103519 2.089965
v -4.677237 -18.184795 380.695374
vn 4.587638 0.527128 4.078938
v -4.230309 -17.092426 380.330322
vn 2.609341 -2.902241 1.702605
v -4.144084 -18.081921 380.214294
vn 5.406091 0.741312 2.861187
v -3.829874 -16.987665 379.734558
vn 3.025598 -2.793335 1.083307
v -3.743649 -17.977160 379.618530
vn 5.905460 0.946790 1.480155
v -3.585570 -16.887146 379.058929
vn 3.279553 -2.688854 0.380973
v -3.499345 -17.876640 378.942902
vn 6.056469 1.131604 0.016694
v -3.511683 -16.796743 378.342957
vn 3.356371 -2.594884 -0.363300
v -3.425458 -17.786238 378.226929
vn 5.850326 1.284895 -1.443717
v -3.612534 -16.721745 377.628479
vn 3.251535 -2.516933 -1.105996
v -3.526309 -17.711241 377.512451
vn 5.299109 1.397709 -2.815623
v -3.882225 -16.666536 376.957306
vn 2.971169 -2.459495 -1.803703
v -3.796000 -17.656031 376.841248
vn 4.434936 1.463516 -4.018837
v -4.304986 -16.634346 376.368652
vn 2.531696 -2.426099 -2.415655
v -4.218761 -17.623840 376.252625
vn 3.308457 1.478369 -4.982999
v -4.856098 -16.627054 375.896973
vn 1.958820 -2.418527 -2.905956
v -4.769873 -17.616550 375.780945
vn 4.376684 -1.048154 3.681142
v -8.492684 -18.831181 383.372162
vn 4.392544 1.644017 2.693080
v -8.968879 -18.333117 383.738251
vn 4.660485 1.178478 2.641420
v -8.696799 -18.773762 383.520447
vn 4.022295 2.679314 2.723232
v -9.305882 -17.964846 383.998199
vn 4.844375 0.672816 2.582523
v -8.504768 -19.276245 383.356110
vn 1.577612 -3.739511 2.376398
v -6.827241 -17.979248 377.345001
vn 0.334828 -3.878502 2.639059
v -6.422820 -17.933985 377.259552
vn -0.912710 -3.956180 2.373894
v -6.016831 -17.908726 377.345825
vn -1.949411 -3.958903 1.626864
v -5.679475 -17.907837 377.588928
vn -2.595910 -3.886310 0.527097
v -5.469083 -17.931473 377.946808
vn -2.740511 -3.750853 -0.735269
v -5.422033 -17.975546 378.357605
vn -2.358126 -3.576034 -1.941946
v -5.546462 -18.032438 378.750275
vn -1.514928 -3.392025 -2.884258
v -5.820854 -18.092310 379.056915
vn -0.356803 -3.230678 -3.399271
v -6.197764 -18.144810 379.224518
vn 0.916146 -3.120026 -3.398017
v -6.612022 -18.180859 379.224121
vn 2.083895 -3.078913 -2.880599
v -6.991998 -18.194225 379.055756
vn 2.944333 -3.114592 -1.936516
v -7.271991 -18.182596 378.748535
vn 3.348682 -3.220955 -0.729084
v -7.403587 -18.147985 378.355591
vn 3.227125 -3.379578 0.532988
v -7.364033 -18.096375 377.944885
vn 2.600673 -3.562932 1.631483
v -7.160168 -18.036690 377.587433
vn 2.420612 0.338267 1.444716
v -14.797423 -19.481411 394.573395
vn -0.369783 -0.147614 6.205462
v -16.889517 -19.663462 394.571198
vn 1.237793 1.705812 4.186327
v -14.590484 -21.856199 394.294891
vn 0.098908 -3.366851 2.758220
v -16.527370 -23.819347 394.083893
vn 2.609612 3.331738 -0.850264
v -15.059138 -21.795246 393.426880
vn -2.828326 3.358677 2.167429
v -12.469468 -21.520693 393.010010
vn -2.335728 3.336719 2.717792
v -11.986784 -21.541742 393.548157
vn -1.726490 3.340921 3.135944
v -11.390103 -21.537672 393.956818
vn -1.036116 3.370345 3.397580
v -10.714104 -21.508717 394.212219
vn -0.304643 3.423262 3.487559
v -9.998070 -21.456560 394.299530
vn 0.425490 3.497655 3.400512
v -9.283616 -21.384233 394.213684
vn 1.111642 3.587535 3.141705
v -8.612265 -21.295938 393.959625
vn 1.714024 3.689358 2.725965
v -8.023030 -21.196810 393.552185
vn 2.197705 3.795687 2.177653
v -7.550159 -21.092607 393.014984
vn 2.534606 3.901004 1.528499
v -7.221130 -20.989384 392.379272
vn 2.705062 3.999190 0.816232
v -7.055068 -20.893143 391.681976
vn 2.699073 4.084833 0.082318
v -7.061622 -20.809475 390.963623
vn 2.517141 4.152625 -0.630599
v -7.240412 -20.743242 390.265991
vn 2.169840 4.198408 -1.281231
v -7.581047 -20.698296 389.629608
vn 1.677318 4.219653 -1.831702
v -8.063731 -20.677246 389.091461
vn 1.068053 4.215669 -2.249868
v -8.660412 -20.681318 388.682800
vn 0.377559 4.186909 -2.511239
v -9.336411 -20.710274 388.427368
vn -0.819965 2.550503 3.399433
v -9.031471 -20.394096 385.957855
vn -0.354012 4.133907 -2.601123
v -10.052445 -20.762430 388.340057
vn -0.263743 2.586118 3.454875
v -10.011915 -20.467752 385.857391
vn 0.297404 2.634184 3.409996
v -10.992791 -20.562130 385.933319
vn -1.083947 4.059763 -2.514279
v -10.766899 -20.834757 388.425934
vn 0.834740 2.691220 3.267348
v -11.942424 -20.674183 386.183167
vn -1.770143 3.969753 -2.255377
v -11.438251 -20.923050 388.679962
vn 1.339872 2.762717 3.030774
v -12.830151 -20.800291 386.598907
vn -2.372654 3.868332 -1.839716
v -12.027485 -21.022179 389.087433
vn 1.793450 2.839770 2.707425
v -13.627306 -20.936384 387.167053
vn 2.180862 2.920103 2.307810
v -14.308149 -21.078068 387.869324
vn -2.856322 3.761840 -1.291410
v -12.500357 -21.126383 389.624634
vn 2.489568 3.000933 1.844778
v -14.850696 -21.220766 388.682983
vn -3.193172 3.656277 -0.642266
v -12.829385 -21.229605 390.260345
vn 2.709627 3.079776 1.333321
v -15.237426 -21.359871 389.581818
vn -3.363590 3.557884 0.069996
v -12.995447 -21.325846 390.957642
vn 2.833904 3.153968 0.789940
v -15.455853 -21.490891 390.536743
vn 2.858417 3.221168 0.232175
v -15.498923 -21.609594 391.516968
vn -3.357643 3.472261 0.803906
v -12.988893 -21.409515 391.675964
vn 2.782368 3.279156 -0.321966
v -15.365247 -21.712151 392.490845
vn -3.175722 3.404374 1.516854
v -12.810102 -21.475746 392.373596
vn 0.662488 2.877662 3.220240
v -10.817639 -17.408705 386.241241
vn 1.012117 2.702360 3.149191
v -10.235701 -17.529568 386.202118
vn 1.315528 2.406986 3.041966
v -9.688677 -17.764296 386.204376
vn 1.555893 2.008062 2.905878
v -9.197315 -18.099302 386.233398
vn 1.735151 1.559495 2.767204
v -8.777322 -18.520864 386.271881
vn 1.938103 1.069786 2.647264
v -8.444324 -19.014330 386.300323
vn 1.967016 0.476346 2.492276
v -8.213799 -19.563345 386.299438
vn 2.253030 2.989761 0.374869
v -15.155510 -18.713547 394.159973
vn 2.250172 2.159144 1.080667
v -14.999960 -18.894917 394.395782
vn 2.225786 1.100850 1.397900
v -14.868435 -19.160236 394.543976
vn 2.972145 -3.470114 1.115636
v -17.417322 -23.547361 391.103302
vn 3.354511 -3.295289 -0.091032
v -17.541752 -23.604254 391.495972
vn -2.834410 -3.176500 0.004254
v -19.022720 -23.777617 391.873810
vn -2.653796 -3.246547 0.735753
v -18.877922 -23.833773 392.460266
vn 3.209931 -3.159851 -1.353402
v -17.494701 -23.648327 391.906769
vn -2.302205 -3.294254 1.404138
v -18.596041 -23.872047 392.996124
vn -1.800295 -3.316888 1.970046
v -18.193672 -23.890188 393.449799
vn 2.563381 -3.087197 -2.453174
v -17.284309 -23.671965 392.264648
vn -1.177679 -3.313084 2.400115
v -17.694513 -23.887125 393.794586
vn 1.526708 -3.089958 -3.200202
v -16.946953 -23.671076 392.507751
vn -0.470954 -3.283015 2.669056
v -17.127958 -23.863039 394.010193
vn 0.279168 -3.167515 -3.465336
v -16.540964 -23.645815 392.594025
vn -0.963600 -3.306690 -3.202729
v -16.136543 -23.600552 392.508575
vn -1.986671 -3.483127 -2.457778
v -15.803617 -23.543112 392.266144
vn -0.302157 -3.926232 2.571686
v -16.351763 -23.398943 390.629456
vn 0.970787 -3.815350 2.573009
v -16.766020 -23.434992 390.629059
vn -1.469891 -3.967296 2.054279
v -15.971787 -23.385576 390.797821
vn -2.330323 -3.931530 1.110243
v -15.691794 -23.397203 391.105042
vn -2.734695 -3.825161 -0.097201
v -15.560198 -23.431816 391.497986
vn -2.613132 -3.666595 -1.359317
v -15.599751 -23.483425 391.908691
vn 2.128937 -3.654075 2.057953
v -17.142931 -23.487492 390.796661
vn -6.116302 -0.014088 0.739557
v -19.384769 -19.621727 392.361176
vn -5.761171 -0.151771 2.177706
v -19.239956 -19.677877 392.947571
vn -5.069821 -0.245610 3.491825
v -18.958076 -19.716150 393.483398
vn -4.083025 -0.290131 4.604490
v -18.555727 -19.734289 393.937042
vn -2.858932 -0.282658 5.450071
v -18.056597 -19.731228 394.281830
vn -1.469457 -0.223451 5.978828
v -17.490074 -19.707146 394.497467
vn 0.957817 3.429695 -2.505172
v -5.313639 -18.821980 375.314545
vn 1.458851 3.318967 -2.233115
v -4.666403 -18.803944 375.641693
vn 2.031741 3.311378 -1.742789
v -4.115292 -18.811234 376.113373
vn 2.471223 3.277950 -1.130864
v -3.692530 -18.843426 376.702026
vn 2.751561 3.220531 -0.433184
v -3.422839 -18.898634 377.373199
vn 2.856399 3.142576 0.309532
v -3.321988 -18.973633 378.087677
vn 2.779588 3.048603 1.053807
v -3.395875 -19.064034 378.803650
vn 2.525633 2.944108 1.756139
v -3.640179 -19.164555 379.479279
vn 2.109382 2.835228 2.375442
v -4.040615 -19.269314 380.075043
vn 1.705387 2.873775 2.790921
v -4.573767 -19.372189 380.556122
vn 0.963581 3.306704 3.202731
v -6.723772 -19.166643 377.205750
vn -0.279151 3.167504 3.465335
v -6.319350 -19.121378 377.120300
vn -1.526718 3.089950 3.200207
v -5.913362 -19.096119 377.206573
vn -2.563391 3.087206 2.453176
v -5.576005 -19.095230 377.449677
vn -3.209921 3.159863 1.353406
v -5.365613 -19.118866 377.807556
vn -3.354516 3.295280 0.091031
v -5.318563 -19.162941 378.218353
vn -2.972178 3.470060 -1.115593
v -5.442992 -19.219831 378.611023
vn -2.128969 3.654141 -2.057893
v -5.717384 -19.279703 378.917694
vn -0.970704 3.815471 -2.572967
v -6.094294 -19.332203 379.085297
vn 0.302250 3.926173 -2.571702
v -6.508552 -19.368252 379.084869
vn 1.469892 3.967305 -2.054268
v -6.888528 -19.381618 378.916504
vn 2.330316 3.931518 -1.110261
v -7.168520 -19.369991 378.609283
vn 2.734663 3.825178 0.097158
v -7.300117 -19.335379 378.216370
vn 2.613127 3.666607 1.359299
v -7.260563 -19.283768 377.805634
vn 1.986673 3.483138 2.457774
v -7.056698 -19.224083 377.448181
vn 2.862225 3.330537 0.356559
v -8.470584 -19.764980 381.009949
vn 2.850719 3.301390 0.656356
v -8.295938 -19.226892 376.551300
vn 2.859875 3.315605 0.512030
v -8.437110 -19.500780 378.781921
vn 3.395129 -2.784798 -0.360585
v -8.574054 -18.577587 381.149200
vn 3.393358 -2.806595 -0.205925
v -8.540580 -18.313387 378.921173
vn 3.384800 -2.827680 -0.062402
v -8.399407 -18.039499 376.690552
vn -0.277395 6.102964 1.435154
v -1.786573 -10.580457 352.047424
vn -0.292044 6.082376 1.514866
v -2.253862 -10.771962 352.749054
vn -0.309835 6.063713 1.583083
v -2.830660 -10.968333 353.405975
vn -0.802810 6.064504 1.395370
v -17.000048 -12.284962 353.759674
vn -0.314724 6.043566 1.655576
v -4.177001 -11.372720 354.650726
vn -0.317225 6.042850 1.663284
v -5.553927 -11.791875 355.902496
vn -0.815104 6.049157 1.465282
v -16.652895 -13.838546 360.309082
vn -0.309101 6.047678 1.650019
v -6.168490 -12.006788 356.566559
vn -0.296420 6.055970 1.624915
v -6.687094 -12.224648 357.271942
vn -0.280256 6.064168 1.597705
v -7.074087 -12.444510 358.029236
vn -0.262239 6.069937 1.577735
v -7.358651 -12.664836 358.824402
vn -0.260338 6.088010 1.510022
v -8.435902 -13.533944 362.035034
vn -0.719699 6.091776 1.351396
v -16.516554 -14.597429 363.592834
vn -0.277715 6.119462 1.378276
v -9.412197 -14.352685 365.306580
vn -0.814718 6.108308 1.202084
v -16.417202 -15.288551 366.893372
vn -0.274962 6.144078 1.263552
v -9.854618 -14.730889 366.968811
vn -0.258454 6.162903 1.169182
v -10.261780 -15.081817 368.649536
vn -0.815805 6.147696 0.981397
v -16.363731 -15.879225 370.215668
vn -0.255271 6.186099 1.039947
v -10.630066 -15.400974 370.349945
vn -0.250510 6.207199 0.906873
v -10.955508 -15.684383 372.072083
vn -0.803761 6.110041 1.175619
v -17.190889 -11.608632 350.468506
vn -0.810933 6.145422 0.967562
v -17.285526 -11.331207 348.812073
vn -1.483947 6.051747 0.549710
v -17.725157 -11.202692 347.366669
vn -1.538446 6.013187 0.836676
v -17.713783 -11.227448 347.575256
vn -1.618587 5.967882 0.897174
v -17.690845 -11.280242 347.991852
vn -2.797440 5.514805 0.915238
v -18.051743 -11.420327 347.994141
vn -2.828269 5.524322 0.849135
v -18.074772 -11.367588 347.578827
vn -2.848571 5.540877 0.560855
v -18.086195 -11.342853 347.370880
vn -4.058218 4.725239 0.653221
v -18.426506 -11.559406 347.365143
vn -3.978771 4.767104 0.817026
v -18.415049 -11.584040 347.571991
vn -3.857250 4.837168 0.877149
v -18.391953 -11.636567 347.985229
vn -4.773890 3.960562 0.755042
v -18.710732 -11.870246 347.554199
vn -4.770724 3.953525 0.802462
v -18.687618 -11.922405 347.964630
vn -5.419707 3.067885 0.687761
v -18.941595 -12.210217 347.526215
vn -5.486624 2.906083 0.714947
v -18.918526 -12.261883 347.933289
vn -5.973384 1.749717 0.599746
v -19.072441 -12.632427 347.893433
vn -5.979005 1.792783 0.564253
v -19.095398 -12.581331 347.490112
vn -5.980293 1.817016 0.388366
v -19.106789 -12.557407 347.288483
vn -5.392704 3.137370 0.565800
v -18.953043 -12.186009 347.322632
vn -4.775478 3.964313 0.728401
v -18.722202 -11.845794 347.348816
vn -6.245928 0.397734 0.272669
v -19.181204 -12.935456 347.249084
vn -6.241750 0.411950 0.407305
v -19.169901 -12.959085 347.448700
vn -6.214248 0.562826 0.445993
v -19.147114 -13.009588 347.848145
vn -6.211801 0.570461 0.460666
v -19.054041 -13.250592 349.448547
vn -6.212342 0.574765 0.447737
v -19.100906 -13.122746 348.647797
vn -5.971918 1.744704 0.609613
v -19.025927 -12.746761 348.700104
vn -5.487806 2.891694 0.753824
v -18.871801 -12.377352 348.746796
vn -4.768016 3.941947 0.869788
v -18.640802 -12.038860 348.784332
vn -3.850002 4.827794 0.949510
v -18.345160 -11.753765 348.810089
vn -2.794657 5.501207 0.989321
v -18.005058 -11.537971 348.822815
vn -1.673708 5.941724 0.990686
v -17.644314 -11.398026 348.822876
vn -6.211010 0.568624 0.480091
v -18.943316 -13.596582 351.321320
vn -6.211305 0.568907 0.471497
v -19.006731 -13.391426 350.250397
vn -5.969431 1.731915 0.670400
v -18.931250 -13.017634 350.314178
vn -5.970701 1.738051 0.641834
v -18.978792 -12.875740 349.506989
vn -5.484282 2.872275 0.850711
v -18.776770 -12.650346 350.372131
vn -5.486131 2.881790 0.804736
v -18.824478 -12.507423 349.559692
vn -4.763894 3.916830 0.999542
v -18.545595 -12.313715 350.419922
vn -4.766102 3.929285 0.937691
v -18.593390 -12.169889 349.602692
vn -3.845714 4.798306 1.106797
v -18.249950 -12.030053 350.454224
vn -3.848056 4.813054 1.031625
v -18.297752 -11.885528 349.632996
vn -2.790629 5.468902 1.167316
v -17.909983 -11.815165 350.473328
vn -2.792843 5.485187 1.082081
v -17.957729 -11.670189 349.649109
vn -1.670223 5.908232 1.181850
v -17.549448 -11.675578 350.477478
vn -1.631593 5.932474 1.088343
v -17.597107 -11.530414 349.651306
vn -6.211176 0.625749 0.486278
v -18.694250 -14.553599 355.627258
vn -6.211315 0.562217 0.484972
v -18.817009 -14.053959 353.469666
vn -6.210931 0.567206 0.486514
v -18.879929 -13.818502 352.394379
vn -5.967812 1.715291 0.730290
v -18.740950 -13.683382 353.548126
vn -5.968091 1.719465 0.716486
v -18.804003 -13.447056 352.469025
vn -5.481358 2.846032 0.956488
v -18.586021 -13.319221 353.620544
vn -5.482178 2.853229 0.928869
v -18.649185 -13.082043 352.537659
vn -4.760032 3.882021 1.147816
v -18.354567 -12.985383 353.681763
vn -4.761300 3.892029 1.107245
v -18.417812 -12.747436 352.595306
vn -3.841282 4.756656 1.291451
v -18.058809 -12.703957 353.727509
vn -3.842888 4.769023 1.239614
v -18.122103 -12.465381 352.637970
vn -2.785933 5.422473 1.380241
v -17.718868 -12.490598 353.755463
vn -2.787769 5.436609 1.319436
v -17.782183 -12.251573 352.663483
vn -1.665704 5.859196 1.413882
v -17.358452 -12.351800 353.765533
vn -1.560834 5.895871 1.327247
v -17.421764 -12.112517 352.671875
vn -6.220156 0.592872 0.375403
v -18.377449 -16.113583 362.165222
vn -6.216845 0.564485 0.423445
v -18.471663 -15.599704 359.973358
vn -6.210027 0.673756 0.493151
v -18.635189 -14.812665 356.709656
vn -5.975062 1.715552 0.685472
v -18.395735 -15.230180 360.057892
vn -5.970844 1.711658 0.723156
v -18.559027 -14.443440 356.794281
vn -5.489456 2.844595 0.930775
v -18.240774 -14.867160 360.137268
vn -5.484539 2.839178 0.968061
v -18.403963 -14.080636 356.873138
vn -4.767829 3.879010 1.142627
v -18.009113 -14.534524 360.205841
vn -4.762923 3.872287 1.177993
v -18.172348 -13.748078 356.940643
vn -3.847666 4.751851 1.306892
v -17.713005 -14.254316 360.258942
vn -3.843429 4.744391 1.338959
v -17.876419 -13.467773 356.992126
vn -2.790029 5.415543 1.415114
v -17.372622 -14.042141 360.293793
vn -2.787009 5.408033 1.442773
v -17.536306 -13.255318 357.024933
vn -1.667210 5.849788 1.465808
v -17.011734 -13.904435 360.309937
vn -1.586389 5.858209 1.480829
v -17.175732 -13.117171 357.038788
vn -6.225756 0.583066 0.260178
v -18.236534 -17.060163 366.590515
vn -6.228568 0.598841 0.141125
v -18.182741 -17.658155 369.946960
vn -6.144647 1.080609 0.064493
v -18.161890 -17.976019 373.355927
vn -5.992380 1.772895 0.321755
v -18.108084 -17.282682 370.006226
vn -5.988238 1.747416 0.485142
v -18.161505 -16.686987 366.661499
vn -5.980848 1.728384 0.610544
v -18.301792 -15.743160 362.246979
vn -5.650557 2.632281 0.272359
v -18.004433 -17.481823 373.415680
vn -5.509212 2.921738 0.503564
v -17.953941 -16.914249 370.063751
vn -5.505377 2.888109 0.696637
v -18.007097 -16.320642 366.729309
vn -5.496380 2.861467 0.845823
v -18.146988 -15.379334 362.324097
vn -4.774810 3.989192 0.456663
v -17.723507 -17.045074 373.469757
vn -4.786591 3.971241 0.673457
v -17.722565 -16.577244 370.115601
vn -4.784340 3.932547 0.883601
v -17.775583 -15.985345 366.789276
vn -4.775013 3.899323 1.050932
v -17.915348 -15.046074 362.391174
vn -3.575635 5.080064 0.578320
v -17.338259 -16.695538 373.514496
vn -3.862016 4.852791 0.820944
v -17.426224 -16.294128 370.158295
vn -3.862603 4.812503 1.033598
v -17.479235 -15.703406 366.837311
vn -3.854184 4.774548 1.212195
v -17.619135 -14.765495 362.443634
vn -2.117371 5.831175 0.656628
v -16.874941 -16.457033 373.546814
vn -2.797161 5.517202 0.940231
v -17.085211 -16.080709 370.189514
vn -2.801767 5.479534 1.138611
v -17.138323 -15.490563 366.870850
vn -2.795227 5.439191 1.321191
v -17.278553 -14.553236 362.478699
vn -1.697698 5.943748 0.989688
v -16.723475 -15.943377 370.208435
vn -1.671051 5.915184 1.190577
v -16.776752 -15.353219 366.889160
vn -1.705609 5.861862 1.394344
v -16.917421 -14.415718 362.495850
vn -1.541893 5.907214 1.284726
v -17.485579 -11.886007 351.576080
vn -2.789008 5.451857 1.249098
v -17.846035 -12.025330 351.569641
vn -3.843976 4.782857 1.178496
v -18.185963 -12.239652 351.547058
vn -4.762220 3.903779 1.058030
v -18.481632 -12.522456 351.508179
vn -5.482870 2.862301 0.893579
v -18.712914 -12.857999 351.454956
vn -5.968482 1.725459 0.696250
v -18.867580 -13.224059 351.391113
vn -1.538221 5.865513 1.474530
v -17.235044 -12.856661 355.948578
vn -2.786466 5.411081 1.427191
v -17.595545 -12.995002 355.935791
vn -3.842196 4.746432 1.329858
v -17.935585 -13.207685 355.904236
vn -4.761153 3.873414 1.175912
v -18.231453 -13.488240 355.854126
vn -5.482520 2.839390 0.973114
v -18.463030 -13.821060 355.788086
vn -5.968910 1.710858 0.735001
v -18.618078 -14.184125 355.710632
vn -1.678867 5.991370 0.651473
v -16.909410 -17.265259 380.712738
vn -2.804010 5.562198 0.551767
v -17.270700 -17.401110 380.680298
vn -3.962133 4.827308 0.460153
v -17.563293 -17.472069 379.468628
vn -3.999069 4.802393 0.450192
v -17.522524 -17.330351 378.290466
vn -3.860392 4.892243 0.484084
v -17.488737 -17.188393 377.105042
vn -2.808875 5.554733 0.591983
v -17.147959 -16.975149 377.139221
vn -1.679342 5.988805 0.670151
v -16.786428 -16.838472 377.164795
vn -1.685234 5.986575 0.676053
v -16.772043 -16.767151 376.567291
vn -1.688989 5.985534 0.679042
v -16.759338 -16.695770 375.968048
vn -2.804663 5.555398 0.605544
v -17.120914 -16.832699 375.944580
vn -2.804789 5.554627 0.611916
v -17.109880 -16.761379 375.344635
vn -3.863275 4.886951 0.514617
v -17.450724 -16.974981 375.313477
vn -3.863427 4.885843 0.523856
v -17.441332 -16.903715 374.712738
vn -4.783439 4.002284 0.405995
v -17.737503 -17.187616 374.674866
vn -4.783594 4.000882 0.417664
v -17.729719 -17.116381 374.073212
vn -5.497375 2.963036 0.290648
v -17.960938 -17.454712 374.030487
vn -1.687903 5.985423 0.681717
v -16.748285 -16.624329 375.367065
vn -2.804889 5.553882 0.618147
v -17.100473 -16.689997 374.742920
vn -3.876096 4.875666 0.535771
v -17.433537 -16.832378 374.110229
vn -1.666006 5.990859 0.689946
v -16.731045 -16.481264 374.159912
vn -1.683985 5.985758 0.685014
v -16.738863 -16.552828 374.764343
vn -2.808215 5.552581 0.634866
v -17.092667 -16.618549 374.139465
vn -5.987913 1.801372 0.154127
v -18.114931 -17.824820 373.984924
vn -6.226007 0.658634 -0.013733
v -18.189463 -18.202194 373.939423
vn -6.218531 0.737038 -0.163282
v -18.318665 -18.839193 379.275299
vn -6.222467 0.639596 -0.119567
v -18.278080 -18.698120 378.102478
vn -6.222723 0.675241 -0.077249
v -18.244442 -18.556780 376.922241
vn -5.984627 1.813734 0.028853
v -18.203596 -18.320997 378.150116
vn -5.985253 1.809922 0.059043
v -18.169939 -18.179581 376.969208
vn -5.501842 2.962681 0.181981
v -18.049681 -17.951324 378.199310
vn -5.502481 2.959125 0.209140
v -18.015991 -17.809776 377.017334
vn -4.781763 4.011960 0.330640
v -17.818571 -17.613604 378.247131
vn -4.782399 4.008874 0.353580
v -17.784840 -17.471870 377.063599
vn -6.206954 0.787928 -0.364585
v -18.689198 -19.634039 385.777435
vn -6.216527 0.660584 -0.288064
v -18.484034 -19.260899 382.748413
vn -6.213244 0.834320 -0.170379
v -18.366390 -18.980009 380.440613
vn -5.978868 1.834267 -0.130243
v -18.409674 -18.884113 382.798828
vn -5.981989 1.824153 -0.053735
v -18.291956 -18.603046 380.489563
vn -5.496253 2.981826 0.038918
v -18.255976 -18.515024 382.852875
vn -5.499317 2.972303 0.107693
v -18.138130 -18.233654 380.541107
vn -4.776370 4.028717 0.209827
v -18.025171 -18.178123 382.907471
vn -4.779376 4.020314 0.267881
v -17.907145 -17.896326 380.592194
vn -3.856897 4.906789 0.371913
v -17.729496 -17.895882 382.959106
vn -3.859708 4.900065 0.416842
v -17.611248 -17.613556 380.639526
vn -2.799287 5.568255 0.515667
v -17.389196 -17.684023 383.004761
vn -1.676105 5.993672 0.634410
v -17.028164 -17.548784 383.042206
vn -6.187144 0.683979 -0.659756
v -18.868505 -19.847933 387.832245
vn -6.202419 0.673231 -0.503075
v -18.813522 -19.819975 387.271027
vn -5.965362 1.854788 -0.373536
v -18.739399 -19.443588 387.324646
vn -5.972499 1.845445 -0.222267
v -18.614977 -19.257500 385.829926
vn -5.482380 3.009124 -0.212416
v -18.586111 -19.075191 387.384277
vn -5.490563 2.991823 -0.043925
v -18.461521 -18.888849 385.887634
vn -4.761188 4.059841 -0.027001
v -18.355877 -18.739258 387.446686
vn -4.771657 4.037082 0.139790
v -18.231054 -18.552567 385.947296
vn -3.840005 4.937338 0.171697
v -18.060909 -18.458204 387.507965
vn -3.853333 4.913233 0.317611
v -17.935797 -18.271088 386.005249
vn -2.781344 5.593194 0.370937
v -17.721399 -18.247681 387.564362
vn -2.796981 5.572592 0.479013
v -17.595964 -18.060087 386.057892
vn -1.658909 6.008329 0.558866
v -17.361189 -18.113829 387.613037
vn -1.686475 5.993793 0.615623
v -17.235416 -17.925745 386.102661
vn -6.162525 0.708746 -0.830878
v -18.932981 -19.807674 388.399353
vn -6.137833 0.738251 -0.951874
v -19.080713 -19.613373 389.540527
vn -6.130272 0.754918 -0.964722
v -19.185328 -19.472492 390.298065
vn -6.143863 0.759185 -0.853048
v -19.288136 -19.385412 391.045715
vn -5.803732 1.879223 -0.178139
v -19.350235 -19.243771 391.802185
vn -5.873371 1.931199 -0.848115
v -19.255331 -19.218300 391.070892
vn -5.840724 1.946463 -1.059645
v -19.144279 -19.263556 390.329163
vn -5.846488 1.938411 -1.082883
v -19.028948 -19.350060 389.579315
vn -5.890291 1.911048 -0.910113
v -18.865881 -19.466677 388.448730
vn -5.938280 1.878719 -0.628536
v -18.796331 -19.481306 387.884918
vn -5.373146 3.072268 -0.746448
v -19.187445 -19.054865 391.099731
vn -4.684088 3.921697 0.103361
v -19.201147 -18.974697 391.855164
vn -4.659342 4.098655 -0.574660
v -19.085459 -18.905975 391.130768
vn -3.769234 4.955192 -0.315859
v -18.954779 -18.781572 391.162018
vn -4.606626 4.119696 -0.885650
v -18.931767 -18.872957 390.402496
vn -3.718006 4.978481 -0.614061
v -18.768291 -18.717318 390.440521
vn -4.603590 4.125213 -0.944016
v -18.760988 -18.857681 389.669952
vn -3.710948 4.988008 -0.670060
v -18.554873 -18.661413 389.716583
vn -4.656356 4.118121 -0.733131
v -18.518620 -18.828793 388.562561
vn -3.750314 4.988401 -0.475591
v -18.251526 -18.574383 388.620422
vn -4.721632 4.094175 -0.360793
v -18.422861 -18.795361 388.005524
vn -3.803361 4.970139 -0.132814
v -18.135612 -18.521713 388.066467
vn -2.879579 5.400895 0.433992
v -18.959480 -18.784750 391.909515
vn -2.745616 5.603230 -0.008840
v -18.804352 -18.688578 391.191620
vn -2.709473 5.623013 -0.238817
v -18.580120 -18.600920 390.476318
vn -2.698724 5.633930 -0.279801
v -18.317621 -18.514572 389.760254
vn -2.718618 5.635828 -0.125648
v -17.944092 -18.383924 388.674164
vn -2.752026 5.620548 0.138927
v -17.804987 -18.316792 388.122833
vn -1.670959 6.010552 0.345038
v -18.644743 -18.629681 391.217957
vn -1.629976 6.029605 0.211133
v -18.380466 -18.527140 390.507965
vn -1.625441 6.035785 0.196282
v -18.065897 -18.421421 389.798645
vn -1.625922 6.035901 0.288387
v -17.617907 -18.262962 388.720978
vn -1.639203 6.025103 0.434056
v -17.454199 -18.186573 388.171661
vn -6.208985 0.916343 0.023804
v -18.197227 -18.273256 374.539642
vn -6.215708 0.838314 -0.002239
v -18.206583 -18.344246 375.138031
vn -5.986164 1.803361 0.112312
v -18.132061 -17.966940 375.184082
vn -5.985878 1.805269 0.096314
v -18.143038 -18.037889 375.780945
vn -5.503106 2.954836 0.242666
v -17.989067 -17.667959 375.828033
vn -5.502798 2.956599 0.227968
v -18.001696 -17.738901 376.423584
vn -4.782768 4.006660 0.369486
v -17.770525 -17.400908 376.469116
vn -6.221784 0.717384 -0.051413
v -18.230165 -18.486006 376.329315
vn -5.985538 1.807230 0.079979
v -18.155655 -18.108770 376.376007
vn -5.983429 1.818047 -0.006860
v -18.244204 -18.462151 379.323578
vn -5.500751 2.966583 0.149841
v -18.090328 -18.092613 379.373932
vn -4.780814 4.015290 0.303471
v -17.859274 -17.755085 379.423340
vn -2.804506 5.556183 0.599032
v -17.133598 -16.903954 376.542786
vn -3.862895 4.889235 0.495555
v -17.474401 -17.117319 376.509644
vn -3.863091 4.888088 0.505179
v -17.461739 -17.046183 375.912445
vn -6.219730 0.771679 -0.027342
v -18.217554 -18.415161 375.734589
vn -5.986401 1.801501 0.127982
v -18.122700 -17.895916 374.585419
vn -5.503583 2.951425 0.271160
v -17.968714 -17.525866 374.631470
vn -5.503367 2.953110 0.257063
v -17.978081 -17.596947 375.230652
vn -5.446185 3.040857 -0.528896
v -18.647062 -19.122503 387.943726
vn -5.382406 3.071460 -0.879918
v -18.727089 -19.132990 388.504120
vn -5.327798 3.089662 -1.083250
v -18.921856 -19.092453 389.623230
vn -5.326226 3.090101 -1.036126
v -19.059351 -19.059181 390.364624
vn -4.783251 4.003713 0.394076
v -17.746881 -17.258781 375.274750
vn -4.783028 4.005170 0.381908
v -17.757881 -17.329878 375.872833
vn -2.878635 5.322059 0.911862
v -18.960087 -18.841511 392.392975
vn -4.658808 3.775057 0.967434
v -19.201818 -19.038805 392.401215
vn -5.728092 1.701784 0.875774
v -19.350946 -19.312778 392.390045
vn -5.404109 1.576090 2.187384
v -19.209660 -19.367563 392.962189
vn -4.773512 1.490510 3.385964
v -18.934645 -19.404903 393.484955
vn -3.873504 1.449927 4.400761
v -18.542093 -19.422600 393.927551
vn -2.756951 1.456617 5.172071
v -18.055119 -19.419613 394.263947
vn -1.489721 1.510706 5.654409
v -17.502394 -19.396118 394.474304
vn -0.491404 1.610359 5.874231
v -16.916479 -19.353500 394.546265
vn -0.600280 3.731871 4.819008
v -16.940434 -19.076632 394.404144
vn -1.369836 3.626776 4.675540
v -17.484678 -19.116219 394.337311
vn -2.353268 3.584944 4.301273
v -17.998110 -19.138044 394.141907
vn -3.219744 3.579743 3.702761
v -18.450466 -19.140820 393.829407
vn -3.918096 3.611181 2.915327
v -18.815111 -19.124378 393.418274
vn -4.407410 3.677596 1.985203
v -19.070576 -19.089693 392.932678
vn -0.617232 5.308386 3.029064
v -16.957733 -18.875008 394.166504
vn -1.039454 5.239250 2.985406
v -17.439625 -18.910059 394.107300
vn -1.589062 5.215501 2.778056
v -17.894251 -18.929384 393.934296
vn -2.074645 5.212564 2.443199
v -18.294794 -18.931841 393.657593
vn -2.466219 5.230216 2.001666
v -18.617674 -18.917284 393.293549
vn -2.739901 5.267430 1.480487
v -18.843878 -18.886572 392.863556
vn 3.344181 2.086713 4.669650
v -4.840520 -16.813208 380.793823
vn 3.177299 4.251198 2.526210
v -9.774646 -17.620127 384.242645
vn 2.362715 4.099457 3.888403
v -4.993970 -16.482430 380.654999
vn 1.952358 5.441224 2.034324
v -10.336693 -17.361212 384.375671
vn 1.015915 5.510919 2.516182
v -5.200451 -16.253323 380.415985
vn 0.603464 6.089180 1.296160
v -10.953717 -17.218624 384.431793
vn -0.313597 6.217752 0.805842
v -11.590255 -17.205406 384.442505
vn 1.344051 5.534878 2.237157
v -4.777007 -16.171616 380.033905
vn 2.916822 4.158650 3.330688
v -4.512870 -16.389599 380.220886
vn 4.034844 2.195719 3.921518
v -4.320896 -16.712944 380.324982
vn 4.781446 2.391067 2.810788
v -3.930621 -16.610842 379.744324
vn 5.236877 2.578510 1.551181
v -3.692516 -16.512873 379.085846
vn 5.374660 2.747062 0.216295
v -3.620504 -16.424765 378.388000
vn 5.186649 2.886905 -1.115667
v -3.718795 -16.351669 377.691681
vn 4.683809 2.989775 -2.367032
v -3.981643 -16.297861 377.037506
vn 3.895646 3.049842 -3.464432
v -4.393678 -16.266487 376.463806
vn 2.868195 3.063365 -4.343874
v -4.930806 -16.259380 376.004089
vn 2.004459 3.093110 -4.876253
v -5.561619 -16.276958 375.685242
vn 1.327701 4.872238 -3.466166
v -5.661608 -15.985937 375.925140
vn 2.011586 4.831807 -3.082621
v -5.077562 -15.969663 376.220337
vn 2.808835 4.821348 -2.400242
v -4.580256 -15.976241 376.645996
vn 3.420404 4.774715 -1.548768
v -4.198770 -16.005289 377.177155
vn 3.810559 4.694828 -0.577843
v -3.955409 -16.055107 377.782806
vn 3.956449 4.586349 0.455726
v -3.864404 -16.122784 378.427521
vn 3.849560 4.455599 1.491462
v -3.931077 -16.204361 379.073608
vn 3.496115 4.310171 2.468836
v -4.151530 -16.295067 379.683289
vn 0.448393 5.935247 -1.519870
v -5.788078 -15.816330 376.252991
vn 0.838588 5.910763 -1.343790
v -5.274025 -15.802006 376.512817
vn 1.284699 5.904979 -0.964968
v -4.836317 -15.807796 376.887451
vn 1.627491 5.879060 -0.489720
v -4.500548 -15.833363 377.354950
vn 1.846280 5.834440 0.053534
v -4.286352 -15.877211 377.888031
vn 1.927981 5.773687 0.632232
v -4.206254 -15.936776 378.455475
vn 1.867671 5.700447 1.211853
v -4.264936 -16.008577 379.024139
vn 1.668989 5.619205 1.757723
v -4.458970 -16.088413 379.560730
vn -0.368817 6.236192 0.631519
v -11.333508 -16.034821 374.651367
vn 0.309180 6.240649 0.095437
v -10.698951 -16.027138 374.506012
vn 1.389556 5.824510 -0.870675
v -10.073997 -16.148947 374.374329
vn 2.374913 4.847123 -1.745098
v -9.485700 -16.407358 374.291351
vn 2.857617 3.879569 -2.191823
v -9.218126 -16.588123 374.283539
vn 4.883739 -1.223100 0.317575
v -3.461949 -14.351567 356.808990
vn 5.412998 1.198248 2.902411
v -3.327658 -13.521266 356.278168
vn 5.470272 1.243817 2.779690
v -3.588102 -14.003722 356.981995
vn 4.822991 2.176928 3.342350
v -3.487130 -13.125649 356.326019
vn 4.928232 2.235109 3.146682
v -3.772879 -13.546538 357.039154
vn 4.079224 3.132895 3.566945
v -3.723256 -12.747520 356.339722
vn 4.207478 3.213833 3.340240
v -4.046517 -13.109653 357.057373
vn 3.218958 4.016947 3.560997
v -4.028717 -12.411308 356.315399
vn 3.348032 4.109886 3.329874
v -4.400539 -12.721299 357.032043
vn 2.283965 4.786838 3.322807
v -4.387325 -12.138370 356.253326
vn 2.393859 4.874663 3.113180
v -4.816187 -12.406146 356.963318
vn 1.317745 5.403649 2.867282
v -4.776705 -11.942727 356.158234
vn 1.395244 5.468585 2.706425
v -5.267526 -12.180380 356.856476
vn 0.366827 5.834239 2.228407
v -5.172729 -11.828795 356.038116
vn 0.405053 5.865746 2.143222
v -5.726590 -12.049079 356.720612
vn 5.355056 1.198902 2.998259
v -2.628622 -12.085356 354.446686
vn 4.756195 2.177701 3.422509
v -2.706073 -11.891283 354.467651
vn 4.793099 2.224944 3.330763
v -2.302159 -11.314320 353.531677
vn 4.067332 3.191700 3.499923
v -2.362445 -11.216244 353.532654
vn 4.187004 3.287986 3.254365
v -2.021891 -10.895109 352.813812
vn 3.350142 4.187652 3.185246
v -2.060561 -10.851727 352.808868
vn 3.491436 4.301462 2.865378
v -1.704553 -10.614331 352.073547
vn 2.541241 5.052706 2.633173
v -1.723832 -10.599342 352.069153
vn 1.515108 5.617152 2.263315
v -1.744780 -10.588624 352.062988
vn 0.499824 5.958920 1.815893
v -1.766082 -10.582417 352.055573
vn 0.436412 5.907037 1.992518
v -2.205568 -10.776660 352.767883
vn 0.384606 5.859571 2.138245
v -2.733182 -10.977886 353.443329
vn 0.329183 5.835512 2.204873
v -3.525982 -11.254481 354.310059
vn 5.363817 1.227355 2.966318
v -2.261541 -11.416874 353.521515
vn 4.881266 2.295496 3.145540
v -1.992060 -10.943887 352.813751
vn 4.317608 3.387177 2.968892
v -1.688158 -10.632812 352.075897
vn 5.405442 1.264601 2.873696
v -1.971993 -10.994888 352.809052
vn 4.988724 2.360721 2.921139
v -1.675527 -10.653599 352.076050
vn 5.458691 1.308426 2.751460
v -1.667050 -10.675332 352.074249
vn 0.450634 5.908077 2.020696
v -6.201559 -12.270394 357.437622
vn 0.504264 5.943841 1.898206
v -6.568583 -12.491198 358.197876
vn 0.541784 5.954756 1.843162
v -6.711266 -12.600936 358.593262
vn 0.544910 5.957892 1.832345
v -6.851284 -12.710556 358.989685
vn 0.570012 5.965343 1.809467
v -7.218159 -13.001760 360.049805
vn 1.650745 5.660470 2.090436
v -6.688777 -13.147616 360.189301
vn 1.668205 5.686750 2.007409
v -7.386736 -13.716772 362.315765
vn 2.758655 5.161126 2.211256
v -6.861424 -13.968791 362.414246
vn 2.792387 5.202646 2.068907
v -7.508026 -14.511740 364.558197
vn 3.804889 4.463963 2.176663
v -7.020370 -14.867186 364.610046
vn 3.850497 4.513378 1.987865
v -7.609150 -15.374486 366.776886
vn 4.716669 3.591586 2.002584
v -7.192696 -15.818584 366.783661
vn 4.760640 3.634724 1.807663
v -7.717655 -16.281076 368.977600
vn 5.425891 2.582882 1.746559
v -7.398864 -16.788101 368.948090
vn 5.457178 2.611073 1.595670
v -7.635762 -17.000034 370.057739
vn 5.889338 1.512801 1.489701
v -7.427962 -17.535900 370.002014
vn 5.916159 1.535505 1.354937
v -7.647385 -17.734253 371.123993
vn 5.939646 1.536045 1.237862
v -7.847785 -17.915733 372.255005
vn 5.946353 1.592300 1.142187
v -7.984955 -18.039997 373.109314
vn 5.504764 2.656028 1.335572
v -8.054701 -17.376181 372.302185
vn 5.518098 2.671405 1.238698
v -8.191615 -17.499241 373.152863
vn 4.836716 3.716008 1.384673
v -8.374990 -16.864910 372.326019
vn 4.849476 3.732304 1.284659
v -8.512272 -16.987125 373.174957
vn 3.955744 4.643928 1.377628
v -8.799035 -16.417374 372.322784
vn 3.967026 4.660237 1.278472
v -8.937316 -16.539293 373.172119
vn 2.909887 5.378299 1.313164
v -9.303270 -16.063936 372.291809
vn 2.918947 5.393598 1.218887
v -9.443069 -16.186235 373.143738
vn 1.767004 5.880683 1.196852
v -9.854260 -15.823424 372.235809
vn 1.773214 5.894006 1.111121
v -9.995891 -15.946786 373.092346
vn 0.600022 6.142221 1.038314
v -10.415720 -15.699992 372.160309
vn 0.619507 6.152180 0.966920
v -10.559264 -15.824991 373.022949
vn 0.556978 5.987167 1.737422
v -7.921343 -13.574116 362.185699
vn 1.690130 5.723676 1.882293
v -8.038914 -14.262005 364.468079
vn 2.827646 5.251311 1.892194
v -8.101666 -15.019486 366.730774
vn 3.888397 4.559404 1.796364
v -8.137271 -15.835435 368.972534
vn 4.791251 3.665621 1.652663
v -7.955060 -16.491488 370.085632
vn 5.482705 2.634229 1.465073
v -7.854712 -17.196472 371.175659
vn 0.602660 6.010444 1.654514
v -8.579358 -14.123137 364.348022
vn 0.574258 6.050375 1.501032
v -9.185033 -14.637532 366.540070
vn 0.580249 6.084255 1.350543
v -9.730134 -15.106012 368.762909
vn 0.602543 6.104114 1.248406
v -9.977376 -15.319641 369.886383
vn 0.610239 6.125058 1.138063
v -10.206295 -15.518025 371.018677
vn 0.607697 6.162300 0.889092
v -10.656366 -15.909770 373.656647
vn 0.608540 6.159984 0.907014
v -10.625081 -15.882398 373.447083
vn 0.613053 6.156640 0.930005
v -10.593039 -15.854442 373.238037
vn 1.779305 5.903357 1.043002
v -10.060824 -16.003410 373.513336
vn 1.777698 5.899475 1.067568
v -10.029213 -15.975838 373.305847
vn 2.926561 5.404281 1.144164
v -9.507156 -16.242338 373.562408
vn 2.924141 5.399857 1.171071
v -9.475957 -16.215023 373.356079
vn 3.975833 4.671710 1.199963
v -9.000701 -16.595192 373.589478
vn 3.972682 4.667068 1.228269
v -8.969844 -16.567978 373.383789
vn 4.858965 3.743951 1.205695
v -8.575191 -17.043133 373.592133
vn 4.855350 3.739408 1.234179
v -8.544561 -17.015869 373.386536
vn 5.527767 2.682641 1.162434
v -8.254354 -17.555616 373.570923
vn 5.523934 2.678468 1.190026
v -8.223813 -17.528175 373.364899
vn 5.942590 1.661921 1.082666
v -8.047799 -18.096912 373.529236
vn 5.945120 1.628271 1.105707
v -8.017208 -18.069210 373.322296
vn 0.600318 6.166165 0.871662
v -10.686884 -15.937934 373.874146
vn 1.770717 5.916972 0.989496
v -10.121924 -16.058306 373.936768
vn 2.859091 5.456862 1.110219
v -9.567581 -16.296721 373.982635
vn 4.001220 4.696229 1.181263
v -9.060546 -16.649233 374.007233
vn 3.989038 4.688028 1.111844
v -9.030846 -16.621822 373.795563
vn 2.913872 5.422142 1.100045
v -9.537632 -16.269081 373.769196
vn 4.799324 3.834823 1.257732
v -8.634611 -17.097019 374.008240
vn 4.869627 3.761586 1.127137
v -8.605113 -17.069796 373.798035
vn 5.598439 2.565004 1.159134
v -8.313539 -17.609522 373.986389
vn 5.548540 2.668577 1.105889
v -8.284184 -17.582434 373.777222
vn 5.966666 1.570404 1.060204
v -8.106939 -18.150978 373.944977
vn 5.865579 1.471969 1.617149
v -7.190557 -17.321968 368.888702
vn 5.379690 2.545502 1.937811
v -6.874971 -16.322504 366.751892
vn 4.664294 3.545349 2.196737
v -6.607093 -15.309834 364.619293
vn 3.761322 4.421524 2.331745
v -6.378402 -14.324790 362.472168
vn 2.730960 5.131206 2.309211
v -6.168468 -13.401722 360.296143
vn 1.639796 5.648001 2.128983
v -6.324235 -12.857762 359.133850
vn 5.818339 1.443366 1.807690
v -6.665658 -16.852358 366.686676
vn 5.324875 2.505487 2.130483
v -6.290493 -15.810844 364.586609
vn 4.614082 3.505478 2.359243
v -5.968214 -14.766346 362.484863
vn 3.724970 4.390790 2.441728
v -5.689658 -13.758505 360.360901
vn 2.714580 5.116265 2.357360
v -5.806161 -13.112844 359.245087
vn 1.633584 5.643116 2.146266
v -6.185037 -12.748600 358.739197
vn 5.747483 1.473372 2.015281
v -6.080270 -16.336946 364.517456
vn 5.272054 2.470736 2.294775
v -5.652819 -15.264992 362.452881
vn 4.571795 3.476562 2.477667
v -5.282391 -14.199590 360.378387
vn 3.703835 4.374710 2.498085
v -5.329258 -13.470147 359.313629
vn 2.705961 5.109910 2.380555
v -5.667747 -13.004034 358.852112
vn 1.583441 5.621237 2.254130
v -6.043469 -12.639198 358.345490
vn 5.714901 1.384651 2.148791
v -5.441925 -15.787987 362.381775
vn 5.227091 2.445650 2.417672
v -4.968338 -14.696779 360.348969
vn 4.547120 3.460674 2.540361
v -4.923366 -13.911304 359.334137
vn 3.693255 4.367354 2.525957
v -5.191519 -13.361560 358.922180
vn 2.649837 5.078243 2.524997
v -5.527258 -12.894816 358.460052
vn 1.488374 5.551235 2.484185
v -5.697182 -12.413680 357.583191
vn 5.658959 1.421334 2.279669
v -4.757196 -15.217714 360.278198
vn 5.643950 1.351582 2.340981
v -4.398962 -14.928583 359.237061
vn 5.630946 1.346127 2.374478
v -4.262068 -14.819949 358.848358
vn 5.188212 2.423177 2.516882
v -4.473082 -14.299665 358.917480
vn 5.151355 2.381308 2.642935
v -4.334773 -14.190018 358.529297
vn 4.486991 3.409885 2.725445
v -4.647332 -13.693445 358.554718
vn 4.356878 3.314271 3.040371
v -4.355870 -13.430571 357.793884
vn 3.500460 4.225131 3.017380
v -4.744718 -13.005390 357.768982
vn 5.609317 1.308930 2.453070
v -4.123976 -14.709922 358.460846
vn 5.048814 2.306518 2.898082
v -4.055390 -13.909040 357.771545
vn 5.549141 1.263569 2.610169
v -3.852580 -14.409858 357.707123
vn 5.938470 1.699729 1.060977
v -8.077668 -18.123964 373.736359
vn 4.009168 3.126927 3.634975
v -2.820863 -11.705712 354.471375
vn 3.154822 4.004564 3.614821
v -2.969433 -11.540652 354.456116
vn 2.233253 4.771136 3.361896
v -3.143893 -11.406612 354.422180
vn 1.285319 5.389690 2.890594
v -3.333331 -11.310496 354.372131
vn 2.525164 4.984042 2.826712
v -5.201322 -12.660522 357.696899
vn 3.221323 4.078276 3.457800
v -2.440530 -11.129010 353.523499
vn 2.295110 4.841341 3.203878
v -2.532259 -11.058186 353.504517
vn 1.333689 5.444328 2.753747
v -2.631877 -11.007428 353.477020
vn 2.411728 4.946524 2.938776
v -2.106007 -10.816519 352.799011
vn 1.422756 5.526499 2.531120
v -2.155370 -10.791306 352.784973
vn 3.638047 4.328224 2.686490
v -5.051980 -13.252356 358.531647
vn 4.535296 3.452814 2.571319
v -4.786127 -13.802803 358.943939
vn 5.200629 2.430911 2.484412
v -4.610038 -14.408193 359.306793
vn 1.712854 5.767358 1.723558
v -8.638437 -14.772204 366.649292
vn 2.856324 5.296497 1.711161
v -8.634666 -15.480915 368.932159
vn 3.916181 4.591264 1.643216
v -8.376210 -16.045120 370.081238
vn 4.815696 3.691778 1.518237
v -8.174508 -16.686493 371.201660
vn 1.730377 5.807800 1.559295
v -9.177356 -15.236238 368.859985
vn 2.879390 5.327227 1.565900
v -8.875987 -15.690898 370.043854
vn 3.937497 4.618773 1.510077
v -8.597142 -16.239483 371.197876
vn 1.747439 5.835249 1.427331
v -9.421570 -15.447586 369.976746
vn 2.895881 5.354031 1.439234
v -9.099212 -15.885616 371.163605
vn 1.758104 5.859181 1.311821
v -9.647578 -15.643695 371.101868
vn 1.779635 5.906410 1.023001
v -10.091696 -16.030409 373.721344
vn 0.603511 6.198220 0.612939
v -10.965760 -17.308695 385.355835
vn 1.782327 5.978640 0.472347
v -10.398499 -17.413361 385.286255
vn 2.943926 5.511204 0.307042
v -9.841942 -17.636658 385.204926
vn 4.005654 4.803337 0.127680
v -9.330661 -17.977551 385.115509
vn 4.889705 3.903264 -0.067029
v -8.905374 -18.412500 385.024719
vn 5.563036 2.856043 -0.264472
v -8.583144 -18.917181 384.936981
vn 5.999065 1.740973 -0.430673
v -8.375876 -19.454126 384.857544
vn 3.293645 3.231064 -0.912066
v -12.465815 -24.023357 382.350952
vn 3.282114 3.349333 0.360168
v -12.462047 -24.061850 381.936951
vn 3.316319 2.941872 1.570754
v -12.473186 -23.929249 381.542999
vn 3.390507 2.079072 2.510391
v -12.497311 -23.648483 381.237213
vn 3.491545 0.910190 3.016609
v -12.530246 -23.268099 381.072510
vn 3.602530 -0.362636 3.001771
v -12.566298 -22.853868 381.077301
vn 3.703679 -1.519561 2.468546
v -12.599233 -22.477417 381.250824
vn 3.777784 -2.360250 1.509120
v -12.623356 -22.203836 381.563049
vn 3.812020 -2.739464 0.289365
v -12.634497 -22.080429 381.959991
vn 3.800427 -2.591643 -0.979768
v -12.630728 -22.128534 382.372986
vn 3.745077 -1.942327 -2.078892
v -12.612701 -22.339836 382.730682
vn 3.655498 -0.903766 -2.817953
v -12.583535 -22.677795 382.971191
vn 3.547014 0.344424 -3.069159
v -12.548271 -23.083979 383.052917
vn 3.438693 1.586374 -2.789030
v -12.513007 -23.488152 382.961761
vn 3.349093 2.607480 -2.025999
v -12.483841 -23.820429 382.713470
vn 0.842741 3.329545 -2.607740
v -3.521399 -23.909456 355.696289
vn 1.380948 3.120339 -2.637755
v -4.381227 -23.574865 355.743103
vn 1.871328 2.815966 -2.677736
v -5.164242 -23.088789 355.806854
vn 2.296778 2.426803 -2.725724
v -5.843714 -22.467823 355.885376
vn 2.642073 1.967646 -2.781666
v -6.396446 -21.733164 355.975983
vn 2.896778 1.452632 -2.844479
v -6.803569 -20.909891 356.075592
vn 3.052076 0.900015 -2.911379
v -7.051186 -20.026112 356.180786
vn 3.101607 0.326965 -2.978579
v -7.130842 -19.111994 356.287994
vn 3.044723 -0.244412 -3.043492
v -7.039820 -18.198744 356.393524
vn 2.882950 -0.795774 -3.105736
v -6.781225 -17.317539 356.493805
vn 2.622116 -1.307494 -3.163643
v -6.363886 -16.498463 356.585419
vn 2.270394 -1.764034 -3.214832
v -5.802050 -15.769475 356.665192
vn 1.840095 -2.148554 -3.255641
v -5.114897 -15.155463 356.730438
vn 1.346223 -2.447744 -3.285234
v -4.325885 -14.677386 356.778931
# 3258 vertices, 0 vertices normals


usemtl material_0
f 1//1 2//2 3//3
f 3//3 2//2 4//4
f 3//3 4//4 5//5
f 5//5 4//4 6//6
f 5//5 6//6 7//7
f 7//7 6//6 8//8
f 7//7 8//8 9//9
f 9//9 8//8 10//10
f 9//9 10//10 11//11
f 11//11 10//10 12//12
f 11//11 12//12 13//13
f 13//13 12//12 14//14
f 13//13 14//14 15//15
f 15//15 14//14 16//16
f 15//15 16//16 17//17
f 17//17 16//16 18//18
f 17//17 18//18 19//19
f 19//19 18//18 20//20
f 19//19 20//20 21//21
f 21//21 20//20 22//22
f 21//21 22//22 23//23
f 23//23 22//22 24//24
f 23//23 24//24 25//25
f 25//25 24//24 26//26
f 25//25 26//26 27//27
f 27//27 26//26 28//28
f 27//27 28//28 29//29
f 29//29 28//28 30//30
f 29//29 30//30 31//31
f 31//31 30//30 32//32
f 31//31 32//32 33//33
f 33//33 32//32 34//34
f 33//33 34//34 35//35
f 35//35 34//34 36//36
f 35//35 36//36 37//37
f 37//37 36//36 38//38
f 37//37 38//38 39//39
f 39//39 38//38 40//40
f 39//39 40//40 41//41
f 41//41 40//40 42//42
f 41//41 42//42 43//43
f 43//43 42//42 44//44
f 43//43 44//44 45//45
f 45//45 44//44 46//46
f 45//45 46//46 47//47
f 47//47 46//46 48//48
f 47//47 48//48 49//49
f 49//49 48//48 50//50
f 49//49 50//50 51//51
f 51//51 50//50 52//52
f 51//51 52//52 53//53
f 53//53 52//52 54//54
f 53//53 54//54 55//55
f 55//55 54//54 56//56
f 55//55 56//56 57//57
f 57//57 56//56 58//58
f 57//57 58//58 59//59
f 59//59 58//58 60//60
f 59//59 60//60 61//61
f 61//61 60//60 62//62
f 61//61 62//62 63//63
f 63//63 62//62 64//64
f 63//63 64//64 65//65
f 65//65 64//64 66//66
f 65//65 66//66 1//1
f 1//1 66//66 2//2
f 1//1 3//3 67//67
f 67//67 3//3 5//5
f 67//67 5//5 68//68
f 68//68 5//5 7//7
f 68//68 7//7 69//69
f 69//69 7//7 9//9
f 69//69 9//9 70//70
f 70//70 9//9 11//11
f 70//70 11//11 71//71
f 71//71 11//11 13//13
f 71//71 13//13 72//72
f 72//72 13//13 15//15
f 72//72 15//15 73//73
f 73//73 15//15 17//17
f 73//73 17//17 74//74
f 74//74 17//17 19//19
f 74//74 19//19 75//75
f 75//75 19//19 21//21
f 75//75 21//21 76//76
f 76//76 21//21 23//23
f 76//76 23//23 77//77
f 77//77 23//23 25//25
f 77//77 25//25 78//78
f 78//78 25//25 27//27
f 78//78 27//27 79//79
f 79//79 27//27 29//29
f 79//79 29//29 80//80
f 80//80 29//29 31//31
f 80//80 31//31 81//81
f 81//81 31//31 33//33
f 81//81 33//33 82//82
f 82//82 33//33 35//35
f 82//82 35//35 83//83
f 83//83 35//35 37//37
f 83//83 37//37 84//84
f 84//84 37//37 39//39
f 84//84 39//39 85//85
f 85//85 39//39 41//41
f 85//85 41//41 86//86
f 86//86 41//41 43//43
f 86//86 43//43 87//87
f 87//87 43//43 45//45
f 87//87 45//45 88//88
f 88//88 45//45 47//47
f 88//88 47//47 89//89
f 89//89 47//47 49//49
f 89//89 49//49 90//90
f 90//90 49//49 51//51
f 90//90 51//51 91//91
f 91//91 51//51 53//53
f 91//91 53//53 92//92
f 92//92 53//53 55//55
f 92//92 55//55 93//93
f 93//93 55//55 57//57
f 93//93 57//57 94//94
f 94//94 57//57 59//59
f 94//94 59//59 95//95
f 95//95 59//59 61//61
f 95//95 61//61 96//96
f 96//96 61//61 63//63
f 96//96 63//63 97//97
f 97//97 63//63 65//65
f 97//97 65//65 98//98
f 98//98 65//65 1//1
f 98//98 1//1 67//67
f 99//99 98//98 100//100
f 100//100 98//98 67//67
f 100//100 67//67 101//101
f 101//101 67//67 68//68
f 101//101 68//68 102//102
f 102//102 68//68 69//69
f 102//102 69//69 103//103
f 103//103 69//69 70//70
f 103//103 70//70 104//104
f 104//104 70//70 71//71
f 104//104 71//71 105//105
f 105//105 71//71 72//72
f 105//105 72//72 106//106
f 106//106 72//72 73//73
f 106//106 73//73 107//107
f 107//107 73//73 74//74
f 107//107 74//74 108//108
f 108//108 74//74 75//75
f 108//108 75//75 109//109
f 109//109 75//75 76//76
f 109//109 76//76 110//110
f 110//110 76//76 77//77
f 110//110 77//77 111//111
f 111//111 77//77 78//78
f 111//111 78//78 112//112
f 112//112 78//78 79//79
f 112//112 79//79 113//113
f 113//113 79//79 80//80
f 113//113 80//80 114//114
f 114//114 80//80 81//81
f 114//114 81//81 115//115
f 115//115 81//81 82//82
f 115//115 82//82 116//116
f 116//116 82//82 83//83
f 116//116 83//83 117//117
f 117//117 83//83 84//84
f 117//117 84//84 118//118
f 118//118 84//84 85//85
f 118//118 85//85 119//119
f 119//119 85//85 86//86
f 119//119 86//86 120//120
f 120//120 86//86 87//87
f 120//120 87//87 121//121
f 121//121 87//87 88//88
f 121//121 88//88 122//122
f 122//122 88//88 89//89
f 122//122 89//89 123//123
f 123//123 89//89 90//90
f 123//123 90//90 124//124
f 124//124 90//90 91//91
f 124//124 91//91 125//125
f 125//125 91//91 92//92
f 125//125 92//92 126//126
f 126//126 92//92 93//93
f 126//126 93//93 127//127
f 127//127 93//93 94//94
f 127//127 94//94 128//128
f 128//128 94//94 95//95
f 128//128 95//95 129//129
f 129//129 95//95 96//96
f 129//129 96//96 130//130
f 130//130 96//96 97//97
f 130//130 97//97 99//99
f 99//99 97//97 98//98
f 99//99 100//100 131//131
f 131//131 100//100 101//101
f 131//131 101//101 132//132
f 132//132 101//101 102//102
f 132//132 102//102 133//133
f 133//133 102//102 103//103
f 133//133 103//103 134//134
f 134//134 103//103 104//104
f 134//134 104//104 135//135
f 135//135 104//104 105//105
f 135//135 105//105 136//136
f 136//136 105//105 106//106
f 136//136 106//106 137//137
f 137//137 106//106 107//107
f 137//137 107//107 138//138
f 138//138 107//107 108//108
f 138//138 108//108 139//139
f 139//139 108//108 109//109
f 139//139 109//109 140//140
f 140//140 109//109 110//110
f 140//140 110//110 141//141
f 141//141 110//110 111//111
f 141//141 111//111 142//142
f 142//142 111//111 112//112
f 142//142 112//112 143//143
f 143//143 112//112 113//113
f 143//143 113//113 144//144
f 144//144 113//113 114//114
f 144//144 114//114 145//145
f 145//145 114//114 115//115
f 145//145 115//115 146//146
f 146//146 115//115 116//116
f 146//146 116//116 117//117
f 146//146 117//117 147//147
f 147//147 117//117 118//118
f 147//147 118//118 148//148
f 148//148 118//118 119//119
f 148//148 119//119 149//149
f 149//149 119//119 120//120
f 149//149 120//120 150//150
f 150//150 120//120 121//121
f 150//150 121//121 151//151
f 151//151 121//121 122//122
f 151//151 122//122 152//152
f 152//152 122//122 123//123
f 152//152 123//123 153//153
f 153//153 123//123 124//124
f 153//153 124//124 154//154
f 154//154 124//124 125//125
f 154//154 125//125 155//155
f 155//155 125//125 126//126
f 155//155 126//126 156//156
f 156//156 126//126 127//127
f 156//156 127//127 157//157
f 157//157 127//127 128//128
f 157//157 128//128 158//158
f 158//158 128//128 129//129
f 158//158 129//129 159//159
f 159//159 129//129 130//130
f 159//159 130//130 160//160
f 160//160 130//130 99//99
f 160//160 99//99 131//131
f 161//161 160//160 162//162
f 162//162 160//160 131//131
f 162//162 131//131 163//163
f 163//163 131//131 132//132
f 163//163 132//132 164//164
f 164//164 132//132 133//133
f 164//164 133//133 165//165
f 165//165 133//133 134//134
f 165//165 134//134 166//166
f 166//166 134//134 135//135
f 166//166 135//135 167//167
f 167//167 135//135 136//136
f 167//167 136//136 168//168
f 168//168 136//136 137//137
f 168//168 137//137 169//169
f 169//169 137//137 138//138
f 169//169 138//138 170//170
f 170//170 138//138 139//139
f 170//170 139//139 171//171
f 171//171 139//139 140//140
f 171//171 140//140 172//172
f 172//172 140//140 141//141
f 172//172 141//141 173//173
f 173//173 141//141 142//142
f 173//173 142//142 174//174
f 174//174 142//142 143//143
f 174//174 143//143 175//175
f 175//175 143//143 144//144
f 175//175 144//144 176//176
f 176//176 144//144 145//145
f 176//176 145//145 177//177
f 177//177 145//145 146//146
f 177//177 146//146 178//178
f 178//178 146//146 147//147
f 178//178 147//147 179//179
f 179//179 147//147 148//148
f 179//179 148//148 180//180
f 180//180 148//148 149//149
f 180//180 149//149 181//181
f 181//181 149//149 150//150
f 181//181 150//150 182//182
f 182//182 150//150 151//151
f 182//182 151//151 183//183
f 183//183 151//151 152//152
f 183//183 152//152 184//184
f 184//184 152//152 153//153
f 184//184 153//153 185//185
f 185//185 153//153 154//154
f 185//185 154//154 186//186
f 186//186 154//154 155//155
f 186//186 155//155 187//187
f 187//187 155//155 156//156
f 187//187 156//156 188//188
f 188//188 156//156 157//157
f 188//188 157//157 189//189
f 189//189 157//157 158//158
f 189//189 158//158 190//190
f 190//190 158//158 159//159
f 190//190 159//159 161//161
f 161//161 159//159 160//160
f 161//161 162//162 191//191
f 191//191 162//162 163//163
f 191//191 163//163 192//192
f 192//192 163//163 164//164
f 192//192 164//164 193//193
f 193//193 164//164 165//165
f 193//193 165//165 194//194
f 194//194 165//165 166//166
f 194//194 166//166 195//195
f 195//195 166//166 167//167
f 195//195 167//167 196//196
f 196//196 167//167 168//168
f 196//196 168//168 197//197
f 197//197 168//168 169//169
f 197//197 169//169 198//198
f 198//198 169//169 170//170
f 198//198 170//170 199//199
f 199//199 170//170 171//171
f 199//199 171//171 200//200
f 200//200 171//171 172//172
f 200//200 172//172 173//173
f 200//200 173//173 201//201
f 201//201 173//173 174//174
f 201//201 174//174 202//202
f 202//202 174//174 175//175
f 202//202 175//175 203//203
f 203//203 175//175 176//176
f 203//203 176//176 204//204
f 204//204 176//176 177//177
f 204//204 177//177 205//205
f 205//205 177//177 178//178
f 205//205 178//178 206//206
f 206//206 178//178 179//179
f 206//206 179//179 207//207
f 207//207 179//179 180//180
f 207//207 180//180 208//208
f 208//208 180//180 181//181
f 208//208 181//181 209//209
f 209//209 181//181 182//182
f 209//209 182//182 183//183
f 209//209 183//183 210//210
f 210//210 183//183 184//184
f 210//210 184//184 211//211
f 211//211 184//184 185//185
f 211//211 185//185 212//212
f 212//212 185//185 186//186
f 212//212 186//186 213//213
f 213//213 186//186 187//187
f 213//213 187//187 214//214
f 214//214 187//187 188//188
f 214//214 188//188 215//215
f 215//215 188//188 189//189
f 215//215 189//189 216//216
f 216//216 189//189 190//190
f 216//216 190//190 217//217
f 217//217 190//190 161//161
f 217//217 161//161 191//191
f 218//218 217//217 219//219
f 219//219 217//217 191//191
f 219//219 191//191 220//220
f 220//220 191//191 192//192
f 220//220 192//192 221//221
f 221//221 192//192 193//193
f 221//221 193//193 222//222
f 222//222 193//193 194//194
f 222//222 194//194 223//223
f 223//223 194//194 195//195
f 223//223 195//195 224//224
f 224//224 195//195 196//196
f 224//224 196//196 225//225
f 225//225 196//196 197//197
f 225//225 197//197 226//226
f 226//226 197//197 198//198
f 226//226 198//198 227//227
f 227//227 198//198 199//199
f 227//227 199//199 228//228
f 228//228 199//199 200//200
f 228//228 200//200 229//229
f 229//229 200//200 201//201
f 229//229 201//201 230//230
f 230//230 201//201 202//202
f 230//230 202//202 231//231
f 231//231 202//202 203//203
f 231//231 203//203 232//232
f 232//232 203//203 204//204
f 232//232 204//204 233//233
f 233//233 204//204 205//205
f 233//233 205//205 234//234
f 234//234 205//205 206//206
f 234//234 206//206 235//235
f 235//235 206//206 207//207
f 235//235 207//207 236//236
f 236//236 207//207 208//208
f 236//236 208//208 237//237
f 237//237 208//208 209//209
f 237//237 209//209 238//238
f 238//238 209//209 210//210
f 238//238 210//210 239//239
f 239//239 210//210 211//211
f 239//239 211//211 240//240
f 240//240 211//211 212//212
f 240//240 212//212 241//241
f 241//241 212//212 213//213
f 241//241 213//213 242//242
f 242//242 213//213 214//214
f 242//242 214//214 243//243
f 243//243 214//214 215//215
f 243//243 215//215 244//244
f 244//244 215//215 216//216
f 244//244 216//216 218//218
f 218//218 216//216 217//217
f 218//218 219//219 245//245
f 245//245 219//219 220//220
f 245//245 220//220 246//246
f 246//246 220//220 221//221
f 246//246 221//221 247//247
f 247//247 221//221 222//222
f 247//247 222//222 248//248
f 248//248 222//222 223//223
f 248//248 223//223 249//249
f 249//249 223//223 224//224
f 249//249 224//224 250//250
f 250//250 224//224 225//225
f 250//250 225//225 251//251
f 251//251 225//225 226//226
f 251//251 226//226 252//252
f 252//252 226//226 253//253
f 253//253 226//226 227//227
f 253//253 227//227 254//254
f 254//254 227//227 228//228
f 254//254 228//228 255//255
f 255//255 228//228 229//229
f 255//255 229//229 256//256
f 256//256 229//229 230//230
f 256//256 230//230 257//257
f 257//257 230//230 231//231
f 257//257 231//231 258//258
f 258//258 231//231 232//232
f 258//258 232//232 233//233
f 258//258 233//233 259//259
f 259//259 233//233 234//234
f 259//259 234//234 260//260
f 260//260 234//234 235//235
f 260//260 235//235 261//261
f 261//261 235//235 236//236
f 261//261 236//236 262//262
f 262//262 236//236 237//237
f 262//262 237//237 263//263
f 263//263 237//237 238//238
f 263//263 238//238 264//264
f 264//264 238//238 239//239
f 264//264 239//239 265//265
f 265//265 239//239 266//266
f 266//266 239//239 240//240
f 266//266 240//240 267//267
f 267//267 240//240 241//241
f 267//267 241//241 268//268
f 268//268 241//241 242//242
f 268//268 242//242 269//269
f 269//269 242//242 243//243
f 269//269 243//243 270//270
f 270//270 243//243 244//244
f 270//270 244//244 271//271
f 271//271 244//244 218//218
f 271//271 218//218 245//245
f 272//272 271//271 273//273
f 273//273 271//271 245//245
f 273//273 245//245 274//274
f 274//274 245//245 246//246
f 274//274 246//246 275//275
f 275//275 246//246 247//247
f 275//275 247//247 276//276
f 276//276 247//247 248//248
f 276//276 248//248 277//277
f 277//277 248//248 249//249
f 277//277 249//249 278//278
f 278//278 249//249 250//250
f 278//278 250//250 279//279
f 279//279 250//250 251//251
f 279//279 251//251 280//280
f 280//280 251//251 252//252
f 280//280 252//252 281//281
f 281//281 252//252 253//253
f 281//281 253//253 282//282
f 282//282 253//253 254//254
f 282//282 254//254 283//283
f 283//283 254//254 255//255
f 283//283 255//255 284//284
f 284//284 255//255 256//256
f 284//284 256//256 285//285
f 285//285 256//256 257//257
f 285//285 257//257 286//286
f 286//286 257//257 258//258
f 286//286 258//258 287//287
f 287//287 258//258 259//259
f 287//287 259//259 288//288
f 288//288 259//259 260//260
f 288//288 260//260 289//289
f 289//289 260//260 261//261
f 289//289 261//261 290//290
f 290//290 261//261 262//262
f 290//290 262//262 291//291
f 291//291 262//262 263//263
f 291//291 263//263 292//292
f 292//292 263//263 264//264
f 292//292 264//264 293//293
f 293//293 264//264 265//265
f 293//293 265//265 294//294
f 294//294 265//265 266//266
f 294//294 266//266 295//295
f 295//295 266//266 267//267
f 295//295 267//267 296//296
f 296//296 267//267 268//268
f 296//296 268//268 297//297
f 297//297 268//268 269//269
f 297//297 269//269 298//298
f 298//298 269//269 270//270
f 298//298 270//270 272//272
f 272//272 270//270 271//271
f 272//272 273//273 299//299
f 299//299 273//273 274//274
f 299//299 274//274 300//300
f 300//300 274//274 275//275
f 300//300 275//275 301//301
f 301//301 275//275 276//276
f 301//301 276//276 302//302
f 302//302 276//276 277//277
f 302//302 277//277 303//303
f 303//303 277//277 278//278
f 303//303 278//278 304//304
f 304//304 278//278 279//279
f 304//304 279//279 305//305
f 305//305 279//279 280//280
f 305//305 280//280 306//306
f 306//306 280//280 281//281
f 306//306 281//281 307//307
f 307//307 281//281 282//282
f 307//307 282//282 308//308
f 308//308 282//282 283//283
f 308//308 283//283 309//309
f 309//309 283//283 284//284
f 309//309 284//284 310//310
f 310//310 284//284 285//285
f 310//310 285//285 311//311
f 311//311 285//285 286//286
f 311//311 286//286 312//312
f 312//312 286//286 287//287
f 312//312 287//287 313//313
f 313//313 287//287 288//288
f 313//313 288//288 314//314
f 314//314 288//288 289//289
f 314//314 289//289 315//315
f 315//315 289//289 290//290
f 315//315 290//290 316//316
f 316//316 290//290 291//291
f 316//316 291//291 317//317
f 317//317 291//291 292//292
f 317//317 292//292 318//318
f 318//318 292//292 293//293
f 318//318 293//293 319//319
f 319//319 293//293 294//294
f 319//319 294//294 320//320
f 320//320 294//294 295//295
f 320//320 295//295 321//321
f 321//321 295//295 296//296
f 321//321 296//296 322//322
f 322//322 296//296 297//297
f 322//322 297//297 323//323
f 323//323 297//297 298//298
f 323//323 298//298 324//324
f 324//324 298//298 272//272
f 324//324 272//272 299//299
f 6//6 4//4 325//325
f 325//325 4//4 2//2
f 325//325 2//2 326//326
f 326//326 2//2 66//66
f 326//326 66//66 327//327
f 327//327 66//66 64//64
f 327//327 64//64 328//328
f 328//328 64//64 62//62
f 328//328 62//62 329//329
f 329//329 62//62 60//60
f 329//329 60//60 330//330
f 330//330 60//60 58//58
f 330//330 58//58 331//331
f 331//331 58//58 56//56
f 331//331 56//56 332//332
f 332//332 56//56 54//54
f 332//332 54//54 333//333
f 333//333 54//54 52//52
f 333//333 52//52 334//334
f 334//334 52//52 50//50
f 334//334 50//50 335//335
f 335//335 50//50 48//48
f 335//335 48//48 336//336
f 336//336 48//48 46//46
f 336//336 46//46 337//337
f 337//337 46//46 44//44
f 337//337 44//44 338//338
f 338//338 44//44 42//42
f 338//338 42//42 339//339
f 339//339 42//42 40//40
f 339//339 40//40 340//340
f 340//340 40//40 38//38
f 340//340 38//38 341//341
f 341//341 38//38 36//36
f 341//341 36//36 342//342
f 342//342 36//36 34//34
f 342//342 34//34 343//343
f 343//343 34//34 32//32
f 343//343 32//32 344//344
f 344//344 32//32 30//30
f 344//344 30//30 345//345
f 345//345 30//30 28//28
f 345//345 28//28 346//346
f 346//346 28//28 26//26
f 346//346 26//26 347//347
f 347//347 26//26 24//24
f 347//347 24//24 348//348
f 348//348 24//24 22//22
f 348//348 22//22 349//349
f 349//349 22//22 20//20
f 349//349 20//20 350//350
f 350//350 20//20 18//18
f 350//350 18//18 351//351
f 351//351 18//18 16//16
f 351//351 16//16 352//352
f 352//352 16//16 14//14
f 352//352 14//14 353//353
f 353//353 14//14 12//12
f 353//353 12//12 354//354
f 354//354 12//12 10//10
f 354//354 10//10 355//355
f 355//355 10//10 8//8
f 355//355 8//8 356//356
f 356//356 8//8 6//6
f 356//356 6//6 325//325
f 357//357 356//356 358//358
f 358//358 356//356 325//325
f 358//358 325//325 359//359
f 359//359 325//325 326//326
f 359//359 326//326 360//360
f 360//360 326//326 327//327
f 360//360 327//327 361//361
f 361//361 327//327 328//328
f 361//361 328//328 362//362
f 362//362 328//328 329//329
f 362//362 329//329 363//363
f 363//363 329//329 330//330
f 363//363 330//330 364//364
f 364//364 330//330 331//331
f 364//364 331//331 365//365
f 365//365 331//331 332//332
f 365//365 332//332 366//366
f 366//366 332//332 333//333
f 366//366 333//333 367//367
f 367//367 333//333 334//334
f 367//367 334//334 368//368
f 368//368 334//334 335//335
f 368//368 335//335 369//369
f 369//369 335//335 336//336
f 369//369 336//336 370//370
f 370//370 336//336 337//337
f 370//370 337//337 371//371
f 371//371 337//337 338//338
f 371//371 338//338 372//372
f 372//372 338//338 339//339
f 372//372 339//339 373//373
f 373//373 339//339 340//340
f 373//373 340//340 374//374
f 374//374 340//340 341//341
f 374//374 341//341 375//375
f 375//375 341//341 342//342
f 375//375 342//342 376//376
f 376//376 342//342 343//343
f 376//376 343//343 377//377
f 377//377 343//343 344//344
f 377//377 344//344 378//378
f 378//378 344//344 345//345
f 378//378 345//345 379//379
f 379//379 345//345 346//346
f 379//379 346//346 380//380
f 380//380 346//346 347//347
f 380//380 347//347 381//381
f 381//381 347//347 348//348
f 381//381 348//348 382//382
f 382//382 348//348 349//349
f 382//382 349//349 383//383
f 383//383 349//349 350//350
f 383//383 350//350 384//384
f 384//384 350//350 351//351
f 384//384 351//351 385//385
f 385//385 351//351 352//352
f 385//385 352//352 386//386
f 386//386 352//352 353//353
f 386//386 353//353 387//387
f 387//387 353//353 354//354
f 387//387 354//354 388//388
f 388//388 354//354 355//355
f 388//388 355//355 357//357
f 357//357 355//355 356//356
f 357//357 358//358 389//389
f 389//389 358//358 359//359
f 389//389 359//359 390//390
f 390//390 359//359 360//360
f 390//390 360//360 391//391
f 391//391 360//360 361//361
f 391//391 361//361 392//392
f 392//392 361//361 362//362
f 392//392 362//362 393//393
f 393//393 362//362 363//363
f 393//393 363//363 394//394
f 394//394 363//363 364//364
f 394//394 364//364 395//395
f 395//395 364//364 365//365
f 395//395 365//365 396//396
f 396//396 365//365 366//366
f 396//396 366//366 397//397
f 397//397 366//366 367//367
f 397//397 367//367 398//398
f 398//398 367//367 368//368
f 398//398 368//368 399//399
f 399//399 368//368 369//369
f 399//399 369//369 400//400
f 400//400 369//369 370//370
f 400//400 370//370 401//401
f 401//401 370//370 371//371
f 401//401 371//371 402//402
f 402//402 371//371 372//372
f 402//402 372//372 403//403
f 403//403 372//372 373//373
f 403//403 373//373 404//404
f 404//404 373//373 374//374
f 404//404 374//374 375//375
f 404//404 375//375 405//405
f 405//405 375//375 376//376
f 405//405 376//376 406//406
f 406//406 376//376 377//377
f 406//406 377//377 407//407
f 407//407 377//377 378//378
f 407//407 378//378 408//408
f 408//408 378//378 379//379
f 408//408 379//379 409//409
f 409//409 379//379 380//380
f 409//409 380//380 410//410
f 410//410 380//380 381//381
f 410//410 381//381 411//411
f 411//411 381//381 382//382
f 411//411 382//382 412//412
f 412//412 382//382 383//383
f 412//412 383//383 413//413
f 413//413 383//383 384//384
f 413//413 384//384 414//414
f 414//414 384//384 385//385
f 414//414 385//385 415//415
f 415//415 385//385 386//386
f 415//415 386//386 416//416
f 416//416 386//386 387//387
f 416//416 387//387 417//417
f 417//417 387//387 388//388
f 417//417 388//388 418//418
f 418//418 388//388 357//357
f 418//418 357//357 389//389
f 419//419 418//418 420//420
f 420//420 418//418 389//389
f 420//420 389//389 421//421
f 421//421 389//389 390//390
f 421//421 390//390 422//422
f 422//422 390//390 391//391
f 422//422 391//391 423//423
f 423//423 391//391 392//392
f 423//423 392//392 424//424
f 424//424 392//392 393//393
f 424//424 393//393 425//425
f 425//425 393//393 394//394
f 425//425 394//394 426//426
f 426//426 394//394 395//395
f 426//426 395//395 427//427
f 427//427 395//395 396//396
f 427//427 396//396 428//428
f 428//428 396//396 397//397
f 428//428 397//397 429//429
f 429//429 397//397 398//398
f 429//429 398//398 430//430
f 430//430 398//398 399//399
f 430//430 399//399 431//431
f 431//431 399//399 400//400
f 431//431 400//400 432//432
f 432//432 400//400 401//401
f 432//432 401//401 433//433
f 433//433 401//401 402//402
f 433//433 402//402 434//434
f 434//434 402//402 403//403
f 434//434 403//403 435//435
f 435//435 403//403 404//404
f 435//435 404//404 436//436
f 436//436 404//404 405//405
f 436//436 405//405 437//437
f 437//437 405//405 406//406
f 437//437 406//406 438//438
f 438//438 406//406 407//407
f 438//438 407//407 439//439
f 439//439 407//407 408//408
f 439//439 408//408 440//440
f 440//440 408//408 409//409
f 440//440 409//409 441//441
f 441//441 409//409 410//410
f 441//441 410//410 442//442
f 442//442 410//410 411//411
f 442//442 411//411 443//443
f 443//443 411//411 412//412
f 443//443 412//412 444//444
f 444//444 412//412 413//413
f 444//444 413//413 445//445
f 445//445 413//413 414//414
f 445//445 414//414 446//446
f 446//446 414//414 415//415
f 446//446 415//415 447//447
f 447//447 415//415 416//416
f 447//447 416//416 448//448
f 448//448 416//416 417//417
f 448//448 417//417 419//419
f 419//419 417//417 418//418
f 419//419 420//420 449//449
f 449//449 420//420 421//421
f 449//449 421//421 450//450
f 450//450 421//421 422//422
f 450//450 422//422 451//451
f 451//451 422//422 423//423
f 451//451 423//423 452//452
f 452//452 423//423 424//424
f 452//452 424//424 453//453
f 453//453 424//424 425//425
f 453//453 425//425 454//454
f 454//454 425//425 426//426
f 454//454 426//426 455//455
f 455//455 426//426 427//427
f 455//455 427//427 456//456
f 456//456 427//427 428//428
f 456//456 428//428 457//457
f 457//457 428//428 429//429
f 457//457 429//429 458//458
f 458//458 429//429 430//430
f 458//458 430//430 431//431
f 458//458 431//431 459//459
f 459//459 431//431 432//432
f 459//459 432//432 460//460
f 460//460 432//432 433//433
f 460//460 433//433 461//461
f 461//461 433//433 434//434
f 461//461 434//434 462//462
f 462//462 434//434 435//435
f 462//462 435//435 463//463
f 463//463 435//435 436//436
f 463//463 436//436 464//464
f 464//464 436//436 437//437
f 464//464 437//437 465//465
f 465//465 437//437 438//438
f 465//465 438//438 466//466
f 466//466 438//438 439//439
f 466//466 439//439 467//467
f 467//467 439//439 440//440
f 467//467 440//440 441//441
f 467//467 441//441 468//468
f 468//468 441//441 442//442
f 468//468 442//442 469//469
f 469//469 442//442 443//443
f 469//469 443//443 470//470
f 470//470 443//443 444//444
f 470//470 444//444 471//471
f 471//471 444//444 445//445
f 471//471 445//445 472//472
f 472//472 445//445 446//446
f 472//472 446//446 473//473
f 473//473 446//446 447//447
f 473//473 447//447 474//474
f 474//474 447//447 448//448
f 474//474 448//448 475//475
f 475//475 448//448 419//419
f 475//475 419//419 449//449
f 476//476 475//475 477//477
f 477//477 475//475 449//449
f 477//477 449//449 478//478
f 478//478 449//449 450//450
f 478//478 450//450 479//479
f 479//479 450//450 451//451
f 479//479 451//451 480//480
f 480//480 451//451 452//452
f 480//480 452//452 481//481
f 481//481 452//452 453//453
f 481//481 453//453 482//482
f 482//482 453//453 454//454
f 482//482 454//454 483//483
f 483//483 454//454 455//455
f 483//483 455//455 484//484
f 484//484 455//455 456//456
f 484//484 456//456 485//485
f 485//485 456//456 457//457
f 485//485 457//457 486//486
f 486//486 457//457 458//458
f 486//486 458//458 487//487
f 487//487 458//458 459//459
f 487//487 459//459 488//488
f 488//488 459//459 460//460
f 488//488 460//460 489//489
f 489//489 460//460 461//461
f 489//489 461//461 490//490
f 490//490 461//461 462//462
f 490//490 462//462 491//491
f 491//491 462//462 463//463
f 491//491 463//463 492//492
f 492//492 463//463 464//464
f 492//492 464//464 493//493
f 493//493 464//464 465//465
f 493//493 465//465 494//494
f 494//494 465//465 466//466
f 494//494 466//466 495//495
f 495//495 466//466 467//467
f 495//495 467//467 496//496
f 496//496 467//467 468//468
f 496//496 468//468 497//497
f 497//497 468//468 469//469
f 497//497 469//469 498//498
f 498//498 469//469 470//470
f 498//498 470//470 499//499
f 499//499 470//470 471//471
f 499//499 471//471 500//500
f 500//500 471//471 472//472
f 500//500 472//472 501//501
f 501//501 472//472 473//473
f 501//501 473//473 502//502
f 502//502 473//473 474//474
f 502//502 474//474 476//476
f 476//476 474//474 475//475
f 476//476 477//477 503//503
f 503//503 477//477 478//478
f 503//503 478//478 504//504
f 504//504 478//478 479//479
f 504//504 479//479 505//505
f 505//505 479//479 480//480
f 505//505 480//480 506//506
f 506//506 480//480 481//481
f 506//506 481//481 507//507
f 507//507 481//481 482//482
f 507//507 482//482 508//508
f 508//508 482//482 483//483
f 508//508 483//483 509//509
f 509//509 483//483 484//484
f 509//509 484//484 510//510
f 510//510 484//484 511//511
f 511//511 484//484 485//485
f 511//511 485//485 512//512
f 512//512 485//485 486//486
f 512//512 486//486 513//513
f 513//513 486//486 487//487
f 513//513 487//487 514//514
f 514//514 487//487 488//488
f 514//514 488//488 515//515
f 515//515 488//488 489//489
f 515//515 489//489 516//516
f 516//516 489//489 490//490
f 516//516 490//490 517//517
f 517//517 490//490 491//491
f 517//517 491//491 492//492
f 517//517 492//492 518//518
f 518//518 492//492 493//493
f 518//518 493//493 519//519
f 519//519 493//493 494//494
f 519//519 494//494 520//520
f 520//520 494//494 495//495
f 520//520 495//495 521//521
f 521//521 495//495 496//496
f 521//521 496//496 522//522
f 522//522 496//496 497//497
f 522//522 497//497 523//523
f 523//523 497//497 524//524
f 524//524 497//497 498//498
f 524//524 498//498 525//525
f 525//525 498//498 499//499
f 525//525 499//499 526//526
f 526//526 499//499 500//500
f 526//526 500//500 527//527
f 527//527 500//500 501//501
f 527//527 501//501 528//528
f 528//528 501//501 502//502
f 528//528 502//502 529//529
f 529//529 502//502 476//476
f 529//529 476//476 503//503
f 530//530 529//529 531//531
f 531//531 529//529 503//503
f 531//531 503//503 532//532
f 532//532 503//503 504//504
f 532//532 504//504 533//533
f 533//533 504//504 505//505
f 533//533 505//505 534//534
f 534//534 505//505 506//506
f 534//534 506//506 535//535
f 535//535 506//506 507//507
f 535//535 507//507 536//536
f 536//536 507//507 508//508
f 536//536 508//508 537//537
f 537//537 508//508 509//509
f 537//537 509//509 538//538
f 538//538 509//509 510//510
f 538//538 510//510 539//539
f 539//539 510//510 511//511
f 539//539 511//511 540//540
f 540//540 511//511 512//512
f 540//540 512//512 541//541
f 541//541 512//512 513//513
f 541//541 513//513 542//542
f 542//542 513//513 514//514
f 542//542 514//514 543//543
f 543//543 514//514 515//515
f 543//543 515//515 544//544
f 544//544 515//515 516//516
f 544//544 516//516 545//545
f 545//545 516//516 517//517
f 545//545 517//517 546//546
f 546//546 517//517 518//518
f 546//546 518//518 547//547
f 547//547 518//518 519//519
f 547//547 519//519 548//548
f 548//548 519//519 520//520
f 548//548 520//520 549//549
f 549//549 520//520 521//521
f 549//549 521//521 550//550
f 550//550 521//521 522//522
f 550//550 522//522 551//551
f 551//551 522//522 523//523
f 551//551 523//523 552//552
f 552//552 523//523 524//524
f 552//552 524//524 553//553
f 553//553 524//524 525//525
f 553//553 525//525 554//554
f 554//554 525//525 526//526
f 554//554 526//526 555//555
f 555//555 526//526 527//527
f 555//555 527//527 556//556
f 556//556 527//527 528//528
f 556//556 528//528 530//530
f 530//530 528//528 529//529
f 530//530 531//531 557//557
f 557//557 531//531 532//532
f 557//557 532//532 558//558
f 558//558 532//532 533//533
f 558//558 533//533 559//559
f 559//559 533//533 534//534
f 559//559 534//534 560//560
f 560//560 534//534 535//535
f 560//560 535//535 561//561
f 561//561 535//535 536//536
f 561//561 536//536 562//562
f 562//562 536//536 537//537
f 562//562 537//537 563//563
f 563//563 537//537 538//538
f 563//563 538//538 564//564
f 564//564 538//538 539//539
f 564//564 539//539 565//565
f 565//565 539//539 540//540
f 565//565 540//540 566//566
f 566//566 540//540 541//541
f 566//566 541//541 567//567
f 567//567 541//541 542//542
f 567//567 542//542 568//568
f 568//568 542//542 543//543
f 568//568 543//543 569//569
f 569//569 543//543 544//544
f 569//569 544//544 570//570
f 570//570 544//544 545//545
f 570//570 545//545 571//571
f 571//571 545//545 546//546
f 571//571 546//546 572//572
f 572//572 546//546 547//547
f 572//572 547//547 573//573
f 573//573 547//547 548//548
f 573//573 548//548 574//574
f 574//574 548//548 549//549
f 574//574 549//549 575//575
f 575//575 549//549 550//550
f 575//575 550//550 576//576
f 576//576 550//550 551//551
f 576//576 551//551 577//577
f 577//577 551//551 552//552
f 577//577 552//552 578//578
f 578//578 552//552 553//553
f 578//578 553//553 579//579
f 579//579 553//553 554//554
f 579//579 554//554 580//580
f 580//580 554//554 555//555
f 580//580 555//555 581//581
f 581//581 555//555 556//556
f 581//581 556//556 582//582
f 582//582 556//556 530//530
f 582//582 530//530 557//557
f 583//583 576//576 584//584
f 584//584 576//576 577//577
f 584//584 577//577 585//585
f 585//585 577//577 578//578
f 585//585 578//578 586//586
f 586//586 578//578 579//579
f 586//586 579//579 587//587
f 587//587 579//579 580//580
f 587//587 580//580 588//588
f 588//588 580//580 581//581
f 588//588 581//581 589//589
f 589//589 581//581 582//582
f 589//589 582//582 590//590
f 590//590 582//582 557//557
f 590//590 557//557 591//591
f 591//591 557//557 558//558
f 591//591 558//558 592//592
f 592//592 558//558 559//559
f 592//592 559//559 593//593
f 593//593 559//559 560//560
f 593//593 560//560 594//594
f 594//594 560//560 561//561
f 594//594 561//561 595//595
f 595//595 561//561 562//562
f 595//595 562//562 596//596
f 596//596 562//562 563//563
f 596//596 563//563 597//597
f 597//597 563//563 564//564
f 597//597 564//564 598//598
f 598//598 564//564 565//565
f 598//598 565//565 599//599
f 599//599 565//565 566//566
f 599//599 566//566 600//600
f 600//600 566//566 567//567
f 600//600 567//567 601//601
f 601//601 567//567 568//568
f 601//601 568//568 602//602
f 602//602 568//568 569//569
f 602//602 569//569 603//603
f 603//603 569//569 570//570
f 603//603 570//570 604//604
f 604//604 570//570 571//571
f 604//604 571//571 605//605
f 605//605 571//571 572//572
f 605//605 572//572 606//606
f 606//606 572//572 573//573
f 606//606 573//573 607//607
f 607//607 573//573 574//574
f 607//607 574//574 608//608
f 608//608 574//574 575//575
f 608//608 575//575 583//583
f 583//583 575//575 576//576
f 609//609 610//610 611//611
f 611//611 610//610 612//612
f 611//611 612//612 613//613
f 613//613 612//612 614//614
f 613//613 614//614 615//615
f 615//615 614//614 616//616
f 615//615 616//616 617//617
f 617//617 616//616 618//618
f 617//617 618//618 619//619
f 619//619 618//618 620//620
f 619//619 620//620 621//621
f 621//621 620//620 622//622
f 621//621 622//622 623//623
f 623//623 622//622 624//624
f 623//623 624//624 625//625
f 625//625 624//624 626//626
f 625//625 626//626 627//627
f 627//627 626//626 628//628
f 627//627 628//628 629//629
f 629//629 628//628 630//630
f 629//629 630//630 631//631
f 631//631 630//630 632//632
f 631//631 632//632 633//633
f 633//633 632//632 634//634
f 633//633 634//634 635//635
f 635//635 634//634 636//636
f 635//635 636//636 637//637
f 637//637 636//636 638//638
f 637//637 638//638 639//639
f 639//639 638//638 640//640
f 639//639 640//640 641//641
f 641//641 640//640 642//642
f 641//641 642//642 643//643
f 643//643 642//642 644//644
f 643//643 644//644 645//645
f 645//645 644//644 646//646
f 645//645 646//646 647//647
f 647//647 646//646 648//648
f 647//647 648//648 649//649
f 649//649 648//648 650//650
f 649//649 650//650 651//651
f 651//651 650//650 652//652
f 651//651 652//652 653//653
f 653//653 652//652 654//654
f 653//653 654//654 655//655
f 655//655 654//654 656//656
f 655//655 656//656 657//657
f 657//657 656//656 658//658
f 657//657 658//658 659//659
f 659//659 658//658 660//660
f 659//659 660//660 661//661
f 661//661 660//660 662//662
f 661//661 662//662 663//663
f 663//663 662//662 664//664
f 663//663 664//664 665//665
f 665//665 664//664 666//666
f 665//665 666//666 667//667
f 667//667 666//666 668//668
f 667//667 668//668 669//669
f 669//669 668//668 670//670
f 669//669 670//670 671//671
f 671//671 670//670 672//672
f 671//671 672//672 673//673
f 673//673 672//672 674//674
f 673//673 674//674 609//609
f 609//609 674//674 610//610
f 609//609 611//611 675//675
f 675//675 611//611 613//613
f 675//675 613//613 676//676
f 676//676 613//613 615//615
f 676//676 615//615 677//677
f 677//677 615//615 617//617
f 677//677 617//617 678//678
f 678//678 617//617 619//619
f 678//678 619//619 679//679
f 679//679 619//619 621//621
f 679//679 621//621 680//680
f 680//680 621//621 623//623
f 680//680 623//623 681//681
f 681//681 623//623 625//625
f 681//681 625//625 682//682
f 682//682 625//625 627//627
f 682//682 627//627 683//683
f 683//683 627//627 629//629
f 683//683 629//629 684//684
f 684//684 629//629 631//631
f 684//684 631//631 685//685
f 685//685 631//631 633//633
f 685//685 633//633 686//686
f 686//686 633//633 635//635
f 686//686 635//635 687//687
f 687//687 635//635 637//637
f 687//687 637//637 688//688
f 688//688 637//637 639//639
f 688//688 639//639 689//689
f 689//689 639//639 641//641
f 689//689 641//641 690//690
f 690//690 641//641 643//643
f 690//690 643//643 691//691
f 691//691 643//643 645//645
f 691//691 645//645 692//692
f 692//692 645//645 647//647
f 692//692 647//647 693//693
f 693//693 647//647 649//649
f 693//693 649//649 694//694
f 694//694 649//649 651//651
f 694//694 651//651 695//695
f 695//695 651//651 653//653
f 695//695 653//653 696//696
f 696//696 653//653 655//655
f 696//696 655//655 697//697
f 697//697 655//655 657//657
f 697//697 657//657 698//698
f 698//698 657//657 659//659
f 698//698 659//659 699//699
f 699//699 659//659 661//661
f 699//699 661//661 700//700
f 700//700 661//661 663//663
f 700//700 663//663 701//701
f 701//701 663//663 665//665
f 701//701 665//665 702//702
f 702//702 665//665 667//667
f 702//702 667//667 703//703
f 703//703 667//667 669//669
f 703//703 669//669 704//704
f 704//704 669//669 671//671
f 704//704 671//671 705//705
f 705//705 671//671 673//673
f 705//705 673//673 706//706
f 706//706 673//673 609//609
f 706//706 609//609 675//675
f 707//707 706//706 708//708
f 708//708 706//706 675//675
f 708//708 675//675 709//709
f 709//709 675//675 676//676
f 709//709 676//676 710//710
f 710//710 676//676 677//677
f 710//710 677//677 711//711
f 711//711 677//677 678//678
f 711//711 678//678 712//712
f 712//712 678//678 679//679
f 712//712 679//679 713//713
f 713//713 679//679 680//680
f 713//713 680//680 714//714
f 714//714 680//680 681//681
f 714//714 681//681 715//715
f 715//715 681//681 682//682
f 715//715 682//682 716//716
f 716//716 682//682 683//683
f 716//716 683//683 717//717
f 717//717 683//683 684//684
f 717//717 684//684 718//718
f 718//718 684//684 685//685
f 718//718 685//685 719//719
f 719//719 685//685 686//686
f 719//719 686//686 720//720
f 720//720 686//686 687//687
f 720//720 687//687 721//721
f 721//721 687//687 688//688
f 721//721 688//688 722//722
f 722//722 688//688 689//689
f 722//722 689//689 723//723
f 723//723 689//689 690//690
f 723//723 690//690 724//724
f 724//724 690//690 691//691
f 724//724 691//691 725//725
f 725//725 691//691 692//692
f 725//725 692//692 726//726
f 726//726 692//692 693//693
f 726//726 693//693 727//727
f 727//727 693//693 694//694
f 727//727 694//694 728//728
f 728//728 694//694 695//695
f 728//728 695//695 729//729
f 729//729 695//695 696//696
f 729//729 696//696 730//730
f 730//730 696//696 697//697
f 730//730 697//697 731//731
f 731//731 697//697 698//698
f 731//731 698//698 732//732
f 732//732 698//698 699//699
f 732//732 699//699 733//733
f 733//733 699//699 700//700
f 733//733 700//700 734//734
f 734//734 700//700 701//701
f 734//734 701//701 735//735
f 735//735 701//701 702//702
f 735//735 702//702 736//736
f 736//736 702//702 703//703
f 736//736 703//703 737//737
f 737//737 703//703 704//704
f 737//737 704//704 738//738
f 738//738 704//704 705//705
f 738//738 705//705 707//707
f 707//707 705//705 706//706
f 707//707 708//708 739//739
f 739//739 708//708 709//709
f 739//739 709//709 740//740
f 740//740 709//709 710//710
f 740//740 710//710 741//741
f 741//741 710//710 711//711
f 741//741 711//711 742//742
f 742//742 711//711 712//712
f 742//742 712//712 743//743
f 743//743 712//712 713//713
f 743//743 713//713 744//744
f 744//744 713//713 714//714
f 744//744 714//714 745//745
f 745//745 714//714 715//715
f 745//745 715//715 746//746
f 746//746 715//715 716//716
f 746//746 716//716 747//747
f 747//747 716//716 717//717
f 747//747 717//717 748//748
f 748//748 717//717 718//718
f 748//748 718//718 749//749
f 749//749 718//718 719//719
f 749//749 719//719 750//750
f 750//750 719//719 720//720
f 750//750 720//720 751//751
f 751//751 720//720 721//721
f 751//751 721//721 752//752
f 752//752 721//721 722//722
f 752//752 722//722 753//753
f 753//753 722//722 723//723
f 753//753 723//723 754//754
f 754//754 723//723 724//724
f 754//754 724//724 725//725
f 754//754 725//725 755//755
f 755//755 725//725 726//726
f 755//755 726//726 756//756
f 756//756 726//726 727//727
f 756//756 727//727 757//757
f 757//757 727//727 728//728
f 757//757 728//728 758//758
f 758//758 728//728 729//729
f 758//758 729//729 759//759
f 759//759 729//729 730//730
f 759//759 730//730 760//760
f 760//760 730//730 731//731
f 760//760 731//731 761//761
f 761//761 731//731 732//732
f 761//761 732//732 762//762
f 762//762 732//732 733//733
f 762//762 733//733 763//763
f 763//763 733//733 734//734
f 763//763 734//734 764//764
f 764//764 734//734 735//735
f 764//764 735//735 765//765
f 765//765 735//735 736//736
f 765//765 736//736 766//766
f 766//766 736//736 737//737
f 766//766 737//737 767//767
f 767//767 737//737 738//738
f 767//767 738//738 768//768
f 768//768 738//738 707//707
f 768//768 707//707 739//739
f 769//769 768//768 770//770
f 770//770 768//768 739//739
f 770//770 739//739 771//771
f 771//771 739//739 740//740
f 771//771 740//740 772//772
f 772//772 740//740 741//741
f 772//772 741//741 773//773
f 773//773 741//741 742//742
f 773//773 742//742 774//774
f 774//774 742//742 743//743
f 774//774 743//743 775//775
f 775//775 743//743 744//744
f 775//775 744//744 776//776
f 776//776 744//744 745//745
f 776//776 745//745 777//777
f 777//777 745//745 746//746
f 777//777 746//746 778//778
f 778//778 746//746 747//747
f 778//778 747//747 779//779
f 779//779 747//747 748//748
f 779//779 748//748 780//780
f 780//780 748//748 749//749
f 780//780 749//749 781//781
f 781//781 749//749 750//750
f 781//781 750//750 782//782
f 782//782 750//750 751//751
f 782//782 751//751 783//783
f 783//783 751//751 752//752
f 783//783 752//752 784//784
f 784//784 752//752 753//753
f 784//784 753//753 785//785
f 785//785 753//753 754//754
f 785//785 754//754 786//786
f 786//786 754//754 755//755
f 786//786 755//755 787//787
f 787//787 755//755 756//756
f 787//787 756//756 788//788
f 788//788 756//756 757//757
f 788//788 757//757 789//789
f 789//789 757//757 758//758
f 789//789 758//758 790//790
f 790//790 758//758 759//759
f 790//790 759//759 791//791
f 791//791 759//759 760//760
f 791//791 760//760 792//792
f 792//792 760//760 761//761
f 792//792 761//761 793//793
f 793//793 761//761 762//762
f 793//793 762//762 794//794
f 794//794 762//762 763//763
f 794//794 763//763 795//795
f 795//795 763//763 764//764
f 795//795 764//764 796//796
f 796//796 764//764 765//765
f 796//796 765//765 797//797
f 797//797 765//765 766//766
f 797//797 766//766 798//798
f 798//798 766//766 767//767
f 798//798 767//767 769//769
f 769//769 767//767 768//768
f 769//769 770//770 799//799
f 799//799 770//770 771//771
f 799//799 771//771 800//800
f 800//800 771//771 772//772
f 800//800 772//772 801//801
f 801//801 772//772 773//773
f 801//801 773//773 802//802
f 802//802 773//773 774//774
f 802//802 774//774 803//803
f 803//803 774//774 775//775
f 803//803 775//775 804//804
f 804//804 775//775 776//776
f 804//804 776//776 805//805
f 805//805 776//776 777//777
f 805//805 777//777 806//806
f 806//806 777//777 778//778
f 806//806 778//778 807//807
f 807//807 778//778 779//779
f 807//807 779//779 808//808
f 808//808 779//779 780//780
f 808//808 780//780 781//781
f 808//808 781//781 809//809
f 809//809 781//781 782//782
f 809//809 782//782 810//810
f 810//810 782//782 783//783
f 810//810 783//783 811//811
f 811//811 783//783 784//784
f 811//811 784//784 812//812
f 812//812 784//784 785//785
f 812//812 785//785 813//813
f 813//813 785//785 786//786
f 813//813 786//786 814//814
f 814//814 786//786 787//787
f 814//814 787//787 815//815
f 815//815 787//787 788//788
f 815//815 788//788 816//816
f 816//816 788//788 789//789
f 816//816 789//789 817//817
f 817//817 789//789 790//790
f 817//817 790//790 791//791
f 817//817 791//791 818//818
f 818//818 791//791 792//792
f 818//818 792//792 819//819
f 819//819 792//792 793//793
f 819//819 793//793 820//820
f 820//820 793//793 794//794
f 820//820 794//794 821//821
f 821//821 794//794 795//795
f 821//821 795//795 822//822
f 822//822 795//795 796//796
f 822//822 796//796 823//823
f 823//823 796//796 797//797
f 823//823 797//797 824//824
f 824//824 797//797 798//798
f 824//824 798//798 825//825
f 825//825 798//798 769//769
f 825//825 769//769 799//799
f 826//826 825//825 827//827
f 827//827 825//825 799//799
f 827//827 799//799 828//828
f 828//828 799//799 800//800
f 828//828 800//800 829//829
f 829//829 800//800 801//801
f 829//829 801//801 830//830
f 830//830 801//801 802//802
f 830//830 802//802 831//831
f 831//831 802//802 803//803
f 831//831 803//803 832//832
f 832//832 803//803 804//804
f 832//832 804//804 833//833
f 833//833 804//804 805//805
f 833//833 805//805 834//834
f 834//834 805//805 806//806
f 834//834 806//806 835//835
f 835//835 806//806 807//807
f 835//835 807//807 836//836
f 836//836 807//807 808//808
f 836//836 808//808 837//837
f 837//837 808//808 809//809
f 837//837 809//809 838//838
f 838//838 809//809 810//810
f 838//838 810//810 839//839
f 839//839 810//810 811//811
f 839//839 811//811 840//840
f 840//840 811//811 812//812
f 840//840 812//812 841//841
f 841//841 812//812 813//813
f 841//841 813//813 842//842
f 842//842 813//813 814//814
f 842//842 814//814 843//843
f 843//843 814//814 815//815
f 843//843 815//815 844//844
f 844//844 815//815 816//816
f 844//844 816//816 845//845
f 845//845 816//816 817//817
f 845//845 817//817 846//846
f 846//846 817//817 818//818
f 846//846 818//818 847//847
f 847//847 818//818 819//819
f 847//847 819//819 848//848
f 848//848 819//819 820//820
f 848//848 820//820 849//849
f 849//849 820//820 821//821
f 849//849 821//821 850//850
f 850//850 821//821 822//822
f 850//850 822//822 851//851
f 851//851 822//822 823//823
f 851//851 823//823 852//852
f 852//852 823//823 824//824
f 852//852 824//824 826//826
f 826//826 824//824 825//825
f 826//826 827//827 853//853
f 853//853 827//827 828//828
f 853//853 828//828 854//854
f 854//854 828//828 829//829
f 854//854 829//829 855//855
f 855//855 829//829 830//830
f 855//855 830//830 856//856
f 856//856 830//830 831//831
f 856//856 831//831 857//857
f 857//857 831//831 832//832
f 857//857 832//832 858//858
f 858//858 832//832 833//833
f 858//858 833//833 859//859
f 859//859 833//833 834//834
f 859//859 834//834 860//860
f 860//860 834//834 861//861
f 861//861 834//834 835//835
f 861//861 835//835 862//862
f 862//862 835//835 836//836
f 862//862 836//836 863//863
f 863//863 836//836 837//837
f 863//863 837//837 864//864
f 864//864 837//837 838//838
f 864//864 838//838 865//865
f 865//865 838//838 839//839
f 865//865 839//839 866//866
f 866//866 839//839 840//840
f 866//866 840//840 841//841
f 866//866 841//841 867//867
f 867//867 841//841 842//842
f 867//867 842//842 868//868
f 868//868 842//842 843//843
f 868//868 843//843 869//869
f 869//869 843//843 844//844
f 869//869 844//844 870//870
f 870//870 844//844 845//845
f 870//870 845//845 871//871
f 871//871 845//845 846//846
f 871//871 846//846 872//872
f 872//872 846//846 847//847
f 872//872 847//847 873//873
f 873//873 847//847 874//874
f 874//874 847//847 848//848
f 874//874 848//848 875//875
f 875//875 848//848 849//849
f 875//875 849//849 876//876
f 876//876 849//849 850//850
f 876//876 850//850 877//877
f 877//877 850//850 851//851
f 877//877 851//851 878//878
f 878//878 851//851 852//852
f 878//878 852//852 879//879
f 879//879 852//852 826//826
f 879//879 826//826 853//853
f 880//880 879//879 881//881
f 881//881 879//879 853//853
f 881//881 853//853 882//882
f 882//882 853//853 854//854
f 882//882 854//854 883//883
f 883//883 854//854 855//855
f 883//883 855//855 884//884
f 884//884 855//855 856//856
f 884//884 856//856 885//885
f 885//885 856//856 857//857
f 885//885 857//857 886//886
f 886//886 857//857 858//858
f 886//886 858//858 887//887
f 887//887 858//858 859//859
f 887//887 859//859 888//888
f 888//888 859//859 860//860
f 888//888 860//860 889//889
f 889//889 860//860 861//861
f 889//889 861//861 890//890
f 890//890 861//861 862//862
f 890//890 862//862 891//891
f 891//891 862//862 863//863
f 891//891 863//863 892//892
f 892//892 863//863 864//864
f 892//892 864//864 893//893
f 893//893 864//864 865//865
f 893//893 865//865 894//894
f 894//894 865//865 866//866
f 894//894 866//866 895//895
f 895//895 866//866 867//867
f 895//895 867//867 896//896
f 896//896 867//867 868//868
f 896//896 868//868 897//897
f 897//897 868//868 869//869
f 897//897 869//869 898//898
f 898//898 869//869 870//870
f 898//898 870//870 899//899
f 899//899 870//870 871//871
f 899//899 871//871 900//900
f 900//900 871//871 872//872
f 900//900 872//872 901//901
f 901//901 872//872 873//873
f 901//901 873//873 902//902
f 902//902 873//873 874//874
f 902//902 874//874 903//903
f 903//903 874//874 875//875
f 903//903 875//875 904//904
f 904//904 875//875 876//876
f 904//904 876//876 905//905
f 905//905 876//876 877//877
f 905//905 877//877 906//906
f 906//906 877//877 878//878
f 906//906 878//878 880//880
f 880//880 878//878 879//879
f 880//880 881//881 907//907
f 907//907 881//881 882//882
f 907//907 882//882 908//908
f 908//908 882//882 883//883
f 908//908 883//883 909//909
f 909//909 883//883 884//884
f 909//909 884//884 910//910
f 910//910 884//884 885//885
f 910//910 885//885 911//911
f 911//911 885//885 886//886
f 911//911 886//886 912//912
f 912//912 886//886 887//887
f 912//912 887//887 913//913
f 913//913 887//887 888//888
f 913//913 888//888 914//914
f 914//914 888//888 889//889
f 914//914 889//889 915//915
f 915//915 889//889 890//890
f 915//915 890//890 916//916
f 916//916 890//890 891//891
f 916//916 891//891 917//917
f 917//917 891//891 892//892
f 917//917 892//892 918//918
f 918//918 892//892 893//893
f 918//918 893//893 919//919
f 919//919 893//893 894//894
f 919//919 894//894 920//920
f 920//920 894//894 895//895
f 920//920 895//895 921//921
f 921//921 895//895 896//896
f 921//921 896//896 922//922
f 922//922 896//896 897//897
f 922//922 897//897 923//923
f 923//923 897//897 898//898
f 923//923 898//898 924//924
f 924//924 898//898 899//899
f 924//924 899//899 925//925
f 925//925 899//899 900//900
f 925//925 900//900 926//926
f 926//926 900//900 901//901
f 926//926 901//901 927//927
f 927//927 901//901 902//902
f 927//927 902//902 928//928
f 928//928 902//902 903//903
f 928//928 903//903 929//929
f 929//929 903//903 904//904
f 929//929 904//904 930//930
f 930//930 904//904 905//905
f 930//930 905//905 931//931
f 931//931 905//905 906//906
f 931//931 906//906 932//932
f 932//932 906//906 880//880
f 932//932 880//880 907//907
f 614//614 612//612 933//933
f 933//933 612//612 610//610
f 933//933 610//610 934//934
f 934//934 610//610 674//674
f 934//934 674//674 935//935
f 935//935 674//674 672//672
f 935//935 672//672 936//936
f 936//936 672//672 670//670
f 936//936 670//670 937//937
f 937//937 670//670 668//668
f 937//937 668//668 938//938
f 938//938 668//668 666//666
f 938//938 666//666 939//939
f 939//939 666//666 664//664
f 939//939 664//664 940//940
f 940//940 664//664 662//662
f 940//940 662//662 941//941
f 941//941 662//662 660//660
f 941//941 660//660 942//942
f 942//942 660//660 658//658
f 942//942 658//658 943//943
f 943//943 658//658 656//656
f 943//943 656//656 944//944
f 944//944 656//656 654//654
f 944//944 654//654 945//945
f 945//945 654//654 652//652
f 945//945 652//652 946//946
f 946//946 652//652 650//650
f 946//946 650//650 947//947
f 947//947 650//650 648//648
f 947//947 648//648 948//948
f 948//948 648//648 646//646
f 948//948 646//646 949//949
f 949//949 646//646 644//644
f 949//949 644//644 950//950
f 950//950 644//644 642//642
f 950//950 642//642 951//951
f 951//951 642//642 640//640
f 951//951 640//640 952//952
f 952//952 640//640 638//638
f 952//952 638//638 953//953
f 953//953 638//638 636//636
f 953//953 636//636 954//954
f 954//954 636//636 634//634
f 954//954 634//634 955//955
f 955//955 634//634 632//632
f 955//955 632//632 956//956
f 956//956 632//632 630//630
f 956//956 630//630 957//957
f 957//957 630//630 628//628
f 957//957 628//628 958//958
f 958//958 628//628 626//626
f 958//958 626//626 959//959
f 959//959 626//626 624//624
f 959//959 624//624 960//960
f 960//960 624//624 622//622
f 960//960 622//622 961//961
f 961//961 622//622 620//620
f 961//961 620//620 962//962
f 962//962 620//620 618//618
f 962//962 618//618 963//963
f 963//963 618//618 616//616
f 963//963 616//616 964//964
f 964//964 616//616 614//614
f 964//964 614//614 933//933
f 965//965 964//964 966//966
f 966//966 964//964 933//933
f 966//966 933//933 967//967
f 967//967 933//933 934//934
f 967//967 934//934 968//968
f 968//968 934//934 935//935
f 968//968 935//935 969//969
f 969//969 935//935 936//936
f 969//969 936//936 970//970
f 970//970 936//936 937//937
f 970//970 937//937 971//971
f 971//971 937//937 938//938
f 971//971 938//938 972//972
f 972//972 938//938 939//939
f 972//972 939//939 973//973
f 973//973 939//939 940//940
f 973//973 940//940 974//974
f 974//974 940//940 941//941
f 974//974 941//941 975//975
f 975//975 941//941 942//942
f 975//975 942//942 976//976
f 976//976 942//942 943//943
f 976//976 943//943 977//977
f 977//977 943//943 944//944
f 977//977 944//944 978//978
f 978//978 944//944 945//945
f 978//978 945//945 979//979
f 979//979 945//945 946//946
f 979//979 946//946 980//980
f 980//980 946//946 947//947
f 980//980 947//947 981//981
f 981//981 947//947 948//948
f 981//981 948//948 982//982
f 982//982 948//948 949//949
f 982//982 949//949 983//983
f 983//983 949//949 950//950
f 983//983 950//950 984//984
f 984//984 950//950 951//951
f 984//984 951//951 985//985
f 985//985 951//951 952//952
f 985//985 952//952 986//986
f 986//986 952//952 953//953
f 986//986 953//953 987//987
f 987//987 953//953 954//954
f 987//987 954//954 988//988
f 988//988 954//954 955//955
f 988//988 955//955 989//989
f 989//989 955//955 956//956
f 989//989 956//956 990//990
f 990//990 956//956 957//957
f 990//990 957//957 991//991
f 991//991 957//957 958//958
f 991//991 958//958 992//992
f 992//992 958//958 959//959
f 992//992 959//959 993//993
f 993//993 959//959 960//960
f 993//993 960//960 994//994
f 994//994 960//960 961//961
f 994//994 961//961 995//995
f 995//995 961//961 962//962
f 995//995 962//962 996//996
f 996//996 962//962 963//963
f 996//996 963//963 965//965
f 965//965 963//963 964//964
f 965//965 966//966 997//997
f 997//997 966//966 967//967
f 997//997 967//967 998//998
f 998//998 967//967 968//968
f 998//998 968//968 999//999
f 999//999 968//968 969//969
f 999//999 969//969 1000//1000
f 1000//1000 969//969 970//970
f 1000//1000 970//970 1001//1001
f 1001//1001 970//970 971//971
f 1001//1001 971//971 1002//1002
f 1002//1002 971//971 972//972
f 1002//1002 972//972 1003//1003
f 1003//1003 972//972 973//973
f 1003//1003 973//973 1004//1004
f 1004//1004 973//973 974//974
f 1004//1004 974//974 1005//1005
f 1005//1005 974//974 975//975
f 1005//1005 975//975 1006//1006
f 1006//1006 975//975 976//976
f 1006//1006 976//976 1007//1007
f 1007//1007 976//976 977//977
f 1007//1007 977//977 1008//1008
f 1008//1008 977//977 978//978
f 1008//1008 978//978 1009//1009
f 1009//1009 978//978 979//979
f 1009//1009 979//979 1010//1010
f 1010//1010 979//979 980//980
f 1010//1010 980//980 1011//1011
f 1011//1011 980//980 981//981
f 1011//1011 981//981 1012//1012
f 1012//1012 981//981 982//982
f 1012//1012 982//982 983//983
f 1012//1012 983//983 1013//1013
f 1013//1013 983//983 984//984
f 1013//1013 984//984 1014//1014
f 1014//1014 984//984 985//985
f 1014//1014 985//985 1015//1015
f 1015//1015 985//985 986//986
f 1015//1015 986//986 1016//1016
f 1016//1016 986//986 987//987
f 1016//1016 987//987 1017//1017
f 1017//1017 987//987 988//988
f 1017//1017 988//988 1018//1018
f 1018//1018 988//988 989//989
f 1018//1018 989//989 1019//1019
f 1019//1019 989//989 990//990
f 1019//1019 990//990 1020//1020
f 1020//1020 990//990 991//991
f 1020//1020 991//991 1021//1021
f 1021//1021 991//991 992//992
f 1021//1021 992//992 1022//1022
f 1022//1022 992//992 993//993
f 1022//1022 993//993 1023//1023
f 1023//1023 993//993 994//994
f 1023//1023 994//994 1024//1024
f 1024//1024 994//994 995//995
f 1024//1024 995//995 1025//1025
f 1025//1025 995//995 996//996
f 1025//1025 996//996 1026//1026
f 1026//1026 996//996 965//965
f 1026//1026 965//965 997//997
f 1027//1027 1026//1026 1028//1028
f 1028//1028 1026//1026 997//997
f 1028//1028 997//997 1029//1029
f 1029//1029 997//997 998//998
f 1029//1029 998//998 1030//1030
f 1030//1030 998//998 999//999
f 1030//1030 999//999 1031//1031
f 1031//1031 999//999 1000//1000
f 1031//1031 1000//1000 1032//1032
f 1032//1032 1000//1000 1001//1001
f 1032//1032 1001//1001 1033//1033
f 1033//1033 1001//1001 1002//1002
f 1033//1033 1002//1002 1034//1034
f 1034//1034 1002//1002 1003//1003
f 1034//1034 1003//1003 1035//1035
f 1035//1035 1003//1003 1004//1004
f 1035//1035 1004//1004 1036//1036
f 1036//1036 1004//1004 1005//1005
f 1036//1036 1005//1005 1037//1037
f 1037//1037 1005//1005 1006//1006
f 1037//1037 1006//1006 1038//1038
f 1038//1038 1006//1006 1007//1007
f 1038//1038 1007//1007 1039//1039
f 1039//1039 1007//1007 1008//1008
f 1039//1039 1008//1008 1040//1040
f 1040//1040 1008//1008 1009//1009
f 1040//1040 1009//1009 1041//1041
f 1041//1041 1009//1009 1010//1010
f 1041//1041 1010//1010 1042//1042
f 1042//1042 1010//1010 1011//1011
f 1042//1042 1011//1011 1043//1043
f 1043//1043 1011//1011 1012//1012
f 1043//1043 1012//1012 1044//1044
f 1044//1044 1012//1012 1013//1013
f 1044//1044 1013//1013 1045//1045
f 1045//1045 1013//1013 1014//1014
f 1045//1045 1014//1014 1046//1046
f 1046//1046 1014//1014 1015//1015
f 1046//1046 1015//1015 1047//1047
f 1047//1047 1015//1015 1016//1016
f 1047//1047 1016//1016 1048//1048
f 1048//1048 1016//1016 1017//1017
f 1048//1048 1017//1017 1049//1049
f 1049//1049 1017//1017 1018//1018
f 1049//1049 1018//1018 1050//1050
f 1050//1050 1018//1018 1019//1019
f 1050//1050 1019//1019 1051//1051
f 1051//1051 1019//1019 1020//1020
f 1051//1051 1020//1020 1052//1052
f 1052//1052 1020//1020 1021//1021
f 1052//1052 1021//1021 1053//1053
f 1053//1053 1021//1021 1022//1022
f 1053//1053 1022//1022 1054//1054
f 1054//1054 1022//1022 1023//1023
f 1054//1054 1023//1023 1055//1055
f 1055//1055 1023//1023 1024//1024
f 1055//1055 1024//1024 1056//1056
f 1056//1056 1024//1024 1025//1025
f 1056//1056 1025//1025 1027//1027
f 1027//1027 1025//1025 1026//1026
f 1027//1027 1028//1028 1057//1057
f 1057//1057 1028//1028 1029//1029
f 1057//1057 1029//1029 1058//1058
f 1058//1058 1029//1029 1030//1030
f 1058//1058 1030//1030 1059//1059
f 1059//1059 1030//1030 1031//1031
f 1059//1059 1031//1031 1060//1060
f 1060//1060 1031//1031 1032//1032
f 1060//1060 1032//1032 1061//1061
f 1061//1061 1032//1032 1033//1033
f 1061//1061 1033//1033 1062//1062
f 1062//1062 1033//1033 1034//1034
f 1062//1062 1034//1034 1063//1063
f 1063//1063 1034//1034 1035//1035
f 1063//1063 1035//1035 1064//1064
f 1064//1064 1035//1035 1036//1036
f 1064//1064 1036//1036 1065//1065
f 1065//1065 1036//1036 1037//1037
f 1065//1065 1037//1037 1066//1066
f 1066//1066 1037//1037 1038//1038
f 1066//1066 1038//1038 1039//1039
f 1066//1066 1039//1039 1067//1067
f 1067//1067 1039//1039 1040//1040
f 1067//1067 1040//1040 1068//1068
f 1068//1068 1040//1040 1041//1041
f 1068//1068 1041//1041 1069//1069
f 1069//1069 1041//1041 1042//1042
f 1069//1069 1042//1042 1070//1070
f 1070//1070 1042//1042 1043//1043
f 1070//1070 1043//1043 1071//1071
f 1071//1071 1043//1043 1044//1044
f 1071//1071 1044//1044 1072//1072
f 1072//1072 1044//1044 1045//1045
f 1072//1072 1045//1045 1073//1073
f 1073//1073 1045//1045 1046//1046
f 1073//1073 1046//1046 1074//1074
f 1074//1074 1046//1046 1047//1047
f 1074//1074 1047//1047 1075//1075
f 1075//1075 1047//1047 1048//1048
f 1075//1075 1048//1048 1049//1049
f 1075//1075 1049//1049 1076//1076
f 1076//1076 1049//1049 1050//1050
f 1076//1076 1050//1050 1077//1077
f 1077//1077 1050//1050 1051//1051
f 1077//1077 1051//1051 1078//1078
f 1078//1078 1051//1051 1052//1052
f 1078//1078 1052//1052 1079//1079
f 1079//1079 1052//1052 1053//1053
f 1079//1079 1053//1053 1080//1080
f 1080//1080 1053//1053 1054//1054
f 1080//1080 1054//1054 1081//1081
f 1081//1081 1054//1054 1055//1055
f 1081//1081 1055//1055 1082//1082
f 1082//1082 1055//1055 1056//1056
f 1082//1082 1056//1056 1083//1083
f 1083//1083 1056//1056 1027//1027
f 1083//1083 1027//1027 1057//1057
f 1084//1084 1083//1083 1085//1085
f 1085//1085 1083//1083 1057//1057
f 1085//1085 1057//1057 1086//1086
f 1086//1086 1057//1057 1058//1058
f 1086//1086 1058//1058 1087//1087
f 1087//1087 1058//1058 1059//1059
f 1087//1087 1059//1059 1088//1088
f 1088//1088 1059//1059 1060//1060
f 1088//1088 1060//1060 1089//1089
f 1089//1089 1060//1060 1061//1061
f 1089//1089 1061//1061 1090//1090
f 1090//1090 1061//1061 1062//1062
f 1090//1090 1062//1062 1091//1091
f 1091//1091 1062//1062 1063//1063
f 1091//1091 1063//1063 1092//1092
f 1092//1092 1063//1063 1064//1064
f 1092//1092 1064//1064 1093//1093
f 1093//1093 1064//1064 1065//1065
f 1093//1093 1065//1065 1094//1094
f 1094//1094 1065//1065 1066//1066
f 1094//1094 1066//1066 1095//1095
f 1095//1095 1066//1066 1067//1067
f 1095//1095 1067//1067 1096//1096
f 1096//1096 1067//1067 1068//1068
f 1096//1096 1068//1068 1097//1097
f 1097//1097 1068//1068 1069//1069
f 1097//1097 1069//1069 1098//1098
f 1098//1098 1069//1069 1070//1070
f 1098//1098 1070//1070 1099//1099
f 1099//1099 1070//1070 1071//1071
f 1099//1099 1071//1071 1100//1100
f 1100//1100 1071//1071 1072//1072
f 1100//1100 1072//1072 1101//1101
f 1101//1101 1072//1072 1073//1073
f 1101//1101 1073//1073 1102//1102
f 1102//1102 1073//1073 1074//1074
f 1102//1102 1074//1074 1103//1103
f 1103//1103 1074//1074 1075//1075
f 1103//1103 1075//1075 1104//1104
f 1104//1104 1075//1075 1076//1076
f 1104//1104 1076//1076 1105//1105
f 1105//1105 1076//1076 1077//1077
f 1105//1105 1077//1077 1106//1106
f 1106//1106 1077//1077 1078//1078
f 1106//1106 1078//1078 1107//1107
f 1107//1107 1078//1078 1079//1079
f 1107//1107 1079//1079 1108//1108
f 1108//1108 1079//1079 1080//1080
f 1108//1108 1080//1080 1109//1109
f 1109//1109 1080//1080 1081//1081
f 1109//1109 1081//1081 1110//1110
f 1110//1110 1081//1081 1082//1082
f 1110//1110 1082//1082 1084//1084
f 1084//1084 1082//1082 1083//1083
f 1084//1084 1085//1085 1111//1111
f 1111//1111 1085//1085 1086//1086
f 1111//1111 1086//1086 1112//1112
f 1112//1112 1086//1086 1087//1087
f 1112//1112 1087//1087 1113//1113
f 1113//1113 1087//1087 1088//1088
f 1113//1113 1088//1088 1114//1114
f 1114//1114 1088//1088 1089//1089
f 1114//1114 1089//1089 1115//1115
f 1115//1115 1089//1089 1090//1090
f 1115//1115 1090//1090 1116//1116
f 1116//1116 1090//1090 1091//1091
f 1116//1116 1091//1091 1117//1117
f 1117//1117 1091//1091 1092//1092
f 1117//1117 1092//1092 1118//1118
f 1118//1118 1092//1092 1119//1119
f 1119//1119 1092//1092 1093//1093
f 1119//1119 1093//1093 1120//1120
f 1120//1120 1093//1093 1094//1094
f 1120//1120 1094//1094 1121//1121
f 1121//1121 1094//1094 1095//1095
f 1121//1121 1095//1095 1122//1122
f 1122//1122 1095//1095 1096//1096
f 1122//1122 1096//1096 1123//1123
f 1123//1123 1096//1096 1097//1097
f 1123//1123 1097//1097 1124//1124
f 1124//1124 1097//1097 1098//1098
f 1124//1124 1098//1098 1125//1125
f 1125//1125 1098//1098 1099//1099
f 1125//1125 1099//1099 1100//1100
f 1125//1125 1100//1100 1126//1126
f 1126//1126 1100//1100 1101//1101
f 1126//1126 1101//1101 1127//1127
f 1127//1127 1101//1101 1102//1102
f 1127//1127 1102//1102 1128//1128
f 1128//1128 1102//1102 1103//1103
f 1128//1128 1103//1103 1129//1129
f 1129//1129 1103//1103 1104//1104
f 1129//1129 1104//1104 1130//1130
f 1130//1130 1104//1104 1105//1105
f 1130//1130 1105//1105 1131//1131
f 1131//1131 1105//1105 1132//1132
f 1132//1132 1105//1105 1106//1106
f 1132//1132 1106//1106 1133//1133
f 1133//1133 1106//1106 1107//1107
f 1133//1133 1107//1107 1134//1134
f 1134//1134 1107//1107 1108//1108
f 1134//1134 1108//1108 1135//1135
f 1135//1135 1108//1108 1109//1109
f 1135//1135 1109//1109 1136//1136
f 1136//1136 1109//1109 1110//1110
f 1136//1136 1110//1110 1137//1137
f 1137//1137 1110//1110 1084//1084
f 1137//1137 1084//1084 1111//1111
f 1138//1138 1137//1137 1139//1139
f 1139//1139 1137//1137 1111//1111
f 1139//1139 1111//1111 1140//1140
f 1140//1140 1111//1111 1112//1112
f 1140//1140 1112//1112 1141//1141
f 1141//1141 1112//1112 1113//1113
f 1141//1141 1113//1113 1142//1142
f 1142//1142 1113//1113 1114//1114
f 1142//1142 1114//1114 1143//1143
f 1143//1143 1114//1114 1115//1115
f 1143//1143 1115//1115 1144//1144
f 1144//1144 1115//1115 1116//1116
f 1144//1144 1116//1116 1145//1145
f 1145//1145 1116//1116 1117//1117
f 1145//1145 1117//1117 1146//1146
f 1146//1146 1117//1117 1118//1118
f 1146//1146 1118//1118 1147//1147
f 1147//1147 1118//1118 1119//1119
f 1147//1147 1119//1119 1148//1148
f 1148//1148 1119//1119 1120//1120
f 1148//1148 1120//1120 1149//1149
f 1149//1149 1120//1120 1121//1121
f 1149//1149 1121//1121 1150//1150
f 1150//1150 1121//1121 1122//1122
f 1150//1150 1122//1122 1151//1151
f 1151//1151 1122//1122 1123//1123
f 1151//1151 1123//1123 1152//1152
f 1152//1152 1123//1123 1124//1124
f 1152//1152 1124//1124 1153//1153
f 1153//1153 1124//1124 1125//1125
f 1153//1153 1125//1125 1154//1154
f 1154//1154 1125//1125 1126//1126
f 1154//1154 1126//1126 1155//1155
f 1155//1155 1126//1126 1127//1127
f 1155//1155 1127//1127 1156//1156
f 1156//1156 1127//1127 1128//1128
f 1156//1156 1128//1128 1157//1157
f 1157//1157 1128//1128 1129//1129
f 1157//1157 1129//1129 1158//1158
f 1158//1158 1129//1129 1130//1130
f 1158//1158 1130//1130 1159//1159
f 1159//1159 1130//1130 1131//1131
f 1159//1159 1131//1131 1160//1160
f 1160//1160 1131//1131 1132//1132
f 1160//1160 1132//1132 1161//1161
f 1161//1161 1132//1132 1133//1133
f 1161//1161 1133//1133 1162//1162
f 1162//1162 1133//1133 1134//1134
f 1162//1162 1134//1134 1163//1163
f 1163//1163 1134//1134 1135//1135
f 1163//1163 1135//1135 1164//1164
f 1164//1164 1135//1135 1136//1136
f 1164//1164 1136//1136 1138//1138
f 1138//1138 1136//1136 1137//1137
f 1138//1138 1139//1139 1165//1165
f 1165//1165 1139//1139 1140//1140
f 1165//1165 1140//1140 1166//1166
f 1166//1166 1140//1140 1141//1141
f 1166//1166 1141//1141 1167//1167
f 1167//1167 1141//1141 1142//1142
f 1167//1167 1142//1142 1168//1168
f 1168//1168 1142//1142 1143//1143
f 1168//1168 1143//1143 1169//1169
f 1169//1169 1143//1143 1144//1144
f 1169//1169 1144//1144 1170//1170
f 1170//1170 1144//1144 1145//1145
f 1170//1170 1145//1145 1171//1171
f 1171//1171 1145//1145 1146//1146
f 1171//1171 1146//1146 1172//1172
f 1172//1172 1146//1146 1147//1147
f 1172//1172 1147//1147 1173//1173
f 1173//1173 1147//1147 1148//1148
f 1173//1173 1148//1148 1174//1174
f 1174//1174 1148//1148 1149//1149
f 1174//1174 1149//1149 1175//1175
f 1175//1175 1149//1149 1150//1150
f 1175//1175 1150//1150 1176//1176
f 1176//1176 1150//1150 1151//1151
f 1176//1176 1151//1151 1177//1177
f 1177//1177 1151//1151 1152//1152
f 1177//1177 1152//1152 1178//1178
f 1178//1178 1152//1152 1153//1153
f 1178//1178 1153//1153 1179//1179
f 1179//1179 1153//1153 1154//1154
f 1179//1179 1154//1154 1180//1180
f 1180//1180 1154//1154 1155//1155
f 1180//1180 1155//1155 1181//1181
f 1181//1181 1155//1155 1156//1156
f 1181//1181 1156//1156 1182//1182
f 1182//1182 1156//1156 1157//1157
f 1182//1182 1157//1157 1183//1183
f 1183//1183 1157//1157 1158//1158
f 1183//1183 1158//1158 1184//1184
f 1184//1184 1158//1158 1159//1159
f 1184//1184 1159//1159 1185//1185
f 1185//1185 1159//1159 1160//1160
f 1185//1185 1160//1160 1186//1186
f 1186//1186 1160//1160 1161//1161
f 1186//1186 1161//1161 1187//1187
f 1187//1187 1161//1161 1162//1162
f 1187//1187 1162//1162 1188//1188
f 1188//1188 1162//1162 1163//1163
f 1188//1188 1163//1163 1189//1189
f 1189//1189 1163//1163 1164//1164
f 1189//1189 1164//1164 1190//1190
f 1190//1190 1164//1164 1138//1138
f 1190//1190 1138//1138 1165//1165
f 1191//1191 1184//1184 1192//1192
f 1192//1192 1184//1184 1185//1185
f 1192//1192 1185//1185 1193//1193
f 1193//1193 1185//1185 1186//1186
f 1193//1193 1186//1186 1194//1194
f 1194//1194 1186//1186 1187//1187
f 1194//1194 1187//1187 1195//1195
f 1195//1195 1187//1187 1188//1188
f 1195//1195 1188//1188 1196//1196
f 1196//1196 1188//1188 1189//1189
f 1196//1196 1189//1189 1197//1197
f 1197//1197 1189//1189 1190//1190
f 1197//1197 1190//1190 1198//1198
f 1198//1198 1190//1190 1165//1165
f 1198//1198 1165//1165 1199//1199
f 1199//1199 1165//1165 1166//1166
f 1199//1199 1166//1166 1200//1200
f 1200//1200 1166//1166 1167//1167
f 1200//1200 1167//1167 1201//1201
f 1201//1201 1167//1167 1168//1168
f 1201//1201 1168//1168 1202//1202
f 1202//1202 1168//1168 1169//1169
f 1202//1202 1169//1169 1203//1203
f 1203//1203 1169//1169 1170//1170
f 1203//1203 1170//1170 1204//1204
f 1204//1204 1170//1170 1171//1171
f 1204//1204 1171//1171 1205//1205
f 1205//1205 1171//1171 1172//1172
f 1205//1205 1172//1172 1206//1206
f 1206//1206 1172//1172 1173//1173
f 1206//1206 1173//1173 1207//1207
f 1207//1207 1173//1173 1174//1174
f 1207//1207 1174//1174 1208//1208
f 1208//1208 1174//1174 1175//1175
f 1208//1208 1175//1175 1209//1209
f 1209//1209 1175//1175 1176//1176
f 1209//1209 1176//1176 1210//1210
f 1210//1210 1176//1176 1177//1177
f 1210//1210 1177//1177 1211//1211
f 1211//1211 1177//1177 1178//1178
f 1211//1211 1178//1178 1212//1212
f 1212//1212 1178//1178 1179//1179
f 1212//1212 1179//1179 1213//1213
f 1213//1213 1179//1179 1180//1180
f 1213//1213 1180//1180 1214//1214
f 1214//1214 1180//1180 1181//1181
f 1214//1214 1181//1181 1215//1215
f 1215//1215 1181//1181 1182//1182
f 1215//1215 1182//1182 1216//1216
f 1216//1216 1182//1182 1183//1183
f 1216//1216 1183//1183 1191//1191
f 1191//1191 1183//1183 1184//1184
f 1217//1217 1218//1218 1219//1219
f 1219//1219 1218//1218 1220//1220
f 1219//1219 1220//1220 1221//1221
f 1221//1221 1220//1220 1222//1222
f 1222//1222 1220//1220 1223//1223
f 1222//1222 1223//1223 1224//1224
f 1224//1224 1223//1223 1225//1225
f 1225//1225 1223//1223 1226//1226
f 1225//1225 1226//1226 1227//1227
f 1227//1227 1226//1226 1228//1228
f 1227//1227 1228//1228 1229//1229
f 1229//1229 1228//1228 1230//1230
f 1230//1230 1228//1228 1231//1231
f 1230//1230 1231//1231 1232//1232
f 1232//1232 1231//1231 1233//1233
f 1233//1233 1231//1231 1234//1234
f 1233//1233 1234//1234 1235//1235
f 1235//1235 1234//1234 1236//1236
f 1235//1235 1236//1236 1237//1237
f 1218//1218 1217//1217 1238//1238
f 1238//1238 1217//1217 1239//1239
f 1238//1238 1239//1239 1240//1240
f 1238//1238 1240//1240 1241//1241
f 1241//1241 1240//1240 1242//1242
f 1241//1241 1242//1242 1243//1243
f 1243//1243 1242//1242 1244//1244
f 1243//1243 1244//1244 1245//1245
f 1243//1243 1245//1245 1246//1246
f 1246//1246 1245//1245 1247//1247
f 1246//1246 1247//1247 1248//1248
f 1246//1246 1248//1248 1249//1249
f 1249//1249 1248//1248 1250//1250
f 1249//1249 1250//1250 1251//1251
f 1251//1251 1250//1250 1252//1252
f 1251//1251 1252//1252 1253//1253
f 1251//1251 1253//1253 1254//1254
f 1254//1254 1253//1253 1255//1255
f 1254//1254 1255//1255 1256//1256
f 1254//1254 1256//1256 1257//1257
f 1257//1257 1256//1256 1258//1258
f 1257//1257 1258//1258 1259//1259
f 1259//1259 1258//1258 1260//1260
f 1257//1257 1259//1259 1261//1261
f 1261//1261 1259//1259 1262//1262
f 1261//1261 1262//1262 1263//1263
f 1263//1263 1262//1262 1264//1264
f 1263//1263 1264//1264 1265//1265
f 1265//1265 1264//1264 1266//1266
f 1265//1265 1266//1266 1267//1267
f 1267//1267 1266//1266 1236//1236
f 1267//1267 1236//1236 1234//1234
f 1260//1260 1268//1268 1259//1259
f 1259//1259 1268//1268 1269//1269
f 1259//1259 1269//1269 1270//1270
f 1271//1271 1272//1272 1260//1260
f 1260//1260 1272//1272 1273//1273
f 1260//1260 1273//1273 1274//1274
f 1272//1272 1271//1271 1275//1275
f 1275//1275 1271//1271 1276//1276
f 1275//1275 1276//1276 1277//1277
f 1277//1277 1276//1276 1278//1278
f 1278//1278 1276//1276 1279//1279
f 1278//1278 1279//1279 1280//1280
f 1280//1280 1279//1279 1281//1281
f 1280//1280 1281//1281 1282//1282
f 1275//1275 1277//1277 1283//1283
f 1283//1283 1277//1277 1284//1284
f 1283//1283 1284//1284 1285//1285
f 1286//1286 1287//1287 1285//1285
f 1285//1285 1287//1287 1288//1288
f 1285//1285 1288//1288 1289//1289
f 1290//1290 1291//1291 1286//1286
f 1286//1286 1291//1291 1259//1259
f 1286//1286 1259//1259 1292//1292
f 1292//1292 1259//1259 1270//1270
f 1290//1290 1293//1293 1291//1291
f 1291//1291 1293//1293 1294//1294
f 1291//1291 1294//1294 1295//1295
f 1294//1294 1293//1293 1296//1296
f 1296//1296 1293//1293 1297//1297
f 1296//1296 1297//1297 1298//1298
f 1298//1298 1297//1297 1299//1299
f 1299//1299 1297//1297 1300//1300
f 1300//1300 1297//1297 1301//1301
f 1301//1301 1297//1297 1302//1302
f 1291//1291 1295//1295 1303//1303
f 1303//1303 1295//1295 1304//1304
f 1303//1303 1304//1304 1305//1305
f 1303//1303 1305//1305 1306//1306
f 1306//1306 1305//1305 1307//1307
f 1306//1306 1307//1307 1308//1308
f 1308//1308 1307//1307 1309//1309
f 1308//1308 1309//1309 1310//1310
f 1310//1310 1309//1309 1311//1311
f 1310//1310 1311//1311 1312//1312
f 1312//1312 1311//1311 1313//1313
f 1312//1312 1313//1313 1314//1314
f 1314//1314 1313//1313 1315//1315
f 1314//1314 1315//1315 1316//1316
f 1316//1316 1315//1315 1317//1317
f 1317//1317 1315//1315 1318//1318
f 1317//1317 1318//1318 1319//1319
f 1311//1311 1320//1320 1313//1313
f 1313//1313 1320//1320 1321//1321
f 1317//1317 1319//1319 1322//1322
f 1322//1322 1319//1319 1323//1323
f 1322//1322 1323//1323 1324//1324
f 1324//1324 1325//1325 1322//1322
f 1322//1322 1325//1325 1326//1326
f 1322//1322 1326//1326 1327//1327
f 1322//1322 1328//1328 1317//1317
f 1317//1317 1328//1328 1329//1329
f 1317//1317 1329//1329 1330//1330
f 1331//1331 1332//1332 1328//1328
f 1328//1328 1332//1332 1333//1333
f 1328//1328 1333//1333 1329//1329
f 1334//1334 1335//1335 1331//1331
f 1331//1331 1335//1335 1336//1336
f 1331//1331 1336//1336 1332//1332
f 1337//1337 1338//1338 1334//1334
f 1334//1334 1338//1338 1339//1339
f 1334//1334 1339//1339 1340//1340
f 1317//1317 1341//1341 1337//1337
f 1337//1337 1341//1341 1342//1342
f 1337//1337 1342//1342 1343//1343
f 1340//1340 1344//1344 1334//1334
f 1334//1334 1344//1344 1335//1335
f 1330//1330 1341//1341 1317//1317
f 1343//1343 1345//1345 1337//1337
f 1337//1337 1345//1345 1346//1346
f 1337//1337 1346//1346 1338//1338
f 1289//1289 1283//1283 1285//1285
f 1274//1274 1268//1268 1260//1260
f 1292//1292 1347//1347 1286//1286
f 1286//1286 1347//1347 1348//1348
f 1286//1286 1348//1348 1349//1349
f 1349//1349 1287//1287 1286//1286
f 1260//1260 1258//1258 1271//1271
f 1271//1271 1258//1258 1350//1350
f 1350//1350 1258//1258 1256//1256
f 1350//1350 1256//1256 1255//1255
f 1255//1255 1253//1253 1350//1350
f 1350//1350 1253//1253 1351//1351
f 1351//1351 1253//1253 1252//1252
f 1351//1351 1252//1252 1250//1250
f 1250//1250 1248//1248 1351//1351
f 1351//1351 1248//1248 1247//1247
f 1351//1351 1247//1247 1352//1352
f 1352//1352 1247//1247 1245//1245
f 1352//1352 1245//1245 1244//1244
f 1244//1244 1353//1353 1352//1352
f 1352//1352 1353//1353 1354//1354
f 1352//1352 1354//1354 1355//1355
f 1353//1353 1356//1356 1354//1354
f 1354//1354 1356//1356 1357//1357
f 1352//1352 1358//1358 1351//1351
f 1242//1242 1359//1359 1244//1244
f 1244//1244 1359//1359 1353//1353
f 1353//1353 1359//1359 1360//1360
f 1353//1353 1360//1360 1356//1356
f 1361//1361 1362//1362 1359//1359
f 1359//1359 1362//1362 1363//1363
f 1359//1359 1363//1363 1360//1360
f 1362//1362 1364//1364 1363//1363
f 1242//1242 1240//1240 1359//1359
f 1359//1359 1240//1240 1239//1239
f 1359//1359 1239//1239 1365//1365
f 1365//1365 1239//1239 1217//1217
f 1365//1365 1217//1217 1219//1219
f 1366//1366 1367//1367 1368//1368
f 1368//1368 1367//1367 1369//1369
f 1369//1369 1367//1367 1370//1370
f 1369//1369 1370//1370 1371//1371
f 1371//1371 1370//1370 1372//1372
f 1372//1372 1370//1370 1373//1373
f 1372//1372 1373//1373 1374//1374
f 1374//1374 1373//1373 1375//1375
f 1374//1374 1375//1375 1376//1376
f 1376//1376 1375//1375 1377//1377
f 1378//1378 1379//1379 1380//1380
f 1380//1380 1379//1379 1381//1381
f 1381//1381 1379//1379 1382//1382
f 1382//1382 1379//1379 1383//1383
f 1382//1382 1383//1383 1384//1384
f 1382//1382 1384//1384 1385//1385
f 1385//1385 1384//1384 1386//1386
f 1385//1385 1386//1386 1387//1387
f 1387//1387 1386//1386 1388//1388
f 1387//1387 1388//1388 1302//1302
f 1386//1386 1389//1389 1388//1388
f 1388//1388 1389//1389 1390//1390
f 1390//1390 1389//1389 1391//1391
f 1390//1390 1391//1391 1392//1392
f 1392//1392 1391//1391 1393//1393
f 1392//1392 1393//1393 1394//1394
f 1392//1392 1394//1394 1395//1395
f 1395//1395 1394//1394 1396//1396
f 1395//1395 1396//1396 1397//1397
f 1397//1397 1396//1396 1398//1398
f 1398//1398 1396//1396 1399//1399
f 1387//1387 1302//1302 1400//1400
f 1400//1400 1302//1302 1297//1297
f 1400//1400 1297//1297 1401//1401
f 1401//1401 1297//1297 1293//1293
f 1401//1401 1293//1293 1402//1402
f 1402//1402 1293//1293 1403//1403
f 1403//1403 1293//1293 1290//1290
f 1403//1403 1290//1290 1404//1404
f 1404//1404 1290//1290 1286//1286
f 1404//1404 1286//1286 1405//1405
f 1405//1405 1406//1406 1404//1404
f 1407//1407 1408//1408 1409//1409
f 1409//1409 1408//1408 1410//1410
f 1410//1410 1408//1408 1366//1366
f 1410//1410 1366//1366 1411//1411
f 1411//1411 1366//1366 1412//1412
f 1408//1408 1367//1367 1366//1366
f 1413//1413 1414//1414 1415//1415
f 1415//1415 1414//1414 1416//1416
f 1415//1415 1416//1416 1417//1417
f 1417//1417 1416//1416 1418//1418
f 1417//1417 1418//1418 1419//1419
f 1417//1417 1419//1419 1420//1420
f 1420//1420 1419//1419 1421//1421
f 1420//1420 1421//1421 1422//1422
f 1422//1422 1421//1421 1423//1423
f 1422//1422 1423//1423 1424//1424
f 1424//1424 1423//1423 1425//1425
f 1424//1424 1425//1425 1426//1426
f 1426//1426 1427//1427 1424//1424
f 1424//1424 1427//1427 1428//1428
f 1428//1428 1427//1427 1429//1429
f 1420//1420 1422//1422 1430//1430
f 1430//1430 1422//1422 1431//1431
f 1430//1430 1431//1431 1432//1432
f 1430//1430 1432//1432 1433//1433
f 1433//1433 1432//1432 1434//1434
f 1433//1433 1434//1434 1435//1435
f 1435//1435 1434//1434 1327//1327
f 1435//1435 1327//1327 1436//1436
f 1434//1434 1437//1437 1327//1327
f 1327//1327 1437//1437 1322//1322
f 1322//1322 1437//1437 1438//1438
f 1322//1322 1438//1438 1328//1328
f 1328//1328 1438//1438 1439//1439
f 1328//1328 1439//1439 1331//1331
f 1331//1331 1439//1439 1440//1440
f 1331//1331 1440//1440 1334//1334
f 1334//1334 1440//1440 1441//1441
f 1441//1441 1440//1440 1442//1442
f 1442//1442 1440//1440 1443//1443
f 1442//1442 1443//1443 1444//1444
f 1444//1444 1443//1443 1445//1445
f 1445//1445 1443//1443 1446//1446
f 1446//1446 1443//1443 1447//1447
f 1447//1447 1443//1443 1448//1448
f 1448//1448 1443//1443 1449//1449
f 1449//1449 1443//1443 1450//1450
f 1450//1450 1443//1443 1451//1451
f 1451//1451 1443//1443 1452//1452
f 1451//1451 1452//1452 1453//1453
f 1453//1453 1452//1452 1454//1454
f 1454//1454 1452//1452 1455//1455
f 1455//1455 1452//1452 1456//1456
f 1455//1455 1456//1456 1457//1457
f 1457//1457 1458//1458 1455//1455
f 1455//1455 1458//1458 1459//1459
f 1459//1459 1458//1458 1460//1460
f 1459//1459 1460//1460 1461//1461
f 1461//1461 1462//1462 1459//1459
f 1435//1435 1436//1436 1463//1463
f 1463//1463 1436//1436 1464//1464
f 1463//1463 1464//1464 1465//1465
f 1465//1465 1464//1464 1466//1466
f 1465//1465 1466//1466 1467//1467
f 1467//1467 1466//1466 1468//1468
f 1467//1467 1468//1468 1469//1469
f 1469//1469 1468//1468 1470//1470
f 1469//1469 1470//1470 1471//1471
f 1471//1471 1472//1472 1469//1469
f 1469//1469 1472//1472 1473//1473
f 1469//1469 1473//1473 1474//1474
f 1474//1474 1473//1473 1475//1475
f 1474//1474 1475//1475 1476//1476
f 1476//1476 1477//1477 1474//1474
f 1474//1474 1477//1477 1478//1478
f 1474//1474 1478//1478 1479//1479
f 1479//1479 1480//1480 1474//1474
f 1474//1474 1480//1480 1481//1481
f 1474//1474 1481//1481 1482//1482
f 1474//1474 1482//1482 1483//1483
f 1483//1483 1482//1482 1484//1484
f 1483//1483 1484//1484 1485//1485
f 1486//1486 1487//1487 1485//1485
f 1485//1485 1487//1487 1488//1488
f 1485//1485 1488//1488 1489//1489
f 1490//1490 1491//1491 1486//1486
f 1486//1486 1491//1491 1492//1492
f 1486//1486 1492//1492 1487//1487
f 1489//1489 1483//1483 1485//1485
f 1236//1236 1493//1493 1237//1237
f 1237//1237 1493//1493 1494//1494
f 1237//1237 1494//1494 1495//1495
f 1496//1496 1397//1397 1236//1236
f 1236//1236 1397//1397 1497//1497
f 1236//1236 1497//1497 1498//1498
f 1499//1499 1500//1500 1496//1496
f 1496//1496 1500//1500 1501//1501
f 1496//1496 1501//1501 1392//1392
f 1392//1392 1501//1501 1502//1502
f 1392//1392 1502//1502 1390//1390
f 1390//1390 1502//1502 1503//1503
f 1390//1390 1503//1503 1504//1504
f 1505//1505 1506//1506 1499//1499
f 1499//1499 1506//1506 1507//1507
f 1499//1499 1507//1507 1500//1500
f 1506//1506 1505//1505 1508//1508
f 1508//1508 1505//1505 1509//1509
f 1508//1508 1509//1509 1510//1510
f 1510//1510 1509//1509 1511//1511
f 1510//1510 1511//1511 1512//1512
f 1512//1512 1511//1511 1513//1513
f 1512//1512 1513//1513 1514//1514
f 1514//1514 1513//1513 1515//1515
f 1514//1514 1515//1515 1516//1516
f 1516//1516 1515//1515 1517//1517
f 1516//1516 1517//1517 1518//1518
f 1519//1519 1520//1520 1518//1518
f 1518//1518 1520//1520 1521//1521
f 1518//1518 1521//1521 1522//1522
f 1470//1470 1523//1523 1519//1519
f 1519//1519 1523//1523 1524//1524
f 1519//1519 1524//1524 1525//1525
f 1468//1468 1526//1526 1470//1470
f 1470//1470 1526//1526 1527//1527
f 1470//1470 1527//1527 1528//1528
f 1466//1466 1529//1529 1468//1468
f 1468//1468 1529//1529 1530//1530
f 1468//1468 1530//1530 1526//1526
f 1464//1464 1518//1518 1466//1466
f 1466//1466 1518//1518 1522//1522
f 1466//1466 1522//1522 1531//1531
f 1436//1436 1532//1532 1464//1464
f 1464//1464 1532//1532 1533//1533
f 1464//1464 1533//1533 1534//1534
f 1534//1534 1535//1535 1464//1464
f 1464//1464 1535//1535 1536//1536
f 1464//1464 1536//1536 1518//1518
f 1518//1518 1536//1536 1537//1537
f 1518//1518 1537//1537 1516//1516
f 1538//1538 1539//1539 1514//1514
f 1514//1514 1539//1539 1512//1512
f 1504//1504 1540//1540 1390//1390
f 1390//1390 1540//1540 1541//1541
f 1390//1390 1541//1541 1388//1388
f 1392//1392 1395//1395 1496//1496
f 1496//1496 1395//1395 1397//1397
f 1542//1542 1543//1543 1397//1397
f 1397//1397 1543//1543 1544//1544
f 1397//1397 1544//1544 1545//1545
f 1546//1546 1547//1547 1542//1542
f 1542//1542 1547//1547 1548//1548
f 1542//1542 1548//1548 1549//1549
f 1546//1546 1550//1550 1547//1547
f 1547//1547 1550//1550 1551//1551
f 1551//1551 1550//1550 1552//1552
f 1551//1551 1552//1552 1553//1553
f 1550//1550 1554//1554 1552//1552
f 1552//1552 1554//1554 1555//1555
f 1555//1555 1554//1554 1556//1556
f 1555//1555 1556//1556 1557//1557
f 1557//1557 1556//1556 1558//1558
f 1551//1551 1553//1553 1559//1559
f 1559//1559 1553//1553 1237//1237
f 1559//1559 1237//1237 1495//1495
f 1545//1545 1560//1560 1397//1397
f 1397//1397 1560//1560 1497//1497
f 1498//1498 1561//1561 1236//1236
f 1236//1236 1561//1561 1493//1493
f 1549//1549 1543//1543 1542//1542
f 1525//1525 1562//1562 1519//1519
f 1519//1519 1562//1562 1563//1563
f 1519//1519 1563//1563 1520//1520
f 1531//1531 1529//1529 1466//1466
f 1528//1528 1564//1564 1470//1470
f 1470//1470 1564//1564 1523//1523
f 1565//1565 1566//1566 1567//1567
f 1567//1567 1566//1566 1568//1568
f 1568//1568 1566//1566 1569//1569
f 1568//1568 1569//1569 1570//1570
f 1570//1570 1569//1569 1571//1571
f 1570//1570 1571//1571 1572//1572
f 1570//1570 1572//1572 1573//1573
f 1573//1573 1572//1572 1574//1574
f 1573//1573 1574//1574 1575//1575
f 1575//1575 1574//1574 1576//1576
f 1575//1575 1576//1576 1577//1577
f 1575//1575 1577//1577 1578//1578
f 1578//1578 1577//1577 1579//1579
f 1578//1578 1579//1579 1580//1580
f 1578//1578 1580//1580 1581//1581
f 1581//1581 1580//1580 1582//1582
f 1581//1581 1582//1582 1583//1583
f 1583//1583 1584//1584 1581//1581
f 1581//1581 1584//1584 1585//1585
f 1585//1585 1584//1584 1586//1586
f 1585//1585 1586//1586 1587//1587
f 1587//1587 1588//1588 1585//1585
f 1585//1585 1588//1588 1589//1589
f 1585//1585 1589//1589 1590//1590
f 1590//1590 1589//1589 1591//1591
f 1590//1590 1591//1591 1507//1507
f 1507//1507 1591//1591 1304//1304
f 1304//1304 1591//1591 1592//1592
f 1304//1304 1592//1592 1305//1305
f 1305//1305 1592//1592 1593//1593
f 1305//1305 1593//1593 1307//1307
f 1307//1307 1593//1593 1594//1594
f 1307//1307 1594//1594 1309//1309
f 1309//1309 1594//1594 1595//1595
f 1309//1309 1595//1595 1311//1311
f 1311//1311 1595//1595 1596//1596
f 1311//1311 1596//1596 1320//1320
f 1320//1320 1596//1596 1597//1597
f 1320//1320 1597//1597 1321//1321
f 1321//1321 1597//1597 1598//1598
f 1321//1321 1598//1598 1599//1599
f 1599//1599 1598//1598 1600//1600
f 1600//1600 1598//1598 1601//1601
f 1601//1601 1598//1598 1602//1602
f 1601//1601 1602//1602 1603//1603
f 1591//1591 1589//1589 1604//1604
f 1604//1604 1589//1589 1605//1605
f 1604//1604 1605//1605 1606//1606
f 1606//1606 1607//1607 1604//1604
f 1604//1604 1607//1607 1608//1608
f 1604//1604 1608//1608 1609//1609
f 1609//1609 1608//1608 1610//1610
f 1609//1609 1610//1610 1611//1611
f 1611//1611 1612//1612 1609//1609
f 1609//1609 1612//1612 1613//1613
f 1613//1613 1612//1612 1614//1614
f 1613//1613 1614//1614 1615//1615
f 1613//1613 1615//1615 1616//1616
f 1616//1616 1615//1615 1617//1617
f 1616//1616 1617//1617 1618//1618
f 1616//1616 1618//1618 1619//1619
f 1619//1619 1618//1618 1620//1620
f 1619//1619 1620//1620 1621//1621
f 1621//1621 1620//1620 1622//1622
f 1621//1621 1622//1622 1623//1623
f 1621//1621 1623//1623 1624//1624
f 1624//1624 1623//1623 1625//1625
f 1624//1624 1625//1625 1409//1409
f 1409//1409 1625//1625 1407//1407
f 1590//1590 1507//1507 1626//1626
f 1626//1626 1507//1507 1506//1506
f 1626//1626 1506//1506 1627//1627
f 1627//1627 1506//1506 1508//1508
f 1627//1627 1508//1508 1628//1628
f 1628//1628 1508//1508 1510//1510
f 1628//1628 1510//1510 1629//1629
f 1629//1629 1510//1510 1512//1512
f 1629//1629 1512//1512 1630//1630
f 1630//1630 1512//1512 1539//1539
f 1630//1630 1539//1539 1631//1631
f 1631//1631 1539//1539 1538//1538
f 1631//1631 1538//1538 1632//1632
f 1632//1632 1538//1538 1633//1633
f 1632//1632 1633//1633 1634//1634
f 1634//1634 1635//1635 1632//1632
f 1632//1632 1635//1635 1636//1636
f 1636//1636 1635//1635 1637//1637
f 1429//1429 1603//1603 1428//1428
f 1428//1428 1603//1603 1638//1638
f 1428//1428 1638//1638 1639//1639
f 1639//1639 1638//1638 1640//1640
f 1640//1640 1638//1638 1641//1641
f 1641//1641 1638//1638 1642//1642
f 1642//1642 1638//1638 1643//1643
f 1603//1603 1602//1602 1638//1638
f 1413//1413 1415//1415 1637//1637
f 1637//1637 1415//1415 1644//1644
f 1637//1637 1644//1644 1636//1636
f 1415//1415 1645//1645 1644//1644
f 1644//1644 1645//1645 1646//1646
f 1644//1644 1646//1646 1647//1647
f 1647//1647 1648//1648 1644//1644
f 1644//1644 1648//1648 1649//1649
f 1219//1219 1221//1221 1365//1365
f 1365//1365 1221//1221 1650//1650
f 1365//1365 1650//1650 1651//1651
f 1651//1651 1650//1650 1652//1652
f 1651//1651 1653//1653 1365//1365
f 1365//1365 1653//1653 1654//1654
f 1365//1365 1654//1654 1655//1655
f 1653//1653 1656//1656 1654//1654
f 1657//1657 1658//1658 1659//1659
f 1659//1659 1658//1658 1362//1362
f 1659//1659 1362//1362 1660//1660
f 1660//1660 1362//1362 1661//1661
f 1660//1660 1661//1661 1662//1662
f 1657//1657 1663//1663 1658//1658
f 1658//1658 1663//1663 1664//1664
f 1664//1664 1663//1663 1665//1665
f 1664//1664 1665//1665 1666//1666
f 1666//1666 1665//1665 1667//1667
f 1666//1666 1667//1667 1668//1668
f 1668//1668 1667//1667 1669//1669
f 1668//1668 1669//1669 1670//1670
f 1670//1670 1669//1669 1671//1671
f 1670//1670 1671//1671 1672//1672
f 1672//1672 1671//1671 1673//1673
f 1672//1672 1673//1673 1674//1674
f 1674//1674 1673//1673 1675//1675
f 1674//1674 1675//1675 1654//1654
f 1654//1654 1675//1675 1676//1676
f 1654//1654 1676//1676 1677//1677
f 1677//1677 1676//1676 1678//1678
f 1677//1677 1678//1678 1679//1679
f 1679//1679 1678//1678 1680//1680
f 1679//1679 1680//1680 1681//1681
f 1681//1681 1680//1680 1682//1682
f 1681//1681 1682//1682 1683//1683
f 1683//1683 1682//1682 1684//1684
f 1683//1683 1684//1684 1685//1685
f 1685//1685 1684//1684 1686//1686
f 1685//1685 1686//1686 1662//1662
f 1662//1662 1686//1686 1660//1660
f 1346//1346 1687//1687 1338//1338
f 1338//1338 1687//1687 1688//1688
f 1338//1338 1688//1688 1339//1339
f 1339//1339 1688//1688 1689//1689
f 1339//1339 1689//1689 1340//1340
f 1340//1340 1689//1689 1690//1690
f 1340//1340 1690//1690 1691//1691
f 1687//1687 1346//1346 1692//1692
f 1692//1692 1346//1346 1345//1345
f 1692//1692 1345//1345 1693//1693
f 1693//1693 1345//1345 1343//1343
f 1693//1693 1343//1343 1694//1694
f 1694//1694 1343//1343 1342//1342
f 1694//1694 1342//1342 1695//1695
f 1695//1695 1342//1342 1341//1341
f 1695//1695 1341//1341 1696//1696
f 1696//1696 1341//1341 1330//1330
f 1696//1696 1330//1330 1697//1697
f 1697//1697 1330//1330 1329//1329
f 1697//1697 1329//1329 1698//1698
f 1698//1698 1329//1329 1333//1333
f 1698//1698 1333//1333 1699//1699
f 1699//1699 1333//1333 1332//1332
f 1699//1699 1332//1332 1700//1700
f 1700//1700 1332//1332 1336//1336
f 1700//1700 1336//1336 1701//1701
f 1701//1701 1336//1336 1335//1335
f 1701//1701 1335//1335 1702//1702
f 1702//1702 1335//1335 1344//1344
f 1702//1702 1344//1344 1691//1691
f 1691//1691 1344//1344 1340//1340
f 1703//1703 1704//1704 1705//1705
f 1705//1705 1704//1704 1706//1706
f 1705//1705 1706//1706 1707//1707
f 1708//1708 1709//1709 1703//1703
f 1703//1703 1709//1709 1710//1710
f 1703//1703 1710//1710 1711//1711
f 1711//1711 1710//1710 1712//1712
f 1711//1711 1712//1712 1713//1713
f 1711//1711 1713//1713 1714//1714
f 1714//1714 1713//1713 1715//1715
f 1714//1714 1715//1715 1716//1716
f 1716//1716 1715//1715 1717//1717
f 1716//1716 1717//1717 1718//1718
f 1718//1718 1717//1717 1719//1719
f 1718//1718 1719//1719 1720//1720
f 1720//1720 1719//1719 1721//1721
f 1720//1720 1721//1721 1722//1722
f 1719//1719 1717//1717 1723//1723
f 1723//1723 1717//1717 1724//1724
f 1723//1723 1724//1724 1725//1725
f 1725//1725 1724//1724 1726//1726
f 1725//1725 1726//1726 1727//1727
f 1727//1727 1726//1726 1728//1728
f 1728//1728 1726//1726 1729//1729
f 1728//1728 1729//1729 1730//1730
f 1730//1730 1729//1729 1731//1731
f 1730//1730 1731//1731 1732//1732
f 1732//1732 1731//1731 1733//1733
f 1732//1732 1733//1733 1734//1734
f 1734//1734 1733//1733 1735//1735
f 1734//1734 1735//1735 1736//1736
f 1736//1736 1735//1735 1737//1737
f 1736//1736 1737//1737 1738//1738
f 1738//1738 1737//1737 1739//1739
f 1738//1738 1739//1739 1740//1740
f 1738//1738 1740//1740 1741//1741
f 1741//1741 1740//1740 1742//1742
f 1741//1741 1742//1742 1743//1743
f 1741//1741 1743//1743 1744//1744
f 1744//1744 1743//1743 1745//1745
f 1744//1744 1745//1745 1746//1746
f 1746//1746 1747//1747 1744//1744
f 1744//1744 1747//1747 1748//1748
f 1748//1748 1747//1747 1749//1749
f 1748//1748 1749//1749 1722//1722
f 1722//1722 1749//1749 1720//1720
f 1688//1688 1687//1687 1711//1711
f 1711//1711 1687//1687 1692//1692
f 1711//1711 1692//1692 1703//1703
f 1703//1703 1692//1692 1693//1693
f 1703//1703 1693//1693 1694//1694
f 1703//1703 1694//1694 1750//1750
f 1750//1750 1694//1694 1695//1695
f 1750//1750 1695//1695 1696//1696
f 1750//1750 1696//1696 1751//1751
f 1751//1751 1696//1696 1697//1697
f 1751//1751 1697//1697 1698//1698
f 1752//1752 1753//1753 1751//1751
f 1751//1751 1753//1753 1754//1754
f 1751//1751 1754//1754 1755//1755
f 1755//1755 1750//1750 1751//1751
f 1756//1756 1757//1757 1750//1750
f 1750//1750 1757//1757 1758//1758
f 1750//1750 1758//1758 1759//1759
f 1760//1760 1761//1761 1756//1756
f 1756//1756 1761//1761 1762//1762
f 1756//1756 1762//1762 1763//1763
f 1760//1760 1764//1764 1761//1761
f 1761//1761 1764//1764 1765//1765
f 1765//1765 1764//1764 1766//1766
f 1765//1765 1766//1766 1767//1767
f 1765//1765 1767//1767 1768//1768
f 1768//1768 1767//1767 1769//1769
f 1768//1768 1769//1769 1770//1770
f 1768//1768 1770//1770 1771//1771
f 1771//1771 1770//1770 1772//1772
f 1771//1771 1772//1772 1705//1705
f 1763//1763 1757//1757 1756//1756
f 1759//1759 1773//1773 1750//1750
f 1750//1750 1773//1773 1703//1703
f 1773//1773 1774//1774 1703//1703
f 1703//1703 1774//1774 1775//1775
f 1703//1703 1775//1775 1704//1704
f 1707//1707 1771//1771 1705//1705
f 1776//1776 1777//1777 1778//1778
f 1778//1778 1777//1777 1779//1779
f 1778//1778 1779//1779 1780//1780
f 1777//1777 1781//1781 1779//1779
f 1780//1780 1406//1406 1778//1778
f 1782//1782 1783//1783 1784//1784
f 1784//1784 1783//1783 1785//1785
f 1784//1784 1785//1785 1786//1786
f 1786//1786 1785//1785 1787//1787
f 1786//1786 1787//1787 1788//1788
f 1788//1788 1787//1787 1789//1789
f 1788//1788 1789//1789 1790//1790
f 1790//1790 1789//1789 1791//1791
f 1790//1790 1791//1791 1792//1792
f 1792//1792 1791//1791 1793//1793
f 1792//1792 1793//1793 1794//1794
f 1794//1794 1793//1793 1795//1795
f 1794//1794 1795//1795 1796//1796
f 1796//1796 1795//1795 1797//1797
f 1796//1796 1797//1797 1798//1798
f 1798//1798 1797//1797 1799//1799
f 1798//1798 1799//1799 1776//1776
f 1776//1776 1799//1799 1777//1777
f 1782//1782 1800//1800 1783//1783
f 1783//1783 1800//1800 1801//1801
f 1783//1783 1801//1801 1802//1802
f 1358//1358 1803//1803 1800//1800
f 1800//1800 1803//1803 1804//1804
f 1800//1800 1804//1804 1801//1801
f 1762//1762 1805//1805 1763//1763
f 1763//1763 1805//1805 1806//1806
f 1763//1763 1806//1806 1757//1757
f 1757//1757 1806//1806 1807//1807
f 1757//1757 1807//1807 1758//1758
f 1758//1758 1807//1807 1808//1808
f 1758//1758 1808//1808 1759//1759
f 1759//1759 1808//1808 1809//1809
f 1759//1759 1809//1809 1773//1773
f 1773//1773 1809//1809 1810//1810
f 1773//1773 1810//1810 1774//1774
f 1774//1774 1810//1810 1811//1811
f 1774//1774 1811//1811 1775//1775
f 1775//1775 1811//1811 1812//1812
f 1775//1775 1812//1812 1704//1704
f 1704//1704 1812//1812 1813//1813
f 1704//1704 1813//1813 1706//1706
f 1706//1706 1813//1813 1814//1814
f 1706//1706 1814//1814 1707//1707
f 1707//1707 1814//1814 1815//1815
f 1707//1707 1815//1815 1771//1771
f 1771//1771 1815//1815 1816//1816
f 1771//1771 1816//1816 1768//1768
f 1768//1768 1816//1816 1817//1817
f 1768//1768 1817//1817 1765//1765
f 1765//1765 1817//1817 1818//1818
f 1765//1765 1818//1818 1761//1761
f 1761//1761 1818//1818 1819//1819
f 1761//1761 1819//1819 1762//1762
f 1762//1762 1819//1819 1805//1805
f 1683//1683 1685//1685 1361//1361
f 1361//1361 1685//1685 1662//1662
f 1361//1361 1662//1662 1661//1661
f 1661//1661 1362//1362 1361//1361
f 1364//1364 1668//1668 1363//1363
f 1363//1363 1668//1668 1653//1653
f 1363//1363 1653//1653 1651//1651
f 1668//1668 1656//1656 1653//1653
f 1363//1363 1651//1651 1360//1360
f 1360//1360 1651//1651 1652//1652
f 1360//1360 1652//1652 1356//1356
f 1356//1356 1652//1652 1820//1820
f 1356//1356 1820//1820 1357//1357
f 1821//1821 1822//1822 1652//1652
f 1652//1652 1822//1822 1820//1820
f 1822//1822 1823//1823 1820//1820
f 1820//1820 1823//1823 1824//1824
f 1824//1824 1823//1823 1825//1825
f 1824//1824 1825//1825 1826//1826
f 1826//1826 1825//1825 1827//1827
f 1826//1826 1827//1827 1828//1828
f 1828//1828 1827//1827 1829//1829
f 1828//1828 1829//1829 1830//1830
f 1830//1830 1829//1829 1831//1831
f 1830//1830 1831//1831 1832//1832
f 1832//1832 1831//1831 1833//1833
f 1832//1832 1833//1833 1834//1834
f 1834//1834 1833//1833 1835//1835
f 1834//1834 1835//1835 1836//1836
f 1836//1836 1835//1835 1837//1837
f 1836//1836 1837//1837 1838//1838
f 1838//1838 1837//1837 1839//1839
f 1838//1838 1839//1839 1840//1840
f 1840//1840 1839//1839 1841//1841
f 1840//1840 1841//1841 1842//1842
f 1842//1842 1841//1841 1843//1843
f 1842//1842 1843//1843 1844//1844
f 1844//1844 1843//1843 1845//1845
f 1844//1844 1845//1845 1846//1846
f 1846//1846 1845//1845 1847//1847
f 1846//1846 1847//1847 1848//1848
f 1848//1848 1847//1847 1849//1849
f 1848//1848 1849//1849 1850//1850
f 1850//1850 1849//1849 1851//1851
f 1850//1850 1851//1851 1852//1852
f 1853//1853 1854//1854 1849//1849
f 1849//1849 1854//1854 1851//1851
f 1854//1854 1855//1855 1851//1851
f 1851//1851 1855//1855 1856//1856
f 1856//1856 1855//1855 1857//1857
f 1856//1856 1857//1857 1858//1858
f 1858//1858 1857//1857 1859//1859
f 1858//1858 1859//1859 1860//1860
f 1860//1860 1859//1859 1861//1861
f 1861//1861 1859//1859 1862//1862
f 1851//1851 1863//1863 1864//1864
f 1864//1864 1863//1863 1865//1865
f 1864//1864 1865//1865 1866//1866
f 1864//1864 1852//1852 1851//1851
f 1867//1867 1868//1868 1869//1869
f 1869//1869 1868//1868 1870//1870
f 1869//1869 1870//1870 1871//1871
f 1871//1871 1870//1870 1872//1872
f 1871//1871 1872//1872 1873//1873
f 1871//1871 1873//1873 1874//1874
f 1874//1874 1873//1873 1875//1875
f 1874//1874 1875//1875 1876//1876
f 1876//1876 1875//1875 1877//1877
f 1876//1876 1877//1877 1878//1878
f 1869//1869 1879//1879 1867//1867
f 1867//1867 1879//1879 1880//1880
f 1867//1867 1880//1880 1881//1881
f 1565//1565 1567//1567 1879//1879
f 1879//1879 1567//1567 1880//1880
f 1881//1881 1882//1882 1867//1867
f 1864//1864 1201//1201 1852//1852
f 1852//1852 1201//1201 1202//1202
f 1852//1852 1202//1202 1850//1850
f 1850//1850 1202//1202 1203//1203
f 1850//1850 1203//1203 1848//1848
f 1848//1848 1203//1203 1204//1204
f 1848//1848 1204//1204 1846//1846
f 1846//1846 1204//1204 1205//1205
f 1846//1846 1205//1205 1844//1844
f 1844//1844 1205//1205 1206//1206
f 1844//1844 1206//1206 1842//1842
f 1842//1842 1206//1206 1207//1207
f 1842//1842 1207//1207 1840//1840
f 1840//1840 1207//1207 1838//1838
f 1838//1838 1207//1207 1208//1208
f 1838//1838 1208//1208 1836//1836
f 1836//1836 1208//1208 1209//1209
f 1836//1836 1209//1209 1834//1834
f 1834//1834 1209//1209 1210//1210
f 1834//1834 1210//1210 1832//1832
f 1832//1832 1210//1210 1211//1211
f 1832//1832 1211//1211 1830//1830
f 1830//1830 1211//1211 1212//1212
f 1830//1830 1212//1212 1828//1828
f 1828//1828 1212//1212 1213//1213
f 1828//1828 1213//1213 1826//1826
f 1826//1826 1213//1213 1824//1824
f 1824//1824 1213//1213 1214//1214
f 1824//1824 1214//1214 1820//1820
f 1820//1820 1214//1214 1215//1215
f 1820//1820 1215//1215 1357//1357
f 1357//1357 1215//1215 1216//1216
f 1357//1357 1216//1216 1191//1191
f 1864//1864 1883//1883 1201//1201
f 1201//1201 1883//1883 1200//1200
f 1200//1200 1883//1883 1884//1884
f 1200//1200 1884//1884 1199//1199
f 1199//1199 1884//1884 1885//1885
f 1199//1199 1885//1885 1198//1198
f 1198//1198 1885//1885 1886//1886
f 1198//1198 1886//1886 1887//1887
f 1198//1198 1887//1887 1197//1197
f 1197//1197 1887//1887 1888//1888
f 1197//1197 1888//1888 1196//1196
f 1196//1196 1888//1888 1889//1889
f 1196//1196 1889//1889 1195//1195
f 1195//1195 1889//1889 1890//1890
f 1195//1195 1890//1890 1891//1891
f 1195//1195 1891//1891 1194//1194
f 1194//1194 1891//1891 1892//1892
f 1194//1194 1892//1892 1193//1193
f 1193//1193 1892//1892 1893//1893
f 1193//1193 1893//1893 1192//1192
f 1192//1192 1893//1893 1894//1894
f 1192//1192 1894//1894 1895//1895
f 1192//1192 1895//1895 1191//1191
f 1191//1191 1895//1895 1354//1354
f 1191//1191 1354//1354 1357//1357
f 1896//1896 1731//1731 1883//1883
f 1883//1883 1731//1731 1729//1729
f 1883//1883 1729//1729 1884//1884
f 1884//1884 1729//1729 1726//1726
f 1884//1884 1726//1726 1885//1885
f 1885//1885 1726//1726 1724//1724
f 1885//1885 1724//1724 1886//1886
f 1886//1886 1724//1724 1717//1717
f 1886//1886 1717//1717 1887//1887
f 1887//1887 1717//1717 1715//1715
f 1887//1887 1715//1715 1888//1888
f 1888//1888 1715//1715 1713//1713
f 1888//1888 1713//1713 1889//1889
f 1889//1889 1713//1713 1712//1712
f 1889//1889 1712//1712 1890//1890
f 1890//1890 1712//1712 1710//1710
f 1890//1890 1710//1710 1891//1891
f 1891//1891 1710//1710 1709//1709
f 1891//1891 1709//1709 1892//1892
f 1892//1892 1709//1709 1708//1708
f 1892//1892 1708//1708 1893//1893
f 1893//1893 1708//1708 1897//1897
f 1893//1893 1897//1897 1894//1894
f 1894//1894 1897//1897 1898//1898
f 1894//1894 1898//1898 1899//1899
f 1894//1894 1899//1899 1895//1895
f 1895//1895 1899//1899 1900//1900
f 1895//1895 1900//1900 1901//1901
f 1901//1901 1902//1902 1895//1895
f 1895//1895 1902//1902 1903//1903
f 1895//1895 1903//1903 1354//1354
f 1354//1354 1903//1903 1355//1355
f 1883//1883 1864//1864 1896//1896
f 1896//1896 1864//1864 1904//1904
f 1904//1904 1864//1864 1905//1905
f 1905//1905 1864//1864 1866//1866
f 908//908 1906//1906 907//907
f 907//907 1906//1906 1907//1907
f 907//907 1907//1907 932//932
f 932//932 1907//1907 1908//1908
f 932//932 1908//1908 931//931
f 931//931 1908//1908 1909//1909
f 931//931 1909//1909 930//930
f 930//930 1909//1909 1910//1910
f 930//930 1910//1910 929//929
f 929//929 1910//1910 1911//1911
f 929//929 1911//1911 928//928
f 928//928 1911//1911 1912//1912
f 928//928 1912//1912 927//927
f 927//927 1912//1912 1913//1913
f 927//927 1913//1913 926//926
f 926//926 1913//1913 1914//1914
f 926//926 1914//1914 925//925
f 925//925 1914//1914 1915//1915
f 925//925 1915//1915 924//924
f 924//924 1915//1915 1916//1916
f 924//924 1916//1916 923//923
f 923//923 1916//1916 1917//1917
f 923//923 1917//1917 922//922
f 922//922 1917//1917 1918//1918
f 922//922 1918//1918 921//921
f 921//921 1918//1918 1919//1919
f 921//921 1919//1919 920//920
f 920//920 1919//1919 1920//1920
f 920//920 1920//1920 919//919
f 919//919 1920//1920 1921//1921
f 919//919 1921//1921 918//918
f 918//918 1921//1921 1922//1922
f 918//918 1922//1922 917//917
f 917//917 1922//1922 1923//1923
f 917//917 1923//1923 916//916
f 916//916 1923//1923 1924//1924
f 916//916 1924//1924 915//915
f 915//915 1924//1924 1925//1925
f 915//915 1925//1925 914//914
f 914//914 1925//1925 1926//1926
f 914//914 1926//1926 913//913
f 913//913 1926//1926 1927//1927
f 913//913 1927//1927 912//912
f 912//912 1927//1927 1928//1928
f 912//912 1928//1928 911//911
f 911//911 1928//1928 1929//1929
f 911//911 1929//1929 910//910
f 910//910 1929//1929 1930//1930
f 910//910 1930//1930 909//909
f 909//909 1930//1930 1931//1931
f 909//909 1931//1931 908//908
f 908//908 1931//1931 1906//1906
f 1925//1925 1914//1914 1926//1926
f 1926//1926 1914//1914 1913//1913
f 1926//1926 1913//1913 1927//1927
f 1927//1927 1913//1913 1912//1912
f 1927//1927 1912//1912 1928//1928
f 1928//1928 1912//1912 1911//1911
f 1928//1928 1911//1911 1929//1929
f 1929//1929 1911//1911 1910//1910
f 1929//1929 1910//1910 1930//1930
f 1930//1930 1910//1910 1909//1909
f 1930//1930 1909//1909 1931//1931
f 1931//1931 1909//1909 1908//1908
f 1931//1931 1908//1908 1906//1906
f 1906//1906 1908//1908 1907//1907
f 1914//1914 1925//1925 1915//1915
f 1915//1915 1925//1925 1924//1924
f 1915//1915 1924//1924 1916//1916
f 1916//1916 1924//1924 1923//1923
f 1916//1916 1923//1923 1917//1917
f 1917//1917 1923//1923 1922//1922
f 1917//1917 1922//1922 1918//1918
f 1918//1918 1922//1922 1921//1921
f 1918//1918 1921//1921 1919//1919
f 1919//1919 1921//1921 1920//1920
f 1932//1932 1454//1454 1659//1659
f 1659//1659 1454//1454 1455//1455
f 1659//1659 1455//1455 1933//1933
f 1933//1933 1455//1455 1934//1934
f 1934//1934 1455//1455 1935//1935
f 1935//1935 1455//1455 1936//1936
f 1936//1936 1455//1455 1459//1459
f 1936//1936 1459//1459 1937//1937
f 1937//1937 1459//1459 1938//1938
f 1937//1937 1938//1938 1939//1939
f 1937//1937 1939//1939 1940//1940
f 1940//1940 1939//1939 1941//1941
f 1940//1940 1941//1941 1942//1942
f 1940//1940 1942//1942 1943//1943
f 1943//1943 1942//1942 1944//1944
f 1943//1943 1944//1944 1945//1945
f 1945//1945 1944//1944 1946//1946
f 1945//1945 1946//1946 1947//1947
f 1947//1947 1946//1946 1863//1863
f 1947//1947 1863//1863 1948//1948
f 1948//1948 1863//1863 1949//1949
f 1949//1949 1863//1863 1858//1858
f 1949//1949 1858//1858 1950//1950
f 1950//1950 1858//1858 1860//1860
f 1950//1950 1860//1860 1951//1951
f 1951//1951 1860//1860 1861//1861
f 1951//1951 1861//1861 1952//1952
f 1952//1952 1861//1861 1953//1953
f 1953//1953 1861//1861 1659//1659
f 1953//1953 1659//1659 1933//1933
f 1851//1851 1856//1856 1863//1863
f 1863//1863 1856//1856 1858//1858
f 1862//1862 1667//1667 1861//1861
f 1861//1861 1667//1667 1665//1665
f 1861//1861 1665//1665 1663//1663
f 1675//1675 1673//1673 1862//1862
f 1862//1862 1673//1673 1671//1671
f 1862//1862 1671//1671 1669//1669
f 1669//1669 1667//1667 1862//1862
f 1663//1663 1657//1657 1861//1861
f 1861//1861 1657//1657 1659//1659
f 1361//1361 1359//1359 1683//1683
f 1683//1683 1359//1359 1365//1365
f 1683//1683 1365//1365 1655//1655
f 1362//1362 1658//1658 1364//1364
f 1364//1364 1658//1658 1664//1664
f 1364//1364 1664//1664 1666//1666
f 1666//1666 1668//1668 1364//1364
f 1462//1462 1954//1954 1459//1459
f 1459//1459 1954//1954 1938//1938
f 1938//1938 1954//1954 1955//1955
f 1938//1938 1955//1955 1939//1939
f 1939//1939 1955//1955 1956//1956
f 1939//1939 1956//1956 1941//1941
f 1941//1941 1956//1956 1957//1957
f 1941//1941 1957//1957 1942//1942
f 1942//1942 1957//1957 1958//1958
f 1942//1942 1958//1958 1944//1944
f 1944//1944 1958//1958 1959//1959
f 1944//1944 1959//1959 1946//1946
f 1946//1946 1959//1959 1960//1960
f 1946//1946 1960//1960 1863//1863
f 1863//1863 1960//1960 1865//1865
f 1405//1405 1286//1286 1961//1961
f 1961//1961 1286//1286 1285//1285
f 1271//1271 1350//1350 1276//1276
f 1276//1276 1350//1350 1962//1962
f 1276//1276 1962//1962 1279//1279
f 1279//1279 1962//1962 1963//1963
f 1279//1279 1963//1963 1281//1281
f 1281//1281 1963//1963 1964//1964
f 1281//1281 1964//1964 1282//1282
f 1282//1282 1964//1964 1965//1965
f 1282//1282 1965//1965 1280//1280
f 1280//1280 1965//1965 1966//1966
f 1280//1280 1966//1966 1278//1278
f 1278//1278 1966//1966 1967//1967
f 1278//1278 1967//1967 1277//1277
f 1277//1277 1967//1967 1968//1968
f 1277//1277 1968//1968 1284//1284
f 1284//1284 1968//1968 1969//1969
f 1284//1284 1969//1969 1285//1285
f 1285//1285 1969//1969 1961//1961
f 1970//1970 1288//1288 1971//1971
f 1971//1971 1288//1288 1287//1287
f 1971//1971 1287//1287 1972//1972
f 1972//1972 1287//1287 1349//1349
f 1972//1972 1349//1349 1973//1973
f 1973//1973 1349//1349 1348//1348
f 1973//1973 1348//1348 1974//1974
f 1974//1974 1348//1348 1347//1347
f 1974//1974 1347//1347 1975//1975
f 1975//1975 1347//1347 1292//1292
f 1975//1975 1292//1292 1976//1976
f 1976//1976 1292//1292 1270//1270
f 1976//1976 1270//1270 1977//1977
f 1977//1977 1270//1270 1269//1269
f 1977//1977 1269//1269 1978//1978
f 1978//1978 1269//1269 1268//1268
f 1978//1978 1268//1268 1979//1979
f 1979//1979 1268//1268 1274//1274
f 1979//1979 1274//1274 1980//1980
f 1980//1980 1274//1274 1273//1273
f 1980//1980 1273//1273 1981//1981
f 1981//1981 1273//1273 1272//1272
f 1981//1981 1272//1272 1982//1982
f 1982//1982 1272//1272 1275//1275
f 1982//1982 1275//1275 1983//1983
f 1983//1983 1275//1275 1283//1283
f 1983//1983 1283//1283 1984//1984
f 1984//1984 1283//1283 1289//1289
f 1984//1984 1289//1289 1970//1970
f 1970//1970 1289//1289 1288//1288
f 1351//1351 1979//1979 1350//1350
f 1350//1350 1979//1979 1980//1980
f 1350//1350 1980//1980 1981//1981
f 1979//1979 1351//1351 1978//1978
f 1978//1978 1351//1351 1985//1985
f 1978//1978 1985//1985 1977//1977
f 1977//1977 1985//1985 1976//1976
f 1976//1976 1985//1985 1986//1986
f 1976//1976 1986//1986 1975//1975
f 1975//1975 1986//1986 1974//1974
f 1974//1974 1986//1986 1987//1987
f 1974//1974 1987//1987 1973//1973
f 1973//1973 1987//1987 1405//1405
f 1973//1973 1405//1405 1972//1972
f 1972//1972 1405//1405 1971//1971
f 1971//1971 1405//1405 1961//1961
f 1971//1971 1961//1961 1970//1970
f 1970//1970 1961//1961 1984//1984
f 1984//1984 1961//1961 1969//1969
f 1984//1984 1969//1969 1983//1983
f 1983//1983 1969//1969 1968//1968
f 1983//1983 1968//1968 1967//1967
f 1983//1983 1967//1967 1982//1982
f 1982//1982 1967//1967 1966//1966
f 1982//1982 1966//1966 1965//1965
f 1965//1965 1964//1964 1982//1982
f 1982//1982 1964//1964 1963//1963
f 1982//1982 1963//1963 1962//1962
f 1982//1982 1962//1962 1981//1981
f 1981//1981 1962//1962 1350//1350
f 1782//1782 1814//1814 1800//1800
f 1800//1800 1814//1814 1813//1813
f 1800//1800 1813//1813 1988//1988
f 1988//1988 1813//1813 1812//1812
f 1988//1988 1812//1812 1811//1811
f 1784//1784 1816//1816 1782//1782
f 1782//1782 1816//1816 1815//1815
f 1782//1782 1815//1815 1814//1814
f 1816//1816 1784//1784 1817//1817
f 1817//1817 1784//1784 1786//1786
f 1817//1817 1786//1786 1788//1788
f 1788//1788 1790//1790 1817//1817
f 1817//1817 1790//1790 1792//1792
f 1817//1817 1792//1792 1794//1794
f 1817//1817 1794//1794 1818//1818
f 1818//1818 1794//1794 1796//1796
f 1818//1818 1796//1796 1798//1798
f 1818//1818 1798//1798 1819//1819
f 1819//1819 1798//1798 1776//1776
f 1819//1819 1776//1776 1805//1805
f 1805//1805 1776//1776 1806//1806
f 1806//1806 1776//1776 1778//1778
f 1806//1806 1778//1778 1807//1807
f 1807//1807 1778//1778 1808//1808
f 1808//1808 1778//1778 1989//1989
f 1808//1808 1989//1989 1809//1809
f 1809//1809 1989//1989 1990//1990
f 1809//1809 1990//1990 1810//1810
f 1810//1810 1990//1990 1811//1811
f 1811//1811 1990//1990 1988//1988
f 1800//1800 1988//1988 1358//1358
f 1358//1358 1988//1988 1985//1985
f 1358//1358 1985//1985 1351//1351
f 1988//1988 1990//1990 1985//1985
f 1985//1985 1990//1990 1986//1986
f 1986//1986 1990//1990 1989//1989
f 1986//1986 1989//1989 1987//1987
f 1987//1987 1989//1989 1406//1406
f 1987//1987 1406//1406 1405//1405
f 1989//1989 1778//1778 1406//1406
f 1409//1409 1410//1410 1624//1624
f 1624//1624 1410//1410 1621//1621
f 1621//1621 1410//1410 1619//1619
f 1619//1619 1410//1410 1991//1991
f 1619//1619 1991//1991 1616//1616
f 1616//1616 1991//1991 1613//1613
f 1613//1613 1991//1991 1992//1992
f 1613//1613 1992//1992 1609//1609
f 1609//1609 1992//1992 1993//1993
f 1609//1609 1993//1993 1604//1604
f 1604//1604 1993//1993 1994//1994
f 1604//1604 1994//1994 1591//1591
f 1591//1591 1994//1994 1995//1995
f 1591//1591 1995//1995 1592//1592
f 1592//1592 1995//1995 1593//1593
f 1593//1593 1995//1995 1594//1594
f 1594//1594 1995//1995 1595//1595
f 1595//1595 1995//1995 1596//1596
f 1596//1596 1995//1995 1996//1996
f 1596//1596 1996//1996 1597//1597
f 1597//1597 1996//1996 1598//1598
f 1598//1598 1996//1996 1638//1638
f 1598//1598 1638//1638 1602//1602
f 1993//1993 1997//1997 1994//1994
f 1994//1994 1997//1997 1998//1998
f 1994//1994 1998//1998 1999//1999
f 1999//1999 2000//2000 1994//1994
f 1994//1994 2000//2000 2001//2001
f 2001//2001 2000//2000 2002//2002
f 2001//2001 2002//2002 2003//2003
f 2003//2003 2004//2004 2001//2001
f 2001//2001 2004//2004 2005//2005
f 2005//2005 2004//2004 2006//2006
f 2005//2005 2006//2006 2007//2007
f 2007//2007 2006//2006 2008//2008
f 2007//2007 2008//2008 2009//2009
f 2007//2007 2009//2009 2010//2010
f 2010//2010 2009//2009 2011//2011
f 2010//2010 2011//2011 2012//2012
f 1752//1752 1751//1751 2012//2012
f 2012//2012 1751//1751 2010//2010
f 1948//1948 1732//1732 1947//1947
f 1947//1947 1732//1732 1734//1734
f 1947//1947 1734//1734 1945//1945
f 1945//1945 1734//1734 1736//1736
f 1945//1945 1736//1736 1943//1943
f 1943//1943 1736//1736 1738//1738
f 1943//1943 1738//1738 1940//1940
f 1940//1940 1738//1738 1741//1741
f 1940//1940 1741//1741 1937//1937
f 1937//1937 1741//1741 1744//1744
f 1937//1937 1744//1744 1936//1936
f 1936//1936 1744//1744 1748//1748
f 1936//1936 1748//1748 1935//1935
f 1935//1935 1748//1748 1722//1722
f 1935//1935 1722//1722 1934//1934
f 1934//1934 1722//1722 1721//1721
f 1934//1934 1721//1721 1933//1933
f 1933//1933 1721//1721 1719//1719
f 1933//1933 1719//1719 1953//1953
f 1953//1953 1719//1719 1723//1723
f 1953//1953 1723//1723 1952//1952
f 1952//1952 1723//1723 1725//1725
f 1952//1952 1725//1725 1951//1951
f 1951//1951 1725//1725 1727//1727
f 1951//1951 1727//1727 1950//1950
f 1950//1950 1727//1727 1728//1728
f 1950//1950 1728//1728 1949//1949
f 1949//1949 1728//1728 1730//1730
f 1949//1949 1730//1730 1948//1948
f 1948//1948 1730//1730 1732//1732
f 1236//1236 1266//1266 1496//1496
f 1496//1496 1266//1266 1264//1264
f 1496//1496 1264//1264 1291//1291
f 1291//1291 1264//1264 1262//1262
f 1291//1291 1262//1262 1259//1259
f 1295//1295 1500//1500 1304//1304
f 1304//1304 1500//1500 1507//1507
f 1313//1313 2013//2013 1315//1315
f 1315//1315 2013//2013 2014//2014
f 1315//1315 2014//2014 1516//1516
f 1516//1516 2014//2014 1514//1514
f 1317//1317 1518//1518 1316//1316
f 1316//1316 1518//1518 1517//1517
f 1337//1337 2015//2015 1317//1317
f 1317//1317 2015//2015 1519//1519
f 1317//1317 1519//1519 1518//1518
f 2016//2016 2017//2017 1337//1337
f 1337//1337 2017//2017 2018//2018
f 1337//1337 2018//2018 2019//2019
f 2020//2020 2021//2021 2016//2016
f 2016//2016 2021//2021 2022//2022
f 2016//2016 2022//2022 2023//2023
f 2023//2023 2022//2022 2024//2024
f 2024//2024 2022//2022 1932//1932
f 2024//2024 1932//1932 2025//2025
f 2025//2025 1932//1932 1686//1686
f 2025//2025 1686//1686 1684//1684
f 2021//2021 2020//2020 2026//2026
f 2026//2026 2020//2020 2027//2027
f 2026//2026 2027//2027 2028//2028
f 2028//2028 2027//2027 2029//2029
f 1659//1659 1660//1660 1932//1932
f 1932//1932 1660//1660 1686//1686
f 2025//2025 1684//1684 2030//2030
f 2030//2030 1684//1684 1682//1682
f 2030//2030 1682//1682 2031//2031
f 2031//2031 1682//1682 1680//1680
f 2031//2031 1680//1680 2032//2032
f 2032//2032 1680//1680 1678//1678
f 2032//2032 1678//1678 2033//2033
f 2033//2033 1678//1678 1676//1676
f 2033//2033 1676//1676 1675//1675
f 2034//2034 2035//2035 2033//2033
f 2033//2033 2035//2035 2036//2036
f 2033//2033 2036//2036 2032//2032
f 2035//2035 2034//2034 2037//2037
f 2037//2037 2034//2034 2038//2038
f 2037//2037 2038//2038 2039//2039
f 2039//2039 2038//2038 2040//2040
f 2039//2039 2040//2040 2041//2041
f 2041//2041 2040//2040 2042//2042
f 2041//2041 2042//2042 2043//2043
f 2035//2035 2037//2037 2044//2044
f 2044//2044 2037//2037 1519//1519
f 2044//2044 1519//1519 2045//2045
f 2045//2045 1519//1519 2046//2046
f 2046//2046 1519//1519 2015//2015
f 2023//2023 2017//2017 2016//2016
f 2019//2019 2015//2015 1337//1337
f 1496//1496 1291//1291 1499//1499
f 1499//1499 1291//1291 1303//1303
f 1499//1499 1303//1303 1505//1505
f 1505//1505 1303//1303 1306//1306
f 1505//1505 1306//1306 1509//1509
f 1509//1509 1306//1306 1308//1308
f 1509//1509 1308//1308 1511//1511
f 1511//1511 1308//1308 1310//1310
f 1511//1511 1310//1310 1513//1513
f 1513//1513 1310//1310 1312//1312
f 1513//1513 1312//1312 1515//1515
f 1515//1515 1312//1312 1314//1314
f 1515//1515 1314//1314 1517//1517
f 1517//1517 1314//1314 1316//1316
f 1302//1302 1388//1388 1301//1301
f 1301//1301 1388//1388 1541//1541
f 1301//1301 1541//1541 1300//1300
f 1300//1300 1541//1541 1540//1540
f 1300//1300 1540//1540 1299//1299
f 1299//1299 1540//1540 1504//1504
f 1299//1299 1504//1504 1298//1298
f 1298//1298 1504//1504 1503//1503
f 1298//1298 1503//1503 1296//1296
f 1296//1296 1503//1503 1502//1502
f 1296//1296 1502//1502 1294//1294
f 1294//1294 1502//1502 1501//1501
f 1294//1294 1501//1501 1295//1295
f 1295//1295 1501//1501 1500//1500
f 1436//1436 1327//1327 1532//1532
f 1532//1532 1327//1327 1326//1326
f 1532//1532 1326//1326 1533//1533
f 1533//1533 1326//1326 1325//1325
f 1533//1533 1325//1325 1534//1534
f 1534//1534 1325//1325 1324//1324
f 1534//1534 1324//1324 1535//1535
f 1535//1535 1324//1324 1323//1323
f 1535//1535 1323//1323 1536//1536
f 1536//1536 1323//1323 1319//1319
f 1536//1536 1319//1319 1537//1537
f 1537//1537 1319//1319 1318//1318
f 1537//1537 1318//1318 1516//1516
f 1516//1516 1318//1318 1315//1315
f 1639//1639 2047//2047 1428//1428
f 1428//1428 2047//2047 2048//2048
f 1428//1428 2048//2048 2049//2049
f 2049//2049 2048//2048 1639//1639
f 2049//2049 1639//1639 2050//2050
f 2050//2050 1639//1639 2051//2051
f 2050//2050 2051//2051 1640//1640
f 1640//1640 2051//2051 2052//2052
f 1640//1640 2052//2052 1639//1639
f 1639//1639 2052//2052 2051//2051
f 1641//1641 2053//2053 1640//1640
f 1640//1640 2053//2053 2054//2054
f 1640//1640 2054//2054 2055//2055
f 2055//2055 2054//2054 2056//2056
f 2055//2055 2056//2056 2057//2057
f 2057//2057 2056//2056 2058//2058
f 2057//2057 2058//2058 2059//2059
f 2059//2059 2058//2058 1642//1642
f 2059//2059 1642//1642 2060//2060
f 2060//2060 1642//1642 2061//2061
f 2060//2060 2061//2061 1643//1643
f 1643//1643 2061//2061 2062//2062
f 1643//1643 2062//2062 1642//1642
f 1642//1642 2062//2062 2061//2061
f 1642//1642 2063//2063 1641//1641
f 1641//1641 2063//2063 2064//2064
f 1641//1641 2064//2064 2053//2053
f 2053//2053 2064//2064 2054//2054
f 1638//1638 2065//2065 1643//1643
f 1643//1643 2065//2065 2066//2066
f 1643//1643 2066//2066 2067//2067
f 2067//2067 2066//2066 1638//1638
f 2067//2067 1638//1638 1996//1996
f 1995//1995 2068//2068 1996//1996
f 1996//1996 2068//2068 2069//2069
f 1996//1996 2069//2069 2067//2067
f 2067//2067 2069//2069 2070//2070
f 2067//2067 2070//2070 2060//2060
f 2060//2060 2070//2070 2071//2071
f 2060//2060 2071//2071 2059//2059
f 2059//2059 2071//2071 2072//2072
f 2059//2059 2072//2072 2057//2057
f 2057//2057 2072//2072 2073//2073
f 2057//2057 2073//2073 2055//2055
f 2055//2055 2073//2073 2074//2074
f 2055//2055 2074//2074 2050//2050
f 2050//2050 2074//2074 2075//2075
f 2050//2050 2075//2075 2049//2049
f 2049//2049 2075//2075 1424//1424
f 2049//2049 1424//1424 1428//1428
f 1994//1994 2076//2076 1995//1995
f 1995//1995 2076//2076 2077//2077
f 1995//1995 2077//2077 2068//2068
f 2068//2068 2077//2077 2078//2078
f 2068//2068 2078//2078 2079//2079
f 2079//2079 2078//2078 2080//2080
f 2079//2079 2080//2080 2081//2081
f 2081//2081 2080//2080 2082//2082
f 2081//2081 2082//2082 2083//2083
f 2083//2083 2082//2082 2084//2084
f 2083//2083 2084//2084 2085//2085
f 2085//2085 2084//2084 2086//2086
f 2085//2085 2086//2086 2087//2087
f 2087//2087 2086//2086 2088//2088
f 2087//2087 2088//2088 2089//2089
f 2089//2089 2088//2088 1422//1422
f 2089//2089 1422//1422 1424//1424
f 2001//2001 2090//2090 1994//1994
f 1994//1994 2090//2090 2091//2091
f 1994//1994 2091//2091 2092//2092
f 2092//2092 2091//2091 2093//2093
f 2092//2092 2093//2093 2094//2094
f 2094//2094 2093//2093 2095//2095
f 2094//2094 2095//2095 2096//2096
f 2096//2096 2095//2095 2097//2097
f 2096//2096 2097//2097 2098//2098
f 2098//2098 2097//2097 2099//2099
f 2098//2098 2099//2099 2100//2100
f 2100//2100 2099//2099 2101//2101
f 2100//2100 2101//2101 2102//2102
f 2102//2102 2101//2101 2103//2103
f 2102//2102 2103//2103 2104//2104
f 2104//2104 2103//2103 1431//1431
f 2104//2104 1431//1431 1422//1422
f 2005//2005 2105//2105 2001//2001
f 2001//2001 2105//2105 2106//2106
f 2001//2001 2106//2106 2107//2107
f 2107//2107 2106//2106 2108//2108
f 2107//2107 2108//2108 2109//2109
f 2109//2109 2108//2108 2110//2110
f 2109//2109 2110//2110 2111//2111
f 2111//2111 2110//2110 2112//2112
f 2111//2111 2112//2112 2113//2113
f 2113//2113 2112//2112 2114//2114
f 2113//2113 2114//2114 2115//2115
f 2115//2115 2114//2114 2116//2116
f 2115//2115 2116//2116 2117//2117
f 2117//2117 2116//2116 2118//2118
f 2117//2117 2118//2118 2119//2119
f 2119//2119 2118//2118 1432//1432
f 2119//2119 1432//1432 1431//1431
f 2105//2105 2005//2005 2120//2120
f 2120//2120 2005//2005 2007//2007
f 2120//2120 2007//2007 2121//2121
f 2121//2121 2007//2007 2010//2010
f 2121//2121 2010//2010 2122//2122
f 2122//2122 2010//2010 1751//1751
f 2122//2122 2123//2123 2121//2121
f 2121//2121 2123//2123 2124//2124
f 2121//2121 2124//2124 2120//2120
f 2120//2120 2124//2124 2125//2125
f 2120//2120 2125//2125 2105//2105
f 2105//2105 2125//2125 2126//2126
f 2105//2105 2126//2126 2106//2106
f 2106//2106 2126//2126 2108//2108
f 2124//2124 2123//2123 2127//2127
f 2127//2127 2123//2123 2128//2128
f 2127//2127 2128//2128 2129//2129
f 2129//2129 2128//2128 2130//2130
f 2129//2129 2130//2130 2131//2131
f 2131//2131 2130//2130 2132//2132
f 2131//2131 2132//2132 2133//2133
f 2133//2133 2132//2132 2134//2134
f 2133//2133 2134//2134 2135//2135
f 2135//2135 2134//2134 2136//2136
f 2135//2135 2136//2136 2114//2114
f 2114//2114 2136//2136 2116//2116
f 2130//2130 2137//2137 2132//2132
f 2132//2132 2137//2137 2138//2138
f 2132//2132 2138//2138 2134//2134
f 2134//2134 2138//2138 2139//2139
f 2134//2134 2139//2139 2136//2136
f 2136//2136 2139//2139 2140//2140
f 2136//2136 2140//2140 2116//2116
f 2116//2116 2140//2140 2118//2118
f 2137//2137 1439//1439 2138//2138
f 2138//2138 1439//1439 1438//1438
f 2138//2138 1438//1438 2139//2139
f 2139//2139 1438//1438 1437//1437
f 2139//2139 1437//1437 2140//2140
f 2140//2140 1437//1437 1434//1434
f 2140//2140 1434//1434 1432//1432
f 1639//1639 2048//2048 2047//2047
f 1424//1424 2075//2075 2089//2089
f 2089//2089 2075//2075 2074//2074
f 2089//2089 2074//2074 2087//2087
f 2087//2087 2074//2074 2073//2073
f 2087//2087 2073//2073 2085//2085
f 2085//2085 2073//2073 2072//2072
f 2085//2085 2072//2072 2083//2083
f 2083//2083 2072//2072 2071//2071
f 2083//2083 2071//2071 2081//2081
f 2081//2081 2071//2071 2070//2070
f 2081//2081 2070//2070 2079//2079
f 2079//2079 2070//2070 2069//2069
f 2079//2079 2069//2069 2068//2068
f 1422//1422 2088//2088 2141//2141
f 2141//2141 2088//2088 2086//2086
f 2141//2141 2086//2086 2142//2142
f 2142//2142 2086//2086 2084//2084
f 2142//2142 2084//2084 2143//2143
f 2143//2143 2084//2084 2082//2082
f 2143//2143 2082//2082 2144//2144
f 2144//2144 2082//2082 2080//2080
f 2144//2144 2080//2080 2145//2145
f 2145//2145 2080//2080 2078//2078
f 2145//2145 2078//2078 2146//2146
f 2146//2146 2078//2078 2077//2077
f 2146//2146 2077//2077 2076//2076
f 1422//1422 2141//2141 2104//2104
f 2104//2104 2141//2141 2142//2142
f 2104//2104 2142//2142 2102//2102
f 2102//2102 2142//2142 2143//2143
f 2102//2102 2143//2143 2100//2100
f 2100//2100 2143//2143 2144//2144
f 2100//2100 2144//2144 2098//2098
f 2098//2098 2144//2144 2145//2145
f 2098//2098 2145//2145 2096//2096
f 2096//2096 2145//2145 2146//2146
f 2096//2096 2146//2146 2094//2094
f 2094//2094 2146//2146 2076//2076
f 2094//2094 2076//2076 2092//2092
f 2092//2092 2076//2076 1994//1994
f 1431//1431 2103//2103 2147//2147
f 2147//2147 2103//2103 2101//2101
f 2147//2147 2101//2101 2148//2148
f 2148//2148 2101//2101 2099//2099
f 2148//2148 2099//2099 2149//2149
f 2149//2149 2099//2099 2097//2097
f 2149//2149 2097//2097 2150//2150
f 2150//2150 2097//2097 2095//2095
f 2150//2150 2095//2095 2151//2151
f 2151//2151 2095//2095 2093//2093
f 2151//2151 2093//2093 2152//2152
f 2152//2152 2093//2093 2091//2091
f 2152//2152 2091//2091 2090//2090
f 1431//1431 2147//2147 2119//2119
f 2119//2119 2147//2147 2148//2148
f 2119//2119 2148//2148 2117//2117
f 2117//2117 2148//2148 2149//2149
f 2117//2117 2149//2149 2115//2115
f 2115//2115 2149//2149 2150//2150
f 2115//2115 2150//2150 2113//2113
f 2113//2113 2150//2150 2151//2151
f 2113//2113 2151//2151 2111//2111
f 2111//2111 2151//2151 2152//2152
f 2111//2111 2152//2152 2109//2109
f 2109//2109 2152//2152 2090//2090
f 2109//2109 2090//2090 2107//2107
f 2107//2107 2090//2090 2001//2001
f 1432//1432 2118//2118 2140//2140
f 1642//1642 2058//2058 2063//2063
f 2063//2063 2058//2058 2056//2056
f 2063//2063 2056//2056 2064//2064
f 2064//2064 2056//2056 2054//2054
f 2067//2067 2060//2060 1643//1643
f 2055//2055 2050//2050 1640//1640
f 1638//1638 2066//2066 2065//2065
f 2110//2110 2108//2108 2153//2153
f 2153//2153 2108//2108 2126//2126
f 2153//2153 2126//2126 2154//2154
f 2154//2154 2126//2126 2125//2125
f 2154//2154 2125//2125 2127//2127
f 2127//2127 2125//2125 2124//2124
f 2112//2112 2110//2110 2155//2155
f 2155//2155 2110//2110 2153//2153
f 2155//2155 2153//2153 2156//2156
f 2156//2156 2153//2153 2154//2154
f 2156//2156 2154//2154 2129//2129
f 2129//2129 2154//2154 2127//2127
f 2114//2114 2112//2112 2135//2135
f 2135//2135 2112//2112 2155//2155
f 2135//2135 2155//2155 2133//2133
f 2133//2133 2155//2155 2156//2156
f 2133//2133 2156//2156 2131//2131
f 2131//2131 2156//2156 2129//2129
f 1699//1699 2157//2157 1698//1698
f 1698//1698 2157//2157 2158//2158
f 1698//1698 2158//2158 2159//2159
f 2159//2159 2158//2158 2160//2160
f 2159//2159 2160//2160 2161//2161
f 2161//2161 2160//2160 2162//2162
f 2161//2161 2162//2162 2163//2163
f 2163//2163 2162//2162 2164//2164
f 2163//2163 2164//2164 2165//2165
f 2165//2165 2164//2164 2166//2166
f 2165//2165 2166//2166 2167//2167
f 2167//2167 2166//2166 2168//2168
f 2167//2167 2168//2168 2169//2169
f 2169//2169 2168//2168 2170//2170
f 2169//2169 2170//2170 2171//2171
f 2171//2171 2170//2170 1439//1439
f 2171//2171 1439//1439 2172//2172
f 2172//2172 1439//1439 2173//2173
f 2172//2172 2173//2173 2174//2174
f 2174//2174 2173//2173 2175//2175
f 2174//2174 2175//2175 2176//2176
f 2176//2176 2175//2175 2130//2130
f 2176//2176 2130//2130 2128//2128
f 2157//2157 1699//1699 2177//2177
f 2177//2177 1699//1699 1700//1700
f 2177//2177 1700//1700 1701//1701
f 1702//1702 2178//2178 1701//1701
f 1701//1701 2178//2178 2179//2179
f 1701//1701 2179//2179 2177//2177
f 2177//2177 2179//2179 2160//2160
f 2177//2177 2160//2160 2158//2158
f 2178//2178 1702//1702 2180//2180
f 2180//2180 1702//1702 1691//1691
f 2180//2180 1691//1691 2181//2181
f 2181//2181 1691//1691 1690//1690
f 2181//2181 1690//1690 2182//2182
f 2182//2182 1690//1690 1689//1689
f 2182//2182 1689//1689 2183//2183
f 2183//2183 1689//1689 1688//1688
f 2183//2183 1688//1688 1711//1711
f 1714//1714 2184//2184 1711//1711
f 1711//1711 2184//2184 2185//2185
f 1711//1711 2185//2185 2183//2183
f 2183//2183 2185//2185 2186//2186
f 2183//2183 2186//2186 2182//2182
f 2182//2182 2186//2186 2187//2187
f 2182//2182 2187//2187 2181//2181
f 2181//2181 2187//2187 2188//2188
f 2181//2181 2188//2188 2189//2189
f 2189//2189 2188//2188 2190//2190
f 2189//2189 2190//2190 2191//2191
f 2191//2191 2190//2190 2192//2192
f 2191//2191 2192//2192 2193//2193
f 2193//2193 2192//2192 2194//2194
f 2193//2193 2194//2194 2195//2195
f 2195//2195 2194//2194 1443//1443
f 2195//2195 1443//1443 1440//1440
f 1716//1716 2196//2196 1714//1714
f 1714//1714 2196//2196 2197//2197
f 1714//1714 2197//2197 2184//2184
f 2184//2184 2197//2197 2198//2198
f 2184//2184 2198//2198 2199//2199
f 2199//2199 2198//2198 2200//2200
f 2199//2199 2200//2200 2201//2201
f 2201//2201 2200//2200 2202//2202
f 2201//2201 2202//2202 2203//2203
f 2203//2203 2202//2202 2204//2204
f 2203//2203 2204//2204 2205//2205
f 2205//2205 2204//2204 2206//2206
f 2205//2205 2206//2206 2207//2207
f 2207//2207 2206//2206 2208//2208
f 2207//2207 2208//2208 2209//2209
f 2209//2209 2208//2208 1452//1452
f 2209//2209 1452//1452 1443//1443
f 2196//2196 1716//1716 2210//2210
f 2210//2210 1716//1716 1718//1718
f 2210//2210 1718//1718 2211//2211
f 2211//2211 1718//1718 1720//1720
f 2211//2211 1720//1720 2212//2212
f 2212//2212 1720//1720 1749//1749
f 2212//2212 1749//1749 2213//2213
f 2213//2213 1749//1749 1747//1747
f 2213//2213 1747//1747 1746//1746
f 1746//1746 2214//2214 2213//2213
f 2213//2213 2214//2214 2215//2215
f 2213//2213 2215//2215 2212//2212
f 2212//2212 2215//2215 2216//2216
f 2212//2212 2216//2216 2211//2211
f 2211//2211 2216//2216 2217//2217
f 2211//2211 2217//2217 2210//2210
f 2210//2210 2217//2217 2218//2218
f 2210//2210 2218//2218 2196//2196
f 2196//2196 2218//2218 2219//2219
f 2196//2196 2219//2219 2197//2197
f 2197//2197 2219//2219 2198//2198
f 2215//2215 2214//2214 2220//2220
f 2220//2220 2214//2214 2221//2221
f 2220//2220 2221//2221 2222//2222
f 2222//2222 2221//2221 2223//2223
f 2222//2222 2223//2223 2224//2224
f 2224//2224 2223//2223 2225//2225
f 2224//2224 2225//2225 2226//2226
f 2226//2226 2225//2225 2227//2227
f 2226//2226 2227//2227 2228//2228
f 2228//2228 2227//2227 2229//2229
f 2228//2228 2229//2229 2230//2230
f 2230//2230 2229//2229 2231//2231
f 2230//2230 2231//2231 2202//2202
f 2202//2202 2231//2231 2204//2204
f 2221//2221 2232//2232 2223//2223
f 2223//2223 2232//2232 2233//2233
f 2223//2223 2233//2233 2225//2225
f 2225//2225 2233//2233 2234//2234
f 2225//2225 2234//2234 2227//2227
f 2227//2227 2234//2234 2235//2235
f 2227//2227 2235//2235 2229//2229
f 2229//2229 2235//2235 2236//2236
f 2229//2229 2236//2236 2231//2231
f 2231//2231 2236//2236 2237//2237
f 2231//2231 2237//2237 2204//2204
f 2204//2204 2237//2237 2206//2206
f 2233//2233 2232//2232 2238//2238
f 2238//2238 2232//2232 1462//1462
f 2238//2238 1462//1462 1461//1461
f 1461//1461 1460//1460 2238//2238
f 2238//2238 1460//1460 2239//2239
f 2238//2238 2239//2239 2234//2234
f 2234//2234 2239//2239 2235//2235
f 1460//1460 1458//1458 2239//2239
f 2239//2239 1458//1458 2240//2240
f 2239//2239 2240//2240 2235//2235
f 2235//2235 2240//2240 2236//2236
f 2240//2240 1458//1458 2241//2241
f 2241//2241 1458//1458 1457//1457
f 2241//2241 1457//1457 2242//2242
f 2242//2242 1457//1457 1456//1456
f 2242//2242 1456//1456 2208//2208
f 2208//2208 1456//1456 1452//1452
f 1439//1439 2243//2243 1440//1440
f 1440//1440 2243//2243 2244//2244
f 1440//1440 2244//2244 2245//2245
f 2245//2245 2244//2244 2246//2246
f 2245//2245 2246//2246 2247//2247
f 2247//2247 2246//2246 2248//2248
f 2247//2247 2248//2248 2249//2249
f 2249//2249 2248//2248 2250//2250
f 2249//2249 2250//2250 2251//2251
f 2251//2251 2250//2250 2178//2178
f 2251//2251 2178//2178 2180//2180
f 2173//2173 1439//1439 2252//2252
f 2252//2252 1439//1439 2137//2137
f 2252//2252 2137//2137 2175//2175
f 2175//2175 2137//2137 2130//2130
f 2123//2123 2253//2253 2128//2128
f 2128//2128 2253//2253 2254//2254
f 2128//2128 2254//2254 2176//2176
f 2176//2176 2254//2254 2255//2255
f 2176//2176 2255//2255 2174//2174
f 2174//2174 2255//2255 2256//2256
f 2174//2174 2256//2256 2172//2172
f 2172//2172 2256//2256 2171//2171
f 2253//2253 2123//2123 2257//2257
f 2257//2257 2123//2123 2122//2122
f 2257//2257 2122//2122 2258//2258
f 2258//2258 2122//2122 1751//1751
f 2258//2258 1751//1751 2259//2259
f 2259//2259 1751//1751 2260//2260
f 2259//2259 2260//2260 2261//2261
f 2261//2261 2260//2260 2161//2161
f 2261//2261 2161//2161 2163//2163
f 2260//2260 1751//1751 2159//2159
f 2159//2159 1751//1751 1698//1698
f 2175//2175 2173//2173 2252//2252
f 2243//2243 1439//1439 2170//2170
f 2161//2161 2260//2260 2159//2159
f 2177//2177 2158//2158 2157//2157
f 2195//2195 1440//1440 2245//2245
f 1443//1443 2194//2194 2209//2209
f 2209//2209 2194//2194 2192//2192
f 2209//2209 2192//2192 2207//2207
f 2207//2207 2192//2192 2190//2190
f 2207//2207 2190//2190 2205//2205
f 2205//2205 2190//2190 2188//2188
f 2205//2205 2188//2188 2203//2203
f 2203//2203 2188//2188 2187//2187
f 2203//2203 2187//2187 2201//2201
f 2201//2201 2187//2187 2186//2186
f 2201//2201 2186//2186 2199//2199
f 2199//2199 2186//2186 2185//2185
f 2199//2199 2185//2185 2184//2184
f 2246//2246 2244//2244 2262//2262
f 2262//2262 2244//2244 2243//2243
f 2262//2262 2243//2243 2168//2168
f 2168//2168 2243//2243 2170//2170
f 2248//2248 2246//2246 2263//2263
f 2263//2263 2246//2246 2262//2262
f 2263//2263 2262//2262 2166//2166
f 2166//2166 2262//2262 2168//2168
f 2250//2250 2248//2248 2264//2264
f 2264//2264 2248//2248 2263//2263
f 2264//2264 2263//2263 2164//2164
f 2164//2164 2263//2263 2166//2166
f 2178//2178 2250//2250 2179//2179
f 2179//2179 2250//2250 2264//2264
f 2179//2179 2264//2264 2162//2162
f 2162//2162 2264//2264 2164//2164
f 2160//2160 2179//2179 2162//2162
f 2181//2181 2189//2189 2180//2180
f 2180//2180 2189//2189 2251//2251
f 2189//2189 2191//2191 2251//2251
f 2251//2251 2191//2191 2249//2249
f 2195//2195 2245//2245 2247//2247
f 2191//2191 2193//2193 2249//2249
f 2249//2249 2193//2193 2247//2247
f 2193//2193 2195//2195 2247//2247
f 2200//2200 2198//2198 2265//2265
f 2265//2265 2198//2198 2219//2219
f 2265//2265 2219//2219 2266//2266
f 2266//2266 2219//2219 2218//2218
f 2266//2266 2218//2218 2267//2267
f 2267//2267 2218//2218 2217//2217
f 2267//2267 2217//2217 2268//2268
f 2268//2268 2217//2217 2216//2216
f 2268//2268 2216//2216 2220//2220
f 2220//2220 2216//2216 2215//2215
f 2202//2202 2200//2200 2230//2230
f 2230//2230 2200//2200 2265//2265
f 2230//2230 2265//2265 2228//2228
f 2228//2228 2265//2265 2266//2266
f 2228//2228 2266//2266 2226//2226
f 2226//2226 2266//2266 2267//2267
f 2226//2226 2267//2267 2224//2224
f 2224//2224 2267//2267 2268//2268
f 2224//2224 2268//2268 2222//2222
f 2222//2222 2268//2268 2220//2220
f 2208//2208 2206//2206 2242//2242
f 2242//2242 2206//2206 2237//2237
f 2242//2242 2237//2237 2241//2241
f 2241//2241 2237//2237 2236//2236
f 2241//2241 2236//2236 2240//2240
f 2238//2238 2234//2234 2233//2233
f 2257//2257 2258//2258 2269//2269
f 2269//2269 2258//2258 2259//2259
f 2269//2269 2259//2259 2261//2261
f 2253//2253 2257//2257 2270//2270
f 2270//2270 2257//2257 2269//2269
f 2270//2270 2269//2269 2271//2271
f 2271//2271 2269//2269 2261//2261
f 2271//2271 2261//2261 2163//2163
f 2254//2254 2253//2253 2272//2272
f 2272//2272 2253//2253 2270//2270
f 2272//2272 2270//2270 2273//2273
f 2273//2273 2270//2270 2271//2271
f 2273//2273 2271//2271 2165//2165
f 2165//2165 2271//2271 2163//2163
f 2171//2171 2256//2256 2169//2169
f 2169//2169 2256//2256 2274//2274
f 2169//2169 2274//2274 2167//2167
f 2167//2167 2274//2274 2273//2273
f 2167//2167 2273//2273 2165//2165
f 2272//2272 2273//2273 2274//2274
f 2272//2272 2274//2274 2255//2255
f 2255//2255 2274//2274 2256//2256
f 2254//2254 2272//2272 2255//2255
f 1462//1462 2232//2232 1954//1954
f 1954//1954 2232//2232 2275//2275
f 1954//1954 2275//2275 1955//1955
f 1955//1955 2275//2275 2276//2276
f 1955//1955 2276//2276 1956//1956
f 1956//1956 2276//2276 2277//2277
f 1956//1956 2277//2277 1957//1957
f 1957//1957 2277//2277 2278//2278
f 1957//1957 2278//2278 1958//1958
f 1958//1958 2278//2278 2279//2279
f 1958//1958 2279//2279 1959//1959
f 1959//1959 2279//2279 2280//2280
f 1959//1959 2280//2280 1960//1960
f 1960//1960 2280//2280 2281//2281
f 1960//1960 2281//2281 1865//1865
f 2232//2232 2221//2221 2275//2275
f 2275//2275 2221//2221 2282//2282
f 2275//2275 2282//2282 2276//2276
f 2276//2276 2282//2282 2283//2283
f 2276//2276 2283//2283 2277//2277
f 2277//2277 2283//2283 2284//2284
f 2277//2277 2284//2284 2278//2278
f 2278//2278 2284//2284 2285//2285
f 2278//2278 2285//2285 2279//2279
f 2279//2279 2285//2285 2286//2286
f 2279//2279 2286//2286 2280//2280
f 2280//2280 2286//2286 2287//2287
f 2280//2280 2287//2287 2288//2288
f 2288//2288 2287//2287 2289//2289
f 2289//2289 2287//2287 2290//2290
f 2289//2289 2290//2290 1735//1735
f 1735//1735 2290//2290 1737//1737
f 1737//1737 2290//2290 2291//2291
f 1737//1737 2291//2291 1739//1739
f 1739//1739 2291//2291 2292//2292
f 1739//1739 2292//2292 1740//1740
f 1740//1740 2292//2292 2293//2293
f 1740//1740 2293//2293 1742//1742
f 1742//1742 2293//2293 2294//2294
f 1742//1742 2294//2294 1743//1743
f 1743//1743 2294//2294 2295//2295
f 1743//1743 2295//2295 1745//1745
f 1745//1745 2295//2295 2214//2214
f 1745//1745 2214//2214 1746//1746
f 2221//2221 2214//2214 2282//2282
f 2282//2282 2214//2214 2295//2295
f 2282//2282 2295//2295 2283//2283
f 2283//2283 2295//2295 2294//2294
f 2283//2283 2294//2294 2284//2284
f 2284//2284 2294//2294 2293//2293
f 2284//2284 2293//2293 2285//2285
f 2285//2285 2293//2293 2292//2292
f 2285//2285 2292//2292 2286//2286
f 2286//2286 2292//2292 2291//2291
f 2286//2286 2291//2291 2287//2287
f 2287//2287 2291//2291 2290//2290
f 1735//1735 1733//1733 2289//2289
f 2288//2288 2281//2281 2280//2280
f 1865//1865 2281//2281 1866//1866
f 1866//1866 2281//2281 1905//1905
f 1905//1905 2281//2281 2288//2288
f 1905//1905 2288//2288 1904//1904
f 1904//1904 2288//2288 2289//2289
f 1904//1904 2289//2289 1896//1896
f 1896//1896 2289//2289 1731//1731
f 1731//1731 2289//2289 1733//1733
f 1783//1783 1802//1802 2296//2296
f 2296//2296 1802//1802 2297//2297
f 2296//2296 2297//2297 2298//2298
f 2298//2298 2297//2297 2299//2299
f 2298//2298 2299//2299 2300//2300
f 2300//2300 2299//2299 2301//2301
f 2300//2300 2301//2301 1705//1705
f 1705//1705 2301//2301 2302//2302
f 1705//1705 2302//2302 1703//1703
f 1783//1783 2296//2296 1785//1785
f 1785//1785 2296//2296 2303//2303
f 1785//1785 2303//2303 1787//1787
f 1787//1787 2303//2303 2304//2304
f 1787//1787 2304//2304 1789//1789
f 1789//1789 2304//2304 2305//2305
f 1789//1789 2305//2305 1791//1791
f 1791//1791 2305//2305 2306//2306
f 1791//1791 2306//2306 1793//1793
f 1793//1793 2306//2306 2307//2307
f 1793//1793 2307//2307 1795//1795
f 1795//1795 2307//2307 2308//2308
f 1795//1795 2308//2308 1797//1797
f 1797//1797 2308//2308 2309//2309
f 1797//1797 2309//2309 1799//1799
f 1799//1799 2309//2309 2310//2310
f 1799//1799 2310//2310 1777//1777
f 1777//1777 2310//2310 2311//2311
f 2311//2311 2310//2310 2312//2312
f 2311//2311 2312//2312 2313//2313
f 2313//2313 2312//2312 2314//2314
f 2313//2313 2314//2314 2315//2315
f 2315//2315 2314//2314 1756//1756
f 1756//1756 2314//2314 1760//1760
f 1760//1760 2314//2314 2316//2316
f 1760//1760 2316//2316 1764//1764
f 1764//1764 2316//2316 2317//2317
f 1764//1764 2317//2317 1766//1766
f 1766//1766 2317//2317 2318//2318
f 1766//1766 2318//2318 1767//1767
f 1767//1767 2318//2318 2319//2319
f 1767//1767 2319//2319 1769//1769
f 1769//1769 2319//2319 2320//2320
f 1769//1769 2320//2320 1770//1770
f 1770//1770 2320//2320 2321//2321
f 1770//1770 2321//2321 1772//1772
f 1772//1772 2321//2321 2322//2322
f 1772//1772 2322//2322 1705//1705
f 1705//1705 2322//2322 2300//2300
f 2300//2300 2322//2322 2323//2323
f 2300//2300 2323//2323 2298//2298
f 2298//2298 2323//2323 2303//2303
f 2298//2298 2303//2303 2296//2296
f 2304//2304 2303//2303 2323//2323
f 2323//2323 2322//2322 2324//2324
f 2324//2324 2322//2322 2321//2321
f 2324//2324 2321//2321 2325//2325
f 2325//2325 2321//2321 2320//2320
f 2325//2325 2320//2320 2326//2326
f 2326//2326 2320//2320 2319//2319
f 2326//2326 2319//2319 2327//2327
f 2327//2327 2319//2319 2318//2318
f 2327//2327 2318//2318 2328//2328
f 2328//2328 2318//2318 2317//2317
f 2328//2328 2317//2317 2329//2329
f 2329//2329 2317//2317 2316//2316
f 2329//2329 2316//2316 2312//2312
f 2312//2312 2316//2316 2314//2314
f 2305//2305 2304//2304 2324//2324
f 2324//2324 2304//2304 2323//2323
f 2305//2305 2324//2324 2325//2325
f 2306//2306 2305//2305 2325//2325
f 2306//2306 2325//2325 2326//2326
f 2307//2307 2306//2306 2326//2326
f 2307//2307 2326//2326 2327//2327
f 2308//2308 2307//2307 2327//2327
f 2308//2308 2327//2327 2328//2328
f 2309//2309 2308//2308 2328//2328
f 2309//2309 2328//2328 2329//2329
f 2310//2310 2309//2309 2329//2329
f 2310//2310 2329//2329 2312//2312
f 1750//1750 2330//2330 1756//1756
f 1756//1756 2330//2330 2331//2331
f 1756//1756 2331//2331 2315//2315
f 2315//2315 2331//2331 2332//2332
f 2315//2315 2332//2332 2313//2313
f 2313//2313 2332//2332 2333//2333
f 2313//2313 2333//2333 2311//2311
f 2311//2311 2333//2333 2334//2334
f 2311//2311 2334//2334 1777//1777
f 1777//1777 2334//2334 1781//1781
f 1377//1377 2335//2335 1376//1376
f 1376//1376 2335//2335 2336//2336
f 1376//1376 2336//2336 1374//1374
f 1374//1374 2336//2336 2337//2337
f 1374//1374 2337//2337 1372//1372
f 1372//1372 2337//2337 1371//1371
f 1371//1371 2337//2337 2338//2338
f 1371//1371 2338//2338 1369//1369
f 1369//1369 2338//2338 2339//2339
f 1369//1369 2339//2339 1368//1368
f 1368//1368 2339//2339 2340//2340
f 1368//1368 2340//2340 1366//1366
f 1366//1366 2340//2340 2341//2341
f 1366//1366 2341//2341 1412//1412
f 1412//1412 2341//2341 2342//2342
f 1412//1412 2342//2342 2343//2343
f 2343//2343 2342//2342 2344//2344
f 2343//2343 2344//2344 2345//2345
f 2345//2345 2344//2344 2346//2346
f 2345//2345 2346//2346 2347//2347
f 2347//2347 2346//2346 2348//2348
f 2347//2347 2348//2348 2349//2349
f 2349//2349 2348//2348 2350//2350
f 2349//2349 2350//2350 1997//1997
f 1997//1997 2350//2350 1998//1998
f 1998//1998 2350//2350 1999//1999
f 1999//1999 2350//2350 2351//2351
f 1999//1999 2351//2351 2000//2000
f 2000//2000 2351//2351 2352//2352
f 2000//2000 2352//2352 2002//2002
f 2002//2002 2352//2352 2353//2353
f 2002//2002 2353//2353 2354//2354
f 2354//2354 2353//2353 2355//2355
f 2354//2354 2355//2355 2356//2356
f 2356//2356 2355//2355 2357//2357
f 2356//2356 2357//2357 2358//2358
f 2358//2358 2357//2357 2359//2359
f 2358//2358 2359//2359 2360//2360
f 2360//2360 2359//2359 2361//2361
f 2360//2360 2361//2361 2362//2362
f 2362//2362 2361//2361 2363//2363
f 2362//2362 2363//2363 2364//2364
f 2364//2364 2363//2363 2365//2365
f 2364//2364 2365//2365 2366//2366
f 2366//2366 2365//2365 1382//1382
f 2366//2366 1382//1382 1385//1385
f 1380//1380 1381//1381 2335//2335
f 2335//2335 1381//1381 2367//2367
f 2335//2335 2367//2367 2336//2336
f 2336//2336 2367//2367 2368//2368
f 2336//2336 2368//2368 2369//2369
f 2369//2369 2368//2368 2370//2370
f 2369//2369 2370//2370 2371//2371
f 2371//2371 2370//2370 2372//2372
f 2371//2371 2372//2372 2373//2373
f 2373//2373 2372//2372 2374//2374
f 2373//2373 2374//2374 2375//2375
f 2375//2375 2374//2374 2376//2376
f 2375//2375 2376//2376 2377//2377
f 2377//2377 2376//2376 2351//2351
f 2377//2377 2351//2351 2350//2350
f 1382//1382 2365//2365 1381//1381
f 1381//1381 2365//2365 2378//2378
f 1381//1381 2378//2378 2367//2367
f 2367//2367 2378//2378 2379//2379
f 2367//2367 2379//2379 2368//2368
f 2368//2368 2379//2379 2380//2380
f 2368//2368 2380//2380 2370//2370
f 2370//2370 2380//2380 2381//2381
f 2370//2370 2381//2381 2372//2372
f 2372//2372 2381//2381 2382//2382
f 2372//2372 2382//2382 2374//2374
f 2374//2374 2382//2382 2383//2383
f 2374//2374 2383//2383 2376//2376
f 2376//2376 2383//2383 2352//2352
f 2376//2376 2352//2352 2351//2351
f 1387//1387 2384//2384 1385//1385
f 1385//1385 2384//2384 2385//2385
f 1385//1385 2385//2385 2366//2366
f 2366//2366 2385//2385 2386//2386
f 2366//2366 2386//2386 2364//2364
f 2364//2364 2386//2386 2387//2387
f 2364//2364 2387//2387 2362//2362
f 2362//2362 2387//2387 2388//2388
f 2362//2362 2388//2388 2360//2360
f 2360//2360 2388//2388 2389//2389
f 2360//2360 2389//2389 2358//2358
f 2358//2358 2389//2389 2390//2390
f 2358//2358 2390//2390 2356//2356
f 2356//2356 2390//2390 2391//2391
f 2356//2356 2391//2391 2354//2354
f 2354//2354 2391//2391 2003//2003
f 2354//2354 2003//2003 2002//2002
f 1400//1400 2392//2392 1387//1387
f 1387//1387 2392//2392 2393//2393
f 1387//1387 2393//2393 2384//2384
f 2384//2384 2393//2393 2394//2394
f 2384//2384 2394//2394 2395//2395
f 2395//2395 2394//2394 2396//2396
f 2395//2395 2396//2396 2397//2397
f 2397//2397 2396//2396 2398//2398
f 2397//2397 2398//2398 2399//2399
f 2399//2399 2398//2398 2400//2400
f 2399//2399 2400//2400 2401//2401
f 2401//2401 2400//2400 2402//2402
f 2401//2401 2402//2402 2403//2403
f 2403//2403 2402//2402 2404//2404
f 2403//2403 2404//2404 2405//2405
f 2405//2405 2404//2404 2004//2004
f 2405//2405 2004//2004 2003//2003
f 2392//2392 1400//1400 2406//2406
f 2406//2406 1400//1400 1401//1401
f 2406//2406 1401//1401 2407//2407
f 2407//2407 1401//1401 1402//1402
f 2407//2407 1402//1402 2408//2408
f 2408//2408 1402//1402 1403//1403
f 2408//2408 1403//1403 2409//2409
f 2409//2409 1403//1403 1404//1404
f 2409//2409 1404//1404 2410//2410
f 2410//2410 1404//1404 2411//2411
f 2410//2410 2411//2411 2412//2412
f 2412//2412 2411//2411 2413//2413
f 2412//2412 2413//2413 2414//2414
f 2414//2414 2413//2413 2415//2415
f 2414//2414 2415//2415 2416//2416
f 2416//2416 2415//2415 2417//2417
f 2416//2416 2417//2417 2418//2418
f 2418//2418 2417//2417 2334//2334
f 2418//2418 2334//2334 2419//2419
f 2419//2419 2334//2334 2333//2333
f 2419//2419 2333//2333 2332//2332
f 1404//1404 1406//1406 2411//2411
f 2411//2411 1406//1406 2420//2420
f 2411//2411 2420//2420 2413//2413
f 2413//2413 2420//2420 2421//2421
f 2413//2413 2421//2421 2415//2415
f 2415//2415 2421//2421 2422//2422
f 2415//2415 2422//2422 2417//2417
f 2417//2417 2422//2422 1781//1781
f 2417//2417 1781//1781 2423//2423
f 2423//2423 1781//1781 2334//2334
f 2423//2423 2334//2334 2417//2417
f 1780//1780 2424//2424 1406//1406
f 1406//1406 2424//2424 2425//2425
f 1406//1406 2425//2425 2426//2426
f 2426//2426 2425//2425 2427//2427
f 2426//2426 2427//2427 2421//2421
f 2421//2421 2427//2427 2422//2422
f 2424//2424 1780//1780 2428//2428
f 2428//2428 1780//1780 1779//1779
f 2428//2428 1779//1779 2427//2427
f 2427//2427 1779//1779 2422//2422
f 2422//2422 1779//1779 2429//2429
f 2429//2429 1779//1779 1781//1781
f 2429//2429 1781//1781 2422//2422
f 2419//2419 2332//2332 2430//2430
f 2430//2430 2332//2332 2331//2331
f 2430//2430 2331//2331 2431//2431
f 2431//2431 2331//2331 2330//2330
f 2431//2431 2330//2330 1755//1755
f 1755//1755 2330//2330 1750//1750
f 1755//1755 1754//1754 2431//2431
f 2431//2431 1754//1754 2432//2432
f 2431//2431 2432//2432 2433//2433
f 2433//2433 2432//2432 2434//2434
f 2433//2433 2434//2434 2435//2435
f 2435//2435 2434//2434 2436//2436
f 2435//2435 2436//2436 2437//2437
f 2437//2437 2436//2436 2438//2438
f 2437//2437 2438//2438 2439//2439
f 2439//2439 2438//2438 2440//2440
f 2439//2439 2440//2440 2441//2441
f 2441//2441 2440//2440 2442//2442
f 2441//2441 2442//2442 2409//2409
f 2409//2409 2442//2442 2408//2408
f 1754//1754 1753//1753 2432//2432
f 2432//2432 1753//1753 1752//1752
f 2432//2432 1752//1752 2443//2443
f 2443//2443 1752//1752 2012//2012
f 2443//2443 2012//2012 2444//2444
f 2444//2444 2012//2012 2445//2445
f 2444//2444 2445//2445 2446//2446
f 2446//2446 2445//2445 2447//2447
f 2446//2446 2447//2447 2448//2448
f 2448//2448 2447//2447 2449//2449
f 2448//2448 2449//2449 2450//2450
f 2450//2450 2449//2449 2451//2451
f 2450//2450 2451//2451 2452//2452
f 2452//2452 2451//2451 2453//2453
f 2452//2452 2453//2453 2454//2454
f 2454//2454 2453//2453 2455//2455
f 2454//2454 2455//2455 2406//2406
f 2406//2406 2455//2455 2392//2392
f 2011//2011 2456//2456 2012//2012
f 2012//2012 2456//2456 2457//2457
f 2012//2012 2457//2457 2445//2445
f 2445//2445 2457//2457 2447//2447
f 2456//2456 2011//2011 2458//2458
f 2458//2458 2011//2011 2009//2009
f 2458//2458 2009//2009 2459//2459
f 2459//2459 2009//2009 2008//2008
f 2459//2459 2008//2008 2460//2460
f 2460//2460 2008//2008 2006//2006
f 2460//2460 2006//2006 2461//2461
f 2461//2461 2006//2006 2004//2004
f 2461//2461 2004//2004 2404//2404
f 1997//1997 1993//1993 2349//2349
f 2349//2349 1993//1993 2462//2462
f 2349//2349 2462//2462 2347//2347
f 2347//2347 2462//2462 2463//2463
f 2347//2347 2463//2463 2345//2345
f 2345//2345 2463//2463 2464//2464
f 2345//2345 2464//2464 2343//2343
f 2343//2343 2464//2464 1411//1411
f 2343//2343 1411//1411 1412//1412
f 2462//2462 1993//1993 2465//2465
f 2465//2465 1993//1993 1992//1992
f 2465//2465 1992//1992 2466//2466
f 2466//2466 1992//1992 1991//1991
f 2466//2466 1991//1991 1410//1410
f 1410//1410 1411//1411 2466//2466
f 2466//2466 1411//1411 2467//2467
f 2466//2466 2467//2467 2465//2465
f 2465//2465 2467//2467 2463//2463
f 2465//2465 2463//2463 2462//2462
f 2441//2441 2409//2409 2410//2410
f 2003//2003 2391//2391 2405//2405
f 2405//2405 2391//2391 2390//2390
f 2405//2405 2390//2390 2403//2403
f 2403//2403 2390//2390 2389//2389
f 2403//2403 2389//2389 2401//2401
f 2401//2401 2389//2389 2388//2388
f 2401//2401 2388//2388 2399//2399
f 2399//2399 2388//2388 2387//2387
f 2399//2399 2387//2387 2397//2397
f 2397//2397 2387//2387 2386//2386
f 2397//2397 2386//2386 2395//2395
f 2395//2395 2386//2386 2385//2385
f 2395//2395 2385//2385 2384//2384
f 2350//2350 2348//2348 2377//2377
f 2377//2377 2348//2348 2468//2468
f 2377//2377 2468//2468 2375//2375
f 2375//2375 2468//2468 2469//2469
f 2375//2375 2469//2469 2373//2373
f 2373//2373 2469//2469 2470//2470
f 2373//2373 2470//2470 2371//2371
f 2371//2371 2470//2470 2471//2471
f 2371//2371 2471//2471 2369//2369
f 2369//2369 2471//2471 2337//2337
f 2369//2369 2337//2337 2336//2336
f 2379//2379 2378//2378 2363//2363
f 2363//2363 2378//2378 2365//2365
f 2380//2380 2379//2379 2361//2361
f 2361//2361 2379//2379 2363//2363
f 2381//2381 2380//2380 2359//2359
f 2359//2359 2380//2380 2361//2361
f 2382//2382 2381//2381 2357//2357
f 2357//2357 2381//2381 2359//2359
f 2383//2383 2382//2382 2355//2355
f 2355//2355 2382//2382 2357//2357
f 2352//2352 2383//2383 2353//2353
f 2353//2353 2383//2383 2355//2355
f 2394//2394 2393//2393 2472//2472
f 2472//2472 2393//2393 2392//2392
f 2472//2472 2392//2392 2455//2455
f 2396//2396 2394//2394 2473//2473
f 2473//2473 2394//2394 2472//2472
f 2473//2473 2472//2472 2474//2474
f 2474//2474 2472//2472 2455//2455
f 2474//2474 2455//2455 2453//2453
f 2398//2398 2396//2396 2475//2475
f 2475//2475 2396//2396 2473//2473
f 2475//2475 2473//2473 2476//2476
f 2476//2476 2473//2473 2474//2474
f 2476//2476 2474//2474 2477//2477
f 2477//2477 2474//2474 2453//2453
f 2477//2477 2453//2453 2451//2451
f 2400//2400 2398//2398 2478//2478
f 2478//2478 2398//2398 2475//2475
f 2478//2478 2475//2475 2479//2479
f 2479//2479 2475//2475 2476//2476
f 2479//2479 2476//2476 2480//2480
f 2480//2480 2476//2476 2477//2477
f 2480//2480 2477//2477 2481//2481
f 2481//2481 2477//2477 2451//2451
f 2481//2481 2451//2451 2449//2449
f 2402//2402 2400//2400 2482//2482
f 2482//2482 2400//2400 2478//2478
f 2482//2482 2478//2478 2483//2483
f 2483//2483 2478//2478 2479//2479
f 2483//2483 2479//2479 2484//2484
f 2484//2484 2479//2479 2480//2480
f 2484//2484 2480//2480 2485//2485
f 2485//2485 2480//2480 2481//2481
f 2485//2485 2481//2481 2486//2486
f 2486//2486 2481//2481 2449//2449
f 2486//2486 2449//2449 2447//2447
f 2404//2404 2402//2402 2461//2461
f 2461//2461 2402//2402 2482//2482
f 2461//2461 2482//2482 2460//2460
f 2460//2460 2482//2482 2483//2483
f 2460//2460 2483//2483 2459//2459
f 2459//2459 2483//2483 2484//2484
f 2459//2459 2484//2484 2458//2458
f 2458//2458 2484//2484 2485//2485
f 2458//2458 2485//2485 2456//2456
f 2456//2456 2485//2485 2486//2486
f 2456//2456 2486//2486 2457//2457
f 2457//2457 2486//2486 2447//2447
f 2406//2406 2407//2407 2454//2454
f 2454//2454 2407//2407 2487//2487
f 2454//2454 2487//2487 2452//2452
f 2452//2452 2487//2487 2488//2488
f 2452//2452 2488//2488 2450//2450
f 2450//2450 2488//2488 2489//2489
f 2450//2450 2489//2489 2448//2448
f 2448//2448 2489//2489 2490//2490
f 2448//2448 2490//2490 2446//2446
f 2446//2446 2490//2490 2491//2491
f 2446//2446 2491//2491 2444//2444
f 2444//2444 2491//2491 2443//2443
f 2487//2487 2407//2407 2408//2408
f 2488//2488 2487//2487 2442//2442
f 2442//2442 2487//2487 2408//2408
f 2489//2489 2488//2488 2440//2440
f 2440//2440 2488//2488 2442//2442
f 2441//2441 2410//2410 2412//2412
f 2441//2441 2412//2412 2439//2439
f 2439//2439 2412//2412 2414//2414
f 2439//2439 2414//2414 2437//2437
f 2437//2437 2414//2414 2416//2416
f 2437//2437 2416//2416 2435//2435
f 2435//2435 2416//2416 2418//2418
f 2435//2435 2418//2418 2433//2433
f 2433//2433 2418//2418 2430//2430
f 2433//2433 2430//2430 2431//2431
f 2489//2489 2440//2440 2438//2438
f 2489//2489 2438//2438 2490//2490
f 2490//2490 2438//2438 2436//2436
f 2490//2490 2436//2436 2491//2491
f 2491//2491 2436//2436 2434//2434
f 2491//2491 2434//2434 2443//2443
f 2443//2443 2434//2434 2432//2432
f 2418//2418 2419//2419 2430//2430
f 2425//2425 2424//2424 2428//2428
f 2420//2420 1406//1406 2426//2426
f 2427//2427 2425//2425 2428//2428
f 2421//2421 2420//2420 2426//2426
f 2348//2348 2346//2346 2468//2468
f 2468//2468 2346//2346 2492//2492
f 2468//2468 2492//2492 2469//2469
f 2469//2469 2492//2492 2493//2493
f 2469//2469 2493//2493 2470//2470
f 2470//2470 2493//2493 2494//2494
f 2470//2470 2494//2494 2471//2471
f 2471//2471 2494//2494 2338//2338
f 2471//2471 2338//2338 2337//2337
f 2464//2464 2463//2463 2467//2467
f 2492//2492 2346//2346 2344//2344
f 2493//2493 2492//2492 2495//2495
f 2495//2495 2492//2492 2344//2344
f 2495//2495 2344//2344 2342//2342
f 2494//2494 2493//2493 2496//2496
f 2496//2496 2493//2493 2495//2495
f 2496//2496 2495//2495 2341//2341
f 2341//2341 2495//2495 2342//2342
f 2338//2338 2494//2494 2339//2339
f 2339//2339 2494//2494 2496//2496
f 2339//2339 2496//2496 2340//2340
f 2340//2340 2496//2496 2341//2341
f 1411//1411 2464//2464 2467//2467
f 1352//1352 1355//1355 2497//2497
f 2497//2497 1355//1355 1903//1903
f 2497//2497 1903//1903 2498//2498
f 2498//2498 1903//1903 1902//1902
f 2498//2498 1902//1902 2499//2499
f 2499//2499 1902//1902 1901//1901
f 2499//2499 1901//1901 2500//2500
f 2500//2500 1901//1901 1900//1900
f 2500//2500 1900//1900 1899//1899
f 2500//2500 1899//1899 2501//2501
f 2501//2501 1899//1899 1898//1898
f 2501//2501 1898//1898 2502//2502
f 2502//2502 1898//1898 1897//1897
f 2502//2502 1897//1897 2503//2503
f 2503//2503 1897//1897 1708//1708
f 2503//2503 1708//1708 2302//2302
f 2302//2302 1708//1708 1703//1703
f 2302//2302 2301//2301 2503//2503
f 2503//2503 2301//2301 2502//2502
f 2301//2301 2299//2299 2502//2502
f 2502//2502 2299//2299 2501//2501
f 2299//2299 2297//2297 2501//2501
f 2501//2501 2297//2297 2500//2500
f 2297//2297 1802//1802 2500//2500
f 2500//2500 1802//1802 2499//2499
f 1802//1802 1801//1801 2499//2499
f 2499//2499 1801//1801 2498//2498
f 1801//1801 1804//1804 2498//2498
f 2498//2498 1804//1804 1803//1803
f 2498//2498 1803//1803 2497//2497
f 2497//2497 1803//1803 1352//1352
f 1803//1803 1358//1358 1352//1352
f 1564//1564 2504//2504 1523//1523
f 1523//1523 2504//2504 2505//2505
f 1523//1523 2505//2505 1524//1524
f 1524//1524 2505//2505 2506//2506
f 1524//1524 2506//2506 1525//1525
f 1525//1525 2506//2506 2507//2507
f 1525//1525 2507//2507 1562//1562
f 1562//1562 2507//2507 2508//2508
f 1562//1562 2508//2508 1563//1563
f 1563//1563 2508//2508 2509//2509
f 1563//1563 2509//2509 1520//1520
f 1520//1520 2509//2509 2510//2510
f 1520//1520 2510//2510 1521//1521
f 1521//1521 2510//2510 2511//2511
f 1521//1521 2511//2511 1522//1522
f 1522//1522 2511//2511 2512//2512
f 1522//1522 2512//2512 1531//1531
f 1531//1531 2512//2512 2513//2513
f 1531//1531 2513//2513 1529//1529
f 1529//1529 2513//2513 2514//2514
f 1529//1529 2514//2514 1530//1530
f 1530//1530 2514//2514 2515//2515
f 1530//1530 2515//2515 1526//1526
f 1526//1526 2515//2515 2516//2516
f 1526//1526 2516//2516 1527//1527
f 1527//1527 2516//2516 2517//2517
f 1527//1527 2517//2517 1528//1528
f 1528//1528 2517//2517 2518//2518
f 1528//1528 2518//2518 2519//2519
f 2504//2504 1564//1564 2519//2519
f 2519//2519 1564//1564 1528//1528
f 1650//1650 1221//1221 2520//2520
f 2520//2520 1221//1221 1222//1222
f 2520//2520 1222//1222 2521//2521
f 2521//2521 1222//1222 1224//1224
f 2521//2521 2522//2522 2520//2520
f 2523//2523 2524//2524 2520//2520
f 2520//2520 2524//2524 1650//1650
f 1821//1821 1652//1652 2524//2524
f 2524//2524 1652//1652 1650//1650
f 2525//2525 2526//2526 2527//2527
f 2527//2527 2526//2526 2528//2528
f 2527//2527 2528//2528 2529//2529
f 2530//2530 2531//2531 2525//2525
f 2525//2525 2531//2531 2532//2532
f 2525//2525 2532//2532 2533//2533
f 2530//2530 2534//2534 2531//2531
f 2531//2531 2534//2534 2535//2535
f 2535//2535 2534//2534 2536//2536
f 2535//2535 2536//2536 2537//2537
f 2535//2535 2537//2537 2538//2538
f 2538//2538 2537//2537 2539//2539
f 2538//2538 2539//2539 2540//2540
f 2538//2538 2540//2540 2541//2541
f 2541//2541 2540//2540 2542//2542
f 2541//2541 2542//2542 2543//2543
f 2544//2544 2545//2545 2543//2543
f 2543//2543 2545//2545 2546//2546
f 2543//2543 2546//2546 2547//2547
f 2548//2548 2549//2549 2544//2544
f 2544//2544 2549//2549 2510//2510
f 2544//2544 2510//2510 2509//2509
f 2548//2548 2550//2550 2549//2549
f 2549//2549 2550//2550 2551//2551
f 2549//2549 2551//2551 2552//2552
f 2512//2512 2511//2511 2549//2549
f 2549//2549 2511//2511 2510//2510
f 2509//2509 2508//2508 2544//2544
f 2544//2544 2508//2508 2527//2527
f 2544//2544 2527//2527 2553//2553
f 2553//2553 2527//2527 2529//2529
f 2508//2508 2507//2507 2527//2527
f 2527//2527 2507//2507 2506//2506
f 2527//2527 2506//2506 2554//2554
f 2554//2554 2506//2506 2505//2505
f 2554//2554 2505//2505 2504//2504
f 2555//2555 2556//2556 2554//2554
f 2554//2554 2556//2556 2557//2557
f 2554//2554 2557//2557 2558//2558
f 2556//2556 2555//2555 2559//2559
f 2559//2559 2555//2555 2560//2560
f 2559//2559 2560//2560 2561//2561
f 2561//2561 2560//2560 2562//2562
f 2561//2561 2562//2562 2563//2563
f 2563//2563 2562//2562 2564//2564
f 2563//2563 2564//2564 2565//2565
f 2565//2565 2564//2564 2566//2566
f 2566//2566 2564//2564 2567//2567
f 2566//2566 2567//2567 2568//2568
f 2568//2568 2567//2567 2569//2569
f 2568//2568 2569//2569 2570//2570
f 2570//2570 2569//2569 2571//2571
f 2570//2570 2571//2571 2572//2572
f 2570//2570 2572//2572 2573//2573
f 2573//2573 2572//2572 2574//2574
f 2573//2573 2574//2574 2575//2575
f 2573//2573 2575//2575 2576//2576
f 2576//2576 2575//2575 2577//2577
f 2576//2576 2577//2577 2578//2578
f 2578//2578 2577//2577 2579//2579
f 2578//2578 2579//2579 2580//2580
f 2580//2580 2579//2579 2581//2581
f 2580//2580 2581//2581 2582//2582
f 2582//2582 2581//2581 2583//2583
f 2582//2582 2583//2583 2584//2584
f 2584//2584 2583//2583 2585//2585
f 2584//2584 2585//2585 2586//2586
f 2586//2586 2585//2585 2587//2587
f 2586//2586 2587//2587 2588//2588
f 2588//2588 2587//2587 2589//2589
f 2589//2589 2587//2587 2590//2590
f 2589//2589 2590//2590 2591//2591
f 2591//2591 2590//2590 2561//2561
f 2591//2591 2561//2561 2563//2563
f 2554//2554 2558//2558 2527//2527
f 2527//2527 2558//2558 2592//2592
f 2527//2527 2592//2592 2593//2593
f 2547//2547 2541//2541 2543//2543
f 2533//2533 2526//2526 2525//2525
f 2553//2553 2594//2594 2544//2544
f 2544//2544 2594//2594 2595//2595
f 2544//2544 2595//2595 2545//2545
f 2596//2596 2597//2597 2598//2598
f 2598//2598 2597//2597 2599//2599
f 2598//2598 2599//2599 2600//2600
f 1399//1399 2601//2601 2597//2597
f 2597//2597 2601//2601 2599//2599
f 2602//2602 2603//2603 2604//2604
f 2604//2604 2603//2603 2605//2605
f 2604//2604 2605//2605 2606//2606
f 2606//2606 2605//2605 2607//2607
f 2606//2606 2607//2607 2608//2608
f 2608//2608 2607//2607 2609//2609
f 2608//2608 2609//2609 2610//2610
f 2610//2610 2609//2609 2611//2611
f 2610//2610 2611//2611 2612//2612
f 2612//2612 2611//2611 2613//2613
f 2612//2612 2613//2613 2614//2614
f 2614//2614 2613//2613 2615//2615
f 2614//2614 2615//2615 2616//2616
f 2616//2616 2615//2615 2617//2617
f 2616//2616 2617//2617 2618//2618
f 2618//2618 2617//2617 2619//2619
f 2618//2618 2619//2619 2598//2598
f 2598//2598 2619//2619 2596//2596
f 2603//2603 2602//2602 2620//2620
f 2620//2620 2602//2602 2621//2621
f 2620//2620 2621//2621 2622//2622
f 2602//2602 2623//2623 2621//2621
f 2622//2622 2624//2624 2620//2620
f 2620//2620 2624//2624 2522//2522
f 2545//2545 2625//2625 2546//2546
f 2546//2546 2625//2625 2626//2626
f 2546//2546 2626//2626 2547//2547
f 2547//2547 2626//2626 2627//2627
f 2547//2547 2627//2627 2541//2541
f 2541//2541 2627//2627 2628//2628
f 2541//2541 2628//2628 2538//2538
f 2538//2538 2628//2628 2629//2629
f 2538//2538 2629//2629 2535//2535
f 2535//2535 2629//2629 2630//2630
f 2535//2535 2630//2630 2531//2531
f 2531//2531 2630//2630 2631//2631
f 2531//2531 2631//2631 2532//2532
f 2532//2532 2631//2631 2632//2632
f 2532//2532 2632//2632 2533//2533
f 2533//2533 2632//2632 2633//2633
f 2533//2533 2633//2633 2526//2526
f 2526//2526 2633//2633 2634//2634
f 2526//2526 2634//2634 2528//2528
f 2528//2528 2634//2634 2635//2635
f 2528//2528 2635//2635 2529//2529
f 2529//2529 2635//2635 2636//2636
f 2529//2529 2636//2636 2553//2553
f 2553//2553 2636//2636 2637//2637
f 2553//2553 2637//2637 2594//2594
f 2594//2594 2637//2637 2638//2638
f 2594//2594 2638//2638 2595//2595
f 2595//2595 2638//2638 2639//2639
f 2595//2595 2639//2639 2545//2545
f 2545//2545 2639//2639 2625//2625
f 1683//1683 1655//1655 1681//1681
f 1681//1681 1655//1655 1679//1679
f 1679//1679 1655//1655 1677//1677
f 1677//1677 1655//1655 1654//1654
f 2640//2640 2641//2641 2642//2642
f 2642//2642 2641//2641 2643//2643
f 2642//2642 2643//2643 1854//1854
f 1854//1854 1853//1853 2642//2642
f 2644//2644 2642//2642 2645//2645
f 2645//2645 2642//2642 1853//1853
f 2645//2645 1853//1853 2646//2646
f 2646//2646 1853//1853 1849//1849
f 2646//2646 1849//1849 2647//2647
f 2647//2647 1849//1849 1847//1847
f 2647//2647 1847//1847 2648//2648
f 2648//2648 1847//1847 1845//1845
f 2648//2648 1845//1845 2649//2649
f 2649//2649 1845//1845 1843//1843
f 2649//2649 1843//1843 2650//2650
f 2650//2650 1843//1843 1841//1841
f 2650//2650 1841//1841 2651//2651
f 2651//2651 1841//1841 1839//1839
f 2651//2651 1839//1839 1837//1837
f 2651//2651 1837//1837 2652//2652
f 2652//2652 1837//1837 1835//1835
f 2652//2652 1835//1835 2653//2653
f 2653//2653 1835//1835 1833//1833
f 2653//2653 1833//1833 2654//2654
f 2654//2654 1833//1833 1831//1831
f 2654//2654 1831//1831 2655//2655
f 2655//2655 1831//1831 1829//1829
f 2655//2655 1829//1829 2656//2656
f 2656//2656 1829//1829 1827//1827
f 2656//2656 1827//1827 2657//2657
f 2657//2657 1827//1827 1825//1825
f 2657//2657 1825//1825 1823//1823
f 2657//2657 1823//1823 2658//2658
f 2658//2658 1823//1823 1822//1822
f 2658//2658 1822//1822 2659//2659
f 2659//2659 1822//1822 1821//1821
f 2659//2659 1821//1821 2660//2660
f 2660//2660 1821//1821 2661//2661
f 2661//2661 1821//1821 2524//2524
f 2661//2661 2524//2524 2662//2662
f 2661//2661 2662//2662 2663//2663
f 2663//2663 2662//2662 2664//2664
f 2663//2663 2664//2664 2665//2665
f 2663//2663 2665//2665 2666//2666
f 2666//2666 2665//2665 2667//2667
f 2666//2666 2667//2667 2668//2668
f 2668//2668 2667//2667 2669//2669
f 2668//2668 2669//2669 2670//2670
f 2670//2670 2669//2669 2671//2671
f 2670//2670 2671//2671 2672//2672
f 2670//2670 2672//2672 2673//2673
f 2673//2673 2672//2672 2674//2674
f 2673//2673 2674//2674 2675//2675
f 2675//2675 2674//2674 2676//2676
f 2675//2675 2676//2676 2677//2677
f 2677//2677 2676//2676 2678//2678
f 2677//2677 2678//2678 2679//2679
f 2677//2677 2679//2679 2680//2680
f 2680//2680 2679//2679 2681//2681
f 2680//2680 2681//2681 2682//2682
f 2682//2682 2681//2681 2644//2644
f 2682//2682 2644//2644 2645//2645
f 2592//2592 2667//2667 2593//2593
f 2593//2593 2667//2667 2665//2665
f 2593//2593 2665//2665 2683//2683
f 2683//2683 2665//2665 2664//2664
f 2683//2683 2664//2664 2684//2684
f 2684//2684 2664//2664 2685//2685
f 2685//2685 2664//2664 2662//2662
f 2685//2685 2662//2662 2686//2686
f 2686//2686 2662//2662 2687//2687
f 2687//2687 2662//2662 2524//2524
f 2687//2687 2524//2524 2688//2688
f 2688//2688 2524//2524 2689//2689
f 2689//2689 2524//2524 2523//2523
f 2667//2667 2592//2592 2669//2669
f 2669//2669 2592//2592 2558//2558
f 2669//2669 2558//2558 2671//2671
f 2671//2671 2558//2558 2557//2557
f 2671//2671 2557//2557 2672//2672
f 2672//2672 2557//2557 2556//2556
f 2672//2672 2556//2556 2674//2674
f 2674//2674 2556//2556 2559//2559
f 2674//2674 2559//2559 2676//2676
f 2676//2676 2559//2559 2561//2561
f 2676//2676 2561//2561 2678//2678
f 2678//2678 2561//2561 2590//2590
f 2678//2678 2590//2590 2679//2679
f 2679//2679 2590//2590 2587//2587
f 2679//2679 2587//2587 2681//2681
f 2681//2681 2587//2587 2585//2585
f 2681//2681 2585//2585 2644//2644
f 2644//2644 2585//2585 2583//2583
f 2644//2644 2583//2583 2690//2690
f 2690//2690 2691//2691 2644//2644
f 2644//2644 2691//2691 2642//2642
f 2642//2642 2691//2691 2692//2692
f 2642//2642 2692//2692 2640//2640
f 300//300 2677//2677 299//299
f 299//299 2677//2677 2680//2680
f 299//299 2680//2680 324//324
f 324//324 2680//2680 2682//2682
f 324//324 2682//2682 323//323
f 323//323 2682//2682 2645//2645
f 323//323 2645//2645 322//322
f 322//322 2645//2645 2646//2646
f 322//322 2646//2646 321//321
f 321//321 2646//2646 2647//2647
f 321//321 2647//2647 320//320
f 320//320 2647//2647 2648//2648
f 320//320 2648//2648 319//319
f 319//319 2648//2648 2649//2649
f 319//319 2649//2649 318//318
f 318//318 2649//2649 2650//2650
f 318//318 2650//2650 317//317
f 317//317 2650//2650 2651//2651
f 317//317 2651//2651 316//316
f 316//316 2651//2651 2652//2652
f 316//316 2652//2652 315//315
f 315//315 2652//2652 2653//2653
f 315//315 2653//2653 314//314
f 314//314 2653//2653 2654//2654
f 314//314 2654//2654 313//313
f 313//313 2654//2654 2655//2655
f 313//313 2655//2655 312//312
f 312//312 2655//2655 2656//2656
f 312//312 2656//2656 311//311
f 311//311 2656//2656 2657//2657
f 311//311 2657//2657 310//310
f 310//310 2657//2657 2658//2658
f 310//310 2658//2658 309//309
f 309//309 2658//2658 2659//2659
f 309//309 2659//2659 308//308
f 308//308 2659//2659 2660//2660
f 308//308 2660//2660 307//307
f 307//307 2660//2660 2661//2661
f 307//307 2661//2661 306//306
f 306//306 2661//2661 2663//2663
f 306//306 2663//2663 305//305
f 305//305 2663//2663 2666//2666
f 305//305 2666//2666 304//304
f 304//304 2666//2666 2668//2668
f 304//304 2668//2668 303//303
f 303//303 2668//2668 2670//2670
f 303//303 2670//2670 302//302
f 302//302 2670//2670 2673//2673
f 302//302 2673//2673 301//301
f 301//301 2673//2673 2675//2675
f 301//301 2675//2675 300//300
f 300//300 2675//2675 2677//2677
f 585//585 596//596 584//584
f 584//584 596//596 597//597
f 584//584 597//597 583//583
f 583//583 597//597 598//598
f 583//583 598//598 608//608
f 608//608 598//598 599//599
f 608//608 599//599 607//607
f 607//607 599//599 600//600
f 607//607 600//600 606//606
f 606//606 600//600 601//601
f 606//606 601//601 605//605
f 605//605 601//601 602//602
f 605//605 602//602 604//604
f 604//604 602//602 603//603
f 596//596 585//585 595//595
f 595//595 585//585 586//586
f 595//595 586//586 594//594
f 594//594 586//586 587//587
f 594//594 587//587 593//593
f 593//593 587//587 588//588
f 593//593 588//588 592//592
f 592//592 588//588 589//589
f 592//592 589//589 591//591
f 591//591 589//589 590//590
f 1485//1485 2693//2693 1486//1486
f 1486//1486 2693//2693 2694//2694
f 1486//1486 2694//2694 2695//2695
f 2695//2695 2694//2694 2696//2696
f 2696//2696 2694//2694 2697//2697
f 2696//2696 2697//2697 2698//2698
f 2698//2698 2697//2697 2699//2699
f 2699//2699 2697//2697 2700//2700
f 2699//2699 2700//2700 2701//2701
f 2701//2701 2700//2700 2702//2702
f 2701//2701 2702//2702 2703//2703
f 2703//2703 2702//2702 2704//2704
f 2703//2703 2704//2704 2643//2643
f 2643//2643 2704//2704 2705//2705
f 2643//2643 2705//2705 2706//2706
f 1484//1484 1675//1675 1485//1485
f 1485//1485 1675//1675 2707//2707
f 1485//1485 2707//2707 2708//2708
f 1484//1484 2033//2033 1675//1675
f 2707//2707 1675//1675 2709//2709
f 2709//2709 1675//1675 1862//1862
f 2709//2709 1862//1862 2710//2710
f 2710//2710 1862//1862 2711//2711
f 2711//2711 1862//1862 1859//1859
f 2711//2711 1859//1859 2712//2712
f 2712//2712 1859//1859 1857//1857
f 2712//2712 1857//1857 2706//2706
f 2706//2706 1857//1857 2643//2643
f 1857//1857 1855//1855 2643//2643
f 2643//2643 1855//1855 1854//1854
f 2708//2708 2713//2713 1485//1485
f 1485//1485 2713//2713 2693//2693
f 1654//1654 1656//1656 1674//1674
f 1674//1674 1656//1656 1672//1672
f 1672//1672 1656//1656 1670//1670
f 1670//1670 1656//1656 1668//1668
f 1490//1490 1486//1486 2714//2714
f 2714//2714 1486//1486 2695//2695
f 2714//2714 2695//2695 2715//2715
f 2715//2715 2695//2695 2696//2696
f 2715//2715 2696//2696 2716//2716
f 2716//2716 2696//2696 2698//2698
f 2716//2716 2698//2698 2699//2699
f 2716//2716 2699//2699 2717//2717
f 2717//2717 2699//2699 2701//2701
f 2717//2717 2701//2701 2718//2718
f 2718//2718 2701//2701 2703//2703
f 2718//2718 2703//2703 2719//2719
f 2719//2719 2703//2703 2643//2643
f 2719//2719 2643//2643 2641//2641
f 2720//2720 1542//1542 1398//1398
f 1398//1398 1542//1542 1397//1397
f 1542//1542 2720//2720 1546//1546
f 1546//1546 2720//2720 2721//2721
f 1546//1546 2721//2721 1550//1550
f 1550//1550 2721//2721 2722//2722
f 1550//1550 2722//2722 1554//1554
f 1554//1554 2722//2722 2723//2723
f 1554//1554 2723//2723 1556//1556
f 1556//1556 2723//2723 2724//2724
f 1556//1556 2724//2724 1558//1558
f 1558//1558 2724//2724 2725//2725
f 1558//1558 2725//2725 1557//1557
f 1557//1557 2725//2725 2726//2726
f 1557//1557 2726//2726 1555//1555
f 1555//1555 2726//2726 2727//2727
f 1555//1555 2727//2727 1552//1552
f 1552//1552 2727//2727 2728//2728
f 1552//1552 2728//2728 1553//1553
f 1553//1553 2728//2728 2729//2729
f 1224//1224 1225//1225 2521//2521
f 2521//2521 1225//1225 1227//1227
f 2521//2521 1227//1227 1229//1229
f 1229//1229 1230//1230 2521//2521
f 2521//2521 1230//1230 2729//2729
f 2729//2729 1230//1230 1232//1232
f 2729//2729 1232//1232 1233//1233
f 1233//1233 1235//1235 2729//2729
f 2729//2729 1235//1235 1553//1553
f 1553//1553 1235//1235 1237//1237
f 2730//2730 1544//1544 2731//2731
f 2731//2731 1544//1544 1543//1543
f 2731//2731 1543//1543 2732//2732
f 2732//2732 1543//1543 1549//1549
f 2732//2732 1549//1549 2733//2733
f 2733//2733 1549//1549 1548//1548
f 2733//2733 1548//1548 2734//2734
f 2734//2734 1548//1548 1547//1547
f 2734//2734 1547//1547 2735//2735
f 2735//2735 1547//1547 1551//1551
f 2735//2735 1551//1551 2736//2736
f 2736//2736 1551//1551 1559//1559
f 2736//2736 1559//1559 2737//2737
f 2737//2737 1559//1559 1495//1495
f 2737//2737 1495//1495 2738//2738
f 2738//2738 1495//1495 1494//1494
f 2738//2738 1494//1494 2739//2739
f 2739//2739 1494//1494 1493//1493
f 2739//2739 1493//1493 2740//2740
f 2740//2740 1493//1493 1561//1561
f 2740//2740 1561//1561 2741//2741
f 2741//2741 1561//1561 1498//1498
f 2741//2741 1498//1498 2742//2742
f 2742//2742 1498//1498 1497//1497
f 2742//2742 1497//1497 2743//2743
f 2743//2743 1497//1497 1560//1560
f 2743//2743 1560//1560 2744//2744
f 2744//2744 1560//1560 1545//1545
f 2744//2744 1545//1545 2730//2730
f 2730//2730 1545//1545 1544//1544
f 2729//2729 2738//2738 2521//2521
f 2521//2521 2738//2738 2739//2739
f 2521//2521 2739//2739 2745//2745
f 2745//2745 2739//2739 2740//2740
f 2745//2745 2740//2740 2741//2741
f 2728//2728 2736//2736 2729//2729
f 2729//2729 2736//2736 2737//2737
f 2729//2729 2737//2737 2738//2738
f 2736//2736 2728//2728 2735//2735
f 2735//2735 2728//2728 2727//2727
f 2735//2735 2727//2727 2726//2726
f 2726//2726 2725//2725 2735//2735
f 2735//2735 2725//2725 2724//2724
f 2735//2735 2724//2724 2723//2723
f 2735//2735 2723//2723 2734//2734
f 2734//2734 2723//2723 2722//2722
f 2734//2734 2722//2722 2721//2721
f 2734//2734 2721//2721 2733//2733
f 2733//2733 2721//2721 2720//2720
f 2733//2733 2720//2720 2732//2732
f 2732//2732 2720//2720 2731//2731
f 2731//2731 2720//2720 1398//1398
f 2731//2731 1398//1398 2730//2730
f 2730//2730 1398//1398 2744//2744
f 2744//2744 1398//1398 2746//2746
f 2744//2744 2746//2746 2743//2743
f 2743//2743 2746//2746 2747//2747
f 2743//2743 2747//2747 2742//2742
f 2742//2742 2747//2747 2741//2741
f 2741//2741 2747//2747 2745//2745
f 2620//2620 2633//2633 2603//2603
f 2603//2603 2633//2633 2632//2632
f 2603//2603 2632//2632 2631//2631
f 2633//2633 2620//2620 2634//2634
f 2634//2634 2620//2620 2748//2748
f 2634//2634 2748//2748 2635//2635
f 2635//2635 2748//2748 2636//2636
f 2636//2636 2748//2748 2749//2749
f 2636//2636 2749//2749 2637//2637
f 2637//2637 2749//2749 2638//2638
f 2638//2638 2749//2749 2750//2750
f 2638//2638 2750//2750 2639//2639
f 2639//2639 2750//2750 2597//2597
f 2639//2639 2597//2597 2625//2625
f 2625//2625 2597//2597 2626//2626
f 2626//2626 2597//2597 2596//2596
f 2626//2626 2596//2596 2627//2627
f 2627//2627 2596//2596 2628//2628
f 2628//2628 2596//2596 2619//2619
f 2628//2628 2619//2619 2629//2629
f 2629//2629 2619//2619 2617//2617
f 2629//2629 2617//2617 2615//2615
f 2629//2629 2615//2615 2630//2630
f 2630//2630 2615//2615 2613//2613
f 2630//2630 2613//2613 2611//2611
f 2611//2611 2609//2609 2630//2630
f 2630//2630 2609//2609 2607//2607
f 2630//2630 2607//2607 2605//2605
f 2630//2630 2605//2605 2631//2631
f 2631//2631 2605//2605 2603//2603
f 2597//2597 2750//2750 1399//1399
f 1399//1399 2750//2750 2746//2746
f 1399//1399 2746//2746 1398//1398
f 2750//2750 2749//2749 2746//2746
f 2746//2746 2749//2749 2747//2747
f 2747//2747 2749//2749 2748//2748
f 2747//2747 2748//2748 2745//2745
f 2745//2745 2748//2748 2522//2522
f 2745//2745 2522//2522 2521//2521
f 2748//2748 2620//2620 2522//2522
f 1567//1567 1568//1568 1880//1880
f 1880//1880 1568//1568 1570//1570
f 1880//1880 1570//1570 1573//1573
f 1880//1880 1573//1573 2751//2751
f 2751//2751 1573//1573 1575//1575
f 2751//2751 1575//1575 1578//1578
f 2751//2751 1578//1578 2752//2752
f 2752//2752 1578//1578 1581//1581
f 2752//2752 1581//1581 2753//2753
f 2753//2753 1581//1581 2754//2754
f 2753//2753 2754//2754 2755//2755
f 2755//2755 2754//2754 2756//2756
f 2756//2756 2754//2754 2757//2757
f 2756//2756 2757//2757 2758//2758
f 2758//2758 2757//2757 2759//2759
f 2759//2759 2757//2757 2760//2760
f 2760//2760 2757//2757 2761//2761
f 2761//2761 2757//2757 2762//2762
f 2762//2762 2757//2757 2763//2763
f 2762//2762 2763//2763 2764//2764
f 2764//2764 2763//2763 2765//2765
f 2764//2764 2765//2765 2766//2766
f 2766//2766 2765//2765 2767//2767
f 2767//2767 2765//2765 2768//2768
f 2767//2767 2768//2768 2769//2769
f 2769//2769 2768//2768 2770//2770
f 2770//2770 2768//2768 2549//2549
f 2770//2770 2549//2549 2552//2552
f 1581//1581 1585//1585 2754//2754
f 2754//2754 1585//1585 1590//1590
f 2754//2754 1590//1590 1626//1626
f 2754//2754 1626//1626 2771//2771
f 2771//2771 1626//1626 1627//1627
f 2771//2771 1627//1627 1628//1628
f 1628//1628 1629//1629 2771//2771
f 2771//2771 1629//1629 1630//1630
f 2771//2771 1630//1630 2772//2772
f 2772//2772 1630//1630 1631//1631
f 2772//2772 1631//1631 1632//1632
f 1636//1636 1644//1644 1632//1632
f 1632//1632 1644//1644 2772//2772
f 2702//2702 2578//2578 2704//2704
f 2704//2704 2578//2578 2580//2580
f 2704//2704 2580//2580 2705//2705
f 2705//2705 2580//2580 2582//2582
f 2705//2705 2582//2582 2706//2706
f 2706//2706 2582//2582 2584//2584
f 2706//2706 2584//2584 2712//2712
f 2712//2712 2584//2584 2586//2586
f 2712//2712 2586//2586 2711//2711
f 2711//2711 2586//2586 2588//2588
f 2711//2711 2588//2588 2710//2710
f 2710//2710 2588//2588 2589//2589
f 2710//2710 2589//2589 2709//2709
f 2709//2709 2589//2589 2591//2591
f 2709//2709 2591//2591 2707//2707
f 2707//2707 2591//2591 2563//2563
f 2707//2707 2563//2563 2708//2708
f 2708//2708 2563//2563 2565//2565
f 2708//2708 2565//2565 2713//2713
f 2713//2713 2565//2565 2566//2566
f 2713//2713 2566//2566 2693//2693
f 2693//2693 2566//2566 2568//2568
f 2693//2693 2568//2568 2694//2694
f 2694//2694 2568//2568 2570//2570
f 2694//2694 2570//2570 2697//2697
f 2697//2697 2570//2570 2573//2573
f 2697//2697 2573//2573 2700//2700
f 2700//2700 2573//2573 2576//2576
f 2700//2700 2576//2576 2702//2702
f 2702//2702 2576//2576 2578//2578
f 1649//1649 2773//2773 1644//1644
f 1644//1644 2773//2773 2774//2774
f 1644//1644 2774//2774 2775//2775
f 2775//2775 2774//2774 1649//1649
f 2775//2775 1649//1649 2776//2776
f 2776//2776 1649//1649 2777//2777
f 2776//2776 2777//2777 1648//1648
f 1648//1648 2777//2777 2778//2778
f 1648//1648 2778//2778 1649//1649
f 1649//1649 2778//2778 2777//2777
f 1647//1647 2779//2779 1648//1648
f 1648//1648 2779//2779 2780//2780
f 1648//1648 2780//2780 2781//2781
f 2781//2781 2780//2780 2782//2782
f 2781//2781 2782//2782 2783//2783
f 2783//2783 2782//2782 2784//2784
f 2783//2783 2784//2784 2785//2785
f 2785//2785 2784//2784 1646//1646
f 2785//2785 1646//1646 2786//2786
f 2786//2786 1646//1646 2787//2787
f 2786//2786 2787//2787 1645//1645
f 1645//1645 2787//2787 2788//2788
f 1645//1645 2788//2788 1646//1646
f 1646//1646 2788//2788 2787//2787
f 1646//1646 2789//2789 1647//1647
f 1647//1647 2789//2789 2790//2790
f 1647//1647 2790//2790 2779//2779
f 2779//2779 2790//2790 2780//2780
f 1415//1415 2791//2791 1645//1645
f 1645//1645 2791//2791 2792//2792
f 1645//1645 2792//2792 2793//2793
f 2793//2793 2792//2792 1415//1415
f 2793//2793 1415//1415 1417//1417
f 1420//1420 2794//2794 1417//1417
f 1417//1417 2794//2794 2795//2795
f 1417//1417 2795//2795 2793//2793
f 2793//2793 2795//2795 2796//2796
f 2793//2793 2796//2796 2786//2786
f 2786//2786 2796//2796 2797//2797
f 2786//2786 2797//2797 2785//2785
f 2785//2785 2797//2797 2798//2798
f 2785//2785 2798//2798 2783//2783
f 2783//2783 2798//2798 2799//2799
f 2783//2783 2799//2799 2781//2781
f 2781//2781 2799//2799 2800//2800
f 2781//2781 2800//2800 2776//2776
f 2776//2776 2800//2800 2801//2801
f 2776//2776 2801//2801 2775//2775
f 2775//2775 2801//2801 2772//2772
f 2775//2775 2772//2772 1644//1644
f 1430//1430 2802//2802 1420//1420
f 1420//1420 2802//2802 2803//2803
f 1420//1420 2803//2803 2794//2794
f 2794//2794 2803//2803 2804//2804
f 2794//2794 2804//2804 2805//2805
f 2805//2805 2804//2804 2806//2806
f 2805//2805 2806//2806 2807//2807
f 2807//2807 2806//2806 2808//2808
f 2807//2807 2808//2808 2809//2809
f 2809//2809 2808//2808 2810//2810
f 2809//2809 2810//2810 2811//2811
f 2811//2811 2810//2810 2812//2812
f 2811//2811 2812//2812 2813//2813
f 2813//2813 2812//2812 2814//2814
f 2813//2813 2814//2814 2815//2815
f 2815//2815 2814//2814 2771//2771
f 2815//2815 2771//2771 2772//2772
f 1433//1433 2816//2816 1430//1430
f 1430//1430 2816//2816 2817//2817
f 1430//1430 2817//2817 2818//2818
f 2818//2818 2817//2817 2819//2819
f 2818//2818 2819//2819 2820//2820
f 2820//2820 2819//2819 2821//2821
f 2820//2820 2821//2821 2822//2822
f 2822//2822 2821//2821 2823//2823
f 2822//2822 2823//2823 2824//2824
f 2824//2824 2823//2823 2825//2825
f 2824//2824 2825//2825 2826//2826
f 2826//2826 2825//2825 2827//2827
f 2826//2826 2827//2827 2828//2828
f 2828//2828 2827//2827 2829//2829
f 2828//2828 2829//2829 2830//2830
f 2830//2830 2829//2829 2754//2754
f 2830//2830 2754//2754 2771//2771
f 1435//1435 2831//2831 1433//1433
f 1433//1433 2831//2831 2832//2832
f 1433//1433 2832//2832 2833//2833
f 2833//2833 2832//2832 2834//2834
f 2833//2833 2834//2834 2835//2835
f 2835//2835 2834//2834 2836//2836
f 2835//2835 2836//2836 2837//2837
f 2837//2837 2836//2836 2838//2838
f 2837//2837 2838//2838 2839//2839
f 2839//2839 2838//2838 2840//2840
f 2839//2839 2840//2840 2841//2841
f 2841//2841 2840//2840 2842//2842
f 2841//2841 2842//2842 2843//2843
f 2843//2843 2842//2842 2844//2844
f 2843//2843 2844//2844 2845//2845
f 2845//2845 2844//2844 2757//2757
f 2845//2845 2757//2757 2754//2754
f 2831//2831 1435//1435 2846//2846
f 2846//2846 1435//1435 1463//1463
f 2846//2846 1463//1463 2847//2847
f 2847//2847 1463//1463 1465//1465
f 2847//2847 1465//1465 1467//1467
f 1467//1467 2848//2848 2847//2847
f 2847//2847 2848//2848 2849//2849
f 2847//2847 2849//2849 2846//2846
f 2846//2846 2849//2849 2850//2850
f 2846//2846 2850//2850 2831//2831
f 2831//2831 2850//2850 2851//2851
f 2831//2831 2851//2851 2832//2832
f 2832//2832 2851//2851 2834//2834
f 2848//2848 2852//2852 2849//2849
f 2849//2849 2852//2852 2853//2853
f 2849//2849 2853//2853 2850//2850
f 2850//2850 2853//2853 2854//2854
f 2850//2850 2854//2854 2851//2851
f 2851//2851 2854//2854 2855//2855
f 2851//2851 2855//2855 2834//2834
f 2834//2834 2855//2855 2836//2836
f 2852//2852 2856//2856 2853//2853
f 2853//2853 2856//2856 2857//2857
f 2853//2853 2857//2857 2854//2854
f 2854//2854 2857//2857 2858//2858
f 2854//2854 2858//2858 2855//2855
f 2855//2855 2858//2858 2859//2859
f 2855//2855 2859//2859 2836//2836
f 2836//2836 2859//2859 2838//2838
f 2856//2856 2860//2860 2857//2857
f 2857//2857 2860//2860 2861//2861
f 2857//2857 2861//2861 2858//2858
f 2858//2858 2861//2861 2862//2862
f 2858//2858 2862//2862 2859//2859
f 2859//2859 2862//2862 2863//2863
f 2859//2859 2863//2863 2838//2838
f 2838//2838 2863//2863 2840//2840
f 2860//2860 2864//2864 2861//2861
f 2861//2861 2864//2864 2865//2865
f 2861//2861 2865//2865 2862//2862
f 2862//2862 2865//2865 2866//2866
f 2862//2862 2866//2866 2863//2863
f 2863//2863 2866//2866 2867//2867
f 2863//2863 2867//2867 2840//2840
f 2840//2840 2867//2867 2842//2842
f 2864//2864 2549//2549 2865//2865
f 2865//2865 2549//2549 2868//2868
f 2865//2865 2868//2868 2866//2866
f 2866//2866 2868//2868 2869//2869
f 2866//2866 2869//2869 2867//2867
f 2867//2867 2869//2869 2870//2870
f 2867//2867 2870//2870 2842//2842
f 2842//2842 2870//2870 2844//2844
f 2549//2549 2768//2768 2868//2868
f 2868//2868 2768//2768 2869//2869
f 2768//2768 2765//2765 2869//2869
f 2869//2869 2765//2765 2763//2763
f 2869//2869 2763//2763 2870//2870
f 2870//2870 2763//2763 2757//2757
f 2870//2870 2757//2757 2844//2844
f 1649//1649 2774//2774 2773//2773
f 2772//2772 2801//2801 2815//2815
f 2815//2815 2801//2801 2800//2800
f 2815//2815 2800//2800 2813//2813
f 2813//2813 2800//2800 2799//2799
f 2813//2813 2799//2799 2811//2811
f 2811//2811 2799//2799 2798//2798
f 2811//2811 2798//2798 2809//2809
f 2809//2809 2798//2798 2797//2797
f 2809//2809 2797//2797 2807//2807
f 2807//2807 2797//2797 2796//2796
f 2807//2807 2796//2796 2805//2805
f 2805//2805 2796//2796 2795//2795
f 2805//2805 2795//2795 2794//2794
f 2771//2771 2814//2814 2871//2871
f 2871//2871 2814//2814 2812//2812
f 2871//2871 2812//2812 2872//2872
f 2872//2872 2812//2812 2810//2810
f 2872//2872 2810//2810 2873//2873
f 2873//2873 2810//2810 2808//2808
f 2873//2873 2808//2808 2874//2874
f 2874//2874 2808//2808 2806//2806
f 2874//2874 2806//2806 2875//2875
f 2875//2875 2806//2806 2804//2804
f 2875//2875 2804//2804 2876//2876
f 2876//2876 2804//2804 2803//2803
f 2876//2876 2803//2803 2802//2802
f 2771//2771 2871//2871 2830//2830
f 2830//2830 2871//2871 2872//2872
f 2830//2830 2872//2872 2828//2828
f 2828//2828 2872//2872 2873//2873
f 2828//2828 2873//2873 2826//2826
f 2826//2826 2873//2873 2874//2874
f 2826//2826 2874//2874 2824//2824
f 2824//2824 2874//2874 2875//2875
f 2824//2824 2875//2875 2822//2822
f 2822//2822 2875//2875 2876//2876
f 2822//2822 2876//2876 2820//2820
f 2820//2820 2876//2876 2802//2802
f 2820//2820 2802//2802 2818//2818
f 2818//2818 2802//2802 1430//1430
f 2754//2754 2829//2829 2877//2877
f 2877//2877 2829//2829 2827//2827
f 2877//2877 2827//2827 2878//2878
f 2878//2878 2827//2827 2825//2825
f 2878//2878 2825//2825 2879//2879
f 2879//2879 2825//2825 2823//2823
f 2879//2879 2823//2823 2880//2880
f 2880//2880 2823//2823 2821//2821
f 2880//2880 2821//2821 2881//2881
f 2881//2881 2821//2821 2819//2819
f 2881//2881 2819//2819 2882//2882
f 2882//2882 2819//2819 2817//2817
f 2882//2882 2817//2817 2816//2816
f 2754//2754 2877//2877 2845//2845
f 2845//2845 2877//2877 2878//2878
f 2845//2845 2878//2878 2843//2843
f 2843//2843 2878//2878 2879//2879
f 2843//2843 2879//2879 2841//2841
f 2841//2841 2879//2879 2880//2880
f 2841//2841 2880//2880 2839//2839
f 2839//2839 2880//2880 2881//2881
f 2839//2839 2881//2881 2837//2837
f 2837//2837 2881//2881 2882//2882
f 2837//2837 2882//2882 2835//2835
f 2835//2835 2882//2882 2816//2816
f 2835//2835 2816//2816 2833//2833
f 2833//2833 2816//2816 1433//1433
f 1646//1646 2784//2784 2789//2789
f 2789//2789 2784//2784 2782//2782
f 2789//2789 2782//2782 2790//2790
f 2790//2790 2782//2782 2780//2780
f 2793//2793 2786//2786 1645//1645
f 2781//2781 2776//2776 1648//1648
f 1415//1415 2792//2792 2791//2791
f 2554//2554 2504//2504 2883//2883
f 2883//2883 2504//2504 2519//2519
f 2883//2883 2519//2519 2518//2518
f 2883//2883 2518//2518 2884//2884
f 2884//2884 2518//2518 2517//2517
f 2884//2884 2517//2517 2885//2885
f 2885//2885 2517//2517 2516//2516
f 2885//2885 2516//2516 2886//2886
f 2886//2886 2516//2516 2515//2515
f 2886//2886 2515//2515 2887//2887
f 2887//2887 2515//2515 2514//2514
f 2887//2887 2514//2514 2888//2888
f 2888//2888 2514//2514 2513//2513
f 2888//2888 2513//2513 2889//2889
f 2889//2889 2513//2513 2512//2512
f 2889//2889 2512//2512 2890//2890
f 2890//2890 2512//2512 2891//2891
f 2890//2890 2891//2891 2892//2892
f 2892//2892 2891//2891 2893//2893
f 2892//2892 2893//2893 2894//2894
f 2894//2894 2893//2893 2895//2895
f 2894//2894 2895//2895 2896//2896
f 2896//2896 2895//2895 2897//2897
f 2896//2896 2897//2897 2898//2898
f 2898//2898 2897//2897 2856//2856
f 2898//2898 2856//2856 2852//2852
f 2512//2512 2549//2549 2891//2891
f 2891//2891 2549//2549 2899//2899
f 2891//2891 2899//2899 2893//2893
f 2893//2893 2899//2899 2900//2900
f 2893//2893 2900//2900 2895//2895
f 2895//2895 2900//2900 2901//2901
f 2895//2895 2901//2901 2897//2897
f 2897//2897 2901//2901 2856//2856
f 2864//2864 2902//2902 2549//2549
f 2549//2549 2902//2902 2903//2903
f 2549//2549 2903//2903 2899//2899
f 2899//2899 2903//2903 2900//2900
f 2902//2902 2864//2864 2904//2904
f 2904//2904 2864//2864 2860//2860
f 2904//2904 2860//2860 2901//2901
f 2901//2901 2860//2860 2856//2856
f 2898//2898 2852//2852 2905//2905
f 2905//2905 2852//2852 2848//2848
f 2905//2905 2848//2848 2906//2906
f 2906//2906 2848//2848 1467//1467
f 2906//2906 1467//1467 1469//1469
f 1474//1474 2907//2907 1469//1469
f 1469//1469 2907//2907 2908//2908
f 1469//1469 2908//2908 2909//2909
f 2909//2909 2908//2908 2910//2910
f 2909//2909 2910//2910 2911//2911
f 2911//2911 2910//2910 2912//2912
f 2911//2911 2912//2912 2913//2913
f 2913//2913 2912//2912 2914//2914
f 2913//2913 2914//2914 2915//2915
f 2915//2915 2914//2914 2886//2886
f 2915//2915 2886//2886 2887//2887
f 1483//1483 2916//2916 1474//1474
f 1474//1474 2916//2916 2917//2917
f 1474//1474 2917//2917 2918//2918
f 2918//2918 2917//2917 2919//2919
f 2918//2918 2919//2919 2920//2920
f 2920//2920 2919//2919 2921//2921
f 2920//2920 2921//2921 2922//2922
f 2922//2922 2921//2921 2923//2923
f 2922//2922 2923//2923 2924//2924
f 2924//2924 2923//2923 2925//2925
f 2924//2924 2925//2925 2926//2926
f 2926//2926 2925//2925 2927//2927
f 2926//2926 2927//2927 2884//2884
f 2884//2884 2927//2927 2928//2928
f 2884//2884 2928//2928 2883//2883
f 2883//2883 2928//2928 2554//2554
f 1489//1489 2929//2929 1483//1483
f 1483//1483 2929//2929 2930//2930
f 1483//1483 2930//2930 2916//2916
f 2916//2916 2930//2930 2931//2931
f 2916//2916 2931//2931 2932//2932
f 2932//2932 2931//2931 2933//2933
f 2932//2932 2933//2933 2934//2934
f 2934//2934 2933//2933 2935//2935
f 2934//2934 2935//2935 2936//2936
f 2936//2936 2935//2935 2937//2937
f 2936//2936 2937//2937 2938//2938
f 2938//2938 2937//2937 2939//2939
f 2938//2938 2939//2939 2940//2940
f 2940//2940 2939//2939 2941//2941
f 2940//2940 2941//2941 2942//2942
f 2942//2942 2941//2941 2555//2555
f 2942//2942 2555//2555 2554//2554
f 2929//2929 1489//1489 2943//2943
f 2943//2943 1489//1489 1488//1488
f 2943//2943 1488//1488 2944//2944
f 2944//2944 1488//1488 1487//1487
f 2944//2944 1487//1487 2945//2945
f 2945//2945 1487//1487 1492//1492
f 2945//2945 1492//1492 2946//2946
f 2946//2946 1492//1492 1491//1491
f 2946//2946 1491//1491 1490//1490
f 1490//1490 2947//2947 2946//2946
f 2946//2946 2947//2947 2948//2948
f 2946//2946 2948//2948 2945//2945
f 2945//2945 2948//2948 2949//2949
f 2945//2945 2949//2949 2944//2944
f 2944//2944 2949//2949 2950//2950
f 2944//2944 2950//2950 2943//2943
f 2943//2943 2950//2950 2951//2951
f 2943//2943 2951//2951 2929//2929
f 2929//2929 2951//2951 2952//2952
f 2929//2929 2952//2952 2930//2930
f 2930//2930 2952//2952 2931//2931
f 2948//2948 2947//2947 2953//2953
f 2953//2953 2947//2947 2954//2954
f 2953//2953 2954//2954 2955//2955
f 2955//2955 2954//2954 2956//2956
f 2955//2955 2956//2956 2957//2957
f 2957//2957 2956//2956 2958//2958
f 2957//2957 2958//2958 2959//2959
f 2959//2959 2958//2958 2960//2960
f 2959//2959 2960//2960 2961//2961
f 2961//2961 2960//2960 2962//2962
f 2961//2961 2962//2962 2963//2963
f 2963//2963 2962//2962 2964//2964
f 2963//2963 2964//2964 2935//2935
f 2935//2935 2964//2964 2937//2937
f 2954//2954 2965//2965 2956//2956
f 2956//2956 2965//2965 2966//2966
f 2956//2956 2966//2966 2958//2958
f 2958//2958 2966//2966 2967//2967
f 2958//2958 2967//2967 2960//2960
f 2960//2960 2967//2967 2968//2968
f 2960//2960 2968//2968 2962//2962
f 2962//2962 2968//2968 2969//2969
f 2962//2962 2969//2969 2964//2964
f 2964//2964 2969//2969 2970//2970
f 2964//2964 2970//2970 2937//2937
f 2937//2937 2970//2970 2939//2939
f 2966//2966 2965//2965 2971//2971
f 2971//2971 2965//2965 2571//2571
f 2971//2971 2571//2571 2569//2569
f 2569//2569 2567//2567 2971//2971
f 2971//2971 2567//2567 2972//2972
f 2971//2971 2972//2972 2967//2967
f 2967//2967 2972//2972 2968//2968
f 2567//2567 2564//2564 2972//2972
f 2972//2972 2564//2564 2973//2973
f 2972//2972 2973//2973 2968//2968
f 2968//2968 2973//2973 2969//2969
f 2973//2973 2564//2564 2974//2974
f 2974//2974 2564//2564 2562//2562
f 2974//2974 2562//2562 2975//2975
f 2975//2975 2562//2562 2560//2560
f 2975//2975 2560//2560 2941//2941
f 2941//2941 2560//2560 2555//2555
f 2906//2906 1469//1469 2976//2976
f 2976//2976 1469//1469 2977//2977
f 2976//2976 2977//2977 2978//2978
f 2978//2978 2977//2977 2979//2979
f 2978//2978 2979//2979 2980//2980
f 2980//2980 2979//2979 2981//2981
f 2980//2980 2981//2981 2982//2982
f 2982//2982 2981//2981 2915//2915
f 2982//2982 2915//2915 2887//2887
f 1469//1469 2909//2909 2983//2983
f 2983//2983 2909//2909 2911//2911
f 2983//2983 2911//2911 2984//2984
f 2984//2984 2911//2911 2913//2913
f 2984//2984 2913//2913 2981//2981
f 2981//2981 2913//2913 2915//2915
f 1474//1474 2918//2918 2907//2907
f 2907//2907 2918//2918 2920//2920
f 2907//2907 2920//2920 2985//2985
f 2985//2985 2920//2920 2922//2922
f 2985//2985 2922//2922 2986//2986
f 2986//2986 2922//2922 2924//2924
f 2986//2986 2924//2924 2987//2987
f 2987//2987 2924//2924 2926//2926
f 2987//2987 2926//2926 2885//2885
f 2885//2885 2926//2926 2884//2884
f 2554//2554 2928//2928 2942//2942
f 2942//2942 2928//2928 2927//2927
f 2942//2942 2927//2927 2940//2940
f 2940//2940 2927//2927 2925//2925
f 2940//2940 2925//2925 2938//2938
f 2938//2938 2925//2925 2923//2923
f 2938//2938 2923//2923 2936//2936
f 2936//2936 2923//2923 2921//2921
f 2936//2936 2921//2921 2934//2934
f 2934//2934 2921//2921 2919//2919
f 2934//2934 2919//2919 2932//2932
f 2932//2932 2919//2919 2917//2917
f 2932//2932 2917//2917 2916//2916
f 2886//2886 2914//2914 2885//2885
f 2885//2885 2914//2914 2987//2987
f 2914//2914 2912//2912 2987//2987
f 2987//2987 2912//2912 2986//2986
f 2908//2908 2907//2907 2985//2985
f 2912//2912 2910//2910 2986//2986
f 2986//2986 2910//2910 2985//2985
f 2910//2910 2908//2908 2985//2985
f 2888//2888 2889//2889 2988//2988
f 2988//2988 2889//2889 2890//2890
f 2988//2988 2890//2890 2892//2892
f 2887//2887 2888//2888 2989//2989
f 2989//2989 2888//2888 2988//2988
f 2989//2989 2988//2988 2990//2990
f 2990//2990 2988//2988 2892//2892
f 2990//2990 2892//2892 2894//2894
f 1469//1469 2983//2983 2991//2991
f 2991//2991 2983//2983 2984//2984
f 2991//2991 2984//2984 2979//2979
f 2979//2979 2984//2984 2981//2981
f 2905//2905 2906//2906 2992//2992
f 2992//2992 2906//2906 2976//2976
f 2992//2992 2976//2976 2978//2978
f 2898//2898 2905//2905 2993//2993
f 2993//2993 2905//2905 2992//2992
f 2993//2993 2992//2992 2994//2994
f 2994//2994 2992//2992 2978//2978
f 2994//2994 2978//2978 2980//2980
f 2903//2903 2902//2902 2904//2904
f 2903//2903 2904//2904 2900//2900
f 2900//2900 2904//2904 2901//2901
f 2933//2933 2931//2931 2995//2995
f 2995//2995 2931//2931 2952//2952
f 2995//2995 2952//2952 2996//2996
f 2996//2996 2952//2952 2951//2951
f 2996//2996 2951//2951 2997//2997
f 2997//2997 2951//2951 2950//2950
f 2997//2997 2950//2950 2998//2998
f 2998//2998 2950//2950 2949//2949
f 2998//2998 2949//2949 2953//2953
f 2953//2953 2949//2949 2948//2948
f 2935//2935 2933//2933 2963//2963
f 2963//2963 2933//2933 2995//2995
f 2963//2963 2995//2995 2961//2961
f 2961//2961 2995//2995 2996//2996
f 2961//2961 2996//2996 2959//2959
f 2959//2959 2996//2996 2997//2997
f 2959//2959 2997//2997 2957//2957
f 2957//2957 2997//2997 2998//2998
f 2957//2957 2998//2998 2955//2955
f 2955//2955 2998//2998 2953//2953
f 2941//2941 2939//2939 2975//2975
f 2975//2975 2939//2939 2970//2970
f 2975//2975 2970//2970 2974//2974
f 2974//2974 2970//2970 2969//2969
f 2974//2974 2969//2969 2973//2973
f 2971//2971 2967//2967 2966//2966
f 2898//2898 2993//2993 2896//2896
f 2896//2896 2993//2993 2999//2999
f 2896//2896 2999//2999 2894//2894
f 2894//2894 2999//2999 2990//2990
f 2999//2999 2993//2993 2994//2994
f 2991//2991 2979//2979 2977//2977
f 2999//2999 2994//2994 3000//3000
f 3000//3000 2994//2994 2980//2980
f 3000//3000 2980//2980 2982//2982
f 2991//2991 2977//2977 1469//1469
f 2989//2989 2990//2990 3000//3000
f 3000//3000 2990//2990 2999//2999
f 2989//2989 3000//3000 2982//2982
f 2887//2887 2989//2989 2982//2982
f 2572//2572 2571//2571 3001//3001
f 3001//3001 2571//2571 2965//2965
f 3001//3001 2965//2965 3002//3002
f 3002//3002 2965//2965 2954//2954
f 3002//3002 2954//2954 3003//3003
f 3003//3003 2954//2954 2947//2947
f 3003//3003 2947//2947 2714//2714
f 2714//2714 2947//2947 1490//1490
f 3003//3003 2714//2714 3004//3004
f 3004//3004 2714//2714 2715//2715
f 3004//3004 2715//2715 3005//3005
f 3005//3005 2715//2715 2716//2716
f 3005//3005 2716//2716 3006//3006
f 3006//3006 2716//2716 2717//2717
f 3006//3006 2717//2717 3007//3007
f 3007//3007 2717//2717 2718//2718
f 3007//3007 2718//2718 3008//3008
f 3008//3008 2718//2718 2719//2719
f 3008//3008 2719//2719 3009//3009
f 3009//3009 2719//2719 2641//2641
f 3009//3009 3010//3010 3008//3008
f 3008//3008 3010//3010 3011//3011
f 3008//3008 3011//3011 3007//3007
f 3007//3007 3011//3011 3012//3012
f 3007//3007 3012//3012 3006//3006
f 3006//3006 3012//3012 3013//3013
f 3006//3006 3013//3013 3005//3005
f 3005//3005 3013//3013 3014//3014
f 3005//3005 3014//3014 3004//3004
f 3004//3004 3014//3014 3015//3015
f 3004//3004 3015//3015 3003//3003
f 3003//3003 3015//3015 3002//3002
f 3010//3010 3016//3016 3011//3011
f 3011//3011 3016//3016 3017//3017
f 3011//3011 3017//3017 3012//3012
f 3012//3012 3017//3017 3018//3018
f 3012//3012 3018//3018 3013//3013
f 3013//3013 3018//3018 3019//3019
f 3013//3013 3019//3019 3014//3014
f 3014//3014 3019//3019 3020//3020
f 3014//3014 3020//3020 3015//3015
f 3015//3015 3020//3020 3021//3021
f 3015//3015 3021//3021 3002//3002
f 3002//3002 3021//3021 3001//3001
f 3016//3016 2581//2581 3017//3017
f 3017//3017 2581//2581 2579//2579
f 3017//3017 2579//2579 3018//3018
f 3018//3018 2579//2579 2577//2577
f 3018//3018 2577//2577 3019//3019
f 3019//3019 2577//2577 2575//2575
f 3019//3019 2575//2575 3020//3020
f 3020//3020 2575//2575 2574//2574
f 3020//3020 2574//2574 3021//3021
f 3021//3021 2574//2574 2572//2572
f 3021//3021 2572//2572 3001//3001
f 2583//2583 2581//2581 2690//2690
f 2690//2690 2581//2581 3016//3016
f 2690//2690 3016//3016 2691//2691
f 2691//2691 3016//3016 3010//3010
f 2691//2691 3010//3010 2692//2692
f 2692//2692 3010//3010 3009//3009
f 2692//2692 3009//3009 2640//2640
f 2640//2640 3009//3009 2641//2641
f 2602//2602 3022//3022 2623//2623
f 2623//2623 3022//3022 3023//3023
f 3023//3023 3022//3022 3024//3024
f 3023//3023 3024//3024 3025//3025
f 3025//3025 3024//3024 3026//3026
f 3025//3025 3026//3026 3027//3027
f 3027//3027 3026//3026 2525//2525
f 3027//3027 2525//2525 3028//3028
f 3028//3028 2525//2525 2527//2527
f 2530//2530 2525//2525 3029//3029
f 3029//3029 2525//2525 3026//3026
f 3029//3029 3026//3026 3024//3024
f 3029//3029 3024//3024 3030//3030
f 3030//3030 3024//3024 3022//3022
f 3030//3030 3022//3022 3031//3031
f 3031//3031 3022//3022 2602//2602
f 3031//3031 2602//2602 2604//2604
f 3031//3031 2604//2604 3032//3032
f 3032//3032 2604//2604 2606//2606
f 3032//3032 2606//2606 3033//3033
f 3033//3033 2606//2606 2608//2608
f 3033//3033 2608//2608 3034//3034
f 3034//3034 2608//2608 2610//2610
f 3034//3034 2610//2610 3035//3035
f 3035//3035 2610//2610 2612//2612
f 3035//3035 2612//2612 3036//3036
f 3036//3036 2612//2612 2614//2614
f 3036//3036 2614//2614 3037//3037
f 3037//3037 2614//2614 2616//2616
f 3037//3037 2616//2616 3038//3038
f 3038//3038 2616//2616 2618//2618
f 3038//3038 2618//2618 3039//3039
f 3039//3039 2618//2618 2598//2598
f 3039//3039 3040//3040 3038//3038
f 3038//3038 3040//3040 3041//3041
f 3038//3038 3041//3041 3037//3037
f 3037//3037 3041//3041 3042//3042
f 3037//3037 3042//3042 3036//3036
f 3036//3036 3042//3042 3043//3043
f 3036//3036 3043//3043 3035//3035
f 3035//3035 3043//3043 3044//3044
f 3035//3035 3044//3044 3034//3034
f 3034//3034 3044//3044 3045//3045
f 3034//3034 3045//3045 3033//3033
f 3033//3033 3045//3045 3046//3046
f 3033//3033 3046//3046 3032//3032
f 3032//3032 3046//3046 3047//3047
f 3032//3032 3047//3047 3031//3031
f 3031//3031 3047//3047 3030//3030
f 3040//3040 3048//3048 3041//3041
f 3041//3041 3048//3048 3049//3049
f 3041//3041 3049//3049 3042//3042
f 3042//3042 3049//3049 3050//3050
f 3042//3042 3050//3050 3043//3043
f 3043//3043 3050//3050 3051//3051
f 3043//3043 3051//3051 3044//3044
f 3044//3044 3051//3051 3052//3052
f 3044//3044 3052//3052 3045//3045
f 3045//3045 3052//3052 3053//3053
f 3045//3045 3053//3053 3046//3046
f 3046//3046 3053//3053 3054//3054
f 3046//3046 3054//3054 3047//3047
f 3047//3047 3054//3054 3055//3055
f 3047//3047 3055//3055 3030//3030
f 3030//3030 3055//3055 3029//3029
f 3048//3048 2543//2543 3049//3049
f 3049//3049 2543//2543 2542//2542
f 3049//3049 2542//2542 3050//3050
f 3050//3050 2542//2542 2540//2540
f 3050//3050 2540//2540 3051//3051
f 3051//3051 2540//2540 2539//2539
f 3051//3051 2539//2539 3052//3052
f 3052//3052 2539//2539 2537//2537
f 3052//3052 2537//2537 3053//3053
f 3053//3053 2537//2537 2536//2536
f 3053//3053 2536//2536 3054//3054
f 3054//3054 2536//2536 2534//2534
f 3054//3054 2534//2534 3055//3055
f 3055//3055 2534//2534 2530//2530
f 3055//3055 2530//2530 3029//3029
f 2544//2544 2543//2543 3056//3056
f 3056//3056 2543//2543 3057//3057
f 3057//3057 2543//2543 3048//3048
f 3057//3057 3048//3048 3058//3058
f 3058//3058 3048//3048 3040//3040
f 3058//3058 3040//3040 3059//3059
f 3059//3059 3040//3040 3039//3039
f 3059//3059 3039//3039 3060//3060
f 3060//3060 3039//3039 2598//2598
f 3060//3060 2598//2598 2600//2600
f 1878//1878 1877//1877 3061//3061
f 3061//3061 1877//1877 3062//3062
f 3061//3061 3062//3062 3063//3063
f 3063//3063 3062//3062 3064//3064
f 3063//3063 3064//3064 3065//3065
f 3065//3065 3064//3064 3066//3066
f 3065//3065 3066//3066 3067//3067
f 3067//3067 3066//3066 3068//3068
f 3067//3067 3068//3068 3069//3069
f 3069//3069 3068//3068 3070//3070
f 3069//3069 3070//3070 3071//3071
f 3071//3071 3070//3070 3072//3072
f 3071//3071 3072//3072 3073//3073
f 3073//3073 3072//3072 3074//3074
f 3073//3073 3074//3074 3075//3075
f 3075//3075 3074//3074 2756//2756
f 3075//3075 2756//2756 2758//2758
f 1877//1877 1875//1875 3062//3062
f 3062//3062 1875//1875 3076//3076
f 3062//3062 3076//3076 3077//3077
f 3077//3077 3076//3076 3078//3078
f 3077//3077 3078//3078 3079//3079
f 3079//3079 3078//3078 3080//3080
f 3079//3079 3080//3080 3081//3081
f 3081//3081 3080//3080 3082//3082
f 3081//3081 3082//3082 3083//3083
f 3083//3083 3082//3082 1881//1881
f 3083//3083 1881//1881 3084//3084
f 3084//3084 1881//1881 1880//1880
f 3084//3084 1880//1880 3085//3085
f 3085//3085 1880//1880 2751//2751
f 3085//3085 2751//2751 3086//3086
f 3086//3086 2751//2751 2752//2752
f 3086//3086 2752//2752 3087//3087
f 3087//3087 2752//2752 2753//2753
f 3087//3087 2753//2753 3088//3088
f 3088//3088 2753//2753 2755//2755
f 3088//3088 2755//2755 3074//3074
f 3074//3074 2755//2755 2756//2756
f 1875//1875 1873//1873 3076//3076
f 3076//3076 1873//1873 3089//3089
f 3076//3076 3089//3089 3078//3078
f 3078//3078 3089//3089 3090//3090
f 3078//3078 3090//3090 3080//3080
f 3080//3080 3090//3090 3091//3091
f 3080//3080 3091//3091 3082//3082
f 3082//3082 3091//3091 1882//1882
f 3082//3082 1882//1882 1881//1881
f 1873//1873 1872//1872 3089//3089
f 3089//3089 1872//1872 3092//3092
f 3089//3089 3092//3092 3090//3090
f 3090//3090 3092//3092 3093//3093
f 3090//3090 3093//3093 3091//3091
f 3091//3091 3093//3093 1882//1882
f 1872//1872 1870//1870 3092//3092
f 3092//3092 1870//1870 3094//3094
f 3092//3092 3094//3094 3093//3093
f 3093//3093 3094//3094 1882//1882
f 1870//1870 1868//1868 3094//3094
f 3094//3094 1868//1868 1867//1867
f 3094//3094 1867//1867 1882//1882
f 3075//3075 2758//2758 3095//3095
f 3095//3095 2758//2758 2759//2759
f 3095//3095 2759//2759 3096//3096
f 3096//3096 2759//2759 2760//2760
f 3096//3096 2760//2760 3097//3097
f 3097//3097 2760//2760 2761//2761
f 3097//3097 2761//2761 3098//3098
f 3098//3098 2761//2761 3099//3099
f 3098//3098 3099//3099 3100//3100
f 3100//3100 3099//3099 3101//3101
f 3100//3100 3101//3101 3102//3102
f 3102//3102 3101//3101 3103//3103
f 3102//3102 3103//3103 3104//3104
f 3104//3104 3103//3103 3105//3105
f 3104//3104 3105//3105 3106//3106
f 3106//3106 3105//3105 3107//3107
f 3106//3106 3107//3107 3108//3108
f 3108//3108 3107//3107 3109//3109
f 3108//3108 3109//3109 3110//3110
f 3110//3110 3109//3109 3111//3111
f 3110//3110 3111//3111 1394//1394
f 1394//1394 3111//3111 1396//1396
f 1396//1396 3111//3111 3112//3112
f 1396//1396 3112//3112 3113//3113
f 3113//3113 3112//3112 3114//3114
f 3113//3113 3114//3114 3115//3115
f 3115//3115 3114//3114 3116//3116
f 3115//3115 3116//3116 3117//3117
f 3117//3117 3116//3116 3118//3118
f 3117//3117 3118//3118 3119//3119
f 3119//3119 3118//3118 3120//3120
f 3119//3119 3120//3120 3121//3121
f 3121//3121 3120//3120 3122//3122
f 3121//3121 3122//3122 3123//3123
f 3123//3123 3122//3122 3124//3124
f 3123//3123 3124//3124 3125//3125
f 3125//3125 3124//3124 2770//2770
f 3125//3125 2770//2770 2552//2552
f 2761//2761 2762//2762 3099//3099
f 3099//3099 2762//2762 3126//3126
f 3099//3099 3126//3126 3101//3101
f 3101//3101 3126//3126 3127//3127
f 3101//3101 3127//3127 3103//3103
f 3103//3103 3127//3127 3128//3128
f 3103//3103 3128//3128 3105//3105
f 3105//3105 3128//3128 3129//3129
f 3105//3105 3129//3129 3107//3107
f 3107//3107 3129//3129 3130//3130
f 3107//3107 3130//3130 3109//3109
f 3109//3109 3130//3130 3131//3131
f 3109//3109 3131//3131 3111//3111
f 3111//3111 3131//3131 3112//3112
f 3126//3126 2762//2762 3132//3132
f 3132//3132 2762//2762 2764//2764
f 3132//3132 2764//2764 3133//3133
f 3133//3133 2764//2764 2766//2766
f 3133//3133 2766//2766 3134//3134
f 3134//3134 2766//2766 2767//2767
f 3134//3134 2767//2767 3135//3135
f 3135//3135 2767//2767 2769//2769
f 3135//3135 2769//2769 3136//3136
f 3136//3136 2769//2769 2770//2770
f 3136//3136 2770//2770 3124//3124
f 2551//2551 3137//3137 2552//2552
f 2552//2552 3137//3137 3138//3138
f 2552//2552 3138//3138 3139//3139
f 3139//3139 3138//3138 3140//3140
f 3139//3139 3140//3140 3141//3141
f 3141//3141 3140//3140 3142//3142
f 3141//3141 3142//3142 3143//3143
f 3143//3143 3142//3142 3144//3144
f 3143//3143 3144//3144 3145//3145
f 3145//3145 3144//3144 3146//3146
f 3145//3145 3146//3146 3147//3147
f 3147//3147 3146//3146 3148//3148
f 3147//3147 3148//3148 3149//3149
f 3149//3149 3148//3148 3150//3150
f 3149//3149 3150//3150 3151//3151
f 3151//3151 3150//3150 1396//1396
f 3151//3151 1396//1396 3113//3113
f 2551//2551 2550//2550 3137//3137
f 3137//3137 2550//2550 3152//3152
f 3137//3137 3152//3152 3153//3153
f 3153//3153 3152//3152 3057//3057
f 3153//3153 3057//3057 3058//3058
f 2550//2550 2548//2548 3152//3152
f 3152//3152 2548//2548 3057//3057
f 2544//2544 3056//3056 2548//2548
f 2548//2548 3056//3056 3057//3057
f 3153//3153 3058//3058 3154//3154
f 3154//3154 3058//3058 3059//3059
f 3154//3154 3059//3059 3060//3060
f 2600//2600 3155//3155 3060//3060
f 3060//3060 3155//3155 3156//3156
f 3060//3060 3156//3156 3157//3157
f 3157//3157 3156//3156 3142//3142
f 3157//3157 3142//3142 3140//3140
f 2599//2599 3158//3158 2600//2600
f 2600//2600 3158//3158 3159//3159
f 2600//2600 3159//3159 3156//3156
f 3156//3156 3159//3159 3144//3144
f 3156//3156 3144//3144 3142//3142
f 2601//2601 3160//3160 2599//2599
f 2599//2599 3160//3160 3161//3161
f 2599//2599 3161//3161 3159//3159
f 3159//3159 3161//3161 3146//3146
f 3159//3159 3146//3146 3144//3144
f 3160//3160 2601//2601 3162//3162
f 3162//3162 2601//2601 1399//1399
f 3162//3162 1399//1399 1396//1396
f 1394//1394 1393//1393 3110//3110
f 3110//3110 1393//1393 3163//3163
f 3110//3110 3163//3163 3108//3108
f 3108//3108 3163//3163 3164//3164
f 3108//3108 3164//3164 3106//3106
f 3106//3106 3164//3164 3165//3165
f 3106//3106 3165//3165 3104//3104
f 3104//3104 3165//3165 3166//3166
f 3104//3104 3166//3166 3102//3102
f 3102//3102 3166//3166 3167//3167
f 3102//3102 3167//3167 3100//3100
f 3100//3100 3167//3167 3168//3168
f 3100//3100 3168//3168 3098//3098
f 3098//3098 3168//3168 3097//3097
f 1393//1393 1391//1391 3163//3163
f 3163//3163 1391//1391 3169//3169
f 3163//3163 3169//3169 3164//3164
f 3164//3164 3169//3169 3170//3170
f 3164//3164 3170//3170 3165//3165
f 3165//3165 3170//3170 3171//3171
f 3165//3165 3171//3171 3166//3166
f 3166//3166 3171//3171 3172//3172
f 3166//3166 3172//3172 3167//3167
f 3167//3167 3172//3172 3173//3173
f 3167//3167 3173//3173 3168//3168
f 3168//3168 3173//3173 3174//3174
f 3168//3168 3174//3174 3097//3097
f 3097//3097 3174//3174 3096//3096
f 1391//1391 1389//1389 3169//3169
f 3169//3169 1389//1389 3175//3175
f 3169//3169 3175//3175 3170//3170
f 3170//3170 3175//3175 3176//3176
f 3170//3170 3176//3176 3171//3171
f 3171//3171 3176//3176 3177//3177
f 3171//3171 3177//3177 3172//3172
f 3172//3172 3177//3177 3178//3178
f 3172//3172 3178//3178 3173//3173
f 3173//3173 3178//3178 3179//3179
f 3173//3173 3179//3179 3174//3174
f 3174//3174 3179//3179 3180//3180
f 3174//3174 3180//3180 3096//3096
f 3096//3096 3180//3180 3095//3095
f 1389//1389 1386//1386 3175//3175
f 3175//3175 1386//1386 3181//3181
f 3175//3175 3181//3181 3176//3176
f 3176//3176 3181//3181 3182//3182
f 3176//3176 3182//3182 3177//3177
f 3177//3177 3182//3182 3183//3183
f 3177//3177 3183//3183 3178//3178
f 3178//3178 3183//3183 3184//3184
f 3178//3178 3184//3184 3179//3179
f 3179//3179 3184//3184 3185//3185
f 3179//3179 3185//3185 3180//3180
f 3180//3180 3185//3185 3186//3186
f 3180//3180 3186//3186 3095//3095
f 3095//3095 3186//3186 3075//3075
f 3181//3181 1386//1386 3187//3187
f 3187//3187 1386//1386 1384//1384
f 3187//3187 1384//1384 3188//3188
f 3188//3188 1384//1384 3189//3189
f 3188//3188 3189//3189 3190//3190
f 3190//3190 3189//3189 3191//3191
f 3190//3190 3191//3191 3192//3192
f 3192//3192 3191//3191 3193//3193
f 3192//3192 3193//3193 3194//3194
f 3194//3194 3193//3193 3069//3069
f 3194//3194 3069//3069 3071//3071
f 1384//1384 1383//1383 3189//3189
f 3189//3189 1383//1383 3195//3195
f 3189//3189 3195//3195 3191//3191
f 3191//3191 3195//3195 3196//3196
f 3191//3191 3196//3196 3193//3193
f 3193//3193 3196//3196 3067//3067
f 3193//3193 3067//3067 3069//3069
f 3195//3195 1383//1383 3197//3197
f 3197//3197 1383//1383 1379//1379
f 3197//3197 1379//1379 3063//3063
f 3063//3063 1379//1379 3061//3061
f 1379//1379 1378//1378 3061//3061
f 3125//3125 2552//2552 3139//3139
f 1396//1396 3198//3198 3162//3162
f 3162//3162 3198//3198 3161//3161
f 3162//3162 3161//3161 3160//3160
f 3062//3062 3077//3077 3064//3064
f 3064//3064 3077//3077 3199//3199
f 3064//3064 3199//3199 3066//3066
f 3066//3066 3199//3199 3200//3200
f 3066//3066 3200//3200 3068//3068
f 3068//3068 3200//3200 3201//3201
f 3068//3068 3201//3201 3070//3070
f 3070//3070 3201//3201 3202//3202
f 3070//3070 3202//3202 3072//3072
f 3072//3072 3202//3202 3088//3088
f 3072//3072 3088//3088 3074//3074
f 3075//3075 3186//3186 3073//3073
f 3073//3073 3186//3186 3203//3203
f 3073//3073 3203//3203 3071//3071
f 3071//3071 3203//3203 3194//3194
f 3197//3197 3063//3063 3065//3065
f 3197//3197 3065//3065 3196//3196
f 3196//3196 3065//3065 3067//3067
f 3077//3077 3079//3079 3199//3199
f 3199//3199 3079//3079 3204//3204
f 3199//3199 3204//3204 3200//3200
f 3200//3200 3204//3204 3205//3205
f 3200//3200 3205//3205 3201//3201
f 3201//3201 3205//3205 3206//3206
f 3201//3201 3206//3206 3202//3202
f 3202//3202 3206//3206 3087//3087
f 3202//3202 3087//3087 3088//3088
f 3079//3079 3081//3081 3204//3204
f 3204//3204 3081//3081 3207//3207
f 3204//3204 3207//3207 3205//3205
f 3205//3205 3207//3207 3208//3208
f 3205//3205 3208//3208 3206//3206
f 3206//3206 3208//3208 3086//3086
f 3206//3206 3086//3086 3087//3087
f 3081//3081 3083//3083 3207//3207
f 3207//3207 3083//3083 3084//3084
f 3207//3207 3084//3084 3208//3208
f 3208//3208 3084//3084 3085//3085
f 3208//3208 3085//3085 3086//3086
f 3186//3186 3185//3185 3203//3203
f 3203//3203 3185//3185 3209//3209
f 3203//3203 3209//3209 3194//3194
f 3194//3194 3209//3209 3192//3192
f 3195//3195 3197//3197 3196//3196
f 3185//3185 3184//3184 3209//3209
f 3209//3209 3184//3184 3210//3210
f 3209//3209 3210//3210 3192//3192
f 3192//3192 3210//3210 3190//3190
f 3184//3184 3183//3183 3210//3210
f 3210//3210 3183//3183 3211//3211
f 3210//3210 3211//3211 3190//3190
f 3190//3190 3211//3211 3188//3188
f 3211//3211 3183//3183 3182//3182
f 3188//3188 3211//3211 3187//3187
f 3187//3187 3211//3211 3182//3182
f 3187//3187 3182//3182 3181//3181
f 3126//3126 3132//3132 3127//3127
f 3127//3127 3132//3132 3212//3212
f 3127//3127 3212//3212 3128//3128
f 3128//3128 3212//3212 3213//3213
f 3128//3128 3213//3213 3129//3129
f 3129//3129 3213//3213 3214//3214
f 3129//3129 3214//3214 3130//3130
f 3130//3130 3214//3214 3215//3215
f 3130//3130 3215//3215 3131//3131
f 3131//3131 3215//3215 3114//3114
f 3131//3131 3114//3114 3112//3112
f 3132//3132 3133//3133 3212//3212
f 3212//3212 3133//3133 3216//3216
f 3212//3212 3216//3216 3213//3213
f 3213//3213 3216//3216 3217//3217
f 3213//3213 3217//3217 3214//3214
f 3214//3214 3217//3217 3218//3218
f 3214//3214 3218//3218 3215//3215
f 3215//3215 3218//3218 3116//3116
f 3215//3215 3116//3116 3114//3114
f 3133//3133 3134//3134 3216//3216
f 3216//3216 3134//3134 3219//3219
f 3216//3216 3219//3219 3217//3217
f 3217//3217 3219//3219 3220//3220
f 3217//3217 3220//3220 3218//3218
f 3218//3218 3220//3220 3118//3118
f 3218//3218 3118//3118 3116//3116
f 3219//3219 3134//3134 3135//3135
f 3219//3219 3135//3135 3221//3221
f 3221//3221 3135//3135 3136//3136
f 3221//3221 3136//3136 3122//3122
f 3122//3122 3136//3136 3124//3124
f 3219//3219 3221//3221 3220//3220
f 3220//3220 3221//3221 3120//3120
f 3220//3220 3120//3120 3118//3118
f 3120//3120 3221//3221 3122//3122
f 3139//3139 3141//3141 3125//3125
f 3125//3125 3141//3141 3123//3123
f 3141//3141 3143//3143 3123//3123
f 3123//3123 3143//3143 3121//3121
f 3143//3143 3145//3145 3121//3121
f 3121//3121 3145//3145 3119//3119
f 3145//3145 3147//3147 3119//3119
f 3119//3119 3147//3147 3117//3117
f 3151//3151 3113//3113 3115//3115
f 3147//3147 3149//3149 3117//3117
f 3117//3117 3149//3149 3115//3115
f 3198//3198 1396//1396 3150//3150
f 3149//3149 3151//3151 3115//3115
f 3161//3161 3198//3198 3148//3148
f 3148//3148 3198//3198 3150//3150
f 3148//3148 3146//3146 3161//3161
f 3140//3140 3138//3138 3222//3222
f 3222//3222 3138//3138 3137//3137
f 3222//3222 3137//3137 3153//3153
f 3140//3140 3222//3222 3157//3157
f 3157//3157 3222//3222 3154//3154
f 3157//3157 3154//3154 3060//3060
f 3154//3154 3222//3222 3153//3153
f 3155//3155 2600//2600 3156//3156
f 3158//3158 2599//2599 3159//3159
f 2683//2683 3223//3223 2593//2593
f 2593//2593 3223//3223 3028//3028
f 2593//2593 3028//3028 2527//2527
f 3223//3223 2683//2683 3224//3224
f 3224//3224 2683//2683 2684//2684
f 3224//3224 2684//2684 3225//3225
f 3225//3225 2684//2684 2685//2685
f 3225//3225 2685//2685 3226//3226
f 3226//3226 2685//2685 2686//2686
f 3226//3226 2686//2686 3227//3227
f 3227//3227 2686//2686 2687//2687
f 3227//3227 2687//2687 2688//2688
f 3227//3227 2688//2688 3228//3228
f 3228//3228 2688//2688 2689//2689
f 3228//3228 2689//2689 3229//3229
f 3229//3229 2689//2689 2523//2523
f 3229//3229 2523//2523 2520//2520
f 2520//2520 2522//2522 3229//3229
f 3229//3229 2522//2522 2624//2624
f 3229//3229 2624//2624 2622//2622
f 3229//3229 2622//2622 3228//3228
f 3228//3228 2622//2622 2621//2621
f 3228//3228 2621//2621 3227//3227
f 3227//3227 2621//2621 2623//2623
f 3227//3227 2623//2623 3226//3226
f 3226//3226 2623//2623 3023//3023
f 3226//3226 3023//3023 3225//3225
f 3225//3225 3023//3023 3025//3025
f 3225//3225 3025//3025 3224//3224
f 3224//3224 3025//3025 3027//3027
f 3224//3224 3027//3027 3223//3223
f 3223//3223 3027//3027 3028//3028
f 1334//1334 1441//1441 1337//1337
f 1337//1337 1441//1441 2016//2016
f 2016//2016 1441//1441 1442//1442
f 2016//2016 1442//1442 2020//2020
f 2020//2020 1442//1442 1444//1444
f 2020//2020 1444//1444 2027//2027
f 2027//2027 1444//1444 1445//1445
f 2027//2027 1445//1445 2029//2029
f 2029//2029 1445//1445 1446//1446
f 2029//2029 1446//1446 1447//1447
f 2029//2029 1447//1447 2028//2028
f 2028//2028 1447//1447 1448//1448
f 2028//2028 1448//1448 1449//1449
f 2028//2028 1449//1449 2026//2026
f 2026//2026 1449//1449 1450//1450
f 2026//2026 1450//1450 2021//2021
f 2021//2021 1450//1450 1451//1451
f 2021//2021 1451//1451 2022//2022
f 2022//2022 1451//1451 1453//1453
f 2022//2022 1453//1453 1932//1932
f 1932//1932 1453//1453 1454//1454
f 1484//1484 1482//1482 2033//2033
f 2033//2033 1482//1482 2034//2034
f 2034//2034 1482//1482 1481//1481
f 2034//2034 1481//1481 2038//2038
f 2038//2038 1481//1481 1480//1480
f 2038//2038 1480//1480 2040//2040
f 2040//2040 1480//1480 1479//1479
f 2040//2040 1479//1479 2042//2042
f 2042//2042 1479//1479 1478//1478
f 2042//2042 1478//1478 1477//1477
f 2042//2042 1477//1477 2043//2043
f 2043//2043 1477//1477 1476//1476
f 2043//2043 1476//1476 1475//1475
f 2043//2043 1475//1475 2041//2041
f 2041//2041 1475//1475 1473//1473
f 2041//2041 1473//1473 2039//2039
f 2039//2039 1473//1473 1472//1472
f 2039//2039 1472//1472 2037//2037
f 2037//2037 1472//1472 1471//1471
f 2037//2037 1471//1471 1519//1519
f 1519//1519 1471//1471 1470//1470
f 2024//2024 3230//3230 2023//2023
f 2023//2023 3230//3230 3231//3231
f 2023//2023 3231//3231 2017//2017
f 2017//2017 3231//3231 3232//3232
f 2017//2017 3232//3232 2018//2018
f 2018//2018 3232//3232 3233//3233
f 2018//2018 3233//3233 2019//2019
f 2019//2019 3233//3233 3234//3234
f 2019//2019 3234//3234 2015//2015
f 2015//2015 3234//3234 3235//3235
f 2015//2015 3235//3235 2046//2046
f 2046//2046 3235//3235 3236//3236
f 2046//2046 3236//3236 2045//2045
f 2045//2045 3236//3236 3237//3237
f 2045//2045 3237//3237 2044//2044
f 2044//2044 3237//3237 3238//3238
f 2044//2044 3238//3238 2035//2035
f 2035//2035 3238//3238 3239//3239
f 2035//2035 3239//3239 2036//2036
f 2036//2036 3239//3239 3240//3240
f 2036//2036 3240//3240 2032//2032
f 2032//2032 3240//3240 3241//3241
f 2032//2032 3241//3241 2031//2031
f 2031//2031 3241//3241 3242//3242
f 2031//2031 3242//3242 2030//2030
f 2030//2030 3242//3242 3243//3243
f 2030//2030 3243//3243 2025//2025
f 2025//2025 3243//3243 3244//3244
f 2025//2025 3244//3244 2024//2024
f 2024//2024 3244//3244 3230//3230
f 1241//1241 3243//3243 1238//1238
f 1238//1238 3243//3243 3242//3242
f 1238//1238 3242//3242 1218//1218
f 1218//1218 3242//3242 3241//3241
f 1218//1218 3241//3241 1220//1220
f 1220//1220 3241//3241 3240//3240
f 1220//1220 3240//3240 1223//1223
f 1223//1223 3240//3240 3239//3239
f 1223//1223 3239//3239 1226//1226
f 1226//1226 3239//3239 1228//1228
f 1228//1228 3239//3239 3238//3238
f 1228//1228 3238//3238 1231//1231
f 1231//1231 3238//3238 3237//3237
f 1231//1231 3237//3237 1234//1234
f 1234//1234 3237//3237 3236//3236
f 1234//1234 3236//3236 1267//1267
f 1267//1267 3236//3236 1265//1265
f 1265//1265 3236//3236 3235//3235
f 1265//1265 3235//3235 1263//1263
f 1263//1263 3235//3235 3234//3234
f 1263//1263 3234//3234 1261//1261
f 1261//1261 3234//3234 3233//3233
f 1261//1261 3233//3233 1257//1257
f 1257//1257 3233//3233 3232//3232
f 1257//1257 3232//3232 1254//1254
f 1254//1254 3232//3232 1251//1251
f 1251//1251 3232//3232 3231//3231
f 1251//1251 3231//3231 1249//1249
f 1249//1249 3231//3231 3230//3230
f 1249//1249 3230//3230 1246//1246
f 1246//1246 3230//3230 3244//3244
f 1246//1246 3244//3244 1243//1243
f 1243//1243 3244//3244 3243//3243
f 1243//1243 3243//3243 1241//1241
f 1429//1429 1427//1427 1603//1603
f 1603//1603 1427//1427 1601//1601
f 1601//1601 1427//1427 1426//1426
f 1601//1601 1426//1426 1600//1600
f 1600//1600 1426//1426 1599//1599
f 1599//1599 1426//1426 1425//1425
f 1599//1599 1425//1425 1313//1313
f 1313//1313 1425//1425 1423//1423
f 1313//1313 1423//1423 2013//2013
f 2013//2013 1423//1423 1421//1421
f 2013//2013 1421//1421 2014//2014
f 2014//2014 1421//1421 1419//1419
f 2014//2014 1419//1419 1514//1514
f 1514//1514 1419//1419 1418//1418
f 1514//1514 1418//1418 1538//1538
f 1538//1538 1418//1418 1633//1633
f 1633//1633 1418//1418 1416//1416
f 1633//1633 1416//1416 1634//1634
f 1634//1634 1416//1416 1414//1414
f 1634//1634 1414//1414 1635//1635
f 1635//1635 1414//1414 1413//1413
f 1635//1635 1413//1413 1637//1637
f 1313//1313 1321//1321 1599//1599
f 1377//1377 1623//1623 2335//2335
f 2335//2335 1623//1623 1622//1622
f 2335//2335 1622//1622 3245//3245
f 3245//3245 1622//1622 1620//1620
f 3245//3245 1620//1620 1618//1618
f 1377//1377 1375//1375 1623//1623
f 1623//1623 1375//1375 1625//1625
f 1625//1625 1375//1375 1407//1407
f 1407//1407 1375//1375 1373//1373
f 1407//1407 1373//1373 1408//1408
f 1408//1408 1373//1373 1370//1370
f 1408//1408 1370//1370 1367//1367
f 3245//3245 1618//1618 3246//3246
f 3246//3246 1618//1618 1617//1617
f 3246//3246 1617//1617 1615//1615
f 3246//3246 1615//1615 3247//3247
f 3247//3247 1615//1615 1614//1614
f 3247//3247 1614//1614 1612//1612
f 3247//3247 1612//1612 3248//3248
f 3248//3248 1612//1612 1611//1611
f 3248//3248 1611//1611 1610//1610
f 3248//3248 1610//1610 3249//3249
f 3249//3249 1610//1610 1608//1608
f 3249//3249 1608//1608 3250//3250
f 3250//3250 1608//1608 1607//1607
f 3250//3250 1607//1607 1606//1606
f 3250//3250 1606//1606 3251//3251
f 3251//3251 1606//1606 1605//1605
f 3251//3251 1605//1605 1589//1589
f 3251//3251 1589//1589 3252//3252
f 3252//3252 1589//1589 1588//1588
f 3252//3252 1588//1588 1587//1587
f 3252//3252 1587//1587 3253//3253
f 3253//3253 1587//1587 1586//1586
f 3253//3253 1586//1586 1584//1584
f 3253//3253 1584//1584 3254//3254
f 3254//3254 1584//1584 1583//1583
f 3254//3254 1583//1583 3255//3255
f 3255//3255 1583//1583 1582//1582
f 3255//3255 1582//1582 1580//1580
f 3255//3255 1580//1580 3256//3256
f 3256//3256 1580//1580 1579//1579
f 3256//3256 1579//1579 1577//1577
f 3256//3256 1577//1577 3257//3257
f 3257//3257 1577//1577 1576//1576
f 3257//3257 1576//1576 1574//1574
f 3257//3257 1574//1574 3258//3258
f 3258//3258 1574//1574 1572//1572
f 3258//3258 1572//1572 1571//1571
f 3258//3258 1571//1571 3061//3061
f 3061//3061 1571//1571 1569//1569
f 3061//3061 1569//1569 1878//1878
f 1878//1878 1569//1569 1566//1566
f 1878//1878 1566//1566 1876//1876
f 1876//1876 1566//1566 1565//1565
f 1876//1876 1565//1565 1874//1874
f 1874//1874 1565//1565 1879//1879
f 1874//1874 1879//1879 1871//1871
f 1871//1871 1879//1879 1869//1869
f 2335//2335 3245//3245 1380//1380
f 1380//1380 3245//3245 3258//3258
f 1380//1380 3258//3258 1378//1378
f 1378//1378 3258//3258 3061//3061
f 3258//3258 3245//3245 3257//3257
f 3257//3257 3245//3245 3246//3246
f 3257//3257 3246//3246 3256//3256
f 3256//3256 3246//3246 3247//3247
f 3256//3256 3247//3247 3255//3255
f 3255//3255 3247//3247 3248//3248
f 3255//3255 3248//3248 3254//3254
f 3254//3254 3248//3248 3249//3249
f 3254//3254 3249//3249 3253//3253
f 3253//3253 3249//3249 3250//3250
f 3253//3253 3250//3250 3252//3252
f 3252//3252 3250//3250 3251//3251
# 6560 faces, 0 coords texture

# End of File
