####
#
# OBJ File Generated by Meshlab
#
####
# Object thumb_plp_1.obj
#
# Vertices: 2756
# Faces: 5556
#
####
mtllib ./thumb_plp_1.obj.mtl

vn -1.187639 3.756461 -1.636111
v 49.008961 71.789757 303.546967
vn 3.844574 0.836974 -1.648367
v 51.603867 70.284294 303.540649
vn -1.414593 3.367600 -2.203718
v 48.645256 71.166672 302.637421
vn 3.617573 0.448135 -2.215970
v 51.240162 69.661209 302.631104
vn -1.700969 2.875877 -2.652210
v 48.186401 70.378777 301.918793
vn 3.331204 -0.043596 -2.664450
v 50.781307 68.873314 301.912476
vn -2.031276 2.307817 -2.957392
v 47.657131 69.468544 301.429810
vn 3.000892 -0.611655 -2.969624
v 50.252037 67.963081 301.423492
vn -2.387739 1.694085 -3.102758
v 47.085979 68.485054 301.196838
vn 2.644502 -1.225424 -3.115008
v 49.680885 66.979584 301.190521
vn -2.751042 1.067684 -3.080579
v 46.503738 67.481316 301.232391
vn 2.281114 -1.851776 -3.092804
v 49.098644 65.975853 301.226074
vn -3.101763 0.462387 -2.891958
v 45.941795 66.511452 301.534607
vn 1.930405 -2.457071 -2.904168
v 48.536701 65.005981 301.528290
vn -3.420896 -0.089102 -2.547105
v 45.430443 65.627739 302.087189
vn 1.611299 -3.008605 -2.559383
v 48.025349 64.122276 302.080872
vn -3.691225 -0.557079 -2.064629
v 44.997253 64.877823 302.860321
vn 1.340968 -3.476575 -2.076896
v 47.592159 63.372356 302.854004
vn -3.898194 -0.916355 -1.470508
v 44.665577 64.302132 303.812317
vn 1.133964 -3.835831 -1.482757
v 47.260483 62.796665 303.806000
vn -4.030686 -1.147523 -0.796771
v 44.453293 63.931698 304.891907
vn 1.001512 -4.067001 -0.809015
v 47.048203 62.426231 304.885590
vn -4.081512 -1.238157 -0.079773
v 44.371849 63.786495 306.040833
vn 0.950664 -4.157644 -0.092020
v 46.966755 62.281033 306.034515
vn -4.047964 -1.183342 0.641876
v 44.425636 63.874352 307.197174
vn 0.984240 -4.102796 0.629613
v 47.020542 62.368885 307.190857
vn -3.931802 -0.986019 1.329251
v 44.611752 64.190529 308.298615
vn 1.100383 -3.905472 1.316990
v 47.206657 62.685062 308.292297
vn -3.739334 -0.656853 1.945303
v 44.920162 64.717979 309.285736
vn 1.292863 -3.576310 1.933040
v 47.515068 63.212517 309.279419
vn -3.480940 -0.213570 2.456772
v 45.334240 65.428276 310.105347
vn 1.551275 -3.133071 2.444526
v 47.929146 63.922810 310.099030
vn -3.170473 0.319885 2.836168
v 45.831669 66.283119 310.713287
vn 1.861674 -2.599561 2.823912
v 48.426575 64.777657 310.706970
vn -2.824800 0.914851 3.062983
v 46.385624 67.236427 311.076721
vn 2.207419 -2.004661 3.050754
v 48.980530 65.730965 311.070404
vn -2.462431 1.539118 3.125009
v 46.966248 68.236801 311.176117
vn 2.569730 -1.380345 3.112745
v 49.561153 66.731339 311.169800
vn -2.102944 2.159181 3.018857
v 47.542233 69.230324 311.006073
vn 2.929205 -0.760269 3.006613
v 50.137142 67.724861 310.999756
vn -1.765791 2.741531 2.750336
v 48.082535 70.163422 310.575745
vn 3.266429 -0.177974 2.738080
v 50.677441 68.657959 310.569427
vn -1.469062 3.254705 2.333868
v 48.558018 70.985794 309.908386
vn 3.563122 0.335213 2.321608
v 51.152927 69.480331 309.902069
vn -1.228775 3.671137 1.791891
v 48.943054 71.653114 309.039948
vn 3.803416 0.751688 1.779653
v 51.537964 70.147652 309.033630
vn -1.057870 3.968411 1.153661
v 49.216888 72.129395 308.017242
vn 3.974316 1.048918 1.141410
v 51.811794 70.623932 308.010925
vn -0.965605 4.130370 0.453562
v 49.364750 72.388969 306.895416
vn 4.066592 1.210924 0.441305
v 51.959656 70.883507 306.889099
vn -0.956907 4.148401 -0.270673
v 49.378674 72.417839 305.734924
vn 4.075276 1.228930 -0.282922
v 51.973579 70.912376 305.728607
vn -1.032272 4.021477 -0.979987
v 49.257908 72.214447 304.598358
vn 3.999915 1.102007 -0.992234
v 51.852814 70.708984 304.592041
vn -4.027375 -0.208974 2.215791
v 48.504055 70.922104 302.920715
vn -3.728939 0.302899 2.678546
v 48.064220 70.166840 302.238190
vn -3.384093 0.896023 2.986023
v 47.555576 69.292015 301.784637
vn -3.012986 1.535870 3.120401
v 47.007687 68.348465 301.586426
vn -2.636119 2.184861 3.073832
v 46.452389 67.391037 301.655121
vn -2.276880 2.805800 2.849046
v 45.921959 66.475365 301.986664
vn -1.954657 3.362096 2.459084
v 45.447224 65.654671 302.561859
vn -1.689552 3.821882 1.926684
v 45.055771 64.976639 303.347198
vn -1.495850 4.158068 1.282624
v 44.770348 64.480682 304.297119
vn -1.385513 4.351350 0.564481
v 44.607548 64.195625 305.356354
vn -1.364748 4.390376 -0.186019
v 44.576828 64.138039 306.463348
vn -1.434637 4.272921 -0.925308
v 44.679977 64.311256 307.553802
vn -1.591216 4.005810 -1.610437
v 44.910999 64.705215 308.564331
vn -1.825662 3.604692 -2.201522
v 45.256466 65.297028 309.436218
vn -2.123553 3.092492 -2.664312
v 45.696304 66.052292 310.118744
vn -2.468429 2.499380 -2.971781
v 46.204945 66.927116 310.572296
vn -2.839873 1.859650 -3.106179
v 46.752838 67.870659 310.770477
vn -3.216656 1.210781 -3.059590
v 47.308132 68.828087 310.701813
vn -3.575955 0.589733 -2.834817
v 47.838562 69.743759 310.370239
vn -3.897878 0.033354 -2.444847
v 48.313301 70.564461 309.795074
vn -4.163286 -0.426360 -1.912403
v 48.704754 71.242485 309.009705
vn -4.356799 -0.762536 -1.268392
v 48.990173 71.738441 308.059814
vn -4.467244 -0.955796 -0.550243
v 49.152977 72.023499 307.000580
vn -4.488057 -0.994828 0.200259
v 49.183693 72.081093 305.893585
vn -4.418178 -0.877335 0.939581
v 49.080544 71.907875 304.803101
vn -4.261667 -0.610165 1.624688
v 48.849525 71.513916 303.792572
vn -3.843611 -0.852736 1.623667
v 49.055882 71.394188 303.792084
vn -3.609370 -0.451527 2.214777
v 48.710415 70.802383 302.920227
vn -3.310901 0.060387 2.677535
v 48.270576 70.047119 302.237671
vn -2.966003 0.653475 2.985019
v 47.761932 69.172295 301.784119
vn -2.594921 1.293326 3.119401
v 47.214043 68.228745 301.585938
vn -2.218072 1.942308 3.072799
v 46.658749 67.271317 301.654602
vn -1.858794 2.563263 2.848033
v 46.128319 66.355644 301.986176
vn -1.536635 3.119545 2.458071
v 45.653580 65.534950 302.561340
vn -1.271477 3.579340 1.925640
v 45.262127 64.856918 303.346710
vn -1.077840 3.915482 1.281617
v 44.976707 64.360962 304.296600
vn -0.967461 4.108770 0.563492
v 44.813904 64.075905 305.355835
vn -0.946683 4.147856 -0.187069
v 44.783188 64.018318 306.462860
vn -1.016589 4.030381 -0.926357
v 44.886337 64.191536 307.553314
vn -1.173147 3.763244 -1.611475
v 45.117355 64.585495 308.563843
vn -1.407580 3.362201 -2.202551
v 45.462826 65.177307 309.435699
vn -1.705535 2.849948 -2.665323
v 45.902660 65.932571 310.118256
vn -2.050347 2.256818 -2.972798
v 46.411304 66.807396 310.571808
vn -2.421815 1.617093 -3.107171
v 46.959194 67.750938 310.769989
vn -2.798603 0.968238 -3.060626
v 47.514492 68.708366 310.701294
vn -3.157915 0.347229 -2.835800
v 48.044922 69.624039 310.369751
vn -3.479775 -0.209184 -2.445858
v 48.519657 70.444740 309.794586
vn -3.745226 -0.668829 -1.913411
v 48.911110 71.122765 309.009216
vn -3.938722 -1.005064 -1.269418
v 49.196533 71.618721 308.059326
vn -4.049164 -1.198303 -0.551291
v 49.359333 71.903778 307.000092
vn -4.069991 -1.237365 0.199270
v 49.390053 71.961372 305.893066
vn -4.000124 -1.119912 0.938553
v 49.286903 71.788155 304.802612
vn -4.003530 4.026694 -1.466953
v 48.529285 70.488655 303.283600
vn -4.203692 3.699959 -1.757931
v 48.121445 69.788300 302.656982
vn -4.451453 3.315887 -1.944147
v 47.648579 68.974945 302.251587
vn -4.723415 2.902068 -2.008971
v 47.140408 68.099693 302.092896
vn -4.996446 2.486555 -1.949546
v 46.628853 67.217537 302.190887
vn -5.251744 2.096996 -1.770740
v 46.146061 66.383911 302.539429
vn -5.473685 1.758714 -1.485141
v 45.722370 65.651184 303.116547
vn -5.649684 1.491813 -1.112584
v 45.384399 65.065414 303.886047
vn -5.770800 1.312300 -0.676568
v 45.153385 64.663391 304.799561
vn -5.831351 1.230418 -0.204228
v 45.043842 64.470375 305.799683
vn -5.829153 1.250161 0.275573
v 45.062656 64.498512 306.823578
vn -5.765460 1.369888 0.734002
v 45.208641 64.746017 307.806885
vn -5.644864 1.582060 1.143532
v 45.472630 65.197342 308.687866
vn -5.475008 1.873441 1.479730
v 45.838028 65.824127 309.411133
vn -5.266067 2.226593 1.722459
v 46.281879 66.586998 309.931244
vn -5.030379 2.620288 1.856617
v 46.776299 67.438011 310.215515
vn -4.781714 3.030789 1.873357
v 47.290215 68.323700 310.246094
vn -4.534420 3.432983 1.770641
v 47.791340 69.188416 310.021057
vn -4.302891 3.801935 1.553166
v 48.248180 69.977814 309.554565
vn -4.100380 4.114146 1.232842
v 48.632038 70.642303 308.875885
vn -3.939021 4.348911 0.827772
v 48.918793 71.140129 308.027679
vn -3.828547 4.489911 0.362148
v 49.090424 71.440010 307.063263
vn -3.776259 4.526556 -0.134561
v 49.136150 71.523102 306.043213
vn -3.786838 4.455812 -0.628821
v 49.053097 71.384186 305.031647
vn -3.863774 4.283298 -1.084726
v 48.846481 71.031998 304.092102
vn -3.484583 4.395422 -1.127180
v 48.736355 71.027641 304.175964
vn -3.696730 4.052664 -1.644500
v 48.415714 70.478432 303.349823
vn -3.325828 4.604757 -0.529457
v 48.939072 71.373016 305.138519
vn -3.237622 4.667478 0.108150
v 49.010048 71.491020 306.171936
vn -3.230021 4.581474 0.747221
v 48.944450 71.373619 307.205780
vn -3.305774 4.352134 1.346687
v 48.746750 71.028801 308.169586
vn -3.459933 3.993501 1.865808
v 48.430416 70.480080 308.997681
vn -3.681402 3.528456 2.267910
v 48.017010 69.764832 309.633636
vn -3.953923 2.987754 2.523440
v 47.534698 68.931816 310.034088
vn -4.257458 2.407871 2.613090
v 47.016357 68.037796 310.171783
vn -4.569772 1.828739 2.529090
v 46.497311 67.143700 310.037323
vn -4.868058 1.290599 2.276271
v 46.012924 66.310448 309.639862
vn -5.130886 0.831380 1.871678
v 45.596214 65.594841 309.006470
vn -5.339127 0.482536 1.343849
v 45.275574 65.045631 308.180359
vn -5.478903 0.269153 0.729547
v 45.072857 64.700256 307.217804
vn -5.541211 0.205977 0.072188
v 45.001881 64.582253 306.184387
vn -5.522838 0.296627 -0.581944
v 45.067478 64.699654 305.150543
vn -5.426984 0.534452 -1.187087
v 45.265179 65.044472 304.186737
vn -5.262434 0.902106 -1.701545
v 45.581512 65.593193 303.358643
vn -5.042409 1.373244 -2.090739
v 45.994919 66.308441 302.722687
vn -4.784099 1.915622 -2.328916
v 46.477226 67.141457 302.322205
vn -4.505649 2.492831 -2.401171
v 46.995567 68.035477 302.184540
vn -4.222822 3.066294 -2.304682
v 47.514618 68.929573 302.319000
vn -3.948503 3.599306 -2.045939
v 47.999004 69.762825 302.716461
vn -4.052331 -0.189338 2.211361
v 48.220791 70.140808 303.740906
vn -3.712028 0.394953 2.722466
v 47.844566 69.494698 303.175781
vn -3.315552 1.077081 3.032147
v 47.406147 68.740456 302.833313
vn -2.892212 1.806382 3.117550
v 46.938049 67.934006 302.738922
vn -2.473445 2.528844 2.972231
v 46.474987 67.135170 302.899597
vn -2.090269 3.190807 2.607005
v 46.051308 66.403198 303.303436
vn -1.771142 3.743216 2.048968
v 45.698429 65.792366 303.920471
vn -1.539710 4.145127 1.339509
v 45.442524 65.347977 304.704956
vn -1.413264 4.366723 0.531219
v 45.302570 65.102997 305.598694
vn -1.400948 4.391520 -0.315918
v 45.288952 65.075592 306.535431
vn -1.503724 4.217645 -1.139092
v 45.402676 65.267799 307.445648
vn -1.714127 3.858128 -1.877236
v 45.635307 65.665352 308.261871
vn -2.016476 3.339586 -2.475647
v 45.969597 66.238770 308.923553
vn -2.388280 2.700379 -2.889899
v 46.380745 66.945534 309.381622
vn -2.801703 1.987765 -3.089349
v 46.838264 67.733215 309.602081
vn -3.227069 1.255352 -3.059050
v 47.308224 68.543404 309.568634
vn -3.631767 0.556607 -2.801400
v 47.755764 69.316002 309.283722
vn -3.986269 -0.056289 -2.335412
v 48.147694 69.993721 308.768494
vn -4.264117 -0.537940 -1.695718
v 48.454948 70.526291 308.061127
vn -4.444790 -0.852582 -0.929717
v 48.654736 70.874214 307.214142
vn -4.514793 -0.976996 -0.094211
v 48.732243 71.011681 306.290283
vn -4.469169 -0.901707 0.748776
v 48.681721 70.928513 305.358154
vn -4.311090 -0.632549 1.536787
v 48.506916 70.630859 304.486816
vn -3.838453 -0.906595 1.535570
v 48.693596 70.522552 304.486359
vn -3.579681 -0.463487 2.210163
v 48.407471 70.032501 303.740448
vn -3.239398 0.120917 2.721076
v 48.031250 69.386391 303.175323
vn -2.842972 0.802865 3.031100
v 47.592831 68.632149 302.832855
vn -2.419638 1.532213 3.116288
v 47.124733 67.825699 302.738464
vn -2.000855 2.254630 2.970986
v 46.661671 67.026863 302.899139
vn -1.617724 2.916600 2.605771
v 46.237991 66.294891 303.302979
vn -1.298484 3.469153 2.047942
v 45.885109 65.684059 303.920013
vn -1.067089 3.870975 1.338373
v 45.629204 65.239670 304.704498
vn -0.940626 4.092611 0.530096
v 45.489254 64.994698 305.598236
vn -0.928293 4.117467 -0.317072
v 45.475636 64.967293 306.534973
vn -1.031131 3.943518 -1.140247
v 45.589359 65.159492 307.445190
vn -1.241535 3.583943 -1.878384
v 45.821991 65.557045 308.261414
vn -1.543798 3.065563 -2.477031
v 46.156277 66.130470 308.923096
vn -1.915671 2.426270 -2.891176
v 46.567429 66.837227 309.381165
vn -2.329131 1.713561 -3.090329
v 47.024948 67.624908 309.601654
vn -2.754480 0.981148 -3.060277
v 47.494904 68.435097 309.568176
vn -3.159232 0.282367 -2.802695
v 47.942444 69.207703 309.283264
vn -3.513580 -0.330377 -2.336422
v 48.334377 69.885414 308.768036
vn -3.791621 -0.812197 -1.696933
v 48.641628 70.417984 308.060669
vn -3.972192 -1.126786 -0.930868
v 48.841419 70.765907 307.213684
vn -4.042173 -1.251096 -0.095348
v 48.918926 70.903381 306.289825
vn -3.996526 -1.175811 0.747617
v 48.868404 70.820206 305.357697
vn -1.854962 3.616598 -2.197042
v 48.392841 70.007164 303.769806
vn -2.195231 3.032376 -2.708340
v 48.021149 69.368835 303.211456
vn -2.591784 2.350065 -3.017689
v 47.588013 68.623672 302.873138
vn -3.015127 1.620807 -3.103254
v 47.125549 67.826935 302.779877
vn -3.433883 0.898342 -2.957930
v 46.668064 67.037720 302.938629
vn -3.817103 0.236375 -2.592712
v 46.249485 66.314560 303.337585
vn -4.136121 -0.315898 -2.034422
v 45.900856 65.711082 303.947205
vn -4.367576 -0.717870 -1.325083
v 45.648033 65.272049 304.722260
vn -4.494166 -0.939403 -0.516845
v 45.509766 65.030022 305.605225
vn -4.506423 -0.964122 0.330270
v 45.496311 65.002945 306.530670
vn -4.403635 -0.790403 1.153453
v 45.608665 65.192833 307.429932
vn -4.193261 -0.430935 1.891623
v 45.838497 65.585602 308.236328
vn -3.890973 0.087991 2.489778
v 46.168758 66.152115 308.890045
vn -3.519093 0.726921 2.904154
v 46.574959 66.850365 309.342590
vn -3.105291 1.439184 3.103824
v 47.026966 67.628563 309.560394
vn -2.680310 2.171842 3.073359
v 47.491264 68.428993 309.527344
vn -2.275617 2.870530 2.815608
v 47.933414 69.192291 309.245880
vn -1.921022 3.483670 2.349963
v 48.320625 69.861847 308.736847
vn -1.643271 3.965050 1.710015
v 48.624180 70.388000 308.037994
vn -1.462572 4.279796 0.944097
v 48.821564 70.731735 307.201202
vn -1.392461 4.404221 0.108588
v 48.898136 70.867554 306.288483
vn -1.438090 4.329008 -0.734429
v 48.848221 70.785378 305.367554
vn -1.596225 4.059887 -1.522502
v 48.675522 70.491318 304.506714
vn -1.123721 3.785580 -1.523566
v 48.363136 70.672546 304.507477
vn -1.382445 3.342387 -2.198109
v 48.080460 70.188400 303.770569
vn -1.722657 2.758026 -2.709213
v 47.708767 69.550072 303.212219
vn -0.965557 4.054745 -0.735550
v 48.535839 70.966614 305.368317
vn -0.919900 4.130003 0.107442
v 48.585754 71.048782 306.289246
vn -0.989975 4.005602 0.942941
v 48.509178 70.912971 307.201965
vn -1.170669 3.690990 1.708927
v 48.311794 70.569237 308.038757
vn -1.448486 3.209343 2.348636
v 48.008244 70.043083 308.737610
vn -1.802962 2.596396 2.814628
v 47.621033 69.373528 309.246643
vn -2.207740 1.897695 3.072281
v 47.178883 68.610229 309.528107
vn -2.632733 1.165066 3.102533
v 46.714584 67.809799 309.561157
vn -3.046457 0.452647 2.903132
v 46.262573 67.031601 309.343353
vn -3.418527 -0.186387 2.488898
v 45.856373 66.333351 308.890778
vn -3.720656 -0.705068 1.890456
v 45.526112 65.766838 308.237091
vn -3.931074 -1.064611 1.152326
v 45.296284 65.374069 307.430695
vn -4.033899 -1.238423 0.329138
v 45.183926 65.184181 306.531433
vn -4.021616 -1.213649 -0.518003
v 45.197384 65.211258 305.605988
vn -3.895047 -0.992089 -1.326263
v 45.335648 65.453285 304.723022
vn -3.663600 -0.590213 -2.035710
v 45.588470 65.892319 303.947968
vn -3.344449 -0.037777 -2.593781
v 45.937103 66.495796 303.338348
vn -2.961323 0.624212 -2.959002
v 46.355682 67.218956 302.939392
vn -2.542511 1.346622 -3.104314
v 46.813168 68.008171 302.780640
vn -2.119234 2.075954 -3.018975
v 47.275627 68.804901 302.873901
vn -2.259224 3.908817 -2.038043
v 47.939259 69.943825 304.053833
vn -2.612464 3.301115 -2.609686
v 47.576809 69.321312 303.523956
vn -3.034765 2.574707 -2.948611
v 47.152470 68.591133 303.229919
vn -3.488859 1.794351 -3.024509
v 46.703945 67.818161 303.197845
vn -3.932026 1.028185 -2.831381
v 46.271084 67.071075 303.430664
vn -4.327559 0.345742 -2.385618
v 45.892353 66.416275 303.907593
vn -4.638376 -0.193574 -1.727380
v 45.601402 65.911926 304.586334
vn -4.837948 -0.541123 -0.914858
v 45.424080 65.602844 305.406525
vn -4.908377 -0.666032 -0.020260
v 45.376148 65.516495 306.295319
vn -4.843186 -0.557472 0.876845
v 45.461864 65.660553 307.173706
vn -4.648464 -0.224763 1.696716
v 45.673611 66.022217 307.963684
vn -4.341205 0.302136 2.366562
v 45.992573 66.569351 308.595032
vn -3.948776 0.976584 2.826902
v 46.390411 67.253342 309.011658
vn -3.506107 1.738679 3.036750
v 46.831776 68.013405 309.176544
vn -3.052071 2.520474 2.977672
v 47.277447 68.782021 309.075012
vn -2.627647 3.252824 2.654693
v 47.687824 69.490883 308.716125
vn -2.271110 3.870938 2.096292
v 48.026447 70.077003 308.131775
vn -2.012761 4.319142 1.352586
v 48.263229 70.488312 307.373840
vn -1.876211 4.558072 0.489389
v 48.377125 70.688255 306.509705
vn -1.873686 4.566426 -0.416550
v 48.358021 70.659081 305.616150
vn -2.005316 4.343383 -1.284750
v 48.207611 70.403358 304.772522
vn 1.825685 -3.604671 2.201551
v 51.098965 69.416641 302.914398
vn 1.591427 -4.005879 1.610443
v 51.444431 70.008446 303.786255
vn 1.434757 -4.272965 0.925348
v 51.675453 70.402412 304.796783
vn 1.364715 -4.390379 0.186005
v 51.778599 70.575630 305.887268
vn 1.385553 -4.351315 -0.564492
v 51.747883 70.518036 306.994263
vn 1.495879 -4.158046 -1.282627
v 51.585083 70.232979 308.053497
vn 1.689538 -3.821887 -1.926634
v 51.299660 69.737022 309.003418
vn 1.954698 -3.362080 -2.459127
v 50.908207 69.058998 309.788757
vn 2.276544 -2.805626 -2.849080
v 50.433468 68.238297 310.363922
vn 2.636462 -2.185044 -3.073833
v 49.903038 67.322624 310.695496
vn 3.012635 -1.535678 -3.120409
v 49.347744 66.365196 310.764160
vn 3.384371 -0.896239 -2.986023
v 48.799854 65.421654 310.565979
vn 3.728955 -0.302885 -2.678541
v 48.291210 64.546829 310.112427
vn 4.027412 0.208949 -2.215814
v 47.851372 63.791561 309.429901
vn 4.261438 0.610368 -1.624676
v 47.505905 63.199753 308.558014
vn 4.418110 0.877422 -0.939572
v 47.274883 62.805790 307.547485
vn 4.488080 0.994816 -0.200264
v 47.171734 62.632572 306.457031
vn 4.467239 0.955793 0.550258
v 47.202454 62.690166 305.350037
vn 4.356837 0.762562 1.268389
v 47.365253 62.975224 304.290802
vn 4.163470 0.426192 1.912379
v 47.650677 63.471176 303.340881
vn 3.897843 -0.033375 2.444838
v 48.042130 64.149200 302.555542
vn 3.575969 -0.589731 2.834839
v 48.516865 64.969902 301.980377
vn 3.216368 -1.210556 3.059624
v 49.047295 65.885574 301.648804
vn 2.840222 -1.859847 3.106151
v 49.602592 66.843002 301.580109
vn 2.468380 -2.499390 2.971787
v 50.150482 67.786545 301.778320
vn 2.123565 -3.092521 2.664299
v 50.659126 68.661377 302.231873
vn 1.705508 -2.849944 2.665288
v 50.452770 68.781097 302.232361
vn 1.407597 -3.362151 2.202566
v 50.892605 69.536362 302.914917
vn 1.173341 -3.763389 1.611470
v 51.238071 70.128166 303.786774
vn 1.016681 -4.030445 0.926336
v 51.469093 70.522133 304.797302
vn 0.946668 -4.147837 0.187052
v 51.572243 70.695351 305.887756
vn 0.967492 -4.108781 -0.563503
v 51.541523 70.637756 306.994781
vn 1.077824 -3.915481 -1.281641
v 51.378723 70.352699 308.054016
vn 1.271462 -3.579384 -1.925611
v 51.093304 69.856743 309.003906
vn 1.536672 -3.119489 -2.458075
v 50.701847 69.178719 309.789276
vn 1.858487 -2.563052 -2.848038
v 50.227112 68.358017 310.364441
vn 2.218401 -1.942517 -3.072838
v 49.696682 67.442345 310.695984
vn 2.594571 -1.293130 -3.119354
v 49.141384 66.484917 310.764679
vn 2.966338 -0.653694 -2.985024
v 48.593494 65.541374 310.566467
vn 3.310870 -0.060375 -2.677483
v 48.084850 64.666550 310.112946
vn 3.609355 0.451520 -2.214798
v 47.645016 63.911282 309.430389
vn 3.843382 0.852864 -1.623675
v 47.299549 63.319473 308.558533
vn 4.000038 1.119939 -0.938577
v 47.068527 62.925510 307.548004
vn 4.070014 1.237354 -0.199275
v 46.965378 62.752293 306.457550
vn 4.049176 1.198318 0.551293
v 46.996098 62.809887 305.350525
vn 3.938754 1.005067 1.269421
v 47.158897 63.094944 304.291290
vn 3.745429 0.668763 1.913387
v 47.444317 63.590897 303.341400
vn 3.479788 0.209166 2.445896
v 47.835773 64.268921 302.556030
vn 3.157929 -0.347227 2.835810
v 48.310509 65.089622 301.980865
vn 2.798256 -0.968010 3.060595
v 48.840939 66.005295 301.649292
vn 2.422157 -1.617300 3.107182
v 49.396233 66.962723 301.580627
vn 2.050349 -2.256858 2.972797
v 49.944126 67.906265 301.778809
vn 5.477511 -1.474018 -1.489908
v 50.711479 69.222633 303.278290
vn 5.632195 -1.225888 -1.107858
v 51.028671 69.765976 304.086792
vn 5.745473 -1.074442 -0.652032
v 51.235287 70.118164 305.026337
vn 5.803405 -1.031151 -0.157875
v 51.318340 70.257080 306.037903
vn 5.799363 -1.095881 0.338715
v 51.272617 70.173988 307.057953
vn 5.733486 -1.262700 0.804211
v 51.100986 69.874107 308.022369
vn 5.611248 -1.520217 1.209185
v 50.814232 69.376282 308.870575
vn 5.441912 -1.851594 1.529436
v 50.430374 68.711792 309.549255
vn 5.237319 -2.236225 1.746811
v 49.973530 67.922394 310.015747
vn 5.011328 -2.650774 1.849424
v 49.472404 67.057678 310.240784
vn 4.778335 -3.070329 1.832688
v 48.958488 66.171989 310.210205
vn 4.553026 -3.470063 1.698534
v 48.464073 65.320976 309.925934
vn 4.349293 -3.826197 1.455801
v 48.020218 64.558105 309.405823
vn 4.179368 -4.117582 1.119604
v 47.654819 63.931320 308.682556
vn 4.053562 -4.326692 0.710089
v 47.390831 63.479992 307.801575
vn 3.979574 -4.440454 0.251703
v 47.244846 63.232487 306.818268
vn 3.961650 -4.451202 -0.228077
v 47.226032 63.204357 305.794373
vn 4.001016 -4.356956 -0.700363
v 47.335575 63.397366 304.794250
vn 4.095162 -4.161786 -1.136325
v 47.566589 63.799389 303.880737
vn 4.238179 -3.875740 -1.508793
v 47.904560 64.385162 303.111237
vn 4.420690 -3.514511 -1.794271
v 48.328255 65.117889 302.534119
vn 4.631670 -3.099298 -1.972701
v 48.811043 65.951515 302.185577
vn 4.856457 -2.655796 -2.032301
v 49.322598 66.833672 302.087585
vn 5.080927 -2.214414 -1.967391
v 49.830772 67.708923 302.246277
vn 5.292098 -1.809080 -1.781048
v 50.303635 68.522278 302.651672
vn 5.076969 -1.636904 -2.067917
v 50.342506 68.403214 302.710754
vn 5.347201 -1.194386 -1.666367
v 50.759216 69.118828 303.344147
vn 4.749438 -2.139064 -2.326546
v 49.858120 67.569969 302.313293
vn 4.391655 -2.669048 -2.422852
v 49.339069 66.675865 302.178833
vn 4.029475 -3.197571 -2.350049
v 48.820728 65.781845 302.316528
vn 3.687210 -3.691356 -2.112057
v 48.338421 64.948830 302.716980
vn 3.388919 -4.117054 -1.722594
v 47.925014 64.233589 303.352936
vn 3.153225 -4.443488 -1.208001
v 47.608681 63.684860 304.181030
vn 2.996554 -4.646007 -0.602669
v 47.410980 63.340046 305.144836
vn 2.929317 -4.708339 0.051560
v 47.345383 63.222641 306.178680
vn 2.955836 -4.624279 0.709006
v 47.416359 63.340649 307.212097
vn 3.073901 -4.398324 1.323340
v 47.619076 63.686024 308.174652
vn 3.275252 -4.045520 1.851193
v 47.939716 64.235229 309.000763
vn 3.545048 -3.590300 2.255724
v 48.356426 64.950844 309.634155
vn 3.865021 -3.064775 2.508492
v 48.840813 65.784088 310.031616
vn 4.213126 -2.506431 2.592379
v 49.359859 66.678192 310.166077
vn 4.565493 -1.954892 2.502661
v 49.878201 67.572212 310.028381
vn 4.898616 -1.449341 2.247015
v 50.360512 68.405228 309.627930
vn 5.191010 -1.025474 1.844706
v 50.773918 69.120468 308.991974
vn 5.423867 -0.712440 1.325439
v 51.090252 69.669197 308.163879
vn 5.583224 -0.531689 0.725747
v 51.287952 70.014008 307.200073
vn 5.659271 -0.494097 0.086498
v 51.353550 70.131416 306.166229
vn 5.646298 -0.600558 -0.551282
v 51.282574 70.013405 305.132812
vn 5.541163 -0.840945 -1.149194
v 51.079857 69.668030 304.170258
vn 1.855075 -3.616560 2.196962
v 50.564293 68.781197 303.735199
vn 1.596342 -4.059797 1.522418
v 50.850418 69.271255 304.481110
vn 1.438167 -4.328926 0.734418
v 51.025223 69.568901 305.352448
vn 1.392452 -4.404131 -0.108588
v 51.075745 69.652077 306.284576
vn 1.462551 -4.279800 -0.944100
v 50.998238 69.514603 307.208435
vn 1.643223 -3.965137 -1.710088
v 50.798450 69.166679 308.055420
vn 1.921109 -3.483521 -2.349788
v 50.491196 68.634109 308.762787
vn 2.275539 -2.870597 -2.815771
v 50.099266 67.956398 309.278015
vn 2.680295 -2.171873 -3.073412
v 49.651726 67.183792 309.562927
vn 3.105249 -1.439175 -3.103717
v 49.181767 66.373611 309.596375
vn 3.519080 -0.726870 -2.904301
v 48.724247 65.585922 309.375916
vn 3.890904 -0.087642 -2.490029
v 48.313099 64.879166 308.917847
vn 4.193255 0.430914 -1.891629
v 47.978809 64.305740 308.256165
vn 4.403642 0.790444 -1.153464
v 47.746178 63.908188 307.439941
vn 4.506473 0.964293 -0.330287
v 47.632454 63.715988 306.529724
vn 4.494177 0.939502 0.516866
v 47.646072 63.743393 305.592987
vn 4.367653 0.717895 1.325120
v 47.786026 63.988369 304.699249
vn 4.136195 0.316012 2.034587
v 48.041931 64.432755 303.914764
vn 3.817060 -0.236396 2.592613
v 48.394810 65.043587 303.297729
vn 3.433893 -0.898381 2.957850
v 48.818489 65.775566 302.893890
vn 3.015127 -1.620817 3.103135
v 49.281551 66.574394 302.733215
vn 2.591800 -2.350138 3.017782
v 49.749649 67.380844 302.827606
vn 2.195313 -3.032272 2.708085
v 50.188068 68.135094 303.170074
vn 1.722690 -2.758209 2.709470
v 50.001389 68.243393 303.170532
vn 1.382424 -3.342424 2.198176
v 50.377609 68.889503 303.735657
vn 1.123700 -3.785737 1.523642
v 50.663734 69.379555 304.481567
vn 0.965666 -4.054652 0.735522
v 50.838539 69.677208 305.352905
vn 0.919836 -4.130000 -0.107447
v 50.889065 69.760384 306.285034
vn 0.989948 -4.005598 -0.942952
v 50.811558 69.622910 307.208893
vn 1.170712 -3.690900 -1.708880
v 50.611767 69.274986 308.055878
vn 1.448504 -3.209306 -2.348617
v 50.304512 68.742416 308.763245
vn 1.802997 -2.596356 -2.814472
v 49.912582 68.064705 309.278473
vn 2.207701 -1.897675 -3.072211
v 49.465042 67.292099 309.563385
vn 2.632730 -1.165013 -3.102652
v 48.995087 66.481911 309.596832
vn 3.046415 -0.452712 -2.903035
v 48.537567 65.694229 309.376373
vn 3.418225 0.186361 -2.488647
v 48.126415 64.987473 308.918304
vn 3.720664 0.705106 -1.890489
v 47.792130 64.414047 308.256622
vn 3.931052 1.064588 -1.152309
v 47.559498 64.016495 307.440399
vn 4.033947 1.238566 -0.329163
v 47.445774 63.824291 306.530182
vn 4.021605 1.213732 0.518009
v 47.459393 63.851696 305.593445
vn 3.894925 0.991820 1.326135
v 47.599342 64.096680 304.699707
vn 3.663536 0.590086 2.035622
v 47.855247 64.541061 303.915222
vn 3.344453 0.037710 2.593658
v 48.208126 65.151894 303.298187
vn 2.961309 -0.624169 2.959067
v 48.631809 65.883865 302.894348
vn 2.542552 -1.346645 3.104402
v 49.094872 66.682701 302.733673
vn 2.119180 -2.075991 3.019062
v 49.562969 67.489151 302.828064
vn 4.052282 0.189315 -2.211288
v 50.362980 68.864166 303.765015
vn 4.311040 0.632384 -1.536705
v 50.645660 69.348320 304.501923
vn 4.469214 0.901869 -0.748838
v 50.818359 69.642380 305.362762
vn 4.514840 0.976859 0.094224
v 50.868275 69.724556 306.283691
vn 4.444775 0.852620 0.929720
v 50.791702 69.588737 307.196411
vn 4.264118 0.538093 1.695789
v 50.594318 69.245003 308.033203
vn 3.986239 0.056345 2.335437
v 50.290764 68.718849 308.732056
vn 3.631810 -0.556557 2.801570
v 49.903553 68.049294 309.241089
vn 3.227016 -1.255319 3.059147
v 49.461403 67.285995 309.522552
vn 2.802037 -1.987965 3.089185
v 48.997105 66.485565 309.555603
vn 2.388287 -2.700450 2.890038
v 48.545097 65.707367 309.337799
vn 2.016303 -3.339735 2.475918
v 48.138897 65.009117 308.885223
vn 1.714125 -3.858088 1.877270
v 47.808636 64.442604 308.231537
vn 1.503708 -4.217694 1.139092
v 47.578804 64.049835 307.425140
vn 1.400953 -4.391341 0.315891
v 47.466450 63.859951 306.525879
vn 1.413226 -4.366625 -0.531206
v 47.479904 63.887024 305.600433
vn 1.539682 -4.145489 -1.339690
v 47.618172 64.129051 304.717438
vn 1.771109 -3.743412 -2.049094
v 47.870995 64.568085 303.942413
vn 2.090273 -3.190906 -2.607138
v 48.219624 65.171562 303.332794
vn 2.473462 -2.528816 -2.972141
v 48.638203 65.894722 302.933838
vn 2.892253 -1.806411 -3.117425
v 49.095688 66.683937 302.775085
vn 3.315521 -1.077121 -3.032019
v 49.558147 67.480675 302.868347
vn 3.712019 -0.395140 -2.722182
v 49.991287 68.225838 303.206665
vn 3.239443 -0.120794 -2.721298
v 50.303673 68.044601 303.205902
vn 3.579754 0.463513 -2.210190
v 50.675365 68.682930 303.764252
vn 3.838509 0.906708 -1.535658
v 50.958042 69.167084 304.501160
vn 2.842994 -0.802956 -3.031011
v 49.870533 67.299438 302.867584
vn 2.419641 -1.532220 -3.116363
v 49.408073 66.502708 302.774323
vn 2.000917 -2.254669 -2.971076
v 48.950588 65.713493 302.933075
vn 1.617691 -2.916611 -2.605822
v 48.532009 64.990326 303.332031
vn 1.298599 -3.469095 -2.047809
v 48.183380 64.386856 303.941650
vn 1.067256 -3.871022 -1.338339
v 47.930557 63.947819 304.716705
vn 0.940606 -4.092513 -0.530074
v 47.792290 63.705791 305.599670
vn 0.928287 -4.117319 0.317063
v 47.778835 63.678719 306.525116
vn 1.031146 -3.943483 1.140217
v 47.891190 63.868603 307.424377
vn 1.241488 -3.583903 1.878420
v 48.121017 64.261368 308.230774
vn 1.543898 -3.065404 2.476800
v 48.451283 64.827888 308.884460
vn 1.915645 -2.426175 2.891060
v 48.857479 65.526138 309.337036
vn 2.329484 -1.713836 3.090486
v 49.309490 66.304337 309.554840
vn 2.754453 -0.981162 3.060221
v 49.773788 67.104767 309.521790
vn 3.159156 -0.282421 2.802556
v 50.215939 67.868065 309.240326
vn 3.513619 0.330528 2.336554
v 50.603149 68.537621 308.731293
vn 3.791499 0.812136 1.696846
v 50.906704 69.063774 308.032440
vn 3.972173 1.126822 0.930874
v 51.104084 69.407509 307.195648
vn 4.042300 1.251102 0.095373
v 51.180660 69.543320 306.282928
vn 3.996552 1.175915 -0.747652
v 51.130745 69.461151 305.362000
vn 4.507195 -0.016768 -2.054529
v 50.534164 68.438362 304.047516
vn 4.761202 0.417761 -1.301217
v 50.802517 68.897896 304.766205
vn 4.892592 0.640899 -0.433042
v 50.952927 69.153610 305.609833
vn 4.890049 0.632546 0.472940
v 50.972034 69.182793 306.503387
vn 4.753500 0.393690 1.336093
v 50.858135 68.982849 307.367523
vn 4.495012 -0.054478 2.079915
v 50.621353 68.571541 308.125458
vn 4.138391 -0.672683 2.638039
v 50.282730 67.985413 308.709839
vn 3.713924 -1.404900 2.961173
v 49.872353 67.276558 309.068695
vn 3.260842 -2.187250 3.020280
v 49.426682 66.507942 309.170227
vn 2.818178 -2.949323 2.810393
v 48.985317 65.747879 309.005341
vn 2.425757 -3.623757 2.350071
v 48.587479 65.063889 308.588715
vn 2.118359 -4.150601 1.680246
v 48.268517 64.516754 307.957367
vn 1.923206 -4.483034 0.860357
v 48.056770 64.155090 307.167389
vn 1.857933 -4.591616 -0.036725
v 47.971058 64.011032 306.289001
vn 1.928111 -4.466509 -0.931311
v 48.018986 64.097382 305.400208
vn 2.127910 -4.119124 -1.743862
v 48.196308 64.406456 304.580017
vn 2.439273 -3.580127 -2.402092
v 48.487259 64.910812 303.901276
vn 2.833758 -2.897073 -2.847886
v 48.865990 65.565613 303.424347
vn 3.278189 -2.131618 -3.041010
v 49.298851 66.312698 303.191528
vn 3.730515 -1.350260 -2.965069
v 49.747375 67.085670 303.223602
vn 4.152855 -0.623836 -2.626177
v 50.171719 67.815849 303.517639
vn 0.667897 -3.569839 -1.293697
v 48.228104 64.261192 304.770142
vn 0.918685 -3.134876 -2.047816
v 48.493275 64.721275 304.050629
vn 1.269652 -2.526622 -2.620359
v 48.853374 65.344193 303.519592
vn 1.690725 -1.800306 -2.960623
v 49.276409 66.074600 303.224243
vn 2.143072 -1.018990 -3.038057
v 49.724792 66.847603 303.190796
vn 2.587456 -0.253305 -2.846067
v 50.158680 67.594505 303.422241
vn 2.984911 0.428866 -2.401857
v 50.539516 68.248947 303.898010
vn 3.299264 0.967373 -1.744509
v 50.833473 68.752777 304.575836
vn 3.502384 1.314272 -0.932555
v 51.014420 69.061226 305.395477
vn 3.576617 1.438613 -0.038243
v 51.066284 69.146896 306.284088
vn 3.515510 1.329329 0.859055
v 50.984455 69.002167 307.162750
vn 3.323925 0.996276 1.679530
v 50.776207 68.639900 307.953400
vn 3.019908 0.468775 2.350412
v 50.460041 68.092285 308.585724
vn 2.629555 -0.206150 2.812020
v 50.064049 67.407974 309.003571
vn 2.187987 -0.968409 3.023268
v 49.623421 66.647781 309.169830
vn 1.734330 -1.750626 2.965521
v 49.177303 65.879250 309.069702
vn 1.308697 -2.482868 2.643747
v 48.765339 65.170662 308.712097
vn 0.949112 -3.100305 2.086641
v 48.424129 64.584984 308.128784
vn 0.687300 -3.547798 1.343622
v 48.183998 64.174255 307.371613
vn 0.546883 -3.785976 0.480856
v 48.066277 63.974968 306.507843
vn 0.540187 -3.793481 -0.425095
v 48.081429 64.004829 305.614197
vn -1.187627 3.756423 -1.636126
v 41.397236 76.205788 303.565491
vn 3.844543 0.836947 -1.648374
v 43.992142 74.700317 303.559174
vn -1.414619 3.367591 -2.203747
v 41.033531 75.582695 302.655975
vn 3.617571 0.448099 -2.215974
v 43.628437 74.077232 302.649658
vn -1.700970 2.875920 -2.652194
v 40.574677 74.794800 301.937347
vn 3.331242 -0.043577 -2.664431
v 43.169582 73.289337 301.931030
vn -2.031244 2.307825 -2.957352
v 40.045403 73.884567 301.448334
vn 3.000882 -0.611626 -2.969585
v 42.640312 72.379105 301.442017
vn -2.387734 1.694093 -3.102783
v 39.474255 72.901077 301.215363
vn 2.644506 -1.225414 -3.115031
v 42.069160 71.395615 301.209045
vn -2.751042 1.067683 -3.080560
v 38.892010 71.897339 301.250916
vn 2.281111 -1.851781 -3.092800
v 41.486919 70.391876 301.244598
vn -3.101757 0.462389 -2.891933
v 38.330067 70.927475 301.553131
vn 1.930401 -2.457087 -2.904221
v 40.924973 69.422012 301.546814
vn -3.420896 -0.089104 -2.547105
v 37.818718 70.043762 302.105713
vn 1.611301 -3.008595 -2.559363
v 40.413624 68.538300 302.099396
vn -3.691229 -0.557089 -2.064643
v 37.385529 69.293846 302.878845
vn 1.340970 -3.476581 -2.076901
v 39.980434 67.788383 302.872528
vn -3.898201 -0.916378 -1.470518
v 37.053852 68.718155 303.830841
vn 1.133962 -3.835837 -1.482751
v 39.648758 67.212692 303.824524
vn -4.030694 -1.147535 -0.796772
v 36.841568 68.347725 304.910431
vn 1.001495 -4.067036 -0.809027
v 39.436474 66.842262 304.904114
vn -4.081513 -1.238153 -0.079771
v 36.760124 68.202522 306.059357
vn 0.950665 -4.157643 -0.092024
v 39.355030 66.697060 306.053040
vn -4.047962 -1.183346 0.641870
v 36.813911 68.290375 307.215698
vn 0.984243 -4.102798 0.629613
v 39.408817 66.784912 307.209381
vn -3.931780 -0.986005 1.329242
v 37.000023 68.606552 308.317139
vn 1.100381 -3.905483 1.316990
v 39.594933 67.101089 308.310822
vn -3.739347 -0.656822 1.945252
v 37.308434 69.134010 309.304260
vn 1.292867 -3.576328 1.933015
v 39.903343 67.628540 309.297943
vn -3.480905 -0.213595 2.456775
v 37.722515 69.844299 310.123901
vn 1.551245 -3.133051 2.444529
v 40.317421 68.338837 310.117584
vn -3.170470 0.319929 2.836177
v 38.219940 70.699142 310.731812
vn 1.861711 -2.599540 2.823921
v 40.814850 69.193680 310.725494
vn -2.824804 0.914845 3.062994
v 38.773899 71.652451 311.095245
vn 2.207423 -2.004653 3.050730
v 41.368805 70.146988 311.088928
vn -2.462430 1.539119 3.125007
v 39.354523 72.652832 311.194641
vn 2.569732 -1.380342 3.112746
v 41.949429 71.147369 311.188324
vn -2.102977 2.159173 3.018897
v 39.930508 73.646347 311.024597
vn 2.929209 -0.760315 3.006624
v 42.525414 72.140884 311.018280
vn -1.765786 2.741496 2.750377
v 40.470810 74.579445 310.594299
vn 3.266383 -0.178009 2.738082
v 43.065716 73.073982 310.587982
vn -1.469033 3.254705 2.333843
v 40.946293 75.401825 309.926941
vn 3.563131 0.335274 2.321613
v 43.541199 73.896362 309.920624
vn -1.228775 3.671186 1.791879
v 41.331329 76.069138 309.058472
vn 3.803445 0.751689 1.779632
v 43.926235 74.563675 309.052155
vn -1.057885 3.968363 1.153649
v 41.605160 76.545425 308.035767
vn 3.974304 1.048897 1.141404
v 44.200069 75.039955 308.029449
vn -0.965594 4.130392 0.453550
v 41.753025 76.804993 306.913940
vn 4.066583 1.210907 0.441306
v 44.347931 75.299530 306.907623
vn -0.956907 4.148401 -0.270673
v 41.766949 76.833862 305.753448
vn 4.075274 1.228926 -0.282925
v 44.361855 75.328400 305.747131
vn -1.032272 4.021487 -0.979977
v 41.646183 76.630470 304.616882
vn 3.999905 1.101986 -0.992224
v 44.241089 75.125008 304.610565
vn -4.027403 -0.208986 2.215766
v 40.892330 75.338127 302.939240
vn -3.728939 0.302900 2.678552
v 40.452496 74.582863 302.256714
vn -3.384096 0.896018 2.986046
v 39.943851 73.708038 301.803162
vn -3.012603 1.535737 3.120407
v 39.395962 72.764496 301.604980
vn -2.636498 2.184984 3.073846
v 38.840664 71.807060 301.673645
vn -2.276503 2.805653 2.849078
v 38.310234 70.891388 302.005219
vn -1.954693 3.362080 2.459102
v 37.835499 70.070694 302.580383
vn -1.689584 3.821877 1.926658
v 37.444042 69.392662 303.365723
vn -1.495834 4.158040 1.282600
v 37.158623 68.896713 304.315643
vn -1.385517 4.351332 0.564490
v 36.995823 68.611656 305.374878
vn -1.364747 4.390387 -0.186001
v 36.965103 68.554062 306.481873
vn -1.434612 4.272920 -0.925320
v 37.068253 68.727280 307.572327
vn -1.591198 4.005840 -1.610465
v 37.299274 69.121239 308.582855
vn -1.825633 3.604709 -2.201538
v 37.644741 69.713051 309.454742
vn -2.123570 3.092490 -2.664301
v 38.084576 70.468315 310.137268
vn -2.468426 2.499386 -2.971793
v 38.593220 71.343140 310.590820
vn -2.839879 1.859640 -3.106167
v 39.141113 72.286690 310.789001
vn -3.216651 1.210791 -3.059570
v 39.696407 73.244118 310.720337
vn -3.575954 0.589743 -2.834785
v 40.226837 74.159790 310.388763
vn -3.897857 0.033342 -2.444845
v 40.701572 74.980484 309.813599
vn -4.163485 -0.426154 -1.912420
v 41.093029 75.658516 309.028259
vn -4.356814 -0.762602 -1.268373
v 41.378448 76.154465 308.078339
vn -4.467215 -0.955793 -0.550250
v 41.541248 76.439522 307.019104
vn -4.488078 -0.994813 0.200254
v 41.571968 76.497116 305.912109
vn -4.418075 -0.877416 0.939562
v 41.468819 76.323898 304.821655
vn -4.261421 -0.610338 1.624685
v 41.237797 75.929939 303.811127
vn -3.843338 -0.852875 1.623695
v 41.444157 75.810219 303.810608
vn -3.609362 -0.451549 2.214752
v 41.098690 75.218407 302.938751
vn -3.310894 0.060398 2.677521
v 40.658852 74.463142 302.256195
vn -2.965999 0.653484 2.984997
v 40.150208 73.588318 301.802643
vn -2.594535 1.293195 3.119377
v 39.602318 72.644775 301.604462
vn -2.218438 1.942451 3.072857
v 39.047020 71.687340 301.673157
vn -1.858485 2.563099 2.848021
v 38.516590 70.771667 302.004700
vn -1.536632 3.119503 2.458073
v 38.041855 69.950974 302.579865
vn -1.271493 3.579343 1.925631
v 37.650402 69.272942 303.365234
vn -1.077803 3.915511 1.281622
v 37.364979 68.776993 304.315125
vn -0.967462 4.108780 0.563502
v 37.202179 68.491936 305.374359
vn -0.946685 4.147844 -0.187052
v 37.171463 68.434341 306.481384
vn -1.016558 4.030383 -0.926364
v 37.274609 68.607559 307.571838
vn -1.173154 3.763235 -1.611471
v 37.505630 69.001518 308.582367
vn -1.407565 3.362190 -2.202551
v 37.851097 69.593330 309.454224
vn -1.705549 2.849946 -2.665304
v 38.290936 70.348595 310.136780
vn -2.050352 2.256808 -2.972778
v 38.799580 71.223419 310.590332
vn -2.421818 1.617090 -3.107174
v 39.347469 72.166969 310.788513
vn -2.798602 0.968238 -3.060627
v 39.902767 73.124397 310.719818
vn -3.157914 0.347225 -2.835809
v 40.433197 74.040070 310.388275
vn -3.479768 -0.209186 -2.445856
v 40.907932 74.860764 309.813110
vn -3.745428 -0.668746 -1.913434
v 41.299385 75.538795 309.027740
vn -3.938744 -1.005064 -1.269397
v 41.584808 76.034744 308.077850
vn -4.049142 -1.198314 -0.551284
v 41.747608 76.319801 307.018616
vn -4.070022 -1.237367 0.199273
v 41.778324 76.377396 305.911591
vn -4.000013 -1.119939 0.938565
v 41.675179 76.204178 304.821136
vn -4.003710 4.026653 -1.466863
v 40.917561 74.904678 303.302124
vn -4.203775 3.699992 -1.757855
v 40.509720 74.204330 302.675507
vn -4.451451 3.315903 -1.944156
v 40.036854 73.390976 302.270111
vn -4.723456 2.902058 -2.008933
v 39.528679 72.515717 302.111420
vn -4.996427 2.486499 -1.949574
v 39.017128 71.633560 302.209442
vn -5.251755 2.097071 -1.770680
v 38.534336 70.799934 302.557953
vn -5.473606 1.758471 -1.485352
v 38.110645 70.067215 303.135101
vn -5.649628 1.491631 -1.112693
v 37.772675 69.481438 303.904602
vn -5.770774 1.312295 -0.676568
v 37.541660 69.079414 304.818085
vn -5.831345 1.230322 -0.204236
v 37.432117 68.886406 305.818207
vn -5.829144 1.250140 0.275579
v 37.450932 68.914536 306.842102
vn -5.765471 1.370032 0.733959
v 37.596916 69.162041 307.825439
vn -5.644879 1.582073 1.143512
v 37.860901 69.613365 308.706390
vn -5.475001 1.873422 1.479768
v 38.226303 70.240158 309.429657
vn -5.266069 2.226573 1.722492
v 38.670155 71.003029 309.949768
vn -5.030382 2.620281 1.856629
v 39.164574 71.854042 310.234039
vn -4.781714 3.030790 1.873357
v 39.678490 72.739731 310.264618
vn -4.534379 3.432979 1.770685
v 40.179611 73.604439 310.039581
vn -4.302802 3.801958 1.553215
v 40.636456 74.393837 309.573090
vn -4.100367 4.114131 1.232861
v 41.020313 75.058327 308.894409
vn -3.938916 4.348948 0.827788
v 41.307068 75.556152 308.046204
vn -3.828525 4.489916 0.362166
v 41.478699 75.856033 307.081787
vn -3.776093 4.526601 -0.134554
v 41.524426 75.939125 306.061768
vn -3.786952 4.455792 -0.628794
v 41.441372 75.800217 305.050171
vn -3.863791 4.283274 -1.084725
v 41.234756 75.448021 304.110626
vn -3.484582 4.395437 -1.127220
v 41.124630 75.443665 304.194489
vn -3.696925 4.052681 -1.644346
v 40.803989 74.894463 303.368378
vn -3.325964 4.604729 -0.529413
v 41.327343 75.789040 305.157043
vn -3.237470 4.667496 0.108134
v 41.398323 75.907051 306.190460
vn -3.230019 4.581481 0.747229
v 41.332726 75.789642 307.224304
vn -3.305608 4.352137 1.346734
v 41.135025 75.444832 308.188110
vn -3.459930 3.993506 1.865815
v 40.818691 74.896103 309.016205
vn -3.681270 3.528436 2.267964
v 40.405281 74.180862 309.652161
vn -3.953900 2.987738 2.523455
v 39.922974 73.347847 310.052612
vn -4.257456 2.407875 2.613081
v 39.404633 72.453827 310.190308
vn -4.569743 1.828710 2.529106
v 38.885582 71.559723 310.055847
vn -4.868053 1.290607 2.276265
v 38.401199 70.726479 309.658386
vn -5.130847 0.831337 1.871701
v 37.984486 70.010864 309.024994
vn -5.339238 0.482743 1.343801
v 37.663849 69.461655 308.198883
vn -5.478948 0.269216 0.729526
v 37.461132 69.116280 307.236328
vn -5.541145 0.205837 0.072188
v 37.390152 68.998276 306.202911
vn -5.522812 0.296609 -0.581941
v 37.455750 69.115685 305.169067
vn -5.426884 0.534271 -1.187190
v 37.653454 69.460495 304.205261
vn -5.262220 0.901788 -1.701702
v 37.969788 70.009224 303.377167
vn -5.042365 1.373129 -2.090784
v 38.383194 70.724464 302.741211
vn -4.784141 1.915717 -2.328884
v 38.865501 71.557480 302.340759
vn -4.505662 2.492760 -2.401186
v 39.383842 72.451500 302.203064
vn -4.222823 3.066284 -2.304667
v 39.902893 73.345604 302.337524
vn -3.948587 3.599336 -2.045887
v 40.387280 74.178848 302.734985
vn -4.052250 -0.189378 2.211375
v 40.609062 74.556831 303.759430
vn -3.712043 0.394970 2.722445
v 40.232841 73.910728 303.194305
vn -3.315557 1.077067 3.032167
v 39.794422 73.156479 302.851837
vn -2.892210 1.806393 3.117550
v 39.326324 72.350029 302.757446
vn -2.473445 2.528834 2.972207
v 38.863262 71.551201 302.918121
vn -2.090259 3.190802 2.607015
v 38.439583 70.819221 303.321960
vn -1.771139 3.743232 2.048973
v 38.086704 70.208389 303.938995
vn -1.539705 4.145131 1.339476
v 37.830799 69.764008 304.723480
vn -1.413162 4.366689 0.531217
v 37.690845 69.519028 305.617249
vn -1.400868 4.391471 -0.315907
v 37.677227 69.491623 306.553955
vn -1.503734 4.217652 -1.139085
v 37.790951 69.683823 307.464172
vn -1.714187 3.858168 -1.877237
v 38.023582 70.081375 308.280396
vn -2.016432 3.339545 -2.475661
v 38.357872 70.654800 308.942078
vn -2.388299 2.700421 -2.889911
v 38.769020 71.361557 309.400146
vn -2.802092 1.988026 -3.089295
v 39.226540 72.149246 309.620636
vn -3.227057 1.255280 -3.059076
v 39.696499 72.959427 309.587158
vn -3.631788 0.556624 -2.801387
v 40.144035 73.732033 309.302246
vn -3.986236 -0.056317 -2.335432
v 40.535969 74.409744 308.787018
vn -4.264095 -0.537953 -1.695713
v 40.843220 74.942314 308.079651
vn -4.444789 -0.852588 -0.929733
v 41.043011 75.290237 307.232666
vn -4.514860 -0.976939 -0.094181
v 41.120518 75.427711 306.308807
vn -4.469191 -0.901723 0.748790
v 41.069996 75.344536 305.376678
vn -4.311057 -0.632531 1.536755
v 40.895187 75.046890 304.505341
vn -3.838543 -0.906811 1.535692
v 41.081871 74.938583 304.504883
vn -3.579698 -0.463680 2.210347
v 40.795746 74.448532 303.758972
vn -3.239531 0.120700 2.721505
v 40.419521 73.802422 303.193848
vn -2.842940 0.802923 3.030880
v 39.981106 73.048172 302.851379
vn -2.419647 1.532210 3.116289
v 39.513008 72.241730 302.756989
vn -2.000862 2.254629 2.970989
v 39.049946 71.442894 302.917664
vn -1.617651 2.916687 2.605962
v 38.626263 70.710915 303.321503
vn -1.298573 3.468987 2.047759
v 38.273384 70.100082 303.938538
vn -1.067083 3.870987 1.338364
v 38.017479 69.655701 304.723022
vn -0.940559 4.092564 0.530081
v 37.877529 69.410721 305.616791
vn -0.928345 4.117184 -0.317042
v 37.863911 69.383316 306.553497
vn -1.031242 3.943301 -1.140146
v 37.977634 69.575516 307.463715
vn -1.241493 3.584178 -1.878553
v 38.210266 69.973076 308.279938
vn -1.543838 3.065383 -2.476824
v 38.544552 70.546494 308.941620
vn -1.915741 2.426208 -2.890971
v 38.955704 71.253258 309.399689
vn -2.329460 1.713809 -3.090347
v 39.413223 72.040939 309.620178
vn -2.754517 0.981111 -3.060277
v 39.883179 72.851128 309.586700
vn -3.159199 0.282484 -2.802452
v 40.330719 73.623726 309.301788
vn -3.513620 -0.330536 -2.336582
v 40.722649 74.301445 308.786560
vn -3.791486 -0.812007 -1.696794
v 41.029903 74.834007 308.079193
vn -3.972195 -1.126781 -0.930878
v 41.229694 75.181931 307.232208
vn -4.042242 -1.251062 -0.095394
v 41.307201 75.319405 306.308380
vn -3.996552 -1.175770 0.747607
v 41.256676 75.236229 305.376221
vn -1.855120 3.616396 -2.196835
v 40.781116 74.423187 303.788330
vn -2.195331 3.032109 -2.707852
v 40.409424 73.784859 303.230011
vn -2.591739 2.350180 -3.017934
v 39.976284 73.039696 302.891663
vn -3.015120 1.620811 -3.103256
v 39.513824 72.242966 302.798401
vn -3.433906 0.898316 -2.957915
v 39.056339 71.453751 302.957153
vn -3.816819 0.236360 -2.592508
v 38.637760 70.730583 303.356140
vn -4.136200 -0.316120 -2.034646
v 38.289131 70.127113 303.965729
vn -4.367532 -0.717904 -1.325100
v 38.036308 69.688080 304.740784
vn -4.494153 -0.939395 -0.516837
v 37.898041 69.446045 305.623749
vn -4.506530 -0.964428 0.330308
v 37.884586 69.418976 306.549194
vn -4.403724 -0.790703 1.153572
v 37.996941 69.608864 307.448456
vn -4.193138 -0.430717 1.891443
v 38.226772 70.001625 308.254852
vn -3.890901 0.087669 2.490012
v 38.557034 70.568146 308.908569
vn -3.519091 0.726779 2.904415
v 38.963230 71.266396 309.361115
vn -3.105515 1.439378 3.103802
v 39.415241 72.044594 309.578949
vn -2.680306 2.171870 3.073359
v 39.879539 72.845024 309.545868
vn -2.275581 2.870653 2.815887
v 40.321690 73.608322 309.264404
vn -1.921153 3.483540 2.349753
v 40.708900 74.277878 308.755371
vn -1.643180 3.965314 1.710155
v 41.012455 74.804031 308.056519
vn -1.462570 4.279797 0.944095
v 41.209839 75.147758 307.219727
vn -1.392427 4.404194 0.108613
v 41.286411 75.283577 306.307007
vn -1.438120 4.329072 -0.734453
v 41.236496 75.201408 305.386078
vn -1.596332 4.059632 -1.522353
v 41.063797 74.907341 304.525238
vn -1.123669 3.785543 -1.523556
v 40.751411 75.088577 304.526001
vn -1.382449 3.342352 -2.198141
v 40.468731 74.604424 303.789093
vn -1.722706 2.758070 -2.709224
v 40.097038 73.966095 303.230774
vn -0.965598 4.054783 -0.735569
v 40.924114 75.382637 305.386841
vn -0.919887 4.129949 0.107452
v 40.974026 75.464813 306.307770
vn -0.989962 4.005625 0.942955
v 40.897453 75.328995 307.220490
vn -1.170697 3.691021 1.708937
v 40.700069 74.985260 308.057281
vn -1.448535 3.209354 2.348624
v 40.396515 74.459106 308.756134
vn -1.802992 2.596407 2.814619
v 40.009304 73.789551 309.265167
vn -2.207752 1.897701 3.072290
v 39.567154 73.026253 309.546631
vn -2.632921 1.165189 3.102590
v 39.102859 72.225822 309.579681
vn -3.046494 0.452671 2.903150
v 38.650848 71.447624 309.361877
vn -3.418302 -0.186533 2.488886
v 38.244648 70.749374 308.909332
vn -3.720665 -0.705088 1.890479
v 37.914387 70.182861 308.255615
vn -3.931019 -1.064645 1.152310
v 37.684555 69.790092 307.449219
vn -4.033863 -1.238472 0.329145
v 37.572201 69.600204 306.549957
vn -4.021584 -1.213645 -0.518001
v 37.585655 69.627281 305.624512
vn -3.895013 -0.992119 -1.326270
v 37.723923 69.869308 304.741547
vn -3.663568 -0.590241 -2.035714
v 37.976746 70.308342 303.966492
vn -3.344249 -0.037849 -2.593771
v 38.325375 70.911819 303.356873
vn -2.961295 0.624164 -2.958981
v 38.743954 71.634979 302.957916
vn -2.542513 1.346614 -3.104290
v 39.201439 72.424194 302.799164
vn -2.119168 2.075968 -3.018934
v 39.663902 73.220932 302.892426
vn -2.258825 3.908696 -2.038101
v 40.327534 74.359856 304.072388
vn -2.612578 3.301171 -2.609658
v 39.965084 73.737343 303.542480
vn -3.034780 2.574684 -2.948581
v 39.540745 73.007156 303.248444
vn -3.488072 1.793895 -3.024715
v 39.092220 72.234184 303.216400
vn -3.932017 1.028180 -2.831389
v 38.659359 71.487106 303.449188
vn -4.327569 0.345766 -2.385602
v 38.280628 70.832298 303.926117
vn -4.638477 -0.193525 -1.727369
v 37.989674 70.327950 304.604858
vn -4.838039 -0.541012 -0.914836
v 37.812355 70.018867 305.425049
vn -4.908298 -0.666142 -0.020274
v 37.764423 69.932526 306.313843
vn -4.843076 -0.557595 0.876851
v 37.850140 70.076584 307.192230
vn -4.648334 -0.224910 1.696758
v 38.061886 70.438248 307.982208
vn -4.341179 0.302105 2.366606
v 38.380848 70.985382 308.613556
vn -3.948786 0.976590 2.826895
v 38.778687 71.669365 309.030182
vn -3.506141 1.738678 3.036798
v 39.220047 72.429436 309.195068
vn -3.052020 2.520439 2.977688
v 39.665718 73.198044 309.093536
vn -2.628342 3.253119 2.654496
v 40.076099 73.906906 308.734680
vn -2.270689 3.870736 2.096403
v 40.414722 74.493027 308.150299
vn -2.013108 4.319290 1.352546
v 40.651505 74.904343 307.392395
vn -1.876222 4.558066 0.489397
v 40.765400 75.104286 306.528229
vn -1.873644 4.566394 -0.416577
v 40.746296 75.075104 305.634674
vn -2.005510 4.343449 -1.284726
v 40.595886 74.819389 304.791046
vn 1.825656 -3.604675 2.201576
v 43.487236 73.832664 302.932922
vn 1.591208 -4.005833 1.610426
v 43.832706 74.424477 303.804810
vn 1.434602 -4.272933 0.925322
v 44.063725 74.818436 304.815338
vn 1.364723 -4.390379 0.186011
v 44.166874 74.991653 305.905792
vn 1.385515 -4.351328 -0.564497
v 44.136154 74.934059 307.012787
vn 1.495843 -4.158056 -1.282627
v 43.973354 74.649002 308.072021
vn 1.689562 -3.821904 -1.926621
v 43.687935 74.153053 309.021942
vn 1.954711 -3.362043 -2.459103
v 43.296482 73.475021 309.807281
vn 2.276536 -2.805647 -2.849096
v 42.821743 72.654327 310.382446
vn 2.636461 -2.185045 -3.073835
v 42.291313 71.738655 310.714020
vn 3.012596 -1.535690 -3.120429
v 41.736019 70.781227 310.782684
vn 3.384100 -0.896013 -2.986059
v 41.188126 69.837677 310.584503
vn 3.728955 -0.302888 -2.678533
v 40.679485 68.962852 310.130951
vn 4.027411 0.208958 -2.215820
v 40.239647 68.207588 309.448425
vn 4.261421 0.610368 -1.624675
v 39.894180 67.615776 308.576538
vn 4.418209 0.877339 -0.939610
v 39.663158 67.221817 307.566040
vn 4.488076 0.994820 -0.200256
v 39.560009 67.048599 306.475555
vn 4.467226 0.955770 0.550243
v 39.590729 67.106194 305.368561
vn 4.356827 0.762550 1.268391
v 39.753529 67.391251 304.309326
vn 4.163468 0.426177 1.912367
v 40.038952 67.887199 303.359406
vn 3.897830 -0.033353 2.444870
v 40.430405 68.565231 302.574066
vn 3.575974 -0.589781 2.834800
v 40.905140 69.385925 301.998901
vn 3.216688 -1.210734 3.059584
v 41.435570 70.301598 301.667328
vn 2.839839 -1.859657 3.106160
v 41.990868 71.259026 301.598663
vn 2.468417 -2.499388 2.971819
v 42.538757 72.202576 301.796844
vn 2.123573 -3.092525 2.664296
v 43.047401 73.077400 302.250397
vn 1.705520 -2.849957 2.665291
v 42.841042 73.197121 302.250885
vn 1.407580 -3.362157 2.202588
v 43.280880 73.952385 302.933441
vn 1.173181 -3.763261 1.611449
v 43.626347 74.544197 303.805298
vn 1.016562 -4.030378 0.926358
v 43.857368 74.938156 304.815826
vn 0.946660 -4.147836 0.187057
v 43.960518 75.111374 305.906281
vn 0.967473 -4.108768 -0.563504
v 43.929798 75.053780 307.013306
vn 1.077797 -3.915490 -1.281632
v 43.766998 74.768723 308.072540
vn 1.271488 -3.579361 -1.925590
v 43.481575 74.272774 309.022430
vn 1.536672 -3.119503 -2.458087
v 43.090122 73.594742 309.807800
vn 1.858487 -2.563047 -2.848022
v 42.615387 72.774048 310.382965
vn 2.218399 -1.942519 -3.072829
v 42.084957 71.858376 310.714508
vn 2.594575 -1.293180 -3.119361
v 41.529659 70.900948 310.783203
vn 2.966000 -0.653478 -2.985016
v 40.981770 69.957397 310.585022
vn 3.310882 -0.060352 -2.677503
v 40.473125 69.082573 310.131470
vn 3.609360 0.451518 -2.214798
v 40.033291 68.327309 309.448914
vn 3.843351 0.852866 -1.623666
v 39.687820 67.735497 308.577057
vn 4.000141 1.119896 -0.938561
v 39.456802 67.341537 307.566528
vn 4.070019 1.237352 -0.199269
v 39.353653 67.168320 306.476074
vn 4.049176 1.198318 0.551293
v 39.384373 67.225914 305.369049
vn 3.938756 1.005067 1.269418
v 39.547173 67.510971 304.309814
vn 3.745431 0.668778 1.913394
v 39.832592 68.006920 303.359924
vn 3.479773 0.209158 2.445876
v 40.224045 68.684952 302.574554
vn 3.157885 -0.347245 2.835841
v 40.698784 69.505646 301.999390
vn 2.798644 -0.968179 3.060622
v 41.229214 70.421318 301.667847
vn 2.421826 -1.617132 3.107160
v 41.784508 71.378746 301.599152
vn 2.050342 -2.256810 2.972800
v 42.332401 72.322296 301.797333
vn 5.477479 -1.473966 -1.489941
v 43.099751 73.638657 303.296814
vn 5.632194 -1.225856 -1.107895
v 43.416946 74.181999 304.105316
vn 5.745477 -1.074532 -0.651996
v 43.623562 74.534195 305.044861
vn 5.803407 -1.031156 -0.157884
v 43.706615 74.673103 306.056427
vn 5.799362 -1.095883 0.338719
v 43.660892 74.590012 307.076477
vn 5.733463 -1.262642 0.804243
v 43.489258 74.290131 308.040894
vn 5.611266 -1.520187 1.209199
v 43.202507 73.792305 308.889099
vn 5.441895 -1.851598 1.529444
v 42.818645 73.127815 309.567780
vn 5.237334 -2.236222 1.746818
v 42.361805 72.338417 310.034271
vn 5.011302 -2.650758 1.849465
v 41.860680 71.473709 310.259308
vn 4.778332 -3.070337 1.832676
v 41.346764 70.588020 310.228729
vn 4.552992 -3.470033 1.698553
v 40.852345 69.737007 309.944458
vn 4.349233 -3.826199 1.455844
v 40.408493 68.974136 309.424347
vn 4.179399 -4.117585 1.119588
v 40.043095 68.347343 308.701080
vn 4.053560 -4.326694 0.710091
v 39.779106 67.896019 307.820099
vn 3.979610 -4.440440 0.251688
v 39.633121 67.648514 306.836792
vn 3.961719 -4.451174 -0.228062
v 39.614307 67.620384 305.812897
vn 4.001056 -4.356939 -0.700357
v 39.723850 67.813393 304.812775
vn 4.094987 -4.161837 -1.136407
v 39.954865 68.215416 303.899292
vn 4.237844 -3.875788 -1.509067
v 40.292835 68.801193 303.129791
vn 4.420651 -3.514524 -1.794276
v 40.716526 69.533913 302.552643
vn 4.631423 -3.099197 -1.973018
v 41.199318 70.367538 302.204132
vn 4.856476 -2.655829 -2.032266
v 41.710873 71.249695 302.106110
vn 5.080919 -2.214390 -1.967403
v 42.219048 72.124954 302.264801
vn 5.292096 -1.809076 -1.781046
v 42.691910 72.938309 302.670197
vn 5.076961 -1.636899 -2.067917
v 42.730782 72.819237 302.729279
vn 5.347159 -1.194347 -1.666370
v 43.147491 73.534851 303.362671
vn 4.749413 -2.139050 -2.326568
v 42.246395 71.985992 302.331818
vn 4.391623 -2.669093 -2.422862
v 41.727345 71.091896 302.197357
vn 4.029121 -3.197413 -2.350349
v 41.209003 70.197868 302.335052
vn 3.687039 -3.691378 -2.112111
v 40.726696 69.364853 302.735504
vn 3.388381 -4.117034 -1.722830
v 40.313290 68.649612 303.371460
vn 3.153108 -4.443493 -1.208061
v 39.996956 68.100891 304.199554
vn 2.996552 -4.646025 -0.602673
v 39.799252 67.756073 305.163361
vn 2.929410 -4.708365 0.051556
v 39.733654 67.638672 306.197205
vn 2.955837 -4.624276 0.709005
v 39.804634 67.756676 307.230621
vn 3.073945 -4.398321 1.323315
v 40.007351 68.102051 308.193176
vn 3.275193 -4.045514 1.851231
v 40.327988 68.651253 309.019287
vn 3.544924 -3.590257 2.255791
v 40.744701 69.366867 309.652679
vn 3.865031 -3.064795 2.508506
v 41.229084 70.200119 310.050140
vn 4.213078 -2.506407 2.592404
v 41.748135 71.094215 310.184601
vn 4.565483 -1.954892 2.502647
v 42.266476 71.988235 310.046906
vn 4.898631 -1.449348 2.247001
v 42.748783 72.821251 309.646454
vn 5.190987 -1.025480 1.844701
v 43.162193 73.536491 309.010498
vn 5.423825 -0.712403 1.325440
v 43.478527 74.085220 308.182404
vn 5.583210 -0.531690 0.725758
v 43.676228 74.430031 307.218597
vn 5.659267 -0.494102 0.086488
v 43.741825 74.547440 306.184753
vn 5.646340 -0.600620 -0.551273
v 43.670845 74.429436 305.151337
vn 5.541151 -0.840914 -1.149198
v 43.468132 74.084061 304.188782
vn 1.855051 -3.616570 2.197000
v 42.952564 73.197227 303.753723
vn 1.596247 -4.059749 1.522407
v 43.238689 73.687279 304.499634
vn 1.438266 -4.328960 0.734408
v 43.413498 73.984932 305.370972
vn 1.392482 -4.404143 -0.108645
v 43.464020 74.068100 306.303131
vn 1.462641 -4.279876 -0.944091
v 43.386513 73.930634 307.226959
vn 1.643245 -3.965197 -1.710102
v 43.186722 73.582710 308.073944
vn 1.921111 -3.483530 -2.349802
v 42.879471 73.050140 308.781311
vn 2.275526 -2.870582 -2.815785
v 42.487537 72.372421 309.296539
vn 2.680240 -2.171907 -3.073433
v 42.040001 71.599823 309.581451
vn 3.105310 -1.439218 -3.103684
v 41.570042 70.789635 309.614929
vn 3.519077 -0.726802 -2.904288
v 41.112522 70.001953 309.394440
vn 3.890906 -0.087656 -2.490021
v 40.701374 69.295189 308.936371
vn 4.193249 0.430926 -1.891637
v 40.367085 68.721771 308.274689
vn 4.403576 0.790504 -1.153470
v 40.134453 68.324219 307.458466
vn 4.506480 0.964247 -0.330296
v 40.020729 68.132011 306.548248
vn 4.494137 0.939496 0.516820
v 40.034348 68.159416 305.611542
vn 4.367618 0.717907 1.325111
v 40.174301 68.404396 304.717773
vn 4.136194 0.316003 2.034584
v 40.430206 68.848778 303.933289
vn 3.817061 -0.236400 2.592615
v 40.783085 69.459610 303.316254
vn 3.433924 -0.898385 2.957841
v 41.206764 70.191589 302.912415
vn 3.015124 -1.620819 3.103144
v 41.669827 70.990425 302.751740
vn 2.591795 -2.350141 3.017776
v 42.137924 71.796867 302.846130
vn 2.195294 -3.032237 2.708092
v 42.576344 72.551117 303.188599
vn 1.722789 -2.757975 2.709033
v 42.389660 72.659424 303.189056
vn 1.382497 -3.342253 2.197988
v 42.765884 73.305534 303.754181
vn 1.123720 -3.785484 1.523481
v 43.052010 73.795586 304.500092
vn 0.965606 -4.054917 0.735604
v 43.226814 74.093231 305.371429
vn 0.919989 -4.129837 -0.107421
v 43.277336 74.176407 306.303558
vn 0.990030 -4.005690 -0.942962
v 43.199829 74.038933 307.227417
vn 1.170648 -3.691134 -1.709024
v 43.000042 73.691010 308.074402
vn 1.448503 -3.209301 -2.348618
v 42.692787 73.158447 308.781769
vn 1.802939 -2.596449 -2.814718
v 42.300858 72.480728 309.296997
vn 2.207697 -1.897742 -3.072203
v 41.853317 71.708130 309.581909
vn 2.632675 -1.164998 -3.102640
v 41.383362 70.897942 309.615387
vn 3.046514 -0.452616 -2.903234
v 40.925842 70.110260 309.394897
vn 3.418304 0.186514 -2.488853
v 40.514690 69.403496 308.936829
vn 3.720565 0.704913 -1.890327
v 40.180405 68.830078 308.275146
vn 3.931092 1.064839 -1.152412
v 39.947773 68.432518 307.458923
vn 4.033838 1.238365 -0.329137
v 39.834045 68.240318 306.548706
vn 4.021646 1.213847 0.518065
v 39.847668 68.267723 305.611969
vn 3.895004 0.992056 1.326238
v 39.987617 68.512703 304.718231
vn 3.663633 0.590255 2.035794
v 40.243523 68.957085 303.933746
vn 3.344451 0.037714 2.593661
v 40.596401 69.567917 303.316711
vn 2.961331 -0.624185 2.959066
v 41.020084 70.299896 302.912872
vn 2.542547 -1.346653 3.104166
v 41.483143 71.098732 302.752197
vn 2.119176 -2.075999 3.019068
v 41.951244 71.905174 302.846588
vn 4.052363 0.189529 -2.211518
v 42.751255 73.280190 303.783539
vn 4.311166 0.632616 -1.536875
v 43.033936 73.764343 304.520447
vn 4.469113 0.901572 -0.748739
v 43.206635 74.058411 305.381287
vn 4.514931 0.977132 0.094209
v 43.256550 74.140579 306.302216
vn 4.444789 0.852549 0.929709
v 43.179977 74.004768 307.214935
vn 4.264035 0.537832 1.695622
v 42.982594 73.661034 308.051727
vn 3.986274 0.056327 2.335431
v 42.679039 73.134880 308.750580
vn 3.631768 -0.556677 2.801282
v 42.291828 72.465324 309.259613
vn 3.227024 -1.255327 3.059143
v 41.849678 71.702026 309.541077
vn 2.801849 -1.987818 3.089216
v 41.385380 70.901596 309.574127
vn 2.388278 -2.700317 2.889799
v 40.933369 70.123398 309.356323
vn 2.016420 -3.339540 2.475679
v 40.527172 69.425148 308.903778
vn 1.714005 -3.858341 1.877413
v 40.196911 68.858627 308.250061
vn 1.503814 -4.217425 1.138971
v 39.967079 68.465866 307.443665
vn 1.400784 -4.391555 0.315930
v 39.854725 68.275978 306.544403
vn 1.413286 -4.366472 -0.531203
v 39.868179 68.303055 305.618958
vn 1.539665 -4.145184 -1.339518
v 40.006447 68.545082 304.735992
vn 1.771173 -3.743190 -2.048871
v 40.259270 68.984116 303.960938
vn 2.090296 -3.190909 -2.607147
v 40.607899 69.587585 303.351318
vn 2.473456 -2.528799 -2.972142
v 41.026478 70.310753 302.952362
vn 2.892250 -1.806413 -3.117689
v 41.483963 71.099968 302.793610
vn 3.315501 -1.077129 -3.032032
v 41.946423 71.896698 302.886871
vn 3.712287 -0.394969 -2.722680
v 42.379562 72.641861 303.225189
vn 3.239677 -0.120905 -2.721299
v 42.691948 72.460632 303.224457
vn 3.579711 0.463533 -2.210190
v 43.063641 73.098961 303.782776
vn 3.838509 0.906697 -1.535667
v 43.346317 73.583107 304.519684
vn 2.842994 -0.802924 -3.031018
v 42.258808 71.715469 302.886108
vn 2.419636 -1.532222 -3.116387
v 41.796345 70.918732 302.792847
vn 2.000895 -2.254668 -2.971049
v 41.338863 70.129517 302.951599
vn 1.617707 -2.916631 -2.605868
v 40.920280 69.406357 303.350555
vn 1.298547 -3.469075 -2.047787
v 40.571651 68.802879 303.960175
vn 1.067138 -3.870948 -1.338342
v 40.318829 68.363846 304.735229
vn 0.940583 -4.092488 -0.530084
v 40.180565 68.121819 305.618195
vn 0.928254 -4.117271 0.317057
v 40.167107 68.094742 306.543640
vn 1.031108 -3.943463 1.140232
v 40.279461 68.284630 307.442902
vn 1.241529 -3.583971 1.878385
v 40.509293 68.677399 308.249298
vn 1.543824 -3.065346 2.476790
v 40.839554 69.243912 308.903015
vn 1.915676 -2.426212 2.891059
v 41.245754 69.942162 309.355560
vn 2.329250 -1.713638 3.090423
v 41.697765 70.720360 309.573395
vn 2.754461 -0.981171 3.060191
v 42.162064 71.520790 309.540314
vn 3.159170 -0.282445 2.802536
v 42.604214 72.284088 309.258850
vn 3.513645 0.330500 2.336548
v 42.991425 72.953644 308.749817
vn 3.791566 0.812123 1.696868
v 43.294975 73.479797 308.050964
vn 3.972218 1.126778 0.930872
v 43.492359 73.823532 307.214172
vn 4.042240 1.251114 0.095359
v 43.568935 73.959351 306.301453
vn 3.996587 1.175877 -0.747634
v 43.519020 73.877174 305.380524
vn 4.507170 -0.016792 -2.054565
v 42.922440 72.854393 304.066071
vn 4.761211 0.417738 -1.301244
v 43.190792 73.313919 304.784729
vn 4.892600 0.640862 -0.433016
v 43.341202 73.569641 305.628357
vn 4.889884 0.632653 0.472937
v 43.360306 73.598824 306.521912
vn 4.753572 0.393613 1.336123
v 43.246410 73.398872 307.386078
vn 4.495017 -0.054468 2.079928
v 43.009628 72.987564 308.143982
vn 4.138426 -0.672721 2.637994
v 42.671005 72.401443 308.728363
vn 3.713885 -1.404897 2.961159
v 42.260624 71.692581 309.087219
vn 3.260839 -2.187232 3.020219
v 41.814953 70.923973 309.188751
vn 2.818176 -2.949328 2.810392
v 41.373592 70.163902 309.023865
vn 2.425475 -3.623599 2.350164
v 40.975754 69.479919 308.607239
vn 2.117814 -4.150454 1.680280
v 40.656792 68.932785 307.975891
vn 1.922973 -4.482973 0.860376
v 40.445045 68.571121 307.185913
vn 1.857823 -4.591546 -0.036737
v 40.359329 68.427063 306.307526
vn 1.928488 -4.466654 -0.931281
v 40.407261 68.513405 305.418732
vn 2.127887 -4.119107 -1.743837
v 40.584579 68.822487 304.598541
vn 2.438627 -3.579889 -2.402277
v 40.875534 69.326836 303.919830
vn 2.833751 -2.897088 -2.847866
v 41.254265 69.981644 303.442871
vn 3.277455 -2.131193 -3.041245
v 41.687126 70.728722 303.210083
vn 3.730764 -1.350324 -2.965022
v 42.135651 71.501694 303.242126
vn 4.153487 -0.624354 -2.625984
v 42.559990 72.231880 303.536163
vn -4.766792 -0.416866 -1.280485
v 40.616379 68.677223 304.788666
vn -4.516447 0.018533 -2.034541
v 40.881546 69.137299 304.069153
vn -4.165266 0.626467 -2.607061
v 41.241650 69.760223 303.538116
vn -3.744514 1.353140 -2.947259
v 41.664684 70.490631 303.242767
vn -3.291932 2.134099 -3.024767
v 42.113064 71.263626 303.209320
vn -2.846495 2.899345 -2.833056
v 42.546951 72.010529 303.440796
vn -2.449533 3.581824 -2.388648
v 42.927792 72.664970 303.916565
vn -2.135562 4.120415 -1.731300
v 43.221745 73.168800 304.594360
vn -1.932428 4.467319 -0.919339
v 43.402695 73.477257 305.414001
vn -1.858136 4.591648 -0.024993
v 43.454559 73.562927 306.302643
vn -1.919269 4.482355 0.872282
v 43.372730 73.418190 307.181305
vn -2.110736 4.149252 1.692815
v 43.164482 73.055923 307.971924
vn -2.414743 3.621773 2.363638
v 42.848316 72.508308 308.604248
vn -2.805277 2.946911 2.825228
v 42.452324 71.824005 309.022095
vn -3.246779 2.184637 3.036505
v 42.011692 71.063812 309.188354
vn -3.700454 1.402422 2.978736
v 41.565575 70.295273 309.088226
vn -4.126135 0.670220 2.656953
v 41.153610 69.586685 308.730621
vn -4.486200 0.053229 2.099724
v 40.812405 69.001007 308.147339
vn -4.747622 -0.394619 1.356826
v 40.572269 68.590279 307.390137
vn -4.887934 -0.632834 0.494078
v 40.454552 68.390991 306.526367
vn -4.894461 -0.640582 -0.411844
v 40.469700 68.420860 305.632751
vn -0.742282 -3.700215 -0.344528
v 17.994770 36.635654 263.064301
vn 0.791163 -0.547136 -3.298152
v 20.646420 41.228447 257.760986
vn -0.093557 -4.750298 0.360319
v 18.633808 36.715187 263.501312
vn 2.346435 -0.395473 -3.762844
v 21.384174 41.319832 258.252686
vn -0.469772 -4.912025 -0.071264
v 19.257265 36.700752 263.925568
vn 2.029499 -0.408529 -3.931410
v 22.159393 41.334858 258.691040
vn -0.821210 -5.015168 -0.468292
v 19.895376 36.604599 264.344025
vn 1.704493 -0.391094 -4.078657
v 22.963633 41.273041 259.071503
vn -1.161066 -5.059298 -0.811770
v 20.545315 36.435738 264.740997
vn 1.373861 -0.342691 -4.202658
v 23.784920 41.135033 259.388641
vn -1.489265 -5.068160 -1.138448
v 21.203760 36.203156 265.100342
vn 1.041429 -0.264012 -4.302138
v 24.613766 40.922253 259.638947
vn -1.802346 -5.022504 -1.380714
v 21.867907 35.916855 265.406250
vn 0.712393 -0.154296 -4.372287
v 25.436712 40.638264 259.818848
vn -2.096309 -4.944733 -1.557061
v 22.535196 35.590260 265.644836
vn -0.031919 -4.812226 -2.104395
v 24.113388 36.815971 263.979767
vn 0.796025 -3.682598 -0.869939
v 23.201395 35.236351 265.803741
vn 0.389002 -0.017821 -4.413245
v 26.245163 40.286339 259.926849
vn -1.973266 -3.670094 0.350213
v 24.712255 36.521168 264.012634
vn 0.074297 0.146576 -4.426122
v 27.031311 39.869595 259.961853
vn -2.205386 -3.535421 0.350791
v 25.290277 36.185822 264.011230
vn -0.224725 0.338102 -4.411918
v 27.783169 39.394047 259.923126
vn -4.169421 -2.411806 -2.094326
v 25.843325 35.812328 263.975555
vn -0.579905 0.471902 -4.479239
v 28.489555 38.867123 259.811401
vn -3.257811 -4.270885 -1.554281
v 25.568651 33.830368 265.637451
vn -3.470570 -4.054654 -1.376607
v 26.182507 33.413689 265.395752
vn -0.761385 0.782396 -4.297344
v 29.143900 38.294048 259.627930
vn -3.664738 -3.806047 -1.133166
v 26.759581 32.979885 265.086823
vn -0.994704 1.031471 -4.196844
v 29.739094 37.680653 259.374146
vn -3.818738 -3.517405 -0.805345
v 27.286997 32.524475 264.724579
vn -1.200425 1.294200 -4.071655
v 30.265388 37.036850 259.053741
vn -3.947822 -3.201229 -0.460555
v 27.754732 32.044907 264.324921
vn -1.376297 1.567400 -3.923062
v 30.716845 36.370159 258.670197
vn -4.031369 -2.845746 -0.062697
v 28.153404 31.539560 263.903900
vn -1.521626 1.848593 -3.753458
v 31.086979 35.690643 258.229065
vn -4.076052 -2.439791 0.370050
v 28.473837 31.006386 263.477356
vn -0.879678 0.422189 -3.294123
v 31.372032 35.005863 257.734894
vn -2.845062 -2.480262 -0.339435
v 28.720383 30.413071 263.038177
vn -3.595202 -1.134980 -0.859249
v 24.931332 34.232708 265.799530
vn -4.290301 -0.170969 -1.997217
v 32.530476 47.273872 279.425690
vn -3.697635 0.854011 -2.832468
v 32.724670 47.609753 279.152008
vn -2.977541 2.096159 -3.027390
v 32.960651 48.016766 279.088104
vn -4.437439 -1.042211 -0.066644
v 24.963402 34.284195 266.703064
vn -4.621822 -0.747840 -0.710070
v 32.421837 47.084846 279.847473
vn -4.405617 -0.985885 -0.630315
v 24.913185 34.193863 267.602692
vn -1.665687 3.880227 -1.829381
v 30.448042 43.679882 280.518219
vn -3.440432 -1.751637 -2.764080
v 24.782330 33.964680 268.468933
vn -1.661793 4.365908 -0.793831
v 30.566137 43.881680 280.937744
vn -4.211987 -0.529451 1.772128
v 32.534386 47.275089 280.743042
vn -4.617529 -0.746505 0.738874
v 32.423244 47.085285 280.322266
vn -3.662006 -0.024036 2.539397
v 32.775486 47.667904 286.167389
vn -1.641908 4.394015 0.670506
v 30.572653 43.890896 281.417908
vn -3.633966 0.024500 2.579587
v 31.301659 45.136337 284.066925
vn -1.966936 3.828317 1.981919
v 30.466085 43.705402 281.847931
vn -2.561719 2.799361 2.837917
v 30.271015 43.367996 282.128601
vn -3.289431 1.544489 3.040941
v 30.032446 42.956501 282.195221
vn -1.787272 -2.597146 5.401194
v 29.805405 42.565845 282.032349
vn -3.690325 -0.071269 2.498047
v 34.226112 50.159214 288.330261
vn -5.075889 0.174991 0.579372
v 35.652451 52.608398 290.555847
vn -3.924087 1.343432 2.696171
v 39.046974 58.435139 296.338562
vn -4.243169 -0.019008 2.153441
v 36.821678 54.611439 293.489960
vn -4.639757 -0.696923 0.793095
v 36.952377 54.834839 293.938263
vn -4.068953 -1.020138 -1.121669
v 35.101398 51.648613 292.929230
vn -2.089587 3.693019 2.153449
v 36.111996 53.388187 293.489960
vn -2.770813 2.515538 2.938840
v 36.336483 53.776215 293.231140
vn -3.559092 1.156815 2.938874
v 36.596249 54.223957 293.231140
vn -4.023454 -1.215995 -0.500951
v 34.981876 51.439331 293.708405
vn -1.700811 4.375454 -0.777712
v 35.983875 53.163296 294.455902
vn -1.697897 4.373804 0.793089
v 35.982933 53.163841 293.938263
vn -4.033480 -1.236866 0.344893
v 34.972202 51.419231 294.523682
vn -2.628953 1.172536 3.103476
v 36.326004 53.741573 297.182617
vn -2.426795 1.792599 3.122906
v 36.734932 54.446552 297.151489
vn -2.097378 3.697526 -2.138053
v 36.114574 53.386696 294.904175
vn -2.781487 2.521700 -2.923409
v 36.340004 53.774178 295.162994
vn -3.569736 1.163024 -2.923412
v 36.599766 54.221920 295.162994
vn -4.250987 -0.014483 -2.138000
v 36.824257 54.609947 294.904175
vn -4.642604 -0.695289 -0.777650
v 36.953320 54.834290 294.455872
vn -3.042237 0.460825 2.906838
v 35.927582 53.055622 296.993103
vn -3.928803 -1.059859 1.165680
v 35.073090 51.589813 295.314819
vn -3.414260 -0.178459 2.495803
v 35.569111 52.439404 296.596893
vn -3.717207 -0.698216 1.900833
v 35.277088 51.938457 296.023346
vn -2.856667 3.782878 3.392323
v 41.019756 61.820637 299.891022
vn -3.839933 -0.309071 2.254475
v 40.045601 60.148548 298.217010
vn -2.813707 0.561708 2.442702
v 40.952011 61.703297 300.026489
vn -2.228950 2.907714 -2.781820
v 33.185211 48.403164 279.248413
vn -3.706215 0.358524 2.711704
v 35.243923 51.956753 278.037567
vn -1.903863 3.390064 -2.414069
v 37.103638 55.135590 284.397522
vn -3.365752 1.442162 3.019509
v 35.473270 52.351276 278.228058
vn -2.614642 2.737290 2.862842
v 35.719978 52.776733 278.176575
vn -1.621079 3.491250 -2.229768
v 37.996181 56.689610 280.685150
vn -1.994505 3.809901 2.007957
v 35.923717 53.129089 277.895752
vn -1.656734 4.397660 0.663948
v 36.034668 53.322178 277.454224
vn -1.684048 4.356874 -0.840437
v 36.025696 53.308788 276.959991
vn 2.128132 4.191113 -4.121222
v 35.898998 53.092197 276.533875
vn -0.161334 4.559121 -1.991608
v 42.629864 64.614883 295.369934
vn -1.685599 4.370142 -0.776827
v 42.402592 64.233200 292.973389
vn -1.689178 4.369862 0.795740
v 42.401646 64.233742 292.455750
vn -1.634890 3.469081 -2.255210
v 40.094776 60.289806 284.751923
vn -2.077132 3.690642 2.152116
v 42.530712 64.458084 292.007446
vn -1.649086 3.444763 -2.282019
v 42.159863 63.832935 288.655365
vn -2.753283 2.507204 2.941747
v 42.755199 64.846115 291.748627
vn -3.546950 1.145766 2.940699
v 43.014961 65.293854 291.748627
vn -0.830647 3.246388 -0.586261
v 44.156525 67.259140 292.316589
vn -4.241337 -0.022747 -2.138766
v 43.242973 65.679848 293.421661
vn -3.556474 1.152807 -2.925803
v 43.018482 65.291817 293.680481
vn -2.764275 2.512245 -2.926800
v 42.758720 64.844078 293.680481
vn -1.659661 3.425968 -2.302132
v 43.168930 65.564392 290.521179
vn -4.230169 -0.026698 2.156919
v 43.240395 65.681343 292.007446
vn -4.624286 -0.709430 0.794447
v 43.371094 65.904739 292.455719
vn -4.629935 -0.704685 -0.781319
v 43.372036 65.904190 292.973358
vn -2.079259 3.690186 -2.139962
v 42.533287 64.456596 293.421661
vn 2.562571 3.859378 -4.235131
v 32.037937 36.232498 259.260681
vn 2.556031 3.845161 -4.252232
v 32.664070 37.516346 260.804840
vn 2.053908 4.136430 -4.251045
v 22.195705 43.589684 260.830322
vn 2.063237 4.149132 -4.233912
v 21.386326 42.412148 259.286621
vn 2.036487 4.112257 -4.283129
v 23.917332 45.935951 263.927734
vn 2.543679 3.818002 -4.284345
v 33.857681 40.168949 263.903534
vn 2.010067 4.066894 -4.338875
v 27.521124 50.657890 270.104980
vn 2.517214 3.772673 -4.340082
v 36.190670 45.628159 270.083862
vn 1.984982 4.018278 -4.395153
v 31.131950 55.514881 276.246277
vn 2.487106 3.726962 -4.396384
v 38.637283 51.160580 276.227997
vn 2.567082 3.936442 -4.122301
v 34.169064 54.095837 276.538086
vn 1.965083 3.977998 -4.440648
v 32.878403 58.039288 279.308685
vn 3.827310 0.330308 -2.243033
v 36.266247 57.693253 280.689362
vn 1.778942 4.008405 -4.477267
v 34.533714 60.678093 282.378021
vn 3.814826 0.307369 -2.268476
v 38.364841 61.293449 284.756134
vn 1.921194 3.914075 -4.515578
v 35.857849 62.949741 284.930725
vn 1.901654 3.883443 -4.550538
v 37.168007 65.197578 287.416870
vn 3.800661 0.283033 -2.295286
v 40.429928 64.836578 288.659576
vn 1.883795 3.838540 -4.595764
v 38.455379 67.406502 289.816498
vn 3.789523 0.264570 -2.315398
v 41.438992 66.568039 290.525391
vn 1.862383 3.798489 -4.637687
v 39.711140 69.561386 292.109741
vn 3.230033 0.890707 -0.597816
v 42.426590 68.262779 292.320801
vn 3.724404 2.467993 -0.842108
v 42.072063 68.753784 292.545502
vn 4.021567 1.713549 -1.371645
v 41.824375 69.416847 292.952118
vn 4.041596 0.971054 -1.959677
v 41.818089 70.026779 293.423676
vn 1.840793 3.737561 -4.696136
v 40.926510 71.647102 294.276672
vn 3.821534 0.379570 -2.552280
v 41.987823 70.489166 293.857025
vn 3.401151 -0.067484 -3.185790
v 42.313404 70.872215 294.296112
vn 2.747600 -0.380845 -3.816564
v 42.871693 71.177032 294.775238
vn 1.948507 -0.504884 -4.290658
v 43.552944 71.286392 295.156860
vn 1.799107 3.680867 -4.756209
v 42.092571 73.648590 296.297394
vn 2.327176 -0.829289 -2.533245
v 44.152889 71.225533 295.372559
vn 3.744007 0.184886 -2.396788
v 44.875286 72.465508 296.610321
vn 1.777453 3.635398 -4.798929
v 42.330750 74.159904 296.777496
vn 1.751019 3.592270 -4.840823
v 42.492199 74.707108 297.247070
vn 3.730953 0.159432 -2.420857
v 45.563766 73.647377 297.763824
vn 1.713991 3.544280 -4.888873
v 42.681625 75.851776 298.153229
vn 3.716195 0.130570 -2.447426
v 46.217747 74.770134 298.832062
vn 1.679265 3.510714 -4.924265
v 42.854317 76.967834 299.012848
vn 1.663518 3.513217 -4.927133
v 42.994865 77.479256 299.424286
vn 1.333264 3.914895 -4.613767
v 43.203800 77.940475 299.822998
vn 3.662134 0.315853 -2.323991
v 46.836670 75.832825 299.814178
vn 2.461875 3.689785 -4.441848
v 39.973087 53.923229 279.291412
vn 2.580463 3.543295 -4.479295
v 41.453465 56.663525 282.361176
vn 2.427785 3.619913 -4.517021
v 42.777599 58.935173 284.913879
vn 2.410927 3.588038 -4.551721
v 44.087761 61.183014 287.400024
vn 2.380618 3.550299 -4.596967
v 45.375130 63.391933 289.799652
vn 2.356291 3.511936 -4.638893
v 46.630890 65.546814 292.092896
vn 0.301594 4.457251 -0.821484
v 44.753670 67.194572 292.536285
vn -0.494998 4.350444 -1.347044
v 45.432980 67.298927 292.924347
vn -1.162808 4.000680 -1.946269
v 45.995121 67.605118 293.414795
vn 2.313912 3.463077 -4.697283
v 47.846195 67.632568 294.259827
vn -1.577318 3.510222 -2.540497
v 46.313072 67.980759 293.847229
vn -1.758300 2.923899 -3.175487
v 46.485481 68.453499 294.287292
vn -1.707826 2.201190 -3.807856
v 46.473797 69.090164 294.768707
vn -1.420536 1.447837 -4.282884
v 46.231983 69.732925 295.150940
vn 2.285189 3.398866 -4.757383
v 49.012321 69.634026 296.280548
vn -1.884091 1.613522 -2.522946
v 45.882828 70.221893 295.368347
vn -1.706539 3.347086 -2.383519
v 46.605225 71.461861 296.606110
vn -1.722253 3.323156 -2.407579
v 47.293705 72.643730 297.759613
vn 2.231872 3.313219 -4.842033
v 49.736347 70.504333 297.229431
vn 2.256289 3.357616 -4.800078
v 49.339737 70.093567 296.760437
vn 2.208372 3.257443 -4.890077
v 50.639339 71.235023 298.133850
vn -1.740068 3.296086 -2.434139
v 47.947685 73.766487 298.827850
vn 2.196392 3.210661 -4.925527
v 51.525627 71.937080 298.991730
vn 2.206524 3.198669 -4.928113
v 51.901340 72.312065 299.402618
vn -1.544837 3.340274 -2.308129
v 48.566608 74.829178 299.809967
vn 2.750711 3.178538 -4.532717
v 52.199459 72.721497 299.801178
vn -0.802926 0.570589 -4.082185
v 20.077206 41.478577 257.831573
vn -1.679175 0.730418 -3.780639
v 19.494415 41.584206 258.033844
vn -2.564869 -1.150448 -0.076034
v 16.264832 37.639294 263.068512
vn -2.553373 0.634094 -3.312882
v 18.955097 41.535000 258.347992
vn -3.708452 -0.146905 -2.201772
v 18.208632 41.006027 259.180939
vn -3.249780 0.305171 -2.755256
v 18.512047 41.335773 258.743256
vn 1.353966 -4.211168 0.671914
v 31.081459 30.642054 265.670227
vn 1.332064 -4.248021 0.219487
v 31.096910 30.724779 266.419373
vn 1.342886 -4.223207 -0.243975
v 31.056562 30.708546 267.173248
vn 1.390902 -4.138388 -0.702227
v 30.962751 30.593269 267.911407
vn 1.475149 -3.996041 -1.144829
v 30.818098 30.380657 268.620453
vn -4.205416 -0.700424 -1.131003
v 16.945780 38.428837 268.654236
vn 1.593257 -3.785190 -1.544328
v 30.626692 30.075151 269.283051
vn -4.087193 -0.499099 -1.537278
v 16.777979 38.109634 269.316772
vn -2.496563 -4.304688 0.356119
v 23.688038 34.067566 269.343750
vn -1.937618 -4.578909 0.320910
v 22.791515 34.520996 269.434601
vn 1.409837 -4.114505 1.105998
v 31.008978 30.462997 264.940582
vn 1.495632 -3.965543 1.513269
v 30.879148 30.192518 264.247467
vn 1.603400 -3.780607 1.882749
v 30.692438 29.837984 263.606842
vn 0.274056 -2.797474 -0.082951
v 30.450321 29.409428 263.033966
vn 1.734676 -3.533126 -1.924646
v 30.393602 29.684158 269.883118
vn -3.426912 -3.441424 0.032492
v 25.279335 32.864304 269.676178
vn -3.012211 -3.955597 0.323716
v 24.526983 33.514145 269.430389
vn -3.738818 -2.798627 -0.407994
v 25.887941 32.130730 270.050720
vn 1.899631 -3.252265 -2.267997
v 30.123367 29.214733 270.409271
vn -3.911815 -2.014607 -0.991509
v 26.304712 31.320303 270.495697
vn 2.091894 -2.919274 -2.543809
v 29.823566 28.680077 270.846741
vn -3.858959 -1.184315 -1.565761
v 26.494804 30.443672 270.939117
vn 2.299087 -2.553969 -2.759137
v 29.499733 28.090780 271.187408
vn -3.710665 -0.563495 -1.952724
v 26.498222 29.966087 271.144592
vn -3.562497 -0.045380 -2.281986
v 26.436523 29.465866 271.323975
vn 2.525122 -2.165339 -2.906175
v 29.158283 27.459396 271.423584
vn -3.371249 0.472717 -2.579745
v 26.311703 28.964025 271.459381
vn 2.766136 -1.771506 -2.968899
v 28.807018 26.802071 271.548981
vn -3.154018 1.080517 -2.882820
v 26.140944 28.482244 271.543671
vn 2.883570 -1.447740 -2.926605
v 28.453161 26.134678 271.560760
vn -2.268818 -0.588315 -1.746987
v 25.702553 27.572651 271.557220
vn 0.699931 -1.908662 -1.455801
v 28.388927 26.014122 271.550690
vn -1.286526 -4.683212 0.027296
v 21.854847 34.851059 269.684509
vn -3.935829 -0.244614 -1.911120
v 16.556427 37.711948 269.916809
vn -0.575290 -4.634013 -0.415619
v 20.917303 35.014500 270.062836
vn -3.774476 0.039587 -2.254285
v 16.284956 37.243240 270.442932
vn 0.189075 -4.393748 -1.001529
v 20.008516 34.973110 270.511017
vn -3.581831 0.372332 -2.529994
v 15.971209 36.716675 270.880432
vn 0.881518 -3.934567 -1.577322
v 19.154762 34.702080 270.956970
vn -3.368378 0.734026 -2.745308
v 15.621601 36.142330 271.221191
vn 1.345474 -3.496943 -1.964984
v 18.739214 34.467564 271.163483
vn 1.720500 -3.110351 -2.294868
v 18.336237 34.165337 271.343689
vn -3.143682 1.123485 -2.892374
v 15.243822 35.532024 271.457458
vn 2.074236 -2.686581 -2.592993
v 17.963028 33.807602 271.479706
vn 2.493002 -2.195608 -2.896564
v 17.629847 33.420052 271.564392
vn 0.609019 -2.257886 -1.753993
v 17.057852 32.587971 271.578247
vn -2.698690 1.790785 -2.913106
v 14.444289 34.262077 271.594849
vn -2.921571 1.528328 -2.955065
v 14.847989 34.900555 271.582947
vn -2.009776 -0.336717 -1.449218
v 14.371478 34.146500 271.584808
vn 0.176936 -3.850286 -2.772905
v 23.052393 34.968323 268.473145
vn -4.285524 -0.845151 -0.688399
v 17.055971 38.661442 267.945251
vn 1.328532 -4.312612 -0.644274
v 23.183247 35.197506 267.606903
vn -4.333664 -0.929877 -0.230152
v 17.106792 38.801659 267.207214
vn 1.297478 -4.369392 -0.080601
v 23.233463 35.287838 266.707275
vn -4.348145 -0.952600 0.233295
v 17.098114 38.846333 266.453461
vn -4.325397 -0.916220 0.685748
v 17.031239 38.793446 265.704407
vn -4.267597 -0.820677 1.119824
v 16.909115 38.643188 264.974915
vn -4.179412 -0.673093 1.527093
v 16.736221 38.397694 264.281891
vn -4.070977 -0.488542 1.896572
v 16.518782 38.060986 263.641357
vn 1.929848 -5.187036 -1.982822
v 40.206657 64.395920 301.964142
vn 1.045552 -3.547664 0.716208
v 40.161755 64.318146 302.053955
vn 0.133590 -4.119453 0.410458
v 41.615673 67.241592 298.551849
vn 0.062542 -4.615749 0.805682
v 39.817318 64.309776 301.850800
vn 0.634937 -4.446978 1.240243
v 39.513802 64.229530 301.603180
vn 1.064519 -3.844660 1.113748
v 41.100506 67.089607 298.162628
vn 1.127811 -4.142085 1.743021
v 39.267570 64.081413 301.325378
vn 1.688406 -3.242942 1.951251
v 40.756889 66.757133 297.702881
vn 1.470112 -3.732837 2.273328
v 39.092030 63.873501 301.033234
vn 1.659561 -3.225386 2.806001
v 38.996506 63.617023 300.742706
vn 1.906387 -2.400780 2.785470
v 40.637138 66.294777 297.242615
vn 1.688272 -2.659036 3.320488
v 38.986446 63.325893 300.469147
vn 1.561146 -2.079378 3.760094
v 39.062908 63.016636 300.227509
vn 1.685180 -1.458064 3.491830
v 40.759476 65.772934 296.851837
vn 1.876400 -2.044844 2.439901
v 39.222073 62.706940 300.030701
vn 4.714314 -0.609573 3.373802
v 39.289818 62.824280 299.895233
vn 1.055696 -0.544124 3.968395
v 41.105286 65.271049 296.590118
vn 0.597881 -0.917071 4.376183
v 39.619350 62.448048 299.712219
vn 0.121304 0.191692 4.133409
v 41.621914 64.865540 296.497253
vn -0.186288 -0.340049 4.490861
v 40.046341 62.136559 299.648376
vn -1.076967 0.054597 4.380302
v 40.528915 61.920353 299.709991
vn -0.981945 0.637998 3.973265
v 42.230717 64.618118 296.587372
vn -2.088652 0.730790 3.504392
v 42.839005 64.566475 296.846802
vn -2.745094 0.281765 3.638450
v 41.489529 61.761597 300.360565
vn -3.023305 0.454835 2.797988
v 43.354168 64.718460 297.235992
vn -3.177110 0.168872 3.219946
v 41.604805 61.803719 300.459930
vn -3.595724 -0.142030 2.845734
v 41.838451 61.942616 300.712036
vn -3.645945 -0.147543 1.964245
v 43.697784 65.050941 297.695740
vn -3.950801 -0.560731 2.319120
v 42.027946 62.158894 301.015503
vn -4.151573 -1.115219 1.760881
v 42.125732 62.413918 301.309570
vn -3.863098 -0.986707 1.128243
v 43.817539 65.513290 298.156036
vn -4.160740 -1.757678 1.199756
v 42.125317 62.770508 301.650879
vn -3.641451 -1.932295 0.420451
v 43.695198 66.035133 298.546783
vn -4.010380 -2.324710 0.712775
v 42.029259 63.071083 301.888916
vn -3.603769 -0.859147 0.688802
v 41.891693 63.314503 302.049744
vn -5.468048 -0.895061 -1.964836
v 41.936596 63.392277 301.959930
vn -3.011339 -2.843036 -0.057009
v 43.349392 66.537018 298.808533
vn -3.159892 -3.564152 0.205416
v 41.607063 63.768505 302.142944
vn -2.074400 -3.574624 -0.227006
v 42.832760 66.942528 298.901398
vn -2.396363 -4.130941 0.102719
v 41.180073 64.079994 302.206757
vn -1.524966 -4.512719 0.201346
v 40.697498 64.296204 302.145142
vn -0.973656 -4.025205 -0.061884
v 42.223957 67.189949 298.811249
vn 1.328956 -3.767218 2.585321
v 41.362370 66.405853 297.701416
vn 1.517587 -2.636338 3.659007
v 41.300186 66.033180 297.347595
vn 0.952449 -1.400445 4.446699
v 41.486435 65.625908 297.088013
vn -0.215135 -0.390710 4.737417
v 41.871208 65.293152 296.992218
vn -1.672297 0.122334 4.453094
v 42.351402 65.124084 297.085907
vn -3.028591 0.001208 3.670189
v 42.798359 65.164001 297.343933
vn -3.920681 -0.721671 2.598046
v 43.092308 65.402214 297.697205
vn -4.109305 -1.852600 1.524350
v 43.154488 65.774887 298.051056
vn -3.544141 -3.088463 0.736611
v 42.968239 66.182159 298.310638
vn -2.376569 -4.098197 0.446021
v 42.583469 66.514915 298.406433
vn -0.919363 -4.611231 0.730249
v 42.103271 66.683983 298.312744
vn 0.436952 -4.490124 1.513251
v 41.656319 66.644066 298.054688
vn -3.952677 -0.492140 2.022387
v 42.282288 63.983967 302.952789
vn -2.101373 -4.207731 4.159286
v 44.446072 61.739563 301.952148
vn 0.336488 0.259780 3.184804
v 45.297974 63.199459 303.976807
vn -2.020844 -4.058123 4.343951
v 43.544254 60.193264 300.014679
vn -1.946893 -3.938748 4.485400
v 42.606659 58.585018 298.145233
vn -0.679393 -3.004993 4.991912
v 40.603920 57.531860 296.334778
vn -2.036440 -2.101751 5.073237
v 41.641880 56.929676 296.332245
vn 0.565136 -3.021125 3.677129
v 44.260010 63.801643 303.979340
vn -3.975525 -0.540209 1.957245
v 42.640789 64.598236 303.826141
vn -4.013866 -0.589291 1.876566
v 42.966694 65.156448 304.668640
vn 1.882559 -4.371993 0.837804
v 44.816479 64.754532 305.475220
vn -3.750968 -4.673416 0.323429
v 43.259537 65.657806 305.479004
vn -4.162103 2.335122 2.158118
v 42.478531 64.321259 303.182861
vn -4.205732 -0.577449 -1.712356
v 43.556572 66.176086 303.981934
vn -4.351700 -0.831363 -1.151236
v 43.369766 65.851074 304.700073
vn -2.614508 -1.174783 0.121772
v 43.812298 66.619499 303.354034
vn -5.527287 2.778682 0.383229
v 43.456169 66.008621 302.646942
vn -1.354668 0.785977 2.224776
v 43.100037 65.397736 301.939850
vn 1.637422 -3.923054 1.757876
v 30.804449 48.278728 280.747253
vn 1.539279 -3.681203 2.006065
v 40.552353 64.987610 302.957001
vn 4.100862 -2.458713 2.137985
v 40.748592 65.324898 303.187073
vn 1.511418 -3.723519 1.943878
v 40.910854 65.601883 303.830353
vn 1.579959 -3.934074 -1.726437
v 41.826637 67.179726 303.986145
vn 1.434007 -4.188001 -1.165324
v 41.639828 66.854721 304.704285
vn 1.362771 -0.790615 2.218144
v 41.370102 66.401382 301.944061
vn 5.157055 -3.419936 0.357261
v 41.726231 67.012260 302.651154
vn 0.278283 -2.853060 0.114712
v 42.082359 67.623146 303.358246
vn -2.194145 -5.576619 0.319637
v 41.529598 66.661453 305.483215
vn 1.487518 -3.780962 1.863167
v 41.236755 66.160088 304.672852
vn 1.973754 -3.805130 -2.012474
v 30.800537 48.277515 279.429901
vn 2.566360 -2.780119 -2.847699
v 30.994734 48.613392 279.156219
vn 3.286581 -1.538011 -3.042668
v 31.230713 49.020409 279.092316
vn 3.620428 -0.485865 -2.796053
v 31.455275 49.406803 279.252625
vn 2.160672 -3.045212 2.697428
v 33.513985 52.960396 278.041779
vn 3.879159 0.034980 -2.428146
v 35.373703 56.139233 284.401733
vn 2.933543 -2.212412 3.004161
v 33.743336 53.354919 278.232269
vn 3.684491 -0.917203 2.847501
v 33.990044 53.780376 278.180786
vn 4.304713 0.155326 1.992610
v 34.193779 54.132732 277.899963
vn 4.642426 0.743148 0.648621
v 34.304729 54.325821 277.458435
vn 4.615085 0.702350 -0.855768
v 34.295757 54.312431 276.964203
vn 4.634864 0.700873 0.780367
v 40.671711 65.237381 292.459961
vn 4.627617 0.707461 -0.792190
v 40.672653 65.236839 292.977600
vn 4.242721 0.024127 2.136733
v 40.800774 65.461731 292.011658
vn 3.553850 -1.151935 2.926399
v 41.025261 65.849754 291.752838
vn 2.765886 -2.516686 2.925316
v 41.285027 66.297501 291.752838
vn 2.084276 -3.690115 2.141553
v 41.510456 66.684982 292.011658
vn 1.682243 -4.368227 0.779106
v 41.641155 66.908379 292.459930
vn 1.683445 -4.367495 -0.796726
v 41.642097 66.907837 292.977570
vn 2.077607 -3.688746 -2.154147
v 41.513035 66.683487 293.425873
vn 4.030674 2.126853 -2.001730
v 40.899925 65.618523 295.374146
vn 2.755323 -2.509111 -2.941198
v 41.288544 66.295464 293.684692
vn 3.542301 -1.146570 -2.942150
v 41.028782 65.847717 293.684692
vn 4.227746 0.031105 -2.155317
v 40.803352 65.460236 293.425873
vn 1.642203 -4.381989 -0.725306
v 30.691898 48.088490 279.851685
vn 4.188586 0.483805 -1.843633
v 28.718103 44.683525 280.522430
vn 1.646506 -4.380645 0.723621
v 30.693308 48.088928 280.326477
vn 4.612061 0.726063 -0.809100
v 28.836201 44.885323 280.941956
vn 1.805991 -3.196353 2.526087
v 31.045547 48.671543 286.171600
vn 4.631912 0.754172 0.655241
v 28.842714 44.894539 281.422119
vn 1.834365 -3.148003 2.566274
v 29.571720 46.139980 284.071136
vn 4.306938 0.188477 1.966654
v 28.736147 44.709045 281.852142
vn 3.711996 -0.840418 2.822648
v 28.541079 44.371635 282.132812
vn 2.984567 -2.095426 3.025651
v 28.302507 43.960144 282.199432
vn -1.347850 -2.852081 5.400124
v 28.075468 43.569485 282.036560
vn 3.123942 -2.745871 2.678777
v 37.317036 59.438782 296.342773
vn 2.673402 -4.320847 0.560506
v 33.922512 53.612041 290.560059
vn 1.778892 -3.244294 2.484734
v 32.496174 51.162857 288.334473
vn 1.646184 -3.490605 2.242021
v 38.315662 61.152187 298.221222
vn 2.772066 -1.223581 3.110249
v 35.004993 55.450195 297.155701
vn 2.089591 -3.693042 -2.153430
v 35.094318 55.613590 294.908386
vn 1.697921 -4.373792 -0.793078
v 35.223385 55.837933 294.460083
vn 1.700806 -4.375462 0.777716
v 35.222439 55.838478 293.942444
vn 2.334068 -1.706806 3.091405
v 34.596066 54.745213 297.186829
vn 0.939548 -4.095341 -0.513030
v 33.251938 52.442970 293.712616
vn 4.243139 0.018995 -2.153470
v 34.384636 54.390335 294.908386
vn 3.559090 -1.156809 -2.938879
v 34.610065 54.777821 295.167206
vn 0.929506 -4.116181 0.332815
v 33.242264 52.422874 294.527893
vn 1.920634 -2.418458 2.894755
v 34.197643 54.059265 296.997314
vn 1.034189 -3.939208 1.153615
v 33.343155 52.593456 295.319031
vn 1.548815 -3.057841 2.483739
v 33.839172 53.443047 296.601105
vn 1.245839 -3.577478 1.888670
v 33.547150 52.942101 296.027557
vn 4.639771 0.696904 -0.793150
v 34.253937 54.166939 294.460114
vn 1.129915 -4.036318 -1.134330
v 33.371460 52.652256 292.933441
vn 4.642607 0.695273 0.777649
v 34.252995 54.167484 293.942474
vn 4.250990 0.014478 2.137996
v 34.382057 54.391827 293.494171
vn 3.569736 -1.163016 2.923418
v 34.606548 54.779858 293.235352
vn 2.781471 -2.521724 2.923431
v 34.866310 55.227600 293.235352
vn 2.097397 -3.697535 2.138022
v 35.091743 55.615082 293.494171
vn 2.770816 -2.515537 -2.938843
v 34.869831 55.225563 295.167206
vn -2.496225 -3.823628 4.310809
v 36.751019 64.424805 300.293884
vn -2.429648 -3.679497 4.470985
v 35.780567 62.760262 298.343536
vn -0.796467 -2.822559 5.069028
v 34.722130 60.944244 296.349091
vn -2.253859 -2.092860 4.994661
v 35.760094 60.342060 296.346558
vn -2.623134 -3.941116 4.123461
v 37.621048 65.916519 302.182983
vn -2.862857 -1.020602 3.714540
v 39.416183 66.611839 303.991150
vn -4.726743 -0.537521 0.853914
v 39.972652 67.564728 305.487000
vn -0.021709 0.334870 3.419921
v 38.378223 67.214027 303.993652
vn -4.171554 -1.097895 0.413464
v 14.403675 34.088669 271.971741
vn -4.138153 -1.378523 0.938006
v 14.496178 33.997509 272.342194
vn 1.182163 -4.199995 -0.481218
v 17.044659 32.493912 272.583801
vn -4.006255 -1.704113 1.424923
v 14.646248 33.875866 272.683655
vn -3.779960 -2.065041 1.854209
v 14.849568 33.727451 272.984253
vn -3.465086 -2.452423 2.209242
v 15.100046 33.556934 273.232758
vn -3.069655 -2.849848 2.473797
v 15.389394 33.370171 273.418854
vn -2.606955 -3.239002 2.634364
v 15.707726 33.173737 273.534241
vn -2.263049 -3.599850 2.655140
v 16.042665 32.975426 273.572906
vn 0.719612 -2.394728 0.986500
v 17.135139 32.341614 273.570251
vn 3.028706 -0.001242 -3.670064
v 43.434395 69.699959 300.175995
vn 0.436876 -4.490045 1.513309
v 42.020180 67.250473 303.004425
vn 5.527285 -2.778680 -0.383252
v 43.140446 69.461754 299.822723
vn 4.109454 1.852468 -1.524361
v 43.078262 69.089081 299.468903
vn 1.517536 -2.636326 3.658961
v 41.664051 66.639587 302.297333
vn 3.544162 3.088458 -0.736573
v 43.264511 68.681801 299.209320
vn 0.952610 -1.400330 4.447035
v 41.850296 66.232315 302.037720
vn 2.376544 4.098185 -0.445956
v 43.649284 68.349052 299.113525
vn 2.014416 3.452292 4.737392
v 42.235069 65.899559 301.941956
vn 0.919313 4.611300 -0.730183
v 44.129478 68.179977 299.207214
vn -1.672213 0.122560 4.453458
v 42.715267 65.730492 302.035614
vn -0.436835 4.490026 -1.513305
v 44.576431 68.219902 299.465240
vn -3.028730 0.001270 3.670095
v 43.162220 65.770409 302.293671
vn -5.157041 3.419969 -0.357213
v 44.870380 68.458107 299.818512
vn -1.517843 2.636496 -3.659034
v 44.932564 68.830780 300.172363
vn -4.109003 -1.852695 1.524387
v 43.518349 66.381294 303.000793
vn -0.952447 1.400464 -4.446731
v 44.746315 69.238060 300.431946
vn -3.543962 -3.088276 0.736888
v 43.332104 66.788567 303.260376
vn 0.215150 0.390715 -4.737451
v 44.361542 69.570808 300.527740
vn -2.491350 -4.278466 -3.760592
v 42.947330 67.121323 303.356140
vn 1.672409 -0.122368 -4.453133
v 43.881348 69.739876 300.434052
vn -0.919311 -4.610997 0.730523
v 42.467133 67.290390 303.262482
vn -3.676789 0.813583 -2.835839
v 37.020370 68.902405 293.657562
vn -4.109900 0.010980 -2.168442
v 37.203701 69.219467 293.403931
vn -4.094770 -0.226125 -1.597860
v 37.337688 69.376747 293.066467
vn -2.996138 1.978600 -3.050011
v 36.799660 68.521683 293.726959
vn -2.337767 3.109250 -2.655883
v 36.585384 68.152885 293.598358
vn -1.832431 3.979948 -1.731969
v 36.420063 67.869194 293.297241
vn -1.581342 4.417543 -0.462462
v 36.336514 67.726921 292.883423
vn -1.634327 4.335530 0.899263
v 36.351318 67.754295 292.439026
vn -1.892927 3.815236 1.855738
v 36.461533 67.945892 292.052216
vn -2.058676 3.259233 2.121982
v 36.653557 68.202766 291.820465
vn -2.253011 2.570584 2.128407
v 36.920963 68.481651 291.729889
vn -2.654245 1.647578 1.816875
v 37.195202 68.762711 291.787964
vn -3.183921 0.693992 1.104271
v 37.401653 69.032639 291.991699
vn -3.589912 0.007941 0.060651
v 37.481842 69.254570 292.309998
vn -3.918794 -0.282610 -0.896717
v 37.445080 69.381027 292.684479
vn -5.532462 2.920881 0.401986
v 29.822781 56.518368 288.375763
vn -5.512658 2.991755 0.237105
v 30.027302 56.869537 288.699219
vn -5.229384 3.443913 -0.291055
v 32.104626 60.470646 283.812073
vn -5.513467 2.990836 0.232936
v 30.231285 57.219776 289.024017
vn -5.435935 3.151002 0.013910
v 30.434732 57.569080 289.350159
vn -5.734156 2.407060 -0.269859
v 29.502193 55.944847 293.366577
vn -2.770808 2.515522 2.938854
v 30.281702 57.288963 293.245880
vn -3.559072 1.156826 2.938857
v 30.541466 57.736706 293.245880
vn -4.243135 -0.019007 2.153478
v 30.766897 58.124187 293.504700
vn -5.764299 2.331930 -0.052366
v 29.412088 55.786598 294.066498
vn -1.700811 4.375450 -0.777696
v 29.929092 56.676044 294.470642
vn -1.697902 4.373807 0.793079
v 29.928150 56.676590 293.953003
vn -2.089595 3.693035 2.153442
v 30.057213 56.900932 293.504700
vn -5.746206 2.361764 0.266268
v 29.452908 55.853943 294.785431
vn -2.097394 3.697536 -2.138048
v 30.059792 56.899441 294.918915
vn -5.673789 2.482724 0.549897
v 29.619318 56.138077 295.429321
vn -5.555387 2.688617 0.759461
v 29.889557 56.601841 295.914032
vn -5.405282 2.946871 0.875603
v 30.228287 57.184597 296.176147
vn -2.781491 2.521702 -2.923418
v 30.285223 57.286926 295.177734
vn -5.296312 3.155703 0.856557
v 30.591215 57.810139 296.181427
vn -3.569749 1.163023 -2.923409
v 30.544985 57.734669 295.177734
vn -4.250989 -0.014479 -2.137998
v 30.769474 58.122696 294.918915
vn -5.435529 3.151676 0.017438
v 33.768631 63.291615 295.064240
vn -4.642612 -0.695279 -0.777660
v 30.898539 58.347038 294.470612
vn -4.639768 -0.696908 0.793147
v 30.897596 58.347584 293.952972
vn -5.522987 2.974483 0.216260
v 34.651218 64.805916 296.727264
vn -5.325417 3.316273 -0.195852
v 35.428886 66.173973 290.143311
vn -5.525599 2.970075 0.210320
v 35.567272 66.377228 298.550568
vn -2.373466 2.574194 2.953956
v 38.256660 71.002502 301.008911
vn -2.061935 3.106301 2.658194
v 37.713112 70.063423 301.530243
vn -5.529674 2.962974 0.202385
v 36.570862 68.098038 300.704926
vn -1.863457 3.305754 2.354300
v 37.239933 69.244698 302.275177
vn -2.710543 1.999601 3.108395
v 38.844540 72.016953 300.736084
vn -5.329116 3.310200 -0.200210
v 38.533848 71.502228 295.778168
vn -5.327276 3.313084 -0.199245
v 37.308804 69.399834 293.593903
vn -3.055091 1.410331 3.114386
v 39.448586 73.058167 300.724884
vn -5.336206 3.298854 -0.205143
v 39.711784 73.524025 297.819336
vn -3.388814 0.832875 2.972447
v 40.039864 74.076279 300.975830
vn -5.347582 3.279622 -0.219036
v 40.014587 74.044083 298.265656
vn -3.698350 0.293323 2.688306
v 40.590050 75.022507 301.476929
vn -5.358802 3.259237 -0.240007
v 40.340805 74.604813 298.636749
vn -1.697909 4.373811 0.793066
v 41.255077 76.168556 301.531616
vn -2.089597 3.693037 2.153430
v 41.384140 76.392899 301.083313
vn -1.700773 4.375436 -0.777657
v 41.256020 76.168015 302.049225
vn -3.969967 -0.179503 2.275593
v 41.072781 75.851517 302.204132
vn -2.097403 3.697570 -2.138015
v 41.386719 76.391411 302.497528
vn -4.190389 -0.563013 1.754000
v 41.464935 76.523613 303.122650
vn -2.781478 2.521730 -2.923440
v 41.612152 76.778893 302.756348
vn -4.019059 -0.490187 1.467929
v 41.747730 77.006577 304.188416
vn -3.569761 1.163009 -2.923411
v 41.871914 77.226639 302.756348
vn -5.140962 3.528599 0.436196
v 42.345692 78.042282 302.992493
vn -4.250987 -0.014484 -2.138014
v 42.096401 77.614662 302.497528
vn -4.985915 3.710536 0.415296
v 42.458221 78.237411 302.713593
vn -4.642631 -0.695306 -0.777648
v 42.225468 77.839005 302.049225
vn -4.907174 3.807724 0.309347
v 42.538921 78.377853 302.393829
vn -4.639760 -0.696890 0.793118
v 42.224522 77.839554 301.531586
vn -4.895579 3.834201 0.158071
v 42.583984 78.456978 302.047089
vn -4.880078 3.853992 -0.039904
v 42.591663 78.471718 301.688995
vn -4.243139 -0.019005 2.153471
v 42.093826 77.616158 301.083313
vn -4.907990 3.814399 -0.233546
v 42.561344 78.420944 301.335419
vn -4.929107 3.772812 -0.380315
v 42.494644 78.307373 301.002014
vn -4.987226 3.672364 -0.560209
v 42.394283 78.135635 300.703827
vn -5.058278 3.579096 -0.608707
v 42.264931 77.913719 300.453735
vn -5.332285 3.296754 -0.262667
v 41.993317 77.447075 300.092285
vn -3.559073 1.156822 2.938849
v 41.868393 77.228676 300.824493
vn -5.355256 3.259880 -0.271741
v 41.690372 76.926193 299.783447
vn -2.770811 2.515513 2.938861
v 41.608631 76.780930 300.824493
vn -5.365009 3.246506 -0.259458
v 41.025379 75.782265 299.235809
vn -5.324785 3.317420 -0.194143
v 34.356628 64.334213 288.130096
vn -5.323822 3.318979 -0.193123
v 33.247570 62.431435 286.017822
vn -1.210826 -4.449771 2.934170
v 31.327606 55.117504 290.566376
vn 1.129923 -4.036311 -1.134339
v 30.776556 54.157719 292.939758
vn -2.914920 -3.987882 0.973671
v 31.033798 55.303246 290.538757
vn -3.563311 -4.547794 -2.199664
v 29.911587 54.659542 292.941864
vn -3.310176 -3.669922 0.872854
v 30.762074 55.506283 290.455261
vn -4.204610 -3.024579 0.825426
v 30.520693 55.720444 290.318451
vn 2.772075 -1.223595 3.110246
v 32.410088 56.955658 297.162018
vn -0.353264 0.952812 6.097715
v 31.545118 57.457481 297.164124
vn 2.334018 -1.706839 3.091398
v 32.001160 56.250679 297.193146
vn -0.968340 -0.124208 6.025787
v 31.136192 56.752499 297.195251
vn 1.920701 -2.418497 2.894756
v 31.602739 55.564728 297.003601
vn -1.772296 -1.508278 5.643360
v 30.737770 56.066551 297.005707
vn 1.548799 -3.057777 2.483744
v 31.244268 54.948509 296.607422
vn -2.495554 -2.751600 4.843983
v 30.379299 55.450329 296.609528
vn 1.245816 -3.577493 1.888695
v 30.952242 54.447563 296.033875
vn -3.084820 -3.762379 3.686685
v 30.087275 54.949387 296.035980
vn 1.034182 -3.939212 1.153609
v 30.748247 54.098919 295.325348
vn -3.496430 -4.465860 2.257036
v 29.883278 54.600739 295.327454
vn 0.929511 -4.116190 0.332811
v 30.647358 53.928341 294.534210
vn -3.700007 -4.810053 0.660687
v 29.782389 54.430161 294.536316
vn 0.939541 -4.095342 -0.513037
v 30.657032 53.948437 293.718903
vn -3.680490 -4.769488 -0.984407
v 29.792063 54.450256 293.721008
vn -1.304667 -0.823778 5.461636
v 34.310886 61.283627 296.334839
vn -2.389588 -0.167141 5.222312
v 34.023468 61.732964 296.292725
vn 4.642620 0.695274 0.777648
v 31.658087 55.672947 293.948792
vn 4.250986 0.014487 2.138002
v 31.787151 55.897293 293.500488
vn 3.569750 -1.163024 2.923429
v 32.011639 56.285320 293.241669
vn 2.781485 -2.521720 2.923414
v 32.271404 56.733063 293.241669
vn 2.097385 -3.697531 2.138072
v 32.496834 57.120544 293.500488
vn 1.700818 -4.375453 0.777712
v 32.627533 57.343945 293.948761
vn 1.697912 -4.373806 -0.793098
v 32.628475 57.343399 294.466400
vn 2.089588 -3.693030 -2.153436
v 32.499413 57.119053 294.914703
vn 2.770802 -2.515534 -2.938864
v 32.274921 56.731026 295.173523
vn 3.559072 -1.156823 -2.938855
v 32.015160 56.283283 295.173523
vn 4.243130 0.019012 -2.153480
v 31.789728 55.895802 294.914703
vn 4.639763 0.696890 -0.793132
v 31.659031 55.672401 294.466431
vn -4.060268 -1.238186 0.235479
v 39.948627 67.519135 306.484833
vn 0.941242 -4.139881 0.223281
v 44.792454 64.708931 306.473022
vn 1.019814 -4.007627 0.986524
v 44.893295 64.878639 307.452484
vn -3.981701 -1.105947 0.998704
v 40.049473 67.688843 307.464264
vn 1.190799 -3.715865 1.687834
v 45.112713 65.253067 308.352448
vn -3.810715 -0.814189 1.700003
v 40.268890 68.063263 308.364227
vn 1.443514 -3.282772 2.283445
v 45.437019 65.808853 309.116791
vn -3.558002 -0.381086 2.295605
v 40.593193 68.619049 309.128571
vn 1.762187 -2.735377 2.736204
v 45.845974 66.511314 309.697815
vn -3.239356 0.166286 2.748359
v 41.002148 69.321510 309.709595
vn 2.126958 -2.107885 3.017848
v 46.314064 67.316620 310.059265
vn -2.874545 0.793801 3.030020
v 41.470238 70.126823 310.071075
vn 2.515003 -1.439296 3.110843
v 46.812084 68.174538 310.178619
vn -2.486460 1.462406 3.123024
v 41.968258 70.984741 310.190399
vn -2.099299 2.130215 3.021548
v 42.465134 71.841728 310.060150
vn 2.902244 -0.771486 3.009375
v 47.308960 69.031532 310.048370
vn 3.264361 -0.146066 2.719730
v 47.773693 69.834129 309.676697
vn -1.737171 2.755593 2.731920
v 42.929867 72.644333 309.688477
vn 3.578877 0.397934 2.260049
v 48.177284 70.532265 309.086761
vn -1.422624 3.299601 2.272218
v 43.333462 73.342461 309.098572
vn 3.826087 0.826606 1.658955
v 48.494556 71.082367 308.315399
vn -1.175440 3.728306 1.671121
v 43.650730 73.892563 308.327179
vn 3.990649 1.113186 0.953982
v 48.705708 71.450119 307.410706
vn -1.010869 4.014847 0.966172
v 43.861885 74.260315 307.422516
vn 3.613489 4.570123 1.627683
v 45.510689 73.519493 306.437164
vn -1.899882 4.170398 1.411990
v 43.953747 74.422775 306.440948
vn 4.568541 0.417689 1.396219
v 48.797569 71.612572 306.429169
vn 2.179813 5.401888 1.631178
v 47.240627 72.515854 306.432953
vn -1.351387 4.355442 -0.457776
v 47.220680 72.485016 305.587280
vn 4.450141 0.989622 -0.471895
v 45.490742 73.488663 305.591492
vn -1.436350 4.211702 -1.097418
v 47.111889 72.300941 304.768250
vn 4.365176 0.845883 -1.111540
v 45.381954 73.304581 304.772461
vn -1.586915 3.954669 -1.687613
v 46.919132 71.971855 304.012543
vn 4.214649 0.588848 -1.701731
v 45.189194 72.975502 304.016754
vn 3.975863 0.390231 -2.104530
v 44.921097 72.516159 303.358246
vn -1.642280 3.649661 -2.090851
v 46.651035 71.512512 303.354034
vn 0.878964 -0.405245 -4.086389
v 31.871956 34.635719 257.802887
vn 1.452425 -1.088579 -3.791047
v 32.253658 34.181793 258.002808
vn 1.805614 -1.894780 -3.323432
v 32.479771 33.688511 258.315063
vn 1.705066 -3.287603 -2.214952
v 32.394096 32.776173 259.146393
vn 1.868159 -2.663970 -2.767786
v 32.528164 33.204170 258.709137
vn 3.791013 0.533310 2.051705
v 46.955441 76.021881 303.547638
vn -0.851052 2.615283 3.811797
v 44.648132 75.625488 305.052185
vn 1.792852 4.283117 4.144734
v 43.322571 78.129532 303.556488
vn -0.613384 -0.481272 2.729633
v 42.572205 76.829857 305.057220
vn 2.245133 -2.433802 2.621461
v 17.706198 33.570213 274.133606
vn -1.507746 -2.093392 5.724784
v 17.039213 34.451740 274.325989
vn 2.055677 -2.800982 2.877432
v 18.327686 34.751923 274.743500
vn -1.619645 -2.248642 5.635914
v 18.034836 35.887745 275.149994
vn -0.048509 -3.934890 3.455521
v 19.665339 36.992065 276.057220
vn -1.728839 -2.519781 5.486487
v 20.017698 38.677475 276.948395
vn -3.379280 -2.002500 3.463626
v 28.247942 32.012775 276.036316
vn -1.309536 -2.763082 5.485460
v 29.539433 33.153336 276.925201
vn -1.127643 -2.534063 5.634730
v 28.095242 30.051088 275.125488
vn -3.441321 0.388163 2.890815
v 26.962379 29.742413 274.722504
vn -1.048098 -2.360060 5.723669
v 27.339788 28.475750 274.300903
vn -3.217632 0.735479 2.634755
v 26.242764 28.617630 274.112823
vn -1.992127 -3.756982 2.654463
v 26.550055 26.879446 273.547333
vn -2.432496 -0.565999 0.994162
v 25.457579 27.513258 273.549988
vn -1.534827 -2.860687 5.379105
v 30.926031 36.193295 278.866089
vn -1.702031 -2.763695 5.379504
v 21.975588 41.385994 278.887878
vn -1.567169 -3.034820 5.272352
v 32.282646 39.175392 280.913330
vn -1.837520 -2.877964 5.273014
v 23.898516 44.039536 280.933746
vn -1.991856 -2.934992 5.181211
v 25.776505 46.657249 283.069458
vn -2.061258 -3.035344 5.095043
v 27.592756 49.251862 285.284271
vn -2.126268 -3.134598 5.007164
v 29.323902 51.837433 287.573273
vn -2.329280 -3.132311 4.904387
v 30.931826 54.437946 289.938416
vn -2.193996 -3.242734 4.906602
v 31.063976 54.664856 290.147156
vn -2.204174 -3.253104 4.894793
v 31.195904 54.891376 290.356506
vn -3.335621 -3.142513 2.998646
v 32.365570 54.515320 290.563843
vn -1.540567 -3.196831 5.180120
v 33.630787 42.100502 283.050323
vn -1.593406 -3.306790 5.093894
v 34.989803 44.960381 285.266266
vn -1.647738 -3.412233 5.006007
v 36.383488 47.741737 287.556091
vn -1.545189 -3.587318 4.902391
v 37.851574 50.423374 289.921570
vn -1.708039 -3.524773 4.905296
v 37.983727 50.650284 290.130341
vn -1.712164 -3.538311 4.893775
v 38.115654 50.876804 290.339661
vn -3.251233 -3.265988 2.939144
v 38.247356 51.102936 290.549530
vn -1.061590 -4.461933 2.993028
v 37.209396 51.705120 290.552063
vn -4.234611 -1.057389 -0.468037
v 25.631111 27.512390 272.562897
vn -1.508215 -3.876425 2.631677
v 26.888317 26.687195 273.507019
vn -0.941448 -4.084627 2.468606
v 27.216427 26.508589 273.390045
vn -0.401156 -4.230015 2.201808
v 27.521498 26.350492 273.202515
vn 0.090255 -4.310288 1.844803
v 27.792944 26.218210 272.952759
vn 0.514281 -4.326785 1.413925
v 28.021608 26.116005 272.651093
vn 0.860618 -4.278618 0.925840
v 28.200449 26.046824 272.308838
vn 1.118936 -4.167221 0.400596
v 28.324152 26.012552 271.937866
vn -3.981199 -0.989751 1.280958
v 44.467571 75.318863 303.954742
vn -3.809929 -0.710734 1.845428
v 44.176239 74.820900 302.955688
vn -3.585990 -0.332569 2.331904
v 43.786953 74.153496 302.098969
vn -3.315835 0.124861 2.715918
v 43.316837 73.346024 301.422241
vn -3.011305 0.641427 2.980593
v 42.786583 72.433998 300.955322
vn -2.688915 1.193741 3.114318
v 42.219521 71.457565 300.718750
vn -2.362709 1.760698 3.112381
v 41.640591 70.459679 300.722931
vn -2.044477 2.316764 2.973945
v 41.075275 69.484238 300.967651
vn -1.747813 2.835729 2.704855
v 40.548443 68.574165 301.442200
vn -1.491572 3.295063 2.319793
v 40.083275 67.769508 302.125641
vn -1.275262 3.681750 1.820996
v 39.700237 67.105659 302.987946
vn -3.304386 -0.094768 1.811126
v 41.853207 77.073364 304.497253
vn -1.852654 3.041354 2.388660
v 37.137241 68.988380 302.564026
vn -1.836105 2.642791 2.627720
v 37.114975 68.720367 302.860016
vn -1.704339 2.221753 2.810959
v 37.170677 68.448921 303.149811
vn -1.494543 1.798323 2.960527
v 37.298748 68.180260 303.418335
vn -1.208417 1.373765 3.085262
v 37.492390 67.918350 303.651672
vn -0.843713 0.952545 3.190493
v 37.743828 67.666534 303.834900
vn -0.336936 0.593384 3.133214
v 38.043591 67.429268 303.953125
vn -2.351923 0.061303 2.312448
v 42.036602 77.062202 304.775177
vn -1.282076 -0.101024 2.543422
v 42.284931 76.976639 304.979431
vn -1.117732 2.809062 -2.391771
v 40.159893 74.270798 303.923279
vn -0.804238 3.348072 -1.734585
v 40.453846 74.774628 304.601105
vn -0.600898 3.694854 -0.922577
v 40.634792 75.083084 305.420746
vn -0.526489 3.819070 -0.028252
v 40.686657 75.168755 306.309357
vn -0.587878 3.709990 0.869017
v 40.604828 75.024025 307.188019
vn -0.778854 3.376575 1.689616
v 40.396580 74.661751 307.978668
vn -1.083367 2.849363 2.360413
v 40.080414 74.114136 308.610992
vn -1.473717 2.174364 2.821954
v 39.684422 73.429832 309.028839
vn -1.915514 1.412274 3.033207
v 39.243793 72.669640 309.195099
vn -2.369597 0.630327 2.975469
v 38.797676 71.901100 309.094971
vn -2.795212 -0.101921 2.653698
v 38.385712 71.192520 308.737366
vn -3.154637 -0.719407 2.096577
v 38.044502 70.606834 308.154053
vn -3.415871 -1.167228 1.353581
v 37.804371 70.196106 307.396881
vn -3.556153 -1.405485 0.490836
v 37.686649 69.996819 306.533112
vn -3.562994 -1.413036 -0.415092
v 37.701801 70.026688 305.639465
vn -3.435392 -1.189284 -1.283728
v 37.848476 70.283051 304.795410
vn -3.184947 -0.754143 -2.037833
v 38.113647 70.743126 304.075897
vn -2.833286 -0.146279 -2.610410
v 38.473747 71.366051 303.544861
vn -2.412416 0.580304 -2.950546
v 38.896782 72.096458 303.249512
vn -1.959362 1.360987 -3.028060
v 39.345165 72.869453 303.216064
vn -1.514699 2.126615 -2.836138
v 39.779053 73.616356 303.447510
vn 3.091106 0.514893 -3.867263
v 42.531921 68.417931 298.614502
vn 4.250994 0.014476 2.137997
v 45.708984 73.883797 301.072784
vn 3.569741 -1.163027 2.923421
v 45.933475 74.271828 300.813965
vn 2.781482 -2.521721 2.923412
v 46.193237 74.719566 300.813965
vn 2.097394 -3.697532 2.138031
v 46.418671 75.107048 301.072784
vn 3.751264 0.744282 -1.823151
v 47.081261 76.252281 300.321045
vn 3.956667 1.095111 -1.046559
v 47.245747 76.533195 300.942902
vn 1.700800 -4.375446 0.777717
v 46.549366 75.330444 301.521057
vn 4.043170 1.245356 -0.191698
v 47.317165 76.653412 301.630737
vn 4.011521 1.182424 0.677717
v 47.289886 76.603455 302.330353
vn 1.697906 -4.373818 -0.793067
v 46.550308 75.329903 302.038696
vn 3.856852 0.912423 1.497241
v 47.166058 76.387260 302.986572
vn 2.089593 -3.693036 -2.153441
v 46.421246 75.105560 302.487000
vn 2.770799 -2.515536 -2.938793
v 46.196758 74.717529 302.745819
vn 3.559071 -1.156817 -2.938865
v 45.936993 74.269791 302.745819
vn 4.243141 0.018996 -2.153456
v 45.711563 73.882301 302.487000
vn 4.639771 0.696890 -0.793133
v 45.580864 73.658905 302.038727
vn 4.642607 0.695285 0.777653
v 45.579922 73.659454 301.521088
vn 1.564308 4.458785 -3.904363
v 43.394096 78.266937 300.190643
vn 1.957943 5.113137 -2.760052
v 43.541618 78.519371 300.629333
vn 2.218407 5.474006 -1.667829
v 43.639809 78.686562 301.119568
vn 2.277505 5.677759 -0.359954
v 43.684296 78.761055 301.639587
vn 2.302110 5.607236 0.962844
v 43.673103 78.739563 302.166229
vn 2.112530 5.359262 2.100226
v 43.606731 78.623016 302.676086
vn 1.846084 4.831761 3.307288
v 43.488129 78.416611 303.146484
vn -4.068958 -1.020132 -1.121673
v 31.814518 53.555534 292.937225
vn -2.426795 1.792597 3.122906
v 33.448051 56.353474 297.159485
vn -2.628963 1.172553 3.103490
v 33.039124 55.648491 297.190613
vn -3.042270 0.460870 2.906850
v 32.640701 54.962543 297.001099
vn -3.414171 -0.178478 2.495802
v 32.282230 54.346325 296.604919
vn -3.717211 -0.698172 1.900754
v 31.990206 53.845379 296.031342
vn -3.928807 -1.059879 1.165697
v 31.786209 53.496731 295.322815
vn -4.033481 -1.236849 0.344885
v 31.685320 53.326153 294.531677
vn -4.023452 -1.216004 -0.500953
v 31.694996 53.346249 293.716400
vn -1.697923 4.373791 0.793082
v 32.696049 55.070763 293.946259
vn -2.089595 3.693040 2.153438
v 32.825115 55.295105 293.497955
vn -2.770823 2.515514 2.938855
v 33.049603 55.683136 293.239136
vn -3.559075 1.156837 2.938845
v 33.309364 56.130878 293.239136
vn -4.243172 -0.018999 2.153445
v 33.534798 56.518360 293.497955
vn -4.639753 -0.696936 0.793097
v 33.665497 56.741756 293.946259
vn -4.642633 -0.695233 -0.777694
v 33.666439 56.741211 294.463898
vn -4.250965 -0.014473 -2.138031
v 33.537376 56.516869 294.912170
vn -3.569733 1.163022 -2.923425
v 33.312885 56.128838 295.170990
vn -2.781476 2.521706 -2.923420
v 33.053123 55.681099 295.170990
vn -2.097392 3.697529 -2.138042
v 32.827690 55.293613 294.912170
vn -1.700795 4.375455 -0.777707
v 32.696995 55.070217 294.463898
vn -3.744607 -0.239506 2.355234
v 34.970493 58.987011 294.928131
vn -3.713100 -0.199216 2.399099
v 34.138618 57.559185 293.486481
vn 1.659188 -3.374574 2.342076
v 33.932529 59.589195 294.930634
vn 1.678782 -3.327375 2.385984
v 33.100655 58.161373 293.489014
vn -5.187330 3.528878 0.082934
v 19.777813 43.394325 262.278564
vn -5.317972 3.283221 0.569988
v 15.465247 35.798462 272.360809
vn -5.296468 3.311954 0.602285
v 16.488167 37.292904 273.197723
vn -5.126663 3.615569 0.173425
v 21.521488 45.772789 265.415619
vn -5.278135 3.337456 0.629286
v 18.530262 40.192192 275.032074
vn -5.274690 3.347455 0.617968
v 20.551527 43.003635 277.018036
vn -5.114194 3.634866 0.183901
v 25.139503 50.517197 271.620331
vn -5.288654 3.331640 0.592167
v 22.539164 45.754322 279.116913
vn -5.316899 3.286232 0.584808
v 24.482193 48.465614 281.310730
vn -5.159046 3.575547 0.099756
v 28.742224 55.366474 277.751282
vn -5.357580 3.231820 0.515499
v 26.363050 51.151367 283.587738
vn -5.225544 3.479983 -0.020287
v 30.474882 57.872223 280.790680
vn -5.421844 3.139839 0.408095
v 28.156797 53.827030 285.942261
vn 2.376544 4.098216 -0.446010
v 42.224762 65.905525 296.285095
vn 3.625936 2.073201 -0.387417
v 40.462597 66.239906 295.693604
vn 3.920644 0.721643 -2.598063
v 41.715923 67.018227 296.994324
vn 4.109099 1.852696 -1.524371
v 41.653740 66.645554 296.640472
vn 3.544131 3.088462 -0.736623
v 41.839989 66.238281 296.380890
vn 1.998955 -0.716784 -3.617933
v 41.774258 68.489838 298.297943
vn 3.883418 1.266981 -0.959347
v 40.255547 66.891342 296.154236
vn 2.830879 -0.539169 -3.050602
v 41.104282 68.347214 297.839417
vn 3.463648 -0.114121 -2.370462
v 40.594830 68.005562 297.288818
vn 3.828764 0.511806 -1.645832
v 40.301281 67.502029 296.705963
vn 3.028583 -0.001171 -3.670125
v 42.009872 67.256439 297.347595
vn 1.672227 -0.122316 -4.453092
v 42.456825 67.296356 297.605621
vn 0.215156 0.390714 -4.737411
v 42.937023 67.127289 297.699310
vn -0.952476 1.400457 -4.446696
v 43.321793 66.794533 297.603516
vn -1.101353 2.947224 -3.857070
v 44.261856 67.414291 298.610291
vn -1.517420 2.636240 -3.659012
v 43.508041 66.387260 297.343933
vn -1.328988 3.767251 -2.585304
v 43.445858 66.014587 296.990112
vn -1.627585 1.387283 -3.609289
v 44.699184 66.792908 298.290802
vn -0.000470 4.178445 -0.379161
v 43.387524 64.542976 295.686493
vn -1.884123 2.196396 -3.039183
v 44.906239 66.141464 297.830170
vn -0.831416 4.002448 -0.948737
v 44.057499 64.685600 296.144989
vn -1.826843 2.955274 -2.357589
v 44.860500 65.530785 297.278442
vn -1.462041 3.581313 -1.632915
v 44.566952 65.027252 296.695587
vn -0.436965 4.490131 -1.513267
v 43.151909 65.776375 296.636841
vn 0.919401 4.611239 -0.730247
v 42.704956 65.736458 296.378784
vn 1.315074 4.381461 -4.267186
v 20.406725 41.538807 257.974060
vn 1.358252 4.492820 -4.146740
v 20.496305 41.688351 258.165253
vn 1.284901 4.527627 -4.121494
v 20.680407 41.986813 258.548981
vn 0.157352 4.910874 -3.866641
v 20.321947 42.109859 258.627869
vn -0.007044 4.944491 -3.850389
v 20.136250 41.808990 258.241089
vn -0.999054 5.097346 -3.477535
v 19.759260 41.872288 258.369659
vn -0.805906 5.005319 -3.679134
v 19.667873 41.719944 258.175018
vn -0.124724 4.876482 -3.927076
v 20.045759 41.658047 258.048126
vn -2.250050 4.947211 -3.090102
v 19.295738 41.714985 258.351624
vn -2.139570 5.093096 -2.931972
v 19.387947 41.868641 258.547852
vn -1.006306 5.104582 -3.461638
v 19.946543 42.175568 258.759460
vn 0.169179 4.914804 -3.860288
v 20.708609 42.708130 259.403839
vn 1.279080 4.525671 -4.124369
v 21.064539 42.581398 259.320221
vn 1.277323 4.527559 -4.123641
v 21.464746 43.173370 260.094269
vn 1.280945 4.523772 -4.126230
v 21.877092 43.763367 260.869659
vn 1.261277 4.528741 -4.129815
v 22.440708 44.547977 261.904144
vn 0.182008 4.928699 -3.842641
v 21.524542 43.894852 260.959320
vn 0.185307 4.931275 -3.839365
v 22.089663 44.681541 261.996429
vn -0.967088 5.156068 -3.397233
v 21.155043 43.969097 261.101532
vn -0.959398 5.164900 -3.386360
v 21.721689 44.757935 262.141357
vn -2.099123 5.175472 -2.802998
v 20.790659 43.975842 261.292328
vn -2.087155 5.190300 -2.784933
v 21.358755 44.766758 262.334686
vn -3.143366 4.979407 -2.092367
v 20.454678 43.912510 261.521057
vn -3.127984 4.999687 -2.067572
v 21.024044 44.705307 262.565674
vn -4.040197 4.586102 -1.311108
v 20.166887 43.785156 261.772491
vn -4.021994 4.610950 -1.280850
v 20.737268 44.579521 262.819031
vn -4.750646 4.034935 -0.509964
v 19.939898 43.606846 262.029999
vn -4.760938 4.021463 -0.416288
v 20.511000 44.402405 263.077881
vn -4.051139 4.423308 -1.786840
v 18.660532 41.505718 258.810547
vn -3.496025 4.704873 -2.204484
v 18.953220 41.641357 258.568329
vn -3.330070 4.832412 -2.180012
v 19.046108 41.796154 258.765869
vn -4.084556 4.483458 -1.547783
v 18.753912 41.661415 259.009033
vn -4.115381 4.475418 -1.448860
v 18.944729 41.970509 259.405487
vn -4.893269 3.828288 -0.544307
v 18.715466 41.787994 259.658447
vn -4.088369 4.516578 -1.395246
v 19.339613 42.581543 260.196594
vn -4.905539 3.804829 -0.440168
v 19.111246 42.400780 260.451385
vn -4.061447 4.556112 -1.347804
v 19.748064 43.185741 260.985535
vn -4.816102 3.942845 -0.501930
v 19.520441 43.006340 261.241791
vn -5.015388 3.623442 -0.851906
v 18.430458 41.321484 259.061798
vn -4.900899 3.832629 -0.645414
v 18.524124 41.477806 259.260864
vn -4.713827 4.086419 -0.376483
v 22.877230 47.559944 267.240692
vn -4.702028 4.102132 -0.427754
v 21.682371 45.983242 265.164551
vn -4.743947 4.045474 -0.411593
v 21.092707 45.193981 264.122650
vn -3.997412 4.644001 -1.240677
v 21.907507 46.158596 264.903503
vn -4.007769 4.630242 -1.257625
v 21.318367 45.370136 263.862610
vn -3.108330 5.025212 -2.036942
v 22.192806 46.282158 264.647430
vn -3.116232 5.015049 -2.049183
v 21.604328 45.494690 263.607758
vn -2.073365 5.207003 -2.765224
v 22.525763 46.341026 264.413239
vn -2.078323 5.200955 -2.772290
v 21.938055 45.554695 263.374969
vn -0.951965 5.172002 -3.378475
v 22.886763 46.329418 264.216461
vn -0.953899 5.170365 -3.380004
v 22.299892 45.544296 263.179718
vn 0.186198 4.928631 -3.843297
v 23.252748 46.250210 264.068054
vn 0.187205 4.931437 -3.839284
v 22.666729 45.466301 263.032806
vn 1.274565 4.508296 -4.145614
v 23.601873 46.113964 263.972473
vn 1.261327 4.526783 -4.132098
v 23.016668 45.331203 262.938629
vn -4.629047 4.190281 -0.594203
v 27.112448 53.127632 274.437988
vn -4.697489 4.110673 -0.420069
v 25.298428 50.724945 271.365509
vn -4.688245 4.121520 -0.410250
v 24.085314 49.138824 269.307434
vn -3.998856 4.643650 -1.245975
v 25.521456 50.897259 271.100311
vn -3.989477 4.654914 -1.229950
v 24.308884 49.311893 269.043335
vn -3.115546 5.015216 -2.055528
v 25.804598 51.017551 270.839905
vn -3.104989 5.028787 -2.035947
v 24.592468 49.432884 268.783905
vn -2.085896 5.187099 -2.796378
v 26.135469 51.073097 270.601501
vn -2.074610 5.202686 -2.774149
v 24.923647 49.489017 268.546234
vn -0.969233 5.142553 -3.420526
v 26.494562 51.058311 270.400909
vn -0.957583 5.159702 -3.396813
v 25.282904 49.474670 268.346130
vn 0.164844 4.890634 -3.893978
v 26.858902 50.976269 270.249329
vn 0.176303 4.908803 -3.869839
v 25.647268 49.392899 268.194763
vn 1.249779 4.463304 -4.202357
v 27.206688 50.837677 270.151337
vn 1.177814 4.532647 -4.160745
v 25.994963 49.254402 268.096680
vn -4.742463 4.045768 -0.620991
v 29.484804 56.399063 278.508057
vn -4.748899 4.042968 -0.506271
v 28.899508 55.572098 277.493408
vn -4.052423 4.572353 -1.338336
v 29.121586 55.743038 277.226105
vn -4.022374 4.613925 -1.285863
v 27.334864 53.299076 274.171509
vn -3.168972 4.942551 -2.150480
v 29.404633 55.862907 276.964905
vn -3.139351 4.984216 -2.097699
v 27.617712 53.418819 273.910278
vn -2.136591 5.115574 -2.889908
v 29.736326 55.919067 276.727173
vn -2.108738 5.155777 -2.839072
v 27.948643 53.474174 273.671570
vn -1.015046 5.074703 -3.508394
v 30.097107 55.905910 276.528809
vn -0.989966 5.111873 -3.461825
v 28.308144 53.459579 273.471313
vn 0.125453 4.828767 -3.972301
v 30.463829 55.826397 276.380798
vn 0.146737 4.861619 -3.931879
v 28.673180 53.378090 273.320679
vn 1.217771 4.409392 -4.268230
v 30.814457 55.691017 276.287415
vn 1.113320 4.502759 -4.215931
v 29.021870 53.240364 273.224091
vn -4.432433 4.148085 -1.348766
v 32.405346 60.795773 283.370026
vn -4.830513 3.930621 -0.629724
v 30.631472 58.076824 280.531464
vn -4.129015 4.461888 -1.481815
v 30.853559 58.247711 280.263977
vn -4.082084 4.530372 -1.390299
v 29.706839 56.569923 278.240601
vn -3.227658 4.848521 -2.277182
v 31.137428 58.368626 280.003998
vn -3.197667 4.901622 -2.201181
v 29.990076 56.690014 277.979645
vn -2.209703 5.025045 -2.994806
v 31.470776 58.426975 279.768921
vn -2.163109 5.077344 -2.937179
v 30.322201 56.746704 277.742554
vn -1.067576 4.987872 -3.618869
v 31.833952 58.417042 279.574524
vn -1.038260 5.040711 -3.550236
v 30.683632 56.734371 277.545227
vn 0.076904 4.759006 -4.058893
v 32.203629 58.341553 279.431549
vn 0.106362 4.800294 -4.007051
v 31.051168 56.655903 277.398560
vn 1.187262 4.353250 -4.335419
v 32.557533 58.210705 279.343872
vn 1.172287 4.402631 -4.292234
v 31.402710 56.521729 277.306732
vn -3.068409 4.743612 -2.596742
v 32.845966 60.990829 282.970825
vn -1.397816 4.877667 -3.591964
v 33.383354 61.036724 282.653564
vn 0.398437 4.539416 -4.228467
v 33.964912 60.928963 282.449310
vn 1.183619 4.539293 -4.151379
v 24.790411 47.681213 266.036957
vn 0.182929 4.920975 -3.853711
v 24.442318 47.818985 266.134308
vn -0.952620 5.168710 -3.383874
v 24.077452 47.899876 266.284698
vn -2.071382 5.208217 -2.765186
v 23.717602 47.913223 266.483612
vn -3.103630 5.030771 -2.031440
v 23.385765 47.856033 266.719910
vn -3.990182 4.653489 -1.229997
v 23.101486 47.733997 266.977936
vn -2.149643 5.102659 -2.895358
v 19.576679 42.174191 258.940338
vn -0.990635 5.126105 -3.434374
v 20.335718 42.777550 259.540009
vn 0.177015 4.923516 -3.849197
v 21.110723 43.302807 260.181305
vn -0.976946 5.143812 -3.412559
v 20.739742 43.374962 260.320923
vn -2.113439 5.156385 -2.826604
v 20.373968 43.379696 260.509216
vn -3.161647 4.954323 -2.123119
v 20.036789 43.314571 260.735809
vn -2.132560 5.130269 -2.858408
v 19.968172 42.779678 259.725159
vn -3.185173 4.920743 -2.163692
v 19.629484 42.712246 259.949005
vn -3.213263 4.884175 -2.205505
v 19.236046 42.103680 259.160614
vn -4.925834 3.765059 -0.833792
v 36.197563 67.428696 291.019043
vn -4.245337 4.270785 -1.686299
v 36.416828 67.594490 290.746155
vn -3.358745 4.637726 -2.508971
v 36.699257 67.712585 290.483368
vn -3.359446 4.632682 -2.518944
v 37.958736 69.873840 292.783356
vn -4.245161 4.273863 -1.682199
v 37.677773 69.758270 293.048828
vn -4.933391 3.754895 -0.835227
v 37.460037 69.595100 293.324524
vn -4.932533 3.753016 -0.849172
v 38.280426 71.003006 294.793610
vn -4.937051 3.745377 -0.857227
v 39.080925 72.376884 296.201721
vn -4.961951 3.710383 -0.877155
v 39.859097 73.712563 297.543091
vn -5.003600 3.640597 -0.937648
v 40.157513 74.226753 297.995544
vn -4.376004 4.053621 -1.893993
v 40.365128 74.377975 297.719086
vn -4.451519 3.901467 -2.030615
v 40.665718 74.913399 298.126343
vn -3.635607 4.140507 -2.966659
v 40.915733 75.010239 297.877777
vn -3.693305 4.004090 -3.071190
v 41.466438 76.090225 298.644531
vn -2.702125 4.103835 -3.868188
v 41.694927 76.122421 298.471527
vn -2.696075 4.111074 -3.851871
v 42.004486 76.822456 298.985779
vn -1.574899 4.093201 -4.448075
v 42.203655 76.812195 298.873444
vn -1.508360 4.248937 -4.311196
v 42.475670 77.479340 299.402710
vn -0.281562 4.094800 -4.699275
v 42.639122 77.444077 299.337982
vn -0.866648 4.526182 -3.837059
v 42.824738 78.083832 299.908142
vn -5.045653 3.559584 -1.014603
v 40.473183 74.773743 298.384521
vn -4.492923 3.800059 -2.117715
v 41.274311 76.017128 298.838196
vn -3.681608 4.014520 -3.056706
v 41.823647 76.797760 299.123901
vn -2.598346 4.302878 -3.687324
v 42.316704 77.488190 299.493195
vn -5.067648 3.506552 -1.071018
v 41.126621 75.911026 299.039307
vn -4.479872 3.810136 -2.110844
v 41.671722 76.740707 299.278503
vn -3.589252 4.179787 -2.924928
v 42.172489 77.469215 299.604431
vn -3.417682 4.406008 -2.271728
v 42.481087 78.074043 300.138977
vn -5.062311 3.508006 -1.070042
v 41.555092 76.657501 299.439056
vn -4.411517 3.951798 -1.963088
v 42.051464 77.424454 299.728912
vn -4.990324 3.618300 -1.016350
v 41.958691 77.358803 299.858215
vn 0.812625 3.824421 -4.873347
v 42.797077 77.386787 299.300476
vn 0.804084 3.737272 -4.949557
v 42.605934 76.697403 298.746460
vn 0.837731 3.756044 -4.932515
v 42.453842 75.966728 298.171783
vn 0.896371 3.836819 -4.862681
v 42.197186 74.855721 297.270905
vn -0.293924 4.094536 -4.724096
v 41.874142 74.970863 297.345795
vn -0.200158 4.261731 -4.579359
v 41.666100 74.443031 296.883179
vn -1.383396 4.449943 -4.177746
v 41.305695 74.516685 297.021637
vn -1.288993 4.622733 -4.013811
v 41.039841 74.013893 296.547089
vn -2.419178 4.660361 -3.400686
v 40.678692 74.027832 296.744904
vn -2.368464 4.741969 -3.313824
v 39.904819 72.699509 295.410889
vn -3.395251 4.580074 -2.564602
v 39.574741 72.647240 295.651886
vn -3.382824 4.601038 -2.543087
v 38.776836 71.277817 294.248352
vn -4.255533 4.249829 -1.711766
v 38.496998 71.164169 294.515839
vn 0.957085 3.938131 -4.769863
v 42.013550 74.319565 296.803009
vn -0.125204 4.402714 -4.444564
v 41.410091 73.938812 296.405487
vn -1.242432 4.705590 -3.924624
v 40.267036 72.687393 295.214905
vn -2.352462 4.768981 -3.286040
v 39.108051 71.332047 294.009369
vn 1.001532 4.028792 -4.683551
v 41.766922 73.812386 296.323486
vn -0.088034 4.478963 -4.364176
v 40.638054 72.613609 295.074615
vn -1.223610 4.737535 -3.891674
v 39.471188 71.321510 293.815002
vn -2.337176 4.795560 -3.258386
v 38.290947 69.929787 292.546173
vn 0.992188 4.103333 -4.622621
v 40.995327 72.487923 294.993347
vn -0.067213 4.514453 -4.327536
v 39.842861 71.248863 293.675873
vn -1.205402 4.768979 -3.859026
v 38.654896 69.920654 292.353271
vn -2.322392 4.820162 -3.232025
v 37.032784 67.770782 290.248566
vn -3.350877 4.654283 -2.486766
v 36.057323 66.611107 289.292542
vn -4.233873 4.285924 -1.673938
v 35.774242 66.491890 289.554108
vn -4.229939 4.292647 -1.666612
v 35.125023 65.377960 288.338257
vn -4.920407 3.773507 -0.826395
v 34.904453 65.209930 288.608734
vn -4.918795 3.776232 -0.822572
v 34.249096 64.085518 287.370361
vn -4.917256 3.778562 -0.821638
v 33.919689 63.520355 286.743958
vn -4.917037 3.779164 -0.819109
v 33.589306 62.953537 286.113129
vn -4.916138 3.780698 -0.817256
v 33.258087 62.385288 285.478180
vn -4.222344 4.304909 -1.653470
v 33.811012 63.123512 285.844788
vn -4.220728 4.307721 -1.650311
v 33.480053 62.555714 285.210388
vn -3.334073 4.682184 -2.456044
v 34.095791 63.245636 285.586426
vn -3.331628 4.686308 -2.451437
v 33.765083 62.678272 284.952484
vn -2.290024 4.873339 -3.173221
v 34.431412 63.307434 285.355560
vn -2.286871 4.878705 -3.167272
v 34.100933 62.740456 284.722076
vn -1.150185 4.860850 -3.757871
v 34.798130 63.303051 285.167816
vn -1.146545 4.867217 -3.750721
v 34.467831 62.736385 284.534668
vn 0.013743 4.651563 -4.178525
v 35.172359 63.234798 285.033417
vn 0.017863 4.658589 -4.170651
v 34.842194 62.668358 284.400513
vn 1.133160 4.274049 -4.425120
v 35.531483 63.112305 284.955536
vn 1.120961 4.293430 -4.412094
v 35.201389 62.545994 284.322784
vn 1.021856 4.146110 -4.577037
v 40.200512 71.123833 293.595276
vn -0.046845 4.549366 -4.291315
v 39.027149 69.849014 292.215210
vn -1.188057 4.798069 -3.827724
v 37.397797 67.763481 290.057617
vn -2.311596 4.837505 -3.212996
v 36.391434 66.670303 289.058838
vn -3.345061 4.664203 -2.475879
v 35.408710 65.498215 288.077789
vn -4.226441 4.298232 -1.660714
v 34.470253 64.254547 287.100983
vn 1.069471 4.165754 -4.544597
v 39.385132 69.724556 292.135223
vn -0.027804 4.581760 -4.256402
v 37.770813 67.693138 289.920929
vn -1.175627 4.818542 -3.804958
v 36.756920 66.663811 288.868744
vn -2.304072 4.850304 -3.198986
v 35.743359 65.558334 287.845093
vn -3.340005 4.672359 -2.466986
v 34.754505 64.375771 286.841614
vn -4.224042 4.302012 -1.656657
v 34.141121 63.689869 286.475098
vn 1.089517 4.200093 -4.507611
v 38.129230 67.569443 289.841736
vn 1.076173 4.237868 -4.478497
v 37.488884 66.470688 288.653839
vn 1.114392 4.241900 -4.461300
v 36.841743 65.360321 287.441864
vn 1.097312 4.270280 -4.441848
v 36.188908 64.240227 286.208282
vn 0.004077 4.634943 -4.197278
v 35.829945 64.362991 286.286438
vn 0.009568 4.644295 -4.186644
v 35.501656 63.799755 285.662170
vn -1.154063 4.854328 -3.765087
v 35.127563 63.868240 285.796814
vn 1.115476 4.271034 -4.434328
v 35.860699 63.677128 285.584137
vn 1.140504 4.293458 -4.406655
v 34.539139 61.409855 283.046021
vn 1.103104 4.305686 -4.407385
v 34.870564 61.978432 283.686188
vn 0.021918 4.665420 -4.162967
v 34.511292 62.100670 283.763763
vn -1.142898 4.873371 -3.743836
v 34.136806 62.168480 283.897675
vn -2.283799 4.883906 -3.161407
v 33.769726 62.172241 284.084717
vn -3.329277 4.690380 -2.446869
v 33.433659 62.109680 284.314728
vn -4.219102 4.310461 -1.647272
v 33.148380 61.986702 284.572144
vn -4.914710 3.782875 -0.816821
v 32.926159 61.815838 284.839447
vn 0.000448 4.669341 -4.157640
v 34.179798 61.531971 283.123474
vn -1.123248 4.870633 -3.752201
v 33.805183 61.599567 283.257141
vn -2.280071 4.892085 -3.154016
v 33.437931 61.603031 283.443878
vn -3.346724 4.682475 -2.436432
v 33.101650 61.540104 283.673431
vn -4.207147 4.313383 -1.667536
v 32.816132 61.416714 283.930389
vn -4.921243 3.776021 -0.812432
v 32.593662 61.245419 284.197235
vn -4.922964 3.769454 -0.828663
v 35.554302 66.324936 289.825775
vn -0.014140 4.604491 -4.231055
v 37.130272 66.594048 288.732666
vn -0.004209 4.621277 -4.212671
v 36.482948 65.483376 287.520355
vn -4.263982 4.235610 -1.726177
v 39.296173 72.535782 295.921600
vn -4.303159 4.179559 -1.777458
v 40.072823 73.868843 297.260376
vn -3.443688 4.507606 -2.638165
v 40.349922 73.977791 296.988129
vn -2.519615 4.479057 -3.571637
v 40.954281 74.530983 297.215057
vn -1.494127 4.239551 -4.354301
v 41.539177 75.039879 297.475067
vn -0.367814 3.973282 -4.816586
v 42.204613 76.056175 298.230103
vn -3.536614 4.342728 -2.792849
v 40.634506 74.483124 297.452881
vn -2.631287 4.256166 -3.758349
v 41.212692 75.053886 297.655670
vn -1.571703 4.092840 -4.459710
v 41.946392 76.110374 298.330811
vn -0.382649 3.963831 -4.816098
v 42.408302 76.768677 298.793030
vn -1.166678 4.833652 -3.788411
v 36.109283 65.552597 287.655823
vn -2.297736 4.860740 -3.187330
v 35.089653 64.436752 286.609863
vn -3.336513 4.677909 -2.460892
v 34.425644 63.811546 286.216248
vn -1.159228 4.845978 -3.774566
v 35.455990 64.431717 286.421356
vn -2.293352 4.867852 -3.179307
v 34.761032 63.872944 285.984955
vn -0.412758 5.221271 -2.727337
v 43.096889 78.550461 300.504944
vn -0.076579 5.788104 -1.161007
v 43.254692 78.819351 301.247101
vn -0.021357 5.875960 0.573464
v 43.280254 78.860039 302.050629
vn -0.220670 5.500698 2.176616
v 43.170681 78.667923 302.824646
vn 0.116733 4.854361 3.699438
v 43.036079 78.245956 303.514069
vn -3.078326 4.832893 -1.664450
v 42.719910 78.483536 300.662781
vn -2.873533 5.182078 -0.699314
v 42.858402 78.719521 301.314117
vn -2.840000 5.235374 0.353576
v 42.880836 78.755234 302.019318
vn -2.994052 5.017768 1.293629
v 42.784672 78.586624 302.698578
vn -2.036226 5.018439 2.836822
v 42.749825 78.270264 303.391998
vn -3.972722 4.411455 1.563065
v 42.507393 78.198738 303.208832
vn -3.422201 -3.459177 3.948286
v 37.526234 66.476387 302.638733
vn -4.229852 -2.689401 3.745578
v 37.245007 66.733757 302.570129
vn -4.970458 -1.742346 3.373970
v 37.005840 67.035873 302.450562
vn -5.518163 -0.703748 2.856667
v 36.828175 67.367615 302.282806
vn -5.835296 0.359236 2.219030
v 36.725285 67.708809 302.076019
vn -5.911146 1.387479 1.500358
v 36.701210 68.038101 301.844177
vn -5.760919 2.320678 0.758110
v 36.750423 68.337234 301.603058
vn -5.748073 2.343973 0.779578
v 36.463203 67.844925 300.945312
vn -5.734807 2.367585 0.807776
v 35.506466 66.204468 298.887817
vn -5.718289 2.396734 0.838192
v 34.509815 64.494904 296.904022
vn -5.476106 3.048282 0.298641
v 33.766762 63.288345 295.069519
vn -5.453291 2.679345 1.452716
v 33.674332 62.986992 295.493134
vn -5.830841 1.525952 1.672801
v 34.472805 64.216698 297.170959
vn -4.929668 1.947364 3.112568
v 33.698135 62.620205 295.870880
vn -5.719523 0.554902 2.467115
v 34.508625 63.907539 297.427704
vn -3.862562 0.905814 4.445910
v 33.825481 62.196350 296.154083
vn -5.370085 -0.450159 3.172675
v 34.622002 63.584332 297.656677
vn -4.792774 -1.433808 3.755060
v 34.808182 63.267193 297.842468
vn -4.856363 -1.545623 3.628652
v 35.788940 64.949501 299.794586
vn -4.102681 -2.469126 4.029918
v 36.031944 64.653961 299.922546
vn -4.171432 -2.588799 3.879845
v 36.966084 66.255669 301.931366
vn -3.305710 -3.377052 4.108262
v 37.247906 65.999313 302.001312
vn -4.029265 -2.343296 4.175274
v 35.053432 62.975510 297.974915
vn -3.230223 -3.240994 4.276249
v 36.315380 64.400375 299.996002
vn -3.151374 -3.112486 4.426530
v 35.338169 62.724155 298.050964
vn -4.918043 -1.653645 3.493813
v 36.725887 66.556023 301.809418
vn -5.423403 -0.539693 3.068848
v 35.605915 65.272041 299.615112
vn -5.475327 -0.631485 2.955258
v 36.546783 66.885292 301.638397
vn -5.762923 0.488386 2.380723
v 35.496418 65.601906 299.393860
vn -5.803166 0.416741 2.293164
v 36.442120 67.223442 301.427551
vn -5.861445 1.475609 1.609973
v 35.464943 65.918518 299.145782
vn -5.888739 1.426828 1.551355
v 36.416054 67.549332 301.191162
vn -5.364818 2.925227 1.339430
v 15.633247 35.953533 272.850220
vn -5.299296 2.329952 2.369138
v 15.653505 35.762527 273.179810
vn -5.028976 1.621175 3.347013
v 15.740001 35.535183 273.493317
vn -4.552192 0.832625 4.209095
v 15.894192 35.281311 273.770691
vn -3.891253 0.011403 4.900371
v 16.106760 35.018429 273.991089
vn -3.089160 -0.796548 5.385809
v 16.365158 34.759846 274.145630
vn -2.199990 -1.531352 5.660546
v 16.650187 34.520756 274.230286
vn -2.345542 -1.746287 5.538960
v 17.895761 36.316528 275.264099
vn -3.189765 -0.975958 5.295748
v 17.614594 36.561584 275.184052
vn -3.976239 -0.144936 4.828208
v 17.361494 36.828636 275.035522
vn -4.618421 0.707762 4.158295
v 17.155380 37.102257 274.822113
vn -5.074069 1.532337 3.319588
v 17.008663 37.368423 274.552643
vn -5.321388 2.280438 2.367031
v 16.929956 37.608967 274.247162
vn -5.360459 2.924563 1.354772
v 16.917404 37.813217 273.925293
vn -5.366748 2.908293 1.370283
v 18.198465 39.627312 275.082245
vn -5.377462 2.890564 1.371401
v 19.470736 41.403992 276.300537
vn -5.371732 2.196537 2.334485
v 19.472687 41.182747 276.611877
vn -5.418675 2.130492 2.289504
v 21.968508 44.638088 279.179749
vn -5.224175 1.295648 3.187827
v 22.030140 44.369915 279.467773
vn -5.299339 1.190377 3.103683
v 24.450752 47.742531 282.181488
vn -4.900324 0.265875 3.879153
v 24.578585 47.444866 282.430298
vn -4.985909 0.145069 3.775197
v 26.461555 50.134460 284.715546
vn -4.386889 -0.797204 4.388701
v 26.653851 49.831837 284.911774
vn -4.476890 -0.937746 4.269376
v 28.443209 52.502880 287.270538
vn -3.711529 -1.817141 4.699757
v 28.690987 52.218033 287.408691
vn -4.709918 -0.872318 3.968971
v 30.033573 55.233521 289.641632
vn -3.502439 -2.214068 4.638477
v 30.427633 54.800789 289.863037
vn -2.824355 -2.604279 4.943187
v 28.974022 51.966537 287.484192
vn -2.754019 -2.471900 5.049983
v 27.178732 49.290661 285.119232
vn -2.683420 -2.342803 5.150065
v 25.293001 46.602776 282.832642
vn -2.645446 -2.154279 5.258052
v 22.877485 43.245293 280.127777
vn -2.571741 -1.977550 5.364497
v 20.401577 39.827251 277.585266
vn -2.498840 -1.796431 5.463495
v 19.149540 38.084984 276.390411
vn -5.085914 0.004547 3.644605
v 28.249966 52.805935 287.072693
vn -5.481358 0.583879 2.883285
v 29.788218 55.693775 289.295929
vn -5.474299 0.958018 2.874934
v 28.124973 53.109020 286.825470
vn -5.704411 1.944260 1.541023
v 29.715582 56.136505 288.859741
vn -5.635170 1.834756 2.012156
v 28.073984 53.393196 286.545807
vn -5.583109 2.617264 1.086545
v 28.093428 53.643688 286.252747
vn -5.504360 2.724518 1.207840
v 26.297745 50.962162 283.891693
vn -5.448182 2.799091 1.285154
v 24.405516 48.258888 281.598999
vn -5.404236 2.852574 1.353763
v 21.973999 44.870373 278.875458
vn -5.342324 2.240707 2.357792
v 18.205149 39.413471 275.398254
vn -5.112883 1.461977 3.291013
v 18.278086 39.163391 275.697754
vn -4.673835 0.609177 4.110798
v 18.419432 38.888405 275.961334
vn -4.045872 -0.267686 4.763548
v 18.621107 38.607094 276.169617
vn -3.270522 -1.117637 5.216706
v 18.870729 38.334091 276.313751
vn -5.479133 2.049145 2.219777
v 24.394096 48.018406 281.898041
vn -5.548747 1.956593 2.130167
v 26.282145 50.716263 284.187378
vn -5.159570 1.390631 3.250435
v 19.541103 40.925335 276.906738
vn -4.814503 0.391588 3.975356
v 22.161684 44.078663 279.720490
vn -4.300200 -0.669100 4.494887
v 24.771173 47.144566 282.626923
vn -3.623579 -1.689154 4.814199
v 26.899231 49.545422 285.047272
vn -5.379106 1.081822 3.005311
v 26.335634 50.435631 284.468353
vn -4.735717 0.512639 4.054096
v 19.678381 40.643650 277.165802
vn -4.119906 -0.385555 4.692622
v 19.876879 40.356537 277.370209
vn -3.353163 -1.251731 5.134098
v 20.124170 40.079182 277.511078
vn -4.208425 -0.528091 4.600227
v 22.356178 43.783440 279.919739
vn -3.540076 -1.559446 4.919466
v 25.015570 46.858658 282.761963
vn -3.446981 -1.409348 5.030757
v 22.600998 43.500408 280.056458
vn -2.919754 -2.775226 4.789500
v 30.934628 55.166050 290.399750
vn -3.851665 -1.993314 4.508595
v 30.646070 55.410847 290.317017
vn -4.591144 -1.020448 4.109668
v 30.394192 55.691158 290.172943
vn -5.190913 -0.188714 3.477964
v 30.198736 55.992374 289.970917
vn -5.443072 -1.391844 0.666677
v 30.260410 56.129360 290.070618
vn -5.577748 0.773879 2.709966
v 30.073944 56.295990 289.721924
vn -5.997856 0.423216 0.435737
v 30.174282 56.612846 289.829041
vn -5.754034 1.637530 1.823395
v 30.025333 56.583199 289.442780
vn -5.878391 2.078820 0.263336
v 30.239544 57.104557 289.590271
vn -5.682390 2.466273 0.882447
v 30.049051 56.838589 289.152527
vn -5.525034 2.980479 0.075284
v 30.431698 57.563820 289.353027
vn -2.285380 1.951424 5.197767
v 31.100719 57.688408 297.033234
vn -4.332390 2.868918 3.066897
v 30.751566 57.817490 296.673523
vn -2.752096 1.012927 5.132442
v 30.710054 57.014908 297.062988
vn -3.436298 -0.164905 4.807059
v 30.329426 56.359592 296.881897
vn -4.051727 -1.222940 4.126806
v 29.986963 55.770893 296.503418
vn -4.553208 -2.083092 3.141967
v 29.707979 55.292320 295.955475
vn -4.903477 -2.681707 1.925366
v 29.513094 54.959244 295.278595
vn -5.076723 -2.974614 0.566893
v 29.416710 54.796280 294.522766
vn -5.060108 -2.940098 -0.833003
v 29.425953 54.815479 293.743896
vn -5.017181 -2.729726 -1.855303
v 29.540138 55.015419 292.999542
vn -5.962858 -0.061305 -0.500547
v 29.290688 55.311470 293.804291
vn -5.938806 0.120050 -1.069364
v 29.390289 55.485874 293.154999
vn -5.973582 -0.083032 0.346973
v 29.282625 55.294724 294.483704
vn -5.868070 0.095104 1.169132
v 29.366699 55.436871 295.142975
vn -5.660121 0.448675 1.892493
v 29.536695 55.727409 295.733429
vn -5.362454 0.961044 2.475940
v 29.780050 56.144863 296.211395
vn -4.575767 2.314476 3.084680
v 30.410793 57.230003 296.699493
vn -4.990243 1.601263 2.888685
v 30.078775 56.658379 296.541534
vn 1.830976 -3.661309 -1.612872
v 47.652130 63.392708 293.041382
vn 2.041556 -3.557821 -2.183441
v 47.583328 63.197617 293.378662
vn 2.520895 -2.782062 -2.850940
v 47.399994 62.880547 293.632294
vn 1.696608 -3.540207 -0.909888
v 47.601154 63.488869 292.659760
vn 1.788951 -3.112546 0.047488
v 47.471764 63.458809 292.285675
vn 2.186749 -2.421680 1.091046
v 47.317741 63.279709 291.967560
vn 2.751624 -1.496228 1.799706
v 47.185139 62.966938 291.763641
vn 3.345046 -0.661810 2.061220
v 47.077053 62.589481 291.705170
vn 3.858963 -0.173961 2.107571
v 46.968002 62.218731 291.795349
vn 4.258370 0.246498 1.840754
v 46.841160 61.924038 292.026947
vn 4.578203 0.731221 0.884170
v 46.730942 61.732441 292.413757
vn 4.618165 0.820827 -0.477550
v 46.716141 61.705063 292.858154
vn 4.358266 0.388339 -1.747059
v 46.799690 61.847340 293.271973
vn 3.849854 -0.480580 -2.670947
v 46.965012 62.131031 293.573090
vn 3.193660 -1.612480 -3.065082
v 47.179287 62.499832 293.701691
vn 5.333822 -3.302329 0.206513
v 40.610912 51.197922 288.998749
vn 5.583222 -2.830047 -0.325392
v 42.484253 54.448792 283.786804
vn 5.433909 -3.154499 -0.012738
v 40.814358 51.547226 289.324890
vn 5.523001 -2.973932 -0.219523
v 43.627193 56.409580 285.992554
vn 5.522120 -2.975542 -0.220546
v 44.736252 58.312355 288.104828
vn 5.334244 -3.301163 0.210708
v 40.406925 50.847683 288.673950
vn 5.283132 -3.353901 0.375672
v 40.202408 50.496517 288.350494
vn 5.434160 -3.154073 -0.010062
v 44.148258 57.269760 295.038971
vn 5.521431 -2.976662 -0.222240
v 45.808514 60.152119 290.118042
vn 5.324305 -3.318693 0.189853
v 45.030846 58.784061 296.701996
vn 5.321750 -3.323088 0.184004
v 45.946896 60.355373 298.525299
vn 3.423553 -0.788979 2.939830
v 48.636288 64.980652 300.983643
vn 3.729711 -0.253773 2.644099
v 48.092739 64.041573 301.505005
vn 3.092582 -1.367149 3.094273
v 49.224167 65.995102 300.710815
vn 5.517982 -2.982871 -0.226608
v 48.913475 65.480370 295.752899
vn 5.519576 -2.979846 -0.225630
v 47.688431 63.377979 293.568634
vn 2.752062 -1.958749 3.100245
v 49.828213 67.036316 300.699615
vn 5.511643 -2.994627 -0.231545
v 50.091412 67.502174 297.794067
vn 2.415880 -2.534796 2.958322
v 50.419491 68.054428 300.950562
vn 5.500538 -3.014021 -0.245472
v 50.394215 68.022224 298.240387
vn 2.100078 -3.070690 2.674195
v 50.969673 69.000648 301.451660
vn 5.488345 -3.033809 -0.266468
v 50.720432 68.582954 298.611481
vn 4.642618 0.695289 0.777651
v 51.634701 70.146706 301.506348
vn 4.250986 0.014472 2.137997
v 51.763767 70.371048 301.058044
vn 5.480258 -3.045546 -0.286000
v 51.405003 69.760414 299.210541
vn 3.569751 -1.163014 2.923421
v 51.988255 70.759079 300.799225
vn 5.487022 -3.030366 -0.298138
v 52.069996 70.904343 299.758179
vn 2.781476 -2.521732 2.923424
v 52.248016 71.206818 300.799225
vn 5.507658 -2.992142 -0.289116
v 52.372944 71.425217 300.067017
vn 2.097398 -3.697568 2.138002
v 52.473450 71.594299 301.058044
vn 5.626338 -2.582424 -0.633374
v 52.644554 71.891869 300.428467
vn 5.698460 -2.431250 -0.494435
v 52.837933 72.223404 300.852448
vn 5.757610 -2.330455 -0.216282
v 52.950047 72.414436 301.379730
vn 1.700762 -4.375452 0.777664
v 52.604149 71.817696 301.506348
vn 5.767186 -2.315208 0.084895
v 52.968208 72.443344 301.950623
vn 1.697905 -4.373821 -0.793063
v 52.605091 71.817154 302.023956
vn 5.726125 -2.387201 0.375001
v 52.890362 72.306862 302.500549
vn 2.089594 -3.693039 -2.153435
v 52.476028 71.592812 302.472260
vn 5.666821 -2.521783 0.517809
v 52.725319 72.020424 302.967224
vn 2.770803 -2.515525 -2.938860
v 52.251537 71.204781 302.731079
vn 1.574232 -3.736546 1.454921
v 52.127357 70.984726 304.163147
vn 3.559068 -1.156818 -2.938873
v 51.991776 70.757042 302.731079
vn 1.597483 -3.920931 1.739925
v 51.844563 70.501755 303.097382
vn 4.243145 0.019003 -2.153475
v 51.766342 70.369553 302.472260
vn 1.822932 -3.540303 2.261466
v 51.452408 69.829666 302.178864
vn 4.639761 0.696895 -0.793129
v 51.635647 70.146156 302.023987
vn 3.803242 0.018092 2.340554
v 47.619560 63.222847 302.249908
vn 5.317492 -3.330276 0.175939
v 46.950489 62.076183 300.679657
vn 5.371339 -3.033281 0.830570
v 40.970840 51.788284 296.156158
vn 2.089590 -3.693039 -2.153427
v 41.149101 52.100842 294.893646
vn 1.697902 -4.373796 -0.793099
v 41.278164 52.325184 294.445343
vn 1.700785 -4.375462 0.777658
v 41.277222 52.325733 293.927734
vn 5.244305 -3.231587 0.849678
v 40.607910 51.162743 296.150879
vn 3.559066 -1.156833 -2.938852
v 40.664848 51.265072 295.152466
vn 2.770802 -2.515536 -2.938866
v 40.924610 51.712814 295.152466
vn 4.243136 0.019015 -2.153479
v 40.439415 50.877590 294.893646
vn 5.094175 -3.489857 0.733523
v 40.269180 50.579987 295.888763
vn 4.973458 -3.694373 0.523983
v 39.998943 50.116222 295.404053
vn 4.903351 -3.816685 0.240354
v 39.832535 49.832088 294.760162
vn 4.639762 0.696896 -0.793131
v 40.308720 50.654190 294.445374
vn 4.885266 -3.846532 -0.078289
v 39.791714 49.764744 294.041229
vn 4.934796 -3.782641 -0.295826
v 39.881821 49.922993 293.341309
vn 3.569757 -1.163013 2.923419
v 40.661327 51.267109 293.220612
vn 4.250983 0.014484 2.138008
v 40.436840 50.879082 293.479431
vn 4.642632 0.695285 0.777647
v 40.307774 50.654736 293.927734
vn 2.097403 -3.697563 2.138007
v 41.146523 52.102333 293.479431
vn 2.781482 -2.521723 2.923426
v 40.921089 51.714851 293.220612
vn -4.068953 -1.020134 -1.121671
v 37.696304 50.143150 292.922913
vn -2.011593 -4.511880 0.971570
v 38.554333 50.940125 290.520447
vn -2.187418 -5.346041 -2.202979
v 38.561275 49.641331 292.920807
vn -1.539815 -4.697169 0.868350
v 38.865158 50.805191 290.435547
vn -0.535791 -5.153088 0.816540
v 39.170383 50.702232 290.297394
vn 1.024696 0.153396 6.094366
v 40.194805 52.439266 297.143066
vn -2.426786 1.792591 3.122904
v 39.329838 52.941090 297.145172
vn 0.394799 -0.914997 6.022485
v 39.785881 51.734287 297.174194
vn -2.628954 1.172546 3.103487
v 38.920910 52.236107 297.176300
vn -0.408987 -2.299106 5.639983
v 39.387459 51.048340 296.984680
vn -3.042261 0.460830 2.906827
v 38.522488 51.550159 296.986786
vn -1.132475 -3.542525 4.840617
v 39.028988 50.432117 296.588470
vn -3.414251 -0.178461 2.495792
v 38.164017 50.933941 296.590576
vn -1.721642 -4.553235 3.683375
v 38.736961 49.931175 296.014923
vn -3.717168 -0.698163 1.900777
v 37.871994 50.432995 296.017029
vn -2.133255 -5.256729 2.253709
v 38.532967 49.582527 295.306396
vn -3.928808 -1.059884 1.165697
v 37.667999 50.084347 295.308502
vn -2.336811 -5.600926 0.657365
v 38.432079 49.411949 294.515259
vn -4.033472 -1.236854 0.344895
v 37.567108 49.913769 294.517365
vn -2.317306 -5.560379 -0.987689
v 38.441753 49.432045 293.699982
vn -4.023443 -1.216007 -0.500947
v 37.576782 49.933865 293.702087
vn 1.059810 -2.168359 5.213957
v 42.673157 56.714752 296.271667
vn -0.047695 -1.552985 5.458562
v 42.140568 56.741146 296.315765
vn -2.770807 2.515520 2.938863
v 38.931393 52.270752 293.224823
vn -2.089595 3.693036 2.153434
v 38.706902 51.882721 293.483643
vn -1.697901 4.373807 0.793079
v 38.577839 51.658379 293.931946
vn -1.700810 4.375450 -0.777693
v 38.578781 51.657833 294.449585
vn -2.097394 3.697532 -2.138050
v 38.709480 51.881229 294.897858
vn -2.781491 2.521705 -2.923408
v 38.934910 52.268715 295.156677
vn -3.569748 1.163020 -2.923440
v 39.194675 52.716454 295.156677
vn -4.250998 -0.014482 -2.137992
v 39.419163 53.104485 294.897858
vn -4.642611 -0.695278 -0.777650
v 39.548225 53.328827 294.449554
vn -4.639750 -0.696938 0.793099
v 39.547283 53.329372 293.931946
vn -4.243166 -0.019003 2.153405
v 39.416584 53.105976 293.483643
vn -3.559075 1.156823 2.938854
v 39.191154 52.718494 293.224823
vn -0.103638 -0.776325 2.727680
v 51.567883 71.610916 305.035339
vn 3.018045 3.608035 4.009463
v 52.318226 72.910553 303.534546
vn 2.704765 0.553053 3.805011
v 49.491955 72.815285 305.040375
vn -1.404298 3.550494 2.060844
v 48.685379 75.018234 303.543427
vn 1.119227 -3.949519 1.266746
v 49.311398 72.508667 303.942963
vn 4.833889 0.541790 -0.935807
v 48.246517 70.667061 305.402222
vn 4.908243 0.666068 -0.041472
v 48.298382 70.752724 306.290833
vn 4.847071 0.556783 0.855812
v 48.216557 70.607994 307.169495
vn 4.655661 0.223760 1.676337
v 48.008305 70.245728 307.960114
vn 4.351748 -0.304061 2.347091
v 47.692139 69.698112 308.592468
vn 3.961214 -0.978695 2.808670
v 47.296150 69.013802 309.010315
vn 3.519222 -1.740745 3.019993
v 46.855518 68.253609 309.176575
vn 3.065142 -2.522706 2.962230
v 46.409401 67.485077 309.076447
vn 2.639572 -3.254962 2.640473
v 45.997437 66.776489 308.718842
vn 2.279958 -3.872372 2.083376
v 45.656231 66.190811 308.135529
vn 2.018705 -4.320194 1.340366
v 45.416096 65.780083 307.378357
vn 1.878406 -4.558442 0.477618
v 45.298374 65.580795 306.514587
vn 1.871929 -4.566111 -0.428334
v 45.313526 65.610657 305.620941
vn 1.999546 -4.342397 -1.296944
v 45.460205 65.867020 304.776886
vn 3.839500 0.709653 1.815626
v 44.544064 64.295464 302.976135
vn 2.249825 -3.907166 -2.051052
v 45.725372 66.327103 304.057373
vn 3.609283 0.335723 2.307398
v 44.927101 64.959305 302.113861
vn 2.601498 -3.299335 -2.623623
v 46.085472 66.950020 303.526337
vn 3.339119 -0.115508 2.692466
v 45.392269 65.763969 301.430420
vn 3.036829 -0.631206 2.961579
v 45.919102 66.674034 300.955872
vn 3.021784 -2.572548 -2.963908
v 46.508511 67.680428 303.230988
vn 2.712556 -1.183769 3.100022
v 46.484417 67.649475 300.711151
vn 3.475254 -1.791864 -3.041333
v 46.956890 68.453430 303.197540
vn 2.382286 -1.748375 3.101978
v 47.063343 68.647369 300.706970
vn 2.062337 -2.302105 2.968248
v 47.630409 69.623802 300.943542
vn 3.920086 -1.026433 -2.849355
v 47.390778 69.200333 303.428986
vn 1.764120 -2.822298 2.703570
v 48.160664 70.535820 301.410461
vn 4.316652 -0.343737 -2.405122
v 47.771618 69.854774 303.904755
vn 1.499624 -3.283041 2.319511
v 48.630775 71.343300 302.087158
vn 1.280760 -3.664181 1.833023
v 49.020065 72.010696 302.943909
vn 4.630537 0.195065 -1.747762
v 48.065571 70.358604 304.582581
vn 3.568596 -0.103801 2.375455
v 47.449066 63.005863 302.538910
vn 1.568713 -2.933044 1.799873
v 52.133911 71.109352 304.473450
vn 1.238745 -2.021519 2.329479
v 52.032791 71.263618 304.753479
vn 0.550064 -1.163100 2.542777
v 51.835857 71.435844 304.957275
vn 3.215036 -0.287671 2.615324
v 47.228531 62.852879 302.835419
vn 2.784926 -0.382807 2.800225
v 46.966290 62.765892 303.125946
vn 2.314150 -0.411285 2.951161
v 46.670467 62.743149 303.395508
vn 1.796069 -0.371272 3.081295
v 46.347839 62.780762 303.630096
vn 1.239805 -0.211810 3.112840
v 46.005104 62.873669 303.814789
vn 0.692380 0.005962 3.112664
v 45.650772 63.015877 303.934601
vn -3.559075 1.156823 2.938852
v 47.923176 73.715927 300.809753
vn -4.243134 -0.019006 2.153465
v 48.148605 74.103409 301.068573
vn -1.209389 3.621919 -1.809103
v 48.811199 75.248642 300.316833
vn -1.004710 3.971400 -1.035350
v 48.975685 75.529556 300.938690
vn -4.639772 -0.696895 0.793135
v 48.279305 74.326805 301.516846
vn -0.915848 4.120995 -0.179536
v 49.047104 75.649765 301.626526
vn -0.949799 4.058839 0.690876
v 49.019821 75.599808 302.326141
vn -4.642610 -0.695286 -0.777656
v 48.280247 74.326256 302.034485
vn -1.103857 3.789811 1.507353
v 48.895992 75.383621 302.982361
vn -4.250992 -0.014485 -2.138011
v 48.151184 74.101913 302.482788
vn -3.569756 1.163015 -2.923373
v 47.926693 73.713890 302.741608
vn -2.781485 2.521718 -2.923421
v 47.666931 73.266144 302.741608
vn -2.770813 2.515513 2.938851
v 47.663410 73.268181 300.809753
vn -2.089590 3.693037 2.153436
v 47.438923 72.880150 301.068573
vn -1.700795 4.375445 -0.777714
v 47.310802 72.655266 302.034515
vn -1.697921 4.373803 0.793061
v 47.309856 72.655807 301.516876
vn -2.097397 3.697529 -2.138031
v 47.441498 72.878662 302.482788
vn 3.135194 3.825385 -3.566210
v 52.444023 73.140923 300.308044
vn 3.736291 4.804890 -0.362158
v 52.679905 73.542007 301.617706
vn 3.552005 4.510109 -2.055821
v 52.608494 73.421799 300.929871
vn 3.660697 4.683157 1.360791
v 52.652630 73.492058 302.317261
vn 3.342764 4.155505 2.955969
v 52.528816 73.275894 302.973480
vn 1.129924 -4.036314 -1.134332
v 36.658344 50.745335 292.925446
vn 0.939542 -4.095330 -0.513040
v 36.538822 50.536053 293.704590
vn 0.929503 -4.116192 0.332814
v 36.529144 50.515957 294.519897
vn 1.034179 -3.939209 1.153605
v 36.630035 50.686535 295.311035
vn 1.245813 -3.577491 1.888697
v 36.834030 51.035179 296.019562
vn 1.548800 -3.057792 2.483736
v 37.126057 51.536125 296.593109
vn 1.920726 -2.418499 2.894764
v 37.484528 52.152344 296.989288
vn 2.334012 -1.706831 3.091391
v 37.882950 52.838295 297.178833
vn 2.772069 -1.223579 3.110251
v 38.291874 53.543274 297.147705
vn 3.569738 -1.163020 2.923419
v 37.893429 52.872936 293.227356
vn 4.250949 0.014484 2.138048
v 37.668938 52.484909 293.486176
vn 4.642630 0.695234 0.777690
v 37.539875 52.260563 293.934448
vn 4.639748 0.696935 -0.793090
v 37.540817 52.260017 294.452087
vn 4.243159 0.019006 -2.153455
v 37.671516 52.483418 294.900391
vn 3.559077 -1.156836 -2.938849
v 37.896950 52.870899 295.159210
vn 2.770821 -2.515526 -2.938851
v 38.156712 53.318642 295.159210
vn 2.089589 -3.693033 -2.153441
v 38.381199 53.706669 294.900391
vn 1.697922 -4.373805 -0.793086
v 38.510265 53.931015 294.452087
vn 1.700832 -4.375450 0.777710
v 38.509323 53.931561 293.934448
vn 2.097395 -3.697525 2.138015
v 38.378624 53.708160 293.486176
vn 2.781477 -2.521711 2.923422
v 38.153191 53.320679 293.227356
vn 1.659221 -3.374605 2.342071
v 39.814320 56.176811 294.916321
vn 1.678796 -3.327367 2.385978
v 38.982441 54.748989 293.474701
vn -3.744551 -0.239547 2.355227
v 40.852280 55.574627 294.913788
vn -3.713104 -0.199201 2.399108
v 40.020405 54.146801 293.472168
vn 5.491830 -2.988205 0.543674
v 29.282970 27.781958 272.327179
vn 5.506224 -2.955341 0.575986
v 30.075655 29.409973 273.164673
vn 5.683949 -2.656386 0.146726
v 34.910614 38.004944 265.383026
vn 5.638513 -2.751780 0.056699
v 33.699856 35.317299 262.244690
vn 5.519036 -2.927474 0.603143
v 31.585686 32.617943 275.000275
vn 5.694704 -2.635662 0.157556
v 37.256149 43.487591 271.590820
vn 5.526192 -2.918867 0.593108
v 33.030350 35.763908 276.987671
vn 5.521473 -2.937156 0.557428
v 34.439369 38.850285 279.087952
vn 5.494844 -2.984277 0.558528
v 35.836678 41.878185 281.283112
vn 5.665020 -2.704147 0.073401
v 39.700050 49.009171 277.724609
vn 5.466682 -3.047986 0.489139
v 37.242977 44.839260 283.561249
vn 5.607502 -2.823803 -0.049498
v 41.026417 51.750633 280.764984
vn 5.418316 -3.149230 0.381740
v 38.684036 47.719536 285.916656
vn 5.631856 -2.553577 -0.877811
v 32.557415 33.125576 259.027405
vn 5.757342 -2.350944 -0.671317
v 32.647354 33.284058 259.226501
vn 5.750069 -2.346894 -0.570331
v 32.823112 33.603291 259.624084
vn 5.922536 -1.348537 -1.473382
v 32.866844 33.893440 259.371613
vn 5.913880 -1.317682 -1.571823
v 32.691780 33.575207 258.975098
vn 5.839989 -0.487497 -2.202607
v 32.662834 33.896259 258.732727
vn 5.811600 -0.695289 -2.227221
v 32.573833 33.739208 258.535187
vn 5.844150 -1.317818 -1.811006
v 32.602242 33.417282 258.776611
vn 5.400281 0.508846 -3.108813
v 32.466957 34.073559 258.319580
vn 5.485734 0.642370 -2.941283
v 32.555298 34.229458 258.515808
vn 5.487391 0.673342 -2.911749
v 32.728302 34.544128 258.908325
vn 4.900123 1.689303 -3.498067
v 32.373516 34.553989 258.338959
vn 4.732221 1.791720 -3.692336
v 32.285915 34.399448 258.144287
vn 4.280587 2.320563 -3.938142
v 32.044155 34.697044 258.018921
vn 3.135242 3.325150 -4.271972
v 31.761211 34.951378 257.946442
vn 3.211201 3.417773 -4.151118
v 31.847265 35.102966 258.137604
vn 3.277762 3.371385 -4.126399
v 32.016384 35.410118 258.521393
vn 3.281328 3.364930 -4.128535
v 32.662788 36.676704 260.066986
vn 3.278926 3.365413 -4.129333
v 32.344704 36.037086 259.292786
vn 4.168540 2.594567 -3.870069
v 32.631691 35.790821 259.374817
vn 4.170894 2.582378 -3.876570
v 32.301411 35.159840 258.598724
vn 4.929255 1.691755 -3.448825
v 32.877533 35.501278 259.509491
vn 4.918189 1.667500 -3.476160
v 32.545261 34.866283 258.728790
vn 5.501752 0.701303 -2.877043
v 33.062485 35.182869 259.693268
vn 5.844943 -0.318036 -2.185610
v 33.172863 34.854904 259.916016
vn 5.826834 -0.360501 -2.227849
v 32.836964 34.212955 259.127502
vn 5.945206 -1.304339 -1.419588
v 33.204174 34.537865 260.162842
vn 5.736261 -2.369326 -0.465795
v 33.161530 34.249352 260.417175
vn 3.290264 3.351662 -4.134793
v 33.378292 38.202419 261.877533
vn 3.276228 3.366271 -4.131098
v 32.973133 37.325874 260.842651
vn 4.174377 2.612504 -3.852329
v 33.262589 37.084892 260.930725
vn 4.172378 2.605540 -3.858932
v 32.951187 36.433430 260.152466
vn 4.943785 1.726850 -3.411622
v 33.510963 36.800674 261.071472
vn 4.937941 1.712293 -3.426961
v 33.198467 36.146893 260.290588
vn 5.524579 0.752616 -2.821627
v 33.698368 36.487293 261.260895
vn 5.515081 0.730749 -2.845173
v 33.384815 35.831314 260.477539
vn 5.875329 -0.252823 -2.114280
v 33.810986 36.163700 261.488525
vn 5.862530 -0.281089 -2.145049
v 33.496460 35.505795 260.703033
vn 5.981885 -1.228282 -1.335466
v 33.844185 35.850121 261.739197
vn 5.966291 -1.261524 -1.372127
v 33.528835 35.190678 260.951996
vn 5.858878 -2.120432 -0.535664
v 33.802994 35.564018 261.996246
vn 5.811478 -2.222974 -0.527612
v 33.487003 34.903484 261.207794
vn 3.338961 3.288703 -4.156568
v 34.947109 41.788692 266.012238
vn 3.266013 3.352983 -4.150486
v 34.168953 39.983356 263.946777
vn 3.288602 3.350651 -4.137062
v 33.776119 39.088989 262.912445
vn 4.172155 2.616155 -3.853040
v 34.460865 39.747696 264.040771
vn 4.174140 2.618461 -3.849001
v 34.067436 38.852058 263.005066
vn 4.950078 1.747927 -3.392907
v 34.711823 39.468979 264.187683
vn 4.949665 1.745378 -3.394329
v 34.317757 38.572002 263.150452
vn 5.539302 0.790438 -2.783781
v 34.901798 39.160934 264.383087
vn 5.536592 0.783055 -2.790775
v 34.507088 38.262630 263.344391
vn 5.897899 -0.199877 -2.058824
v 35.016804 38.842175 264.616211
vn 5.892934 -0.211672 -2.071128
v 34.621487 37.942642 263.576080
vn 6.011131 -1.162544 -1.265014
v 35.052074 38.532631 264.871490
vn 6.004277 -1.178314 -1.281978
v 34.656219 37.632030 263.830139
vn 5.893398 -2.044960 -0.453486
v 35.012543 38.249596 265.132111
vn 5.861500 -2.117399 -0.432192
v 34.616253 37.348148 264.089752
vn 3.341050 3.210318 -4.221348
v 37.699043 48.206203 273.202972
vn 3.239173 3.309154 -4.207180
v 36.502983 45.444328 270.128723
vn 3.336121 3.280557 -4.165736
v 35.722462 43.610889 268.072998
vn 4.149613 2.578876 -3.903714
v 36.796276 45.210991 270.225159
vn 4.159880 2.597695 -3.879522
v 36.015621 43.377583 268.169525
vn 4.932904 1.718409 -3.434935
v 37.048889 44.935104 270.375214
vn 4.942172 1.736909 -3.411170
v 36.268013 43.101540 268.319397
vn 5.528183 0.769687 -2.814872
v 37.240688 44.630283 270.574463
vn 5.536174 0.787225 -2.792680
v 36.459511 42.796360 268.518158
vn 5.892721 -0.211059 -2.077408
v 37.357563 44.314972 270.811798
vn 5.899314 -0.195118 -2.057877
v 36.576023 42.480492 268.754730
vn 6.011512 -1.163954 -1.270343
v 37.394615 44.008911 271.071411
vn 6.016688 -1.150273 -1.254277
v 36.612690 42.173706 269.013367
vn 5.898584 -2.036753 -0.445854
v 37.356693 43.729210 271.336151
vn 5.894486 -2.044627 -0.418465
v 36.574371 41.893158 269.277039
vn 3.224451 3.212055 -4.297239
v 39.380817 51.893143 277.287292
vn 3.207899 3.254789 -4.273087
v 38.947926 50.972298 276.267609
vn 4.115212 2.514096 -3.982032
v 39.239822 50.734905 276.359436
vn 4.133358 2.548738 -3.941570
v 37.992027 47.971657 273.298004
vn 4.896487 1.645047 -3.522752
v 39.491409 50.455704 276.505920
vn 4.916507 1.685168 -3.476181
v 38.244503 47.694893 273.447144
vn 5.490951 0.690319 -2.908428
v 39.682621 50.148613 276.702972
vn 5.512137 0.734509 -2.857668
v 38.436337 47.389622 273.646057
vn 5.855783 -0.293259 -2.172447
v 39.799370 49.832287 276.939606
vn 5.877423 -0.246909 -2.119686
v 38.553406 47.074356 273.883636
vn 5.975863 -1.245719 -1.362706
v 39.836750 49.526520 277.200043
vn 5.997228 -1.199116 -1.310190
v 38.590797 46.768822 274.144104
vn 5.865012 -2.114826 -0.532100
v 39.799549 49.248318 277.466888
vn 5.933088 -1.937480 -0.619888
v 38.553326 46.490082 274.410156
vn 3.174133 3.200583 -4.340204
v 40.281284 53.729687 279.325073
vn 3.727599 2.607944 -4.236590
v 41.953823 56.294109 282.429871
vn 4.078467 2.437550 -4.068583
v 40.570854 53.487213 279.411194
vn 4.915977 1.230645 -3.603112
v 42.336769 55.842300 282.631775
vn 4.846761 1.556679 -3.633233
v 40.820393 53.203457 279.552643
vn 5.436367 0.579124 -3.038101
v 41.009983 52.892696 279.745697
vn 4.878397 1.608091 -3.564607
v 39.923195 51.373936 277.522736
vn 5.470695 0.648515 -2.955760
v 40.114014 51.065876 277.718719
vn 5.640366 -0.302077 -2.602154
v 42.564812 55.352333 282.947174
vn 5.800066 -0.415297 -2.305332
v 41.125641 52.573856 279.979675
vn 5.834311 -0.338407 -2.223165
v 40.230511 50.748913 277.954712
vn 5.923876 -1.363983 -1.477066
v 41.162514 52.266857 280.238892
vn 5.791806 -1.795608 -1.376349
v 42.615631 54.872162 283.345154
vn 5.816292 -2.213636 -0.665141
v 41.125374 51.988674 280.505920
vn 5.863830 -2.107595 -0.646814
v 40.230644 50.164749 278.481903
vn 5.850237 -2.141353 -0.433675
v 34.213989 36.452465 263.044525
vn 5.994512 -1.200110 -1.305234
v 34.254498 36.737354 262.786102
vn 5.885406 -0.229438 -2.089481
v 34.220432 37.049278 262.533569
vn 5.531660 0.770186 -2.803405
v 34.106808 37.370834 262.303650
vn 4.947643 1.737877 -3.400744
v 33.918304 37.681934 262.111664
vn 4.174911 2.616691 -3.849104
v 33.668819 37.963768 261.968231
vn 5.878126 -2.079938 -0.379835
v 35.795811 40.065086 267.209259
vn 6.015824 -1.151617 -1.254292
v 35.834644 40.346714 266.946960
vn 5.900412 -0.193057 -2.053272
v 35.798550 40.654621 266.689697
vn 5.539384 0.792808 -2.783714
v 35.682629 40.971581 266.454468
vn 4.947557 1.745728 -3.398258
v 35.491711 41.277767 266.256927
vn 4.167196 2.609475 -3.863397
v 35.239841 41.554684 266.108032
vn 4.281219 2.457000 -3.860985
v 32.130981 34.850113 258.211884
vn 4.099913 2.483364 -4.016749
v 39.672119 51.654366 277.377563
vn 5.953952 -1.292182 -1.414714
v 40.267792 50.442871 278.214905
vn 5.705063 -2.417269 -0.862197
v 47.781902 63.606754 293.299408
vn 5.810874 -1.561215 -1.706662
v 47.814476 63.877346 293.024170
vn 5.680006 -0.611688 -2.540915
v 47.774384 64.179184 292.759491
vn 5.688510 -0.608378 -2.518988
v 46.514908 62.017925 290.459473
vn 5.812376 -1.547757 -1.707797
v 46.553528 61.713570 290.721466
vn 5.710382 -2.405663 -0.859680
v 46.519428 61.440357 290.993927
vn 5.715040 -2.396789 -0.852276
v 45.226318 59.221588 288.583588
vn 5.712794 -2.400961 -0.854582
v 45.876163 60.336597 289.800629
vn 5.816058 -1.544611 -1.698433
v 45.910942 60.610970 289.529449
vn 5.694603 -0.593543 -2.508771
v 45.872974 60.916447 289.268646
vn 5.335181 0.401115 -3.231602
v 45.757683 61.236370 289.036041
vn 5.325413 0.383194 -3.250625
v 46.399036 62.336849 290.225769
vn 4.752671 1.379154 -3.819432
v 45.569950 61.550835 288.847290
vn 4.741081 1.358208 -3.842130
v 46.210827 62.650501 290.036163
vn 3.988832 2.282112 -4.240840
v 45.323582 61.840611 288.712738
vn 3.975772 2.259025 -4.266148
v 45.964123 62.939697 289.900970
vn 3.128590 3.047114 -4.483488
v 45.038204 62.090866 288.635468
vn 3.088951 3.040116 -4.512503
v 45.678551 63.189617 289.823364
vn 3.068963 3.005763 -4.549465
v 46.934452 65.344734 292.116852
vn 3.075504 2.954632 -4.582036
v 47.749798 66.744034 293.576904
vn 3.052836 2.907852 -4.627652
v 48.544582 68.108139 294.974976
vn 2.983390 2.878962 -4.688377
v 49.316242 69.432564 296.305115
vn 2.926409 2.795682 -4.774585
v 49.635872 69.897392 296.784454
vn 3.782403 1.951216 -4.589007
v 49.915802 69.656876 296.863098
vn 3.683185 1.787251 -4.733745
v 50.272442 70.098495 297.325348
vn 4.406320 0.816398 -4.368452
v 50.499088 69.841690 297.453247
vn 4.316957 0.676180 -4.474037
v 51.229401 70.724731 298.308228
vn 4.889572 -0.300765 -3.886702
v 51.365192 70.512115 298.447998
vn 4.892968 -0.292066 -3.870340
v 51.821125 71.127220 298.961884
vn 5.301095 -1.197081 -3.078695
v 51.889950 70.957680 299.099396
vn 5.399148 -1.035317 -2.947030
v 52.301460 71.592781 299.579773
vn 5.617501 -1.861280 -1.973068
v 52.323124 71.465240 299.703918
vn 5.513849 -0.780712 -2.278935
v 52.675297 72.159760 300.114166
vn 5.717890 -2.391498 -0.847555
v 44.241554 57.532013 286.718811
vn 5.716649 -2.394000 -0.848458
v 44.570961 58.097172 287.345245
vn 5.823088 -1.532152 -1.685154
v 44.606953 58.373631 287.076324
vn 5.819944 -1.537866 -1.691123
v 45.261726 59.497040 288.313568
vn 5.704979 -0.575217 -2.488955
v 44.570156 58.681110 286.817719
vn 5.700364 -0.583571 -2.497925
v 45.224361 59.803555 288.053894
vn 5.348561 0.424697 -3.205931
v 44.455906 59.002823 286.587067
vn 5.342556 0.414092 -3.217628
v 45.109612 60.124401 287.822296
vn 4.768487 1.407004 -3.788994
v 44.269016 59.318741 286.399902
vn 4.761439 1.394448 -3.802877
v 44.922314 60.439621 287.634399
vn 4.006417 2.313017 -4.206968
v 44.023258 59.609554 286.266510
vn 3.998637 2.298940 -4.222393
v 44.676262 60.729935 287.500427
vn 3.161007 3.074101 -4.443569
v 43.738228 59.860409 286.189911
vn 3.113220 3.082235 -4.466150
v 44.391064 60.980499 287.423492
vn 5.720381 -2.387240 -0.842656
v 43.248024 55.827496 284.814331
vn 5.719208 -2.389541 -0.843106
v 43.579948 56.396946 285.453064
vn 5.718315 -2.391028 -0.845038
v 43.911171 56.965195 286.087982
vn 5.828524 -1.522458 -1.674765
v 43.616753 56.674793 285.185699
vn 5.826893 -1.525272 -1.677906
v 43.947712 57.242592 285.820129
vn 5.712978 -0.560962 -2.473463
v 43.580734 56.983612 284.928589
vn 5.710574 -0.565197 -2.478076
v 43.911442 57.550980 285.562531
vn 5.358843 0.442967 -3.185873
v 43.467182 57.306522 284.699280
vn 5.355713 0.437550 -3.191854
v 43.797665 57.873501 285.332764
vn 4.780784 1.428348 -3.765137
v 43.280861 57.623409 284.513214
vn 4.777055 1.422064 -3.772258
v 43.611160 58.190075 285.146362
vn 4.020097 2.336652 -4.180404
v 43.035503 57.914917 284.380554
vn 4.016010 2.329600 -4.188282
v 43.365673 58.481358 285.013458
vn 3.147839 3.116082 -4.419246
v 42.750710 58.166172 284.304413
vn 3.131796 3.114533 -4.430005
v 43.080803 58.732483 284.937164
vn 3.143848 3.091257 -4.440646
v 43.410019 59.297306 285.565765
vn 5.717683 -2.396296 -0.838298
v 42.915527 55.257076 284.172119
vn 5.826640 -1.507791 -1.692014
v 42.952835 55.535793 283.905731
vn 5.717238 -0.576169 -2.458430
v 42.917301 55.845448 283.649567
vn 5.367119 0.455416 -3.172579
v 42.804184 56.169098 283.421051
vn 5.715342 -0.556963 -2.468925
v 43.249310 56.415024 284.290833
vn 5.361856 0.448227 -3.179999
v 43.135979 56.738308 284.061920
vn 4.772115 1.450392 -3.766596
v 42.618214 56.486591 283.235687
vn 4.784357 1.434607 -3.758216
v 42.949833 57.055504 283.876221
vn 4.038141 2.326784 -4.167496
v 42.373108 56.778530 283.103516
vn 3.150492 3.124623 -4.412824
v 42.088459 57.030037 283.027649
vn 2.868253 2.692742 -4.867527
v 50.011871 70.321938 297.251892
vn 3.614408 1.662744 -4.826230
v 51.053822 70.922211 298.208557
vn 4.318826 0.673624 -4.462382
v 51.712952 71.295273 298.850281
vn 5.011386 -0.112331 -3.706135
v 52.245941 71.727631 299.469025
vn 2.827007 2.601909 -4.937350
v 50.852253 71.094299 298.151337
vn 3.613282 1.645483 -4.825904
v 51.573311 71.451500 298.770721
vn 4.421602 0.808183 -4.325694
v 52.159031 71.861435 299.379150
vn 4.337339 1.538438 -3.832045
v 52.512386 72.463432 299.884552
vn 2.827358 2.563343 -4.954562
v 51.413170 71.587791 298.725037
vn 3.678786 1.783433 -4.715119
v 52.047054 71.985962 299.315063
vn 2.888134 2.611970 -4.887141
v 51.918789 72.094727 299.278259
vn 5.619080 -2.521255 -1.041681
v 52.312645 71.351837 299.833038
vn 5.554051 -2.651198 -1.096107
v 51.902630 70.654259 299.413879
vn 5.555397 -2.656565 -1.097211
v 51.465813 69.912628 299.014130
vn 5.590837 -2.611122 -1.040615
v 50.800461 68.782257 298.359375
vn 5.589051 -1.923466 -2.055050
v 50.825195 69.019272 298.101624
vn 5.684181 -1.782701 -1.918411
v 50.508095 68.493423 297.694397
vn 5.515273 -0.908623 -2.814744
v 50.464703 68.780029 297.428955
vn 5.612804 -0.746482 -2.660170
v 50.165573 68.283134 296.964233
vn 5.234138 0.220288 -3.419255
v 50.044945 68.593895 296.722107
vn 5.280094 0.304576 -3.332440
v 49.271049 67.265587 295.388092
vn 4.687437 1.265281 -3.939029
v 49.080032 67.574432 295.193451
vn 4.705863 1.297488 -3.906126
v 48.284199 66.208549 293.793549
vn 3.936674 2.191555 -4.337309
v 48.036152 66.495438 293.655945
vn 3.957068 2.226419 -4.301000
v 47.220463 65.095573 292.195251
vn 5.640586 -2.534603 -0.963601
v 50.480869 68.237541 297.970398
vn 5.757744 -1.657293 -1.801879
v 50.209522 67.987923 297.235687
vn 5.651919 -0.668773 -2.586591
v 49.390381 66.952583 295.627991
vn 5.295698 0.331818 -3.304671
v 48.474293 65.898117 293.986572
vn 4.724351 1.328750 -3.873446
v 47.467926 64.807678 292.331848
vn 5.680699 -2.464060 -0.902993
v 50.180962 67.724220 297.517975
vn 5.787133 -1.595658 -1.750638
v 49.432869 66.654861 295.896942
vn 5.664010 -0.647539 -2.565160
v 48.592484 65.583160 294.224457
vn 5.311262 0.358233 -3.277003
v 47.657200 64.495857 292.523376
vn 5.698780 -2.425096 -0.883134
v 49.402790 66.388542 296.176605
vn 5.795312 -1.581282 -1.736233
v 48.633698 65.283257 294.491150
vn 5.703192 -2.417457 -0.875020
v 48.602291 65.014664 294.768494
vn 3.176601 3.107032 -4.408763
v 42.419884 57.598610 283.667816
vn 4.024068 2.343543 -4.172690
v 42.704605 57.347233 283.743805
vn 5.825214 -1.528155 -1.681119
v 44.277824 57.808949 286.450439
vn 5.708103 -0.569522 -2.482811
v 44.241295 58.116890 286.192352
vn 5.352529 0.432021 -3.197953
v 44.127285 58.439011 285.962128
vn 4.773245 1.415565 -3.779520
v 43.940590 58.755264 285.775360
vn 4.011771 2.322399 -4.196363
v 43.694969 59.046314 285.642212
vn 5.830100 -1.519696 -1.671741
v 43.285084 56.105782 284.547455
vn 3.916046 2.155951 -4.373912
v 48.831318 67.860199 295.054657
vn 3.868064 2.085994 -4.454279
v 49.603405 69.185371 296.385559
vn 4.638240 1.184078 -4.028193
v 49.852871 68.900917 296.525635
vn 5.126029 0.043503 -3.590076
v 50.346668 69.081886 297.192200
vn 5.388198 -1.094552 -2.988503
v 50.784264 69.284904 297.853760
vn 5.521067 -2.009750 -2.142295
v 51.483891 70.093933 298.813354
vn 4.534557 1.016590 -4.192076
v 50.159130 69.380272 297.000092
vn 4.987319 -0.163767 -3.776680
v 50.673958 69.564835 297.632660
vn 5.297836 -1.212409 -3.093150
v 51.451279 70.297409 298.620239
vn 5.523370 -1.993520 -2.135282
v 51.916393 70.797150 299.253571
vn 5.711995 -0.289219 -1.675385
v 52.914162 72.569305 300.637939
vn 4.687906 2.268580 -2.747172
v 52.784554 72.930077 300.481354
vn 5.027928 2.843114 -1.160022
v 52.942356 73.198967 301.223511
vn 5.916466 0.059213 -0.713711
v 53.052650 72.805283 301.289276
vn 5.949584 0.111960 0.327592
v 53.075085 72.840996 301.994507
vn 5.807630 -0.137037 1.330540
v 52.978924 72.672394 302.673767
vn 5.679393 -0.539209 1.946242
v 52.775051 72.318565 303.250275
vn 4.845366 2.519058 2.201469
v 52.858349 73.047546 302.801056
vn 4.575069 1.948431 3.353482
v 52.626045 72.644379 303.457916
vn 5.082207 2.929497 0.546119
v 52.967918 73.239655 302.027069
vn 4.876756 -3.850907 0.732239
v 47.072289 62.348892 301.577942
vn 4.143941 -4.446076 1.475842
v 46.837910 62.157185 301.819489
vn 3.216237 -4.892109 2.196977
v 46.540936 62.014149 302.052155
vn 2.138318 -5.145761 2.838084
v 46.194427 61.933681 302.260010
vn 0.966732 -5.186865 3.359568
v 45.818867 61.922901 302.429108
vn -0.221618 -5.014833 3.735831
v 45.438320 61.980320 302.550171
vn -1.248921 -4.711524 3.942853
v 45.075554 62.096565 302.620361
vn -1.219949 -4.424341 4.259075
v 43.864700 60.020554 299.977631
vn -1.297675 -4.553814 4.094830
v 44.797226 61.619495 301.982941
vn -1.142098 -4.288613 4.415533
v 42.887489 58.344334 298.032562
vn -0.092456 -4.795695 4.020122
v 44.225258 59.900520 299.902618
vn -0.019265 -4.669784 4.165535
v 43.246746 58.222069 297.954956
vn 1.082009 -4.990765 3.614120
v 44.601971 59.836529 299.773132
vn 1.147753 -4.880297 3.740627
v 43.621208 58.154221 297.821014
vn 2.234560 -4.982534 3.050205
v 44.972164 59.838112 299.592285
vn 2.286172 -4.892006 3.154045
v 43.988251 58.150398 297.633881
vn 3.292984 -4.765535 2.358704
v 45.312069 59.907253 299.369965
vn 3.329525 -4.695029 2.445113
v 44.324276 58.212883 297.403809
vn 4.196157 -4.359417 1.585490
v 45.601643 60.037601 299.121094
vn 4.224887 -4.307986 1.648310
v 44.609509 58.335781 297.146301
vn 4.904819 -3.804884 0.781900
v 45.828331 60.216125 298.862701
vn 4.921972 -3.776277 0.812244
v 44.831676 58.506557 296.878876
vn 5.365517 -3.241298 0.269993
v 44.146370 57.266502 295.044250
vn 2.719843 -2.913103 4.429786
v 43.173191 56.773170 296.131348
vn 4.148699 -3.319476 3.090487
v 43.603325 56.873600 295.846741
vn 5.037959 -3.407297 1.427205
v 43.932178 57.035789 295.468170
vn 4.890695 -3.828247 0.753526
v 46.785069 61.856579 300.920166
vn 4.167151 -4.407191 1.526880
v 46.552757 61.668415 301.166473
vn 3.250535 -4.835827 2.271085
v 46.257767 61.528786 301.403656
vn 2.180292 -5.072916 2.936577
v 45.913033 61.451359 301.615601
vn 1.018115 -5.097562 3.479412
v 45.538914 61.443047 301.787994
vn -0.162895 -4.914424 3.870167
v 45.159397 61.502232 301.911407
vn -0.217482 -2.682316 5.655518
v 27.592442 28.172485 274.203644
vn 0.860779 -3.089693 5.375716
v 27.941166 28.043900 274.117432
vn 1.959255 -3.383443 4.885639
v 28.293335 27.948252 273.961426
vn 2.996875 -3.548086 4.190804
v 28.626253 27.894667 273.739685
vn 3.915085 -3.569404 3.324695
v 28.922165 27.887403 273.461243
vn 4.661113 -3.450186 2.344279
v 29.161316 27.925821 273.146912
vn 5.207035 -3.208670 1.313037
v 29.335989 28.003738 272.816864
vn 5.204885 -3.204359 1.328602
v 30.316948 30.039324 273.892670
vn 4.629963 -3.492273 2.343052
v 30.134577 29.948160 274.214996
vn 3.861124 -3.650953 3.298150
v 29.887804 29.896448 274.521301
vn 2.921327 -3.666631 4.140656
v 29.584900 29.891136 274.791840
vn 1.866328 -3.534050 4.813650
v 29.245840 29.933804 275.006592
vn 1.793729 -3.655267 4.749161
v 30.168684 31.907640 276.141510
vn 0.755330 -3.264494 5.286400
v 28.888924 30.020658 275.156616
vn 0.672147 -3.404819 5.207301
v 29.808313 31.988533 276.287140
vn -0.332516 -2.914237 5.534305
v 28.536921 30.142942 275.238190
vn -0.300109 -3.072127 5.458349
v 29.453951 32.106766 276.365326
vn -0.421275 -3.225207 5.359386
v 30.349361 34.055935 277.561066
vn -0.538319 -3.376747 5.253060
v 32.096992 37.896492 280.105316
vn -0.683513 -3.503064 5.145284
v 33.822617 41.654224 282.811890
vn -0.760691 -3.628322 5.045192
v 35.228386 44.620567 285.099640
vn -0.840970 -3.754889 4.938385
v 36.668900 47.502270 287.465485
vn -0.166562 -4.149992 4.629688
v 38.416546 50.165936 289.843567
vn 0.283267 -4.133194 4.690523
v 37.027435 47.381550 287.388397
vn 1.423175 -4.359873 4.256126
v 37.397194 47.308125 287.248749
vn 0.349837 -3.994197 4.804608
v 35.588013 44.504528 285.026123
vn 1.501389 -4.213254 4.374399
v 35.957954 44.433960 284.889130
vn 0.421420 -3.857565 4.909908
v 34.182198 41.540539 282.739655
vn 1.570107 -4.074655 4.480572
v 34.551212 41.470570 282.603119
vn 0.505816 -3.702405 5.021277
v 32.455437 37.783249 280.032471
vn 1.647392 -3.925218 4.585959
v 32.822159 37.711491 279.894257
vn 0.596624 -3.543014 5.124605
v 30.705484 33.940315 277.485321
vn 1.727724 -3.777845 4.678294
v 31.068491 33.863598 277.342957
vn 5.193717 -3.218093 1.344349
v 31.260170 32.049419 275.050476
vn 4.605656 -3.530336 2.333751
v 31.072365 31.948416 275.366913
vn 3.819210 -3.719649 3.269343
v 30.820154 31.886972 275.667236
vn 2.863213 -3.763651 4.092907
v 30.512238 31.872631 275.931915
vn 5.183531 -3.236271 1.345668
v 32.175499 34.033184 276.269623
vn 5.163564 -3.278631 1.328056
v 33.951633 37.921417 278.846313
vn 5.138851 -3.342318 1.261437
v 35.696327 41.708401 281.571503
vn 5.101515 -3.428705 1.182379
v 37.112247 44.688011 283.865356
vn 5.046900 -3.550404 1.060669
v 38.557457 47.572868 286.227264
vn 4.526014 -3.989089 1.516291
v 39.925869 50.212894 288.834900
vn 4.397039 -3.987274 1.984699
v 38.350716 47.431034 286.520782
vn 3.237869 -4.473998 2.863670
v 39.507065 50.055279 289.272278
vn 3.557167 -4.285274 2.852224
v 38.079731 47.333660 286.801239
vn 2.541641 -4.420775 3.625789
v 37.755478 47.291210 287.049561
vn 2.614667 -4.264231 3.756599
v 36.315395 44.417645 284.691559
vn 1.593987 -4.530571 3.953365
v 38.986988 50.039097 289.619843
vn 2.810235 -3.865042 4.036046
v 31.415516 33.834221 277.137238
vn 3.780190 -3.795412 3.228908
v 31.727245 33.855408 276.877075
vn 4.581745 -3.577747 2.310415
v 31.983593 33.924408 276.581421
vn 2.744001 -3.993596 3.956985
v 33.174255 37.689598 279.693695
vn 2.677336 -4.130198 3.860697
v 34.906784 41.452850 282.405151
vn 3.675104 -4.015973 3.081923
v 35.227734 41.490147 282.155243
vn 3.729434 -3.898720 3.166116
v 33.491467 37.720501 279.439880
vn 4.506590 -3.743917 2.195564
v 35.494312 41.578495 281.871033
vn 4.547527 -3.651155 2.265373
v 33.753819 37.800713 279.151062
vn 3.620078 -4.138883 2.983497
v 36.638447 44.458340 284.443268
vn 4.460472 -3.850058 2.105879
v 36.907597 44.551788 284.161530
vn 0.197713 -4.342795 4.498600
v 38.839382 50.657406 290.297058
vn 1.407802 -4.500816 4.095113
v 39.207218 50.578182 290.151489
vn 1.495714 -5.417526 0.649722
v 39.653660 50.679764 290.047760
vn 2.425303 -4.607382 3.459391
v 39.564987 50.558441 289.948120
vn 3.450144 -4.463783 2.688004
v 39.889595 50.601334 289.698029
vn 4.284171 -4.186244 1.798973
v 40.162037 50.702278 289.418121
vn 4.964659 -3.710709 0.856506
v 40.370914 50.850246 289.127411
vn -0.942532 -3.922280 4.784696
v 38.483948 50.786228 290.381378
vn 5.330899 -3.315630 0.048813
v 40.811310 51.541973 289.327759
vn 4.723325 -4.071870 0.237516
v 40.508854 51.146706 289.565277
vn 3.345993 -4.997702 0.413028
v 40.115253 50.845482 289.804840
vn 4.651999 -2.343531 3.045062
v 40.899426 51.930096 296.648834
vn 2.847325 -1.026355 5.185308
v 40.615376 52.168373 297.010071
vn 4.291722 -2.830055 3.063051
v 40.558651 51.342613 296.674774
vn 2.264031 -1.897249 5.120214
v 40.224712 51.494877 297.039825
vn 1.580030 -3.075154 4.794868
v 39.844082 50.839561 296.858734
vn 0.964463 -4.133137 4.114552
v 39.501621 50.250858 296.480255
vn 0.462989 -4.993315 3.129762
v 39.222637 49.772285 295.932312
vn 0.112755 -5.591937 1.913150
v 39.027752 49.439209 295.255432
vn -0.060488 -5.884857 0.554678
v 38.931366 49.276249 294.499603
vn -0.043890 -5.850333 -0.845226
v 38.940609 49.295448 293.720734
vn 0.113708 -5.706504 -1.867795
v 39.054794 49.495388 292.976379
vn 3.047969 -5.093750 -1.091243
v 39.538147 49.598480 293.130280
vn 2.904568 -5.205853 -0.522109
v 39.438545 49.424076 293.779602
vn 2.894117 -5.227730 0.325369
v 39.430485 49.407330 294.458984
vn 2.999379 -5.049442 1.147569
v 39.514557 49.549480 295.118286
vn 3.205739 -4.694931 1.870925
v 39.684555 49.840019 295.708740
vn 3.505003 -4.183478 2.454332
v 39.927906 50.257473 296.186676
vn 3.877403 -3.543435 2.867101
v 40.226635 50.770988 296.516846
vn -3.961280 -0.969080 -1.318239
v 28.405172 32.803959 275.273590
vn 1.120065 -3.917089 -1.330606
v 20.271364 37.522877 275.293396
vn -3.914134 -1.504515 -0.875300
v 28.332272 33.660114 274.570679
vn 0.633464 -4.142862 -0.886368
v 21.048231 37.886028 274.588409
vn -3.727221 -2.049624 -0.495986
v 28.032831 34.539024 273.962189
vn 0.068858 -4.251975 -0.505188
v 21.957640 38.063614 273.976959
vn -3.408891 -2.587908 -0.195016
v 27.521618 35.397373 273.478119
vn -0.555346 -4.243419 -0.201964
v 22.954762 38.046883 273.489227
vn -2.973315 -3.085899 0.014169
v 26.823828 36.192837 273.142334
vn -1.203077 -4.112900 0.009818
v 23.990440 37.836658 273.149231
vn -2.443103 -3.519556 0.120136
v 25.973862 36.886208 272.971405
vn -1.842430 -3.868280 0.118927
v 25.013620 37.443302 272.973724
# 2756 vertices, 0 vertices normals


usemtl material_0
f 1//1 2//2 3//3
f 3//3 2//2 4//4
f 3//3 4//4 5//5
f 5//5 4//4 6//6
f 5//5 6//6 7//7
f 7//7 6//6 8//8
f 7//7 8//8 9//9
f 9//9 8//8 10//10
f 9//9 10//10 11//11
f 11//11 10//10 12//12
f 11//11 12//12 13//13
f 13//13 12//12 14//14
f 13//13 14//14 15//15
f 15//15 14//14 16//16
f 15//15 16//16 17//17
f 17//17 16//16 18//18
f 17//17 18//18 19//19
f 19//19 18//18 20//20
f 19//19 20//20 21//21
f 21//21 20//20 22//22
f 21//21 22//22 23//23
f 23//23 22//22 24//24
f 23//23 24//24 25//25
f 25//25 24//24 26//26
f 25//25 26//26 27//27
f 27//27 26//26 28//28
f 27//27 28//28 29//29
f 29//29 28//28 30//30
f 29//29 30//30 31//31
f 31//31 30//30 32//32
f 31//31 32//32 33//33
f 33//33 32//32 34//34
f 33//33 34//34 35//35
f 35//35 34//34 36//36
f 35//35 36//36 37//37
f 37//37 36//36 38//38
f 37//37 38//38 39//39
f 39//39 38//38 40//40
f 39//39 40//40 41//41
f 41//41 40//40 42//42
f 41//41 42//42 43//43
f 43//43 42//42 44//44
f 43//43 44//44 45//45
f 45//45 44//44 46//46
f 45//45 46//46 47//47
f 47//47 46//46 48//48
f 47//47 48//48 49//49
f 49//49 48//48 50//50
f 49//49 50//50 51//51
f 51//51 50//50 52//52
f 51//51 52//52 53//53
f 53//53 52//52 54//54
f 53//53 54//54 1//1
f 1//1 54//54 2//2
f 1//1 3//3 55//55
f 55//55 3//3 5//5
f 55//55 5//5 56//56
f 56//56 5//5 7//7
f 56//56 7//7 57//57
f 57//57 7//7 9//9
f 57//57 9//9 58//58
f 58//58 9//9 11//11
f 58//58 11//11 59//59
f 59//59 11//11 13//13
f 59//59 13//13 60//60
f 60//60 13//13 15//15
f 60//60 15//15 61//61
f 61//61 15//15 17//17
f 61//61 17//17 62//62
f 62//62 17//17 19//19
f 62//62 19//19 63//63
f 63//63 19//19 21//21
f 63//63 21//21 64//64
f 64//64 21//21 23//23
f 64//64 23//23 65//65
f 65//65 23//23 25//25
f 65//65 25//25 66//66
f 66//66 25//25 27//27
f 66//66 27//27 67//67
f 67//67 27//27 29//29
f 67//67 29//29 68//68
f 68//68 29//29 31//31
f 68//68 31//31 69//69
f 69//69 31//31 33//33
f 69//69 33//33 70//70
f 70//70 33//33 35//35
f 70//70 35//35 71//71
f 71//71 35//35 37//37
f 71//71 37//37 72//72
f 72//72 37//37 39//39
f 72//72 39//39 73//73
f 73//73 39//39 41//41
f 73//73 41//41 74//74
f 74//74 41//41 43//43
f 74//74 43//43 75//75
f 75//75 43//43 45//45
f 75//75 45//45 76//76
f 76//76 45//45 47//47
f 76//76 47//47 77//77
f 77//77 47//47 49//49
f 77//77 49//49 78//78
f 78//78 49//49 51//51
f 78//78 51//51 79//79
f 79//79 51//51 53//53
f 79//79 53//53 80//80
f 80//80 53//53 1//1
f 80//80 1//1 55//55
f 81//81 80//80 82//82
f 82//82 80//80 55//55
f 82//82 55//55 83//83
f 83//83 55//55 56//56
f 83//83 56//56 84//84
f 84//84 56//56 57//57
f 84//84 57//57 85//85
f 85//85 57//57 58//58
f 85//85 58//58 86//86
f 86//86 58//58 59//59
f 86//86 59//59 87//87
f 87//87 59//59 60//60
f 87//87 60//60 88//88
f 88//88 60//60 61//61
f 88//88 61//61 89//89
f 89//89 61//61 62//62
f 89//89 62//62 90//90
f 90//90 62//62 63//63
f 90//90 63//63 91//91
f 91//91 63//63 64//64
f 91//91 64//64 92//92
f 92//92 64//64 65//65
f 92//92 65//65 93//93
f 93//93 65//65 66//66
f 93//93 66//66 94//94
f 94//94 66//66 67//67
f 94//94 67//67 95//95
f 95//95 67//67 68//68
f 95//95 68//68 96//96
f 96//96 68//68 69//69
f 96//96 69//69 97//97
f 97//97 69//69 70//70
f 97//97 70//70 98//98
f 98//98 70//70 71//71
f 98//98 71//71 99//99
f 99//99 71//71 72//72
f 99//99 72//72 100//100
f 100//100 72//72 73//73
f 100//100 73//73 101//101
f 101//101 73//73 74//74
f 101//101 74//74 102//102
f 102//102 74//74 75//75
f 102//102 75//75 103//103
f 103//103 75//75 76//76
f 103//103 76//76 104//104
f 104//104 76//76 77//77
f 104//104 77//77 105//105
f 105//105 77//77 78//78
f 105//105 78//78 106//106
f 106//106 78//78 79//79
f 106//106 79//79 81//81
f 81//81 79//79 80//80
f 81//81 82//82 107//107
f 107//107 82//82 83//83
f 107//107 83//83 108//108
f 108//108 83//83 84//84
f 108//108 84//84 109//109
f 109//109 84//84 85//85
f 109//109 85//85 110//110
f 110//110 85//85 86//86
f 110//110 86//86 111//111
f 111//111 86//86 87//87
f 111//111 87//87 112//112
f 112//112 87//87 88//88
f 112//112 88//88 113//113
f 113//113 88//88 89//89
f 113//113 89//89 114//114
f 114//114 89//89 90//90
f 114//114 90//90 115//115
f 115//115 90//90 91//91
f 115//115 91//91 116//116
f 116//116 91//91 92//92
f 116//116 92//92 117//117
f 117//117 92//92 93//93
f 117//117 93//93 118//118
f 118//118 93//93 94//94
f 118//118 94//94 119//119
f 119//119 94//94 95//95
f 119//119 95//95 120//120
f 120//120 95//95 96//96
f 120//120 96//96 121//121
f 121//121 96//96 97//97
f 121//121 97//97 122//122
f 122//122 97//97 98//98
f 122//122 98//98 123//123
f 123//123 98//98 99//99
f 123//123 99//99 124//124
f 124//124 99//99 100//100
f 124//124 100//100 125//125
f 125//125 100//100 101//101
f 125//125 101//101 126//126
f 126//126 101//101 102//102
f 126//126 102//102 127//127
f 127//127 102//102 103//103
f 127//127 103//103 128//128
f 128//128 103//103 104//104
f 128//128 104//104 129//129
f 129//129 104//104 105//105
f 129//129 105//105 130//130
f 130//130 105//105 106//106
f 130//130 106//106 131//131
f 131//131 106//106 81//81
f 131//131 81//81 107//107
f 132//132 131//131 133//133
f 133//133 131//131 107//107
f 133//133 107//107 108//108
f 131//131 132//132 130//130
f 130//130 132//132 134//134
f 130//130 134//134 129//129
f 129//129 134//134 135//135
f 129//129 135//135 128//128
f 128//128 135//135 136//136
f 128//128 136//136 127//127
f 127//127 136//136 137//137
f 127//127 137//137 126//126
f 126//126 137//137 138//138
f 126//126 138//138 125//125
f 125//125 138//138 139//139
f 125//125 139//139 124//124
f 124//124 139//139 140//140
f 124//124 140//140 123//123
f 123//123 140//140 141//141
f 123//123 141//141 122//122
f 122//122 141//141 142//142
f 122//122 142//142 121//121
f 121//121 142//142 143//143
f 121//121 143//143 120//120
f 120//120 143//143 144//144
f 120//120 144//144 119//119
f 119//119 144//144 145//145
f 119//119 145//145 118//118
f 118//118 145//145 146//146
f 118//118 146//146 117//117
f 117//117 146//146 147//147
f 117//117 147//147 116//116
f 116//116 147//147 148//148
f 116//116 148//148 115//115
f 115//115 148//148 149//149
f 115//115 149//149 114//114
f 114//114 149//149 150//150
f 114//114 150//150 113//113
f 113//113 150//150 151//151
f 113//113 151//151 112//112
f 112//112 151//151 152//152
f 112//112 152//152 111//111
f 111//111 152//152 153//153
f 111//111 153//153 110//110
f 110//110 153//153 154//154
f 110//110 154//154 109//109
f 109//109 154//154 155//155
f 109//109 155//155 108//108
f 108//108 155//155 133//133
f 132//132 133//133 156//156
f 156//156 133//133 155//155
f 156//156 155//155 157//157
f 157//157 155//155 154//154
f 157//157 154//154 158//158
f 158//158 154//154 153//153
f 158//158 153//153 159//159
f 159//159 153//153 152//152
f 159//159 152//152 160//160
f 160//160 152//152 151//151
f 160//160 151//151 161//161
f 161//161 151//151 150//150
f 161//161 150//150 162//162
f 162//162 150//150 149//149
f 162//162 149//149 163//163
f 163//163 149//149 148//148
f 163//163 148//148 164//164
f 164//164 148//148 147//147
f 164//164 147//147 165//165
f 165//165 147//147 146//146
f 165//165 146//146 166//166
f 166//166 146//146 145//145
f 166//166 145//145 167//167
f 167//167 145//145 144//144
f 167//167 144//144 168//168
f 168//168 144//144 143//143
f 168//168 143//143 169//169
f 169//169 143//143 142//142
f 169//169 142//142 170//170
f 170//170 142//142 141//141
f 170//170 141//141 171//171
f 171//171 141//141 140//140
f 171//171 140//140 172//172
f 172//172 140//140 139//139
f 172//172 139//139 173//173
f 173//173 139//139 138//138
f 173//173 138//138 174//174
f 174//174 138//138 137//137
f 174//174 137//137 175//175
f 175//175 137//137 136//136
f 175//175 136//136 176//176
f 176//176 136//136 135//135
f 176//176 135//135 177//177
f 177//177 135//135 134//134
f 177//177 134//134 178//178
f 178//178 134//134 132//132
f 178//178 132//132 156//156
f 179//179 178//178 180//180
f 180//180 178//178 156//156
f 180//180 156//156 181//181
f 181//181 156//156 157//157
f 181//181 157//157 182//182
f 182//182 157//157 158//158
f 182//182 158//158 183//183
f 183//183 158//158 159//159
f 183//183 159//159 184//184
f 184//184 159//159 160//160
f 184//184 160//160 185//185
f 185//185 160//160 161//161
f 185//185 161//161 186//186
f 186//186 161//161 162//162
f 186//186 162//162 187//187
f 187//187 162//162 163//163
f 187//187 163//163 188//188
f 188//188 163//163 164//164
f 188//188 164//164 189//189
f 189//189 164//164 165//165
f 189//189 165//165 190//190
f 190//190 165//165 166//166
f 190//190 166//166 191//191
f 191//191 166//166 167//167
f 191//191 167//167 192//192
f 192//192 167//167 168//168
f 192//192 168//168 193//193
f 193//193 168//168 169//169
f 193//193 169//169 194//194
f 194//194 169//169 170//170
f 194//194 170//170 195//195
f 195//195 170//170 171//171
f 195//195 171//171 196//196
f 196//196 171//171 172//172
f 196//196 172//172 197//197
f 197//197 172//172 173//173
f 197//197 173//173 198//198
f 198//198 173//173 174//174
f 198//198 174//174 199//199
f 199//199 174//174 175//175
f 199//199 175//175 200//200
f 200//200 175//175 176//176
f 200//200 176//176 201//201
f 201//201 176//176 177//177
f 201//201 177//177 179//179
f 179//179 177//177 178//178
f 179//179 180//180 202//202
f 202//202 180//180 181//181
f 202//202 181//181 203//203
f 203//203 181//181 182//182
f 203//203 182//182 204//204
f 204//204 182//182 183//183
f 204//204 183//183 205//205
f 205//205 183//183 184//184
f 205//205 184//184 206//206
f 206//206 184//184 185//185
f 206//206 185//185 207//207
f 207//207 185//185 186//186
f 207//207 186//186 208//208
f 208//208 186//186 209//209
f 209//209 186//186 187//187
f 209//209 187//187 210//210
f 210//210 187//187 188//188
f 210//210 188//188 211//211
f 211//211 188//188 189//189
f 211//211 189//189 212//212
f 212//212 189//189 190//190
f 212//212 190//190 213//213
f 213//213 190//190 191//191
f 213//213 191//191 192//192
f 213//213 192//192 214//214
f 214//214 192//192 193//193
f 214//214 193//193 215//215
f 215//215 193//193 194//194
f 215//215 194//194 216//216
f 216//216 194//194 195//195
f 216//216 195//195 217//217
f 217//217 195//195 196//196
f 217//217 196//196 218//218
f 218//218 196//196 197//197
f 218//218 197//197 219//219
f 219//219 197//197 220//220
f 220//220 197//197 198//198
f 220//220 198//198 221//221
f 221//221 198//198 199//199
f 221//221 199//199 222//222
f 222//222 199//199 200//200
f 222//222 200//200 223//223
f 223//223 200//200 201//201
f 223//223 201//201 224//224
f 224//224 201//201 179//179
f 224//224 179//179 202//202
f 225//225 224//224 226//226
f 226//226 224//224 202//202
f 226//226 202//202 227//227
f 227//227 202//202 203//203
f 227//227 203//203 204//204
f 225//225 228//228 224//224
f 224//224 228//228 223//223
f 223//223 228//228 229//229
f 223//223 229//229 222//222
f 222//222 229//229 230//230
f 222//222 230//230 221//221
f 221//221 230//230 231//231
f 221//221 231//231 220//220
f 220//220 231//231 232//232
f 220//220 232//232 219//219
f 219//219 232//232 233//233
f 219//219 233//233 218//218
f 218//218 233//233 234//234
f 218//218 234//234 217//217
f 217//217 234//234 235//235
f 217//217 235//235 216//216
f 216//216 235//235 236//236
f 216//216 236//236 215//215
f 215//215 236//236 237//237
f 215//215 237//237 214//214
f 214//214 237//237 238//238
f 214//214 238//238 213//213
f 213//213 238//238 239//239
f 213//213 239//239 212//212
f 212//212 239//239 240//240
f 212//212 240//240 211//211
f 211//211 240//240 241//241
f 211//211 241//241 210//210
f 210//210 241//241 242//242
f 210//210 242//242 209//209
f 209//209 242//242 243//243
f 209//209 243//243 208//208
f 208//208 243//243 244//244
f 208//208 244//244 207//207
f 207//207 244//244 245//245
f 207//207 245//245 206//206
f 206//206 245//245 246//246
f 206//206 246//246 205//205
f 205//205 246//246 247//247
f 205//205 247//247 204//204
f 204//204 247//247 227//227
f 225//225 226//226 248//248
f 248//248 226//226 227//227
f 248//248 227//227 249//249
f 249//249 227//227 247//247
f 249//249 247//247 250//250
f 250//250 247//247 246//246
f 250//250 246//246 251//251
f 251//251 246//246 245//245
f 251//251 245//245 252//252
f 252//252 245//245 244//244
f 252//252 244//244 253//253
f 253//253 244//244 243//243
f 253//253 243//243 254//254
f 254//254 243//243 242//242
f 254//254 242//242 255//255
f 255//255 242//242 241//241
f 255//255 241//241 256//256
f 256//256 241//241 240//240
f 256//256 240//240 257//257
f 257//257 240//240 239//239
f 257//257 239//239 258//258
f 258//258 239//239 238//238
f 258//258 238//238 237//237
f 258//258 237//237 259//259
f 259//259 237//237 236//236
f 259//259 236//236 260//260
f 260//260 236//236 235//235
f 260//260 235//235 261//261
f 261//261 235//235 234//234
f 261//261 234//234 262//262
f 262//262 234//234 233//233
f 262//262 233//233 263//263
f 263//263 233//233 232//232
f 263//263 232//232 264//264
f 264//264 232//232 231//231
f 264//264 231//231 265//265
f 265//265 231//231 230//230
f 265//265 230//230 266//266
f 266//266 230//230 229//229
f 266//266 229//229 267//267
f 267//267 229//229 228//228
f 267//267 228//228 268//268
f 268//268 228//228 225//225
f 268//268 225//225 248//248
f 6//6 4//4 269//269
f 269//269 4//4 2//2
f 269//269 2//2 270//270
f 270//270 2//2 54//54
f 270//270 54//54 271//271
f 271//271 54//54 52//52
f 271//271 52//52 272//272
f 272//272 52//52 50//50
f 272//272 50//50 273//273
f 273//273 50//50 48//48
f 273//273 48//48 274//274
f 274//274 48//48 46//46
f 274//274 46//46 275//275
f 275//275 46//46 44//44
f 275//275 44//44 276//276
f 276//276 44//44 42//42
f 276//276 42//42 277//277
f 277//277 42//42 40//40
f 277//277 40//40 278//278
f 278//278 40//40 38//38
f 278//278 38//38 279//279
f 279//279 38//38 36//36
f 279//279 36//36 280//280
f 280//280 36//36 34//34
f 280//280 34//34 281//281
f 281//281 34//34 32//32
f 281//281 32//32 282//282
f 282//282 32//32 30//30
f 282//282 30//30 283//283
f 283//283 30//30 28//28
f 283//283 28//28 284//284
f 284//284 28//28 26//26
f 284//284 26//26 285//285
f 285//285 26//26 24//24
f 285//285 24//24 286//286
f 286//286 24//24 22//22
f 286//286 22//22 287//287
f 287//287 22//22 20//20
f 287//287 20//20 288//288
f 288//288 20//20 18//18
f 288//288 18//18 289//289
f 289//289 18//18 16//16
f 289//289 16//16 290//290
f 290//290 16//16 14//14
f 290//290 14//14 291//291
f 291//291 14//14 12//12
f 291//291 12//12 292//292
f 292//292 12//12 10//10
f 292//292 10//10 293//293
f 293//293 10//10 8//8
f 293//293 8//8 294//294
f 294//294 8//8 6//6
f 294//294 6//6 269//269
f 295//295 294//294 296//296
f 296//296 294//294 269//269
f 296//296 269//269 297//297
f 297//297 269//269 270//270
f 297//297 270//270 298//298
f 298//298 270//270 271//271
f 298//298 271//271 299//299
f 299//299 271//271 272//272
f 299//299 272//272 300//300
f 300//300 272//272 273//273
f 300//300 273//273 301//301
f 301//301 273//273 274//274
f 301//301 274//274 302//302
f 302//302 274//274 275//275
f 302//302 275//275 303//303
f 303//303 275//275 276//276
f 303//303 276//276 304//304
f 304//304 276//276 277//277
f 304//304 277//277 305//305
f 305//305 277//277 278//278
f 305//305 278//278 306//306
f 306//306 278//278 279//279
f 306//306 279//279 307//307
f 307//307 279//279 280//280
f 307//307 280//280 308//308
f 308//308 280//280 281//281
f 308//308 281//281 309//309
f 309//309 281//281 282//282
f 309//309 282//282 310//310
f 310//310 282//282 283//283
f 310//310 283//283 311//311
f 311//311 283//283 284//284
f 311//311 284//284 312//312
f 312//312 284//284 285//285
f 312//312 285//285 313//313
f 313//313 285//285 286//286
f 313//313 286//286 314//314
f 314//314 286//286 287//287
f 314//314 287//287 315//315
f 315//315 287//287 288//288
f 315//315 288//288 316//316
f 316//316 288//288 289//289
f 316//316 289//289 317//317
f 317//317 289//289 290//290
f 317//317 290//290 318//318
f 318//318 290//290 291//291
f 318//318 291//291 319//319
f 319//319 291//291 292//292
f 319//319 292//292 320//320
f 320//320 292//292 293//293
f 320//320 293//293 295//295
f 295//295 293//293 294//294
f 295//295 296//296 321//321
f 321//321 296//296 297//297
f 321//321 297//297 322//322
f 322//322 297//297 298//298
f 322//322 298//298 323//323
f 323//323 298//298 299//299
f 323//323 299//299 324//324
f 324//324 299//299 300//300
f 324//324 300//300 325//325
f 325//325 300//300 301//301
f 325//325 301//301 326//326
f 326//326 301//301 302//302
f 326//326 302//302 327//327
f 327//327 302//302 303//303
f 327//327 303//303 328//328
f 328//328 303//303 304//304
f 328//328 304//304 329//329
f 329//329 304//304 305//305
f 329//329 305//305 330//330
f 330//330 305//305 306//306
f 330//330 306//306 331//331
f 331//331 306//306 307//307
f 331//331 307//307 332//332
f 332//332 307//307 308//308
f 332//332 308//308 333//333
f 333//333 308//308 309//309
f 333//333 309//309 334//334
f 334//334 309//309 310//310
f 334//334 310//310 335//335
f 335//335 310//310 311//311
f 335//335 311//311 336//336
f 336//336 311//311 312//312
f 336//336 312//312 337//337
f 337//337 312//312 313//313
f 337//337 313//313 338//338
f 338//338 313//313 314//314
f 338//338 314//314 339//339
f 339//339 314//314 315//315
f 339//339 315//315 340//340
f 340//340 315//315 316//316
f 340//340 316//316 341//341
f 341//341 316//316 317//317
f 341//341 317//317 342//342
f 342//342 317//317 318//318
f 342//342 318//318 343//343
f 343//343 318//318 319//319
f 343//343 319//319 344//344
f 344//344 319//319 320//320
f 344//344 320//320 345//345
f 345//345 320//320 295//295
f 345//345 295//295 321//321
f 346//346 345//345 347//347
f 347//347 345//345 321//321
f 347//347 321//321 322//322
f 345//345 346//346 344//344
f 344//344 346//346 348//348
f 344//344 348//348 343//343
f 343//343 348//348 349//349
f 343//343 349//349 342//342
f 342//342 349//349 350//350
f 342//342 350//350 341//341
f 341//341 350//350 351//351
f 341//341 351//351 340//340
f 340//340 351//351 352//352
f 340//340 352//352 339//339
f 339//339 352//352 353//353
f 339//339 353//353 338//338
f 338//338 353//353 354//354
f 338//338 354//354 337//337
f 337//337 354//354 355//355
f 337//337 355//355 336//336
f 336//336 355//355 356//356
f 336//336 356//356 335//335
f 335//335 356//356 357//357
f 335//335 357//357 334//334
f 334//334 357//357 358//358
f 334//334 358//358 333//333
f 333//333 358//358 359//359
f 333//333 359//359 332//332
f 332//332 359//359 360//360
f 332//332 360//360 331//331
f 331//331 360//360 361//361
f 331//331 361//361 330//330
f 330//330 361//361 362//362
f 330//330 362//362 329//329
f 329//329 362//362 363//363
f 329//329 363//363 328//328
f 328//328 363//363 364//364
f 328//328 364//364 327//327
f 327//327 364//364 365//365
f 327//327 365//365 326//326
f 326//326 365//365 366//366
f 326//326 366//366 325//325
f 325//325 366//366 367//367
f 325//325 367//367 324//324
f 324//324 367//367 368//368
f 324//324 368//368 323//323
f 323//323 368//368 369//369
f 323//323 369//369 322//322
f 322//322 369//369 347//347
f 346//346 347//347 370//370
f 370//370 347//347 369//369
f 370//370 369//369 371//371
f 371//371 369//369 368//368
f 371//371 368//368 372//372
f 372//372 368//368 367//367
f 372//372 367//367 373//373
f 373//373 367//367 366//366
f 373//373 366//366 374//374
f 374//374 366//366 365//365
f 374//374 365//365 375//375
f 375//375 365//365 364//364
f 375//375 364//364 376//376
f 376//376 364//364 363//363
f 376//376 363//363 377//377
f 377//377 363//363 362//362
f 377//377 362//362 378//378
f 378//378 362//362 361//361
f 378//378 361//361 379//379
f 379//379 361//361 360//360
f 379//379 360//360 380//380
f 380//380 360//360 359//359
f 380//380 359//359 381//381
f 381//381 359//359 358//358
f 381//381 358//358 382//382
f 382//382 358//358 357//357
f 382//382 357//357 383//383
f 383//383 357//357 356//356
f 383//383 356//356 384//384
f 384//384 356//356 355//355
f 384//384 355//355 385//385
f 385//385 355//355 354//354
f 385//385 354//354 386//386
f 386//386 354//354 353//353
f 386//386 353//353 387//387
f 387//387 353//353 352//352
f 387//387 352//352 388//388
f 388//388 352//352 351//351
f 388//388 351//351 389//389
f 389//389 351//351 350//350
f 389//389 350//350 390//390
f 390//390 350//350 349//349
f 390//390 349//349 391//391
f 391//391 349//349 348//348
f 391//391 348//348 392//392
f 392//392 348//348 346//346
f 392//392 346//346 370//370
f 393//393 392//392 394//394
f 394//394 392//392 370//370
f 394//394 370//370 395//395
f 395//395 370//370 371//371
f 395//395 371//371 396//396
f 396//396 371//371 372//372
f 396//396 372//372 397//397
f 397//397 372//372 373//373
f 397//397 373//373 398//398
f 398//398 373//373 374//374
f 398//398 374//374 399//399
f 399//399 374//374 375//375
f 399//399 375//375 400//400
f 400//400 375//375 376//376
f 400//400 376//376 401//401
f 401//401 376//376 377//377
f 401//401 377//377 402//402
f 402//402 377//377 378//378
f 402//402 378//378 403//403
f 403//403 378//378 379//379
f 403//403 379//379 404//404
f 404//404 379//379 380//380
f 404//404 380//380 405//405
f 405//405 380//380 381//381
f 405//405 381//381 406//406
f 406//406 381//381 382//382
f 406//406 382//382 407//407
f 407//407 382//382 383//383
f 407//407 383//383 408//408
f 408//408 383//383 384//384
f 408//408 384//384 409//409
f 409//409 384//384 385//385
f 409//409 385//385 410//410
f 410//410 385//385 386//386
f 410//410 386//386 411//411
f 411//411 386//386 387//387
f 411//411 387//387 412//412
f 412//412 387//387 388//388
f 412//412 388//388 413//413
f 413//413 388//388 389//389
f 413//413 389//389 414//414
f 414//414 389//389 390//390
f 414//414 390//390 415//415
f 415//415 390//390 391//391
f 415//415 391//391 393//393
f 393//393 391//391 392//392
f 393//393 394//394 416//416
f 416//416 394//394 395//395
f 416//416 395//395 417//417
f 417//417 395//395 396//396
f 417//417 396//396 418//418
f 418//418 396//396 397//397
f 418//418 397//397 419//419
f 419//419 397//397 398//398
f 419//419 398//398 420//420
f 420//420 398//398 399//399
f 420//420 399//399 421//421
f 421//421 399//399 400//400
f 421//421 400//400 422//422
f 422//422 400//400 423//423
f 423//423 400//400 401//401
f 423//423 401//401 424//424
f 424//424 401//401 402//402
f 424//424 402//402 425//425
f 425//425 402//402 403//403
f 425//425 403//403 426//426
f 426//426 403//403 404//404
f 426//426 404//404 427//427
f 427//427 404//404 405//405
f 427//427 405//405 428//428
f 428//428 405//405 406//406
f 428//428 406//406 407//407
f 428//428 407//407 429//429
f 429//429 407//407 408//408
f 429//429 408//408 430//430
f 430//430 408//408 409//409
f 430//430 409//409 431//431
f 431//431 409//409 410//410
f 431//431 410//410 432//432
f 432//432 410//410 411//411
f 432//432 411//411 433//433
f 433//433 411//411 434//434
f 434//434 411//411 412//412
f 434//434 412//412 435//435
f 435//435 412//412 413//413
f 435//435 413//413 436//436
f 436//436 413//413 414//414
f 436//436 414//414 437//437
f 437//437 414//414 415//415
f 437//437 415//415 438//438
f 438//438 415//415 393//393
f 438//438 393//393 416//416
f 439//439 438//438 440//440
f 440//440 438//438 416//416
f 440//440 416//416 441//441
f 441//441 416//416 417//417
f 441//441 417//417 418//418
f 439//439 442//442 438//438
f 438//438 442//442 437//437
f 437//437 442//442 443//443
f 437//437 443//443 436//436
f 436//436 443//443 444//444
f 436//436 444//444 435//435
f 435//435 444//444 445//445
f 435//435 445//445 434//434
f 434//434 445//445 446//446
f 434//434 446//446 433//433
f 433//433 446//446 447//447
f 433//433 447//447 432//432
f 432//432 447//447 448//448
f 432//432 448//448 431//431
f 431//431 448//448 449//449
f 431//431 449//449 430//430
f 430//430 449//449 450//450
f 430//430 450//450 429//429
f 429//429 450//450 451//451
f 429//429 451//451 428//428
f 428//428 451//451 452//452
f 428//428 452//452 427//427
f 427//427 452//452 453//453
f 427//427 453//453 426//426
f 426//426 453//453 454//454
f 426//426 454//454 425//425
f 425//425 454//454 455//455
f 425//425 455//455 424//424
f 424//424 455//455 456//456
f 424//424 456//456 423//423
f 423//423 456//456 457//457
f 423//423 457//457 422//422
f 422//422 457//457 458//458
f 422//422 458//458 421//421
f 421//421 458//458 459//459
f 421//421 459//459 420//420
f 420//420 459//459 460//460
f 420//420 460//460 419//419
f 419//419 460//460 461//461
f 419//419 461//461 418//418
f 418//418 461//461 441//441
f 439//439 440//440 462//462
f 462//462 440//440 441//441
f 462//462 441//441 463//463
f 463//463 441//441 461//461
f 463//463 461//461 464//464
f 464//464 461//461 460//460
f 464//464 460//460 465//465
f 465//465 460//460 459//459
f 465//465 459//459 466//466
f 466//466 459//459 458//458
f 466//466 458//458 467//467
f 467//467 458//458 457//457
f 467//467 457//457 468//468
f 468//468 457//457 456//456
f 468//468 456//456 469//469
f 469//469 456//456 455//455
f 469//469 455//455 470//470
f 470//470 455//455 454//454
f 470//470 454//454 471//471
f 471//471 454//454 453//453
f 471//471 453//453 472//472
f 472//472 453//453 452//452
f 472//472 452//452 473//473
f 473//473 452//452 451//451
f 473//473 451//451 450//450
f 473//473 450//450 474//474
f 474//474 450//450 449//449
f 474//474 449//449 475//475
f 475//475 449//449 448//448
f 475//475 448//448 476//476
f 476//476 448//448 447//447
f 476//476 447//447 477//477
f 477//477 447//447 446//446
f 477//477 446//446 478//478
f 478//478 446//446 445//445
f 478//478 445//445 479//479
f 479//479 445//445 444//444
f 479//479 444//444 480//480
f 480//480 444//444 443//443
f 480//480 443//443 481//481
f 481//481 443//443 442//442
f 481//481 442//442 482//482
f 482//482 442//442 439//439
f 482//482 439//439 462//462
f 483//483 477//477 484//484
f 484//484 477//477 478//478
f 484//484 478//478 485//485
f 485//485 478//478 479//479
f 485//485 479//479 486//486
f 486//486 479//479 480//480
f 486//486 480//480 487//487
f 487//487 480//480 481//481
f 487//487 481//481 488//488
f 488//488 481//481 482//482
f 488//488 482//482 489//489
f 489//489 482//482 462//462
f 489//489 462//462 490//490
f 490//490 462//462 463//463
f 490//490 463//463 491//491
f 491//491 463//463 464//464
f 491//491 464//464 492//492
f 492//492 464//464 465//465
f 492//492 465//465 493//493
f 493//493 465//465 466//466
f 493//493 466//466 494//494
f 494//494 466//466 467//467
f 494//494 467//467 495//495
f 495//495 467//467 468//468
f 495//495 468//468 496//496
f 496//496 468//468 469//469
f 496//496 469//469 497//497
f 497//497 469//469 470//470
f 497//497 470//470 498//498
f 498//498 470//470 471//471
f 498//498 471//471 499//499
f 499//499 471//471 472//472
f 499//499 472//472 500//500
f 500//500 472//472 473//473
f 500//500 473//473 501//501
f 501//501 473//473 474//474
f 501//501 474//474 502//502
f 502//502 474//474 475//475
f 502//502 475//475 503//503
f 503//503 475//475 476//476
f 503//503 476//476 483//483
f 483//483 476//476 477//477
f 504//504 505//505 506//506
f 506//506 505//505 507//507
f 506//506 507//507 508//508
f 508//508 507//507 509//509
f 508//508 509//509 510//510
f 510//510 509//509 511//511
f 510//510 511//511 512//512
f 512//512 511//511 513//513
f 512//512 513//513 514//514
f 514//514 513//513 515//515
f 514//514 515//515 516//516
f 516//516 515//515 517//517
f 516//516 517//517 518//518
f 518//518 517//517 519//519
f 518//518 519//519 520//520
f 520//520 519//519 521//521
f 520//520 521//521 522//522
f 522//522 521//521 523//523
f 522//522 523//523 524//524
f 524//524 523//523 525//525
f 524//524 525//525 526//526
f 526//526 525//525 527//527
f 526//526 527//527 528//528
f 528//528 527//527 529//529
f 528//528 529//529 530//530
f 530//530 529//529 531//531
f 530//530 531//531 532//532
f 532//532 531//531 533//533
f 532//532 533//533 534//534
f 534//534 533//533 535//535
f 534//534 535//535 536//536
f 536//536 535//535 537//537
f 536//536 537//537 538//538
f 538//538 537//537 539//539
f 538//538 539//539 540//540
f 540//540 539//539 541//541
f 540//540 541//541 542//542
f 542//542 541//541 543//543
f 542//542 543//543 544//544
f 544//544 543//543 545//545
f 544//544 545//545 546//546
f 546//546 545//545 547//547
f 546//546 547//547 548//548
f 548//548 547//547 549//549
f 548//548 549//549 550//550
f 550//550 549//549 551//551
f 550//550 551//551 552//552
f 552//552 551//551 553//553
f 552//552 553//553 554//554
f 554//554 553//553 555//555
f 554//554 555//555 556//556
f 556//556 555//555 557//557
f 556//556 557//557 504//504
f 504//504 557//557 505//505
f 504//504 506//506 558//558
f 558//558 506//506 508//508
f 558//558 508//508 559//559
f 559//559 508//508 510//510
f 559//559 510//510 560//560
f 560//560 510//510 512//512
f 560//560 512//512 561//561
f 561//561 512//512 514//514
f 561//561 514//514 562//562
f 562//562 514//514 516//516
f 562//562 516//516 563//563
f 563//563 516//516 518//518
f 563//563 518//518 564//564
f 564//564 518//518 520//520
f 564//564 520//520 565//565
f 565//565 520//520 522//522
f 565//565 522//522 566//566
f 566//566 522//522 524//524
f 566//566 524//524 567//567
f 567//567 524//524 526//526
f 567//567 526//526 568//568
f 568//568 526//526 528//528
f 568//568 528//528 569//569
f 569//569 528//528 530//530
f 569//569 530//530 570//570
f 570//570 530//530 532//532
f 570//570 532//532 571//571
f 571//571 532//532 534//534
f 571//571 534//534 572//572
f 572//572 534//534 536//536
f 572//572 536//536 573//573
f 573//573 536//536 538//538
f 573//573 538//538 574//574
f 574//574 538//538 540//540
f 574//574 540//540 575//575
f 575//575 540//540 542//542
f 575//575 542//542 576//576
f 576//576 542//542 544//544
f 576//576 544//544 577//577
f 577//577 544//544 546//546
f 577//577 546//546 578//578
f 578//578 546//546 548//548
f 578//578 548//548 579//579
f 579//579 548//548 550//550
f 579//579 550//550 580//580
f 580//580 550//550 552//552
f 580//580 552//552 581//581
f 581//581 552//552 554//554
f 581//581 554//554 582//582
f 582//582 554//554 556//556
f 582//582 556//556 583//583
f 583//583 556//556 504//504
f 583//583 504//504 558//558
f 584//584 583//583 585//585
f 585//585 583//583 558//558
f 585//585 558//558 586//586
f 586//586 558//558 559//559
f 586//586 559//559 587//587
f 587//587 559//559 560//560
f 587//587 560//560 588//588
f 588//588 560//560 561//561
f 588//588 561//561 589//589
f 589//589 561//561 562//562
f 589//589 562//562 590//590
f 590//590 562//562 563//563
f 590//590 563//563 591//591
f 591//591 563//563 564//564
f 591//591 564//564 592//592
f 592//592 564//564 565//565
f 592//592 565//565 593//593
f 593//593 565//565 566//566
f 593//593 566//566 594//594
f 594//594 566//566 567//567
f 594//594 567//567 595//595
f 595//595 567//567 568//568
f 595//595 568//568 596//596
f 596//596 568//568 569//569
f 596//596 569//569 597//597
f 597//597 569//569 570//570
f 597//597 570//570 598//598
f 598//598 570//570 571//571
f 598//598 571//571 599//599
f 599//599 571//571 572//572
f 599//599 572//572 600//600
f 600//600 572//572 573//573
f 600//600 573//573 601//601
f 601//601 573//573 574//574
f 601//601 574//574 602//602
f 602//602 574//574 575//575
f 602//602 575//575 603//603
f 603//603 575//575 576//576
f 603//603 576//576 604//604
f 604//604 576//576 577//577
f 604//604 577//577 605//605
f 605//605 577//577 578//578
f 605//605 578//578 606//606
f 606//606 578//578 579//579
f 606//606 579//579 607//607
f 607//607 579//579 580//580
f 607//607 580//580 608//608
f 608//608 580//580 581//581
f 608//608 581//581 609//609
f 609//609 581//581 582//582
f 609//609 582//582 584//584
f 584//584 582//582 583//583
f 584//584 585//585 610//610
f 610//610 585//585 586//586
f 610//610 586//586 611//611
f 611//611 586//586 587//587
f 611//611 587//587 612//612
f 612//612 587//587 588//588
f 612//612 588//588 613//613
f 613//613 588//588 589//589
f 613//613 589//589 614//614
f 614//614 589//589 590//590
f 614//614 590//590 615//615
f 615//615 590//590 591//591
f 615//615 591//591 616//616
f 616//616 591//591 592//592
f 616//616 592//592 617//617
f 617//617 592//592 593//593
f 617//617 593//593 618//618
f 618//618 593//593 594//594
f 618//618 594//594 619//619
f 619//619 594//594 595//595
f 619//619 595//595 620//620
f 620//620 595//595 596//596
f 620//620 596//596 621//621
f 621//621 596//596 597//597
f 621//621 597//597 622//622
f 622//622 597//597 598//598
f 622//622 598//598 623//623
f 623//623 598//598 599//599
f 623//623 599//599 624//624
f 624//624 599//599 600//600
f 624//624 600//600 625//625
f 625//625 600//600 601//601
f 625//625 601//601 626//626
f 626//626 601//601 602//602
f 626//626 602//602 627//627
f 627//627 602//602 603//603
f 627//627 603//603 628//628
f 628//628 603//603 604//604
f 628//628 604//604 629//629
f 629//629 604//604 605//605
f 629//629 605//605 630//630
f 630//630 605//605 606//606
f 630//630 606//606 631//631
f 631//631 606//606 607//607
f 631//631 607//607 632//632
f 632//632 607//607 608//608
f 632//632 608//608 633//633
f 633//633 608//608 609//609
f 633//633 609//609 634//634
f 634//634 609//609 584//584
f 634//634 584//584 610//610
f 635//635 634//634 636//636
f 636//636 634//634 610//610
f 636//636 610//610 611//611
f 634//634 635//635 633//633
f 633//633 635//635 637//637
f 633//633 637//637 632//632
f 632//632 637//637 638//638
f 632//632 638//638 631//631
f 631//631 638//638 639//639
f 631//631 639//639 630//630
f 630//630 639//639 640//640
f 630//630 640//640 629//629
f 629//629 640//640 641//641
f 629//629 641//641 628//628
f 628//628 641//641 642//642
f 628//628 642//642 627//627
f 627//627 642//642 643//643
f 627//627 643//643 626//626
f 626//626 643//643 644//644
f 626//626 644//644 625//625
f 625//625 644//644 645//645
f 625//625 645//645 624//624
f 624//624 645//645 646//646
f 624//624 646//646 623//623
f 623//623 646//646 647//647
f 623//623 647//647 622//622
f 622//622 647//647 648//648
f 622//622 648//648 621//621
f 621//621 648//648 649//649
f 621//621 649//649 620//620
f 620//620 649//649 650//650
f 620//620 650//650 619//619
f 619//619 650//650 651//651
f 619//619 651//651 618//618
f 618//618 651//651 652//652
f 618//618 652//652 617//617
f 617//617 652//652 653//653
f 617//617 653//653 616//616
f 616//616 653//653 654//654
f 616//616 654//654 615//615
f 615//615 654//654 655//655
f 615//615 655//655 614//614
f 614//614 655//655 656//656
f 614//614 656//656 613//613
f 613//613 656//656 657//657
f 613//613 657//657 612//612
f 612//612 657//657 658//658
f 612//612 658//658 611//611
f 611//611 658//658 636//636
f 635//635 636//636 659//659
f 659//659 636//636 658//658
f 659//659 658//658 660//660
f 660//660 658//658 657//657
f 660//660 657//657 661//661
f 661//661 657//657 656//656
f 661//661 656//656 662//662
f 662//662 656//656 655//655
f 662//662 655//655 663//663
f 663//663 655//655 654//654
f 663//663 654//654 664//664
f 664//664 654//654 653//653
f 664//664 653//653 665//665
f 665//665 653//653 652//652
f 665//665 652//652 666//666
f 666//666 652//652 651//651
f 666//666 651//651 667//667
f 667//667 651//651 650//650
f 667//667 650//650 668//668
f 668//668 650//650 649//649
f 668//668 649//649 669//669
f 669//669 649//649 648//648
f 669//669 648//648 670//670
f 670//670 648//648 647//647
f 670//670 647//647 671//671
f 671//671 647//647 646//646
f 671//671 646//646 672//672
f 672//672 646//646 645//645
f 672//672 645//645 673//673
f 673//673 645//645 644//644
f 673//673 644//644 674//674
f 674//674 644//644 643//643
f 674//674 643//643 675//675
f 675//675 643//643 642//642
f 675//675 642//642 676//676
f 676//676 642//642 641//641
f 676//676 641//641 677//677
f 677//677 641//641 640//640
f 677//677 640//640 678//678
f 678//678 640//640 639//639
f 678//678 639//639 679//679
f 679//679 639//639 638//638
f 679//679 638//638 680//680
f 680//680 638//638 637//637
f 680//680 637//637 681//681
f 681//681 637//637 635//635
f 681//681 635//635 659//659
f 682//682 681//681 683//683
f 683//683 681//681 659//659
f 683//683 659//659 684//684
f 684//684 659//659 660//660
f 684//684 660//660 685//685
f 685//685 660//660 661//661
f 685//685 661//661 686//686
f 686//686 661//661 662//662
f 686//686 662//662 687//687
f 687//687 662//662 663//663
f 687//687 663//663 688//688
f 688//688 663//663 664//664
f 688//688 664//664 689//689
f 689//689 664//664 665//665
f 689//689 665//665 690//690
f 690//690 665//665 666//666
f 690//690 666//666 691//691
f 691//691 666//666 667//667
f 691//691 667//667 692//692
f 692//692 667//667 668//668
f 692//692 668//668 693//693
f 693//693 668//668 669//669
f 693//693 669//669 694//694
f 694//694 669//669 670//670
f 694//694 670//670 695//695
f 695//695 670//670 671//671
f 695//695 671//671 696//696
f 696//696 671//671 672//672
f 696//696 672//672 697//697
f 697//697 672//672 673//673
f 697//697 673//673 698//698
f 698//698 673//673 674//674
f 698//698 674//674 699//699
f 699//699 674//674 675//675
f 699//699 675//675 700//700
f 700//700 675//675 676//676
f 700//700 676//676 701//701
f 701//701 676//676 677//677
f 701//701 677//677 702//702
f 702//702 677//677 678//678
f 702//702 678//678 703//703
f 703//703 678//678 679//679
f 703//703 679//679 704//704
f 704//704 679//679 680//680
f 704//704 680//680 682//682
f 682//682 680//680 681//681
f 682//682 683//683 705//705
f 705//705 683//683 684//684
f 705//705 684//684 706//706
f 706//706 684//684 685//685
f 706//706 685//685 707//707
f 707//707 685//685 686//686
f 707//707 686//686 708//708
f 708//708 686//686 687//687
f 708//708 687//687 709//709
f 709//709 687//687 688//688
f 709//709 688//688 710//710
f 710//710 688//688 689//689
f 710//710 689//689 711//711
f 711//711 689//689 712//712
f 712//712 689//689 690//690
f 712//712 690//690 713//713
f 713//713 690//690 691//691
f 713//713 691//691 714//714
f 714//714 691//691 692//692
f 714//714 692//692 715//715
f 715//715 692//692 693//693
f 715//715 693//693 716//716
f 716//716 693//693 694//694
f 716//716 694//694 695//695
f 716//716 695//695 717//717
f 717//717 695//695 696//696
f 717//717 696//696 718//718
f 718//718 696//696 697//697
f 718//718 697//697 719//719
f 719//719 697//697 698//698
f 719//719 698//698 720//720
f 720//720 698//698 699//699
f 720//720 699//699 721//721
f 721//721 699//699 700//700
f 721//721 700//700 722//722
f 722//722 700//700 723//723
f 723//723 700//700 701//701
f 723//723 701//701 724//724
f 724//724 701//701 702//702
f 724//724 702//702 725//725
f 725//725 702//702 703//703
f 725//725 703//703 726//726
f 726//726 703//703 704//704
f 726//726 704//704 727//727
f 727//727 704//704 682//682
f 727//727 682//682 705//705
f 728//728 727//727 729//729
f 729//729 727//727 705//705
f 729//729 705//705 730//730
f 730//730 705//705 706//706
f 730//730 706//706 707//707
f 728//728 731//731 727//727
f 727//727 731//731 726//726
f 726//726 731//731 732//732
f 726//726 732//732 725//725
f 725//725 732//732 733//733
f 725//725 733//733 724//724
f 724//724 733//733 734//734
f 724//724 734//734 723//723
f 723//723 734//734 735//735
f 723//723 735//735 722//722
f 722//722 735//735 736//736
f 722//722 736//736 721//721
f 721//721 736//736 737//737
f 721//721 737//737 720//720
f 720//720 737//737 738//738
f 720//720 738//738 719//719
f 719//719 738//738 739//739
f 719//719 739//739 718//718
f 718//718 739//739 740//740
f 718//718 740//740 717//717
f 717//717 740//740 741//741
f 717//717 741//741 716//716
f 716//716 741//741 742//742
f 716//716 742//742 715//715
f 715//715 742//742 743//743
f 715//715 743//743 714//714
f 714//714 743//743 744//744
f 714//714 744//744 713//713
f 713//713 744//744 745//745
f 713//713 745//745 712//712
f 712//712 745//745 746//746
f 712//712 746//746 711//711
f 711//711 746//746 747//747
f 711//711 747//747 710//710
f 710//710 747//747 748//748
f 710//710 748//748 709//709
f 709//709 748//748 749//749
f 709//709 749//749 708//708
f 708//708 749//749 750//750
f 708//708 750//750 707//707
f 707//707 750//750 730//730
f 728//728 729//729 751//751
f 751//751 729//729 730//730
f 751//751 730//730 752//752
f 752//752 730//730 750//750
f 752//752 750//750 753//753
f 753//753 750//750 749//749
f 753//753 749//749 754//754
f 754//754 749//749 748//748
f 754//754 748//748 755//755
f 755//755 748//748 747//747
f 755//755 747//747 756//756
f 756//756 747//747 746//746
f 756//756 746//746 757//757
f 757//757 746//746 745//745
f 757//757 745//745 758//758
f 758//758 745//745 744//744
f 758//758 744//744 759//759
f 759//759 744//744 743//743
f 759//759 743//743 760//760
f 760//760 743//743 742//742
f 760//760 742//742 761//761
f 761//761 742//742 741//741
f 761//761 741//741 740//740
f 761//761 740//740 762//762
f 762//762 740//740 739//739
f 762//762 739//739 763//763
f 763//763 739//739 738//738
f 763//763 738//738 764//764
f 764//764 738//738 737//737
f 764//764 737//737 765//765
f 765//765 737//737 736//736
f 765//765 736//736 766//766
f 766//766 736//736 735//735
f 766//766 735//735 767//767
f 767//767 735//735 734//734
f 767//767 734//734 768//768
f 768//768 734//734 733//733
f 768//768 733//733 769//769
f 769//769 733//733 732//732
f 769//769 732//732 770//770
f 770//770 732//732 731//731
f 770//770 731//731 771//771
f 771//771 731//731 728//728
f 771//771 728//728 751//751
f 509//509 507//507 772//772
f 772//772 507//507 505//505
f 772//772 505//505 773//773
f 773//773 505//505 557//557
f 773//773 557//557 774//774
f 774//774 557//557 555//555
f 774//774 555//555 775//775
f 775//775 555//555 553//553
f 775//775 553//553 776//776
f 776//776 553//553 551//551
f 776//776 551//551 777//777
f 777//777 551//551 549//549
f 777//777 549//549 778//778
f 778//778 549//549 547//547
f 778//778 547//547 779//779
f 779//779 547//547 545//545
f 779//779 545//545 780//780
f 780//780 545//545 543//543
f 780//780 543//543 781//781
f 781//781 543//543 541//541
f 781//781 541//541 782//782
f 782//782 541//541 539//539
f 782//782 539//539 783//783
f 783//783 539//539 537//537
f 783//783 537//537 784//784
f 784//784 537//537 535//535
f 784//784 535//535 785//785
f 785//785 535//535 533//533
f 785//785 533//533 786//786
f 786//786 533//533 531//531
f 786//786 531//531 787//787
f 787//787 531//531 529//529
f 787//787 529//529 788//788
f 788//788 529//529 527//527
f 788//788 527//527 789//789
f 789//789 527//527 525//525
f 789//789 525//525 790//790
f 790//790 525//525 523//523
f 790//790 523//523 791//791
f 791//791 523//523 521//521
f 791//791 521//521 792//792
f 792//792 521//521 519//519
f 792//792 519//519 793//793
f 793//793 519//519 517//517
f 793//793 517//517 794//794
f 794//794 517//517 515//515
f 794//794 515//515 795//795
f 795//795 515//515 513//513
f 795//795 513//513 796//796
f 796//796 513//513 511//511
f 796//796 511//511 797//797
f 797//797 511//511 509//509
f 797//797 509//509 772//772
f 798//798 797//797 799//799
f 799//799 797//797 772//772
f 799//799 772//772 800//800
f 800//800 772//772 773//773
f 800//800 773//773 801//801
f 801//801 773//773 774//774
f 801//801 774//774 802//802
f 802//802 774//774 775//775
f 802//802 775//775 803//803
f 803//803 775//775 776//776
f 803//803 776//776 804//804
f 804//804 776//776 777//777
f 804//804 777//777 805//805
f 805//805 777//777 778//778
f 805//805 778//778 806//806
f 806//806 778//778 779//779
f 806//806 779//779 807//807
f 807//807 779//779 780//780
f 807//807 780//780 808//808
f 808//808 780//780 781//781
f 808//808 781//781 809//809
f 809//809 781//781 782//782
f 809//809 782//782 810//810
f 810//810 782//782 783//783
f 810//810 783//783 811//811
f 811//811 783//783 784//784
f 811//811 784//784 812//812
f 812//812 784//784 785//785
f 812//812 785//785 813//813
f 813//813 785//785 786//786
f 813//813 786//786 814//814
f 814//814 786//786 787//787
f 814//814 787//787 815//815
f 815//815 787//787 788//788
f 815//815 788//788 816//816
f 816//816 788//788 789//789
f 816//816 789//789 817//817
f 817//817 789//789 790//790
f 817//817 790//790 818//818
f 818//818 790//790 791//791
f 818//818 791//791 819//819
f 819//819 791//791 792//792
f 819//819 792//792 820//820
f 820//820 792//792 793//793
f 820//820 793//793 821//821
f 821//821 793//793 794//794
f 821//821 794//794 822//822
f 822//822 794//794 795//795
f 822//822 795//795 823//823
f 823//823 795//795 796//796
f 823//823 796//796 798//798
f 798//798 796//796 797//797
f 798//798 799//799 824//824
f 824//824 799//799 800//800
f 824//824 800//800 825//825
f 825//825 800//800 801//801
f 825//825 801//801 826//826
f 826//826 801//801 802//802
f 826//826 802//802 827//827
f 827//827 802//802 803//803
f 827//827 803//803 828//828
f 828//828 803//803 804//804
f 828//828 804//804 829//829
f 829//829 804//804 805//805
f 829//829 805//805 830//830
f 830//830 805//805 806//806
f 830//830 806//806 831//831
f 831//831 806//806 807//807
f 831//831 807//807 832//832
f 832//832 807//807 808//808
f 832//832 808//808 833//833
f 833//833 808//808 809//809
f 833//833 809//809 834//834
f 834//834 809//809 810//810
f 834//834 810//810 835//835
f 835//835 810//810 811//811
f 835//835 811//811 836//836
f 836//836 811//811 812//812
f 836//836 812//812 837//837
f 837//837 812//812 813//813
f 837//837 813//813 838//838
f 838//838 813//813 814//814
f 838//838 814//814 839//839
f 839//839 814//814 815//815
f 839//839 815//815 840//840
f 840//840 815//815 816//816
f 840//840 816//816 841//841
f 841//841 816//816 817//817
f 841//841 817//817 842//842
f 842//842 817//817 818//818
f 842//842 818//818 843//843
f 843//843 818//818 819//819
f 843//843 819//819 844//844
f 844//844 819//819 820//820
f 844//844 820//820 845//845
f 845//845 820//820 821//821
f 845//845 821//821 846//846
f 846//846 821//821 822//822
f 846//846 822//822 847//847
f 847//847 822//822 823//823
f 847//847 823//823 848//848
f 848//848 823//823 798//798
f 848//848 798//798 824//824
f 849//849 848//848 850//850
f 850//850 848//848 824//824
f 850//850 824//824 825//825
f 848//848 849//849 847//847
f 847//847 849//849 851//851
f 847//847 851//851 846//846
f 846//846 851//851 852//852
f 846//846 852//852 845//845
f 845//845 852//852 853//853
f 845//845 853//853 844//844
f 844//844 853//853 854//854
f 844//844 854//854 843//843
f 843//843 854//854 855//855
f 843//843 855//855 842//842
f 842//842 855//855 856//856
f 842//842 856//856 841//841
f 841//841 856//856 857//857
f 841//841 857//857 840//840
f 840//840 857//857 858//858
f 840//840 858//858 839//839
f 839//839 858//858 859//859
f 839//839 859//859 838//838
f 838//838 859//859 860//860
f 838//838 860//860 837//837
f 837//837 860//860 861//861
f 837//837 861//861 836//836
f 836//836 861//861 862//862
f 836//836 862//862 835//835
f 835//835 862//862 863//863
f 835//835 863//863 834//834
f 834//834 863//863 864//864
f 834//834 864//864 833//833
f 833//833 864//864 865//865
f 833//833 865//865 832//832
f 832//832 865//865 866//866
f 832//832 866//866 831//831
f 831//831 866//866 867//867
f 831//831 867//867 830//830
f 830//830 867//867 868//868
f 830//830 868//868 829//829
f 829//829 868//868 869//869
f 829//829 869//869 828//828
f 828//828 869//869 870//870
f 828//828 870//870 827//827
f 827//827 870//870 871//871
f 827//827 871//871 826//826
f 826//826 871//871 872//872
f 826//826 872//872 825//825
f 825//825 872//872 850//850
f 849//849 850//850 873//873
f 873//873 850//850 872//872
f 873//873 872//872 874//874
f 874//874 872//872 871//871
f 874//874 871//871 875//875
f 875//875 871//871 870//870
f 875//875 870//870 876//876
f 876//876 870//870 869//869
f 876//876 869//869 877//877
f 877//877 869//869 868//868
f 877//877 868//868 878//878
f 878//878 868//868 867//867
f 878//878 867//867 879//879
f 879//879 867//867 866//866
f 879//879 866//866 880//880
f 880//880 866//866 865//865
f 880//880 865//865 881//881
f 881//881 865//865 864//864
f 881//881 864//864 882//882
f 882//882 864//864 863//863
f 882//882 863//863 883//883
f 883//883 863//863 862//862
f 883//883 862//862 884//884
f 884//884 862//862 861//861
f 884//884 861//861 885//885
f 885//885 861//861 860//860
f 885//885 860//860 886//886
f 886//886 860//860 859//859
f 886//886 859//859 887//887
f 887//887 859//859 858//858
f 887//887 858//858 888//888
f 888//888 858//858 857//857
f 888//888 857//857 889//889
f 889//889 857//857 856//856
f 889//889 856//856 890//890
f 890//890 856//856 855//855
f 890//890 855//855 891//891
f 891//891 855//855 854//854
f 891//891 854//854 892//892
f 892//892 854//854 853//853
f 892//892 853//853 893//893
f 893//893 853//853 852//852
f 893//893 852//852 894//894
f 894//894 852//852 851//851
f 894//894 851//851 895//895
f 895//895 851//851 849//849
f 895//895 849//849 873//873
f 896//896 895//895 897//897
f 897//897 895//895 873//873
f 897//897 873//873 898//898
f 898//898 873//873 874//874
f 898//898 874//874 899//899
f 899//899 874//874 875//875
f 899//899 875//875 900//900
f 900//900 875//875 876//876
f 900//900 876//876 901//901
f 901//901 876//876 877//877
f 901//901 877//877 902//902
f 902//902 877//877 878//878
f 902//902 878//878 903//903
f 903//903 878//878 879//879
f 903//903 879//879 904//904
f 904//904 879//879 880//880
f 904//904 880//880 905//905
f 905//905 880//880 881//881
f 905//905 881//881 906//906
f 906//906 881//881 882//882
f 906//906 882//882 907//907
f 907//907 882//882 883//883
f 907//907 883//883 908//908
f 908//908 883//883 884//884
f 908//908 884//884 909//909
f 909//909 884//884 885//885
f 909//909 885//885 910//910
f 910//910 885//885 886//886
f 910//910 886//886 911//911
f 911//911 886//886 887//887
f 911//911 887//887 912//912
f 912//912 887//887 888//888
f 912//912 888//888 913//913
f 913//913 888//888 889//889
f 913//913 889//889 914//914
f 914//914 889//889 890//890
f 914//914 890//890 915//915
f 915//915 890//890 891//891
f 915//915 891//891 916//916
f 916//916 891//891 892//892
f 916//916 892//892 917//917
f 917//917 892//892 893//893
f 917//917 893//893 918//918
f 918//918 893//893 894//894
f 918//918 894//894 896//896
f 896//896 894//894 895//895
f 896//896 897//897 919//919
f 919//919 897//897 898//898
f 919//919 898//898 920//920
f 920//920 898//898 899//899
f 920//920 899//899 921//921
f 921//921 899//899 900//900
f 921//921 900//900 922//922
f 922//922 900//900 901//901
f 922//922 901//901 923//923
f 923//923 901//901 902//902
f 923//923 902//902 924//924
f 924//924 902//902 903//903
f 924//924 903//903 925//925
f 925//925 903//903 926//926
f 926//926 903//903 904//904
f 926//926 904//904 927//927
f 927//927 904//904 905//905
f 927//927 905//905 928//928
f 928//928 905//905 906//906
f 928//928 906//906 929//929
f 929//929 906//906 907//907
f 929//929 907//907 930//930
f 930//930 907//907 908//908
f 930//930 908//908 931//931
f 931//931 908//908 909//909
f 931//931 909//909 910//910
f 931//931 910//910 932//932
f 932//932 910//910 911//911
f 932//932 911//911 933//933
f 933//933 911//911 912//912
f 933//933 912//912 934//934
f 934//934 912//912 913//913
f 934//934 913//913 935//935
f 935//935 913//913 914//914
f 935//935 914//914 936//936
f 936//936 914//914 937//937
f 937//937 914//914 915//915
f 937//937 915//915 938//938
f 938//938 915//915 916//916
f 938//938 916//916 939//939
f 939//939 916//916 917//917
f 939//939 917//917 940//940
f 940//940 917//917 918//918
f 940//940 918//918 941//941
f 941//941 918//918 896//896
f 941//941 896//896 919//919
f 942//942 941//941 943//943
f 943//943 941//941 919//919
f 943//943 919//919 944//944
f 944//944 919//919 920//920
f 944//944 920//920 921//921
f 942//942 945//945 941//941
f 941//941 945//945 940//940
f 940//940 945//945 946//946
f 940//940 946//946 939//939
f 939//939 946//946 947//947
f 939//939 947//947 938//938
f 938//938 947//947 948//948
f 938//938 948//948 937//937
f 937//937 948//948 949//949
f 937//937 949//949 936//936
f 936//936 949//949 950//950
f 936//936 950//950 935//935
f 935//935 950//950 951//951
f 935//935 951//951 934//934
f 934//934 951//951 952//952
f 934//934 952//952 933//933
f 933//933 952//952 953//953
f 933//933 953//953 932//932
f 932//932 953//953 954//954
f 932//932 954//954 931//931
f 931//931 954//954 955//955
f 931//931 955//955 930//930
f 930//930 955//955 956//956
f 930//930 956//956 929//929
f 929//929 956//956 957//957
f 929//929 957//957 928//928
f 928//928 957//957 958//958
f 928//928 958//958 927//927
f 927//927 958//958 959//959
f 927//927 959//959 926//926
f 926//926 959//959 960//960
f 926//926 960//960 925//925
f 925//925 960//960 961//961
f 925//925 961//961 924//924
f 924//924 961//961 962//962
f 924//924 962//962 923//923
f 923//923 962//962 963//963
f 923//923 963//963 922//922
f 922//922 963//963 964//964
f 922//922 964//964 921//921
f 921//921 964//964 944//944
f 942//942 943//943 965//965
f 965//965 943//943 944//944
f 965//965 944//944 966//966
f 966//966 944//944 964//964
f 966//966 964//964 967//967
f 967//967 964//964 963//963
f 967//967 963//963 968//968
f 968//968 963//963 962//962
f 968//968 962//962 969//969
f 969//969 962//962 961//961
f 969//969 961//961 970//970
f 970//970 961//961 960//960
f 970//970 960//960 971//971
f 971//971 960//960 959//959
f 971//971 959//959 972//972
f 972//972 959//959 958//958
f 972//972 958//958 973//973
f 973//973 958//958 957//957
f 973//973 957//957 974//974
f 974//974 957//957 956//956
f 974//974 956//956 975//975
f 975//975 956//956 955//955
f 975//975 955//955 976//976
f 976//976 955//955 954//954
f 976//976 954//954 953//953
f 976//976 953//953 977//977
f 977//977 953//953 952//952
f 977//977 952//952 978//978
f 978//978 952//952 951//951
f 978//978 951//951 979//979
f 979//979 951//951 950//950
f 979//979 950//950 980//980
f 980//980 950//950 949//949
f 980//980 949//949 981//981
f 981//981 949//949 948//948
f 981//981 948//948 982//982
f 982//982 948//948 947//947
f 982//982 947//947 983//983
f 983//983 947//947 946//946
f 983//983 946//946 984//984
f 984//984 946//946 945//945
f 984//984 945//945 985//985
f 985//985 945//945 942//942
f 985//985 942//942 965//965
f 986//986 980//980 987//987
f 987//987 980//980 981//981
f 987//987 981//981 988//988
f 988//988 981//981 982//982
f 988//988 982//982 989//989
f 989//989 982//982 983//983
f 989//989 983//983 990//990
f 990//990 983//983 984//984
f 990//990 984//984 991//991
f 991//991 984//984 985//985
f 991//991 985//985 992//992
f 992//992 985//985 965//965
f 992//992 965//965 993//993
f 993//993 965//965 966//966
f 993//993 966//966 994//994
f 994//994 966//966 967//967
f 994//994 967//967 995//995
f 995//995 967//967 968//968
f 995//995 968//968 996//996
f 996//996 968//968 969//969
f 996//996 969//969 997//997
f 997//997 969//969 970//970
f 997//997 970//970 998//998
f 998//998 970//970 971//971
f 998//998 971//971 999//999
f 999//999 971//971 972//972
f 999//999 972//972 1000//1000
f 1000//1000 972//972 973//973
f 1000//1000 973//973 1001//1001
f 1001//1001 973//973 974//974
f 1001//1001 974//974 1002//1002
f 1002//1002 974//974 975//975
f 1002//1002 975//975 1003//1003
f 1003//1003 975//975 976//976
f 1003//1003 976//976 1004//1004
f 1004//1004 976//976 977//977
f 1004//1004 977//977 1005//1005
f 1005//1005 977//977 978//978
f 1005//1005 978//978 1006//1006
f 1006//1006 978//978 979//979
f 1006//1006 979//979 986//986
f 986//986 979//979 980//980
f 1007//1007 1008//1008 1009//1009
f 1009//1009 1008//1008 1010//1010
f 1009//1009 1010//1010 1011//1011
f 1011//1011 1010//1010 1012//1012
f 1011//1011 1012//1012 1013//1013
f 1013//1013 1012//1012 1014//1014
f 1013//1013 1014//1014 1015//1015
f 1015//1015 1014//1014 1016//1016
f 1015//1015 1016//1016 1017//1017
f 1017//1017 1016//1016 1018//1018
f 1017//1017 1018//1018 1019//1019
f 1019//1019 1018//1018 1020//1020
f 1019//1019 1020//1020 1021//1021
f 1021//1021 1020//1020 1022//1022
f 1021//1021 1022//1022 1023//1023
f 1020//1020 1024//1024 1022//1022
f 1022//1022 1024//1024 1025//1025
f 1025//1025 1024//1024 1026//1026
f 1025//1025 1026//1026 1027//1027
f 1027//1027 1026//1026 1028//1028
f 1027//1027 1028//1028 1029//1029
f 1029//1029 1028//1028 1030//1030
f 1029//1029 1030//1030 1031//1031
f 1031//1031 1030//1030 1032//1032
f 1032//1032 1030//1030 1033//1033
f 1032//1032 1033//1033 1034//1034
f 1034//1034 1033//1033 1035//1035
f 1034//1034 1035//1035 1036//1036
f 1036//1036 1035//1035 1037//1037
f 1036//1036 1037//1037 1038//1038
f 1038//1038 1037//1037 1039//1039
f 1038//1038 1039//1039 1040//1040
f 1040//1040 1039//1039 1041//1041
f 1040//1040 1041//1041 1042//1042
f 1042//1042 1041//1041 1043//1043
f 1042//1042 1043//1043 1044//1044
f 1031//1031 1045//1045 1029//1029
f 1045//1045 1046//1046 1029//1029
f 1029//1029 1046//1046 1047//1047
f 1029//1029 1047//1047 1048//1048
f 1045//1045 1049//1049 1046//1046
f 1046//1046 1049//1049 1050//1050
f 1050//1050 1049//1049 1051//1051
f 1050//1050 1051//1051 1052//1052
f 1052//1052 1051//1051 1053//1053
f 1054//1054 1055//1055 1052//1052
f 1052//1052 1055//1055 1056//1056
f 1052//1052 1056//1056 1050//1050
f 1055//1055 1054//1054 1057//1057
f 1057//1057 1054//1054 1058//1058
f 1057//1057 1058//1058 1059//1059
f 1059//1059 1058//1058 1060//1060
f 1059//1059 1060//1060 1061//1061
f 1061//1061 1062//1062 1059//1059
f 1059//1059 1062//1062 1063//1063
f 1057//1057 1064//1064 1055//1055
f 1055//1055 1064//1064 1065//1065
f 1055//1055 1065//1065 1066//1066
f 1066//1066 1065//1065 1067//1067
f 1066//1066 1067//1067 1068//1068
f 1069//1069 1070//1070 1065//1065
f 1065//1065 1070//1070 1071//1071
f 1065//1065 1071//1071 1072//1072
f 1073//1073 1074//1074 1069//1069
f 1069//1069 1074//1074 1075//1075
f 1069//1069 1075//1075 1070//1070
f 1076//1076 1077//1077 1073//1073
f 1073//1073 1077//1077 1078//1078
f 1073//1073 1078//1078 1079//1079
f 1079//1079 1078//1078 1080//1080
f 1080//1080 1078//1078 1081//1081
f 1081//1081 1078//1078 1082//1082
f 1082//1082 1078//1078 1066//1066
f 1082//1082 1066//1066 1083//1083
f 1083//1083 1066//1066 1068//1068
f 1077//1077 1076//1076 1084//1084
f 1084//1084 1076//1076 1085//1085
f 1084//1084 1085//1085 1086//1086
f 1086//1086 1085//1085 1087//1087
f 1055//1055 1066//1066 1088//1088
f 1088//1088 1066//1066 1089//1089
f 1088//1088 1089//1089 1090//1090
f 1048//1048 1091//1091 1029//1029
f 1029//1029 1091//1091 1092//1092
f 1092//1092 1091//1091 1093//1093
f 1092//1092 1093//1093 1094//1094
f 1094//1094 1093//1093 1095//1095
f 1095//1095 1093//1093 1096//1096
f 1095//1095 1096//1096 1097//1097
f 1097//1097 1096//1096 1098//1098
f 1098//1098 1096//1096 1099//1099
f 1099//1099 1096//1096 1100//1100
f 1101//1101 1102//1102 1093//1093
f 1093//1093 1102//1102 1103//1103
f 1093//1093 1103//1103 1104//1104
f 1104//1104 1103//1103 1105//1105
f 1104//1104 1105//1105 1106//1106
f 1106//1106 1105//1105 1107//1107
f 1106//1106 1107//1107 1108//1108
f 1109//1109 1110//1110 1101//1101
f 1101//1101 1110//1110 1111//1111
f 1101//1101 1111//1111 1112//1112
f 1113//1113 1114//1114 1109//1109
f 1109//1109 1114//1114 1115//1115
f 1109//1109 1115//1115 1116//1116
f 1114//1114 1113//1113 1108//1108
f 1108//1108 1113//1113 1106//1106
f 1104//1104 1096//1096 1093//1093
f 1112//1112 1117//1117 1101//1101
f 1101//1101 1117//1117 1102//1102
f 1116//1116 1110//1110 1109//1109
f 1072//1072 1067//1067 1065//1065
f 1079//1079 1074//1074 1073//1073
f 1043//1043 1041//1041 1118//1118
f 1118//1118 1041//1041 1039//1039
f 1118//1118 1039//1039 1037//1037
f 1037//1037 1035//1035 1118//1118
f 1118//1118 1035//1035 1033//1033
f 1118//1118 1033//1033 1030//1030
f 1030//1030 1028//1028 1118//1118
f 1118//1118 1028//1028 1119//1119
f 1119//1119 1028//1028 1026//1026
f 1119//1119 1026//1026 1120//1120
f 1120//1120 1026//1026 1024//1024
f 1120//1120 1024//1024 1020//1020
f 1020//1020 1018//1018 1120//1120
f 1120//1120 1018//1018 1121//1121
f 1121//1121 1018//1018 1016//1016
f 1121//1121 1016//1016 1014//1014
f 1014//1014 1012//1012 1121//1121
f 1121//1121 1012//1012 1010//1010
f 1121//1121 1010//1010 1008//1008
f 1120//1120 1122//1122 1119//1119
f 1119//1119 1122//1122 1123//1123
f 1123//1123 1122//1122 1124//1124
f 1123//1123 1124//1124 1125//1125
f 1125//1125 1124//1124 1126//1126
f 1125//1125 1126//1126 1127//1127
f 1127//1127 1126//1126 1128//1128
f 1127//1127 1128//1128 1100//1100
f 1126//1126 1129//1129 1128//1128
f 1128//1128 1129//1129 1130//1130
f 1130//1130 1129//1129 1131//1131
f 1130//1130 1131//1131 1132//1132
f 1132//1132 1131//1131 1133//1133
f 1132//1132 1133//1133 1134//1134
f 1132//1132 1134//1134 1135//1135
f 1135//1135 1134//1134 1136//1136
f 1135//1135 1136//1136 1137//1137
f 1137//1137 1136//1136 1138//1138
f 1137//1137 1138//1138 1139//1139
f 1139//1139 1138//1138 1140//1140
f 1140//1140 1138//1138 1141//1141
f 1141//1141 1138//1138 1142//1142
f 1142//1142 1138//1138 1143//1143
f 1142//1142 1143//1143 1144//1144
f 1144//1144 1143//1143 1145//1145
f 1145//1145 1143//1143 1146//1146
f 1146//1146 1143//1143 1147//1147
f 1147//1147 1143//1143 1148//1148
f 1147//1147 1148//1148 1149//1149
f 1149//1149 1148//1148 1150//1150
f 1150//1150 1148//1148 1151//1151
f 1150//1150 1151//1151 1152//1152
f 1150//1150 1152//1152 1153//1153
f 1153//1153 1152//1152 1154//1154
f 1153//1153 1154//1154 1155//1155
f 1155//1155 1154//1154 1156//1156
f 1155//1155 1156//1156 1157//1157
f 1158//1158 1159//1159 1157//1157
f 1157//1157 1159//1159 1155//1155
f 1127//1127 1100//1100 1160//1160
f 1160//1160 1100//1100 1096//1096
f 1160//1160 1096//1096 1161//1161
f 1161//1161 1096//1096 1104//1104
f 1161//1161 1104//1104 1162//1162
f 1162//1162 1104//1104 1163//1163
f 1163//1163 1104//1104 1106//1106
f 1163//1163 1106//1106 1164//1164
f 1164//1164 1106//1106 1113//1113
f 1164//1164 1113//1113 1165//1165
f 1165//1165 1113//1113 1109//1109
f 1165//1165 1109//1109 1166//1166
f 1166//1166 1167//1167 1165//1165
f 1165//1165 1167//1167 1168//1168
f 1165//1165 1168//1168 1169//1169
f 1169//1169 1168//1168 1170//1170
f 1169//1169 1170//1170 1171//1171
f 1171//1171 1172//1172 1169//1169
f 1169//1169 1172//1172 1173//1173
f 1169//1169 1173//1173 1174//1174
f 1174//1174 1173//1173 1175//1175
f 1174//1174 1175//1175 1176//1176
f 1177//1177 1178//1178 1176//1176
f 1176//1176 1178//1178 1179//1179
f 1176//1176 1179//1179 1174//1174
f 1178//1178 1177//1177 1180//1180
f 1180//1180 1177//1177 1181//1181
f 1180//1180 1181//1181 1182//1182
f 1182//1182 1181//1181 1183//1183
f 1183//1183 1181//1181 1184//1184
f 1183//1183 1184//1184 1185//1185
f 1008//1008 1007//1007 1186//1186
f 1186//1186 1007//1007 1187//1187
f 1187//1187 1007//1007 1188//1188
f 1187//1187 1188//1188 1189//1189
f 1189//1189 1188//1188 1190//1190
f 1189//1189 1190//1190 1191//1191
f 1031//1031 1192//1192 1045//1045
f 1045//1045 1192//1192 1193//1193
f 1045//1045 1193//1193 1049//1049
f 1049//1049 1193//1193 1194//1194
f 1049//1049 1194//1194 1051//1051
f 1051//1051 1194//1194 1195//1195
f 1051//1051 1195//1195 1053//1053
f 1053//1053 1195//1195 1196//1196
f 1053//1053 1196//1196 1197//1197
f 1197//1197 1196//1196 1198//1198
f 1197//1197 1198//1198 1199//1199
f 1199//1199 1198//1198 1200//1200
f 1199//1199 1200//1200 1201//1201
f 1031//1031 1032//1032 1192//1192
f 1192//1192 1032//1032 1202//1202
f 1202//1202 1032//1032 1034//1034
f 1202//1202 1034//1034 1036//1036
f 1202//1202 1036//1036 1203//1203
f 1203//1203 1036//1036 1038//1038
f 1203//1203 1038//1038 1040//1040
f 1203//1203 1040//1040 1204//1204
f 1204//1204 1040//1040 1042//1042
f 1204//1204 1042//1042 1205//1205
f 1205//1205 1042//1042 1044//1044
f 1206//1206 1207//1207 1198//1198
f 1198//1198 1207//1207 1208//1208
f 1198//1198 1208//1208 1200//1200
f 1207//1207 1206//1206 1209//1209
f 1209//1209 1206//1206 1210//1210
f 1209//1209 1210//1210 1211//1211
f 1211//1211 1210//1210 1212//1212
f 1211//1211 1212//1212 1213//1213
f 1213//1213 1212//1212 1214//1214
f 1213//1213 1214//1214 1215//1215
f 1215//1215 1214//1214 1216//1216
f 1216//1216 1214//1214 1217//1217
f 1216//1216 1217//1217 1218//1218
f 1218//1218 1217//1217 1219//1219
f 1218//1218 1219//1219 1220//1220
f 1220//1220 1219//1219 1221//1221
f 1220//1220 1221//1221 1222//1222
f 1222//1222 1221//1221 1223//1223
f 1201//1201 1224//1224 1199//1199
f 1199//1199 1224//1224 1225//1225
f 1225//1225 1224//1224 1226//1226
f 1225//1225 1226//1226 1227//1227
f 1227//1227 1226//1226 1228//1228
f 1227//1227 1228//1228 1229//1229
f 1229//1229 1228//1228 1230//1230
f 1229//1229 1230//1230 1231//1231
f 1231//1231 1230//1230 1232//1232
f 1231//1231 1232//1232 1233//1233
f 1231//1231 1233//1233 1234//1234
f 1234//1234 1233//1233 1235//1235
f 1234//1234 1235//1235 1236//1236
f 1237//1237 1238//1238 1236//1236
f 1236//1236 1238//1238 1239//1239
f 1236//1236 1239//1239 1234//1234
f 1237//1237 1240//1240 1238//1238
f 1053//1053 1197//1197 1241//1241
f 1241//1241 1197//1197 1242//1242
f 1241//1241 1242//1242 1243//1243
f 1243//1243 1242//1242 1244//1244
f 1243//1243 1244//1244 1245//1245
f 1245//1245 1244//1244 1246//1246
f 1245//1245 1246//1246 1023//1023
f 1023//1023 1246//1246 1247//1247
f 1023//1023 1247//1247 1021//1021
f 1021//1021 1247//1247 1019//1019
f 1019//1019 1247//1247 1248//1248
f 1019//1019 1248//1248 1017//1017
f 1017//1017 1248//1248 1015//1015
f 1015//1015 1248//1248 1249//1249
f 1015//1015 1249//1249 1013//1013
f 1013//1013 1249//1249 1011//1011
f 1011//1011 1249//1249 1250//1250
f 1011//1011 1250//1250 1009//1009
f 1009//1009 1250//1250 1188//1188
f 1009//1009 1188//1188 1007//1007
f 1251//1251 1252//1252 1253//1253
f 1253//1253 1252//1252 1254//1254
f 1253//1253 1254//1254 1255//1255
f 1253//1253 1255//1255 1256//1256
f 1256//1256 1255//1255 1257//1257
f 1256//1256 1257//1257 1258//1258
f 1258//1258 1257//1257 1259//1259
f 1258//1258 1259//1259 1260//1260
f 1258//1258 1260//1260 1261//1261
f 1261//1261 1260//1260 1262//1262
f 1261//1261 1262//1262 1263//1263
f 1261//1261 1263//1263 1264//1264
f 1264//1264 1263//1263 1265//1265
f 1264//1264 1265//1265 1266//1266
f 1264//1264 1266//1266 1267//1267
f 1267//1267 1266//1266 1268//1268
f 1267//1267 1268//1268 1269//1269
f 1269//1269 1268//1268 1270//1270
f 1269//1269 1270//1270 1271//1271
f 1269//1269 1271//1271 1272//1272
f 1272//1272 1271//1271 1088//1088
f 1272//1272 1088//1088 1273//1273
f 1273//1273 1088//1088 1090//1090
f 1273//1273 1090//1090 1274//1274
f 1273//1273 1274//1274 1275//1275
f 1275//1275 1274//1274 1276//1276
f 1275//1275 1276//1276 1277//1277
f 1275//1275 1277//1277 1278//1278
f 1278//1278 1277//1277 1279//1279
f 1278//1278 1279//1279 1280//1280
f 1278//1278 1280//1280 1281//1281
f 1281//1281 1280//1280 1282//1282
f 1281//1281 1282//1282 1283//1283
f 1283//1283 1282//1282 1284//1284
f 1283//1283 1284//1284 1285//1285
f 1285//1285 1286//1286 1283//1283
f 1283//1283 1286//1286 1287//1287
f 1287//1287 1286//1286 1288//1288
f 1287//1287 1288//1288 1289//1289
f 1289//1289 1288//1288 1290//1290
f 1289//1289 1290//1290 1291//1291
f 1289//1289 1291//1291 1292//1292
f 1292//1292 1291//1291 1251//1251
f 1292//1292 1251//1251 1253//1253
f 1256//1256 1258//1258 1293//1293
f 1293//1293 1258//1258 1261//1261
f 1293//1293 1261//1261 1294//1294
f 1294//1294 1261//1261 1264//1264
f 1294//1294 1264//1264 1295//1295
f 1295//1295 1264//1264 1267//1267
f 1295//1295 1267//1267 1296//1296
f 1296//1296 1267//1267 1269//1269
f 1296//1296 1269//1269 1272//1272
f 1296//1296 1272//1272 1297//1297
f 1297//1297 1272//1272 1273//1273
f 1297//1297 1273//1273 1298//1298
f 1298//1298 1273//1273 1275//1275
f 1298//1298 1275//1275 1299//1299
f 1299//1299 1275//1275 1278//1278
f 1299//1299 1278//1278 1281//1281
f 1299//1299 1281//1281 1300//1300
f 1300//1300 1281//1281 1283//1283
f 1300//1300 1283//1283 1301//1301
f 1301//1301 1283//1283 1287//1287
f 1301//1301 1287//1287 1302//1302
f 1302//1302 1287//1287 1289//1289
f 1302//1302 1289//1289 1292//1292
f 1302//1302 1292//1292 1303//1303
f 1303//1303 1292//1292 1253//1253
f 1303//1303 1253//1253 1304//1304
f 1304//1304 1253//1253 1256//1256
f 1304//1304 1256//1256 1293//1293
f 1285//1285 1284//1284 1305//1305
f 1305//1305 1284//1284 1306//1306
f 1305//1305 1306//1306 1307//1307
f 1284//1284 1282//1282 1306//1306
f 1306//1306 1282//1282 1280//1280
f 1306//1306 1280//1280 1279//1279
f 1306//1306 1279//1279 1308//1308
f 1308//1308 1279//1279 1277//1277
f 1308//1308 1277//1277 1276//1276
f 1276//1276 1274//1274 1308//1308
f 1308//1308 1274//1274 1090//1090
f 1308//1308 1090//1090 1089//1089
f 1308//1308 1089//1089 1309//1309
f 1309//1309 1089//1089 1066//1066
f 1309//1309 1066//1066 1310//1310
f 1310//1310 1311//1311 1309//1309
f 1307//1307 1312//1312 1305//1305
f 1305//1305 1312//1312 1313//1313
f 1313//1313 1312//1312 1314//1314
f 1314//1314 1312//1312 1315//1315
f 1314//1314 1315//1315 1316//1316
f 1285//1285 1305//1305 1286//1286
f 1286//1286 1305//1305 1317//1317
f 1317//1317 1305//1305 1313//1313
f 1317//1317 1313//1313 1318//1318
f 1318//1318 1313//1313 1319//1319
f 1319//1319 1313//1313 1314//1314
f 1319//1319 1314//1314 1316//1316
f 1320//1320 1321//1321 1318//1318
f 1318//1318 1321//1321 1317//1317
f 1321//1321 1322//1322 1317//1317
f 1088//1088 1271//1271 1055//1055
f 1055//1055 1271//1271 1270//1270
f 1055//1055 1270//1270 1323//1323
f 1323//1323 1270//1270 1268//1268
f 1323//1323 1268//1268 1266//1266
f 1252//1252 1251//1251 1324//1324
f 1324//1324 1251//1251 1325//1325
f 1324//1324 1325//1325 1326//1326
f 1326//1326 1325//1325 1327//1327
f 1326//1326 1327//1327 1328//1328
f 1329//1329 1330//1330 1325//1325
f 1325//1325 1330//1330 1327//1327
f 1330//1330 1331//1331 1327//1327
f 1332//1332 1333//1333 1328//1328
f 1328//1328 1333//1333 1326//1326
f 1245//1245 1023//1023 1334//1334
f 1334//1334 1023//1023 1022//1022
f 1334//1334 1022//1022 1335//1335
f 1335//1335 1022//1022 1336//1336
f 1336//1336 1022//1022 1337//1337
f 1337//1337 1022//1022 1338//1338
f 1337//1337 1338//1338 1339//1339
f 1339//1339 1338//1338 1340//1340
f 1339//1339 1340//1340 1341//1341
f 1339//1339 1341//1341 1130//1130
f 1130//1130 1341//1341 1342//1342
f 1130//1130 1342//1342 1343//1343
f 1343//1343 1344//1344 1130//1130
f 1130//1130 1344//1344 1128//1128
f 1130//1130 1132//1132 1339//1339
f 1339//1339 1132//1132 1345//1345
f 1339//1339 1345//1345 1346//1346
f 1345//1345 1132//1132 1347//1347
f 1347//1347 1132//1132 1135//1135
f 1347//1347 1135//1135 1348//1348
f 1348//1348 1135//1135 1349//1349
f 1349//1349 1135//1135 1137//1137
f 1349//1349 1137//1137 1350//1350
f 1350//1350 1137//1137 1139//1139
f 1350//1350 1139//1139 1351//1351
f 1351//1351 1139//1139 1352//1352
f 1352//1352 1139//1139 1353//1353
f 1353//1353 1139//1139 1354//1354
f 1353//1353 1354//1354 1355//1355
f 1355//1355 1354//1354 1356//1356
f 1356//1356 1354//1354 1357//1357
f 1357//1357 1354//1354 1346//1346
f 1346//1346 1354//1354 1339//1339
f 1334//1334 1358//1358 1245//1245
f 1245//1245 1358//1358 1243//1243
f 1243//1243 1358//1358 1359//1359
f 1243//1243 1359//1359 1241//1241
f 1358//1358 1360//1360 1359//1359
f 1359//1359 1360//1360 1323//1323
f 1359//1359 1323//1323 1361//1361
f 1361//1361 1323//1323 1362//1362
f 1361//1361 1362//1362 1363//1363
f 1363//1363 1362//1362 1364//1364
f 1363//1363 1364//1364 1365//1365
f 1365//1365 1364//1364 1366//1366
f 1366//1366 1364//1364 1367//1367
f 1367//1367 1364//1364 1368//1368
f 1266//1266 1369//1369 1323//1323
f 1323//1323 1369//1369 1370//1370
f 1323//1323 1370//1370 1371//1371
f 1265//1265 1372//1372 1266//1266
f 1266//1266 1372//1372 1369//1369
f 1373//1373 1374//1374 1369//1369
f 1369//1369 1374//1374 1375//1375
f 1369//1369 1375//1375 1376//1376
f 1377//1377 1378//1378 1373//1373
f 1373//1373 1378//1378 1379//1379
f 1373//1373 1379//1379 1380//1380
f 1378//1378 1377//1377 1381//1381
f 1381//1381 1377//1377 1382//1382
f 1381//1381 1382//1382 1383//1383
f 1383//1383 1382//1382 1384//1384
f 1383//1383 1384//1384 1385//1385
f 1379//1379 1378//1378 1386//1386
f 1386//1386 1378//1378 1387//1387
f 1386//1386 1387//1387 1388//1388
f 1388//1388 1387//1387 1389//1389
f 1389//1389 1387//1387 1370//1370
f 1389//1389 1370//1370 1390//1390
f 1390//1390 1370//1370 1391//1391
f 1391//1391 1370//1370 1392//1392
f 1392//1392 1370//1370 1369//1369
f 1392//1392 1369//1369 1376//1376
f 1371//1371 1362//1362 1323//1323
f 1380//1380 1393//1393 1373//1373
f 1373//1373 1393//1393 1374//1374
f 1263//1263 1394//1394 1265//1265
f 1265//1265 1394//1394 1395//1395
f 1265//1265 1395//1395 1372//1372
f 1372//1372 1395//1395 1396//1396
f 1372//1372 1396//1396 1397//1397
f 1263//1263 1262//1262 1394//1394
f 1394//1394 1262//1262 1260//1260
f 1394//1394 1260//1260 1259//1259
f 1259//1259 1257//1257 1394//1394
f 1394//1394 1257//1257 1398//1398
f 1398//1398 1257//1257 1255//1255
f 1398//1398 1255//1255 1254//1254
f 1254//1254 1252//1252 1398//1398
f 1398//1398 1252//1252 1324//1324
f 1398//1398 1324//1324 1399//1399
f 1399//1399 1324//1324 1326//1326
f 1399//1399 1326//1326 1333//1333
f 1332//1332 1400//1400 1333//1333
f 1333//1333 1400//1400 1399//1399
f 1399//1399 1401//1401 1398//1398
f 1397//1397 1369//1369 1372//1372
f 1240//1240 1237//1237 1402//1402
f 1402//1402 1237//1237 1403//1403
f 1403//1403 1237//1237 1404//1404
f 1403//1403 1404//1404 1405//1405
f 1405//1405 1404//1404 1406//1406
f 1406//1406 1404//1404 1407//1407
f 1407//1407 1404//1404 1408//1408
f 1408//1408 1404//1404 1409//1409
f 1409//1409 1404//1404 1410//1410
f 1410//1410 1404//1404 1411//1411
f 1251//1251 1291//1291 1325//1325
f 1325//1325 1291//1291 1290//1290
f 1325//1325 1290//1290 1317//1317
f 1317//1317 1290//1290 1288//1288
f 1317//1317 1288//1288 1286//1286
f 1412//1412 1413//1413 1414//1414
f 1414//1414 1413//1413 1330//1330
f 1414//1414 1330//1330 1415//1415
f 1415//1415 1330//1330 1416//1416
f 1415//1415 1416//1416 1417//1417
f 1417//1417 1416//1416 1418//1418
f 1417//1417 1418//1418 1419//1419
f 1419//1419 1418//1418 1420//1420
f 1419//1419 1420//1420 1421//1421
f 1421//1421 1420//1420 1422//1422
f 1421//1421 1422//1422 1423//1423
f 1423//1423 1422//1422 1424//1424
f 1423//1423 1424//1424 1425//1425
f 1425//1425 1424//1424 1321//1321
f 1425//1425 1321//1321 1426//1426
f 1426//1426 1321//1321 1427//1427
f 1426//1426 1427//1427 1428//1428
f 1428//1428 1427//1427 1429//1429
f 1428//1428 1429//1429 1430//1430
f 1430//1430 1429//1429 1431//1431
f 1430//1430 1431//1431 1432//1432
f 1432//1432 1431//1431 1433//1433
f 1432//1432 1433//1433 1412//1412
f 1412//1412 1433//1433 1413//1413
f 1355//1355 1434//1434 1353//1353
f 1353//1353 1434//1434 1435//1435
f 1353//1353 1435//1435 1436//1436
f 1434//1434 1355//1355 1437//1437
f 1437//1437 1355//1355 1356//1356
f 1437//1437 1356//1356 1438//1438
f 1438//1438 1356//1356 1357//1357
f 1438//1438 1357//1357 1439//1439
f 1439//1439 1357//1357 1346//1346
f 1439//1439 1346//1346 1440//1440
f 1440//1440 1346//1346 1345//1345
f 1440//1440 1345//1345 1441//1441
f 1441//1441 1345//1345 1442//1442
f 1442//1442 1345//1345 1347//1347
f 1442//1442 1347//1347 1443//1443
f 1443//1443 1347//1347 1348//1348
f 1443//1443 1348//1348 1444//1444
f 1444//1444 1348//1348 1349//1349
f 1444//1444 1349//1349 1445//1445
f 1445//1445 1349//1349 1350//1350
f 1445//1445 1350//1350 1446//1446
f 1446//1446 1350//1350 1447//1447
f 1447//1447 1350//1350 1351//1351
f 1447//1447 1351//1351 1448//1448
f 1448//1448 1351//1351 1352//1352
f 1448//1448 1352//1352 1436//1436
f 1436//1436 1352//1352 1353//1353
f 1449//1449 1450//1450 1451//1451
f 1451//1451 1450//1450 1452//1452
f 1451//1451 1452//1452 1453//1453
f 1454//1454 1455//1455 1453//1453
f 1453//1453 1455//1455 1456//1456
f 1453//1453 1456//1456 1457//1457
f 1458//1458 1459//1459 1454//1454
f 1454//1454 1459//1459 1460//1460
f 1454//1454 1460//1460 1461//1461
f 1458//1458 1462//1462 1459//1459
f 1459//1459 1462//1462 1463//1463
f 1463//1463 1462//1462 1464//1464
f 1463//1463 1464//1464 1465//1465
f 1465//1465 1466//1466 1463//1463
f 1463//1463 1466//1466 1467//1467
f 1467//1467 1466//1466 1468//1468
f 1467//1467 1468//1468 1469//1469
f 1469//1469 1468//1468 1470//1470
f 1470//1470 1468//1468 1471//1471
f 1470//1470 1471//1471 1472//1472
f 1472//1472 1471//1471 1473//1473
f 1473//1473 1471//1471 1457//1457
f 1457//1457 1471//1471 1453//1453
f 1474//1474 1439//1439 1471//1471
f 1471//1471 1439//1439 1440//1440
f 1471//1471 1440//1440 1475//1475
f 1475//1475 1440//1440 1441//1441
f 1475//1475 1441//1441 1442//1442
f 1439//1439 1474//1474 1438//1438
f 1438//1438 1474//1474 1476//1476
f 1438//1438 1476//1476 1477//1477
f 1477//1477 1476//1476 1478//1478
f 1478//1478 1476//1476 1479//1479
f 1478//1478 1479//1479 1480//1480
f 1477//1477 1481//1481 1438//1438
f 1438//1438 1481//1481 1437//1437
f 1437//1437 1481//1481 1482//1482
f 1437//1437 1482//1482 1434//1434
f 1434//1434 1482//1482 1483//1483
f 1434//1434 1483//1483 1435//1435
f 1481//1481 1484//1484 1482//1482
f 1482//1482 1484//1484 1485//1485
f 1485//1485 1484//1484 1486//1486
f 1485//1485 1486//1486 1487//1487
f 1487//1487 1486//1486 1488//1488
f 1487//1487 1488//1488 1489//1489
f 1489//1489 1488//1488 1490//1490
f 1489//1489 1490//1490 1491//1491
f 1490//1490 1488//1488 1492//1492
f 1492//1492 1488//1488 1493//1493
f 1492//1492 1493//1493 1494//1494
f 1494//1494 1493//1493 1495//1495
f 1494//1494 1495//1495 1496//1496
f 1496//1496 1495//1495 1497//1497
f 1496//1496 1497//1497 1498//1498
f 1498//1498 1497//1497 1499//1499
f 1498//1498 1499//1499 1500//1500
f 1500//1500 1499//1499 1501//1501
f 1500//1500 1501//1501 1502//1502
f 1502//1502 1501//1501 1503//1503
f 1502//1502 1503//1503 1504//1504
f 1504//1504 1503//1503 1505//1505
f 1504//1504 1505//1505 1506//1506
f 1504//1504 1506//1506 1507//1507
f 1507//1507 1506//1506 1508//1508
f 1507//1507 1508//1508 1509//1509
f 1509//1509 1510//1510 1507//1507
f 1507//1507 1510//1510 1511//1511
f 1507//1507 1511//1511 1512//1512
f 1507//1507 1512//1512 1513//1513
f 1513//1513 1512//1512 1514//1514
f 1513//1513 1514//1514 1515//1515
f 1515//1515 1514//1514 1516//1516
f 1515//1515 1516//1516 1491//1491
f 1491//1491 1516//1516 1489//1489
f 1475//1475 1517//1517 1471//1471
f 1471//1471 1517//1517 1453//1453
f 1517//1517 1518//1518 1453//1453
f 1453//1453 1518//1518 1451//1451
f 1461//1461 1455//1455 1454//1454
f 1519//1519 1520//1520 1521//1521
f 1521//1521 1520//1520 1522//1522
f 1521//1521 1522//1522 1523//1523
f 1523//1523 1522//1522 1524//1524
f 1525//1525 1526//1526 1527//1527
f 1527//1527 1526//1526 1528//1528
f 1527//1527 1528//1528 1529//1529
f 1529//1529 1528//1528 1530//1530
f 1529//1529 1530//1530 1531//1531
f 1531//1531 1530//1530 1532//1532
f 1531//1531 1532//1532 1533//1533
f 1533//1533 1532//1532 1534//1534
f 1533//1533 1534//1534 1535//1535
f 1535//1535 1534//1534 1536//1536
f 1535//1535 1536//1536 1537//1537
f 1537//1537 1536//1536 1538//1538
f 1537//1537 1538//1538 1539//1539
f 1539//1539 1538//1538 1540//1540
f 1539//1539 1540//1540 1520//1520
f 1520//1520 1540//1540 1522//1522
f 1396//1396 1541//1541 1525//1525
f 1525//1525 1541//1541 1526//1526
f 1526//1526 1541//1541 1542//1542
f 1460//1460 1543//1543 1461//1461
f 1461//1461 1543//1543 1544//1544
f 1461//1461 1544//1544 1455//1455
f 1455//1455 1544//1544 1545//1545
f 1455//1455 1545//1545 1456//1456
f 1456//1456 1545//1545 1546//1546
f 1456//1456 1546//1546 1457//1457
f 1457//1457 1546//1546 1547//1547
f 1457//1457 1547//1547 1473//1473
f 1473//1473 1547//1547 1548//1548
f 1473//1473 1548//1548 1472//1472
f 1472//1472 1548//1548 1549//1549
f 1472//1472 1549//1549 1470//1470
f 1470//1470 1549//1549 1550//1550
f 1470//1470 1550//1550 1469//1469
f 1469//1469 1550//1550 1551//1551
f 1469//1469 1551//1551 1467//1467
f 1467//1467 1551//1551 1552//1552
f 1467//1467 1552//1552 1463//1463
f 1463//1463 1552//1552 1553//1553
f 1463//1463 1553//1553 1459//1459
f 1459//1459 1553//1553 1554//1554
f 1459//1459 1554//1554 1460//1460
f 1460//1460 1554//1554 1543//1543
f 1420//1420 1418//1418 1329//1329
f 1329//1329 1418//1418 1416//1416
f 1329//1329 1416//1416 1330//1330
f 1331//1331 1431//1431 1327//1327
f 1327//1327 1431//1431 1318//1318
f 1327//1327 1318//1318 1319//1319
f 1431//1431 1320//1320 1318//1318
f 1327//1327 1319//1319 1328//1328
f 1328//1328 1319//1319 1316//1316
f 1328//1328 1316//1316 1332//1332
f 1332//1332 1316//1316 1555//1555
f 1332//1332 1555//1555 1400//1400
f 1315//1315 1556//1556 1316//1316
f 1316//1316 1556//1556 1555//1555
f 1556//1556 1557//1557 1555//1555
f 1555//1555 1557//1557 1558//1558
f 1558//1558 1557//1557 1559//1559
f 1558//1558 1559//1559 1560//1560
f 1560//1560 1559//1559 1561//1561
f 1560//1560 1561//1561 1562//1562
f 1562//1562 1561//1561 1563//1563
f 1562//1562 1563//1563 1564//1564
f 1564//1564 1563//1563 1565//1565
f 1564//1564 1565//1565 1566//1566
f 1566//1566 1565//1565 1567//1567
f 1566//1566 1567//1567 1568//1568
f 1568//1568 1567//1567 1569//1569
f 1569//1569 1567//1567 1570//1570
f 1569//1569 1570//1570 1571//1571
f 1569//1569 1571//1571 1572//1572
f 1572//1572 1571//1571 1573//1573
f 1572//1572 1573//1573 1574//1574
f 1574//1574 1573//1573 1575//1575
f 1574//1574 1575//1575 1576//1576
f 1576//1576 1575//1575 1577//1577
f 1576//1576 1577//1577 1578//1578
f 1578//1578 1577//1577 1579//1579
f 1578//1578 1579//1579 1580//1580
f 1581//1581 1582//1582 1577//1577
f 1577//1577 1582//1582 1579//1579
f 1582//1582 1583//1583 1579//1579
f 1579//1579 1583//1583 1584//1584
f 1584//1584 1583//1583 1585//1585
f 1584//1584 1585//1585 1586//1586
f 1586//1586 1585//1585 1587//1587
f 1586//1586 1587//1587 1588//1588
f 1588//1588 1587//1587 1589//1589
f 1589//1589 1587//1587 1590//1590
f 1043//1043 1591//1591 1044//1044
f 1044//1044 1591//1591 1592//1592
f 1044//1044 1592//1592 1205//1205
f 1205//1205 1592//1592 1593//1593
f 1205//1205 1593//1593 1594//1594
f 1594//1594 1593//1593 1595//1595
f 1579//1579 1596//1596 1597//1597
f 1597//1597 1596//1596 1598//1598
f 1597//1597 1598//1598 1599//1599
f 1597//1597 1580//1580 1579//1579
f 1411//1411 1600//1600 1410//1410
f 1410//1410 1600//1600 1601//1601
f 1601//1601 1600//1600 1602//1602
f 1601//1601 1602//1602 1603//1603
f 1603//1603 1602//1602 1604//1604
f 1603//1603 1604//1604 1605//1605
f 1605//1605 1604//1604 1606//1606
f 1605//1605 1606//1606 1607//1607
f 1607//1607 1606//1606 1608//1608
f 1608//1608 1606//1606 1609//1609
f 1608//1608 1609//1609 1610//1610
f 1610//1610 1609//1609 1611//1611
f 1610//1610 1611//1611 1612//1612
f 1612//1612 1611//1611 1613//1613
f 1607//1607 1614//1614 1605//1605
f 1605//1605 1614//1614 1615//1615
f 1615//1615 1614//1614 1616//1616
f 1615//1615 1616//1616 1617//1617
f 1617//1617 1616//1616 1368//1368
f 1617//1617 1368//1368 1618//1618
f 1618//1618 1368//1368 1364//1364
f 1618//1618 1364//1364 1619//1619
f 1619//1619 1364//1364 1362//1362
f 1619//1619 1362//1362 1620//1620
f 1620//1620 1362//1362 1371//1371
f 1620//1620 1371//1371 1621//1621
f 1621//1621 1371//1371 1370//1370
f 1621//1621 1370//1370 1622//1622
f 1622//1622 1370//1370 1623//1623
f 1623//1623 1370//1370 1624//1624
f 1623//1623 1624//1624 1519//1519
f 1368//1368 1616//1616 1063//1063
f 1063//1063 1616//1616 1625//1625
f 1063//1063 1625//1625 1059//1059
f 1059//1059 1625//1625 1626//1626
f 1059//1059 1626//1626 1057//1057
f 1057//1057 1626//1626 1627//1627
f 1057//1057 1627//1627 1064//1064
f 1064//1064 1627//1627 1628//1628
f 1064//1064 1628//1628 1065//1065
f 1065//1065 1628//1628 1629//1629
f 1065//1065 1629//1629 1630//1630
f 1631//1631 1632//1632 1630//1630
f 1630//1630 1632//1632 1065//1065
f 1613//1613 1633//1633 1612//1612
f 1612//1612 1633//1633 1634//1634
f 1634//1634 1633//1633 1635//1635
f 1635//1635 1633//1633 1636//1636
f 1636//1636 1633//1633 1637//1637
f 1637//1637 1633//1633 1638//1638
f 1638//1638 1633//1633 1639//1639
f 1639//1639 1633//1633 1222//1222
f 1639//1639 1222//1222 1640//1640
f 1640//1640 1222//1222 1223//1223
f 1597//1597 994//994 1580//1580
f 1580//1580 994//994 995//995
f 1580//1580 995//995 996//996
f 1597//1597 1641//1641 994//994
f 994//994 1641//1641 993//993
f 993//993 1641//1641 1642//1642
f 993//993 1642//1642 992//992
f 992//992 1642//1642 1643//1643
f 992//992 1643//1643 1644//1644
f 992//992 1644//1644 991//991
f 991//991 1644//1644 1645//1645
f 991//991 1645//1645 990//990
f 990//990 1645//1645 1646//1646
f 990//990 1646//1646 1647//1647
f 990//990 1647//1647 989//989
f 989//989 1647//1647 1648//1648
f 989//989 1648//1648 988//988
f 988//988 1648//1648 1649//1649
f 988//988 1649//1649 1650//1650
f 988//988 1650//1650 987//987
f 987//987 1650//1650 1651//1651
f 987//987 1651//1651 986//986
f 986//986 1651//1651 1399//1399
f 986//986 1399//1399 1400//1400
f 986//986 1400//1400 1006//1006
f 1006//1006 1400//1400 1555//1555
f 1006//1006 1555//1555 1005//1005
f 1005//1005 1555//1555 1558//1558
f 1005//1005 1558//1558 1004//1004
f 1004//1004 1558//1558 1560//1560
f 1004//1004 1560//1560 1003//1003
f 1003//1003 1560//1560 1562//1562
f 1003//1003 1562//1562 1002//1002
f 1002//1002 1562//1562 1564//1564
f 1002//1002 1564//1564 1001//1001
f 1001//1001 1564//1564 1566//1566
f 1001//1001 1566//1566 1568//1568
f 1001//1001 1568//1568 1000//1000
f 1000//1000 1568//1568 1569//1569
f 1000//1000 1569//1569 999//999
f 999//999 1569//1569 1572//1572
f 999//999 1572//1572 998//998
f 998//998 1572//1572 1574//1574
f 998//998 1574//1574 997//997
f 997//997 1574//1574 1576//1576
f 997//997 1576//1576 996//996
f 996//996 1576//1576 1578//1578
f 996//996 1578//1578 1580//1580
f 1652//1652 1497//1497 1641//1641
f 1641//1641 1497//1497 1495//1495
f 1641//1641 1495//1495 1642//1642
f 1642//1642 1495//1495 1493//1493
f 1642//1642 1493//1493 1643//1643
f 1643//1643 1493//1493 1488//1488
f 1643//1643 1488//1488 1644//1644
f 1644//1644 1488//1488 1486//1486
f 1644//1644 1486//1486 1645//1645
f 1645//1645 1486//1486 1484//1484
f 1645//1645 1484//1484 1646//1646
f 1646//1646 1484//1484 1647//1647
f 1647//1647 1484//1484 1481//1481
f 1647//1647 1481//1481 1648//1648
f 1648//1648 1481//1481 1477//1477
f 1648//1648 1477//1477 1649//1649
f 1649//1649 1477//1477 1478//1478
f 1649//1649 1478//1478 1650//1650
f 1650//1650 1478//1478 1480//1480
f 1650//1650 1480//1480 1653//1653
f 1650//1650 1653//1653 1651//1651
f 1651//1651 1653//1653 1654//1654
f 1651//1651 1654//1654 1655//1655
f 1655//1655 1656//1656 1651//1651
f 1651//1651 1656//1656 1657//1657
f 1651//1651 1657//1657 1658//1658
f 1659//1659 1401//1401 1658//1658
f 1658//1658 1401//1401 1651//1651
f 1401//1401 1399//1399 1651//1651
f 1641//1641 1597//1597 1652//1652
f 1652//1652 1597//1597 1660//1660
f 1660//1660 1597//1597 1661//1661
f 1661//1661 1597//1597 1599//1599
f 752//752 1662//1662 751//751
f 751//751 1662//1662 1663//1663
f 751//751 1663//1663 771//771
f 771//771 1663//1663 1664//1664
f 771//771 1664//1664 770//770
f 770//770 1664//1664 1665//1665
f 770//770 1665//1665 769//769
f 769//769 1665//1665 1666//1666
f 769//769 1666//1666 768//768
f 768//768 1666//1666 1667//1667
f 768//768 1667//1667 767//767
f 767//767 1667//1667 1668//1668
f 767//767 1668//1668 766//766
f 766//766 1668//1668 1669//1669
f 766//766 1669//1669 765//765
f 765//765 1669//1669 1670//1670
f 765//765 1670//1670 764//764
f 764//764 1670//1670 1671//1671
f 764//764 1671//1671 763//763
f 763//763 1671//1671 1672//1672
f 763//763 1672//1672 762//762
f 762//762 1672//1672 1673//1673
f 762//762 1673//1673 761//761
f 761//761 1673//1673 1674//1674
f 761//761 1674//1674 760//760
f 760//760 1674//1674 1675//1675
f 760//760 1675//1675 759//759
f 759//759 1675//1675 1676//1676
f 759//759 1676//1676 758//758
f 758//758 1676//1676 1677//1677
f 758//758 1677//1677 757//757
f 757//757 1677//1677 1678//1678
f 757//757 1678//1678 756//756
f 756//756 1678//1678 1679//1679
f 756//756 1679//1679 755//755
f 755//755 1679//1679 1680//1680
f 755//755 1680//1680 754//754
f 754//754 1680//1680 1681//1681
f 754//754 1681//1681 753//753
f 753//753 1681//1681 1682//1682
f 753//753 1682//1682 752//752
f 752//752 1682//1682 1662//1662
f 1679//1679 1678//1678 1672//1672
f 1672//1672 1678//1678 1677//1677
f 1672//1672 1677//1677 1676//1676
f 1676//1676 1675//1675 1672//1672
f 1672//1672 1675//1675 1674//1674
f 1672//1672 1674//1674 1673//1673
f 1671//1671 1663//1663 1672//1672
f 1672//1672 1663//1663 1662//1662
f 1672//1672 1662//1662 1682//1682
f 1663//1663 1671//1671 1664//1664
f 1664//1664 1671//1671 1670//1670
f 1664//1664 1670//1670 1665//1665
f 1665//1665 1670//1670 1669//1669
f 1665//1665 1669//1669 1666//1666
f 1666//1666 1669//1669 1668//1668
f 1666//1666 1668//1668 1667//1667
f 1682//1682 1681//1681 1672//1672
f 1672//1672 1681//1681 1680//1680
f 1672//1672 1680//1680 1679//1679
f 1683//1683 1149//1149 1414//1414
f 1414//1414 1149//1149 1150//1150
f 1414//1414 1150//1150 1684//1684
f 1684//1684 1150//1150 1153//1153
f 1684//1684 1153//1153 1685//1685
f 1685//1685 1153//1153 1155//1155
f 1685//1685 1155//1155 1686//1686
f 1686//1686 1155//1155 1159//1159
f 1686//1686 1159//1159 1687//1687
f 1687//1687 1159//1159 1688//1688
f 1687//1687 1688//1688 1689//1689
f 1687//1687 1689//1689 1690//1690
f 1690//1690 1689//1689 1691//1691
f 1690//1690 1691//1691 1692//1692
f 1690//1690 1692//1692 1693//1693
f 1693//1693 1692//1692 1694//1694
f 1693//1693 1694//1694 1695//1695
f 1695//1695 1694//1694 1596//1596
f 1695//1695 1596//1596 1696//1696
f 1696//1696 1596//1596 1697//1697
f 1697//1697 1596//1596 1586//1586
f 1697//1697 1586//1586 1588//1588
f 1579//1579 1584//1584 1596//1596
f 1596//1596 1584//1584 1586//1586
f 1697//1697 1588//1588 1698//1698
f 1698//1698 1588//1588 1589//1589
f 1698//1698 1589//1589 1699//1699
f 1699//1699 1589//1589 1414//1414
f 1699//1699 1414//1414 1700//1700
f 1700//1700 1414//1414 1684//1684
f 1590//1590 1430//1430 1589//1589
f 1589//1589 1430//1430 1432//1432
f 1589//1589 1432//1432 1412//1412
f 1425//1425 1426//1426 1590//1590
f 1590//1590 1426//1426 1428//1428
f 1590//1590 1428//1428 1430//1430
f 1412//1412 1414//1414 1589//1589
f 1329//1329 1325//1325 1420//1420
f 1420//1420 1325//1325 1317//1317
f 1420//1420 1317//1317 1322//1322
f 1330//1330 1413//1413 1331//1331
f 1331//1331 1413//1413 1433//1433
f 1331//1331 1433//1433 1431//1431
f 1158//1158 1701//1701 1159//1159
f 1159//1159 1701//1701 1688//1688
f 1688//1688 1701//1701 1702//1702
f 1688//1688 1702//1702 1689//1689
f 1689//1689 1702//1702 1703//1703
f 1689//1689 1703//1703 1691//1691
f 1691//1691 1703//1703 1704//1704
f 1691//1691 1704//1704 1705//1705
f 1691//1691 1705//1705 1692//1692
f 1692//1692 1705//1705 1706//1706
f 1692//1692 1706//1706 1694//1694
f 1694//1694 1706//1706 1707//1707
f 1694//1694 1707//1707 1596//1596
f 1596//1596 1707//1707 1598//1598
f 1624//1624 1370//1370 1708//1708
f 1708//1708 1370//1370 1387//1387
f 1373//1373 1709//1709 1377//1377
f 1377//1377 1709//1709 1710//1710
f 1377//1377 1710//1710 1382//1382
f 1382//1382 1710//1710 1711//1711
f 1382//1382 1711//1711 1384//1384
f 1384//1384 1711//1711 1712//1712
f 1384//1384 1712//1712 1385//1385
f 1385//1385 1712//1712 1713//1713
f 1385//1385 1713//1713 1383//1383
f 1383//1383 1713//1713 1714//1714
f 1383//1383 1714//1714 1381//1381
f 1381//1381 1714//1714 1715//1715
f 1381//1381 1715//1715 1378//1378
f 1378//1378 1715//1715 1716//1716
f 1378//1378 1716//1716 1387//1387
f 1387//1387 1716//1716 1708//1708
f 1369//1369 1397//1397 1373//1373
f 1373//1373 1397//1397 1709//1709
f 1717//1717 1388//1388 1718//1718
f 1718//1718 1388//1388 1389//1389
f 1718//1718 1389//1389 1719//1719
f 1719//1719 1389//1389 1390//1390
f 1719//1719 1390//1390 1720//1720
f 1720//1720 1390//1390 1391//1391
f 1720//1720 1391//1391 1721//1721
f 1721//1721 1391//1391 1392//1392
f 1721//1721 1392//1392 1722//1722
f 1722//1722 1392//1392 1376//1376
f 1722//1722 1376//1376 1723//1723
f 1723//1723 1376//1376 1375//1375
f 1723//1723 1375//1375 1724//1724
f 1724//1724 1375//1375 1374//1374
f 1724//1724 1374//1374 1725//1725
f 1725//1725 1374//1374 1393//1393
f 1725//1725 1393//1393 1726//1726
f 1726//1726 1393//1393 1380//1380
f 1726//1726 1380//1380 1727//1727
f 1727//1727 1380//1380 1379//1379
f 1727//1727 1379//1379 1728//1728
f 1728//1728 1379//1379 1386//1386
f 1728//1728 1386//1386 1717//1717
f 1717//1717 1386//1386 1388//1388
f 1397//1397 1729//1729 1709//1709
f 1709//1709 1729//1729 1724//1724
f 1709//1709 1724//1724 1725//1725
f 1730//1730 1722//1722 1729//1729
f 1729//1729 1722//1722 1723//1723
f 1729//1729 1723//1723 1724//1724
f 1624//1624 1720//1720 1730//1730
f 1730//1730 1720//1720 1721//1721
f 1730//1730 1721//1721 1722//1722
f 1708//1708 1718//1718 1624//1624
f 1624//1624 1718//1718 1719//1719
f 1624//1624 1719//1719 1720//1720
f 1716//1716 1728//1728 1708//1708
f 1708//1708 1728//1728 1717//1717
f 1708//1708 1717//1717 1718//1718
f 1716//1716 1715//1715 1728//1728
f 1728//1728 1715//1715 1727//1727
f 1727//1727 1715//1715 1714//1714
f 1727//1727 1714//1714 1713//1713
f 1713//1713 1712//1712 1727//1727
f 1727//1727 1712//1712 1711//1711
f 1727//1727 1711//1711 1710//1710
f 1727//1727 1710//1710 1726//1726
f 1726//1726 1710//1710 1709//1709
f 1726//1726 1709//1709 1725//1725
f 1396//1396 1525//1525 1731//1731
f 1731//1731 1525//1525 1550//1550
f 1731//1731 1550//1550 1549//1549
f 1527//1527 1552//1552 1525//1525
f 1525//1525 1552//1552 1551//1551
f 1525//1525 1551//1551 1550//1550
f 1552//1552 1527//1527 1553//1553
f 1553//1553 1527//1527 1529//1529
f 1553//1553 1529//1529 1531//1531
f 1531//1531 1533//1533 1553//1553
f 1553//1553 1533//1533 1535//1535
f 1553//1553 1535//1535 1537//1537
f 1553//1553 1537//1537 1554//1554
f 1554//1554 1537//1537 1539//1539
f 1554//1554 1539//1539 1520//1520
f 1519//1519 1544//1544 1520//1520
f 1520//1520 1544//1544 1543//1543
f 1520//1520 1543//1543 1554//1554
f 1732//1732 1546//1546 1519//1519
f 1519//1519 1546//1546 1545//1545
f 1519//1519 1545//1545 1544//1544
f 1731//1731 1548//1548 1732//1732
f 1732//1732 1548//1548 1547//1547
f 1732//1732 1547//1547 1546//1546
f 1549//1549 1548//1548 1731//1731
f 1396//1396 1731//1731 1397//1397
f 1397//1397 1731//1731 1729//1729
f 1729//1729 1731//1731 1732//1732
f 1729//1729 1732//1732 1730//1730
f 1730//1730 1732//1732 1519//1519
f 1730//1730 1519//1519 1624//1624
f 1188//1188 1250//1250 1190//1190
f 1190//1190 1250//1250 1249//1249
f 1190//1190 1249//1249 1733//1733
f 1733//1733 1249//1249 1248//1248
f 1733//1733 1248//1248 1247//1247
f 1247//1247 1246//1246 1733//1733
f 1733//1733 1246//1246 1244//1244
f 1733//1733 1244//1244 1242//1242
f 1242//1242 1197//1197 1733//1733
f 1733//1733 1197//1197 1199//1199
f 1733//1733 1199//1199 1225//1225
f 1227//1227 1734//1734 1225//1225
f 1225//1225 1734//1734 1735//1735
f 1225//1225 1735//1735 1733//1733
f 1733//1733 1735//1735 1736//1736
f 1736//1736 1735//1735 1737//1737
f 1736//1736 1737//1737 1738//1738
f 1227//1227 1229//1229 1734//1734
f 1734//1734 1229//1229 1231//1231
f 1734//1734 1231//1231 1234//1234
f 1234//1234 1239//1239 1734//1734
f 1734//1734 1239//1239 1238//1238
f 1736//1736 1738//1738 1739//1739
f 1739//1739 1738//1738 1740//1740
f 1739//1739 1740//1740 1741//1741
f 1739//1739 1741//1741 1742//1742
f 1742//1742 1741//1741 1743//1743
f 1742//1742 1743//1743 1744//1744
f 1744//1744 1743//1743 1745//1745
f 1744//1744 1745//1745 1451//1451
f 1451//1451 1745//1745 1449//1449
f 1696//1696 1498//1498 1695//1695
f 1695//1695 1498//1498 1500//1500
f 1695//1695 1500//1500 1693//1693
f 1693//1693 1500//1500 1502//1502
f 1693//1693 1502//1502 1690//1690
f 1690//1690 1502//1502 1504//1504
f 1690//1690 1504//1504 1687//1687
f 1687//1687 1504//1504 1507//1507
f 1687//1687 1507//1507 1686//1686
f 1686//1686 1507//1507 1513//1513
f 1686//1686 1513//1513 1685//1685
f 1685//1685 1513//1513 1515//1515
f 1685//1685 1515//1515 1684//1684
f 1684//1684 1515//1515 1491//1491
f 1684//1684 1491//1491 1700//1700
f 1700//1700 1491//1491 1490//1490
f 1700//1700 1490//1490 1699//1699
f 1699//1699 1490//1490 1492//1492
f 1699//1699 1492//1492 1698//1698
f 1698//1698 1492//1492 1494//1494
f 1698//1698 1494//1494 1697//1697
f 1697//1697 1494//1494 1496//1496
f 1697//1697 1496//1496 1696//1696
f 1696//1696 1496//1496 1498//1498
f 1359//1359 1052//1052 1241//1241
f 1241//1241 1052//1052 1053//1053
f 1022//1022 1025//1025 1338//1338
f 1338//1338 1025//1025 1027//1027
f 1338//1338 1027//1027 1092//1092
f 1092//1092 1027//1027 1029//1029
f 1339//1339 1093//1093 1337//1337
f 1337//1337 1093//1093 1091//1091
f 1354//1354 1746//1746 1339//1339
f 1339//1339 1746//1746 1101//1101
f 1339//1339 1101//1101 1093//1093
f 1747//1747 1748//1748 1354//1354
f 1354//1354 1748//1748 1749//1749
f 1354//1354 1749//1749 1750//1750
f 1748//1748 1747//1747 1751//1751
f 1751//1751 1747//1747 1752//1752
f 1751//1751 1752//1752 1753//1753
f 1753//1753 1752//1752 1754//1754
f 1754//1754 1752//1752 1755//1755
f 1751//1751 1683//1683 1748//1748
f 1748//1748 1683//1683 1756//1756
f 1756//1756 1683//1683 1757//1757
f 1757//1757 1683//1683 1417//1417
f 1757//1757 1417//1417 1419//1419
f 1414//1414 1415//1415 1683//1683
f 1683//1683 1415//1415 1417//1417
f 1757//1757 1419//1419 1758//1758
f 1758//1758 1419//1419 1421//1421
f 1758//1758 1421//1421 1759//1759
f 1759//1759 1421//1421 1760//1760
f 1759//1759 1760//1760 1761//1761
f 1761//1761 1760//1760 1762//1762
f 1762//1762 1760//1760 1763//1763
f 1762//1762 1763//1763 1764//1764
f 1764//1764 1763//1763 1765//1765
f 1764//1764 1765//1765 1766//1766
f 1766//1766 1765//1765 1767//1767
f 1766//1766 1767//1767 1768//1768
f 1421//1421 1423//1423 1760//1760
f 1760//1760 1423//1423 1425//1425
f 1764//1764 1101//1101 1762//1762
f 1762//1762 1101//1101 1769//1769
f 1769//1769 1101//1101 1770//1770
f 1770//1770 1101//1101 1746//1746
f 1750//1750 1746//1746 1354//1354
f 1055//1055 1323//1323 1056//1056
f 1056//1056 1323//1323 1360//1360
f 1056//1056 1360//1360 1050//1050
f 1050//1050 1360//1360 1358//1358
f 1050//1050 1358//1358 1046//1046
f 1046//1046 1358//1358 1334//1334
f 1046//1046 1334//1334 1047//1047
f 1047//1047 1334//1334 1335//1335
f 1047//1047 1335//1335 1048//1048
f 1048//1048 1335//1335 1336//1336
f 1048//1048 1336//1336 1091//1091
f 1091//1091 1336//1336 1337//1337
f 1368//1368 1063//1063 1367//1367
f 1367//1367 1063//1063 1062//1062
f 1367//1367 1062//1062 1366//1366
f 1366//1366 1062//1062 1061//1061
f 1366//1366 1061//1061 1365//1365
f 1365//1365 1061//1061 1060//1060
f 1365//1365 1060//1060 1363//1363
f 1363//1363 1060//1060 1058//1058
f 1363//1363 1058//1058 1361//1361
f 1361//1361 1058//1058 1054//1054
f 1361//1361 1054//1054 1359//1359
f 1359//1359 1054//1054 1052//1052
f 1100//1100 1128//1128 1099//1099
f 1099//1099 1128//1128 1344//1344
f 1099//1099 1344//1344 1098//1098
f 1098//1098 1344//1344 1343//1343
f 1098//1098 1343//1343 1097//1097
f 1097//1097 1343//1343 1342//1342
f 1097//1097 1342//1342 1095//1095
f 1095//1095 1342//1342 1341//1341
f 1095//1095 1341//1341 1094//1094
f 1094//1094 1341//1341 1340//1340
f 1094//1094 1340//1340 1092//1092
f 1092//1092 1340//1340 1338//1338
f 1186//1186 1771//1771 1008//1008
f 1008//1008 1771//1771 1772//1772
f 1008//1008 1772//1772 1773//1773
f 1773//1773 1772//1772 1186//1186
f 1773//1773 1186//1186 1774//1774
f 1774//1774 1186//1186 1775//1775
f 1774//1774 1775//1775 1776//1776
f 1776//1776 1775//1775 1777//1777
f 1776//1776 1777//1777 1187//1187
f 1187//1187 1777//1777 1778//1778
f 1187//1187 1778//1778 1186//1186
f 1186//1186 1778//1778 1775//1775
f 1189//1189 1779//1779 1187//1187
f 1187//1187 1779//1779 1780//1780
f 1187//1187 1780//1780 1776//1776
f 1776//1776 1780//1780 1781//1781
f 1776//1776 1781//1781 1774//1774
f 1774//1774 1781//1781 1782//1782
f 1774//1774 1782//1782 1783//1783
f 1783//1783 1782//1782 1784//1784
f 1783//1783 1784//1784 1121//1121
f 1121//1121 1784//1784 1120//1120
f 1120//1120 1784//1784 1785//1785
f 1120//1120 1785//1785 1786//1786
f 1786//1786 1785//1785 1787//1787
f 1786//1786 1787//1787 1788//1788
f 1788//1788 1787//1787 1789//1789
f 1788//1788 1789//1789 1790//1790
f 1790//1790 1789//1789 1791//1791
f 1790//1790 1791//1791 1792//1792
f 1792//1792 1791//1791 1793//1793
f 1792//1792 1793//1793 1794//1794
f 1794//1794 1793//1793 1795//1795
f 1794//1794 1795//1795 1796//1796
f 1796//1796 1795//1795 1797//1797
f 1796//1796 1797//1797 1798//1798
f 1798//1798 1797//1797 1733//1733
f 1798//1798 1733//1733 1736//1736
f 1191//1191 1799//1799 1189//1189
f 1189//1189 1799//1799 1800//1800
f 1189//1189 1800//1800 1801//1801
f 1801//1801 1800//1800 1799//1799
f 1801//1801 1799//1799 1802//1802
f 1802//1802 1799//1799 1191//1191
f 1802//1802 1191//1191 1803//1803
f 1803//1803 1191//1191 1804//1804
f 1803//1803 1804//1804 1805//1805
f 1805//1805 1804//1804 1806//1806
f 1805//1805 1806//1806 1807//1807
f 1807//1807 1806//1806 1808//1808
f 1807//1807 1808//1808 1795//1795
f 1795//1795 1808//1808 1797//1797
f 1190//1190 1809//1809 1191//1191
f 1191//1191 1809//1809 1810//1810
f 1191//1191 1810//1810 1804//1804
f 1804//1804 1810//1810 1190//1190
f 1804//1804 1190//1190 1806//1806
f 1806//1806 1190//1190 1733//1733
f 1806//1806 1733//1733 1808//1808
f 1808//1808 1733//1733 1797//1797
f 1739//1739 1811//1811 1736//1736
f 1736//1736 1811//1811 1812//1812
f 1736//1736 1812//1812 1813//1813
f 1813//1813 1812//1812 1814//1814
f 1813//1813 1814//1814 1815//1815
f 1815//1815 1814//1814 1816//1816
f 1815//1815 1816//1816 1817//1817
f 1817//1817 1816//1816 1818//1818
f 1817//1817 1818//1818 1819//1819
f 1819//1819 1818//1818 1820//1820
f 1819//1819 1820//1820 1821//1821
f 1821//1821 1820//1820 1822//1822
f 1821//1821 1822//1822 1823//1823
f 1823//1823 1822//1822 1824//1824
f 1823//1823 1824//1824 1825//1825
f 1825//1825 1824//1824 1122//1122
f 1825//1825 1122//1122 1120//1120
f 1742//1742 1826//1826 1739//1739
f 1739//1739 1826//1826 1827//1827
f 1739//1739 1827//1827 1828//1828
f 1828//1828 1827//1827 1829//1829
f 1828//1828 1829//1829 1830//1830
f 1830//1830 1829//1829 1831//1831
f 1830//1830 1831//1831 1832//1832
f 1832//1832 1831//1831 1833//1833
f 1832//1832 1833//1833 1834//1834
f 1834//1834 1833//1833 1835//1835
f 1834//1834 1835//1835 1836//1836
f 1836//1836 1835//1835 1837//1837
f 1836//1836 1837//1837 1838//1838
f 1838//1838 1837//1837 1839//1839
f 1838//1838 1839//1839 1840//1840
f 1840//1840 1839//1839 1124//1124
f 1840//1840 1124//1124 1122//1122
f 1744//1744 1841//1841 1742//1742
f 1742//1742 1841//1841 1842//1842
f 1742//1742 1842//1842 1826//1826
f 1826//1826 1842//1842 1843//1843
f 1826//1826 1843//1843 1844//1844
f 1844//1844 1843//1843 1845//1845
f 1844//1844 1845//1845 1846//1846
f 1846//1846 1845//1845 1847//1847
f 1846//1846 1847//1847 1848//1848
f 1848//1848 1847//1847 1849//1849
f 1848//1848 1849//1849 1850//1850
f 1850//1850 1849//1849 1851//1851
f 1850//1850 1851//1851 1852//1852
f 1852//1852 1851//1851 1853//1853
f 1852//1852 1853//1853 1854//1854
f 1854//1854 1853//1853 1126//1126
f 1854//1854 1126//1126 1124//1124
f 1451//1451 1855//1855 1744//1744
f 1744//1744 1855//1855 1856//1856
f 1744//1744 1856//1856 1841//1841
f 1841//1841 1856//1856 1857//1857
f 1841//1841 1857//1857 1858//1858
f 1858//1858 1857//1857 1859//1859
f 1858//1858 1859//1859 1860//1860
f 1860//1860 1859//1859 1861//1861
f 1860//1860 1861//1861 1862//1862
f 1862//1862 1861//1861 1863//1863
f 1862//1862 1863//1863 1864//1864
f 1864//1864 1863//1863 1865//1865
f 1864//1864 1865//1865 1866//1866
f 1866//1866 1865//1865 1867//1867
f 1866//1866 1867//1867 1868//1868
f 1868//1868 1867//1867 1129//1129
f 1868//1868 1129//1129 1126//1126
f 1856//1856 1855//1855 1857//1857
f 1857//1857 1855//1855 1869//1869
f 1857//1857 1869//1869 1859//1859
f 1859//1859 1869//1869 1870//1870
f 1859//1859 1870//1870 1861//1861
f 1861//1861 1870//1870 1863//1863
f 1863//1863 1870//1870 1865//1865
f 1865//1865 1870//1870 1871//1871
f 1865//1865 1871//1871 1867//1867
f 1867//1867 1871//1871 1131//1131
f 1867//1867 1131//1131 1129//1129
f 1783//1783 1121//1121 1773//1773
f 1773//1773 1121//1121 1008//1008
f 1186//1186 1772//1772 1771//1771
f 1809//1809 1190//1190 1810//1810
f 1825//1825 1120//1120 1786//1786
f 1736//1736 1813//1813 1798//1798
f 1798//1798 1813//1813 1815//1815
f 1798//1798 1815//1815 1796//1796
f 1796//1796 1815//1815 1817//1817
f 1796//1796 1817//1817 1794//1794
f 1794//1794 1817//1817 1819//1819
f 1794//1794 1819//1819 1792//1792
f 1792//1792 1819//1819 1821//1821
f 1792//1792 1821//1821 1790//1790
f 1790//1790 1821//1821 1823//1823
f 1790//1790 1823//1823 1788//1788
f 1788//1788 1823//1823 1825//1825
f 1788//1788 1825//1825 1786//1786
f 1122//1122 1824//1824 1872//1872
f 1872//1872 1824//1824 1822//1822
f 1872//1872 1822//1822 1873//1873
f 1873//1873 1822//1822 1820//1820
f 1873//1873 1820//1820 1874//1874
f 1874//1874 1820//1820 1818//1818
f 1874//1874 1818//1818 1875//1875
f 1875//1875 1818//1818 1816//1816
f 1875//1875 1816//1816 1876//1876
f 1876//1876 1816//1816 1814//1814
f 1876//1876 1814//1814 1877//1877
f 1877//1877 1814//1814 1812//1812
f 1877//1877 1812//1812 1811//1811
f 1122//1122 1872//1872 1840//1840
f 1840//1840 1872//1872 1873//1873
f 1840//1840 1873//1873 1838//1838
f 1838//1838 1873//1873 1874//1874
f 1838//1838 1874//1874 1836//1836
f 1836//1836 1874//1874 1875//1875
f 1836//1836 1875//1875 1834//1834
f 1834//1834 1875//1875 1876//1876
f 1834//1834 1876//1876 1832//1832
f 1832//1832 1876//1876 1877//1877
f 1832//1832 1877//1877 1830//1830
f 1830//1830 1877//1877 1811//1811
f 1830//1830 1811//1811 1828//1828
f 1828//1828 1811//1811 1739//1739
f 1124//1124 1839//1839 1854//1854
f 1854//1854 1839//1839 1837//1837
f 1854//1854 1837//1837 1852//1852
f 1852//1852 1837//1837 1835//1835
f 1852//1852 1835//1835 1850//1850
f 1850//1850 1835//1835 1833//1833
f 1850//1850 1833//1833 1848//1848
f 1848//1848 1833//1833 1831//1831
f 1848//1848 1831//1831 1846//1846
f 1846//1846 1831//1831 1829//1829
f 1846//1846 1829//1829 1844//1844
f 1844//1844 1829//1829 1827//1827
f 1844//1844 1827//1827 1826//1826
f 1126//1126 1853//1853 1868//1868
f 1868//1868 1853//1853 1851//1851
f 1868//1868 1851//1851 1866//1866
f 1866//1866 1851//1851 1849//1849
f 1866//1866 1849//1849 1864//1864
f 1864//1864 1849//1849 1847//1847
f 1864//1864 1847//1847 1862//1862
f 1862//1862 1847//1847 1845//1845
f 1862//1862 1845//1845 1860//1860
f 1860//1860 1845//1845 1843//1843
f 1860//1860 1843//1843 1858//1858
f 1858//1858 1843//1843 1842//1842
f 1858//1858 1842//1842 1841//1841
f 1779//1779 1189//1189 1780//1780
f 1780//1780 1189//1189 1878//1878
f 1780//1780 1878//1878 1781//1781
f 1781//1781 1878//1878 1879//1879
f 1781//1781 1879//1879 1782//1782
f 1782//1782 1879//1879 1880//1880
f 1782//1782 1880//1880 1784//1784
f 1784//1784 1880//1880 1785//1785
f 1775//1775 1778//1778 1777//1777
f 1785//1785 1880//1880 1787//1787
f 1787//1787 1880//1880 1881//1881
f 1787//1787 1881//1881 1789//1789
f 1789//1789 1881//1881 1882//1882
f 1789//1789 1882//1882 1791//1791
f 1791//1791 1882//1882 1883//1883
f 1791//1791 1883//1883 1793//1793
f 1793//1793 1883//1883 1807//1807
f 1793//1793 1807//1807 1795//1795
f 1880//1880 1879//1879 1881//1881
f 1881//1881 1879//1879 1884//1884
f 1881//1881 1884//1884 1882//1882
f 1882//1882 1884//1884 1885//1885
f 1882//1882 1885//1885 1883//1883
f 1883//1883 1885//1885 1805//1805
f 1883//1883 1805//1805 1807//1807
f 1773//1773 1774//1774 1783//1783
f 1884//1884 1879//1879 1878//1878
f 1885//1885 1884//1884 1886//1886
f 1886//1886 1884//1884 1878//1878
f 1886//1886 1878//1878 1189//1189
f 1805//1805 1885//1885 1803//1803
f 1803//1803 1885//1885 1886//1886
f 1803//1803 1886//1886 1802//1802
f 1802//1802 1886//1886 1801//1801
f 1801//1801 1886//1886 1189//1189
f 1475//1475 1442//1442 1887//1887
f 1887//1887 1442//1442 1443//1443
f 1887//1887 1443//1443 1888//1888
f 1888//1888 1443//1443 1444//1444
f 1888//1888 1444//1444 1445//1445
f 1888//1888 1445//1445 1889//1889
f 1889//1889 1445//1445 1446//1446
f 1889//1889 1446//1446 1890//1890
f 1890//1890 1446//1446 1447//1447
f 1890//1890 1447//1447 1891//1891
f 1891//1891 1447//1447 1448//1448
f 1891//1891 1448//1448 1436//1436
f 1891//1891 1436//1436 1892//1892
f 1892//1892 1436//1436 1435//1435
f 1892//1892 1435//1435 1483//1483
f 1892//1892 1483//1483 1893//1893
f 1893//1893 1483//1483 1482//1482
f 1893//1893 1482//1482 1894//1894
f 1894//1894 1482//1482 1485//1485
f 1894//1894 1485//1485 1895//1895
f 1895//1895 1485//1485 1896//1896
f 1895//1895 1896//1896 1897//1897
f 1897//1897 1896//1896 1898//1898
f 1897//1897 1898//1898 1899//1899
f 1899//1899 1898//1898 1900//1900
f 1899//1899 1900//1900 1901//1901
f 1901//1901 1900//1900 1902//1902
f 1901//1901 1902//1902 1903//1903
f 1903//1903 1902//1902 1904//1904
f 1903//1903 1904//1904 1905//1905
f 1905//1905 1904//1904 1906//1906
f 1905//1905 1906//1906 1158//1158
f 1485//1485 1487//1487 1896//1896
f 1896//1896 1487//1487 1907//1907
f 1896//1896 1907//1907 1898//1898
f 1898//1898 1907//1907 1908//1908
f 1898//1898 1908//1908 1900//1900
f 1900//1900 1908//1908 1909//1909
f 1900//1900 1909//1909 1902//1902
f 1902//1902 1909//1909 1910//1910
f 1902//1902 1910//1910 1904//1904
f 1904//1904 1910//1910 1906//1906
f 1487//1487 1489//1489 1907//1907
f 1907//1907 1489//1489 1911//1911
f 1907//1907 1911//1911 1908//1908
f 1908//1908 1911//1911 1912//1912
f 1908//1908 1912//1912 1909//1909
f 1909//1909 1912//1912 1913//1913
f 1909//1909 1913//1913 1910//1910
f 1910//1910 1913//1913 1914//1914
f 1910//1910 1914//1914 1906//1906
f 1489//1489 1516//1516 1911//1911
f 1911//1911 1516//1516 1915//1915
f 1911//1911 1915//1915 1912//1912
f 1912//1912 1915//1915 1916//1916
f 1912//1912 1916//1916 1913//1913
f 1913//1913 1916//1916 1914//1914
f 1516//1516 1514//1514 1915//1915
f 1915//1915 1514//1514 1917//1917
f 1915//1915 1917//1917 1916//1916
f 1916//1916 1917//1917 1914//1914
f 1514//1514 1512//1512 1917//1917
f 1917//1917 1512//1512 1511//1511
f 1917//1917 1511//1511 1914//1914
f 1905//1905 1158//1158 1918//1918
f 1918//1918 1158//1158 1157//1157
f 1918//1918 1157//1157 1156//1156
f 1918//1918 1156//1156 1919//1919
f 1919//1919 1156//1156 1154//1154
f 1919//1919 1154//1154 1920//1920
f 1920//1920 1154//1154 1921//1921
f 1920//1920 1921//1921 1922//1922
f 1922//1922 1921//1921 1923//1923
f 1922//1922 1923//1923 1924//1924
f 1924//1924 1923//1923 1925//1925
f 1924//1924 1925//1925 1926//1926
f 1926//1926 1925//1925 1927//1927
f 1926//1926 1927//1927 1928//1928
f 1928//1928 1927//1927 1929//1929
f 1928//1928 1929//1929 1930//1930
f 1930//1930 1929//1929 1891//1891
f 1930//1930 1891//1891 1892//1892
f 1154//1154 1152//1152 1921//1921
f 1921//1921 1152//1152 1931//1931
f 1921//1921 1931//1931 1923//1923
f 1923//1923 1931//1931 1932//1932
f 1923//1923 1932//1932 1925//1925
f 1925//1925 1932//1932 1933//1933
f 1925//1925 1933//1933 1927//1927
f 1927//1927 1933//1933 1934//1934
f 1927//1927 1934//1934 1929//1929
f 1929//1929 1934//1934 1890//1890
f 1929//1929 1890//1890 1891//1891
f 1152//1152 1151//1151 1931//1931
f 1931//1931 1151//1151 1935//1935
f 1931//1931 1935//1935 1932//1932
f 1932//1932 1935//1935 1936//1936
f 1932//1932 1936//1936 1933//1933
f 1933//1933 1936//1936 1937//1937
f 1933//1933 1937//1937 1934//1934
f 1934//1934 1937//1937 1938//1938
f 1934//1934 1938//1938 1890//1890
f 1890//1890 1938//1938 1889//1889
f 1151//1151 1148//1148 1935//1935
f 1935//1935 1148//1148 1939//1939
f 1935//1935 1939//1939 1936//1936
f 1936//1936 1939//1939 1940//1940
f 1936//1936 1940//1940 1937//1937
f 1937//1937 1940//1940 1941//1941
f 1937//1937 1941//1941 1938//1938
f 1938//1938 1941//1941 1942//1942
f 1938//1938 1942//1942 1889//1889
f 1889//1889 1942//1942 1943//1943
f 1889//1889 1943//1943 1944//1944
f 1944//1944 1943//1943 1945//1945
f 1944//1944 1945//1945 1946//1946
f 1946//1946 1945//1945 1947//1947
f 1946//1946 1947//1947 1517//1517
f 1517//1517 1947//1947 1948//1948
f 1517//1517 1948//1948 1518//1518
f 1518//1518 1948//1948 1949//1949
f 1518//1518 1949//1949 1950//1950
f 1950//1950 1949//1949 1951//1951
f 1950//1950 1951//1951 1952//1952
f 1952//1952 1951//1951 1953//1953
f 1952//1952 1953//1953 1954//1954
f 1954//1954 1953//1953 1955//1955
f 1954//1954 1955//1955 1956//1956
f 1956//1956 1955//1955 1957//1957
f 1956//1956 1957//1957 1958//1958
f 1958//1958 1957//1957 1959//1959
f 1958//1958 1959//1959 1960//1960
f 1960//1960 1959//1959 1961//1961
f 1960//1960 1961//1961 1962//1962
f 1962//1962 1961//1961 1133//1133
f 1962//1962 1133//1133 1131//1131
f 1148//1148 1143//1143 1939//1939
f 1939//1939 1143//1143 1963//1963
f 1939//1939 1963//1963 1940//1940
f 1940//1940 1963//1963 1964//1964
f 1940//1940 1964//1964 1941//1941
f 1941//1941 1964//1964 1965//1965
f 1941//1941 1965//1965 1942//1942
f 1942//1942 1965//1965 1966//1966
f 1942//1942 1966//1966 1943//1943
f 1943//1943 1966//1966 1967//1967
f 1943//1943 1967//1967 1945//1945
f 1945//1945 1967//1967 1968//1968
f 1945//1945 1968//1968 1947//1947
f 1947//1947 1968//1968 1948//1948
f 1143//1143 1138//1138 1963//1963
f 1963//1963 1138//1138 1969//1969
f 1963//1963 1969//1969 1964//1964
f 1964//1964 1969//1969 1970//1970
f 1964//1964 1970//1970 1965//1965
f 1965//1965 1970//1970 1971//1971
f 1965//1965 1971//1971 1966//1966
f 1966//1966 1971//1971 1972//1972
f 1966//1966 1972//1972 1967//1967
f 1967//1967 1972//1972 1973//1973
f 1967//1967 1973//1973 1968//1968
f 1968//1968 1973//1973 1974//1974
f 1968//1968 1974//1974 1948//1948
f 1948//1948 1974//1974 1949//1949
f 1969//1969 1138//1138 1975//1975
f 1975//1975 1138//1138 1136//1136
f 1975//1975 1136//1136 1976//1976
f 1976//1976 1136//1136 1134//1134
f 1976//1976 1134//1134 1977//1977
f 1977//1977 1134//1134 1978//1978
f 1977//1977 1978//1978 1979//1979
f 1979//1979 1978//1978 1980//1980
f 1979//1979 1980//1980 1981//1981
f 1981//1981 1980//1980 1957//1957
f 1981//1981 1957//1957 1955//1955
f 1134//1134 1133//1133 1978//1978
f 1978//1978 1133//1133 1982//1982
f 1978//1978 1982//1982 1980//1980
f 1980//1980 1982//1982 1959//1959
f 1980//1980 1959//1959 1957//1957
f 1871//1871 1983//1983 1131//1131
f 1131//1131 1983//1983 1984//1984
f 1131//1131 1984//1984 1962//1962
f 1962//1962 1984//1984 1985//1985
f 1962//1962 1985//1985 1960//1960
f 1960//1960 1985//1985 1986//1986
f 1960//1960 1986//1986 1958//1958
f 1958//1958 1986//1986 1987//1987
f 1958//1958 1987//1987 1956//1956
f 1956//1956 1987//1987 1988//1988
f 1956//1956 1988//1988 1954//1954
f 1954//1954 1988//1988 1989//1989
f 1954//1954 1989//1989 1952//1952
f 1952//1952 1989//1989 1990//1990
f 1952//1952 1990//1990 1950//1950
f 1950//1950 1990//1990 1518//1518
f 1983//1983 1871//1871 1991//1991
f 1991//1991 1871//1871 1870//1870
f 1991//1991 1870//1870 1992//1992
f 1992//1992 1870//1870 1993//1993
f 1992//1992 1993//1993 1986//1986
f 1986//1986 1993//1993 1987//1987
f 1870//1870 1869//1869 1993//1993
f 1993//1993 1869//1869 1994//1994
f 1993//1993 1994//1994 1987//1987
f 1987//1987 1994//1994 1988//1988
f 1994//1994 1869//1869 1995//1995
f 1995//1995 1869//1869 1855//1855
f 1995//1995 1855//1855 1996//1996
f 1996//1996 1855//1855 1451//1451
f 1996//1996 1451//1451 1990//1990
f 1990//1990 1451//1451 1518//1518
f 1517//1517 1475//1475 1946//1946
f 1946//1946 1475//1475 1997//1997
f 1946//1946 1997//1997 1944//1944
f 1944//1944 1997//1997 1888//1888
f 1944//1944 1888//1888 1889//1889
f 1997//1997 1475//1475 1887//1887
f 1959//1959 1982//1982 1961//1961
f 1961//1961 1982//1982 1133//1133
f 1930//1930 1892//1892 1893//1893
f 1970//1970 1969//1969 1975//1975
f 1970//1970 1975//1975 1998//1998
f 1998//1998 1975//1975 1976//1976
f 1998//1998 1976//1976 1999//1999
f 1999//1999 1976//1976 1977//1977
f 1999//1999 1977//1977 1979//1979
f 1997//1997 1887//1887 1888//1888
f 1930//1930 1893//1893 2000//2000
f 2000//2000 1893//1893 1894//1894
f 2000//2000 1894//1894 2001//2001
f 2001//2001 1894//1894 1895//1895
f 2001//2001 1895//1895 1897//1897
f 1930//1930 2000//2000 1928//1928
f 1928//1928 2000//2000 2002//2002
f 1928//1928 2002//2002 1926//1926
f 1926//1926 2002//2002 2003//2003
f 1926//1926 2003//2003 1924//1924
f 1924//1924 2003//2003 2004//2004
f 1924//1924 2004//2004 1922//1922
f 1922//1922 2004//2004 2005//2005
f 1922//1922 2005//2005 1920//1920
f 1920//1920 2005//2005 1919//1919
f 2002//2002 2000//2000 2001//2001
f 2002//2002 2001//2001 2006//2006
f 2006//2006 2001//2001 1897//1897
f 2006//2006 1897//1897 1899//1899
f 2002//2002 2006//2006 2003//2003
f 2003//2003 2006//2006 2007//2007
f 2003//2003 2007//2007 2004//2004
f 2004//2004 2007//2007 2008//2008
f 2004//2004 2008//2008 2005//2005
f 2005//2005 2008//2008 2009//2009
f 2005//2005 2009//2009 1919//1919
f 1919//1919 2009//2009 1918//1918
f 2007//2007 2006//2006 1899//1899
f 2008//2008 2007//2007 1901//1901
f 1901//1901 2007//2007 1899//1899
f 2009//2009 2008//2008 1903//1903
f 1903//1903 2008//2008 1901//1901
f 1918//1918 2009//2009 1905//1905
f 1905//1905 2009//2009 1903//1903
f 1970//1970 1998//1998 1971//1971
f 1971//1971 1998//1998 2010//2010
f 1971//1971 2010//2010 1972//1972
f 1972//1972 2010//2010 2011//2011
f 1972//1972 2011//2011 1973//1973
f 1973//1973 2011//2011 2012//2012
f 1973//1973 2012//2012 1974//1974
f 1974//1974 2012//2012 1951//1951
f 1974//1974 1951//1951 1949//1949
f 2010//2010 1998//1998 1999//1999
f 2010//2010 1999//1999 2013//2013
f 2013//2013 1999//1999 1979//1979
f 2013//2013 1979//1979 1981//1981
f 2010//2010 2013//2013 2011//2011
f 2011//2011 2013//2013 2014//2014
f 2011//2011 2014//2014 2012//2012
f 2012//2012 2014//2014 1953//1953
f 2012//2012 1953//1953 1951//1951
f 2014//2014 2013//2013 1981//1981
f 1981//1981 1955//1955 2014//2014
f 2014//2014 1955//1955 1953//1953
f 1988//1988 1994//1994 1995//1995
f 1990//1990 1989//1989 1996//1996
f 1996//1996 1989//1989 1995//1995
f 1989//1989 1988//1988 1995//1995
f 1984//1984 1983//1983 1991//1991
f 1986//1986 1985//1985 1992//1992
f 1992//1992 1985//1985 1991//1991
f 1985//1985 1984//1984 1991//1991
f 1158//1158 1906//1906 1701//1701
f 1701//1701 1906//1906 2015//2015
f 1701//1701 2015//2015 1702//1702
f 1702//1702 2015//2015 2016//2016
f 1702//1702 2016//2016 1703//1703
f 1703//1703 2016//2016 1704//1704
f 1704//1704 2016//2016 2017//2017
f 1704//1704 2017//2017 1705//1705
f 1705//1705 2017//2017 1706//1706
f 1706//1706 2017//2017 2018//2018
f 1706//1706 2018//2018 1707//1707
f 1707//1707 2018//2018 2019//2019
f 1707//1707 2019//2019 1598//1598
f 1906//1906 1914//1914 2015//2015
f 2015//2015 1914//1914 2020//2020
f 2015//2015 2020//2020 2016//2016
f 2016//2016 2020//2020 2021//2021
f 2016//2016 2021//2021 2017//2017
f 2017//2017 2021//2021 2022//2022
f 2017//2017 2022//2022 2018//2018
f 2018//2018 2022//2022 2023//2023
f 2018//2018 2023//2023 2024//2024
f 2024//2024 2023//2023 2025//2025
f 2025//2025 2023//2023 1501//1501
f 2025//2025 1501//1501 1499//1499
f 1511//1511 1510//1510 1914//1914
f 1914//1914 1510//1510 2020//2020
f 1510//1510 1509//1509 2020//2020
f 2020//2020 1509//1509 2021//2021
f 1509//1509 1508//1508 2021//2021
f 2021//2021 1508//1508 1506//1506
f 2021//2021 1506//1506 2022//2022
f 2022//2022 1506//1506 1505//1505
f 2022//2022 1505//1505 1503//1503
f 2022//2022 1503//1503 2023//2023
f 2023//2023 1503//1503 1501//1501
f 2024//2024 2019//2019 2018//2018
f 1598//1598 2019//2019 1599//1599
f 1599//1599 2019//2019 1661//1661
f 1661//1661 2019//2019 2024//2024
f 1661//1661 2024//2024 1660//1660
f 1660//1660 2024//2024 2025//2025
f 1660//1660 2025//2025 1652//1652
f 1652//1652 2025//2025 1497//1497
f 1497//1497 2025//2025 1499//1499
f 1398//1398 1401//1401 2026//2026
f 2026//2026 1401//1401 1659//1659
f 2026//2026 1659//1659 2027//2027
f 2027//2027 1659//1659 1658//1658
f 2027//2027 1658//1658 2028//2028
f 2028//2028 1658//1658 1657//1657
f 2028//2028 1657//1657 2029//2029
f 2029//2029 1657//1657 1656//1656
f 2029//2029 1656//1656 1655//1655
f 2029//2029 1655//1655 2030//2030
f 2030//2030 1655//1655 1654//1654
f 2030//2030 1654//1654 2031//2031
f 2031//2031 1654//1654 1653//1653
f 2031//2031 1653//1653 2032//2032
f 2032//2032 1653//1653 1480//1480
f 2032//2032 1480//1480 1479//1479
f 2032//2032 1479//1479 2033//2033
f 2033//2033 1479//1479 1476//1476
f 2033//2033 1476//1476 2034//2034
f 2034//2034 1476//1476 1474//1474
f 2034//2034 1474//1474 2035//2035
f 2035//2035 1474//1474 2036//2036
f 2035//2035 2036//2036 2037//2037
f 1474//1474 1471//1471 2036//2036
f 2035//2035 2037//2037 2038//2038
f 2038//2038 2037//2037 2039//2039
f 2038//2038 2039//2039 2040//2040
f 2040//2040 2039//2039 2041//2041
f 2040//2040 2041//2041 2042//2042
f 2042//2042 2041//2041 2043//2043
f 2042//2042 2043//2043 2044//2044
f 2044//2044 2043//2043 2045//2045
f 2044//2044 2045//2045 2046//2046
f 2046//2046 2045//2045 2047//2047
f 2046//2046 2047//2047 2026//2026
f 2026//2026 2047//2047 1398//1398
f 2041//2041 1542//1542 2043//2043
f 2043//2043 1542//1542 2048//2048
f 2043//2043 2048//2048 2045//2045
f 2045//2045 2048//2048 2049//2049
f 2045//2045 2049//2049 2047//2047
f 2047//2047 2049//2049 1394//1394
f 2047//2047 1394//1394 1398//1398
f 1542//1542 1541//1541 2048//2048
f 2048//2048 1541//1541 2050//2050
f 2048//2048 2050//2050 2049//2049
f 2049//2049 2050//2050 1395//1395
f 2049//2049 1395//1395 1394//1394
f 1541//1541 1396//1396 2050//2050
f 2050//2050 1396//1396 1395//1395
f 2026//2026 2027//2027 2046//2046
f 2046//2046 2027//2027 2051//2051
f 2046//2046 2051//2051 2044//2044
f 2044//2044 2051//2051 2052//2052
f 2044//2044 2052//2052 2042//2042
f 2042//2042 2052//2052 2040//2040
f 2027//2027 2028//2028 2051//2051
f 2051//2051 2028//2028 2053//2053
f 2051//2051 2053//2053 2052//2052
f 2052//2052 2053//2053 2054//2054
f 2052//2052 2054//2054 2040//2040
f 2040//2040 2054//2054 2038//2038
f 2028//2028 2029//2029 2053//2053
f 2053//2053 2029//2029 2055//2055
f 2053//2053 2055//2055 2054//2054
f 2054//2054 2055//2055 2056//2056
f 2054//2054 2056//2056 2038//2038
f 2038//2038 2056//2056 2035//2035
f 2029//2029 2030//2030 2055//2055
f 2055//2055 2030//2030 2057//2057
f 2055//2055 2057//2057 2056//2056
f 2056//2056 2057//2057 2034//2034
f 2056//2056 2034//2034 2035//2035
f 2030//2030 2031//2031 2057//2057
f 2057//2057 2031//2031 2033//2033
f 2057//2057 2033//2033 2034//2034
f 2032//2032 2033//2033 2031//2031
f 1402//1402 2058//2058 1240//1240
f 1240//1240 2058//2058 1734//1734
f 1240//1240 1734//1734 1238//1238
f 2058//2058 1402//1402 2059//2059
f 2059//2059 1402//1402 1403//1403
f 2059//2059 1403//1403 2060//2060
f 2060//2060 1403//1403 1405//1405
f 2060//2060 1405//1405 2061//2061
f 2061//2061 1405//1405 1406//1406
f 2061//2061 1406//1406 1407//1407
f 2061//2061 1407//1407 2062//2062
f 2062//2062 1407//1407 1408//1408
f 2062//2062 1408//1408 2063//2063
f 2063//2063 1408//1408 1409//1409
f 2063//2063 1409//1409 2064//2064
f 2064//2064 1409//1409 1410//1410
f 2064//2064 1410//1410 1601//1601
f 1601//1601 1603//1603 2064//2064
f 2064//2064 1603//1603 2065//2065
f 2064//2064 2065//2065 2063//2063
f 2063//2063 2065//2065 2066//2066
f 2063//2063 2066//2066 2062//2062
f 2062//2062 2066//2066 2067//2067
f 2062//2062 2067//2067 2061//2061
f 2061//2061 2067//2067 2068//2068
f 2061//2061 2068//2068 2060//2060
f 2060//2060 2068//2068 2069//2069
f 2060//2060 2069//2069 2059//2059
f 2059//2059 2069//2069 2070//2070
f 2059//2059 2070//2070 2058//2058
f 2058//2058 2070//2070 2071//2071
f 2058//2058 2071//2071 1735//1735
f 1735//1735 2071//2071 1737//1737
f 1737//1737 2071//2071 2072//2072
f 1737//1737 2072//2072 2073//2073
f 2073//2073 2072//2072 2074//2074
f 2073//2073 2074//2074 2075//2075
f 2075//2075 2074//2074 2076//2076
f 2075//2075 2076//2076 2077//2077
f 2077//2077 2076//2076 2078//2078
f 2077//2077 2078//2078 2079//2079
f 2079//2079 2078//2078 2080//2080
f 2079//2079 2080//2080 2081//2081
f 2081//2081 2080//2080 2082//2082
f 2081//2081 2082//2082 2083//2083
f 2083//2083 2082//2082 2084//2084
f 2084//2084 2082//2082 2085//2085
f 2084//2084 2085//2085 1621//1621
f 1621//1621 2085//2085 1620//1620
f 1620//1620 2085//2085 1619//1619
f 1619//1619 2085//2085 2086//2086
f 1619//1619 2086//2086 1618//1618
f 1618//1618 2086//2086 2087//2087
f 1618//1618 2087//2087 1617//1617
f 1617//1617 2087//2087 2088//2088
f 1617//1617 2088//2088 1615//1615
f 1615//1615 2088//2088 2089//2089
f 1615//1615 2089//2089 1605//1605
f 1605//1605 2089//2089 2090//2090
f 1605//1605 2090//2090 1603//1603
f 1603//1603 2090//2090 2065//2065
f 2081//2081 2083//2083 2091//2091
f 2091//2091 2083//2083 2092//2092
f 2091//2091 2092//2092 2093//2093
f 2093//2093 2092//2092 2094//2094
f 2093//2093 2094//2094 2095//2095
f 2095//2095 2094//2094 2096//2096
f 2095//2095 2096//2096 2097//2097
f 2097//2097 2096//2096 1745//1745
f 2097//2097 1745//1745 1743//1743
f 2094//2094 1449//1449 2096//2096
f 2096//2096 1449//1449 1745//1745
f 2097//2097 1743//1743 2098//2098
f 2098//2098 1743//1743 1741//1741
f 2098//2098 1741//1741 1740//1740
f 2098//2098 1740//1740 2099//2099
f 2099//2099 1740//1740 1738//1738
f 2099//2099 1738//1738 2073//2073
f 2073//2073 1738//1738 1737//1737
f 1735//1735 1734//1734 2058//2058
f 2072//2072 2071//2071 2100//2100
f 2100//2100 2071//2071 2070//2070
f 2100//2100 2070//2070 2101//2101
f 2101//2101 2070//2070 2069//2069
f 2101//2101 2069//2069 2102//2102
f 2102//2102 2069//2069 2068//2068
f 2102//2102 2068//2068 2103//2103
f 2103//2103 2068//2068 2067//2067
f 2103//2103 2067//2067 2104//2104
f 2104//2104 2067//2067 2066//2066
f 2104//2104 2066//2066 2090//2090
f 2090//2090 2066//2066 2065//2065
f 2073//2073 2075//2075 2099//2099
f 2099//2099 2075//2075 2105//2105
f 2099//2099 2105//2105 2098//2098
f 2098//2098 2105//2105 2106//2106
f 2098//2098 2106//2106 2097//2097
f 2097//2097 2106//2106 2095//2095
f 2072//2072 2100//2100 2074//2074
f 2074//2074 2100//2100 2107//2107
f 2074//2074 2107//2107 2076//2076
f 2076//2076 2107//2107 2108//2108
f 2076//2076 2108//2108 2078//2078
f 2078//2078 2108//2108 2109//2109
f 2078//2078 2109//2109 2080//2080
f 2080//2080 2109//2109 2110//2110
f 2080//2080 2110//2110 2082//2082
f 2082//2082 2110//2110 2085//2085
f 2107//2107 2100//2100 2101//2101
f 2075//2075 2077//2077 2105//2105
f 2105//2105 2077//2077 2111//2111
f 2105//2105 2111//2111 2106//2106
f 2106//2106 2111//2111 2093//2093
f 2106//2106 2093//2093 2095//2095
f 2107//2107 2101//2101 2112//2112
f 2112//2112 2101//2101 2102//2102
f 2112//2112 2102//2102 2113//2113
f 2113//2113 2102//2102 2103//2103
f 2113//2113 2103//2103 2114//2114
f 2114//2114 2103//2103 2104//2104
f 2114//2114 2104//2104 2089//2089
f 2089//2089 2104//2104 2090//2090
f 2091//2091 2093//2093 2111//2111
f 2091//2091 2111//2111 2079//2079
f 2079//2079 2111//2111 2077//2077
f 2107//2107 2112//2112 2108//2108
f 2108//2108 2112//2112 2115//2115
f 2108//2108 2115//2115 2109//2109
f 2109//2109 2115//2115 2116//2116
f 2109//2109 2116//2116 2110//2110
f 2110//2110 2116//2116 2086//2086
f 2110//2110 2086//2086 2085//2085
f 2115//2115 2112//2112 2113//2113
f 2081//2081 2091//2091 2079//2079
f 2115//2115 2113//2113 2117//2117
f 2117//2117 2113//2113 2114//2114
f 2117//2117 2114//2114 2088//2088
f 2088//2088 2114//2114 2089//2089
f 2115//2115 2117//2117 2116//2116
f 2116//2116 2117//2117 2087//2087
f 2116//2116 2087//2087 2086//2086
f 2087//2087 2117//2117 2088//2088
f 1519//1519 1521//1521 1623//1623
f 1623//1623 1521//1521 2118//2118
f 1623//1623 2118//2118 1622//1622
f 1622//1622 2118//2118 1621//1621
f 1621//1621 2118//2118 2084//2084
f 2084//2084 2118//2118 2119//2119
f 2084//2084 2119//2119 2083//2083
f 2083//2083 2119//2119 2120//2120
f 2083//2083 2120//2120 2121//2121
f 2121//2121 2120//2120 2122//2122
f 2121//2121 2122//2122 2123//2123
f 2123//2123 2122//2122 2124//2124
f 2123//2123 2124//2124 2125//2125
f 2125//2125 2124//2124 2126//2126
f 2125//2125 2126//2126 2127//2127
f 2127//2127 2126//2126 2128//2128
f 2127//2127 2128//2128 1452//1452
f 1452//1452 2128//2128 1453//1453
f 1521//1521 1523//1523 2118//2118
f 2118//2118 1523//1523 2119//2119
f 1523//1523 1524//1524 2119//2119
f 2119//2119 1524//1524 2120//2120
f 1524//1524 2122//2122 2120//2120
f 1452//1452 1450//1450 2127//2127
f 2127//2127 1450//1450 1449//1449
f 2127//2127 1449//1449 2094//2094
f 2127//2127 2094//2094 2125//2125
f 2125//2125 2094//2094 2092//2092
f 2125//2125 2092//2092 2123//2123
f 2123//2123 2092//2092 2121//2121
f 2092//2092 2083//2083 2121//2121
f 1542//1542 2041//2041 1526//1526
f 1526//1526 2041//2041 2129//2129
f 2129//2129 2041//2041 2039//2039
f 2129//2129 2039//2039 2130//2130
f 2130//2130 2039//2039 2037//2037
f 2130//2130 2037//2037 1468//1468
f 1468//1468 2037//2037 2036//2036
f 1468//1468 2036//2036 1471//1471
f 1526//1526 2129//2129 1528//1528
f 1528//1528 2129//2129 2131//2131
f 1528//1528 2131//2131 1530//1530
f 1530//1530 2131//2131 2132//2132
f 1530//1530 2132//2132 1532//1532
f 1532//1532 2132//2132 2133//2133
f 1532//1532 2133//2133 1534//1534
f 1534//1534 2133//2133 2134//2134
f 1534//1534 2134//2134 1536//1536
f 1536//1536 2134//2134 2135//2135
f 1536//1536 2135//2135 1538//1538
f 1538//1538 2135//2135 2136//2136
f 1538//1538 2136//2136 1540//1540
f 1540//1540 2136//2136 2137//2137
f 1540//1540 2137//2137 1522//1522
f 1522//1522 2137//2137 2138//2138
f 2138//2138 2137//2137 2139//2139
f 2138//2138 2139//2139 2140//2140
f 2140//2140 2139//2139 1454//1454
f 1454//1454 2139//2139 1458//1458
f 1458//1458 2139//2139 2141//2141
f 1458//1458 2141//2141 1462//1462
f 1462//1462 2141//2141 2142//2142
f 1462//1462 2142//2142 1464//1464
f 1464//1464 2142//2142 2143//2143
f 1464//1464 2143//2143 2144//2144
f 2144//2144 2143//2143 2134//2134
f 2144//2144 2134//2134 2133//2133
f 2129//2129 2130//2130 2131//2131
f 2131//2131 2130//2130 2145//2145
f 2131//2131 2145//2145 2132//2132
f 2132//2132 2145//2145 2146//2146
f 2132//2132 2146//2146 2133//2133
f 2133//2133 2146//2146 2144//2144
f 2130//2130 1468//1468 2145//2145
f 2145//2145 1468//1468 1466//1466
f 2145//2145 1466//1466 2146//2146
f 2146//2146 1466//1466 1465//1465
f 2146//2146 1465//1465 2144//2144
f 2144//2144 1465//1465 1464//1464
f 2134//2134 2143//2143 2135//2135
f 2135//2135 2143//2143 2142//2142
f 2135//2135 2142//2142 2136//2136
f 2136//2136 2142//2142 2141//2141
f 2136//2136 2141//2141 2137//2137
f 2137//2137 2141//2141 2139//2139
f 1453//1453 2128//2128 1454//1454
f 1454//1454 2128//2128 2126//2126
f 1454//1454 2126//2126 2140//2140
f 2140//2140 2126//2126 2124//2124
f 2140//2140 2124//2124 2138//2138
f 2138//2138 2124//2124 2122//2122
f 2138//2138 2122//2122 1522//1522
f 1522//1522 2122//2122 1524//1524
f 1116//1116 2147//2147 1110//1110
f 1110//1110 2147//2147 2148//2148
f 1110//1110 2148//2148 2149//2149
f 2147//2147 1116//1116 2150//2150
f 2150//2150 1116//1116 1115//1115
f 2150//2150 1115//1115 2151//2151
f 2151//2151 1115//1115 1114//1114
f 2151//2151 1114//1114 2152//2152
f 2152//2152 1114//1114 2153//2153
f 2153//2153 1114//1114 1108//1108
f 2153//2153 1108//1108 2154//2154
f 2154//2154 1108//1108 1107//1107
f 2154//2154 1107//1107 2155//2155
f 2155//2155 1107//1107 1105//1105
f 2155//2155 1105//1105 2156//2156
f 2156//2156 1105//1105 1103//1103
f 2156//2156 1103//1103 2157//2157
f 2157//2157 1103//1103 2158//2158
f 2158//2158 1103//1103 1102//1102
f 2158//2158 1102//1102 2159//2159
f 2159//2159 1102//1102 1117//1117
f 2159//2159 1117//1117 2160//2160
f 2160//2160 1117//1117 1112//1112
f 2160//2160 1112//1112 2161//2161
f 2161//2161 1112//1112 1111//1111
f 2161//2161 1111//1111 2149//2149
f 2149//2149 1111//1111 1110//1110
f 2162//2162 2163//2163 2164//2164
f 2164//2164 2163//2163 2165//2165
f 2164//2164 2165//2165 2166//2166
f 2162//2162 2167//2167 2163//2163
f 2163//2163 2167//2167 2168//2168
f 2164//2164 2166//2166 2169//2169
f 2169//2169 2166//2166 2170//2170
f 2169//2169 2170//2170 2158//2158
f 2158//2158 2170//2170 2157//2157
f 2157//2157 2170//2170 2156//2156
f 2158//2158 2159//2159 2169//2169
f 2169//2169 2159//2159 2171//2171
f 2171//2171 2159//2159 2160//2160
f 2171//2171 2160//2160 2172//2172
f 2172//2172 2160//2160 2173//2173
f 2172//2172 2173//2173 2174//2174
f 2173//2173 2160//2160 2175//2175
f 2175//2175 2160//2160 2161//2161
f 2175//2175 2161//2161 2176//2176
f 2176//2176 2161//2161 2149//2149
f 2176//2176 2149//2149 2177//2177
f 2177//2177 2149//2149 2148//2148
f 2175//2175 2176//2176 2178//2178
f 2178//2178 2176//2176 2179//2179
f 2178//2178 2179//2179 2180//2180
f 2180//2180 2179//2179 2181//2181
f 2180//2180 2181//2181 2182//2182
f 2182//2182 2181//2181 2183//2183
f 2182//2182 2183//2183 2184//2184
f 2184//2184 2183//2183 2185//2185
f 2185//2185 2183//2183 2186//2186
f 2185//2185 2186//2186 2187//2187
f 2187//2187 2186//2186 2188//2188
f 2187//2187 2188//2188 2189//2189
f 2189//2189 2188//2188 2190//2190
f 2189//2189 2190//2190 2191//2191
f 2191//2191 2190//2190 2192//2192
f 2191//2191 2192//2192 2193//2193
f 2193//2193 2194//2194 2191//2191
f 2191//2191 2194//2194 2195//2195
f 2195//2195 2194//2194 2196//2196
f 2195//2195 2196//2196 2197//2197
f 2197//2197 2196//2196 2198//2198
f 2197//2197 2198//2198 2199//2199
f 2199//2199 2198//2198 2200//2200
f 2199//2199 2200//2200 2201//2201
f 2201//2201 2200//2200 2202//2202
f 2201//2201 2202//2202 2203//2203
f 2203//2203 2202//2202 2204//2204
f 2203//2203 2204//2204 2205//2205
f 2205//2205 2204//2204 2206//2206
f 2205//2205 2206//2206 2207//2207
f 2207//2207 2206//2206 2182//2182
f 2207//2207 2182//2182 2184//2184
f 2208//2208 2209//2209 2174//2174
f 2174//2174 2209//2209 2172//2172
f 2210//2210 2211//2211 2169//2169
f 2169//2169 2211//2211 2212//2212
f 2169//2169 2212//2212 2213//2213
f 2214//2214 2215//2215 2210//2210
f 2210//2210 2215//2215 2216//2216
f 2210//2210 2216//2216 2211//2211
f 2215//2215 2214//2214 2217//2217
f 2217//2217 2214//2214 2218//2218
f 2217//2217 2218//2218 2219//2219
f 2219//2219 2220//2220 2217//2217
f 2217//2217 2220//2220 2221//2221
f 2221//2221 2220//2220 2222//2222
f 2221//2221 2222//2222 2223//2223
f 2164//2164 2224//2224 2223//2223
f 2223//2223 2224//2224 2225//2225
f 2223//2223 2225//2225 2226//2226
f 2226//2226 2221//2221 2223//2223
f 2213//2213 2227//2227 2169//2169
f 2169//2169 2227//2227 2164//2164
f 2227//2227 2228//2228 2164//2164
f 2164//2164 2228//2228 2224//2224
f 2229//2229 2230//2230 2231//2231
f 2231//2231 2230//2230 2232//2232
f 2231//2231 2232//2232 2233//2233
f 2229//2229 1631//1631 2230//2230
f 2234//2234 2235//2235 2236//2236
f 2236//2236 2235//2235 2237//2237
f 2236//2236 2237//2237 2238//2238
f 2238//2238 2237//2237 2239//2239
f 2238//2238 2239//2239 2240//2240
f 2240//2240 2239//2239 2241//2241
f 2240//2240 2241//2241 2242//2242
f 2242//2242 2241//2241 2243//2243
f 2242//2242 2243//2243 2244//2244
f 2244//2244 2243//2243 2245//2245
f 2244//2244 2245//2245 2246//2246
f 2246//2246 2245//2245 2247//2247
f 2246//2246 2247//2247 2248//2248
f 2248//2248 2247//2247 2249//2249
f 2248//2248 2249//2249 2231//2231
f 2231//2231 2249//2249 2229//2229
f 2250//2250 2251//2251 2234//2234
f 2234//2234 2251//2251 2235//2235
f 2235//2235 2251//2251 1311//1311
f 2224//2224 2252//2252 2225//2225
f 2225//2225 2252//2252 2253//2253
f 2225//2225 2253//2253 2226//2226
f 2226//2226 2253//2253 2254//2254
f 2226//2226 2254//2254 2221//2221
f 2221//2221 2254//2254 2255//2255
f 2221//2221 2255//2255 2217//2217
f 2217//2217 2255//2255 2256//2256
f 2217//2217 2256//2256 2215//2215
f 2215//2215 2256//2256 2257//2257
f 2215//2215 2257//2257 2216//2216
f 2216//2216 2257//2257 2258//2258
f 2216//2216 2258//2258 2211//2211
f 2211//2211 2258//2258 2259//2259
f 2211//2211 2259//2259 2212//2212
f 2212//2212 2259//2259 2260//2260
f 2212//2212 2260//2260 2213//2213
f 2213//2213 2260//2260 2261//2261
f 2213//2213 2261//2261 2227//2227
f 2227//2227 2261//2261 2262//2262
f 2227//2227 2262//2262 2228//2228
f 2228//2228 2262//2262 2263//2263
f 2228//2228 2263//2263 2224//2224
f 2224//2224 2263//2263 2252//2252
f 1420//1420 1322//1322 1422//1422
f 1422//1422 1322//1322 1424//1424
f 1424//1424 1322//1322 1321//1321
f 2264//2264 2265//2265 2266//2266
f 2266//2266 2265//2265 2267//2267
f 2266//2266 2267//2267 1582//1582
f 1582//1582 1581//1581 2266//2266
f 2268//2268 2266//2266 2269//2269
f 2269//2269 2266//2266 1581//1581
f 2269//2269 1581//1581 2270//2270
f 2270//2270 1581//1581 2271//2271
f 2271//2271 1581//1581 1577//1577
f 2271//2271 1577//1577 1575//1575
f 2271//2271 1575//1575 2272//2272
f 2272//2272 1575//1575 1573//1573
f 2272//2272 1573//1573 2273//2273
f 2273//2273 1573//1573 1571//1571
f 2273//2273 1571//1571 2274//2274
f 2274//2274 1571//1571 1570//1570
f 2274//2274 1570//1570 2275//2275
f 2275//2275 1570//1570 1567//1567
f 2275//2275 1567//1567 2276//2276
f 2276//2276 1567//1567 1565//1565
f 2276//2276 1565//1565 1563//1563
f 2276//2276 1563//1563 2277//2277
f 2277//2277 1563//1563 1561//1561
f 2277//2277 1561//1561 2278//2278
f 2278//2278 1561//1561 1559//1559
f 2278//2278 1559//1559 2279//2279
f 2279//2279 1559//1559 1557//1557
f 2279//2279 1557//1557 2280//2280
f 2280//2280 1557//1557 1556//1556
f 2280//2280 1556//1556 2281//2281
f 2281//2281 1556//1556 1315//1315
f 2281//2281 1315//1315 2282//2282
f 2282//2282 1315//1315 1312//1312
f 2282//2282 1312//1312 2283//2283
f 2282//2282 2283//2283 2284//2284
f 2284//2284 2283//2283 2285//2285
f 2284//2284 2285//2285 2286//2286
f 2286//2286 2285//2285 2287//2287
f 2286//2286 2287//2287 2288//2288
f 2286//2286 2288//2288 2289//2289
f 2289//2289 2288//2288 2290//2290
f 2289//2289 2290//2290 2291//2291
f 2291//2291 2290//2290 2292//2292
f 2291//2291 2292//2292 2293//2293
f 2291//2291 2293//2293 2294//2294
f 2294//2294 2293//2293 2295//2295
f 2294//2294 2295//2295 2296//2296
f 2296//2296 2295//2295 2297//2297
f 2296//2296 2297//2297 2298//2298
f 2296//2296 2298//2298 2299//2299
f 2299//2299 2298//2298 2268//2268
f 2299//2299 2268//2268 2269//2269
f 2300//2300 2208//2208 2285//2285
f 2285//2285 2208//2208 2174//2174
f 2285//2285 2174//2174 2287//2287
f 2287//2287 2174//2174 2173//2173
f 2287//2287 2173//2173 2288//2288
f 2288//2288 2173//2173 2175//2175
f 2288//2288 2175//2175 2290//2290
f 2290//2290 2175//2175 2178//2178
f 2290//2290 2178//2178 2292//2292
f 2292//2292 2178//2178 2293//2293
f 2293//2293 2178//2178 2180//2180
f 2293//2293 2180//2180 2295//2295
f 2295//2295 2180//2180 2182//2182
f 2295//2295 2182//2182 2297//2297
f 2297//2297 2182//2182 2206//2206
f 2297//2297 2206//2206 2298//2298
f 2298//2298 2206//2206 2204//2204
f 2298//2298 2204//2204 2268//2268
f 2268//2268 2204//2204 2202//2202
f 2268//2268 2202//2202 2301//2301
f 2301//2301 2302//2302 2268//2268
f 2268//2268 2302//2302 2266//2266
f 2266//2266 2302//2302 2303//2303
f 2266//2266 2303//2303 2264//2264
f 2285//2285 2283//2283 2300//2300
f 2300//2300 2283//2283 2304//2304
f 2304//2304 2283//2283 2305//2305
f 2305//2305 2283//2283 2306//2306
f 2306//2306 2283//2283 1312//1312
f 2306//2306 1312//1312 2307//2307
f 2307//2307 1312//1312 2308//2308
f 2308//2308 1312//1312 2309//2309
f 2309//2309 1312//1312 1307//1307
f 249//249 2296//2296 248//248
f 248//248 2296//2296 2299//2299
f 248//248 2299//2299 268//268
f 268//268 2299//2299 2269//2269
f 268//268 2269//2269 267//267
f 267//267 2269//2269 2270//2270
f 267//267 2270//2270 266//266
f 266//266 2270//2270 2271//2271
f 266//266 2271//2271 265//265
f 265//265 2271//2271 2272//2272
f 265//265 2272//2272 264//264
f 264//264 2272//2272 2273//2273
f 264//264 2273//2273 263//263
f 263//263 2273//2273 2274//2274
f 263//263 2274//2274 262//262
f 262//262 2274//2274 2275//2275
f 262//262 2275//2275 261//261
f 261//261 2275//2275 2276//2276
f 261//261 2276//2276 260//260
f 260//260 2276//2276 2277//2277
f 260//260 2277//2277 259//259
f 259//259 2277//2277 2278//2278
f 259//259 2278//2278 258//258
f 258//258 2278//2278 2279//2279
f 258//258 2279//2279 257//257
f 257//257 2279//2279 2280//2280
f 257//257 2280//2280 256//256
f 256//256 2280//2280 2281//2281
f 256//256 2281//2281 255//255
f 255//255 2281//2281 2282//2282
f 255//255 2282//2282 254//254
f 254//254 2282//2282 2284//2284
f 254//254 2284//2284 253//253
f 253//253 2284//2284 2286//2286
f 253//253 2286//2286 252//252
f 252//252 2286//2286 2289//2289
f 252//252 2289//2289 251//251
f 251//251 2289//2289 2291//2291
f 251//251 2291//2291 250//250
f 250//250 2291//2291 2294//2294
f 250//250 2294//2294 249//249
f 249//249 2294//2294 2296//2296
f 483//483 484//484 499//499
f 499//499 484//484 485//485
f 499//499 485//485 486//486
f 486//486 487//487 499//499
f 499//499 487//487 488//488
f 499//499 488//488 489//489
f 489//489 490//490 499//499
f 499//499 490//490 498//498
f 498//498 490//490 491//491
f 498//498 491//491 497//497
f 497//497 491//491 492//492
f 497//497 492//492 496//496
f 496//496 492//492 493//493
f 496//496 493//493 495//495
f 495//495 493//493 494//494
f 500//500 501//501 499//499
f 499//499 501//501 502//502
f 499//499 502//502 503//503
f 503//503 483//483 499//499
f 1181//1181 2310//2310 1184//1184
f 1184//1184 2310//2310 2311//2311
f 1184//1184 2311//2311 2312//2312
f 2312//2312 2311//2311 2313//2313
f 2313//2313 2311//2311 2314//2314
f 2313//2313 2314//2314 2315//2315
f 2315//2315 2314//2314 2316//2316
f 2316//2316 2314//2314 2317//2317
f 2316//2316 2317//2317 2318//2318
f 2318//2318 2317//2317 2319//2319
f 2318//2318 2319//2319 2267//2267
f 2267//2267 2319//2319 2320//2320
f 2267//2267 2320//2320 2321//2321
f 2310//2310 1181//1181 2322//2322
f 2322//2322 1181//1181 1177//1177
f 2322//2322 1177//1177 2323//2323
f 2323//2323 1177//1177 1176//1176
f 2323//2323 1176//1176 1425//1425
f 1425//1425 1176//1176 1175//1175
f 1425//1425 1175//1175 1760//1760
f 1590//1590 2324//2324 1425//1425
f 1425//1425 2324//2324 2325//2325
f 1425//1425 2325//2325 2323//2323
f 2324//2324 1590//1590 2326//2326
f 2326//2326 1590//1590 1587//1587
f 2326//2326 1587//1587 2321//2321
f 2321//2321 1587//1587 1585//1585
f 2321//2321 1585//1585 2267//2267
f 2267//2267 1585//1585 1583//1583
f 2267//2267 1583//1583 1582//1582
f 1321//1321 1320//1320 1427//1427
f 1427//1427 1320//1320 1429//1429
f 1429//1429 1320//1320 1431//1431
f 1185//1185 1184//1184 2327//2327
f 2327//2327 1184//1184 2312//2312
f 2327//2327 2312//2312 2313//2313
f 2315//2315 2328//2328 2313//2313
f 2313//2313 2328//2328 2329//2329
f 2313//2313 2329//2329 2327//2327
f 2315//2315 2316//2316 2328//2328
f 2328//2328 2316//2316 2330//2330
f 2330//2330 2316//2316 2318//2318
f 2330//2330 2318//2318 2331//2331
f 2331//2331 2318//2318 2267//2267
f 2331//2331 2267//2267 2265//2265
f 2332//2332 1069//1069 1632//1632
f 1632//1632 1069//1069 1065//1065
f 1069//1069 2332//2332 1073//1073
f 1073//1073 2332//2332 2333//2333
f 1073//1073 2333//2333 1076//1076
f 1076//1076 2333//2333 2334//2334
f 1076//1076 2334//2334 1085//1085
f 1085//1085 2334//2334 2335//2335
f 1085//1085 2335//2335 1087//1087
f 1087//1087 2335//2335 2336//2336
f 1087//1087 2336//2336 1086//1086
f 1086//1086 2336//2336 2337//2337
f 1086//1086 2337//2337 1084//1084
f 1084//1084 2337//2337 2338//2338
f 1084//1084 2338//2338 1077//1077
f 1077//1077 2338//2338 2339//2339
f 1077//1077 2339//2339 1078//1078
f 1078//1078 2339//2339 2340//2340
f 1078//1078 2340//2340 1066//1066
f 1066//1066 2340//2340 1310//1310
f 2341//2341 1071//1071 2342//2342
f 2342//2342 1071//1071 1070//1070
f 2342//2342 1070//1070 2343//2343
f 2343//2343 1070//1070 1075//1075
f 2343//2343 1075//1075 2344//2344
f 2344//2344 1075//1075 1074//1074
f 2344//2344 1074//1074 2345//2345
f 2345//2345 1074//1074 1079//1079
f 2345//2345 1079//1079 2346//2346
f 2346//2346 1079//1079 1080//1080
f 2346//2346 1080//1080 2347//2347
f 2347//2347 1080//1080 1081//1081
f 2347//2347 1081//1081 2348//2348
f 2348//2348 1081//1081 1082//1082
f 2348//2348 1082//1082 2349//2349
f 2349//2349 1082//1082 1083//1083
f 2349//2349 1083//1083 2350//2350
f 2350//2350 1083//1083 1068//1068
f 2350//2350 1068//1068 2351//2351
f 2351//2351 1068//1068 1067//1067
f 2351//2351 1067//1067 2352//2352
f 2352//2352 1067//1067 1072//1072
f 2352//2352 1072//1072 2341//2341
f 2341//2341 1072//1072 1071//1071
f 1310//1310 2340//2340 2353//2353
f 2353//2353 2340//2340 2348//2348
f 2353//2353 2348//2348 2349//2349
f 2339//2339 2346//2346 2340//2340
f 2340//2340 2346//2346 2347//2347
f 2340//2340 2347//2347 2348//2348
f 2346//2346 2339//2339 2345//2345
f 2345//2345 2339//2339 2338//2338
f 2345//2345 2338//2338 2337//2337
f 2337//2337 2336//2336 2345//2345
f 2345//2345 2336//2336 2335//2335
f 2345//2345 2335//2335 2334//2334
f 2345//2345 2334//2334 2344//2344
f 2344//2344 2334//2334 2333//2333
f 2344//2344 2333//2333 2332//2332
f 1632//1632 2342//2342 2332//2332
f 2332//2332 2342//2342 2343//2343
f 2332//2332 2343//2343 2344//2344
f 2354//2354 2352//2352 1632//1632
f 1632//1632 2352//2352 2341//2341
f 1632//1632 2341//2341 2342//2342
f 2353//2353 2350//2350 2354//2354
f 2354//2354 2350//2350 2351//2351
f 2354//2354 2351//2351 2352//2352
f 2349//2349 2350//2350 2353//2353
f 1311//1311 2355//2355 2235//2235
f 2235//2235 2355//2355 2259//2259
f 2235//2235 2259//2259 2258//2258
f 2356//2356 2261//2261 2355//2355
f 2355//2355 2261//2261 2260//2260
f 2355//2355 2260//2260 2259//2259
f 1631//1631 2263//2263 2356//2356
f 2356//2356 2263//2263 2262//2262
f 2356//2356 2262//2262 2261//2261
f 2229//2229 2253//2253 1631//1631
f 1631//1631 2253//2253 2252//2252
f 1631//1631 2252//2252 2263//2263
f 2249//2249 2255//2255 2229//2229
f 2229//2229 2255//2255 2254//2254
f 2229//2229 2254//2254 2253//2253
f 2249//2249 2247//2247 2255//2255
f 2255//2255 2247//2247 2256//2256
f 2256//2256 2247//2247 2245//2245
f 2256//2256 2245//2245 2243//2243
f 2243//2243 2241//2241 2256//2256
f 2256//2256 2241//2241 2239//2239
f 2256//2256 2239//2239 2237//2237
f 2256//2256 2237//2237 2257//2257
f 2257//2257 2237//2237 2235//2235
f 2257//2257 2235//2235 2258//2258
f 1632//1632 1631//1631 2354//2354
f 2354//2354 1631//1631 2356//2356
f 2354//2354 2356//2356 2353//2353
f 2353//2353 2356//2356 2355//2355
f 2353//2353 2355//2355 1310//1310
f 1310//1310 2355//2355 1311//1311
f 1221//1221 1219//1219 2357//2357
f 2357//2357 1219//1219 1217//1217
f 2357//2357 1217//1217 1214//1214
f 1214//1214 1212//1212 2357//2357
f 2357//2357 1212//1212 1210//1210
f 2357//2357 1210//1210 1206//1206
f 2357//2357 1206//1206 2358//2358
f 2358//2358 1206//1206 1198//1198
f 2358//2358 1198//1198 2359//2359
f 2359//2359 1198//1198 2360//2360
f 2360//2360 1198//1198 1196//1196
f 2360//2360 1196//1196 1195//1195
f 1195//1195 1194//1194 2360//2360
f 2360//2360 1194//1194 1193//1193
f 2360//2360 1193//1193 1192//1192
f 1192//1192 1202//1202 2360//2360
f 2360//2360 1202//1202 1203//1203
f 2360//2360 1203//1203 1594//1594
f 1594//1594 1203//1203 1204//1204
f 1594//1594 1204//1204 1205//1205
f 2358//2358 2359//2359 2361//2361
f 2361//2361 2359//2359 2362//2362
f 2361//2361 2362//2362 2363//2363
f 2363//2363 2362//2362 2364//2364
f 2364//2364 2362//2362 2365//2365
f 2365//2365 2362//2362 2366//2366
f 2365//2365 2366//2366 2367//2367
f 2367//2367 2366//2366 2368//2368
f 2367//2367 2368//2368 2369//2369
f 2369//2369 2368//2368 2163//2163
f 2369//2369 2163//2163 2168//2168
f 2317//2317 2197//2197 2319//2319
f 2319//2319 2197//2197 2199//2199
f 2319//2319 2199//2199 2320//2320
f 2320//2320 2199//2199 2201//2201
f 2320//2320 2201//2201 2321//2321
f 2321//2321 2201//2201 2203//2203
f 2321//2321 2203//2203 2326//2326
f 2326//2326 2203//2203 2205//2205
f 2326//2326 2205//2205 2324//2324
f 2324//2324 2205//2205 2207//2207
f 2324//2324 2207//2207 2325//2325
f 2325//2325 2207//2207 2184//2184
f 2325//2325 2184//2184 2323//2323
f 2323//2323 2184//2184 2185//2185
f 2323//2323 2185//2185 2322//2322
f 2322//2322 2185//2185 2187//2187
f 2322//2322 2187//2187 2310//2310
f 2310//2310 2187//2187 2189//2189
f 2310//2310 2189//2189 2311//2311
f 2311//2311 2189//2189 2191//2191
f 2311//2311 2191//2191 2314//2314
f 2314//2314 2191//2191 2195//2195
f 2314//2314 2195//2195 2317//2317
f 2317//2317 2195//2195 2197//2197
f 1595//1595 2370//2370 1594//1594
f 1594//1594 2370//2370 2371//2371
f 1594//1594 2371//2371 2372//2372
f 2372//2372 2371//2371 1595//1595
f 2372//2372 1595//1595 2373//2373
f 2373//2373 1595//1595 2374//2374
f 2373//2373 2374//2374 2375//2375
f 2375//2375 2374//2374 2376//2376
f 2375//2375 2376//2376 1593//1593
f 1593//1593 2376//2376 2377//2377
f 1593//1593 2377//2377 1595//1595
f 1595//1595 2377//2377 2374//2374
f 1592//1592 2378//2378 1593//1593
f 1593//1593 2378//2378 2379//2379
f 1593//1593 2379//2379 2380//2380
f 2380//2380 2379//2379 1592//1592
f 2380//2380 1592//1592 2381//2381
f 2381//2381 1592//1592 2382//2382
f 2381//2381 2382//2382 2383//2383
f 2383//2383 2382//2382 1592//1592
f 2383//2383 1592//1592 1591//1591
f 1043//1043 2384//2384 1591//1591
f 1591//1591 2384//2384 2385//2385
f 1591//1591 2385//2385 2386//2386
f 2386//2386 2385//2385 1043//1043
f 2386//2386 1043//1043 1118//1118
f 1119//1119 2387//2387 1118//1118
f 1118//1118 2387//2387 2388//2388
f 1118//1118 2388//2388 2386//2386
f 2386//2386 2388//2388 2389//2389
f 2386//2386 2389//2389 2390//2390
f 2390//2390 2389//2389 2391//2391
f 2390//2390 2391//2391 2392//2392
f 2392//2392 2391//2391 2393//2393
f 2392//2392 2393//2393 2380//2380
f 2380//2380 2393//2393 2394//2394
f 2380//2380 2394//2394 2395//2395
f 2395//2395 2394//2394 2396//2396
f 2395//2395 2396//2396 2373//2373
f 2373//2373 2396//2396 2397//2397
f 2373//2373 2397//2397 2372//2372
f 2372//2372 2397//2397 1594//1594
f 1123//1123 2398//2398 1119//1119
f 1119//1119 2398//2398 2399//2399
f 1119//1119 2399//2399 2387//2387
f 2387//2387 2399//2399 2400//2400
f 2387//2387 2400//2400 2401//2401
f 2401//2401 2400//2400 2402//2402
f 2401//2401 2402//2402 2403//2403
f 2403//2403 2402//2402 2404//2404
f 2403//2403 2404//2404 2405//2405
f 2405//2405 2404//2404 2406//2406
f 2405//2405 2406//2406 2407//2407
f 2407//2407 2406//2406 2408//2408
f 2407//2407 2408//2408 2409//2409
f 2409//2409 2408//2408 2410//2410
f 2409//2409 2410//2410 2411//2411
f 2411//2411 2410//2410 2360//2360
f 2411//2411 2360//2360 2397//2397
f 2397//2397 2360//2360 1594//1594
f 1125//1125 2412//2412 1123//1123
f 1123//1123 2412//2412 2413//2413
f 1123//1123 2413//2413 2414//2414
f 2414//2414 2413//2413 2415//2415
f 2414//2414 2415//2415 2416//2416
f 2416//2416 2415//2415 2417//2417
f 2416//2416 2417//2417 2418//2418
f 2418//2418 2417//2417 2419//2419
f 2418//2418 2419//2419 2420//2420
f 2420//2420 2419//2419 2421//2421
f 2420//2420 2421//2421 2422//2422
f 2422//2422 2421//2421 2423//2423
f 2422//2422 2423//2423 2424//2424
f 2424//2424 2423//2423 2425//2425
f 2424//2424 2425//2425 2426//2426
f 2426//2426 2425//2425 2359//2359
f 2426//2426 2359//2359 2360//2360
f 1127//1127 2427//2427 1125//1125
f 1125//1125 2427//2427 2428//2428
f 1125//1125 2428//2428 2429//2429
f 2429//2429 2428//2428 2430//2430
f 2429//2429 2430//2430 2431//2431
f 2431//2431 2430//2430 2432//2432
f 2431//2431 2432//2432 2433//2433
f 2433//2433 2432//2432 2434//2434
f 2433//2433 2434//2434 2435//2435
f 2435//2435 2434//2434 2436//2436
f 2435//2435 2436//2436 2437//2437
f 2437//2437 2436//2436 2438//2438
f 2437//2437 2438//2438 2439//2439
f 2439//2439 2438//2438 2440//2440
f 2439//2439 2440//2440 2441//2441
f 2441//2441 2440//2440 2362//2362
f 2441//2441 2362//2362 2359//2359
f 1160//1160 2442//2442 1127//1127
f 1127//1127 2442//2442 2443//2443
f 1127//1127 2443//2443 2427//2427
f 2427//2427 2443//2443 2444//2444
f 2427//2427 2444//2444 2445//2445
f 2445//2445 2444//2444 2446//2446
f 2445//2445 2446//2446 2447//2447
f 2447//2447 2446//2446 2448//2448
f 2447//2447 2448//2448 2449//2449
f 2449//2449 2448//2448 2450//2450
f 2449//2449 2450//2450 2451//2451
f 2451//2451 2450//2450 2452//2452
f 2451//2451 2452//2452 2453//2453
f 2453//2453 2452//2452 2454//2454
f 2453//2453 2454//2454 2455//2455
f 2455//2455 2454//2454 2366//2366
f 2455//2455 2366//2366 2362//2362
f 2442//2442 1160//1160 2456//2456
f 2456//2456 1160//1160 1161//1161
f 2456//2456 1161//1161 2457//2457
f 2456//2456 2457//2457 2458//2458
f 2458//2458 2457//2457 2459//2459
f 2458//2458 2459//2459 2460//2460
f 2460//2460 2459//2459 2461//2461
f 2460//2460 2461//2461 2462//2462
f 2462//2462 2461//2461 2463//2463
f 2462//2462 2463//2463 2446//2446
f 2446//2446 2463//2463 2448//2448
f 2459//2459 2464//2464 2461//2461
f 2461//2461 2464//2464 2465//2465
f 2461//2461 2465//2465 2463//2463
f 2463//2463 2465//2465 2466//2466
f 2463//2463 2466//2466 2448//2448
f 2448//2448 2466//2466 2450//2450
f 2465//2465 2464//2464 2467//2467
f 2467//2467 2464//2464 2468//2468
f 2467//2467 2468//2468 2163//2163
f 2467//2467 2163//2163 2469//2469
f 2469//2469 2163//2163 2368//2368
f 2469//2469 2368//2368 2470//2470
f 2470//2470 2368//2368 2366//2366
f 2470//2470 2366//2366 2454//2454
f 1595//1595 2371//2371 2370//2370
f 2360//2360 2410//2410 2471//2471
f 2471//2471 2410//2410 2408//2408
f 2471//2471 2408//2408 2472//2472
f 2472//2472 2408//2408 2406//2406
f 2472//2472 2406//2406 2473//2473
f 2473//2473 2406//2406 2404//2404
f 2473//2473 2404//2404 2474//2474
f 2474//2474 2404//2404 2402//2402
f 2474//2474 2402//2402 2475//2475
f 2475//2475 2402//2402 2400//2400
f 2475//2475 2400//2400 2476//2476
f 2476//2476 2400//2400 2399//2399
f 2476//2476 2399//2399 2398//2398
f 2360//2360 2471//2471 2426//2426
f 2426//2426 2471//2471 2472//2472
f 2426//2426 2472//2472 2424//2424
f 2424//2424 2472//2472 2473//2473
f 2424//2424 2473//2473 2422//2422
f 2422//2422 2473//2473 2474//2474
f 2422//2422 2474//2474 2420//2420
f 2420//2420 2474//2474 2475//2475
f 2420//2420 2475//2475 2418//2418
f 2418//2418 2475//2475 2476//2476
f 2418//2418 2476//2476 2416//2416
f 2416//2416 2476//2476 2398//2398
f 2416//2416 2398//2398 2414//2414
f 2414//2414 2398//2398 1123//1123
f 2359//2359 2425//2425 2477//2477
f 2477//2477 2425//2425 2423//2423
f 2477//2477 2423//2423 2478//2478
f 2478//2478 2423//2423 2421//2421
f 2478//2478 2421//2421 2479//2479
f 2479//2479 2421//2421 2419//2419
f 2479//2479 2419//2419 2480//2480
f 2480//2480 2419//2419 2417//2417
f 2480//2480 2417//2417 2481//2481
f 2481//2481 2417//2417 2415//2415
f 2481//2481 2415//2415 2482//2482
f 2482//2482 2415//2415 2413//2413
f 2482//2482 2413//2413 2412//2412
f 2359//2359 2477//2477 2441//2441
f 2441//2441 2477//2477 2478//2478
f 2441//2441 2478//2478 2439//2439
f 2439//2439 2478//2478 2479//2479
f 2439//2439 2479//2479 2437//2437
f 2437//2437 2479//2479 2480//2480
f 2437//2437 2480//2480 2435//2435
f 2435//2435 2480//2480 2481//2481
f 2435//2435 2481//2481 2433//2433
f 2433//2433 2481//2481 2482//2482
f 2433//2433 2482//2482 2431//2431
f 2431//2431 2482//2482 2412//2412
f 2431//2431 2412//2412 2429//2429
f 2429//2429 2412//2412 1125//1125
f 2362//2362 2440//2440 2455//2455
f 2455//2455 2440//2440 2438//2438
f 2455//2455 2438//2438 2453//2453
f 2453//2453 2438//2438 2436//2436
f 2453//2453 2436//2436 2451//2451
f 2451//2451 2436//2436 2434//2434
f 2451//2451 2434//2434 2449//2449
f 2449//2449 2434//2434 2432//2432
f 2449//2449 2432//2432 2447//2447
f 2447//2447 2432//2432 2430//2430
f 2447//2447 2430//2430 2445//2445
f 2445//2445 2430//2430 2428//2428
f 2445//2445 2428//2428 2427//2427
f 2381//2381 2383//2383 2483//2483
f 2483//2483 2383//2383 1591//1591
f 2483//2483 1591//1591 2390//2390
f 2390//2390 1591//1591 2386//2386
f 1592//1592 2379//2379 2378//2378
f 2374//2374 2377//2377 2376//2376
f 2380//2380 2395//2395 1593//1593
f 1593//1593 2395//2395 2375//2375
f 1043//1043 2385//2385 2384//2384
f 2389//2389 2388//2388 2401//2401
f 2401//2401 2388//2388 2387//2387
f 2391//2391 2389//2389 2403//2403
f 2403//2403 2389//2389 2401//2401
f 2393//2393 2391//2391 2405//2405
f 2405//2405 2391//2391 2403//2403
f 2394//2394 2393//2393 2407//2407
f 2407//2407 2393//2393 2405//2405
f 2396//2396 2394//2394 2409//2409
f 2409//2409 2394//2394 2407//2407
f 2397//2397 2396//2396 2411//2411
f 2411//2411 2396//2396 2409//2409
f 2444//2444 2443//2443 2484//2484
f 2484//2484 2443//2443 2442//2442
f 2484//2484 2442//2442 2458//2458
f 2458//2458 2442//2442 2456//2456
f 2446//2446 2444//2444 2462//2462
f 2462//2462 2444//2444 2484//2484
f 2462//2462 2484//2484 2460//2460
f 2460//2460 2484//2484 2458//2458
f 2452//2452 2450//2450 2485//2485
f 2485//2485 2450//2450 2466//2466
f 2485//2485 2466//2466 2467//2467
f 2467//2467 2466//2466 2465//2465
f 2454//2454 2452//2452 2470//2470
f 2470//2470 2452//2452 2485//2485
f 2470//2470 2485//2485 2469//2469
f 2469//2469 2485//2485 2467//2467
f 2390//2390 2392//2392 2483//2483
f 2483//2483 2392//2392 2381//2381
f 2373//2373 2375//2375 2395//2395
f 2392//2392 2380//2380 2381//2381
f 2177//2177 2148//2148 2486//2486
f 2486//2486 2148//2148 2147//2147
f 2486//2486 2147//2147 2150//2150
f 2486//2486 2150//2150 2487//2487
f 2487//2487 2150//2150 2151//2151
f 2487//2487 2151//2151 2488//2488
f 2488//2488 2151//2151 2152//2152
f 2488//2488 2152//2152 2489//2489
f 2489//2489 2152//2152 2153//2153
f 2489//2489 2153//2153 2154//2154
f 2489//2489 2154//2154 2490//2490
f 2490//2490 2154//2154 2155//2155
f 2490//2490 2155//2155 2491//2491
f 2491//2491 2155//2155 2156//2156
f 2491//2491 2156//2156 2170//2170
f 2166//2166 2492//2492 2170//2170
f 2170//2170 2492//2492 2493//2493
f 2170//2170 2493//2493 2491//2491
f 2491//2491 2493//2493 2494//2494
f 2491//2491 2494//2494 2490//2490
f 2490//2490 2494//2494 2495//2495
f 2490//2490 2495//2495 2489//2489
f 2489//2489 2495//2495 2496//2496
f 2489//2489 2496//2496 2497//2497
f 2497//2497 2496//2496 2498//2498
f 2497//2497 2498//2498 2499//2499
f 2499//2499 2498//2498 2500//2500
f 2499//2499 2500//2500 2501//2501
f 2501//2501 2500//2500 2502//2502
f 2501//2501 2502//2502 2503//2503
f 2503//2503 2502//2502 1164//1164
f 2503//2503 1164//1164 2504//2504
f 2504//2504 1164//1164 1165//1165
f 2504//2504 1165//1165 2505//2505
f 2505//2505 1165//1165 1169//1169
f 2505//2505 1169//1169 2506//2506
f 2506//2506 1169//1169 1174//1174
f 2506//2506 1174//1174 2507//2507
f 2507//2507 1174//1174 2508//2508
f 2507//2507 2508//2508 2509//2509
f 2509//2509 2508//2508 2510//2510
f 2509//2509 2510//2510 2511//2511
f 2511//2511 2510//2510 2512//2512
f 2511//2511 2512//2512 2513//2513
f 2513//2513 2512//2512 2514//2514
f 2513//2513 2514//2514 2515//2515
f 2515//2515 2514//2514 2516//2516
f 2515//2515 2516//2516 2517//2517
f 2517//2517 2516//2516 2518//2518
f 2517//2517 2518//2518 2192//2192
f 2165//2165 2519//2519 2166//2166
f 2166//2166 2519//2519 2520//2520
f 2166//2166 2520//2520 2492//2492
f 2492//2492 2520//2520 2521//2521
f 2492//2492 2521//2521 2522//2522
f 2522//2522 2521//2521 2523//2523
f 2522//2522 2523//2523 2524//2524
f 2524//2524 2523//2523 2525//2525
f 2524//2524 2525//2525 2526//2526
f 2526//2526 2525//2525 2527//2527
f 2526//2526 2527//2527 2528//2528
f 2528//2528 2527//2527 2529//2529
f 2528//2528 2529//2529 2530//2530
f 2530//2530 2529//2529 2531//2531
f 2530//2530 2531//2531 2532//2532
f 2532//2532 2531//2531 1163//1163
f 2532//2532 1163//1163 2502//2502
f 2502//2502 1163//1163 1164//1164
f 2163//2163 2533//2533 2165//2165
f 2165//2165 2533//2533 2534//2534
f 2165//2165 2534//2534 2535//2535
f 2535//2535 2534//2534 2536//2536
f 2535//2535 2536//2536 2537//2537
f 2537//2537 2536//2536 2538//2538
f 2537//2537 2538//2538 2539//2539
f 2539//2539 2538//2538 2540//2540
f 2539//2539 2540//2540 2541//2541
f 2541//2541 2540//2540 2542//2542
f 2541//2541 2542//2542 2543//2543
f 2543//2543 2542//2542 2544//2544
f 2543//2543 2544//2544 2545//2545
f 2545//2545 2544//2544 2546//2546
f 2545//2545 2546//2546 2547//2547
f 2547//2547 2546//2546 1162//1162
f 2547//2547 1162//1162 2548//2548
f 2548//2548 1162//1162 1163//1163
f 2548//2548 1163//1163 2531//2531
f 2533//2533 2163//2163 2549//2549
f 2549//2549 2163//2163 2468//2468
f 2549//2549 2468//2468 2550//2550
f 2550//2550 2468//2468 2464//2464
f 2550//2550 2464//2464 2551//2551
f 2551//2551 2464//2464 2552//2552
f 2551//2551 2552//2552 2553//2553
f 2553//2553 2552//2552 2554//2554
f 2553//2553 2554//2554 2538//2538
f 2538//2538 2554//2554 2540//2540
f 2464//2464 2459//2459 2552//2552
f 2552//2552 2459//2459 2555//2555
f 2552//2552 2555//2555 2554//2554
f 2554//2554 2555//2555 2556//2556
f 2554//2554 2556//2556 2540//2540
f 2540//2540 2556//2556 2542//2542
f 2555//2555 2459//2459 2557//2557
f 2557//2557 2459//2459 2457//2457
f 2557//2557 2457//2457 2558//2558
f 2558//2558 2457//2457 1161//1161
f 2558//2558 1161//1161 1162//1162
f 1174//1174 1179//1179 2508//2508
f 2508//2508 1179//1179 2559//2559
f 2508//2508 2559//2559 2510//2510
f 2510//2510 2559//2559 2560//2560
f 2510//2510 2560//2560 2512//2512
f 2512//2512 2560//2560 2561//2561
f 2512//2512 2561//2561 2514//2514
f 2514//2514 2561//2561 2562//2562
f 2514//2514 2562//2562 2516//2516
f 2516//2516 2562//2562 2518//2518
f 1179//1179 1178//1178 2559//2559
f 2559//2559 1178//1178 2563//2563
f 2559//2559 2563//2563 2560//2560
f 2560//2560 2563//2563 2564//2564
f 2560//2560 2564//2564 2561//2561
f 2561//2561 2564//2564 2565//2565
f 2561//2561 2565//2565 2562//2562
f 2562//2562 2565//2565 2566//2566
f 2562//2562 2566//2566 2518//2518
f 1178//1178 1180//1180 2563//2563
f 2563//2563 1180//1180 2567//2567
f 2563//2563 2567//2567 2564//2564
f 2564//2564 2567//2567 2568//2568
f 2564//2564 2568//2568 2565//2565
f 2565//2565 2568//2568 2566//2566
f 1180//1180 1182//1182 2567//2567
f 2567//2567 1182//1182 2569//2569
f 2567//2567 2569//2569 2568//2568
f 2568//2568 2569//2569 2566//2566
f 1182//1182 1183//1183 2569//2569
f 2569//2569 1183//1183 1185//1185
f 2569//2569 1185//1185 2566//2566
f 2517//2517 2192//2192 2570//2570
f 2570//2570 2192//2192 2190//2190
f 2570//2570 2190//2190 2188//2188
f 2570//2570 2188//2188 2571//2571
f 2571//2571 2188//2188 2186//2186
f 2571//2571 2186//2186 2572//2572
f 2572//2572 2186//2186 2573//2573
f 2572//2572 2573//2573 2574//2574
f 2574//2574 2573//2573 2575//2575
f 2574//2574 2575//2575 2576//2576
f 2576//2576 2575//2575 2577//2577
f 2576//2576 2577//2577 2578//2578
f 2578//2578 2577//2577 2579//2579
f 2578//2578 2579//2579 2580//2580
f 2580//2580 2579//2579 2581//2581
f 2580//2580 2581//2581 2582//2582
f 2582//2582 2581//2581 2583//2583
f 2582//2582 2583//2583 2504//2504
f 2504//2504 2583//2583 2503//2503
f 2186//2186 2183//2183 2573//2573
f 2573//2573 2183//2183 2584//2584
f 2573//2573 2584//2584 2575//2575
f 2575//2575 2584//2584 2585//2585
f 2575//2575 2585//2585 2577//2577
f 2577//2577 2585//2585 2586//2586
f 2577//2577 2586//2586 2579//2579
f 2579//2579 2586//2586 2587//2587
f 2579//2579 2587//2587 2581//2581
f 2581//2581 2587//2587 2588//2588
f 2581//2581 2588//2588 2583//2583
f 2583//2583 2588//2588 2501//2501
f 2583//2583 2501//2501 2503//2503
f 2183//2183 2181//2181 2584//2584
f 2584//2584 2181//2181 2589//2589
f 2584//2584 2589//2589 2585//2585
f 2585//2585 2589//2589 2590//2590
f 2585//2585 2590//2590 2586//2586
f 2586//2586 2590//2590 2591//2591
f 2586//2586 2591//2591 2587//2587
f 2587//2587 2591//2591 2592//2592
f 2587//2587 2592//2592 2588//2588
f 2588//2588 2592//2592 2499//2499
f 2588//2588 2499//2499 2501//2501
f 2181//2181 2179//2179 2589//2589
f 2589//2589 2179//2179 2593//2593
f 2589//2589 2593//2593 2590//2590
f 2590//2590 2593//2593 2594//2594
f 2590//2590 2594//2594 2591//2591
f 2591//2591 2594//2594 2488//2488
f 2591//2591 2488//2488 2592//2592
f 2592//2592 2488//2488 2497//2497
f 2592//2592 2497//2497 2499//2499
f 2179//2179 2176//2176 2593//2593
f 2593//2593 2176//2176 2595//2595
f 2593//2593 2595//2595 2594//2594
f 2594//2594 2595//2595 2487//2487
f 2594//2594 2487//2487 2488//2488
f 2176//2176 2177//2177 2595//2595
f 2595//2595 2177//2177 2486//2486
f 2595//2595 2486//2486 2487//2487
f 1162//1162 2546//2546 2596//2596
f 2596//2596 2546//2546 2544//2544
f 2596//2596 2544//2544 2597//2597
f 2597//2597 2544//2544 2542//2542
f 2597//2597 2542//2542 2556//2556
f 2165//2165 2535//2535 2519//2519
f 2519//2519 2535//2535 2537//2537
f 2519//2519 2537//2537 2598//2598
f 2598//2598 2537//2537 2539//2539
f 2598//2598 2539//2539 2599//2599
f 2599//2599 2539//2539 2541//2541
f 2599//2599 2541//2541 2600//2600
f 2600//2600 2541//2541 2543//2543
f 2600//2600 2543//2543 2601//2601
f 2601//2601 2543//2543 2545//2545
f 2601//2601 2545//2545 2602//2602
f 2602//2602 2545//2545 2547//2547
f 2602//2602 2547//2547 2548//2548
f 2489//2489 2497//2497 2488//2488
f 2582//2582 2504//2504 2505//2505
f 2492//2492 2522//2522 2493//2493
f 2493//2493 2522//2522 2494//2494
f 2522//2522 2524//2524 2494//2494
f 2494//2494 2524//2524 2495//2495
f 2524//2524 2526//2526 2495//2495
f 2495//2495 2526//2526 2496//2496
f 2526//2526 2528//2528 2496//2496
f 2496//2496 2528//2528 2498//2498
f 2532//2532 2502//2502 2500//2500
f 2528//2528 2530//2530 2498//2498
f 2498//2498 2530//2530 2500//2500
f 2530//2530 2532//2532 2500//2500
f 2519//2519 2598//2598 2520//2520
f 2520//2520 2598//2598 2521//2521
f 2598//2598 2599//2599 2521//2521
f 2521//2521 2599//2599 2523//2523
f 2599//2599 2600//2600 2523//2523
f 2523//2523 2600//2600 2525//2525
f 2600//2600 2601//2601 2525//2525
f 2525//2525 2601//2601 2527//2527
f 2548//2548 2531//2531 2529//2529
f 2601//2601 2602//2602 2527//2527
f 2527//2527 2602//2602 2529//2529
f 2602//2602 2548//2548 2529//2529
f 2553//2553 2538//2538 2536//2536
f 2536//2536 2534//2534 2603//2603
f 2603//2603 2534//2534 2533//2533
f 2603//2603 2533//2533 2550//2550
f 2550//2550 2533//2533 2549//2549
f 1162//1162 2596//2596 2558//2558
f 2558//2558 2596//2596 2597//2597
f 2558//2558 2597//2597 2557//2557
f 2557//2557 2597//2597 2556//2556
f 2557//2557 2556//2556 2555//2555
f 2603//2603 2550//2550 2551//2551
f 2603//2603 2551//2551 2553//2553
f 2582//2582 2505//2505 2604//2604
f 2604//2604 2505//2505 2506//2506
f 2604//2604 2506//2506 2605//2605
f 2605//2605 2506//2506 2507//2507
f 2605//2605 2507//2507 2509//2509
f 2582//2582 2604//2604 2580//2580
f 2580//2580 2604//2604 2606//2606
f 2580//2580 2606//2606 2578//2578
f 2578//2578 2606//2606 2607//2607
f 2578//2578 2607//2607 2576//2576
f 2576//2576 2607//2607 2608//2608
f 2576//2576 2608//2608 2574//2574
f 2574//2574 2608//2608 2609//2609
f 2574//2574 2609//2609 2572//2572
f 2572//2572 2609//2609 2571//2571
f 2606//2606 2604//2604 2605//2605
f 2606//2606 2605//2605 2610//2610
f 2610//2610 2605//2605 2509//2509
f 2610//2610 2509//2509 2511//2511
f 2606//2606 2610//2610 2607//2607
f 2607//2607 2610//2610 2611//2611
f 2607//2607 2611//2611 2608//2608
f 2608//2608 2611//2611 2612//2612
f 2608//2608 2612//2612 2609//2609
f 2609//2609 2612//2612 2613//2613
f 2609//2609 2613//2613 2571//2571
f 2571//2571 2613//2613 2570//2570
f 2611//2611 2610//2610 2511//2511
f 2612//2612 2611//2611 2513//2513
f 2513//2513 2611//2611 2511//2511
f 2613//2613 2612//2612 2515//2515
f 2515//2515 2612//2612 2513//2513
f 2570//2570 2613//2613 2517//2517
f 2517//2517 2613//2613 2515//2515
f 2536//2536 2603//2603 2553//2553
f 2193//2193 2192//2192 2614//2614
f 2614//2614 2192//2192 2518//2518
f 2614//2614 2518//2518 2615//2615
f 2615//2615 2518//2518 2566//2566
f 2615//2615 2566//2566 2327//2327
f 2327//2327 2566//2566 1185//1185
f 2327//2327 2329//2329 2615//2615
f 2615//2615 2329//2329 2616//2616
f 2615//2615 2616//2616 2614//2614
f 2614//2614 2616//2616 2617//2617
f 2614//2614 2617//2617 2193//2193
f 2193//2193 2617//2617 2194//2194
f 2194//2194 2617//2617 2196//2196
f 2196//2196 2617//2617 2618//2618
f 2196//2196 2618//2618 2198//2198
f 2198//2198 2618//2618 2619//2619
f 2198//2198 2619//2619 2200//2200
f 2200//2200 2619//2619 2620//2620
f 2620//2620 2619//2619 2621//2621
f 2620//2620 2621//2621 2622//2622
f 2622//2622 2621//2621 2331//2331
f 2622//2622 2331//2331 2265//2265
f 2329//2329 2328//2328 2616//2616
f 2616//2616 2328//2328 2623//2623
f 2616//2616 2623//2623 2618//2618
f 2618//2618 2623//2623 2619//2619
f 2328//2328 2330//2330 2623//2623
f 2623//2623 2330//2330 2621//2621
f 2623//2623 2621//2621 2619//2619
f 2330//2330 2331//2331 2621//2621
f 2618//2618 2617//2617 2616//2616
f 2202//2202 2200//2200 2301//2301
f 2301//2301 2200//2200 2620//2620
f 2301//2301 2620//2620 2302//2302
f 2302//2302 2620//2620 2622//2622
f 2302//2302 2622//2622 2303//2303
f 2303//2303 2622//2622 2265//2265
f 2303//2303 2265//2265 2264//2264
f 2209//2209 2208//2208 2624//2624
f 2624//2624 2208//2208 2300//2300
f 2624//2624 2300//2300 2625//2625
f 2625//2625 2300//2300 2304//2304
f 2625//2625 2304//2304 2626//2626
f 2626//2626 2304//2304 2305//2305
f 2626//2626 2305//2305 2627//2627
f 2627//2627 2305//2305 2306//2306
f 2627//2627 2306//2306 2307//2307
f 2627//2627 2307//2307 2628//2628
f 2628//2628 2307//2307 2308//2308
f 2628//2628 2308//2308 2629//2629
f 2629//2629 2308//2308 2309//2309
f 2629//2629 2309//2309 2630//2630
f 2630//2630 2309//2309 1307//1307
f 2630//2630 1307//1307 1306//1306
f 1308//1308 2631//2631 1306//1306
f 1306//1306 2631//2631 2632//2632
f 1306//1306 2632//2632 2630//2630
f 2630//2630 2632//2632 2629//2629
f 1308//1308 1309//1309 2631//2631
f 2631//2631 1309//1309 2633//2633
f 2631//2631 2633//2633 2634//2634
f 2634//2634 2633//2633 2635//2635
f 2634//2634 2635//2635 2636//2636
f 2636//2636 2635//2635 2637//2637
f 2636//2636 2637//2637 2638//2638
f 2638//2638 2637//2637 2639//2639
f 2638//2638 2639//2639 2640//2640
f 2640//2640 2639//2639 2641//2641
f 2640//2640 2641//2641 2642//2642
f 2642//2642 2641//2641 2643//2643
f 2642//2642 2643//2643 2644//2644
f 2644//2644 2643//2643 2645//2645
f 2644//2644 2645//2645 2171//2171
f 2171//2171 2645//2645 2646//2646
f 2171//2171 2646//2646 2169//2169
f 1309//1309 1311//1311 2633//2633
f 2633//2633 1311//1311 2251//2251
f 2633//2633 2251//2251 2635//2635
f 2635//2635 2251//2251 2250//2250
f 2635//2635 2250//2250 2637//2637
f 2637//2637 2250//2250 2647//2647
f 2637//2637 2647//2647 2639//2639
f 2639//2639 2647//2647 2641//2641
f 2647//2647 2648//2648 2641//2641
f 2641//2641 2648//2648 2643//2643
f 2648//2648 2649//2649 2643//2643
f 2643//2643 2649//2649 2645//2645
f 2649//2649 2646//2646 2645//2645
f 2171//2171 2172//2172 2644//2644
f 2644//2644 2172//2172 2209//2209
f 2644//2644 2209//2209 2650//2650
f 2650//2650 2209//2209 2624//2624
f 2650//2650 2624//2624 2651//2651
f 2651//2651 2624//2624 2625//2625
f 2651//2651 2625//2625 2652//2652
f 2652//2652 2625//2625 2626//2626
f 2652//2652 2626//2626 2653//2653
f 2653//2653 2626//2626 2627//2627
f 2653//2653 2627//2627 2654//2654
f 2654//2654 2627//2627 2628//2628
f 2654//2654 2628//2628 2655//2655
f 2655//2655 2628//2628 2629//2629
f 2655//2655 2629//2629 2632//2632
f 2642//2642 2644//2644 2650//2650
f 2642//2642 2650//2650 2651//2651
f 2640//2640 2642//2642 2651//2651
f 2640//2640 2651//2651 2652//2652
f 2638//2638 2640//2640 2652//2652
f 2638//2638 2652//2652 2653//2653
f 2636//2636 2638//2638 2653//2653
f 2636//2636 2653//2653 2654//2654
f 2634//2634 2636//2636 2654//2654
f 2634//2634 2654//2654 2655//2655
f 2631//2631 2634//2634 2655//2655
f 2631//2631 2655//2655 2632//2632
f 1610//1610 1612//1612 2656//2656
f 2656//2656 1612//1612 1634//1634
f 2656//2656 1634//1634 2657//2657
f 2657//2657 1634//1634 1635//1635
f 2657//2657 1635//1635 2658//2658
f 2658//2658 1635//1635 1636//1636
f 2658//2658 1636//1636 2659//2659
f 2659//2659 1636//1636 1637//1637
f 2659//2659 1637//1637 1638//1638
f 2659//2659 1638//1638 2660//2660
f 2660//2660 1638//1638 1639//1639
f 2660//2660 1639//1639 2661//2661
f 2661//2661 1639//1639 1640//1640
f 2661//2661 1640//1640 2662//2662
f 2662//2662 1640//1640 1223//1223
f 2662//2662 1223//1223 2357//2357
f 2357//2357 1223//1223 1221//1221
f 2357//2357 2358//2358 2662//2662
f 2662//2662 2358//2358 2663//2663
f 2662//2662 2663//2663 2661//2661
f 2661//2661 2663//2663 2664//2664
f 2661//2661 2664//2664 2660//2660
f 2660//2660 2664//2664 2665//2665
f 2660//2660 2665//2665 2659//2659
f 2659//2659 2665//2665 2666//2666
f 2659//2659 2666//2666 2667//2667
f 2667//2667 2666//2666 2668//2668
f 2667//2667 2668//2668 2669//2669
f 2669//2669 2668//2668 2670//2670
f 2669//2669 2670//2670 2671//2671
f 2671//2671 2670//2670 2672//2672
f 2671//2671 2672//2672 1608//1608
f 1608//1608 2672//2672 1607//1607
f 1607//1607 2672//2672 2673//2673
f 1607//1607 2673//2673 1614//1614
f 1614//1614 2673//2673 2674//2674
f 1614//1614 2674//2674 1616//1616
f 1616//1616 2674//2674 2675//2675
f 1616//1616 2675//2675 1625//1625
f 1625//1625 2675//2675 2676//2676
f 1625//1625 2676//2676 1626//1626
f 1626//1626 2676//2676 2677//2677
f 1626//1626 2677//2677 1627//1627
f 1627//1627 2677//2677 1628//1628
f 1628//1628 2677//2677 2678//2678
f 2678//2678 2677//2677 2679//2679
f 2678//2678 2679//2679 2680//2680
f 2680//2680 2679//2679 2681//2681
f 2680//2680 2681//2681 2682//2682
f 2682//2682 2681//2681 2683//2683
f 2682//2682 2683//2683 2684//2684
f 2684//2684 2683//2683 2685//2685
f 2684//2684 2685//2685 2686//2686
f 2686//2686 2685//2685 2687//2687
f 2686//2686 2687//2687 2688//2688
f 2688//2688 2687//2687 2670//2670
f 2688//2688 2670//2670 2668//2668
f 2358//2358 2361//2361 2663//2663
f 2663//2663 2361//2361 2689//2689
f 2663//2663 2689//2689 2664//2664
f 2664//2664 2689//2689 2690//2690
f 2664//2664 2690//2690 2665//2665
f 2665//2665 2690//2690 2691//2691
f 2665//2665 2691//2691 2666//2666
f 2666//2666 2691//2691 2692//2692
f 2666//2666 2692//2692 2668//2668
f 2668//2668 2692//2692 2688//2688
f 2689//2689 2361//2361 2693//2693
f 2693//2693 2361//2361 2363//2363
f 2693//2693 2363//2363 2694//2694
f 2694//2694 2363//2363 2364//2364
f 2694//2694 2364//2364 2365//2365
f 2694//2694 2365//2365 2695//2695
f 2695//2695 2365//2365 2367//2367
f 2695//2695 2367//2367 2696//2696
f 2696//2696 2367//2367 2369//2369
f 2696//2696 2369//2369 2697//2697
f 2697//2697 2369//2369 2168//2168
f 2697//2697 2168//2168 2698//2698
f 2697//2697 2698//2698 2699//2699
f 2699//2699 2698//2698 2700//2700
f 2699//2699 2700//2700 2701//2701
f 2701//2701 2700//2700 2702//2702
f 2701//2701 2702//2702 2703//2703
f 2703//2703 2702//2702 2680//2680
f 2703//2703 2680//2680 2682//2682
f 2700//2700 2704//2704 2702//2702
f 2702//2702 2704//2704 2680//2680
f 2704//2704 2678//2678 2680//2680
f 2671//2671 1608//1608 2656//2656
f 2656//2656 1608//1608 1610//1610
f 2669//2669 2671//2671 2656//2656
f 2670//2670 2687//2687 2672//2672
f 2672//2672 2687//2687 2673//2673
f 2687//2687 2685//2685 2673//2673
f 2673//2673 2685//2685 2674//2674
f 2685//2685 2683//2683 2674//2674
f 2674//2674 2683//2683 2675//2675
f 2679//2679 2677//2677 2676//2676
f 2683//2683 2681//2681 2675//2675
f 2675//2675 2681//2681 2676//2676
f 2681//2681 2679//2679 2676//2676
f 2667//2667 2669//2669 2657//2657
f 2657//2657 2669//2669 2656//2656
f 2659//2659 2667//2667 2658//2658
f 2658//2658 2667//2667 2657//2657
f 2686//2686 2688//2688 2705//2705
f 2705//2705 2688//2688 2692//2692
f 2705//2705 2692//2692 2706//2706
f 2706//2706 2692//2692 2691//2691
f 2706//2706 2691//2691 2707//2707
f 2707//2707 2691//2691 2690//2690
f 2707//2707 2690//2690 2693//2693
f 2693//2693 2690//2690 2689//2689
f 2684//2684 2686//2686 2708//2708
f 2708//2708 2686//2686 2705//2705
f 2708//2708 2705//2705 2706//2706
f 2682//2682 2684//2684 2709//2709
f 2709//2709 2684//2684 2708//2708
f 2709//2709 2708//2708 2710//2710
f 2710//2710 2708//2708 2711//2711
f 2710//2710 2711//2711 2712//2712
f 2712//2712 2711//2711 2713//2713
f 2712//2712 2713//2713 2695//2695
f 2695//2695 2713//2713 2694//2694
f 2711//2711 2708//2708 2706//2706
f 2682//2682 2709//2709 2703//2703
f 2703//2703 2709//2709 2714//2714
f 2703//2703 2714//2714 2701//2701
f 2701//2701 2714//2714 2699//2699
f 2714//2714 2709//2709 2710//2710
f 2713//2713 2711//2711 2706//2706
f 2713//2713 2706//2706 2707//2707
f 2714//2714 2710//2710 2715//2715
f 2715//2715 2710//2710 2712//2712
f 2715//2715 2712//2712 2696//2696
f 2696//2696 2712//2712 2695//2695
f 2694//2694 2713//2713 2707//2707
f 2694//2694 2707//2707 2693//2693
f 2697//2697 2699//2699 2715//2715
f 2715//2715 2699//2699 2714//2714
f 2697//2697 2715//2715 2696//2696
f 2232//2232 2716//2716 2233//2233
f 2233//2233 2716//2716 2717//2717
f 2233//2233 2717//2717 2718//2718
f 2718//2718 2717//2717 2719//2719
f 2718//2718 2719//2719 2720//2720
f 2720//2720 2719//2719 2700//2700
f 2720//2720 2700//2700 2721//2721
f 2721//2721 2700//2700 2698//2698
f 2721//2721 2698//2698 2722//2722
f 2722//2722 2698//2698 2168//2168
f 2722//2722 2168//2168 2167//2167
f 2716//2716 2232//2232 2723//2723
f 2723//2723 2232//2232 2230//2230
f 2723//2723 2230//2230 1630//1630
f 1630//1630 2230//2230 1631//1631
f 1630//1630 1629//1629 2723//2723
f 2723//2723 1629//1629 1628//1628
f 2723//2723 1628//1628 2678//2678
f 2723//2723 2678//2678 2716//2716
f 2716//2716 2678//2678 2704//2704
f 2716//2716 2704//2704 2717//2717
f 2717//2717 2704//2704 2719//2719
f 2704//2704 2700//2700 2719//2719
f 2167//2167 2162//2162 2722//2722
f 2722//2722 2162//2162 2724//2724
f 2722//2722 2724//2724 2725//2725
f 2162//2162 2164//2164 2724//2724
f 2722//2722 2725//2725 2721//2721
f 2721//2721 2725//2725 2726//2726
f 2721//2721 2726//2726 2720//2720
f 2720//2720 2726//2726 2718//2718
f 2169//2169 2646//2646 2210//2210
f 2210//2210 2646//2646 2649//2649
f 2210//2210 2649//2649 2727//2727
f 2727//2727 2649//2649 2648//2648
f 2727//2727 2648//2648 2728//2728
f 2728//2728 2648//2648 2647//2647
f 2728//2728 2647//2647 2234//2234
f 2234//2234 2647//2647 2250//2250
f 2214//2214 2210//2210 2729//2729
f 2729//2729 2210//2210 2727//2727
f 2729//2729 2727//2727 2728//2728
f 2729//2729 2728//2728 2730//2730
f 2730//2730 2728//2728 2234//2234
f 2730//2730 2234//2234 2236//2236
f 2730//2730 2236//2236 2731//2731
f 2731//2731 2236//2236 2238//2238
f 2731//2731 2238//2238 2732//2732
f 2732//2732 2238//2238 2240//2240
f 2732//2732 2240//2240 2733//2733
f 2733//2733 2240//2240 2242//2242
f 2733//2733 2242//2242 2734//2734
f 2734//2734 2242//2242 2244//2244
f 2734//2734 2244//2244 2735//2735
f 2735//2735 2244//2244 2246//2246
f 2735//2735 2246//2246 2736//2736
f 2736//2736 2246//2246 2248//2248
f 2736//2736 2248//2248 2737//2737
f 2737//2737 2248//2248 2231//2231
f 2737//2737 2738//2738 2736//2736
f 2736//2736 2738//2738 2739//2739
f 2736//2736 2739//2739 2735//2735
f 2735//2735 2739//2739 2740//2740
f 2735//2735 2740//2740 2734//2734
f 2734//2734 2740//2740 2741//2741
f 2734//2734 2741//2741 2733//2733
f 2733//2733 2741//2741 2742//2742
f 2733//2733 2742//2742 2732//2732
f 2732//2732 2742//2742 2743//2743
f 2732//2732 2743//2743 2731//2731
f 2731//2731 2743//2743 2744//2744
f 2731//2731 2744//2744 2730//2730
f 2730//2730 2744//2744 2729//2729
f 2738//2738 2223//2223 2739//2739
f 2739//2739 2223//2223 2222//2222
f 2739//2739 2222//2222 2740//2740
f 2740//2740 2222//2222 2220//2220
f 2740//2740 2220//2220 2741//2741
f 2741//2741 2220//2220 2219//2219
f 2741//2741 2219//2219 2742//2742
f 2742//2742 2219//2219 2743//2743
f 2219//2219 2218//2218 2743//2743
f 2743//2743 2218//2218 2744//2744
f 2218//2218 2214//2214 2744//2744
f 2744//2744 2214//2214 2729//2729
f 2233//2233 2718//2718 2231//2231
f 2231//2231 2718//2718 2737//2737
f 2737//2737 2718//2718 2726//2726
f 2737//2737 2726//2726 2738//2738
f 2738//2738 2726//2726 2725//2725
f 2738//2738 2725//2725 2223//2223
f 2223//2223 2725//2725 2724//2724
f 2223//2223 2724//2724 2164//2164
f 1139//1139 1140//1140 1354//1354
f 1354//1354 1140//1140 1747//1747
f 1747//1747 1140//1140 1141//1141
f 1747//1747 1141//1141 1752//1752
f 1752//1752 1141//1141 1142//1142
f 1752//1752 1142//1142 1755//1755
f 1755//1755 1142//1142 1144//1144
f 1755//1755 1144//1144 1754//1754
f 1754//1754 1144//1144 1145//1145
f 1754//1754 1145//1145 1753//1753
f 1753//1753 1145//1145 1146//1146
f 1753//1753 1146//1146 1751//1751
f 1751//1751 1146//1146 1147//1147
f 1751//1751 1147//1147 1683//1683
f 1683//1683 1147//1147 1149//1149
f 1175//1175 1173//1173 1760//1760
f 1760//1760 1173//1173 1763//1763
f 1763//1763 1173//1173 1172//1172
f 1763//1763 1172//1172 1765//1765
f 1765//1765 1172//1172 1171//1171
f 1765//1765 1171//1171 1767//1767
f 1767//1767 1171//1171 1170//1170
f 1767//1767 1170//1170 1768//1768
f 1768//1768 1170//1170 1168//1168
f 1768//1768 1168//1168 1766//1766
f 1766//1766 1168//1168 1167//1167
f 1766//1766 1167//1167 1764//1764
f 1764//1764 1167//1167 1166//1166
f 1764//1764 1166//1166 1101//1101
f 1101//1101 1166//1166 1109//1109
f 1756//1756 1304//1304 1748//1748
f 1748//1748 1304//1304 1293//1293
f 1748//1748 1293//1293 1749//1749
f 1749//1749 1293//1293 1294//1294
f 1749//1749 1294//1294 1750//1750
f 1750//1750 1294//1294 1295//1295
f 1750//1750 1295//1295 1746//1746
f 1746//1746 1295//1295 1296//1296
f 1746//1746 1296//1296 1770//1770
f 1770//1770 1296//1296 1297//1297
f 1770//1770 1297//1297 1769//1769
f 1769//1769 1297//1297 1298//1298
f 1769//1769 1298//1298 1762//1762
f 1762//1762 1298//1298 1299//1299
f 1762//1762 1299//1299 1761//1761
f 1761//1761 1299//1299 1300//1300
f 1761//1761 1300//1300 1759//1759
f 1759//1759 1300//1300 1301//1301
f 1759//1759 1301//1301 1758//1758
f 1758//1758 1301//1301 1302//1302
f 1758//1758 1302//1302 1757//1757
f 1757//1757 1302//1302 1303//1303
f 1757//1757 1303//1303 1756//1756
f 1756//1756 1303//1303 1304//1304
f 1606//1606 1604//1604 2745//2745
f 2745//2745 1604//1604 2746//2746
f 2745//2745 2746//2746 2747//2747
f 2747//2747 2746//2746 2748//2748
f 2747//2747 2748//2748 2749//2749
f 2749//2749 2748//2748 2750//2750
f 2749//2749 2750//2750 2751//2751
f 2751//2751 2750//2750 2752//2752
f 2751//2751 2752//2752 2753//2753
f 2753//2753 2752//2752 2754//2754
f 2753//2753 2754//2754 2755//2755
f 2755//2755 2754//2754 2756//2756
f 1411//1411 1404//1404 1600//1600
f 1600//1600 1404//1404 1602//1602
f 1602//1602 1404//1404 1237//1237
f 1602//1602 1237//1237 1604//1604
f 1604//1604 1237//1237 1236//1236
f 1604//1604 1236//1236 1235//1235
f 1604//1604 1235//1235 2746//2746
f 2746//2746 1235//1235 1233//1233
f 2746//2746 1233//1233 1232//1232
f 2746//2746 1232//1232 2748//2748
f 2748//2748 1232//1232 1230//1230
f 2748//2748 1230//1230 1228//1228
f 2748//2748 1228//1228 2750//2750
f 2750//2750 1228//1228 1226//1226
f 2750//2750 1226//1226 2752//2752
f 2752//2752 1226//1226 1224//1224
f 2752//2752 1224//1224 2754//2754
f 2754//2754 1224//1224 1201//1201
f 2754//2754 1201//1201 2756//2756
f 2756//2756 1201//1201 1200//1200
f 2756//2756 1200//1200 2755//2755
f 2755//2755 1200//1200 1208//1208
f 2755//2755 1208//1208 2753//2753
f 2753//2753 1208//1208 1207//1207
f 2753//2753 1207//1207 2751//2751
f 2751//2751 1207//1207 1209//1209
f 2751//2751 1209//1209 2749//2749
f 2749//2749 1209//1209 1211//1211
f 2749//2749 1211//1211 2747//2747
f 2747//2747 1211//1211 1213//1213
f 2747//2747 1213//1213 1215//1215
f 2747//2747 1215//1215 2745//2745
f 2745//2745 1215//1215 1216//1216
f 2745//2745 1216//1216 1218//1218
f 2745//2745 1218//1218 1606//1606
f 1606//1606 1218//1218 1220//1220
f 1606//1606 1220//1220 1222//1222
f 1606//1606 1222//1222 1609//1609
f 1609//1609 1222//1222 1633//1633
f 1609//1609 1633//1633 1611//1611
f 1611//1611 1633//1633 1613//1613
# 5556 faces, 0 coords texture

# End of File
