####
#
# OBJ File Generated by Meshlab
#
####
# Object thumb_mlp_1.obj
#
# Vertices: 1648
# Faces: 3328
#
####
mtllib ./thumb_mlp_1.obj.mtl

vn 0.639151 -3.519431 -0.947660
v 45.040928 74.905640 305.522552
vn -2.851578 -4.520710 -1.786479
v 42.013538 76.662010 305.529938
vn -1.267527 -4.801705 -2.334428
v 45.383072 75.498505 304.776825
vn -2.772449 -3.187949 -4.497025
v 42.645370 77.756851 304.152771
vn 1.504931 -3.331614 -2.304495
v 46.537727 75.498657 304.143311
vn 0.334851 -3.055593 -0.211052
v 46.248039 74.996689 304.774719
vn -2.162728 -2.132696 -5.252890
v 42.773304 77.978210 303.952301
vn 1.681803 -2.699689 -2.723530
v 46.665665 75.720016 303.942810
vn -1.230656 -0.521379 -5.922326
v 42.926891 78.243401 303.844360
vn 2.157947 -1.877617 -3.058149
v 46.819252 75.985199 303.834869
vn -0.231493 1.200763 -5.946846
v 43.089916 78.524414 303.840363
vn 2.663313 -1.006458 -3.070554
v 46.982277 76.266220 303.830872
vn 0.712713 2.823573 -5.323417
v 43.245167 78.791595 303.940735
vn 3.144614 -0.178308 -2.759470
v 47.137527 76.533401 303.931244
vn 3.609855 0.299926 -2.354462
v 47.268620 76.758545 304.125366
vn 1.339640 3.888629 -4.600417
v 43.376263 79.016739 304.134857
vn -2.629872 -4.284952 1.103948
v 44.502018 77.990692 318.899109
vn -2.295676 -3.389394 4.758681
v 43.720913 77.056007 317.847229
vn 2.550236 -4.350162 0.572385
v 46.268673 76.965752 318.894806
vn -2.275047 -3.368020 4.783573
v 42.844521 76.196312 316.819122
vn 1.704081 -3.350896 2.379625
v 44.444550 73.834793 315.745514
vn -2.259888 -3.342815 4.807662
v 41.933956 75.395409 315.828949
vn -2.254834 -3.320695 4.825564
v 41.044170 74.628647 314.881744
vn -2.253281 -3.309937 4.833726
v 40.230110 73.871384 313.982483
vn 0.387308 -3.070209 0.596259
v 42.590214 70.651588 312.638794
vn -2.248306 -3.309669 4.836127
v 39.868649 73.488609 313.552399
vn -2.249977 -3.308111 4.836163
v 39.546722 73.098969 313.136200
vn -2.705159 -3.858724 1.322761
v 39.216801 72.608711 312.647003
vn -0.695907 2.376405 1.774634
v 51.425938 93.766876 333.005493
vn 2.414863 0.571654 1.767055
v 53.847847 92.361778 332.999603
vn -1.327419 4.304864 0.679162
v 51.480042 93.863632 332.172363
vn 4.398485 0.982930 0.665222
v 53.901951 92.458527 332.166473
vn -1.404672 4.169590 1.181768
v 51.603443 94.079704 331.369568
vn 4.321193 0.847623 1.167810
v 54.025356 92.674599 331.363678
vn -1.523162 3.963435 1.651204
v 51.792656 94.408989 330.619781
vn 4.202743 0.641492 1.637269
v 54.214569 93.003891 330.613892
vn -1.679473 3.692203 2.074182
v 52.042336 94.842186 329.944214
vn 4.046415 0.370236 2.060226
v 54.464249 93.437080 329.938324
vn -1.869236 3.363592 2.438742
v 52.345425 95.367050 329.361938
vn 3.856645 0.041653 2.424796
v 54.767338 93.961952 329.356049
vn -2.087089 2.986867 2.734580
v 52.693359 95.968758 328.889404
vn 3.638823 -0.335093 2.720645
v 55.115273 94.563652 328.883514
vn -2.326843 2.572672 2.953382
v 53.076313 96.630295 328.539978
vn 3.399047 -0.749257 2.939460
v 55.498222 95.225197 328.534088
vn -2.581786 2.132709 3.088897
v 53.483456 97.332985 328.323517
vn 3.144141 -1.189189 3.074968
v 55.905369 95.927887 328.317627
vn -2.844539 1.679449 3.137340
v 53.903294 98.056969 328.246155
vn 2.881342 -1.642481 3.123377
v 56.325207 96.651863 328.240234
vn -1.409657 2.017645 2.633169
v 54.323956 98.781776 328.310028
vn 2.460761 -0.227848 2.623732
v 56.745869 97.376678 328.304138
vn -2.617124 1.724146 3.110146
v 50.547768 92.252510 333.172546
vn 1.460584 -1.974720 2.655888
v 52.905788 90.737236 333.178802
vn -1.159208 -1.659885 5.238751
v 50.570271 92.092216 333.184479
vn -2.800673 1.198193 3.499541
v 50.530910 92.210983 333.176758
vn -2.763163 0.245475 4.220536
v 50.527149 92.166458 333.180573
vn -2.265761 -0.733131 4.819287
v 50.539635 92.123917 333.183441
vn -1.653940 -1.373445 5.098842
v 50.552799 92.105972 333.184235
vn -1.205817 3.640500 -1.988527
v 60.007812 92.650848 324.981049
vn 2.417535 3.626388 -4.517336
v 61.550381 90.751465 324.128479
vn 3.751638 0.764376 -2.000609
v 56.547939 94.658134 324.989471
vn 1.931870 3.907987 -4.516292
v 54.130302 95.056305 324.146545
vn 1.908090 3.871466 -4.557648
v 54.276653 95.835403 324.877014
vn 2.397252 3.587672 -4.558836
v 62.156750 91.263672 324.857819
vn -1.639819 3.460119 -2.265038
v 60.400200 93.324043 325.730865
vn 2.377297 3.539955 -4.606197
v 63.373379 92.214050 326.229523
vn -1.649434 3.443198 -2.283481
v 60.779381 93.974625 326.444366
vn 2.364723 3.508497 -4.636422
v 63.911186 92.689568 326.866974
vn -1.662064 3.424447 -2.304406
v 61.144081 94.600418 327.118408
vn 2.357090 3.492776 -4.652214
v 64.353699 93.190201 327.468964
vn -0.243722 2.701891 -0.095912
v 61.493019 95.199219 327.749786
vn 2.395995 3.551565 -0.302462
v 64.520378 93.442863 327.742432
vn 2.206637 3.822525 -4.471848
v 59.258785 91.667313 323.781372
vn 2.435539 3.663577 -4.477782
v 60.993599 90.189674 323.373383
vn 1.955786 3.942140 -4.476443
v 53.916206 94.295700 323.390625
vn 2.224386 3.852229 -4.437414
v 58.486759 90.644417 322.516388
vn 1.969739 3.971717 -4.443870
v 53.600178 93.575768 322.611847
vn 2.224036 3.850979 -4.438698
v 53.632713 93.460541 322.528198
vn 1.973440 3.994745 -4.421200
v 53.502014 93.404289 322.413879
vn 2.234597 3.871170 -4.415753
v 57.696201 89.589790 321.197113
vn 2.472104 3.704038 -4.423573
v 60.421764 89.389717 322.397034
vn 2.476517 3.733863 -4.396766
v 59.560387 87.912247 320.668030
vn 2.454441 3.690404 -4.445105
v 60.522633 89.559631 322.594971
vn 2.498345 3.750854 -4.368944
v 58.678169 86.399132 318.873199
vn 2.247985 3.894135 -4.388690
v 56.891567 88.511101 319.834595
vn 1.995305 4.012805 -4.395785
v 52.640636 91.926819 320.684875
vn 1.999880 4.039823 -4.367927
v 51.758415 90.413704 318.890045
vn 2.501891 3.773596 -4.347556
v 58.478809 86.033829 318.443909
vn 2.018390 4.054084 -4.346413
v 51.538677 90.060226 318.460815
vn 2.512514 3.792305 -4.324924
v 58.330811 85.637619 318.012512
vn 2.029529 4.072524 -4.323770
v 51.266609 89.735992 318.029724
vn 2.523572 3.811186 -4.301559
v 58.228600 85.214035 317.579346
vn 2.040346 4.091200 -4.300683
v 50.948040 89.437935 317.597076
vn 2.265405 3.922957 -4.353935
v 55.257931 86.312065 317.023865
vn 2.265652 3.921258 -4.355337
v 50.855762 88.866035 317.034576
vn 2.047446 4.111150 -4.277661
v 50.219059 88.893814 316.728210
vn 2.537334 3.826706 -4.279052
v 58.114902 84.312958 316.708984
vn -0.296463 2.768760 -4.318167
v 54.775917 85.662476 316.186523
vn 2.534936 1.126161 -4.325001
v 53.045979 86.666122 316.190735
vn 2.548556 3.831018 -4.267968
v 58.044422 83.387054 315.835632
vn 2.549879 3.822226 -4.275120
v 57.923870 82.492798 314.961975
vn -1.580190 3.549553 -2.157536
v 53.236923 83.023224 312.981354
vn 2.533670 3.790350 -4.313287
v 57.659946 81.686653 314.090820
vn 2.521800 3.770821 -4.337147
v 57.444588 81.334541 313.657043
vn 2.559061 3.800469 -4.290570
v 57.815659 82.075180 314.525909
vn 2.509015 3.754124 -4.358840
v 57.166943 81.020676 313.224884
vn 2.508480 3.738242 -4.371925
v 56.840229 80.737686 312.794647
vn 2.497012 3.730779 -4.384880
v 56.478573 80.477669 312.366608
vn -1.577334 3.552022 -2.153761
v 52.487080 81.737343 311.411194
vn 2.483693 3.740250 -4.385384
v 55.706909 79.994926 311.518219
vn 2.489799 3.754805 -4.369953
v 54.964931 79.509262 310.682007
vn 1.849594 4.700364 -3.246134
v 51.758858 80.488541 309.883698
vn 2.497426 3.773096 -4.350365
v 54.640381 79.245583 310.269165
vn 2.508449 3.787932 -4.331178
v 54.365616 78.957466 309.860199
vn 2.522172 3.805449 -4.307701
v 54.153610 78.637688 309.455414
vn 2.036063 4.087497 -4.306504
v 47.231979 82.653343 309.472260
vn 3.150628 3.945578 -3.249285
v 50.028919 81.492180 309.887909
vn 2.027600 4.066981 -4.329928
v 47.405838 82.995262 309.877136
vn 2.282998 3.952404 -4.317967
v 47.493603 83.101860 310.021118
vn 2.020056 4.050003 -4.349246
v 47.521069 83.375931 310.286499
vn 2.007853 4.034422 -4.368755
v 47.590389 83.787689 310.699951
vn 3.858635 0.398288 -2.166995
v 50.757145 82.740982 311.415405
vn 2.281834 3.951054 -4.319818
v 48.140629 84.211098 311.377991
vn 1.998235 4.021845 -4.384240
v 47.646774 84.671104 311.537842
vn 2.527943 3.819043 -4.292296
v 53.986237 78.297043 309.055145
vn 2.044874 4.099345 -4.291045
v 47.017879 82.339813 309.072083
vn 2.282209 3.951851 -4.318891
v 51.194073 79.520012 308.698669
vn 2.052484 4.111895 -4.275156
v 46.516941 81.771233 308.287140
vn 2.535294 3.831840 -4.276287
v 53.738419 77.581612 308.269562
vn 2.280346 3.948687 -4.322765
v 50.594902 78.492516 307.442749
vn 2.543914 3.840070 -4.263220
v 53.578018 76.839119 307.506073
vn 2.548686 3.841980 -4.258188
v 53.470852 76.091728 306.767334
vn 2.553819 3.835679 -4.260124
v 53.382744 75.361626 306.055908
vn 2.276347 3.941901 -4.331057
v 50.026283 77.517403 306.253815
vn 2.054962 4.128391 -4.257047
v 45.350876 80.802620 306.787109
vn 2.055591 4.123369 -4.262061
v 45.949200 81.265060 307.524658
vn 1.865720 3.782604 -4.604888
v 49.673904 76.913101 305.519531
vn 2.575217 3.806128 -4.271349
v 53.279503 74.670975 305.374420
vn -1.581265 3.538961 -2.167647
v 49.326939 76.318077 304.799316
vn 2.542291 3.791152 -4.306209
v 53.126957 74.041939 304.725494
vn -1.539924 3.287614 -2.341930
v 48.998558 75.754898 304.121155
vn 2.693711 3.103103 -4.603916
v 52.890911 73.496689 304.111725
vn 2.340907 3.506804 -4.606145
v 47.943970 77.916748 305.523743
vn 2.046757 4.129833 -4.258913
v 44.758202 80.365250 306.076904
vn 2.010718 4.133651 -4.270010
v 44.207390 79.934258 305.396515
vn 3.849209 0.388433 -2.180882
v 47.597004 77.321716 304.803528
vn 2.013618 4.097878 -4.304908
v 43.734669 79.490982 304.748352
vn 1.983215 4.028820 -4.383640
v 47.685932 85.578812 312.388000
vn 3.857810 0.394781 -2.170654
v 51.506985 84.026871 312.985565
vn 1.980200 4.045211 -4.369532
v 47.733715 86.020935 312.816803
vn 1.996019 4.049984 -4.358974
v 47.818790 86.444115 313.247650
vn 2.006339 4.069932 -4.335857
v 47.955025 86.840012 313.680145
vn 2.273588 3.941033 -4.333296
v 49.481716 86.510262 314.182526
vn 2.037694 4.118635 -4.274631
v 48.727398 87.828232 314.984375
vn 2.044993 4.123200 -4.266648
v 49.447067 88.374908 315.856537
vn 2.018196 4.089899 -4.311539
v 48.155388 87.200829 314.113953
vn 2.029728 4.105222 -4.291525
v 48.416977 87.527931 314.548798
vn 2.207129 3.822215 -4.471869
v 55.101826 94.079018 323.791504
vn 3.809458 0.298660 -2.278315
v 56.940327 95.331329 325.739288
vn 1.876455 3.830585 -4.604932
v 54.502823 97.360397 326.251099
vn 3.799468 0.281945 -2.296731
v 57.319508 95.981911 326.452789
vn 1.855336 3.804044 -4.635190
v 54.651012 98.061958 326.889526
vn 3.789407 0.261755 -2.317699
v 57.684204 96.607704 327.126831
vn 1.844596 3.790055 -4.650903
v 54.868179 98.693329 327.492035
vn 2.466178 1.129719 -0.102501
v 58.033142 97.206505 327.758209
vn 1.892904 3.843531 -0.301215
v 55.005783 98.962860 327.765594
vn 0.309484 -2.724569 4.364254
v 52.766346 90.498077 332.895050
vn -2.500381 -3.741157 4.376105
v 50.369061 91.680634 332.716919
vn -2.497761 -3.736441 4.381404
v 50.118469 90.859558 331.872375
vn -2.482590 -3.723827 4.400652
v 49.958324 89.946983 331.006592
vn 1.614949 -3.504642 2.215189
v 53.207870 88.872849 331.696442
vn 1.341457 -0.731132 2.163943
v 53.804310 89.895889 332.892517
vn 1.625196 -3.484447 2.237591
v 52.563034 87.766685 330.430237
vn -2.467952 -3.699476 4.429313
v 49.837536 88.976448 330.122437
vn -2.448819 -3.674620 4.460902
v 49.705006 87.981468 329.222839
vn 1.634021 -3.467393 2.256196
v 51.872189 86.581490 329.098541
vn -2.428779 -3.644989 4.496226
v 49.509647 86.995567 328.310608
vn 2.993837 -2.817765 2.691973
v 51.137894 85.321663 327.706329
vn -1.024222 -1.487248 5.456221
v 49.324207 86.373894 327.710724
vn -3.357043 0.829509 -2.969218
v 39.876114 73.951431 310.954926
vn 2.382437 -2.269815 -3.051602
v 43.180645 71.676010 311.035767
vn -2.790328 -0.455123 -2.130597
v 39.438999 73.197166 311.152802
vn 2.465994 -2.124324 -3.089054
v 43.040554 71.434280 311.098114
vn 0.980186 -2.539360 -2.156975
v 42.898872 71.189880 311.144379
vn -3.618599 0.391335 -2.751274
v 40.288273 74.663322 310.604950
vn 2.375534 -2.496252 -2.983206
v 50.255737 67.929573 310.929657
vn -3.125778 -0.641445 -3.112895
v 46.778561 69.906990 310.949097
vn 0.983242 -3.025401 -3.122883
v 43.318687 71.914276 310.957520
vn 2.125834 -2.941355 -2.765251
v 50.667900 68.641472 310.579712
vn -3.852750 -0.013352 -2.444102
v 40.662312 75.310097 310.114136
vn 1.891739 -3.346121 -2.458061
v 51.041935 69.288239 310.088867
vn -4.055425 -0.364464 -2.058576
v 40.986263 75.871063 309.498077
vn 1.688990 -3.697145 -2.072565
v 51.365891 69.849213 309.472809
vn -4.220385 -0.650568 -1.607029
v 41.249779 76.328300 308.776550
vn 1.524137 -3.983310 -1.621011
v 51.629406 70.306450 308.751282
vn -4.337853 -0.864180 -1.106954
v 41.444431 76.667191 307.972534
vn 1.398828 -4.192379 -1.120914
v 51.824059 70.645340 307.947266
vn -3.708898 -1.595824 -2.006086
v 48.465973 72.830948 307.271210
vn 1.316955 -4.320943 -0.581039
v 51.943630 70.855049 307.086548
vn -4.382653 -1.064485 -0.312007
v 48.512280 72.913208 306.689850
vn 1.242942 -4.320377 -0.208729
v 51.984295 70.928879 306.196594
vn -4.388471 -1.079481 0.055602
v 48.523945 72.935783 306.101440
vn 0.941431 -4.561407 -0.452718
v 51.958099 70.938965 305.960938
vn 0.154859 -4.967185 -1.121715
v 51.872231 70.972343 305.740601
vn -3.375952 -1.189996 -0.937862
v 48.500801 72.898354 305.514130
vn -0.961033 -5.058599 -1.634356
v 51.724800 71.037888 305.573975
vn -1.913343 -4.886479 -1.816194
v 51.628448 71.086487 305.523865
vn -2.515817 -4.715661 -1.788116
v 51.528194 71.141983 305.506775
vn 0.448203 -4.007594 -2.016204
v 45.006096 74.838226 307.279633
vn -4.406882 -1.000192 -0.567107
v 41.564003 76.876907 307.111816
vn 1.250066 -4.332399 -0.325712
v 45.052406 74.920494 306.698273
vn -4.368272 -1.064973 -0.195071
v 41.604668 76.950729 306.221863
vn 1.241246 -4.345627 0.041903
v 45.064072 74.943062 306.109863
vn -4.428780 -1.445821 -0.439643
v 41.625568 76.933495 305.986084
vn -4.393011 -2.328579 -1.110698
v 41.696362 76.875984 305.765350
vn -3.920388 -3.341980 -1.627149
v 41.825836 76.780884 305.598083
vn -3.299137 -4.082515 -1.812636
v 41.915665 76.721466 305.547516
vn -3.164095 0.948067 -3.038075
v 46.640518 69.668732 311.027344
vn 0.982090 -2.643733 -2.139770
v 49.818626 67.175308 311.127533
vn -3.079402 1.092898 -3.075565
v 46.500431 69.427002 311.089691
vn -2.698822 -0.404930 -2.148017
v 46.358749 69.182594 311.135956
vn -3.132393 1.394944 -2.427631
v 45.987530 84.417984 327.031433
vn -5.435703 3.151397 0.016884
v 48.424549 88.620522 326.567841
vn -3.773793 0.530394 -2.721457
v 46.173210 84.738495 326.921051
vn -4.238362 -0.272487 -1.973358
v 46.323761 84.999008 326.678467
vn -4.525176 -0.770451 -0.929306
v 46.416687 85.160606 326.339874
vn -4.591505 -0.888981 0.254552
v 46.438107 85.199135 325.955872
vn -4.427552 -0.610354 1.401372
v 46.384823 85.108856 325.583862
vn -4.057928 0.023910 2.339992
v 46.264793 84.903244 325.279358
vn -5.436396 3.150198 0.014291
v 43.607399 80.354736 317.667419
vn -3.537680 0.918835 2.930130
v 46.095951 84.613022 325.087921
vn -4.466921 -0.674176 1.241687
v 43.843105 80.747116 320.979401
vn -4.598343 -0.895077 0.077029
v 43.885651 80.818871 321.357208
vn -5.541354 2.942510 0.176047
v 48.599533 88.920120 327.047607
vn -5.321556 3.322893 -0.188430
v 50.760838 92.661514 323.224884
vn -5.329039 3.311179 -0.192691
v 51.164730 93.354309 324.028534
vn -5.338878 3.294332 -0.208641
v 51.592934 94.089363 324.749817
vn -5.346597 3.279875 -0.228625
v 52.051193 94.876640 325.370728
vn -5.351681 3.269997 -0.242727
v 52.523682 95.688759 325.916656
vn -5.350899 3.270117 -0.250073
v 53.448891 97.279434 326.887177
vn -5.343688 3.282430 -0.242157
v 53.871193 98.005333 327.365082
vn -5.333573 3.300381 -0.224324
v 54.247272 98.651421 327.875427
vn -1.495083 3.620990 1.796144
v 54.404243 98.920898 328.135040
vn -5.548295 2.929571 0.163908
v 48.968029 89.550438 328.201508
vn -5.553189 2.919993 0.157800
v 49.303005 90.122871 329.382874
vn -5.555118 2.915416 0.162202
v 49.623600 90.670586 330.544281
vn -5.548934 2.927235 0.172231
v 49.949604 91.227913 331.639648
vn -5.536386 2.949724 0.199070
v 50.301277 91.829948 332.623749
vn -5.321012 3.323833 -0.187271
v 49.938042 91.250252 321.565491
vn -2.532204 2.690347 -2.887058
v 46.885715 86.008209 317.007233
vn -2.015592 3.578189 -2.262524
v 46.718040 85.720047 316.804535
vn -5.317398 3.331247 -0.167472
v 49.104572 89.820839 319.847839
vn -3.128740 1.662927 -3.071001
v 47.079323 86.341667 317.066925
vn -5.307859 3.347040 -0.148860
v 48.919559 89.503967 319.365173
vn -3.714479 0.652257 -2.786163
v 47.269382 86.669655 316.974518
vn -5.298909 3.361482 -0.131621
v 48.753498 89.219925 318.844025
vn -4.199904 -0.187716 -2.076142
v 47.426964 86.942238 316.744049
vn -5.289702 3.375630 -0.119631
v 48.459240 88.717415 317.725586
vn -4.511525 -0.728936 -1.048899
v 47.528076 87.117920 316.410675
vn -4.601611 -0.889294 0.139200
v 47.557323 87.169952 316.025085
vn -5.284950 3.382265 -0.121621
v 48.183689 88.247299 316.570984
vn -4.456618 -0.644184 1.307223
v 47.510258 87.090416 315.645996
vn -5.290042 3.373762 -0.137698
v 47.888359 87.742920 315.457916
vn -4.098482 -0.031047 2.277426
v 47.394039 86.891411 315.331146
vn -5.300001 3.357666 -0.157889
v 47.721210 87.456985 314.941162
vn -5.310047 3.340564 -0.182171
v 47.534615 87.137360 314.463745
vn -3.581846 0.856823 2.901931
v 47.226360 86.603249 315.128448
vn -5.322510 3.318976 -0.209131
v 47.323517 86.775291 314.035706
vn -5.334743 3.297647 -0.231341
v 47.086849 86.368935 313.659515
vn -5.338129 3.289390 -0.252828
v 46.830181 85.927933 313.324890
vn -5.347611 3.273198 -0.263116
v 46.559502 85.462646 313.021057
vn -2.985362 1.884373 3.085821
v 47.032757 86.269791 315.068756
vn -5.355406 3.262431 -0.254385
v 46.000137 84.500839 312.462524
vn -2.399615 2.894926 2.801093
v 46.842693 85.941795 315.161194
vn -5.350379 3.272724 -0.237795
v 45.456852 83.566772 311.897583
vn -1.914189 3.734839 2.091000
v 46.685112 85.669212 315.391632
vn -5.342731 3.287435 -0.216631
v 45.206268 83.136154 311.585693
vn -1.602570 4.276127 1.063711
v 46.584003 85.493538 315.725037
vn -5.333000 3.304439 -0.198986
v 44.977737 82.743698 311.239868
vn -1.512477 4.436460 -0.124356
v 46.554756 85.441505 316.110626
vn -5.320650 3.325395 -0.177653
v 44.776798 82.398979 310.850189
vn -5.313817 3.337227 -0.160508
v 44.595917 82.088959 310.431488
vn -5.305391 3.351125 -0.143330
v 44.274887 81.539330 309.546082
vn -5.296428 3.365187 -0.130297
v 43.996651 81.063622 308.621887
vn -5.290669 3.373944 -0.123942
v 43.747360 80.637840 307.689270
vn -5.287184 3.378802 -0.125559
v 43.513149 80.237968 306.778473
vn -5.611794 2.608688 -0.643825
v 42.398346 78.326019 304.491943
vn -5.277365 3.390642 -0.151585
v 43.280270 79.840164 305.920044
vn -5.295465 3.363622 -0.164493
v 43.035042 79.420731 305.144653
vn -5.065093 3.554407 -0.658893
v 42.763794 78.955963 304.482971
vn -5.321400 3.074295 -0.900940
v 42.579811 78.639481 304.330078
vn -5.502739 2.761399 -0.821408
v 42.480610 78.468315 304.373566
vn -5.138928 3.388568 -0.830275
v 42.679668 78.811440 304.368683
vn -1.657524 4.191372 -1.292410
v 46.601822 85.521042 316.489685
vn -5.508776 2.999041 0.239157
v 43.460793 80.102982 317.442230
vn -5.498664 3.015472 0.258459
v 42.780651 78.934479 316.530212
vn -5.490544 3.029156 0.269290
v 42.076027 77.723244 315.741943
vn -5.487555 3.033134 0.278644
v 41.370075 76.509384 315.038055
vn -5.488584 3.030910 0.280036
v 40.685734 75.332581 314.378662
vn -5.493066 3.023285 0.274966
v 40.045441 74.231682 313.723114
vn -5.498839 3.013881 0.265554
v 39.748756 73.721718 313.383942
vn -5.505697 3.002311 0.255560
v 39.471329 73.245010 313.030212
vn -4.141922 -0.938308 -0.866216
v 39.150269 72.693626 312.550720
vn -1.837547 3.641034 1.054944
v 42.919842 79.155655 320.996368
vn -1.949281 3.657363 2.181996
v 43.026985 79.341682 320.674500
vn -2.444691 2.801342 2.848687
v 43.187565 79.619377 320.458221
vn -3.030772 1.791000 3.090089
v 43.377552 79.947174 320.379883
vn -3.619688 0.777461 2.870062
v 43.568501 80.276009 320.451233
vn -4.123542 -0.087363 2.221613
v 43.731834 80.556656 320.661560
vn -2.944990 1.941032 3.083578
v 45.903519 84.281540 325.038086
vn -4.498380 -0.716953 -1.097888
v 43.853111 80.761185 321.738373
vn -2.367942 2.937607 2.777508
v 45.716244 83.958321 325.137360
vn -1.893357 3.759800 2.057608
v 45.562103 83.691658 325.370850
vn -4.181979 -0.166456 -2.107369
v 43.750355 80.582687 322.065887
vn -3.696565 0.674103 -2.800284
v 43.592762 80.310104 322.290710
vn -1.591794 4.284843 1.031463
v 45.464127 83.521385 325.703705
vn -3.114772 1.678811 -3.072984
v 43.403919 79.984230 322.379181
vn -1.508522 4.434357 -0.147605
v 45.436947 83.472931 326.086212
vn -2.524069 2.697236 -2.884367
v 43.212093 79.653854 322.318085
vn -1.656030 4.185987 -1.303439
v 45.484627 83.553543 326.461212
vn -2.171879 3.085689 -1.877649
v 43.046001 79.368408 322.116547
vn -2.069654 3.233893 -1.713970
v 45.600044 83.751175 326.772675
vn 5.288962 -2.399520 0.518933
v 47.748383 79.529854 315.655975
vn 2.012109 -3.576718 2.262753
v 47.181873 78.532494 320.634705
vn 2.528530 -2.688442 2.887571
v 47.014198 78.244331 320.432007
vn 2.126356 -3.611678 2.233251
v 49.581169 82.680794 317.599976
vn 4.706315 -3.399352 -0.543259
v 50.715790 84.621956 321.065704
vn 1.654292 -4.190083 1.292435
v 47.298092 78.731499 320.949585
vn 2.529088 -2.688412 2.887597
v 49.568241 82.627098 325.088135
vn 1.509732 -4.435287 0.124214
v 47.345161 78.811035 321.328644
vn 3.125998 -1.660946 3.071358
v 49.374638 82.293633 325.028473
vn 1.600270 -4.275085 -1.063978
v 47.315914 78.759003 321.714233
vn 3.712197 -0.650600 2.786462
v 49.184574 81.965645 325.120880
vn 1.912322 -3.733857 -2.091313
v 47.214802 78.583321 322.047638
vn 4.198074 0.189150 2.076226
v 49.026993 81.693062 325.351349
vn 2.398200 -2.894081 -2.801317
v 47.057220 78.310738 322.278076
vn 4.510083 0.730110 1.048826
v 48.925880 81.517387 325.684723
vn 2.984417 -1.883665 -3.085987
v 46.867157 77.982750 322.370514
vn 4.600578 0.890123 -0.139408
v 48.896633 81.465355 326.070312
vn 3.581324 -0.856304 -2.901969
v 46.673553 77.649292 322.310822
vn 4.455929 0.644621 -1.307439
v 48.943703 81.544891 326.449402
vn 1.482810 -3.470186 2.170012
v 46.167877 76.775444 322.844818
vn 1.621007 -3.198355 2.444660
v 48.721924 81.158211 327.500946
vn 4.094779 0.036942 -2.275463
v 49.059921 81.743889 326.764252
vn 1.783113 -2.642064 2.776928
v 48.952591 81.554474 327.816650
vn 2.195593 -1.932232 3.052425
v 49.217762 82.010803 327.993744
vn 2.642160 -1.441095 3.126615
v 49.496891 82.491821 328.018494
vn 3.571164 -0.849138 -2.903239
v 49.227596 82.032059 326.966949
vn 2.975076 -1.881302 -3.086996
v 49.421204 82.365517 327.026642
vn 2.942990 -0.088443 3.268286
v 57.044926 95.503059 327.778870
vn 2.828051 -1.609694 3.130147
v 57.358311 96.043404 327.737762
vn 2.650319 -1.926161 3.111862
v 57.672138 96.584213 327.767914
vn 2.319138 -0.300687 2.607908
v 57.982342 97.118477 327.868927
vn 2.665496 0.943681 4.037660
v 54.261478 90.688072 331.896057
vn 2.011837 -3.576376 2.262973
v 49.735916 82.915260 325.290833
vn 2.393900 -2.892148 -2.801763
v 49.611263 82.693504 326.934204
vn 1.908720 -3.732401 -2.091441
v 49.768845 82.966087 326.703766
vn 1.597456 -4.273981 -1.063848
v 49.869957 83.141769 326.370361
vn 4.093080 0.032064 -2.279937
v 46.505878 77.361122 322.108124
vn 1.203596 -3.706075 1.712776
v 46.008488 76.502266 322.473877
vn 1.032447 -3.998171 1.032286
v 45.898727 76.314903 322.037445
vn 0.948877 -4.139157 0.290122
v 45.845116 76.224495 321.561432
vn 4.446495 0.651009 -1.309140
v 46.389660 77.162125 321.793274
vn 0.957789 -4.120597 -0.469591
v 45.850838 76.236404 321.074127
vn 4.590737 0.897638 -0.138805
v 46.342590 77.082588 321.414185
vn 1.122423 -4.077919 -1.029742
v 45.915558 76.349922 320.604492
vn 4.503648 0.733934 1.051458
v 46.371838 77.134621 321.028595
vn 4.195539 0.190703 2.076704
v 46.472950 77.310295 320.695190
vn 3.710133 -0.649639 2.786876
v 46.630531 77.582878 320.464752
vn 3.124704 -1.660514 3.071587
v 46.820591 77.910866 320.372345
vn 1.507763 -4.434454 0.124508
v 49.899204 83.193802 325.984772
vn 1.653163 -4.189520 1.292792
v 49.852135 83.114265 325.605713
vn -5.288965 2.399521 -0.518932
v 54.175663 82.614670 321.057281
vn -0.489033 2.773822 4.045338
v 57.721355 88.680794 331.887634
vn -3.825798 -2.638469 1.017979
v 48.019043 74.063301 304.895935
vn 1.033596 -3.354130 2.550298
v 50.059643 81.517746 316.417328
vn -0.387884 -4.633009 1.009616
v 46.289108 75.066948 304.900146
vn -2.819588 -1.225506 -0.203393
v 47.977978 73.993042 304.770508
vn -3.547796 -3.478752 -2.328911
v 48.842945 73.491219 304.768402
vn -3.415508 -0.772933 2.561134
v 51.789581 80.514099 316.413116
vn -4.182634 0.048562 2.248600
v 53.041042 80.673508 317.591553
vn -3.308408 -0.458635 2.246480
v 52.176075 81.175331 317.593658
vn 1.252122 -3.104477 2.235365
v 50.446136 82.178970 317.597870
vn -4.706312 3.399353 0.543262
v 51.208256 77.522568 315.647552
vn -1.525607 2.504128 3.279161
v 60.504799 93.495773 327.770447
vn -3.265085 -2.007256 3.099680
v 53.490616 83.435303 318.987976
vn -0.110649 -3.837332 3.091999
v 51.760677 84.438942 318.992188
vn -4.089702 -1.554814 0.087620
v 39.151890 72.669533 312.598938
vn -3.520956 -2.794303 1.061076
v 39.176243 72.638451 312.634186
vn 2.483075 2.302083 4.737829
v 56.944382 97.720657 327.871460
vn -0.128793 4.117463 0.254440
v 54.650433 99.054504 327.874237
vn 0.956258 4.015138 -0.231177
v 54.827198 99.036644 327.794098
vn -1.032798 3.885721 0.998906
v 54.501980 99.013954 327.993835
vn 3.776693 0.389131 2.201417
v 54.314400 93.180550 329.520905
vn -1.528675 3.467104 2.214374
v 59.850201 89.968895 329.507416
vn -2.501969 -1.092165 4.372247
v 58.302147 87.286423 332.881561
vn -1.292852 0.797416 2.170554
v 57.264183 87.888603 332.884094
vn 2.743848 -1.299400 3.117727
v 56.123436 96.306107 327.757751
vn 2.966425 -0.885025 3.042602
v 55.716099 95.603462 327.884644
vn -2.229604 2.129518 3.055246
v 61.251896 92.391808 327.871185
vn -2.478603 1.730470 3.130441
v 61.659237 93.094452 327.744293
vn 2.505314 -1.708073 3.120131
v 56.535934 97.017136 327.753326
vn 3.175495 -0.500940 2.903731
v 55.323021 94.924896 328.131165
vn -2.000494 2.501909 2.916342
v 60.858822 91.713242 328.117706
vn 3.386292 -0.136812 2.698312
v 54.952984 94.285568 328.491821
vn -1.789647 2.866072 2.710920
v 60.488785 91.073914 328.478333
vn 3.579201 0.196888 2.432446
v 54.614254 93.699760 328.958527
vn -1.596761 3.199796 2.445060
v 60.150055 90.488098 328.945068
vn -2.789730 1.649516 3.143820
v 60.818184 94.036118 327.729340
vn -2.714984 1.320531 3.132868
v 62.071735 93.805481 327.739868
vn -2.976316 1.338175 3.125570
v 61.132015 94.576927 327.759491
vn 0.783366 3.288403 4.741758
v 62.480183 94.509003 327.858002
vn -1.402651 1.858554 2.616990
v 61.442219 95.111191 327.860504
vn -0.431717 0.424741 6.182629
v 46.901985 83.997284 328.024811
vn -1.066559 -0.674573 6.008570
v 46.622856 83.516266 328.000061
vn -1.876733 -2.068764 5.467518
v 46.357685 83.059944 327.822968
vn -2.448148 -3.034973 4.834682
v 46.127018 82.663673 327.507263
vn -2.751615 -3.553159 4.297321
v 43.572971 78.280907 322.851135
vn -3.079252 -4.127476 3.380881
v 43.413582 78.007729 322.480194
vn -3.415741 -4.701816 2.042946
v 43.303822 77.820366 322.043762
vn -3.580075 -4.979013 0.583722
v 43.250210 77.729958 321.567749
vn -3.562505 -4.942532 -0.910065
v 43.255932 77.741867 321.080444
vn -3.459088 -4.762536 -2.008830
v 43.320652 77.855385 320.610809
vn -2.950232 -4.114864 1.036427
v 44.221516 78.166565 318.872467
vn -3.328680 -3.758349 0.979834
v 43.959427 78.357620 318.791870
vn -3.898324 -3.255229 0.941046
v 43.723610 78.558136 318.659821
vn -1.856020 3.527462 -1.215006
v 42.950104 79.204117 321.879120
vn -1.691447 3.799569 0.222097
v 42.883965 79.092575 321.291840
vn -1.715090 3.760323 -0.521517
v 42.894375 79.109238 321.595459
vn -2.671974 2.066781 -2.397176
v 45.847965 84.177475 327.019073
vn -2.347988 2.628205 -2.179437
v 45.715382 83.949310 326.930511
vn -1.427354 -1.193824 5.407986
v 48.954330 86.676819 327.704437
vn -2.245753 -0.759162 5.150964
v 48.686607 87.074791 327.685303
vn -5.523399 2.983958 0.082294
v 43.604332 80.349411 317.670593
vn -5.870422 2.081044 0.365290
v 43.419464 79.902023 317.918945
vn -6.032288 0.880672 -0.759735
v 42.808056 78.811905 320.849457
vn -5.980208 0.471142 0.569623
v 43.362209 79.422218 318.166840
vn -5.797155 -1.403615 -1.397661
v 42.844975 78.444092 320.724609
vn -5.698718 -0.704079 0.609288
v 43.390240 79.176430 318.293213
vn -4.697738 -3.463962 -1.821561
v 43.024975 78.108208 320.640808
vn -5.271435 -1.620169 0.742658
v 43.461773 78.940331 318.419434
vn -4.654435 -2.496872 0.862257
v 43.575283 78.730003 318.542023
vn -6.062733 0.749931 -0.350664
v 42.763313 78.733421 321.174133
vn -5.829838 -1.578986 -0.636153
v 42.789734 78.347191 321.125458
vn -4.747889 -3.638554 -0.826440
v 42.962719 77.999001 321.092560
vn -4.763916 -3.671872 0.536060
v 42.957214 77.987549 321.561310
vn -4.614065 -3.419036 1.866957
v 43.008785 78.074516 322.019196
vn -4.307210 -2.895173 3.087222
v 43.114368 78.254745 322.439026
vn -4.040188 -2.359738 3.929660
v 43.267693 78.517525 322.795868
vn -5.290786 -0.557017 3.032484
v 43.060345 78.807289 322.636841
vn -5.487776 -1.002149 2.401045
v 42.924297 78.574120 322.320221
vn -5.725915 -1.408680 1.454084
v 42.830608 78.414192 321.947693
vn -5.842230 -1.604850 0.421242
v 42.784847 78.337021 321.541412
vn -5.755391 1.344766 1.671502
v 42.982498 79.106079 322.398315
vn -5.871369 1.072663 1.348578
v 42.872303 78.917221 322.141846
vn -6.005507 0.842925 0.819760
v 42.796421 78.787689 321.840118
vn -6.070676 0.733045 0.241042
v 42.759357 78.725189 321.511047
vn -5.633273 1.542710 1.890179
v 45.536541 83.488846 327.054443
vn -5.070139 -0.196458 3.416565
v 45.614388 83.190056 327.292999
vn -3.758320 -1.889511 4.419217
v 45.821735 82.900291 327.451996
vn -5.391306 1.873370 2.183705
v 45.696011 83.762802 327.272705
vn -5.069559 2.427323 2.398536
v 45.879337 84.078278 327.395111
vn -4.856397 2.880674 2.410222
v 46.072311 84.410828 327.412231
vn -4.049944 1.432323 4.269528
v 46.037613 83.917786 327.713623
vn -3.653256 2.242474 4.364735
v 46.275867 84.328362 327.734741
vn -2.461779 0.248867 5.482446
v 46.298706 83.720436 327.926025
vn -1.924955 1.273787 5.649592
v 46.567211 84.183144 327.949860
vn -4.624681 0.443539 3.885876
v 45.811275 83.528290 327.562439
vn -3.200498 -1.022339 4.989028
v 46.043625 83.281479 327.755676
vn -5.555252 2.501430 1.359551
v 48.324585 88.307480 326.966980
vn -5.491632 3.025780 0.255636
v 48.422592 88.617104 326.572784
vn -5.093036 1.594520 3.003749
v 48.346443 87.938179 327.317383
vn -4.087363 0.589182 4.257610
v 48.478817 87.520737 327.573975
vn -3.129375 -0.166866 4.818727
v 48.576866 87.300087 327.650482
vn -2.986575 1.470468 -3.114612
v 48.361382 74.653831 304.786438
vn 2.747559 -1.856253 -3.128576
v 46.631443 75.657478 304.790649
vn -2.715118 1.938286 -3.107062
v 48.708279 75.251724 304.796112
vn 3.018971 -1.388414 -3.121011
v 46.978340 76.255371 304.800323
vn -2.448250 2.397837 -3.006481
v 49.049381 75.839127 304.924652
vn 3.285836 -0.928843 -3.020452
v 47.319443 76.842773 304.928864
vn -2.193896 2.835506 -2.815895
v 49.374493 76.398491 305.168213
vn 3.540222 -0.491189 -2.829879
v 47.644554 77.402130 305.172424
vn 4.199976 0.187626 2.076136
v 51.009956 83.160110 315.381104
vn 4.511479 0.728953 1.048813
v 50.908848 82.984428 315.714508
vn 4.601650 0.889268 -0.139239
v 50.879597 82.932396 316.100098
vn 3.714371 -0.652169 2.786212
v 51.167538 83.432693 315.150665
vn 3.128872 -1.662854 3.070927
v 51.357601 83.760681 315.058228
vn 2.532207 -2.690317 2.887062
v 51.551205 84.094139 315.117920
vn 2.015614 -3.578203 2.262507
v 51.718884 84.382309 315.320618
vn 1.657519 -4.191358 1.292363
v 51.835102 84.581306 315.635468
vn 1.512473 -4.436471 0.124367
v 51.882168 84.660851 316.014557
vn 1.602646 -4.276124 -1.063790
v 51.852921 84.608818 316.400146
vn 1.914069 -3.734806 -2.091025
v 51.751808 84.433136 316.733521
vn 2.399743 -2.894973 -2.801061
v 51.594227 84.160553 316.963989
vn 2.985351 -1.884244 -3.085856
v 51.404167 83.832565 317.056396
vn 3.581860 -0.856811 -2.901938
v 51.210560 83.499100 316.996704
vn 4.098496 0.031048 -2.277400
v 51.042885 83.210938 316.794006
vn 4.456577 0.644218 -1.307293
v 50.926666 83.011940 316.479156
vn -4.949040 3.709508 -0.909703
v 54.286369 98.701912 327.805847
vn -4.300519 4.149750 -1.816150
v 54.342655 98.744110 327.734619
vn -3.436760 4.477899 -2.664741
v 54.415279 98.774002 327.666046
vn -4.355029 4.040850 -1.930627
v 53.991508 98.122910 327.190430
vn -3.511843 4.331850 -2.807723
v 54.082867 98.161079 327.105377
vn -4.393236 3.970027 -2.000288
v 53.612076 97.439636 326.653595
vn -3.556708 4.242918 -2.895988
v 53.735718 97.491928 326.539795
vn -4.393215 3.981698 -1.991237
v 52.796658 95.958717 325.534882
vn -3.551610 4.261682 -2.887423
v 53.002758 96.047577 325.348907
vn -4.359348 4.058709 -1.914008
v 52.375702 95.198509 324.921173
vn -3.505296 4.365791 -2.790906
v 52.620365 95.304794 324.702209
vn -4.306034 4.170993 -1.794935
v 51.956280 94.450661 324.250702
vn -3.434205 4.515769 -2.640511
v 52.229881 94.570305 324.007599
vn -4.243702 4.280938 -1.676123
v 51.546288 93.734566 323.508301
vn -3.354381 4.659364 -2.484921
v 51.833298 93.860802 323.254913
vn -4.208003 4.330339 -1.624373
v 51.446056 93.562408 323.310120
vn -3.311996 4.720619 -2.412727
v 51.733421 93.688972 323.056793
vn -4.204553 4.335289 -1.618944
v 51.345669 93.390213 323.110016
vn -3.307770 4.727092 -2.404952
v 51.633163 93.516991 322.856964
vn -4.202618 4.339370 -1.613791
v 51.143726 93.043831 322.706299
vn -3.304740 4.733394 -2.397537
v 51.431461 93.171021 322.453735
vn -4.199034 4.345665 -1.606327
v 50.322659 91.635529 321.050415
vn -3.299309 4.742717 -2.386538
v 50.611233 91.764168 320.799500
vn -4.195913 4.350306 -1.601112
v 49.905891 90.920731 320.202148
vn -3.294776 4.749426 -2.378710
v 50.194817 91.049965 319.951965
vn -4.194364 4.352744 -1.598416
v 49.696392 90.561417 319.774048
vn -3.292621 4.752904 -2.374591
v 49.985477 90.690926 319.524200
vn -4.185083 4.375253 -1.569095
v 49.591446 90.381454 319.559052
vn -3.278434 4.783848 -2.338949
v 49.880581 90.511086 319.309387
vn -4.149335 4.440995 -1.485600
v 49.488270 90.206161 319.338531
vn -3.229621 4.870420 -2.233172
v 49.775803 90.335167 319.090454
vn -4.090779 4.532174 -1.369120
v 49.289692 89.875862 318.874817
vn -3.153442 4.986846 -2.081293
v 49.566986 90.000443 318.635956
vn -4.026381 4.623662 -1.247524
v 49.099720 89.567963 318.386139
vn -3.070426 5.101509 -1.921392
v 49.359035 89.684608 318.163116
vn -3.972554 4.689578 -1.158215
v 48.737080 88.996971 317.359344
vn -3.004464 5.180368 -1.801939
v 48.945087 89.090759 317.180969
vn -3.963728 4.688731 -1.162950
v 48.383278 88.448280 316.308655
vn -2.999351 5.173962 -1.804786
v 48.532642 88.515762 316.180878
vn -4.010000 4.620151 -1.259598
v 48.020981 87.876556 315.284027
vn -3.061202 5.087230 -1.928543
v 48.120201 87.921463 315.199341
vn -4.075971 4.525750 -1.385693
v 47.831215 87.567863 314.797089
vn -3.144900 4.970078 -2.091825
v 47.913498 87.605133 314.726898
vn -4.144068 4.414087 -1.529035
v 47.632782 87.236336 314.335297
vn -3.233029 4.827945 -2.274769
v 47.706203 87.269615 314.272736
vn -4.219998 4.280404 -1.690828
v 47.423405 86.876030 313.905151
vn -3.330540 4.656765 -2.480073
v 47.498100 86.909904 313.841553
vn -4.291193 4.144595 -1.845279
v 47.202644 86.485741 313.508270
vn -3.420751 4.481563 -2.675651
v 47.289227 86.525032 313.434601
vn -4.348076 4.028248 -1.970885
v 46.895199 85.930397 313.019836
vn -3.491978 4.330375 -2.834538
v 47.010323 85.982681 312.921997
vn -4.383467 3.959881 -2.040519
v 46.578987 85.350754 312.563385
vn -3.534651 4.241392 -2.925468
v 46.732048 85.420311 312.433380
vn -4.382998 3.985414 -2.009126
v 45.947392 84.187096 311.682800
vn -3.529770 4.276583 -2.895148
v 46.182228 84.293892 311.483521
vn -4.338491 4.095951 -1.887349
v 45.645584 83.637337 311.226929
vn -3.470442 4.424255 -2.746616
v 45.913109 83.759026 310.999969
vn -4.274160 4.226234 -1.741111
v 45.362152 83.131805 310.739502
vn -3.387672 4.595982 -2.560818
v 45.649456 83.262497 310.495758
vn -4.216383 4.325812 -1.626937
v 45.261986 82.957130 310.545319
vn -3.315325 4.724379 -2.411590
v 45.552246 83.089165 310.299103
vn -4.176133 4.393430 -1.545362
v 45.165497 82.791420 310.344208
vn -3.264039 4.811250 -2.305567
v 45.456005 82.923569 310.097778
vn -4.132409 4.469541 -1.447525
v 44.979347 82.476067 309.932343
vn -3.205771 4.910175 -2.180576
v 45.265923 82.606415 309.689209
vn -4.072116 4.560947 -1.328136
v 44.629795 81.897591 309.083801
vn -3.128023 5.025823 -2.024930
v 44.895073 82.018204 308.858643
vn -4.016821 4.633904 -1.231718
v 44.305664 81.375465 308.218994
vn -3.059402 5.114501 -1.897363
v 44.536667 81.480431 308.022766
vn -3.986515 4.668823 -1.185851
v 44.001049 80.893753 307.358002
vn -3.023575 5.154708 -1.836080
v 44.190735 80.979851 307.196655
vn -3.991971 4.651162 -1.214870
v 43.615051 80.286736 306.250610
vn -3.035288 5.128078 -1.872121
v 43.748940 80.347389 306.136444
vn -4.040042 4.576911 -1.319203
v 43.239414 79.685638 305.233612
vn -3.099795 5.032911 -2.006363
v 43.329536 79.726334 305.156494
vn -4.134920 4.443880 -1.459811
v 43.051193 79.375626 304.774078
vn -3.180326 4.904673 -2.187359
v 43.128311 79.410378 304.707886
vn -3.466694 4.302507 -2.372939
v 42.911728 79.078194 304.309296
vn -2.138709 5.108446 -2.871036
v 43.218826 79.428825 304.648743
vn -0.888192 4.406443 -3.940104
v 43.135906 79.100433 304.181885
vn -1.003276 5.122329 -3.421847
v 43.317402 79.429283 304.600647
vn 0.164559 4.873776 -3.897773
v 43.417706 79.412270 304.566193
vn 0.218471 5.006206 -3.727919
v 43.667610 79.728798 304.991333
vn 1.298112 4.543357 -4.089656
v 43.779724 79.691536 304.968079
vn 1.322393 4.597973 -4.023979
v 44.417366 80.296387 305.857666
vn 1.334889 4.611238 -4.008749
v 45.137383 80.908203 306.802612
vn 1.328993 4.591236 -4.036032
v 45.689289 81.393570 307.543518
vn 1.309284 4.549558 -4.091618
v 46.218540 81.918762 308.308777
vn 1.279011 4.499148 -4.156994
v 46.695560 82.499168 309.095490
vn 1.249891 4.458084 -4.208617
v 46.905243 82.814880 309.495941
vn 1.226810 4.421753 -4.254384
v 47.000221 82.980576 309.697784
vn 0.128855 4.839460 -3.961519
v 46.544559 82.934288 309.570251
vn 0.090817 4.772007 -4.044424
v 46.639851 83.099884 309.772034
vn -1.043893 5.041155 -3.551750
v 46.167484 82.997276 309.698486
vn -1.093993 4.954446 -3.658320
v 46.263103 83.162819 309.900146
vn -2.199220 5.033836 -2.989455
v 45.796700 82.994339 309.877563
vn -2.253999 4.940374 -3.104065
v 45.892643 83.159882 310.079102
vn -2.419610 4.632610 -3.410778
v 54.501144 98.788483 327.604767
vn -2.494741 4.484857 -3.554214
v 54.190762 98.179878 327.029388
vn -2.538986 4.393326 -3.645257
v 53.881596 97.518005 326.438171
vn -2.526484 4.418495 -3.634181
v 53.245548 96.092781 325.182770
vn -2.471137 4.535405 -3.529848
v 52.908405 95.359283 324.506592
vn -2.389264 4.701137 -3.368732
v 52.551819 94.632050 323.790375
vn -2.302730 4.858129 -3.198478
v 52.170849 93.926300 323.028534
vn -2.260634 4.923938 -3.116323
v 52.071354 93.754723 322.830444
vn -2.256121 4.931334 -3.107078
v 51.971207 93.582947 322.630829
vn -2.251985 4.939502 -3.097909
v 51.769726 93.237350 322.228027
vn -2.244989 4.951587 -3.083782
v 50.950245 91.831779 320.575348
vn -2.239396 4.960115 -3.073383
v 50.534142 91.118111 319.728455
vn -2.236691 4.964498 -3.068065
v 50.324944 90.759315 319.300964
vn -2.218872 4.998805 -3.031007
v 50.220081 90.579590 319.086304
vn -2.163805 5.093064 -2.917991
v 50.113403 90.403381 318.868805
vn -2.082260 5.218292 -2.752572
v 49.892529 90.066406 318.422546
vn -1.995118 5.340754 -2.576911
v 49.663437 89.746445 317.963867
vn -1.928964 5.423707 -2.443626
v 49.189209 89.140587 317.021576
vn -1.928737 5.415470 -2.442981
v 48.707912 88.551682 316.066711
vn -1.995466 5.323308 -2.576000
v 48.236610 87.945404 315.123657
vn -2.082769 5.199263 -2.753456
v 48.010033 87.625015 314.664215
vn -2.177871 5.046955 -2.949794
v 47.792336 87.287376 314.216858
vn -2.283065 4.862856 -3.169687
v 47.585724 86.928001 313.784729
vn -2.381035 4.673770 -3.378304
v 47.390785 86.546028 313.368774
vn -2.458760 4.510093 -3.547019
v 47.145348 86.010643 312.834564
vn -2.503605 4.413911 -3.644917
v 46.911564 85.457535 312.317230
vn -2.492008 4.453268 -3.617888
v 46.457642 84.351074 311.305481
vn -2.422075 4.615021 -3.463685
v 46.226845 83.824188 310.797180
vn -2.330452 4.801876 -3.265983
v 45.986389 83.332489 310.277985
vn -1.288650 4.624734 -3.990229
v 54.595207 98.786148 327.554962
vn -0.117007 4.435709 -4.397294
v 54.691414 98.767647 327.519287
vn 1.021894 4.117746 -4.593199
v 54.783932 98.735489 327.498627
vn -0.169755 4.344270 -4.487197
v 54.429527 98.154716 326.923309
vn 1.001249 4.071722 -4.639194
v 54.545490 98.114677 326.897675
vn -0.189833 4.296326 -4.536859
v 54.204063 97.485115 326.296295
vn 1.004892 4.063720 -4.647435
v 54.360527 97.431396 326.262024
vn -0.160677 4.331157 -4.510605
v 53.781288 96.041092 324.950897
vn 1.039755 4.101229 -4.609421
v 54.040840 95.952782 324.894867
vn -0.105568 4.425509 -4.421605
v 53.543526 95.299423 324.233582
vn 1.082139 4.165293 -4.542673
v 53.851032 95.195190 324.167572
vn -0.033416 4.550220 -4.296554
v 53.261246 94.566559 323.487244
vn 1.131193 4.241138 -4.461518
v 53.604542 94.450569 323.413971
vn 0.030835 4.668224 -4.165914
v 52.914265 93.858955 322.712555
vn 1.168497 4.312969 -4.381176
v 53.273838 93.737808 322.636169
vn 0.054434 4.720253 -4.100621
v 52.815514 93.687607 322.514557
vn 1.177464 4.347885 -4.340810
v 53.175407 93.566437 322.438202
vn 0.058281 4.727670 -4.091627
v 52.715527 93.516098 322.315247
vn 1.175074 4.361214 -4.329042
v 53.075459 93.394989 322.238983
vn 0.064116 4.738539 -4.079798
v 52.514347 93.171021 321.913086
vn 1.147517 4.380655 -4.321826
v 52.874352 93.050041 321.836945
vn 0.073424 4.754408 -4.061185
v 51.695908 91.767235 320.262482
vn 1.189813 4.389686 -4.297080
v 52.056164 91.646690 320.186859
vn 0.080214 4.765656 -4.047158
v 51.280243 91.054314 319.416473
vn 1.195378 4.397252 -4.286975
v 51.640602 90.933945 319.341034
vn 0.083596 4.770918 -4.040610
v 51.071243 90.695862 318.989380
vn 1.206945 4.400218 -4.279325
v 51.431648 90.575577 318.914062
vn 0.101750 4.795831 -4.013786
v 50.966408 90.516304 318.774963
vn 1.218924 4.414829 -4.262704
v 51.326801 90.396065 318.699677
vn 0.146374 4.864073 -3.932805
v 50.855492 90.340622 318.559448
vn 1.249947 4.451091 -4.217149
v 51.213821 90.221123 318.484650
vn 0.204018 4.957309 -3.812413
v 50.608013 90.006187 318.124695
vn 1.282998 4.504976 -4.149357
v 50.953457 89.891068 318.052673
vn 0.263164 5.050876 -3.683407
v 50.332378 89.690414 317.685730
vn 1.316288 4.561081 -4.076223
v 50.655312 89.582863 317.618500
vn 0.303108 5.118757 -3.581007
v 49.725559 89.096054 316.799133
vn 1.336606 4.606877 -4.014789
v 49.984432 89.009949 316.745361
vn 0.295509 5.119461 -3.571242
v 49.092907 88.519951 315.907349
vn 1.328515 4.616577 -4.001762
v 49.278698 88.458221 315.868835
vn 0.247771 5.053144 -3.663177
v 48.492268 87.924477 315.018036
vn 1.300565 4.582057 -4.048659
v 48.615620 87.883530 314.992493
vn 0.188982 4.960865 -3.790866
v 48.222023 87.607712 314.576691
vn 1.268281 4.529261 -4.118708
v 48.324303 87.573776 314.555542
vn 0.119494 4.850203 -3.931595
v 47.981468 87.271980 314.138824
vn 1.227374 4.467711 -4.196810
v 48.072712 87.241714 314.119965
vn 0.042044 4.717297 -4.090797
v 47.778118 86.912384 313.705414
vn 1.183563 4.392779 -4.287014
v 47.870934 86.881607 313.686249
vn -0.030808 4.582088 -4.242749
v 47.613770 86.527962 313.276917
vn 1.142717 4.317473 -4.373555
v 47.721336 86.492310 313.254730
vn -0.089470 4.466645 -4.365714
v 47.441792 85.986694 312.712555
vn 1.110789 4.252085 -4.445440
v 47.584782 85.939308 312.683044
vn -0.118917 4.399929 -4.436960
v 47.305660 85.425774 312.155121
vn 1.103492 4.214983 -4.483667
v 47.495743 85.362808 312.115936
vn -0.095430 4.428784 -4.416767
v 47.062214 84.302483 311.056946
vn 1.117650 4.235171 -4.467161
v 47.353802 84.205940 310.996887
vn -0.031720 4.541930 -4.304810
v 46.915543 83.768867 310.514130
vn 1.167001 4.293706 -4.399947
v 47.247700 83.658897 310.445709
vn 0.039094 4.673035 -4.161987
v 46.725998 83.273109 309.974060
vn 1.206494 4.365592 -4.318442
v 47.082706 83.155014 309.900574
vn 1.236891 4.452146 -4.201465
v 43.513702 79.380333 304.546234
vn -4.865918 3.845349 -0.742552
v 42.990814 79.328049 304.842804
vn -4.819918 3.928422 -0.630452
v 43.168839 79.629951 305.313751
vn -4.789802 3.976507 -0.576903
v 43.510162 80.203842 306.369171
vn -4.789648 3.982566 -0.562289
v 43.852417 80.776161 307.525574
vn -4.808631 3.958472 -0.586629
v 44.124630 81.232155 308.422791
vn -4.840497 3.913736 -0.638170
v 44.421886 81.732933 309.317627
vn -4.873170 3.862105 -0.703625
v 44.754734 82.298149 310.184814
vn -4.895838 3.821473 -0.759361
v 44.937801 82.611046 310.600128
vn -4.917242 3.785213 -0.806120
v 45.034489 82.776917 310.801025
vn -4.952339 3.727533 -0.861884
v 45.136967 82.953423 310.992584
vn -4.989851 3.656122 -0.944019
v 45.435905 83.471245 311.462616
vn -5.012214 3.600998 -1.025034
v 45.763332 84.041313 311.889740
vn -5.015391 3.583170 -1.044851
v 46.459034 85.255775 312.698395
vn -4.991817 3.623327 -1.014023
v 46.804985 85.858994 313.121460
vn -4.955140 3.692430 -0.941611
v 47.134800 86.432068 313.584778
vn -4.914059 3.768069 -0.853634
v 47.364880 86.829742 313.971191
vn -4.870704 3.844050 -0.760552
v 47.575260 87.190857 314.400269
vn -4.833337 3.906994 -0.677884
v 47.766754 87.516922 314.869965
vn -4.796708 3.962417 -0.606614
v 47.943264 87.815163 315.371979
vn -4.773726 3.999537 -0.551083
v 48.266300 88.355965 316.441345
vn -4.783806 3.992743 -0.546263
v 48.574215 88.868584 317.544586
vn -4.815456 3.950699 -0.593699
v 48.896736 89.408165 318.617737
vn -4.850242 3.898226 -0.659846
v 49.072670 89.705132 319.122833
vn -4.881735 3.847374 -0.723889
v 49.263271 90.029297 319.596161
vn -4.897409 3.815719 -0.779018
v 49.365211 90.203690 319.818329
vn -4.898832 3.808595 -0.798221
v 49.470211 90.383766 320.033508
vn -4.901002 3.805748 -0.795638
v 49.679882 90.743362 320.461975
vn -4.905571 3.799217 -0.795026
v 50.097012 91.458794 321.310944
vn -4.907427 3.796063 -0.798703
v 50.918953 92.868584 322.968628
vn -4.907950 3.794572 -0.802360
v 51.121147 93.215408 323.372833
vn -4.909697 3.792145 -0.804484
v 51.221668 93.387825 323.573181
vn -4.968369 3.699443 -0.891023
v 51.742805 94.285217 324.503174
vn -4.932813 3.760301 -0.827594
v 51.322212 93.560349 323.771454
vn -4.997396 3.640351 -0.960041
v 52.184956 95.051216 325.148560
vn -5.015726 3.600126 -1.006183
v 52.636108 95.835274 325.727966
vn -5.013332 3.596002 -1.017746
v 53.515965 97.366508 326.771729
vn -4.989390 3.637138 -0.981054
v 53.920586 98.069305 327.278778
vn -1.358359 4.487868 -4.123445
v 54.308849 98.177490 326.967560
vn -1.394844 4.410636 -4.201114
v 54.041130 97.515388 326.355499
vn -1.373554 4.441277 -4.184204
v 53.510742 96.090073 325.047638
vn -1.314241 4.554521 -4.082717
v 53.222862 95.356857 324.347473
vn -1.231154 4.711181 -3.930587
v 52.903133 94.630104 323.613708
vn -1.149911 4.859071 -3.769006
v 52.539059 93.924973 322.844391
vn -1.114587 4.921703 -3.689234
v 52.439945 93.753555 322.646362
vn -1.110209 4.929480 -3.679559
v 52.339890 93.581940 322.446930
vn -1.105059 4.939188 -3.668916
v 52.138584 93.236641 322.044495
vn -1.096811 4.953475 -3.652096
v 51.319714 91.832115 320.393005
vn -1.090411 4.963523 -3.639623
v 50.903866 91.118881 319.546631
vn -1.087304 4.968539 -3.633486
v 50.694782 90.760292 319.119385
vn -1.067922 5.000707 -3.599559
v 50.589943 90.580650 318.904846
vn -1.014281 5.088622 -3.495164
v 50.481171 90.404533 318.688507
vn -0.939638 5.206002 -3.340646
v 50.247128 90.067680 318.248962
vn -0.861636 5.321572 -3.175497
v 49.994980 89.747787 317.801758
vn -0.805367 5.401125 -3.047965
v 49.455059 89.141884 316.891937
vn -0.809932 5.395428 -3.042676
v 48.898750 88.552742 315.973846
vn -0.871026 5.309905 -3.164922
v 48.363342 87.946190 315.062103
vn -0.949340 5.194115 -3.330014
v 48.115120 87.625694 314.613220
vn -1.037743 5.052518 -3.511785
v 47.886097 87.288002 314.171387
vn -1.136101 4.881806 -3.715802
v 47.681103 86.928665 313.738525
vn -1.228555 4.706734 -3.909347
v 47.501331 86.546814 313.315247
vn -1.302611 4.555677 -4.065699
v 47.292316 86.011726 312.763458
vn -1.343559 4.467449 -4.156750
v 47.106949 85.459015 312.222748
vn -1.324959 4.504586 -4.133271
v 46.757385 84.353424 311.160645
vn -1.252041 4.653985 -3.991861
v 46.568298 83.826881 310.632233
vn -1.163537 4.826401 -3.809097
v 46.353085 83.335396 310.100861
vn 0.177581 4.915797 -3.866759
v 46.339748 82.616966 309.168762
vn 0.233554 5.006033 -3.746086
v 45.889141 82.027847 308.376678
vn 0.275262 5.076347 -3.644026
v 45.402397 81.488617 307.602692
vn 0.292778 5.107827 -3.594305
v 44.901737 80.986313 306.851257
vn 0.272916 5.085076 -3.620586
v 44.250946 80.351608 305.892059
vn -0.983231 5.140363 -3.428074
v 45.967773 82.679108 309.295288
vn -0.908920 5.255159 -3.271137
v 45.544788 82.085411 308.493805
vn -0.849591 5.342280 -3.139410
v 45.102486 81.538803 307.704803
vn -0.821917 5.380543 -3.075298
v 44.655411 81.027603 306.935211
vn -0.842039 5.351295 -3.109348
v 44.077007 80.380859 305.951477
vn -0.908426 5.253715 -3.245887
v 43.550449 79.748604 305.031494
vn -2.135075 5.140702 -2.855469
v 45.602005 82.676224 309.471985
vn -2.052866 5.264148 -2.686288
v 45.206184 82.082779 308.657440
vn -1.983291 5.357223 -2.546015
v 44.807598 81.536583 307.847412
vn -1.948742 5.398239 -2.478072
v 44.413231 81.025871 307.052460
vn -1.965734 5.367630 -2.515803
v 43.906010 80.379745 306.034454
vn -2.036304 5.264655 -2.661453
v 43.435295 79.747986 305.087555
vn -3.771811 3.573392 -2.858586
v 42.785534 78.861389 304.137878
vn -1.542299 3.158444 -4.667165
v 42.978920 78.830734 303.968597
vn -2.566845 1.417015 -5.060668
v 42.792595 78.509872 303.896606
vn -4.392403 2.504053 -3.098591
v 42.635757 78.603470 304.079987
vn -5.009451 1.439788 -2.828281
v 42.486965 78.346725 304.145203
vn -5.483635 0.832502 -2.320926
v 42.363556 78.133278 304.322754
vn -3.564938 -0.327737 -4.617625
v 42.607494 78.190483 303.977722
vn -4.308273 -1.499533 -3.862853
v 42.453972 77.924950 304.198608
vn -4.601079 -1.122432 4.087930
v 43.458897 78.375298 318.319824
vn -3.842314 -2.048609 4.493164
v 43.696014 78.102760 318.452087
vn -2.987936 -2.861481 4.696657
v 43.969402 77.866310 318.528046
vn -2.977897 -2.824382 4.723819
v 43.716793 77.545227 318.175110
vn -2.947412 -2.807129 4.750635
v 43.454597 77.232773 317.825867
vn -2.944958 -2.771390 4.774752
v 43.184509 76.928253 317.480408
vn -3.781909 -1.938852 4.588053
v 43.203175 77.449974 317.755859
vn -3.759786 -1.902343 4.621027
v 42.947079 77.133255 317.414246
vn -4.515511 -0.988982 4.210511
v 42.985020 77.700226 317.633972
vn -4.487044 -0.944669 4.250612
v 42.741028 77.369392 317.299011
vn -5.095172 -0.009608 3.623526
v 42.817387 77.970619 317.463013
vn -5.064345 0.036161 3.665889
v 42.582638 77.624496 317.137421
vn -5.481641 0.940585 2.856984
v 42.712547 78.244576 317.252319
vn -5.453395 0.981714 2.896444
v 42.483517 77.882919 316.938232
vn -5.656977 1.806375 1.961138
v 42.675034 78.505096 317.016083
vn -5.635662 1.837590 1.992432
v 42.447945 78.128624 316.714935
vn -5.626800 2.545266 0.997073
v 42.701122 78.738068 316.770477
vn -5.616494 2.558670 1.025097
v 42.472416 78.348312 316.482758
vn -5.184328 -0.143769 3.497968
v 43.276806 78.669861 318.134308
vn -5.567547 0.818186 2.733272
v 43.163078 78.968414 317.905670
vn -5.718903 1.723612 1.859986
v 43.122631 79.252411 317.649323
vn -5.509921 1.879380 2.240557
v 43.341679 79.621353 317.983093
vn -5.638873 2.581068 0.872495
v 43.371391 79.882599 317.709686
vn -5.654998 2.498453 0.966360
v 43.151379 79.506462 317.382782
vn -5.643388 2.516547 0.985056
v 42.927700 79.124535 317.070099
vn -5.592125 2.597374 1.055863
v 41.781048 77.171677 315.679535
vn -5.606978 2.573842 1.038036
v 42.242332 77.956512 316.205811
vn -5.614033 1.870204 2.023506
v 42.219620 77.751541 316.422974
vn -5.424529 1.024266 2.936429
v 42.252998 77.522247 316.631836
vn -5.032758 0.083348 3.709134
v 42.345730 77.281044 316.818146
vn -4.457384 -0.899159 4.292047
v 42.493805 77.042908 316.969299
vn -3.736192 -1.864903 4.655683
v 42.686375 76.822426 317.077057
vn -2.933165 -2.753521 4.792198
v 42.908230 76.630997 317.138947
vn -5.586040 2.602640 1.062100
v 40.656288 75.259407 314.470428
vn -5.583411 2.609920 1.063944
v 41.323284 76.393356 315.182343
vn -5.574882 1.924144 2.076599
v 41.308361 76.255562 315.329834
vn -5.590862 1.903579 2.055542
v 41.762150 76.999214 315.863190
vn -5.372139 1.096706 3.002815
v 41.331326 76.101303 315.471680
vn -5.393569 1.068365 2.977088
v 41.790558 76.806229 316.039795
vn -4.975283 0.166449 3.780813
v 41.394363 75.938919 315.598206
vn -4.998839 0.132987 3.753065
v 41.869003 76.603149 316.197327
vn -4.403720 -0.815050 4.361793
v 41.494732 75.778488 315.700867
vn -4.425929 -0.850076 4.334244
v 41.994091 76.402580 316.325134
vn -3.693060 -1.791005 4.717201
v 41.625088 75.629845 315.774078
vn -3.711225 -1.823288 4.691741
v 42.156662 76.216820 316.416290
vn -2.891135 -2.706172 4.841829
v 41.775143 75.500679 315.816101
vn -2.911359 -2.722218 4.822812
v 42.343884 76.055466 316.468628
vn -5.601808 2.576619 1.039782
v 40.030441 74.194313 313.770416
vn -5.623257 2.543539 1.006599
v 39.739075 73.697571 313.414673
vn -5.647544 2.502718 0.970110
v 39.465279 73.229904 313.049561
vn -5.665781 2.476854 0.871611
v 39.211426 72.795166 312.670837
vn -5.200830 -0.180852 3.450975
v 39.218681 72.751724 312.711761
vn -5.577755 0.774058 2.702805
v 39.212460 72.767281 312.699310
vn -5.742293 1.671336 1.807859
v 39.210106 72.782028 312.685333
vn -5.690805 1.741117 1.903923
v 39.463451 73.211929 313.069305
vn -2.944716 -2.818341 4.735445
v 39.255791 72.709564 312.733215
vn -3.825759 -2.031732 4.502746
v 39.241207 72.722023 312.729065
vn -4.602042 -1.110023 4.075112
v 39.228500 72.736328 312.721863
vn -4.544653 -1.026637 4.159273
v 39.488480 73.149437 313.119019
vn -5.134129 -0.073158 3.552355
v 39.475098 73.170486 313.105286
vn -5.074141 0.020882 3.641230
v 39.754593 73.602684 313.503265
vn -5.466200 0.956917 2.867594
v 39.741142 73.636642 313.476318
vn -5.415174 1.030774 2.938171
v 40.033504 74.100075 313.865326
vn -5.608104 1.869866 2.026143
v 40.025814 74.149879 313.818787
vn -5.579272 1.913456 2.068486
v 40.647045 75.172455 314.564270
vn -2.933828 -2.755525 4.786440
v 39.525696 73.112877 313.134460
vn -3.792115 -1.936696 4.572826
v 39.505802 73.129890 313.128845
vn -3.752993 -1.872682 4.633087
v 39.803463 73.537910 313.540710
vn -4.490005 -0.941263 4.239786
v 39.775887 73.569092 313.525116
vn -4.442708 -0.868304 4.304689
v 40.087021 73.995667 313.940491
vn -5.020906 0.100949 3.713905
v 40.054211 74.047585 313.906799
vn -4.981036 0.157729 3.768644
v 40.701923 74.972473 314.734985
vn -5.377941 1.085697 2.990890
v 40.661800 75.075058 314.654480
vn -2.913092 -2.726053 4.815450
v 39.835152 73.510773 313.549683
vn -2.898848 -2.701959 4.837668
v 40.178425 73.905594 313.978271
vn -2.889499 -2.693005 4.849059
v 40.943520 74.695320 314.873566
vn -5.680725 1.770879 1.925342
v 42.900173 78.880005 317.327271
vn -5.513094 0.893958 2.811593
v 42.939327 78.606613 317.574615
vn -5.129347 -0.061360 3.574841
v 43.049076 78.319160 317.795227
vn -4.547128 -1.038831 4.164600
v 43.224682 78.035500 317.974213
vn -3.806399 -1.979668 4.550534
v 43.453281 77.773003 318.101837
vn -4.408001 -0.818718 4.353073
v 40.765671 74.871071 314.800262
vn -3.694909 -1.786774 4.714864
v 40.848377 74.777061 314.846832
vn -3.718529 -1.820291 4.681644
v 40.129543 73.947502 313.964478
vn -5.647249 1.811642 1.969410
v 39.736118 73.668846 313.446106
vn -5.522745 0.868900 2.783270
v 39.466633 73.191757 313.088318
vn -3.200304 -3.262636 4.267056
v 50.529026 92.056602 333.129211
vn -4.107562 -2.478805 4.007027
v 50.514774 92.069321 333.125488
vn -4.862802 -1.548037 3.602028
v 50.502548 92.084137 333.119019
vn -5.422454 -0.576825 3.044073
v 50.493328 92.100296 333.109955
vn -5.770994 0.457495 2.346559
v 50.487797 92.116814 333.098785
vn -5.471391 -0.648502 2.939291
v 50.301426 91.752090 332.689758
vn -5.810472 0.376581 2.260150
v 50.294048 91.773956 332.674835
vn -5.508210 -0.716009 2.859147
v 50.210079 91.575539 332.473694
vn -5.845208 0.313338 2.184232
v 50.200787 91.602989 332.454926
vn -5.534368 -0.771657 2.791404
v 50.121380 91.397354 332.253998
vn -5.870458 0.259513 2.120950
v 50.109573 91.432121 332.230133
vn -5.565011 -0.838925 2.708832
v 49.950626 91.036125 331.804504
vn -5.899568 0.193667 2.043954
v 49.932201 91.090050 331.767273
vn -5.592238 -0.901406 2.635232
v 49.732998 90.544456 331.187012
vn -5.926317 0.133254 1.974140
v 49.703037 90.631432 331.126495
vn -5.606837 -0.935458 2.596739
v 49.521362 90.041527 330.552917
vn -5.941367 0.099990 1.936528
v 49.477688 90.167419 330.464661
vn -5.605637 -0.931679 2.606214
v 49.309765 89.527588 329.906738
vn -5.941559 0.103200 1.942400
v 49.251186 89.695297 329.788422
vn -5.581790 -0.874037 2.683504
v 48.979439 88.736725 328.924927
vn -5.921068 0.158249 2.009381
v 48.898525 88.966171 328.761536
vn -5.546969 -0.763029 2.787636
v 48.615967 87.923080 327.942230
vn -5.878957 0.227302 2.122552
v 48.515873 88.204453 327.740173
vn -5.962905 1.276108 1.401729
v 48.483551 88.473351 327.513611
vn -5.790143 2.275412 0.675637
v 48.514927 88.715088 327.278046
vn -5.869712 1.439182 1.590633
v 50.486179 92.132660 333.086243
vn -5.902092 1.380392 1.518786
v 50.291866 91.794922 332.658142
vn -5.930110 1.332119 1.458056
v 50.198021 91.629311 332.433868
vn -5.950765 1.288294 1.409303
v 50.106037 91.465446 332.203400
vn -5.975301 1.234855 1.349597
v 49.926624 91.141716 331.725525
vn -5.997937 1.187076 1.294539
v 49.693851 90.714729 331.058624
vn -6.010773 1.160820 1.264557
v 49.464130 90.287918 330.365753
vn -6.011187 1.164450 1.267221
v 49.232807 89.855759 329.655762
vn -5.994218 1.209821 1.316020
v 48.872746 89.185570 328.578339
vn -5.722926 2.388680 0.753080
v 50.488228 92.146957 333.073212
vn -5.760149 2.321912 0.650425
v 50.110252 91.495499 332.175568
vn -5.751322 2.339977 0.672074
v 50.201370 91.653053 332.411987
vn -5.761483 2.308617 0.761459
v 50.294548 91.813843 332.640747
vn -5.811728 2.215364 0.625144
v 49.704144 90.789772 330.988037
vn -5.805196 2.225791 0.665677
v 49.933094 91.188286 331.682129
vn -5.825606 2.187822 0.614384
v 49.478836 90.396439 330.262878
vn -5.825609 2.190290 0.616903
v 49.252159 90.000191 329.517792
vn -5.813675 2.219064 0.642001
v 48.898758 89.382927 328.387848
vn -4.937525 -1.710345 3.442383
v 48.779610 87.646744 328.106171
vn -4.990440 -1.825883 3.299513
v 49.112091 88.511505 329.057495
vn -5.017599 -1.880105 3.221547
v 49.406086 89.363083 330.002716
vn -5.021422 -1.885688 3.208236
v 49.593338 89.918083 330.624481
vn -5.009706 -1.856564 3.239879
v 49.782478 90.459213 331.236115
vn -4.984595 -1.802855 3.305479
v 49.981136 90.983307 331.834717
vn -4.955991 -1.744353 3.380087
v 50.140968 91.363312 332.273346
vn -4.931745 -1.694880 3.441222
v 50.225517 91.548660 332.488953
vn -4.899179 -1.633423 3.513462
v 50.313690 91.730682 332.701843
vn -4.132782 -2.555833 3.943739
v 48.994755 87.392342 328.223053
vn -3.180713 -3.240541 4.306844
v 49.244236 87.172859 328.290131
vn -3.226723 -3.294074 4.228779
v 49.489330 88.125648 329.206268
vn -3.252919 -3.329052 4.178630
v 49.680500 89.081512 330.110443
vn -3.273924 -3.336190 4.156651
v 49.798649 89.706963 330.704834
vn -3.269697 -3.337749 4.157135
v 49.923820 90.313530 331.291229
vn -3.261621 -3.324339 4.173153
v 50.068417 90.893112 331.868622
vn -3.226514 -3.319218 4.201032
v 50.197071 91.305222 332.295074
vn -4.175702 -2.602463 3.854126
v 50.166893 91.332069 332.287140
vn -4.155590 -2.567993 3.899375
v 50.245953 91.524002 332.499817
vn -3.212487 -3.309247 4.219594
v 50.269749 91.502808 332.506042
vn -4.133054 -2.521106 3.951334
v 50.329937 91.711052 332.710480
vn -3.230331 -3.270732 4.239805
v 50.348862 91.694183 332.715424
vn -4.215288 -2.681568 3.755855
v 49.847832 90.380905 331.271149
vn -4.198144 -2.643827 3.800579
v 50.021477 90.934814 331.856232
vn -4.221993 -2.699766 3.737364
v 49.688297 89.804642 330.675537
vn -4.214538 -2.691319 3.754584
v 49.533047 89.211823 330.071167
vn -4.185904 -2.644930 3.823016
v 49.286701 88.304291 329.152008
vn -1.407848 -3.979615 -4.500404
v 52.160034 72.236832 304.129639
vn -3.647573 -0.342308 -2.291964
v 48.267666 74.495018 304.139099
vn -0.797293 -2.924960 -5.256259
v 52.287971 72.458191 303.929169
vn -3.188298 0.125769 -2.711689
v 48.395603 74.716377 303.938599
vn 0.136470 -1.314568 -5.925719
v 52.441551 72.723373 303.821228
vn -2.712204 0.947842 -3.046327
v 48.549191 74.981560 303.830658
vn -2.206821 1.818975 -3.058687
v 48.712212 75.262573 303.826660
vn 1.135507 0.407699 -5.950238
v 52.604568 73.004372 303.817230
vn -1.725629 2.647215 -2.747611
v 48.867466 75.529755 303.927032
vn 2.077811 2.031619 -5.326880
v 52.759819 73.271545 303.917603
vn -2.410531 -4.412186 1.103430
v 51.495205 73.933517 318.882080
vn -5.040139 0.053342 0.590764
v 49.728550 74.958466 318.886383
vn -1.787188 -3.685328 4.756741
v 51.067650 72.793724 317.829346
vn -3.745982 -0.188854 2.392991
v 47.904427 71.827507 315.737091
vn -1.777845 -3.656155 4.782622
v 50.752579 71.608368 316.799866
vn -1.762820 -3.631207 4.806451
v 50.505642 70.422447 315.808075
vn -1.746392 -3.615757 4.824317
v 50.278191 69.271431 314.859253
vn -1.737941 -3.609023 4.832463
v 50.021572 68.190758 313.958649
vn -2.855373 -1.188931 0.604152
v 46.050091 68.644302 312.630371
vn -1.738897 -3.605110 4.834853
v 49.867123 67.687889 313.528076
vn -1.738602 -3.604977 4.834939
v 49.687134 67.215897 313.111511
vn -2.002169 -4.266368 1.321120
v 49.423504 66.687180 312.622162
vn 2.460844 -0.227822 2.623741
v 64.703583 92.759926 328.284760
vn -1.409613 2.017600 2.633136
v 62.281670 94.165024 328.290680
vn 2.881266 -1.642455 3.123384
v 64.282921 92.035110 328.220886
vn -2.844623 1.679416 3.137357
v 61.861008 93.440208 328.226776
vn 3.144134 -1.189246 3.074968
v 63.863083 91.311134 328.298248
vn -2.581777 2.132720 3.088895
v 61.441170 92.716232 328.304138
vn 3.399039 -0.749268 2.939438
v 63.455936 90.608444 328.514709
vn -2.326850 2.572658 2.953375
v 61.034023 92.013542 328.520599
vn 3.638823 -0.335081 2.720652
v 63.072987 89.946899 328.864136
vn -2.087091 2.986878 2.734597
v 60.651073 91.351997 328.870026
vn 3.856657 0.041653 2.424796
v 62.725052 89.345192 329.336670
vn -1.869233 3.363575 2.438735
v 60.303139 90.750298 329.342560
vn 4.046415 0.370263 2.060248
v 62.421963 88.820328 329.918945
vn -1.679476 3.692214 2.074203
v 60.000050 90.225426 329.924835
vn 4.202748 0.641478 1.637270
v 62.172283 88.387131 330.594513
vn -1.523154 3.963448 1.651215
v 59.750370 89.792229 330.600403
vn 4.321207 0.847661 1.167837
v 61.983067 88.057846 331.344299
vn -1.404690 4.169577 1.181749
v 59.561153 89.462944 331.350189
vn 4.398471 0.982928 0.665210
v 61.859665 87.841774 332.147095
vn -1.327426 4.304881 0.679147
v 59.437752 89.246872 332.152985
vn 2.414861 0.571658 1.767050
v 61.805561 87.745026 332.980225
vn -0.695901 2.376413 1.774613
v 59.383648 89.150124 332.986115
vn 2.807124 -1.422785 3.096912
v 60.927395 86.230659 333.147278
vn -2.429510 0.282131 2.665298
v 58.441589 87.525581 333.165344
vn -0.846158 -1.841665 5.237643
v 60.777111 86.170601 333.159637
vn -0.351408 -2.124353 5.095290
v 60.797726 86.162270 333.159302
vn 0.505090 -2.343411 4.813219
v 60.819832 86.159744 333.158417
vn 1.599731 -2.284082 4.209275
v 60.862949 86.170029 333.155426
vn 2.442947 -1.843702 3.487211
v 60.899719 86.195404 333.151520
vn -1.989031 -4.037756 4.374648
v 60.517975 85.792625 332.692230
vn -1.987252 -4.032670 4.380005
v 59.926483 85.169327 331.848511
vn -3.836175 -0.342275 2.228312
v 56.667747 86.865570 331.688019
vn -1.984787 -4.012621 4.399499
v 59.210598 84.579178 330.984070
vn -3.823414 -0.323375 2.250853
v 56.022911 85.759399 330.421814
vn -1.970768 -3.987893 4.428171
v 58.424786 83.994461 330.101532
vn -1.958426 -3.959084 4.459769
v 57.623528 83.387451 329.203552
vn -3.812936 -0.307306 2.269502
v 55.332066 84.574203 329.090118
vn -1.942387 -3.927162 4.495048
v 56.861290 82.730431 328.292725
vn -3.922330 1.194728 2.708802
v 54.597771 83.314377 327.697906
vn -0.762788 -1.638960 5.455595
v 56.411461 82.262146 327.693481
vn 2.756943 -2.021766 -2.441895
v 56.367157 78.396126 327.006195
vn 2.323507 -3.007157 -2.736333
v 56.552837 78.716644 326.895782
vn 5.433828 -3.154666 -0.009596
v 58.804176 82.598663 326.542572
vn 1.859950 -3.810494 -1.988145
v 56.703388 78.977158 326.653198
vn 1.573778 -4.308833 -0.944167
v 56.796314 79.138748 326.314606
vn 1.508176 -4.427771 0.239699
v 56.817734 79.177284 325.930603
vn 1.672821 -4.149540 1.386551
v 56.764450 79.086998 325.558594
vn 2.043417 -3.515850 2.325138
v 56.644421 78.881386 325.254089
vn 5.433813 -3.154679 -0.012606
v 53.987026 74.332886 317.642181
vn 2.564346 -2.621212 2.915303
v 56.475578 78.591164 325.062653
vn 1.636352 -4.215069 1.226815
v 54.222729 74.725258 320.954132
vn 1.505590 -4.436370 0.062201
v 54.265278 74.797012 321.331940
vn 3.157887 -1.599566 3.068729
v 56.283146 78.259682 325.012848
vn 1.606319 -4.258677 -1.112737
v 54.232738 74.739326 321.713104
vn 3.735622 -0.603581 2.762672
v 56.095871 77.936470 325.112091
vn 4.211174 0.218160 2.042789
v 55.941730 77.669807 325.345581
vn 4.513619 0.742739 1.016608
v 55.843750 77.499527 325.678436
vn 2.409768 -2.868537 -2.815169
v 53.972385 74.288254 322.265442
vn 1.923532 -3.708631 -2.122218
v 54.129982 74.560837 322.040619
vn 2.992195 -1.864241 -3.087812
v 53.783543 73.962379 322.353912
vn 4.597733 0.891673 -0.162458
v 55.816574 77.451073 326.060944
vn 3.583862 -0.846272 -2.899286
v 53.591721 73.631996 322.292816
vn 4.451159 0.642902 -1.318380
v 55.864254 77.531693 326.435944
vn 3.749871 -0.349892 -1.892071
v 53.425629 73.346558 322.091278
vn 3.828400 -0.187799 -1.728289
v 55.979671 77.729324 326.747406
vn 1.978948 -3.627805 2.206728
v 54.111462 74.534805 320.636292
vn 2.481986 -2.762498 2.855222
v 53.948128 74.254158 320.425964
vn 3.070353 -1.748649 3.075209
v 53.757179 73.925323 320.354614
vn 3.655672 -0.737842 2.833874
v 53.567192 73.597527 320.432953
vn 4.150529 0.118540 2.167163
v 53.406609 73.319824 320.649231
vn 4.076720 0.209764 1.040531
v 53.299469 73.133797 320.971100
vn 5.338666 -3.294137 0.212704
v 53.840420 74.081123 317.416962
vn 4.456574 0.644216 -1.307295
v 56.981449 79.499191 316.464417
vn 4.098499 0.031037 -2.277393
v 57.097668 79.698189 316.779266
vn 5.347942 -3.277323 0.232062
v 53.160278 72.912621 316.504944
vn 5.355816 -3.263520 0.242945
v 52.455650 71.701393 315.716705
vn 5.357830 -3.258960 0.252258
v 51.749702 70.487534 315.012787
vn 5.356438 -3.260924 0.253649
v 51.065361 69.310722 314.353394
vn 5.352023 -3.268596 0.248548
v 50.425064 68.209824 313.697845
vn 5.346740 -3.278193 0.239059
v 50.128380 67.699867 313.358704
vn 5.339737 -3.290260 0.229762
v 49.850956 67.223160 313.004944
vn 1.238125 -4.059593 -0.879360
v 49.529896 66.671776 312.525452
vn 4.601638 0.889260 -0.139257
v 56.934380 79.419647 316.085358
vn 5.514912 -2.989105 -0.225381
v 55.357365 76.721848 311.214600
vn 5.527056 -2.968017 -0.204076
v 55.156422 76.377129 310.824921
vn 5.534010 -2.956226 -0.186955
v 54.975540 76.067108 310.406219
vn 5.541948 -2.942070 -0.169740
v 54.654510 75.517479 309.520813
vn 5.549747 -2.927350 -0.156693
v 54.376274 75.041771 308.596619
vn 5.554541 -2.917955 -0.150360
v 54.126984 74.615990 307.664001
vn 5.557008 -2.912551 -0.151976
v 53.892776 74.216118 306.753204
vn 5.047668 -3.575533 -0.669769
v 52.777973 72.304169 304.466675
vn 5.562282 -2.898177 -0.177905
v 53.659897 73.818314 305.894806
vn 5.547767 -2.927257 -0.190887
v 53.414669 73.398872 305.119385
vn 5.125515 -3.404632 -0.847274
v 52.860241 72.446465 304.348297
vn 5.306822 -3.091810 -0.926696
v 52.959438 72.617630 304.304840
vn 5.489288 -2.777574 -0.856206
v 53.059292 72.789581 304.343414
vn 5.597281 -2.631418 -0.684883
v 53.143421 72.934113 304.457703
vn 4.511508 0.728987 1.048843
v 56.963627 79.471680 315.699768
vn 5.504919 -3.005959 -0.243007
v 55.585892 77.114304 311.560455
vn 4.199970 0.187620 2.076146
v 57.064739 79.647362 315.366364
vn 5.495866 -3.019849 -0.264196
v 55.836479 77.544914 311.872314
vn 3.714373 -0.652170 2.786217
v 57.222321 79.919945 315.135925
vn 5.489362 -3.029283 -0.280807
v 56.379765 78.478981 312.437256
vn 3.128873 -1.662851 3.070928
v 57.412384 80.247932 315.043488
vn 5.494823 -3.017137 -0.289508
v 56.939125 79.440788 312.995789
vn 2.532215 -2.690308 2.887060
v 57.605988 80.581390 315.103180
vn 5.505914 -2.997133 -0.281383
v 57.209808 79.906082 313.299652
vn 5.509288 -2.994408 -0.260155
v 57.466476 80.347084 313.634247
vn 5.522282 -2.972785 -0.235470
v 57.703144 80.753441 314.010468
vn 5.534931 -2.951319 -0.208514
v 57.914238 81.115501 314.438477
vn 2.015611 -3.578204 2.262523
v 57.773663 80.869560 315.305878
vn 5.544881 -2.934151 -0.184269
v 58.100834 81.435127 314.915894
vn 5.553979 -2.917568 -0.164084
v 58.267982 81.721069 315.432648
vn 1.657510 -4.191364 1.292363
v 57.889881 81.068558 315.620728
vn 5.558904 -2.908929 -0.148032
v 58.563316 82.225449 316.545715
vn 1.512479 -4.436469 0.124361
v 57.936951 81.148102 315.999817
vn 5.555503 -2.916368 -0.146022
v 58.838867 82.695557 317.700317
vn 1.602644 -4.276124 -1.063792
v 57.907703 81.096069 316.385406
vn 1.914067 -3.734805 -2.091022
v 57.806591 80.920387 316.718781
vn 5.547750 -2.931357 -0.158015
v 59.133125 83.198067 318.818756
vn 2.399745 -2.894972 -2.801062
v 57.649010 80.647804 316.949249
vn 5.539602 -2.946239 -0.175282
v 59.299187 83.482117 319.339905
vn 2.985337 -1.884269 -3.085811
v 57.458950 80.319817 317.041656
vn 5.530557 -2.962315 -0.193865
v 59.484200 83.798988 319.822571
vn 3.581860 -0.856790 -2.901961
v 57.265343 79.986359 316.981964
vn 5.525853 -2.969070 -0.213689
v 60.317669 85.228401 321.540222
vn 5.525290 -2.970038 -0.214806
v 61.140465 86.639656 323.199615
vn 5.518822 -2.982327 -0.219103
v 61.544357 87.332458 324.003265
vn 5.509030 -2.999183 -0.235044
v 61.972561 88.067505 324.724548
vn 5.500249 -3.012991 -0.255078
v 62.430820 88.854790 325.345459
vn 5.494135 -3.022284 -0.269244
v 62.903305 89.666901 325.891388
vn 5.493815 -3.021547 -0.276584
v 63.828518 91.257576 326.861908
vn 5.500956 -3.009207 -0.268615
v 64.250816 91.983482 327.339813
vn 5.511577 -2.991541 -0.250805
v 64.626900 92.629570 327.850159
vn 3.892148 0.495472 1.783069
v 64.783867 92.899040 328.109772
vn 5.305536 -3.350392 0.149613
v 58.979160 82.898270 327.022339
vn 5.297698 -3.362786 0.137488
v 59.347652 83.528580 328.176239
vn 5.291821 -3.371735 0.131405
v 59.682632 84.101013 329.357605
vn 5.288730 -3.375817 0.135814
v 60.003223 84.648735 330.519043
vn 5.295828 -3.364777 0.146022
v 60.329227 85.206055 331.614410
vn 5.309537 -3.342364 0.172417
v 60.680904 85.808098 332.598480
vn -4.095473 -0.033344 2.277621
v 50.641750 76.525208 320.626282
vn -3.578322 0.854647 2.902316
v 50.474072 76.237045 320.423584
vn -2.981269 1.881911 3.086470
v 50.280468 75.903587 320.363922
vn -2.395323 2.892563 2.801685
v 50.090405 75.575600 320.456329
vn -1.909192 3.732489 2.091567
v 49.932823 75.303009 320.686798
vn -4.100996 -1.047497 -1.017058
v 49.375435 74.342644 320.596069
vn -1.594422 4.271754 1.066328
v 49.831715 75.127335 321.020172
vn -1.499843 4.431124 -0.123947
v 49.802464 75.075302 321.405762
vn -4.054251 -1.212779 -0.457411
v 49.310715 74.229118 321.065704
vn -1.646607 4.185999 -1.294333
v 49.849533 75.154839 321.784851
vn -4.063190 -1.231346 0.302333
v 49.304993 74.217209 321.553009
vn -2.012017 3.574003 -2.265111
v 49.965752 75.353844 322.099701
vn -3.979584 -1.090405 1.044492
v 49.358604 74.307617 322.029022
vn -3.808466 -0.798262 1.724950
v 49.468365 74.494980 322.465454
vn -3.740609 -0.439756 2.182712
v 49.627754 74.768158 322.836395
vn -2.531509 2.690138 -2.887089
v 50.133427 75.642006 322.302399
vn -3.572205 -0.185429 2.457305
v 52.181797 79.150925 327.492523
vn -1.656838 4.191005 -1.292577
v 52.403576 79.537605 326.440979
vn -2.008606 3.577889 -2.260617
v 52.519794 79.736610 326.755829
vn -3.168561 0.230697 2.789003
v 52.412468 79.547195 327.808228
vn -2.756053 0.940514 3.064463
v 52.677639 80.003517 327.985321
vn -2.551070 1.571816 3.139247
v 52.956768 80.484535 328.010071
vn -2.520229 2.684886 -2.888431
v 52.687473 80.024773 326.958527
vn -3.121072 1.655475 -3.072171
v 52.881077 80.358231 327.018219
vn -3.709122 0.648582 -2.786925
v 53.071140 80.686218 326.925781
vn -4.195179 -0.191182 -2.076582
v 53.228722 80.958801 326.695343
vn -4.507077 -0.732370 -1.048979
v 53.329830 81.134483 326.361938
vn -4.597575 -0.892430 0.139400
v 53.359081 81.186516 325.976349
vn -4.452793 -0.646910 1.307599
v 53.312012 81.106979 325.597290
vn -4.094972 -0.033404 2.277899
v 53.195793 80.907974 325.282440
vn -3.578612 0.854899 2.902447
v 53.028118 80.619812 325.079742
vn -4.453876 -0.646350 1.307251
v 50.757969 76.724213 320.941162
vn -2.982412 1.882770 3.086236
v 52.834511 80.286354 325.020050
vn -4.599259 -0.891111 0.139102
v 50.805035 76.803749 321.320221
vn -2.397179 2.893790 2.801333
v 52.644451 79.958366 325.112457
vn -4.509449 -0.730482 -1.049096
v 50.775787 76.751717 321.705811
vn -1.911913 3.733952 2.091109
v 52.486870 79.685776 325.342926
vn -4.198215 -0.188759 -2.076441
v 50.674675 76.576035 322.039215
vn -1.600911 4.275451 1.063683
v 52.385757 79.510101 325.676300
vn -3.712934 0.651368 -2.786456
v 50.517094 76.303452 322.269653
vn -1.511237 4.435943 -0.124503
v 52.356510 79.458069 326.061890
vn -3.127771 1.662405 -3.071126
v 50.327034 75.975464 322.362091
vn 0.680294 -4.321963 0.075750
v 49.508347 66.661118 312.573730
vn -0.674448 -4.445406 1.053931
v 49.469406 66.666756 312.609131
vn 3.639460 1.931434 0.244977
v 64.776711 93.179634 327.849579
vn 3.009791 2.823418 -0.235581
v 64.673180 93.324387 327.770142
vn 3.889361 1.029988 0.987135
v 64.815628 93.030380 327.968750
vn 0.605560 -0.177040 6.180097
v 55.551674 78.979073 328.003754
vn -0.034463 -1.273310 6.006110
v 55.272545 78.498055 327.979004
vn -0.844678 -2.667585 5.465027
v 55.007374 78.041733 327.801910
vn -1.401972 -3.641925 4.832129
v 54.776703 77.645462 327.486206
vn -1.703165 -4.161420 4.294781
v 52.222660 73.262695 322.830078
vn -2.042547 -4.728951 3.378374
v 52.063271 72.989517 322.459137
vn -2.378974 -5.303327 2.040418
v 51.953510 72.802155 322.022705
vn -2.543329 -5.580499 0.581203
v 51.899899 72.711746 321.546692
vn -2.525818 -5.543980 -0.912607
v 51.905621 72.723656 321.059387
vn -2.424883 -5.362552 -2.011321
v 51.970341 72.837173 320.589752
vn -2.104020 -4.605668 1.034556
v 51.787006 73.777359 318.854034
vn -1.606925 -4.757173 0.975676
v 52.082661 73.644836 318.772095
vn -0.887614 -5.001878 0.933672
v 52.373299 73.539925 318.638763
vn 4.138811 0.417035 0.207880
v 53.263592 73.070717 321.266571
vn 4.113749 0.378651 -0.535702
v 53.273998 73.087387 321.570190
vn 3.979103 0.142186 -1.229224
v 53.329731 73.182259 321.853851
vn 3.439193 -0.729347 -2.193405
v 56.095005 77.927460 326.905273
vn 3.111529 -1.288595 -2.411338
v 56.227592 78.155617 326.993805
vn -0.308143 -1.843088 5.405189
v 56.858002 82.091415 327.685181
vn 0.474439 -2.337339 5.144372
v 57.336296 82.056580 327.664246
vn 5.334114 -3.310821 0.055684
v 53.983940 74.327568 317.645325
vn 4.719211 -4.063701 0.349764
v 53.688213 73.944496 317.893951
vn 3.755860 -4.798029 -0.783554
v 53.056000 72.866447 320.824524
vn 3.379368 -4.958844 0.546883
v 53.301003 73.656113 318.142639
vn 1.653806 -5.726330 -1.415785
v 52.717915 72.716194 320.700562
vn 2.219428 -5.297994 0.589883
v 53.074181 73.558182 318.269653
vn -0.682139 -5.793682 -1.831330
v 52.336681 72.705917 320.618134
vn 1.212657 -5.381915 0.727027
v 52.834171 73.502831 318.396606
vn 0.145844 -5.281737 0.850639
v 52.595688 73.496712 318.520050
vn -0.805145 -5.925964 -0.836054
v 52.274426 72.596710 321.069885
vn -0.821123 -5.959323 0.526430
v 52.268921 72.585258 321.538635
vn -0.671215 -5.706500 1.857346
v 52.320492 72.672226 321.996552
vn -0.364344 -5.182600 3.077693
v 52.426075 72.852455 322.416382
vn -0.028970 -4.686894 3.919996
v 52.579399 73.115234 322.773193
vn 1.862588 -5.266531 2.383137
v 52.797234 72.846222 322.296204
vn 2.153526 -4.875866 3.014352
v 52.933285 73.079391 322.612823
vn 3.850350 -4.567446 1.324948
v 53.120247 72.971764 322.116913
vn 4.030260 -4.332378 1.647644
v 53.230438 73.160622 322.373352
vn 3.715501 -4.796844 0.796059
v 53.044365 72.842232 321.815186
vn 3.650358 -4.906766 0.217345
v 53.007301 72.779732 321.486084
vn 3.658950 -4.890219 -0.374327
v 53.011257 72.787964 321.149200
vn 1.520572 -5.843377 -0.653961
v 52.662674 72.619293 321.101440
vn 1.508127 -5.869228 0.403324
v 52.657787 72.609131 321.517365
vn 1.624449 -5.673073 1.436128
v 52.703548 72.686302 321.923676
vn 0.241154 -4.209970 4.409421
v 55.133442 77.498001 327.429321
vn 2.358485 -4.506308 3.398370
v 55.487328 77.462158 327.268951
vn 4.142169 -4.128618 1.866389
v 55.784485 77.543388 327.029480
vn 0.719076 -3.296354 4.979414
v 55.355331 77.879189 327.733032
vn 1.457936 -2.025033 5.472788
v 55.610413 78.318146 327.903381
vn 2.081916 -1.050713 5.639832
v 55.878918 78.780861 327.927185
vn 3.269338 -2.813943 4.251715
v 55.910553 78.189896 327.689575
vn 3.775947 -2.067628 4.346682
v 56.148804 78.600471 327.710693
vn 4.632088 -3.201223 2.375004
v 56.127277 78.132820 327.370178
vn 4.919888 -2.791173 2.386571
v 56.320251 78.465370 327.387299
vn 2.694719 -3.802797 3.867966
v 55.684216 77.800400 327.538422
vn 4.310220 -3.755165 2.159982
v 55.943954 77.817345 327.247742
vn 1.425640 -2.809469 4.807691
v 57.586224 82.073212 327.628540
vn 2.555694 -3.265008 4.241462
v 57.826164 82.097771 327.551239
vn 3.923092 -3.636188 2.981841
v 58.253319 82.190590 327.293243
vn 4.933770 -3.583936 1.334026
v 58.583492 82.355667 326.942017
vn 5.353413 -3.266058 0.229160
v 58.802200 82.595261 326.547516
vn -1.914204 3.734825 2.091023
v 52.739895 82.156464 315.376892
vn -1.602589 4.276106 1.063667
v 52.638783 81.980789 315.710297
vn -1.512490 4.436450 -0.124339
v 52.609535 81.928757 316.095886
vn -1.657519 4.191371 -1.292400
v 52.656605 82.008293 316.474945
vn -2.015596 3.578185 -2.262516
v 52.772823 82.207298 316.789795
vn -2.532207 2.690343 -2.887050
v 52.940498 82.495461 316.992493
vn -3.128746 1.662919 -3.070980
v 53.134106 82.828918 317.052185
vn -3.714479 0.652240 -2.786183
v 53.324165 83.156906 316.959778
vn -4.199923 -0.187696 -2.076125
v 53.481747 83.429497 316.729309
vn -4.511520 -0.728957 -1.048913
v 53.582859 83.605171 316.395935
vn -4.601619 -0.889300 0.139231
v 53.612106 83.657204 316.010345
vn -4.456606 -0.644173 1.307228
v 53.565037 83.577667 315.631256
vn -4.098480 -0.031049 2.277403
v 53.448818 83.378662 315.316406
vn -3.581856 0.856812 2.901930
v 53.281143 83.090500 315.113708
vn -2.985354 1.884394 3.085825
v 53.087540 82.757042 315.054016
vn -2.399612 2.894902 2.801081
v 52.897476 82.429054 315.146454
vn 3.050342 2.940928 -4.598125
v 64.432137 93.137978 327.475128
vn 3.892836 2.109326 -4.407066
v 64.506050 93.073578 327.495392
vn 4.639819 1.185117 -4.004704
v 64.569992 92.999168 327.530670
vn 3.839461 2.017984 -4.496998
v 64.101768 92.543259 326.899780
vn 4.554993 1.057191 -4.138063
v 64.181595 92.449707 326.943542
vn 3.807210 1.977492 -4.546744
v 63.630096 92.016495 326.273376
vn 4.505638 0.987433 -4.215621
v 63.737465 91.889954 326.331879
vn 3.823330 2.019779 -4.520275
v 62.581451 90.935577 324.929474
vn 4.522086 1.020703 -4.198493
v 62.758610 90.724823 325.025116
vn 3.878183 2.114197 -4.431304
v 62.052998 90.362564 324.212860
vn 4.591348 1.128284 -4.097034
v 62.262432 90.112457 324.325470
vn 3.951125 2.238570 -4.306194
v 61.554173 89.755325 323.467072
vn 4.686720 1.277883 -3.944882
v 61.787540 89.475716 323.592102
vn 4.022033 2.352613 -4.175682
v 61.109283 89.104523 322.692596
vn 4.775280 1.421599 -3.783395
v 61.353310 88.811287 322.822937
vn 4.055707 2.398759 -4.110509
v 61.008827 88.934166 322.494629
vn 4.812330 1.483154 -3.703709
v 61.252972 88.640587 322.624908
vn 4.060372 2.405914 -4.101327
v 60.908836 88.762657 322.295319
vn 4.816965 1.490757 -3.694036
v 61.152920 88.468964 322.425476
vn 4.066926 2.416321 -4.089488
v 60.707657 88.417580 321.893127
vn 4.822976 1.499982 -3.683283
v 60.951614 88.123665 322.023041
vn 4.076238 2.432106 -4.070886
v 59.889221 87.013794 320.242523
vn 4.831353 1.514148 -3.666492
v 60.132740 86.719139 320.371552
vn 4.082510 2.443592 -4.056980
v 59.473553 86.300880 319.396515
vn 4.836919 1.524658 -3.654044
v 59.716892 86.005913 319.525177
vn 4.085564 2.449219 -4.050307
v 59.264553 85.942421 318.969452
vn 4.839704 1.529941 -3.647927
v 59.507809 85.647316 319.097931
vn 4.098239 2.477361 -4.023394
v 59.159927 85.762741 318.755005
vn 4.858193 1.562559 -3.613952
v 59.403118 85.467590 318.883392
vn 4.135555 2.549693 -3.942524
v 59.061684 85.579712 318.539459
vn 4.908265 1.652533 -3.509622
v 59.303429 85.286209 318.667053
vn 4.188334 2.645726 -3.822146
v 58.892605 85.199791 318.104523
vn 4.973640 1.775386 -3.355061
v 59.125561 84.916756 318.227356
vn 4.240870 2.743122 -3.693047
v 58.753689 84.804703 317.665253
vn 5.035795 1.900192 -3.189963
v 58.971378 84.540031 317.779938
vn 4.280230 2.811376 -3.590651
v 58.535671 83.984772 316.777679
vn 5.077486 1.988157 -3.062294
v 58.710052 83.772491 316.869415
vn 4.284594 2.805139 -3.581018
v 58.346310 83.151489 315.884827
vn 5.074693 1.981423 -3.057119
v 58.471382 82.999077 315.950531
vn 4.250257 2.731075 -3.672991
v 58.124249 82.336380 314.994598
vn 5.030415 1.886134 -3.179327
v 58.207249 82.235138 315.038147
vn 4.198973 2.634590 -3.800680
v 57.981785 81.945480 314.552948
vn 4.967999 1.761161 -3.344479
v 58.050587 81.861526 314.589020
vn 4.137049 2.519246 -3.941328
v 57.808136 81.570930 314.114899
vn 4.888453 1.614494 -3.526318
v 57.869499 81.496025 314.147095
vn 4.059383 2.386619 -4.100626
v 57.595310 81.216827 313.681519
vn 4.788238 1.444710 -3.730299
v 57.657719 81.140617 313.714233
vn 3.977953 2.256172 -4.252365
v 57.341602 80.884254 313.253235
vn 4.681746 1.277631 -3.923649
v 57.413918 80.795921 313.291138
vn 3.906163 2.148475 -4.375480
v 56.955017 80.467491 312.689392
vn 4.586591 1.139008 -4.079967
v 57.051125 80.350044 312.739685
vn 3.862534 2.090046 -4.446643
v 56.533611 80.072075 312.132660
vn 4.530049 1.059703 -4.171028
v 56.661343 79.915924 312.199493
vn 3.876019 2.124656 -4.426445
v 55.675297 79.305511 311.035980
vn 4.553066 1.094394 -4.147607
v 55.871197 79.065948 311.138458
vn 3.943019 2.235939 -4.314493
v 55.282875 78.914474 310.493774
vn 4.647069 1.231586 -4.006248
v 55.506020 78.641563 310.610474
vn 4.022225 2.362163 -4.171651
v 54.944603 78.504990 309.954041
vn 4.753560 1.393567 -3.823486
v 55.184235 78.211906 310.079376
vn 4.082854 2.456038 -4.054093
v 54.836254 78.344650 309.752075
vn 4.830763 1.517214 -3.672688
v 55.078346 78.048561 309.878693
vn 4.122758 2.522382 -3.971251
v 54.739059 78.180161 309.550293
vn 4.881592 1.603451 -3.566082
v 54.981365 77.883812 309.677032
vn 4.165293 2.602264 -3.876473
v 54.563778 77.845711 309.148743
vn 4.937918 1.705108 -3.442575
v 54.802811 77.553368 309.273773
vn 4.216368 2.695278 -3.755746
v 54.273117 77.163788 308.356262
vn 5.001370 1.826241 -3.285511
v 54.494434 76.893173 308.472046
vn 4.256907 2.766384 -3.653776
v 54.043774 76.475220 307.581665
vn 5.047898 1.920824 -3.153811
v 54.236576 76.239563 307.682556
vn 4.275756 2.797039 -3.604009
v 53.853477 75.792862 306.829468
vn 5.067729 1.963578 -3.089631
v 54.011890 75.599335 306.912445
vn 4.265971 2.768460 -3.630235
v 53.621998 74.914886 305.869263
vn 5.052046 1.931901 -3.123810
v 53.733940 74.778282 305.927979
vn 4.223854 2.682562 -3.737689
v 53.367584 74.101257 304.967743
vn 4.999800 1.826093 -3.260299
v 53.443073 74.009293 305.007416
vn 4.135283 2.570277 -3.907360
v 53.215290 73.728096 304.542358
vn 4.932081 1.679138 -3.436379
v 53.279964 73.649391 304.576385
vn 4.251439 1.424374 -3.952649
v 53.083046 73.329491 304.157654
vn 5.485824 0.684947 -2.889468
v 53.328671 73.563492 304.624115
vn 5.447244 -0.869086 -2.394559
v 53.175468 73.123566 304.284332
vn 5.828465 -0.321957 -2.209192
v 53.357796 73.475624 304.682983
vn 5.904815 -1.380795 -1.484229
v 53.366146 73.391289 304.748962
vn 5.973818 -1.232539 -1.343612
v 53.543526 73.707596 305.208557
vn 5.800379 -2.232848 -0.656437
v 53.530510 73.618515 305.288513
vn 5.827362 -2.183187 -0.602706
v 53.863140 74.197449 306.343964
vn 5.832616 -2.180022 -0.588161
v 54.194317 74.776192 307.500397
vn 5.821021 -2.208393 -0.612521
v 54.458332 75.236938 308.397614
vn 5.797814 -2.258157 -0.664091
v 54.748787 75.741669 309.292480
vn 5.768967 -2.312068 -0.729532
v 55.077412 76.309334 310.159698
vn 5.744725 -2.351793 -0.785323
v 55.259697 76.622688 310.575012
vn 5.723706 -2.388233 -0.832097
v 55.356434 76.788528 310.775879
vn 5.881192 -1.441453 -1.569833
v 55.302334 76.910423 310.319550
vn 5.842153 -1.509788 -1.651485
v 55.399033 77.076012 310.520660
vn 5.788425 -0.440673 -2.327583
v 55.271965 77.228729 310.073883
vn 5.738099 -0.528115 -2.433550
v 55.368690 77.394051 310.275208
vn 5.450647 0.595638 -3.008102
v 55.163502 77.560089 309.854767
vn 5.396223 0.502002 -3.122722
v 55.260326 77.725113 310.056274
vn 5.210198 0.205761 -3.429362
v 64.618889 92.918564 327.580139
vn 5.118484 0.067860 -3.572868
v 64.242508 92.348251 327.004913
vn 5.060817 -0.016177 -3.663700
v 63.819221 91.752586 326.413971
vn 5.076574 0.007321 -3.652604
v 62.893082 90.495659 325.159302
vn 5.150970 0.113348 -3.548278
v 62.421196 89.840332 324.483429
vn 5.254788 0.266497 -3.387298
v 61.964245 89.171326 323.767487
vn 5.348709 0.419083 -3.217060
v 61.537891 88.491905 323.005707
vn 5.385226 0.488016 -3.135027
v 61.437603 88.320793 322.807648
vn 5.389442 0.495669 -3.125761
v 61.337460 88.149010 322.608032
vn 5.394557 0.503278 -3.116524
v 61.135975 87.803413 322.205231
vn 5.401632 0.515314 -3.102387
v 60.316494 86.397842 320.552551
vn 5.406319 0.524299 -3.091933
v 59.900394 85.684174 319.705658
vn 5.408750 0.528916 -3.086702
v 59.691193 85.325386 319.278168
vn 5.429855 0.561378 -3.049618
v 59.586430 85.145599 319.063507
vn 5.484747 0.655813 -2.936538
v 59.485622 84.965988 318.845978
vn 5.553583 0.788351 -2.771149
v 59.301086 84.607925 318.399628
vn 5.617239 0.924428 -2.595462
v 59.135368 84.251205 317.940796
vn 5.656899 1.022736 -2.462192
v 58.841354 83.540794 316.998077
vn 5.649672 1.018724 -2.461481
v 58.565521 82.832680 316.042694
vn 5.602251 0.915533 -2.594659
v 58.269695 82.124603 315.099243
vn 5.537410 0.778197 -2.771892
v 58.102345 81.769852 314.639648
vn 5.451512 0.620561 -2.968265
v 57.915661 81.414223 314.192200
vn 5.343191 0.438244 -3.188242
v 57.704655 81.057396 313.760101
vn 5.226918 0.259907 -3.396820
v 57.468300 80.699448 313.344269
vn 5.122836 0.111416 -3.565385
v 57.123390 80.221771 312.810272
vn 5.061187 0.025073 -3.663332
v 56.757378 79.745377 312.293274
vn 5.089705 0.054607 -3.636265
v 56.018459 78.804260 311.282196
vn 5.195932 0.195394 -3.482244
v 55.673756 78.343460 310.774170
vn 5.313437 0.367280 -3.284528
v 55.364365 77.891754 310.255157
vn 5.583378 -0.755535 -2.686716
v 64.649162 92.836700 327.641144
vn 5.730334 -1.669864 -1.840737
v 64.659500 92.758675 327.709503
vn 5.673387 -2.453088 -0.935867
v 64.651070 92.688721 327.780609
vn 5.662436 -1.771083 -1.955000
v 64.292534 92.146652 327.165375
vn 5.630291 -2.524027 -1.007024
v 64.281525 92.058296 327.253571
vn 5.619534 -1.839087 -2.024926
v 63.885746 91.479248 326.628571
vn 5.606313 -2.565181 -1.043745
v 63.870399 91.359276 326.746521
vn 5.629791 -1.833260 -2.015720
v 63.000786 90.038681 325.510040
vn 5.611171 -2.565195 -1.032115
v 62.974007 89.837624 325.702820
vn 5.680197 -1.765731 -1.938473
v 62.547535 89.297211 324.896423
vn 5.637187 -2.529322 -0.985995
v 62.515171 89.058029 325.123413
vn 5.751682 -1.663985 -1.819365
v 62.104050 88.563316 324.226013
vn 5.674347 -2.474928 -0.916944
v 62.067303 88.295349 324.478027
vn 5.816623 -1.555592 -1.700568
v 61.683182 87.853531 323.483643
vn 5.709763 -2.413993 -0.853565
v 61.644119 87.571983 323.746307
vn 5.841949 -1.500234 -1.648823
v 61.582760 87.681488 323.285461
vn 5.725956 -2.378320 -0.830402
v 61.543533 87.399483 323.548065
vn 5.844554 -1.494823 -1.643386
v 61.482372 87.509300 323.085358
vn 5.727242 -2.375574 -0.828255
v 61.443012 87.227066 323.347717
vn 5.847167 -1.491097 -1.638260
v 61.280430 87.162910 322.681641
vn 5.728296 -2.374311 -0.824592
v 61.240818 86.880241 322.943481
vn 5.850843 -1.484905 -1.630802
v 60.459358 85.754616 321.025726
vn 5.730130 -2.371215 -0.820880
v 60.418873 85.470451 321.285828
vn 5.853363 -1.479835 -1.625632
v 60.042595 85.039810 320.177490
vn 5.733516 -2.363949 -0.821591
v 60.001743 84.755020 320.436829
vn 5.854728 -1.477385 -1.622820
v 59.833092 84.680496 319.749390
vn 5.734926 -2.360638 -0.824180
v 59.792076 84.395424 320.008392
vn 5.869790 -1.458151 -1.593498
v 59.728172 84.500526 319.534393
vn 5.740474 -2.355931 -0.804846
v 59.687080 84.215340 319.793213
vn 5.909421 -1.394601 -1.510043
v 59.626404 84.324417 319.313843
vn 5.760375 -2.326712 -0.749766
v 59.585476 84.040756 319.571014
vn 5.959906 -1.298834 -1.393606
v 59.436535 83.989059 318.850098
vn 5.789089 -2.274356 -0.685717
v 59.396946 83.715393 319.097717
vn 6.007825 -1.197809 -1.271925
v 59.261753 83.672348 318.361420
vn 5.817623 -2.218245 -0.619558
v 59.224625 83.416328 318.592621
vn 6.038638 -1.118618 -1.182584
v 58.942318 83.076286 317.334503
vn 5.838579 -2.170024 -0.572125
v 58.912376 82.870789 317.519440
vn 6.033502 -1.111373 -1.187290
v 58.637768 82.499023 316.283691
vn 5.839466 -2.157862 -0.576938
v 58.616173 82.351372 316.416168
vn 5.996586 -1.185454 -1.283891
v 58.317539 81.902901 315.258972
vn 5.818424 -2.196162 -0.632433
v 58.303135 81.804771 315.346771
vn 5.946890 -1.289002 -1.410230
v 58.141968 81.585968 314.771973
vn 5.788242 -2.255284 -0.703708
v 58.130005 81.504570 314.844727
vn 5.883258 -1.403220 -1.553582
v 57.950970 81.250122 314.310181
vn 5.751848 -2.318731 -0.786422
v 57.940277 81.177475 314.375031
vn 5.804300 -1.535201 -1.715302
v 57.740540 80.890427 313.880035
vn 5.707068 -2.393912 -0.879465
v 57.729645 80.816505 313.945953
vn 5.721150 -1.664107 -1.869793
v 57.509850 80.505898 313.483185
vn 5.660759 -2.468265 -0.967674
v 57.497208 80.420204 313.559540
vn 5.647973 -1.771074 -1.995223
v 57.178558 79.964386 312.994812
vn 5.619606 -2.532590 -1.039557
v 57.161724 79.850418 313.096252
vn 5.605897 -1.835474 -2.064973
v 56.830647 79.403137 312.538422
vn 5.596156 -2.573167 -1.070799
v 56.808231 79.251579 312.673187
vn 5.627977 -1.822521 -2.033486
v 56.130733 78.279114 311.658020
vn 5.610147 -2.561646 -1.050933
v 56.096287 78.046532 311.864594
vn 5.702287 -1.729327 -1.911742
v 55.801620 77.745201 311.202209
vn 5.647182 -2.515085 -0.969887
v 55.762367 77.480240 311.437500
vn 5.783950 -1.609084 -1.765684
v 55.501663 77.249260 310.714813
vn 5.690852 -2.447250 -0.887761
v 55.459499 76.964691 310.967468
vn 5.750707 -2.313948 -0.768421
v 53.355061 73.315117 304.817566
vn 3.235492 3.292553 -4.206353
v 53.139839 73.795624 304.522797
vn 3.285172 3.390587 -4.094457
v 53.279503 74.180138 304.944977
vn 3.320815 3.438568 -4.028717
v 53.491337 75.032021 305.835571
vn 3.326089 3.456064 -4.013550
v 53.668533 75.958763 306.781860
vn 3.311606 3.440975 -4.040835
v 53.818657 76.677231 307.523743
vn 3.284770 3.403445 -4.096444
v 54.014683 77.395744 308.289795
vn 3.255692 3.352385 -4.161780
v 54.284641 78.096275 309.076996
vn 3.234450 3.306793 -4.213417
v 54.456100 78.434166 309.477570
vn 3.214134 3.268766 -4.259284
v 54.553543 78.598434 309.679413
vn 3.175170 3.223357 -4.323322
v 54.664768 78.756195 309.882111
vn 3.132198 3.153592 -4.404711
v 55.022297 79.148384 310.426788
vn 3.105553 3.081875 -4.471988
v 55.446533 79.510849 310.977173
vn 3.095066 3.059563 -4.488503
v 56.384460 80.205917 312.094299
vn 3.123439 3.084030 -4.450618
v 56.842808 80.568169 312.660492
vn 3.166246 3.144361 -4.377565
v 57.257179 80.959984 313.231506
vn 3.210603 3.216753 -4.291903
v 57.522453 81.282166 313.662750
vn 3.253805 3.292036 -4.201770
v 57.736504 81.635162 314.096436
vn 3.287734 3.357630 -4.123510
v 57.901482 82.017471 314.532227
vn 3.317833 3.411814 -4.053509
v 58.027382 82.423195 314.969604
vn 3.333452 3.453309 -4.006747
v 58.200359 83.282219 315.847107
vn 3.321288 3.455437 -4.019639
v 58.332233 84.166878 316.725037
vn 3.291468 3.415198 -4.080942
v 58.499790 85.031807 317.599396
vn 3.259005 3.358617 -4.154166
v 58.620945 85.442688 318.034027
vn 3.228327 3.303288 -4.222028
v 58.779816 85.831627 318.466248
vn 3.212064 3.258471 -4.267578
v 58.876392 86.016090 318.681305
vn 3.205327 3.240859 -4.284162
v 58.980968 86.195755 318.895691
vn 3.209110 3.228420 -4.292242
v 59.189922 86.554123 319.322662
vn 3.205740 3.220434 -4.301534
v 59.605484 87.266869 320.168457
vn 3.196804 3.198170 -4.325179
v 60.423672 88.670219 321.818573
vn 3.181154 3.194427 -4.337178
v 60.624779 89.015167 322.220612
vn 3.174300 3.189354 -4.345684
v 60.724728 89.186615 322.419830
vn 3.148340 3.164332 -4.386002
v 60.825371 89.356705 322.617798
vn 3.104275 3.096387 -4.466326
v 61.282818 89.995934 323.395294
vn 3.062294 3.016437 -4.547523
v 61.809639 90.577919 324.148193
vn 3.027571 2.947983 -4.614224
v 62.375759 91.117188 324.874573
vn 3.012259 2.898968 -4.652358
v 63.505676 92.125732 326.239777
vn 3.021233 2.899554 -4.644130
v 64.009361 92.624107 326.874634
vn 5.493364 -0.892939 -2.829537
v 64.280022 92.245094 327.080566
vn 5.438011 -0.975689 -2.918068
v 63.869358 91.612785 326.515137
vn 5.451869 -0.961794 -2.909420
v 62.974949 90.262100 325.324646
vn 5.519726 -0.870152 -2.812739
v 62.517570 89.562828 324.678131
vn 5.615156 -0.734173 -2.662481
v 62.071232 88.860741 323.983643
vn 5.700813 -0.594108 -2.506818
v 61.649391 88.165886 323.231018
vn 5.733198 -0.527081 -2.434658
v 61.549072 87.994308 323.032898
vn 5.736722 -0.520195 -2.426886
v 61.448814 87.822334 322.833069
vn 5.740689 -0.514437 -2.419556
v 61.247112 87.476364 322.429840
vn 5.746117 -0.505050 -2.408617
v 60.426884 86.069511 320.775604
vn 5.749786 -0.497882 -2.400663
v 60.010468 85.355309 319.928101
vn 5.751713 -0.494265 -2.396555
v 59.801128 84.996269 319.500305
vn 5.771648 -0.466679 -2.360990
v 59.696285 84.816399 319.285492
vn 5.823004 -0.381523 -2.255159
v 59.594776 84.638580 319.066559
vn 5.886798 -0.257935 -2.103301
v 59.406181 84.292122 318.612000
vn 5.945755 -0.129398 -1.943243
v 59.233498 83.955833 318.139099
vn 5.981860 -0.033201 -1.823836
v 58.919846 83.303795 317.156677
vn 5.973761 -0.031997 -1.826636
v 58.621750 82.662453 316.156311
vn 5.928625 -0.128329 -1.950531
v 58.306969 82.011505 315.174530
vn 5.867962 -0.258770 -2.113849
v 58.133224 81.676048 314.702026
vn 5.787787 -0.405834 -2.296498
v 57.943192 81.330513 314.247833
vn 5.686693 -0.574674 -2.502049
v 57.732643 80.972229 313.816650
vn 5.578613 -0.739449 -2.697670
v 57.500717 80.600723 313.409760
vn 5.482178 -0.876171 -2.856313
v 57.166454 80.090485 312.897278
vn 5.425741 -0.957020 -2.947354
v 56.814590 79.570816 312.408844
vn 5.454075 -0.935534 -2.916913
v 56.106163 78.536415 311.459381
vn 5.553318 -0.810966 -2.768539
v 55.773647 78.038322 310.975952
vn 5.662000 -0.654314 -2.582815
v 55.471630 77.564056 310.471863
vn 5.925906 -1.365944 -1.471959
v 55.119465 76.593163 309.907654
vn 5.975772 -1.268502 -1.352580
v 54.787682 76.004379 309.059082
vn 6.012015 -1.184485 -1.256111
v 54.492149 75.465668 308.194214
vn 6.027442 -1.140923 -1.210202
v 54.222023 74.963943 307.333130
vn 6.014699 -1.154338 -1.239206
v 53.882614 74.329895 306.225616
vn 5.845845 -0.341205 -2.202581
v 55.089497 76.907166 309.665283
vn 5.908189 -0.216673 -2.046930
v 54.759907 76.295013 308.834625
vn 5.951582 -0.113388 -1.919273
v 54.467899 75.718712 307.998566
vn 5.968914 -0.062390 -1.858004
v 54.202026 75.171692 307.172272
vn 5.951526 -0.085730 -1.893944
v 53.868397 74.476471 306.111816
vn 5.900446 -0.188804 -2.028115
v 53.533840 73.806190 305.131653
vn 5.512058 0.704147 -2.874080
v 54.982494 77.234032 309.449127
vn 5.578989 0.836508 -2.704959
v 54.660809 76.597572 308.634430
vn 5.625802 0.942745 -2.564562
v 54.381535 75.982162 307.824097
vn 5.644491 0.992973 -2.496615
v 54.131020 75.387985 307.028809
vn 5.626180 0.963148 -2.534300
v 53.818153 74.629112 306.010315
vn 5.571365 0.850991 -2.679921
v 53.499893 73.908897 305.063049
vn 3.490175 0.238835 -4.679559
v 52.926056 73.059799 303.944397
vn 2.485562 -1.514171 -5.073031
v 52.739731 72.738937 303.872406
vn 1.467708 -3.247661 -4.629950
v 52.554626 72.419540 303.953522
vn 0.822286 -4.476256 -3.875448
v 52.401123 72.154022 304.174408
vn 4.963699 -1.494482 -2.879946
v 53.049271 72.906776 304.112885
vn 4.342823 -2.563776 -3.119779
v 52.899494 72.648849 304.055023
vn 3.725865 -3.628100 -2.849611
v 52.750698 72.392105 304.120209
vn 3.435816 -4.342404 -2.342708
v 52.627304 72.178665 304.297760
vn 5.104175 -3.550049 0.805806
v 53.694450 73.893562 317.684540
vn 4.977142 -3.676009 0.933910
v 53.475929 73.516563 317.357666
vn 4.389721 -3.858657 2.161346
v 53.483402 73.737526 317.958405
vn 4.345593 -4.107409 1.838210
v 53.270618 73.364944 317.624634
vn 3.483581 -4.433052 2.711165
v 53.004936 73.258553 317.881714
vn 4.363883 -4.056660 1.900901
v 53.056572 72.987663 317.302551
vn 3.522629 -4.348279 2.789601
v 52.800701 72.885429 317.550598
vn 4.383031 -4.018492 1.936737
v 52.841717 72.606781 316.991333
vn 3.547777 -4.297846 2.835010
v 52.597797 72.509544 317.228241
vn 4.399755 -3.984519 1.967966
v 52.626514 72.223419 316.690155
vn 3.569517 -4.252988 2.874489
v 52.396370 72.131866 316.914124
vn 4.417395 -3.949666 1.999063
v 52.411419 71.838654 316.398163
vn 3.592189 -4.207007 2.914474
v 52.196560 71.753380 316.607635
vn 4.434958 -3.913016 2.031162
v 51.983337 71.069283 315.838318
vn 3.615374 -4.158239 2.955183
v 51.802345 70.997780 316.015411
vn 4.445098 -3.888907 2.052140
v 51.561047 70.307350 315.304871
vn 3.629522 -4.125561 2.980840
v 51.416252 70.250420 315.447144
vn 4.437889 -3.898054 2.044155
v 50.946236 69.197266 314.539185
vn 3.622550 -4.136058 2.969165
v 50.854687 69.161545 314.629669
vn 4.414108 -3.944607 2.001870
v 50.364143 68.151985 313.793640
vn 3.593287 -4.195605 2.916345
v 50.317257 68.133842 313.840302
vn 4.382632 -4.007576 1.945353
v 50.088982 67.662521 313.420898
vn 3.554320 -4.276397 2.845627
v 50.058636 67.650833 313.451202
vn 4.342751 -4.080006 1.879530
v 49.826283 67.199814 313.044098
vn 3.504135 -4.369372 2.762669
v 49.807262 67.192528 313.063141
vn 4.307533 -4.159192 1.783441
v 49.577427 66.767311 312.660095
vn 3.450610 -4.463621 2.680819
v 49.563511 66.762009 312.674103
vn 2.436776 -4.611726 3.432553
v 49.546963 66.759659 312.686615
vn 1.336245 -4.554871 4.060679
v 49.528755 66.760521 312.696777
vn 0.150887 -4.338739 4.492898
v 49.510059 66.764435 312.704071
vn 0.217759 -4.263199 4.563177
v 49.734264 67.195740 313.103943
vn -0.918489 -3.924647 4.781263
v 49.709637 67.204552 313.109680
vn -0.901908 -3.892571 4.810496
v 49.902981 67.669815 313.525177
vn -0.889389 -3.867787 4.832713
v 50.076912 68.162880 313.954193
vn -0.886412 -3.855204 4.844182
v 50.385998 69.217163 314.850586
vn -0.896613 -3.863281 4.836973
v 50.675808 70.336861 315.794434
vn -0.900715 -3.888768 4.817921
v 50.877518 71.104584 316.447845
vn 0.295170 -4.104929 4.707578
v 50.862267 70.270798 315.751587
vn 0.276183 -4.136630 4.682079
v 51.110325 71.022255 316.394501
vn 1.493872 -4.236652 4.347495
v 51.055740 70.231560 315.677612
vn 1.474658 -4.273232 4.319912
v 51.351948 70.973518 316.302368
vn 2.627791 -4.244466 3.762277
v 51.244453 70.224281 315.574249
vn 2.610403 -4.281426 3.734503
v 51.587685 70.964752 316.173676
vn 2.461085 -4.579429 3.479298
v 52.690144 73.208611 318.111389
vn 2.505759 -4.490888 3.556193
v 52.497490 72.837563 317.772217
vn 2.533827 -4.435579 3.604956
v 52.308701 72.464127 317.439911
vn 2.558326 -4.386300 3.647312
v 52.123550 72.089226 317.114197
vn 2.583748 -4.335552 3.690591
v 51.941822 71.713768 316.794769
vn 1.324314 -4.560062 4.073459
v 52.344719 73.220085 318.298187
vn 0.145114 -4.361935 4.483405
v 51.990917 73.290382 318.431915
vn -0.984073 -4.024019 4.691805
v 51.650234 73.410194 318.509369
vn -0.956653 -3.997104 4.718801
v 51.495590 73.032272 318.156189
vn -0.956694 -3.962145 4.745790
v 51.353207 72.650307 317.806610
vn -0.926065 -3.942204 4.770065
v 51.221649 72.265419 317.460846
vn 0.231495 -4.217924 4.611354
v 51.517216 72.161194 317.393372
vn 0.252674 -4.178968 4.645918
v 51.375553 71.781303 317.055908
vn 1.447571 -4.324975 4.277578
v 51.662144 71.723793 316.946960
vn -0.916672 -3.923476 4.787155
v 51.099476 71.878754 317.119019
vn -0.968329 -3.965351 4.731020
v 49.492016 66.770905 312.708282
vn 4.965683 -3.691009 0.845574
v 49.588123 66.775009 312.645569
vn 5.002652 -3.621360 0.980969
v 50.112339 67.679413 313.389435
vn 4.979636 -3.662503 0.943960
v 49.840912 67.210373 313.024292
vn 5.021126 -3.586232 1.013777
v 50.400246 68.178162 313.745178
vn 5.035828 -3.559750 1.036365
v 51.016788 69.248650 314.445221
vn 5.040886 -3.553864 1.038092
v 51.672726 70.389015 315.157135
vn 5.034263 -3.567665 1.030086
v 52.123001 71.171677 315.654358
vn 5.021076 -3.592263 1.012324
v 52.577297 71.960571 316.180664
vn 5.012629 -3.607971 0.999293
v 52.804237 72.354195 316.457611
vn 5.006025 -3.623507 0.971241
v 53.030117 72.745583 316.745331
vn 4.989204 -3.652251 0.959271
v 53.254250 73.133469 317.044952
vn 0.187325 -4.296741 4.540740
v 51.823853 72.916725 318.081451
vn 0.210615 -4.255162 4.578309
v 51.666302 72.539993 317.735260
vn 1.370258 -4.471910 4.150124
v 52.164726 72.848831 317.952454
vn 1.398071 -4.419761 4.196154
v 51.991383 72.475082 317.612030
vn 1.422430 -4.373165 4.236184
v 51.824066 72.099770 317.276917
vn 0.299777 -4.104382 4.705218
v 50.504086 69.175194 314.823334
vn 0.283323 -4.141680 4.671638
v 50.137505 68.141273 313.940125
vn 0.253816 -4.197340 4.623504
v 49.942234 67.655792 313.516022
vn 1.493424 -4.242187 4.338463
v 50.626575 69.150154 314.776276
vn 1.467166 -4.296909 4.290411
v 50.200333 68.128319 313.915863
vn 1.426473 -4.373955 4.225429
v 49.982929 67.647362 313.500275
vn 1.380441 -4.463481 4.144222
v 49.759792 67.190422 313.094025
vn 2.623342 -4.253782 3.750048
v 50.746010 69.145287 314.710510
vn 2.592898 -4.316393 3.695571
v 50.261566 68.125671 313.881958
vn 2.550301 -4.402314 3.622379
v 50.022583 67.645599 313.478271
vn 2.498941 -4.501027 3.533290
v 49.784660 67.189285 313.080170
vn 4.916927 -3.784059 0.727201
v 60.864952 86.126785 333.047943
vn 4.168106 -4.384814 1.566744
v 60.853600 86.117882 333.061005
vn 3.269875 -4.787970 2.324681
v 60.839088 86.111397 333.073578
vn 4.133103 -4.442118 1.494681
v 60.655293 85.782471 332.632904
vn 3.218941 -4.861934 2.238311
v 60.636066 85.773918 332.649658
vn 4.105166 -4.489740 1.433578
v 60.557285 85.619270 332.408661
vn 3.180897 -4.923575 2.162517
v 60.533138 85.608566 332.429779
vn 4.077297 -4.529447 1.384762
v 60.459846 85.458572 332.178192
vn 3.147096 -4.971790 2.098855
v 60.429260 85.445045 332.205017
vn 4.043055 -4.576988 1.325039
v 60.266117 85.143143 331.700348
vn 3.103669 -5.029649 2.022172
v 60.218651 85.122253 331.742249
vn 4.012218 -4.620499 1.270337
v 60.008549 84.730545 331.033508
vn 3.064595 -5.082718 1.952233
v 59.931927 84.697037 331.101593
vn 3.996026 -4.644399 1.240103
v 59.749527 84.320740 330.340698
vn 3.042829 -5.112206 1.914759
v 59.638546 84.272484 330.439941
vn 3.999122 -4.643117 1.242986
v 59.486584 83.906914 329.630798
vn 3.045865 -5.110831 1.920572
v 59.338646 83.842949 329.763855
vn 4.030308 -4.605964 1.291629
v 59.079571 83.263969 328.553497
vn 3.083658 -5.065891 1.987463
v 58.876980 83.177063 328.737244
vn 4.072446 -4.546228 1.377191
v 58.650574 82.574837 327.488861
vn 3.123001 -4.995442 2.100445
v 58.401924 82.468956 327.716095
vn 2.100842 -5.200164 2.768875
v 58.108715 82.415756 327.919128
vn 0.978282 -5.142664 3.427935
v 57.788197 82.420319 328.084229
vn -0.153058 -4.864784 3.933939
v 57.460983 82.480560 328.202423
vn -1.218663 -4.378885 4.301984
v 57.146862 82.588066 328.270905
vn -1.242802 -4.445032 4.224000
v 57.855682 83.271820 329.185913
vn -1.260231 -4.485041 4.173776
v 58.593899 83.910309 330.088776
vn -1.256181 -4.506754 4.151787
v 59.080387 84.322060 330.682251
vn -0.230748 -5.002569 3.744909
v 58.780060 83.847061 330.048645
vn -0.234592 -5.013089 3.727750
v 59.219845 84.274811 330.652344
vn 0.869881 -5.295818 3.207355
v 58.974140 83.812065 329.979431
vn 0.867158 -5.301880 3.193925
v 59.365276 84.248787 330.600708
vn 1.983170 -5.334257 2.587767
v 59.164413 83.810303 329.882751
vn 1.980371 -5.337230 2.578360
v 59.507896 84.247726 330.528595
vn 2.203676 -5.000311 3.024219
v 60.822044 86.107979 333.084808
vn 2.164197 -5.078063 2.920440
v 60.613476 85.769440 332.664642
vn 2.122503 -5.143165 2.840787
v 60.504761 85.602966 332.448639
vn 2.087970 -5.193333 2.772538
v 60.393307 85.437988 332.229004
vn 2.043781 -5.253289 2.690404
v 60.162830 85.111404 331.779633
vn 2.003036 -5.307635 2.616659
v 59.841770 84.679741 331.162415
vn 1.082843 -4.997195 3.587208
v 60.803471 86.107941 333.093964
vn -0.101735 -4.803949 3.998109
v 60.784565 86.111191 333.100494
vn -1.228109 -4.407280 4.262276
v 60.766460 86.117241 333.104279
vn -1.264690 -4.457511 4.196317
v 60.275898 85.457878 332.270538
vn -1.260974 -4.441335 4.214450
v 60.412125 85.618599 332.481354
vn -1.217263 -4.438221 4.234312
v 60.539757 85.781822 332.690613
vn -0.152027 -4.890556 3.889664
v 60.442310 85.608467 332.474976
vn -0.123696 -4.847851 3.942084
v 60.563774 85.773781 332.685547
vn 0.988487 -5.129713 3.427275
v 60.473824 85.602989 332.463989
vn 1.025409 -5.070776 3.499208
v 60.588852 85.769440 332.676849
vn -1.259132 -4.504089 4.152050
v 59.546963 84.730553 331.267822
vn -1.251621 -4.490528 4.168339
v 59.980442 85.142540 331.844482
vn -0.198089 -4.964568 3.791016
v 60.039898 85.122513 331.831848
vn -0.173697 -4.924458 3.844859
v 60.314159 85.445023 332.262451
vn 0.921326 -5.229043 3.290969
v 60.101940 85.111610 331.810089
vn 0.957964 -5.175189 3.365656
v 60.354099 85.438049 332.248505
vn 4.851674 -3.898586 0.649618
v 58.844002 82.722557 327.252899
vn 4.814405 -3.946818 0.616110
v 59.237297 83.384911 328.362671
vn 4.795291 -3.971337 0.591088
v 59.601864 83.995697 329.492615
vn 4.793137 -3.972600 0.588515
v 59.836060 84.387589 330.237640
vn 4.810044 -3.947020 0.599376
v 60.068333 84.776878 330.962830
vn 4.816022 -3.936323 0.639938
v 60.303177 85.171974 331.656891
vn 4.877017 -3.849482 0.624637
v 60.483742 85.477211 332.150330
vn 4.888818 -3.832506 0.645820
v 60.576153 85.634010 332.386719
vn 4.866073 -3.857722 0.736018
v 60.670322 85.794220 332.615509
vn -0.221775 -4.998513 3.746146
v 59.643101 84.698074 331.247284
vn 0.886134 -5.277203 3.225846
v 59.743385 84.680283 331.211884
vn -0.204557 -4.954770 3.813341
v 58.111141 83.184692 329.130524
vn 0.903795 -5.245544 3.285247
v 58.377354 83.136162 329.034943
vn 2.021484 -5.285160 2.665045
v 58.638222 83.133072 328.901428
# 1648 vertices, 0 vertices normals


usemtl material_0
f 1//1 2//2 3//3
f 3//3 2//2 4//4
f 3//3 4//4 5//5
f 5//5 6//6 3//3
f 4//4 7//7 5//5
f 5//5 7//7 8//8
f 8//8 7//7 9//9
f 8//8 9//9 10//10
f 10//10 9//9 11//11
f 10//10 11//11 12//12
f 12//12 11//11 13//13
f 12//12 13//13 14//14
f 14//14 13//13 15//15
f 15//15 13//13 16//16
f 17//17 18//18 19//19
f 19//19 18//18 20//20
f 19//19 20//20 21//21
f 21//21 20//20 22//22
f 21//21 22//22 23//23
f 23//23 24//24 21//21
f 21//21 24//24 25//25
f 25//25 24//24 26//26
f 25//25 26//26 27//27
f 27//27 28//28 25//25
f 29//29 30//30 31//31
f 31//31 30//30 32//32
f 31//31 32//32 33//33
f 33//33 32//32 34//34
f 33//33 34//34 35//35
f 35//35 34//34 36//36
f 35//35 36//36 37//37
f 37//37 36//36 38//38
f 37//37 38//38 39//39
f 39//39 38//38 40//40
f 39//39 40//40 41//41
f 41//41 40//40 42//42
f 41//41 42//42 43//43
f 43//43 42//42 44//44
f 43//43 44//44 45//45
f 45//45 44//44 46//46
f 45//45 46//46 47//47
f 47//47 46//46 48//48
f 47//47 48//48 49//49
f 49//49 48//48 50//50
f 29//29 51//51 30//30
f 30//30 51//51 52//52
f 52//52 51//51 53//53
f 53//53 51//51 54//54
f 53//53 54//54 55//55
f 55//55 56//56 53//53
f 53//53 56//56 57//57
f 58//58 59//59 60//60
f 60//60 59//59 61//61
f 60//60 61//61 62//62
f 59//59 58//58 63//63
f 63//63 58//58 64//64
f 63//63 64//64 65//65
f 65//65 64//64 66//66
f 65//65 66//66 67//67
f 67//67 66//66 68//68
f 67//67 68//68 69//69
f 69//69 68//68 70//70
f 69//69 70//70 71//71
f 61//61 59//59 72//72
f 72//72 59//59 73//73
f 72//72 73//73 74//74
f 74//74 73//73 75//75
f 74//74 75//75 76//76
f 76//76 75//75 77//77
f 76//76 77//77 78//78
f 78//78 77//77 75//75
f 78//78 75//75 79//79
f 79//79 75//75 80//80
f 79//79 80//80 81//81
f 73//73 82//82 75//75
f 75//75 82//82 80//80
f 83//83 84//84 81//81
f 81//81 84//84 85//85
f 81//81 85//85 79//79
f 79//79 85//85 78//78
f 84//84 83//83 86//86
f 86//86 83//83 87//87
f 86//86 87//87 88//88
f 88//88 87//87 89//89
f 88//88 89//89 90//90
f 90//90 89//89 91//91
f 90//90 91//91 92//92
f 92//92 91//91 93//93
f 92//92 93//93 94//94
f 94//94 93//93 95//95
f 94//94 95//95 92//92
f 91//91 96//96 93//93
f 93//93 96//96 97//97
f 93//93 97//97 98//98
f 96//96 99//99 97//97
f 97//97 99//99 100//100
f 97//97 100//100 101//101
f 101//101 100//100 102//102
f 101//101 102//102 103//103
f 100//100 104//104 102//102
f 103//103 105//105 101//101
f 101//101 105//105 106//106
f 101//101 106//106 107//107
f 101//101 107//107 108//108
f 108//108 107//107 109//109
f 108//108 109//109 110//110
f 108//108 110//110 111//111
f 111//111 110//110 112//112
f 111//111 112//112 113//113
f 113//113 114//114 111//111
f 111//111 114//114 115//115
f 111//111 115//115 116//116
f 116//116 115//115 117//117
f 116//116 117//117 118//118
f 118//118 117//117 119//119
f 118//118 119//119 116//116
f 116//116 119//119 120//120
f 116//116 120//120 121//121
f 121//121 120//120 122//122
f 121//121 122//122 123//123
f 123//123 122//122 120//120
f 114//114 124//124 115//115
f 115//115 124//124 125//125
f 125//125 124//124 126//126
f 125//125 126//126 127//127
f 127//127 126//126 128//128
f 127//127 128//128 129//129
f 129//129 128//128 130//130
f 129//129 130//130 131//131
f 124//124 128//128 126//126
f 132//132 133//133 131//131
f 131//131 133//133 134//134
f 131//131 134//134 129//129
f 129//129 134//134 135//135
f 129//129 135//135 127//127
f 133//133 132//132 136//136
f 136//136 132//132 137//137
f 136//136 137//137 138//138
f 138//138 137//137 139//139
f 138//138 139//139 140//140
f 140//140 139//139 141//141
f 136//136 142//142 133//133
f 133//133 142//142 143//143
f 133//133 143//143 134//134
f 143//143 142//142 144//144
f 144//144 142//142 145//145
f 144//144 145//145 146//146
f 146//146 145//145 15//15
f 146//146 15//15 16//16
f 123//123 147//147 121//121
f 121//121 147//147 148//148
f 148//148 147//147 149//149
f 148//148 149//149 150//150
f 150//150 151//151 148//148
f 148//148 151//151 152//152
f 148//148 152//152 98//98
f 98//98 152//152 153//153
f 98//98 153//153 154//154
f 151//151 155//155 152//152
f 152//152 155//155 156//156
f 152//152 156//156 153//153
f 154//154 95//95 98//98
f 98//98 95//95 93//93
f 86//86 85//85 84//84
f 72//72 74//74 157//157
f 157//157 74//74 61//61
f 157//157 61//61 72//72
f 60//60 62//62 158//158
f 158//158 62//62 159//159
f 158//158 159//159 160//160
f 160//160 159//159 161//161
f 160//160 161//161 162//162
f 162//162 161//161 163//163
f 162//162 163//163 164//164
f 164//164 163//163 165//165
f 52//52 53//53 166//166
f 166//166 53//53 167//167
f 166//166 167//167 168//168
f 169//169 170//170 168//168
f 168//168 170//170 171//171
f 168//168 171//171 166//166
f 170//170 169//169 172//172
f 172//172 169//169 173//173
f 172//172 173//173 174//174
f 172//172 174//174 175//175
f 175//175 174//174 176//176
f 175//175 176//176 177//177
f 177//177 176//176 178//178
f 179//179 180//180 181//181
f 181//181 180//180 182//182
f 181//181 182//182 183//183
f 184//184 185//185 179//179
f 179//179 185//185 186//186
f 179//179 186//186 187//187
f 185//185 184//184 188//188
f 188//188 184//184 189//189
f 188//188 189//189 190//190
f 190//190 189//189 191//191
f 190//190 191//191 192//192
f 192//192 191//191 193//193
f 192//192 193//193 194//194
f 194//194 193//193 195//195
f 194//194 195//195 196//196
f 196//196 195//195 197//197
f 196//196 197//197 198//198
f 198//198 197//197 199//199
f 198//198 199//199 200//200
f 200//200 199//199 201//201
f 200//200 201//201 202//202
f 202//202 201//201 203//203
f 203//203 201//201 204//204
f 203//203 204//204 205//205
f 205//205 204//204 206//206
f 206//206 204//204 207//207
f 197//197 195//195 208//208
f 208//208 195//195 209//209
f 208//208 209//209 210//210
f 210//210 209//209 211//211
f 210//210 211//211 212//212
f 212//212 211//211 213//213
f 212//212 213//213 214//214
f 212//212 214//214 1//1
f 1//1 214//214 215//215
f 1//1 215//215 216//216
f 216//216 2//2 1//1
f 186//186 185//185 217//217
f 217//217 185//185 218//218
f 217//217 218//218 219//219
f 219//219 218//218 220//220
f 187//187 180//180 179//179
f 221//221 222//222 223//223
f 223//223 222//222 224//224
f 224//224 222//222 225//225
f 225//225 222//222 226//226
f 226//226 222//222 227//227
f 227//227 222//222 228//228
f 228//228 222//222 229//229
f 228//228 229//229 230//230
f 230//230 229//229 231//231
f 230//230 231//231 232//232
f 233//233 35//35 222//222
f 222//222 35//35 37//37
f 222//222 37//37 234//234
f 234//234 37//37 39//39
f 234//234 39//39 235//235
f 235//235 39//39 41//41
f 235//235 41//41 236//236
f 236//236 41//41 237//237
f 237//237 41//41 43//43
f 237//237 43//43 238//238
f 238//238 43//43 45//45
f 238//238 45//45 239//239
f 239//239 45//45 47//47
f 239//239 47//47 240//240
f 240//240 47//47 49//49
f 240//240 49//49 241//241
f 241//241 49//49 242//242
f 233//233 243//243 35//35
f 35//35 243//243 33//33
f 33//33 243//243 244//244
f 33//33 244//244 31//31
f 31//31 244//244 245//245
f 31//31 245//245 29//29
f 29//29 245//245 246//246
f 29//29 246//246 247//247
f 247//247 51//51 29//29
f 234//234 248//248 222//222
f 222//222 248//248 249//249
f 222//222 249//249 250//250
f 248//248 251//251 249//249
f 249//249 251//251 252//252
f 252//252 251//251 253//253
f 252//252 253//253 254//254
f 254//254 253//253 255//255
f 254//254 255//255 256//256
f 256//256 255//255 257//257
f 256//256 257//257 258//258
f 258//258 257//257 259//259
f 259//259 257//257 260//260
f 259//259 260//260 261//261
f 261//261 260//260 262//262
f 261//261 262//262 263//263
f 263//263 262//262 264//264
f 263//263 264//264 265//265
f 263//263 265//265 266//266
f 266//266 265//265 267//267
f 266//266 267//267 268//268
f 268//268 269//269 266//266
f 266//266 269//269 270//270
f 266//266 270//270 271//271
f 271//271 270//270 272//272
f 271//271 272//272 273//273
f 273//273 272//272 274//274
f 273//273 274//274 275//275
f 275//275 274//274 276//276
f 275//275 276//276 277//277
f 277//277 276//276 278//278
f 277//277 278//278 279//279
f 279//279 278//278 195//195
f 279//279 195//195 193//193
f 278//278 280//280 195//195
f 195//195 280//280 281//281
f 195//195 281//281 209//209
f 209//209 281//281 282//282
f 209//209 282//282 211//211
f 211//211 282//282 283//283
f 211//211 283//283 284//284
f 284//284 285//285 211//211
f 211//211 285//285 286//286
f 286//286 285//285 287//287
f 286//286 287//287 288//288
f 289//289 290//290 288//288
f 288//288 290//290 291//291
f 288//288 291//291 286//286
f 289//289 292//292 290//290
f 279//279 193//193 293//293
f 293//293 193//193 191//191
f 293//293 191//191 229//229
f 229//229 191//191 294//294
f 294//294 191//191 295//295
f 295//295 191//191 189//189
f 295//295 189//189 296//296
f 296//296 189//189 184//184
f 296//296 184//184 297//297
f 297//297 184//184 179//179
f 297//297 179//179 298//298
f 298//298 179//179 181//181
f 298//298 181//181 299//299
f 299//299 181//181 300//300
f 300//300 181//181 301//301
f 301//301 181//181 302//302
f 303//303 304//304 229//229
f 229//229 304//304 305//305
f 229//229 305//305 306//306
f 306//306 307//307 229//229
f 229//229 307//307 308//308
f 229//229 308//308 231//231
f 230//230 232//232 309//309
f 309//309 232//232 310//310
f 309//309 310//310 311//311
f 311//311 310//310 312//312
f 312//312 310//310 313//313
f 312//312 313//313 314//314
f 312//312 314//314 315//315
f 315//315 314//314 316//316
f 315//315 316//316 317//317
f 317//317 316//316 318//318
f 317//317 318//318 319//319
f 319//319 318//318 320//320
f 319//319 320//320 321//321
f 222//222 250//250 229//229
f 229//229 250//250 293//293
f 25//25 183//183 21//21
f 21//21 183//183 182//182
f 21//21 182//182 180//180
f 180//180 187//187 21//21
f 21//21 187//187 322//322
f 21//21 322//322 19//19
f 19//19 322//322 323//323
f 19//19 323//323 324//324
f 208//208 325//325 322//322
f 322//322 325//325 326//326
f 322//322 326//326 323//323
f 323//323 326//326 327//327
f 327//327 326//326 328//328
f 327//327 328//328 329//329
f 329//329 328//328 330//330
f 329//329 330//330 331//331
f 331//331 330//330 332//332
f 331//331 332//332 333//333
f 333//333 332//332 334//334
f 333//333 334//334 335//335
f 335//335 334//334 336//336
f 335//335 336//336 337//337
f 337//337 336//336 338//338
f 337//337 338//338 339//339
f 339//339 338//338 340//340
f 339//339 340//340 341//341
f 341//341 340//340 342//342
f 342//342 340//340 343//343
f 342//342 343//343 344//344
f 344//344 343//343 345//345
f 345//345 343//343 346//346
f 346//346 343//343 347//347
f 346//346 347//347 348//348
f 208//208 210//210 325//325
f 325//325 210//210 212//212
f 325//325 212//212 3//3
f 3//3 212//212 1//1
f 325//325 60//60 326//326
f 326//326 60//60 349//349
f 349//349 60//60 158//158
f 349//349 158//158 350//350
f 350//350 158//158 160//160
f 350//350 160//160 351//351
f 351//351 160//160 162//162
f 351//351 162//162 352//352
f 352//352 162//162 164//164
f 353//353 177//177 326//326
f 326//326 177//177 354//354
f 326//326 354//354 328//328
f 171//171 170//170 353//353
f 353//353 170//170 172//172
f 353//353 172//172 175//175
f 175//175 177//177 353//353
f 346//346 355//355 177//177
f 177//177 355//355 356//356
f 177//177 356//356 357//357
f 339//339 341//341 358//358
f 358//358 341//341 359//359
f 358//358 359//359 360//360
f 360//360 361//361 358//358
f 358//358 361//361 362//362
f 362//362 361//361 363//363
f 362//362 363//363 364//364
f 364//364 363//363 365//365
f 364//364 365//365 366//366
f 366//366 365//365 367//367
f 367//367 365//365 19//19
f 367//367 19//19 368//368
f 368//368 19//19 369//369
f 369//369 19//19 324//324
f 348//348 355//355 346//346
f 357//357 370//370 177//177
f 177//177 370//370 371//371
f 177//177 371//371 354//354
f 326//326 372//372 353//353
f 353//353 372//372 373//373
f 374//374 375//375 376//376
f 376//376 375//375 3//3
f 376//376 3//3 6//6
f 377//377 378//378 374//374
f 374//374 378//378 379//379
f 374//374 379//379 375//375
f 378//378 380//380 379//379
f 379//379 380//380 381//381
f 382//382 325//325 375//375
f 375//375 325//325 3//3
f 197//197 208//208 383//383
f 383//383 208//208 322//322
f 187//187 186//186 322//322
f 322//322 186//186 383//383
f 349//349 384//384 326//326
f 326//326 384//384 372//372
f 385//385 60//60 386//386
f 386//386 60//60 325//325
f 386//386 325//325 382//382
f 381//381 380//380 385//385
f 385//385 380//380 58//58
f 385//385 58//58 60//60
f 183//183 25//25 302//302
f 302//302 25//25 28//28
f 302//302 28//28 387//387
f 387//387 28//28 388//388
f 302//302 181//181 183//183
f 352//352 164//164 389//389
f 389//389 164//164 165//165
f 389//389 165//165 390//390
f 390//390 165//165 391//391
f 390//390 392//392 389//389
f 389//389 392//392 242//242
f 389//389 242//242 50//50
f 50//50 242//242 49//49
f 171//171 353//353 166//166
f 166//166 353//353 393//393
f 393//393 353//353 373//373
f 393//393 373//373 394//394
f 394//394 373//373 395//395
f 395//395 373//373 396//396
f 350//350 397//397 349//349
f 349//349 397//397 398//398
f 349//349 398//398 384//384
f 384//384 398//398 399//399
f 384//384 399//399 400//400
f 397//397 350//350 401//401
f 401//401 350//350 351//351
f 401//401 351//351 389//389
f 389//389 351//351 352//352
f 398//398 402//402 399//399
f 399//399 402//402 403//403
f 403//403 402//402 404//404
f 403//403 404//404 405//405
f 405//405 404//404 406//406
f 405//405 406//406 407//407
f 407//407 406//406 394//394
f 394//394 406//406 393//393
f 384//384 400//400 408//408
f 408//408 400//400 409//409
f 408//408 409//409 410//410
f 410//410 409//409 411//411
f 410//410 411//411 412//412
f 166//166 36//36 52//52
f 52//52 36//36 34//34
f 52//52 34//34 32//32
f 166//166 393//393 36//36
f 36//36 393//393 38//38
f 38//38 393//393 406//406
f 38//38 406//406 40//40
f 40//40 406//406 404//404
f 40//40 404//404 42//42
f 42//42 404//404 402//402
f 42//42 402//402 398//398
f 397//397 46//46 398//398
f 398//398 46//46 44//44
f 398//398 44//44 42//42
f 46//46 397//397 48//48
f 48//48 397//397 401//401
f 48//48 401//401 50//50
f 50//50 401//401 389//389
f 32//32 30//30 52//52
f 346//346 413//413 345//345
f 345//345 413//413 414//414
f 345//345 414//414 344//344
f 344//344 414//414 415//415
f 344//344 415//415 342//342
f 342//342 415//415 416//416
f 342//342 416//416 341//341
f 341//341 416//416 417//417
f 341//341 417//417 359//359
f 359//359 417//417 418//418
f 359//359 418//418 360//360
f 360//360 418//418 419//419
f 360//360 419//419 361//361
f 361//361 419//419 420//420
f 361//361 420//420 363//363
f 363//363 420//420 421//421
f 363//363 421//421 365//365
f 365//365 421//421 422//422
f 19//19 365//365 17//17
f 17//17 365//365 422//422
f 17//17 422//422 423//423
f 423//423 422//422 424//424
f 424//424 422//422 425//425
f 426//426 320//320 358//358
f 358//358 320//320 318//318
f 358//358 318//318 339//339
f 339//339 318//318 316//316
f 339//339 316//316 337//337
f 337//337 316//316 314//314
f 337//337 314//314 335//335
f 335//335 314//314 313//313
f 335//335 313//313 333//333
f 333//333 313//313 310//310
f 333//333 310//310 331//331
f 331//331 310//310 232//232
f 331//331 232//232 329//329
f 329//329 232//232 231//231
f 329//329 231//231 327//327
f 327//327 231//231 308//308
f 327//327 308//308 323//323
f 323//323 308//308 307//307
f 323//323 307//307 324//324
f 324//324 307//307 306//306
f 324//324 306//306 369//369
f 369//369 306//306 305//305
f 369//369 305//305 368//368
f 368//368 305//305 304//304
f 368//368 304//304 367//367
f 367//367 304//304 303//303
f 367//367 303//303 366//366
f 366//366 303//303 427//427
f 366//366 427//427 364//364
f 364//364 427//427 428//428
f 364//364 428//428 362//362
f 362//362 428//428 426//426
f 362//362 426//426 358//358
f 223//223 355//355 221//221
f 221//221 355//355 348//348
f 221//221 348//348 429//429
f 429//429 348//348 347//347
f 429//429 347//347 430//430
f 430//430 347//347 343//343
f 430//430 343//343 321//321
f 321//321 343//343 319//319
f 319//319 343//343 340//340
f 319//319 340//340 317//317
f 317//317 340//340 338//338
f 317//317 338//338 315//315
f 315//315 338//338 336//336
f 315//315 336//336 312//312
f 312//312 336//336 334//334
f 312//312 334//334 311//311
f 311//311 334//334 332//332
f 311//311 332//332 309//309
f 309//309 332//332 330//330
f 309//309 330//330 230//230
f 230//230 330//330 328//328
f 230//230 328//328 228//228
f 228//228 328//328 354//354
f 228//228 354//354 227//227
f 227//227 354//354 371//371
f 227//227 371//371 226//226
f 226//226 371//371 370//370
f 226//226 370//370 225//225
f 225//225 370//370 357//357
f 225//225 357//357 224//224
f 224//224 357//357 356//356
f 224//224 356//356 223//223
f 223//223 356//356 355//355
f 177//177 178//178 346//346
f 346//346 178//178 413//413
f 413//413 178//178 431//431
f 413//413 431//431 432//432
f 229//229 433//433 303//303
f 303//303 433//433 434//434
f 303//303 434//434 435//435
f 435//435 434//434 436//436
f 435//435 436//436 437//437
f 437//437 436//436 438//438
f 437//437 438//438 439//439
f 439//439 438//438 440//440
f 439//439 440//440 441//441
f 425//425 422//422 441//441
f 441//441 422//422 439//439
f 427//427 303//303 442//442
f 442//442 303//303 435//435
f 442//442 435//435 437//437
f 442//442 437//437 443//443
f 443//443 437//437 439//439
f 443//443 439//439 444//444
f 444//444 439//439 422//422
f 444//444 422//422 421//421
f 444//444 421//421 445//445
f 445//445 421//421 420//420
f 445//445 420//420 446//446
f 446//446 420//420 419//419
f 446//446 419//419 447//447
f 447//447 419//419 418//418
f 447//447 418//418 448//448
f 448//448 418//418 417//417
f 448//448 449//449 447//447
f 447//447 449//449 450//450
f 447//447 450//450 446//446
f 446//446 450//450 451//451
f 446//446 451//451 445//445
f 445//445 451//451 452//452
f 445//445 452//452 444//444
f 444//444 452//452 443//443
f 449//449 453//453 450//450
f 450//450 453//453 454//454
f 450//450 454//454 451//451
f 451//451 454//454 455//455
f 451//451 455//455 452//452
f 452//452 455//455 456//456
f 452//452 456//456 443//443
f 443//443 456//456 442//442
f 453//453 320//320 454//454
f 454//454 320//320 426//426
f 454//454 426//426 455//455
f 455//455 426//426 428//428
f 455//455 428//428 456//456
f 456//456 428//428 427//427
f 456//456 427//427 442//442
f 321//321 320//320 457//457
f 457//457 320//320 453//453
f 457//457 453//453 458//458
f 458//458 453//453 449//449
f 458//458 449//449 459//459
f 459//459 449//449 448//448
f 459//459 448//448 416//416
f 416//416 448//448 417//417
f 321//321 457//457 430//430
f 430//430 457//457 460//460
f 430//430 460//460 429//429
f 429//429 460//460 461//461
f 429//429 461//461 221//221
f 221//221 461//461 462//462
f 462//462 461//461 463//463
f 462//462 463//463 464//464
f 464//464 463//463 465//465
f 464//464 465//465 466//466
f 466//466 465//465 414//414
f 466//466 414//414 413//413
f 457//457 458//458 460//460
f 460//460 458//458 467//467
f 460//460 467//467 461//461
f 461//461 467//467 463//463
f 458//458 459//459 467//467
f 467//467 459//459 468//468
f 467//467 468//468 463//463
f 463//463 468//468 465//465
f 459//459 416//416 468//468
f 468//468 416//416 415//415
f 468//468 415//415 465//465
f 465//465 415//415 414//414
f 462//462 469//469 221//221
f 221//221 469//469 470//470
f 221//221 470//470 222//222
f 469//469 462//462 471//471
f 471//471 462//462 464//464
f 471//471 464//464 472//472
f 472//472 464//464 466//466
f 472//472 466//466 473//473
f 473//473 466//466 413//413
f 473//473 413//413 432//432
f 374//374 376//376 474//474
f 474//474 376//376 475//475
f 474//474 475//475 476//476
f 476//476 475//475 477//477
f 476//476 477//477 478//478
f 478//478 477//477 479//479
f 478//478 479//479 480//480
f 480//480 479//479 481//481
f 480//480 481//481 136//136
f 136//136 481//481 142//142
f 376//376 6//6 475//475
f 475//475 6//6 5//5
f 475//475 5//5 477//477
f 477//477 5//5 8//8
f 477//477 8//8 10//10
f 10//10 12//12 477//477
f 477//477 12//12 14//14
f 477//477 14//14 479//479
f 479//479 14//14 15//15
f 479//479 15//15 145//145
f 142//142 481//481 145//145
f 145//145 481//481 479//479
f 375//375 379//379 116//116
f 116//116 379//379 111//111
f 116//116 482//482 375//375
f 375//375 482//482 483//483
f 375//375 483//483 484//484
f 116//116 121//121 482//482
f 482//482 121//121 485//485
f 485//485 121//121 486//486
f 486//486 121//121 148//148
f 486//486 148//148 487//487
f 487//487 148//148 488//488
f 488//488 148//148 98//98
f 488//488 98//98 489//489
f 489//489 98//98 490//490
f 490//490 98//98 491//491
f 491//491 98//98 492//492
f 492//492 98//98 386//386
f 492//492 386//386 493//493
f 493//493 386//386 494//494
f 494//494 386//386 495//495
f 495//495 386//386 382//382
f 495//495 382//382 496//496
f 496//496 382//382 497//497
f 497//497 382//382 375//375
f 497//497 375//375 484//484
f 385//385 386//386 97//97
f 97//97 386//386 98//98
f 493//493 254//254 492//492
f 492//492 254//254 256//256
f 492//492 256//256 491//491
f 491//491 256//256 258//258
f 491//491 258//258 490//490
f 490//490 258//258 259//259
f 490//490 259//259 489//489
f 489//489 259//259 261//261
f 489//489 261//261 488//488
f 488//488 261//261 263//263
f 488//488 263//263 487//487
f 487//487 263//263 266//266
f 487//487 266//266 486//486
f 486//486 266//266 271//271
f 486//486 271//271 485//485
f 485//485 271//271 273//273
f 485//485 273//273 482//482
f 482//482 273//273 275//275
f 482//482 275//275 483//483
f 483//483 275//275 277//277
f 483//483 277//277 484//484
f 484//484 277//277 279//279
f 484//484 279//279 497//497
f 497//497 279//279 293//293
f 497//497 293//293 496//496
f 496//496 293//293 250//250
f 496//496 250//250 495//495
f 495//495 250//250 249//249
f 495//495 249//249 494//494
f 494//494 249//249 252//252
f 494//494 252//252 493//493
f 493//493 252//252 254//254
f 241//241 242//242 498//498
f 498//498 242//242 392//392
f 498//498 392//392 499//499
f 499//499 392//392 500//500
f 499//499 500//500 501//501
f 501//501 500//500 502//502
f 501//501 502//502 503//503
f 503//503 502//502 504//504
f 503//503 504//504 505//505
f 505//505 504//504 506//506
f 505//505 506//506 507//507
f 507//507 506//506 508//508
f 507//507 508//508 509//509
f 509//509 508//508 510//510
f 509//509 510//510 511//511
f 511//511 510//510 512//512
f 511//511 512//512 513//513
f 513//513 512//512 514//514
f 513//513 514//514 515//515
f 515//515 514//514 516//516
f 515//515 516//516 517//517
f 517//517 516//516 518//518
f 517//517 518//518 519//519
f 519//519 518//518 520//520
f 519//519 520//520 521//521
f 521//521 520//520 522//522
f 521//521 522//522 523//523
f 523//523 522//522 524//524
f 523//523 524//524 525//525
f 525//525 524//524 526//526
f 525//525 526//526 527//527
f 527//527 526//526 528//528
f 527//527 528//528 529//529
f 529//529 528//528 530//530
f 529//529 530//530 531//531
f 531//531 530//530 532//532
f 531//531 532//532 533//533
f 533//533 532//532 534//534
f 533//533 534//534 535//535
f 535//535 534//534 536//536
f 535//535 536//536 537//537
f 537//537 536//536 538//538
f 537//537 538//538 539//539
f 539//539 538//538 540//540
f 539//539 540//540 541//541
f 541//541 540//540 542//542
f 541//541 542//542 543//543
f 543//543 542//542 544//544
f 543//543 544//544 545//545
f 545//545 544//544 546//546
f 545//545 546//546 547//547
f 547//547 546//546 548//548
f 547//547 548//548 549//549
f 549//549 548//548 550//550
f 549//549 550//550 551//551
f 551//551 550//550 552//552
f 551//551 552//552 553//553
f 553//553 552//552 554//554
f 553//553 554//554 555//555
f 555//555 554//554 556//556
f 555//555 556//556 557//557
f 557//557 556//556 558//558
f 557//557 558//558 559//559
f 559//559 558//558 560//560
f 559//559 560//560 561//561
f 561//561 560//560 562//562
f 561//561 562//562 563//563
f 563//563 562//562 564//564
f 563//563 564//564 565//565
f 565//565 564//564 566//566
f 565//565 566//566 567//567
f 567//567 566//566 568//568
f 567//567 568//568 569//569
f 569//569 568//568 570//570
f 569//569 570//570 571//571
f 571//571 570//570 572//572
f 571//571 572//572 573//573
f 573//573 572//572 574//574
f 573//573 574//574 575//575
f 575//575 574//574 576//576
f 575//575 576//576 577//577
f 577//577 576//576 578//578
f 577//577 578//578 579//579
f 579//579 578//578 580//580
f 579//579 580//580 581//581
f 581//581 580//580 582//582
f 581//581 582//582 144//144
f 144//144 582//582 143//143
f 143//143 582//582 583//583
f 143//143 583//583 134//134
f 134//134 583//583 135//135
f 135//135 583//583 584//584
f 135//135 584//584 127//127
f 127//127 584//584 585//585
f 127//127 585//585 125//125
f 125//125 585//585 586//586
f 125//125 586//586 115//115
f 115//115 586//586 587//587
f 115//115 587//587 588//588
f 588//588 587//587 589//589
f 588//588 589//589 590//590
f 590//590 589//589 591//591
f 590//590 591//591 592//592
f 592//592 591//591 593//593
f 592//592 593//593 594//594
f 594//594 593//593 560//560
f 594//594 560//560 558//558
f 392//392 390//390 500//500
f 500//500 390//390 595//595
f 500//500 595//595 502//502
f 502//502 595//595 596//596
f 502//502 596//596 504//504
f 504//504 596//596 597//597
f 504//504 597//597 506//506
f 506//506 597//597 598//598
f 506//506 598//598 508//508
f 508//508 598//598 599//599
f 508//508 599//599 510//510
f 510//510 599//599 600//600
f 510//510 600//600 512//512
f 512//512 600//600 601//601
f 512//512 601//601 514//514
f 514//514 601//601 602//602
f 514//514 602//602 516//516
f 516//516 602//602 603//603
f 516//516 603//603 518//518
f 518//518 603//603 604//604
f 518//518 604//604 520//520
f 520//520 604//604 605//605
f 520//520 605//605 522//522
f 522//522 605//605 606//606
f 522//522 606//606 524//524
f 524//524 606//606 607//607
f 524//524 607//607 526//526
f 526//526 607//607 608//608
f 526//526 608//608 528//528
f 528//528 608//608 609//609
f 528//528 609//609 530//530
f 530//530 609//609 610//610
f 530//530 610//610 532//532
f 532//532 610//610 611//611
f 532//532 611//611 534//534
f 534//534 611//611 612//612
f 534//534 612//612 536//536
f 536//536 612//612 613//613
f 536//536 613//613 538//538
f 538//538 613//613 614//614
f 538//538 614//614 540//540
f 540//540 614//614 615//615
f 540//540 615//615 542//542
f 542//542 615//615 616//616
f 542//542 616//616 544//544
f 544//544 616//616 617//617
f 544//544 617//617 546//546
f 546//546 617//617 618//618
f 546//546 618//618 548//548
f 548//548 618//618 619//619
f 548//548 619//619 550//550
f 550//550 619//619 620//620
f 550//550 620//620 552//552
f 552//552 620//620 621//621
f 552//552 621//621 554//554
f 554//554 621//621 622//622
f 554//554 622//622 556//556
f 556//556 622//622 623//623
f 556//556 623//623 558//558
f 558//558 623//623 594//594
f 595//595 390//390 624//624
f 624//624 390//390 391//391
f 624//624 391//391 625//625
f 625//625 391//391 626//626
f 625//625 626//626 627//627
f 627//627 626//626 628//628
f 627//627 628//628 629//629
f 629//629 628//628 630//630
f 629//629 630//630 631//631
f 631//631 630//630 632//632
f 631//631 632//632 633//633
f 633//633 632//632 634//634
f 633//633 634//634 635//635
f 635//635 634//634 636//636
f 635//635 636//636 637//637
f 637//637 636//636 638//638
f 637//637 638//638 639//639
f 639//639 638//638 640//640
f 639//639 640//640 641//641
f 641//641 640//640 642//642
f 641//641 642//642 643//643
f 643//643 642//642 644//644
f 643//643 644//644 645//645
f 645//645 644//644 646//646
f 645//645 646//646 647//647
f 647//647 646//646 648//648
f 647//647 648//648 649//649
f 649//649 648//648 650//650
f 649//649 650//650 651//651
f 651//651 650//650 652//652
f 651//651 652//652 653//653
f 653//653 652//652 654//654
f 653//653 654//654 655//655
f 655//655 654//654 656//656
f 655//655 656//656 657//657
f 657//657 656//656 658//658
f 657//657 658//658 659//659
f 659//659 658//658 660//660
f 659//659 660//660 661//661
f 661//661 660//660 662//662
f 661//661 662//662 663//663
f 663//663 662//662 664//664
f 663//663 664//664 665//665
f 665//665 664//664 666//666
f 665//665 666//666 667//667
f 667//667 666//666 668//668
f 667//667 668//668 669//669
f 669//669 668//668 670//670
f 669//669 670//670 671//671
f 671//671 670//670 672//672
f 671//671 672//672 673//673
f 673//673 672//672 674//674
f 673//673 674//674 675//675
f 675//675 674//674 676//676
f 675//675 676//676 677//677
f 677//677 676//676 678//678
f 677//677 678//678 679//679
f 679//679 678//678 680//680
f 679//679 680//680 681//681
f 681//681 680//680 682//682
f 681//681 682//682 590//590
f 590//590 682//682 588//588
f 391//391 165//165 626//626
f 626//626 165//165 163//163
f 626//626 163//163 628//628
f 628//628 163//163 161//161
f 628//628 161//161 630//630
f 630//630 161//161 159//159
f 630//630 159//159 632//632
f 632//632 159//159 62//62
f 632//632 62//62 634//634
f 634//634 62//62 61//61
f 634//634 61//61 636//636
f 636//636 61//61 74//74
f 636//636 74//74 638//638
f 638//638 74//74 76//76
f 638//638 76//76 640//640
f 640//640 76//76 78//78
f 640//640 78//78 642//642
f 642//642 78//78 85//85
f 642//642 85//85 644//644
f 644//644 85//85 646//646
f 85//85 86//86 646//646
f 646//646 86//86 648//648
f 88//88 652//652 86//86
f 86//86 652//652 650//650
f 86//86 650//650 648//648
f 90//90 656//656 88//88
f 88//88 656//656 654//654
f 88//88 654//654 652//652
f 656//656 90//90 658//658
f 658//658 90//90 92//92
f 658//658 92//92 660//660
f 660//660 92//92 95//95
f 660//660 95//95 662//662
f 662//662 95//95 154//154
f 662//662 154//154 664//664
f 664//664 154//154 153//153
f 664//664 153//153 666//666
f 666//666 153//153 156//156
f 666//666 156//156 668//668
f 668//668 156//156 155//155
f 668//668 155//155 670//670
f 670//670 155//155 151//151
f 670//670 151//151 672//672
f 672//672 151//151 150//150
f 672//672 150//150 674//674
f 674//674 150//150 149//149
f 674//674 149//149 147//147
f 674//674 147//147 676//676
f 676//676 147//147 123//123
f 676//676 123//123 678//678
f 678//678 123//123 120//120
f 678//678 120//120 680//680
f 680//680 120//120 119//119
f 680//680 119//119 682//682
f 682//682 119//119 117//117
f 682//682 117//117 588//588
f 588//588 117//117 115//115
f 144//144 146//146 581//581
f 581//581 146//146 683//683
f 581//581 683//683 579//579
f 579//579 683//683 577//577
f 146//146 16//16 683//683
f 683//683 16//16 577//577
f 573//573 575//575 684//684
f 684//684 575//575 289//289
f 684//684 289//289 288//288
f 684//684 288//288 685//685
f 685//685 288//288 287//287
f 685//685 287//287 686//686
f 686//686 287//287 285//285
f 686//686 285//285 687//687
f 687//687 285//285 284//284
f 687//687 284//284 688//688
f 688//688 284//284 283//283
f 688//688 283//283 689//689
f 689//689 283//283 282//282
f 689//689 282//282 690//690
f 690//690 282//282 281//281
f 690//690 281//281 691//691
f 691//691 281//281 280//280
f 691//691 280//280 692//692
f 692//692 280//280 278//278
f 692//692 278//278 693//693
f 693//693 278//278 276//276
f 693//693 276//276 694//694
f 694//694 276//276 274//274
f 694//694 274//274 695//695
f 695//695 274//274 272//272
f 695//695 272//272 696//696
f 696//696 272//272 270//270
f 696//696 270//270 697//697
f 697//697 270//270 269//269
f 697//697 269//269 698//698
f 698//698 269//269 268//268
f 698//698 268//268 699//699
f 699//699 268//268 267//267
f 699//699 267//267 700//700
f 700//700 267//267 265//265
f 700//700 265//265 701//701
f 701//701 265//265 264//264
f 701//701 264//264 702//702
f 702//702 264//264 262//262
f 702//702 262//262 703//703
f 703//703 262//262 260//260
f 703//703 260//260 704//704
f 704//704 260//260 257//257
f 704//704 257//257 705//705
f 705//705 257//257 255//255
f 705//705 255//255 706//706
f 706//706 255//255 253//253
f 706//706 253//253 707//707
f 707//707 253//253 251//251
f 707//707 251//251 708//708
f 708//708 251//251 709//709
f 708//708 709//709 523//523
f 523//523 709//709 521//521
f 709//709 251//251 710//710
f 710//710 251//251 248//248
f 710//710 248//248 711//711
f 711//711 248//248 712//712
f 711//711 712//712 517//517
f 517//517 712//712 515//515
f 248//248 234//234 712//712
f 712//712 234//234 713//713
f 712//712 713//713 515//515
f 515//515 713//713 513//513
f 234//234 235//235 713//713
f 713//713 235//235 714//714
f 713//713 714//714 513//513
f 513//513 714//714 511//511
f 236//236 715//715 235//235
f 235//235 715//715 716//716
f 235//235 716//716 714//714
f 714//714 716//716 511//511
f 715//715 236//236 717//717
f 717//717 236//236 237//237
f 717//717 237//237 718//718
f 718//718 237//237 238//238
f 718//718 238//238 719//719
f 719//719 238//238 239//239
f 719//719 239//239 720//720
f 720//720 239//239 240//240
f 720//720 240//240 498//498
f 498//498 240//240 241//241
f 596//596 595//595 624//624
f 624//624 625//625 721//721
f 721//721 625//625 627//627
f 721//721 627//627 722//722
f 722//722 627//627 629//629
f 722//722 629//629 723//723
f 723//723 629//629 631//631
f 723//723 631//631 724//724
f 724//724 631//631 633//633
f 724//724 633//633 725//725
f 725//725 633//633 635//635
f 725//725 635//635 726//726
f 726//726 635//635 637//637
f 726//726 637//637 727//727
f 727//727 637//637 639//639
f 727//727 639//639 728//728
f 728//728 639//639 641//641
f 728//728 641//641 729//729
f 729//729 641//641 643//643
f 729//729 643//643 730//730
f 730//730 643//643 645//645
f 730//730 645//645 731//731
f 731//731 645//645 647//647
f 731//731 647//647 732//732
f 732//732 647//647 649//649
f 732//732 649//649 733//733
f 733//733 649//649 651//651
f 733//733 651//651 734//734
f 734//734 651//651 653//653
f 734//734 653//653 735//735
f 735//735 653//653 655//655
f 735//735 655//655 736//736
f 736//736 655//655 657//657
f 736//736 657//657 737//737
f 737//737 657//657 659//659
f 737//737 659//659 738//738
f 738//738 659//659 661//661
f 738//738 661//661 739//739
f 739//739 661//661 663//663
f 739//739 663//663 740//740
f 740//740 663//663 665//665
f 740//740 665//665 741//741
f 741//741 665//665 667//667
f 741//741 667//667 742//742
f 742//742 667//667 669//669
f 742//742 669//669 743//743
f 743//743 669//669 671//671
f 743//743 671//671 744//744
f 744//744 671//671 673//673
f 744//744 673//673 745//745
f 745//745 673//673 675//675
f 745//745 675//675 746//746
f 746//746 675//675 677//677
f 746//746 677//677 747//747
f 747//747 677//677 679//679
f 747//747 679//679 748//748
f 748//748 679//679 681//681
f 748//748 681//681 592//592
f 592//592 681//681 590//590
f 720//720 498//498 499//499
f 720//720 499//499 501//501
f 597//597 596//596 721//721
f 721//721 596//596 624//624
f 597//597 721//721 722//722
f 719//719 720//720 501//501
f 719//719 501//501 503//503
f 598//598 597//597 722//722
f 598//598 722//722 723//723
f 718//718 719//719 503//503
f 718//718 503//503 505//505
f 599//599 598//598 723//723
f 599//599 723//723 724//724
f 717//717 718//718 505//505
f 717//717 505//505 507//507
f 600//600 599//599 724//724
f 600//600 724//724 725//725
f 715//715 717//717 507//507
f 715//715 507//507 509//509
f 601//601 600//600 725//725
f 601//601 725//725 726//726
f 716//716 715//715 509//509
f 716//716 509//509 511//511
f 602//602 601//601 726//726
f 602//602 726//726 727//727
f 603//603 602//602 727//727
f 603//603 727//727 728//728
f 604//604 603//603 728//728
f 604//604 728//728 729//729
f 604//604 729//729 605//605
f 605//605 729//729 730//730
f 605//605 730//730 606//606
f 606//606 730//730 731//731
f 606//606 731//731 607//607
f 607//607 731//731 732//732
f 607//607 732//732 608//608
f 608//608 732//732 733//733
f 608//608 733//733 609//609
f 609//609 733//733 734//734
f 609//609 734//734 610//610
f 610//610 734//734 735//735
f 610//610 735//735 611//611
f 611//611 735//735 736//736
f 611//611 736//736 612//612
f 612//612 736//736 737//737
f 612//612 737//737 613//613
f 613//613 737//737 738//738
f 613//613 738//738 614//614
f 614//614 738//738 739//739
f 614//614 739//739 615//615
f 615//615 739//739 740//740
f 615//615 740//740 616//616
f 616//616 740//740 741//741
f 616//616 741//741 617//617
f 617//617 741//741 742//742
f 617//617 742//742 618//618
f 618//618 742//742 743//743
f 618//618 743//743 619//619
f 619//619 743//743 744//744
f 619//619 744//744 620//620
f 620//620 744//744 745//745
f 620//620 745//745 621//621
f 621//621 745//745 746//746
f 621//621 746//746 622//622
f 622//622 746//746 747//747
f 622//622 747//747 623//623
f 623//623 747//747 748//748
f 623//623 748//748 594//594
f 594//594 748//748 592//592
f 710//710 711//711 519//519
f 519//519 711//711 517//517
f 710//710 519//519 521//521
f 707//707 708//708 525//525
f 525//525 708//708 523//523
f 707//707 525//525 527//527
f 710//710 521//521 709//709
f 707//707 527//527 706//706
f 706//706 527//527 529//529
f 706//706 529//529 705//705
f 705//705 529//529 531//531
f 705//705 531//531 704//704
f 704//704 531//531 533//533
f 704//704 533//533 703//703
f 703//703 533//533 535//535
f 703//703 535//535 702//702
f 702//702 535//535 537//537
f 702//702 537//537 701//701
f 701//701 537//537 539//539
f 701//701 539//539 700//700
f 700//700 539//539 541//541
f 700//700 541//541 699//699
f 699//699 541//541 543//543
f 699//699 543//543 698//698
f 698//698 543//543 545//545
f 698//698 545//545 697//697
f 697//697 545//545 547//547
f 697//697 547//547 696//696
f 696//696 547//547 549//549
f 696//696 549//549 695//695
f 695//695 549//549 551//551
f 695//695 551//551 694//694
f 694//694 551//551 553//553
f 694//694 553//553 693//693
f 693//693 553//553 555//555
f 693//693 555//555 692//692
f 692//692 555//555 557//557
f 692//692 557//557 691//691
f 691//691 557//557 559//559
f 691//691 559//559 690//690
f 690//690 559//559 561//561
f 690//690 561//561 689//689
f 689//689 561//561 563//563
f 689//689 563//563 688//688
f 688//688 563//563 565//565
f 688//688 565//565 687//687
f 687//687 565//565 567//567
f 687//687 567//567 686//686
f 686//686 567//567 569//569
f 686//686 569//569 685//685
f 685//685 569//569 571//571
f 685//685 571//571 684//684
f 684//684 571//571 573//573
f 589//589 587//587 749//749
f 749//749 587//587 586//586
f 749//749 586//586 750//750
f 750//750 586//586 585//585
f 750//750 585//585 751//751
f 751//751 585//585 584//584
f 751//751 584//584 752//752
f 752//752 584//584 583//583
f 752//752 583//583 753//753
f 753//753 583//583 582//582
f 753//753 582//582 580//580
f 591//591 589//589 754//754
f 754//754 589//589 749//749
f 754//754 749//749 755//755
f 755//755 749//749 750//750
f 755//755 750//750 756//756
f 756//756 750//750 751//751
f 756//756 751//751 757//757
f 757//757 751//751 752//752
f 757//757 752//752 758//758
f 758//758 752//752 753//753
f 758//758 753//753 759//759
f 759//759 753//753 580//580
f 759//759 580//580 578//578
f 593//593 591//591 760//760
f 760//760 591//591 754//754
f 760//760 754//754 761//761
f 761//761 754//754 755//755
f 761//761 755//755 762//762
f 762//762 755//755 756//756
f 762//762 756//756 763//763
f 763//763 756//756 757//757
f 763//763 757//757 764//764
f 764//764 757//757 758//758
f 764//764 758//758 765//765
f 765//765 758//758 759//759
f 765//765 759//759 576//576
f 576//576 759//759 578//578
f 560//560 593//593 562//562
f 562//562 593//593 760//760
f 562//562 760//760 564//564
f 564//564 760//760 761//761
f 564//564 761//761 566//566
f 566//566 761//761 762//762
f 566//566 762//762 568//568
f 568//568 762//762 763//763
f 568//568 763//763 570//570
f 570//570 763//763 764//764
f 570//570 764//764 572//572
f 572//572 764//764 765//765
f 572//572 765//765 574//574
f 574//574 765//765 576//576
f 292//292 289//289 766//766
f 766//766 289//289 575//575
f 766//766 575//575 767//767
f 767//767 575//575 577//577
f 767//767 577//577 13//13
f 13//13 577//577 16//16
f 13//13 11//11 767//767
f 767//767 11//11 768//768
f 767//767 768//768 766//766
f 766//766 768//768 769//769
f 766//766 769//769 290//290
f 290//290 769//769 770//770
f 290//290 770//770 291//291
f 291//291 770//770 286//286
f 286//286 770//770 771//771
f 771//771 770//770 772//772
f 771//771 772//772 773//773
f 773//773 772//772 7//7
f 773//773 7//7 4//4
f 11//11 9//9 768//768
f 768//768 9//9 772//772
f 768//768 772//772 770//770
f 9//9 7//7 772//772
f 290//290 292//292 766//766
f 768//768 770//770 769//769
f 2//2 216//216 4//4
f 4//4 216//216 773//773
f 773//773 216//216 215//215
f 773//773 215//215 214//214
f 773//773 214//214 771//771
f 771//771 214//214 213//213
f 771//771 213//213 286//286
f 286//286 213//213 211//211
f 441//441 774//774 425//425
f 425//425 774//774 775//775
f 425//425 775//775 424//424
f 424//424 775//775 776//776
f 424//424 776//776 423//423
f 423//423 776//776 17//17
f 17//17 776//776 777//777
f 17//17 777//777 18//18
f 18//18 777//777 778//778
f 18//18 778//778 779//779
f 779//779 778//778 780//780
f 779//779 780//780 781//781
f 781//781 780//780 782//782
f 781//781 782//782 783//783
f 783//783 782//782 784//784
f 783//783 784//784 785//785
f 785//785 784//784 786//786
f 785//785 786//786 787//787
f 787//787 786//786 788//788
f 787//787 788//788 789//789
f 789//789 788//788 790//790
f 789//789 790//790 791//791
f 791//791 790//790 295//295
f 791//791 295//295 296//296
f 774//774 441//441 792//792
f 792//792 441//441 440//440
f 792//792 440//440 438//438
f 792//792 438//438 793//793
f 793//793 438//438 436//436
f 793//793 436//436 794//794
f 794//794 436//436 795//795
f 794//794 795//795 434//434
f 434//434 795//795 436//436
f 794//794 434//434 796//796
f 796//796 434//434 433//433
f 796//796 433//433 294//294
f 294//294 433//433 229//229
f 796//796 294//294 797//797
f 797//797 294//294 295//295
f 797//797 295//295 798//798
f 798//798 295//295 790//790
f 798//798 790//790 788//788
f 297//297 799//799 296//296
f 296//296 799//799 800//800
f 296//296 800//800 791//791
f 791//791 800//800 801//801
f 791//791 801//801 789//789
f 789//789 801//801 802//802
f 789//789 802//802 787//787
f 787//787 802//802 803//803
f 787//787 803//803 785//785
f 785//785 803//803 804//804
f 785//785 804//804 783//783
f 783//783 804//804 805//805
f 783//783 805//805 781//781
f 781//781 805//805 806//806
f 781//781 806//806 779//779
f 779//779 806//806 18//18
f 298//298 807//807 297//297
f 297//297 807//807 808//808
f 297//297 808//808 799//799
f 799//799 808//808 809//809
f 799//799 809//809 810//810
f 810//810 809//809 811//811
f 810//810 811//811 812//812
f 812//812 811//811 813//813
f 812//812 813//813 814//814
f 814//814 813//813 815//815
f 814//814 815//815 816//816
f 816//816 815//815 817//817
f 816//816 817//817 818//818
f 818//818 817//817 819//819
f 818//818 819//819 820//820
f 820//820 819//819 22//22
f 820//820 22//22 20//20
f 807//807 298//298 821//821
f 821//821 298//298 299//299
f 821//821 299//299 822//822
f 822//822 299//299 300//300
f 822//822 300//300 823//823
f 823//823 300//300 301//301
f 823//823 301//301 824//824
f 824//824 301//301 302//302
f 824//824 302//302 387//387
f 388//388 825//825 387//387
f 387//387 825//825 826//826
f 387//387 826//826 827//827
f 827//827 826//826 828//828
f 827//827 828//828 823//823
f 823//823 828//828 822//822
f 28//28 829//829 388//388
f 388//388 829//829 830//830
f 388//388 830//830 831//831
f 831//831 830//830 832//832
f 831//831 832//832 833//833
f 833//833 832//832 834//834
f 833//833 834//834 835//835
f 835//835 834//834 836//836
f 835//835 836//836 837//837
f 837//837 836//836 838//838
f 837//837 838//838 807//807
f 807//807 838//838 808//808
f 28//28 27//27 829//829
f 829//829 27//27 839//839
f 829//829 839//839 840//840
f 840//840 839//839 841//841
f 840//840 841//841 842//842
f 842//842 841//841 843//843
f 842//842 843//843 844//844
f 844//844 843//843 845//845
f 844//844 845//845 846//846
f 846//846 845//845 811//811
f 846//846 811//811 809//809
f 839//839 27//27 847//847
f 847//847 27//27 26//26
f 847//847 26//26 848//848
f 848//848 26//26 24//24
f 848//848 24//24 849//849
f 849//849 24//24 23//23
f 849//849 23//23 819//819
f 819//819 23//23 22//22
f 820//820 20//20 806//806
f 806//806 20//20 18//18
f 796//796 797//797 794//794
f 794//794 797//797 850//850
f 794//794 850//850 851//851
f 851//851 850//850 786//786
f 851//851 786//786 784//784
f 794//794 851//851 793//793
f 793//793 851//851 852//852
f 793//793 852//852 792//792
f 792//792 852//852 853//853
f 792//792 853//853 774//774
f 774//774 853//853 854//854
f 774//774 854//854 775//775
f 775//775 854//854 777//777
f 775//775 777//777 776//776
f 777//777 854//854 778//778
f 778//778 854//854 780//780
f 854//854 853//853 780//780
f 780//780 853//853 782//782
f 853//853 852//852 782//782
f 782//782 852//852 784//784
f 852//852 851//851 784//784
f 798//798 788//788 850//850
f 850//850 788//788 786//786
f 801//801 800//800 810//810
f 810//810 800//800 799//799
f 802//802 801//801 812//812
f 812//812 801//801 810//810
f 803//803 802//802 814//814
f 814//814 802//802 812//812
f 804//804 803//803 816//816
f 816//816 803//803 814//814
f 805//805 804//804 818//818
f 818//818 804//804 816//816
f 806//806 805//805 820//820
f 820//820 805//805 818//818
f 809//809 808//808 838//838
f 837//837 807//807 821//821
f 809//809 838//838 846//846
f 846//846 838//838 836//836
f 846//846 836//836 844//844
f 844//844 836//836 834//834
f 844//844 834//834 842//842
f 842//842 834//834 832//832
f 842//842 832//832 840//840
f 840//840 832//832 830//830
f 840//840 830//830 829//829
f 813//813 811//811 845//845
f 815//815 813//813 855//855
f 855//855 813//813 845//845
f 855//855 845//845 843//843
f 817//817 815//815 856//856
f 856//856 815//815 855//855
f 856//856 855//855 857//857
f 857//857 855//855 843//843
f 857//857 843//843 841//841
f 819//819 817//817 849//849
f 849//849 817//817 856//856
f 849//849 856//856 848//848
f 848//848 856//856 857//857
f 848//848 857//857 847//847
f 847//847 857//857 841//841
f 847//847 841//841 839//839
f 837//837 821//821 858//858
f 858//858 821//821 822//822
f 858//858 822//822 828//828
f 837//837 858//858 835//835
f 835//835 858//858 859//859
f 835//835 859//859 833//833
f 833//833 859//859 825//825
f 833//833 825//825 831//831
f 831//831 825//825 388//388
f 859//859 858//858 828//828
f 827//827 823//823 824//824
f 825//825 859//859 826//826
f 826//826 859//859 828//828
f 387//387 827//827 824//824
f 797//797 798//798 850//850
f 167//167 53//53 860//860
f 860//860 53//53 57//57
f 860//860 57//57 861//861
f 861//861 57//57 56//56
f 861//861 56//56 862//862
f 862//862 56//56 55//55
f 862//862 55//55 863//863
f 863//863 55//55 864//864
f 863//863 864//864 865//865
f 865//865 864//864 866//866
f 865//865 866//866 867//867
f 867//867 866//866 868//868
f 867//867 868//868 869//869
f 869//869 868//868 870//870
f 869//869 870//870 871//871
f 871//871 870//870 872//872
f 871//871 872//872 873//873
f 873//873 872//872 874//874
f 873//873 874//874 875//875
f 875//875 874//874 876//876
f 875//875 876//876 877//877
f 877//877 876//876 878//878
f 877//877 878//878 879//879
f 879//879 878//878 880//880
f 879//879 880//880 881//881
f 881//881 880//880 882//882
f 881//881 882//882 471//471
f 471//471 882//882 883//883
f 471//471 883//883 469//469
f 469//469 883//883 884//884
f 469//469 884//884 470//470
f 470//470 884//884 233//233
f 470//470 233//233 222//222
f 55//55 54//54 864//864
f 864//864 54//54 885//885
f 864//864 885//885 866//866
f 866//866 885//885 886//886
f 866//866 886//886 868//868
f 868//868 886//886 887//887
f 868//868 887//887 870//870
f 870//870 887//887 888//888
f 870//870 888//888 872//872
f 872//872 888//888 889//889
f 872//872 889//889 874//874
f 874//874 889//889 890//890
f 874//874 890//890 876//876
f 876//876 890//890 891//891
f 876//876 891//891 878//878
f 878//878 891//891 892//892
f 878//878 892//892 880//880
f 880//880 892//892 893//893
f 880//880 893//893 882//882
f 882//882 893//893 883//883
f 885//885 54//54 894//894
f 894//894 54//54 51//51
f 894//894 51//51 247//247
f 246//246 895//895 247//247
f 247//247 895//895 896//896
f 247//247 896//896 897//897
f 897//897 896//896 887//887
f 897//897 887//887 886//886
f 245//245 898//898 246//246
f 246//246 898//898 899//899
f 246//246 899//899 895//895
f 895//895 899//899 889//889
f 895//895 889//889 888//888
f 898//898 245//245 900//900
f 900//900 245//245 244//244
f 900//900 244//244 901//901
f 901//901 244//244 902//902
f 901//901 902//902 893//893
f 893//893 902//902 883//883
f 244//244 243//243 902//902
f 902//902 243//243 884//884
f 902//902 884//884 883//883
f 243//243 233//233 884//884
f 471//471 472//472 881//881
f 881//881 472//472 903//903
f 881//881 903//903 879//879
f 879//879 903//903 904//904
f 879//879 904//904 877//877
f 877//877 904//904 905//905
f 877//877 905//905 875//875
f 875//875 905//905 906//906
f 875//875 906//906 873//873
f 873//873 906//906 907//907
f 873//873 907//907 871//871
f 871//871 907//907 908//908
f 871//871 908//908 869//869
f 869//869 908//908 909//909
f 869//869 909//909 867//867
f 867//867 909//909 910//910
f 867//867 910//910 865//865
f 865//865 910//910 911//911
f 865//865 911//911 863//863
f 863//863 911//911 862//862
f 472//472 473//473 903//903
f 903//903 473//473 432//432
f 903//903 432//432 912//912
f 912//912 432//432 431//431
f 912//912 431//431 913//913
f 913//913 431//431 178//178
f 913//913 178//178 176//176
f 913//913 176//176 914//914
f 914//914 176//176 174//174
f 914//914 174//174 915//915
f 915//915 174//174 173//173
f 915//915 173//173 916//916
f 916//916 173//173 169//169
f 916//916 169//169 917//917
f 917//917 169//169 168//168
f 917//917 168//168 918//918
f 918//918 168//168 919//919
f 918//918 919//919 920//920
f 920//920 919//919 921//921
f 920//920 921//921 910//910
f 910//910 921//921 911//911
f 168//168 167//167 919//919
f 919//919 167//167 922//922
f 919//919 922//922 921//921
f 921//921 922//922 923//923
f 921//921 923//923 911//911
f 911//911 923//923 862//862
f 923//923 922//922 924//924
f 924//924 922//922 167//167
f 924//924 167//167 860//860
f 247//247 897//897 894//894
f 894//894 897//897 886//886
f 894//894 886//886 885//885
f 924//924 860//860 861//861
f 924//924 861//861 923//923
f 923//923 861//861 862//862
f 888//888 887//887 896//896
f 895//895 888//888 896//896
f 920//920 910//910 909//909
f 889//889 899//899 890//890
f 890//890 899//899 898//898
f 890//890 898//898 891//891
f 891//891 898//898 900//900
f 891//891 900//900 892//892
f 892//892 900//900 901//901
f 892//892 901//901 893//893
f 907//907 925//925 908//908
f 908//908 925//925 926//926
f 908//908 926//926 909//909
f 909//909 926//926 920//920
f 925//925 917//917 926//926
f 926//926 917//917 918//918
f 926//926 918//918 920//920
f 925//925 907//907 927//927
f 927//927 907//907 906//906
f 927//927 906//906 928//928
f 928//928 906//906 905//905
f 928//928 905//905 929//929
f 929//929 905//905 904//904
f 929//929 904//904 912//912
f 912//912 904//904 903//903
f 917//917 925//925 916//916
f 916//916 925//925 927//927
f 916//916 927//927 915//915
f 915//915 927//927 928//928
f 915//915 928//928 914//914
f 914//914 928//928 929//929
f 914//914 929//929 913//913
f 913//913 929//929 912//912
f 204//204 378//378 207//207
f 207//207 378//378 930//930
f 930//930 378//378 931//931
f 931//931 378//378 377//377
f 930//930 931//931 932//932
f 932//932 931//931 933//933
f 932//932 933//933 934//934
f 934//934 933//933 935//935
f 934//934 935//935 936//936
f 934//934 936//936 937//937
f 937//937 936//936 938//938
f 937//937 938//938 939//939
f 939//939 938//938 140//140
f 939//939 140//140 141//141
f 940//940 941//941 942//942
f 942//942 941//941 943//943
f 942//942 943//943 944//944
f 944//944 943//943 945//945
f 945//945 943//943 946//946
f 946//946 943//943 947//947
f 947//947 943//943 948//948
f 947//947 948//948 949//949
f 949//949 948//948 950//950
f 950//950 948//948 951//951
f 952//952 953//953 954//954
f 954//954 953//953 955//955
f 954//954 955//955 956//956
f 956//956 955//955 957//957
f 956//956 957//957 958//958
f 958//958 957//957 959//959
f 958//958 959//959 960//960
f 960//960 959//959 961//961
f 960//960 961//961 962//962
f 962//962 961//961 963//963
f 962//962 963//963 964//964
f 964//964 963//963 965//965
f 964//964 965//965 966//966
f 966//966 965//965 967//967
f 966//966 967//967 968//968
f 968//968 967//967 969//969
f 968//968 969//969 970//970
f 970//970 969//969 971//971
f 970//970 971//971 972//972
f 972//972 971//971 973//973
f 972//972 973//973 974//974
f 974//974 973//973 975//975
f 974//974 975//975 976//976
f 977//977 978//978 976//976
f 976//976 978//978 979//979
f 976//976 979//979 980//980
f 980//980 974//974 976//976
f 975//975 395//395 976//976
f 976//976 395//395 981//981
f 981//981 395//395 982//982
f 982//982 395//395 983//983
f 982//982 983//983 984//984
f 984//984 983//983 985//985
f 984//984 985//985 986//986
f 986//986 985//985 987//987
f 987//987 985//985 988//988
f 987//987 988//988 989//989
f 989//989 988//988 990//990
f 989//989 990//990 991//991
f 395//395 396//396 983//983
f 992//992 993//993 994//994
f 994//994 993//993 995//995
f 994//994 995//995 996//996
f 996//996 997//997 994//994
f 994//994 997//997 998//998
f 994//994 998//998 999//999
f 994//994 999//999 1000//1000
f 1000//1000 999//999 1001//1001
f 1000//1000 1001//1001 1002//1002
f 1002//1002 1001//1001 1003//1003
f 1003//1003 1001//1001 1004//1004
f 1003//1003 1004//1004 1005//1005
f 1005//1005 1004//1004 1006//1006
f 1005//1005 1006//1006 1007//1007
f 1008//1008 1009//1009 1007//1007
f 1007//1007 1009//1009 1010//1010
f 1007//1007 1010//1010 1005//1005
f 1009//1009 1008//1008 1011//1011
f 1011//1011 1008//1008 1012//1012
f 1011//1011 1012//1012 1013//1013
f 1013//1013 1012//1012 1014//1014
f 1013//1013 1014//1014 1015//1015
f 1015//1015 1014//1014 1016//1016
f 1002//1002 1017//1017 1000//1000
f 1000//1000 1017//1017 1018//1018
f 1000//1000 1018//1018 1019//1019
f 1019//1019 1020//1020 1000//1000
f 1000//1000 1020//1020 1021//1021
f 1000//1000 1021//1021 1022//1022
f 1023//1023 192//192 1000//1000
f 1000//1000 192//192 1024//1024
f 1000//1000 1024//1024 1025//1025
f 1023//1023 1026//1026 192//192
f 192//192 1026//1026 190//190
f 190//190 1026//1026 1027//1027
f 190//190 1027//1027 188//188
f 188//188 1027//1027 1028//1028
f 188//188 1028//1028 185//185
f 185//185 1028//1028 1029//1029
f 185//185 1029//1029 218//218
f 218//218 1029//1029 1030//1030
f 218//218 1030//1030 1031//1031
f 1031//1031 1032//1032 218//218
f 218//218 1032//1032 1033//1033
f 192//192 194//194 1024//1024
f 1024//1024 194//194 1034//1034
f 1034//1034 194//194 196//196
f 1034//1034 196//196 1035//1035
f 1035//1035 196//196 1036//1036
f 1036//1036 196//196 1037//1037
f 1037//1037 196//196 198//198
f 1037//1037 198//198 1038//1038
f 1038//1038 198//198 200//200
f 1038//1038 200//200 1039//1039
f 1039//1039 200//200 1040//1040
f 1040//1040 200//200 1041//1041
f 1041//1041 200//200 1042//1042
f 1041//1041 1042//1042 1043//1043
f 1043//1043 1042//1042 1044//1044
f 1044//1044 1042//1042 1045//1045
f 1044//1044 1045//1045 1046//1046
f 1047//1047 1048//1048 1046//1046
f 1046//1046 1048//1048 1044//1044
f 1034//1034 1035//1035 1049//1049
f 1049//1049 1035//1035 1050//1050
f 1049//1049 1050//1050 1051//1051
f 1051//1051 1050//1050 1052//1052
f 1051//1051 1052//1052 1053//1053
f 1053//1053 1052//1052 1054//1054
f 1053//1053 1054//1054 1055//1055
f 1055//1055 1054//1054 1056//1056
f 1055//1055 1056//1056 1057//1057
f 1057//1057 1056//1056 1058//1058
f 1057//1057 1058//1058 1059//1059
f 1059//1059 1060//1060 1057//1057
f 1057//1057 1060//1060 1061//1061
f 1057//1057 1061//1061 1062//1062
f 1062//1062 1061//1061 1063//1063
f 1062//1062 1063//1063 1064//1064
f 1062//1062 1064//1064 1065//1065
f 1065//1065 1064//1064 1066//1066
f 1065//1065 1066//1066 1067//1067
f 1067//1067 1066//1066 1068//1068
f 1067//1067 1068//1068 1069//1069
f 1069//1069 1068//1068 1070//1070
f 1070//1070 1068//1068 1071//1071
f 1070//1070 1071//1071 1072//1072
f 1072//1072 1071//1071 1073//1073
f 1072//1072 1073//1073 1074//1074
f 1074//1074 1073//1073 1075//1075
f 1074//1074 1075//1075 1076//1076
f 1076//1076 1075//1075 1077//1077
f 1076//1076 1077//1077 994//994
f 994//994 1077//1077 1078//1078
f 994//994 1078//1078 964//964
f 964//964 1078//1078 962//962
f 962//962 1078//1078 1079//1079
f 962//962 1079//1079 960//960
f 960//960 1079//1079 1080//1080
f 960//960 1080//1080 1081//1081
f 960//960 1081//1081 958//958
f 958//958 1081//1081 1082//1082
f 958//958 1082//1082 956//956
f 956//956 1082//1082 1083//1083
f 956//956 1083//1083 954//954
f 954//954 1083//1083 1084//1084
f 954//954 1084//1084 952//952
f 952//952 1084//1084 1085//1085
f 952//952 1085//1085 1086//1086
f 964//964 966//966 994//994
f 994//994 966//966 1087//1087
f 1087//1087 966//966 1088//1088
f 1088//1088 966//966 968//968
f 1088//1088 968//968 1089//1089
f 1089//1089 968//968 970//970
f 1089//1089 970//970 1090//1090
f 1090//1090 970//970 972//972
f 1090//1090 972//972 1091//1091
f 1091//1091 972//972 1092//1092
f 1092//1092 972//972 974//974
f 1000//1000 1025//1025 994//994
f 994//994 1025//1025 1076//1076
f 948//948 943//943 220//220
f 220//220 943//943 219//219
f 219//219 943//943 217//217
f 217//217 943//943 186//186
f 186//186 943//943 383//383
f 383//383 943//943 941//941
f 383//383 941//941 1093//1093
f 1093//1093 941//941 1094//1094
f 1094//1094 941//941 1095//1095
f 1095//1095 941//941 1096//1096
f 1096//1096 941//941 1097//1097
f 1097//1097 941//941 1098//1098
f 1097//1097 1098//1098 1099//1099
f 1099//1099 1098//1098 1100//1100
f 1100//1100 1098//1098 1101//1101
f 1100//1100 1101//1101 1102//1102
f 1102//1102 1101//1101 1103//1103
f 1102//1102 1103//1103 1104//1104
f 1104//1104 1103//1103 1105//1105
f 1104//1104 1105//1105 1106//1106
f 1106//1106 1107//1107 1104//1104
f 1104//1104 1107//1107 1108//1108
f 1108//1108 1107//1107 1109//1109
f 1108//1108 1109//1109 1110//1110
f 1110//1110 1109//1109 1111//1111
f 1111//1111 1109//1109 1112//1112
f 1111//1111 1112//1112 1113//1113
f 1113//1113 1114//1114 1111//1111
f 1111//1111 1114//1114 1115//1115
f 1115//1115 1114//1114 1116//1116
f 1116//1116 1114//1114 1117//1117
f 1117//1117 1114//1114 990//990
f 1117//1117 990//990 1118//1118
f 1118//1118 990//990 1119//1119
f 1119//1119 990//990 1120//1120
f 1120//1120 990//990 1121//1121
f 1121//1121 990//990 1122//1122
f 1122//1122 990//990 372//372
f 1122//1122 372//372 1123//1123
f 1123//1123 372//372 1124//1124
f 1123//1123 1124//1124 1125//1125
f 1125//1125 1124//1124 1126//1126
f 1125//1125 1126//1126 1127//1127
f 1127//1127 1126//1126 1128//1128
f 1127//1127 1128//1128 1129//1129
f 1129//1129 1128//1128 1130//1130
f 1129//1129 1130//1130 1131//1131
f 1131//1131 1130//1130 1132//1132
f 1131//1131 1132//1132 1133//1133
f 1133//1133 1132//1132 1134//1134
f 1133//1133 1134//1134 1110//1110
f 1110//1110 1134//1134 1108//1108
f 372//372 990//990 373//373
f 373//373 990//990 988//988
f 373//373 988//988 985//985
f 985//985 983//983 373//373
f 373//373 983//983 396//396
f 384//384 58//58 372//372
f 372//372 58//58 380//380
f 372//372 380//380 383//383
f 383//383 380//380 197//197
f 197//197 380//380 199//199
f 199//199 380//380 201//201
f 201//201 380//380 378//378
f 201//201 378//378 204//204
f 58//58 384//384 64//64
f 64//64 384//384 408//408
f 64//64 408//408 66//66
f 66//66 408//408 410//410
f 66//66 410//410 68//68
f 68//68 410//410 412//412
f 68//68 412//412 70//70
f 383//383 1093//1093 372//372
f 372//372 1093//1093 1124//1124
f 948//948 1033//1033 951//951
f 951//951 1033//1033 1135//1135
f 951//951 1135//1135 1136//1136
f 948//948 220//220 1033//1033
f 1033//1033 220//220 218//218
f 70//70 411//411 71//71
f 71//71 411//411 1137//1137
f 71//71 1137//1137 1138//1138
f 70//70 412//412 411//411
f 953//953 1086//1086 411//411
f 411//411 1086//1086 1139//1139
f 411//411 1139//1139 1137//1137
f 953//953 952//952 1086//1086
f 394//394 395//395 967//967
f 967//967 395//395 975//975
f 967//967 975//975 969//969
f 969//969 975//975 971//971
f 971//971 975//975 973//973
f 967//967 965//965 394//394
f 394//394 965//965 407//407
f 407//407 965//965 963//963
f 407//407 963//963 405//405
f 405//405 963//963 961//961
f 405//405 961//961 403//403
f 403//403 961//961 399//399
f 399//399 961//961 959//959
f 399//399 959//959 957//957
f 399//399 957//957 400//400
f 400//400 957//957 955//955
f 400//400 955//955 409//409
f 409//409 955//955 953//953
f 409//409 953//953 411//411
f 1140//1140 1114//1114 1141//1141
f 1141//1141 1114//1114 1113//1113
f 1141//1141 1113//1113 1142//1142
f 1142//1142 1113//1113 1112//1112
f 1142//1142 1112//1112 1143//1143
f 1143//1143 1112//1112 1109//1109
f 1143//1143 1109//1109 1144//1144
f 1144//1144 1109//1109 1107//1107
f 1144//1144 1107//1107 1145//1145
f 1145//1145 1107//1107 1106//1106
f 1145//1145 1106//1106 1146//1146
f 1146//1146 1106//1106 1105//1105
f 1146//1146 1105//1105 1147//1147
f 1147//1147 1105//1105 1103//1103
f 1147//1147 1103//1103 1148//1148
f 1148//1148 1103//1103 1101//1101
f 1148//1148 1101//1101 1149//1149
f 1149//1149 1101//1101 1098//1098
f 1098//1098 940//940 1149//1149
f 1149//1149 940//940 1150//1150
f 1149//1149 1150//1150 1151//1151
f 1098//1098 941//941 940//940
f 1151//1151 1152//1152 1149//1149
f 1021//1021 1097//1097 1022//1022
f 1022//1022 1097//1097 1099//1099
f 1022//1022 1099//1099 1153//1153
f 1153//1153 1099//1099 1100//1100
f 1153//1153 1100//1100 1154//1154
f 1154//1154 1100//1100 1102//1102
f 1154//1154 1102//1102 1155//1155
f 1155//1155 1102//1102 1104//1104
f 1155//1155 1104//1104 1015//1015
f 1015//1015 1104//1104 1013//1013
f 1013//1013 1104//1104 1108//1108
f 1013//1013 1108//1108 1011//1011
f 1011//1011 1108//1108 1134//1134
f 1011//1011 1134//1134 1009//1009
f 1009//1009 1134//1134 1132//1132
f 1009//1009 1132//1132 1010//1010
f 1010//1010 1132//1132 1130//1130
f 1010//1010 1130//1130 1005//1005
f 1005//1005 1130//1130 1128//1128
f 1005//1005 1128//1128 1003//1003
f 1003//1003 1128//1128 1126//1126
f 1003//1003 1126//1126 1002//1002
f 1002//1002 1126//1126 1124//1124
f 1002//1002 1124//1124 1017//1017
f 1017//1017 1124//1124 1093//1093
f 1017//1017 1093//1093 1018//1018
f 1018//1018 1093//1093 1094//1094
f 1018//1018 1094//1094 1019//1019
f 1019//1019 1094//1094 1095//1095
f 1019//1019 1095//1095 1020//1020
f 1020//1020 1095//1095 1096//1096
f 1020//1020 1096//1096 1021//1021
f 1021//1021 1096//1096 1097//1097
f 1156//1156 1016//1016 1111//1111
f 1111//1111 1016//1016 1014//1014
f 1111//1111 1014//1014 1110//1110
f 1110//1110 1014//1014 1012//1012
f 1110//1110 1012//1012 1133//1133
f 1133//1133 1012//1012 1008//1008
f 1133//1133 1008//1008 1131//1131
f 1131//1131 1008//1008 1007//1007
f 1131//1131 1007//1007 1129//1129
f 1129//1129 1007//1007 1006//1006
f 1129//1129 1006//1006 1127//1127
f 1127//1127 1006//1006 1004//1004
f 1127//1127 1004//1004 1125//1125
f 1125//1125 1004//1004 1001//1001
f 1125//1125 1001//1001 1123//1123
f 1123//1123 1001//1001 999//999
f 1123//1123 999//999 1122//1122
f 1122//1122 999//999 998//998
f 1122//1122 998//998 1121//1121
f 1121//1121 998//998 997//997
f 1121//1121 997//997 1120//1120
f 1120//1120 997//997 996//996
f 1120//1120 996//996 1119//1119
f 1119//1119 996//996 995//995
f 1119//1119 995//995 1118//1118
f 1118//1118 995//995 993//993
f 1118//1118 993//993 1117//1117
f 1117//1117 993//993 992//992
f 1117//1117 992//992 1116//1116
f 1116//1116 992//992 1157//1157
f 1116//1116 1157//1157 1115//1115
f 1115//1115 1157//1157 1156//1156
f 1115//1115 1156//1156 1111//1111
f 990//990 1114//1114 991//991
f 991//991 1114//1114 1140//1140
f 991//991 1140//1140 1158//1158
f 1158//1158 1140//1140 1159//1159
f 1000//1000 1022//1022 1160//1160
f 1160//1160 1022//1022 1161//1161
f 1161//1161 1022//1022 1162//1162
f 1161//1161 1162//1162 1163//1163
f 1163//1163 1162//1162 1164//1164
f 1163//1163 1164//1164 1165//1165
f 1165//1165 1164//1164 1166//1166
f 1165//1165 1166//1166 1167//1167
f 1167//1167 1166//1166 1168//1168
f 1168//1168 1166//1166 1149//1149
f 1168//1168 1149//1149 1152//1152
f 1149//1149 1166//1166 1148//1148
f 1148//1148 1166//1166 1169//1169
f 1148//1148 1169//1169 1147//1147
f 1147//1147 1169//1169 1170//1170
f 1147//1147 1170//1170 1146//1146
f 1146//1146 1170//1170 1171//1171
f 1146//1146 1171//1171 1145//1145
f 1145//1145 1171//1171 1172//1172
f 1145//1145 1172//1172 1144//1144
f 1144//1144 1172//1172 1173//1173
f 1173//1173 1172//1172 1174//1174
f 1173//1173 1174//1174 1175//1175
f 1175//1175 1174//1174 1176//1176
f 1175//1175 1176//1176 1177//1177
f 1177//1177 1176//1176 1015//1015
f 1015//1015 1176//1176 1155//1155
f 1155//1155 1176//1176 1178//1178
f 1155//1155 1178//1178 1154//1154
f 1154//1154 1178//1178 1179//1179
f 1154//1154 1179//1179 1153//1153
f 1153//1153 1179//1179 1180//1180
f 1153//1153 1180//1180 1022//1022
f 1022//1022 1180//1180 1162//1162
f 1162//1162 1180//1180 1181//1181
f 1162//1162 1181//1181 1164//1164
f 1164//1164 1181//1181 1169//1169
f 1164//1164 1169//1169 1166//1166
f 1170//1170 1169//1169 1181//1181
f 1181//1181 1180//1180 1182//1182
f 1182//1182 1180//1180 1179//1179
f 1182//1182 1179//1179 1183//1183
f 1183//1183 1179//1179 1178//1178
f 1183//1183 1178//1178 1174//1174
f 1174//1174 1178//1178 1176//1176
f 1171//1171 1170//1170 1182//1182
f 1182//1182 1170//1170 1181//1181
f 1171//1171 1182//1182 1183//1183
f 1172//1172 1171//1171 1183//1183
f 1172//1172 1183//1183 1174//1174
f 1143//1143 1144//1144 1184//1184
f 1184//1184 1144//1144 1173//1173
f 1184//1184 1173//1173 1185//1185
f 1185//1185 1173//1173 1175//1175
f 1185//1185 1175//1175 1186//1186
f 1186//1186 1175//1175 1177//1177
f 1186//1186 1177//1177 1016//1016
f 1016//1016 1177//1177 1015//1015
f 1143//1143 1184//1184 1142//1142
f 1142//1142 1184//1184 1187//1187
f 1142//1142 1187//1187 1141//1141
f 1141//1141 1187//1187 1188//1188
f 1141//1141 1188//1188 1140//1140
f 1140//1140 1188//1188 1189//1189
f 1189//1189 1188//1188 1190//1190
f 1189//1189 1190//1190 1191//1191
f 1191//1191 1190//1190 1192//1192
f 1191//1191 1192//1192 1193//1193
f 1193//1193 1192//1192 1157//1157
f 1193//1193 1157//1157 992//992
f 1184//1184 1185//1185 1187//1187
f 1187//1187 1185//1185 1194//1194
f 1187//1187 1194//1194 1188//1188
f 1188//1188 1194//1194 1190//1190
f 1185//1185 1186//1186 1194//1194
f 1194//1194 1186//1186 1195//1195
f 1194//1194 1195//1195 1190//1190
f 1190//1190 1195//1195 1192//1192
f 1186//1186 1016//1016 1195//1195
f 1195//1195 1016//1016 1156//1156
f 1195//1195 1156//1156 1192//1192
f 1192//1192 1156//1156 1157//1157
f 1159//1159 1140//1140 1196//1196
f 1196//1196 1140//1140 1189//1189
f 1196//1196 1189//1189 1197//1197
f 1197//1197 1189//1189 1191//1191
f 1197//1197 1191//1191 1198//1198
f 1198//1198 1191//1191 1193//1193
f 1198//1198 1193//1193 1199//1199
f 1199//1199 1193//1193 992//992
f 1199//1199 992//992 1200//1200
f 1200//1200 992//992 994//994
f 374//374 474//474 377//377
f 377//377 474//474 931//931
f 931//931 474//474 476//476
f 931//931 476//476 933//933
f 933//933 476//476 935//935
f 935//935 476//476 936//936
f 936//936 476//476 938//938
f 938//938 476//476 478//478
f 938//938 478//478 140//140
f 140//140 478//478 138//138
f 138//138 478//478 480//480
f 138//138 480//480 136//136
f 108//108 111//111 1201//1201
f 1201//1201 111//111 379//379
f 1201//1201 379//379 1202//1202
f 1202//1202 379//379 1203//1203
f 1203//1203 379//379 1204//1204
f 1204//1204 379//379 381//381
f 1204//1204 381//381 1205//1205
f 1205//1205 381//381 1206//1206
f 1206//1206 381//381 385//385
f 1206//1206 385//385 1207//1207
f 1207//1207 385//385 1208//1208
f 1208//1208 385//385 1209//1209
f 1209//1209 385//385 97//97
f 1209//1209 97//97 1210//1210
f 1210//1210 97//97 1211//1211
f 1211//1211 97//97 1212//1212
f 1212//1212 97//97 1213//1213
f 1213//1213 97//97 101//101
f 1213//1213 101//101 1214//1214
f 1214//1214 101//101 1215//1215
f 1215//1215 101//101 108//108
f 1215//1215 108//108 1216//1216
f 1216//1216 108//108 1201//1201
f 1210//1210 1069//1069 1209//1209
f 1209//1209 1069//1069 1070//1070
f 1209//1209 1070//1070 1208//1208
f 1208//1208 1070//1070 1072//1072
f 1208//1208 1072//1072 1207//1207
f 1207//1207 1072//1072 1074//1074
f 1207//1207 1074//1074 1206//1206
f 1206//1206 1074//1074 1076//1076
f 1206//1206 1076//1076 1205//1205
f 1205//1205 1076//1076 1025//1025
f 1205//1205 1025//1025 1204//1204
f 1204//1204 1025//1025 1024//1024
f 1204//1204 1024//1024 1203//1203
f 1203//1203 1024//1024 1034//1034
f 1203//1203 1034//1034 1202//1202
f 1202//1202 1034//1034 1049//1049
f 1202//1202 1049//1049 1201//1201
f 1201//1201 1049//1049 1051//1051
f 1201//1201 1051//1051 1216//1216
f 1216//1216 1051//1051 1053//1053
f 1216//1216 1053//1053 1215//1215
f 1215//1215 1053//1053 1055//1055
f 1215//1215 1055//1055 1214//1214
f 1214//1214 1055//1055 1057//1057
f 1214//1214 1057//1057 1213//1213
f 1213//1213 1057//1057 1062//1062
f 1213//1213 1062//1062 1212//1212
f 1212//1212 1062//1062 1065//1065
f 1212//1212 1065//1065 1211//1211
f 1211//1211 1065//1065 1067//1067
f 1211//1211 1067//1067 1210//1210
f 1210//1210 1067//1067 1069//1069
f 69//69 71//71 1217//1217
f 1217//1217 71//71 1138//1138
f 1217//1217 1138//1138 1218//1218
f 1218//1218 1138//1138 1219//1219
f 1218//1218 1219//1219 1220//1220
f 1220//1220 1219//1219 1221//1221
f 1220//1220 1221//1221 1222//1222
f 1222//1222 1221//1221 1223//1223
f 1222//1222 1223//1223 1224//1224
f 1224//1224 1223//1223 1225//1225
f 1224//1224 1225//1225 1226//1226
f 1226//1226 1225//1225 1227//1227
f 1226//1226 1227//1227 1228//1228
f 1228//1228 1227//1227 1229//1229
f 1228//1228 1229//1229 1230//1230
f 1230//1230 1229//1229 1231//1231
f 1230//1230 1231//1231 1232//1232
f 1232//1232 1231//1231 1233//1233
f 1232//1232 1233//1233 1234//1234
f 1234//1234 1233//1233 1235//1235
f 1234//1234 1235//1235 1236//1236
f 1236//1236 1235//1235 1237//1237
f 1236//1236 1237//1237 1238//1238
f 1238//1238 1237//1237 1239//1239
f 1238//1238 1239//1239 1240//1240
f 1240//1240 1239//1239 1241//1241
f 1240//1240 1241//1241 1242//1242
f 1242//1242 1241//1241 1243//1243
f 1242//1242 1243//1243 1244//1244
f 1244//1244 1243//1243 1245//1245
f 1244//1244 1245//1245 1246//1246
f 1246//1246 1245//1245 1247//1247
f 1246//1246 1247//1247 1248//1248
f 1248//1248 1247//1247 1249//1249
f 1248//1248 1249//1249 1250//1250
f 1250//1250 1249//1249 1251//1251
f 1250//1250 1251//1251 1252//1252
f 1252//1252 1251//1251 1253//1253
f 1252//1252 1253//1253 1254//1254
f 1254//1254 1253//1253 1255//1255
f 1254//1254 1255//1255 1256//1256
f 1256//1256 1255//1255 1257//1257
f 1256//1256 1257//1257 1258//1258
f 1258//1258 1257//1257 1259//1259
f 1258//1258 1259//1259 1260//1260
f 1260//1260 1259//1259 1261//1261
f 1260//1260 1261//1261 1262//1262
f 1262//1262 1261//1261 1263//1263
f 1262//1262 1263//1263 1264//1264
f 1264//1264 1263//1263 1265//1265
f 1264//1264 1265//1265 1266//1266
f 1266//1266 1265//1265 1267//1267
f 1266//1266 1267//1267 1268//1268
f 1268//1268 1267//1267 1269//1269
f 1268//1268 1269//1269 1270//1270
f 1270//1270 1269//1269 1271//1271
f 1270//1270 1271//1271 1272//1272
f 1272//1272 1271//1271 1273//1273
f 1272//1272 1273//1273 1274//1274
f 1274//1274 1273//1273 1275//1275
f 1274//1274 1275//1275 1276//1276
f 1276//1276 1275//1275 1277//1277
f 1276//1276 1277//1277 1278//1278
f 1278//1278 1277//1277 1279//1279
f 1278//1278 1279//1279 1280//1280
f 1280//1280 1279//1279 1281//1281
f 1280//1280 1281//1281 1282//1282
f 1282//1282 1281//1281 1283//1283
f 1282//1282 1283//1283 1284//1284
f 1284//1284 1283//1283 1285//1285
f 1284//1284 1285//1285 1286//1286
f 1286//1286 1285//1285 1287//1287
f 1286//1286 1287//1287 1288//1288
f 1288//1288 1287//1287 1289//1289
f 1288//1288 1289//1289 1290//1290
f 1290//1290 1289//1289 1291//1291
f 1290//1290 1291//1291 1292//1292
f 1292//1292 1291//1291 1293//1293
f 1292//1292 1293//1293 1294//1294
f 1294//1294 1293//1293 1295//1295
f 1294//1294 1295//1295 1296//1296
f 1296//1296 1295//1295 1297//1297
f 1296//1296 1297//1297 1298//1298
f 1298//1298 1297//1297 1299//1299
f 1298//1298 1299//1299 1300//1300
f 1300//1300 1299//1299 1301//1301
f 1300//1300 1301//1301 1043//1043
f 1043//1043 1301//1301 1041//1041
f 1041//1041 1301//1301 1302//1302
f 1041//1041 1302//1302 1040//1040
f 1040//1040 1302//1302 1039//1039
f 1039//1039 1302//1302 1303//1303
f 1039//1039 1303//1303 1038//1038
f 1038//1038 1303//1303 1304//1304
f 1038//1038 1304//1304 1037//1037
f 1037//1037 1304//1304 1305//1305
f 1037//1037 1305//1305 1036//1036
f 1036//1036 1305//1305 1306//1306
f 1036//1036 1306//1306 1307//1307
f 1307//1307 1306//1306 1308//1308
f 1307//1307 1308//1308 1309//1309
f 1309//1309 1308//1308 1310//1310
f 1309//1309 1310//1310 1311//1311
f 1311//1311 1310//1310 1312//1312
f 1311//1311 1312//1312 1313//1313
f 1313//1313 1312//1312 1279//1279
f 1313//1313 1279//1279 1277//1277
f 1138//1138 1137//1137 1219//1219
f 1219//1219 1137//1137 1314//1314
f 1219//1219 1314//1314 1221//1221
f 1221//1221 1314//1314 1315//1315
f 1221//1221 1315//1315 1223//1223
f 1223//1223 1315//1315 1316//1316
f 1223//1223 1316//1316 1225//1225
f 1225//1225 1316//1316 1317//1317
f 1225//1225 1317//1317 1227//1227
f 1227//1227 1317//1317 1318//1318
f 1227//1227 1318//1318 1229//1229
f 1229//1229 1318//1318 1319//1319
f 1229//1229 1319//1319 1231//1231
f 1231//1231 1319//1319 1320//1320
f 1231//1231 1320//1320 1233//1233
f 1233//1233 1320//1320 1321//1321
f 1233//1233 1321//1321 1235//1235
f 1235//1235 1321//1321 1322//1322
f 1235//1235 1322//1322 1237//1237
f 1237//1237 1322//1322 1323//1323
f 1237//1237 1323//1323 1239//1239
f 1239//1239 1323//1323 1324//1324
f 1239//1239 1324//1324 1241//1241
f 1241//1241 1324//1324 1325//1325
f 1241//1241 1325//1325 1243//1243
f 1243//1243 1325//1325 1326//1326
f 1243//1243 1326//1326 1245//1245
f 1245//1245 1326//1326 1327//1327
f 1245//1245 1327//1327 1247//1247
f 1247//1247 1327//1327 1328//1328
f 1247//1247 1328//1328 1249//1249
f 1249//1249 1328//1328 1329//1329
f 1249//1249 1329//1329 1251//1251
f 1251//1251 1329//1329 1330//1330
f 1251//1251 1330//1330 1253//1253
f 1253//1253 1330//1330 1331//1331
f 1253//1253 1331//1331 1255//1255
f 1255//1255 1331//1331 1332//1332
f 1255//1255 1332//1332 1257//1257
f 1257//1257 1332//1332 1333//1333
f 1257//1257 1333//1333 1259//1259
f 1259//1259 1333//1333 1334//1334
f 1259//1259 1334//1334 1261//1261
f 1261//1261 1334//1334 1335//1335
f 1261//1261 1335//1335 1263//1263
f 1263//1263 1335//1335 1336//1336
f 1263//1263 1336//1336 1265//1265
f 1265//1265 1336//1336 1337//1337
f 1265//1265 1337//1337 1267//1267
f 1267//1267 1337//1337 1338//1338
f 1267//1267 1338//1338 1269//1269
f 1269//1269 1338//1338 1339//1339
f 1269//1269 1339//1339 1271//1271
f 1271//1271 1339//1339 1340//1340
f 1271//1271 1340//1340 1273//1273
f 1273//1273 1340//1340 1341//1341
f 1273//1273 1341//1341 1275//1275
f 1275//1275 1341//1341 1342//1342
f 1275//1275 1342//1342 1277//1277
f 1277//1277 1342//1342 1313//1313
f 1314//1314 1137//1137 1343//1343
f 1343//1343 1137//1137 1139//1139
f 1343//1343 1139//1139 1344//1344
f 1344//1344 1139//1139 1345//1345
f 1344//1344 1345//1345 1346//1346
f 1346//1346 1345//1345 1347//1347
f 1346//1346 1347//1347 1348//1348
f 1348//1348 1347//1347 1349//1349
f 1348//1348 1349//1349 1350//1350
f 1350//1350 1349//1349 1351//1351
f 1350//1350 1351//1351 1352//1352
f 1352//1352 1351//1351 1353//1353
f 1352//1352 1353//1353 1354//1354
f 1354//1354 1353//1353 1355//1355
f 1354//1354 1355//1355 1356//1356
f 1356//1356 1355//1355 1357//1357
f 1356//1356 1357//1357 1358//1358
f 1358//1358 1357//1357 1359//1359
f 1358//1358 1359//1359 1360//1360
f 1360//1360 1359//1359 1361//1361
f 1360//1360 1361//1361 1362//1362
f 1362//1362 1361//1361 1363//1363
f 1362//1362 1363//1363 1364//1364
f 1364//1364 1363//1363 1365//1365
f 1364//1364 1365//1365 1366//1366
f 1366//1366 1365//1365 1367//1367
f 1366//1366 1367//1367 1368//1368
f 1368//1368 1367//1367 1369//1369
f 1368//1368 1369//1369 1370//1370
f 1370//1370 1369//1369 1371//1371
f 1370//1370 1371//1371 1372//1372
f 1372//1372 1371//1371 1373//1373
f 1372//1372 1373//1373 1374//1374
f 1374//1374 1373//1373 1375//1375
f 1374//1374 1375//1375 1376//1376
f 1376//1376 1375//1375 1377//1377
f 1376//1376 1377//1377 1378//1378
f 1378//1378 1377//1377 1379//1379
f 1378//1378 1379//1379 1380//1380
f 1380//1380 1379//1379 1381//1381
f 1380//1380 1381//1381 1382//1382
f 1382//1382 1381//1381 1383//1383
f 1382//1382 1383//1383 1384//1384
f 1384//1384 1383//1383 1385//1385
f 1384//1384 1385//1385 1386//1386
f 1386//1386 1385//1385 1387//1387
f 1386//1386 1387//1387 1388//1388
f 1388//1388 1387//1387 1389//1389
f 1388//1388 1389//1389 1390//1390
f 1390//1390 1389//1389 1391//1391
f 1390//1390 1391//1391 1392//1392
f 1392//1392 1391//1391 1393//1393
f 1392//1392 1393//1393 1394//1394
f 1394//1394 1393//1393 1395//1395
f 1394//1394 1395//1395 1396//1396
f 1396//1396 1395//1395 1397//1397
f 1396//1396 1397//1397 1398//1398
f 1398//1398 1397//1397 1399//1399
f 1398//1398 1399//1399 1400//1400
f 1400//1400 1399//1399 1401//1401
f 1400//1400 1401//1401 1309//1309
f 1309//1309 1401//1401 1307//1307
f 1139//1139 1086//1086 1345//1345
f 1345//1345 1086//1086 1085//1085
f 1345//1345 1085//1085 1347//1347
f 1347//1347 1085//1085 1084//1084
f 1347//1347 1084//1084 1349//1349
f 1349//1349 1084//1084 1083//1083
f 1349//1349 1083//1083 1351//1351
f 1351//1351 1083//1083 1082//1082
f 1351//1351 1082//1082 1353//1353
f 1353//1353 1082//1082 1081//1081
f 1353//1353 1081//1081 1355//1355
f 1355//1355 1081//1081 1080//1080
f 1355//1355 1080//1080 1357//1357
f 1357//1357 1080//1080 1079//1079
f 1357//1357 1079//1079 1359//1359
f 1359//1359 1079//1079 1361//1361
f 1079//1079 1078//1078 1361//1361
f 1361//1361 1078//1078 1363//1363
f 1363//1363 1078//1078 1365//1365
f 1365//1365 1078//1078 1077//1077
f 1365//1365 1077//1077 1367//1367
f 1367//1367 1077//1077 1075//1075
f 1367//1367 1075//1075 1369//1369
f 1369//1369 1075//1075 1371//1371
f 1073//1073 1375//1375 1075//1075
f 1075//1075 1375//1375 1373//1373
f 1075//1075 1373//1373 1371//1371
f 1375//1375 1073//1073 1377//1377
f 1377//1377 1073//1073 1071//1071
f 1377//1377 1071//1071 1379//1379
f 1379//1379 1071//1071 1068//1068
f 1379//1379 1068//1068 1381//1381
f 1381//1381 1068//1068 1066//1066
f 1381//1381 1066//1066 1383//1383
f 1383//1383 1066//1066 1064//1064
f 1383//1383 1064//1064 1385//1385
f 1385//1385 1064//1064 1063//1063
f 1385//1385 1063//1063 1387//1387
f 1387//1387 1063//1063 1061//1061
f 1387//1387 1061//1061 1389//1389
f 1389//1389 1061//1061 1060//1060
f 1389//1389 1060//1060 1391//1391
f 1391//1391 1060//1060 1059//1059
f 1391//1391 1059//1059 1393//1393
f 1393//1393 1059//1059 1058//1058
f 1393//1393 1058//1058 1056//1056
f 1393//1393 1056//1056 1395//1395
f 1395//1395 1056//1056 1054//1054
f 1395//1395 1054//1054 1397//1397
f 1397//1397 1054//1054 1052//1052
f 1397//1397 1052//1052 1399//1399
f 1399//1399 1052//1052 1050//1050
f 1399//1399 1050//1050 1401//1401
f 1401//1401 1050//1050 1035//1035
f 1401//1401 1035//1035 1307//1307
f 1307//1307 1035//1035 1036//1036
f 1043//1043 1044//1044 1300//1300
f 1300//1300 1044//1044 1402//1402
f 1300//1300 1402//1402 1298//1298
f 1298//1298 1402//1402 1296//1296
f 1044//1044 1048//1048 1402//1402
f 1402//1402 1048//1048 1296//1296
f 1292//1292 1294//1294 1403//1403
f 1403//1403 1294//1294 141//141
f 1403//1403 141//141 139//139
f 1403//1403 139//139 1404//1404
f 1404//1404 139//139 137//137
f 1404//1404 137//137 1405//1405
f 1405//1405 137//137 132//132
f 1405//1405 132//132 1406//1406
f 1406//1406 132//132 131//131
f 1406//1406 131//131 1407//1407
f 1407//1407 131//131 130//130
f 1407//1407 130//130 1408//1408
f 1408//1408 130//130 128//128
f 1408//1408 128//128 1409//1409
f 1409//1409 128//128 124//124
f 1409//1409 124//124 1410//1410
f 1410//1410 124//124 114//114
f 1410//1410 114//114 1411//1411
f 1411//1411 114//114 113//113
f 1411//1411 113//113 1412//1412
f 1412//1412 113//113 112//112
f 1412//1412 112//112 1413//1413
f 1413//1413 112//112 110//110
f 1413//1413 110//110 1414//1414
f 1414//1414 110//110 109//109
f 1414//1414 109//109 1415//1415
f 1415//1415 109//109 107//107
f 1415//1415 107//107 1416//1416
f 1416//1416 107//107 106//106
f 1416//1416 106//106 1417//1417
f 1417//1417 106//106 105//105
f 1417//1417 105//105 1418//1418
f 1418//1418 105//105 103//103
f 1418//1418 103//103 1419//1419
f 1419//1419 103//103 102//102
f 1419//1419 102//102 1420//1420
f 1420//1420 102//102 104//104
f 1420//1420 104//104 1421//1421
f 1421//1421 104//104 100//100
f 1421//1421 100//100 1422//1422
f 1422//1422 100//100 99//99
f 1422//1422 99//99 1423//1423
f 1423//1423 99//99 96//96
f 1423//1423 96//96 1424//1424
f 1424//1424 96//96 91//91
f 1424//1424 91//91 1425//1425
f 1425//1425 91//91 89//89
f 1425//1425 89//89 1426//1426
f 1426//1426 89//89 87//87
f 1426//1426 87//87 1427//1427
f 1427//1427 87//87 83//83
f 1427//1427 83//83 1428//1428
f 1428//1428 83//83 1429//1429
f 1428//1428 1429//1429 1240//1240
f 1240//1240 1429//1429 1238//1238
f 83//83 81//81 1429//1429
f 1429//1429 81//81 1430//1430
f 1429//1429 1430//1430 1238//1238
f 1238//1238 1430//1430 1236//1236
f 1430//1430 81//81 1431//1431
f 1431//1431 81//81 80//80
f 1431//1431 80//80 1432//1432
f 1432//1432 80//80 1433//1433
f 1432//1432 1433//1433 1232//1232
f 1232//1232 1433//1433 1230//1230
f 1433//1433 80//80 1434//1434
f 1434//1434 80//80 82//82
f 1434//1434 82//82 1435//1435
f 1435//1435 82//82 73//73
f 1435//1435 73//73 1436//1436
f 1436//1436 73//73 59//59
f 1436//1436 59//59 1437//1437
f 1437//1437 59//59 63//63
f 1437//1437 63//63 1438//1438
f 1438//1438 63//63 65//65
f 1438//1438 65//65 1439//1439
f 1439//1439 65//65 67//67
f 1439//1439 67//67 1217//1217
f 1217//1217 67//67 69//69
f 1315//1315 1314//1314 1343//1343
f 1343//1343 1344//1344 1440//1440
f 1440//1440 1344//1344 1346//1346
f 1440//1440 1346//1346 1441//1441
f 1441//1441 1346//1346 1348//1348
f 1441//1441 1348//1348 1442//1442
f 1442//1442 1348//1348 1350//1350
f 1442//1442 1350//1350 1443//1443
f 1443//1443 1350//1350 1352//1352
f 1443//1443 1352//1352 1444//1444
f 1444//1444 1352//1352 1354//1354
f 1444//1444 1354//1354 1445//1445
f 1445//1445 1354//1354 1356//1356
f 1445//1445 1356//1356 1446//1446
f 1446//1446 1356//1356 1358//1358
f 1446//1446 1358//1358 1447//1447
f 1447//1447 1358//1358 1360//1360
f 1447//1447 1360//1360 1448//1448
f 1448//1448 1360//1360 1362//1362
f 1448//1448 1362//1362 1449//1449
f 1449//1449 1362//1362 1364//1364
f 1449//1449 1364//1364 1450//1450
f 1450//1450 1364//1364 1366//1366
f 1450//1450 1366//1366 1451//1451
f 1451//1451 1366//1366 1368//1368
f 1451//1451 1368//1368 1452//1452
f 1452//1452 1368//1368 1370//1370
f 1452//1452 1370//1370 1453//1453
f 1453//1453 1370//1370 1372//1372
f 1453//1453 1372//1372 1454//1454
f 1454//1454 1372//1372 1374//1374
f 1454//1454 1374//1374 1455//1455
f 1455//1455 1374//1374 1376//1376
f 1455//1455 1376//1376 1456//1456
f 1456//1456 1376//1376 1378//1378
f 1456//1456 1378//1378 1457//1457
f 1457//1457 1378//1378 1380//1380
f 1457//1457 1380//1380 1458//1458
f 1458//1458 1380//1380 1382//1382
f 1458//1458 1382//1382 1459//1459
f 1459//1459 1382//1382 1384//1384
f 1459//1459 1384//1384 1460//1460
f 1460//1460 1384//1384 1386//1386
f 1460//1460 1386//1386 1461//1461
f 1461//1461 1386//1386 1388//1388
f 1461//1461 1388//1388 1462//1462
f 1462//1462 1388//1388 1390//1390
f 1462//1462 1390//1390 1463//1463
f 1463//1463 1390//1390 1392//1392
f 1463//1463 1392//1392 1464//1464
f 1464//1464 1392//1392 1394//1394
f 1464//1464 1394//1394 1465//1465
f 1465//1465 1394//1394 1396//1396
f 1465//1465 1396//1396 1466//1466
f 1466//1466 1396//1396 1398//1398
f 1466//1466 1398//1398 1467//1467
f 1467//1467 1398//1398 1400//1400
f 1467//1467 1400//1400 1311//1311
f 1311//1311 1400//1400 1309//1309
f 1439//1439 1217//1217 1218//1218
f 1439//1439 1218//1218 1220//1220
f 1316//1316 1315//1315 1440//1440
f 1440//1440 1315//1315 1343//1343
f 1316//1316 1440//1440 1441//1441
f 1438//1438 1439//1439 1220//1220
f 1438//1438 1220//1220 1222//1222
f 1317//1317 1316//1316 1441//1441
f 1317//1317 1441//1441 1442//1442
f 1437//1437 1438//1438 1222//1222
f 1437//1437 1222//1222 1224//1224
f 1318//1318 1317//1317 1442//1442
f 1318//1318 1442//1442 1443//1443
f 1436//1436 1437//1437 1224//1224
f 1436//1436 1224//1224 1226//1226
f 1319//1319 1318//1318 1443//1443
f 1319//1319 1443//1443 1444//1444
f 1435//1435 1436//1436 1226//1226
f 1435//1435 1226//1226 1228//1228
f 1320//1320 1319//1319 1444//1444
f 1320//1320 1444//1444 1445//1445
f 1434//1434 1435//1435 1228//1228
f 1434//1434 1228//1228 1230//1230
f 1321//1321 1320//1320 1445//1445
f 1321//1321 1445//1445 1446//1446
f 1433//1433 1434//1434 1230//1230
f 1322//1322 1321//1321 1446//1446
f 1322//1322 1446//1446 1447//1447
f 1432//1432 1232//1232 1234//1234
f 1449//1449 1324//1324 1448//1448
f 1448//1448 1324//1324 1323//1323
f 1448//1448 1323//1323 1447//1447
f 1447//1447 1323//1323 1322//1322
f 1324//1324 1449//1449 1325//1325
f 1325//1325 1449//1449 1450//1450
f 1325//1325 1450//1450 1326//1326
f 1326//1326 1450//1450 1451//1451
f 1326//1326 1451//1451 1327//1327
f 1327//1327 1451//1451 1452//1452
f 1327//1327 1452//1452 1328//1328
f 1328//1328 1452//1452 1453//1453
f 1328//1328 1453//1453 1329//1329
f 1329//1329 1453//1453 1454//1454
f 1329//1329 1454//1454 1330//1330
f 1330//1330 1454//1454 1455//1455
f 1330//1330 1455//1455 1331//1331
f 1331//1331 1455//1455 1456//1456
f 1331//1331 1456//1456 1332//1332
f 1332//1332 1456//1456 1457//1457
f 1332//1332 1457//1457 1333//1333
f 1333//1333 1457//1457 1458//1458
f 1333//1333 1458//1458 1334//1334
f 1334//1334 1458//1458 1459//1459
f 1334//1334 1459//1459 1335//1335
f 1335//1335 1459//1459 1460//1460
f 1335//1335 1460//1460 1336//1336
f 1336//1336 1460//1460 1461//1461
f 1336//1336 1461//1461 1337//1337
f 1337//1337 1461//1461 1462//1462
f 1337//1337 1462//1462 1338//1338
f 1338//1338 1462//1462 1463//1463
f 1338//1338 1463//1463 1339//1339
f 1339//1339 1463//1463 1464//1464
f 1339//1339 1464//1464 1340//1340
f 1340//1340 1464//1464 1465//1465
f 1340//1340 1465//1465 1341//1341
f 1341//1341 1465//1465 1466//1466
f 1341//1341 1466//1466 1342//1342
f 1342//1342 1466//1466 1467//1467
f 1342//1342 1467//1467 1313//1313
f 1313//1313 1467//1467 1311//1311
f 1234//1234 1236//1236 1431//1431
f 1431//1431 1236//1236 1430//1430
f 1432//1432 1234//1234 1431//1431
f 1428//1428 1240//1240 1242//1242
f 1248//1248 1425//1425 1246//1246
f 1246//1246 1425//1425 1426//1426
f 1246//1246 1426//1426 1244//1244
f 1244//1244 1426//1426 1427//1427
f 1244//1244 1427//1427 1242//1242
f 1242//1242 1427//1427 1428//1428
f 1425//1425 1248//1248 1424//1424
f 1424//1424 1248//1248 1250//1250
f 1424//1424 1250//1250 1423//1423
f 1423//1423 1250//1250 1252//1252
f 1423//1423 1252//1252 1422//1422
f 1422//1422 1252//1252 1254//1254
f 1422//1422 1254//1254 1421//1421
f 1421//1421 1254//1254 1256//1256
f 1421//1421 1256//1256 1420//1420
f 1420//1420 1256//1256 1258//1258
f 1420//1420 1258//1258 1419//1419
f 1419//1419 1258//1258 1260//1260
f 1419//1419 1260//1260 1418//1418
f 1418//1418 1260//1260 1262//1262
f 1418//1418 1262//1262 1417//1417
f 1417//1417 1262//1262 1264//1264
f 1417//1417 1264//1264 1416//1416
f 1416//1416 1264//1264 1266//1266
f 1416//1416 1266//1266 1415//1415
f 1415//1415 1266//1266 1268//1268
f 1415//1415 1268//1268 1414//1414
f 1414//1414 1268//1268 1270//1270
f 1414//1414 1270//1270 1413//1413
f 1413//1413 1270//1270 1272//1272
f 1413//1413 1272//1272 1412//1412
f 1412//1412 1272//1272 1274//1274
f 1412//1412 1274//1274 1411//1411
f 1411//1411 1274//1274 1276//1276
f 1411//1411 1276//1276 1410//1410
f 1410//1410 1276//1276 1278//1278
f 1410//1410 1278//1278 1409//1409
f 1409//1409 1278//1278 1280//1280
f 1409//1409 1280//1280 1408//1408
f 1408//1408 1280//1280 1282//1282
f 1408//1408 1282//1282 1407//1407
f 1407//1407 1282//1282 1284//1284
f 1407//1407 1284//1284 1406//1406
f 1406//1406 1284//1284 1286//1286
f 1406//1406 1286//1286 1405//1405
f 1405//1405 1286//1286 1288//1288
f 1405//1405 1288//1288 1404//1404
f 1404//1404 1288//1288 1290//1290
f 1404//1404 1290//1290 1403//1403
f 1403//1403 1290//1290 1292//1292
f 1308//1308 1306//1306 1468//1468
f 1468//1468 1306//1306 1305//1305
f 1468//1468 1305//1305 1469//1469
f 1469//1469 1305//1305 1304//1304
f 1469//1469 1304//1304 1470//1470
f 1470//1470 1304//1304 1303//1303
f 1470//1470 1303//1303 1471//1471
f 1471//1471 1303//1303 1302//1302
f 1471//1471 1302//1302 1472//1472
f 1472//1472 1302//1302 1301//1301
f 1472//1472 1301//1301 1299//1299
f 1310//1310 1308//1308 1473//1473
f 1473//1473 1308//1308 1468//1468
f 1473//1473 1468//1468 1474//1474
f 1474//1474 1468//1468 1469//1469
f 1474//1474 1469//1469 1475//1475
f 1475//1475 1469//1469 1470//1470
f 1475//1475 1470//1470 1476//1476
f 1476//1476 1470//1470 1471//1471
f 1476//1476 1471//1471 1477//1477
f 1477//1477 1471//1471 1472//1472
f 1477//1477 1472//1472 1478//1478
f 1478//1478 1472//1472 1299//1299
f 1478//1478 1299//1299 1297//1297
f 1312//1312 1310//1310 1479//1479
f 1479//1479 1310//1310 1473//1473
f 1479//1479 1473//1473 1480//1480
f 1480//1480 1473//1473 1474//1474
f 1480//1480 1474//1474 1481//1481
f 1481//1481 1474//1474 1475//1475
f 1481//1481 1475//1475 1482//1482
f 1482//1482 1475//1475 1476//1476
f 1482//1482 1476//1476 1483//1483
f 1483//1483 1476//1476 1477//1477
f 1483//1483 1477//1477 1484//1484
f 1484//1484 1477//1477 1478//1478
f 1484//1484 1478//1478 1295//1295
f 1295//1295 1478//1478 1297//1297
f 1279//1279 1312//1312 1281//1281
f 1281//1281 1312//1312 1479//1479
f 1281//1281 1479//1479 1283//1283
f 1283//1283 1479//1479 1480//1480
f 1283//1283 1480//1480 1285//1285
f 1285//1285 1480//1480 1481//1481
f 1285//1285 1481//1481 1287//1287
f 1287//1287 1481//1481 1482//1482
f 1287//1287 1482//1482 1289//1289
f 1289//1289 1482//1482 1483//1483
f 1289//1289 1483//1483 1291//1291
f 1291//1291 1483//1483 1484//1484
f 1291//1291 1484//1484 1293//1293
f 1293//1293 1484//1484 1295//1295
f 141//141 1294//1294 939//939
f 939//939 1294//1294 1485//1485
f 939//939 1485//1485 937//937
f 937//937 1485//1485 1486//1486
f 937//937 1486//1486 934//934
f 934//934 1486//1486 1487//1487
f 934//934 1487//1487 932//932
f 932//932 1487//1487 1488//1488
f 932//932 1488//1488 930//930
f 1294//1294 1296//1296 1485//1485
f 1485//1485 1296//1296 1489//1489
f 1485//1485 1489//1489 1486//1486
f 1486//1486 1489//1489 1490//1490
f 1486//1486 1490//1490 1491//1491
f 1491//1491 1490//1490 1045//1045
f 1491//1491 1045//1045 1042//1042
f 1296//1296 1048//1048 1489//1489
f 1489//1489 1048//1048 1047//1047
f 1489//1489 1047//1047 1490//1490
f 1490//1490 1047//1047 1046//1046
f 1490//1490 1046//1046 1045//1045
f 1042//1042 1492//1492 1491//1491
f 1491//1491 1492//1492 1487//1487
f 1491//1491 1487//1487 1486//1486
f 1492//1492 1488//1488 1487//1487
f 200//200 202//202 1042//1042
f 1042//1042 202//202 1492//1492
f 1492//1492 202//202 203//203
f 1492//1492 203//203 1488//1488
f 1488//1488 203//203 205//205
f 1488//1488 205//205 206//206
f 207//207 930//930 206//206
f 206//206 930//930 1488//1488
f 1000//1000 1160//1160 1023//1023
f 1023//1023 1160//1160 1493//1493
f 1023//1023 1493//1493 1494//1494
f 1494//1494 1493//1493 1161//1161
f 1494//1494 1161//1161 1495//1495
f 1495//1495 1161//1161 1163//1163
f 1495//1495 1163//1163 1496//1496
f 1496//1496 1163//1163 1497//1497
f 1496//1496 1497//1497 1498//1498
f 1498//1498 1497//1497 1499//1499
f 1498//1498 1499//1499 1500//1500
f 1500//1500 1499//1499 1501//1501
f 1500//1500 1501//1501 1502//1502
f 1502//1502 1501//1501 1503//1503
f 1502//1502 1503//1503 1504//1504
f 1504//1504 1503//1503 1505//1505
f 1504//1504 1505//1505 1506//1506
f 1506//1506 1505//1505 1507//1507
f 1506//1506 1507//1507 1508//1508
f 1508//1508 1507//1507 1509//1509
f 1508//1508 1509//1509 1510//1510
f 1510//1510 1509//1509 1511//1511
f 1510//1510 1511//1511 1512//1512
f 1512//1512 1511//1511 1513//1513
f 1512//1512 1513//1513 1514//1514
f 1514//1514 1513//1513 1515//1515
f 1514//1514 1515//1515 1516//1516
f 1516//1516 1515//1515 1517//1517
f 1516//1516 1517//1517 1518//1518
f 1518//1518 1517//1517 1519//1519
f 1518//1518 1519//1519 1135//1135
f 1135//1135 1519//1519 1520//1520
f 1135//1135 1520//1520 1136//1136
f 1136//1136 1520//1520 1521//1521
f 1136//1136 1521//1521 1522//1522
f 1522//1522 1521//1521 1523//1523
f 1522//1522 1523//1523 1524//1524
f 1524//1524 1523//1523 1525//1525
f 1524//1524 1525//1525 949//949
f 949//949 1525//1525 947//947
f 947//947 1525//1525 1526//1526
f 947//947 1526//1526 946//946
f 946//946 1526//1526 1527//1527
f 946//946 1527//1527 945//945
f 945//945 1527//1527 1528//1528
f 945//945 1528//1528 1529//1529
f 1529//1529 1528//1528 1530//1530
f 1529//1529 1530//1530 1531//1531
f 1531//1531 1530//1530 1532//1532
f 1531//1531 1532//1532 1533//1533
f 1533//1533 1532//1532 1534//1534
f 1533//1533 1534//1534 1535//1535
f 1535//1535 1534//1534 1509//1509
f 1535//1535 1509//1509 1507//1507
f 1160//1160 1161//1161 1493//1493
f 1163//1163 1165//1165 1497//1497
f 1497//1497 1165//1165 1536//1536
f 1497//1497 1536//1536 1499//1499
f 1499//1499 1536//1536 1537//1537
f 1499//1499 1537//1537 1501//1501
f 1501//1501 1537//1537 1538//1538
f 1501//1501 1538//1538 1503//1503
f 1503//1503 1538//1538 1539//1539
f 1503//1503 1539//1539 1505//1505
f 1505//1505 1539//1539 1540//1540
f 1505//1505 1540//1540 1507//1507
f 1507//1507 1540//1540 1535//1535
f 1165//1165 1167//1167 1536//1536
f 1536//1536 1167//1167 1168//1168
f 1536//1536 1168//1168 1541//1541
f 1541//1541 1168//1168 1152//1152
f 1541//1541 1152//1152 1542//1542
f 1542//1542 1152//1152 1151//1151
f 1542//1542 1151//1151 1543//1543
f 1543//1543 1151//1151 1150//1150
f 1543//1543 1150//1150 940//940
f 1543//1543 940//940 1544//1544
f 1544//1544 940//940 942//942
f 1544//1544 942//942 1545//1545
f 1545//1545 942//942 1546//1546
f 1545//1545 1546//1546 1547//1547
f 1547//1547 1546//1546 1548//1548
f 1547//1547 1548//1548 1549//1549
f 1549//1549 1548//1548 1533//1533
f 1549//1549 1533//1533 1535//1535
f 942//942 944//944 1546//1546
f 1546//1546 944//944 1550//1550
f 1546//1546 1550//1550 1548//1548
f 1548//1548 1550//1550 1531//1531
f 1548//1548 1531//1531 1533//1533
f 1550//1550 944//944 1529//1529
f 1529//1529 944//944 945//945
f 949//949 950//950 1524//1524
f 1524//1524 950//950 1551//1551
f 1524//1524 1551//1551 1522//1522
f 1522//1522 1551//1551 1136//1136
f 950//950 951//951 1551//1551
f 1551//1551 951//951 1136//1136
f 1518//1518 1135//1135 1552//1552
f 1552//1552 1135//1135 1033//1033
f 1552//1552 1033//1033 1032//1032
f 1031//1031 1553//1553 1032//1032
f 1032//1032 1553//1553 1554//1554
f 1032//1032 1554//1554 1552//1552
f 1552//1552 1554//1554 1516//1516
f 1552//1552 1516//1516 1518//1518
f 1553//1553 1031//1031 1555//1555
f 1555//1555 1031//1031 1030//1030
f 1555//1555 1030//1030 1556//1556
f 1556//1556 1030//1030 1029//1029
f 1556//1556 1029//1029 1557//1557
f 1557//1557 1029//1029 1028//1028
f 1557//1557 1028//1028 1558//1558
f 1558//1558 1028//1028 1027//1027
f 1558//1558 1027//1027 1559//1559
f 1559//1559 1027//1027 1026//1026
f 1559//1559 1026//1026 1560//1560
f 1560//1560 1026//1026 1561//1561
f 1560//1560 1561//1561 1500//1500
f 1500//1500 1561//1561 1498//1498
f 1561//1561 1026//1026 1562//1562
f 1562//1562 1026//1026 1023//1023
f 1562//1562 1023//1023 1494//1494
f 1494//1494 1495//1495 1496//1496
f 1542//1542 1543//1543 1563//1563
f 1563//1563 1543//1543 1544//1544
f 1563//1563 1544//1544 1564//1564
f 1564//1564 1544//1544 1545//1545
f 1564//1564 1545//1545 1547//1547
f 1537//1537 1536//1536 1541//1541
f 1541//1541 1542//1542 1565//1565
f 1565//1565 1542//1542 1563//1563
f 1565//1565 1563//1563 1566//1566
f 1566//1566 1563//1563 1564//1564
f 1566//1566 1564//1564 1567//1567
f 1567//1567 1564//1564 1547//1547
f 1567//1567 1547//1547 1549//1549
f 1562//1562 1494//1494 1496//1496
f 1562//1562 1496//1496 1498//1498
f 1567//1567 1539//1539 1566//1566
f 1566//1566 1539//1539 1538//1538
f 1566//1566 1538//1538 1565//1565
f 1565//1565 1538//1538 1537//1537
f 1565//1565 1537//1537 1541//1541
f 1539//1539 1567//1567 1540//1540
f 1540//1540 1567//1567 1549//1549
f 1540//1540 1549//1549 1535//1535
f 1559//1559 1560//1560 1502//1502
f 1502//1502 1560//1560 1500//1500
f 1559//1559 1502//1502 1504//1504
f 1498//1498 1561//1561 1562//1562
f 1529//1529 1531//1531 1550//1550
f 1559//1559 1504//1504 1558//1558
f 1558//1558 1504//1504 1506//1506
f 1558//1558 1506//1506 1557//1557
f 1557//1557 1506//1506 1508//1508
f 1557//1557 1508//1508 1556//1556
f 1556//1556 1508//1508 1510//1510
f 1556//1556 1510//1510 1555//1555
f 1555//1555 1510//1510 1512//1512
f 1555//1555 1512//1512 1553//1553
f 1553//1553 1512//1512 1514//1514
f 1553//1553 1514//1514 1554//1554
f 1554//1554 1514//1514 1516//1516
f 1530//1530 1528//1528 1568//1568
f 1568//1568 1528//1528 1527//1527
f 1568//1568 1527//1527 1569//1569
f 1569//1569 1527//1527 1526//1526
f 1569//1569 1526//1526 1570//1570
f 1570//1570 1526//1526 1525//1525
f 1570//1570 1525//1525 1523//1523
f 1532//1532 1530//1530 1571//1571
f 1571//1571 1530//1530 1568//1568
f 1571//1571 1568//1568 1572//1572
f 1572//1572 1568//1568 1569//1569
f 1572//1572 1569//1569 1573//1573
f 1573//1573 1569//1569 1570//1570
f 1573//1573 1570//1570 1574//1574
f 1574//1574 1570//1570 1523//1523
f 1574//1574 1523//1523 1521//1521
f 1534//1534 1532//1532 1575//1575
f 1575//1575 1532//1532 1571//1571
f 1575//1575 1571//1571 1576//1576
f 1576//1576 1571//1571 1572//1572
f 1576//1576 1572//1572 1577//1577
f 1577//1577 1572//1572 1573//1573
f 1577//1577 1573//1573 1578//1578
f 1578//1578 1573//1573 1574//1574
f 1578//1578 1574//1574 1520//1520
f 1520//1520 1574//1574 1521//1521
f 1509//1509 1534//1534 1511//1511
f 1511//1511 1534//1534 1575//1575
f 1511//1511 1575//1575 1513//1513
f 1513//1513 1575//1575 1576//1576
f 1513//1513 1576//1576 1515//1515
f 1515//1515 1576//1576 1577//1577
f 1515//1515 1577//1577 1517//1517
f 1517//1517 1577//1577 1578//1578
f 1517//1517 1578//1578 1519//1519
f 1519//1519 1578//1578 1520//1520
f 1092//1092 974//974 1579//1579
f 1579//1579 974//974 980//980
f 1579//1579 980//980 1580//1580
f 1580//1580 980//980 1581//1581
f 1580//1580 1581//1581 1582//1582
f 1582//1582 1581//1581 1583//1583
f 1582//1582 1583//1583 1584//1584
f 1584//1584 1583//1583 1585//1585
f 1584//1584 1585//1585 1586//1586
f 1586//1586 1585//1585 1587//1587
f 1586//1586 1587//1587 1588//1588
f 1588//1588 1587//1587 1589//1589
f 1588//1588 1589//1589 1590//1590
f 1590//1590 1589//1589 1591//1591
f 1590//1590 1591//1591 1592//1592
f 1592//1592 1591//1591 1593//1593
f 1592//1592 1593//1593 1594//1594
f 1594//1594 1593//1593 1595//1595
f 1594//1594 1595//1595 1596//1596
f 1596//1596 1595//1595 1597//1597
f 1596//1596 1597//1597 1598//1598
f 1598//1598 1597//1597 1599//1599
f 1598//1598 1599//1599 1198//1198
f 1198//1198 1599//1599 1600//1600
f 1198//1198 1600//1600 1197//1197
f 1197//1197 1600//1600 1601//1601
f 1197//1197 1601//1601 1196//1196
f 1196//1196 1601//1601 1159//1159
f 1159//1159 1601//1601 1602//1602
f 1159//1159 1602//1602 1158//1158
f 1158//1158 1602//1602 1603//1603
f 1158//1158 1603//1603 991//991
f 991//991 1603//1603 989//989
f 989//989 1603//1603 987//987
f 987//987 1603//1603 1604//1604
f 987//987 1604//1604 986//986
f 986//986 1604//1604 1605//1605
f 986//986 1605//1605 1606//1606
f 1606//1606 1605//1605 1607//1607
f 1606//1606 1607//1607 1608//1608
f 1608//1608 1607//1607 1609//1609
f 1608//1608 1609//1609 1610//1610
f 1610//1610 1609//1609 1611//1611
f 1610//1610 1611//1611 1612//1612
f 1612//1612 1611//1611 1595//1595
f 1612//1612 1595//1595 1593//1593
f 980//980 979//979 1581//1581
f 1581//1581 979//979 1613//1613
f 1581//1581 1613//1613 1583//1583
f 1583//1583 1613//1613 1614//1614
f 1583//1583 1614//1614 1585//1585
f 1585//1585 1614//1614 1615//1615
f 1585//1585 1615//1615 1587//1587
f 1587//1587 1615//1615 1616//1616
f 1587//1587 1616//1616 1589//1589
f 1589//1589 1616//1616 1617//1617
f 1589//1589 1617//1617 1591//1591
f 1591//1591 1617//1617 1618//1618
f 1591//1591 1618//1618 1593//1593
f 1593//1593 1618//1618 1612//1612
f 1613//1613 979//979 1619//1619
f 1619//1619 979//979 978//978
f 1619//1619 978//978 1620//1620
f 1620//1620 978//978 977//977
f 1620//1620 977//977 1621//1621
f 1621//1621 977//977 976//976
f 1621//1621 976//976 981//981
f 982//982 1622//1622 981//981
f 981//981 1622//1622 1623//1623
f 981//981 1623//1623 1624//1624
f 1624//1624 1623//1623 1625//1625
f 1624//1624 1625//1625 1626//1626
f 1626//1626 1625//1625 1627//1627
f 1626//1626 1627//1627 1628//1628
f 1628//1628 1627//1627 1615//1615
f 1628//1628 1615//1615 1614//1614
f 984//984 1629//1629 982//982
f 982//982 1629//1629 1630//1630
f 982//982 1630//1630 1622//1622
f 1622//1622 1630//1630 1631//1631
f 1622//1622 1631//1631 1632//1632
f 1632//1632 1631//1631 1633//1633
f 1632//1632 1633//1633 1634//1634
f 1634//1634 1633//1633 1617//1617
f 1634//1634 1617//1617 1616//1616
f 1629//1629 984//984 1606//1606
f 1606//1606 984//984 986//986
f 1198//1198 1199//1199 1598//1598
f 1598//1598 1199//1199 1635//1635
f 1598//1598 1635//1635 1596//1596
f 1596//1596 1635//1635 1636//1636
f 1596//1596 1636//1636 1594//1594
f 1594//1594 1636//1636 1637//1637
f 1594//1594 1637//1637 1592//1592
f 1592//1592 1637//1637 1638//1638
f 1592//1592 1638//1638 1590//1590
f 1590//1590 1638//1638 1639//1639
f 1590//1590 1639//1639 1588//1588
f 1588//1588 1639//1639 1640//1640
f 1588//1588 1640//1640 1586//1586
f 1586//1586 1640//1640 1641//1641
f 1586//1586 1641//1641 1584//1584
f 1584//1584 1641//1641 1642//1642
f 1584//1584 1642//1642 1582//1582
f 1582//1582 1642//1642 1643//1643
f 1582//1582 1643//1643 1580//1580
f 1580//1580 1643//1643 1579//1579
f 1199//1199 1200//1200 1635//1635
f 1635//1635 1200//1200 1087//1087
f 1635//1635 1087//1087 1636//1636
f 1636//1636 1087//1087 1088//1088
f 1636//1636 1088//1088 1637//1637
f 1637//1637 1088//1088 1089//1089
f 1637//1637 1089//1089 1638//1638
f 1638//1638 1089//1089 1090//1090
f 1638//1638 1090//1090 1639//1639
f 1639//1639 1090//1090 1091//1091
f 1639//1639 1091//1091 1640//1640
f 1640//1640 1091//1091 1641//1641
f 1200//1200 994//994 1087//1087
f 1091//1091 1092//1092 1641//1641
f 1641//1641 1092//1092 1642//1642
f 1579//1579 1643//1643 1092//1092
f 1092//1092 1643//1643 1642//1642
f 981//981 1624//1624 1621//1621
f 1621//1621 1624//1624 1626//1626
f 1621//1621 1626//1626 1620//1620
f 1620//1620 1626//1626 1628//1628
f 1620//1620 1628//1628 1619//1619
f 1619//1619 1628//1628 1614//1614
f 1619//1619 1614//1614 1613//1613
f 1622//1622 1632//1632 1623//1623
f 1623//1623 1632//1632 1625//1625
f 1616//1616 1615//1615 1627//1627
f 1632//1632 1634//1634 1625//1625
f 1625//1625 1634//1634 1627//1627
f 1634//1634 1616//1616 1627//1627
f 1631//1631 1630//1630 1644//1644
f 1644//1644 1630//1630 1629//1629
f 1644//1644 1629//1629 1608//1608
f 1608//1608 1629//1629 1606//1606
f 1633//1633 1631//1631 1645//1645
f 1645//1645 1631//1631 1644//1644
f 1645//1645 1644//1644 1610//1610
f 1610//1610 1644//1644 1608//1608
f 1617//1617 1633//1633 1618//1618
f 1618//1618 1633//1633 1645//1645
f 1618//1618 1645//1645 1612//1612
f 1612//1612 1645//1645 1610//1610
f 1607//1607 1605//1605 1646//1646
f 1646//1646 1605//1605 1604//1604
f 1646//1646 1604//1604 1602//1602
f 1602//1602 1604//1604 1603//1603
f 1609//1609 1607//1607 1647//1647
f 1647//1647 1607//1607 1646//1646
f 1647//1647 1646//1646 1601//1601
f 1601//1601 1646//1646 1602//1602
f 1611//1611 1609//1609 1648//1648
f 1648//1648 1609//1609 1647//1647
f 1648//1648 1647//1647 1600//1600
f 1600//1600 1647//1647 1601//1601
f 1595//1595 1611//1611 1597//1597
f 1597//1597 1611//1611 1648//1648
f 1597//1597 1648//1648 1599//1599
f 1599//1599 1648//1648 1600//1600
# 3328 faces, 0 coords texture

# End of File
