####
#
# OBJ File Generated by Meshlab
#
####
# Object wrist_lower_1.obj
#
# Vertices: 5119
# Faces: 10310
#
####
mtllib ./wrist_lower_1.obj.mtl

vn -2.907277 -2.792519 1.058170
v -14.349232 -21.700001 203.855057
vn -2.907277 -3.490667 1.058170
v -14.349232 -20.700001 203.855057
vn -3.093865 -2.792530 -0.000000
v -14.500000 -21.700001 203.000000
vn -3.093865 -3.490655 0.000000
v -14.500000 -20.700001 203.000000
vn -2.907277 -2.792519 -1.058170
v -14.349232 -21.700001 202.144943
vn -2.907278 -3.490666 -1.058170
v -14.349232 -20.700001 202.144943
vn -2.370044 -2.792542 -1.988697
v -13.915112 -21.700001 201.393036
vn -2.370044 -3.490643 -1.988697
v -13.915112 -20.700001 201.393036
vn -1.546936 -2.792512 -2.679359
v -13.250000 -21.700001 200.834930
vn -1.546936 -3.490673 -2.679359
v -13.250000 -20.700001 200.834930
vn -0.537237 -2.792532 -3.046865
v -12.434120 -21.700001 200.537979
vn -0.537237 -3.490653 -3.046865
v -12.434120 -20.700001 200.537979
vn 0.537237 -2.792532 -3.046865
v -11.565880 -21.700001 200.537979
vn 0.537237 -3.490654 -3.046865
v -11.565880 -20.700001 200.537979
vn 1.546936 -2.792513 -2.679359
v -10.750000 -21.700001 200.834930
vn 1.546936 -3.490673 -2.679359
v -10.750000 -20.700001 200.834930
vn 2.370044 -2.792542 -1.988697
v -10.084888 -21.700001 201.393036
vn 2.370044 -3.490643 -1.988697
v -10.084888 -20.700001 201.393036
vn 2.907278 -2.792519 -1.058170
v -9.650768 -21.700001 202.144943
vn 2.907278 -3.490666 -1.058170
v -9.650768 -20.700001 202.144943
vn 3.093865 -2.792530 0.000000
v -9.500000 -21.700001 203.000000
vn 3.093865 -3.490656 -0.000000
v -9.500000 -20.700001 203.000000
vn 2.907277 -2.792519 1.058170
v -9.650768 -21.700001 203.855057
vn 2.907278 -3.490666 1.058170
v -9.650768 -20.700001 203.855057
vn 2.370044 -2.792542 1.988697
v -10.084888 -21.700001 204.606964
vn 2.370044 -3.490643 1.988697
v -10.084888 -20.700001 204.606964
vn 1.546936 -2.792513 2.679359
v -10.750000 -21.700001 205.165070
vn 1.546936 -3.490673 2.679359
v -10.750000 -20.700001 205.165070
vn 0.537237 -2.792532 3.046865
v -11.565880 -21.700001 205.462021
vn 0.537237 -3.490654 3.046865
v -11.565880 -20.700001 205.462021
vn -0.537237 -2.792532 3.046865
v -12.434120 -21.700001 205.462021
vn -0.537237 -3.490654 3.046865
v -12.434120 -20.700001 205.462021
vn -1.546936 -2.792512 2.679359
v -13.250000 -21.700001 205.165070
vn -1.546936 -3.490673 2.679359
v -13.250000 -20.700001 205.165070
vn -2.370044 -2.792542 1.988697
v -13.915112 -21.700001 204.606964
vn -2.370044 -3.490643 1.988697
v -13.915112 -20.700001 204.606964
vn 2.761228 -3.582359 -1.328044
v -13.341454 -21.700001 203.650833
vn 3.063658 -3.584743 0.000000
v -13.490000 -21.700001 203.000000
vn 1.911429 -3.578518 -2.395399
v -12.925235 -21.700001 204.172745
vn 0.682253 -3.576668 -2.987923
v -12.323781 -21.700001 204.462387
vn -0.682254 -3.576669 -2.987922
v -11.656219 -21.700001 204.462387
vn -1.911430 -3.578517 -2.395399
v -11.054766 -21.700001 204.172745
vn -2.761228 -3.582357 -1.328047
v -10.638547 -21.700001 203.650833
vn -3.063657 -3.584746 0.000000
v -10.490000 -21.700001 203.000000
vn -2.761228 -3.582357 1.328047
v -10.638547 -21.700001 202.349167
vn -1.911430 -3.578517 2.395399
v -11.054766 -21.700001 201.827255
vn -0.682254 -3.576669 2.987922
v -11.656219 -21.700001 201.537613
vn 0.682253 -3.576668 2.987923
v -12.323781 -21.700001 201.537613
vn 1.911429 -3.578518 2.395399
v -12.925235 -21.700001 201.827255
vn 2.761228 -3.582359 1.328044
v -13.341454 -21.700001 202.349167
vn -3.253061 -0.198484 -3.130173
v -29.980000 14.783230 211.938263
vn 0.042302 -0.019538 -6.282676
v -30.045151 14.896086 211.937210
vn 0.078734 3.139797 -3.044357
v -29.980000 19.252874 211.938263
vn 0.255376 3.006702 -3.120128
v -30.045151 20.096085 211.937210
vn 1.764851 -1.445017 -4.771513
v -29.980000 19.352911 211.938263
vn 0.686954 -2.876894 -3.133908
v -29.670753 19.351971 211.972565
vn 1.167830 2.833496 -2.868706
v -29.291389 20.096085 212.084686
vn 1.579237 -2.836101 -2.780344
v -29.037825 19.345190 212.209412
vn 2.165906 2.824485 -2.210737
v -28.648790 20.096085 212.505371
vn 2.374007 -2.829769 -2.150435
v -28.541094 19.332308 212.618942
vn 2.697509 3.033012 -1.601244
v -28.212122 20.096085 213.137207
vn 2.852363 -3.022360 -1.705136
v -28.212122 19.313847 213.137207
vn 2.818360 -3.299048 -1.713311
v -27.918430 19.289246 213.739899
vn 2.556028 -3.288682 -2.050355
v -27.410152 19.250204 214.558578
vn 3.110935 -3.131571 -0.243853
v -29.980000 19.078802 217.168121
vn 2.184492 -3.314210 -2.466517
v -26.464075 19.186541 215.665924
vn 1.779376 -3.293818 -2.818152
v -25.366325 19.125437 216.560867
vn 1.419559 -3.268211 -3.051615
v -24.372396 19.081486 217.134644
vn 1.086060 -3.255342 -3.246494
v -23.879999 19.063713 217.353409
vn 3.107467 -3.120837 -0.356414
v -29.980000 18.828407 219.763809
vn 0.005141 -6.240660 -0.722604
v -23.879999 18.817919 219.855774
vn 3.107136 -3.106441 -0.465440
v -29.980000 18.489038 222.336441
vn 0.000046 -6.212721 -0.932439
v -23.879999 18.489038 222.336441
vn 2.565973 3.290005 -1.793898
v -27.468645 20.096085 214.474808
vn 2.191883 3.322919 -2.232000
v -26.484074 20.096085 215.646347
vn 1.739028 3.303073 -2.602267
v -25.294437 20.096085 216.608994
vn 1.177660 3.290072 -2.900112
v -23.943264 20.096085 217.327499
vn 0.834481 3.191686 -3.027667
v -22.480000 20.096085 217.775574
vn 0.848989 -3.172546 -3.339780
v -22.480000 19.027794 217.775574
vn -0.402462 3.089151 -2.886173
v -31.980000 20.096085 211.937210
vn -0.509327 6.117015 -1.072942
v -31.980000 20.096085 217.937210
vn -0.000918 6.119300 -1.001450
v -23.879999 20.096085 217.937210
vn 0.883120 3.058253 -3.012044
v -22.316996 20.096085 217.816040
vn 1.137568 3.049758 -2.925248
v -22.157961 20.096085 217.870056
vn 1.600250 2.805926 -3.719420
v -22.004019 20.096085 217.937210
vn 2.186009 2.710303 -3.193640
v -21.535957 20.204178 218.254105
vn 2.099761 -2.852089 -2.623253
v -21.610037 18.990398 218.190109
vn 1.508550 -2.928888 -3.036975
v -21.937710 19.010426 217.971054
vn 0.986396 -2.997547 -3.259886
v -22.302229 19.023848 217.820435
vn 2.722442 -2.807613 -1.819753
v -21.142641 18.937021 218.744415
vn 2.707901 2.732050 -2.486738
v -21.178837 20.345211 218.683487
vn 3.029713 2.760227 -1.656131
v -20.955843 20.506908 219.189621
vn 3.066997 -2.884850 -0.937716
v -20.909235 18.869354 219.394455
vn 3.128403 2.885758 -1.061089
v -20.879999 20.677790 219.735168
vn 3.154668 -3.034516 -0.489840
v -20.879999 18.831635 219.735168
vn 0.000069 5.992899 -1.887562
v -23.879999 20.551096 219.329788
vn -0.000354 6.006470 -1.844031
v -23.879999 20.863363 220.336395
vn 3.137541 3.004435 -0.918114
v -20.879999 20.937506 220.578598
vn -0.000195 3.871825 2.106588
v -23.879999 21.232138 221.549866
vn -2.039051 3.403728 -3.258513
v -22.967455 21.232138 221.549866
vn -0.000705 5.970189 -1.957870
v -23.879999 20.295336 218.530060
vn 1.555626 0.204193 -4.985803
v -20.879999 21.232138 221.549866
vn 2.821149 3.178255 -1.619781
v -28.212122 -20.713846 213.137207
vn 2.687045 -3.090264 -1.622425
v -28.212122 -21.496086 213.137207
vn 2.711762 2.926010 -1.756272
v -28.303942 -20.720680 212.953247
vn 2.163747 -2.849290 -2.214155
v -28.648790 -21.496086 212.505371
vn 2.410985 2.900382 -2.119036
v -28.531687 -20.731947 212.629761
vn 1.849474 2.876923 -2.620734
v -28.818695 -20.740705 212.357391
vn 1.151734 -2.810033 -2.869798
v -29.291389 -21.496086 212.084686
vn 1.032675 2.819819 -3.022234
v -29.365871 -20.749634 212.056091
vn 0.284143 -2.973570 -3.115571
v -30.045151 -21.496086 211.937210
vn 1.895137 1.354498 -4.750565
v -29.980000 -20.752911 211.938263
vn 0.078734 -3.139797 -3.044357
v -29.980000 -20.652874 211.938263
vn 0.042302 0.019538 -6.282676
v -30.045151 -16.296085 211.937210
vn -3.253061 0.198484 -3.130173
v -29.980000 -16.183229 211.938263
vn -3.042364 0.160635 -3.133352
v -32.980000 -16.296085 211.937210
vn -2.940063 0.649899 -3.056714
v -32.980000 -15.048615 212.068329
vn -3.341734 0.699717 -3.046036
v -29.980000 -14.954157 212.089203
vn -2.938927 1.271218 -2.854695
v -32.980000 -13.855665 212.455933
vn -3.342885 1.310039 -2.837451
v -29.980000 -13.782242 212.489212
vn -2.937769 1.836965 -2.527892
v -32.980000 -12.769374 213.083099
vn -3.344023 1.864555 -2.508025
v -29.980000 -12.717402 213.121292
vn -2.936591 2.322369 -2.090617
v -32.980000 -11.837216 213.922424
vn -3.345222 2.339600 -2.071811
v -29.980000 -11.804996 213.958496
vn -2.935367 2.706222 -1.561988
v -32.980000 -11.099933 214.937210
vn -3.346441 2.714975 -1.547388
v -29.980000 -11.083885 214.965179
vn -2.934097 2.971759 -0.965106
v -32.980000 -10.589746 216.083099
vn -3.347706 2.974693 -0.957103
v -29.980000 -10.584785 216.098450
vn -3.037529 3.098772 -0.490263
v -32.980000 -10.328954 217.310043
vn -3.244969 3.099100 -0.488714
v -29.980000 -10.328954 217.310043
vn -0.402467 -3.089149 -2.886170
v -31.980000 -21.496086 211.937210
vn -3.089071 -0.402606 -2.885966
v -32.980000 -20.496086 211.937210
vn -1.517369 -2.630845 -2.632984
v -32.480000 -21.362110 211.937210
vn -2.630883 -1.517230 -2.632767
v -32.846024 -20.996086 211.937210
vn 2.591065 -3.297923 -1.756348
v -27.468645 -21.496086 214.474808
vn -0.634236 -6.119526 -1.003648
v -31.980000 -21.496086 217.937210
vn 2.192624 -3.279503 -2.236597
v -26.484074 -21.496086 215.646347
vn 1.735038 -3.313649 -2.605962
v -25.294437 -21.496086 216.608994
vn -0.000671 -6.119253 -1.001596
v -23.879999 -21.496086 217.937210
vn 1.181876 -3.303117 -2.898101
v -23.943264 -21.496086 217.327499
vn 0.833390 -3.193322 -3.027936
v -22.480000 -21.496086 217.775574
vn 0.886429 -3.056370 -3.011017
v -22.316996 -21.496086 217.816040
vn 1.147602 -3.023851 -2.920371
v -22.157961 -21.496086 217.870056
vn 1.582597 -2.773962 -3.727606
v -22.004019 -21.496086 217.937210
vn 0.827297 3.185236 -3.340067
v -22.480000 -20.427794 217.775574
vn 1.041575 2.950907 -3.235951
v -22.352728 -20.425127 217.805923
vn 1.814940 2.882410 -2.845585
v -21.675060 -20.395136 218.138885
vn 2.168173 -2.754670 -3.216450
v -21.535957 -21.604177 218.254105
vn 2.372561 2.937855 -2.362015
v -21.383762 -20.369879 218.408035
vn 2.717932 -2.755085 -2.473758
v -21.178835 -21.745211 218.683487
vn 2.775175 2.877573 -1.756549
v -21.151506 -20.338556 218.729034
vn 3.029457 -2.758708 -1.656404
v -20.955843 -21.906910 219.189621
vn 3.062451 2.879826 -0.956031
v -20.912046 -20.271074 219.378571
vn 3.128382 -2.885334 -1.061280
v -20.879999 -22.077789 219.735168
vn 3.154302 3.030550 -0.495119
v -20.879999 -20.231634 219.735168
vn -0.000821 -5.970321 -1.957467
v -23.879999 -21.695335 218.530060
vn -0.000402 -5.992837 -1.887754
v -23.879999 -21.951096 219.329788
vn -0.000210 -6.006465 -1.844042
v -23.879999 -22.263363 220.336395
vn 3.137513 -3.004437 -0.918108
v -20.879999 -22.337505 220.578598
vn -2.039367 -3.403400 -3.259597
v -22.967455 -22.632137 221.549866
vn 1.555658 -0.204187 -4.985801
v -20.879999 -22.632137 221.549866
vn 0.000130 -3.871800 2.106502
v -23.879999 -22.632137 221.549866
vn 3.175567 3.107436 -0.458797
v -20.879999 -19.927261 222.080063
vn 6.236038 0.435111 -0.131667
v -20.879999 -22.432228 221.607193
vn 3.179636 3.087402 -0.577806
v -20.879999 -19.541506 224.399796
vn 3.206405 1.251254 2.879743
v -20.879999 -21.590109 230.344330
vn 3.248465 1.508546 2.750286
v -20.879999 -22.351732 230.707672
vn 3.093843 1.217160 2.895252
v -20.879999 -20.062603 229.742813
vn 3.185168 3.060358 -0.706464
v -20.879999 -19.066750 226.687897
vn 3.046107 1.428720 2.793708
v -20.879999 -19.286509 229.393555
vn 1.846582 2.307681 0.973842
v -20.879999 -18.495377 228.937912
vn 6.185800 0.737115 0.243811
v -20.879999 -24.477591 228.740219
vn 3.274470 1.841088 2.536688
v -20.879999 -23.118746 231.186783
vn 3.093977 -3.124943 -0.314228
v -20.879999 -24.550154 229.322281
vn 3.278668 2.174557 2.256986
v -20.879999 -23.896254 231.837189
vn 3.072225 -3.136975 -0.130104
v -20.879999 -24.679815 231.015900
vn 0.731464 -0.405580 1.045951
v -20.879999 -24.689363 232.714447
vn 2.656373 3.291470 -1.903877
v -27.499569 -20.656797 214.429565
vn 2.372980 3.297235 -2.269968
v -26.888966 -20.613810 215.218521
vn 2.016258 3.296811 -2.628610
v -26.109793 -20.565367 215.991074
vn 1.572331 3.296188 -2.988617
v -24.872850 -20.502268 216.869537
vn 1.135927 3.287280 -3.224591
v -23.879999 -20.463713 217.353409
vn -3.089070 0.402606 -2.885966
v -32.980000 19.096085 211.937210
vn -1.517366 2.630844 -2.632978
v -32.480000 19.962111 211.937210
vn -2.630886 1.517227 -2.632770
v -32.846024 19.596085 211.937210
vn -3.042364 -0.160635 -3.133352
v -32.980000 14.896086 211.937210
vn -0.386851 -2.200450 -4.063652
v -31.980000 -22.632137 221.549866
vn -2.375738 -1.110213 -3.424653
v -31.980000 -28.582674 219.843567
vn -1.395380 -2.195974 -4.127874
v -32.196320 -22.615213 221.579346
vn -3.192755 -0.803720 -3.334134
v -32.333317 -28.151831 220.034317
vn -3.103883 -2.109700 -3.526533
v -32.395187 -22.569336 221.661774
vn -4.363234 -0.710137 -2.888705
v -32.638462 -27.732939 220.344543
vn -4.992763 -1.555464 -2.497156
v -32.717102 -22.413733 221.949783
vn -5.320915 -0.726630 -2.105489
v -32.867619 -27.386345 220.747879
vn -6.076612 -0.692885 -1.053182
v -32.915375 -22.196217 222.347244
vn -5.825282 -0.836052 -1.305105
v -32.947407 -27.273102 220.995941
vn -5.987158 -0.933729 -0.772797
v -32.971119 -27.252716 221.126617
vn -6.274231 -0.099051 -0.173298
v -32.979992 -21.962257 222.777817
vn -6.035708 -1.070965 -0.426603
v -32.980000 -27.269047 221.260544
vn -6.283185 -0.000971 -0.001792
v -32.980000 -21.959467 222.783051
vn -0.629103 -5.897188 -1.967378
v -31.980000 -21.654627 218.404785
vn -2.280168 -5.689395 -1.060111
v -32.362877 -21.419886 217.956390
vn -1.554913 -5.753388 -1.802464
v -32.211735 -22.029854 219.675186
vn -3.130307 -5.123386 -1.609786
v -32.483494 -21.924877 219.707581
vn -3.135541 -5.132967 -1.581187
v -32.483494 -22.214293 220.648346
vn -4.464856 -4.155807 -1.269455
v -32.712852 -22.040464 220.701508
vn -4.461915 -4.163077 -1.257392
v -32.712852 -22.325747 221.642151
vn -5.408710 -2.972330 -0.900958
v -32.839947 -22.163275 221.691162
vn -5.327860 -3.123565 -0.724439
v -32.839947 -22.258184 222.005981
vn -6.015244 -1.551783 -0.481986
v -32.943928 -22.022856 222.076981
vn -6.254726 -0.403273 -0.124085
v -32.980000 -21.817085 222.310776
vn -0.459583 -5.948271 -1.912281
v -31.980000 -21.804176 218.866028
vn -0.378316 -5.977374 -1.858141
v -31.980000 -22.081530 219.746887
vn -1.551856 -5.766197 -1.774611
v -32.211735 -22.319332 220.616226
vn -0.383113 -5.986414 -1.827719
v -31.980000 -22.358191 220.645950
vn -1.501104 -5.810248 -1.737814
v -32.211735 -22.604954 221.557983
vn -3.386591 -5.066272 -1.367802
v -32.483494 -22.499777 221.589661
vn -6.254339 -0.406493 -0.123182
v -32.980000 -21.674704 221.838516
vn -6.005924 -1.578254 -0.477229
v -32.943928 -21.927944 221.762161
vn -5.407074 -2.972117 -0.907904
v -32.839947 -21.878174 220.751099
vn -4.462163 -4.143333 -1.309038
v -32.712852 -21.751194 219.761292
vn -4.570481 -3.933435 -1.487891
v -32.712852 -21.193346 218.040894
vn -2.781527 -3.786245 -3.291824
v -32.483494 -21.364630 217.980026
vn -4.381816 -4.362181 -0.734492
v -32.685867 -21.204430 217.988800
vn -6.254504 -0.403508 -0.128737
v -32.980000 -20.552046 218.267044
vn -6.006996 -1.554615 -0.490629
v -32.943928 -21.354305 219.884369
vn -6.006358 -1.571826 -0.480896
v -32.943928 -21.643099 220.822922
vn -6.283175 -0.007668 -0.001261
v -32.980000 -20.496086 218.106873
vn -6.242149 -0.491163 -0.124061
v -32.979984 -20.501566 218.106247
vn -6.050301 -1.321597 -0.684924
v -32.943928 -20.801516 218.179153
vn -5.404832 -2.964669 -0.935996
v -32.839947 -21.589075 219.811508
vn -5.798095 -2.196519 -0.573679
v -32.902332 -20.882481 218.044220
vn -5.205126 -2.992855 -1.549817
v -32.839947 -21.033339 218.097443
vn -3.511189 2.282145 2.080429
v -32.980000 -17.848003 216.522446
vn -3.511200 1.376490 2.764349
v -32.980000 -17.232136 216.057358
vn -3.511195 0.284921 3.074928
v -32.980000 -16.489849 215.846161
vn -3.511182 -0.845104 2.970217
v -32.980000 -15.721393 215.917374
vn -3.511195 -1.860991 2.464361
v -32.980000 -15.030553 216.261368
vn -3.511193 -2.625556 1.625676
v -32.980000 -14.510630 216.831696
vn -3.511191 -3.035521 0.567436
v -32.980000 -14.231842 217.551331
vn -3.511191 -3.035520 -0.567436
v -32.980000 -14.231842 218.323074
vn -3.324856 3.068300 -0.610328
v -32.980000 -10.135959 219.146271
vn -3.511193 -2.625556 -1.625676
v -32.980000 -14.510630 219.042709
vn -3.508109 2.752304 -1.402377
v -32.980000 -9.928928 219.845184
vn -3.511177 -1.861016 -2.464349
v -32.980000 -15.030553 219.613037
vn -3.508107 2.066939 -2.295563
v -32.980000 -9.485176 220.423492
vn -3.511220 -0.845097 -2.970207
v -32.980000 -15.721393 219.957047
vn -3.476691 1.924059 2.427575
v -32.980000 -8.653481 224.369827
vn -3.476699 2.615379 1.659790
v -32.980000 -9.099841 224.865555
vn -3.511178 0.284952 -3.074931
v -32.980000 -16.489849 220.028244
vn -3.476701 3.015754 0.707344
v -32.980000 -9.358343 225.480499
vn -3.309144 3.129888 -0.065563
v -32.980000 -9.400229 226.146271
vn -6.283185 -0.001870 0.001257
v -32.980000 -23.447052 228.598282
vn -3.233222 3.102805 -0.470642
v -32.980000 -8.696639 232.840485
vn -6.173110 -0.823954 -0.011334
v -32.980000 -23.681486 231.077362
vn -6.168527 -0.838596 0.053362
v -32.980000 -23.646540 233.567261
vn -3.511196 3.088100 -0.000000
v -32.980000 -18.396086 217.937210
vn -3.511186 2.879571 1.115549
v -32.980000 -18.254276 217.178604
vn -3.511204 2.282125 -2.080444
v -32.980000 -17.848003 219.351974
vn -3.511187 2.879571 -1.115549
v -32.980000 -18.254276 218.695816
vn -3.511185 1.376470 -2.764365
v -32.980000 -17.232136 219.817047
vn -6.035621 -1.134301 -0.205755
v -32.980000 -28.922871 227.028122
vn -3.324851 2.999584 -0.888520
v -32.980000 -8.409569 234.283676
vn -6.168388 -0.828701 0.142262
v -32.980000 -23.342619 236.038788
vn -3.324847 2.787440 -1.420265
v -32.980000 -7.864304 235.650391
vn -6.168162 -0.809653 0.229913
v -32.980000 -22.773287 238.462967
vn -3.324863 2.481934 -1.904459
v -32.980000 -7.079105 236.894867
vn -6.167865 -0.781532 0.315401
v -32.980000 -21.945219 240.811401
vn -3.324838 2.093320 -2.324864
v -32.980000 -6.080269 237.975388
vn -6.167503 -0.744496 0.397780
v -32.980000 -20.868118 243.056534
vn -6.167635 -0.700122 0.471018
v -32.980000 -19.554613 245.172073
vn -6.168643 -0.406471 0.691206
v -32.980000 -18.020098 247.133209
vn -6.172622 -0.091237 0.820982
v -32.980000 -13.100409 247.850769
vn -3.324868 1.634591 -2.667409
v -32.980000 -4.901247 238.855820
vn -6.172606 -0.056486 0.824107
v -32.980000 -8.151822 248.330063
vn -3.324836 1.121125 -2.920628
v -32.980000 -3.581524 239.506622
vn -3.324870 0.570106 -3.076026
v -32.980000 -2.165299 239.906052
vn -6.172838 -0.019499 0.824949
v -32.980000 -3.185872 248.569992
vn -3.324834 0.000000 -3.128416
v -32.980000 -0.700000 240.040680
vn -6.172838 0.019499 0.824949
v -32.980000 1.785872 248.569992
vn -3.324870 -0.570106 -3.076026
v -32.980000 0.765299 239.906052
vn -6.172606 0.056486 0.824107
v -32.980000 6.751822 248.330063
vn -3.324836 -1.121125 -2.920628
v -32.980000 2.181524 239.506622
vn -3.324868 -1.634591 -2.667409
v -32.980000 3.501247 238.855820
vn -6.172624 0.091237 0.820983
v -32.980000 11.700409 247.850769
vn -6.167635 0.700122 0.471018
v -32.980000 18.154613 245.172073
vn -6.168643 0.406472 0.691207
v -32.980000 16.620098 247.133209
vn -3.324838 -2.093320 -2.324864
v -32.980000 4.680269 237.975388
vn -6.167502 0.744496 0.397780
v -32.980000 19.468119 243.056534
vn -6.167865 0.781529 0.315400
v -32.980000 20.545218 240.811401
vn -3.324863 -2.481934 -1.904459
v -32.980000 5.679105 236.894867
vn -6.168162 0.809653 0.229914
v -32.980000 21.373287 238.462967
vn -3.324847 -2.787440 -1.420265
v -32.980000 6.464304 235.650391
vn -6.168388 0.828701 0.142262
v -32.980000 21.942619 236.038788
vn -3.324852 -2.999584 -0.888519
v -32.980000 7.009569 234.283676
vn -6.168527 0.838596 0.053362
v -32.980000 22.246540 233.567261
vn -3.233223 -3.102805 -0.470641
v -32.980000 7.296638 232.840485
vn -6.173172 0.823954 -0.011334
v -32.980000 22.281487 231.077362
vn -6.283184 0.001870 0.001257
v -32.980000 22.047050 228.598282
vn -6.035652 1.134408 -0.205790
v -32.980000 27.522871 227.028122
vn -6.283185 0.000971 -0.001792
v -32.980000 20.559467 222.783051
vn -3.309143 -3.129888 -0.065564
v -32.980000 8.000229 226.146271
vn -6.034820 1.066382 -0.432701
v -32.980000 25.869047 221.260544
vn -6.254434 0.405671 -0.123511
v -32.980000 20.417086 222.310776
vn -3.511176 -0.284951 -3.074931
v -32.980000 15.089849 220.028244
vn -3.476702 -3.015754 0.707343
v -32.980000 7.958343 225.480499
vn -6.254353 0.406403 -0.123116
v -32.980000 20.274704 221.838516
vn -3.511185 -1.376469 -2.764364
v -32.980000 15.832136 219.817047
vn -3.511204 -2.282125 -2.080444
v -32.980000 16.448004 219.351974
vn -6.254492 0.403668 -0.128554
v -32.980000 19.152046 218.267044
vn -3.511187 -2.879571 -1.115549
v -32.980000 16.854277 218.695816
vn -3.511196 -3.088100 0.000000
v -32.980000 16.996086 217.937210
vn -6.283177 0.007665 -0.001261
v -32.980000 19.096085 218.106873
vn -3.511186 -2.879571 1.115549
v -32.980000 16.854277 217.178604
vn -3.511189 -2.282145 2.080429
v -32.980000 16.448004 216.522446
vn -3.511201 -1.376489 2.764350
v -32.980000 15.832136 216.057358
vn -3.511195 -0.284920 3.074928
v -32.980000 15.089849 215.846161
vn -2.940063 -0.649899 -3.056714
v -32.980000 13.648615 212.068329
vn -2.938928 -1.271218 -2.854695
v -32.980000 12.455666 212.455933
vn -3.511181 0.845103 2.970217
v -32.980000 14.321393 215.917374
vn -2.937768 -1.836965 -2.527892
v -32.980000 11.369374 213.083099
vn -2.936591 -2.322369 -2.090617
v -32.980000 10.437217 213.922424
vn -3.511195 1.860990 2.464362
v -32.980000 13.630552 216.261368
vn -2.935369 -2.706221 -1.561989
v -32.980000 9.699933 214.937210
vn -3.511193 2.625556 1.625676
v -32.980000 13.110629 216.831696
vn -2.934095 -2.971759 -0.965105
v -32.980000 9.189746 216.083099
vn -3.511191 3.035520 0.567436
v -32.980000 12.831841 217.551331
vn -3.037529 -3.098772 -0.490262
v -32.980000 8.928954 217.310043
vn -3.511191 3.035521 -0.567436
v -32.980000 12.831841 218.323074
vn -3.324857 -3.068300 -0.610330
v -32.980000 8.735959 219.146271
vn -3.511193 2.625556 -1.625676
v -32.980000 13.110629 219.042709
vn -3.508107 -2.752305 -1.402378
v -32.980000 8.528928 219.845184
vn -3.511177 1.861015 -2.464349
v -32.980000 13.630552 219.613037
vn -3.508108 -2.066940 -2.295561
v -32.980000 8.085176 220.423492
vn -3.511219 0.845097 -2.970208
v -32.980000 14.321393 219.957047
vn -3.476691 -1.924059 2.427574
v -32.980000 7.253481 224.369827
vn -3.476697 -2.615380 1.659789
v -32.980000 7.699841 224.865555
vn -3.508110 -1.107007 -2.883812
v -32.980000 7.463651 220.804367
vn -3.476689 -1.018706 2.925297
v -32.980000 6.668919 224.048462
vn -3.324857 -0.286263 -3.115306
v -32.980000 6.746915 220.937210
vn -3.309151 -0.261970 3.119596
v -32.980000 6.011185 223.937210
vn -3.324857 0.286263 -3.115289
v -32.980000 -8.146914 220.937210
vn -3.309151 0.261970 3.119595
v -32.980000 -7.411185 223.937210
vn -3.476688 1.018706 2.925297
v -32.980000 -8.068918 224.048462
vn -3.508110 1.107007 -2.883812
v -32.980000 -8.863650 220.804367
vn -5.987300 -1.201755 0.159875
v -32.971119 -28.979994 227.150360
vn -5.825201 -1.400937 0.663978
v -32.947407 -29.066530 227.250366
vn -5.321215 -1.732117 1.400033
v -32.867619 -29.294022 227.400726
vn -4.363912 -2.133394 2.072927
v -32.638462 -29.801682 227.559113
vn -3.191950 -2.448164 2.401828
v -32.333317 -30.321321 227.600220
vn -2.375197 -2.756642 2.315391
v -31.980000 -30.787773 227.533661
vn -1.920413 -1.561223 -3.491862
v -30.976387 -29.517965 219.575378
vn -1.917485 -3.176127 2.132551
v -30.970505 -31.727467 227.264221
vn -1.349373 -1.901112 -3.589614
v -29.787952 -30.225365 219.372543
vn -1.342828 -3.517005 2.035091
v -29.774500 -32.436638 227.060867
vn -0.715926 -2.115771 -3.651452
v -28.469658 -30.672157 219.244431
vn -0.705406 -3.731182 1.973961
v -28.447882 -32.882145 226.933121
vn -0.049352 -2.195256 -3.674523
v -27.082472 -30.837679 219.196960
vn -0.035001 -3.808672 1.952020
v -27.052658 -33.043163 226.886948
vn 0.619520 -2.135933 -3.657792
v -25.690546 -30.714277 219.232346
vn 0.637048 -3.745826 1.970324
v -25.654037 -32.912167 226.924515
vn 1.259741 -1.940497 -3.602027
v -24.358255 -30.307657 219.348938
vn 1.279335 -3.545608 2.028005
v -24.317392 -32.495281 227.044052
vn 1.841716 -1.618001 -3.509824
v -23.147211 -29.636625 219.541351
vn 1.861840 -3.217405 2.122386
v -23.105192 -31.811985 227.239975
vn 2.338531 -1.183347 -3.385461
v -22.113422 -28.732212 219.800690
vn 2.357315 -2.776493 2.249086
v -22.074097 -30.894220 227.503143
vn 2.727201 -0.656650 -3.234698
v -21.304697 -27.636248 220.114960
vn 2.742623 -2.243527 2.402175
v -21.272295 -29.784880 227.821243
vn 2.989745 -0.062242 -3.064518
v -20.758438 -26.399414 220.469620
vn 2.999744 -1.643394 2.574523
v -20.737265 -28.535812 228.179413
vn 3.114027 0.572374 -2.882804
v -20.499908 -25.078913 220.848267
vn 3.116673 -1.004163 2.758081
v -20.494013 -27.205399 228.560898
vn 3.094260 1.217886 -2.697965
v -20.541063 -23.735813 221.233383
vn 3.089820 -0.364073 2.947392
v -20.553905 -25.855820 228.947876
vn 1.358791 -4.798005 1.454289
v -20.914145 -24.550154 229.322281
vn 2.274333 1.543594 -5.066330
v -31.476332 -24.764872 220.938309
vn 2.182600 2.095967 -4.902337
v -31.285023 -25.849756 220.627228
vn 1.939551 2.607770 -4.758879
v -30.815142 -26.853140 220.339508
vn 2.039049 -3.403963 -3.257741
v -30.992546 -22.632137 221.549866
vn 2.224998 0.997983 -5.222580
v -31.376690 -23.668688 221.252640
vn 1.578826 3.036431 -4.637303
v -30.097094 -27.710096 220.093781
vn 1.115183 3.370638 -4.537433
v -29.177345 -28.365171 219.905945
vn 0.572462 3.579693 -4.478588
v -28.115408 -28.775978 219.788147
vn -0.000004 3.648270 -4.461541
v -26.980000 -28.915932 219.748016
vn -0.572466 3.579705 -4.478585
v -25.844593 -28.775978 219.788147
vn -1.115184 3.370649 -4.537429
v -24.782656 -28.365171 219.905945
vn -1.578819 3.036434 -4.637303
v -23.862906 -27.710096 220.093781
vn -1.939543 2.607762 -4.758882
v -23.144857 -26.853140 220.339508
vn -2.182544 2.095967 -4.902337
v -22.674976 -25.849756 220.627228
vn -2.274333 1.543582 -5.066334
v -22.483667 -24.764872 220.938309
vn -2.224987 0.997982 -5.222582
v -22.583309 -23.668688 221.252640
vn -0.542694 -2.815253 4.931284
v -31.980000 -18.535477 248.059128
vn -0.804163 -0.748524 6.118041
v -31.980000 -13.470604 248.812897
vn -2.017528 -2.576035 4.507276
v -32.339806 -18.501175 247.997116
vn -3.013438 -0.625460 5.208782
v -32.480000 -13.454152 248.679932
vn -3.886331 -2.104390 3.672053
v -32.655472 -18.400803 247.815979
vn -5.238090 -0.361515 3.024651
v -32.846024 -13.409204 248.316681
vn -5.361088 -1.289545 2.236082
v -32.884106 -18.241182 247.528870
vn -3.012667 -0.386801 5.228169
v -32.480000 -8.364882 249.182800
vn -0.809559 -0.454761 6.145224
v -31.980000 -8.374769 249.316406
vn -0.809590 -0.153119 6.160116
v -31.980000 -3.260326 249.568481
vn -0.809590 0.153119 6.160115
v -31.980000 1.860326 249.568481
vn -3.012687 0.128310 5.240939
v -32.480000 1.840276 249.434952
vn -3.012686 -0.128310 5.240938
v -32.480000 -3.240276 249.434952
vn -5.234318 -0.227256 3.037641
v -32.846024 -8.337869 248.817780
vn -3.012665 0.386803 5.228169
v -32.480000 6.964882 249.182800
vn -0.809560 0.454763 6.145223
v -31.980000 6.974769 249.316406
vn -3.013437 0.625457 5.208782
v -32.480000 12.054152 248.679932
vn -0.804164 0.748522 6.118039
v -31.980000 12.070604 248.812897
vn -2.017520 2.576037 4.507274
v -32.339806 17.101175 247.997116
vn -0.542687 2.815251 4.931290
v -31.980000 17.135475 248.059128
vn -3.886333 2.104390 3.672051
v -32.655472 17.000803 247.815979
vn -5.238090 0.361514 3.024652
v -32.846024 12.009203 248.316681
vn -5.234318 0.227257 3.037641
v -32.846024 6.937869 248.817780
vn -5.234270 0.073702 3.045779
v -32.846024 1.814632 249.069443
vn -5.234270 -0.073702 3.045779
v -32.846024 -3.214632 249.069443
vn -5.361094 1.289540 2.236082
v -32.884106 16.841181 247.528870
vn -0.796516 4.974738 3.608234
v -31.980000 18.728893 246.089645
vn -2.984710 4.275798 3.014261
v -32.480000 18.684404 245.922363
vn -5.215065 2.498349 1.763969
v -32.846024 18.387112 245.708832
vn -0.819780 5.307331 3.085034
v -31.980000 20.105831 243.963165
vn -2.980128 4.563951 2.541531
v -32.480000 20.097792 243.706375
vn -5.206845 2.661598 1.506023
v -32.846024 19.778822 243.526825
vn -5.206563 2.812304 1.203832
v -32.846024 20.922153 241.205032
vn -5.206353 2.928672 0.886559
v -32.846024 21.803240 238.771576
vn -5.206196 3.009175 0.558114
v -32.846024 22.411394 236.255997
vn -5.206112 3.052701 0.222567
v -32.846024 22.739241 233.688797
vn -5.220930 3.056734 -0.058806
v -32.846024 22.782803 231.101120
vn -6.079594 1.098898 0.779354
v -32.918137 22.432503 228.847977
vn -6.271262 0.200008 0.136559
v -32.979992 22.052050 228.601501
vn -0.833242 5.596955 2.513446
v -31.980000 21.250948 241.703400
vn -2.968673 4.821366 2.018330
v -32.480000 21.258930 241.348404
vn -0.848596 5.825752 1.911342
v -31.980000 22.151485 239.335510
vn -2.954901 5.018318 1.473286
v -32.480000 22.153740 238.877045
vn -0.864105 5.990478 1.285912
v -31.980000 22.797407 236.885880
vn -2.940618 5.153282 0.912658
v -32.480000 22.771366 236.322281
vn -0.878668 6.088700 0.644680
v -31.980000 23.181519 234.381821
vn -2.927080 5.225352 0.342723
v -32.480000 23.104319 233.715103
vn -0.889915 6.119316 -0.001332
v -31.980000 23.299540 231.851227
vn -2.942938 5.245352 -0.167256
v -32.480000 23.148560 231.087112
vn -5.108424 2.519123 1.757453
v -32.730064 22.780024 229.076141
vn -0.384192 4.101907 2.908153
v -31.980000 23.150152 229.322281
vn -1.546783 4.067684 2.879906
v -32.202641 23.122835 229.304001
vn -3.318470 3.611907 2.531621
v -32.408554 23.045044 229.252045
vn -2.375299 2.756433 2.315157
v -31.980000 29.387774 227.533661
vn -3.191773 2.448330 2.401524
v -32.333317 28.921322 227.600220
vn -4.363988 2.133341 2.073171
v -32.638462 28.401682 227.559113
vn -5.321257 1.732069 1.400156
v -32.867619 27.894022 227.400726
vn -5.825228 1.400876 0.664050
v -32.947407 27.666531 227.250366
vn -5.987303 1.201711 0.159894
v -32.971119 27.579992 227.150360
vn -0.384210 -4.101909 2.908163
v -31.980000 -24.550154 229.322281
vn -0.889916 -6.119317 -0.001330
v -31.980000 -24.699539 231.851227
vn -1.546797 -4.067680 2.879899
v -32.202641 -24.522835 229.304001
vn -2.942939 -5.245352 -0.167256
v -32.480000 -24.548559 231.087112
vn -3.318470 -3.611907 2.531621
v -32.408554 -24.445044 229.252045
vn -5.108424 -2.519123 1.757453
v -32.730064 -24.180023 229.076141
vn -5.220930 -3.056734 -0.058806
v -32.846024 -24.182802 231.101120
vn -6.079594 -1.098901 0.779354
v -32.918137 -23.832502 228.847977
vn -6.271258 -0.200009 0.136560
v -32.979992 -23.452051 228.601501
vn -2.927079 -5.225352 0.342723
v -32.480000 -24.504318 233.715103
vn -0.878668 -6.088700 0.644680
v -31.980000 -24.581518 234.381821
vn -2.940618 -5.153282 0.912658
v -32.480000 -24.171366 236.322281
vn -0.864105 -5.990478 1.285912
v -31.980000 -24.197407 236.885880
vn -2.954902 -5.018318 1.473286
v -32.480000 -23.553740 238.877045
vn -0.848597 -5.825752 1.911341
v -31.980000 -23.551485 239.335510
vn -2.968684 -4.821362 2.018330
v -32.480000 -22.658930 241.348404
vn -0.833250 -5.596952 2.513444
v -31.980000 -22.650949 241.703400
vn -2.980130 -4.563951 2.541528
v -32.480000 -21.497791 243.706375
vn -0.819781 -5.307330 3.085035
v -31.980000 -21.505831 243.963165
vn -2.984709 -4.275798 3.014261
v -32.480000 -20.084404 245.922363
vn -0.796517 -4.974739 3.608233
v -31.980000 -20.128893 246.089645
vn -5.215065 -2.498349 1.763970
v -32.846024 -19.787111 245.708832
vn -5.206844 -2.661601 1.506020
v -32.846024 -21.178822 243.526825
vn -5.206562 -2.812306 1.203836
v -32.846024 -22.322153 241.205032
vn -5.206353 -2.928672 0.886558
v -32.846024 -23.203239 238.771576
vn -5.206197 -3.009175 0.558115
v -32.846024 -23.811394 236.255997
vn -5.206113 -3.052701 0.222567
v -32.846024 -24.139240 233.688797
vn -5.980189 0.923588 -0.801602
v -32.970150 25.853111 221.119675
vn -5.802251 0.830625 -1.356260
v -32.943031 25.878378 220.977737
vn -5.289869 0.726743 -2.145654
v -32.860394 25.996847 220.731323
vn -4.317781 0.716548 -2.912959
v -32.628128 26.347853 220.331482
vn -3.199782 0.808859 -3.343595
v -32.326756 26.757563 220.032516
vn -2.378486 1.107124 -3.420810
v -31.980000 27.182674 219.843567
vn -1.920413 1.561223 -3.491862
v -30.976387 28.117966 219.575378
vn -1.917484 3.176126 2.132551
v -30.970505 30.327467 227.264221
vn -1.349373 1.901112 -3.589614
v -29.787952 28.825365 219.372543
vn -1.342828 3.517005 2.035091
v -29.774500 31.036638 227.060867
vn -0.715926 2.115770 -3.651451
v -28.469658 29.272158 219.244431
vn -0.705406 3.731182 1.973961
v -28.447882 31.482145 226.933121
vn -0.049352 2.195256 -3.674523
v -27.082472 29.437679 219.196960
vn -0.035003 3.808673 1.952021
v -27.052658 31.643164 226.886948
vn 0.619520 2.135933 -3.657792
v -25.690546 29.314278 219.232346
vn 0.637049 3.745823 1.970321
v -25.654037 31.512169 226.924515
vn 1.259742 1.940496 -3.602026
v -24.358255 28.907658 219.348938
vn 1.279339 3.545610 2.028008
v -24.317392 31.095280 227.044052
vn 1.841715 1.618000 -3.509825
v -23.147211 28.236624 219.541351
vn 1.861838 3.217405 2.122385
v -23.105192 30.411985 227.239975
vn 2.338531 1.183348 -3.385461
v -22.113422 27.332212 219.800690
vn 2.357315 2.776493 2.249086
v -22.074097 29.494221 227.503143
vn 2.727202 0.656650 -3.234698
v -21.304697 26.236248 220.114960
vn 2.742624 2.243527 2.402175
v -21.272295 28.384880 227.821243
vn 2.989745 0.062242 -3.064518
v -20.758438 24.999414 220.469620
vn 2.999744 1.643393 2.574523
v -20.737265 27.135813 228.179413
vn 3.114027 -0.572373 -2.882804
v -20.499908 23.678913 220.848267
vn 3.116673 1.004162 2.758081
v -20.494013 25.805399 228.560898
vn 3.093989 -1.218497 -2.696181
v -20.541063 22.335812 221.233383
vn 3.089675 0.363208 2.946393
v -20.553905 24.455820 228.947876
vn 6.186356 -0.735628 0.241142
v -20.879999 23.077591 228.740219
vn 1.358789 4.798006 1.454289
v -20.914145 23.150152 229.322281
vn 6.236309 -0.433633 -0.130441
v -20.879999 21.032227 221.607193
vn -0.381003 5.986880 -1.827889
v -31.980000 20.958670 220.649658
vn -1.539126 5.770477 -1.774647
v -32.211742 21.075260 221.129532
vn -0.385960 2.200205 -4.064602
v -31.980000 21.232138 221.549866
vn -1.500516 5.811067 -1.736021
v -32.211742 21.204958 221.557999
vn -1.395561 2.196674 -4.127860
v -32.196304 21.215216 221.579346
vn -3.102984 2.108221 -3.532427
v -32.395153 21.169350 221.661758
vn -3.143812 5.129439 -1.582751
v -32.483498 20.970201 221.161575
vn -3.128023 5.140065 -1.570554
v -32.483498 20.839745 220.733383
vn -4.465344 4.155775 -1.269840
v -32.712852 20.665993 220.786728
vn -4.462142 4.144897 -1.304182
v -32.712852 20.404108 219.932159
vn -5.404848 2.965575 -0.933130
v -32.839947 20.241955 219.982269
vn -5.259344 2.907815 -1.454934
v -32.839947 19.633904 218.099075
vn -6.007023 1.440104 -0.683120
v -32.943932 19.401791 218.179962
vn -5.788965 2.241815 -0.446487
v -32.902332 19.482479 218.044220
vn -6.242129 0.491287 -0.124058
v -32.979984 19.101566 218.106247
vn -0.385241 5.977822 -1.853989
v -31.980000 20.683388 219.751526
vn -1.567982 5.752487 -1.795135
v -32.211742 20.682796 219.846191
vn -1.558679 5.767548 -1.761904
v -32.211742 20.944727 220.701111
vn -0.491766 5.938568 -1.919937
v -31.980000 20.402367 218.853668
vn -0.892734 2.634144 -3.813930
v -32.211742 20.069416 217.946899
vn -2.780025 4.056390 -3.081904
v -32.483498 19.965773 217.983307
vn -1.941496 5.261418 1.463635
v -32.362877 20.019884 217.956390
vn -4.387395 4.354670 -0.746358
v -32.685867 19.804430 217.988800
vn -4.566984 3.944899 -1.474004
v -32.712852 19.794157 218.043213
vn -3.125028 5.124781 -1.612459
v -32.483498 20.577812 219.878555
vn -6.006845 1.556078 -0.489526
v -32.943932 20.007128 220.054916
vn -6.006340 1.573559 -0.481131
v -32.943932 20.268709 220.908356
vn -6.006018 1.576696 -0.478988
v -32.943932 20.398752 221.335266
vn -5.407525 2.973424 -0.902845
v -32.839947 20.633957 221.263885
vn -6.005980 1.578287 -0.476731
v -32.943932 20.527966 221.762222
vn -5.408833 2.972544 -0.900095
v -32.839947 20.763304 221.691269
vn -6.015537 1.546493 -0.500762
v -32.943932 20.622860 222.076996
vn -5.327881 3.123566 -0.724391
v -32.839947 20.858191 222.006012
vn -6.017688 0.913569 -1.084033
v -32.915386 20.796198 222.347290
vn -4.992725 1.554998 -2.497197
v -32.717125 21.013716 221.949814
vn -6.275125 0.095911 -0.164243
v -32.979992 20.562256 222.777817
vn -5.996656 1.634462 -0.062190
v -32.943932 20.717783 222.391861
vn -6.100911 1.335029 -0.402469
v -32.943932 20.670322 222.234436
vn -3.387558 5.066455 -1.365737
v -32.483498 21.099792 221.589722
vn -4.462056 4.163432 -1.256183
v -32.712852 20.925776 221.642242
vn -4.465364 4.157921 -1.262575
v -32.712852 20.796322 221.214523
vn -5.407513 2.971875 -0.908102
v -32.839947 20.503746 220.836456
vn 2.274333 -1.543594 -5.066331
v -31.476332 23.364872 220.938309
vn 2.224998 -0.997983 -5.222580
v -31.376690 22.268688 221.252640
vn 2.039049 3.403363 -3.259712
v -30.992546 21.232138 221.549866
vn 1.578826 -3.036431 -4.637303
v -30.097094 26.310097 220.093781
vn 1.939551 -2.607770 -4.758879
v -30.815142 25.453140 220.339508
vn 2.182600 -2.095967 -4.902337
v -31.285023 24.449757 220.627228
vn 1.115183 -3.370638 -4.537433
v -29.177345 26.965172 219.905945
vn 0.572462 -3.579693 -4.478588
v -28.115408 27.375978 219.788147
vn -0.000004 -3.648270 -4.461540
v -26.980000 27.515932 219.748016
vn -0.572466 -3.579705 -4.478584
v -25.844593 27.375978 219.788147
vn -1.115184 -3.370649 -4.537429
v -24.782656 26.965172 219.905945
vn -1.578819 -3.036434 -4.637303
v -23.862906 26.310097 220.093781
vn -1.939543 -2.607762 -4.758882
v -23.144857 25.453140 220.339508
vn -2.182544 -2.095967 -4.902337
v -22.674976 24.449757 220.627228
vn -2.274333 -1.543582 -5.066333
v -22.483667 23.364872 220.938309
vn -2.224987 -0.997982 -5.222582
v -22.583309 22.268688 221.252640
vn 2.277410 1.559559 5.058129
v -31.474876 25.189001 228.737640
vn 2.235102 1.024572 5.210964
v -31.389151 26.260162 228.430496
vn 2.056379 0.501316 5.356681
v -31.031456 27.277979 228.138641
vn 1.944071 4.868842 1.499781
v -30.826374 23.150152 229.322281
vn 2.184585 2.098685 4.898727
v -31.283346 24.130569 229.041153
vn 1.741576 0.045085 5.492761
v -30.423857 28.179670 227.880081
vn 1.333196 -0.318915 5.596853
v -29.603832 28.909616 227.670776
vn 0.833357 -0.587133 5.668751
v -28.621962 29.422794 227.523621
vn 0.277876 -0.715569 5.711287
v -27.538811 29.687550 227.447708
vn -0.277878 -0.715571 5.711288
v -26.421190 29.687550 227.447708
vn -0.833350 -0.587134 5.668752
v -25.338039 29.422794 227.523621
vn -1.333196 -0.318903 5.596848
v -24.356169 28.909616 227.670776
vn -1.741579 0.045080 5.492764
v -23.536142 28.179670 227.880081
vn -2.056393 0.501315 5.356682
v -22.928543 27.277979 228.138641
vn -2.235194 1.024570 5.210965
v -22.570848 26.260162 228.430496
vn -2.277384 1.559555 5.058131
v -22.485123 25.189001 228.737640
vn -2.184612 2.098682 4.898728
v -22.676653 24.130569 229.041153
vn -1.944071 4.868842 1.499781
v -23.133625 23.150152 229.322281
vn -1.720546 -1.714509 0.541358
v -23.580414 -21.756111 221.801056
vn 1.720547 -1.714511 0.541358
v -30.379585 -21.756111 221.801056
vn 1.314241 -2.066618 0.440226
v -29.564121 -21.048906 222.003845
vn -1.314241 -2.066620 0.440226
v -24.395880 -21.048906 222.003845
vn 0.820574 -2.326573 0.370904
v -28.594727 -20.552650 222.146149
vn -0.820574 -2.326573 0.370903
v -25.365274 -20.552650 222.146149
vn 0.273173 -2.450884 0.329746
v -27.529146 -20.296907 222.219482
vn -0.273173 -2.450884 0.329746
v -26.430855 -20.296907 222.219482
vn 2.277409 -1.559559 5.058129
v -31.474876 -26.589003 228.737640
vn 2.184588 -2.098686 4.898728
v -31.283346 -25.530569 229.041153
vn 1.944072 -4.868844 1.499783
v -30.826374 -24.550154 229.322281
vn 1.333195 0.318912 5.596853
v -29.603832 -30.309618 227.670776
vn 1.741577 -0.045084 5.492762
v -30.423857 -29.579670 227.880081
vn 2.056379 -0.501316 5.356681
v -31.031456 -28.677979 228.138641
vn 0.833356 0.587134 5.668751
v -28.621962 -30.822794 227.523621
vn 0.277876 0.715569 5.711288
v -27.538811 -31.087549 227.447708
vn -0.277878 0.715571 5.711288
v -26.421190 -31.087549 227.447708
vn -0.833350 0.587135 5.668751
v -25.338039 -30.822794 227.523621
vn -1.333194 0.318901 5.596849
v -24.356169 -30.309618 227.670776
vn -1.741580 -0.045079 5.492764
v -23.536142 -29.579670 227.880081
vn -2.056393 -0.501315 5.356682
v -22.928543 -28.677979 228.138641
vn -2.235195 -1.024571 5.210965
v -22.570848 -27.660162 228.430496
vn -2.277384 -1.559554 5.058131
v -22.485123 -26.589003 228.737640
vn -2.184612 -2.098683 4.898728
v -22.676653 -25.530569 229.041153
vn -1.944072 -4.868844 1.499783
v -23.133625 -24.550154 229.322281
vn 2.235108 -1.024573 5.210964
v -31.389151 -27.660162 228.430496
vn 2.401342 1.449855 2.544816
v -23.879999 17.135475 248.059128
vn 3.092343 0.385679 3.116869
v -23.879999 12.070604 248.812897
vn 3.092351 0.231781 3.132077
v -23.879999 6.974769 249.316406
vn 3.092345 0.077326 3.139688
v -23.879999 1.860326 249.568481
vn 3.092346 -0.077326 3.139688
v -23.879999 -3.260326 249.568481
vn 3.092351 -0.231781 3.132076
v -23.879999 -8.374769 249.316406
vn 3.092343 -0.385679 3.116869
v -23.879999 -13.470604 248.812897
vn 2.401341 -1.449856 2.544815
v -23.879999 -18.535477 248.059128
vn 1.720546 1.714509 0.541358
v -30.379585 20.356110 221.801056
vn -1.720545 1.714507 0.541357
v -23.580414 20.356110 221.801056
vn -1.314241 2.066623 0.440227
v -24.395880 19.648907 222.003845
vn 1.314241 2.066621 0.440225
v -29.564121 19.648907 222.003845
vn -0.820576 2.326573 0.370905
v -25.365274 19.152651 222.146149
vn 0.820576 2.326573 0.370904
v -28.594727 19.152651 222.146149
vn -0.273174 2.450876 0.329747
v -26.430855 18.896906 222.219482
vn 0.273174 2.450877 0.329747
v -27.529146 18.896906 222.219482
vn -2.958328 -3.068300 -0.610330
v -29.980000 8.735959 219.146271
vn -2.775078 -2.752305 -1.402377
v -29.980000 8.528928 219.845184
vn -2.775078 -2.066940 -2.295561
v -29.980000 8.085176 220.423492
vn -2.775075 -1.107007 -2.883812
v -29.980000 7.463651 220.804367
vn -2.958327 -0.286263 -3.115289
v -29.980000 6.746915 220.937210
vn -0.084954 -0.705756 -6.199774
v -31.329329 0.540886 220.937210
vn 0.250205 -0.665354 -6.199730
v -31.923256 0.468770 220.937210
vn 0.529763 -0.472380 -6.199767
v -32.415638 0.128903 220.937210
vn -2.958328 0.286263 -3.115291
v -29.980000 -8.146914 220.937210
vn -0.704180 -0.000000 -6.200777
v -30.230000 -0.700000 220.937210
vn -0.626352 -0.329563 -6.200095
v -30.373180 -0.119096 220.937210
vn -0.401516 -0.586317 -6.199693
v -30.769918 0.328730 220.937210
vn -0.084954 0.705756 -6.199775
v -31.329329 -1.940886 220.937210
vn -0.401516 0.586317 -6.199694
v -30.769918 -1.728730 220.937210
vn -0.626352 0.329563 -6.200095
v -30.373180 -1.280904 220.937210
vn 0.683949 0.166430 -6.200845
v -32.693676 -0.999145 220.937210
vn 0.529763 0.472380 -6.199767
v -32.415638 -1.528903 220.937210
vn 0.250205 0.665353 -6.199729
v -31.923256 -1.868770 220.937210
vn 0.683948 -0.166430 -6.200845
v -32.693676 -0.400855 220.937210
vn -2.974042 -3.129888 -0.065564
v -29.980000 8.000229 226.146271
vn -2.806484 -3.015754 0.707343
v -29.980000 7.958343 225.480499
vn -2.806488 -2.615380 1.659789
v -29.980000 7.699841 224.865555
vn -2.806494 -1.924059 2.427574
v -29.980000 7.253481 224.369827
vn -2.806497 -1.018706 2.925297
v -29.980000 6.668919 224.048462
vn -2.974034 -0.261970 3.119585
v -29.980000 6.011185 223.937210
vn 0.084954 -0.705757 6.199774
v -31.630671 0.540886 223.937210
vn -0.250205 -0.665354 6.199730
v -31.036743 0.468770 223.937210
vn -0.529763 -0.472380 6.199767
v -30.544361 0.128903 223.937210
vn 0.704182 -0.000000 6.200777
v -32.730000 -0.700000 223.937210
vn 0.626356 -0.329565 6.200094
v -32.586819 -0.119096 223.937210
vn 0.401515 -0.586316 6.199693
v -32.190083 0.328730 223.937210
vn -2.974034 0.261970 3.119592
v -29.980000 -7.411185 223.937210
vn 0.084954 0.705757 6.199775
v -31.630671 -1.940886 223.937210
vn 0.401515 0.586316 6.199694
v -32.190083 -1.728730 223.937210
vn 0.626356 0.329565 6.200094
v -32.586819 -1.280904 223.937210
vn -0.683945 0.166428 6.200847
v -30.266323 -0.999145 223.937210
vn -0.529763 0.472380 6.199767
v -30.544361 -1.528903 223.937210
vn -0.250205 0.665353 6.199730
v -31.036743 -1.868770 223.937210
vn -0.683945 -0.166428 6.200847
v -30.266323 -0.400855 223.937210
vn -2.958329 3.068300 -0.610328
v -29.980000 -10.135959 219.146271
vn -2.775076 2.752305 -1.402377
v -29.980000 -9.928928 219.845184
vn -2.775079 2.066939 -2.295562
v -29.980000 -9.485176 220.423492
vn -2.775075 1.107007 -2.883812
v -29.980000 -8.863650 220.804367
vn -2.974041 3.129888 -0.065563
v -29.980000 -9.400229 226.146271
vn -2.806484 3.015754 0.707344
v -29.980000 -9.358343 225.480499
vn -2.806488 2.615379 1.659789
v -29.980000 -9.099841 224.865555
vn -2.806495 1.924059 2.427575
v -29.980000 -8.653481 224.369827
vn -2.806497 1.018706 2.925297
v -29.980000 -8.068918 224.048462
vn 5.284597 -3.043629 0.936738
v -32.129520 -0.325000 223.437210
vn 4.839351 -2.096025 3.183455
v -32.226357 -0.367701 223.687210
vn 6.097466 -0.000000 0.913291
v -32.230000 -0.700000 223.437210
vn 5.273787 -0.000004 3.172290
v -32.296986 -0.700000 223.687210
vn 4.839348 2.096028 3.183457
v -32.226357 -1.032299 223.687210
vn 2.906793 -0.000002 5.410417
v -32.480000 -0.700000 223.870224
vn 2.674695 1.159288 5.408247
v -32.393547 -1.106737 223.870224
vn 3.549427 -3.907171 3.186591
v -32.026672 -0.092860 223.687210
vn 3.050209 -5.283138 0.950645
v -31.855000 -0.050481 223.437210
vn 1.608992 -5.027483 3.186588
v -31.732464 0.077001 223.687210
vn -0.006436 -6.098415 0.936734
v -31.480000 0.050000 223.437210
vn -0.604443 -5.239017 3.183451
v -31.394602 0.112512 223.687210
vn -3.048733 -5.280556 0.913293
v -31.105000 -0.050481 223.437210
vn -2.636892 -4.567230 3.172300
v -31.071507 0.007532 223.687210
vn -4.234897 -3.142972 3.183450
v -30.819044 -0.219787 223.687210
vn -2.380591 -1.692132 5.406950
v -30.670982 -0.112215 223.870224
vn -2.853640 -0.582772 5.408599
v -30.501852 -0.492088 223.870224
vn -2.853640 0.582772 5.408598
v -30.501852 -0.907912 223.870224
vn -2.380590 1.692134 5.406950
v -30.670982 -1.287785 223.870224
vn -1.486352 2.529567 5.403530
v -30.980000 -1.566025 223.870224
vn -0.312434 2.924883 5.401487
v -31.375471 -1.694522 223.870224
vn 0.921898 2.790529 5.402204
v -31.789017 -1.651057 223.870224
vn 1.979583 2.156730 5.405222
v -32.149132 -1.443145 223.870224
vn -5.278166 -3.054781 0.936724
v -30.830481 -0.325000 223.437210
vn -5.158422 -1.120317 3.186583
v -30.680866 -0.530139 223.687210
vn -6.100436 -0.000000 0.950629
v -30.730000 -0.700000 223.437210
vn -5.158421 1.120316 3.186584
v -30.680866 -0.869861 223.687210
vn -5.278167 3.054781 0.936724
v -30.830481 -1.075000 223.437210
vn -4.234896 3.142974 3.183451
v -30.819044 -1.180213 223.687210
vn -3.048733 5.280556 0.913293
v -31.105000 -1.349519 223.437210
vn -2.636893 4.567229 3.172299
v -31.071507 -1.407532 223.687210
vn -0.604443 5.239017 3.183451
v -31.394602 -1.512512 223.687210
vn -0.006436 6.098415 0.936734
v -31.480000 -1.450000 223.437210
vn 1.608991 5.027483 3.186589
v -31.732464 -1.477001 223.687210
vn 3.050209 5.283137 0.950645
v -31.855000 -1.349519 223.437210
vn 3.549427 3.907170 3.186592
v -32.026672 -1.307140 223.687210
vn 5.284598 3.043630 0.936738
v -32.129520 -1.075000 223.437210
vn -1.486352 -2.529568 5.403530
v -30.980000 0.166025 223.870224
vn -0.312434 -2.924884 5.401487
v -31.375471 0.294522 223.870224
vn 0.921899 -2.790529 5.402204
v -31.789017 0.251057 223.870224
vn 1.979583 -2.156730 5.405223
v -32.149132 0.043145 223.870224
vn 2.674695 -1.159285 5.408249
v -32.393547 -0.293263 223.870224
vn -5.284599 3.043637 -0.936734
v -30.830481 -1.075000 221.437210
vn -6.097463 0.000000 -0.913290
v -30.730000 -0.700000 221.437210
vn -5.284599 -3.043636 -0.936734
v -30.830481 -0.325000 221.437210
vn -3.050218 -5.283132 -0.950636
v -31.105000 -0.050481 221.437210
vn 0.006433 -6.098415 -0.936734
v -31.480000 0.050000 221.437210
vn 3.048724 -5.280561 -0.913301
v -31.855000 -0.050481 221.437210
vn 5.278167 -3.054773 -0.936721
v -32.129520 -0.325000 221.437210
vn 6.100441 -0.000000 -0.950622
v -32.230000 -0.700000 221.437210
vn 5.278166 3.054773 -0.936721
v -32.129520 -1.075000 221.437210
vn 3.048724 5.280561 -0.913301
v -31.855000 -1.349519 221.437210
vn 0.006433 6.098415 -0.936734
v -31.480000 -1.450000 221.437210
vn -3.050218 5.283132 -0.950636
v -31.105000 -1.349519 221.437210
vn -4.839346 -2.096040 -3.183452
v -30.733644 -0.367701 221.187210
vn -5.273784 -0.000003 -3.172293
v -30.663013 -0.700000 221.187210
vn -4.839344 2.096042 -3.183454
v -30.733644 -1.032299 221.187210
vn -2.906790 -0.000002 -5.410419
v -30.480000 -0.700000 221.004196
vn -2.674690 1.159291 -5.408247
v -30.566454 -1.106737 221.004196
vn -3.549432 -3.907169 -3.186585
v -30.933329 -0.092860 221.187210
vn -1.608987 -5.027483 -3.186587
v -31.227537 0.077001 221.187210
vn 0.604448 -5.239017 -3.183453
v -31.565399 0.112512 221.187210
vn 2.636896 -4.567229 -3.172303
v -31.888494 0.007532 221.187210
vn 4.234901 -3.142972 -3.183448
v -32.140957 -0.219787 221.187210
vn 2.380597 -1.692144 -5.406941
v -32.289017 -0.112215 221.004196
vn 2.853638 -0.582772 -5.408605
v -32.458149 -0.492088 221.004196
vn 2.853633 0.582775 -5.408607
v -32.458149 -0.907912 221.004196
vn 2.380596 1.692139 -5.406944
v -32.289017 -1.287785 221.004196
vn 1.486354 2.529573 -5.403525
v -31.980000 -1.566025 221.004196
vn 0.312433 2.924885 -5.401486
v -31.584528 -1.694522 221.004196
vn -0.921902 2.790524 -5.402207
v -31.170982 -1.651057 221.004196
vn -1.979583 2.156729 -5.405223
v -30.810869 -1.443145 221.004196
vn 5.158417 -1.120301 -3.186591
v -32.279133 -0.530139 221.187210
vn 5.158418 1.120308 -3.186587
v -32.279133 -0.869861 221.187210
vn 4.234908 3.142970 -3.183443
v -32.140957 -1.180213 221.187210
vn 2.636898 4.567229 -3.172302
v -31.888494 -1.407532 221.187210
vn 0.604448 5.239017 -3.183453
v -31.565399 -1.512512 221.187210
vn -1.608988 5.027483 -3.186586
v -31.227537 -1.477001 221.187210
vn -3.549431 3.907170 -3.186585
v -30.933329 -1.307140 221.187210
vn 1.486353 -2.529574 -5.403525
v -31.980000 0.166025 221.004196
vn 0.312433 -2.924885 -5.401486
v -31.584528 0.294522 221.004196
vn -0.921902 -2.790525 -5.402207
v -31.170982 0.251057 221.004196
vn -1.979583 -2.156729 -5.405222
v -30.810869 0.043145 221.004196
vn -2.674690 -1.159289 -5.408248
v -30.566454 -0.293263 221.004196
vn -3.049962 3.102805 -0.470642
v -29.980000 -8.696639 232.840485
vn -3.049963 -3.102805 -0.470641
v -29.980000 7.296638 232.840485
vn -3.244968 -3.099099 -0.488714
v -29.980000 8.928954 217.310043
vn 3.108752 3.131412 -0.245599
v -29.980000 -20.478802 217.168121
vn 3.106372 3.120953 -0.355209
v -29.980000 -20.228409 219.763809
vn 0.005346 6.240636 -0.722845
v -23.879999 -20.217918 219.855774
vn 3.107137 3.106441 -0.465440
v -29.980000 -19.889038 222.336441
vn 0.000047 6.212722 -0.932438
v -23.879999 -19.889038 222.336441
vn -0.008975 6.121271 -1.411018
v -23.879999 -19.086790 226.600677
vn 3.095696 3.027932 -0.834226
v -29.980000 -18.545290 228.757751
vn 1.345345 5.334495 0.112344
v -23.879999 -18.495367 228.937912
vn 3.092201 2.983803 -0.980060
v -29.980000 -17.898132 230.907242
vn 3.208355 2.951127 -1.071062
v -23.879999 -17.488850 232.095139
vn 3.086637 2.925581 -1.141614
v -29.980000 -17.146698 233.008591
vn 3.201848 2.864641 -1.285944
v -23.879999 -16.245678 235.139816
vn 3.083525 2.856982 -1.303324
v -29.980000 -16.284035 235.056015
vn 3.187485 2.791679 -1.439052
v -23.879999 -15.526789 236.616165
vn 3.084384 2.770145 -1.478769
v -29.980000 -15.300786 237.046997
vn 3.187153 2.719268 -1.571557
v -23.879999 -14.738051 238.060394
vn 3.081819 2.666511 -1.658096
v -29.980000 -14.189300 238.976624
vn 3.190496 2.637354 -1.705271
v -23.879999 -13.878843 239.467072
vn 3.042360 2.513593 -1.877857
v -29.980000 -12.950161 240.828568
vn 3.235053 2.507056 -1.887522
v -23.879999 -12.950161 240.828568
vn -0.012559 6.179241 -1.133237
v -23.879999 -19.574293 224.222672
vn -0.042829 6.161543 -1.227023
v -24.494072 -19.453442 224.863129
vn -0.014311 6.153234 -1.270375
v -25.208323 -19.347593 225.393890
vn -0.004194 6.145477 -1.307919
v -26.014292 -19.271526 225.759766
vn -0.000322 6.140213 -1.332530
v -26.896404 -19.239792 225.908859
vn 3.108121 3.060374 -0.707342
v -29.980000 -19.094524 226.566711
vn 0.003078 6.144394 -1.313045
v -27.786291 -19.261831 225.805542
vn 0.011542 6.151817 -1.277397
v -28.615656 -19.331564 225.472015
vn 0.036715 6.160080 -1.234996
v -29.345526 -19.433018 224.967621
vn 3.116919 3.089881 -0.565704
v -29.980000 -19.552687 224.340103
vn 3.042023 -2.530113 1.855659
v -23.879999 -20.056232 246.189301
vn 3.043732 -2.703555 1.592526
v -23.879999 -21.381781 244.176376
vn 3.045257 -2.849725 1.313309
v -23.879999 -22.498753 242.040634
vn 3.046574 -2.967145 1.020820
v -23.879999 -23.395884 239.803650
vn 3.047698 -3.054628 0.718008
v -23.879999 -24.064125 237.487961
vn 3.048626 -3.111284 0.407937
v -23.879999 -24.496740 235.116913
vn 2.326964 -3.546380 1.217527
v -23.879999 -24.689363 232.714447
vn 2.441056 0.209100 2.943418
v -23.879999 -21.342943 230.241928
vn 5.464329 1.030238 1.410076
v -23.879999 -21.303528 230.253235
vn 3.037923 1.439084 2.787443
v -23.879999 -22.165825 230.610580
vn 3.004019 1.785491 2.575203
v -23.879999 -22.993553 231.098755
vn 2.997527 2.147992 2.280803
v -23.879999 -23.832581 231.776642
vn 2.802378 1.822629 2.317555
v -23.879999 -21.294727 230.222534
vn 3.199736 1.234493 2.887374
v -23.879999 -19.912859 229.680710
vn 3.234009 1.453210 2.781454
v -23.879999 -19.210449 229.354874
vn 3.276774 2.272664 -2.158607
v -23.879999 -11.648501 242.399048
vn 3.276790 1.960994 -2.445215
v -23.879999 -10.147054 243.779785
vn 3.276777 1.613538 -2.687206
v -23.879999 -8.473214 244.945541
vn 3.276779 1.236651 -2.880152
v -23.879999 -6.657528 245.875076
vn 3.276787 0.837184 -3.020546
v -23.879999 -4.733130 246.551422
vn 3.276770 0.422452 -3.105820
v -23.879999 -2.735133 246.962219
vn 3.276795 -0.000000 -3.134417
v -23.879999 -0.700000 247.100006
vn 3.276770 -0.422452 -3.105820
v -23.879999 1.335133 246.962219
vn 3.276787 -0.837184 -3.020546
v -23.879999 3.333129 246.551422
vn 3.276779 -1.236651 -2.880152
v -23.879999 5.257529 245.875076
vn 3.276777 -1.613538 -2.687206
v -23.879999 7.073214 244.945541
vn 3.042022 2.530113 1.855659
v -23.879999 18.656233 246.189301
vn 3.276790 -1.960994 -2.445215
v -23.879999 8.747053 243.779785
vn 3.043732 2.703555 1.592526
v -23.879999 19.981781 244.176376
vn 3.276775 -2.272664 -2.158607
v -23.879999 10.248502 242.399048
vn 3.045258 2.849725 1.313309
v -23.879999 21.098753 242.040634
vn 3.235052 -2.507056 -1.887522
v -23.879999 11.550160 240.828568
vn 3.190497 -2.637354 -1.705271
v -23.879999 12.478844 239.467072
vn 3.046573 2.967145 1.020821
v -23.879999 21.995884 239.803650
vn 3.187152 -2.719268 -1.571557
v -23.879999 13.338051 238.060394
vn 3.047698 3.054628 0.718008
v -23.879999 22.664125 237.487961
vn 3.187486 -2.791679 -1.439053
v -23.879999 14.126789 236.616165
vn 3.201847 -2.864641 -1.285944
v -23.879999 14.845678 235.139816
vn 3.208355 -2.951127 -1.071062
v -23.879999 16.088850 232.095139
vn 2.326964 3.546380 1.217527
v -23.879999 23.289364 232.714447
vn 3.048626 3.111284 0.407937
v -23.879999 23.096741 235.116913
vn 1.345345 -5.334495 0.112345
v -23.879999 17.095367 228.937912
vn 3.234008 -1.453211 2.781454
v -23.879999 17.810450 229.354874
vn 3.199736 -1.234494 2.887374
v -23.879999 18.512859 229.680710
vn 5.463834 -1.030345 1.410684
v -23.879999 19.903528 230.253235
vn 2.802273 -1.822742 2.317379
v -23.879999 19.894726 230.222534
vn 2.444811 -0.206792 2.944446
v -23.879999 19.942944 230.241928
vn 3.038074 -1.439333 2.787332
v -23.879999 20.765825 230.610580
vn 3.004019 -1.785491 2.575203
v -23.879999 21.593554 231.098755
vn 2.997527 -2.147992 2.280803
v -23.879999 22.432581 231.776642
vn 3.276781 2.272662 2.158607
v -29.980000 10.175995 242.330185
vn 3.238345 2.509969 1.883237
v -29.980000 11.469034 240.770096
vn 3.042358 -2.513594 -1.877857
v -29.980000 11.550160 240.828568
vn 3.198142 2.648982 1.686583
v -29.980000 12.514996 239.225754
vn 3.081819 -2.666510 -1.658096
v -29.980000 12.789300 238.976624
vn 3.194992 2.738827 1.536640
v -29.980000 13.467299 237.631348
vn 3.084383 -2.770145 -1.478769
v -29.980000 13.900786 237.046997
vn 3.191718 2.816578 1.389279
v -29.980000 14.330029 235.990265
vn 3.083525 -2.856982 -1.303324
v -29.980000 14.884035 235.056015
vn 3.188376 2.882902 1.246132
v -29.980000 15.107272 234.305847
vn 3.086636 -2.925580 -1.141614
v -29.980000 15.746698 233.008591
vn 3.185051 2.938686 1.108519
v -29.980000 15.803111 232.581482
vn 3.092203 -2.983803 -0.980060
v -29.980000 16.498133 230.907242
vn 3.195792 2.992515 0.951824
v -29.980000 16.421631 230.820511
vn 3.095696 -3.027932 -0.834226
v -29.980000 17.145290 228.757751
vn 3.204549 3.051811 0.737816
v -29.980000 17.443050 227.202255
vn 3.108121 -3.060373 -0.707341
v -29.980000 17.694525 226.566711
vn 3.116923 -3.089882 -0.565703
v -29.980000 18.152685 224.340103
vn 3.197919 3.094669 0.532769
v -29.980000 18.204208 223.477982
vn 3.189074 3.120444 0.355544
v -29.980000 18.737782 219.674622
vn 3.180398 3.134055 0.208060
v -29.980000 19.076445 215.819077
vn 3.006412 -2.272664 -2.158607
v -29.980000 10.248502 242.399048
vn 3.276781 1.960997 2.445214
v -29.980000 8.684490 243.701767
vn 3.006396 -1.960994 -2.445215
v -29.980000 8.747053 243.779785
vn 3.276788 1.613540 2.687203
v -29.980000 7.021736 244.859818
vn 3.006410 -1.613538 -2.687206
v -29.980000 7.073214 244.945541
vn 3.276779 1.236641 2.880156
v -29.980000 5.218075 245.783188
vn 3.006406 -1.236651 -2.880152
v -29.980000 5.257529 245.875076
vn 3.276774 0.837193 3.020545
v -29.980000 3.306420 246.455048
vn 3.006396 -0.837183 -3.020546
v -29.980000 3.333129 246.551422
vn 3.276791 0.422453 3.105819
v -29.980000 1.321656 246.863144
vn 3.006417 -0.422452 -3.105820
v -29.980000 1.335133 246.962219
vn 3.276780 0.000000 3.134419
v -29.980000 -0.700000 247.000000
vn 3.006391 0.000000 -3.134417
v -29.980000 -0.700000 247.100006
vn 3.006417 0.422452 -3.105820
v -29.980000 -2.735133 246.962219
vn 3.276791 -0.422453 3.105818
v -29.980000 -2.721656 246.863144
vn 3.006399 0.837184 -3.020546
v -29.980000 -4.733130 246.551422
vn 3.276774 -0.837193 3.020545
v -29.980000 -4.706420 246.455048
vn 3.006405 1.236651 -2.880152
v -29.980000 -6.657528 245.875076
vn 3.276779 -1.236641 2.880156
v -29.980000 -6.618075 245.783188
vn 3.006408 1.613538 -2.687206
v -29.980000 -8.473214 244.945541
vn 3.276787 -1.613540 2.687203
v -29.980000 -8.421736 244.859818
vn 3.006393 1.960994 -2.445215
v -29.980000 -10.147054 243.779785
vn 3.276781 -1.960997 2.445214
v -29.980000 -10.084490 243.701767
vn 3.006411 2.272664 -2.158607
v -29.980000 -11.648501 242.399048
vn 3.276782 -2.272662 2.158608
v -29.980000 -11.575995 242.330185
vn 3.238345 -2.509970 1.883236
v -29.980000 -12.869034 240.770096
vn 3.198142 -2.648982 1.686583
v -29.980000 -13.914995 239.225754
vn 3.194992 -2.738826 1.536640
v -29.980000 -14.867299 237.631348
vn 3.191718 -2.816577 1.389279
v -29.980000 -15.730030 235.990265
vn 3.188376 -2.882902 1.246132
v -29.980000 -16.507273 234.305847
vn 3.185051 -2.938686 1.108518
v -29.980000 -17.203112 232.581482
vn 3.195791 -2.992515 0.951823
v -29.980000 -17.821630 230.820511
vn 3.203873 -3.051705 0.738328
v -29.980000 -18.843050 227.202255
vn 3.197384 -3.094764 0.532295
v -29.980000 -19.604208 223.477982
vn 3.189074 -3.120444 0.355544
v -29.980000 -20.137781 219.674622
vn 3.180398 -3.134055 0.208059
v -29.980000 -20.476444 215.819077
vn 1.504654 3.813305 3.681899
v -23.855104 -21.310688 230.228943
vn 1.514111 3.803606 3.697288
v -23.830305 -21.326759 230.235397
vn 0.177160 2.388423 5.788688
v -23.805597 -21.342943 230.241928
vn -2.958333 2.999584 -0.888520
v -29.980000 -8.409569 234.283676
vn -2.958338 2.787440 -1.420265
v -29.980000 -7.864304 235.650391
vn -2.958322 2.481934 -1.904459
v -29.980000 -7.079105 236.894867
vn -2.958348 2.093320 -2.324864
v -29.980000 -6.080269 237.975388
vn -2.958318 1.634591 -2.667409
v -29.980000 -4.901247 238.855820
vn -2.958349 1.121125 -2.920627
v -29.980000 -3.581524 239.506622
vn -2.958315 0.570106 -3.076026
v -29.980000 -2.165299 239.906052
vn -2.958352 -0.000000 -3.128416
v -29.980000 -0.700000 240.040680
vn -2.958315 -0.570106 -3.076026
v -29.980000 0.765299 239.906052
vn -2.958349 -1.121125 -2.920628
v -29.980000 2.181524 239.506622
vn -2.958318 -1.634591 -2.667409
v -29.980000 3.501247 238.855820
vn -2.958348 -2.093320 -2.324864
v -29.980000 4.680269 237.975388
vn -2.958322 -2.481934 -1.904459
v -29.980000 5.679105 236.894867
vn -2.958338 -2.787440 -1.420265
v -29.980000 6.464304 235.650391
vn -2.958333 -2.999584 -0.888519
v -29.980000 7.009569 234.283676
vn 2.035891 -5.643775 0.599778
v -27.702484 -24.175741 226.308746
vn 1.029525 -4.746731 -3.574791
v -27.347500 -23.527378 224.414062
vn -0.000001 -6.010623 0.491330
v -26.980000 -24.045918 226.345963
vn -1.029523 -4.746732 -3.574791
v -26.612501 -23.527378 224.414062
vn -2.035888 -5.643775 0.599777
v -26.257517 -24.175741 226.308746
vn -2.976320 -4.021430 -3.367320
v -25.927135 -23.782604 224.340866
vn -3.804627 -4.592406 0.897348
v -25.632608 -24.547680 226.202087
vn -4.498644 -2.687158 -2.984904
v -25.383966 -24.258587 224.204391
vn -5.047715 -3.008563 1.353464
v -25.189672 -25.111500 226.040421
vn -5.429724 -0.891137 -2.468958
v -25.056349 -24.891043 224.023026
vn -5.618914 -1.081685 1.904361
v -24.988531 -25.791054 225.845551
vn -5.620000 1.079877 -1.903377
v -24.988531 -25.594555 223.821304
vn -5.428075 0.891790 2.471049
v -25.056349 -26.494564 225.643829
vn -5.047721 3.008162 -1.353956
v -25.189672 -26.274109 223.626450
vn -4.498964 2.687386 2.984552
v -25.383966 -27.127020 225.462479
vn -3.804042 4.592721 -0.897637
v -25.632608 -26.837929 223.464767
vn -2.976169 4.021325 3.367467
v -25.927135 -27.603004 225.325989
vn -2.036054 5.643704 -0.599785
v -26.257517 -27.209866 223.358124
vn -1.029296 4.747157 3.574503
v -26.612501 -27.858231 225.252808
vn -0.000001 6.010544 -0.491588
v -26.980000 -27.339689 223.320892
vn 1.029298 4.747156 3.574504
v -27.347500 -27.858231 225.252808
vn 2.036057 5.643704 -0.599786
v -27.702484 -27.209866 223.358124
vn 2.976167 4.021326 3.367467
v -28.032864 -27.603004 225.325989
vn 3.804044 4.592718 -0.897636
v -28.327391 -26.837929 223.464767
vn 4.498961 2.687388 2.984555
v -28.576035 -27.127020 225.462479
vn 5.047721 3.008162 -1.353953
v -28.770327 -26.274109 223.626450
vn 5.428077 0.891783 2.471049
v -28.903652 -26.494564 225.643829
vn 5.620000 1.079881 -1.903373
v -28.971468 -25.594555 223.821304
vn 5.618914 -1.081690 1.904358
v -28.971468 -25.791054 225.845551
vn 5.429726 -0.891129 -2.468959
v -28.903652 -24.891043 224.023026
vn 5.047715 -3.008563 1.353462
v -28.770327 -25.111500 226.040421
vn 4.498642 -2.687161 -2.984908
v -28.576035 -24.258587 224.204391
vn 3.804629 -4.592404 0.897347
v -28.327391 -24.547680 226.202087
vn 2.976319 -4.021430 -3.367319
v -28.032864 -23.782604 224.340866
vn -1.584402 -1.298559 -1.400011
v -23.851265 -23.686296 229.569977
vn 1.584403 -1.298559 -1.400011
v -30.108734 -23.686296 229.569977
vn 1.119563 -1.635901 -1.501049
v -29.186745 -23.025505 229.759460
vn 0.574922 -1.846670 -1.560254
v -28.120621 -22.610941 229.878342
vn -0.000000 -1.916101 -1.577506
v -26.980000 -22.469675 229.918839
vn -0.574923 -1.846669 -1.560253
v -25.839378 -22.610941 229.878342
vn -1.119563 -1.635902 -1.501049
v -24.773256 -23.025505 229.759460
vn 1.507984 1.784433 3.774672
v -23.862730 -21.312569 230.250641
vn -0.012561 -6.179241 -1.133237
v -23.879999 18.174294 224.222672
vn -0.008977 -6.121271 -1.411018
v -23.879999 17.686790 226.600677
vn -0.042826 -6.161542 -1.227025
v -24.494072 18.053442 224.863129
vn -0.014310 -6.153234 -1.270378
v -25.208323 17.947592 225.393890
vn -0.004195 -6.145481 -1.307903
v -26.014292 17.871527 225.759766
vn -0.000322 -6.140212 -1.332529
v -26.896404 17.839792 225.908859
vn 0.003079 -6.144398 -1.313030
v -27.786291 17.861832 225.805542
vn 0.011542 -6.151816 -1.277398
v -28.615656 17.931562 225.472015
vn 0.036716 -6.160081 -1.234991
v -29.345526 18.033018 224.967621
vn 3.072224 3.136974 -0.130106
v -20.879999 23.279816 231.015900
vn 0.731464 0.405580 1.045951
v -20.879999 23.289364 232.714447
vn 3.093981 3.124944 -0.314225
v -20.879999 23.150152 229.322281
vn 3.175568 -3.107435 -0.458798
v -20.879999 18.527262 222.080063
vn 3.179634 -3.087402 -0.577807
v -20.879999 18.141504 224.399796
vn 3.185166 -3.060358 -0.706463
v -20.879999 17.666748 226.687897
vn 1.846583 -2.307682 0.973843
v -20.879999 17.095377 228.937912
vn 0.173132 -2.309120 5.822833
v -23.805597 19.942944 230.241928
vn 3.206386 -1.251229 2.879682
v -20.879999 20.190109 230.344330
vn 1.514111 -3.803605 3.697288
v -23.830305 19.926760 230.235397
vn 1.505197 -3.812955 3.681574
v -23.855104 19.910688 230.228943
vn 3.093844 -1.217160 2.895252
v -20.879999 18.662603 229.742813
vn 3.046105 -1.428720 2.793708
v -20.879999 17.886507 229.393555
vn 3.248466 -1.508546 2.750286
v -20.879999 20.951733 230.707672
vn 3.274470 -1.841088 2.536688
v -20.879999 21.718746 231.186783
vn 3.278667 -2.174557 2.256986
v -20.879999 22.496254 231.837189
vn -3.341734 -0.699717 -3.046036
v -29.980000 13.554156 212.089203
vn -3.342885 -1.310040 -2.837451
v -29.980000 12.382242 212.489212
vn -3.344023 -1.864554 -2.508026
v -29.980000 11.317403 213.121292
vn -3.345226 -2.339600 -2.071811
v -29.980000 10.404996 213.958496
vn -3.346442 -2.714975 -1.547387
v -29.980000 9.683885 214.965179
vn -3.347705 -2.974693 -0.957101
v -29.980000 9.184785 216.098450
vn -2.035888 5.643774 0.599778
v -26.257517 22.775742 226.308746
vn -1.029523 4.746731 -3.574791
v -26.612501 22.127378 224.414062
vn -0.000001 6.010623 0.491331
v -26.980000 22.645918 226.345963
vn 1.029525 4.746731 -3.574791
v -27.347500 22.127378 224.414062
vn 2.035891 5.643775 0.599779
v -27.702484 22.775742 226.308746
vn 2.976319 4.021430 -3.367319
v -28.032864 22.382605 224.340866
vn 3.804626 4.592406 0.897347
v -28.327391 23.147680 226.202087
vn 4.498641 2.687161 -2.984907
v -28.576035 22.858587 224.204391
vn 5.047715 3.008564 1.353462
v -28.770327 23.711498 226.040421
vn 5.429726 0.891129 -2.468958
v -28.903652 23.491043 224.023026
vn 5.618913 1.081688 1.904358
v -28.971468 24.391054 225.845551
vn 5.620000 -1.079881 -1.903373
v -28.971468 24.194555 223.821304
vn 5.428077 -0.891783 2.471049
v -28.903652 25.094564 225.643829
vn 5.047721 -3.008162 -1.353953
v -28.770327 24.874109 223.626450
vn 4.498959 -2.687391 2.984557
v -28.576035 25.727020 225.462479
vn 3.804044 -4.592719 -0.897637
v -28.327391 25.437929 223.464767
vn 2.976169 -4.021327 3.367464
v -28.032864 26.203003 225.325989
vn 2.036057 -5.643704 -0.599787
v -27.702484 25.809866 223.358124
vn 1.029303 -4.747155 3.574504
v -27.347500 26.458231 225.252808
vn -0.000001 -6.010544 -0.491588
v -26.980000 25.939690 223.320892
vn -1.029301 -4.747156 3.574504
v -26.612501 26.458231 225.252808
vn -2.036055 -5.643704 -0.599786
v -26.257517 25.809866 223.358124
vn -2.976171 -4.021327 3.367464
v -25.927135 26.203003 225.325989
vn -3.804042 -4.592721 -0.897638
v -25.632608 25.437929 223.464767
vn -4.498961 -2.687390 2.984554
v -25.383966 25.727020 225.462479
vn -5.047721 -3.008162 -1.353956
v -25.189672 24.874109 223.626450
vn -5.428075 -0.891789 2.471049
v -25.056349 25.094564 225.643829
vn -5.620000 -1.079877 -1.903377
v -24.988531 24.194555 223.821304
vn -5.618914 1.081683 1.904362
v -24.988531 24.391054 225.845551
vn -5.429724 0.891136 -2.468957
v -25.056349 23.491043 224.023026
vn -5.047715 3.008565 1.353464
v -25.189672 23.711498 226.040421
vn -4.498644 2.687158 -2.984904
v -25.383966 22.858587 224.204391
vn -3.804624 4.592409 0.897347
v -25.632608 23.147680 226.202087
vn -2.976320 4.021430 -3.367321
v -25.927135 22.382605 224.340866
vn 1.584402 1.298559 -1.400012
v -30.108734 22.286297 229.569977
vn -1.584401 1.298559 -1.400012
v -23.851265 22.286297 229.569977
vn -1.119565 1.635901 -1.501050
v -24.773256 21.625505 229.759460
vn -0.574922 1.846670 -1.560251
v -25.839378 21.210939 229.878342
vn 0.000000 1.916091 -1.577505
v -26.980000 21.069675 229.918839
vn 0.574921 1.846671 -1.560252
v -28.120621 21.210939 229.878342
vn 1.119565 1.635900 -1.501049
v -29.186745 21.625505 229.759460
vn 1.508619 -1.783799 3.775631
v -23.862730 19.912569 230.250641
vn -4.712389 -1.570796 1.570796
v -29.980000 1.000000 224.899994
vn -4.712389 1.570796 1.570796
v -29.980000 -2.400000 224.899994
vn -4.712389 1.570796 1.570796
v -29.980000 -7.200000 227.500000
vn -1.570796 1.570796 1.570796
v -29.980000 -2.400000 227.500000
vn -1.570796 -1.570796 1.570796
v -29.980000 1.000000 227.500000
vn -4.712389 -1.570796 1.570796
v -29.980000 5.800000 227.500000
vn -4.712389 -1.570796 -1.570796
v -29.980000 5.800000 229.500000
vn -1.570796 -1.570796 -1.570796
v -29.980000 1.000000 229.500000
vn -3.337943 -3.111410 -0.306449
v -29.980000 1.000000 232.000000
vn -3.534284 -2.846689 -1.179126
v -29.980000 0.870595 232.650558
vn -3.534298 -2.178766 -2.178746
v -29.980000 0.502082 233.202087
vn -3.534309 -1.179114 -2.846687
v -29.980000 -0.049438 233.570602
vn -3.534261 0.000000 -3.081236
v -29.980000 -0.700000 233.699997
vn -3.534309 1.179114 -2.846686
v -29.980000 -1.350562 233.570602
vn -3.534298 2.178766 -2.178746
v -29.980000 -1.902081 233.202087
vn -3.534284 2.846690 -1.179127
v -29.980000 -2.270595 232.650558
vn -3.337943 3.111410 -0.306449
v -29.980000 -2.400000 232.000000
vn -4.712389 1.570796 -1.570796
v -29.980000 -7.200000 229.500000
vn -1.570796 1.570796 -1.570796
v -29.980000 -2.400000 229.500000
vn -1.615372 1.640793 -1.569236
v -29.980000 -2.400000 213.974350
vn -1.553251 1.729186 -4.709349
v -23.980000 -2.400000 213.974350
vn -3.169999 0.185068 -3.135813
v -29.980000 -3.601057 213.920776
vn 0.099339 0.286162 -6.275352
v -19.180000 -3.217352 213.941483
vn 0.178271 0.504862 -6.258819
v -19.180000 -4.365026 213.868347
vn -0.005122 0.154529 -6.280885
v -19.180000 -1.995677 213.985367
vn -3.169089 0.000000 -3.141264
v -23.980000 -0.700000 214.000000
vn 0.125856 0.000000 -6.281168
v -19.180000 -0.700000 214.000000
vn -3.173408 0.282287 -3.128470
v -29.980000 -4.727681 213.837769
vn 0.179145 0.715354 -6.238141
v -19.180000 -5.438699 213.765945
vn -3.178059 0.392407 -3.116444
v -29.980000 -5.779872 213.725342
vn 0.162180 0.947380 -6.207675
v -19.180000 -6.438371 213.634277
vn -3.183631 0.518140 -3.097842
v -29.980000 -6.757629 213.583481
vn 0.110098 1.187978 -6.167783
v -19.180000 -7.364042 213.473358
vn -3.190409 0.662276 -3.070004
v -29.980000 -7.660954 213.412201
vn 0.147983 1.562816 -6.082357
v -19.180000 -8.215712 213.283188
vn -3.198608 0.827970 -3.029159
v -29.980000 -8.489846 213.211487
vn 0.123407 1.842803 -6.004490
v -19.180000 -8.993380 213.063766
vn -3.208381 1.018400 -2.970043
v -29.980000 -9.244305 212.981339
vn 0.157242 2.054911 -5.934175
v -19.167261 -9.291848 212.964981
vn 0.150207 2.260984 -5.858943
v -19.127069 -9.590406 212.856445
vn -3.221557 1.237435 -2.884854
v -29.980000 -9.924330 212.721771
vn 0.105418 2.351794 -5.824903
v -19.096283 -9.736864 212.799240
vn 0.180842 2.411206 -5.797916
v -19.058134 -9.881347 212.739975
vn -3.236459 1.483911 -2.765039
v -29.980000 -10.529922 212.432770
vn 0.102677 2.831028 -5.606362
v -20.091944 -10.584599 212.403229
vn 0.086988 3.348035 -5.314268
v -20.891893 -11.038941 212.129196
vn -3.251926 1.759413 -2.596903
v -29.980000 -11.061082 212.114334
vn 0.103950 3.914434 -4.910160
v -21.859257 -11.498158 211.783371
vn -3.268861 2.055096 -2.367709
v -29.980000 -11.517808 211.766479
vn 0.123566 4.520604 -4.356588
v -22.854984 -11.884038 211.407333
vn -3.285054 2.355852 -2.066065
v -29.980000 -11.900101 211.389206
vn 0.146845 5.112869 -3.640538
v -23.860804 -12.199836 210.995071
vn -3.298360 2.637632 -1.688816
v -29.980000 -12.207961 210.982498
vn 0.176283 5.648132 -2.731569
v -24.861412 -12.449693 210.527084
vn -3.303974 2.871157 -1.249467
v -29.980000 -12.441388 210.546356
vn -3.298641 3.034686 -0.773522
v -29.980000 -12.600382 210.080780
vn 0.179045 6.085220 -1.498448
v -25.827837 -12.626849 209.967545
vn -3.262241 3.088745 -0.389551
v -29.980000 -12.684943 209.585785
vn 0.009651 6.269252 -0.293098
v -26.706406 -12.700000 209.255630
vn -3.134228 3.526696 -0.479464
v -29.943922 -12.700000 209.255630
vn -0.099214 3.498111 3.117416
v -23.980000 -2.400000 215.085220
vn 4.712389 1.570795 -1.570796
v -23.980000 -2.400000 220.272079
vn 3.019613 0.720175 3.051445
v -23.980000 -4.603944 215.454330
vn 3.302701 0.871213 3.007771
v -23.980000 -3.899501 220.954041
vn 3.018605 1.114228 2.930555
v -23.980000 -6.740432 216.109329
vn 3.302701 1.342414 2.829068
v -23.980000 -5.629964 221.610321
vn 3.017545 1.489003 2.759023
v -23.980000 -8.772547 217.038925
vn 3.016355 1.838031 2.539803
v -23.980000 -10.665177 218.227005
vn 3.302699 1.778843 2.577095
v -23.980000 -7.232745 222.535690
vn 3.015110 2.155291 2.276685
v -23.980000 -12.385620 219.653091
vn 3.302697 2.169198 2.258380
v -23.980000 -8.666330 223.706177
vn 3.013772 2.435273 1.974234
v -23.980000 -13.904148 221.292511
vn 3.302704 2.503378 1.881169
v -23.980000 -9.893592 225.091461
vn 3.012331 2.673164 1.637649
v -23.980000 -15.194522 223.116928
vn 3.302698 2.772723 1.455235
v -23.980000 -10.882744 226.655685
vn 3.232168 2.709809 1.583187
v -23.980000 -16.234446 225.094864
vn 3.302701 2.970253 0.991616
v -23.980000 -11.608170 228.358322
vn 3.452704 2.314002 2.068356
v -23.980000 -16.690817 225.800873
vn 3.452735 1.569712 2.677435
v -23.980000 -17.341415 226.333298
vn 3.097391 -3.029917 0.827676
v -23.980000 -18.487993 228.588730
vn 3.452718 0.674681 3.029437
v -23.980000 -18.123766 226.640976
vn 1.384633 -4.502899 2.573657
v -23.980000 -18.962748 226.694382
vn 4.712389 -1.570795 -1.570796
v -23.980000 1.000000 220.272079
vn 3.302703 -0.126089 3.128866
v -23.980000 -0.236942 220.509323
vn 3.302699 0.377451 3.108574
v -23.980000 -2.086172 220.583847
vn -0.099214 -3.498111 3.117416
v -23.980000 1.000000 215.085220
vn 3.019613 -0.720175 3.051445
v -23.980000 3.203944 215.454330
vn 3.018606 -1.114228 2.930555
v -23.980000 5.340432 216.109329
vn 3.302700 -0.626365 3.068121
v -23.980000 1.600295 220.732407
vn 3.302700 -1.110414 2.927914
v -23.980000 3.377956 221.247314
vn 3.017545 -1.489002 2.759023
v -23.980000 7.372547 217.038925
vn 3.302697 -1.565701 2.711878
v -23.980000 5.050000 222.040710
vn 3.016355 -1.838032 2.539804
v -23.980000 9.265178 218.227005
vn 3.302701 -1.980439 2.425605
v -23.980000 6.573122 223.092041
vn 3.015110 -2.155292 2.276685
v -23.980000 10.985620 219.653091
vn 3.302701 -2.343889 2.076507
v -23.980000 7.907874 224.374084
vn 3.013773 -2.435274 1.974234
v -23.980000 12.504148 221.292511
vn 3.012330 -2.673164 1.637649
v -23.980000 13.794521 223.116928
vn 3.302701 -2.646634 1.673627
v -23.980000 9.019686 225.853638
vn 3.232169 -2.709809 1.583188
v -23.980000 14.834445 225.094864
vn 3.302697 -2.880829 1.227406
v -23.980000 9.879764 227.492386
vn 3.452702 -2.314002 2.068356
v -23.980000 15.290817 225.800873
vn 3.302701 -3.040412 0.749396
v -23.980000 10.465831 229.247864
vn 3.452736 -1.569712 2.677435
v -23.980000 15.941415 226.333298
vn 3.097390 3.029917 0.827677
v -23.980000 17.087994 228.588730
vn 3.452717 -0.674680 3.029437
v -23.980000 16.723766 226.640976
vn 1.382274 4.504450 2.565937
v -23.980000 17.562748 226.694382
vn 3.097077 2.994195 0.948494
v -23.980000 16.540295 230.451996
vn 3.302700 -3.121252 0.251973
v -23.980000 10.762709 231.074631
vn 3.097631 2.947265 1.085419
v -23.980000 15.915130 232.280457
vn 3.302700 -3.121252 -0.251973
v -23.980000 10.762709 232.925369
vn 3.094149 2.891148 1.226782
v -23.980000 15.207974 234.070358
vn 3.302701 -3.040412 -0.749396
v -23.980000 10.465831 234.752136
vn 3.090645 2.823897 1.374232
v -23.980000 14.414310 235.818008
vn 3.087221 2.744504 1.526356
v -23.980000 13.529613 237.519653
vn 3.302697 -2.880829 -1.227406
v -23.980000 9.879764 236.507614
vn 3.083934 2.652209 1.681375
v -23.980000 12.549361 239.171600
vn 3.302702 -2.646634 -1.673627
v -23.980000 9.019686 238.146362
vn 3.044240 2.510675 1.882194
v -23.980000 11.469034 240.770096
vn 3.302701 -2.343889 -2.076507
v -23.980000 7.907874 239.625916
vn 3.006405 2.272662 2.158607
v -23.980000 10.175995 242.330185
vn 3.302701 -1.980439 -2.425605
v -23.980000 6.573122 240.907959
vn 3.006405 1.960997 2.445214
v -23.980000 8.684490 243.701767
vn 3.302697 -1.565701 -2.711878
v -23.980000 5.050000 241.959290
vn 3.006399 1.613540 2.687203
v -23.980000 7.021736 244.859818
vn 3.006407 1.236641 2.880156
v -23.980000 5.218075 245.783188
vn 3.302700 -1.110414 -2.927914
v -23.980000 3.377956 242.752686
vn 3.006411 0.837193 3.020545
v -23.980000 3.306420 246.455048
vn 3.302700 -0.626365 -3.068121
v -23.980000 1.600295 243.267593
vn 3.006396 0.422453 3.105818
v -23.980000 1.321656 246.863144
vn 3.302703 -0.126089 -3.128866
v -23.980000 -0.236942 243.490677
vn 3.006409 0.000000 3.134419
v -23.980000 -0.700000 247.000000
vn 3.302698 0.377451 -3.108574
v -23.980000 -2.086172 243.416153
vn 3.006396 -0.422453 3.105818
v -23.980000 -2.721656 246.863144
vn 3.006411 -0.837193 3.020545
v -23.980000 -4.706420 246.455048
vn 3.302701 0.871213 -3.007771
v -23.980000 -3.899501 243.045959
vn 3.006407 -1.236641 2.880156
v -23.980000 -6.618075 245.783188
vn 3.302701 1.342414 -2.829068
v -23.980000 -5.629964 242.389679
vn 3.006399 -1.613540 2.687204
v -23.980000 -8.421736 244.859818
vn 3.302698 1.778843 -2.577095
v -23.980000 -7.232745 241.464310
vn 3.006406 -1.960997 2.445214
v -23.980000 -10.084490 243.701767
vn 3.302697 2.169198 -2.258380
v -23.980000 -8.666330 240.293823
vn 3.006404 -2.272662 2.158608
v -23.980000 -11.575995 242.330185
vn 3.044240 -2.510675 1.882193
v -23.980000 -12.869034 240.770096
vn 3.302704 2.503378 -1.881169
v -23.980000 -9.893592 238.908539
vn 3.083934 -2.652209 1.681375
v -23.980000 -13.949361 239.171600
vn 3.302699 2.772723 -1.455235
v -23.980000 -10.882744 237.344315
vn 3.087221 -2.744504 1.526357
v -23.980000 -14.929612 237.519653
vn 3.302700 2.970252 -0.991616
v -23.980000 -11.608170 235.641678
vn 3.090644 -2.823896 1.374233
v -23.980000 -15.814310 235.818008
vn 3.302699 3.090855 -0.502313
v -23.980000 -12.051078 233.844727
vn 3.094149 -2.891148 1.226782
v -23.980000 -16.607975 234.070358
vn 3.302700 3.131405 0.000000
v -23.980000 -12.200000 232.000000
vn 3.097631 -2.947265 1.085419
v -23.980000 -17.315130 232.280457
vn 3.302700 3.090855 0.502313
v -23.980000 -12.051078 230.155273
vn 3.097074 -2.994195 0.948493
v -23.980000 -17.940296 230.451996
vn -0.005122 -0.154529 -6.280886
v -19.180000 0.595677 213.985367
vn -1.553251 -1.729186 -4.709349
v -23.980000 1.000000 213.974350
vn 0.099339 -0.286162 -6.275352
v -19.180000 1.817352 213.941483
vn -3.169999 -0.185068 -3.135813
v -29.980000 2.201057 213.920776
vn 0.168266 -0.512694 -6.258588
v -19.180000 2.965026 213.868347
vn -3.173408 -0.282287 -3.128469
v -29.980000 3.327681 213.837769
vn 0.179158 -0.704751 -6.239340
v -19.180000 4.038700 213.765945
vn -3.178059 -0.392407 -3.116444
v -29.980000 4.379872 213.725342
vn 0.178618 -0.937704 -6.208726
v -19.180000 5.038371 213.634277
vn -3.183632 -0.518140 -3.097842
v -29.980000 5.357629 213.583481
vn 0.168913 -1.219220 -6.160122
v -19.180000 5.964042 213.473358
vn -3.190410 -0.662276 -3.070004
v -29.980000 6.260954 213.412201
vn 0.147984 -1.562815 -6.082358
v -19.180000 6.815711 213.283188
vn -3.198607 -0.827970 -3.029159
v -29.980000 7.089846 213.211487
vn 0.123406 -1.842800 -6.004490
v -19.180000 7.593380 213.063766
vn -3.208381 -1.018398 -2.970040
v -29.980000 7.844305 212.981339
vn 0.071566 -2.084789 -5.926346
v -19.167259 7.891850 212.964981
vn 0.131539 -2.232225 -5.870495
v -19.127069 8.190408 212.856445
vn -3.221558 -1.237435 -2.884853
v -29.980000 8.524330 212.721771
vn 0.105419 -2.351807 -5.824897
v -19.096283 8.336864 212.799240
vn 0.188099 -2.450793 -5.781139
v -19.058134 8.481346 212.739975
vn -3.236262 -1.483800 -2.765107
v -29.980000 9.129922 212.432770
vn 0.072758 -2.828604 -5.607868
v -20.091944 9.184599 212.403229
vn -3.251728 -1.759525 -2.596837
v -29.980000 9.661081 212.114334
vn 0.086609 -3.348670 -5.313886
v -20.891893 9.638942 212.129196
vn 0.103951 -3.914434 -4.910161
v -21.859257 10.098157 211.783371
vn -3.268860 -2.055094 -2.367711
v -29.980000 10.117807 211.766479
vn 0.123568 -4.520601 -4.356591
v -22.854984 10.484037 211.407333
vn -3.285055 -2.355850 -2.066066
v -29.980000 10.500101 211.389206
vn 0.140259 -5.127462 -3.618826
v -23.860804 10.799835 210.995071
vn -3.298147 -2.637563 -1.688943
v -29.980000 10.807961 210.982498
vn -3.303757 -2.871225 -1.249339
v -29.980000 11.041389 210.546356
vn -1.615372 -1.640793 -1.569236
v -29.980000 1.000000 213.974350
vn 0.158252 -5.670168 -2.682300
v -24.861412 11.049693 210.527084
vn -3.298643 -3.034687 -0.773519
v -29.980000 11.200382 210.080780
vn 0.176225 -6.085053 -1.499268
v -25.827837 11.226850 209.967545
vn -3.262234 -3.088744 -0.389552
v -29.980000 11.284943 209.585785
vn 0.009651 -6.269252 -0.293099
v -26.706406 11.300000 209.255630
vn -3.134229 -3.526710 -0.479470
v -29.943922 11.300000 209.255630
vn -3.123041 3.082330 -0.060598
v -29.980000 19.294657 209.585785
vn -4.712389 -1.570796 1.570796
v -29.980000 5.900000 215.772079
vn -1.570796 -1.570796 1.570796
v -29.980000 1.000000 215.772079
vn -4.712389 -1.570796 -1.570796
v -29.980000 5.900000 217.772079
vn -1.570796 -1.570796 -1.570796
v -29.980000 1.000000 217.772079
vn -4.712392 -1.570796 -1.570796
v -29.980000 1.000000 220.272079
vn -4.712392 1.570796 -1.570796
v -29.980000 -2.400000 220.272079
vn -1.570796 1.570796 -1.570796
v -29.980000 -2.400000 217.772079
vn -4.712389 1.570796 -1.570796
v -29.980000 -7.200000 217.772079
vn -4.712389 1.570796 1.570796
v -29.980000 -7.200000 215.772079
vn -1.570796 1.570796 1.570796
v -29.980000 -2.400000 215.772079
vn -3.123043 -3.082330 -0.060596
v -29.980000 -20.694656 209.585785
vn -1.517272 -3.665202 2.627990
v -26.980000 1.000000 215.906052
vn -0.406545 -3.403387 3.088070
v -27.480000 1.000000 215.772079
vn -3.034544 -3.665197 -0.000000
v -26.480000 1.000000 216.772079
vn -2.627998 -3.665184 1.517271
v -26.613976 1.000000 216.272079
vn -0.406545 -3.403388 -3.088071
v -27.480000 1.000000 217.772079
vn -1.517272 -3.665201 -2.627989
v -26.980000 1.000000 217.638107
vn -2.627998 -3.665184 -1.517271
v -26.613976 1.000000 217.272079
vn -0.406545 3.403387 3.088071
v -27.480000 -2.400000 215.772079
vn -1.517272 3.665202 2.627989
v -26.980000 -2.400000 215.906052
vn -2.627998 3.665184 1.517271
v -26.613976 -2.400000 216.272079
vn -3.034543 3.665197 -0.000000
v -26.480000 -2.400000 216.772079
vn -2.627998 3.665184 -1.517271
v -26.613976 -2.400000 217.272079
vn -1.517271 3.665201 -2.627989
v -26.980000 -2.400000 217.638107
vn -0.406545 3.403388 -3.088071
v -27.480000 -2.400000 217.772079
vn -0.406545 -2.879798 3.088071
v -27.480000 5.900000 215.772079
vn -1.517272 -2.617984 2.627989
v -26.980000 5.900000 215.906052
vn -2.627998 -2.618002 1.517271
v -26.613976 5.900000 216.272079
vn -3.034544 -2.617989 0.000000
v -26.480000 5.900000 216.772079
vn -2.627998 -2.618002 -1.517271
v -26.613976 5.900000 217.272079
vn -1.517272 -2.617984 -2.627990
v -26.980000 5.900000 217.638107
vn -0.406545 -2.879798 -3.088070
v -27.480000 5.900000 217.772079
vn -0.406545 2.879798 -3.088071
v -27.480000 -7.200000 217.772079
vn -1.517272 2.617984 -2.627989
v -26.980000 -7.200000 217.638107
vn -2.627998 2.618002 -1.517271
v -26.613976 -7.200000 217.272079
vn -3.034543 2.617989 0.000000
v -26.480000 -7.200000 216.772079
vn -2.627998 2.618002 1.517271
v -26.613976 -7.200000 216.272079
vn -1.517271 2.617984 2.627989
v -26.980000 -7.200000 215.906052
vn -0.406545 2.879798 3.088071
v -27.480000 -7.200000 215.772079
vn -1.051321 -4.073896 -3.355940
v -26.701559 -8.700000 229.127716
vn 4.448296 -1.517275 -1.977297
v -26.780001 -8.700000 229.127716
vn -3.819498 0.748102 -4.232660
v -26.701559 -7.200000 229.127716
vn 1.570796 4.712389 -1.570796
v -26.780001 -7.200000 229.127716
vn -1.744411 2.842527 -2.570810
v -26.919670 -7.200000 229.328262
vn -0.908935 2.846002 -2.971251
v -27.186972 -7.200000 229.456100
vn -0.232729 2.992885 -3.124257
v -27.480000 -7.200000 229.500000
vn -0.202443 3.012353 3.128493
v -27.480000 -7.200000 227.500000
vn -1.857963 2.216466 3.178933
v -26.780001 -7.200000 227.785858
vn -1.539366 2.883108 2.708509
v -26.985785 -7.200000 227.630661
vn -0.796462 2.882093 3.011839
v -27.224401 -7.200000 227.533218
vn -0.399816 3.392873 -3.089836
v -27.480000 -2.400000 229.500000
vn -0.399687 3.392617 3.089869
v -27.480000 -2.400000 227.500000
vn 4.458902 1.520600 -1.964722
v -26.780001 7.300000 229.127716
vn -1.061365 4.075920 -3.336815
v -26.701559 7.300000 229.127716
vn 1.570796 -4.712389 -1.570797
v -26.780001 5.800000 229.127716
vn -3.652076 -0.738773 -4.505689
v -26.701559 5.800000 229.127716
vn -1.744411 -2.842527 -2.570810
v -26.919670 5.800000 229.328262
vn -0.908935 -2.846002 -2.971251
v -27.186972 5.800000 229.456100
vn -0.232729 -2.992885 -3.124256
v -27.480000 5.800000 229.500000
vn -0.202443 -3.012353 3.128493
v -27.480000 5.800000 227.500000
vn -0.796461 -2.882093 3.011838
v -27.224401 5.800000 227.533218
vn -1.539366 -2.883108 2.708509
v -26.985785 5.800000 227.630661
vn -1.933039 -2.222687 3.077977
v -26.780001 5.800000 227.785858
vn -0.399687 -3.392617 3.089869
v -27.480000 1.000000 227.500000
vn -0.399816 -3.392873 -3.089836
v -27.480000 1.000000 229.500000
vn 2.964912 -3.079901 0.556709
v -26.180000 -9.055271 233.561874
vn 2.964533 -3.129876 -0.020578
v -26.180000 -9.200000 232.000000
vn 3.337942 -3.126465 0.000000
v -26.180000 -8.200000 232.000000
vn 2.964071 -3.072767 -0.596406
v -26.180000 -9.055271 230.438126
vn 3.337941 -3.066391 -0.609942
v -26.180000 -8.055889 230.536819
vn 3.054327 -2.935384 -1.100302
v -26.180000 -8.626014 228.929443
vn 3.337945 -2.888476 -1.196447
v -26.180000 -7.629097 229.129868
vn 2.979565 -2.637798 -1.690032
v -26.180000 -7.926846 227.525330
vn 3.337943 -2.599558 -1.736975
v -26.180000 -6.936022 227.833221
vn 2.958353 -2.298350 -2.126462
v -26.180000 -6.981576 226.273590
vn 3.337939 -2.210745 -2.210745
v -26.180000 -6.003301 226.696701
vn 2.952596 -1.870455 -2.511209
v -26.180000 -5.822394 225.216858
vn 3.337947 -1.736969 -2.599561
v -26.180000 -4.866777 225.763977
vn 2.947565 -1.381169 -2.810207
v -26.180000 -4.488776 224.391113
vn 3.337932 -1.196452 -2.888476
v -26.180000 -3.570126 225.070908
vn 2.943834 -0.846957 -3.014544
v -26.180000 -3.026135 223.824478
vn 3.337953 -0.609947 -3.066389
v -26.180000 -2.163177 224.644104
vn 2.941880 -0.285397 -3.118217
v -26.180000 -1.484281 223.536255
vn 3.337934 0.000000 -3.126466
v -26.180000 -0.700000 224.500000
vn 2.941880 0.285397 -3.118217
v -26.180000 0.084281 223.536255
vn 3.337954 0.609947 -3.066389
v -26.180000 0.763177 224.644104
vn 2.943834 0.846957 -3.014544
v -26.180000 1.626135 223.824478
vn 3.337933 1.196452 -2.888476
v -26.180000 2.170126 225.070908
vn 2.947565 1.381169 -2.810207
v -26.180000 3.088776 224.391113
vn 3.337946 1.736969 -2.599561
v -26.180000 3.466777 225.763977
vn 2.952596 1.870455 -2.511209
v -26.180000 4.422394 225.216858
vn 3.337939 2.210745 -2.210745
v -26.180000 4.603301 226.696701
vn 2.958353 2.298350 -2.126463
v -26.180000 5.581576 226.273590
vn 3.337942 2.599558 -1.736975
v -26.180000 5.536022 227.833221
vn 2.980347 2.636508 -1.692456
v -26.180000 6.526845 227.525330
vn 3.337944 2.888476 -1.196447
v -26.180000 6.229096 229.129868
vn 3.055427 2.936857 -1.097098
v -26.180000 7.226014 228.929443
vn 3.337942 3.066391 -0.609942
v -26.180000 6.655890 230.536819
vn 2.962183 3.072361 -0.597775
v -26.180000 7.655272 230.438126
vn 3.337942 3.126465 0.000000
v -26.180000 6.800000 232.000000
vn 2.964531 3.129876 -0.020577
v -26.180000 7.800000 232.000000
vn 2.964912 3.079901 0.556708
v -26.180000 7.655272 233.561874
vn 3.337941 3.066391 0.609942
v -26.180000 6.655890 233.463181
vn 2.965042 2.924288 1.115047
v -26.180000 7.226014 235.070557
vn 3.337944 2.888476 1.196447
v -26.180000 6.229096 234.870132
vn 2.964899 2.668281 1.635257
v -26.180000 6.526845 236.474670
vn 3.337942 2.599558 1.736975
v -26.180000 5.536022 236.166779
vn 2.964407 2.320577 2.099428
v -26.180000 5.581576 237.726410
vn 3.337939 2.210745 2.210745
v -26.180000 4.603301 237.303299
vn 2.963635 1.893075 2.491535
v -26.180000 4.422394 238.783142
vn 3.337946 1.736969 2.599561
v -26.180000 3.466777 238.236023
vn 2.962463 1.400390 2.798048
v -26.180000 3.088776 239.608887
vn 3.337933 1.196452 2.888476
v -26.180000 2.170126 238.929092
vn 2.960955 0.859463 3.008333
v -26.180000 1.626135 240.175522
vn 3.337954 0.609947 3.066389
v -26.180000 0.763177 239.355896
vn 2.958997 0.288864 3.115086
v -26.180000 0.084281 240.463745
vn 3.337934 -0.000000 3.126466
v -26.180000 -0.700000 239.500000
vn 2.958997 -0.288864 3.115086
v -26.180000 -1.484281 240.463745
vn 3.337954 -0.609947 3.066389
v -26.180000 -2.163177 239.355896
vn 2.960955 -0.859463 3.008333
v -26.180000 -3.026135 240.175522
vn 3.337932 -1.196452 2.888476
v -26.180000 -3.570126 238.929092
vn 2.962463 -1.400390 2.798048
v -26.180000 -4.488776 239.608887
vn 3.337947 -1.736969 2.599561
v -26.180000 -4.866777 238.236023
vn 2.963635 -1.893075 2.491535
v -26.180000 -5.822394 238.783142
vn 3.337939 -2.210745 2.210745
v -26.180000 -6.003301 237.303299
vn 2.964407 -2.320577 2.099428
v -26.180000 -6.981576 237.726410
vn 3.337943 -2.599558 1.736975
v -26.180000 -6.936022 236.166779
vn 2.964900 -2.668281 1.635257
v -26.180000 -7.926846 236.474670
vn 3.337945 -2.888476 1.196447
v -26.180000 -7.629097 234.870132
vn 2.965046 -2.924289 1.115047
v -26.180000 -8.626014 235.070557
vn 3.337941 -3.066391 0.609941
v -26.180000 -8.055889 233.463181
vn 2.945244 -3.066391 -0.609941
v -23.980000 -8.055889 230.536819
vn 2.945243 -3.126465 0.000000
v -23.980000 -8.200000 232.000000
vn 2.945245 -3.066391 0.609942
v -23.980000 -8.055889 233.463181
vn 2.945240 -2.888477 1.196447
v -23.980000 -7.629097 234.870132
vn 2.945240 -2.888477 -1.196447
v -23.980000 -7.629097 229.129868
vn 2.945243 -2.599558 -1.736975
v -23.980000 -6.936022 227.833221
vn 2.945247 -2.210745 -2.210745
v -23.980000 -6.003301 226.696701
vn 2.945239 -1.736969 -2.599561
v -23.980000 -4.866777 225.763977
vn 2.945253 -1.196452 -2.888476
v -23.980000 -3.570126 225.070908
vn 2.945232 -0.609947 -3.066388
v -23.980000 -2.163177 224.644104
vn 2.945252 -0.000000 -3.126467
v -23.980000 -0.700000 224.500000
vn 2.945232 0.609947 -3.066389
v -23.980000 0.763177 224.644104
vn 2.945253 1.196452 -2.888476
v -23.980000 2.170126 225.070908
vn 2.945239 1.736969 -2.599561
v -23.980000 3.466777 225.763977
vn 2.945246 2.210745 -2.210745
v -23.980000 4.603301 226.696701
vn 2.945243 2.599558 -1.736975
v -23.980000 5.536022 227.833221
vn 2.945241 2.888476 -1.196447
v -23.980000 6.229096 229.129868
vn 2.945244 3.066391 -0.609942
v -23.980000 6.655890 230.536819
vn 2.945243 3.126465 0.000000
v -23.980000 6.800000 232.000000
vn 2.945244 3.066391 0.609942
v -23.980000 6.655890 233.463181
vn 2.945241 2.888476 1.196447
v -23.980000 6.229096 234.870132
vn 2.945242 2.599558 1.736975
v -23.980000 5.536022 236.166779
vn 2.945246 2.210745 2.210745
v -23.980000 4.603301 237.303299
vn 2.945239 1.736969 2.599561
v -23.980000 3.466777 238.236023
vn 2.945253 1.196452 2.888476
v -23.980000 2.170126 238.929092
vn 2.945232 0.609947 3.066388
v -23.980000 0.763177 239.355896
vn 2.945252 0.000000 3.126467
v -23.980000 -0.700000 239.500000
vn 2.945232 -0.609947 3.066389
v -23.980000 -2.163177 239.355896
vn 2.945253 -1.196452 2.888476
v -23.980000 -3.570126 238.929092
vn 2.945239 -1.736969 2.599561
v -23.980000 -4.866777 238.236023
vn 2.945247 -2.210745 2.210745
v -23.980000 -6.003301 237.303299
vn 2.945242 -2.599558 1.736975
v -23.980000 -6.936022 236.166779
vn -1.519792 3.645682 -2.630312
v -26.980000 -2.400000 229.366028
vn -2.630740 3.648022 -1.518282
v -26.613976 -2.400000 229.000000
vn -2.815064 -3.230033 -2.350460
v -26.523779 -8.571424 228.792175
vn -3.036787 3.651830 0.001935
v -26.480000 -2.400000 228.500000
vn -2.590231 -3.042947 -1.522764
v -26.482292 -8.415559 228.433517
vn -2.656454 -3.072145 -0.438634
v -26.571270 -8.243496 228.082657
vn -2.632099 3.649300 1.515526
v -26.613976 -2.400000 228.000000
vn 3.676062 -2.200104 -0.202874
v -26.780001 -8.081802 227.785858
vn -1.519077 3.643673 2.631100
v -26.980000 -2.400000 227.633972
vn 3.321073 3.092504 -0.482702
v -26.780001 7.688333 230.626724
vn 3.319549 3.128782 0.086293
v -26.780001 7.798274 232.171310
vn 3.319039 3.061468 0.650645
v -26.780001 7.626175 233.710205
vn 3.318808 2.893279 1.193306
v -26.780001 7.177748 235.192352
vn 3.318858 2.629870 1.696422
v -26.780001 6.467875 236.568542
vn 3.319175 2.280023 2.143480
v -26.780001 5.520115 237.793106
vn 3.319889 1.855340 2.519830
v -26.780001 4.365923 238.825424
vn 3.320886 1.369850 2.813198
v -26.780001 3.043604 239.631210
vn 3.322326 0.839569 3.014017
v -26.780001 1.597042 240.183746
vn 3.324054 0.281927 3.115803
v -26.780001 0.074246 240.464661
vn 3.324054 -0.281927 3.115803
v -26.780001 -1.474246 240.464661
vn 3.322326 -0.839569 3.014017
v -26.780001 -2.997042 240.183746
vn 3.320885 -1.369850 2.813198
v -26.780001 -4.443604 239.631210
vn 3.319889 -1.855340 2.519830
v -26.780001 -5.765923 238.825424
vn 3.319175 -2.280023 2.143480
v -26.780001 -6.920115 237.793106
vn 3.318857 -2.629870 1.696422
v -26.780001 -7.867875 236.568542
vn 3.318813 -2.893278 1.193305
v -26.780001 -8.577748 235.192352
vn 3.319038 -3.061469 0.650645
v -26.780001 -9.026175 233.710205
vn 3.319552 -3.128781 0.086292
v -26.780001 -9.198274 232.171310
vn 3.320289 -3.092882 -0.481157
v -26.780001 -9.088332 230.626724
vn 3.333120 -2.427011 -1.978130
v -26.780001 -7.233472 226.562744
vn 3.340553 -2.042336 -2.373219
v -26.780001 -6.184782 225.506378
vn 3.347211 -1.592405 -2.695755
v -26.780001 -4.967891 224.649139
vn 3.352361 -1.091171 -2.934565
v -26.780001 -3.620118 224.017334
vn 3.355557 -0.554597 -3.081295
v -26.780001 -2.182795 223.630341
vn 3.356708 0.000000 -3.130780
v -26.780001 -0.700000 223.500000
vn 3.355557 0.554597 -3.081295
v -26.780001 0.782795 223.630341
vn 3.352360 1.091171 -2.934565
v -26.780001 2.220118 224.017334
vn 3.347212 1.592405 -2.695755
v -26.780001 3.567891 224.649139
vn 3.340553 2.042336 -2.373218
v -26.780001 4.784781 225.506378
vn 3.333120 2.427011 -1.978130
v -26.780001 5.833472 226.562744
vn 3.673695 2.204328 -0.206226
v -26.780001 6.681802 227.785858
vn -2.708773 3.069074 -0.456884
v -26.571270 6.843496 228.082657
vn -2.761534 3.101641 -1.460058
v -26.482292 7.015559 228.433517
vn -2.817191 3.225559 -2.346440
v -26.523779 7.171424 228.792175
vn -1.519076 -3.643674 2.631098
v -26.980000 1.000000 227.633972
vn -2.632089 -3.649325 1.515519
v -26.613976 1.000000 228.000000
vn -3.036787 -3.651831 0.001935
v -26.480000 1.000000 228.500000
vn -2.630739 -3.647969 -1.518281
v -26.613976 1.000000 229.000000
vn -1.519789 -3.645682 -2.630308
v -26.980000 1.000000 229.366028
vn 3.337942 3.111409 -0.306449
v -23.980000 -2.400000 232.000000
vn 4.712389 1.570797 1.570796
v -23.980000 -2.400000 224.899994
vn 4.712389 -1.570797 1.570796
v -23.980000 1.000000 224.899994
vn 3.337942 -3.111408 -0.306449
v -23.980000 1.000000 232.000000
vn 3.534283 -2.846690 -1.179126
v -23.980000 0.870595 232.650558
vn 3.534298 -2.178766 -2.178746
v -23.980000 0.502082 233.202087
vn 3.534308 -1.179114 -2.846686
v -23.980000 -0.049438 233.570602
vn 3.534261 -0.000000 -3.081236
v -23.980000 -0.700000 233.699997
vn 3.534308 1.179114 -2.846686
v -23.980000 -1.350562 233.570602
vn 3.534297 2.178766 -2.178746
v -23.980000 -1.902081 233.202087
vn 3.534283 2.846689 -1.179126
v -23.980000 -2.270595 232.650558
vn 2.980486 3.090855 0.502313
v -26.780001 -12.051078 230.155273
vn 2.980485 3.131405 0.000000
v -26.780001 -12.200000 232.000000
vn 2.980485 3.090855 -0.502313
v -26.780001 -12.051078 233.844727
vn 2.980485 2.970252 -0.991616
v -26.780001 -11.608170 235.641678
vn 2.980487 2.772723 -1.455235
v -26.780001 -10.882744 237.344315
vn 2.980481 2.503378 -1.881169
v -26.780001 -9.893592 238.908539
vn 2.980488 2.169198 -2.258380
v -26.780001 -8.666330 240.293823
vn 2.980487 1.778843 -2.577095
v -26.780001 -7.232745 241.464310
vn 2.980484 1.342414 -2.829068
v -26.780001 -5.629964 242.389679
vn 2.980484 0.871213 -3.007771
v -26.780001 -3.899501 243.045959
vn 2.980487 0.377451 -3.108574
v -26.780001 -2.086172 243.416153
vn 2.980483 -0.126089 -3.128866
v -26.780001 -0.236942 243.490677
vn 2.980485 -0.626365 -3.068121
v -26.780001 1.600295 243.267593
vn 2.980486 -1.110414 -2.927914
v -26.780001 3.377956 242.752686
vn 2.980488 -1.565701 -2.711878
v -26.780001 5.050000 241.959290
vn 2.980484 -1.980439 -2.425605
v -26.780001 6.573122 240.907959
vn 2.980484 -2.343889 -2.076507
v -26.780001 7.907874 239.625916
vn 2.980484 -2.646634 -1.673627
v -26.780001 9.019686 238.146362
vn 2.980488 -2.880829 -1.227406
v -26.780001 9.879764 236.507614
vn 2.980484 -3.040412 -0.749396
v -26.780001 10.465831 234.752136
vn 2.980485 -3.121252 -0.251973
v -26.780001 10.762709 232.925369
vn 2.980486 -3.121252 0.251973
v -26.780001 10.762709 231.074631
vn 2.980484 -3.040412 0.749396
v -26.780001 10.465831 229.247864
vn 2.980489 -2.880829 1.227406
v -26.780001 9.879764 227.492386
vn 2.980484 -2.646634 1.673627
v -26.780001 9.019686 225.853638
vn 2.980484 -2.343889 2.076507
v -26.780001 7.907874 224.374084
vn 2.980484 -1.980439 2.425605
v -26.780001 6.573122 223.092041
vn 2.980488 -1.565701 2.711878
v -26.780001 5.050000 222.040710
vn 2.980486 -1.110414 2.927914
v -26.780001 3.377956 221.247314
vn 2.980486 -0.626365 3.068121
v -26.780001 1.600295 220.732407
vn 2.980483 -0.126089 3.128866
v -26.780001 -0.236942 220.509323
vn 2.980487 0.377451 3.108574
v -26.780001 -2.086172 220.583847
vn 2.980484 0.871213 3.007771
v -26.780001 -3.899501 220.954041
vn 2.980484 1.342414 2.829068
v -26.780001 -5.629964 221.610321
vn 2.980487 1.778843 2.577095
v -26.780001 -7.232745 222.535690
vn 2.980488 2.169198 2.258380
v -26.780001 -8.666330 223.706177
vn 2.980481 2.503378 1.881169
v -26.780001 -9.893592 225.091461
vn 2.980487 2.772723 1.455235
v -26.780001 -10.882744 226.655685
vn 2.980485 2.970252 0.991616
v -26.780001 -11.608170 228.358322
vn -3.212540 0.110142 3.137826
v -23.980000 -1.267510 215.009476
vn -3.212540 -0.110142 3.137826
v -23.980000 -0.132490 215.009476
vn -3.294986 -2.328293 -3.939124
v -27.051067 15.180151 202.514725
vn -2.304564 3.068838 -2.131547
v -27.051067 19.299999 202.514725
vn -3.206875 -2.489661 -3.863230
v -25.253845 15.687944 200.717499
vn -3.257604 -2.585677 -3.673090
v -23.433764 16.036478 198.897415
vn -2.182408 3.107044 -2.259150
v -19.758175 19.299999 195.221832
vn -3.330223 -2.632035 -3.529116
v -21.597570 16.236094 197.061218
vn -3.318253 -2.629380 -3.476893
v -19.758175 16.299999 195.221832
vn -3.475124 -2.209586 -3.830249
v -27.736502 14.884893 203.274155
vn -2.549502 2.994057 -1.818953
v -28.116587 19.299999 203.772354
vn -3.698907 -2.130761 -3.632120
v -28.320803 14.483511 204.067032
vn -2.812474 2.991850 -1.377564
v -28.961037 19.299999 205.187943
vn -3.870717 -2.093682 -3.411585
v -28.803886 13.984009 204.874573
vn -4.103184 -1.980668 -3.197005
v -29.198256 13.393916 205.707047
vn -3.000793 2.991179 -0.895997
v -29.561472 19.299999 206.723022
vn -4.337118 -1.950644 -2.871877
v -29.516445 12.722896 206.575363
vn -4.629242 -2.028917 -2.307111
v -29.759182 12.050039 207.491669
vn -3.101267 3.006943 -0.412956
v -29.901581 19.299999 208.335892
vn -4.978658 -2.194989 -1.456436
v -29.919928 11.529671 208.491119
vn -4.243394 -2.839636 -0.665731
v -29.964497 11.370722 209.029129
vn -2.771999 2.879571 -1.115549
v -17.990000 -18.254276 218.695816
vn -2.771990 3.088100 0.000000
v -17.990000 -18.396086 217.937210
vn -2.771999 2.879571 1.115549
v -17.990000 -18.254276 217.178604
vn -2.771996 2.282145 2.080429
v -17.990000 -17.848003 216.522446
vn -2.771984 1.376490 2.764349
v -17.990000 -17.232136 216.057358
vn -2.771990 0.284921 3.074928
v -17.990000 -16.489849 215.846161
vn -2.772004 -0.845104 2.970217
v -17.990000 -15.721393 215.917374
vn -2.771991 -1.860991 2.464361
v -17.990000 -15.030553 216.261368
vn -2.771992 -2.625556 1.625676
v -17.990000 -14.510630 216.831696
vn -2.771994 -3.035520 0.567436
v -17.990000 -14.231842 217.551331
vn -2.771995 -3.035521 -0.567436
v -17.990000 -14.231842 218.323074
vn -2.771992 -2.625556 -1.625676
v -17.990000 -14.510630 219.042709
vn -2.772008 -1.861016 -2.464349
v -17.990000 -15.030553 219.613037
vn -2.771966 -0.845097 -2.970207
v -17.990000 -15.721393 219.957047
vn -2.772009 0.284952 -3.074931
v -17.990000 -16.489849 220.028244
vn -2.772001 1.376470 -2.764364
v -17.990000 -17.232136 219.817047
vn -2.771980 2.282125 -2.080444
v -17.990000 -17.848003 219.351974
vn -2.771999 -2.879571 1.115549
v -17.990000 16.854277 217.178604
vn -2.771990 -3.088100 -0.000000
v -17.990000 16.996086 217.937210
vn -2.771999 -2.879571 -1.115549
v -17.990000 16.854277 218.695816
vn -2.771980 -2.282125 -2.080444
v -17.990000 16.448004 219.351974
vn -2.772000 -1.376469 -2.764365
v -17.990000 15.832136 219.817047
vn -2.772009 -0.284951 -3.074931
v -17.990000 15.089849 220.028244
vn -2.771966 0.845097 -2.970207
v -17.990000 14.321393 219.957047
vn -2.772008 1.861015 -2.464349
v -17.990000 13.630552 219.613037
vn -2.771992 2.625556 -1.625676
v -17.990000 13.110629 219.042709
vn -2.771994 3.035520 -0.567436
v -17.990000 12.831841 218.323074
vn -2.771994 3.035521 0.567436
v -17.990000 12.831841 217.551331
vn -2.771992 2.625556 1.625676
v -17.990000 13.110629 216.831696
vn -2.771991 1.860990 2.464362
v -17.990000 13.630552 216.261368
vn -2.772004 0.845103 2.970217
v -17.990000 14.321393 215.917374
vn -2.771990 -0.284920 3.074928
v -17.990000 15.089849 215.846161
vn -2.771984 -1.376489 2.764349
v -17.990000 15.832136 216.057358
vn -2.771996 -2.282145 2.080429
v -17.990000 16.448004 216.522446
vn -4.243334 2.839660 -0.665728
v -29.964497 -12.770721 209.029129
vn -3.101266 -3.006943 -0.412954
v -29.901581 -20.700001 208.335892
vn -4.978656 2.194992 -1.456436
v -29.919928 -12.929670 208.491119
vn -4.629240 2.028918 -2.307112
v -29.759182 -13.450039 207.491669
vn -3.000793 -2.991179 -0.895997
v -29.561472 -20.700001 206.723022
vn -4.337116 1.950645 -2.871877
v -29.516445 -14.122895 206.575363
vn -4.103185 1.980668 -3.197005
v -29.198256 -14.793917 205.707047
vn -2.812474 -2.991850 -1.377565
v -28.961037 -20.700001 205.187943
vn -3.870719 2.093681 -3.411585
v -28.803886 -15.384009 204.874573
vn -3.698908 2.130760 -3.632120
v -28.320803 -15.883512 204.067032
vn -2.549502 -2.994057 -1.818952
v -28.116587 -20.700001 203.772354
vn -3.475122 2.209587 -3.830247
v -27.736502 -16.284893 203.274155
vn -2.304564 -3.068840 -2.131546
v -27.051067 -20.700001 202.514725
vn -3.281131 2.330611 -3.943750
v -27.051067 -16.580151 202.514725
vn -3.209541 2.499118 -3.847587
v -25.253845 -17.087944 200.717499
vn -3.257605 2.585677 -3.673091
v -23.433764 -17.436478 198.897415
vn -2.182408 -3.107044 -2.259150
v -19.758175 -20.700001 195.221832
vn -3.330223 2.632035 -3.529117
v -21.597570 -17.636093 197.061218
vn -3.318252 2.629379 -3.476896
v -19.758175 -17.700001 195.221832
vn 0.608806 2.241756 -5.829916
v -18.698063 -10.150276 212.649704
vn 0.346843 2.794745 -5.613145
v -19.799366 -10.792209 212.305557
vn 0.405765 3.367398 -5.284144
v -20.792622 -11.393446 211.903656
vn 0.470012 3.995448 -4.819288
v -21.786427 -11.875058 211.472519
vn 0.524399 4.564394 -4.277120
v -22.767248 -12.245632 211.015427
vn 0.642597 5.198868 -3.455803
v -23.700199 -12.509715 210.541855
vn 0.413282 5.631606 -2.745974
v -24.571865 -12.679974 210.045532
vn 0.273042 5.937243 -1.405773
v -24.529886 -12.700000 210.013779
vn 0.739115 2.468974 -5.726444
v -19.511539 -11.018000 212.229675
vn 1.019803 1.926076 -5.885451
v -18.341019 -10.433232 212.598938
vn 1.106028 2.174343 -5.786659
v -19.224709 -11.256611 212.179001
vn 3.760182 0.791202 -2.975909
v -17.990000 -10.727837 212.588104
vn 1.446694 1.865536 -5.819375
v -18.941362 -11.506233 212.154434
vn 1.808089 1.522574 -5.818319
v -18.665024 -11.763836 212.156433
vn 2.148825 1.343121 -5.714502
v -19.481792 -12.546331 211.651138
vn 2.142223 1.164765 -5.787973
v -18.396986 -12.028159 212.184875
vn 2.493781 0.786936 -5.705097
v -18.139477 -12.296911 212.239349
vn 4.164093 0.540463 -2.920473
v -17.990000 -11.750065 212.384735
vn 2.084395 4.480866 -1.478577
v -17.990000 -12.700000 212.259521
vn 0.886155 4.371155 -2.750698
v -20.116970 -12.700000 211.362381
vn 1.636284 2.240126 -5.633480
v -19.798195 -12.232771 211.662231
vn 1.471107 3.009680 -5.305852
v -21.015343 -12.479135 211.190765
vn 1.259284 2.629232 -5.560870
v -20.125404 -11.933372 211.708832
vn 0.844018 3.009330 -5.444970
v -20.458225 -11.652666 211.789932
vn 0.503194 5.241320 -2.280692
v -22.312614 -12.700000 210.657776
vn 0.978054 3.595459 -5.050741
v -21.399679 -12.159976 211.311722
vn 0.807045 4.238340 -4.566185
v -22.321190 -12.543025 210.801514
vn 0.466426 2.343096 -5.805174
v -18.699558 -9.829695 212.776062
vn 0.948299 2.346150 -5.743551
v -18.342882 -9.788591 212.836411
vn 3.585991 1.099935 -2.908225
v -17.990000 -10.073407 212.787231
vn 3.630029 0.913618 -2.964686
v -17.990000 -10.397132 212.676193
vn 3.693566 1.235385 -2.835182
v -17.990000 -9.758253 212.920670
vn 0.465868 1.824118 -5.991613
v -18.779919 -8.998211 213.079056
vn 0.686609 2.192036 -5.842594
v -18.566517 -9.424215 212.954651
vn 1.017485 1.851309 -5.914096
v -18.382402 -9.012672 213.124817
vn 3.761758 1.173240 -2.846557
v -17.990000 -9.581408 212.999496
vn 3.915768 1.111750 -2.834021
v -17.990000 -9.402044 213.072495
vn 3.827950 0.915275 -2.924631
v -17.990000 -9.036673 213.200760
vn 6.283185 0.000000 0.000000
v -17.990000 -9.222495 213.138809
vn 0.459293 0.000000 -6.263014
v -18.779919 -0.700000 214.016037
vn 0.686603 0.372968 -6.227870
v -18.593090 -4.066519 213.925293
vn 0.746122 0.702088 -6.191085
v -18.593090 -5.405965 213.804443
vn 0.766477 1.040658 -6.142721
v -18.593090 -6.688056 213.630096
vn 0.725603 1.421137 -6.070020
v -18.593090 -7.897157 213.394958
vn 1.005560 0.010931 -6.199017
v -18.382402 -0.700000 214.064026
vn 3.753496 0.216393 -3.073045
v -17.990000 -4.361125 214.012726
vn 3.738256 0.327092 -3.066728
v -17.990000 -5.287060 213.927200
vn 3.828057 0.009807 -3.064690
v -17.990000 -0.700000 214.143677
vn 3.751109 0.459253 -3.046993
v -17.990000 -6.415952 213.783234
vn 3.765725 0.656544 -3.007065
v -17.990000 -7.707239 213.548965
vn 0.273058 -5.937224 -1.405809
v -24.529886 11.300000 210.013779
vn 0.433041 -5.605319 -2.800655
v -24.571865 11.279973 210.045532
vn 0.652128 -5.185927 -3.473942
v -23.700199 11.109715 210.541855
vn 0.537306 -5.270837 -2.245919
v -22.312614 11.300000 210.657776
vn 0.886156 -4.371155 -2.750699
v -20.116970 11.300000 211.362381
vn 1.456218 -3.042708 -5.289815
v -21.015343 11.079134 211.190765
vn 0.953891 -4.238288 -4.536058
v -22.321190 11.143025 210.801514
vn 0.557624 -4.562467 -4.274315
v -22.767248 10.845633 211.015427
vn 0.482066 -3.937117 -4.866509
v -21.786427 10.475059 211.472519
vn 0.415710 -3.320880 -5.313267
v -20.792622 9.993445 211.903656
vn 0.329888 -2.710688 -5.655186
v -19.799366 9.392209 212.305557
vn 0.631945 -2.242821 -5.828111
v -18.698063 8.750277 212.649704
vn 0.710524 -2.441220 -5.742288
v -19.511539 9.617999 212.229675
vn 1.021207 -1.941653 -5.880645
v -18.341019 9.033233 212.598938
vn 1.068715 -2.154093 -5.801375
v -19.224709 9.856611 212.179001
vn 1.429526 -1.837321 -5.832532
v -18.941362 10.106234 212.154434
vn 1.248286 -2.651587 -5.552944
v -20.125404 10.533371 211.708832
vn 1.644568 -2.254392 -5.625423
v -19.798195 10.832771 211.662231
vn 2.149533 -1.350175 -5.711938
v -19.481792 11.146331 211.651138
vn 2.084398 -4.480553 -1.479128
v -17.990002 11.300000 212.259521
vn 2.493788 -0.786931 -5.705094
v -18.139477 10.896912 212.239349
vn 4.164093 -0.540463 -2.920473
v -17.990000 10.350065 212.384735
vn 2.142224 -1.164765 -5.787973
v -18.396986 10.628160 212.184875
vn 3.771963 -0.792299 -2.973086
v -17.990000 9.327837 212.588104
vn 1.800454 -1.521957 -5.820859
v -18.665024 10.363836 212.156433
vn 0.957130 -3.595597 -5.055882
v -21.399679 10.759976 211.311722
vn 0.827873 -3.002137 -5.452260
v -20.458225 10.252666 211.789932
vn 0.466424 -2.343097 -5.805175
v -18.699558 8.429695 212.776062
vn 0.948293 -2.346141 -5.743556
v -18.342882 8.388591 212.836411
vn 3.585984 -1.099933 -2.908226
v -17.990000 8.673408 212.787231
vn 3.630029 -0.913618 -2.964686
v -17.990000 8.997132 212.676193
vn 3.693588 -1.235367 -2.835188
v -17.990000 8.358253 212.920670
vn 0.740250 -2.190467 -5.836464
v -18.566517 8.024215 212.954651
vn 0.474204 -1.849402 -5.982898
v -18.779919 7.598211 213.079056
vn 1.007046 -1.804450 -5.930577
v -18.382402 7.612672 213.124817
vn 3.757646 -1.069466 -2.888213
v -17.990000 8.002034 213.072495
vn 3.844220 -0.895470 -2.926569
v -17.990000 7.636672 213.200760
vn 6.283182 0.000000 0.000000
v -17.990000 7.822491 213.138809
vn 3.727828 -1.217180 -2.835998
v -17.990000 8.181402 212.999496
vn 0.704277 -1.444178 -6.067686
v -18.593090 6.497158 213.394958
vn 0.731798 -1.019414 -6.149273
v -18.593090 5.288057 213.630096
vn 0.749177 -0.694062 -6.191643
v -18.593090 4.005966 213.804443
vn 0.699418 -0.383201 -6.225530
v -18.593090 2.666520 213.925293
vn 3.771533 -0.666362 -3.003436
v -17.990000 6.306686 213.549088
vn 3.751110 -0.459162 -3.047008
v -17.990000 5.015241 213.783340
vn 3.735441 -0.329993 -3.066991
v -17.990000 3.886866 213.927216
vn 3.748533 -0.217531 -3.074068
v -17.990000 2.955937 214.013290
vn -3.987695 2.599503 -1.546636
v -17.990000 -13.610807 202.086548
vn -1.622805 5.058410 -3.350110
v -18.886974 -13.253233 203.145325
vn -1.045072 5.848997 -1.020633
v -17.990000 -12.700000 203.549225
vn -1.478827 4.895229 -3.646446
v -19.822371 -13.137044 203.718643
vn -0.696224 5.569606 -1.867578
v -19.790411 -12.700000 204.268661
vn -1.350501 4.710744 -3.927991
v -20.732056 -13.003297 204.224823
vn -1.297684 4.522344 -4.162101
v -21.611137 -12.855004 204.673248
vn -1.458346 4.761021 -3.826682
v -21.461525 -13.576741 203.790726
vn -1.393699 4.596442 -4.047493
v -22.341154 -13.428620 204.280701
vn -1.657389 4.848620 -3.631768
v -22.920464 -14.723631 202.922546
vn -1.619961 4.688995 -3.851380
v -23.801188 -14.575851 203.495605
vn -1.858334 4.920352 -3.434728
v -24.512835 -15.975415 201.974960
vn -1.863628 4.752621 -3.661943
v -25.394756 -15.828010 202.638702
vn -1.876289 4.622089 -3.817768
v -26.227610 -15.668915 203.257172
vn -1.956834 4.443339 -3.985740
v -27.240995 -15.447444 204.011871
vn -2.085082 4.286382 -4.091431
v -28.159105 -15.217537 204.717529
vn -2.118977 4.271061 -4.087333
v -28.975771 -14.985818 205.390503
vn -1.982526 3.948820 -4.463855
v -27.442511 -13.733430 205.797546
vn -2.303253 3.826567 -4.416395
v -28.177111 -13.507238 206.342758
vn -0.918462 4.925696 -2.415391
v -26.731571 -12.700000 206.337067
vn -1.093002 4.920633 -2.345917
v -27.471209 -12.700000 206.655319
vn -1.307696 4.980793 -2.182832
v -28.147400 -12.700000 207.017227
vn -3.012704 3.963176 -3.827213
v -29.075596 -13.187490 207.194351
vn -3.359463 4.107361 -3.347289
v -29.416561 -13.045417 207.646851
vn -3.833129 4.163708 -2.667546
v -29.680483 -12.919169 208.127991
vn -1.817316 5.142384 -1.593144
v -29.287298 -12.700000 207.953384
vn -2.008436 5.292860 -1.086429
v -29.697466 -12.700000 208.564102
vn -4.087973 4.469191 -1.460990
v -29.903751 -12.782543 208.816071
vn -1.825347 5.177396 -3.050695
v -18.638712 -13.921749 201.944534
vn -4.108438 2.640457 -1.400446
v -17.990000 -14.480911 200.491135
vn -1.911856 5.202981 -2.954635
v -20.054607 -15.067550 200.842499
vn -2.044007 5.276141 -2.728419
v -19.036907 -15.139154 200.001724
vn -2.110633 5.273707 -2.683294
v -20.549143 -16.389441 198.722382
vn -2.222667 5.313642 -2.508418
v -19.462885 -16.434370 197.723587
vn -4.283852 2.661752 -1.216500
v -17.990000 -16.137140 196.990005
vn -4.198513 2.663968 -1.286523
v -17.990000 -15.319843 198.784973
vn -2.017854 5.211199 -2.870163
v -21.600000 -16.318144 199.639664
vn -1.809043 5.107651 -3.176658
v -21.043530 -14.972448 201.604126
vn -1.678984 5.070769 -3.303440
v -19.605825 -13.826304 202.631592
vn -1.557128 4.929878 -3.565431
v -20.548256 -13.710302 203.244019
vn -1.942680 5.136957 -3.049767
v -22.612724 -16.223417 200.482697
vn -1.889340 5.022552 -3.266665
v -23.584579 -16.108196 201.258698
vn -1.550608 5.030859 -1.968947
v -28.755487 -12.700000 207.440170
vn -0.761970 5.024263 -2.396190
v -25.123650 -12.700000 205.797440
vn -1.789362 4.137089 -4.376050
v -26.602406 -13.964828 205.241272
vn -0.641330 5.377289 -2.111791
v -21.611582 -12.700000 204.836426
vn -1.329993 4.154815 -4.519158
v -24.221094 -13.046995 205.245316
vn -1.449334 3.868065 -4.732166
v -25.176149 -12.817090 205.721115
vn -1.665872 4.284803 -4.277326
v -25.665014 -14.194734 204.655563
vn -1.321332 4.419826 -4.263808
v -23.182667 -13.268937 204.722870
vn -1.606694 4.503224 -4.071150
v -24.638561 -14.416451 204.022064
vn -1.721560 4.989404 -3.404505
v -22.000029 -14.856819 202.294769
vn -3.135910 2.613411 -3.599921
v -19.202341 -17.700001 194.703140
vn -4.239367 2.659022 -1.262251
v -17.990000 -16.835798 195.491882
vn -2.871000 2.616357 -3.808530
v -18.612011 -17.700001 194.224106
vn -5.459038 0.877518 -1.729974
v -17.990000 -17.700001 193.786972
vn -0.001151 -6.282813 0.048175
v -17.990000 -20.700001 208.335892
vn -3.179644 -3.138632 0.120608
v -17.990000 -20.619488 212.983780
vn -3.190569 -3.128430 0.275147
v -17.990000 -20.340532 217.623657
vn -3.187722 -3.109113 0.444101
v -17.990000 -19.806995 222.209259
vn -3.180148 -3.086588 0.582167
v -17.990000 -19.427219 224.467270
vn -4.570352 -1.437923 1.888319
v -17.990000 -18.962748 226.694382
vn -3.452718 0.674681 3.029437
v -17.990000 -18.123766 226.640976
vn -3.452735 1.569712 2.677435
v -17.990000 -17.341415 226.333298
vn -3.452704 2.314002 2.068356
v -17.990000 -16.690817 225.800873
vn -3.233137 2.710798 1.581302
v -17.990000 -16.234446 225.094864
vn -4.570353 1.437923 1.888318
v -17.990000 17.562748 226.694382
vn -3.180305 3.086582 0.582193
v -17.990000 18.027220 224.467270
vn -3.187722 3.109113 0.444101
v -17.990000 18.406996 222.209259
vn -3.190565 3.128430 0.275147
v -17.990000 18.940531 217.623657
vn -3.179652 3.138631 0.120608
v -17.990000 19.219488 212.983780
vn -0.001132 6.282812 0.048173
v -17.990000 19.299999 208.335892
vn -3.233138 -2.710796 1.581303
v -17.990000 14.834445 225.094864
vn -3.452703 -2.314003 2.068357
v -17.990000 15.290817 225.800873
vn -3.452737 -1.569712 2.677435
v -17.990000 15.941415 226.333298
vn -3.452717 -0.674681 3.029438
v -17.990000 16.723766 226.640976
vn -3.014273 2.679156 1.628361
v -17.990000 -15.225403 223.167526
vn -3.015700 2.449320 1.957221
v -17.990000 -13.978486 221.384827
vn -3.017066 2.179365 2.254038
v -17.990000 -12.514114 219.775986
vn -3.018325 1.873698 2.513954
v -17.990000 -10.856270 218.367310
vn -3.019513 1.537318 2.732715
v -17.990000 -9.032103 217.181900
vn -3.020606 1.175744 2.906723
v -17.990000 -7.071485 216.239151
vn -3.021629 0.794885 3.033132
v -17.990000 -5.006525 215.554520
vn -3.023208 0.401509 3.109822
v -17.990000 -2.871039 215.139206
vn -3.026470 0.000000 3.135697
v -17.990000 -0.700000 215.000000
vn -3.023208 -0.401509 3.109821
v -17.990000 1.471039 215.139206
vn -3.021629 -0.794885 3.033132
v -17.990000 3.606525 215.554520
vn -3.020606 -1.175744 2.906723
v -17.990000 5.671485 216.239151
vn -3.019513 -1.537318 2.732715
v -17.990000 7.632102 217.181900
vn -3.018326 -1.873697 2.513954
v -17.990000 9.456270 218.367310
vn -3.017066 -2.179365 2.254037
v -17.990000 11.114115 219.775986
vn -3.015701 -2.449320 1.957221
v -17.990000 12.578485 221.384827
vn -3.014273 -2.679156 1.628361
v -17.990000 13.825402 223.167526
vn -2.473981 -4.099804 -1.285169
v -17.990000 -20.700001 193.786972
vn -1.892959 -3.072484 -2.504901
v -18.612011 -20.700001 194.224106
vn -2.061462 -3.072442 -2.368160
v -19.202341 -20.700001 194.703140
vn -4.283854 -2.661751 -1.216498
v -17.990000 14.737140 196.990005
vn -2.222542 -5.317034 -2.501580
v -19.462885 15.034371 197.723587
vn -4.208851 -2.662499 -1.280984
v -17.990000 13.919844 198.784973
vn -2.104354 -5.283542 -2.669440
v -20.549143 14.989441 198.722382
vn -4.115467 -2.639949 -1.396384
v -17.990000 13.080911 200.491135
vn -2.006224 -5.256644 -2.796258
v -19.036907 13.739154 200.001724
vn -1.924931 -5.203043 -2.947849
v -20.054607 13.667549 200.842499
vn -2.006666 -5.226347 -2.851206
v -21.600000 14.918145 199.639664
vn -1.927567 -5.157691 -3.025395
v -22.612724 14.823419 200.482697
vn -1.870498 -5.049269 -3.237161
v -23.584579 14.708197 201.258698
vn -1.787947 -4.970493 -3.400833
v -24.512835 14.575416 201.974960
vn -1.725276 -4.993739 -3.399263
v -22.000029 13.456820 202.294769
vn -1.660802 -4.853483 -3.627052
v -22.920464 13.323631 202.922546
vn -1.568174 -4.926894 -3.568054
v -20.548256 12.310303 203.244019
vn -1.470385 -4.757021 -3.830804
v -21.461525 12.176742 203.790726
vn -1.491577 -4.874597 -3.670409
v -19.822371 11.737044 203.718643
vn -1.362053 -4.665043 -3.978952
v -20.732056 11.603296 204.224823
vn -0.694730 -5.569809 -1.867819
v -19.790411 11.300000 204.268661
vn -0.651577 -5.383330 -2.102149
v -21.611582 11.300000 204.836426
vn -4.000691 -2.593567 -1.549468
v -17.990000 12.210808 202.086548
vn -1.791105 -5.150333 -3.120689
v -18.638712 12.521749 201.944534
vn -1.813036 -5.111249 -3.171133
v -21.043530 13.572449 201.604126
vn -1.694145 -5.067667 -3.303164
v -19.605825 12.426305 202.631592
vn -1.047452 -5.846547 -1.023269
v -17.990000 11.300000 203.549225
vn -1.547831 -5.012116 -3.458327
v -18.886974 11.853233 203.145325
vn -0.757719 -5.021519 -2.399955
v -25.123650 11.300000 205.797440
vn -1.363673 -4.078471 -4.579857
v -24.221094 11.646995 205.245316
vn -1.354819 -4.365969 -4.309660
v -23.182667 11.868937 204.722870
vn -1.400210 -4.557778 -4.090649
v -22.341154 12.028620 204.280701
vn -1.618253 -4.517043 -4.055647
v -24.638561 13.016450 204.022064
vn -1.623038 -4.694090 -3.847397
v -23.801188 13.175852 203.495605
vn -1.847988 -4.676527 -3.766702
v -26.227610 14.268914 203.257172
vn -1.828127 -4.850126 -3.548954
v -25.394756 14.428009 202.638702
vn -1.514672 -3.815960 -4.756040
v -25.176149 11.417089 205.721115
vn -0.945341 -4.988990 -2.356615
v -26.731571 11.300000 206.337067
vn -1.787053 -4.001936 -4.499229
v -26.602406 12.564827 205.241272
vn -2.053473 -3.849171 -4.520975
v -27.442511 12.333430 205.797546
vn -2.079690 -4.283412 -4.095697
v -28.975771 13.585817 205.390503
vn -2.303253 -3.826567 -4.416394
v -28.177111 12.107238 206.342758
vn -1.093001 -4.920635 -2.345916
v -27.471209 11.300000 206.655319
vn -1.307695 -4.980794 -2.182831
v -28.147400 11.300000 207.017227
vn -1.550607 -5.030861 -1.968945
v -28.755487 11.300000 207.440170
vn -3.012704 -3.963177 -3.827213
v -29.075596 11.787490 207.194351
vn -3.359462 -4.107363 -3.347289
v -29.416561 11.645417 207.646851
vn -1.817313 -5.142385 -1.593144
v -29.287298 11.300000 207.953384
vn -3.833129 -4.163708 -2.667544
v -29.680483 11.519169 208.127991
vn -2.008433 -5.292862 -1.086429
v -29.697466 11.300000 208.564102
vn -4.087977 -4.469180 -1.460984
v -29.903751 11.382543 208.816071
vn -2.040236 -4.356709 -4.040919
v -28.159105 13.817537 204.717529
vn -1.917751 -4.507704 -3.933836
v -27.240995 14.047443 204.011871
vn -1.319562 -4.479388 -4.202246
v -21.611137 11.455004 204.673248
vn -1.669209 -4.291005 -4.274412
v -25.665014 12.794733 204.655563
vn -5.459027 -0.877518 -1.729973
v -17.990000 16.299999 193.786972
vn -4.239358 -2.659024 -1.262252
v -17.990000 15.435799 195.491882
vn -2.870999 -2.616359 -3.808528
v -18.612011 16.299999 194.224106
vn -3.135908 -2.613412 -3.599920
v -19.202341 16.299999 194.703140
vn -2.473993 4.099804 -1.285169
v -17.990000 19.299999 193.786972
vn -1.892959 3.072484 -2.504901
v -18.612011 19.299999 194.224106
vn -2.061462 3.072442 -2.368160
v -19.202341 19.299999 194.703140
vn 2.363015 2.186953 -1.351586
v -17.990000 -12.700000 212.264526
vn 4.231913 0.427976 -2.914551
v -17.990000 -11.754239 212.387680
vn 4.149059 0.716893 -2.887219
v -17.990000 -10.736478 212.588379
vn 4.204700 0.851347 -2.830024
v -17.990000 -10.402530 212.676849
vn 4.179680 1.055367 -2.769774
v -17.990000 -10.075674 212.788727
vn 4.130242 1.189665 -2.734306
v -17.990000 -9.757546 212.923431
vn 4.065938 1.164987 -2.766973
v -17.990000 -9.581068 213.002151
vn 4.042867 1.090231 -2.804862
v -17.990000 -9.402068 213.075043
vn 4.102015 1.026536 -2.809023
v -17.990000 -9.222808 213.141281
vn 4.119649 0.841004 -2.863400
v -17.990000 -9.037414 213.203110
vn 4.030036 0.629014 -2.945666
v -17.990000 -7.708060 213.551315
vn 4.056451 0.458203 -2.969654
v -17.990000 -6.416816 213.785583
vn 4.072829 0.319218 -2.983078
v -17.990000 -5.287841 213.929581
vn 4.060234 0.213636 -2.996012
v -17.990000 -4.361731 214.015137
vn 4.118268 0.000021 -2.984656
v -17.990000 -0.700000 214.146133
vn 4.059219 -0.213368 -2.996307
v -17.990000 2.956528 214.015717
vn 3.902913 -0.368668 -3.025412
v -17.990000 3.887643 213.929611
vn 4.058322 -0.438002 -2.972007
v -17.990000 5.016102 213.785690
vn 4.046805 -0.642953 -2.937731
v -17.990000 6.307506 213.551437
vn 4.119708 -0.840897 -2.863414
v -17.990000 7.637414 213.203110
vn 4.101920 -1.026483 -2.809073
v -17.990000 7.822803 213.141296
vn 4.042837 -1.090231 -2.804872
v -17.990000 8.002058 213.075058
vn 4.021048 -1.192874 -2.769803
v -17.990000 8.181064 213.002167
vn 4.109899 -1.172843 -2.748790
v -17.990000 8.357547 212.923431
vn 4.179699 -1.055368 -2.769773
v -17.990000 8.675673 212.788727
vn 4.204692 -0.851346 -2.830024
v -17.990000 9.002529 212.676849
vn 4.149059 -0.716893 -2.887220
v -17.990000 9.336478 212.588379
vn 4.231913 -0.427975 -2.914551
v -17.990000 10.354239 212.387680
vn 2.363015 -2.187416 -1.352232
v -17.990000 11.300000 212.264526
vn -3.511189 -3.088102 0.000000
v -17.990000 16.896086 217.937210
vn -3.511192 -2.879569 1.115548
v -17.990000 16.761030 217.214722
vn -3.511195 -2.282131 2.080444
v -17.990000 16.374104 216.589813
vn -3.511189 -1.376479 2.764358
v -17.990000 15.787562 216.146881
vn -3.511181 -0.284948 3.074931
v -17.990000 15.080622 215.945740
vn -3.511207 0.845092 2.970214
v -17.990000 14.348760 216.013550
vn -3.511183 1.861002 2.464358
v -17.990000 13.690816 216.341171
vn -3.511194 2.625555 1.625680
v -17.990000 13.195651 216.884338
vn -3.511192 3.035521 0.567438
v -17.990000 12.930140 217.569702
vn -3.511192 3.035521 -0.567437
v -17.990000 12.930140 218.304703
vn -3.511180 2.625569 -1.625663
v -17.990000 13.195651 218.990067
vn -3.511216 1.860990 -2.464354
v -17.990000 13.690816 219.533249
vn -3.511167 0.845099 -2.970224
v -17.990000 14.348760 219.860855
vn -3.511202 -0.284915 -3.074928
v -17.990000 15.080622 219.928680
vn -3.511205 -1.376501 -2.764344
v -17.990000 15.787562 219.727539
vn -3.511168 -2.282142 -2.080442
v -17.990000 16.374104 219.284592
vn -3.511204 -2.879561 -1.115563
v -17.990000 16.761030 218.659698
vn -3.322690 -1.700810 -2.305701
v -17.990000 16.299999 193.780457
vn -4.082134 -2.668258 -1.365720
v -17.990000 15.815672 194.720383
vn -4.146341 -2.669971 -1.315716
v -17.990000 15.399373 195.558594
vn -4.215227 -2.670208 -1.259609
v -17.990000 15.039835 196.313629
vn -2.316305 2.065313 -1.382612
v -17.990000 19.299999 193.780457
vn -4.287824 -2.661445 -1.213416
v -17.990000 14.728301 197.000000
vn -4.192212 -2.645159 -1.329146
v -17.990000 13.157017 200.334366
vn -4.117905 -2.598572 -1.470136
v -17.990000 12.276849 201.965393
vn -2.891511 -3.006693 -0.596914
v -17.990000 11.300000 203.544617
vn -3.117521 -3.124565 0.324451
v -17.990000 -19.875278 226.143387
vn -3.112784 -3.114798 0.406931
v -17.990000 -19.556740 228.888931
vn -3.293815 3.027616 0.801333
v -17.990000 -10.851467 229.317139
vn -3.298376 2.855590 1.285374
v -17.990000 -10.277010 227.695251
vn -3.120958 -3.131097 0.254536
v -17.990000 -20.137850 223.279633
vn -3.115283 -3.136104 0.180973
v -17.990000 -20.346991 220.330475
vn -3.111321 -3.139880 0.092181
v -17.990000 -20.615131 214.307144
vn -3.289728 3.118159 0.295619
v -17.990000 -11.153326 231.011078
vn -3.004325 -3.063402 0.662387
v -17.990000 -19.179695 231.483444
vn -2.900291 -2.869845 1.220910
v -17.990000 -18.845247 232.639633
vn -3.291982 3.123733 -0.224919
v -17.990000 -11.174483 232.731567
vn -2.900290 -2.494942 1.871336
v -17.990000 -18.244198 233.682404
vn -2.900287 -1.975465 2.413331
v -17.990000 -17.411375 234.551331
vn -2.900290 -1.341519 2.815486
v -17.990000 -16.395037 235.196060
vn -2.910522 -0.636716 3.053890
v -17.990000 -15.254072 235.579239
vn -2.923102 0.116554 3.118372
v -17.990000 -14.054597 235.678665
vn -3.032703 0.689580 3.059616
v -17.990000 -12.866115 235.488571
vn -2.969396 3.123211 -0.205357
v -17.990000 -10.914370 234.432419
vn -2.887398 1.231736 2.862491
v -17.990000 -11.262950 235.028870
vn -2.633157 2.926654 0.824672
v -17.990000 -10.919510 234.683853
vn -2.633123 2.154948 2.145112
v -17.990000 -11.046404 234.900986
vn -3.301338 2.608180 1.732839
v -17.990000 -9.445382 226.188950
vn -3.301963 2.290076 2.135556
v -17.990000 -8.378916 224.838699
vn -3.302626 1.910458 2.480905
v -17.990000 -7.106247 223.680740
vn -3.303279 1.479542 2.759601
v -17.990000 -5.661552 222.746185
vn -3.303947 1.008885 2.964166
v -17.990000 -4.083624 222.060120
vn -3.304619 0.511140 3.089103
v -17.990000 -2.414836 221.640976
vn -3.304957 -0.000000 3.131081
v -17.990000 -0.700000 221.500000
vn -3.304619 -0.511141 3.089103
v -17.990000 1.014836 221.640976
vn -3.303947 -1.008885 2.964166
v -17.990000 2.683624 222.060120
vn -3.303279 -1.479542 2.759601
v -17.990000 4.261552 222.746185
vn -3.302627 -1.910459 2.480905
v -17.990000 5.706247 223.680740
vn -3.301964 -2.290076 2.135556
v -17.990000 6.978916 224.838699
vn -3.301338 -2.608180 1.732840
v -17.990000 8.045382 226.188950
vn -3.292114 -2.853909 1.290015
v -17.990000 8.877010 227.695251
vn -3.279559 -3.028052 0.802875
v -17.990000 9.451467 229.317139
vn -3.112783 3.114798 0.406931
v -17.990000 18.156740 228.888931
vn -3.274316 -3.119041 0.293627
v -17.990000 9.753326 231.011078
vn -3.004325 3.063402 0.662387
v -17.990000 17.779696 231.483444
vn -2.900291 2.869845 1.220910
v -17.990000 17.445248 232.639633
vn -3.276768 -3.124955 -0.219609
v -17.990000 9.774484 232.731567
vn -2.900290 2.494942 1.871336
v -17.990000 16.844198 233.682404
vn -2.900287 1.975464 2.413332
v -17.990000 16.011375 234.551331
vn -2.900291 1.341518 2.815486
v -17.990000 14.995036 235.196060
vn -2.910388 0.636621 3.053897
v -17.990000 13.854073 235.579239
vn -2.923927 -0.115825 3.118461
v -17.990000 12.654597 235.678665
vn -3.033574 -0.690204 3.059508
v -17.990000 11.466115 235.488571
vn -2.954538 -3.121568 -0.215629
v -17.990000 9.514370 234.432419
vn -2.887396 -1.231739 2.862490
v -17.990000 9.862949 235.028870
vn -2.633151 -2.926651 0.824671
v -17.990000 9.519509 234.683853
vn -2.633128 -2.154948 2.145114
v -17.990000 9.646404 234.900986
vn -3.117521 3.124565 0.324451
v -17.990000 18.475279 226.143387
vn -3.120958 3.131097 0.254536
v -17.990000 18.737850 223.279633
vn -3.115286 3.136104 0.180973
v -17.990000 18.946991 220.330475
vn -3.111320 3.139880 0.092181
v -17.990000 19.215132 214.307144
vn -3.511192 2.879570 1.115549
v -17.990000 -18.161030 217.214722
vn -3.511189 3.088102 -0.000000
v -17.990000 -18.296085 217.937210
vn -3.511194 2.282131 2.080442
v -17.990000 -17.774103 216.589813
vn -3.511191 1.376480 2.764359
v -17.990000 -17.187563 216.146881
vn -3.511181 0.284947 3.074931
v -17.990000 -16.480621 215.945740
vn -3.511208 -0.845093 2.970213
v -17.990000 -15.748759 216.013550
vn -3.511182 -1.861002 2.464359
v -17.990000 -15.090816 216.341171
vn -3.511195 -2.625554 1.625681
v -17.990000 -14.595651 216.884338
vn -3.511192 -3.035521 0.567437
v -17.990000 -14.330139 217.569702
vn -3.511192 -3.035521 -0.567438
v -17.990000 -14.330139 218.304703
vn -3.511181 -2.625568 -1.625664
v -17.990000 -14.595651 218.990067
vn -3.511215 -1.860991 -2.464356
v -17.990000 -15.090816 219.533249
vn -3.511168 -0.845099 -2.970223
v -17.990000 -15.748759 219.860855
vn -3.511202 0.284915 -3.074928
v -17.990000 -16.480621 219.928680
vn -3.511207 1.376501 -2.764343
v -17.990000 -17.187563 219.727539
vn -3.511168 2.282143 -2.080441
v -17.990000 -17.774103 219.284592
vn -3.511204 2.879560 -1.115563
v -17.990000 -18.161030 218.659698
vn 3.511204 2.879561 -1.115563
v -5.990000 -18.161030 218.659698
vn 2.771999 2.879570 -1.115548
v -5.990000 -18.254276 218.695816
vn 3.511189 3.088102 0.000000
v -5.990000 -18.296085 217.937210
vn 2.771990 3.088100 0.000000
v -5.990000 -18.396086 217.937210
vn 2.771999 2.879571 1.115549
v -5.990000 -18.254276 217.178604
vn 2.771980 2.282126 -2.080445
v -5.990000 -17.848003 219.351974
vn 3.511168 2.282143 -2.080442
v -5.990000 -17.774103 219.284592
vn 2.772000 1.376470 -2.764364
v -5.990000 -17.232136 219.817047
vn 3.511207 1.376501 -2.764343
v -5.990000 -17.187563 219.727539
vn 2.772009 0.284952 -3.074931
v -5.990000 -16.489849 220.028244
vn 3.511202 0.284915 -3.074928
v -5.990000 -16.480621 219.928680
vn 3.511168 -0.845099 -2.970223
v -5.990000 -15.748759 219.860855
vn 2.771966 -0.845097 -2.970206
v -5.990000 -15.721393 219.957047
vn 3.511215 -1.860990 -2.464355
v -5.990000 -15.090816 219.533249
vn 2.772008 -1.861015 -2.464349
v -5.990000 -15.030553 219.613037
vn 3.511181 -2.625568 -1.625664
v -5.990000 -14.595651 218.990067
vn 2.771992 -2.625556 -1.625676
v -5.990000 -14.510630 219.042709
vn 3.511192 -3.035521 -0.567437
v -5.990000 -14.330139 218.304703
vn 2.771995 -3.035521 -0.567436
v -5.990000 -14.231842 218.323074
vn 3.511192 -3.035521 0.567438
v -5.990000 -14.330139 217.569702
vn 2.771994 -3.035520 0.567436
v -5.990000 -14.231842 217.551331
vn 2.771992 -2.625556 1.625676
v -5.990000 -14.510630 216.831696
vn 3.511195 -2.625554 1.625681
v -5.990000 -14.595651 216.884338
vn 2.771990 -1.860991 2.464361
v -5.990000 -15.030553 216.261368
vn 3.511182 -1.861002 2.464359
v -5.990000 -15.090816 216.341171
vn 2.772004 -0.845103 2.970216
v -5.990000 -15.721393 215.917374
vn 3.511207 -0.845093 2.970213
v -5.990000 -15.748759 216.013550
vn 2.771990 0.284921 3.074928
v -5.990000 -16.489849 215.846161
vn 3.511181 0.284947 3.074931
v -5.990000 -16.480621 215.945740
vn 3.511191 1.376480 2.764357
v -5.990000 -17.187563 216.146881
vn 2.771984 1.376490 2.764350
v -5.990000 -17.232136 216.057358
vn 3.511194 2.282132 2.080443
v -5.990000 -17.774103 216.589813
vn 2.771996 2.282145 2.080429
v -5.990000 -17.848003 216.522446
vn 3.511192 2.879569 1.115548
v -5.990000 -18.161030 217.214722
vn 3.511192 -2.879570 1.115549
v -5.990000 16.761030 217.214722
vn 2.771999 -2.879570 1.115548
v -5.990000 16.854277 217.178604
vn 3.511189 -3.088102 -0.000000
v -5.990000 16.896086 217.937210
vn 2.771990 -3.088100 -0.000000
v -5.990000 16.996086 217.937210
vn 2.771999 -2.879571 -1.115549
v -5.990000 16.854277 218.695816
vn 2.771996 -2.282146 2.080430
v -5.990000 16.448004 216.522446
vn 3.511195 -2.282130 2.080442
v -5.990000 16.374104 216.589813
vn 2.771984 -1.376489 2.764349
v -5.990000 15.832136 216.057358
vn 3.511189 -1.376480 2.764359
v -5.990000 15.787562 216.146881
vn 2.771990 -0.284920 3.074928
v -5.990000 15.089849 215.846161
vn 3.511181 -0.284947 3.074931
v -5.990000 15.080622 215.945740
vn 3.511207 0.845092 2.970213
v -5.990000 14.348760 216.013550
vn 2.772004 0.845103 2.970217
v -5.990000 14.321393 215.917374
vn 3.511183 1.861002 2.464358
v -5.990000 13.690816 216.341171
vn 2.771991 1.860990 2.464362
v -5.990000 13.630552 216.261368
vn 3.511194 2.625555 1.625679
v -5.990000 13.195651 216.884338
vn 2.771992 2.625556 1.625676
v -5.990000 13.110629 216.831696
vn 3.511192 3.035521 0.567437
v -5.990000 12.930140 217.569702
vn 2.771994 3.035521 0.567436
v -5.990000 12.831841 217.551331
vn 2.771994 3.035520 -0.567436
v -5.990000 12.831841 218.323074
vn 3.511192 3.035521 -0.567438
v -5.990000 12.930140 218.304703
vn 2.771992 2.625556 -1.625676
v -5.990000 13.110629 219.042709
vn 3.511180 2.625569 -1.625663
v -5.990000 13.195651 218.990067
vn 2.772008 1.861015 -2.464350
v -5.990000 13.630552 219.613037
vn 3.511216 1.860991 -2.464355
v -5.990000 13.690816 219.533249
vn 2.771966 0.845097 -2.970207
v -5.990000 14.321393 219.957047
vn 3.511167 0.845098 -2.970224
v -5.990000 14.348760 219.860855
vn 2.772009 -0.284951 -3.074931
v -5.990000 15.089849 220.028244
vn 3.511202 -0.284915 -3.074928
v -5.990000 15.080622 219.928680
vn 3.511205 -1.376501 -2.764343
v -5.990000 15.787562 219.727539
vn 2.772000 -1.376470 -2.764365
v -5.990000 15.832136 219.817047
vn 3.511168 -2.282142 -2.080442
v -5.990000 16.374104 219.284592
vn 2.771980 -2.282125 -2.080444
v -5.990000 16.448004 219.351974
vn 3.511204 -2.879560 -1.115563
v -5.990000 16.761030 218.659698
vn 0.001151 -6.282813 0.048175
v -5.990000 -20.700001 208.335892
vn 3.179644 -3.138632 0.120608
v -5.990000 -20.619488 212.983780
vn 3.111321 -3.139880 0.092181
v -5.990000 -20.615131 214.307144
vn 3.190569 -3.128430 0.275147
v -5.990000 -20.340532 217.623657
vn 3.115283 -3.136104 0.180973
v -5.990000 -20.346991 220.330475
vn 3.187722 -3.109113 0.444101
v -5.990000 -19.806995 222.209259
vn 3.120958 -3.131097 0.254536
v -5.990000 -20.137850 223.279633
vn 3.180305 -3.086582 0.582193
v -5.990000 -19.427219 224.467270
vn 3.117521 -3.124565 0.324451
v -5.990000 -19.875278 226.143387
vn 4.570352 -1.437923 1.888318
v -5.990000 -18.962748 226.694382
vn 3.112784 -3.114798 0.406931
v -5.990000 -19.556740 228.888931
vn 3.452718 0.674681 3.029437
v -5.990000 -18.123766 226.640976
vn 3.452735 1.569712 2.677435
v -5.990000 -17.341415 226.333298
vn 3.452704 2.314002 2.068356
v -5.990000 -16.690817 225.800873
vn 3.292112 2.853908 1.290016
v -5.990000 -10.277010 227.695251
vn 3.279560 3.028052 0.802874
v -5.990000 -10.851467 229.317139
vn 3.274316 3.119041 0.293626
v -5.990000 -11.153326 231.011078
vn 3.004325 -3.063402 0.662387
v -5.990000 -19.179695 231.483444
vn 2.900291 -2.869845 1.220910
v -5.990000 -18.845247 232.639633
vn 3.276768 3.124954 -0.219610
v -5.990000 -11.174483 232.731567
vn 2.900290 -2.494942 1.871336
v -5.990000 -18.244198 233.682404
vn 2.900287 -1.975465 2.413331
v -5.990000 -17.411375 234.551331
vn 2.900290 -1.341519 2.815485
v -5.990000 -16.395037 235.196060
vn 2.911373 -0.637323 3.053833
v -5.990000 -15.254072 235.579239
vn 2.924431 0.116795 3.118468
v -5.990000 -14.054597 235.678665
vn 3.033200 0.689939 3.059554
v -5.990000 -12.866115 235.488571
vn 2.954528 3.121562 -0.215622
v -5.990000 -10.914370 234.432419
vn 2.887398 1.231736 2.862491
v -5.990000 -11.262950 235.028870
vn 2.633157 2.926654 0.824672
v -5.990000 -10.919510 234.683853
vn 2.633123 2.154948 2.145112
v -5.990000 -11.046404 234.900986
vn 3.233137 2.710797 1.581302
v -5.990000 -16.234446 225.094864
vn 3.301338 2.608180 1.732839
v -5.990000 -9.445382 226.188950
vn 3.014273 2.679156 1.628361
v -5.990000 -15.225403 223.167526
vn 3.301964 2.290076 2.135556
v -5.990000 -8.378916 224.838699
vn 3.015700 2.449320 1.957222
v -5.990000 -13.978486 221.384827
vn 3.302626 1.910459 2.480905
v -5.990000 -7.106247 223.680740
vn 3.017066 2.179365 2.254038
v -5.990000 -12.514114 219.775986
vn 3.303279 1.479542 2.759601
v -5.990000 -5.661552 222.746185
vn 3.018325 1.873698 2.513954
v -5.990000 -10.856270 218.367310
vn 3.303947 1.008885 2.964166
v -5.990000 -4.083624 222.060120
vn 3.019513 1.537318 2.732715
v -5.990000 -9.032103 217.181900
vn 3.020606 1.175744 2.906723
v -5.990000 -7.071485 216.239151
vn 3.304619 0.511141 3.089103
v -5.990000 -2.414836 221.640976
vn 3.021629 0.794885 3.033132
v -5.990000 -5.006525 215.554520
vn 3.023208 0.401509 3.109822
v -5.990000 -2.871039 215.139206
vn 3.304957 0.000000 3.131081
v -5.990000 -0.700000 221.500000
vn 3.026470 0.000000 3.135697
v -5.990000 -0.700000 215.000000
vn 3.023208 -0.401509 3.109822
v -5.990000 1.471039 215.139206
vn 3.304619 -0.511140 3.089103
v -5.990000 1.014836 221.640976
vn 3.021629 -0.794885 3.033132
v -5.990000 3.606525 215.554520
vn 3.020606 -1.175744 2.906723
v -5.990000 5.671485 216.239151
vn 3.303947 -1.008885 2.964166
v -5.990000 2.683624 222.060120
vn 3.019514 -1.537318 2.732715
v -5.990000 7.632102 217.181900
vn 3.018326 -1.873697 2.513954
v -5.990000 9.456270 218.367310
vn 3.303279 -1.479542 2.759601
v -5.990000 4.261552 222.746185
vn 3.017066 -2.179365 2.254037
v -5.990000 11.114115 219.775986
vn 3.302627 -1.910458 2.480905
v -5.990000 5.706247 223.680740
vn 3.015701 -2.449320 1.957221
v -5.990000 12.578485 221.384827
vn 3.301964 -2.290076 2.135556
v -5.990000 6.978916 224.838699
vn 3.014273 -2.679156 1.628361
v -5.990000 13.825402 223.167526
vn 3.301338 -2.608180 1.732840
v -5.990000 8.045382 226.188950
vn 3.233138 -2.710797 1.581304
v -5.990000 14.834445 225.094864
vn 3.298378 -2.855590 1.285374
v -5.990000 8.877010 227.695251
vn 3.452703 -2.314002 2.068356
v -5.990000 15.290817 225.800873
vn 3.452737 -1.569712 2.677435
v -5.990000 15.941415 226.333298
vn 3.452717 -0.674680 3.029437
v -5.990000 16.723766 226.640976
vn 3.112783 3.114798 0.406931
v -5.990000 18.156740 228.888931
vn 3.293813 -3.027616 0.801333
v -5.990000 9.451467 229.317139
vn 4.570353 1.437923 1.888319
v -5.990000 17.562748 226.694382
vn 3.117521 3.124565 0.324451
v -5.990000 18.475279 226.143387
vn 3.180148 3.086588 0.582167
v -5.990000 18.027220 224.467270
vn 3.120958 3.131097 0.254536
v -5.990000 18.737850 223.279633
vn 3.187722 3.109113 0.444101
v -5.990000 18.406996 222.209259
vn 3.115286 3.136104 0.180973
v -5.990000 18.946991 220.330475
vn 3.190565 3.128430 0.275147
v -5.990000 18.940531 217.623657
vn 3.111320 3.139880 0.092181
v -5.990000 19.215132 214.307144
vn 3.179652 3.138631 0.120608
v -5.990000 19.219488 212.983780
vn 0.001132 6.282809 0.048173
v -5.990000 19.299999 208.335892
vn 3.289730 -3.118159 0.295620
v -5.990000 9.753326 231.011078
vn 3.004325 3.063402 0.662387
v -5.990000 17.779696 231.483444
vn 2.900291 2.869845 1.220910
v -5.990000 17.445248 232.639633
vn 3.291982 -3.123733 -0.224919
v -5.990000 9.774484 232.731567
vn 2.900290 2.494942 1.871336
v -5.990000 16.844198 233.682404
vn 2.900287 1.975464 2.413331
v -5.990000 16.011375 234.551331
vn 2.900291 1.341518 2.815486
v -5.990000 14.995036 235.196060
vn 2.911239 0.637228 3.053839
v -5.990000 13.854073 235.579239
vn 2.923521 -0.117123 3.118402
v -5.990000 12.654597 235.678665
vn 3.032633 -0.689523 3.059625
v -5.990000 11.466115 235.488571
vn 2.969399 -3.123212 -0.205363
v -5.990000 9.514370 234.432419
vn 2.887396 -1.231738 2.862490
v -5.990000 9.862949 235.028870
vn 2.633151 -2.926651 0.824671
v -5.990000 9.519509 234.683853
vn 2.633128 -2.154948 2.145115
v -5.990000 9.646404 234.900986
vn 4.105236 -2.652040 -1.379572
v -5.990000 13.162146 200.331955
vn 4.287835 -2.661363 -1.213577
v -5.990000 14.728301 197.000000
vn 4.271019 -2.657809 -1.236726
v -5.990000 14.737140 196.990005
vn 4.215234 -2.670208 -1.259609
v -5.990000 15.039835 196.313629
vn 4.289557 -2.658383 -1.218413
v -5.990000 15.047359 196.306427
vn 4.146344 -2.669971 -1.315717
v -5.990000 15.399373 195.558594
vn 4.219910 -2.659922 -1.277260
v -5.990000 15.405094 195.554901
vn 4.082140 -2.668258 -1.365720
v -5.990000 15.815672 194.720383
vn 4.148870 -2.660503 -1.332855
v -5.990000 15.818954 194.721146
vn 5.456834 -0.875291 -1.735893
v -5.990000 16.299999 193.786972
vn 3.322678 -1.700810 -2.305701
v -5.990000 16.299999 193.780457
vn 2.316317 2.065312 -1.382613
v -5.990000 19.299999 193.780457
vn 4.197407 -2.646929 -1.321262
v -5.990000 13.157017 200.334366
vn 3.995017 -2.605985 -1.531257
v -5.990000 12.279678 201.966660
vn 4.117684 -2.598573 -1.470136
v -5.990000 12.276848 201.965393
vn 2.891480 -3.006691 -0.596919
v -5.990000 11.300000 203.544617
vn 1.044249 -5.850499 -1.018661
v -5.990000 11.300000 203.549225
vn 2.473982 4.099803 -1.285168
v -5.990000 19.299999 193.786972
vn 1.047332 5.847054 -1.022518
v -5.990000 -12.700000 203.549225
vn 4.017519 2.596629 -1.534880
v -5.990000 -13.679679 201.966660
vn 2.891479 3.006691 -0.596920
v -5.990000 -12.700000 203.544617
vn 4.117687 2.598573 -1.470135
v -5.990000 -13.676848 201.965393
vn 4.192202 2.645159 -1.329149
v -5.990000 -14.557016 200.334366
vn 4.126708 2.644938 -1.378604
v -5.990000 -14.562146 200.331955
vn 4.287882 2.661446 -1.213414
v -5.990000 -16.128302 197.000000
vn 4.276457 2.660070 -1.226986
v -5.990000 -16.137140 196.990005
vn 4.215219 2.670208 -1.259612
v -5.990000 -16.439835 196.313629
vn 4.289564 2.658382 -1.218410
v -5.990000 -16.447359 196.306427
vn 4.146348 2.669972 -1.315715
v -5.990000 -16.799374 195.558594
vn 4.219947 2.659921 -1.277260
v -5.990000 -16.805094 195.554901
vn 4.082149 2.668259 -1.365724
v -5.990000 -17.215672 194.720383
vn 4.148871 2.660501 -1.332857
v -5.990000 -17.218954 194.721146
vn 5.456783 0.875291 -1.735894
v -5.990000 -17.700001 193.786972
vn 3.322690 1.700809 -2.305702
v -5.990000 -17.700001 193.780457
vn 2.473993 -4.099804 -1.285168
v -5.990000 -20.700001 193.786972
vn 2.316305 -2.065312 -1.382613
v -5.990000 -20.700001 193.780457
vn 2.464371 -4.504173 -1.387165
v -14.545707 11.300000 214.754959
vn 4.934189 -0.640089 -3.423319
v -14.713684 11.250967 214.519333
vn 2.246962 -3.944226 -2.036144
v -15.003119 11.299998 214.150528
vn 4.971546 -1.766005 -3.355749
v -14.811768 11.095927 214.460541
vn 4.519737 -1.266784 -4.162201
v -15.011094 11.286620 214.146149
vn 5.030781 -1.614204 -3.347349
v -14.873751 10.987118 214.423248
vn 4.536701 -0.992827 -4.213343
v -15.203393 10.915289 214.039948
vn 5.104425 -1.355340 -3.354839
v -14.986804 10.759705 214.355240
vn 4.635368 -0.712339 -4.167497
v -15.358973 10.502563 213.954880
vn 5.176817 -1.003476 -3.374073
v -15.129042 10.387092 214.270844
vn 4.522926 -0.767602 -4.246413
v -15.466429 10.065024 213.899231
vn 5.379226 -0.890476 -3.052187
v -15.175100 9.974714 214.306427
vn 5.688891 -1.313355 -2.276149
v -14.967696 10.285178 214.631058
vn 5.820892 -1.579183 -1.512510
v -14.995847 9.899413 214.776566
vn 5.954916 -1.569262 -1.186803
v -14.885736 10.208432 214.979630
vn 6.122143 -1.306920 -0.421821
v -14.940267 9.843992 215.279236
vn 5.877575 -2.171568 -0.316124
v -14.764175 10.441908 215.428604
vn 5.790629 -2.086982 -1.166724
v -14.770047 10.520704 215.066101
vn 5.654766 -2.422457 -1.171397
v -14.678107 10.713602 215.135147
vn 5.564978 -1.758285 -2.269258
v -14.839377 10.622980 214.716141
vn 5.452428 -2.069627 -2.270387
v -14.737560 10.830173 214.784439
vn 2.399562 -5.111078 -0.446664
v -14.277540 11.300000 215.434082
vn 3.669656 1.301639 -1.424973
v -14.434033 11.291892 214.985901
vn 5.205411 -2.768014 -2.133296
v -14.498576 11.207537 214.943527
vn 5.258429 -2.552286 -2.245353
v -14.593276 11.071895 214.880829
vn 5.296888 -3.074631 -1.355595
v -14.461156 11.068639 215.295731
vn 5.417125 -2.892749 -1.243521
v -14.547349 10.940374 215.232468
vn 5.519266 -2.959125 -0.349103
v -14.635996 10.713756 215.536942
vn 5.538941 -2.670503 -1.174057
v -14.627554 10.806725 215.172943
vn 5.162569 -3.311168 -1.292544
v -14.340932 11.226775 215.382462
vn 4.616725 -4.212482 -0.087713
v -14.226068 11.300000 215.862488
vn 5.368207 -2.269062 -2.277051
v -14.681708 10.929679 214.821854
vn 5.202571 -3.192517 -1.468332
v -14.402197 11.148883 215.338516
vn 6.185791 -0.765053 -0.592582
v -14.978049 9.563147 215.316223
vn 6.244079 -0.358393 -0.434652
v -14.990000 9.300000 215.497467
vn 5.823185 -1.038613 -1.939185
v -15.137679 9.173486 214.708618
vn 6.004845 -0.514973 -1.421937
v -15.061670 9.025557 215.043350
vn 5.337162 -1.653019 -2.748700
v -15.271543 8.770782 214.621780
vn 5.094986 -1.580578 -3.227707
v -15.331487 9.045487 214.368866
vn 4.382939 -2.147673 -3.872574
v -15.604577 8.553936 214.262970
vn 4.357108 -1.404586 -4.214138
v -15.571380 9.284900 213.960876
vn 5.145782 -0.942753 -3.397205
v -15.277463 9.690942 214.211121
vn 5.154376 -1.059703 -3.356442
v -15.295964 9.539864 214.227966
vn 5.169542 -1.212113 -3.289056
v -15.310754 9.389782 214.256668
vn 5.820767 -0.955881 -1.976643
v -15.111967 9.568084 214.584290
vn 5.822378 -0.974983 -1.959982
v -15.123220 9.448331 214.609604
vn 5.823634 -1.003296 -1.944157
v -15.132506 9.309427 214.652344
vn 5.168638 -0.746100 -3.418908
v -15.255145 9.842219 214.206497
vn 5.803210 -0.800239 -2.101053
v -15.079825 9.809235 214.565369
vn 6.164097 -0.967212 -0.554062
v -14.962567 9.703140 215.278412
vn 5.820682 -0.931429 -1.990760
v -15.097533 9.688598 214.569427
vn 5.145919 -1.386006 -3.250859
v -15.323529 9.215751 214.305099
vn 6.250746 -0.228798 -0.382074
v -14.990000 9.262953 215.520370
vn 6.002610 -1.072467 -1.027006
v -15.061670 8.979424 215.071869
vn 6.254814 -0.222823 -0.357830
v -14.990000 9.275250 215.512650
vn 6.254779 -0.220385 -0.359199
v -14.990000 9.287600 215.505020
vn 5.363089 -1.616859 -2.742516
v -15.271543 8.716215 214.655502
vn 4.413262 -2.308290 -3.761370
v -15.604577 8.533269 214.275543
vn 4.445512 -2.193767 -3.818236
v -15.604577 8.492190 214.301132
vn 4.410744 -2.335282 -3.747137
v -15.604577 8.512687 214.288269
vn 6.257000 -0.167194 -0.367191
v -14.990000 8.485417 215.886566
vn 6.076671 -0.519419 -1.331097
v -15.051778 8.336790 215.416245
vn 5.857049 -0.925761 -1.954052
v -15.126976 8.701229 215.013306
vn 5.217750 -1.607438 -3.057781
v -15.311362 8.528563 214.693863
vn 4.621926 -1.767326 -3.845297
v -15.544681 8.293777 214.479660
vn 5.311001 -1.362440 -3.017217
v -15.295799 8.385480 214.791367
vn 5.283056 -1.278659 -3.093871
v -15.289513 8.280040 214.845734
vn 5.779770 -1.034502 -2.217206
v -15.120157 8.530478 215.116623
vn 5.815036 -1.003738 -2.107003
v -15.117382 8.405474 215.175964
vn 5.510969 -0.826700 -2.829099
v -15.233293 8.197345 214.974976
vn 4.668923 -1.289812 -3.967007
v -15.523334 8.075695 214.590027
vn 6.259456 0.000000 -0.385352
v -14.990000 -0.700000 216.960388
vn 6.050704 0.000003 -1.517708
v -15.051778 -0.700000 216.467148
vn 6.235782 -0.009420 -0.543143
v -14.990000 1.681248 216.911346
vn 5.786577 -0.061651 -2.188667
v -15.116966 1.651062 216.215347
vn 6.233790 -0.054831 -0.552023
v -14.990000 4.033735 216.743927
vn 5.779350 -0.202400 -2.183949
v -15.116966 3.962808 216.050888
vn 5.789123 -0.296078 -2.164062
v -15.116966 4.710127 215.965530
vn 4.844196 -0.383123 -3.906456
v -15.523332 3.895298 215.391251
vn 4.834266 -0.747790 -3.865432
v -15.523330 6.066613 215.083603
vn 5.479709 0.000003 -2.985549
v -15.233293 -0.700000 216.004364
vn 4.833277 -0.160930 -3.938197
v -15.523333 1.622331 215.552887
vn 4.656335 0.018151 -4.171006
v -15.523334 -0.700000 215.600647
vn 5.861638 -0.562372 -1.985026
v -15.116969 7.244547 215.509094
vn 5.782604 -0.397959 -2.152933
v -15.116966 6.188788 215.735336
vn 6.234193 -0.102395 -0.542819
v -14.990000 6.317150 216.420059
vn 6.254720 0.115784 -0.399459
v -14.990000 -9.885417 215.886566
vn 6.007952 -0.213090 -1.400693
v -15.051778 -9.736790 215.416245
vn 6.237342 0.116789 -0.520777
v -14.990000 -7.717150 216.420059
vn 5.797875 0.453753 -2.127809
v -15.116962 -7.588790 215.735336
vn 6.234183 0.060247 -0.549244
v -14.990000 -5.433736 216.743927
vn 5.783376 0.241650 -2.175121
v -15.116962 -5.362809 216.050903
vn 5.783935 0.148007 -2.184465
v -15.116963 -3.824143 216.175217
vn 4.826849 0.422871 -3.921348
v -15.523332 -5.295299 215.391251
vn 4.889446 0.113514 -3.882154
v -15.523333 -3.022331 215.552887
vn 5.508001 0.828604 -2.836896
v -15.233293 -9.597344 214.974976
vn 4.816502 0.768488 -3.889567
v -15.523330 -7.466613 215.083603
vn 4.682588 1.342072 -3.933939
v -15.523334 -9.475696 214.590027
vn 5.782100 0.040952 -2.194794
v -15.116962 -3.051062 216.215347
vn 6.235298 0.006775 -0.545962
v -14.990000 -3.081248 216.911346
vn 6.256888 0.195245 -0.355146
v -14.990000 -10.662952 215.520370
vn 6.027057 0.773257 -1.401261
v -15.061670 -10.379423 215.071869
vn 5.882588 0.882651 -1.893385
v -15.117570 -9.817569 215.170807
vn 5.309449 1.275386 -3.055691
v -15.289937 -9.690278 214.841080
vn 5.334496 1.339610 -2.986701
v -15.297443 -9.805066 214.779678
vn 5.202964 1.261580 -3.231442
v -15.544681 -9.693777 214.479660
vn 5.216674 1.623295 -3.047678
v -15.312663 -9.937870 214.686539
vn 4.468132 2.093478 -3.851515
v -15.604577 -9.892191 214.301132
vn 5.364608 1.622193 -2.735794
v -15.271543 -10.116215 214.655502
vn 5.751695 1.075217 -2.255844
v -15.127543 -10.112358 215.005646
vn 5.711079 1.081245 -2.380321
v -15.120881 -9.953794 215.104065
vn 6.258957 0.374315 -0.287196
v -14.990000 -10.700000 215.497467
vn 6.003301 0.867498 -1.438471
v -15.061670 -10.425556 215.043350
vn 6.254784 0.220383 -0.359188
v -14.990000 -10.687600 215.505020
vn 6.254770 0.222814 -0.357823
v -14.990000 -10.675251 215.512650
vn 5.357175 1.636028 -2.726389
v -15.271543 -10.170782 214.621780
vn -0.678726 1.019822 -1.662476
v -15.604577 -9.933270 214.275543
vn -0.678937 1.031212 -1.655740
v -15.604577 -9.912687 214.288269
vn 4.369931 2.166830 -3.876969
v -15.604577 -9.953937 214.262970
vn 6.210311 0.872388 -0.308060
v -14.962567 -11.103141 215.278412
vn 6.132296 1.272192 -0.383464
v -14.940267 -11.243992 215.279236
vn 6.098767 0.852346 -1.111584
v -14.998012 -11.092218 214.917725
vn 5.938518 1.149827 -1.595904
v -14.995847 -11.299413 214.776566
vn 5.751210 0.921629 -2.275898
v -15.098312 -11.082712 214.569916
vn 5.332839 0.924659 -3.120175
v -15.175100 -11.374715 214.306427
vn 5.131988 0.943625 -3.414059
v -15.278453 -11.083563 214.211670
vn 4.530911 0.731304 -4.237020
v -15.466429 -11.465025 213.899231
vn 4.358991 1.403013 -4.212276
v -15.571379 -10.684900 213.960892
vn 5.112813 1.546682 -3.215305
v -15.331716 -10.438519 214.371841
vn 5.146377 1.396028 -3.243759
v -15.324163 -10.605026 214.308640
vn 5.166027 1.189172 -3.296076
v -15.312001 -10.775224 214.260101
vn 5.752295 1.097502 -2.189174
v -15.132946 -10.700866 214.655457
vn 5.746768 1.034224 -2.234042
v -15.124151 -10.836713 214.612625
vn 6.102258 0.789025 -1.142021
v -15.024669 -10.799511 214.993011
vn 6.092537 0.845806 -1.154572
v -15.017874 -10.903626 214.955338
vn 6.240530 0.626779 -0.300773
v -14.978048 -10.963147 215.316223
vn 5.105428 1.733687 -3.136829
v -15.334815 -10.276917 214.449188
vn 5.760944 1.317763 -2.016711
v -15.138875 -10.438851 214.779510
vn 6.130877 0.808964 -0.891567
v -15.029359 -10.598809 215.102127
vn 6.107183 0.757195 -1.147984
v -15.028461 -10.697655 215.042084
vn 5.758574 1.147727 -2.144023
v -15.137807 -10.567922 214.711243
vn 4.623542 4.205345 -0.069867
v -14.226068 -12.700000 215.862488
vn 2.490854 4.959326 -0.564497
v -14.277540 -12.700000 215.434082
vn 5.504914 2.928616 -0.574154
v -14.635996 -12.113755 215.536942
vn 5.395380 2.380404 -1.995584
v -14.498677 -12.607769 214.943024
vn 5.395575 2.402448 -2.017120
v -14.681834 -12.329884 214.821335
vn 2.524218 4.414669 -1.354003
v -14.545707 -12.700000 214.754959
vn 5.018413 1.514717 -3.403115
v -14.811878 -12.496048 214.460312
vn 2.257251 3.947787 -2.021914
v -15.003119 -12.699998 214.150528
vn 4.519046 1.252268 -4.168138
v -15.011094 -12.686620 214.146149
vn 5.108781 1.304149 -3.379080
v -14.986926 -12.159803 214.355011
vn 4.524071 0.976468 -4.232758
v -15.203393 -12.315289 214.039948
vn 4.553708 0.755765 -4.245440
v -15.358973 -11.902564 213.954880
vn 5.650477 1.725171 -2.027640
v -14.839527 -12.023149 214.715622
vn 5.898750 2.054648 -0.513639
v -14.764175 -11.841908 215.428604
vn 1.104539 4.824443 -0.977337
v -14.226068 -12.700000 200.992004
vn 0.965168 4.948145 -1.243797
v -14.174684 -12.756005 200.815323
vn 0.750273 5.223305 -1.419847
v -13.878121 -13.030475 200.020721
vn 3.534933 5.129432 -0.001682
v -13.753356 -13.127051 216.539993
vn 4.860027 2.986780 0.001541
v -13.490000 -13.298077 203.000000
vn 4.428182 3.122936 -1.072367
v -13.374150 -13.361603 203.578033
vn 1.918625 5.903283 -0.003446
v -12.917051 -13.553170 216.539993
vn 3.556777 3.240880 -2.122944
v -13.051735 -13.505836 204.059586
vn 2.016357 3.419453 -2.944018
v -12.569520 -13.643494 204.383530
vn -0.000034 6.207321 -0.002704
v -11.990000 -13.700000 216.539993
vn -0.000000 3.508454 -3.268496
v -11.990000 -13.700000 204.500000
vn -2.016357 3.419454 -2.944018
v -11.410480 -13.643494 204.383530
vn -1.918560 5.903307 -0.003439
v -11.062949 -13.553170 216.539993
vn -3.556777 3.240880 -2.122945
v -10.928265 -13.505836 204.059586
vn -4.428183 3.122936 -1.072367
v -10.605849 -13.361603 203.578033
vn -3.534939 5.129393 -0.001616
v -10.226645 -13.127051 216.539993
vn -5.372920 2.547886 0.016851
v -10.490000 -13.298077 203.000000
vn -0.534491 5.506382 -1.631421
v -10.548754 -13.330465 199.260406
vn -4.408734 3.133680 1.067981
v -10.605849 -13.361603 202.421967
vn -3.560162 3.239496 2.123128
v -10.928265 -13.505836 201.940414
vn -0.336022 5.678785 -1.773677
v -11.161170 -13.583147 198.665588
vn -2.012742 3.420923 2.934164
v -11.410480 -13.643494 201.616470
vn -0.174170 5.753523 -1.817566
v -11.559820 -13.668715 198.470581
vn 0.000000 3.509323 3.257417
v -11.990000 -13.700000 201.500000
vn 0.000000 5.771397 -1.850227
v -11.990000 -13.700000 198.399994
vn 0.174170 5.753523 -1.817566
v -12.420179 -13.668715 198.470581
vn 5.106736 3.640958 0.021822
v -14.417051 -12.463356 216.539993
vn 4.757360 4.005094 0.661408
v -14.366192 -12.531314 234.527313
vn 3.763404 4.986272 0.414318
v -13.816904 -13.079584 234.664459
vn 5.836616 2.290689 0.208777
v -14.784189 -11.792021 234.244659
vn 5.374470 3.232134 0.018499
v -14.601484 -12.176534 234.391678
vn 5.994387 1.854476 0.006783
v -14.843169 -11.627051 216.539993
vn 6.122831 1.406943 0.069814
v -14.950322 -11.203817 229.018311
vn 6.183130 0.931796 0.281275
v -14.990000 -10.700000 227.417419
vn 5.970440 1.943609 0.045708
v -14.884875 -11.489968 230.690079
vn 5.903141 2.149444 -0.015535
v -14.867704 -11.550928 232.394424
vn 5.800826 2.293493 0.247146
v -14.910627 -11.385518 234.089249
vn 2.423263 5.753928 0.411236
v -13.138470 -13.470722 234.679993
vn 0.824982 6.183015 0.436403
v -12.381777 -13.674309 234.658752
vn -0.809109 6.181731 0.517970
v -11.598408 -13.673725 234.662247
vn -2.388292 5.765662 0.473222
v -10.841364 -13.471396 234.678894
vn -3.755948 4.982263 0.516244
v -10.162979 -13.079494 234.665283
vn -4.616742 4.212465 -0.087677
v -9.753932 -12.700000 215.862488
vn -4.761604 3.999357 0.662174
v -9.613808 -12.531314 234.527313
vn -5.106734 3.640962 0.021822
v -9.562949 -12.463356 216.539993
vn -5.378193 3.220846 -0.043166
v -9.378516 -12.176534 234.391678
vn -5.519267 2.959123 -0.349104
v -9.344004 -12.113755 215.536942
vn -5.827211 2.312584 0.243273
v -9.195811 -11.792021 234.244659
vn -5.877577 2.171562 -0.316129
v -9.215825 -11.841908 215.428604
vn -5.993178 1.859234 0.008148
v -9.136830 -11.627051 216.539993
vn -6.122142 1.306926 -0.421819
v -9.039733 -11.243992 215.279236
vn -5.999117 1.831342 0.046274
v -9.094861 -11.489906 230.689896
vn -6.131792 1.364694 0.086955
v -9.033126 -11.204149 229.017990
vn -5.787142 2.317348 0.264158
v -9.069372 -11.385518 234.089249
vn -5.895266 2.173106 -0.009480
v -9.108577 -11.550533 232.394562
vn -6.181262 0.952037 0.283624
v -8.990000 -10.700000 227.417419
vn -6.185792 0.765038 -0.592581
v -9.001951 -10.963147 215.316223
vn -6.164101 0.967198 -0.554062
v -9.017432 -11.103141 215.278412
vn -6.244022 0.358409 -0.434648
v -8.990000 -10.700000 215.497467
vn -1.112353 4.832915 -0.965759
v -9.753932 -12.700000 200.992004
vn -0.990998 4.955941 -1.251396
v -9.805317 -12.756005 200.815323
vn -0.746607 5.225777 -1.422134
v -10.101879 -13.030475 200.020721
vn 2.012742 3.420922 2.934164
v -12.569520 -13.643494 201.616470
vn 0.336022 5.678785 -1.773677
v -12.818830 -13.583147 198.665588
vn 3.560162 3.239496 2.123127
v -13.051735 -13.505836 201.940414
vn 0.534409 5.506472 -1.630862
v -13.431246 -13.330465 199.260406
vn 4.408734 3.133680 1.067980
v -13.374150 -13.361603 202.421967
vn 6.186435 0.561966 0.529568
v -14.990000 -8.705503 224.455994
vn 6.186427 0.468573 0.613756
v -14.990000 -7.375034 223.256775
vn 6.186418 0.362768 0.681694
v -14.990000 -5.867579 222.289383
vn 6.186424 0.247317 0.731507
v -14.990000 -4.223107 221.579453
vn 6.186426 0.125319 0.761943
v -14.990000 -2.485221 221.145828
vn 6.186424 -0.000001 0.772189
v -14.990000 -0.700000 221.000000
vn 6.186426 -0.125318 0.761943
v -14.990000 1.085221 221.145828
vn 6.186424 -0.247317 0.731508
v -14.990000 2.823107 221.579453
vn 6.186419 -0.362771 0.681692
v -14.990000 4.467579 222.289383
vn 6.186426 -0.468571 0.613755
v -14.990000 5.975034 223.256775
vn 6.186436 -0.561965 0.529571
v -14.990000 7.305502 224.455994
vn 6.181261 -0.952039 0.283628
v -14.990000 9.300000 227.417419
vn 6.186421 -0.640483 0.431358
v -14.990000 8.423708 225.855255
vn 6.186421 0.640481 0.431360
v -14.990000 -9.823708 225.855255
vn 6.131792 -1.364697 0.086957
v -14.946875 9.804149 229.017990
vn 5.993184 -1.859220 0.008150
v -14.843169 10.227051 216.539780
vn 5.999125 -1.831316 0.046274
v -14.885139 10.089907 230.689896
vn 5.827216 -2.312570 0.243261
v -14.784189 10.392020 234.244659
vn 5.378191 -3.220846 -0.043183
v -14.601484 10.776534 234.391678
vn 5.106736 -3.640958 0.021832
v -14.417051 11.063356 216.539780
vn 4.757816 -4.004011 0.659786
v -14.366192 11.131314 234.527313
vn 3.757775 -4.983425 0.498974
v -13.817367 11.677687 234.665756
vn 3.535209 -5.129356 -0.001761
v -13.753356 11.727051 216.539780
vn 2.397510 -5.761489 0.468520
v -13.139004 12.071243 234.679550
vn 1.918596 -5.903307 -0.003384
v -12.917051 12.153170 216.539780
vn 0.823252 -6.184063 0.471312
v -12.381921 12.274290 234.658875
vn -0.000032 -6.207325 -0.002701
v -11.990000 12.300000 216.539780
vn -0.825719 -6.186433 0.456298
v -11.598356 12.273755 234.662308
vn -1.918565 -5.903312 -0.003433
v -11.062949 12.153170 216.539780
vn -2.390255 -5.763788 0.465180
v -10.840958 12.071228 234.677704
vn -3.535129 -5.129278 -0.001770
v -10.226645 11.727051 216.539780
vn -3.756141 -4.995187 0.371968
v -10.162655 11.677692 234.663452
vn -4.623520 -4.205365 -0.069904
v -9.753932 11.300000 215.862488
vn -4.751457 -4.012878 0.654643
v -9.613808 11.131314 234.527313
vn -5.106733 -3.640963 0.021832
v -9.562949 11.063356 216.539780
vn -5.374473 -3.232131 0.018517
v -9.378516 10.776534 234.391678
vn -5.504919 -2.928609 -0.574149
v -9.344004 10.713756 215.536942
vn -5.836612 -2.290701 0.208796
v -9.195811 10.392020 234.244659
vn -5.898750 -2.054648 -0.513634
v -9.215825 10.441908 215.428604
vn -5.994385 -1.854485 0.006785
v -9.136830 10.227051 216.539780
vn -6.132298 -1.272177 -0.383459
v -9.039733 9.843992 215.279236
vn -6.122832 -1.406946 0.069810
v -9.029677 9.803817 229.018311
vn -6.210311 -0.872386 -0.308058
v -9.017433 9.703141 215.278412
vn -6.240529 -0.626800 -0.300770
v -9.001951 9.563148 215.316223
vn 1.112349 -4.832915 -0.965757
v -14.226068 11.300000 200.992004
vn 0.990999 -4.955940 -1.251396
v -14.174684 11.356006 200.815323
vn 0.746599 -5.225784 -1.422136
v -13.878121 11.630475 200.020721
vn 0.534510 -5.506401 -1.631420
v -13.431246 11.930465 199.260406
vn 5.372859 -2.547935 0.016850
v -13.490000 11.898076 203.000000
vn 4.408835 -3.133428 1.067858
v -13.374150 11.961603 202.421967
vn 3.560215 -3.238691 2.123238
v -13.051735 12.105837 201.940414
vn 0.336028 -5.678783 -1.773676
v -12.818830 12.183146 198.665588
vn 2.012697 -3.419634 2.934388
v -12.569520 12.243494 201.616470
vn 0.174174 -5.753523 -1.817566
v -12.420179 12.268715 198.470581
vn -0.000000 -3.507830 3.257643
v -11.990000 12.300000 201.500000
vn 0.000000 -5.771398 -1.850227
v -11.990000 12.300000 198.399994
vn -0.174174 -5.753523 -1.817566
v -11.559820 12.268715 198.470581
vn -2.012697 -3.419634 2.934389
v -11.410480 12.243494 201.616470
vn -0.336028 -5.678783 -1.773676
v -11.161170 12.183146 198.665588
vn -3.560214 -3.238692 2.123237
v -10.928265 12.105837 201.940414
vn -0.534406 -5.506472 -1.630860
v -10.548754 11.930465 199.260406
vn -4.408835 -3.133428 1.067858
v -10.605849 11.961603 202.421967
vn -4.860026 -2.986780 0.001541
v -10.490000 11.898076 203.000000
vn -0.750272 -5.223305 -1.419845
v -10.101879 11.630475 200.020721
vn -0.965168 -4.948145 -1.243797
v -9.805317 11.356006 200.815323
vn -1.104544 -4.824444 -0.977340
v -9.753932 11.300000 200.992004
vn -6.259014 -0.374304 -0.287193
v -8.990000 9.300000 215.497467
vn -6.183132 -0.931785 0.281270
v -8.990000 9.300000 227.417419
vn -5.970454 -1.943561 0.045709
v -9.095125 10.089968 230.690079
vn -5.903139 -2.149442 -0.015535
v -9.112295 10.150928 232.394424
vn -5.800831 -2.293486 0.247146
v -9.069372 9.985518 234.089249
vn 5.771304 -2.330805 0.323386
v -14.910627 9.985518 234.089249
vn 5.895266 -2.173105 -0.009481
v -14.871424 10.150534 232.394562
vn 4.428280 -3.122684 -1.072244
v -13.374150 11.961603 203.578033
vn 3.556829 -3.240076 -2.123054
v -13.051735 12.105837 204.059586
vn 2.016312 -3.418168 -2.944242
v -12.569520 12.243494 204.383530
vn 0.000000 -3.506961 -3.268722
v -11.990000 12.300000 204.500000
vn -2.016312 -3.418168 -2.944242
v -11.410480 12.243494 204.383530
vn -3.556829 -3.240076 -2.123054
v -10.928265 12.105837 204.059586
vn -4.428280 -3.122684 -1.072244
v -10.605849 11.961603 203.578033
vn -2.464369 4.504183 -1.387159
v -9.434294 -12.700000 214.754959
vn -4.934185 0.640075 -3.423318
v -9.266316 -12.650967 214.519333
vn -2.246986 3.944128 -2.036152
v -8.976881 -12.699998 214.150528
vn -4.971535 1.766024 -3.355752
v -9.168233 -12.495927 214.460541
vn -4.519713 1.266539 -4.162281
v -8.968906 -12.686620 214.146149
vn -5.030777 1.614214 -3.347355
v -9.106249 -12.387118 214.423248
vn -4.536703 0.992828 -4.213342
v -8.776608 -12.315289 214.039948
vn -5.104427 1.355340 -3.354834
v -8.993196 -12.159705 214.355240
vn -4.635366 0.712347 -4.167497
v -8.621028 -11.902564 213.954880
vn -5.176819 1.003479 -3.374071
v -8.850958 -11.787092 214.270844
vn -4.522928 0.767602 -4.246413
v -8.513571 -11.465025 213.899231
vn -5.379221 0.890480 -3.052192
v -8.804900 -11.374715 214.306427
vn -5.688893 1.313347 -2.276152
v -9.012303 -11.685178 214.631058
vn -5.820889 1.579188 -1.512505
v -8.984154 -11.299413 214.776566
vn -5.954916 1.569263 -1.186803
v -9.094263 -11.608432 214.979630
vn -5.790629 2.086976 -1.166731
v -9.209953 -11.920705 215.066101
vn -5.654759 2.422473 -1.171399
v -9.301892 -12.113602 215.135147
vn -5.564976 1.758292 -2.269259
v -9.140622 -12.022981 214.716141
vn -5.452423 2.069635 -2.270390
v -9.242440 -12.230173 214.784439
vn -2.399550 5.111093 -0.446661
v -9.702460 -12.700000 215.434082
vn -3.669638 -1.301611 -1.424971
v -9.545967 -12.691892 214.985901
vn -5.205403 2.768038 -2.133291
v -9.481423 -12.607537 214.943527
vn -5.258435 2.552279 -2.245350
v -9.386724 -12.471894 214.880829
vn -5.296902 3.074611 -1.355577
v -9.518845 -12.468638 215.295731
vn -5.417126 2.892748 -1.243520
v -9.432652 -12.340374 215.232468
vn -5.538930 2.670523 -1.174056
v -9.352447 -12.206724 215.172943
vn -5.162557 3.311188 -1.292545
v -9.639069 -12.626776 215.382462
vn -5.368208 2.269056 -2.277055
v -9.298292 -12.329679 214.821854
vn -5.202571 3.192517 -1.468331
v -9.577803 -12.548882 215.338516
vn -5.823183 1.038620 -1.939186
v -8.842321 -10.573486 214.708618
vn -6.004838 0.514971 -1.421935
v -8.918330 -10.425556 215.043350
vn -5.337162 1.653014 -2.748709
v -8.708457 -10.170782 214.621780
vn -5.094985 1.580582 -3.227709
v -8.648513 -10.445487 214.368866
vn -4.382941 2.147675 -3.872572
v -8.375422 -9.953937 214.262970
vn -4.357111 1.404586 -4.214134
v -8.408621 -10.684899 213.960876
vn -5.145783 0.942752 -3.397200
v -8.702538 -11.090941 214.211121
vn -5.154384 1.059726 -3.356430
v -8.684035 -10.939864 214.227966
vn -5.169545 1.212111 -3.289054
v -8.669246 -10.789783 214.256668
vn -5.820768 0.955886 -1.976648
v -8.868032 -10.968083 214.584290
vn -5.822376 0.974963 -1.959991
v -8.856780 -10.848331 214.609604
vn -5.823630 1.003297 -1.944164
v -8.847494 -10.709427 214.652344
vn -5.168640 0.746090 -3.418913
v -8.724854 -11.242220 214.206497
vn -5.803210 0.800237 -2.101053
v -8.900175 -11.209235 214.565369
vn -5.820678 0.931447 -1.990753
v -8.882467 -11.088597 214.569427
vn -5.145922 1.386001 -3.250860
v -8.656470 -10.615751 214.305099
vn -6.250764 0.228793 -0.382078
v -8.990000 -10.662952 215.520370
vn -6.002605 1.072481 -1.026992
v -8.918330 -10.379423 215.071869
vn -6.254770 0.222811 -0.357825
v -8.990000 -10.675251 215.512650
vn -6.254783 0.220386 -0.359186
v -8.990000 -10.687600 215.505020
vn -5.363087 1.616843 -2.742529
v -8.708457 -10.116215 214.655502
vn -4.413263 2.308290 -3.761372
v -8.375422 -9.933270 214.275543
vn -4.445513 2.193760 -3.818239
v -8.375422 -9.892191 214.301132
vn -4.410743 2.335281 -3.747139
v -8.375422 -9.912687 214.288269
vn -6.257001 0.167193 -0.367186
v -8.990000 -9.885417 215.886566
vn -6.076669 0.519419 -1.331098
v -8.928223 -9.736790 215.416245
vn -5.857049 0.925766 -1.954051
v -8.853024 -10.101230 215.013306
vn -5.217751 1.607437 -3.057776
v -8.668638 -9.928562 214.693863
vn -4.621925 1.767320 -3.845302
v -8.435319 -9.693777 214.479660
vn -5.311003 1.362434 -3.017219
v -8.684200 -9.785480 214.791367
vn -5.283059 1.278652 -3.093866
v -8.690488 -9.680040 214.845734
vn -5.779766 1.034505 -2.217217
v -8.859842 -9.930478 215.116623
vn -5.815033 1.003738 -2.107016
v -8.862617 -9.805474 215.175964
vn -5.510972 0.826710 -2.829094
v -8.746707 -9.597344 214.974976
vn -4.668925 1.289809 -3.967005
v -8.456667 -9.475696 214.590027
vn -6.259456 -0.000000 -0.385346
v -8.990000 -0.700000 216.960388
vn -6.050703 -0.000002 -1.517707
v -8.928223 -0.700000 216.467148
vn -6.235782 0.009419 -0.543139
v -8.990000 -3.081248 216.911346
vn -5.786575 0.061651 -2.188666
v -8.863034 -3.051062 216.215347
vn -6.233791 0.054831 -0.552019
v -8.990000 -5.433735 216.743927
vn -5.779351 0.202401 -2.183945
v -8.863034 -5.362808 216.050888
vn -5.789123 0.296077 -2.164058
v -8.863034 -6.110127 215.965530
vn -4.844195 0.383123 -3.906455
v -8.456669 -5.295299 215.391251
vn -4.834268 0.747790 -3.865433
v -8.456670 -7.466613 215.083603
vn -5.479710 -0.000002 -2.985551
v -8.746707 -0.700000 216.004364
vn -4.833277 0.160930 -3.938198
v -8.456667 -3.022331 215.552887
vn -4.656338 -0.018151 -4.171001
v -8.456667 -0.700000 215.600647
vn -5.861639 0.562372 -1.985026
v -8.863030 -8.644547 215.509094
vn -5.782603 0.397956 -2.152932
v -8.863034 -7.588789 215.735336
vn -6.234193 0.102393 -0.542816
v -8.990000 -7.717150 216.420059
vn -6.254720 -0.115783 -0.399455
v -8.990000 8.485417 215.886566
vn -6.007944 0.213117 -1.400694
v -8.928223 8.336790 215.416245
vn -6.237342 -0.116789 -0.520777
v -8.990000 6.317150 216.420059
vn -5.797875 -0.453753 -2.127809
v -8.863037 6.188790 215.735336
vn -6.234184 -0.060247 -0.549244
v -8.990000 4.033736 216.743927
vn -5.783377 -0.241650 -2.175118
v -8.863037 3.962809 216.050903
vn -5.783935 -0.148008 -2.184464
v -8.863036 2.424143 216.175217
vn -4.826850 -0.422870 -3.921345
v -8.456669 3.895299 215.391251
vn -4.889448 -0.113513 -3.882151
v -8.456667 1.622331 215.552887
vn -5.508000 -0.828601 -2.836898
v -8.746707 8.197344 214.974976
vn -4.816502 -0.768488 -3.889565
v -8.456670 6.066614 215.083603
vn -4.682590 -1.342066 -3.933937
v -8.456667 8.075695 214.590027
vn -5.782100 -0.040951 -2.194795
v -8.863037 1.651062 216.215347
vn -6.235299 -0.006775 -0.545962
v -8.990000 1.681247 216.911346
vn -6.256872 -0.195246 -0.355134
v -8.990000 9.262953 215.520370
vn -6.027048 -0.773259 -1.401258
v -8.918330 8.979424 215.071869
vn -5.882589 -0.882654 -1.893383
v -8.862430 8.417568 215.170807
vn -5.309456 -1.275396 -3.055679
v -8.690063 8.290278 214.841080
vn -5.334496 -1.339612 -2.986699
v -8.682557 8.405066 214.779678
vn -5.202980 -1.261548 -3.231419
v -8.435319 8.293777 214.479660
vn -5.216672 -1.623285 -3.047687
v -8.667336 8.537869 214.686539
vn -4.470985 -2.098378 -3.845767
v -8.375422 8.492190 214.301132
vn -5.364608 -1.622201 -2.735790
v -8.708457 8.716215 214.655502
vn -5.751688 -1.075215 -2.255868
v -8.852456 8.712358 215.005646
vn -5.711092 -1.081246 -2.380287
v -8.859119 8.553794 215.104065
vn -6.003297 -0.867485 -1.438470
v -8.918330 9.025557 215.043350
vn -6.254780 -0.220376 -0.359191
v -8.990000 9.287600 215.505020
vn -6.254815 -0.222820 -0.357819
v -8.990000 9.275250 215.512650
vn -5.357172 -1.636042 -2.726390
v -8.708457 8.770782 214.621780
vn -4.413263 -2.308290 -3.761370
v -8.375422 8.533269 214.275543
vn -4.410745 -2.335281 -3.747137
v -8.375422 8.512687 214.288269
vn -4.375371 -2.156488 -3.878240
v -8.375422 8.553936 214.262970
vn -6.098766 -0.852354 -1.111578
v -8.981989 9.692219 214.917725
vn -5.938519 -1.149824 -1.595901
v -8.984154 9.899413 214.776566
vn -5.751211 -0.921631 -2.275895
v -8.881688 9.682712 214.569916
vn -5.332838 -0.924657 -3.120176
v -8.804900 9.974714 214.306427
vn -5.131984 -0.943629 -3.414062
v -8.701548 9.683562 214.211670
vn -4.530910 -0.731308 -4.237022
v -8.513571 10.065024 213.899231
vn -4.358992 -1.403014 -4.212274
v -8.408621 9.284900 213.960892
vn -5.112810 -1.546684 -3.215309
v -8.648284 9.038519 214.371841
vn -5.146379 -1.396023 -3.243762
v -8.655836 9.205027 214.308640
vn -5.166024 -1.189184 -3.296077
v -8.667998 9.375224 214.260101
vn -5.752295 -1.097501 -2.189180
v -8.847054 9.300865 214.655457
vn -5.746764 -1.034243 -2.234037
v -8.855849 9.436712 214.612625
vn -6.102262 -0.789003 -1.142026
v -8.955331 9.399511 214.993011
vn -6.092537 -0.845820 -1.154566
v -8.962126 9.503626 214.955338
vn -5.105429 -1.733689 -3.136831
v -8.645185 8.876917 214.449188
vn -5.760942 -1.317768 -2.016708
v -8.841125 9.038852 214.779510
vn -6.130883 -0.808961 -0.891558
v -8.950641 9.198810 215.102127
vn -6.107183 -0.757195 -1.147971
v -8.951539 9.297655 215.042084
vn -5.758572 -1.147717 -2.144027
v -8.842194 9.167921 214.711243
vn -2.490852 -4.959329 -0.564497
v -9.702460 11.300000 215.434082
vn -5.395378 -2.380408 -1.995584
v -9.481323 11.207769 214.943024
vn -5.395573 -2.402452 -2.017121
v -9.298165 10.929883 214.821335
vn -2.524216 -4.414672 -1.354004
v -9.434294 11.300000 214.754959
vn -5.018412 -1.514721 -3.403114
v -9.168121 11.096047 214.460312
vn -2.257276 -3.947692 -2.021923
v -8.976881 11.299998 214.150528
vn -4.519022 -1.252025 -4.168215
v -8.968906 11.286620 214.146149
vn -5.108785 -1.304149 -3.379074
v -8.993073 10.759804 214.355011
vn -4.524075 -0.976467 -4.232753
v -8.776608 10.915289 214.039948
vn -4.553707 -0.755768 -4.245440
v -8.621028 10.502563 213.954880
vn -5.650477 -1.725169 -2.027644
v -9.140472 10.623149 214.715622
vn -6.186438 -0.561958 0.529562
v -8.990000 7.305502 224.455994
vn -6.186429 -0.468567 0.613747
v -8.990000 5.975034 223.256775
vn -6.186421 -0.362763 0.681685
v -8.990000 4.467579 222.289383
vn -6.186427 -0.247314 0.731497
v -8.990000 2.823107 221.579453
vn -6.186429 -0.125317 0.761933
v -8.990000 1.085221 221.145828
vn -6.186427 0.000001 0.772179
v -8.990000 -0.700000 221.000000
vn -6.186428 0.125316 0.761933
v -8.990000 -2.485221 221.145828
vn -6.186426 0.247313 0.731499
v -8.990000 -4.223107 221.579453
vn -6.186421 0.362766 0.681683
v -8.990000 -5.867579 222.289383
vn -6.186429 0.468565 0.613747
v -8.990000 -7.375034 223.256775
vn -6.186438 0.561957 0.529563
v -8.990000 -8.705503 224.455994
vn -6.186424 0.640474 0.431352
v -8.990000 -9.823708 225.855255
vn -6.186424 -0.640472 0.431354
v -8.990000 8.423708 225.855255
vn 0.316607 -2.395532 5.714079
v -15.901109 9.862949 235.028870
vn 0.095485 -4.281453 4.308738
v -15.901109 9.646404 234.900986
vn -0.024292 -5.856895 1.698740
v -15.901109 9.519509 234.683853
vn -0.077482 -6.195548 -0.745070
v -15.901109 9.514370 234.432419
vn 0.306510 -6.165976 -1.125880
v -15.455770 9.569442 234.187927
vn 0.660343 -6.137228 -1.036317
v -15.397399 9.608872 233.994278
vn 1.276083 -6.030653 -0.881406
v -15.333713 9.585972 234.156403
vn 2.728267 -5.462113 -0.703159
v -15.180953 9.655520 234.013138
vn 2.481255 -5.679796 -0.268944
v -15.227710 9.614086 234.200165
vn 3.621829 -5.001980 0.216707
v -15.132743 9.667510 234.245193
vn 2.180822 -5.802085 0.311949
v -15.319224 9.577975 234.371048
vn 3.159190 -5.201584 1.143742
v -15.237123 9.626797 234.442841
vn 1.627154 -5.887711 0.928923
v -15.427723 9.552712 234.490189
vn 2.340482 -5.308961 2.033256
v -15.360745 9.599524 234.581177
vn 0.784465 -5.945628 1.450304
v -15.753410 9.519719 234.655777
vn 0.991838 -5.307123 2.875205
v -15.732260 9.568136 234.775528
vn 1.356179 -4.465006 3.942281
v -15.718266 9.630955 234.861725
vn 1.291329 -3.254287 4.948509
v -15.706234 9.730327 234.946365
vn 3.487713 -3.302584 3.673701
v -15.273198 9.748590 234.719818
vn 1.879628 -2.675210 5.180405
v -15.586847 9.844210 234.970428
vn 3.357005 -2.836340 4.279020
v -15.304143 9.850851 234.818863
vn 4.490419 -3.039967 2.764246
v -15.127991 9.775411 234.556381
vn 5.131297 -2.514846 2.345233
v -15.027864 9.899790 234.494324
vn 5.281809 -2.725390 1.207002
v -15.005163 9.820569 234.322357
vn 4.783224 -3.796245 -0.175097
v -15.007260 9.789918 234.047012
vn 4.477767 -4.171082 0.756378
v -15.066966 9.728779 234.281372
vn 0.195207 -6.191570 0.045489
v -15.777637 9.504078 234.527817
vn 0.139450 -6.179543 -1.056123
v -15.740569 9.519998 234.408768
vn 0.833150 -6.161698 -0.239252
v -15.503107 9.534081 234.395462
vn 0.210065 -6.178359 -1.064621
v -15.596281 9.535938 234.339996
vn 1.083836 -6.114661 -0.533504
v -15.411162 9.555737 234.297699
vn 3.935750 -4.373991 1.877579
v -15.180573 9.685430 234.497696
vn 2.898240 -4.493518 2.969461
v -15.315016 9.657762 234.649155
vn 5.511892 -2.976696 -0.134755
v -14.910827 10.043272 232.817825
vn 4.800219 -3.999948 -0.190488
v -14.973782 9.948030 232.809311
vn 3.841496 -4.933330 -0.268385
v -15.056474 9.869549 232.801620
vn 2.714141 -5.630847 -0.373023
v -15.136193 9.821009 232.796249
vn 3.809647 -4.963694 0.140416
v -15.052124 9.889691 231.562057
vn 2.696491 -5.648462 0.174254
v -15.131577 9.841486 231.564987
vn 3.882935 -4.875854 0.545032
v -15.067476 9.807034 230.570801
vn 2.754763 -5.580268 0.678695
v -15.147962 9.757516 230.580368
vn 4.043524 -4.675360 0.956803
v -15.103334 9.607490 229.466431
vn 2.877991 -5.427717 1.193117
v -15.186289 9.554768 229.483353
vn 4.269485 -4.349135 1.390912
v -15.136003 9.299675 228.393997
vn 3.055824 -5.175275 1.731751
v -15.222296 9.241696 228.417953
vn 3.082088 -4.802526 2.222682
v -15.240000 8.906352 227.597824
vn 2.064286 -5.593636 1.966569
v -15.342974 9.196153 228.438721
vn 0.816912 -5.614491 2.622824
v -15.490000 8.845454 227.625717
vn 0.175012 -6.006702 1.817492
v -15.450953 9.341167 228.930328
vn 1.968722 -5.818805 1.304399
v -15.300187 9.513600 229.498962
vn 0.171046 -6.181369 1.094505
v -15.383801 9.659585 230.288559
vn 1.596370 -6.016035 0.740353
v -15.257150 9.718698 230.589523
vn 0.163726 -6.260104 0.483801
v -15.356696 9.770161 231.212906
vn 1.570275 -6.067226 0.192749
v -15.238804 9.803624 231.567841
vn -0.038638 -6.276370 -0.086090
v -15.350129 9.798488 232.143768
vn 1.545789 -6.061609 -0.398892
v -15.243898 9.782912 232.791031
vn -0.006206 -6.230886 -0.756108
v -15.363797 9.744685 233.073471
vn 5.317080 -2.756888 1.213272
v -15.056988 9.072727 227.521576
vn 5.262796 -3.217318 0.972214
v -15.052205 9.392605 228.357559
vn 5.039177 -3.634533 0.656073
v -15.019851 9.692654 229.441559
vn 4.869501 -3.899181 0.377191
v -14.984632 9.887101 230.557022
vn 4.792724 -4.013373 0.097798
v -14.969547 9.967649 231.557861
vn 5.785340 -2.363592 0.625616
v -14.996595 9.503221 228.315811
vn 5.707133 -2.560076 0.319373
v -14.959942 9.795287 229.413574
vn 5.583503 -2.819258 0.229948
v -14.922422 9.984105 230.541687
vn 5.461310 -3.080392 0.062499
v -14.906401 10.062309 231.553223
vn 0.817448 5.628745 2.592465
v -15.490000 -10.245455 227.625717
vn 3.091644 4.807451 2.202419
v -15.240000 -10.306353 227.597824
vn 0.817823 5.139673 3.462460
v -15.490000 -9.408994 226.134552
vn 3.098750 4.382398 2.951509
v -15.240000 -9.464555 226.097137
vn 0.818391 4.509611 4.250629
v -15.490000 -8.341617 224.798904
vn 3.098719 3.845282 3.623608
v -15.240000 -8.390368 224.752975
vn 0.819197 3.760007 4.926027
v -15.490000 -7.071623 223.654205
vn 3.098849 3.206216 4.199614
v -15.240000 -7.112273 223.600952
vn 0.819859 2.910752 5.470860
v -15.490000 -5.632689 222.730774
vn 3.098855 2.482138 4.664276
v -15.240000 -5.664158 222.671631
vn 0.820474 1.984320 5.870671
v -15.490000 -4.062966 222.053116
vn 3.098805 1.692240 5.005300
v -15.240000 -4.084421 221.989655
vn 0.821137 1.005318 6.114822
v -15.490000 -2.404074 221.639206
vn 3.098810 0.857487 5.213565
v -15.240000 -2.414946 221.573105
vn 0.821447 -0.000003 6.196894
v -15.490000 -0.700000 221.500000
vn 3.098782 -0.000002 5.283620
v -15.240000 -0.700000 221.433014
vn 0.821136 -1.005316 6.114822
v -15.490000 1.004074 221.639206
vn 3.098813 -0.857483 5.213564
v -15.240000 1.014946 221.573105
vn 0.820471 -1.984323 5.870670
v -15.490000 2.662966 222.053116
vn 3.098808 -1.692245 5.005295
v -15.240000 2.684421 221.989655
vn 0.819855 -2.910749 5.470862
v -15.490000 4.232689 222.730774
vn 3.098859 -2.482133 4.664277
v -15.240000 4.264158 222.671631
vn 0.819205 -3.759995 4.926034
v -15.490000 5.671623 223.654205
vn 3.098842 -3.206212 4.199621
v -15.240000 5.712273 223.600952
vn 0.818405 -4.509620 4.250618
v -15.490000 6.941616 224.798904
vn 3.098717 -3.845291 3.623603
v -15.240000 6.990368 224.752975
vn 0.817823 -5.139669 3.462465
v -15.490000 8.008994 226.134552
vn 3.098752 -4.382397 2.951510
v -15.240000 8.064555 226.097137
vn 5.322335 -2.480067 1.670304
v -15.056988 8.216351 225.994904
vn 5.316410 2.760770 1.208151
v -15.056988 -10.472728 227.521576
vn 5.322335 2.480064 1.670310
v -15.056988 -9.616350 225.994904
vn 5.322361 2.176079 2.050626
v -15.056988 -8.523560 224.627457
vn 5.322324 1.814454 2.376635
v -15.056988 -7.223329 223.455490
vn 5.322329 1.404694 2.639619
v -15.056988 -5.750134 222.510071
vn 5.322329 0.957670 2.832582
v -15.056988 -4.143036 221.816284
vn 5.322346 0.485265 2.950430
v -15.056988 -2.444648 221.392517
vn 5.322344 -0.000001 2.990079
v -15.056988 -0.700000 221.250000
vn 5.322345 -0.485262 2.950430
v -15.056988 1.044648 221.392517
vn 5.322330 -0.957670 2.832581
v -15.056988 2.743036 221.816284
vn 5.322330 -1.404697 2.639619
v -15.056988 4.350134 222.510071
vn 5.322326 -1.814455 2.376632
v -15.056988 5.823329 223.455490
vn 5.322360 -2.176074 2.050631
v -15.056988 7.123559 224.627457
vn 5.781836 2.373197 0.583266
v -14.990906 -10.993071 228.613892
vn 5.187947 3.366025 0.883920
v -15.048028 -10.884728 228.651688
vn 4.212168 4.446229 1.262607
v -15.131901 -10.794165 228.684891
vn 2.998167 5.252068 1.605622
v -15.217322 -10.737868 228.706955
vn 3.972978 4.763023 0.823161
v -15.093404 -11.089704 229.852966
vn 2.820561 5.493118 1.025985
v -15.175472 -11.038359 229.867340
vn 3.851250 4.915839 0.403039
v -15.059331 -11.243059 230.884399
vn 2.730823 5.611056 0.505561
v -15.139366 -11.194084 230.891861
vn 3.806047 4.968404 0.007911
v -15.045969 -11.299040 231.986725
vn 2.697934 5.650489 0.007773
v -15.125242 -11.250907 231.986816
vn 3.848163 4.919663 -0.382639
v -15.059263 -11.245599 233.089462
vn 2.731373 5.612343 -0.484855
v -15.139272 -11.196633 233.082153
vn 2.711902 5.470406 -0.798790
v -15.180953 -11.055521 234.013138
vn 2.062884 5.905370 -0.561460
v -15.247493 -11.158205 233.075119
vn 0.688035 6.136587 -1.041855
v -15.397399 -11.008872 233.994278
vn 0.147934 6.268849 -0.249359
v -15.347322 -11.193079 232.376495
vn 1.875523 5.992516 0.094174
v -15.232143 -11.213019 231.986877
vn 0.330437 6.218248 0.781237
v -15.367354 -11.125192 230.749619
vn 1.587513 6.043029 0.495449
v -15.247666 -11.155659 230.899063
vn 2.117747 5.809322 1.095170
v -15.287532 -10.998344 229.880814
vn 2.092921 5.623164 1.849433
v -15.336039 -10.693882 228.726486
vn 0.147253 6.050085 1.657979
v -15.443709 -10.806523 229.153839
vn 4.806512 3.796872 -0.298369
v -15.007260 -11.189919 234.047012
vn 4.831282 3.957056 -0.268312
v -14.976538 -11.324677 233.099930
vn 4.786074 4.022169 0.007767
v -14.963552 -11.376734 231.986588
vn 4.836740 3.950315 0.275658
v -14.976650 -11.322195 230.873672
vn 4.969967 3.748222 0.566583
v -15.010040 -11.172786 229.832062
vn 5.501518 3.002796 -0.153503
v -14.913906 -11.420529 233.111542
vn 5.505647 2.981555 0.017663
v -14.900450 -11.470988 231.986435
vn 5.579755 2.822423 0.125213
v -14.914091 -11.418137 230.861755
vn 5.590208 2.833430 0.314766
v -14.949033 -11.273253 229.808655
vn 0.134099 6.180997 -1.066840
v -15.715295 -10.922164 234.399780
vn 0.000714 6.228802 -0.558709
v -15.901109 -10.914370 234.432419
vn 0.279320 6.205484 0.006352
v -15.730896 -10.906835 234.515549
vn 0.064842 5.833398 1.710144
v -15.901109 -10.919510 234.683853
vn 0.795325 5.970679 1.410819
v -15.697744 -10.922435 234.639908
vn 1.069958 5.362720 2.824423
v -15.668703 -10.970064 234.756622
vn 1.415487 5.935947 1.082495
v -15.513134 -10.939518 234.553406
vn 2.042452 5.368497 2.284302
v -15.458116 -10.985946 234.654938
vn 2.045121 5.803706 0.548098
v -15.390659 -10.960019 234.455643
vn 2.933173 5.193736 1.474494
v -15.318542 -11.007252 234.540955
vn 2.494527 5.657344 -0.245887
v -15.210678 -11.024779 234.148895
vn 3.627014 4.953986 0.193858
v -15.113273 -11.079859 234.185989
vn 4.456313 4.133530 0.763812
v -15.045767 -11.142260 234.216629
vn 5.246103 2.826346 1.043762
v -14.982280 -11.235114 234.252365
vn 4.099164 3.338347 3.014608
v -15.223639 -11.155718 234.672501
vn 5.060932 2.860787 1.978228
v -15.002902 -11.308451 234.447617
vn 3.983014 2.605226 3.946054
v -15.222496 -11.259022 234.749023
vn 2.925087 3.252805 4.246070
v -15.387151 -11.137350 234.806351
vn 2.098892 2.484571 5.242182
v -15.537274 -11.243813 234.950317
vn 1.452050 3.253426 4.938516
v -15.632517 -11.129384 234.924637
vn 0.387880 2.442088 5.679917
v -15.901109 -11.262950 235.028870
vn 0.231454 4.251680 4.291848
v -15.901109 -11.046404 234.900986
vn 1.400867 4.529147 3.907493
v -15.649364 -11.031752 234.841064
vn 1.311170 6.003341 -0.927254
v -15.319376 -10.994788 234.113907
vn 0.373446 6.167994 -1.094383
v -15.443051 -10.974097 234.165894
vn 1.039800 6.123289 -0.411340
v -15.471673 -10.940399 234.367279
vn 0.251233 6.176029 -1.086108
v -15.554608 -10.943278 234.307678
vn 0.710469 6.184849 -0.185985
v -15.575311 -10.922518 234.446701
vn 2.534478 4.540838 3.308251
v -15.420815 -11.044808 234.729858
vn 3.626719 4.355565 2.278676
v -15.269130 -11.065405 234.605164
vn 0.374896 -1.872643 5.972056
v -15.734037 10.432262 235.192123
vn 0.294992 -1.892483 5.974293
v -15.484591 10.970599 235.346497
vn 0.521717 -1.823741 5.929418
v -15.158257 11.466115 235.488571
vn -0.388558 2.394036 5.699730
v -8.078891 -11.262950 235.028870
vn -0.145100 4.270887 4.303062
v -8.078891 -11.046404 234.900986
vn -0.007421 5.848665 1.702883
v -8.078891 -10.919510 234.683853
vn 0.066127 6.195474 -0.735452
v -8.078891 -10.914370 234.432419
vn -0.312888 6.164110 -1.134591
v -8.536950 -10.974097 234.165894
vn -0.663587 6.132642 -1.059431
v -8.582602 -11.008872 233.994278
vn -1.287874 6.021892 -0.928458
v -8.651628 -10.988797 234.142868
vn -2.716436 5.464189 -0.749732
v -8.799047 -11.055521 234.013138
vn -2.500011 5.672688 -0.337372
v -8.758600 -11.017505 234.183777
vn -3.656115 4.988626 0.106724
v -8.854450 -11.071423 234.226227
vn -2.243574 5.786304 0.205594
v -8.681838 -10.984107 234.342133
vn -3.252836 5.182350 0.985094
v -8.766856 -11.033545 234.409271
vn -1.858819 5.879319 0.694865
v -8.589343 -10.960020 234.455643
vn -2.691672 5.306178 1.714628
v -8.661462 -11.007253 234.540955
vn -1.328160 5.943659 1.141422
v -8.431290 -10.935123 234.574829
vn -1.916428 5.372149 2.378141
v -8.481323 -10.981596 234.680008
vn -0.672230 5.984354 1.448319
v -8.244926 -10.920540 234.650803
vn -0.863787 5.371650 2.896976
v -8.268675 -10.968669 234.769592
vn -1.181219 4.538418 3.996719
v -8.284426 -11.031101 234.855240
vn -1.221712 3.150672 5.068494
v -8.298038 -11.129912 234.939529
vn -2.767590 3.251947 4.354021
v -8.545459 -11.134274 234.835663
vn -2.069134 2.456374 5.263165
v -8.442728 -11.243813 234.950317
vn -3.949845 2.626917 3.967362
v -8.757506 -11.259022 234.749023
vn -3.912459 3.361379 3.327970
v -8.756364 -11.155719 234.672485
vn -4.665144 3.068305 2.481353
v -8.880248 -11.182403 234.516891
vn -3.349625 4.494030 2.595415
v -8.710874 -11.065406 234.605148
vn -4.056158 4.354314 1.678437
v -8.825521 -11.092414 234.460999
vn -4.790915 3.796882 -0.220804
v -8.972740 -11.189919 234.047012
vn -4.522153 4.159212 0.630852
v -8.920869 -11.133011 234.260651
vn -5.314845 2.818121 1.034862
v -8.983316 -11.225093 234.300034
vn -5.299359 2.472664 2.051512
v -8.977100 -11.308451 234.447601
vn -0.170308 6.206580 0.017403
v -8.217756 -10.904934 234.523987
vn -0.127344 6.178336 -1.078904
v -8.264706 -10.922164 234.399780
vn -0.668812 6.189254 -0.159642
v -8.374640 -10.918596 234.463928
vn -0.233532 6.173159 -1.098897
v -8.425393 -10.943278 234.307678
vn -0.935254 6.151229 -0.362453
v -8.508328 -10.940399 234.367264
vn -1.117721 6.105917 -0.581326
v -8.586723 -10.960918 234.273987
vn -2.374124 4.542093 3.421631
v -8.515135 -11.040872 234.757294
vn -5.511891 2.976699 -0.134753
v -9.069174 -11.443273 232.817825
vn -4.800219 3.999948 -0.190486
v -9.006219 -11.348031 232.809311
vn -3.841505 4.933325 -0.268382
v -8.923527 -11.269549 232.801620
vn -2.693369 5.641447 -0.344795
v -8.843806 -11.221008 232.796249
vn -3.809618 4.963715 0.140415
v -8.927876 -11.289692 231.562057
vn -2.696477 5.648470 0.174254
v -8.848422 -11.241487 231.564987
vn -3.882942 4.875856 0.545034
v -8.912523 -11.207035 230.570801
vn -2.754799 5.580245 0.678697
v -8.832039 -11.157516 230.580368
vn -4.043510 4.675368 0.956805
v -8.876666 -11.007489 229.466431
vn -2.877984 5.427723 1.193117
v -8.793711 -10.954767 229.483353
vn -4.269479 4.349143 1.390910
v -8.843998 -10.699676 228.393997
vn -3.055811 5.175282 1.731750
v -8.757704 -10.641696 228.417953
vn -3.082083 4.802533 2.222686
v -8.740000 -10.306353 227.597824
vn -2.064271 5.593642 1.966568
v -8.637026 -10.596153 228.438721
vn -0.816913 5.614491 2.622825
v -8.490000 -10.245455 227.625717
vn -0.175003 6.006704 1.817489
v -8.529048 -10.741168 228.930328
vn -1.968719 5.818807 1.304397
v -8.679813 -10.913600 229.498962
vn -0.171045 6.181369 1.094504
v -8.596200 -11.059585 230.288559
vn -1.596370 6.016035 0.740356
v -8.722851 -11.118697 230.589523
vn -0.163742 6.260104 0.483805
v -8.623303 -11.170160 231.212906
vn -1.570290 6.067223 0.192753
v -8.741196 -11.203625 231.567841
vn 0.038637 6.276369 -0.086089
v -8.629871 -11.198488 232.143768
vn -1.566300 6.058329 -0.361881
v -8.736102 -11.182913 232.791031
vn 0.006212 6.230885 -0.756113
v -8.616203 -11.144686 233.073471
vn -5.317077 2.756886 1.213269
v -8.923013 -10.472728 227.521576
vn -5.262792 3.217320 0.972213
v -8.927795 -10.792604 228.357559
vn -5.039176 3.634533 0.656074
v -8.960150 -11.092653 229.441559
vn -4.869496 3.899175 0.377191
v -8.995369 -11.287101 230.557022
vn -4.792713 4.013385 0.097797
v -9.010453 -11.367648 231.557861
vn -5.785347 2.363576 0.625609
v -8.983405 -10.903221 228.315811
vn -5.707139 2.560069 0.319370
v -9.020059 -11.195287 229.413574
vn -5.583502 2.819275 0.229956
v -9.057577 -11.384106 230.541687
vn -5.461309 3.080393 0.062498
v -9.073600 -11.462309 231.553223
vn -0.817448 -5.628744 2.592466
v -8.490000 8.845454 227.625717
vn -3.091637 -4.807457 2.202422
v -8.740000 8.906352 227.597824
vn -0.817823 -5.139673 3.462460
v -8.490000 8.008994 226.134552
vn -3.098744 -4.382402 2.951512
v -8.740000 8.064555 226.097137
vn -0.818398 -4.509610 4.250629
v -8.490000 6.941616 224.798904
vn -3.098719 -3.845287 3.623612
v -8.740000 6.990368 224.752975
vn -0.819197 -3.760007 4.926027
v -8.490000 5.671623 223.654205
vn -3.098844 -3.206218 4.199616
v -8.740000 5.712273 223.600952
vn -0.819859 -2.910752 5.470860
v -8.490000 4.232689 222.730774
vn -3.098849 -2.482140 4.664281
v -8.740000 4.264158 222.671631
vn -0.820474 -1.984320 5.870671
v -8.490000 2.662966 222.053116
vn -3.098799 -1.692242 5.005304
v -8.740000 2.684421 221.989655
vn -0.821138 -1.005318 6.114822
v -8.490000 1.004074 221.639206
vn -3.098804 -0.857488 5.213571
v -8.740000 1.014946 221.573105
vn -0.821447 0.000003 6.196894
v -8.490000 -0.700000 221.500000
vn -3.098776 0.000002 5.283626
v -8.740000 -0.700000 221.433014
vn -0.821135 1.005316 6.114822
v -8.490000 -2.404074 221.639206
vn -3.098806 0.857484 5.213570
v -8.740000 -2.414946 221.573105
vn -0.820471 1.984323 5.870670
v -8.490000 -4.062966 222.053116
vn -3.098802 1.692247 5.005301
v -8.740000 -4.084421 221.989655
vn -0.819855 2.910749 5.470862
v -8.490000 -5.632689 222.730774
vn -3.098853 2.482135 4.664282
v -8.740000 -5.664158 222.671631
vn -0.819205 3.759994 4.926034
v -8.490000 -7.071623 223.654205
vn -3.098833 3.206216 4.199626
v -8.740000 -7.112273 223.600952
vn -0.818398 4.509623 4.250617
v -8.490000 -8.341617 224.798904
vn -3.098706 3.845296 3.623607
v -8.740000 -8.390368 224.752975
vn -0.817822 5.139668 3.462465
v -8.490000 -9.408994 226.134552
vn -3.098745 4.382401 2.951514
v -8.740000 -9.464555 226.097137
vn -5.322332 2.480063 1.670302
v -8.923013 -9.616350 225.994904
vn -5.316408 -2.760762 1.208148
v -8.923013 9.072727 227.521576
vn -5.322333 -2.480060 1.670307
v -8.923013 8.216351 225.994904
vn -5.322357 -2.176076 2.050623
v -8.923013 7.123559 224.627457
vn -5.322323 -1.814450 2.376629
v -8.923013 5.823329 223.455490
vn -5.322328 -1.404691 2.639614
v -8.923013 4.350134 222.510071
vn -5.322328 -0.957668 2.832577
v -8.923013 2.743036 221.816284
vn -5.322344 -0.485264 2.950424
v -8.923013 1.044648 221.392517
vn -5.322342 0.000001 2.990073
v -8.923013 -0.700000 221.250000
vn -5.322343 0.485261 2.950426
v -8.923013 -2.444648 221.392517
vn -5.322328 0.957668 2.832576
v -8.923013 -4.143036 221.816284
vn -5.322326 1.404694 2.639613
v -8.923013 -5.750134 222.510071
vn -5.322322 1.814453 2.376629
v -8.923013 -7.223329 223.455490
vn -5.322361 2.176069 2.050627
v -8.923013 -8.523560 224.627457
vn -5.781846 -2.373178 0.583258
v -8.989094 9.593071 228.613892
vn -5.187952 -3.366012 0.883915
v -8.931973 9.484728 228.651688
vn -4.212139 -4.446255 1.262618
v -8.848099 9.394164 228.684891
vn -2.998148 -5.252080 1.605628
v -8.762677 9.337869 228.706955
vn -3.972953 -4.763045 0.823168
v -8.886597 9.689704 229.852966
vn -2.820548 -5.493126 1.025988
v -8.804527 9.638359 229.867340
vn -3.851250 -4.915844 0.403040
v -8.920669 9.843060 230.884399
vn -2.730830 -5.611051 0.505559
v -8.840634 9.794085 230.891861
vn -3.806047 -4.968407 0.007912
v -8.934031 9.899040 231.986725
vn -2.697942 -5.650485 0.007772
v -8.854758 9.850907 231.986816
vn -3.848184 -4.919651 -0.382640
v -8.920736 9.845599 233.089462
vn -2.731383 -5.612335 -0.484855
v -8.840728 9.796633 233.082153
vn -2.711891 -5.470410 -0.798796
v -8.799047 9.655520 234.013138
vn -2.062870 -5.905375 -0.561461
v -8.732508 9.758205 233.075119
vn -0.688023 -6.136588 -1.041861
v -8.582602 9.608872 233.994278
vn -0.147934 -6.268849 -0.249359
v -8.632678 9.793079 232.376495
vn -1.875524 -5.992515 0.094174
v -8.747856 9.813020 231.986877
vn -0.330461 -6.218246 0.781236
v -8.612645 9.725191 230.749619
vn -1.587529 -6.043028 0.495449
v -8.732333 9.755659 230.899063
vn -2.117761 -5.809319 1.095167
v -8.692468 9.598345 229.880814
vn -2.092932 -5.623161 1.849434
v -8.643961 9.293882 228.726486
vn -0.147255 -6.050085 1.657978
v -8.536291 9.406524 229.153839
vn -4.806508 -3.796870 -0.298360
v -8.972740 9.789918 234.047012
vn -4.831270 -3.957075 -0.268318
v -9.003462 9.924678 233.099930
vn -4.786065 -4.022176 0.007768
v -9.016448 9.976734 231.986588
vn -4.836721 -3.950339 0.275664
v -9.003350 9.922195 230.873672
vn -4.969957 -3.748235 0.566587
v -8.969960 9.772785 229.832062
vn -5.501523 -3.002783 -0.153503
v -9.066094 10.020530 233.111542
vn -5.505651 -2.981546 0.017664
v -9.079550 10.070988 231.986435
vn -5.579750 -2.822430 0.125218
v -9.065909 10.018136 230.861755
vn -5.590216 -2.833412 0.314761
v -9.030968 9.873253 229.808655
vn -0.134067 -6.180979 -1.066918
v -8.264705 9.522163 234.399780
vn -0.000705 -6.228800 -0.558724
v -8.078891 9.514370 234.432419
vn -0.279319 -6.205480 0.006362
v -8.249104 9.506834 234.515549
vn -0.064847 -5.833393 1.710145
v -8.078891 9.519509 234.683853
vn -0.795333 -5.970681 1.410835
v -8.282256 9.522435 234.639908
vn -1.069964 -5.362717 2.824430
v -8.311297 9.570065 234.756622
vn -1.415504 -5.935931 1.082511
v -8.466866 9.539517 234.553406
vn -2.042463 -5.368491 2.284318
v -8.521884 9.585946 234.654938
vn -2.045141 -5.803704 0.548110
v -8.589341 9.560019 234.455643
vn -2.933179 -5.193724 1.474506
v -8.661459 9.607252 234.540955
vn -2.494539 -5.657331 -0.245885
v -8.769322 9.624779 234.148895
vn -3.627036 -4.953971 0.193878
v -8.866728 9.679859 234.185989
vn -4.456314 -4.133542 0.763836
v -8.934233 9.742260 234.216629
vn -5.246097 -2.826350 1.043759
v -8.997721 9.835114 234.252365
vn -4.099153 -3.338346 3.014610
v -8.756361 9.755718 234.672501
vn -5.060925 -2.860789 1.978226
v -8.977098 9.908450 234.447617
vn -3.983014 -2.605222 3.946063
v -8.757504 9.859022 234.749023
vn -2.925087 -3.252814 4.246066
v -8.592849 9.737350 234.806351
vn -2.098892 -2.484585 5.242171
v -8.442726 9.843812 234.950317
vn -1.452047 -3.253435 4.938516
v -8.347483 9.729384 234.924637
vn -0.387879 -2.442093 5.679915
v -8.078891 9.862949 235.028870
vn -0.231457 -4.251680 4.291853
v -8.078891 9.646404 234.900986
vn -1.400872 -4.529140 3.907495
v -8.330636 9.631752 234.841064
vn -1.311144 -6.003341 -0.927265
v -8.660624 9.594788 234.113907
vn -0.373417 -6.167994 -1.094399
v -8.536949 9.574098 234.165894
vn -1.039796 -6.123283 -0.411351
v -8.508327 9.540399 234.367279
vn -0.251217 -6.176026 -1.086134
v -8.425392 9.543279 234.307678
vn -0.710462 -6.184847 -0.185995
v -8.404689 9.522517 234.446701
vn -2.534479 -4.540837 3.308254
v -8.559185 9.644809 234.729858
vn -3.626718 -4.355570 2.278683
v -8.710870 9.665405 234.605164
vn -0.409737 1.903798 5.956489
v -8.245962 -11.832262 235.192123
vn -0.294995 1.892485 5.974292
v -8.495409 -12.370599 235.346497
vn -0.521533 1.819770 5.930189
v -8.821744 -12.866115 235.488571
vn -1.333556 2.252449 5.671914
v -8.579955 -12.008718 235.210800
vn -2.248218 2.954600 4.912396
v -9.183671 -12.637917 235.311630
vn -2.632710 2.673310 5.008323
v -8.790229 -11.943925 235.099609
vn -3.697845 2.900273 4.131349
v -8.940475 -11.910692 234.974533
vn -4.682968 2.996886 2.858180
v -9.106805 -11.895185 234.761765
vn -5.382818 2.878632 1.367754
v -9.219430 -11.913802 234.516159
vn -4.036280 3.741940 2.808551
v -9.468011 -12.517728 234.966553
vn 3.976284 4.580512 1.578986
v -14.048809 -12.915066 234.851578
vn 4.024262 3.753592 2.808611
v -14.511989 -12.517728 234.966553
vn 3.445066 4.276459 2.977656
v -14.131846 -12.967939 235.105896
vn 2.725068 3.718509 4.220431
v -14.255934 -13.070286 235.325928
vn 2.796005 4.641078 3.108187
v -13.682323 -13.334869 235.171387
vn 2.228175 3.803578 4.433400
v -13.780554 -13.479190 235.398224
vn 1.886966 4.975074 3.263970
v -13.058562 -13.659101 235.195038
vn 1.523590 3.919686 4.622427
v -13.120683 -13.841795 235.427689
vn 0.575345 4.035613 4.734191
v -12.418023 -14.033891 235.427872
vn 0.412703 2.657729 5.641979
v -12.441076 -14.221453 235.551682
vn -0.281301 4.063403 4.734122
v -11.702763 -14.051432 235.430161
vn -0.200927 2.670488 5.643236
v -11.687688 -14.240429 235.553970
vn -0.884511 4.021790 4.688114
v -11.347766 -13.994728 235.430939
vn -0.622287 2.678098 5.602812
v -11.313819 -14.178110 235.555359
vn -1.373476 3.950826 4.633375
v -10.998101 -13.894577 235.428986
vn -0.957795 2.680158 5.555928
v -10.946027 -14.068367 235.554276
vn -1.864255 3.882880 4.517555
v -10.522743 -13.681706 235.417953
vn -1.320265 2.739724 5.451024
v -10.447408 -13.835752 235.544647
vn -2.188772 3.798052 4.438169
v -10.294200 -13.543963 235.405762
vn -1.546160 2.762178 5.376253
v -10.208354 -13.685639 235.533081
vn -2.424184 3.744590 4.361955
v -10.074271 -13.385947 235.385925
vn -1.709566 2.811693 5.301088
v -9.978649 -13.513856 235.513641
vn -2.639554 3.694815 4.279719
v -9.864917 -13.208153 235.355942
vn -1.856988 2.874225 5.217758
v -9.760228 -13.321105 235.483704
vn -2.849161 3.654403 4.183156
v -9.668041 -13.011751 235.313324
vn -1.980156 2.936556 5.138499
v -9.554982 -13.108741 235.440659
vn -0.920932 2.029342 5.791347
v -9.394738 -13.257040 235.555893
vn -0.189153 0.902246 6.183517
v -9.451812 -13.677785 235.650543
vn -0.970204 1.893744 5.852719
v -9.611020 -13.489985 235.596710
vn -0.943917 1.742411 5.910540
v -9.841504 -13.702229 235.623688
vn 2.250801 2.943042 4.915507
v -14.796329 -12.637917 235.311630
vn 1.886284 2.953012 5.171535
v -14.366892 -13.171947 235.453415
vn 1.566352 2.806842 5.361579
v -13.870841 -13.615060 235.525772
vn 1.069584 2.692059 5.538675
v -13.179585 -14.010682 235.553360
vn 0.556269 1.210577 6.088935
v -13.265703 -14.253525 235.651062
vn 0.214459 1.073353 6.143254
v -12.475270 -14.489601 235.641754
vn 0.071536 -0.205771 6.259198
v -12.898687 -14.683290 235.661896
vn -0.008164 -0.431953 6.241712
v -11.990226 -14.813709 235.650665
vn 0.882685 1.994431 5.818819
v -14.524578 -13.326227 235.568085
vn 0.532837 1.812222 5.930050
v -15.158257 -12.866115 235.488571
vn 0.210061 0.926890 6.178670
v -14.528405 -13.678582 235.649368
vn 0.786168 1.535358 5.981936
v -14.000900 -13.813873 235.633957
vn 0.146399 0.195584 6.246827
v -13.760061 -14.297138 235.682785
vn -0.137779 1.076556 6.137522
v -11.665509 -14.510402 235.643799
vn -0.070867 -0.235156 6.252582
v -11.081473 -14.682368 235.665115
vn -0.313218 1.150595 6.113625
v -11.263764 -14.440423 235.647614
vn -0.515875 1.219738 6.086615
v -10.869507 -14.317718 235.650269
vn -0.138266 0.213455 6.253805
v -10.219920 -14.297689 235.681183
vn -0.683423 1.423154 6.024795
v -10.337876 -14.058662 235.647476
vn -0.810601 1.495084 5.982578
v -10.084392 -13.892135 235.639618
vn -3.599833 4.150153 2.957645
v -9.795148 -12.915326 235.094269
vn -3.300508 4.360492 2.991640
v -9.981323 -13.091758 235.133514
vn -3.019374 4.515731 3.055199
v -10.179267 -13.251258 235.160568
vn -2.715829 4.663907 3.113857
v -10.387172 -13.392802 235.177856
vn -2.304576 4.843688 3.178768
v -10.603199 -13.516024 235.187866
vn -1.704499 5.023899 3.275925
v -11.052489 -13.706190 235.195587
vn -1.088564 5.157926 3.323906
v -11.382969 -13.795543 235.195969
vn -0.343136 5.242665 3.362344
v -11.718481 -13.846065 235.194290
vn 0.720654 5.210302 3.355922
v -12.394471 -13.830343 235.192230
vn 0.805225 5.962917 1.671456
v -12.382265 -13.706282 234.905487
vn 2.035032 5.670038 1.675913
v -13.022992 -13.547704 234.915817
vn -4.077175 4.470104 1.642334
v -9.881293 -12.867329 234.841507
vn -3.018146 5.190441 1.793229
v -10.444608 -13.302720 234.909103
vn -3.390849 5.009318 1.572792
v -10.246444 -13.173177 234.896866
vn -3.781337 4.733408 1.537182
v -10.058154 -13.027703 234.875153
vn -1.815908 5.710506 1.816214
v -11.082894 -13.591033 234.914566
vn -2.641792 5.416715 1.676447
v -10.651087 -13.415843 234.914474
vn -0.335364 5.990645 1.762682
v -11.727262 -13.720551 234.907120
vn -1.271568 5.854161 1.800860
v -11.402247 -13.673651 234.911118
vn 3.129122 5.165822 1.661438
v -13.621003 -13.249566 234.904861
vn 5.367024 2.905715 1.373131
v -14.749458 -11.938644 234.525146
vn 4.669182 3.016356 2.860260
v -14.861846 -11.921208 234.770508
vn 3.670711 2.927354 4.135793
v -15.027519 -11.938240 234.983154
vn 2.626423 2.698238 4.997447
v -15.177051 -11.972751 235.108261
vn 1.341290 2.240640 5.675375
v -15.386235 -12.039246 235.219650
vn 0.299784 1.894082 5.973251
v -15.484591 -12.370599 235.346497
vn 0.323340 1.826078 5.993598
v -15.734037 -11.832262 235.192123
vn 1.340467 -2.240254 5.675344
v -15.400044 10.608717 235.210800
vn 2.244105 -2.957649 4.912832
v -14.796329 11.237917 235.311630
vn 2.628319 -2.651192 5.023316
v -15.189771 10.543924 235.099609
vn 3.723098 -2.902885 4.106540
v -15.039524 10.510692 234.974533
vn 4.661544 -3.021520 2.866217
v -14.873195 10.495185 234.761765
vn 5.377881 -2.890226 1.365899
v -14.760570 10.513803 234.516159
vn 4.030222 -3.749977 2.807297
v -14.511989 11.117728 234.966553
vn -3.912582 -4.644481 1.535475
v -9.978673 11.556060 234.860367
vn -4.010934 -3.768443 2.808665
v -9.468011 11.117728 234.966553
vn -3.366109 -4.328617 2.993078
v -9.897768 11.612679 235.116928
vn -2.662308 -3.733639 4.247375
v -9.776474 11.720442 235.338272
vn -2.749792 -4.653115 3.124467
v -10.412213 12.004651 235.178009
vn -2.189257 -3.780687 4.467712
v -10.320580 12.157598 235.406570
vn -2.070473 -4.927766 3.219004
v -10.793587 12.204943 235.191483
vn -1.674817 -3.905923 4.577895
v -10.724000 12.381446 235.423492
vn -0.979819 -4.011266 4.685848
v -11.252284 12.570191 235.430832
vn -0.673395 -2.679982 5.601884
v -11.213259 12.750840 235.555145
vn -0.354008 -4.058122 4.730906
v -11.794741 12.656414 235.430573
vn -0.258713 -2.665526 5.641333
v -11.784344 12.845665 235.553970
vn 0.222647 -4.063918 4.731643
v -12.132994 12.659045 235.429184
vn 0.145443 -2.664422 5.644372
v -12.140667 12.848757 235.552444
vn 0.815573 -4.025934 4.701057
v -12.589177 12.601463 235.428635
vn 0.570748 -2.663795 5.618663
v -12.620997 12.785529 235.552444
vn 1.417363 -3.947167 4.624748
v -13.037394 12.473099 235.427872
vn 1.000923 -2.679832 5.549353
v -13.092179 12.644512 235.552979
vn 1.907464 -3.870478 4.508780
v -13.471188 12.272146 235.418747
vn 1.357235 -2.735023 5.443048
v -13.546929 12.424880 235.545242
vn 2.196310 -3.796205 4.434726
v -13.680043 12.144958 235.407654
vn 1.551825 -2.761576 5.374232
v -13.765359 12.286407 235.534698
vn 2.405377 -3.750501 4.365893
v -13.881673 12.001067 235.389893
vn 1.692111 -2.809514 5.307045
v -13.975961 12.130102 235.517288
vn 2.611809 -3.709764 4.282938
v -14.097949 11.820452 235.359802
vn 1.833518 -2.878040 5.223372
v -14.201613 11.934326 235.487244
vn 2.827510 -3.668653 4.185733
v -14.301262 11.621087 235.316559
vn 1.960432 -2.942898 5.142507
v -14.413559 11.718698 235.443604
vn 0.911208 -2.030835 5.793470
v -14.573379 11.868291 235.558823
vn 0.182961 -0.908425 6.183275
v -14.528312 12.274190 235.650925
vn 0.960988 -1.889479 5.856331
v -14.349995 12.104992 235.600082
vn 0.927801 -1.726893 5.916727
v -14.111769 12.320618 235.627060
vn -2.246264 -2.939746 4.918949
v -9.183671 11.237917 235.311630
vn -1.832799 -2.934873 5.200224
v -9.668274 11.826277 235.465485
vn -1.529997 -2.745952 5.400373
v -10.236115 12.300518 235.533386
vn -1.189472 -2.699978 5.506650
v -10.658385 12.544404 235.549210
vn -0.317355 -1.133349 6.117026
v -11.155549 13.010446 235.648346
vn -0.154459 -1.061332 6.137804
v -11.768969 13.117028 235.643463
vn 0.083841 -1.071280 6.138352
v -12.152141 13.120805 235.641525
vn 0.278682 -1.142471 6.122903
v -12.668183 13.049893 235.643845
vn 0.556378 -1.219412 6.082820
v -13.172832 12.891634 235.649673
vn 0.720127 -1.423029 6.019435
v -13.657301 12.646839 235.648560
vn 0.836402 -1.557721 5.972185
v -13.888960 12.493334 235.641342
vn -0.874690 -1.960278 5.834991
v -9.513822 11.986547 235.579391
vn -0.538607 -1.810638 5.929529
v -8.821744 11.466115 235.488571
vn -0.210050 -0.907567 6.181082
v -9.451581 12.274551 235.648514
vn -0.754484 -1.452005 6.007022
v -10.113580 12.509485 235.639221
vn -0.145877 -0.229514 6.254782
v -10.219733 12.895513 235.679214
vn -0.622452 -1.294401 6.064651
v -10.562175 12.780132 235.648865
vn -0.059853 0.224066 6.253903
v -11.081379 13.281013 235.664734
vn -0.006671 0.422809 6.241504
v -11.990119 13.411032 235.651047
vn 0.067161 0.193321 6.260167
v -12.898669 13.281598 235.661545
vn 0.143336 -0.163132 6.250546
v -13.760077 12.895018 235.682739
vn 3.575536 -4.173172 2.954918
v -14.174636 11.523536 235.096985
vn 3.269201 -4.384884 2.988776
v -13.982382 11.702553 235.136749
vn 2.998071 -4.529300 3.053219
v -13.777883 11.864577 235.163864
vn 2.723013 -4.662009 3.107614
v -13.587250 11.993523 235.179321
vn 2.351026 -4.825419 3.170290
v -13.389805 12.107372 235.188446
vn 1.748617 -5.017419 3.264989
v -12.979793 12.286853 235.194443
vn 1.008150 -5.178225 3.323488
v -12.556237 12.401152 235.193115
vn 0.284119 -5.248744 3.349065
v -12.125174 12.452434 235.192749
vn -0.428376 -5.240352 3.350985
v -11.805537 12.450184 235.194199
vn -1.223569 -5.140385 3.316098
v -11.292900 12.373453 235.195862
vn -2.304221 -5.588390 1.577347
v -10.833642 12.097890 234.913971
vn -3.067070 -5.194550 1.694334
v -10.468448 11.913954 234.907990
vn 4.061431 -4.489706 1.626375
v -14.089005 11.474907 234.843445
vn 3.024502 -5.190238 1.778370
v -13.529959 11.903452 234.910004
vn 3.362018 -5.029279 1.569418
v -13.711750 11.785490 234.899063
vn 3.746703 -4.767905 1.504582
v -13.906355 11.637701 234.877411
vn 1.867486 -5.708628 1.759912
v -12.947495 12.173360 234.913666
vn 2.686662 -5.395280 1.673269
v -13.341210 12.007905 234.914932
vn 0.235005 -5.979526 1.832923
v -12.121142 12.326900 234.904358
vn 1.194463 -5.889182 1.726708
v -12.538598 12.279367 234.907059
vn -1.413658 -5.829793 1.791516
v -11.314940 12.253364 234.911392
vn -0.372709 -5.982046 1.788864
v -11.811302 12.324630 234.906097
vn -5.367023 -2.905713 1.373144
v -9.230541 10.538645 234.525146
vn -4.669188 -3.016356 2.860252
v -9.118154 10.521209 234.770508
vn -3.670714 -2.927353 4.135788
v -8.952481 10.538239 234.983154
vn -2.626415 -2.698231 4.997456
v -8.802949 10.572750 235.108261
vn -1.341286 -2.240637 5.675377
v -8.593764 10.639246 235.219650
vn -0.299783 -1.894082 5.973250
v -8.495409 10.970599 235.346497
vn -0.323339 -1.826076 5.993599
v -8.245962 10.432262 235.192123
vn 2.173549 5.311375 -2.555989
v -7.816396 -13.633297 200.733734
vn 2.163775 5.335736 -2.512151
v -6.702723 -14.581675 199.708557
vn 2.276303 5.327282 -2.432387
v -7.897658 -14.442153 198.907654
vn 2.048293 5.344037 -2.590354
v -6.198339 -14.563201 200.160294
vn 2.057111 5.287329 -2.699139
v -7.329283 -13.614756 201.159714
vn 1.943571 5.256181 -2.839253
v -6.844555 -13.589417 201.561752
vn 0.955042 5.796399 -1.380731
v -8.049618 -12.700000 202.386002
vn 0.861094 5.766542 -1.494815
v -7.044102 -12.700000 203.007996
vn 1.050072 5.817812 -1.265668
v -8.932858 -12.700000 201.725861
vn -1.870332 3.490583 -2.496103
v -8.178514 -12.700000 213.471603
vn -4.114437 0.511659 -4.714175
v -8.445944 -12.323007 213.727539
vn -3.949577 0.624620 -4.822729
v -8.092747 -11.580253 213.498901
vn -3.652975 0.376996 -5.091487
v -8.085988 -12.495663 213.423965
vn -3.301008 0.436670 -5.304407
v -7.627307 -11.698831 213.152557
vn -2.920531 -1.637955 -4.899111
v -7.704483 -12.668384 213.165817
vn -2.861861 0.314869 -5.570428
v -7.123783 -11.819096 212.865082
vn -1.432798 3.187516 -2.795088
v -7.276735 -12.700000 212.939072
vn -1.050085 5.817815 -1.265648
v -15.047007 -12.700000 201.725754
vn 1.870331 3.490591 -2.496103
v -15.801485 -12.700000 213.471603
vn -0.955066 5.796404 -1.380708
v -15.930093 -12.700000 202.385803
vn 1.446402 3.210928 -2.787504
v -16.703264 -12.700000 212.939072
vn -0.861114 5.766517 -1.494804
v -16.935745 -12.700000 203.007904
vn 1.414153 3.116768 -2.805060
v -16.934612 -12.700000 212.826019
vn 1.484939 3.095443 -2.767972
v -17.163254 -12.700000 212.707596
vn 1.519712 3.094738 -2.749155
v -17.389061 -12.700000 212.583847
vn 1.476266 3.221680 -2.771790
v -17.538094 -12.700000 212.501144
vn 1.467916 3.263012 -2.774867
v -17.688147 -12.700000 212.420288
vn 1.391111 3.387836 -2.805595
v -17.838619 -12.700000 212.341537
vn -2.891511 3.006693 -0.596914
v -17.990000 -12.700000 203.544617
vn -3.475952 2.296649 -4.669641
v -7.666308 -9.776098 213.710648
vn -3.526933 1.827476 -4.787510
v -7.770629 -10.313447 213.533401
vn -3.512049 1.041358 -5.029598
v -7.770629 -11.052782 213.319305
vn -2.586459 1.182660 -5.536517
v -6.918602 -10.963580 212.850204
vn -2.508608 0.588517 -5.713184
v -6.765455 -11.452695 212.719971
vn -1.982212 1.194017 -5.820445
v -6.386093 -11.090452 212.627380
vn -4.148748 0.717924 -2.887101
v -5.990000 -10.736478 212.588379
vn -4.204699 0.851347 -2.830024
v -5.990000 -10.402530 212.676849
vn -2.524964 1.976829 -5.329505
v -6.918602 -10.138186 213.089218
vn -4.179679 1.055367 -2.769775
v -5.990000 -10.075674 212.788727
vn -4.109934 1.172931 -2.748740
v -5.990000 -9.757546 212.923431
vn -2.495291 2.366384 -5.229829
v -6.861889 -9.730693 213.246048
vn -3.922084 1.956811 -4.488603
v -7.881394 -9.585400 213.980774
vn -3.687890 1.560459 -4.823621
v -7.734094 -9.282251 213.977875
vn -3.081043 2.118575 -5.038141
v -7.266674 -9.497990 213.575607
vn -2.143183 2.269010 -5.441432
v -6.611194 -9.449134 213.263611
vn -4.020941 1.193300 -2.769655
v -5.990000 -9.582311 213.001633
vn -4.042815 1.090676 -2.804705
v -5.990000 -9.402902 213.074722
vn -4.101882 1.026747 -2.808992
v -5.990000 -9.223301 213.141113
vn -2.632535 1.713522 -5.425329
v -6.901500 -9.134315 213.509735
vn -4.121006 0.848412 -2.860950
v -5.990000 -9.037414 213.203110
vn -3.897148 1.125317 -4.787543
v -7.913236 -8.131652 214.429672
vn -3.903885 0.779632 -4.847360
v -7.913236 -6.853452 214.678040
vn -3.908740 0.548887 -4.873135
v -7.913236 -5.515538 214.859695
vn -3.862288 0.345964 -4.934201
v -7.913236 -4.130214 214.984344
vn -3.706666 -0.015717 -5.047298
v -7.734094 -0.700000 214.958679
vn -3.163837 0.322302 -5.405987
v -7.306259 -4.100989 214.569199
vn -2.618655 0.000000 -5.687868
v -6.901500 -0.700000 214.467712
vn -2.331312 0.379670 -5.810046
v -6.657568 -4.078698 214.252563
vn -4.039305 0.128070 -3.007766
v -5.990000 -2.959377 214.099731
vn -4.075299 0.236071 -2.990143
v -5.990000 -4.356116 214.015579
vn -4.150090 0.000000 -2.974948
v -5.990000 -0.700000 214.146133
vn -4.022086 0.306339 -3.000053
v -5.990000 -5.147002 213.944321
vn -3.903787 0.374729 -3.024540
v -5.990000 -5.287126 213.929642
vn -3.940870 0.470168 -3.001162
v -5.990000 -6.415588 213.785660
vn -2.474983 0.613617 -5.736876
v -6.657568 -5.434370 214.130615
vn -4.037146 0.548993 -2.960324
v -5.990000 -7.199044 213.653900
vn -2.396904 0.917949 -5.725944
v -6.657568 -6.735662 213.953964
vn -3.933384 0.665967 -2.966229
v -5.990000 -7.707214 213.551529
vn -4.029488 0.730027 -2.922830
v -5.990000 -8.153049 213.449051
vn -2.357155 1.297676 -5.668058
v -6.657568 -7.967907 213.714554
vn -3.165888 1.230471 -5.274193
v -7.306259 -8.038760 214.023987
vn -3.162464 0.607000 -5.381007
v -7.306259 -5.469491 214.446091
vn -3.163624 0.881068 -5.343201
v -7.306259 -6.786630 214.267273
vn -3.913859 -0.307369 -4.891693
v -7.913236 2.730216 214.984344
vn -3.908661 -0.568729 -4.871050
v -7.913236 4.115540 214.859695
vn -3.895456 -0.772954 -4.855896
v -7.913236 5.453453 214.678040
vn -3.897155 -1.125307 -4.787540
v -7.913236 6.731652 214.429672
vn -3.163624 -0.881066 -5.343204
v -7.306259 5.386631 214.267273
vn -3.165886 -1.230452 -5.274199
v -7.306259 6.638760 214.023987
vn -2.372452 -0.959982 -5.727891
v -6.657568 5.335662 213.953964
vn -2.326136 -1.315114 -5.675001
v -6.657568 6.567908 213.714554
vn -4.045202 -0.443154 -2.975420
v -5.990000 5.016301 213.785553
vn -3.984666 -0.524785 -2.980338
v -5.990000 5.799044 213.653900
vn -4.074723 -0.624537 -2.933917
v -5.990000 6.307767 213.551422
vn -4.045326 -0.754435 -2.912223
v -5.990000 6.753048 213.449051
vn -4.121013 -0.848401 -2.860951
v -5.990000 7.637414 213.203110
vn -2.632533 -1.713523 -5.425329
v -6.901500 7.734315 213.509735
vn -3.687890 -1.560457 -4.823622
v -7.734094 7.882251 213.977875
vn -4.085100 -0.349163 -2.975990
v -5.990000 3.887321 213.929626
vn -2.353520 -0.653141 -5.776675
v -6.657568 4.034371 214.130615
vn -3.162455 -0.607002 -5.381014
v -7.306259 4.069493 214.446091
vn -4.082806 -0.285705 -2.983594
v -5.990000 3.747002 213.944321
vn -3.955565 -0.199177 -3.027643
v -5.990000 2.961318 214.015182
vn -4.037113 -0.136204 -3.007964
v -5.990000 1.559377 214.099731
vn -2.446835 -0.406177 -5.766773
v -6.657568 2.678700 214.252563
vn -3.163827 -0.322324 -5.405992
v -7.306259 2.700991 214.569199
vn -3.913100 -1.958802 -4.496356
v -7.881394 8.185400 213.980774
vn -3.081043 -2.118576 -5.038141
v -7.266674 8.097990 213.575607
vn -2.128170 -2.237354 -5.458539
v -6.611194 8.049133 213.263611
vn -4.101864 -1.026732 -2.809000
v -5.990000 7.823306 213.141113
vn -4.042789 -1.090683 -2.804712
v -5.990000 8.002911 213.074722
vn -4.065890 -1.165461 -2.766791
v -5.990000 8.182315 213.001633
vn -2.485547 -2.369860 -5.231948
v -6.861889 8.330693 213.246048
vn -4.130357 -1.189866 -2.734174
v -5.990000 8.357547 212.923431
vn -3.475952 -2.296651 -4.669640
v -7.666308 8.376098 213.710648
vn -3.526951 -1.827456 -4.787500
v -7.770629 8.913447 213.533401
vn -3.512059 -1.041371 -5.029584
v -7.770629 9.652781 213.319305
vn -3.960534 -0.618001 -4.813441
v -8.092747 10.180253 213.498901
vn -3.286519 -0.423428 -5.312593
v -7.627307 10.298831 213.152557
vn -2.588712 -1.173089 -5.536313
v -6.918602 9.563581 212.850204
vn -2.524966 -1.976826 -5.329504
v -6.918602 8.738186 213.089218
vn -4.179698 -1.055368 -2.769774
v -5.990000 8.675673 212.788727
vn -4.204691 -0.851346 -2.830024
v -5.990000 9.002529 212.676849
vn -4.148725 -0.718003 -2.887093
v -5.990000 9.336478 212.588379
vn -1.982418 -1.194077 -5.820375
v -6.386093 9.690452 212.627380
vn -2.546265 -0.624992 -5.692271
v -6.765455 10.052695 212.719971
vn -2.901701 -0.346671 -5.545493
v -7.123783 10.419096 212.865082
vn -4.114367 -0.526615 -4.712172
v -8.445944 10.923006 213.727539
vn -3.652975 -0.376995 -5.091487
v -8.085988 11.095662 213.423965
vn -1.870332 -3.490582 -2.496103
v -8.178514 11.300000 213.471603
vn -2.905366 1.621493 -4.906797
v -7.704483 11.268384 213.165817
vn -1.446402 -3.210929 -2.787504
v -7.276735 11.300000 212.939072
vn 2.275485 -5.326387 -2.435089
v -7.897658 13.042153 198.907654
vn 2.171139 -5.315909 -2.548229
v -7.816396 12.233296 200.733734
vn 1.050072 -5.817812 -1.265667
v -8.932858 11.300000 201.725861
vn 2.056978 -5.289528 -2.694824
v -7.329283 12.214756 201.159714
vn 0.955042 -5.796399 -1.380731
v -8.049618 11.300000 202.386002
vn 1.943568 -5.256181 -2.839254
v -6.844555 12.189418 201.561752
vn 0.861094 -5.766577 -1.494815
v -7.044102 11.300000 203.007996
vn 2.155898 -5.336299 -2.516964
v -6.702723 13.181675 199.708557
vn 1.269970 -5.754407 -1.690440
v -6.198339 13.163200 200.160294
vn -1.050085 -5.817816 -1.265648
v -15.047007 11.300000 201.725754
vn 1.870331 -3.490590 -2.496103
v -15.801485 11.300000 213.471603
vn -0.955066 -5.796403 -1.380708
v -15.930093 11.300000 202.385803
vn 1.432798 -3.187515 -2.795088
v -16.703264 11.300000 212.939072
vn -0.861114 -5.766517 -1.494804
v -16.935745 11.300000 203.007904
vn 1.414153 -3.116768 -2.805060
v -16.934612 11.300000 212.826019
vn 1.484939 -3.095443 -2.767972
v -17.163254 11.300000 212.707596
vn 1.428551 -3.278325 -2.793515
v -17.389061 11.300000 212.583847
vn 1.503429 -3.458135 -2.740236
v -17.538094 11.300000 212.501144
vn 1.468240 -3.446574 -2.760553
v -17.688147 11.300000 212.420288
vn 1.433518 -3.443484 -2.779082
v -17.838619 11.300000 212.341537
vn 1.891424 -2.542627 -4.325809
v -7.584184 16.299999 192.920868
vn 1.156012 -2.542033 -4.578578
v -9.297810 16.299999 192.334534
vn 0.388966 -2.541640 -4.706878
v -11.084419 16.299999 192.037338
vn -0.388966 -2.541640 -4.706878
v -12.895580 16.299999 192.037338
vn -1.156011 -2.542032 -4.578578
v -14.682191 16.299999 192.334534
vn -1.891424 -2.542626 -4.325809
v -16.395817 16.299999 192.920868
vn -2.276302 -5.327283 -2.432389
v -16.082342 13.042153 198.907654
vn 3.960535 0.618001 -4.813440
v -15.887254 -11.580253 213.498901
vn 4.114366 0.526620 -4.712173
v -15.534057 -12.323007 213.727539
vn 3.652976 0.377004 -5.091486
v -15.894012 -12.495663 213.423965
vn 2.905368 -1.621492 -4.906797
v -16.275517 -12.668384 213.165817
vn 3.286522 0.423431 -5.312591
v -16.352692 -11.698831 213.152557
vn 2.901701 0.346672 -5.545493
v -16.856216 -11.819096 212.865082
vn -2.761466 3.581300 1.327921
v -10.638547 19.299999 202.349167
vn -3.063769 3.584018 0.000000
v -10.490000 19.299999 203.000000
vn -1.911688 3.576930 2.395501
v -11.054766 19.299999 201.827255
vn -0.682358 3.574814 2.988183
v -11.656219 19.299999 201.537613
vn 0.682357 3.574813 2.988184
v -12.323781 19.299999 201.537613
vn 1.911687 3.576931 2.395501
v -12.925235 19.299999 201.827255
vn 2.761467 3.581302 1.327919
v -13.341454 19.299999 202.349167
vn 3.063770 3.584016 0.000000
v -13.490000 19.299999 203.000000
vn 2.761467 3.581301 -1.327919
v -13.341454 19.299999 203.650833
vn 1.911687 3.576931 -2.395501
v -12.925235 19.299999 204.172745
vn 0.682357 3.574813 -2.988184
v -12.323781 19.299999 204.462387
vn -0.682358 3.574814 -2.988183
v -11.656219 19.299999 204.462387
vn -1.911688 3.576930 -2.395501
v -11.054766 19.299999 204.172745
vn -2.761466 3.581300 -1.327921
v -10.638547 19.299999 203.650833
vn 4.114433 -0.511662 -4.714171
v -15.534057 10.923006 213.727539
vn 3.949577 -0.624619 -4.822730
v -15.887254 10.180253 213.498901
vn 3.652976 -0.377003 -5.091486
v -15.894012 11.095662 213.423965
vn 3.301010 -0.436672 -5.304404
v -16.352692 10.298831 213.152557
vn 2.920532 1.637954 -4.899110
v -16.275517 11.268384 213.165817
vn 2.861861 -0.314871 -5.570428
v -16.856216 10.419096 212.865082
vn -1.428550 3.278324 -2.793516
v -6.590938 -12.700000 212.583847
vn -1.484937 3.095448 -2.767973
v -6.816746 -12.700000 212.707596
vn -1.414154 3.116768 -2.805059
v -7.045387 -12.700000 212.826019
vn -4.287847 2.661363 -1.213575
v -17.990000 -16.128302 197.000000
vn -4.215214 2.670208 -1.259612
v -17.990000 -16.439835 196.313629
vn -4.146348 2.669970 -1.315714
v -17.990000 -16.799374 195.558594
vn -4.082163 2.668259 -1.365724
v -17.990000 -17.215672 194.720383
vn -4.197458 2.646933 -1.321264
v -17.990000 -14.557016 200.334366
vn -4.117586 2.598572 -1.470136
v -17.990000 -13.676848 201.965393
vn -3.322678 1.700810 -2.305702
v -17.990000 -17.700001 193.780457
vn -2.316317 -2.065313 -1.382613
v -17.990000 -20.700001 193.780457
vn -1.414154 -3.116768 -2.805059
v -7.045387 11.300000 212.826019
vn -1.484937 -3.095448 -2.767973
v -6.816746 11.300000 212.707596
vn -1.519710 -3.094738 -2.749155
v -6.590938 11.300000 212.583847
vn 2.229725 0.718553 -5.828497
v -17.843021 -11.869415 212.426041
vn 1.979477 1.193201 -5.821362
v -17.593908 -11.090452 212.627380
vn 2.546262 0.624997 -5.692270
v -17.214544 -11.452695 212.719971
vn 3.526949 1.827457 -4.787502
v -16.209372 -10.313447 213.533401
vn 3.475967 2.296648 -4.669634
v -16.313692 -9.776098 213.710648
vn 3.512058 1.041372 -5.029585
v -16.209372 -11.052782 213.319305
vn 2.588711 1.173092 -5.536314
v -17.061399 -10.963580 212.850204
vn 2.524966 1.976825 -5.329506
v -17.061399 -10.138186 213.089218
vn 2.485514 2.369873 -5.231954
v -17.118111 -9.730693 213.246048
vn 3.913100 1.958805 -4.496353
v -16.098606 -9.585400 213.980774
vn 3.687891 1.560460 -4.823620
v -16.245907 -9.282251 213.977875
vn 3.081044 2.118577 -5.038139
v -16.713326 -9.497990 213.575607
vn 2.632562 1.713536 -5.425313
v -17.078501 -9.134315 213.509735
vn 2.128184 2.237011 -5.458672
v -17.368805 -9.449134 213.263611
vn -1.391108 -3.387833 -2.805597
v -6.141380 11.300000 212.341537
vn -2.363027 -2.187216 -1.351546
v -5.990000 11.300000 212.264526
vn -2.207215 -0.723147 -5.835932
v -6.136979 10.469416 212.426041
vn -4.216443 -0.436555 -2.919022
v -5.990000 10.311135 212.394852
vn -1.476275 -3.221671 -2.771785
v -6.441905 11.300000 212.501144
vn -1.467914 -3.263024 -2.774867
v -6.291854 11.300000 212.420288
vn -4.217570 0.435950 -2.918712
v -5.990000 -11.714225 212.394333
vn -2.315849 0.639893 -5.797413
v -6.136979 -11.869415 212.426041
vn -2.363020 2.187197 -1.351549
v -5.990000 -12.700000 212.264526
vn -1.433513 3.443480 -2.779086
v -6.141380 -12.700000 212.341537
vn -1.468243 3.446585 -2.760550
v -6.291854 -12.700000 212.420288
vn -1.503435 3.458129 -2.740233
v -6.441905 -12.700000 212.501144
vn -2.173548 -5.311377 -2.555989
v -16.163605 12.233296 200.733734
vn -2.163772 -5.335737 -2.512153
v -17.277277 13.181675 199.708557
vn -2.048301 -5.344036 -2.590350
v -17.781660 13.163200 200.160294
vn -2.057112 -5.287334 -2.699130
v -16.650717 12.214756 201.159714
vn -1.943570 -5.256182 -2.839252
v -17.135445 12.189418 201.561752
vn 1.254029 2.976772 -2.868819
v -7.584184 19.299999 192.920868
vn 0.766274 2.976755 -3.035711
v -9.297810 19.299999 192.334534
vn 0.257754 2.976756 -3.120301
v -11.084419 19.299999 192.037338
vn -0.257754 2.976756 -3.120301
v -12.895580 19.299999 192.037338
vn -0.766274 2.976756 -3.035711
v -14.682191 19.299999 192.334534
vn -1.254029 2.976754 -2.868819
v -16.395817 19.299999 192.920868
vn 1.979477 -1.193203 -5.821362
v -17.593908 9.690452 212.627380
vn 2.336724 -0.635639 -5.790511
v -17.843021 10.469416 212.426041
vn 2.508607 -0.588521 -5.713184
v -17.214544 10.052695 212.719971
vn 3.475953 -2.296651 -4.669640
v -16.313692 8.376098 213.710648
vn 3.526933 -1.827474 -4.787512
v -16.209372 8.913447 213.533401
vn 3.512048 -1.041361 -5.029598
v -16.209372 9.652781 213.319305
vn 2.586460 -1.182663 -5.536518
v -17.061399 9.563581 212.850204
vn 2.524964 -1.976827 -5.329506
v -17.061399 8.738186 213.089218
vn 2.495293 -2.366376 -5.229831
v -17.118111 8.330693 213.246048
vn 3.922083 -1.956818 -4.488601
v -16.098606 8.185400 213.980774
vn 3.687890 -1.560459 -4.823620
v -16.245907 7.882251 213.977875
vn 3.081043 -2.118578 -5.038139
v -16.713326 8.097990 213.575607
vn 2.143250 -2.268891 -5.441461
v -17.368805 8.049133 213.263611
vn 2.632553 -1.713535 -5.425317
v -17.078501 7.734315 213.509735
vn 3.897146 -1.125317 -4.787545
v -16.066765 6.731651 214.429672
vn 3.903883 -0.779633 -4.847362
v -16.066765 5.453452 214.678040
vn 3.908739 -0.548887 -4.873136
v -16.066765 4.115538 214.859695
vn 3.862285 -0.345964 -4.934204
v -16.066765 2.730214 214.984344
vn 3.706665 0.015717 -5.047299
v -16.245907 -0.700000 214.958679
vn 3.163839 -0.322302 -5.405986
v -16.673742 2.700989 214.569199
vn 2.647501 0.000000 -5.676608
v -17.078501 -0.700000 214.467712
vn 2.369243 -0.344153 -5.798968
v -17.322432 2.678698 214.252563
vn 2.472439 -0.606731 -5.738671
v -17.322432 4.034369 214.130615
vn 2.350296 -0.951051 -5.737390
v -17.322432 5.335662 213.953964
vn 3.162465 -0.607000 -5.381006
v -16.673742 4.069491 214.446091
vn 3.163625 -0.881068 -5.343201
v -16.673742 5.386630 214.267273
vn 2.346330 -1.325819 -5.665669
v -17.322432 6.567908 213.714554
vn 3.165888 -1.230470 -5.274193
v -16.673742 6.638760 214.023987
vn 3.913857 0.307368 -4.891694
v -16.066765 -4.130212 214.984344
vn 3.908660 0.568729 -4.871050
v -16.066765 -5.515537 214.859695
vn 3.895453 0.772954 -4.855899
v -16.066765 -6.853451 214.678040
vn 3.897153 1.125306 -4.787541
v -16.066765 -8.131651 214.429672
vn 3.163625 0.881065 -5.343204
v -16.673742 -6.786629 214.267273
vn 3.165888 1.230451 -5.274199
v -16.673742 -8.038759 214.023987
vn 2.368791 0.965542 -5.728328
v -17.322432 -6.735661 213.953964
vn 2.352333 1.315741 -5.665667
v -17.322432 -7.967907 213.714554
vn 2.345364 0.650716 -5.779986
v -17.322432 -5.434368 214.130615
vn 2.368174 0.335922 -5.800066
v -17.322432 -4.078696 214.252563
vn 3.163829 0.322324 -5.405993
v -16.673742 -4.100987 214.569199
vn 3.162456 0.607002 -5.381014
v -16.673742 -5.469490 214.446091
vn -2.275484 5.326387 -2.435090
v -16.082342 -14.442153 198.907654
vn -2.171137 5.315910 -2.548229
v -16.163605 -13.633297 200.733734
vn -2.056975 5.289532 -2.694820
v -16.650717 -13.614756 201.159714
vn -1.943570 5.256182 -2.839252
v -17.135445 -13.589417 201.561752
vn -2.155900 5.336300 -2.516963
v -17.277277 -14.581675 199.708557
vn -1.269680 5.754458 -1.690117
v -17.781660 -14.563201 200.160294
vn -1.891424 2.542625 -4.325809
v -16.395817 -17.700001 192.920868
vn -1.156011 2.542032 -4.578578
v -14.682191 -17.700001 192.334534
vn -0.388966 2.541640 -4.706879
v -12.895580 -17.700001 192.037338
vn 0.388966 2.541640 -4.706879
v -11.084419 -17.700001 192.037338
vn 1.156012 2.542032 -4.578578
v -9.297810 -17.700001 192.334534
vn 1.891424 2.542625 -4.325809
v -7.584184 -17.700001 192.920868
vn 1.254029 -2.976773 -2.868819
v -7.584184 -20.700001 192.920868
vn 0.766274 -2.976756 -3.035711
v -9.297810 -20.700001 192.334534
vn 0.257754 -2.976756 -3.120301
v -11.084419 -20.700001 192.037338
vn -0.257754 -2.976756 -3.120301
v -12.895580 -20.700001 192.037338
vn -0.766274 -2.976756 -3.035711
v -14.682191 -20.700001 192.334534
vn -1.254029 -2.976753 -2.868819
v -16.395817 -20.700001 192.920868
vn -2.084396 4.480867 -1.478577
v -5.990000 -12.700000 212.259521
vn -4.164096 0.540463 -2.920472
v -5.990000 -11.750065 212.384735
vn -3.772001 0.792299 -2.973087
v -5.990000 -10.727837 212.588104
vn -3.630031 0.913618 -2.964686
v -5.990000 -10.397132 212.676193
vn -3.585991 1.099935 -2.908225
v -5.990000 -10.073407 212.787231
vn -3.693578 1.235368 -2.835187
v -5.990000 -9.758253 212.920670
vn -3.727820 1.217179 -2.835998
v -5.990000 -9.581403 212.999496
vn -3.757646 1.069465 -2.888212
v -5.990000 -9.402035 213.072495
vn -6.283184 0.000000 0.000000
v -5.990000 -9.222490 213.138809
vn -3.844236 0.895469 -2.926569
v -5.990000 -9.036673 213.200760
vn -3.771531 0.666362 -3.003436
v -5.990000 -7.706686 213.549088
vn -3.751098 0.459162 -3.047008
v -5.990000 -6.415240 213.783340
vn -3.735440 0.329993 -3.066991
v -5.990000 -5.286865 213.927216
vn -3.748533 0.217531 -3.074068
v -5.990000 -4.355936 214.013290
vn -3.828022 -0.009807 -3.064689
v -5.990000 -0.700000 214.143677
vn -3.753492 -0.216393 -3.073044
v -5.990000 2.961125 214.012726
vn -3.738227 -0.327092 -3.066728
v -5.990000 3.887060 213.927200
vn -3.751094 -0.459253 -3.046993
v -5.990000 5.015953 213.783234
vn -3.765693 -0.656543 -3.007064
v -5.990000 6.307239 213.548965
vn -3.827965 -0.915276 -2.924630
v -5.990000 7.636672 213.200760
vn -6.283184 0.000000 0.000000
v -5.990000 7.822495 213.138809
vn -3.915771 -1.111750 -2.834020
v -5.990000 8.002044 213.072495
vn -3.761756 -1.173239 -2.846557
v -5.990000 8.181407 212.999496
vn -3.693575 -1.235384 -2.835183
v -5.990000 8.358253 212.920670
vn -3.585985 -1.099934 -2.908225
v -5.990000 8.673408 212.787231
vn -3.630031 -0.913618 -2.964686
v -5.990000 8.997132 212.676193
vn -3.760206 -0.791202 -2.975909
v -5.990000 9.327837 212.588104
vn -4.164097 -0.540463 -2.920472
v -5.990000 10.350065 212.384735
vn -2.084396 -4.480867 -1.478577
v -5.990000 11.300000 212.259521
vn 2.806497 -1.018706 2.925297
v 6.000000 6.668919 224.048462
vn 4.712389 -1.570796 1.570796
v 6.000000 5.800000 227.500000
vn 2.974034 -0.261970 3.119595
v 6.000000 6.011185 223.937210
vn 4.712389 -1.570796 1.570796
v 6.000000 1.000000 224.899994
vn 4.712389 1.570796 1.570796
v 6.000000 -2.400000 224.899994
vn 2.806494 -1.924059 2.427574
v 6.000000 7.253481 224.369827
vn 2.806488 -2.615380 1.659789
v 6.000000 7.699841 224.865555
vn 2.806484 -3.015754 0.707343
v 6.000000 7.958343 225.480499
vn 2.974042 -3.129888 -0.065564
v 6.000000 8.000229 226.146271
vn 4.712389 -1.570796 -1.570796
v 6.000000 5.800000 229.500000
vn 3.049963 -3.102805 -0.470641
v 6.000000 7.296638 232.840485
vn 3.337943 -3.111410 -0.306449
v 6.000000 1.000000 232.000000
vn 3.534284 -2.846690 -1.179126
v 6.000000 0.870595 232.650558
vn 2.958333 -2.999584 -0.888519
v 6.000000 7.009569 234.283676
vn 2.958338 -2.787440 -1.420265
v 6.000000 6.464304 235.650391
vn 3.534298 -2.178766 -2.178746
v 6.000000 0.502082 233.202087
vn 2.958322 -2.481934 -1.904459
v 6.000000 5.679105 236.894867
vn 2.958348 -2.093320 -2.324864
v 6.000000 4.680269 237.975388
vn 3.534309 -1.179114 -2.846686
v 6.000000 -0.049438 233.570602
vn 2.958318 -1.634591 -2.667409
v 6.000000 3.501247 238.855820
vn 2.958349 -1.121125 -2.920628
v 6.000000 2.181524 239.506622
vn 2.958315 -0.570106 -3.076026
v 6.000000 0.765299 239.906052
vn 3.534261 -0.000000 -3.081236
v 6.000000 -0.700000 233.699997
vn 2.958352 0.000000 -3.128416
v 6.000000 -0.700000 240.040680
vn 2.958315 0.570106 -3.076026
v 6.000000 -2.165299 239.906052
vn 3.534309 1.179114 -2.846686
v 6.000000 -1.350562 233.570602
vn 2.958349 1.121125 -2.920628
v 6.000000 -3.581524 239.506622
vn 2.958318 1.634591 -2.667409
v 6.000000 -4.901247 238.855820
vn 2.958348 2.093320 -2.324864
v 6.000000 -6.080269 237.975388
vn 3.534298 2.178766 -2.178746
v 6.000000 -1.902081 233.202087
vn 2.958322 2.481934 -1.904459
v 6.000000 -7.079105 236.894867
vn 2.958338 2.787440 -1.420265
v 6.000000 -7.864304 235.650391
vn 3.534284 2.846689 -1.179126
v 6.000000 -2.270595 232.650558
vn 2.958333 2.999584 -0.888520
v 6.000000 -8.409569 234.283676
vn 3.049962 3.102805 -0.470642
v 6.000000 -8.696639 232.840485
vn 2.974041 3.129888 -0.065563
v 6.000000 -9.400229 226.146271
vn 4.712389 1.570796 -1.570796
v 6.000000 -7.200000 229.500000
vn 3.337943 3.111410 -0.306449
v 6.000000 -2.400000 232.000000
vn 4.712389 1.570796 1.570796
v 6.000000 -7.200000 227.500000
vn 2.806484 3.015754 0.707344
v 6.000000 -9.358343 225.480499
vn 2.806488 2.615379 1.659790
v 6.000000 -9.099841 224.865555
vn 2.806495 1.924059 2.427575
v 6.000000 -8.653481 224.369827
vn 2.806497 1.018706 2.925297
v 6.000000 -8.068918 224.048462
vn 2.974034 0.261970 3.119604
v 6.000000 -7.411185 223.937210
vn 1.570796 1.570796 1.570796
v 6.000000 -2.400000 227.500000
vn 1.570796 1.570796 -1.570796
v 6.000000 -2.400000 229.500000
vn 1.570796 -1.570796 -1.570796
v 6.000000 1.000000 229.500000
vn 1.570796 -1.570796 1.570796
v 6.000000 1.000000 227.500000
vn 1.615372 -1.640793 -1.569236
v 6.000000 1.000000 213.974350
vn 1.553251 -1.729186 -4.709348
v 0.000000 1.000000 213.974350
vn 3.169999 -0.185068 -3.135813
v 6.000000 2.201057 213.920776
vn -0.099339 -0.286162 -6.275352
v -4.800000 1.817352 213.941483
vn -0.178271 -0.504862 -6.258819
v -4.800000 2.965026 213.868347
vn 0.005122 -0.154529 -6.280885
v -4.800000 0.595677 213.985367
vn 3.169090 -0.000000 -3.141264
v 0.000000 -0.700000 214.000000
vn -0.125856 0.000000 -6.281168
v -4.800000 -0.700000 214.000000
vn 3.173408 -0.282287 -3.128469
v 6.000000 3.327681 213.837769
vn -0.179144 -0.715354 -6.238142
v -4.800000 4.038700 213.765945
vn 3.178059 -0.392407 -3.116444
v 6.000000 4.379872 213.725342
vn -0.162180 -0.947380 -6.207675
v -4.800000 5.038371 213.634277
vn 3.183632 -0.518140 -3.097842
v 6.000000 5.357629 213.583481
vn -0.110097 -1.187978 -6.167783
v -4.800000 5.964042 213.473358
vn 3.190410 -0.662276 -3.070004
v 6.000000 6.260954 213.412201
vn -0.147983 -1.562815 -6.082358
v -4.800000 6.815711 213.283188
vn 3.198607 -0.827970 -3.029159
v 6.000000 7.089846 213.211487
vn -0.123406 -1.842800 -6.004491
v -4.800000 7.593380 213.063766
vn 3.208381 -1.018398 -2.970040
v 6.000000 7.844305 212.981339
vn -0.137427 -2.076140 -5.927286
v -4.812740 7.891850 212.964981
vn -0.062982 -2.213986 -5.879547
v -4.852931 8.190407 212.856445
vn 3.221558 -1.237435 -2.884853
v 6.000000 8.524330 212.721771
vn -0.105418 -2.351799 -5.824900
v -4.883717 8.336864 212.799240
vn -0.180844 -2.411210 -5.797913
v -4.921865 8.481346 212.739975
vn 3.236459 -1.483911 -2.765039
v 6.000000 9.129922 212.432770
vn -0.102678 -2.831027 -5.606362
v -3.888057 9.184599 212.403229
vn -0.086988 -3.348038 -5.314265
v -3.088107 9.638942 212.129196
vn 3.251926 -1.759413 -2.596903
v 6.000000 9.661081 212.114334
vn -0.103951 -3.914434 -4.910160
v -2.120743 10.098157 211.783371
vn 3.268860 -2.055094 -2.367710
v 6.000000 10.117807 211.766479
vn -0.123568 -4.520601 -4.356590
v -1.125015 10.484037 211.407333
vn 3.285055 -2.355850 -2.066067
v 6.000000 10.500101 211.389206
vn -0.146846 -5.112867 -3.640542
v -0.119197 10.799835 210.995071
vn 3.298360 -2.637631 -1.688815
v 6.000000 10.807961 210.982498
vn -0.176282 -5.648130 -2.731568
v 0.881412 11.049693 210.527084
vn 3.303974 -2.871157 -1.249467
v 6.000000 11.041389 210.546356
vn 3.298643 -3.034686 -0.773519
v 6.000000 11.200382 210.080780
vn -0.179045 -6.085219 -1.498448
v 1.847836 11.226850 209.967545
vn 3.262233 -3.088744 -0.389551
v 6.000000 11.284943 209.585785
vn -0.009651 -6.269253 -0.293099
v 2.726407 11.300000 209.255630
vn 3.134235 -3.526663 -0.479469
v 5.963923 11.300000 209.255630
vn 0.099214 -3.498111 3.117416
v 0.000000 1.000000 215.085220
vn -4.712389 -1.570796 -1.570796
v 0.000000 1.000000 220.272079
vn -3.019613 -0.720175 3.051445
v 0.000000 3.203944 215.454330
vn -3.018606 -1.114228 2.930555
v 0.000000 5.340432 216.109329
vn -3.302700 -0.626365 3.068121
v 0.000000 1.600295 220.732407
vn -3.302700 -1.110414 2.927914
v 0.000000 3.377956 221.247314
vn -3.302702 -0.126089 3.128866
v 0.000000 -0.236942 220.509323
vn -4.712389 1.570796 -1.570796
v 0.000000 -2.400000 220.272079
vn -3.302699 0.377451 3.108574
v 0.000000 -2.086172 220.583847
vn -3.302701 0.871213 3.007771
v 0.000000 -3.899501 220.954041
vn -3.019613 0.720175 3.051445
v 0.000000 -4.603944 215.454330
vn -3.018605 1.114228 2.930555
v 0.000000 -6.740432 216.109329
vn 0.099214 3.498111 3.117416
v 0.000000 -2.400000 215.085220
vn -3.302701 1.342414 2.829068
v 0.000000 -5.629964 221.610321
vn -3.017545 1.489003 2.759023
v 0.000000 -8.772547 217.038925
vn -3.016355 1.838031 2.539803
v 0.000000 -10.665177 218.227005
vn -3.302699 1.778843 2.577095
v 0.000000 -7.232745 222.535690
vn -3.015110 2.155291 2.276685
v 0.000000 -12.385620 219.653091
vn -3.302697 2.169198 2.258380
v 0.000000 -8.666330 223.706177
vn -3.013772 2.435273 1.974234
v 0.000000 -13.904148 221.292511
vn -3.302704 2.503378 1.881169
v 0.000000 -9.893592 225.091461
vn -3.012331 2.673164 1.637649
v 0.000000 -15.194522 223.116928
vn -3.302698 2.772723 1.455235
v 0.000000 -10.882744 226.655685
vn -3.232168 2.709809 1.583187
v 0.000000 -16.234446 225.094864
vn -3.302701 2.970252 0.991616
v 0.000000 -11.608170 228.358322
vn -3.452704 2.314002 2.068356
v 0.000000 -16.690817 225.800873
vn -3.452735 1.569712 2.677435
v 0.000000 -17.341415 226.333298
vn -3.097391 -3.029917 0.827676
v 0.000000 -18.487993 228.588730
vn -3.452718 0.674681 3.029437
v 0.000000 -18.123766 226.640976
vn -1.382274 -4.504451 2.565937
v 0.000000 -18.962748 226.694382
vn -3.302700 3.090855 0.502313
v 0.000000 -12.051078 230.155273
vn -3.097074 -2.994195 0.948493
v 0.000000 -17.940296 230.451996
vn -3.097631 -2.947265 1.085419
v 0.000000 -17.315130 232.280457
vn -3.302700 3.131406 0.000000
v 0.000000 -12.200000 232.000000
vn -3.094149 -2.891148 1.226782
v 0.000000 -16.607975 234.070358
vn -3.302699 3.090855 -0.502313
v 0.000000 -12.051078 233.844727
vn -3.090644 -2.823896 1.374233
v 0.000000 -15.814310 235.818008
vn -3.302700 2.970252 -0.991616
v 0.000000 -11.608170 235.641678
vn -3.087221 -2.744504 1.526357
v 0.000000 -14.929612 237.519653
vn -3.302699 2.772723 -1.455235
v 0.000000 -10.882744 237.344315
vn -3.083934 -2.652209 1.681375
v 0.000000 -13.949361 239.171600
vn -3.302704 2.503378 -1.881169
v 0.000000 -9.893592 238.908539
vn -3.044240 -2.510675 1.882193
v 0.000000 -12.869034 240.770096
vn -3.302697 2.169198 -2.258380
v 0.000000 -8.666330 240.293823
vn -3.006404 -2.272662 2.158608
v 0.000000 -11.575995 242.330185
vn -3.006406 -1.960997 2.445214
v 0.000000 -10.084490 243.701767
vn -3.302698 1.778843 -2.577095
v 0.000000 -7.232745 241.464310
vn -3.006399 -1.613540 2.687203
v 0.000000 -8.421736 244.859818
vn -3.302701 1.342414 -2.829067
v 0.000000 -5.629964 242.389679
vn -3.006407 -1.236641 2.880156
v 0.000000 -6.618075 245.783188
vn -3.302701 0.871213 -3.007771
v 0.000000 -3.899501 243.045959
vn -3.006411 -0.837193 3.020545
v 0.000000 -4.706420 246.455048
vn -3.302698 0.377451 -3.108574
v 0.000000 -2.086172 243.416153
vn -3.006396 -0.422453 3.105818
v 0.000000 -2.721656 246.863144
vn -3.006409 0.000000 3.134419
v 0.000000 -0.700000 247.000000
vn -3.302703 -0.126089 -3.128866
v 0.000000 -0.236942 243.490677
vn -3.006396 0.422453 3.105819
v 0.000000 1.321656 246.863144
vn -3.302700 -0.626365 -3.068121
v 0.000000 1.600295 243.267593
vn -3.006411 0.837193 3.020545
v 0.000000 3.306420 246.455048
vn -3.302700 -1.110414 -2.927914
v 0.000000 3.377956 242.752686
vn -3.006407 1.236641 2.880156
v 0.000000 5.218075 245.783188
vn -3.302697 -1.565701 -2.711878
v 0.000000 5.050000 241.959290
vn -3.006399 1.613540 2.687203
v 0.000000 7.021736 244.859818
vn -3.006405 1.960997 2.445214
v 0.000000 8.684490 243.701767
vn -3.302701 -1.980439 -2.425605
v 0.000000 6.573122 240.907959
vn -3.006404 2.272662 2.158607
v 0.000000 10.175995 242.330185
vn -3.302701 -2.343889 -2.076507
v 0.000000 7.907874 239.625916
vn -3.044240 2.510675 1.882194
v 0.000000 11.469034 240.770096
vn -3.302702 -2.646634 -1.673627
v 0.000000 9.019686 238.146362
vn -3.083934 2.652209 1.681375
v 0.000000 12.549361 239.171600
vn -3.302697 -2.880829 -1.227406
v 0.000000 9.879764 236.507614
vn -3.087221 2.744504 1.526356
v 0.000000 13.529613 237.519653
vn -3.302701 -3.040412 -0.749396
v 0.000000 10.465831 234.752136
vn -3.090645 2.823897 1.374232
v 0.000000 14.414310 235.818008
vn -3.094149 2.891148 1.226782
v 0.000000 15.207974 234.070358
vn -3.302700 -3.121252 -0.251973
v 0.000000 10.762709 232.925369
vn -3.097631 2.947265 1.085419
v 0.000000 15.915130 232.280457
vn -3.302700 -3.121252 0.251973
v 0.000000 10.762709 231.074631
vn -3.097077 2.994195 0.948494
v 0.000000 16.540295 230.451996
vn -3.302701 -3.040412 0.749396
v 0.000000 10.465831 229.247864
vn -3.097390 3.029917 0.827677
v 0.000000 17.087994 228.588730
vn -3.452736 -1.569712 2.677435
v 0.000000 15.941415 226.333298
vn -3.452717 -0.674681 3.029438
v 0.000000 16.723766 226.640976
vn -1.384633 4.502899 2.573657
v 0.000000 17.562748 226.694382
vn -3.452702 -2.314003 2.068357
v 0.000000 15.290817 225.800873
vn -3.302697 -2.880829 1.227406
v 0.000000 9.879764 227.492386
vn -3.232169 -2.709808 1.583188
v 0.000000 14.834445 225.094864
vn -3.302701 -2.646634 1.673627
v 0.000000 9.019686 225.853638
vn -3.012330 -2.673164 1.637649
v 0.000000 13.794521 223.116928
vn -3.302701 -2.343889 2.076507
v 0.000000 7.907874 224.374084
vn -3.013773 -2.435274 1.974234
v 0.000000 12.504148 221.292511
vn -3.015110 -2.155292 2.276685
v 0.000000 10.985620 219.653091
vn -3.302701 -1.980439 2.425605
v 0.000000 6.573122 223.092041
vn -3.016355 -1.838031 2.539804
v 0.000000 9.265178 218.227005
vn -3.302697 -1.565701 2.711878
v 0.000000 5.050000 222.040710
vn -3.017545 -1.489003 2.759023
v 0.000000 7.372547 217.038925
vn 0.005122 0.154529 -6.280885
v -4.800000 -1.995677 213.985367
vn 1.553251 1.729186 -4.709348
v 0.000000 -2.400000 213.974350
vn -0.099339 0.286162 -6.275352
v -4.800000 -3.217352 213.941483
vn 3.169999 0.185068 -3.135813
v 6.000000 -3.601057 213.920776
vn -0.168265 0.512694 -6.258588
v -4.800000 -4.365026 213.868347
vn 3.173408 0.282287 -3.128470
v 6.000000 -4.727681 213.837769
vn -0.179158 0.704751 -6.239340
v -4.800000 -5.438699 213.765945
vn 3.178059 0.392407 -3.116444
v 6.000000 -5.779872 213.725342
vn -0.178618 0.937704 -6.208726
v -4.800000 -6.438371 213.634277
vn 3.183631 0.518140 -3.097842
v 6.000000 -6.757629 213.583481
vn -0.168913 1.219220 -6.160122
v -4.800000 -7.364042 213.473358
vn 3.190410 0.662276 -3.070004
v 6.000000 -7.660954 213.412201
vn -0.147984 1.562816 -6.082357
v -4.800000 -8.215712 213.283188
vn 3.198607 0.827970 -3.029159
v 6.000000 -8.489846 213.211487
vn -0.123407 1.842800 -6.004491
v -4.800000 -8.993380 213.063766
vn 3.208381 1.018398 -2.970039
v 6.000000 -9.244305 212.981339
vn -0.071567 2.084789 -5.926346
v -4.812740 -9.291849 212.964981
vn -0.131539 2.232220 -5.870497
v -4.852931 -9.590407 212.856445
vn 3.221557 1.237435 -2.884854
v 6.000000 -9.924330 212.721771
vn -0.105415 2.351799 -5.824900
v -4.883717 -9.736865 212.799240
vn -0.188096 2.450795 -5.781140
v -4.921865 -9.881347 212.739975
vn 3.236263 1.483799 -2.765108
v 6.000000 -10.529922 212.432770
vn -0.072758 2.828606 -5.607867
v -3.888057 -10.584599 212.403229
vn 3.251728 1.759525 -2.596837
v 6.000000 -11.061082 212.114334
vn -0.086608 3.348670 -5.313886
v -3.088107 -11.038941 212.129196
vn -0.103949 3.914435 -4.910160
v -2.120743 -11.498158 211.783371
vn 3.268861 2.055095 -2.367709
v 6.000000 -11.517808 211.766479
vn -0.123566 4.520604 -4.356587
v -1.125015 -11.884038 211.407333
vn 3.285054 2.355852 -2.066065
v 6.000000 -11.900101 211.389206
vn -0.140257 5.127468 -3.618819
v -0.119197 -12.199836 210.995071
vn 3.298146 2.637563 -1.688943
v 6.000000 -12.207961 210.982498
vn 3.303757 2.871226 -1.249339
v 6.000000 -12.441388 210.546356
vn 1.615372 1.640793 -1.569236
v 6.000000 -2.400000 213.974350
vn -0.158252 5.670170 -2.682296
v 0.881412 -12.449693 210.527084
vn 3.298641 3.034686 -0.773522
v 6.000000 -12.600382 210.080780
vn -0.176225 6.085051 -1.499266
v 1.847836 -12.626849 209.967545
vn 3.262239 3.088744 -0.389550
v 6.000000 -12.684943 209.585785
vn -0.009651 6.269251 -0.293098
v 2.726406 -12.700000 209.255630
vn 3.134233 3.526649 -0.479463
v 5.963923 -12.700000 209.255630
vn 0.406545 -3.403387 3.088071
v 3.500000 1.000000 215.772079
vn 1.517270 -3.665200 2.627992
v 3.000000 1.000000 215.906052
vn 2.627997 -3.665188 1.517269
v 2.633975 1.000000 216.272079
vn 3.034545 -3.665191 -0.000000
v 2.500000 1.000000 216.772079
vn 1.570796 -1.570796 1.570796
v 6.000000 1.000000 215.772079
vn 2.627997 -3.665188 -1.517269
v 2.633975 1.000000 217.272079
vn 1.517269 -3.665199 -2.627991
v 3.000000 1.000000 217.638107
vn 0.406545 -3.403388 -3.088071
v 3.500000 1.000000 217.772079
vn 4.712392 -1.570796 -1.570796
v 6.000000 1.000000 220.272079
vn 1.570796 -1.570796 -1.570796
v 6.000000 1.000000 217.772079
vn -0.078734 -3.139797 -3.044357
v 6.000000 -20.652874 211.938263
vn 3.123043 -3.082330 -0.060597
v 6.000000 -20.694656 209.585785
vn 3.253061 0.198484 -3.130173
v 6.000000 -16.183229 211.938263
vn 3.341734 0.699717 -3.046036
v 6.000000 -14.954157 212.089203
vn 3.342885 1.310039 -2.837451
v 6.000000 -13.782242 212.489212
vn 3.344023 1.864555 -2.508025
v 6.000000 -12.717402 213.121292
vn 3.345222 2.339600 -2.071811
v 6.000000 -11.804996 213.958496
vn 3.346441 2.714975 -1.547388
v 6.000000 -11.083885 214.965179
vn 4.712389 1.570796 1.570796
v 6.000000 -7.200000 215.772079
vn 1.570796 1.570796 1.570796
v 6.000000 -2.400000 215.772079
vn 4.712389 1.570796 -1.570796
v 6.000000 -7.200000 217.772079
vn 3.244969 3.099099 -0.488714
v 6.000000 -10.328954 217.310043
vn 3.347706 2.974693 -0.957103
v 6.000000 -10.584785 216.098450
vn 1.570796 1.570796 -1.570796
v 6.000000 -2.400000 217.772079
vn 4.712392 1.570796 -1.570796
v 6.000000 -2.400000 220.272079
vn 2.958329 3.068300 -0.610328
v 6.000000 -10.135959 219.146271
vn 2.958327 0.286263 -3.115291
v 6.000000 -8.146914 220.937210
vn 2.775079 2.066939 -2.295563
v 6.000000 -9.485176 220.423492
vn 2.775076 2.752304 -1.402377
v 6.000000 -9.928928 219.845184
vn 4.712389 -1.570796 -1.570796
v 6.000000 5.800000 217.772079
vn 2.958328 -3.068300 -0.610330
v 6.000000 8.735959 219.146271
vn 2.775078 -2.752305 -1.402378
v 6.000000 8.528928 219.845184
vn 3.244969 -3.099100 -0.488714
v 6.000000 8.928954 217.310043
vn 4.712389 -1.570796 1.570796
v 6.000000 5.800000 215.772079
vn 3.347705 -2.974693 -0.957101
v 6.000000 9.184785 216.098450
vn 3.346442 -2.714975 -1.547387
v 6.000000 9.683885 214.965179
vn 3.345226 -2.339600 -2.071811
v 6.000000 10.404996 213.958496
vn 3.344023 -1.864554 -2.508026
v 6.000000 11.317403 213.121292
vn 3.342885 -1.310040 -2.837451
v 6.000000 12.382242 212.489212
vn 3.341734 -0.699717 -3.046036
v 6.000000 13.554156 212.089203
vn 3.253061 -0.198484 -3.130173
v 6.000000 14.783230 211.938263
vn 3.123041 3.082330 -0.060599
v 6.000000 19.294657 209.585785
vn -0.078734 3.139797 -3.044357
v 6.000000 19.252874 211.938263
vn 2.775078 -2.066940 -2.295561
v 6.000000 8.085176 220.423492
vn 2.958328 -0.286263 -3.115289
v 6.000000 6.746915 220.937210
vn 2.775075 -1.107007 -2.883812
v 6.000000 7.463651 220.804367
vn 2.775075 1.107007 -2.883812
v 6.000000 -8.863650 220.804367
vn 0.406545 -2.879797 -3.088071
v 3.500000 5.800000 217.772079
vn 1.517269 -2.617986 -2.627992
v 3.000000 5.800000 217.638107
vn 2.627997 -2.617997 -1.517269
v 2.633975 5.800000 217.272079
vn 3.034545 -2.617994 0.000000
v 2.500000 5.800000 216.772079
vn 2.627997 -2.617997 1.517269
v 2.633975 5.800000 216.272079
vn 1.517269 -2.617986 2.627991
v 3.000000 5.800000 215.906052
vn 0.406545 -2.879797 3.088071
v 3.500000 5.800000 215.772079
vn 1.517269 3.665200 2.627991
v 3.000000 -2.400000 215.906052
vn 0.406545 3.403387 3.088071
v 3.500000 -2.400000 215.772079
vn 3.034545 3.665191 0.000000
v 2.500000 -2.400000 216.772079
vn 2.627997 3.665188 1.517269
v 2.633975 -2.400000 216.272079
vn 0.406545 3.403388 -3.088071
v 3.500000 -2.400000 217.772079
vn 1.517270 3.665199 -2.627992
v 3.000000 -2.400000 217.638107
vn 2.627997 3.665188 -1.517269
v 2.633975 -2.400000 217.272079
vn 0.406545 2.879798 3.088071
v 3.500000 -7.200000 215.772079
vn 1.517269 2.617986 2.627992
v 3.000000 -7.200000 215.906052
vn 2.627997 2.617997 1.517269
v 2.633975 -7.200000 216.272079
vn 3.034545 2.617994 -0.000000
v 2.500000 -7.200000 216.772079
vn 2.627997 2.617997 -1.517269
v 2.633975 -7.200000 217.272079
vn 1.517269 2.617986 -2.627991
v 3.000000 -7.200000 217.638107
vn 0.406545 2.879797 -3.088071
v 3.500000 -7.200000 217.772079
vn 1.051320 4.073895 -3.355941
v 2.721560 7.300000 229.127716
vn -4.448297 1.517275 -1.977296
v 2.800000 7.300000 229.127716
vn 3.819499 -0.748106 -4.232660
v 2.721560 5.800000 229.127716
vn -1.570796 -4.712389 -1.570796
v 2.800000 5.800000 229.127716
vn 1.744413 -2.842522 -2.570807
v 2.939669 5.800000 229.328262
vn 0.908933 -2.846004 -2.971251
v 3.206972 5.800000 229.456100
vn 0.232729 -2.992885 -3.124257
v 3.500000 5.800000 229.500000
vn 0.202444 -3.012353 3.128493
v 3.500000 5.800000 227.500000
vn 1.857958 -2.216464 3.178938
v 2.800000 5.800000 227.785858
vn 1.539362 -2.883109 2.708512
v 3.005785 5.800000 227.630661
vn 0.796461 -2.882094 3.011838
v 3.244402 5.800000 227.533218
vn 0.399687 -3.392617 3.089869
v 3.500000 1.000000 227.500000
vn -4.458902 -1.520600 -1.964722
v 2.800000 -8.700000 229.127716
vn 1.061365 -4.075920 -3.336814
v 2.721560 -8.700000 229.127716
vn -1.570796 4.712389 -1.570797
v 2.800000 -7.200000 229.127716
vn 3.652064 0.738776 -4.505709
v 2.721560 -7.200000 229.127716
vn 1.744413 2.842522 -2.570807
v 2.939669 -7.200000 229.328262
vn 0.908933 2.846004 -2.971251
v 3.206972 -7.200000 229.456100
vn 0.232729 2.992885 -3.124257
v 3.500000 -7.200000 229.500000
vn 0.202444 3.012353 3.128493
v 3.500000 -7.200000 227.500000
vn 0.796461 2.882094 3.011839
v 3.244402 -7.200000 227.533218
vn 1.539362 2.883109 2.708512
v 3.005785 -7.200000 227.630661
vn 1.933038 2.222686 3.077976
v 2.800000 -7.200000 227.785858
vn 0.399687 3.392617 3.089869
v 3.500000 -2.400000 227.500000
vn 0.399816 3.392873 -3.089836
v 3.500000 -2.400000 229.500000
vn 3.511187 -2.879570 -1.115548
v 2.100000 16.854277 218.695816
vn 3.511195 -3.088100 0.000000
v 2.100000 16.996086 217.937210
vn 3.511187 -2.879571 1.115549
v 2.100000 16.854277 217.178604
vn 3.511189 -2.282145 2.080429
v 2.100000 16.448004 216.522446
vn 3.511201 -1.376490 2.764350
v 2.100000 15.832136 216.057358
vn 3.511195 -0.284920 3.074928
v 2.100000 15.089849 215.846161
vn 3.511181 0.845103 2.970217
v 2.100000 14.321393 215.917374
vn 3.511195 1.860990 2.464362
v 2.100000 13.630552 216.261368
vn 3.511193 2.625556 1.625676
v 2.100000 13.110629 216.831696
vn 3.511191 3.035520 0.567436
v 2.100000 12.831841 217.551331
vn 3.511191 3.035521 -0.567436
v 2.100000 12.831841 218.323074
vn 3.511193 2.625556 -1.625676
v 2.100000 13.110629 219.042709
vn 3.511178 1.861015 -2.464349
v 2.100000 13.630552 219.613037
vn 3.511219 0.845097 -2.970208
v 2.100000 14.321393 219.957047
vn 3.511175 -0.284951 -3.074931
v 2.100000 15.089849 220.028244
vn 3.511185 -1.376469 -2.764364
v 2.100000 15.832136 219.817047
vn 3.511205 -2.282126 -2.080445
v 2.100000 16.448004 219.351974
vn 3.511186 2.879570 1.115548
v 2.100000 -18.254276 217.178604
vn 3.511195 3.088100 -0.000000
v 2.100000 -18.396086 217.937210
vn 3.511186 2.879571 -1.115549
v 2.100000 -18.254276 218.695816
vn 3.511205 2.282125 -2.080444
v 2.100000 -17.848003 219.351974
vn 3.511185 1.376470 -2.764365
v 2.100000 -17.232136 219.817047
vn 3.511176 0.284952 -3.074931
v 2.100000 -16.489849 220.028244
vn 3.511219 -0.845097 -2.970207
v 2.100000 -15.721393 219.957047
vn 3.511177 -1.861015 -2.464348
v 2.100000 -15.030553 219.613037
vn 3.511193 -2.625556 -1.625676
v 2.100000 -14.510630 219.042709
vn 3.511191 -3.035520 -0.567436
v 2.100000 -14.231842 218.323074
vn 3.511191 -3.035521 0.567436
v 2.100000 -14.231842 217.551331
vn 3.511193 -2.625556 1.625676
v 2.100000 -14.510630 216.831696
vn 3.511195 -1.860991 2.464361
v 2.100000 -15.030553 216.261368
vn 3.511182 -0.845103 2.970217
v 2.100000 -15.721393 215.917374
vn 3.511196 0.284921 3.074928
v 2.100000 -16.489849 215.846161
vn 3.511200 1.376490 2.764349
v 2.100000 -17.232136 216.057358
vn 3.511189 2.282146 2.080430
v 2.100000 -17.848003 216.522446
vn 0.696223 -5.569606 -1.867577
v -4.189590 11.300000 204.268661
vn -0.886156 -4.371155 -2.750698
v -3.863030 11.300000 211.362381
vn 0.641331 -5.377294 -2.111786
v -2.368418 11.300000 204.836426
vn -0.503194 -5.241320 -2.280693
v -1.667385 11.300000 210.657776
vn -0.273057 -5.937225 -1.405806
v 0.549886 11.300000 210.013779
vn 0.761971 -5.024272 -2.396183
v 1.143649 11.300000 205.797440
vn 0.918462 -4.925695 -2.415392
v 2.751572 11.300000 206.337067
vn 1.093002 -4.920634 -2.345916
v 3.491209 11.300000 206.655319
vn 1.307695 -4.980792 -2.182832
v 4.167400 11.300000 207.017227
vn 1.550608 -5.030859 -1.968946
v 4.775488 11.300000 207.440170
vn 1.817311 -5.142389 -1.593143
v 5.307298 11.300000 207.953384
vn 2.008433 -5.292864 -1.086427
v 5.717465 11.300000 208.564102
vn 2.881698 -2.610952 -3.811602
v -5.367990 16.299999 194.224106
vn 1.892958 3.072486 -2.504902
v -5.367990 19.299999 194.224106
vn 2.061462 3.072439 -2.368160
v -4.777658 19.299999 194.703140
vn 2.182409 3.107043 -2.259148
v -4.221826 19.299999 195.221832
vn 3.319487 -2.628799 -3.477013
v -4.221826 16.299999 195.221832
vn 3.136708 -2.612103 -3.602036
v -4.777658 16.299999 194.703140
vn 2.304564 3.068840 -2.131547
v 3.071068 19.299999 202.514725
vn 2.549502 2.994057 -1.818953
v 4.136588 19.299999 203.772354
vn 2.812474 2.991850 -1.377564
v 4.981037 19.299999 205.187943
vn 3.000793 2.991179 -0.895996
v 5.581472 19.299999 206.723022
vn 3.101267 3.006945 -0.412957
v 5.921580 19.299999 208.335892
vn 3.212540 -0.110142 3.137826
v 0.000000 -0.132490 215.009476
vn 3.212540 0.110142 3.137826
v 0.000000 -1.267510 215.009476
vn -3.180398 3.134055 0.208060
v 6.000000 19.076445 215.819077
vn -3.189074 3.120444 0.355544
v 6.000000 18.737782 219.674622
vn -3.197384 3.094764 0.532295
v 6.000000 18.204208 223.477982
vn -3.203874 3.051705 0.738328
v 6.000000 17.443050 227.202255
vn -3.195792 2.992515 0.951824
v 6.000000 16.421631 230.820511
vn -3.185052 2.938686 1.108519
v 6.000000 15.803111 232.581482
vn -3.188376 2.882902 1.246132
v 6.000000 15.107272 234.305847
vn -3.191718 2.816578 1.389279
v 6.000000 14.330029 235.990265
vn -3.194992 2.738827 1.536640
v 6.000000 13.467299 237.631348
vn -3.198142 2.648982 1.686583
v 6.000000 12.514996 239.225754
vn -3.238345 2.509969 1.883237
v 6.000000 11.469034 240.770096
vn 1.628398 -5.058844 -3.346379
v -5.093026 11.853233 203.145325
vn 1.478825 -4.895229 -3.646446
v -4.157630 11.737044 203.718643
vn 1.350499 -4.710744 -3.927990
v -3.247944 11.603296 204.224823
vn 1.297688 -4.522350 -4.162093
v -2.368863 11.455004 204.673248
vn 1.458346 -4.761019 -3.826685
v -2.518475 12.176742 203.790726
vn 1.393699 -4.596441 -4.047493
v -1.638846 12.028620 204.280701
vn 1.657388 -4.848619 -3.631769
v -1.059537 13.323631 202.922546
vn 1.619960 -4.688994 -3.851381
v -0.178812 13.175852 203.495605
vn 1.858333 -4.920352 -3.434729
v 0.532835 14.575416 201.974960
vn 1.863628 -4.752620 -3.661945
v 1.414756 14.428009 202.638702
vn 3.281131 -2.330611 -3.943751
v 3.071068 15.180151 202.514725
vn 1.876289 -4.622088 -3.817769
v 2.247609 14.268914 203.257172
vn 3.475124 -2.209586 -3.830247
v 3.756502 14.884893 203.274155
vn 1.956836 -4.443339 -3.985740
v 3.260995 14.047443 204.011871
vn 3.698908 -2.130763 -3.632119
v 4.340802 14.483511 204.067032
vn 2.085080 -4.286384 -4.091430
v 4.179104 13.817537 204.717529
vn 3.870715 -2.093684 -3.411587
v 4.823886 13.984009 204.874573
vn 2.118964 -4.271066 -4.087334
v 4.995770 13.585817 205.390503
vn 4.103183 -1.980667 -3.197005
v 5.218256 13.393916 205.707047
vn 1.982525 -3.948819 -4.463856
v 3.462510 12.333430 205.797546
vn 2.303253 -3.826566 -4.416395
v 4.197110 12.107238 206.342758
vn 4.337117 -1.950645 -2.871878
v 5.536445 12.722896 206.575363
vn 3.012704 -3.963176 -3.827213
v 5.095595 11.787490 207.194351
vn 4.629240 -2.028916 -2.307110
v 5.779182 12.050039 207.491669
vn 3.359459 -4.107364 -3.347291
v 5.436561 11.645417 207.646851
vn 3.833130 -4.163708 -2.667539
v 5.700484 11.519169 208.127991
vn 4.978661 -2.194992 -1.456438
v 5.939927 11.529671 208.491119
vn 4.087958 -4.469198 -1.460995
v 5.923751 11.382543 208.816071
vn 4.243365 -2.839644 -0.665733
v 5.984498 11.370722 209.029129
vn 1.829166 -5.174711 -3.052358
v -5.341289 12.521749 201.944534
vn 2.070787 -5.272695 -2.711865
v -4.943093 13.739154 200.001724
vn 2.251365 -5.294604 -2.522130
v -4.517115 15.034371 197.723587
vn 3.330223 -2.632034 -3.529116
v -2.382430 16.236094 197.061218
vn 2.110633 -5.273706 -2.683295
v -3.430857 14.989441 198.722382
vn 3.257604 -2.585678 -3.673090
v -0.546237 16.036478 198.897415
vn 2.017856 -5.211199 -2.870161
v -2.380000 14.918145 199.639664
vn 1.942678 -5.136956 -3.049768
v -1.367277 14.823419 200.482697
vn 1.809045 -5.107650 -3.176658
v -2.936471 13.572449 201.604126
vn 1.721559 -4.989404 -3.404506
v -1.979972 13.456820 202.294769
vn 1.557128 -4.929878 -3.565431
v -3.431744 12.310303 203.244019
vn 3.209540 -2.499118 -3.847588
v 1.273845 15.687944 200.717499
vn 1.889338 -5.022551 -3.266668
v -0.395420 14.708197 201.258698
vn 1.789363 -4.137089 -4.376047
v 2.622405 12.564827 205.241272
vn 1.329991 -4.154818 -4.519156
v 0.241095 11.646995 205.245316
vn 1.449349 -3.868086 -4.732145
v 1.196150 11.417089 205.721115
vn 1.665872 -4.284803 -4.277326
v 1.685015 12.794733 204.655563
vn 1.321332 -4.419825 -4.263808
v -0.797333 11.868937 204.722870
vn 1.606692 -4.503224 -4.071152
v 0.658560 13.016450 204.022064
vn 1.678986 -5.070770 -3.303439
v -4.374174 12.426305 202.631592
vn 1.917283 -5.201235 -2.954051
v -3.925393 13.667549 200.842499
vn -0.459293 -0.000000 -6.263013
v -5.200082 -0.700000 214.016037
vn -0.686604 -0.372968 -6.227870
v -5.386911 2.666519 213.925293
vn -0.746123 -0.702088 -6.191085
v -5.386911 4.005965 213.804443
vn -0.766479 -1.040658 -6.142721
v -5.386911 5.288056 213.630096
vn -0.725604 -1.421137 -6.070020
v -5.386911 6.497157 213.394958
vn -0.465866 -1.824117 -5.991613
v -5.200082 7.598211 213.079056
vn -1.005562 -0.010931 -6.199016
v -5.597599 -0.700000 214.064026
vn -1.017487 -1.851310 -5.914096
v -5.597599 7.612672 213.124817
vn -0.712818 -2.203975 -5.835906
v -5.413484 8.024215 212.954651
vn -0.478741 -2.320205 -5.814059
v -5.280442 8.429695 212.776062
vn -0.948298 -2.346147 -5.743553
v -5.637117 8.388591 212.836411
vn -0.608806 -2.241756 -5.829916
v -5.281937 8.750277 212.649704
vn -1.019805 -1.926075 -5.885451
v -5.638982 9.033233 212.598938
vn -0.346842 -2.794747 -5.613144
v -4.180635 9.392209 212.305557
vn -0.405764 -3.367400 -5.284143
v -3.187379 9.993445 211.903656
vn -0.470012 -3.995445 -4.819291
v -2.193573 10.475059 211.472519
vn -0.524401 -4.564392 -4.277122
v -1.212752 10.845633 211.015427
vn -0.642599 -5.198864 -3.455808
v -0.279802 11.109715 210.541855
vn -0.413291 -5.631575 -2.746027
v 0.591866 11.279973 210.045532
vn -0.739115 -2.468976 -5.726444
v -4.468460 9.617999 212.229675
vn -1.106030 -2.174342 -5.786660
v -4.755292 9.856611 212.179001
vn -1.446694 -1.865538 -5.819376
v -5.038638 10.106234 212.154434
vn -1.808089 -1.522575 -5.818319
v -5.314977 10.363836 212.156433
vn -2.148825 -1.343121 -5.714502
v -4.498208 11.146331 211.651138
vn -2.142227 -1.164762 -5.787973
v -5.583014 10.628160 212.184875
vn -2.493782 -0.786935 -5.705097
v -5.840523 10.896912 212.239349
vn -1.636286 -2.240125 -5.633480
v -4.181806 10.832771 211.662231
vn -1.471105 -3.009677 -5.305853
v -2.964657 11.079134 211.190765
vn -1.259286 -2.629230 -5.560870
v -3.854596 10.533371 211.708832
vn -0.844018 -3.009331 -5.444969
v -3.521775 10.252666 211.789932
vn -0.978051 -3.595461 -5.050741
v -2.580321 10.759976 211.311722
vn -0.807045 -4.238339 -4.566186
v -1.658810 11.143025 210.801514
vn -0.886155 4.371156 -2.750699
v -3.863030 -12.700000 211.362381
vn 0.694731 5.569809 -1.867820
v -4.189590 -12.700000 204.268661
vn 0.651577 5.383327 -2.102155
v -2.368418 -12.700000 204.836426
vn -0.537307 5.270835 -2.245920
v -1.667385 -12.700000 210.657776
vn -0.273041 5.937245 -1.405771
v 0.549886 -12.700000 210.013779
vn 0.757721 5.021514 -2.399959
v 1.143649 -12.700000 205.797440
vn 0.945341 4.988987 -2.356616
v 2.751572 -12.700000 206.337067
vn 1.093003 4.920633 -2.345917
v 3.491209 -12.700000 206.655319
vn 1.307696 4.980792 -2.182832
v 4.167400 -12.700000 207.017227
vn 1.550609 5.030857 -1.968947
v 4.775488 -12.700000 207.440170
vn 1.817313 5.142387 -1.593143
v 5.307298 -12.700000 207.953384
vn 2.008435 5.292861 -1.086427
v 5.717465 -12.700000 208.564102
vn 1.892959 -3.072486 -2.504902
v -5.367990 -20.700001 194.224106
vn 2.881700 2.610950 -3.811604
v -5.367990 -17.700001 194.224106
vn 3.136710 2.612103 -3.602038
v -4.777658 -17.700001 194.703140
vn 3.319488 2.628798 -3.477015
v -4.221826 -17.700001 195.221832
vn 2.182409 -3.107042 -2.259148
v -4.221826 -20.700001 195.221832
vn 2.061462 -3.072440 -2.368160
v -4.777658 -20.700001 194.703140
vn 2.549502 -2.994056 -1.818952
v 4.136588 -20.700001 203.772354
vn 2.304563 -3.068837 -2.131547
v 3.071068 -20.700001 202.514725
vn 2.812475 -2.991850 -1.377565
v 4.981037 -20.700001 205.187943
vn 3.000793 -2.991179 -0.895996
v 5.581472 -20.700001 206.723022
vn 3.101266 -3.006945 -0.412954
v 5.921580 -20.700001 208.335892
vn 2.236490 5.307818 -2.508337
v -4.517115 -16.434370 197.723587
vn 2.105252 5.283287 -2.669214
v -3.430857 -16.389441 198.722382
vn 2.016364 5.255867 -2.790155
v -4.943093 -15.139154 200.001724
vn 2.006665 5.226346 -2.851206
v -2.380000 -16.318144 199.639664
vn 1.925164 5.203111 -2.947564
v -3.925393 -15.067550 200.842499
vn 1.927567 5.157691 -3.025393
v -1.367277 -16.223417 200.482697
vn 1.813034 5.111248 -3.171134
v -2.936471 -14.972448 201.604126
vn 1.870498 5.049269 -3.237160
v -0.395420 -16.108196 201.258698
vn 1.725276 4.993740 -3.399263
v -1.979972 -14.856819 202.294769
vn 1.787949 4.970493 -3.400831
v 0.532835 -15.975415 201.974960
vn 1.660802 4.853483 -3.627052
v -1.059537 -14.723631 202.922546
vn 1.828128 4.850127 -3.548952
v 1.414756 -15.828010 202.638702
vn 1.623040 4.694090 -3.847395
v -0.178812 -14.575851 203.495605
vn 1.847987 4.676528 -3.766701
v 2.247609 -15.668915 203.257172
vn 1.618255 4.517043 -4.055646
v 0.658560 -14.416451 204.022064
vn 1.917749 4.507704 -3.933835
v 3.260995 -15.447444 204.011871
vn 1.669209 4.291005 -4.274412
v 1.685015 -14.194734 204.655563
vn 2.040237 4.356708 -4.040918
v 4.179104 -15.217537 204.717529
vn 1.787053 4.001936 -4.499229
v 2.622405 -13.964828 205.241272
vn 2.079680 4.283416 -4.095697
v 4.995770 -14.985818 205.390503
vn 2.053473 3.849168 -4.520976
v 3.462510 -13.733430 205.797546
vn 4.103183 1.980667 -3.197005
v 5.218256 -14.793917 205.707047
vn 2.303253 3.826566 -4.416395
v 4.197110 -13.507238 206.342758
vn 4.337115 1.950645 -2.871878
v 5.536445 -14.122895 206.575363
vn 3.012704 3.963176 -3.827214
v 5.095595 -13.187490 207.194351
vn 3.359460 4.107363 -3.347291
v 5.436561 -13.045417 207.646851
vn 3.833130 4.163709 -2.667542
v 5.700484 -12.919169 208.127991
vn 4.978658 2.194994 -1.456438
v 5.939927 -12.929670 208.491119
vn 4.087954 4.469209 -1.461001
v 5.923751 -12.782543 208.816071
vn 4.243304 2.839668 -0.665731
v 5.984498 -12.770721 209.029129
vn 1.803726 5.149168 -3.114976
v -5.341289 -13.921749 201.944534
vn 1.694326 5.067623 -3.303136
v -4.374174 -13.826304 202.631592
vn 1.547834 5.012118 -3.458325
v -5.093026 -13.253233 203.145325
vn 1.568174 4.926895 -3.568053
v -3.431744 -13.710302 203.244019
vn 1.491578 4.874597 -3.670408
v -4.157630 -13.137044 203.718643
vn 1.470386 4.757024 -3.830801
v -2.518475 -13.576741 203.790726
vn 1.362055 4.665043 -3.978953
v -3.247944 -13.003297 204.224823
vn 1.400209 4.557777 -4.090649
v -1.638846 -13.428620 204.280701
vn 1.319558 4.479379 -4.202257
v -2.368863 -12.855004 204.673248
vn 1.363675 4.078469 -4.579858
v 0.241095 -13.046995 205.245316
vn 1.354819 4.365968 -4.309661
v -0.797333 -13.268937 204.722870
vn 1.514674 3.815954 -4.756044
v 1.196150 -12.817090 205.721115
vn 4.629239 2.028917 -2.307111
v 5.779182 -13.450039 207.491669
vn 3.870717 2.093683 -3.411587
v 4.823886 -15.384009 204.874573
vn 3.698909 2.130762 -3.632119
v 4.340802 -15.883512 204.067032
vn 3.475122 2.209587 -3.830245
v 3.756502 -16.284893 203.274155
vn 3.294984 2.328295 -3.939123
v 3.071068 -16.580151 202.514725
vn 3.206875 2.489661 -3.863230
v 1.273845 -17.087944 200.717499
vn 3.257604 2.585677 -3.673091
v -0.546237 -17.436478 198.897415
vn 3.330223 2.632034 -3.529117
v -2.382430 -17.636093 197.061218
vn -0.474205 1.849401 -5.982898
v -5.200082 -8.998211 213.079056
vn -0.704277 1.444178 -6.067686
v -5.386911 -7.897158 213.394958
vn -0.731799 1.019414 -6.149272
v -5.386911 -6.688057 213.630096
vn -0.749178 0.694062 -6.191643
v -5.386911 -5.405965 213.804443
vn -0.699418 0.383201 -6.225529
v -5.386911 -4.066519 213.925293
vn -1.007048 1.804448 -5.930577
v -5.597599 -9.012672 213.124817
vn -0.466426 2.343097 -5.805174
v -5.280442 -9.829695 212.776062
vn -0.740253 2.190466 -5.836464
v -5.413484 -9.424215 212.954651
vn -0.948294 2.346143 -5.743556
v -5.637117 -9.788591 212.836411
vn -0.631944 2.242822 -5.828112
v -5.281937 -10.150276 212.649704
vn -1.021208 1.941653 -5.880645
v -5.638982 -10.433232 212.598938
vn -0.433031 5.605351 -2.800598
v 0.591866 -12.679974 210.045532
vn -0.652128 5.185923 -3.473941
v -0.279802 -12.509715 210.541855
vn -1.456219 3.042711 -5.289815
v -2.964657 -12.479135 211.190765
vn -0.953893 4.238286 -4.536058
v -1.658810 -12.543025 210.801514
vn -0.557622 4.562469 -4.274312
v -1.212752 -12.245632 211.015427
vn -0.482063 3.937121 -4.866506
v -2.193573 -11.875058 211.472519
vn -0.415710 3.320880 -5.313268
v -3.187379 -11.393445 211.903656
vn -0.329890 2.710684 -5.655187
v -4.180635 -10.792209 212.305557
vn -0.710524 2.441221 -5.742288
v -4.468460 -11.018000 212.229675
vn -1.068713 2.154095 -5.801374
v -4.755292 -11.256611 212.179001
vn -1.429526 1.837322 -5.832532
v -5.038638 -11.506233 212.154434
vn -1.248286 2.651586 -5.552945
v -3.854597 -11.933372 211.708832
vn -1.644568 2.254392 -5.625424
v -4.181806 -12.232771 211.662231
vn -2.149535 1.350180 -5.711938
v -4.498208 -12.546331 211.651138
vn -2.493782 0.786935 -5.705097
v -5.840523 -12.296911 212.239349
vn -2.142226 1.164761 -5.787973
v -5.583014 -12.028159 212.184875
vn -1.800454 1.521957 -5.820859
v -5.314977 -11.763836 212.156433
vn -0.957131 3.595594 -5.055883
v -2.580321 -12.159976 211.311722
vn -0.827875 3.002136 -5.452260
v -3.521775 -11.652665 211.789932
vn -2.962183 -3.072361 -0.597775
v 2.200000 -9.055271 230.438126
vn -2.964533 -3.129876 -0.020578
v 2.200000 -9.200000 232.000000
vn -3.337942 -3.126465 -0.000000
v 2.200000 -8.200000 232.000000
vn -2.964912 -3.079901 0.556709
v 2.200000 -9.055271 233.561874
vn -3.337941 -3.066391 0.609942
v 2.200000 -8.055889 233.463181
vn -2.965046 -2.924289 1.115046
v 2.200000 -8.626014 235.070557
vn -3.337945 -2.888476 1.196447
v 2.200000 -7.629097 234.870132
vn -2.964900 -2.668281 1.635257
v 2.200000 -7.926846 236.474670
vn -3.337943 -2.599558 1.736975
v 2.200000 -6.936022 236.166779
vn -2.964407 -2.320577 2.099428
v 2.200000 -6.981576 237.726410
vn -3.337939 -2.210745 2.210745
v 2.200000 -6.003301 237.303299
vn -2.963635 -1.893075 2.491535
v 2.200000 -5.822394 238.783142
vn -3.337947 -1.736969 2.599561
v 2.200000 -4.866777 238.236023
vn -2.962463 -1.400390 2.798048
v 2.200000 -4.488776 239.608887
vn -3.337932 -1.196453 2.888476
v 2.200000 -3.570126 238.929092
vn -2.960955 -0.859463 3.008334
v 2.200000 -3.026135 240.175522
vn -3.337953 -0.609947 3.066389
v 2.200000 -2.163177 239.355896
vn -2.958997 -0.288864 3.115086
v 2.200000 -1.484281 240.463745
vn -3.337934 0.000000 3.126466
v 2.200000 -0.700000 239.500000
vn -2.958997 0.288864 3.115086
v 2.200000 0.084281 240.463745
vn -3.337954 0.609947 3.066388
v 2.200000 0.763177 239.355896
vn -2.960955 0.859463 3.008334
v 2.200000 1.626135 240.175522
vn -3.337933 1.196452 2.888476
v 2.200000 2.170126 238.929092
vn -2.962463 1.400390 2.798048
v 2.200000 3.088776 239.608887
vn -3.337946 1.736969 2.599562
v 2.200000 3.466777 238.236023
vn -2.963635 1.893075 2.491535
v 2.200000 4.422394 238.783142
vn -3.337939 2.210745 2.210745
v 2.200000 4.603301 237.303299
vn -2.964407 2.320577 2.099428
v 2.200000 5.581576 237.726410
vn -3.337942 2.599558 1.736975
v 2.200000 5.536022 236.166779
vn -2.964900 2.668281 1.635257
v 2.200000 6.526845 236.474670
vn -3.337944 2.888476 1.196447
v 2.200000 6.229096 234.870132
vn -2.965042 2.924288 1.115047
v 2.200000 7.226014 235.070557
vn -3.337942 3.066391 0.609942
v 2.200000 6.655890 233.463181
vn -2.964912 3.079901 0.556708
v 2.200000 7.655272 233.561874
vn -3.337942 3.126465 -0.000000
v 2.200000 6.800000 232.000000
vn -2.964531 3.129876 -0.020577
v 2.200000 7.800000 232.000000
vn -2.964071 3.072767 -0.596406
v 2.200000 7.655272 230.438126
vn -3.337941 3.066391 -0.609942
v 2.200000 6.655890 230.536819
vn -3.054325 2.935383 -1.100302
v 2.200000 7.226014 228.929443
vn -3.337944 2.888476 -1.196447
v 2.200000 6.229096 229.129868
vn -2.979564 2.637798 -1.690032
v 2.200000 6.526845 227.525330
vn -3.337942 2.599558 -1.736975
v 2.200000 5.536022 227.833221
vn -2.958353 2.298350 -2.126463
v 2.200000 5.581576 226.273590
vn -3.337939 2.210745 -2.210745
v 2.200000 4.603301 226.696701
vn -2.952596 1.870455 -2.511209
v 2.200000 4.422394 225.216858
vn -3.337946 1.736969 -2.599562
v 2.200000 3.466777 225.763977
vn -2.947565 1.381168 -2.810207
v 2.200000 3.088776 224.391113
vn -3.337933 1.196453 -2.888476
v 2.200000 2.170126 225.070908
vn -2.943834 0.846957 -3.014544
v 2.200000 1.626135 223.824478
vn -3.337954 0.609947 -3.066389
v 2.200000 0.763177 224.644104
vn -2.941880 0.285397 -3.118217
v 2.200000 0.084281 223.536255
vn -3.337934 -0.000000 -3.126466
v 2.200000 -0.700000 224.500000
vn -2.941880 -0.285397 -3.118218
v 2.200000 -1.484281 223.536255
vn -3.337954 -0.609947 -3.066388
v 2.200000 -2.163177 224.644104
vn -2.943834 -0.846957 -3.014544
v 2.200000 -3.026135 223.824478
vn -3.337932 -1.196452 -2.888476
v 2.200000 -3.570126 225.070908
vn -2.947564 -1.381169 -2.810207
v 2.200000 -4.488776 224.391113
vn -3.337947 -1.736969 -2.599562
v 2.200000 -4.866777 225.763977
vn -2.952596 -1.870455 -2.511209
v 2.200000 -5.822394 225.216858
vn -3.337939 -2.210745 -2.210745
v 2.200000 -6.003301 226.696701
vn -2.958353 -2.298350 -2.126463
v 2.200000 -6.981576 226.273590
vn -3.337943 -2.599558 -1.736975
v 2.200000 -6.936022 227.833221
vn -2.980348 -2.636508 -1.692456
v 2.200000 -7.926846 227.525330
vn -3.337945 -2.888477 -1.196447
v 2.200000 -7.629097 229.129868
vn -3.055428 -2.936857 -1.097098
v 2.200000 -8.626014 228.929443
vn -3.337941 -3.066391 -0.609941
v 2.200000 -8.055889 230.536819
vn -2.945244 -3.066391 -0.609942
v 0.000000 -8.055889 230.536819
vn -2.945243 -3.126465 0.000000
v 0.000000 -8.200000 232.000000
vn -3.337942 3.111409 -0.306449
v 0.000000 -2.400000 232.000000
vn -2.945245 -3.066391 0.609941
v 0.000000 -8.055889 233.463181
vn -3.534284 2.846690 -1.179127
v 0.000000 -2.270595 232.650558
vn -2.945240 -2.888477 1.196447
v 0.000000 -7.629097 234.870132
vn -2.945242 -2.599558 1.736975
v 0.000000 -6.936022 236.166779
vn -3.534297 2.178766 -2.178746
v 0.000000 -1.902081 233.202087
vn -2.945247 -2.210745 2.210745
v 0.000000 -6.003301 237.303299
vn -2.945239 -1.736969 2.599561
v 0.000000 -4.866777 238.236023
vn -3.534308 1.179114 -2.846686
v 0.000000 -1.350562 233.570602
vn -2.945253 -1.196452 2.888476
v 0.000000 -3.570126 238.929092
vn -2.945232 -0.609947 3.066388
v 0.000000 -2.163177 239.355896
vn -3.534261 0.000000 -3.081236
v 0.000000 -0.700000 233.699997
vn -2.945252 -0.000000 3.126466
v 0.000000 -0.700000 239.500000
vn -2.945232 0.609947 3.066388
v 0.000000 0.763177 239.355896
vn -3.534308 -1.179114 -2.846687
v 0.000000 -0.049438 233.570602
vn -2.945253 1.196452 2.888476
v 0.000000 2.170126 238.929092
vn -2.945239 1.736969 2.599562
v 0.000000 3.466777 238.236023
vn -3.534297 -2.178766 -2.178746
v 0.000000 0.502082 233.202087
vn -2.945246 2.210745 2.210745
v 0.000000 4.603301 237.303299
vn -2.945242 2.599558 1.736975
v 0.000000 5.536022 236.166779
vn -3.534283 -2.846689 -1.179126
v 0.000000 0.870595 232.650558
vn -2.945241 2.888476 1.196447
v 0.000000 6.229096 234.870132
vn -2.945244 3.066391 0.609942
v 0.000000 6.655890 233.463181
vn -3.337942 -3.111410 -0.306449
v 0.000000 1.000000 232.000000
vn -2.945243 3.126465 0.000000
v 0.000000 6.800000 232.000000
vn -2.945244 3.066391 -0.609942
v 0.000000 6.655890 230.536819
vn -2.945241 2.888476 -1.196447
v 0.000000 6.229096 229.129868
vn -2.945243 2.599558 -1.736975
v 0.000000 5.536022 227.833221
vn -2.945246 2.210745 -2.210745
v 0.000000 4.603301 226.696701
vn -2.945239 1.736969 -2.599562
v 0.000000 3.466777 225.763977
vn -2.945253 1.196452 -2.888476
v 0.000000 2.170126 225.070908
vn -4.712389 -1.570796 1.570796
v 0.000000 1.000000 224.899994
vn -2.945232 0.609947 -3.066388
v 0.000000 0.763177 224.644104
vn -2.945252 0.000000 -3.126466
v 0.000000 -0.700000 224.500000
vn -4.712389 1.570796 1.570796
v 0.000000 -2.400000 224.899994
vn -2.945232 -0.609947 -3.066388
v 0.000000 -2.163177 224.644104
vn -2.945253 -1.196452 -2.888476
v 0.000000 -3.570126 225.070908
vn -2.945239 -1.736969 -2.599561
v 0.000000 -4.866777 225.763977
vn -2.945247 -2.210745 -2.210745
v 0.000000 -6.003301 226.696701
vn -2.945243 -2.599558 -1.736975
v 0.000000 -6.936022 227.833221
vn -2.945240 -2.888476 -1.196447
v 0.000000 -7.629097 229.129868
vn -3.276781 2.272662 2.158607
v 6.000000 10.175995 242.330185
vn -3.276781 1.960997 2.445214
v 6.000000 8.684490 243.701767
vn -3.276788 1.613540 2.687203
v 6.000000 7.021736 244.859818
vn -3.276779 1.236641 2.880156
v 6.000000 5.218075 245.783188
vn -3.276774 0.837193 3.020545
v 6.000000 3.306420 246.455048
vn -3.276791 0.422453 3.105818
v 6.000000 1.321656 246.863144
vn -3.276780 0.000000 3.134419
v 6.000000 -0.700000 247.000000
vn -3.276791 -0.422453 3.105818
v 6.000000 -2.721656 246.863144
vn -3.276774 -0.837193 3.020545
v 6.000000 -4.706420 246.455048
vn -3.276779 -1.236641 2.880156
v 6.000000 -6.618075 245.783188
vn -3.276787 -1.613540 2.687204
v 6.000000 -8.421736 244.859818
vn -3.276781 -1.960997 2.445214
v 6.000000 -10.084490 243.701767
vn -3.276782 -2.272662 2.158608
v 6.000000 -11.575995 242.330185
vn -3.238345 -2.509970 1.883237
v 6.000000 -12.869034 240.770096
vn -2.980485 3.090855 -0.502313
v 2.800000 -12.051078 233.844727
vn -2.980485 3.131406 -0.000000
v 2.800000 -12.200000 232.000000
vn -2.980486 3.090855 0.502313
v 2.800000 -12.051078 230.155273
vn -2.980485 2.970252 0.991616
v 2.800000 -11.608170 228.358322
vn -2.980487 2.772723 1.455235
v 2.800000 -10.882744 226.655685
vn -2.980481 2.503378 1.881169
v 2.800000 -9.893592 225.091461
vn -2.980488 2.169198 2.258380
v 2.800000 -8.666330 223.706177
vn -2.980487 1.778843 2.577095
v 2.800000 -7.232745 222.535690
vn -2.980484 1.342414 2.829067
v 2.800000 -5.629964 221.610321
vn -2.980484 0.871213 3.007771
v 2.800000 -3.899501 220.954041
vn -2.980487 0.377451 3.108574
v 2.800000 -2.086172 220.583847
vn -2.980483 -0.126089 3.128866
v 2.800000 -0.236942 220.509323
vn -2.980486 -0.626365 3.068121
v 2.800000 1.600295 220.732407
vn -2.980486 -1.110414 2.927914
v 2.800000 3.377956 221.247314
vn -2.980488 -1.565701 2.711878
v 2.800000 5.050000 222.040710
vn -2.980484 -1.980439 2.425605
v 2.800000 6.573122 223.092041
vn -2.980484 -2.343889 2.076507
v 2.800000 7.907874 224.374084
vn -2.980484 -2.646634 1.673627
v 2.800000 9.019686 225.853638
vn -2.980489 -2.880829 1.227406
v 2.800000 9.879764 227.492386
vn -2.980484 -3.040412 0.749396
v 2.800000 10.465831 229.247864
vn -2.980486 -3.121251 0.251973
v 2.800000 10.762709 231.074631
vn -2.980485 -3.121252 -0.251973
v 2.800000 10.762709 232.925369
vn -2.980484 -3.040412 -0.749396
v 2.800000 10.465831 234.752136
vn -2.980488 -2.880830 -1.227406
v 2.800000 9.879764 236.507614
vn -2.980484 -2.646634 -1.673627
v 2.800000 9.019686 238.146362
vn -2.980484 -2.343889 -2.076507
v 2.800000 7.907874 239.625916
vn -2.980484 -1.980439 -2.425605
v 2.800000 6.573122 240.907959
vn -2.980488 -1.565701 -2.711878
v 2.800000 5.050000 241.959290
vn -2.980486 -1.110414 -2.927914
v 2.800000 3.377956 242.752686
vn -2.980485 -0.626365 -3.068121
v 2.800000 1.600295 243.267593
vn -2.980483 -0.126089 -3.128866
v 2.800000 -0.236942 243.490677
vn -2.980487 0.377451 -3.108574
v 2.800000 -2.086172 243.416153
vn -2.980484 0.871213 -3.007771
v 2.800000 -3.899501 243.045959
vn -2.980485 1.342414 -2.829068
v 2.800000 -5.629964 242.389679
vn -2.980487 1.778843 -2.577095
v 2.800000 -7.232745 241.464310
vn -2.980488 2.169198 -2.258380
v 2.800000 -8.666330 240.293823
vn -2.980481 2.503378 -1.881169
v 2.800000 -9.893592 238.908539
vn -2.980487 2.772723 -1.455235
v 2.800000 -10.882744 237.344315
vn -2.980485 2.970252 -0.991616
v 2.800000 -11.608170 235.641678
vn -3.319552 -3.128782 0.086292
v 2.800000 -9.198274 232.171310
vn -3.321072 -3.092504 -0.482702
v 2.800000 -9.088332 230.626724
vn -3.673697 -2.204329 -0.206229
v 2.800000 -8.081802 227.785858
vn -3.333120 -2.427011 -1.978131
v 2.800000 -7.233472 226.562744
vn -3.340553 -2.042336 -2.373219
v 2.800000 -6.184782 225.506378
vn -3.347211 -1.592404 -2.695755
v 2.800000 -4.967891 224.649139
vn -3.352360 -1.091171 -2.934565
v 2.800000 -3.620118 224.017334
vn -3.355557 -0.554597 -3.081295
v 2.800000 -2.182795 223.630341
vn -3.356708 0.000000 -3.130780
v 2.800000 -0.700000 223.500000
vn -3.355557 0.554597 -3.081295
v 2.800000 0.782795 223.630341
vn -3.352360 1.091171 -2.934565
v 2.800000 2.220118 224.017334
vn -3.347212 1.592405 -2.695755
v 2.800000 3.567891 224.649139
vn -3.340554 2.042336 -2.373218
v 2.800000 4.784781 225.506378
vn -3.333120 2.427011 -1.978130
v 2.800000 5.833472 226.562744
vn -3.676057 2.200105 -0.202878
v 2.800000 6.681802 227.785858
vn -3.320289 3.092882 -0.481157
v 2.800000 7.688333 230.626724
vn -3.319549 3.128782 0.086293
v 2.800000 7.798274 232.171310
vn -3.319039 3.061468 0.650645
v 2.800000 7.626175 233.710205
vn -3.318808 2.893278 1.193306
v 2.800000 7.177748 235.192352
vn -3.318857 2.629870 1.696422
v 2.800000 6.467875 236.568542
vn -3.319175 2.280022 2.143480
v 2.800000 5.520115 237.793106
vn -3.319889 1.855340 2.519830
v 2.800000 4.365923 238.825424
vn -3.320886 1.369850 2.813199
v 2.800000 3.043604 239.631210
vn -3.322326 0.839569 3.014017
v 2.800000 1.597042 240.183746
vn -3.324054 0.281927 3.115803
v 2.800000 0.074246 240.464661
vn -3.324054 -0.281927 3.115803
v 2.800000 -1.474246 240.464661
vn -3.322326 -0.839569 3.014017
v 2.800000 -2.997042 240.183746
vn -3.320885 -1.369850 2.813199
v 2.800000 -4.443604 239.631210
vn -3.319889 -1.855340 2.519830
v 2.800000 -5.765923 238.825424
vn -3.319175 -2.280023 2.143480
v 2.800000 -6.920115 237.793106
vn -3.318857 -2.629870 1.696422
v 2.800000 -7.867875 236.568542
vn -3.318813 -2.893278 1.193305
v 2.800000 -8.577748 235.192352
vn -3.319038 -3.061468 0.650645
v 2.800000 -9.026175 233.710205
vn 2.815070 3.230032 -2.350463
v 2.543779 7.171424 228.792175
vn 2.590221 3.042945 -1.522770
v 2.502292 7.015559 228.433517
vn 2.656457 3.072143 -0.438637
v 2.591270 6.843496 228.082657
vn 2.708769 -3.069074 -0.456882
v 2.591270 -8.243496 228.082657
vn 2.761535 -3.101643 -1.460061
v 2.502292 -8.415559 228.433517
vn 2.817184 -3.225559 -2.346441
v 2.543779 -8.571424 228.792175
vn 1.519788 -3.645680 -2.630311
v 3.000000 1.000000 229.366028
vn 2.630739 -3.648027 -1.518280
v 2.633975 1.000000 229.000000
vn 3.036789 -3.651826 0.001935
v 2.500000 1.000000 228.500000
vn 2.632087 -3.649304 1.515515
v 2.633975 1.000000 228.000000
vn 1.519074 -3.643672 2.631100
v 3.000000 1.000000 227.633972
vn 0.399816 -3.392873 -3.089836
v 3.500000 1.000000 229.500000
vn 1.519075 3.643672 2.631102
v 3.000000 -2.400000 227.633972
vn 2.632088 3.649330 1.515517
v 2.633975 -2.400000 228.000000
vn 3.036789 3.651825 0.001935
v 2.500000 -2.400000 228.500000
vn 2.630738 3.647974 -1.518279
v 2.633975 -2.400000 229.000000
vn 1.519790 3.645681 -2.630315
v 3.000000 -2.400000 229.366028
vn -3.204549 -3.051811 0.737816
v 6.000000 -18.843050 227.202255
vn -3.195791 -2.992515 0.951823
v 6.000000 -17.821630 230.820511
vn -3.185051 -2.938686 1.108518
v 6.000000 -17.203112 232.581482
vn -3.188376 -2.882902 1.246132
v 6.000000 -16.507273 234.305847
vn -3.191718 -2.816577 1.389279
v 6.000000 -15.730030 235.990265
vn -3.194992 -2.738826 1.536640
v 6.000000 -14.867299 237.631348
vn -3.198142 -2.648982 1.686583
v 6.000000 -13.914995 239.225754
vn -3.197919 -3.094669 0.532769
v 6.000000 -19.604208 223.477982
vn -3.189074 -3.120444 0.355544
v 6.000000 -20.137781 219.674622
vn -3.180398 -3.134055 0.208059
v 6.000000 -20.476444 215.819077
vn 2.825768 -2.932405 -1.006698
v 2.100000 -13.836961 218.781433
vn 2.825771 -3.100394 0.000000
v 2.100000 -13.696085 217.937210
vn 2.825770 -2.932405 1.006697
v 2.100000 -13.836961 217.092987
vn 2.825774 -2.446646 1.904302
v 2.100000 -14.244320 216.340256
vn 2.825773 -1.695761 2.595543
v 2.100000 -14.874021 215.760574
vn 2.825765 -0.761107 3.005520
v 2.100000 -15.657823 215.416763
vn 2.825766 0.256036 3.089802
v 2.100000 -16.510792 215.346085
vn 2.825780 1.245416 2.839259
v 2.100000 -17.340494 215.556198
vn 2.825768 2.099832 2.281040
v 2.100000 -18.057018 216.024323
vn 2.825763 2.726714 1.475622
v 2.100000 -18.582718 216.699738
vn 2.825775 3.058110 0.510302
v 2.100000 -18.860624 217.509262
vn 2.825770 3.058107 -0.510310
v 2.100000 -18.860624 218.365158
vn 2.825781 2.726722 -1.475617
v 2.100000 -18.582718 219.174667
vn 2.825758 2.099842 -2.281027
v 2.100000 -18.057018 219.850098
vn 2.825761 1.245389 -2.839266
v 2.100000 -17.340494 220.318222
vn 2.825782 0.256011 -3.089809
v 2.100000 -16.510792 220.528320
vn 2.825783 -0.761083 -3.005531
v 2.100000 -15.657823 220.457642
vn 2.825759 -1.695738 -2.595552
v 2.100000 -14.874021 220.113846
vn 2.825773 -2.446646 -1.904301
v 2.100000 -14.244320 219.534164
vn 2.810899 -2.930846 1.006163
v 2.100000 17.355209 217.092987
vn 2.810897 -3.098745 0.000000
v 2.100000 17.496086 217.937210
vn 2.810899 -2.930846 -1.006163
v 2.100000 17.355209 218.781433
vn 2.810901 -2.445347 -1.903288
v 2.100000 16.947851 219.534164
vn 2.810884 -1.694836 -2.594172
v 2.100000 16.318151 220.113846
vn 2.810912 -0.760677 -3.003933
v 2.100000 15.534348 220.457642
vn 2.810912 0.255874 -3.088167
v 2.100000 14.681379 220.528320
vn 2.810890 1.244727 -2.837756
v 2.100000 13.851677 220.318222
vn 2.810886 2.098725 -2.279814
v 2.100000 13.135153 219.850098
vn 2.810910 2.725272 -1.474834
v 2.100000 12.609453 219.174667
vn 2.810896 3.056481 -0.510041
v 2.100000 12.331546 218.365158
vn 2.810902 3.056484 0.510032
v 2.100000 12.331546 217.509262
vn 2.810893 2.725264 1.474839
v 2.100000 12.609453 216.699738
vn 2.810897 2.098715 2.279828
v 2.100000 13.135153 216.024323
vn 2.810908 1.244754 2.837749
v 2.100000 13.851677 215.556198
vn 2.810894 0.255900 3.088160
v 2.100000 14.681379 215.346085
vn 2.810895 -0.760701 3.003923
v 2.100000 15.534348 215.416763
vn 2.810900 -1.694860 2.594162
v 2.100000 16.318151 215.760574
vn 2.810901 -2.445347 1.903288
v 2.100000 16.947851 216.340256
vn -0.042302 0.019538 -6.282676
v 6.065151 -16.296085 211.937210
vn -0.255376 -3.006702 -3.120129
v 6.065151 -21.496086 211.937210
vn -1.764850 1.445015 -4.771513
v 6.000000 -20.752911 211.938263
vn -0.686955 2.876894 -3.133908
v 5.690753 -20.751970 211.972565
vn -1.167830 -2.833496 -2.868706
v 5.311390 -21.496086 212.084686
vn -1.579236 2.836103 -2.780346
v 5.057826 -20.745190 212.209412
vn -2.165904 -2.824487 -2.210740
v 4.668790 -21.496086 212.505371
vn -2.374005 2.829767 -2.150438
v 4.561093 -20.732307 212.618942
vn -2.697509 -3.033011 -1.601243
v 4.232121 -21.496086 213.137207
vn -2.852362 3.022358 -1.705132
v 4.232121 -20.713846 213.137207
vn -2.818360 3.299054 -1.713309
v 3.938431 -20.689245 213.739899
vn -2.556028 3.288682 -2.050353
v 3.430152 -20.650204 214.558578
vn -3.110939 3.131575 -0.243852
v 6.000000 -20.478802 217.168121
vn -2.184494 3.314207 -2.466522
v 2.484074 -20.586542 215.665924
vn -1.779375 3.293816 -2.818152
v 1.386324 -20.525436 216.560867
vn -1.419560 3.268212 -3.051615
v 0.392397 -20.481485 217.134644
vn -1.086061 3.255344 -3.246494
v -0.100000 -20.463713 217.353409
vn -3.107465 3.120838 -0.356415
v 6.000000 -20.228409 219.763809
vn -0.005142 6.240660 -0.722605
v -0.100000 -20.217918 219.855774
vn -3.107137 3.106442 -0.465440
v 6.000000 -19.889038 222.336441
vn -0.000047 6.212722 -0.932438
v -0.100000 -19.889038 222.336441
vn -2.565973 -3.290004 -1.793898
v 3.488645 -21.496086 214.474808
vn -2.191883 -3.322922 -2.232000
v 2.504074 -21.496086 215.646347
vn -1.739028 -3.303073 -2.602266
v 1.314437 -21.496086 216.608994
vn -1.177661 -3.290072 -2.900112
v -0.036735 -21.496086 217.327499
vn -0.834479 -3.191687 -3.027667
v -1.500000 -21.496086 217.775574
vn -0.848984 3.172550 -3.339771
v -1.500000 -20.427794 217.775574
vn 0.402466 -3.089150 -2.886172
v 8.000000 -21.496086 211.937210
vn 0.599632 -6.115198 -1.033995
v 8.000000 -21.496086 217.937210
vn 0.000917 -6.119302 -1.001441
v -0.100000 -21.496086 217.937210
vn -0.883120 -3.058251 -3.012044
v -1.663005 -21.496086 217.816040
vn -1.137569 -3.049760 -2.925248
v -1.822039 -21.496086 217.870056
vn -1.600248 -2.805930 -3.719404
v -1.975981 -21.496086 217.937210
vn -2.186011 -2.710307 -3.193641
v -2.444042 -21.604177 218.254105
vn -2.099752 2.852092 -2.623237
v -2.369963 -20.390398 218.190109
vn -1.508550 2.928890 -3.036973
v -2.042290 -20.410425 217.971054
vn -0.986506 2.997516 -3.260195
v -1.677772 -20.423849 217.820435
vn -2.722446 2.807608 -1.819756
v -2.837359 -20.337023 218.744415
vn -2.707901 -2.732048 -2.486736
v -2.801163 -21.745211 218.683487
vn -3.029714 -2.760229 -1.656129
v -3.024156 -21.906908 219.189621
vn -3.066994 2.884850 -0.937716
v -3.070764 -20.269354 219.394455
vn -3.128403 -2.885759 -1.061088
v -3.100000 -22.077789 219.735168
vn -3.154668 3.034516 -0.489839
v -3.100000 -20.231634 219.735168
vn -0.000076 -5.992896 -1.887563
v -0.100000 -21.951096 219.329788
vn 0.000347 -6.006469 -1.844029
v -0.100000 -22.263363 220.336395
vn -3.137540 -3.004436 -0.918114
v -3.100000 -22.337505 220.578598
vn 0.000192 -3.871827 2.106589
v -0.100000 -22.632137 221.549866
vn 2.039049 -3.403729 -3.258513
v -1.012545 -22.632137 221.549866
vn 0.000702 -5.970191 -1.957863
v -0.100000 -21.695335 218.530060
vn -1.555740 -0.204196 -4.985804
v -3.100000 -22.632137 221.549866
vn -2.821150 -3.178253 -1.619780
v 4.232121 19.313847 213.137207
vn -2.687044 3.090262 -1.622425
v 4.232121 20.096085 213.137207
vn -2.711761 -2.926010 -1.756274
v 4.323941 19.320681 212.953247
vn -2.163746 2.849292 -2.214156
v 4.668790 20.096085 212.505371
vn -2.410984 -2.900380 -2.119038
v 4.551686 19.331947 212.629761
vn -1.849475 -2.876921 -2.620734
v 4.838695 19.340706 212.357391
vn -1.151733 2.810035 -2.869799
v 5.311390 20.096085 212.084686
vn -1.032676 -2.819816 -3.022233
v 5.385870 19.349634 212.056091
vn -0.284142 2.973570 -3.115571
v 6.065151 20.096085 211.937210
vn -1.895136 -1.354499 -4.750565
v 6.000000 19.352911 211.938263
vn -0.042302 -0.019538 -6.282676
v 6.065151 14.896086 211.937210
vn 3.042364 -0.160635 -3.133352
v 9.000000 14.896086 211.937210
vn 2.940063 -0.649899 -3.056714
v 9.000000 13.648615 212.068329
vn 2.938928 -1.271218 -2.854695
v 9.000000 12.455666 212.455933
vn 2.937769 -1.836965 -2.527892
v 9.000000 11.369374 213.083099
vn 2.936590 -2.322369 -2.090617
v 9.000000 10.437217 213.922424
vn 2.935368 -2.706221 -1.561989
v 9.000000 9.699933 214.937210
vn 2.934095 -2.971759 -0.965105
v 9.000000 9.189746 216.083099
vn 3.037528 -3.098772 -0.490262
v 9.000000 8.928954 217.310043
vn 0.402460 3.089151 -2.886176
v 8.000000 20.096085 211.937210
vn 3.089149 0.402608 -2.885960
v 9.000000 19.096085 211.937210
vn 1.517365 2.630842 -2.632982
v 8.500000 19.962111 211.937210
vn 2.630886 1.517221 -2.632759
v 8.866025 19.596085 211.937210
vn -2.591065 3.297921 -1.756348
v 3.488645 20.096085 214.474808
vn 0.634115 6.119538 -1.003651
v 8.000000 20.096085 217.937210
vn -2.192624 3.279504 -2.236596
v 2.504074 20.096085 215.646347
vn -1.735038 3.313647 -2.605962
v 1.314437 20.096085 216.608994
vn 0.000671 6.119246 -1.001604
v -0.100000 20.096085 217.937210
vn -1.181876 3.303117 -2.898101
v -0.036735 20.096085 217.327499
vn -0.833388 3.193323 -3.027937
v -1.500000 20.096085 217.775574
vn -0.886429 3.056368 -3.011017
v -1.663005 20.096085 217.816040
vn -1.147602 3.023853 -2.920371
v -1.822039 20.096085 217.870056
vn -1.582597 2.773957 -3.727622
v -1.975981 20.096085 217.937210
vn -0.827295 -3.185237 -3.340067
v -1.500000 19.027794 217.775574
vn -1.041573 -2.950906 -3.235951
v -1.627272 19.025127 217.805923
vn -1.814942 -2.882412 -2.845584
v -2.304940 18.995136 218.138885
vn -2.168173 2.754668 -3.216448
v -2.444043 20.204178 218.254105
vn -2.372562 -2.937859 -2.362016
v -2.596237 18.969879 218.408035
vn -2.717931 2.755089 -2.473752
v -2.801165 20.345211 218.683487
vn -2.775174 -2.877569 -1.756549
v -2.828494 18.938557 218.729034
vn -3.029465 2.758707 -1.656404
v -3.024157 20.506908 219.189621
vn -3.062452 -2.879827 -0.956028
v -3.067953 18.871075 219.378571
vn -3.128380 2.885333 -1.061282
v -3.100000 20.677790 219.735168
vn -3.154302 -3.030551 -0.495118
v -3.100000 18.831635 219.735168
vn 0.000822 5.970319 -1.957475
v -0.100000 20.295336 218.530060
vn 0.000402 5.992838 -1.887755
v -0.100000 20.551096 219.329788
vn 0.000210 6.006464 -1.844042
v -0.100000 20.863363 220.336395
vn -3.137513 3.004437 -0.918108
v -3.100000 20.937506 220.578598
vn 2.039367 3.403400 -3.259596
v -1.012545 21.232138 221.549866
vn -1.555714 0.204202 -4.985806
v -3.100000 21.232138 221.549866
vn -0.000129 3.871798 2.106503
v -0.100000 21.232138 221.549866
vn -3.175568 -3.107435 -0.458798
v -3.100000 18.527262 222.080063
vn -6.234345 -0.442749 -0.134026
v -3.100000 21.032227 221.607193
vn -3.179634 -3.087402 -0.577807
v -3.100000 18.141504 224.399796
vn -3.206405 -1.251249 2.879732
v -3.100000 20.190109 230.344330
vn -3.248465 -1.508546 2.750286
v -3.100000 20.951733 230.707672
vn -3.093845 -1.217160 2.895252
v -3.100000 18.662603 229.742813
vn -3.185166 -3.060358 -0.706463
v -3.100000 17.666748 226.687897
vn -3.046105 -1.428720 2.793708
v -3.100000 17.886507 229.393555
vn -1.846583 -2.307682 0.973843
v -3.100000 17.095377 228.937912
vn -6.182146 -0.751190 0.246535
v -3.100000 23.077591 228.740219
vn -3.274470 -1.841088 2.536688
v -3.100000 21.718746 231.186783
vn -3.093981 3.124944 -0.314225
v -3.100000 23.150152 229.322281
vn -3.278667 -2.174557 2.256986
v -3.100000 22.496254 231.837189
vn -3.072224 3.136975 -0.130106
v -3.100000 23.279816 231.015900
vn -0.731464 0.405580 1.045951
v -3.100000 23.289364 232.714447
vn -2.656372 -3.291474 -1.903877
v 3.519570 19.256798 214.429565
vn -2.372981 -3.297234 -2.269968
v 2.908965 19.213810 215.218521
vn -2.016258 -3.296813 -2.628610
v 2.129794 19.165367 215.991074
vn -1.572332 -3.296189 -2.988618
v 0.892851 19.102268 216.869537
vn -1.135929 -3.287281 -3.224592
v -0.100000 19.063713 217.353409
vn 3.089150 -0.402608 -2.885961
v 9.000000 -20.496086 211.937210
vn 1.517368 -2.630844 -2.632987
v 8.500000 -21.362110 211.937210
vn 2.630883 -1.517224 -2.632757
v 8.866025 -20.996086 211.937210
vn 3.042364 0.160635 -3.133352
v 9.000000 -16.296085 211.937210
vn 6.283175 -0.008161 -0.001344
v 9.000000 -20.496086 218.106873
vn 6.256176 -0.392915 -0.120399
v 9.000000 -20.524065 218.186951
vn 6.241787 -0.495584 -0.120132
v 8.999983 -20.501877 218.106201
vn 6.062162 -1.280792 -0.704233
v 8.963927 -20.801516 218.179138
vn 5.797304 -2.195327 -0.586717
v 8.922245 -20.882692 218.044189
vn 6.010667 -1.553603 -0.498726
v 8.963927 -20.986063 218.722885
vn 5.401270 -2.963953 -0.971948
v 8.859938 -21.220062 218.647446
vn 5.404998 -2.960844 -0.946689
v 8.859938 -21.265903 218.787048
vn 4.462597 -4.138242 -1.323108
v 8.732851 -21.427742 218.735840
vn 4.451943 -4.167354 -1.269983
v 8.732851 -22.076210 220.820145
vn 3.144974 -5.128123 -1.569090
v 8.503487 -22.249985 220.766861
vn 2.324643 -0.969992 -3.949369
v 8.769090 -22.285206 221.649338
vn 1.313322 -1.690497 -4.183078
v 8.425134 -22.538824 221.576614
vn 6.254191 -0.402879 -0.137888
v 9.000000 -20.552046 218.267044
vn 6.005618 -1.562219 -0.500878
v 8.963927 -21.031649 218.861710
vn 6.253418 -0.411918 -0.128350
v 9.000000 -21.126299 220.041565
vn 6.008196 -1.567465 -0.488879
v 8.963927 -21.678904 220.941666
vn 6.262549 -0.200292 -0.221904
v 9.000000 -21.670788 221.825531
vn 2.924138 -0.031407 -3.612189
v 8.945398 -21.982788 221.736053
vn 5.406594 -2.970584 -0.922753
v 8.859938 -21.913967 220.869827
vn 1.552078 -5.768189 -1.766080
v 8.231721 -22.354979 220.734619
vn 0.322213 -2.053087 -4.103086
v 8.000000 -22.632137 221.549866
vn 0.381757 -5.986882 -1.827559
v 8.000000 -22.358578 220.649307
vn 0.432693 -5.971509 -1.853004
v 8.000000 -22.083345 219.751312
vn 1.557269 -5.736712 -1.848039
v 8.231721 -21.706139 218.648529
vn 3.125654 -5.116679 -1.635961
v 8.503487 -21.601229 218.681290
vn 3.137277 -5.104202 -1.671085
v 8.503487 -21.554998 218.540543
vn 4.469574 -4.120349 -1.364298
v 8.732851 -21.381716 218.595688
vn 4.435629 -4.270216 -0.922130
v 8.705758 -21.204538 217.988785
vn 4.792401 -3.707941 -1.536680
v 8.732851 -21.193342 218.040894
vn 5.203158 -2.991767 -1.576969
v 8.859938 -21.033342 218.097412
vn 0.395398 -5.956574 -1.910615
v 8.000000 -21.802338 218.853546
vn 1.512522 -5.727734 -1.909747
v 8.231721 -21.659782 218.507416
vn 2.299218 -5.670296 -1.112341
v 8.382805 -21.419914 217.956390
vn 2.759809 -3.787828 -3.350237
v 8.503487 -21.364634 217.980026
vn -2.039049 -3.403379 -3.259666
v 7.012545 -22.632137 221.549866
vn 6.168888 -0.404885 0.691495
v 9.000000 -18.020098 247.133209
vn 6.172624 -0.091236 0.820977
v 9.000000 -13.100409 247.850769
vn 5.362581 -1.285898 2.237766
v 8.904105 -18.241182 247.528870
vn 5.238088 -0.361515 3.024648
v 8.866025 -13.409204 248.316681
vn 3.888378 -2.100156 3.675919
v 8.675473 -18.400803 247.815979
vn 3.013433 -0.625457 5.208785
v 8.500000 -13.454152 248.679932
vn 2.016163 -2.574697 4.510234
v 8.359807 -18.501175 247.997116
vn 0.804164 -0.748522 6.118040
v 8.000000 -13.470604 248.812897
vn 0.542693 -2.815254 4.931284
v 8.000000 -18.535477 248.059128
vn 5.234316 -0.227257 3.037639
v 8.866025 -8.337869 248.817780
vn 6.172606 -0.056486 0.824101
v 9.000000 -8.151822 248.330063
vn 5.234268 -0.073702 3.045777
v 8.866025 -3.214632 249.069443
vn 6.172839 -0.019499 0.824943
v 9.000000 -3.185872 248.569992
vn 5.234269 0.073702 3.045777
v 8.866025 1.814632 249.069443
vn 6.172840 0.019499 0.824943
v 9.000000 1.785872 248.569992
vn 6.172606 0.056486 0.824101
v 9.000000 6.751822 248.330063
vn 5.234317 0.227256 3.037638
v 8.866025 6.937869 248.817780
vn 6.172625 0.091236 0.820977
v 9.000000 11.700409 247.850769
vn 5.238089 0.361515 3.024649
v 8.866025 12.009203 248.316681
vn 5.362587 1.285894 2.237765
v 8.904105 16.841181 247.528870
vn 3.888380 2.100156 3.675916
v 8.675473 17.000803 247.815979
vn 6.168887 0.404887 0.691495
v 9.000000 16.620098 247.133209
vn 3.013436 0.625460 5.208785
v 8.500000 12.054152 248.679932
vn 2.016156 2.574699 4.510233
v 8.359807 17.101175 247.997116
vn 0.804163 0.748524 6.118040
v 8.000000 12.070604 248.812897
vn 0.542686 2.815252 4.931290
v 8.000000 17.135475 248.059128
vn 3.012665 0.386801 5.228173
v 8.500000 6.964882 249.182800
vn 0.809558 0.454761 6.145224
v 8.000000 6.974769 249.316406
vn 0.809590 0.153119 6.160115
v 8.000000 1.860326 249.568481
vn 0.809590 -0.153119 6.160115
v 8.000000 -3.260326 249.568481
vn 3.012683 -0.128310 5.240942
v 8.500000 -3.240276 249.434952
vn 3.012683 0.128310 5.240942
v 8.500000 1.840276 249.434952
vn 3.012662 -0.386803 5.228171
v 8.500000 -8.364882 249.182800
vn 0.809560 -0.454763 6.145224
v 8.000000 -8.374769 249.316406
vn 6.168375 0.695162 0.473679
v 9.000000 18.081890 245.275558
vn 5.217191 2.491713 1.773466
v 8.866025 18.324125 245.796112
vn 2.987751 4.258749 3.040868
v 8.500000 18.620436 246.010986
vn 0.796747 4.984189 3.594863
v 8.000000 18.728893 246.089645
vn 5.208647 2.648663 1.529292
v 8.866025 19.672377 243.713928
vn 6.168271 0.737017 0.405840
v 9.000000 19.345295 243.277679
vn 5.208371 2.796607 1.240688
v 8.866025 20.793636 241.501236
vn 6.168666 0.772766 0.329040
v 9.000000 20.396965 241.160675
vn 5.208150 2.912935 0.937170
v 8.866025 21.675413 239.182678
vn 6.168864 0.801158 0.249621
v 9.000000 21.225792 238.946915
vn 5.208298 2.996235 0.620848
v 8.866025 22.311064 236.768753
vn 6.168967 0.821436 0.169501
v 9.000000 21.823021 236.659775
vn 6.168962 0.834276 0.086755
v 9.000000 22.182346 234.323410
vn 5.208389 3.044892 0.302258
v 8.866025 22.683987 234.332199
vn 6.170776 0.832418 0.016119
v 9.000000 22.299969 231.962509
vn 5.215707 3.063177 0.016002
v 8.866025 22.799549 231.854324
vn 2.790016 2.204731 3.312639
v 8.924796 22.545933 229.495529
vn 2.094422 3.151822 3.253895
v 8.709479 22.862232 229.404831
vn 6.244199 0.403761 0.166227
v 9.000000 22.174650 229.602005
vn 2.986561 5.232882 0.002829
v 8.500000 23.165567 231.852051
vn 1.111257 3.761811 3.231360
v 8.384856 23.075056 229.343811
vn 0.804530 6.145015 -0.024851
v 8.000000 23.299540 231.851227
vn 0.300579 3.984663 3.028788
v 8.000000 23.150152 229.322281
vn 2.986247 5.198500 0.517885
v 8.500000 23.048206 234.368530
vn 0.814016 6.111543 0.609538
v 8.000000 23.181519 234.381821
vn 2.986313 5.115011 1.062206
v 8.500000 22.667858 236.850815
vn 0.813184 6.012881 1.251907
v 8.000000 22.797407 236.885880
vn 2.986337 4.974069 1.596493
v 8.500000 22.023922 239.294556
vn 0.812261 5.847715 1.877537
v 8.000000 22.151485 239.335510
vn 2.986261 4.778062 2.112137
v 8.500000 21.128412 241.649231
vn 0.810985 5.617151 2.483541
v 8.000000 21.250948 241.703400
vn 2.986239 4.528800 2.604029
v 8.500000 19.989687 243.896393
vn 0.809497 5.323981 3.061858
v 8.000000 20.105831 243.963165
vn 0.796744 -4.984187 3.594867
v 8.000000 -20.128893 246.089645
vn 2.987756 -4.258745 3.040867
v 8.500000 -20.020435 246.010986
vn 5.217188 -2.491719 1.773465
v 8.866025 -19.724125 245.796112
vn 6.168374 -0.695165 0.473681
v 9.000000 -19.481892 245.275558
vn 2.986237 -4.528797 2.604024
v 8.500000 -21.389688 243.896393
vn 0.809487 -5.323987 3.061854
v 8.000000 -21.505831 243.963165
vn 2.986262 -4.778065 2.112140
v 8.500000 -22.528412 241.649231
vn 0.810995 -5.617146 2.483541
v 8.000000 -22.650949 241.703400
vn 2.986336 -4.974070 1.596493
v 8.500000 -23.423922 239.294556
vn 0.812262 -5.847715 1.877536
v 8.000000 -23.551485 239.335510
vn 0.813183 -6.012881 1.251907
v 8.000000 -24.197407 236.885880
vn 2.986313 -5.115011 1.062206
v 8.500000 -24.067858 236.850815
vn 0.814016 -6.111543 0.609537
v 8.000000 -24.581518 234.381821
vn 2.986246 -5.198501 0.517885
v 8.500000 -24.448206 234.368530
vn 2.986561 -5.232883 0.002831
v 8.500000 -24.565567 231.852051
vn 5.215707 -3.063179 0.016002
v 8.866025 -24.199549 231.854324
vn 2.094430 -3.151821 3.253899
v 8.709479 -24.262234 229.404831
vn 2.790019 -2.204726 3.312637
v 8.924796 -23.945932 229.495529
vn 0.804530 -6.145015 -0.024848
v 8.000000 -24.699539 231.851227
vn 1.111256 -3.761810 3.231362
v 8.384856 -24.475058 229.343811
vn 0.300579 -3.984664 3.028790
v 8.000000 -24.550154 229.322281
vn 6.244199 -0.403761 0.166227
v 9.000000 -23.574650 229.602005
vn 6.170774 -0.832421 0.016118
v 9.000000 -23.699970 231.962509
vn 5.208388 -3.044891 0.302259
v 8.866025 -24.083986 234.332199
vn 6.168962 -0.834275 0.086755
v 9.000000 -23.582346 234.323410
vn 5.208298 -2.996238 0.620848
v 8.866025 -23.711063 236.768753
vn 6.168967 -0.821440 0.169502
v 9.000000 -23.223022 236.659775
vn 6.168864 -0.801158 0.249621
v 9.000000 -22.625792 238.946915
vn 5.208151 -2.912935 0.937169
v 8.866025 -23.075413 239.182678
vn 6.168667 -0.772764 0.329039
v 9.000000 -21.796965 241.160675
vn 5.208367 -2.796609 1.240687
v 8.866025 -22.193638 241.501236
vn 6.168271 -0.737017 0.405840
v 9.000000 -20.745295 243.277679
vn 5.208650 -2.648657 1.529296
v 8.866025 -21.072376 243.713928
vn 3.457409 2.446646 1.904303
v 9.000000 -18.347851 216.340256
vn 3.457417 2.932404 1.006697
v 9.000000 -18.755211 217.092987
vn 3.457409 3.100394 0.000000
v 9.000000 -18.896086 217.937210
vn 3.457418 0.761106 3.005520
v 9.000000 -16.934347 215.416763
vn 3.457413 1.695760 2.595542
v 9.000000 -17.718151 215.760574
vn 3.457419 -0.256036 3.089802
v 9.000000 -16.081379 215.346085
vn 2.940063 0.649899 -3.056714
v 9.000000 -15.048615 212.068329
vn 2.938928 1.271218 -2.854695
v 9.000000 -13.855665 212.455933
vn 2.937769 1.836965 -2.527892
v 9.000000 -12.769374 213.083099
vn 3.457405 -1.245417 2.839259
v 9.000000 -15.251678 215.556198
vn 2.936590 2.322369 -2.090617
v 9.000000 -11.837216 213.922424
vn 3.457417 -2.099832 2.281040
v 9.000000 -14.535153 216.024323
vn 2.935367 2.706222 -1.561988
v 9.000000 -11.099933 214.937210
vn 3.457422 -2.726713 1.475623
v 9.000000 -14.009454 216.699738
vn 2.934097 2.971759 -0.965106
v 9.000000 -10.589746 216.083099
vn 3.037528 3.098772 -0.490263
v 9.000000 -10.328954 217.310043
vn 3.324856 3.068300 -0.610328
v 9.000000 -10.135959 219.146271
vn 3.457417 -3.058107 -0.510312
v 9.000000 -13.731546 218.365158
vn 3.457412 -3.058110 0.510304
v 9.000000 -13.731546 217.509262
vn 3.457403 -2.726721 -1.475618
v 9.000000 -14.009454 219.174667
vn 3.508109 2.752305 -1.402377
v 9.000000 -9.928928 219.845184
vn 3.457427 -2.099842 -2.281027
v 9.000000 -14.535153 219.850098
vn 3.508108 2.066939 -2.295562
v 9.000000 -9.485176 220.423492
vn 3.457424 -1.245390 -2.839266
v 9.000000 -15.251678 220.318222
vn 3.476690 1.924059 2.427575
v 9.000000 -8.653481 224.369827
vn 3.476699 2.615379 1.659789
v 9.000000 -9.099841 224.865555
vn 3.508110 1.107007 -2.883812
v 9.000000 -8.863650 220.804367
vn 3.476688 1.018706 2.925297
v 9.000000 -8.068918 224.048462
vn 3.324858 0.286263 -3.115306
v 9.000000 -8.146914 220.937210
vn 3.309151 0.261970 3.119595
v 9.000000 -7.411185 223.937210
vn 3.324857 -0.286263 -3.115289
v 9.000000 6.746915 220.937210
vn 3.309151 -0.261970 3.119595
v 9.000000 6.011185 223.937210
vn 3.476689 -1.018706 2.925297
v 9.000000 6.668919 224.048462
vn 3.508110 -1.107007 -2.883812
v 9.000000 7.463651 220.804367
vn 3.476691 -1.924059 2.427574
v 9.000000 7.253481 224.369827
vn 3.508108 -2.066940 -2.295561
v 9.000000 8.085176 220.423492
vn 3.472295 1.244727 -2.837756
v 9.000000 13.851677 220.318222
vn 3.472298 2.098726 -2.279814
v 9.000000 13.135153 219.850098
vn 3.508107 -2.752305 -1.402377
v 9.000000 8.528928 219.845184
vn 3.472276 2.725272 -1.474834
v 9.000000 12.609453 219.174667
vn 3.324857 -3.068300 -0.610330
v 9.000000 8.735959 219.146271
vn 3.472290 3.056481 -0.510041
v 9.000000 12.331546 218.365158
vn 3.472284 3.056484 0.510032
v 9.000000 12.331546 217.509262
vn 3.472292 2.725264 1.474838
v 9.000000 12.609453 216.699738
vn 3.472288 2.098715 2.279828
v 9.000000 13.135153 216.024323
vn 3.472277 1.244754 2.837750
v 9.000000 13.851677 215.556198
vn 3.472291 0.255900 3.088160
v 9.000000 14.681379 215.346085
vn 3.472290 -0.760701 3.003923
v 9.000000 15.534348 215.416763
vn 3.472285 -1.694859 2.594162
v 9.000000 16.318151 215.760574
vn 3.472285 -2.445347 1.903288
v 9.000000 16.947851 216.340256
vn 6.283175 0.008158 -0.001344
v 9.000000 19.096085 218.106873
vn 3.472286 -2.930846 1.006163
v 9.000000 17.355209 217.092987
vn 3.472285 -3.098745 0.000000
v 9.000000 17.496086 217.937210
vn 6.256168 0.392950 -0.120433
v 9.000000 19.124065 218.186951
vn 6.253948 0.405251 -0.136394
v 9.000000 19.152046 218.267044
vn 3.472286 -2.930846 -1.006163
v 9.000000 17.355209 218.781433
vn 6.254174 0.406414 -0.127552
v 9.000000 19.726164 220.041626
vn 3.472285 -2.445347 -1.903288
v 9.000000 16.947851 219.534164
vn 3.472302 -1.694836 -2.594172
v 9.000000 16.318151 220.113846
vn 6.255669 0.231915 -0.252142
v 9.000000 20.270788 221.825531
vn 3.472273 -0.760677 -3.003933
v 9.000000 15.534348 220.457642
vn 3.472274 0.255874 -3.088166
v 9.000000 14.681379 220.528320
vn 3.476702 -3.015754 0.707343
v 9.000000 7.958343 225.480499
vn 3.476697 -2.615380 1.659789
v 9.000000 7.699841 224.865555
vn 2.950722 -0.007248 -2.747932
v 9.000000 25.593409 220.299286
vn 2.950393 1.450523 2.333692
v 9.000000 27.798508 227.989380
vn 3.309143 -3.129888 -0.065564
v 9.000000 8.000229 226.146271
vn 3.233223 -3.102805 -0.470641
v 9.000000 7.296638 232.840485
vn 3.324852 -2.999584 -0.888519
v 9.000000 7.009569 234.283676
vn 3.324847 -2.787440 -1.420265
v 9.000000 6.464304 235.650391
vn 3.324863 -2.481934 -1.904459
v 9.000000 5.679105 236.894867
vn 3.324837 -2.093320 -2.324864
v 9.000000 4.680269 237.975388
vn 3.324868 -1.634591 -2.667409
v 9.000000 3.501247 238.855820
vn 3.324836 -1.121125 -2.920628
v 9.000000 2.181524 239.506622
vn 3.324870 -0.570106 -3.076026
v 9.000000 0.765299 239.906052
vn 3.324834 -0.000000 -3.128416
v 9.000000 -0.700000 240.040680
vn 3.324870 0.570106 -3.076026
v 9.000000 -2.165299 239.906052
vn 3.324836 1.121125 -2.920628
v 9.000000 -3.581524 239.506622
vn 3.324868 1.634591 -2.667409
v 9.000000 -4.901247 238.855820
vn 3.324837 2.093320 -2.324864
v 9.000000 -6.080269 237.975388
vn 3.324863 2.481934 -1.904459
v 9.000000 -7.079105 236.894867
vn 3.324847 2.787440 -1.420265
v 9.000000 -7.864304 235.650391
vn 3.324852 2.999584 -0.888520
v 9.000000 -8.409569 234.283676
vn 3.233224 3.102805 -0.470642
v 9.000000 -8.696639 232.840485
vn 2.950393 -1.450523 2.333693
v 9.000000 -29.198507 227.989380
vn 3.309144 3.129888 -0.065563
v 9.000000 -9.400229 226.146271
vn 2.950722 0.007251 -2.747942
v 9.000000 -26.993408 220.299286
vn 3.457428 1.695738 -2.595552
v 9.000000 -17.718151 220.113846
vn 3.457400 0.761081 -3.005531
v 9.000000 -16.934347 220.457642
vn 3.457404 -0.256011 -3.089809
v 9.000000 -16.081379 220.528320
vn 3.457419 2.932404 -1.006698
v 9.000000 -18.755211 218.781433
vn 3.457411 2.446647 -1.904302
v 9.000000 -18.347851 219.534164
vn 3.476701 3.015754 0.707344
v 9.000000 -9.358343 225.480499
vn 0.628869 5.897210 -1.967461
v 8.000000 20.254601 218.404709
vn 2.277818 5.690752 -1.060050
v 8.382805 20.019915 217.956390
vn 1.554553 5.753396 -1.802531
v 8.231725 20.629438 219.673752
vn 3.130337 5.123347 -1.609858
v 8.503489 20.524456 219.706146
vn 3.134233 5.134083 -1.582946
v 8.503489 20.814112 220.647705
vn 4.470460 4.150297 -1.267752
v 8.732851 20.640270 220.700836
vn 2.185994 1.119807 -3.985198
v 8.711375 20.945831 221.631958
vn 5.400990 2.983034 -0.911474
v 8.859940 20.477982 220.750412
vn 2.853909 0.166201 -3.689029
v 8.924763 20.635658 221.720901
vn 6.009311 1.565196 -0.484944
v 8.963928 20.242893 220.822205
vn 0.458934 5.948366 -1.912308
v 8.000000 20.404129 218.865891
vn 0.377977 5.977421 -1.858130
v 8.000000 20.681444 219.746613
vn 1.549642 5.768423 -1.769453
v 8.231725 20.919157 220.615601
vn 0.383191 5.986489 -1.827435
v 8.000000 20.958084 220.645599
vn 0.301598 2.060340 -4.094392
v 8.000000 21.232138 221.549866
vn 1.201428 1.759431 -4.170371
v 8.390942 21.153618 221.572372
vn 6.005864 1.572464 -0.490630
v 8.963928 19.953871 219.882889
vn 6.057937 1.293719 -0.697289
v 8.963928 19.401262 218.178421
vn 6.241805 0.495468 -0.120133
v 8.999983 19.101877 218.106201
vn 5.797160 2.197186 -0.582031
v 8.922245 19.482693 218.044189
vn 4.375342 4.370748 -0.721050
v 8.705758 19.804539 217.988785
vn 5.201086 2.989971 -1.561735
v 8.859940 19.632824 218.095932
vn 5.403201 2.969986 -0.931889
v 8.859940 20.188650 219.810028
vn 2.646355 3.558066 -3.434682
v 8.503489 19.963596 217.977051
vn 4.573668 3.921785 -1.500835
v 8.732851 19.792608 218.038788
vn 4.462111 4.143342 -1.309131
v 8.732851 20.350763 219.759827
vn -2.277376 -1.559554 5.058130
v 7.494877 -26.589003 228.737640
vn -2.184590 -2.098686 4.898728
v 7.303347 -25.530569 229.041153
vn -1.944072 -4.868843 1.499782
v 6.846374 -24.550154 229.322281
vn -2.235174 -1.024571 5.210966
v 7.409151 -27.660162 228.430496
vn -2.056386 -0.501314 5.356682
v 7.051456 -28.677979 228.138641
vn 2.574708 -2.510717 2.332633
v 8.355803 -30.335796 227.663269
vn -1.741582 -0.045077 5.492764
v 6.443858 -29.579670 227.880081
vn 2.154449 -2.984413 2.197047
v 7.481557 -31.321012 227.380768
vn -1.333198 0.318904 5.596850
v 5.623832 -30.309618 227.670776
vn 1.641664 -3.364696 2.088233
v 6.414816 -32.111839 227.153992
vn -0.833350 0.587120 5.668746
v 4.641961 -30.822794 227.523621
vn 1.058357 -3.635176 2.010911
v 5.201397 -32.674305 226.992706
vn -0.277872 0.715564 5.711287
v 3.558810 -31.087549 227.447708
vn 0.429572 -3.784253 1.968398
v 3.893422 -32.984253 226.903839
vn -0.217673 -3.805560 1.962524
v 2.547072 -33.028366 226.891190
vn 0.277875 0.715566 5.711287
v 2.441190 -31.087549 227.447708
vn -0.855564 -3.698151 1.993547
v 1.220177 -32.804756 226.955307
vn 0.833357 0.587131 5.668750
v 1.358039 -30.822794 227.523621
vn -1.456712 -3.466636 2.060159
v -0.030270 -32.323025 227.093445
vn 1.333191 0.318910 5.596852
v 0.376168 -30.309618 227.670776
vn -1.995321 -3.121004 2.159489
v -1.150558 -31.603861 227.299652
vn -2.448196 -2.676046 2.287302
v -2.092566 -30.678158 227.565094
vn 1.741573 -0.045082 5.492763
v -0.443858 -29.579670 227.880081
vn -2.795934 -2.150924 2.438097
v -2.815834 -29.585676 227.878357
vn 2.056386 -0.501322 5.356680
v -1.051457 -28.677979 228.138641
vn -3.023558 -1.568149 2.605423
v -3.289294 -28.373343 228.225998
vn 2.235195 -1.024574 5.210964
v -1.409151 -27.660162 228.430496
vn -3.121330 -0.952778 2.782091
v -3.492609 -27.093229 228.593063
vn 2.277386 -1.559554 5.058131
v -1.494877 -26.589003 228.737640
vn -3.086938 -0.339542 2.963692
v -3.417048 -25.800322 228.963791
vn 2.184612 -2.098683 4.898728
v -1.303347 -25.530569 229.041153
vn -1.357103 -4.793099 1.459278
v -3.065855 -24.550154 229.322281
vn 1.944072 -4.868844 1.499782
v -0.846374 -24.550154 229.322281
vn 1.720545 1.714508 0.541358
v -0.399585 20.356110 221.801056
vn -1.720545 1.714508 0.541358
v 6.399586 20.356110 221.801056
vn -2.039050 3.403962 -3.257740
v 7.012545 21.232138 221.549866
vn -1.314241 2.066622 0.440226
v 5.584121 19.648907 222.003845
vn 1.314241 2.066622 0.440226
v 0.415879 19.648907 222.003845
vn -0.820576 2.326573 0.370904
v 4.614726 19.152651 222.146149
vn 0.820576 2.326573 0.370903
v 1.385274 19.152651 222.146149
vn -0.273174 2.450876 0.329747
v 3.549146 18.896906 222.219482
vn 0.273174 2.450877 0.329747
v 2.450854 18.896906 222.219482
vn -2.277376 1.559554 5.058130
v 7.494877 25.189001 228.737640
vn -2.184589 2.098685 4.898727
v 7.303347 24.130569 229.041153
vn -1.944071 4.868842 1.499780
v 6.846374 23.150152 229.322281
vn 2.574709 2.510717 2.332633
v 8.355803 28.935797 227.663269
vn -2.056386 0.501314 5.356682
v 7.051456 27.277979 228.138641
vn -2.235172 1.024570 5.210966
v 7.409151 26.260162 228.430496
vn -1.741581 0.045077 5.492764
v 6.443858 28.179670 227.880081
vn 2.154447 2.984414 2.197045
v 7.481557 29.921013 227.380768
vn -1.333200 -0.318906 5.596850
v 5.623832 28.909616 227.670776
vn 1.641663 3.364698 2.088233
v 6.414816 30.711838 227.153992
vn -0.833350 -0.587119 5.668747
v 4.641961 29.422794 227.523621
vn 1.058358 3.635177 2.010911
v 5.201397 31.274303 226.992706
vn -0.277872 -0.715564 5.711286
v 3.558810 29.687550 227.447708
vn 0.429574 3.784255 1.968400
v 3.893422 31.584251 226.903839
vn -0.217671 3.805559 1.962522
v 2.547072 31.628366 226.891190
vn 0.277875 -0.715566 5.711287
v 2.441190 29.687550 227.447708
vn -0.855566 3.698149 1.993546
v 1.220177 31.404757 226.955307
vn 0.833357 -0.587129 5.668750
v 1.358039 29.422794 227.523621
vn -1.456715 3.466636 2.060161
v -0.030270 30.923023 227.093445
vn 1.333192 -0.318912 5.596852
v 0.376168 28.909616 227.670776
vn -1.995321 3.121004 2.159490
v -1.150558 30.203859 227.299652
vn -2.448197 2.676048 2.287302
v -2.092566 29.278156 227.565094
vn 1.741572 0.045083 5.492763
v -0.443858 28.179670 227.880081
vn -2.795933 2.150925 2.438096
v -2.815834 28.185677 227.878357
vn 2.056386 0.501322 5.356680
v -1.051457 27.277979 228.138641
vn -3.023558 1.568149 2.605423
v -3.289294 26.973343 228.225998
vn 2.235195 1.024573 5.210964
v -1.409151 26.260162 228.430496
vn -3.121329 0.952778 2.782091
v -3.492609 25.693230 228.593063
vn 2.277387 1.559554 5.058132
v -1.494877 25.189001 228.737640
vn -3.086937 0.339542 2.963692
v -3.417048 24.400322 228.963791
vn 2.184612 2.098681 4.898728
v -1.303347 24.130569 229.041153
vn -1.357100 4.793100 1.459277
v -3.065855 23.150152 229.322281
vn 1.944071 4.868842 1.499780
v -0.846374 23.150152 229.322281
vn -2.401341 -1.449856 2.544815
v -0.100000 -18.535477 248.059128
vn -3.092343 -0.385679 3.116869
v -0.100000 -13.470604 248.812897
vn -3.092351 -0.231781 3.132076
v -0.100000 -8.374769 249.316406
vn -3.092346 -0.077326 3.139688
v -0.100000 -3.260326 249.568481
vn -3.092345 0.077326 3.139688
v -0.100000 1.860326 249.568481
vn -3.092351 0.231781 3.132076
v -0.100000 6.974769 249.316406
vn -3.092343 0.385679 3.116869
v -0.100000 12.070604 248.812897
vn -2.401342 1.449855 2.544816
v -0.100000 17.135475 248.059128
vn -2.274347 1.543587 -5.066331
v 7.496332 -24.764872 220.938309
vn -2.225011 0.997983 -5.222581
v 7.396690 -23.668688 221.252640
vn 2.576578 -0.890511 -3.308708
v 8.359461 -28.125580 219.974640
vn -1.939553 2.607767 -4.758880
v 6.835142 -26.853140 220.339508
vn -2.182564 2.095968 -4.902336
v 7.305023 -25.849756 220.627228
vn -1.578819 3.036420 -4.637307
v 6.117095 -27.710096 220.093781
vn 2.159057 -1.362458 -3.444282
v 7.490907 -29.107342 219.693130
vn -1.115175 3.370637 -4.537433
v 5.197344 -28.365171 219.905945
vn 1.649679 -1.742000 -3.553353
v 6.431291 -29.896929 219.466721
vn -0.572466 3.579698 -4.478586
v 4.135407 -28.775978 219.788147
vn 1.070078 -2.013001 -3.631291
v 5.225693 -30.460747 219.305038
vn 0.444977 -2.163998 -3.674832
v 3.925406 -30.774809 219.214996
vn 0.000005 3.648270 -4.461540
v 3.000000 -28.915932 219.748016
vn -0.199060 -2.188435 -3.682062
v 2.585747 -30.825754 219.200378
vn 0.572461 3.579703 -4.478585
v 1.864593 -28.775978 219.788147
vn -0.834661 -2.085364 -3.652740
v 1.263712 -30.611414 219.261841
vn -1.434736 -1.859148 -3.588101
v 0.015547 -30.140909 219.396759
vn 1.115182 3.370640 -4.537431
v 0.802656 -28.365171 219.905945
vn -1.973777 -1.519359 -3.490889
v -1.105647 -29.434256 219.599380
vn 1.578815 3.036430 -4.637304
v -0.117094 -27.710096 220.093781
vn -2.428884 -1.080529 -3.365283
v -2.052170 -28.521519 219.861115
vn 1.939548 2.607760 -4.758882
v -0.835142 -26.853140 220.339508
vn -2.780614 -0.561259 -3.216602
v -2.783752 -27.441528 220.170792
vn -3.014072 0.016339 -3.051196
v -3.269269 -26.240232 220.515259
vn 2.182553 2.095971 -4.902336
v -1.305023 -25.849756 220.627228
vn -3.119292 0.627692 -2.876108
v -3.488064 -24.968740 220.879852
vn 2.274332 1.543590 -5.066331
v -1.496332 -24.764872 220.938309
vn -3.091818 1.246799 -2.698795
v -3.430829 -23.681145 221.249069
vn 2.224977 0.997979 -5.222582
v -1.396690 -23.668688 221.252640
vn -6.234345 0.442750 -0.134026
v -3.100000 -22.432228 221.607193
vn -6.182147 0.751188 0.246535
v -3.100000 -24.477591 228.740219
vn -1.720547 -1.714509 0.541358
v 6.399586 -21.756111 221.801056
vn 1.720547 -1.714510 0.541358
v -0.399585 -21.756111 221.801056
vn 1.314241 -2.066619 0.440226
v 0.415879 -21.048906 222.003845
vn -1.314241 -2.066619 0.440226
v 5.584121 -21.048906 222.003845
vn 0.820574 -2.326573 0.370904
v 1.385274 -20.552650 222.146149
vn -0.820574 -2.326573 0.370903
v 4.614726 -20.552650 222.146149
vn 0.273173 -2.450884 0.329746
v 2.450854 -20.296907 222.219482
vn -0.273173 -2.450884 0.329746
v 3.549146 -20.296907 222.219482
vn 2.576578 0.890509 -3.308710
v 8.359461 26.725578 219.974640
vn 2.159057 1.362459 -3.444280
v 7.490907 27.707342 219.693130
vn 1.649678 1.741999 -3.553354
v 6.431291 28.496927 219.466721
vn 1.070079 2.013000 -3.631292
v 5.225693 29.060745 219.305038
vn 0.444978 2.164000 -3.674831
v 3.925406 29.374809 219.214996
vn -0.199060 2.188434 -3.682062
v 2.585747 29.425755 219.200378
vn -0.834661 2.085364 -3.652739
v 1.263712 29.211414 219.261841
vn -1.434736 1.859147 -3.588101
v 0.015547 28.740910 219.396759
vn -1.973777 1.519359 -3.490888
v -1.105647 28.034256 219.599380
vn -2.428885 1.080530 -3.365283
v -2.052170 27.121519 219.861115
vn -2.780615 0.561260 -3.216602
v -2.783752 26.041529 220.170792
vn -3.014072 -0.016340 -3.051196
v -3.269269 24.840233 220.515259
vn -3.119292 -0.627692 -2.876108
v -3.488064 23.568741 220.879852
vn -3.091819 -1.246798 -2.698796
v -3.430829 22.281145 221.249069
vn 0.084954 -0.705756 -6.199774
v 7.349329 0.540886 220.937210
vn 0.401516 -0.586317 -6.199692
v 6.789919 0.328730 220.937210
vn 0.626350 -0.329561 -6.200096
v 6.393180 -0.119096 220.937210
vn -0.683942 -0.166427 -6.200847
v 8.713677 -0.400855 220.937210
vn -0.529763 -0.472381 -6.199766
v 8.435638 0.128903 220.937210
vn -0.250205 -0.665354 -6.199730
v 7.943256 0.468770 220.937210
vn 0.084954 0.705756 -6.199774
v 7.349329 -1.940886 220.937210
vn -0.250205 0.665354 -6.199730
v 7.943256 -1.868770 220.937210
vn -0.529763 0.472381 -6.199767
v 8.435638 -1.528903 220.937210
vn 0.704180 -0.000000 -6.200776
v 6.250000 -0.700000 220.937210
vn 0.626350 0.329561 -6.200096
v 6.393180 -1.280904 220.937210
vn 0.401516 0.586317 -6.199693
v 6.789919 -1.728730 220.937210
vn -0.683942 0.166427 -6.200847
v 8.713677 -0.999145 220.937210
vn -0.084954 -0.705756 6.199774
v 7.650671 0.540886 223.937210
vn -0.401516 -0.586317 6.199693
v 8.210081 0.328730 223.937210
vn -0.626350 -0.329562 6.200096
v 8.606820 -0.119096 223.937210
vn 0.683942 -0.166427 6.200848
v 6.286323 -0.400855 223.937210
vn 0.529763 -0.472381 6.199766
v 6.564362 0.128903 223.937210
vn 0.250205 -0.665354 6.199730
v 7.056744 0.468770 223.937210
vn -0.084954 0.705756 6.199774
v 7.650671 -1.940886 223.937210
vn 0.250205 0.665354 6.199730
v 7.056744 -1.868770 223.937210
vn 0.529763 0.472381 6.199767
v 6.564362 -1.528903 223.937210
vn -0.704180 -0.000000 6.200775
v 8.750000 -0.700000 223.937210
vn -0.626350 0.329562 6.200096
v 8.606820 -1.280904 223.937210
vn -0.401516 0.586317 6.199693
v 8.210081 -1.728730 223.937210
vn 0.683942 0.166427 6.200847
v 6.286323 -0.999145 223.937210
vn -5.284599 3.043636 0.936734
v 8.149519 -1.075000 223.437210
vn -4.839344 2.096045 3.183453
v 8.246355 -1.032299 223.687210
vn -6.097462 -0.000000 0.913296
v 8.250000 -0.700000 223.437210
vn -5.273784 0.000000 3.172298
v 8.316987 -0.700000 223.687210
vn -4.839343 -2.096045 3.183453
v 8.246355 -0.367701 223.687210
vn -2.906794 0.000000 5.410416
v 8.500000 -0.700000 223.870224
vn -2.674688 -1.159290 5.408248
v 8.413546 -0.293263 223.870224
vn -3.549433 3.907169 3.186585
v 8.046671 -1.307140 223.687210
vn -3.050219 5.283132 0.950637
v 7.875000 -1.349519 223.437210
vn -1.608990 5.027483 3.186586
v 7.752463 -1.477001 223.687210
vn 0.006435 6.098415 0.936733
v 7.500000 -1.450000 223.437210
vn 0.604444 5.239018 3.183451
v 7.414602 -1.512512 223.687210
vn 3.048731 5.280556 0.913297
v 7.125000 -1.349519 223.437210
vn 2.636891 4.567231 3.172300
v 7.091506 -1.407532 223.687210
vn 4.234899 3.142973 3.183452
v 6.839044 -1.180213 223.687210
vn 2.380592 1.692136 5.406947
v 6.690983 -1.287785 223.870224
vn 2.853642 0.582773 5.408595
v 6.521852 -0.907912 223.870224
vn 2.853642 -0.582772 5.408595
v 6.521852 -0.492088 223.870224
vn 2.380592 -1.692137 5.406947
v 6.690983 -0.112215 223.870224
vn 1.486353 -2.529570 5.403529
v 7.000000 0.166025 223.870224
vn 0.312434 -2.924884 5.401486
v 7.395472 0.294522 223.870224
vn -0.921902 -2.790526 5.402206
v 7.809017 0.251057 223.870224
vn -1.979582 -2.156729 5.405223
v 8.169130 0.043145 223.870224
vn 5.278164 3.054781 0.936733
v 6.850481 -1.075000 223.437210
vn 5.158423 1.120317 3.186586
v 6.700866 -0.869861 223.687210
vn 6.100434 0.000000 0.950640
v 6.750000 -0.700000 223.437210
vn 5.158423 -1.120316 3.186587
v 6.700866 -0.530139 223.687210
vn 5.278165 -3.054781 0.936734
v 6.850481 -0.325000 223.437210
vn 4.234897 -3.142975 3.183453
v 6.839044 -0.219787 223.687210
vn 3.048731 -5.280556 0.913297
v 7.125000 -0.050481 223.437210
vn 2.636892 -4.567231 3.172300
v 7.091506 0.007532 223.687210
vn 0.604444 -5.239017 3.183452
v 7.414602 0.112512 223.687210
vn 0.006435 -6.098416 0.936734
v 7.500000 0.050000 223.437210
vn -1.608991 -5.027483 3.186587
v 7.752463 0.077001 223.687210
vn -3.050218 -5.283132 0.950637
v 7.875000 -0.050481 223.437210
vn -3.549433 -3.907169 3.186585
v 8.046671 -0.092860 223.687210
vn -5.284599 -3.043636 0.936734
v 8.149519 -0.325000 223.437210
vn 1.486352 2.529571 5.403528
v 7.000000 -1.566025 223.870224
vn 0.312434 2.924884 5.401486
v 7.395472 -1.694522 223.870224
vn -0.921902 2.790525 5.402206
v 7.809017 -1.651057 223.870224
vn -1.979582 2.156729 5.405223
v 8.169130 -1.443145 223.870224
vn -2.674688 1.159290 5.408248
v 8.413546 -1.106737 223.870224
vn 5.284600 -3.043635 -0.936735
v 6.850481 -0.325000 221.437210
vn 6.097461 -0.000000 -0.913299
v 6.750000 -0.700000 221.437210
vn 5.284599 3.043636 -0.936735
v 6.850481 -1.075000 221.437210
vn 3.050218 5.283132 -0.950639
v 7.125000 -1.349519 221.437210
vn -0.006435 6.098415 -0.936733
v 7.500000 -1.450000 221.437210
vn -3.048731 5.280556 -0.913297
v 7.875000 -1.349519 221.437210
vn -5.278165 3.054781 -0.936733
v 8.149519 -1.075000 221.437210
vn -6.100435 0.000000 -0.950640
v 8.250000 -0.700000 221.437210
vn -5.278165 -3.054781 -0.936734
v 8.149519 -0.325000 221.437210
vn -3.048731 -5.280556 -0.913297
v 7.875000 -0.050481 221.437210
vn -0.006435 -6.098415 -0.936734
v 7.500000 0.050000 221.437210
vn 3.050217 -5.283132 -0.950639
v 7.125000 -0.050481 221.437210
vn 4.839344 2.096044 -3.183454
v 6.753645 -1.032299 221.187210
vn 5.273784 -0.000001 -3.172301
v 6.683012 -0.700000 221.187210
vn 4.839344 -2.096043 -3.183453
v 6.753645 -0.367701 221.187210
vn 2.906796 -0.000001 -5.410414
v 6.500000 -0.700000 221.004196
vn 2.674689 -1.159289 -5.408247
v 6.586454 -0.293263 221.004196
vn 3.549433 3.907167 -3.186588
v 6.953329 -1.307140 221.187210
vn 1.608989 5.027483 -3.186587
v 7.247537 -1.477001 221.187210
vn -0.604444 5.239018 -3.183451
v 7.585398 -1.512512 221.187210
vn -2.636891 4.567231 -3.172300
v 7.908494 -1.407532 221.187210
vn -4.234899 3.142973 -3.183452
v 8.160956 -1.180213 221.187210
vn -2.380592 1.692136 -5.406947
v 8.309017 -1.287785 221.004196
vn -2.853642 0.582773 -5.408595
v 8.478148 -0.907912 221.004196
vn -2.853642 -0.582772 -5.408595
v 8.478148 -0.492088 221.004196
vn -2.380592 -1.692137 -5.406947
v 8.309017 -0.112215 221.004196
vn -1.486353 -2.529570 -5.403529
v 8.000000 0.166025 221.004196
vn -0.312434 -2.924884 -5.401486
v 7.604528 0.294522 221.004196
vn 0.921901 -2.790526 -5.402206
v 7.190983 0.251057 221.004196
vn 1.979582 -2.156729 -5.405223
v 6.830869 0.043145 221.004196
vn -5.158423 1.120317 -3.186586
v 8.299134 -0.869861 221.187210
vn -5.158423 -1.120316 -3.186587
v 8.299134 -0.530139 221.187210
vn -4.234897 -3.142975 -3.183453
v 8.160956 -0.219787 221.187210
vn -2.636892 -4.567231 -3.172300
v 7.908494 0.007532 221.187210
vn -0.604444 -5.239017 -3.183452
v 7.585398 0.112512 221.187210
vn 1.608989 -5.027483 -3.186587
v 7.247537 0.077001 221.187210
vn 3.549432 -3.907167 -3.186588
v 6.953329 -0.092860 221.187210
vn -1.486352 2.529571 -5.403528
v 8.000000 -1.566025 221.004196
vn -0.312434 2.924884 -5.401486
v 7.604528 -1.694522 221.004196
vn 0.921901 2.790526 -5.402206
v 7.190983 -1.651057 221.004196
vn 1.979583 2.156729 -5.405222
v 6.830869 -1.443145 221.004196
vn 2.674689 1.159290 -5.408247
v 6.586454 -1.106737 221.004196
vn -3.108749 -3.131412 -0.245601
v 6.000000 19.078802 217.168121
vn -3.106374 -3.120954 -0.355209
v 6.000000 18.828407 219.763809
vn -0.005347 -6.240637 -0.722844
v -0.100000 18.817919 219.855774
vn -3.107136 -3.106442 -0.465440
v 6.000000 18.489038 222.336441
vn -0.000046 -6.212722 -0.932439
v -0.100000 18.489038 222.336441
vn 0.008977 -6.121272 -1.411018
v -0.100000 17.686790 226.600677
vn -3.095696 -3.027932 -0.834226
v 6.000000 17.145290 228.757751
vn -1.345345 -5.334495 0.112345
v -0.100000 17.095367 228.937912
vn -3.092203 -2.983803 -0.980060
v 6.000000 16.498133 230.907242
vn -3.208355 -2.951127 -1.071062
v -0.100000 16.088850 232.095139
vn -3.086636 -2.925581 -1.141614
v 6.000000 15.746698 233.008591
vn -3.201848 -2.864641 -1.285944
v -0.100000 14.845678 235.139816
vn -3.083525 -2.856982 -1.303324
v 6.000000 14.884035 235.056015
vn -3.187486 -2.791679 -1.439053
v -0.100000 14.126789 236.616165
vn -3.084383 -2.770145 -1.478770
v 6.000000 13.900786 237.046997
vn -3.187152 -2.719268 -1.571557
v -0.100000 13.338051 238.060394
vn -3.081819 -2.666511 -1.658097
v 6.000000 12.789300 238.976624
vn -3.190497 -2.637354 -1.705271
v -0.100000 12.478844 239.467072
vn -3.042358 -2.513594 -1.877857
v 6.000000 11.550160 240.828568
vn -3.235052 -2.507056 -1.887522
v -0.100000 11.550160 240.828568
vn 0.012561 -6.179242 -1.133237
v -0.100000 18.174294 224.222672
vn 0.042826 -6.161542 -1.227025
v 0.514072 18.053442 224.863129
vn 0.014310 -6.153233 -1.270378
v 1.228323 17.947592 225.393890
vn 0.004195 -6.145481 -1.307903
v 2.034292 17.871527 225.759766
vn 0.000322 -6.140213 -1.332530
v 2.916405 17.839792 225.908859
vn -3.108121 -3.060373 -0.707341
v 6.000000 17.694525 226.566711
vn -0.003079 -6.144398 -1.313030
v 3.806291 17.861832 225.805542
vn -0.011542 -6.151815 -1.277398
v 4.635656 17.931562 225.472015
vn -0.036716 -6.160079 -1.234991
v 5.365525 18.033018 224.967621
vn -3.116923 -3.089882 -0.565703
v 6.000000 18.152685 224.340103
vn -3.042022 2.530113 1.855659
v -0.100000 18.656233 246.189301
vn -3.043732 2.703555 1.592526
v -0.100000 19.981781 244.176376
vn -3.045258 2.849725 1.313309
v -0.100000 21.098753 242.040634
vn -3.046573 2.967145 1.020821
v -0.100000 21.995884 239.803650
vn -3.047698 3.054628 0.718008
v -0.100000 22.664125 237.487961
vn -3.048626 3.111284 0.407937
v -0.100000 23.096741 235.116913
vn -2.326964 3.546380 1.217527
v -0.100000 23.289364 232.714447
vn -2.441056 -0.209100 2.943417
v -0.100000 19.942944 230.241928
vn -5.464308 -1.030236 1.410127
v -0.100000 19.903528 230.253235
vn -3.037923 -1.439085 2.787444
v -0.100000 20.765825 230.610580
vn -3.004019 -1.785491 2.575203
v -0.100000 21.593554 231.098755
vn -2.997527 -2.147992 2.280803
v -0.100000 22.432581 231.776642
vn -2.802456 -1.822559 2.317652
v -0.100000 19.894726 230.222534
vn -3.199736 -1.234494 2.887374
v -0.100000 18.512859 229.680710
vn -3.234008 -1.453211 2.781454
v -0.100000 17.810450 229.354874
vn -3.276775 -2.272664 -2.158607
v -0.100000 10.248502 242.399048
vn -3.276790 -1.960994 -2.445215
v -0.100000 8.747053 243.779785
vn -3.276777 -1.613538 -2.687206
v -0.100000 7.073214 244.945541
vn -3.276779 -1.236651 -2.880152
v -0.100000 5.257529 245.875076
vn -3.276787 -0.837183 -3.020546
v -0.100000 3.333129 246.551422
vn -3.276770 -0.422452 -3.105821
v -0.100000 1.335133 246.962219
vn -3.276795 -0.000000 -3.134418
v -0.100000 -0.700000 247.100006
vn -3.276770 0.422452 -3.105821
v -0.100000 -2.735133 246.962219
vn -3.276787 0.837184 -3.020546
v -0.100000 -4.733130 246.551422
vn -3.276779 1.236651 -2.880152
v -0.100000 -6.657528 245.875076
vn -3.276777 1.613538 -2.687206
v -0.100000 -8.473214 244.945541
vn -3.042022 -2.530113 1.855659
v -0.100000 -20.056232 246.189301
vn -3.276790 1.960994 -2.445215
v -0.100000 -10.147054 243.779785
vn -3.043732 -2.703555 1.592526
v -0.100000 -21.381781 244.176376
vn -3.276774 2.272664 -2.158607
v -0.100000 -11.648501 242.399048
vn -3.045257 -2.849725 1.313309
v -0.100000 -22.498753 242.040634
vn -3.235053 2.507056 -1.887522
v -0.100000 -12.950161 240.828568
vn -3.190496 2.637354 -1.705271
v -0.100000 -13.878843 239.467072
vn -3.046574 -2.967145 1.020820
v -0.100000 -23.395884 239.803650
vn -3.187153 2.719268 -1.571557
v -0.100000 -14.738051 238.060394
vn -3.047698 -3.054628 0.718008
v -0.100000 -24.064125 237.487961
vn -3.187485 2.791679 -1.439053
v -0.100000 -15.526789 236.616165
vn -3.201847 2.864641 -1.285944
v -0.100000 -16.245678 235.139816
vn -3.208355 2.951127 -1.071062
v -0.100000 -17.488850 232.095139
vn -2.326964 -3.546380 1.217527
v -0.100000 -24.689363 232.714447
vn -3.048626 -3.111284 0.407937
v -0.100000 -24.496740 235.116913
vn -1.345345 5.334496 0.112344
v -0.100000 -18.495367 228.937912
vn -3.234009 1.453210 2.781454
v -0.100000 -19.210449 229.354874
vn -3.199736 1.234493 2.887374
v -0.100000 -19.912859 229.680710
vn -5.463863 1.030348 1.410614
v -0.100000 -21.303528 230.253235
vn -2.802200 1.822805 2.317293
v -0.100000 -21.294727 230.222534
vn -2.444811 0.206792 2.944445
v -0.100000 -21.342943 230.241928
vn -3.038074 1.439333 2.787332
v -0.100000 -22.165825 230.610580
vn -3.004019 1.785491 2.575203
v -0.100000 -22.993553 231.098755
vn -2.997527 2.147992 2.280803
v -0.100000 -23.832581 231.776642
vn -3.042360 2.513593 -1.877857
v 6.000000 -12.950161 240.828568
vn -3.081819 2.666511 -1.658096
v 6.000000 -14.189300 238.976624
vn -3.084384 2.770145 -1.478770
v 6.000000 -15.300786 237.046997
vn -3.083525 2.856982 -1.303324
v 6.000000 -16.284035 235.056015
vn -3.086637 2.925581 -1.141614
v 6.000000 -17.146698 233.008591
vn -3.092201 2.983803 -0.980060
v 6.000000 -17.898132 230.907242
vn -3.095696 3.027932 -0.834226
v 6.000000 -18.545290 228.757751
vn -3.108121 3.060374 -0.707342
v 6.000000 -19.094524 226.566711
vn -3.116919 3.089881 -0.565704
v 6.000000 -19.552687 224.340103
vn -3.006411 2.272664 -2.158607
v 6.000000 -11.648501 242.399048
vn -3.006393 1.960994 -2.445215
v 6.000000 -10.147054 243.779785
vn -3.006408 1.613538 -2.687207
v 6.000000 -8.473214 244.945541
vn -3.006405 1.236651 -2.880152
v 6.000000 -6.657528 245.875076
vn -3.006398 0.837184 -3.020546
v 6.000000 -4.733130 246.551422
vn -3.006417 0.422452 -3.105821
v 6.000000 -2.735133 246.962219
vn -3.006391 0.000000 -3.134418
v 6.000000 -0.700000 247.100006
vn -3.006417 -0.422452 -3.105821
v 6.000000 1.335133 246.962219
vn -3.006396 -0.837183 -3.020546
v 6.000000 3.333129 246.551422
vn -3.006406 -1.236651 -2.880152
v 6.000000 5.257529 245.875076
vn -3.006410 -1.613538 -2.687206
v 6.000000 7.073214 244.945541
vn -3.006396 -1.960994 -2.445215
v 6.000000 8.747053 243.779785
vn -3.006412 -2.272664 -2.158607
v 6.000000 10.248502 242.399048
vn -1.504647 -3.813174 3.681899
v -0.124895 19.910688 230.228943
vn -1.514083 -3.803571 3.697461
v -0.149696 19.926760 230.235397
vn -0.177166 -2.388419 5.788688
v -0.174402 19.942944 230.241928
vn -2.035889 5.643774 0.599778
v 3.722483 22.775742 226.308746
vn -1.029523 4.746731 -3.574792
v 3.367499 22.127378 224.414062
vn 0.000000 6.010622 0.491331
v 3.000000 22.645918 226.345963
vn 1.029524 4.746731 -3.574792
v 2.632501 22.127378 224.414062
vn 2.035889 5.643774 0.599778
v 2.277517 22.775742 226.308746
vn 2.976318 4.021430 -3.367320
v 1.947136 22.382605 224.340866
vn 3.804625 4.592407 0.897347
v 1.652609 23.147680 226.202087
vn 4.498644 2.687158 -2.984905
v 1.403966 22.858587 224.204391
vn 5.047715 3.008564 1.353462
v 1.209673 23.711498 226.040421
vn 5.429726 0.891132 -2.468957
v 1.076349 23.491043 224.023026
vn 5.618913 1.081686 1.904361
v 1.008532 24.391054 225.845551
vn 5.620000 -1.079880 -1.903375
v 1.008532 24.194555 223.821304
vn 5.428076 -0.891785 2.471048
v 1.076349 25.094564 225.643829
vn 5.047722 -3.008161 -1.353954
v 1.209673 24.874109 223.626450
vn 4.498961 -2.687389 2.984555
v 1.403966 25.727020 225.462479
vn 3.804044 -4.592720 -0.897638
v 1.652609 25.437929 223.464767
vn 2.976169 -4.021327 3.367465
v 1.947136 26.203003 225.325989
vn 2.036056 -5.643704 -0.599786
v 2.277517 25.809866 223.358124
vn 1.029301 -4.747155 3.574504
v 2.632501 26.458231 225.252808
vn 0.000000 -6.010544 -0.491588
v 3.000000 25.939690 223.320892
vn -1.029301 -4.747155 3.574504
v 3.367499 26.458231 225.252808
vn -2.036056 -5.643704 -0.599786
v 3.722483 25.809866 223.358124
vn -2.976169 -4.021327 3.367465
v 4.052865 26.203003 225.325989
vn -3.804043 -4.592719 -0.897637
v 4.347391 25.437929 223.464767
vn -4.498962 -2.687387 2.984556
v 4.596035 25.727020 225.462479
vn -5.047721 -3.008162 -1.353954
v 4.790327 24.874109 223.626450
vn -5.428076 -0.891785 2.471048
v 4.923651 25.094564 225.643829
vn -5.620000 -1.079880 -1.903376
v 4.991468 24.194555 223.821304
vn -5.618913 1.081686 1.904361
v 4.991468 24.391054 225.845551
vn -5.429726 0.891132 -2.468957
v 4.923651 23.491043 224.023026
vn -5.047714 3.008564 1.353462
v 4.790327 23.711498 226.040421
vn -4.498644 2.687157 -2.984905
v 4.596035 22.858587 224.204391
vn -3.804625 4.592407 0.897347
v 4.347391 23.147680 226.202087
vn -2.976318 4.021430 -3.367320
v 4.052865 22.382605 224.340866
vn 1.584402 1.298559 -1.400012
v -0.128734 22.286297 229.569977
vn -1.584402 1.298559 -1.400011
v 6.128735 22.286297 229.569977
vn -1.119565 1.635901 -1.501050
v 5.206744 21.625505 229.759460
vn -0.574922 1.846670 -1.560252
v 4.140621 21.210939 229.878342
vn 0.000000 1.916091 -1.577505
v 3.000000 21.069675 229.918839
vn 0.574922 1.846671 -1.560252
v 1.859379 21.210939 229.878342
vn 1.119565 1.635901 -1.501050
v 0.793256 21.625505 229.759460
vn -2.274343 -1.543589 -5.066332
v 7.496332 23.364872 220.938309
vn -2.225012 -0.997983 -5.222581
v 7.396690 22.268688 221.252640
vn -2.182564 -2.095968 -4.902337
v 7.305023 24.449757 220.627228
vn -1.939553 -2.607767 -4.758880
v 6.835142 25.453140 220.339508
vn -1.578820 -3.036420 -4.637308
v 6.117095 26.310097 220.093781
vn -1.115175 -3.370638 -4.537432
v 5.197344 26.965172 219.905945
vn -0.572466 -3.579698 -4.478586
v 4.135407 27.375978 219.788147
vn 0.000005 -3.648270 -4.461540
v 3.000000 27.515932 219.748016
vn 0.572461 -3.579703 -4.478585
v 1.864593 27.375978 219.788147
vn 1.115182 -3.370641 -4.537431
v 0.802656 26.965172 219.905945
vn 1.578815 -3.036430 -4.637304
v -0.117094 26.310097 220.093781
vn 1.939548 -2.607760 -4.758882
v -0.835142 25.453140 220.339508
vn 2.182553 -2.095971 -4.902336
v -1.305023 24.449757 220.627228
vn 2.274332 -1.543590 -5.066331
v -1.496332 23.364872 220.938309
vn 2.224977 -0.997979 -5.222582
v -1.396690 22.268688 221.252640
vn -1.507949 -1.784460 3.774648
v -0.117270 19.912569 230.250641
vn 0.012559 6.179241 -1.133237
v -0.100000 -19.574293 224.222672
vn 0.008975 6.121271 -1.411019
v -0.100000 -19.086790 226.600677
vn 0.042829 6.161543 -1.227023
v 0.514072 -19.453442 224.863129
vn 0.014311 6.153234 -1.270375
v 1.228323 -19.347593 225.393890
vn 0.004194 6.145477 -1.307919
v 2.034292 -19.271526 225.759766
vn 0.000322 6.140212 -1.332529
v 2.916405 -19.239792 225.908859
vn -0.003078 6.144395 -1.313045
v 3.806291 -19.261831 225.805542
vn -0.011542 6.151815 -1.277397
v 4.635656 -19.331564 225.472015
vn -0.036715 6.160079 -1.234996
v 5.365525 -19.433018 224.967621
vn -3.072225 -3.136975 -0.130104
v -3.100000 -24.679815 231.015900
vn -0.731464 -0.405580 1.045951
v -3.100000 -24.689363 232.714447
vn -3.093977 -3.124943 -0.314228
v -3.100000 -24.550154 229.322281
vn -3.175567 3.107436 -0.458797
v -3.100000 -19.927261 222.080063
vn -3.179636 3.087402 -0.577806
v -3.100000 -19.541506 224.399796
vn -3.185168 3.060358 -0.706464
v -3.100000 -19.066750 226.687897
vn -1.846582 2.307681 0.973842
v -3.100000 -18.495377 228.937912
vn -0.173139 2.309117 5.822834
v -0.174402 -21.342943 230.241928
vn -3.206386 1.251225 2.879672
v -3.100000 -21.590109 230.344330
vn -1.514083 3.803571 3.697461
v -0.149696 -21.326759 230.235397
vn -1.505118 3.813158 3.681497
v -0.124895 -21.310688 230.228943
vn -3.093843 1.217160 2.895252
v -3.100000 -20.062603 229.742813
vn -3.046108 1.428720 2.793708
v -3.100000 -19.286509 229.393555
vn -3.248466 1.508546 2.750286
v -3.100000 -22.351732 230.707672
vn -3.274470 1.841088 2.536688
v -3.100000 -23.118746 231.186783
vn -3.278668 2.174557 2.256986
v -3.100000 -23.896254 231.837189
vn 2.035889 -5.643775 0.599777
v 2.277517 -24.175741 226.308746
vn 1.029523 -4.746732 -3.574791
v 2.632501 -23.527378 224.414062
vn -0.000000 -6.010623 0.491330
v 3.000000 -24.045918 226.345963
vn -1.029523 -4.746732 -3.574792
v 3.367499 -23.527378 224.414062
vn -2.035889 -5.643774 0.599777
v 3.722483 -24.175741 226.308746
vn -2.976318 -4.021430 -3.367320
v 4.052865 -23.782604 224.340866
vn -3.804628 -4.592404 0.897347
v 4.347391 -24.547680 226.202087
vn -4.498645 -2.687156 -2.984906
v 4.596035 -24.258587 224.204391
vn -5.047715 -3.008562 1.353462
v 4.790327 -25.111500 226.040421
vn -5.429725 -0.891132 -2.468958
v 4.923651 -24.891043 224.023026
vn -5.618913 -1.081688 1.904360
v 4.991468 -25.791054 225.845551
vn -5.620000 1.079880 -1.903376
v 4.991468 -25.594555 223.821304
vn -5.428077 0.891785 2.471048
v 4.923651 -26.494564 225.643829
vn -5.047721 3.008162 -1.353954
v 4.790327 -26.274109 223.626450
vn -4.498965 2.687385 2.984554
v 4.596035 -27.127020 225.462479
vn -3.804044 4.592718 -0.897636
v 4.347391 -26.837929 223.464767
vn -2.976167 4.021326 3.367468
v 4.052865 -27.603004 225.325989
vn -2.036055 5.643704 -0.599785
v 3.722483 -27.209866 223.358124
vn -1.029296 4.747157 3.574504
v 3.367499 -27.858231 225.252808
vn 0.000000 6.010544 -0.491588
v 3.000000 -27.339689 223.320892
vn 1.029296 4.747157 3.574503
v 2.632501 -27.858231 225.252808
vn 2.036055 5.643704 -0.599785
v 2.277517 -27.209866 223.358124
vn 2.976167 4.021326 3.367468
v 1.947136 -27.603004 225.325989
vn 3.804044 4.592719 -0.897636
v 1.652609 -26.837929 223.464767
vn 4.498964 2.687386 2.984554
v 1.403966 -27.127020 225.462479
vn 5.047722 3.008162 -1.353954
v 1.209673 -26.274109 223.626450
vn 5.428076 0.891785 2.471048
v 1.076349 -26.494564 225.643829
vn 5.620000 1.079880 -1.903375
v 1.008532 -25.594555 223.821304
vn 5.618913 -1.081689 1.904360
v 1.008532 -25.791054 225.845551
vn 5.429725 -0.891132 -2.468958
v 1.076349 -24.891043 224.023026
vn 5.047715 -3.008562 1.353462
v 1.209673 -25.111500 226.040421
vn 4.498644 -2.687157 -2.984905
v 1.403966 -24.258587 224.204391
vn 3.804629 -4.592404 0.897348
v 1.652609 -24.547680 226.202087
vn 2.976319 -4.021430 -3.367319
v 1.947136 -23.782604 224.340866
vn -1.584403 -1.298559 -1.400011
v 6.128735 -23.686296 229.569977
vn 1.584403 -1.298559 -1.400011
v -0.128734 -23.686296 229.569977
vn 1.119563 -1.635901 -1.501050
v 0.793256 -23.025505 229.759460
vn 0.574922 -1.846669 -1.560254
v 1.859379 -22.610941 229.878342
vn -0.000000 -1.916101 -1.577506
v 3.000000 -22.469675 229.918839
vn -0.574922 -1.846669 -1.560254
v 4.140621 -22.610941 229.878342
vn -1.119563 -1.635901 -1.501049
v 5.206744 -23.025505 229.759460
vn -1.508552 1.783858 3.775559
v -0.117270 -21.312569 230.250641
# 5119 vertices, 0 vertices normals


usemtl material_0
f 1//1 2//2 3//3
f 3//3 2//2 4//4
f 3//3 4//4 5//5
f 5//5 4//4 6//6
f 5//5 6//6 7//7
f 7//7 6//6 8//8
f 7//7 8//8 9//9
f 9//9 8//8 10//10
f 9//9 10//10 11//11
f 11//11 10//10 12//12
f 11//11 12//12 13//13
f 13//13 12//12 14//14
f 13//13 14//14 15//15
f 15//15 14//14 16//16
f 15//15 16//16 17//17
f 17//17 16//16 18//18
f 17//17 18//18 19//19
f 19//19 18//18 20//20
f 19//19 20//20 21//21
f 21//21 20//20 22//22
f 21//21 22//22 23//23
f 23//23 22//22 24//24
f 23//23 24//24 25//25
f 25//25 24//24 26//26
f 25//25 26//26 27//27
f 27//27 26//26 28//28
f 27//27 28//28 29//29
f 29//29 28//28 30//30
f 29//29 30//30 31//31
f 31//31 30//30 32//32
f 31//31 32//32 33//33
f 33//33 32//32 34//34
f 33//33 34//34 35//35
f 35//35 34//34 36//36
f 35//35 36//36 1//1
f 1//1 36//36 2//2
f 37//37 1//1 38//38
f 38//38 1//1 3//3
f 38//38 3//3 5//5
f 1//1 37//37 35//35
f 35//35 37//37 39//39
f 35//35 39//39 33//33
f 33//33 39//39 40//40
f 33//33 40//40 31//31
f 31//31 40//40 29//29
f 29//29 40//40 41//41
f 29//29 41//41 27//27
f 27//27 41//41 42//42
f 27//27 42//42 25//25
f 25//25 42//42 43//43
f 25//25 43//43 23//23
f 23//23 43//43 44//44
f 23//23 44//44 21//21
f 21//21 44//44 19//19
f 19//19 44//44 45//45
f 19//19 45//45 17//17
f 17//17 45//45 46//46
f 17//17 46//46 15//15
f 15//15 46//46 47//47
f 15//15 47//47 13//13
f 13//13 47//47 48//48
f 13//13 48//48 11//11
f 11//11 48//48 9//9
f 9//9 48//48 49//49
f 9//9 49//49 7//7
f 7//7 49//49 50//50
f 7//7 50//50 5//5
f 5//5 50//50 38//38
f 51//51 52//52 53//53
f 53//53 52//52 54//54
f 53//53 54//54 55//55
f 55//55 54//54 56//56
f 56//56 54//54 57//57
f 56//56 57//57 58//58
f 58//58 57//57 59//59
f 58//58 59//59 60//60
f 60//60 59//59 61//61
f 60//60 61//61 62//62
f 56//56 58//58 55//55
f 55//55 58//58 60//60
f 55//55 60//60 63//63
f 63//63 60//60 62//62
f 63//63 64//64 55//55
f 55//55 64//64 65//65
f 65//65 64//64 66//66
f 65//65 66//66 67//67
f 67//67 68//68 65//65
f 65//65 68//68 69//69
f 65//65 69//69 70//70
f 70//70 69//69 71//71
f 70//70 71//71 72//72
f 72//72 71//71 73//73
f 62//62 61//61 63//63
f 63//63 61//61 74//74
f 63//63 74//74 64//64
f 64//64 74//74 75//75
f 64//64 75//75 66//66
f 66//66 75//75 67//67
f 67//67 75//75 76//76
f 67//67 76//76 68//68
f 68//68 76//76 77//77
f 68//68 77//77 69//69
f 69//69 77//77 78//78
f 69//69 78//78 79//79
f 74//74 61//61 80//80
f 80//80 61//61 59//59
f 80//80 59//59 54//54
f 54//54 59//59 57//57
f 80//80 81//81 74//74
f 74//74 81//81 75//75
f 75//75 81//81 76//76
f 76//76 81//81 82//82
f 76//76 82//82 77//77
f 77//77 82//82 78//78
f 78//78 82//82 83//83
f 83//83 82//82 84//84
f 84//84 82//82 85//85
f 86//86 87//87 85//85
f 85//85 87//87 88//88
f 85//85 88//88 84//84
f 84//84 88//88 89//89
f 84//84 89//89 83//83
f 83//83 89//89 79//79
f 83//83 79//79 78//78
f 87//87 86//86 90//90
f 90//90 86//86 91//91
f 90//90 91//91 92//92
f 90//90 92//92 93//93
f 93//93 92//92 94//94
f 93//93 94//94 95//95
f 92//92 96//96 94//94
f 94//94 96//96 97//97
f 94//94 97//97 98//98
f 98//98 97//97 99//99
f 98//98 99//99 100//100
f 92//92 91//91 96//96
f 96//96 91//91 101//101
f 101//101 91//91 86//86
f 101//101 86//86 82//82
f 82//82 86//86 85//85
f 100//100 102//102 98//98
f 103//103 104//104 105//105
f 105//105 104//104 106//106
f 105//105 106//106 107//107
f 107//107 106//106 108//108
f 108//108 106//106 109//109
f 108//108 109//109 110//110
f 110//110 109//109 111//111
f 110//110 111//111 112//112
f 112//112 111//111 113//113
f 113//113 111//111 114//114
f 113//113 114//114 115//115
f 114//114 116//116 115//115
f 115//115 116//116 117//117
f 115//115 117//117 118//118
f 118//118 117//117 119//119
f 118//118 119//119 120//120
f 120//120 119//119 121//121
f 120//120 121//121 122//122
f 122//122 121//121 123//123
f 122//122 123//123 124//124
f 124//124 123//123 125//125
f 124//124 125//125 126//126
f 126//126 125//125 127//127
f 126//126 127//127 128//128
f 128//128 127//127 129//129
f 128//128 129//129 130//130
f 111//111 131//131 114//114
f 114//114 131//131 132//132
f 114//114 132//132 116//116
f 131//131 133//133 132//132
f 132//132 133//133 134//134
f 109//109 106//106 111//111
f 111//111 106//106 131//131
f 131//131 106//106 104//104
f 131//131 104//104 135//135
f 131//131 135//135 136//136
f 136//136 135//135 137//137
f 136//136 137//137 138//138
f 136//136 138//138 139//139
f 139//139 138//138 140//140
f 139//139 140//140 141//141
f 141//141 142//142 139//139
f 139//139 142//142 143//143
f 139//139 143//143 144//144
f 145//145 146//146 141//141
f 141//141 146//146 142//142
f 142//142 146//146 143//143
f 143//143 146//146 144//144
f 144//144 146//146 147//147
f 144//144 147//147 148//148
f 148//148 147//147 149//149
f 148//148 149//149 150//150
f 150//150 149//149 151//151
f 150//150 151//151 152//152
f 152//152 151//151 153//153
f 152//152 153//153 154//154
f 154//154 153//153 155//155
f 144//144 148//148 139//139
f 139//139 148//148 156//156
f 156//156 148//148 150//150
f 156//156 150//150 157//157
f 157//157 150//150 152//152
f 157//157 152//152 154//154
f 157//157 154//154 158//158
f 158//158 154//154 159//159
f 158//158 159//159 160//160
f 160//160 159//159 161//161
f 160//160 162//162 158//158
f 155//155 163//163 154//154
f 154//154 163//163 159//159
f 159//159 163//163 164//164
f 159//159 164//164 161//161
f 163//163 165//165 164//164
f 164//164 165//165 166//166
f 164//164 166//166 167//167
f 166//166 165//165 168//168
f 168//168 165//165 169//169
f 168//168 169//169 170//170
f 170//170 169//169 171//171
f 164//164 167//167 172//172
f 172//172 167//167 173//173
f 172//172 173//173 174//174
f 174//174 173//173 175//175
f 174//174 175//175 176//176
f 176//176 175//175 177//177
f 103//103 178//178 104//104
f 104//104 178//178 135//135
f 135//135 178//178 179//179
f 135//135 179//179 137//137
f 137//137 179//179 180//180
f 137//137 180//180 138//138
f 138//138 180//180 181//181
f 138//138 181//181 140//140
f 140//140 181//181 182//182
f 140//140 182//182 141//141
f 141//141 182//182 145//145
f 54//54 52//52 80//80
f 80//80 52//52 183//183
f 80//80 183//183 184//184
f 184//184 183//183 185//185
f 52//52 186//186 183//183
f 187//187 188//188 189//189
f 189//189 188//188 190//190
f 189//189 190//190 191//191
f 191//191 190//190 192//192
f 191//191 192//192 193//193
f 193//193 192//192 194//194
f 193//193 194//194 195//195
f 195//195 194//194 196//196
f 195//195 196//196 197//197
f 195//195 197//197 198//198
f 198//198 197//197 199//199
f 198//198 199//199 200//200
f 136//136 201//201 202//202
f 202//202 201//201 203//203
f 202//202 203//203 204//204
f 204//204 203//203 205//205
f 204//204 205//205 206//206
f 206//206 205//205 207//207
f 206//206 207//207 208//208
f 208//208 207//207 193//193
f 208//208 193//193 209//209
f 209//209 193//193 195//195
f 209//209 195//195 210//210
f 210//210 195//195 198//198
f 210//210 198//198 211//211
f 211//211 198//198 200//200
f 201//201 212//212 203//203
f 203//203 212//212 213//213
f 203//203 213//213 214//214
f 214//214 213//213 215//215
f 214//214 215//215 216//216
f 216//216 215//215 187//187
f 216//216 187//187 189//189
f 189//189 191//191 216//216
f 216//216 191//191 214//214
f 193//193 217//217 191//191
f 191//191 217//217 205//205
f 191//191 205//205 214//214
f 214//214 205//205 203//203
f 211//211 218//218 210//210
f 210//210 218//218 219//219
f 210//210 219//219 208//208
f 208//208 219//219 220//220
f 208//208 220//220 206//206
f 206//206 220//220 221//221
f 206//206 221//221 204//204
f 204//204 221//221 222//222
f 204//204 222//222 223//223
f 223//223 222//222 224//224
f 223//223 224//224 202//202
f 225//225 226//226 218//218
f 218//218 226//226 227//227
f 218//218 227//227 219//219
f 219//219 227//227 220//220
f 228//228 229//229 225//225
f 225//225 229//229 230//230
f 225//225 230//230 226//226
f 226//226 230//230 231//231
f 226//226 231//231 227//227
f 227//227 231//231 220//220
f 229//229 232//232 230//230
f 230//230 232//232 231//231
f 231//231 232//232 233//233
f 233//233 232//232 224//224
f 233//233 224//224 222//222
f 223//223 202//202 204//204
f 233//233 222//222 221//221
f 220//220 231//231 221//221
f 221//221 231//231 233//233
f 193//193 207//207 217//217
f 217//217 207//207 205//205
f 209//209 210//210 208//208
f 228//228 132//132 229//229
f 229//229 132//132 232//232
f 232//232 132//132 134//134
f 232//232 134//134 224//224
f 224//224 134//134 133//133
f 224//224 133//133 202//202
f 202//202 133//133 131//131
f 202//202 131//131 136//136
f 228//228 234//234 132//132
f 132//132 234//234 235//235
f 132//132 235//235 116//116
f 116//116 235//235 236//236
f 116//116 236//236 117//117
f 117//117 236//236 119//119
f 119//119 236//236 237//237
f 119//119 237//237 121//121
f 121//121 237//237 123//123
f 123//123 237//237 238//238
f 123//123 238//238 125//125
f 125//125 238//238 239//239
f 125//125 239//239 127//127
f 127//127 239//239 240//240
f 127//127 240//240 129//129
f 129//129 240//240 241//241
f 129//129 241//241 242//242
f 242//242 241//241 243//243
f 242//242 243//243 244//244
f 244//244 243//243 245//245
f 244//244 245//245 246//246
f 246//246 245//245 247//247
f 246//246 247//247 248//248
f 248//248 247//247 249//249
f 249//249 247//247 250//250
f 249//249 250//250 251//251
f 251//251 250//250 200//200
f 251//251 200//200 252//252
f 252//252 200//200 253//253
f 252//252 253//253 254//254
f 254//254 253//253 255//255
f 254//254 255//255 256//256
f 225//225 257//257 228//228
f 228//228 257//257 258//258
f 228//228 258//258 234//234
f 218//218 259//259 225//225
f 225//225 259//259 260//260
f 225//225 260//260 257//257
f 211//211 250//250 218//218
f 218//218 250//250 261//261
f 218//218 261//261 259//259
f 211//211 200//200 250//250
f 199//199 262//262 200//200
f 200//200 262//262 253//253
f 254//254 256//256 263//263
f 263//263 256//256 264//264
f 263//263 264//264 265//265
f 265//265 264//264 266//266
f 265//265 266//266 267//267
f 267//267 266//266 268//268
f 267//267 268//268 269//269
f 269//269 268//268 270//270
f 269//269 270//270 271//271
f 272//272 273//273 271//271
f 271//271 273//273 274//274
f 271//271 274//274 269//269
f 273//273 275//275 274//274
f 274//274 275//275 276//276
f 276//276 275//275 277//277
f 277//277 275//275 278//278
f 277//277 278//278 279//279
f 279//279 278//278 280//280
f 279//279 280//280 281//281
f 281//281 280//280 282//282
f 281//281 282//282 283//283
f 283//283 282//282 284//284
f 284//284 282//282 285//285
f 284//284 285//285 286//286
f 286//286 285//285 287//287
f 284//284 286//286 288//288
f 288//288 286//286 289//289
f 288//288 289//289 290//290
f 288//288 290//290 291//291
f 291//291 290//290 292//292
f 291//291 292//292 293//293
f 293//293 292//292 294//294
f 293//293 294//294 295//295
f 295//295 294//294 296//296
f 295//295 296//296 297//297
f 297//297 296//296 298//298
f 297//297 298//298 299//299
f 300//300 301//301 299//299
f 299//299 301//301 302//302
f 299//299 302//302 297//297
f 300//300 303//303 301//301
f 304//304 305//305 301//301
f 301//301 305//305 306//306
f 301//301 306//306 302//302
f 304//304 307//307 305//305
f 305//305 307//307 308//308
f 308//308 307//307 309//309
f 309//309 307//307 310//310
f 309//309 310//310 311//311
f 311//311 310//310 312//312
f 312//312 310//310 313//313
f 312//312 313//313 314//314
f 314//314 313//313 315//315
f 315//315 313//313 183//183
f 315//315 183//183 316//316
f 316//316 183//183 186//186
f 316//316 186//186 317//317
f 317//317 186//186 318//318
f 317//317 318//318 319//319
f 317//317 319//319 320//320
f 320//320 319//319 321//321
f 320//320 321//321 322//322
f 320//320 322//322 323//323
f 323//323 322//322 324//324
f 323//323 324//324 325//325
f 325//325 324//324 326//326
f 325//325 326//326 327//327
f 327//327 326//326 328//328
f 327//327 328//328 329//329
f 329//329 328//328 330//330
f 329//329 330//330 331//331
f 331//331 330//330 332//332
f 331//331 332//332 333//333
f 333//333 332//332 334//334
f 333//333 334//334 335//335
f 335//335 334//334 336//336
f 335//335 336//336 337//337
f 334//334 338//338 336//336
f 336//336 338//338 339//339
f 339//339 338//338 340//340
f 339//339 340//340 341//341
f 341//341 340//340 342//342
f 341//341 342//342 343//343
f 343//343 342//342 344//344
f 344//344 342//342 345//345
f 344//344 345//345 248//248
f 248//248 345//345 246//246
f 335//335 337//337 305//305
f 305//305 337//337 306//306
f 262//262 199//199 346//346
f 346//346 199//199 197//197
f 346//346 197//197 347//347
f 347//347 197//197 196//196
f 347//347 196//196 348//348
f 348//348 196//196 194//194
f 348//348 194//194 349//349
f 349//349 194//194 192//192
f 349//349 192//192 350//350
f 350//350 192//192 190//190
f 350//350 190//190 351//351
f 351//351 190//190 188//188
f 351//351 188//188 352//352
f 351//351 352//352 353//353
f 353//353 352//352 354//354
f 353//353 354//354 355//355
f 355//355 354//354 356//356
f 355//355 356//356 357//357
f 357//357 356//356 358//358
f 357//357 358//358 359//359
f 359//359 358//358 360//360
f 359//359 360//360 361//361
f 361//361 360//360 362//362
f 361//361 362//362 363//363
f 363//363 362//362 364//364
f 363//363 364//364 365//365
f 365//365 364//364 366//366
f 365//365 366//366 367//367
f 367//367 366//366 368//368
f 367//367 368//368 369//369
f 369//369 368//368 370//370
f 369//369 370//370 371//371
f 371//371 370//370 372//372
f 371//371 372//372 373//373
f 373//373 372//372 374//374
f 373//373 374//374 375//375
f 375//375 374//374 164//164
f 375//375 164//164 172//172
f 172//172 376//376 375//375
f 187//187 377//377 188//188
f 188//188 377//377 378//378
f 188//188 378//378 379//379
f 380//380 381//381 187//187
f 187//187 381//381 377//377
f 379//379 382//382 188//188
f 188//188 382//382 352//352
f 352//352 382//382 383//383
f 352//352 383//383 354//354
f 354//354 383//383 384//384
f 354//354 384//384 356//356
f 356//356 384//384 385//385
f 356//356 385//385 358//358
f 358//358 385//385 360//360
f 360//360 385//385 386//386
f 360//360 386//386 362//362
f 362//362 386//386 387//387
f 362//362 387//387 364//364
f 364//364 387//387 388//388
f 364//364 388//388 366//366
f 366//366 388//388 368//368
f 368//368 388//388 389//389
f 368//368 389//389 370//370
f 370//370 389//389 390//390
f 370//370 390//390 372//372
f 372//372 390//390 391//391
f 372//372 391//391 374//374
f 374//374 391//391 392//392
f 374//374 392//392 161//161
f 161//161 392//392 160//160
f 161//161 164//164 374//374
f 393//393 394//394 395//395
f 395//395 394//394 396//396
f 395//395 396//396 397//397
f 397//397 396//396 398//398
f 397//397 398//398 399//399
f 399//399 398//398 273//273
f 399//399 273//273 272//272
f 396//396 394//394 400//400
f 400//400 394//394 401//401
f 400//400 401//401 402//402
f 403//403 404//404 402//402
f 402//402 404//404 405//405
f 402//402 405//405 400//400
f 400//400 405//405 406//406
f 400//400 406//406 396//396
f 396//396 406//406 398//398
f 404//404 403//403 407//407
f 407//407 403//403 408//408
f 407//407 408//408 409//409
f 409//409 408//408 410//410
f 409//409 410//410 411//411
f 411//411 410//410 412//412
f 411//411 413//413 409//409
f 409//409 413//413 414//414
f 409//409 414//414 407//407
f 407//407 414//414 415//415
f 407//407 415//415 404//404
f 404//404 415//415 416//416
f 404//404 416//416 405//405
f 405//405 416//416 417//417
f 405//405 417//417 406//406
f 406//406 417//417 275//275
f 406//406 275//275 273//273
f 413//413 418//418 414//414
f 414//414 418//418 285//285
f 414//414 285//285 415//415
f 415//415 285//285 282//282
f 415//415 282//282 416//416
f 416//416 282//282 280//280
f 416//416 280//280 417//417
f 417//417 280//280 278//278
f 417//417 278//278 275//275
f 418//418 287//287 285//285
f 273//273 398//398 406//406
f 412//412 419//419 411//411
f 411//411 419//419 420//420
f 411//411 420//420 413//413
f 413//413 420//420 421//421
f 413//413 421//421 418//418
f 418//418 421//421 286//286
f 418//418 286//286 287//287
f 419//419 422//422 420//420
f 420//420 422//422 423//423
f 420//420 423//423 424//424
f 424//424 423//423 425//425
f 424//424 425//425 289//289
f 289//289 425//425 290//290
f 290//290 425//425 426//426
f 290//290 426//426 292//292
f 292//292 426//426 427//427
f 292//292 427//427 294//294
f 294//294 427//427 428//428
f 294//294 428//428 296//296
f 296//296 428//428 429//429
f 296//296 429//429 298//298
f 298//298 429//429 430//430
f 298//298 430//430 431//431
f 422//422 432//432 423//423
f 423//423 432//432 433//433
f 423//423 433//433 425//425
f 425//425 433//433 426//426
f 432//432 434//434 433//433
f 433//433 434//434 435//435
f 433//433 435//435 426//426
f 426//426 435//435 427//427
f 434//434 436//436 435//435
f 435//435 436//436 437//437
f 435//435 437//437 427//427
f 427//427 437//437 428//428
f 436//436 438//438 437//437
f 437//437 438//438 439//439
f 437//437 439//439 428//428
f 428//428 439//439 429//429
f 438//438 440//440 439//439
f 439//439 440//440 441//441
f 439//439 441//441 429//429
f 429//429 441//441 442//442
f 429//429 442//442 430//430
f 443//443 444//444 440//440
f 440//440 444//444 441//441
f 444//444 445//445 441//441
f 441//441 445//445 442//442
f 431//431 299//299 298//298
f 289//289 286//286 424//424
f 424//424 286//286 421//421
f 424//424 421//421 420//420
f 443//443 446//446 444//444
f 444//444 446//446 447//447
f 444//444 447//447 445//445
f 445//445 447//447 448//448
f 445//445 448//448 442//442
f 442//442 448//448 449//449
f 442//442 449//449 430//430
f 430//430 449//449 450//450
f 430//430 450//450 451//451
f 430//430 451//451 431//431
f 431//431 451//451 300//300
f 431//431 300//300 299//299
f 452//452 453//453 454//454
f 454//454 453//453 455//455
f 454//454 455//455 456//456
f 456//456 455//455 457//457
f 457//457 455//455 458//458
f 457//457 458//458 459//459
f 459//459 458//458 255//255
f 459//459 255//255 460//460
f 460//460 255//255 253//253
f 455//455 453//453 461//461
f 461//461 453//453 462//462
f 461//461 462//462 463//463
f 463//463 462//462 464//464
f 463//463 464//464 465//465
f 465//465 464//464 466//466
f 465//465 466//466 467//467
f 467//467 466//466 468//468
f 467//467 468//468 469//469
f 469//469 468//468 470//470
f 469//469 470//470 471//471
f 471//471 470//470 472//472
f 471//471 472//472 395//395
f 395//395 472//472 393//393
f 395//395 397//397 471//471
f 471//471 397//397 473//473
f 471//471 473//473 469//469
f 469//469 473//473 474//474
f 469//469 474//474 467//467
f 467//467 474//474 475//475
f 467//467 475//475 465//465
f 465//465 475//475 476//476
f 465//465 476//476 463//463
f 463//463 476//476 477//477
f 463//463 477//477 461//461
f 461//461 477//477 478//478
f 461//461 478//478 455//455
f 455//455 478//478 458//458
f 397//397 399//399 473//473
f 473//473 399//399 271//271
f 473//473 271//271 474//474
f 474//474 271//271 270//270
f 474//474 270//270 475//475
f 475//475 270//270 268//268
f 475//475 268//268 476//476
f 476//476 268//268 266//266
f 476//476 266//266 477//477
f 477//477 266//266 264//264
f 477//477 264//264 478//478
f 478//478 264//264 256//256
f 478//478 256//256 458//458
f 458//458 256//256 255//255
f 399//399 272//272 271//271
f 253//253 262//262 460//460
f 460//460 262//262 346//346
f 460//460 346//346 459//459
f 459//459 346//346 347//347
f 459//459 347//347 348//348
f 459//459 348//348 457//457
f 457//457 348//348 349//349
f 457//457 349//349 456//456
f 456//456 349//349 350//350
f 456//456 350//350 454//454
f 454//454 350//350 351//351
f 454//454 351//351 452//452
f 303//303 300//300 479//479
f 479//479 300//300 451//451
f 479//479 451//451 450//450
f 479//479 450//450 480//480
f 480//480 450//450 449//449
f 480//480 449//449 481//481
f 481//481 449//449 448//448
f 481//481 448//448 482//482
f 482//482 448//448 447//447
f 482//482 447//447 483//483
f 483//483 447//447 446//446
f 483//483 446//446 484//484
f 484//484 446//446 485//485
f 485//485 446//446 486//486
f 485//485 486//486 487//487
f 487//487 486//486 488//488
f 487//487 488//488 489//489
f 489//489 488//488 490//490
f 489//489 490//490 491//491
f 491//491 490//490 492//492
f 491//491 492//492 493//493
f 493//493 492//492 494//494
f 493//493 494//494 495//495
f 495//495 494//494 496//496
f 495//495 496//496 497//497
f 497//497 496//496 498//498
f 497//497 498//498 499//499
f 499//499 498//498 500//500
f 499//499 500//500 501//501
f 501//501 500//500 502//502
f 501//501 502//502 503//503
f 503//503 502//502 504//504
f 503//503 504//504 505//505
f 505//505 504//504 506//506
f 505//505 506//506 507//507
f 507//507 506//506 508//508
f 507//507 508//508 509//509
f 509//509 508//508 510//510
f 509//509 511//511 507//507
f 512//512 513//513 514//514
f 514//514 513//513 515//515
f 514//514 515//515 516//516
f 516//516 515//515 517//517
f 517//517 515//515 513//513
f 517//517 513//513 518//518
f 518//518 513//513 519//519
f 518//518 519//519 520//520
f 520//520 519//519 521//521
f 520//520 521//521 522//522
f 522//522 521//521 523//523
f 522//522 523//523 524//524
f 524//524 523//523 525//525
f 524//524 525//525 526//526
f 527//527 528//528 512//512
f 512//512 528//528 529//529
f 512//512 529//529 513//513
f 513//513 529//529 519//519
f 527//527 530//530 528//528
f 528//528 530//530 531//531
f 528//528 531//531 532//532
f 532//532 531//531 533//533
f 532//532 533//533 534//534
f 530//530 81//81 531//531
f 531//531 81//81 533//533
f 525//525 523//523 534//534
f 534//534 523//523 535//535
f 534//534 535//535 532//532
f 532//532 535//535 536//536
f 532//532 536//536 528//528
f 528//528 536//536 529//529
f 313//313 310//310 526//526
f 526//526 310//310 524//524
f 524//524 310//310 537//537
f 537//537 310//310 307//307
f 537//537 307//307 538//538
f 538//538 307//307 539//539
f 538//538 539//539 540//540
f 540//540 539//539 541//541
f 540//540 541//541 542//542
f 542//542 541//541 543//543
f 542//542 543//543 544//544
f 544//544 543//543 545//545
f 544//544 545//545 546//546
f 304//304 543//543 307//307
f 307//307 543//543 541//541
f 307//307 541//541 539//539
f 301//301 547//547 304//304
f 304//304 547//547 548//548
f 304//304 548//548 549//549
f 549//549 548//548 545//545
f 549//549 545//545 543//543
f 547//547 545//545 548//548
f 517//517 550//550 546//546
f 546//546 550//550 551//551
f 546//546 551//551 542//542
f 542//542 551//551 552//552
f 542//542 552//552 540//540
f 540//540 552//552 553//553
f 540//540 553//553 538//538
f 538//538 553//553 537//537
f 304//304 549//549 543//543
f 550//550 517//517 518//518
f 551//551 550//550 552//552
f 552//552 550//550 518//518
f 552//552 518//518 520//520
f 553//553 552//552 520//520
f 544//544 546//546 542//542
f 519//519 529//529 536//536
f 519//519 536//536 521//521
f 521//521 536//536 535//535
f 521//521 535//535 523//523
f 553//553 520//520 522//522
f 524//524 537//537 522//522
f 522//522 537//537 553//553
f 81//81 80//80 533//533
f 533//533 80//80 184//184
f 533//533 184//184 534//534
f 534//534 184//184 185//185
f 534//534 185//185 525//525
f 525//525 185//185 183//183
f 525//525 183//183 526//526
f 526//526 183//183 313//313
f 301//301 303//303 547//547
f 547//547 303//303 479//479
f 547//547 479//479 545//545
f 545//545 479//479 480//480
f 545//545 480//480 481//481
f 545//545 481//481 546//546
f 546//546 481//481 482//482
f 546//546 482//482 517//517
f 517//517 482//482 483//483
f 517//517 483//483 516//516
f 516//516 483//483 484//484
f 516//516 484//484 514//514
f 484//484 554//554 514//514
f 514//514 554//554 555//555
f 514//514 555//555 556//556
f 485//485 557//557 484//484
f 484//484 557//557 558//558
f 484//484 558//558 559//559
f 557//557 485//485 560//560
f 560//560 485//485 487//487
f 560//560 487//487 561//561
f 561//561 487//487 489//489
f 561//561 489//489 562//562
f 562//562 489//489 491//491
f 562//562 491//491 493//493
f 562//562 493//493 563//563
f 563//563 493//493 495//495
f 563//563 495//495 564//564
f 564//564 495//495 497//497
f 564//564 497//497 565//565
f 565//565 497//497 499//499
f 565//565 499//499 501//501
f 565//565 501//501 566//566
f 566//566 501//501 503//503
f 566//566 503//503 567//567
f 567//567 503//503 505//505
f 567//567 505//505 568//568
f 568//568 505//505 507//507
f 568//568 507//507 569//569
f 569//569 507//507 102//102
f 569//569 102//102 100//100
f 507//507 511//511 102//102
f 559//559 554//554 484//484
f 443//443 570//570 446//446
f 446//446 570//570 571//571
f 446//446 571//571 572//572
f 573//573 574//574 443//443
f 443//443 574//574 570//570
f 572//572 575//575 446//446
f 446//446 575//575 576//576
f 446//446 576//576 486//486
f 486//486 576//576 577//577
f 486//486 577//577 488//488
f 488//488 577//577 490//490
f 490//490 577//577 578//578
f 490//490 578//578 492//492
f 492//492 578//578 579//579
f 492//492 579//579 494//494
f 494//494 579//579 580//580
f 494//494 580//580 496//496
f 496//496 580//580 498//498
f 498//498 580//580 581//581
f 498//498 581//581 500//500
f 500//500 581//581 582//582
f 500//500 582//582 502//502
f 502//502 582//582 583//583
f 502//502 583//583 504//504
f 504//504 583//583 584//584
f 504//504 584//584 506//506
f 506//506 584//584 585//585
f 506//506 585//585 508//508
f 508//508 585//585 586//586
f 508//508 586//586 510//510
f 510//510 586//586 587//587
f 160//160 588//588 162//162
f 162//162 588//588 589//589
f 162//162 589//589 380//380
f 589//589 588//588 590//590
f 590//590 588//588 591//591
f 590//590 591//591 592//592
f 592//592 591//591 593//593
f 592//592 593//593 594//594
f 594//594 593//593 595//595
f 187//187 215//215 380//380
f 380//380 215//215 162//162
f 162//162 215//215 158//158
f 158//158 215//215 213//213
f 158//158 213//213 157//157
f 157//157 213//213 212//212
f 157//157 212//212 156//156
f 156//156 212//212 201//201
f 156//156 201//201 139//139
f 139//139 201//201 136//136
f 351//351 596//596 452//452
f 452//452 596//596 597//597
f 452//452 597//597 598//598
f 353//353 599//599 351//351
f 351//351 599//599 600//600
f 351//351 600//600 601//601
f 599//599 353//353 602//602
f 602//602 353//353 355//355
f 602//602 355//355 357//357
f 602//602 357//357 603//603
f 603//603 357//357 359//359
f 603//603 359//359 604//604
f 604//604 359//359 361//361
f 604//604 361//361 605//605
f 605//605 361//361 363//363
f 605//605 363//363 365//365
f 605//605 365//365 606//606
f 606//606 365//365 367//367
f 606//606 367//367 607//607
f 607//607 367//367 369//369
f 607//607 369//369 608//608
f 608//608 369//369 371//371
f 608//608 371//371 609//609
f 609//609 371//371 373//373
f 609//609 373//373 610//610
f 610//610 373//373 375//375
f 610//610 375//375 611//611
f 611//611 375//375 376//376
f 611//611 376//376 612//612
f 601//601 613//613 351//351
f 351//351 613//613 596//596
f 614//614 412//412 615//615
f 615//615 412//412 410//410
f 615//615 410//410 616//616
f 616//616 410//410 408//408
f 616//616 408//408 617//617
f 617//617 408//408 403//403
f 617//617 403//403 618//618
f 618//618 403//403 402//402
f 618//618 402//402 619//619
f 619//619 402//402 401//401
f 619//619 401//401 620//620
f 620//620 401//401 394//394
f 620//620 394//394 621//621
f 621//621 394//394 393//393
f 82//82 81//81 101//101
f 101//101 81//81 530//530
f 101//101 530//530 96//96
f 96//96 530//530 527//527
f 96//96 527//527 97//97
f 97//97 527//527 512//512
f 97//97 512//512 99//99
f 99//99 512//512 556//556
f 556//556 512//512 514//514
f 556//556 622//622 99//99
f 99//99 622//622 623//623
f 99//99 623//623 100//100
f 623//623 622//622 624//624
f 624//624 622//622 625//625
f 624//624 625//625 626//626
f 626//626 625//625 627//627
f 626//626 627//627 628//628
f 628//628 627//627 629//629
f 330//330 630//630 332//332
f 332//332 630//630 631//631
f 332//332 631//631 334//334
f 334//334 631//631 632//632
f 334//334 632//632 338//338
f 338//338 632//632 633//633
f 338//338 633//633 340//340
f 340//340 633//633 634//634
f 634//634 635//635 340//340
f 340//340 635//635 636//636
f 340//340 636//636 637//637
f 638//638 639//639 634//634
f 634//634 639//639 640//640
f 634//634 640//640 641//641
f 342//342 642//642 638//638
f 638//638 642//642 643//643
f 638//638 643//643 644//644
f 340//340 645//645 342//342
f 342//342 645//645 646//646
f 342//342 646//646 647//647
f 641//641 635//635 634//634
f 637//637 648//648 340//340
f 340//340 648//648 645//645
f 647//647 642//642 342//342
f 644//644 639//639 638//638
f 649//649 302//302 650//650
f 650//650 302//302 306//306
f 650//650 306//306 651//651
f 651//651 306//306 337//337
f 651//651 337//337 652//652
f 652//652 337//337 336//336
f 652//652 336//336 653//653
f 653//653 336//336 339//339
f 653//653 339//339 654//654
f 654//654 339//339 341//341
f 341//341 655//655 654//654
f 654//654 655//655 656//656
f 654//654 656//656 657//657
f 343//343 658//658 341//341
f 341//341 658//658 659//659
f 341//341 659//659 660//660
f 661//661 662//662 343//343
f 343//343 662//662 663//663
f 343//343 663//663 664//664
f 654//654 665//665 661//661
f 661//661 665//665 666//666
f 661//661 666//666 667//667
f 660//660 655//655 341//341
f 657//657 668//668 654//654
f 654//654 668//668 665//665
f 667//667 662//662 661//661
f 664//664 658//658 343//343
f 669//669 242//242 670//670
f 670//670 242//242 244//244
f 670//670 244//244 671//671
f 671//671 244//244 246//246
f 671//671 246//246 672//672
f 672//672 246//246 345//345
f 672//672 345//345 638//638
f 638//638 345//345 342//342
f 252//252 673//673 251//251
f 251//251 673//673 674//674
f 251//251 674//674 249//249
f 249//249 674//674 675//675
f 249//249 675//675 248//248
f 248//248 675//675 676//676
f 248//248 676//676 344//344
f 344//344 676//676 677//677
f 344//344 677//677 343//343
f 343//343 677//677 661//661
f 678//678 679//679 680//680
f 680//680 679//679 681//681
f 680//680 681//681 682//682
f 682//682 681//681 683//683
f 682//682 683//683 684//684
f 684//684 683//683 658//658
f 684//684 658//658 664//664
f 679//679 678//678 685//685
f 685//685 678//678 686//686
f 685//685 686//686 687//687
f 687//687 686//686 688//688
f 687//687 688//688 689//689
f 689//689 688//688 690//690
f 689//689 690//690 691//691
f 691//691 690//690 692//692
f 691//691 692//692 693//693
f 693//693 692//692 694//694
f 693//693 694//694 668//668
f 668//668 694//694 695//695
f 668//668 695//695 665//665
f 665//665 695//695 696//696
f 665//665 696//696 666//666
f 666//666 696//696 697//697
f 666//666 697//697 667//667
f 667//667 697//697 698//698
f 667//667 698//698 662//662
f 662//662 698//698 699//699
f 662//662 699//699 663//663
f 663//663 699//699 700//700
f 663//663 700//700 664//664
f 664//664 700//700 684//684
f 690//690 701//701 692//692
f 692//692 701//701 702//702
f 692//692 702//702 694//694
f 694//694 702//702 695//695
f 701//701 703//703 702//702
f 702//702 703//703 704//704
f 702//702 704//704 695//695
f 695//695 704//704 696//696
f 703//703 705//705 704//704
f 704//704 705//705 706//706
f 704//704 706//706 696//696
f 696//696 706//706 697//697
f 705//705 707//707 706//706
f 706//706 707//707 708//708
f 706//706 708//708 697//697
f 697//697 708//708 698//698
f 708//708 707//707 709//709
f 709//709 707//707 710//710
f 709//709 710//710 711//711
f 711//711 710//710 712//712
f 711//711 712//712 713//713
f 713//713 712//712 714//714
f 713//713 714//714 682//682
f 682//682 714//714 680//680
f 668//668 657//657 693//693
f 693//693 657//657 715//715
f 693//693 715//715 691//691
f 691//691 715//715 689//689
f 657//657 656//656 715//715
f 715//715 656//656 716//716
f 715//715 716//716 689//689
f 689//689 716//716 687//687
f 656//656 655//655 716//716
f 716//716 655//655 717//717
f 716//716 717//717 687//687
f 687//687 717//717 685//685
f 655//655 660//660 717//717
f 717//717 660//660 718//718
f 717//717 718//718 685//685
f 685//685 718//718 679//679
f 660//660 659//659 718//718
f 718//718 659//659 719//719
f 718//718 719//719 679//679
f 679//679 719//719 681//681
f 659//659 658//658 719//719
f 719//719 658//658 683//683
f 719//719 683//683 681//681
f 699//699 698//698 709//709
f 709//709 698//698 708//708
f 700//700 699//699 711//711
f 711//711 699//699 709//709
f 684//684 700//700 713//713
f 713//713 700//700 711//711
f 682//682 684//684 713//713
f 720//720 705//705 721//721
f 721//721 705//705 703//703
f 721//721 703//703 722//722
f 722//722 703//703 701//701
f 722//722 701//701 723//723
f 723//723 701//701 690//690
f 723//723 690//690 724//724
f 724//724 690//690 688//688
f 724//724 688//688 725//725
f 725//725 688//688 686//686
f 725//725 686//686 726//726
f 726//726 686//686 678//678
f 726//726 678//678 727//727
f 727//727 678//678 680//680
f 727//727 680//680 728//728
f 728//728 680//680 714//714
f 728//728 714//714 729//729
f 729//729 714//714 712//712
f 729//729 712//712 730//730
f 730//730 712//712 710//710
f 730//730 710//710 731//731
f 731//731 710//710 707//707
f 731//731 707//707 720//720
f 720//720 707//707 705//705
f 722//722 732//732 721//721
f 721//721 732//732 733//733
f 721//721 733//733 734//734
f 734//734 733//733 735//735
f 734//734 735//735 736//736
f 736//736 735//735 639//639
f 736//736 639//639 644//644
f 732//732 722//722 737//737
f 737//737 722//722 723//723
f 737//737 723//723 738//738
f 738//738 723//723 724//724
f 738//738 724//724 739//739
f 739//739 724//724 725//725
f 739//739 725//725 740//740
f 740//740 725//725 741//741
f 740//740 741//741 742//742
f 742//742 741//741 743//743
f 742//742 743//743 648//648
f 648//648 743//743 744//744
f 648//648 744//744 645//645
f 645//645 744//744 745//745
f 645//645 745//745 646//646
f 646//646 745//745 746//746
f 646//646 746//746 647//647
f 647//647 746//746 747//747
f 647//647 747//747 642//642
f 642//642 747//747 748//748
f 642//642 748//748 643//643
f 643//643 748//748 749//749
f 643//643 749//749 644//644
f 644//644 749//749 736//736
f 725//725 726//726 741//741
f 741//741 726//726 750//750
f 741//741 750//750 743//743
f 743//743 750//750 744//744
f 726//726 727//727 750//750
f 750//750 727//727 751//751
f 750//750 751//751 744//744
f 744//744 751//751 745//745
f 727//727 728//728 751//751
f 751//751 728//728 752//752
f 751//751 752//752 745//745
f 745//745 752//752 746//746
f 728//728 729//729 752//752
f 752//752 729//729 753//753
f 752//752 753//753 746//746
f 746//746 753//753 747//747
f 753//753 729//729 754//754
f 754//754 729//729 730//730
f 754//754 730//730 755//755
f 755//755 730//730 731//731
f 755//755 731//731 756//756
f 756//756 731//731 720//720
f 756//756 720//720 734//734
f 734//734 720//720 721//721
f 648//648 637//637 742//742
f 742//742 637//637 757//757
f 742//742 757//757 740//740
f 740//740 757//757 739//739
f 637//637 636//636 757//757
f 757//757 636//636 758//758
f 757//757 758//758 739//739
f 739//739 758//758 738//738
f 636//636 635//635 758//758
f 758//758 635//635 759//759
f 758//758 759//759 738//738
f 738//738 759//759 737//737
f 635//635 641//641 759//759
f 759//759 641//641 760//760
f 759//759 760//760 737//737
f 737//737 760//760 732//732
f 641//641 640//640 760//760
f 760//760 640//640 761//761
f 760//760 761//761 732//732
f 732//732 761//761 733//733
f 640//640 639//639 761//761
f 761//761 639//639 735//735
f 761//761 735//735 733//733
f 748//748 747//747 754//754
f 754//754 747//747 753//753
f 749//749 748//748 755//755
f 755//755 748//748 754//754
f 736//736 749//749 756//756
f 756//756 749//749 755//755
f 734//734 736//736 756//756
f 242//242 669//669 129//129
f 129//129 669//669 130//130
f 673//673 252//252 762//762
f 762//762 252//252 254//254
f 302//302 649//649 297//297
f 297//297 649//649 763//763
f 630//630 330//330 764//764
f 764//764 330//330 328//328
f 105//105 107//107 103//103
f 103//103 107//107 112//112
f 103//103 112//112 178//178
f 178//178 112//112 765//765
f 178//178 765//765 179//179
f 179//179 765//765 180//180
f 180//180 765//765 181//181
f 181//181 765//765 766//766
f 181//181 766//766 182//182
f 182//182 766//766 767//767
f 767//767 766//766 768//768
f 767//767 768//768 769//769
f 107//107 108//108 112//112
f 112//112 108//108 110//110
f 770//770 771//771 772//772
f 772//772 771//771 773//773
f 772//772 773//773 774//774
f 774//774 773//773 775//775
f 774//774 775//775 776//776
f 776//776 775//775 777//777
f 776//776 777//777 778//778
f 778//778 777//777 779//779
f 778//778 779//779 780//780
f 780//780 779//779 781//781
f 780//780 781//781 782//782
f 782//782 781//781 783//783
f 782//782 783//783 784//784
f 785//785 786//786 770//770
f 770//770 786//786 787//787
f 770//770 787//787 788//788
f 788//788 789//789 770//770
f 770//770 789//789 790//790
f 770//770 790//790 771//771
f 789//789 791//791 790//790
f 790//790 791//791 792//792
f 790//790 792//792 793//793
f 793//793 794//794 790//790
f 621//621 393//393 795//795
f 795//795 393//393 472//472
f 795//795 472//472 796//796
f 796//796 472//472 470//470
f 796//796 470//470 797//797
f 797//797 470//470 468//468
f 797//797 468//468 798//798
f 798//798 468//468 466//466
f 798//798 466//466 799//799
f 799//799 466//466 464//464
f 799//799 464//464 800//800
f 800//800 464//464 462//462
f 800//800 462//462 801//801
f 801//801 462//462 453//453
f 801//801 453//453 177//177
f 177//177 453//453 176//176
f 176//176 453//453 452//452
f 176//176 452//452 598//598
f 598//598 612//612 176//176
f 176//176 612//612 376//376
f 176//176 376//376 174//174
f 174//174 376//376 172//172
f 802//802 803//803 804//804
f 804//804 803//803 774//774
f 804//804 774//774 805//805
f 805//805 774//774 806//806
f 806//806 774//774 801//801
f 801//801 774//774 776//776
f 801//801 776//776 800//800
f 800//800 776//776 799//799
f 799//799 776//776 778//778
f 799//799 778//778 780//780
f 807//807 808//808 803//803
f 803//803 808//808 774//774
f 808//808 809//809 774//774
f 774//774 809//809 772//772
f 799//799 780//780 798//798
f 798//798 780//780 782//782
f 798//798 782//782 797//797
f 797//797 782//782 784//784
f 797//797 784//784 810//810
f 797//797 810//810 796//796
f 796//796 810//810 811//811
f 796//796 811//811 795//795
f 795//795 811//811 812//812
f 795//795 812//812 621//621
f 621//621 812//812 620//620
f 620//620 812//812 813//813
f 620//620 813//813 619//619
f 619//619 813//813 814//814
f 619//619 814//814 618//618
f 618//618 814//814 815//815
f 618//618 815//815 816//816
f 618//618 816//816 617//617
f 617//617 816//816 817//817
f 617//617 817//817 818//818
f 617//617 818//818 616//616
f 616//616 818//818 819//819
f 616//616 819//819 615//615
f 615//615 819//819 820//820
f 615//615 820//820 614//614
f 614//614 820//820 821//821
f 821//821 820//820 822//822
f 821//821 822//822 823//823
f 823//823 822//822 824//824
f 823//823 824//824 825//825
f 825//825 824//824 826//826
f 825//825 826//826 827//827
f 825//825 827//827 828//828
f 828//828 827//827 829//829
f 828//828 829//829 830//830
f 830//830 829//829 831//831
f 830//830 831//831 832//832
f 833//833 834//834 832//832
f 832//832 834//834 835//835
f 832//832 835//835 830//830
f 836//836 837//837 833//833
f 833//833 837//837 838//838
f 833//833 838//838 839//839
f 839//839 838//838 840//840
f 841//841 842//842 839//839
f 839//839 842//842 833//833
f 842//842 843//843 833//833
f 833//833 843//843 844//844
f 833//833 844//844 834//834
f 845//845 846//846 847//847
f 847//847 846//846 848//848
f 847//847 848//848 849//849
f 849//849 848//848 850//850
f 849//849 850//850 851//851
f 851//851 850//850 852//852
f 851//851 852//852 853//853
f 853//853 852//852 854//854
f 853//853 854//854 855//855
f 855//855 854//854 856//856
f 855//855 856//856 857//857
f 857//857 856//856 858//858
f 857//857 858//858 859//859
f 859//859 858//858 860//860
f 859//859 860//860 861//861
f 861//861 860//860 862//862
f 862//862 860//860 863//863
f 862//862 863//863 72//72
f 72//72 863//863 864//864
f 72//72 864//864 70//70
f 70//70 864//864 65//65
f 65//65 864//864 865//865
f 65//65 865//865 55//55
f 55//55 865//865 53//53
f 847//847 866//866 845//845
f 845//845 866//866 867//867
f 867//867 866//866 868//868
f 867//867 868//868 869//869
f 869//869 868//868 870//870
f 869//869 870//870 871//871
f 871//871 870//870 872//872
f 871//871 872//872 873//873
f 873//873 872//872 874//874
f 873//873 874//874 875//875
f 875//875 874//874 876//876
f 875//875 876//876 877//877
f 877//877 876//876 878//878
f 877//877 878//878 879//879
f 877//877 879//879 880//880
f 880//880 879//879 881//881
f 880//880 881//881 882//882
f 882//882 881//881 883//883
f 882//882 883//883 884//884
f 884//884 883//883 885//885
f 884//884 885//885 886//886
f 886//886 885//885 887//887
f 886//886 887//887 888//888
f 888//888 887//887 889//889
f 888//888 889//889 890//890
f 890//890 889//889 783//783
f 890//890 783//783 891//891
f 891//891 783//783 892//892
f 892//892 783//783 781//781
f 892//892 781//781 893//893
f 893//893 781//781 779//779
f 893//893 779//779 894//894
f 894//894 779//779 777//777
f 894//894 777//777 895//895
f 895//895 777//777 775//775
f 895//895 775//775 896//896
f 896//896 775//775 773//773
f 896//896 773//773 897//897
f 897//897 773//773 771//771
f 897//897 771//771 898//898
f 898//898 771//771 790//790
f 898//898 790//790 794//794
f 898//898 794//794 899//899
f 899//899 794//794 768//768
f 899//899 768//768 900//900
f 900//900 768//768 766//766
f 900//900 766//766 765//765
f 900//900 765//765 901//901
f 901//901 765//765 112//112
f 901//901 112//112 113//113
f 163//163 155//155 767//767
f 767//767 155//155 153//153
f 767//767 153//153 151//151
f 151//151 149//149 767//767
f 767//767 149//149 147//147
f 767//767 147//147 145//145
f 145//145 147//147 146//146
f 145//145 182//182 767//767
f 767//767 769//769 163//163
f 163//163 769//769 165//165
f 165//165 769//769 785//785
f 165//165 785//785 770//770
f 769//769 768//768 785//785
f 785//785 768//768 794//794
f 785//785 794//794 786//786
f 786//786 794//794 793//793
f 786//786 793//793 787//787
f 787//787 793//793 792//792
f 787//787 792//792 788//788
f 788//788 792//792 791//791
f 788//788 791//791 789//789
f 165//165 770//770 169//169
f 169//169 770//770 772//772
f 169//169 772//772 171//171
f 902//902 166//166 807//807
f 807//807 166//166 168//168
f 807//807 168//168 808//808
f 808//808 168//168 170//170
f 808//808 170//170 809//809
f 809//809 170//170 171//171
f 809//809 171//171 772//772
f 902//902 903//903 166//166
f 166//166 903//903 904//904
f 166//166 904//904 804//804
f 804//804 904//904 802//802
f 166//166 804//804 167//167
f 167//167 804//804 805//805
f 167//167 805//805 173//173
f 173//173 805//805 806//806
f 173//173 806//806 175//175
f 175//175 806//806 801//801
f 175//175 801//801 177//177
f 784//784 783//783 810//810
f 810//810 783//783 889//889
f 810//810 889//889 811//811
f 811//811 889//889 887//887
f 811//811 887//887 812//812
f 812//812 887//887 885//885
f 812//812 885//885 813//813
f 813//813 885//885 883//883
f 813//813 883//883 814//814
f 814//814 883//883 881//881
f 814//814 881//881 815//815
f 815//815 881//881 879//879
f 815//815 879//879 816//816
f 816//816 879//879 878//878
f 816//816 878//878 817//817
f 817//817 878//878 876//876
f 817//817 876//876 818//818
f 818//818 876//876 874//874
f 818//818 874//874 819//819
f 819//819 874//874 872//872
f 819//819 872//872 820//820
f 820//820 872//872 870//870
f 820//820 870//870 822//822
f 822//822 870//870 868//868
f 822//822 868//868 824//824
f 824//824 868//868 866//866
f 824//824 866//866 826//826
f 826//826 866//866 847//847
f 762//762 254//254 905//905
f 905//905 254//254 263//263
f 905//905 263//263 265//265
f 905//905 265//265 906//906
f 906//906 265//265 267//267
f 906//906 267//267 907//907
f 907//907 267//267 269//269
f 907//907 269//269 908//908
f 908//908 269//269 274//274
f 908//908 274//274 909//909
f 909//909 274//274 276//276
f 909//909 276//276 910//910
f 910//910 276//276 277//277
f 910//910 277//277 911//911
f 911//911 277//277 279//279
f 911//911 279//279 912//912
f 912//912 279//279 281//281
f 912//912 281//281 913//913
f 913//913 281//281 283//283
f 913//913 283//283 914//914
f 914//914 283//283 284//284
f 914//914 284//284 915//915
f 915//915 284//284 288//288
f 915//915 288//288 916//916
f 916//916 288//288 291//291
f 916//916 291//291 917//917
f 917//917 291//291 293//293
f 917//917 293//293 918//918
f 918//918 293//293 295//295
f 918//918 295//295 919//919
f 919//919 295//295 763//763
f 763//763 295//295 297//297
f 920//920 921//921 922//922
f 922//922 921//921 923//923
f 922//922 923//923 924//924
f 924//924 923//923 925//925
f 924//924 925//925 926//926
f 926//926 925//925 927//927
f 926//926 927//927 928//928
f 928//928 927//927 929//929
f 928//928 929//929 930//930
f 930//930 929//929 931//931
f 930//930 931//931 932//932
f 932//932 931//931 933//933
f 932//932 933//933 934//934
f 934//934 933//933 935//935
f 934//934 935//935 936//936
f 936//936 935//935 937//937
f 936//936 937//937 938//938
f 938//938 937//937 939//939
f 938//938 939//939 940//940
f 940//940 939//939 941//941
f 940//940 941//941 942//942
f 942//942 941//941 943//943
f 942//942 943//943 944//944
f 944//944 943//943 945//945
f 944//944 945//945 946//946
f 946//946 945//945 947//947
f 946//946 947//947 948//948
f 948//948 947//947 949//949
f 948//948 949//949 950//950
f 950//950 949//949 951//951
f 950//950 951//951 952//952
f 952//952 951//951 953//953
f 952//952 953//953 920//920
f 920//920 953//953 921//921
f 954//954 926//926 612//612
f 612//612 926//926 928//928
f 612//612 928//928 611//611
f 611//611 928//928 930//930
f 611//611 930//930 610//610
f 610//610 930//930 609//609
f 609//609 930//930 932//932
f 609//609 932//932 608//608
f 608//608 932//932 934//934
f 608//608 934//934 607//607
f 607//607 934//934 606//606
f 606//606 934//934 936//936
f 606//606 936//936 605//605
f 605//605 936//936 938//938
f 605//605 938//938 604//604
f 604//604 938//938 940//940
f 604//604 940//940 603//603
f 603//603 940//940 602//602
f 602//602 940//940 942//942
f 602//602 942//942 599//599
f 599//599 942//942 944//944
f 599//599 944//944 600//600
f 600//600 944//944 601//601
f 601//601 944//944 946//946
f 601//601 946//946 613//613
f 613//613 946//946 948//948
f 613//613 948//948 596//596
f 596//596 948//948 597//597
f 597//597 948//948 950//950
f 597//597 950//950 598//598
f 598//598 950//950 952//952
f 598//598 952//952 955//955
f 955//955 952//952 956//956
f 956//956 952//952 920//920
f 956//956 920//920 957//957
f 957//957 920//920 922//922
f 957//957 922//922 958//958
f 958//958 922//922 959//959
f 959//959 922//922 924//924
f 959//959 924//924 960//960
f 960//960 924//924 926//926
f 960//960 926//926 954//954
f 392//392 929//929 160//160
f 160//160 929//929 927//927
f 160//160 927//927 588//588
f 588//588 927//927 925//925
f 588//588 925//925 591//591
f 591//591 925//925 593//593
f 593//593 925//925 923//923
f 593//593 923//923 595//595
f 595//595 923//923 921//921
f 595//595 921//921 594//594
f 594//594 921//921 592//592
f 592//592 921//921 953//953
f 592//592 953//953 590//590
f 590//590 953//953 589//589
f 589//589 953//953 951//951
f 589//589 951//951 380//380
f 380//380 951//951 949//949
f 380//380 949//949 381//381
f 381//381 949//949 947//947
f 381//381 947//947 377//377
f 377//377 947//947 378//378
f 378//378 947//947 945//945
f 378//378 945//945 379//379
f 379//379 945//945 943//943
f 379//379 943//943 382//382
f 382//382 943//943 383//383
f 383//383 943//943 941//941
f 383//383 941//941 384//384
f 384//384 941//941 939//939
f 384//384 939//939 385//385
f 385//385 939//939 386//386
f 386//386 939//939 937//937
f 386//386 937//937 387//387
f 387//387 937//937 935//935
f 387//387 935//935 388//388
f 388//388 935//935 389//389
f 389//389 935//935 933//933
f 389//389 933//933 390//390
f 390//390 933//933 931//931
f 390//390 931//931 391//391
f 391//391 931//931 392//392
f 392//392 931//931 929//929
f 803//803 802//802 961//961
f 961//961 802//802 904//904
f 807//807 803//803 902//902
f 902//902 803//803 961//961
f 902//902 961//961 903//903
f 903//903 961//961 904//904
f 612//612 598//598 954//954
f 954//954 598//598 955//955
f 954//954 955//955 960//960
f 960//960 955//955 956//956
f 960//960 956//956 959//959
f 959//959 956//956 957//957
f 959//959 957//957 958//958
f 962//962 963//963 964//964
f 964//964 963//963 965//965
f 965//965 963//963 966//966
f 966//966 963//963 967//967
f 967//967 963//963 861//861
f 967//967 861//861 968//968
f 968//968 861//861 969//969
f 969//969 861//861 970//970
f 970//970 861//861 862//862
f 861//861 963//963 859//859
f 859//859 963//963 836//836
f 859//859 836//836 857//857
f 857//857 836//836 833//833
f 857//857 833//833 855//855
f 855//855 833//833 832//832
f 855//855 832//832 853//853
f 853//853 832//832 831//831
f 853//853 831//831 851//851
f 851//851 831//831 829//829
f 851//851 829//829 849//849
f 849//849 829//829 827//827
f 849//849 827//827 847//847
f 847//847 827//827 826//826
f 573//573 443//443 971//971
f 971//971 443//443 440//440
f 971//971 440//440 972//972
f 972//972 440//440 834//834
f 834//834 440//440 438//438
f 834//834 438//438 835//835
f 835//835 438//438 436//436
f 835//835 436//436 830//830
f 830//830 436//436 434//434
f 830//830 434//434 828//828
f 828//828 434//434 432//432
f 828//828 432//432 825//825
f 825//825 432//432 422//422
f 825//825 422//422 823//823
f 823//823 422//422 419//419
f 823//823 419//419 821//821
f 821//821 419//419 412//412
f 821//821 412//412 614//614
f 973//973 510//510 971//971
f 971//971 510//510 587//587
f 971//971 587//587 573//573
f 973//973 509//509 510//510
f 89//89 88//88 79//79
f 79//79 88//88 87//87
f 79//79 87//87 90//90
f 93//93 71//71 90//90
f 90//90 71//71 69//69
f 90//90 69//69 79//79
f 93//93 95//95 71//71
f 71//71 95//95 974//974
f 71//71 974//974 73//73
f 73//73 974//974 975//975
f 73//73 975//975 962//962
f 962//962 975//975 963//963
f 963//963 975//975 976//976
f 963//963 976//976 836//836
f 836//836 976//976 977//977
f 964//964 862//862 962//962
f 962//962 862//862 72//72
f 962//962 72//72 73//73
f 862//862 964//964 970//970
f 970//970 964//964 965//965
f 970//970 965//965 969//969
f 969//969 965//965 966//966
f 969//969 966//966 968//968
f 968//968 966//966 967//967
f 841//841 978//978 979//979
f 979//979 978//978 980//980
f 979//979 980//980 981//981
f 981//981 840//840 979//979
f 979//979 840//840 982//982
f 982//982 840//840 838//838
f 982//982 838//838 983//983
f 983//983 838//838 837//837
f 983//983 837//837 977//977
f 977//977 837//837 836//836
f 841//841 979//979 842//842
f 842//842 979//979 984//984
f 842//842 984//984 843//843
f 843//843 984//984 985//985
f 843//843 985//985 844//844
f 844//844 985//985 986//986
f 844//844 986//986 834//834
f 834//834 986//986 972//972
f 95//95 94//94 974//974
f 974//974 94//94 98//98
f 974//974 98//98 511//511
f 511//511 98//98 102//102
f 509//509 984//984 511//511
f 511//511 984//984 979//979
f 511//511 979//979 975//975
f 975//975 979//979 982//982
f 975//975 982//982 976//976
f 976//976 982//982 983//983
f 976//976 983//983 977//977
f 984//984 509//509 985//985
f 985//985 509//509 973//973
f 985//985 973//973 986//986
f 986//986 973//973 971//971
f 986//986 971//971 972//972
f 975//975 974//974 511//511
f 52//52 51//51 186//186
f 186//186 51//51 318//318
f 318//318 51//51 987//987
f 318//318 987//987 319//319
f 319//319 987//987 988//988
f 319//319 988//988 321//321
f 321//321 988//988 989//989
f 321//321 989//989 322//322
f 322//322 989//989 990//990
f 322//322 990//990 324//324
f 324//324 990//990 991//991
f 324//324 991//991 326//326
f 326//326 991//991 992//992
f 326//326 992//992 328//328
f 328//328 992//992 764//764
f 993//993 994//994 995//995
f 995//995 994//994 996//996
f 995//995 996//996 997//997
f 997//997 996//996 998//998
f 997//997 998//998 999//999
f 999//999 998//998 1000//1000
f 999//999 1000//1000 1001//1001
f 1001//1001 1000//1000 1002//1002
f 1001//1001 1002//1002 1003//1003
f 1003//1003 1002//1002 1004//1004
f 1003//1003 1004//1004 1005//1005
f 1005//1005 1004//1004 1006//1006
f 1005//1005 1006//1006 1007//1007
f 1007//1007 1006//1006 1008//1008
f 1007//1007 1008//1008 1009//1009
f 1009//1009 1008//1008 1010//1010
f 1009//1009 1010//1010 1011//1011
f 1011//1011 1010//1010 1012//1012
f 1011//1011 1012//1012 1013//1013
f 1013//1013 1012//1012 1014//1014
f 1013//1013 1014//1014 1015//1015
f 1015//1015 1014//1014 1016//1016
f 1015//1015 1016//1016 1017//1017
f 1017//1017 1016//1016 1018//1018
f 1017//1017 1018//1018 1019//1019
f 1019//1019 1018//1018 1020//1020
f 1019//1019 1020//1020 1021//1021
f 1021//1021 1020//1020 1022//1022
f 1021//1021 1022//1022 1023//1023
f 1023//1023 1022//1022 1024//1024
f 1023//1023 1024//1024 1025//1025
f 1025//1025 1024//1024 1026//1026
f 1025//1025 1026//1026 993//993
f 993//993 1026//1026 994//994
f 1027//1027 999//999 573//573
f 573//573 999//999 1001//1001
f 573//573 1001//1001 574//574
f 574//574 1001//1001 1003//1003
f 574//574 1003//1003 570//570
f 570//570 1003//1003 571//571
f 571//571 1003//1003 1005//1005
f 571//571 1005//1005 572//572
f 572//572 1005//1005 1007//1007
f 572//572 1007//1007 575//575
f 575//575 1007//1007 576//576
f 576//576 1007//1007 1009//1009
f 576//576 1009//1009 577//577
f 577//577 1009//1009 1011//1011
f 577//577 1011//1011 578//578
f 578//578 1011//1011 1013//1013
f 578//578 1013//1013 579//579
f 579//579 1013//1013 580//580
f 580//580 1013//1013 1015//1015
f 580//580 1015//1015 581//581
f 581//581 1015//1015 1017//1017
f 581//581 1017//1017 582//582
f 582//582 1017//1017 583//583
f 583//583 1017//1017 1019//1019
f 583//583 1019//1019 584//584
f 584//584 1019//1019 1021//1021
f 584//584 1021//1021 585//585
f 585//585 1021//1021 586//586
f 586//586 1021//1021 1023//1023
f 586//586 1023//1023 587//587
f 587//587 1023//1023 1025//1025
f 587//587 1025//1025 1028//1028
f 1028//1028 1025//1025 1029//1029
f 1029//1029 1025//1025 993//993
f 1029//1029 993//993 1030//1030
f 1030//1030 993//993 995//995
f 1030//1030 995//995 1031//1031
f 1031//1031 995//995 1032//1032
f 1032//1032 995//995 997//997
f 1032//1032 997//997 1033//1033
f 1033//1033 997//997 999//999
f 1033//1033 999//999 1027//1027
f 555//555 1002//1002 556//556
f 556//556 1002//1002 1000//1000
f 556//556 1000//1000 622//622
f 622//622 1000//1000 998//998
f 622//622 998//998 625//625
f 625//625 998//998 627//627
f 627//627 998//998 996//996
f 627//627 996//996 629//629
f 629//629 996//996 994//994
f 629//629 994//994 628//628
f 628//628 994//994 626//626
f 626//626 994//994 1026//1026
f 626//626 1026//1026 624//624
f 624//624 1026//1026 623//623
f 623//623 1026//1026 1024//1024
f 623//623 1024//1024 100//100
f 100//100 1024//1024 1022//1022
f 100//100 1022//1022 569//569
f 569//569 1022//1022 1020//1020
f 569//569 1020//1020 568//568
f 568//568 1020//1020 567//567
f 567//567 1020//1020 1018//1018
f 567//567 1018//1018 566//566
f 566//566 1018//1018 1016//1016
f 566//566 1016//1016 565//565
f 565//565 1016//1016 564//564
f 564//564 1016//1016 1014//1014
f 564//564 1014//1014 563//563
f 563//563 1014//1014 1012//1012
f 563//563 1012//1012 562//562
f 562//562 1012//1012 561//561
f 561//561 1012//1012 1010//1010
f 561//561 1010//1010 560//560
f 560//560 1010//1010 1008//1008
f 560//560 1008//1008 557//557
f 557//557 1008//1008 558//558
f 558//558 1008//1008 1006//1006
f 558//558 1006//1006 559//559
f 559//559 1006//1006 1004//1004
f 559//559 1004//1004 554//554
f 554//554 1004//1004 555//555
f 555//555 1004//1004 1002//1002
f 839//839 1034//1034 841//841
f 841//841 1034//1034 978//978
f 839//839 840//840 1034//1034
f 1034//1034 840//840 981//981
f 1034//1034 981//981 980//980
f 980//980 978//978 1034//1034
f 573//573 587//587 1027//1027
f 1027//1027 587//587 1028//1028
f 1027//1027 1028//1028 1033//1033
f 1033//1033 1028//1028 1029//1029
f 1033//1033 1029//1029 1032//1032
f 1032//1032 1029//1029 1030//1030
f 1032//1032 1030//1030 1031//1031
f 1035//1035 661//661 1036//1036
f 1036//1036 661//661 1037//1037
f 1036//1036 1037//1037 1038//1038
f 1039//1039 1040//1040 1035//1035
f 1035//1035 1040//1040 654//654
f 1035//1035 654//654 661//661
f 1041//1041 649//649 1040//1040
f 1040//1040 649//649 650//650
f 1040//1040 650//650 651//651
f 1042//1042 1043//1043 1041//1041
f 1041//1041 1043//1043 763//763
f 1041//1041 763//763 649//649
f 1043//1043 1044//1044 763//763
f 763//763 1044//1044 919//919
f 919//919 1044//1044 918//918
f 918//918 1044//1044 1045//1045
f 918//918 1045//1045 917//917
f 917//917 1045//1045 916//916
f 916//916 1045//1045 1046//1046
f 916//916 1046//1046 915//915
f 915//915 1046//1046 914//914
f 914//914 1046//1046 913//913
f 913//913 1046//1046 1047//1047
f 913//913 1047//1047 912//912
f 912//912 1047//1047 911//911
f 911//911 1047//1047 1048//1048
f 911//911 1048//1048 910//910
f 910//910 1048//1048 909//909
f 909//909 1048//1048 908//908
f 908//908 1048//1048 1049//1049
f 908//908 1049//1049 907//907
f 907//907 1049//1049 906//906
f 906//906 1049//1049 1050//1050
f 906//906 1050//1050 905//905
f 905//905 1050//1050 762//762
f 762//762 1050//1050 1051//1051
f 762//762 1051//1051 1052//1052
f 1052//1052 1051//1051 1053//1053
f 762//762 1052//1052 673//673
f 673//673 1052//1052 1037//1037
f 673//673 1037//1037 674//674
f 674//674 1037//1037 675//675
f 675//675 1037//1037 676//676
f 676//676 1037//1037 677//677
f 677//677 1037//1037 661//661
f 651//651 652//652 1040//1040
f 1040//1040 652//652 653//653
f 1040//1040 653//653 654//654
f 1054//1054 1055//1055 1056//1056
f 1056//1056 1055//1055 1057//1057
f 1056//1056 1057//1057 1058//1058
f 1057//1057 1055//1055 1059//1059
f 1059//1059 1055//1055 1060//1060
f 1059//1059 1060//1060 1061//1061
f 1056//1056 1058//1058 1062//1062
f 1062//1062 1058//1058 1063//1063
f 1062//1062 1063//1063 1064//1064
f 1064//1064 1063//1063 1065//1065
f 1064//1064 1065//1065 1066//1066
f 1066//1066 1065//1065 1067//1067
f 1066//1066 1067//1067 1068//1068
f 1068//1068 1067//1067 1069//1069
f 1068//1068 1069//1069 1070//1070
f 1070//1070 1069//1069 1071//1071
f 1070//1070 1071//1071 1072//1072
f 1072//1072 1071//1071 1073//1073
f 1072//1072 1073//1073 1074//1074
f 1072//1072 1074//1074 1075//1075
f 1075//1075 1074//1074 1076//1076
f 1075//1075 1076//1076 1077//1077
f 1075//1075 1077//1077 1078//1078
f 1078//1078 1077//1077 1079//1079
f 1078//1078 1079//1079 1080//1080
f 1078//1078 1080//1080 1081//1081
f 1081//1081 1080//1080 1082//1082
f 1081//1081 1082//1082 1083//1083
f 1083//1083 1082//1082 1084//1084
f 1083//1083 1084//1084 1085//1085
f 1085//1085 1084//1084 1086//1086
f 1085//1085 1086//1086 1087//1087
f 1087//1087 1086//1086 1088//1088
f 1087//1087 1088//1088 1089//1089
f 1089//1089 1088//1088 1090//1090
f 1090//1090 1088//1088 1091//1091
f 1090//1090 1091//1091 1092//1092
f 1092//1092 1091//1091 1093//1093
f 1092//1092 1093//1093 1094//1094
f 1095//1095 1096//1096 1097//1097
f 1097//1097 1096//1096 1098//1098
f 1097//1097 1098//1098 1099//1099
f 1099//1099 1098//1098 1100//1100
f 1099//1099 1100//1100 1101//1101
f 1101//1101 1100//1100 1102//1102
f 1102//1102 1100//1100 1103//1103
f 1102//1102 1103//1103 1104//1104
f 1104//1104 1103//1103 1105//1105
f 1104//1104 1105//1105 1106//1106
f 1106//1106 1105//1105 1107//1107
f 1106//1106 1107//1107 1108//1108
f 1108//1108 1107//1107 1109//1109
f 1108//1108 1109//1109 1110//1110
f 1110//1110 1109//1109 1111//1111
f 1110//1110 1111//1111 1112//1112
f 1112//1112 1111//1111 1113//1113
f 1113//1113 1111//1111 1114//1114
f 1113//1113 1114//1114 1115//1115
f 1115//1115 1114//1114 1116//1116
f 1117//1117 1118//1118 1096//1096
f 1096//1096 1118//1118 1119//1119
f 1096//1096 1119//1119 1098//1098
f 1120//1120 1121//1121 1117//1117
f 1117//1117 1121//1121 1122//1122
f 1117//1117 1122//1122 1123//1123
f 1123//1123 1122//1122 1124//1124
f 1124//1124 1122//1122 1125//1125
f 1124//1124 1125//1125 1126//1126
f 1126//1126 1125//1125 1127//1127
f 1126//1126 1127//1127 1128//1128
f 1128//1128 1127//1127 1129//1129
f 1128//1128 1129//1129 1130//1130
f 1130//1130 1129//1129 1131//1131
f 1130//1130 1131//1131 1132//1132
f 1130//1130 1132//1132 1133//1133
f 1133//1133 1132//1132 1134//1134
f 1133//1133 1134//1134 1135//1135
f 1135//1135 1134//1134 1136//1136
f 1135//1135 1136//1136 1137//1137
f 1137//1137 1136//1136 1138//1138
f 1137//1137 1138//1138 1139//1139
f 1139//1139 1138//1138 1140//1140
f 1139//1139 1140//1140 1141//1141
f 1139//1139 1142//1142 1137//1137
f 1137//1137 1142//1142 1143//1143
f 1143//1143 1142//1142 1144//1144
f 1143//1143 1144//1144 1145//1145
f 1145//1145 1144//1144 1146//1146
f 1145//1145 1146//1146 1147//1147
f 1147//1147 1146//1146 1148//1148
f 1147//1147 1148//1148 1149//1149
f 1147//1147 1149//1149 1150//1150
f 1150//1150 1149//1149 1151//1151
f 1150//1150 1151//1151 1152//1152
f 1152//1152 1151//1151 1153//1153
f 1152//1152 1153//1153 1154//1154
f 1154//1154 1153//1153 1155//1155
f 1154//1154 1155//1155 1156//1156
f 1156//1156 1155//1155 1157//1157
f 1156//1156 1157//1157 1158//1158
f 1158//1158 1157//1157 1159//1159
f 1158//1158 1159//1159 1160//1160
f 1158//1158 1160//1160 1161//1161
f 1161//1161 1160//1160 1162//1162
f 1161//1161 1162//1162 1163//1163
f 1163//1163 1162//1162 1164//1164
f 1163//1163 1164//1164 1165//1165
f 1165//1165 1164//1164 1166//1166
f 1165//1165 1166//1166 1167//1167
f 1167//1167 1166//1166 1168//1168
f 1167//1167 1168//1168 1169//1169
f 1167//1167 1169//1169 1170//1170
f 1170//1170 1169//1169 1171//1171
f 1170//1170 1171//1171 1172//1172
f 1172//1172 1171//1171 1173//1173
f 1172//1172 1173//1173 1174//1174
f 1174//1174 1173//1173 1175//1175
f 1174//1174 1175//1175 1176//1176
f 1176//1176 1175//1175 1177//1177
f 1176//1176 1177//1177 1178//1178
f 1176//1176 1178//1178 1179//1179
f 1179//1179 1178//1178 1180//1180
f 1179//1179 1180//1180 1181//1181
f 1181//1181 1180//1180 1182//1182
f 1181//1181 1182//1182 1183//1183
f 1183//1183 1182//1182 1184//1184
f 1183//1183 1184//1184 1185//1185
f 1185//1185 1184//1184 1186//1186
f 1185//1185 1186//1186 1187//1187
f 1187//1187 1186//1186 1188//1188
f 1187//1187 1188//1188 1189//1189
f 1189//1189 1188//1188 1190//1190
f 1189//1189 1190//1190 1114//1114
f 1123//1123 1118//1118 1117//1117
f 1111//1111 1189//1189 1114//1114
f 1061//1061 1060//1060 1191//1191
f 1191//1191 1060//1060 1192//1192
f 1191//1191 1192//1192 1193//1193
f 1193//1193 1192//1192 1194//1194
f 1193//1193 1194//1194 1195//1195
f 1195//1195 1194//1194 1196//1196
f 1195//1195 1196//1196 1197//1197
f 1197//1197 1196//1196 1198//1198
f 1197//1197 1198//1198 1199//1199
f 1199//1199 1198//1198 1200//1200
f 1199//1199 1200//1200 1201//1201
f 1201//1201 1200//1200 1202//1202
f 1201//1201 1202//1202 1203//1203
f 1203//1203 1202//1202 1204//1204
f 1203//1203 1204//1204 1205//1205
f 1205//1205 1204//1204 1206//1206
f 1205//1205 1206//1206 1207//1207
f 1207//1207 1206//1206 1208//1208
f 1208//1208 1206//1206 1209//1209
f 1208//1208 1209//1209 1210//1210
f 1210//1210 1209//1209 1211//1211
f 1211//1211 1209//1209 1212//1212
f 1211//1211 1212//1212 1213//1213
f 1213//1213 1212//1212 1214//1214
f 1213//1213 1214//1214 1215//1215
f 1215//1215 1214//1214 1216//1216
f 1216//1216 1214//1214 1217//1217
f 1216//1216 1217//1217 1218//1218
f 1218//1218 1217//1217 1219//1219
f 1218//1218 1219//1219 1220//1220
f 1220//1220 1219//1219 1221//1221
f 1220//1220 1221//1221 1222//1222
f 1192//1192 1223//1223 1194//1194
f 1220//1220 1222//1222 1224//1224
f 1224//1224 1222//1222 1225//1225
f 1224//1224 1225//1225 1226//1226
f 1226//1226 1225//1225 1227//1227
f 1226//1226 1227//1227 1228//1228
f 1228//1228 1227//1227 1229//1229
f 53//53 1230//1230 51//51
f 51//51 1230//1230 1222//1222
f 51//51 1222//1222 1221//1221
f 1227//1227 1225//1225 1230//1230
f 1230//1230 1225//1225 1222//1222
f 51//51 1221//1221 987//987
f 987//987 1221//1221 1219//1219
f 987//987 1219//1219 1217//1217
f 987//987 1217//1217 988//988
f 988//988 1217//1217 1214//1214
f 988//988 1214//1214 1212//1212
f 988//988 1212//1212 989//989
f 989//989 1212//1212 1209//1209
f 989//989 1209//1209 1206//1206
f 989//989 1206//1206 990//990
f 990//990 1206//1206 1204//1204
f 990//990 1204//1204 1202//1202
f 1202//1202 1200//1200 990//990
f 990//990 1200//1200 991//991
f 991//991 1200//1200 1198//1198
f 991//991 1198//1198 1231//1231
f 1231//1231 1198//1198 1196//1196
f 1231//1231 1196//1196 1194//1194
f 1223//1223 1232//1232 1194//1194
f 1194//1194 1232//1232 1231//1231
f 1233//1233 764//764 1231//1231
f 1231//1231 764//764 992//992
f 1231//1231 992//992 991//991
f 1234//1234 1235//1235 1233//1233
f 1233//1233 1235//1235 630//630
f 1233//1233 630//630 764//764
f 1236//1236 634//634 1235//1235
f 1235//1235 634//634 632//632
f 1235//1235 632//632 631//631
f 1237//1237 1238//1238 1236//1236
f 1236//1236 1238//1238 669//669
f 1236//1236 669//669 670//670
f 669//669 1238//1238 130//130
f 130//130 1238//1238 1239//1239
f 130//130 1239//1239 128//128
f 128//128 1239//1239 126//126
f 126//126 1239//1239 1064//1064
f 126//126 1064//1064 1066//1066
f 1240//1240 1056//1056 1239//1239
f 1239//1239 1056//1056 1062//1062
f 1239//1239 1062//1062 1064//1064
f 1240//1240 1054//1054 1056//1056
f 126//126 1066//1066 124//124
f 124//124 1066//1066 1068//1068
f 124//124 1068//1068 1070//1070
f 1070//1070 1072//1072 124//124
f 124//124 1072//1072 122//122
f 122//122 1072//1072 1075//1075
f 122//122 1075//1075 1078//1078
f 122//122 1078//1078 120//120
f 120//120 1078//1078 1081//1081
f 120//120 1081//1081 1083//1083
f 120//120 1083//1083 118//118
f 118//118 1083//1083 1085//1085
f 118//118 1085//1085 1087//1087
f 118//118 1087//1087 115//115
f 115//115 1087//1087 1089//1089
f 115//115 1089//1089 1241//1241
f 1241//1241 1089//1089 1090//1090
f 1241//1241 1090//1090 1092//1092
f 1241//1241 113//113 115//115
f 670//670 671//671 1236//1236
f 1236//1236 671//671 638//638
f 1236//1236 638//638 634//634
f 671//671 672//672 638//638
f 634//634 633//633 632//632
f 631//631 630//630 1235//1235
f 1120//1120 1242//1242 1192//1192
f 1192//1192 1242//1242 1243//1243
f 1192//1192 1243//1243 1223//1223
f 1223//1223 1243//1243 1232//1232
f 1117//1117 1244//1244 1120//1120
f 1120//1120 1244//1244 1245//1245
f 1120//1120 1245//1245 1242//1242
f 1235//1235 1246//1246 1117//1117
f 1117//1117 1246//1246 1247//1247
f 1117//1117 1247//1247 1248//1248
f 1235//1235 1234//1234 1246//1246
f 1248//1248 1244//1244 1117//1117
f 1054//1054 1249//1249 1055//1055
f 1055//1055 1249//1249 1250//1250
f 1055//1055 1250//1250 1095//1095
f 1095//1095 1250//1250 1251//1251
f 1095//1095 1251//1251 1252//1252
f 1054//1054 1240//1240 1249//1249
f 1095//1095 1252//1252 1096//1096
f 1096//1096 1252//1252 1253//1253
f 1096//1096 1253//1253 1254//1254
f 1254//1254 1255//1255 1096//1096
f 1096//1096 1255//1255 1236//1236
f 1236//1236 1255//1255 1237//1237
f 1232//1232 1243//1243 1231//1231
f 1231//1231 1243//1243 1256//1256
f 1256//1256 1243//1243 1257//1257
f 1257//1257 1243//1243 1242//1242
f 1257//1257 1242//1242 1258//1258
f 1258//1258 1242//1242 1245//1245
f 1258//1258 1245//1245 1259//1259
f 1259//1259 1245//1245 1244//1244
f 1259//1259 1244//1244 1260//1260
f 1260//1260 1244//1244 1248//1248
f 1260//1260 1248//1248 1261//1261
f 1261//1261 1248//1248 1247//1247
f 1261//1261 1247//1247 1262//1262
f 1262//1262 1247//1247 1246//1246
f 1237//1237 1255//1255 1238//1238
f 1238//1238 1255//1255 1263//1263
f 1263//1263 1255//1255 1264//1264
f 1264//1264 1255//1255 1254//1254
f 1264//1264 1254//1254 1265//1265
f 1265//1265 1254//1254 1253//1253
f 1265//1265 1253//1253 1266//1266
f 1266//1266 1253//1253 1252//1252
f 1266//1266 1252//1252 1267//1267
f 1267//1267 1252//1252 1251//1251
f 1267//1267 1251//1251 1268//1268
f 1268//1268 1251//1251 1250//1250
f 1268//1268 1250//1250 1269//1269
f 1269//1269 1250//1250 1249//1249
f 1264//1264 1265//1265 1263//1263
f 1263//1263 1265//1265 1266//1266
f 1263//1263 1266//1266 1269//1269
f 1269//1269 1266//1266 1267//1267
f 1269//1269 1267//1267 1268//1268
f 1239//1239 1238//1238 1269//1269
f 1269//1269 1238//1238 1263//1263
f 1249//1249 1240//1240 1269//1269
f 1269//1269 1240//1240 1239//1239
f 1270//1270 1271//1271 1272//1272
f 1272//1272 1271//1271 1273//1273
f 1272//1272 1273//1273 1274//1274
f 1274//1274 1273//1273 1275//1275
f 1275//1275 1273//1273 1276//1276
f 1276//1276 1273//1273 1277//1277
f 1276//1276 1277//1277 1052//1052
f 1052//1052 1277//1277 1037//1037
f 1273//1273 1278//1278 1277//1277
f 1277//1277 1278//1278 1279//1279
f 1277//1277 1279//1279 1280//1280
f 1276//1276 1052//1052 1281//1281
f 1281//1281 1052//1052 1053//1053
f 1037//1037 1277//1277 1038//1038
f 1038//1038 1277//1277 1282//1282
f 1257//1257 1258//1258 1256//1256
f 1256//1256 1258//1258 1259//1259
f 1256//1256 1259//1259 1262//1262
f 1262//1262 1259//1259 1260//1260
f 1262//1262 1260//1260 1261//1261
f 1262//1262 1233//1233 1256//1256
f 1256//1256 1233//1233 1231//1231
f 1246//1246 1234//1234 1262//1262
f 1262//1262 1234//1234 1233//1233
f 1283//1283 1284//1284 1285//1285
f 1285//1285 1284//1284 1286//1286
f 1286//1286 1287//1287 1285//1285
f 1285//1285 1287//1287 1288//1288
f 1285//1285 1288//1288 1289//1289
f 1285//1285 1289//1289 1290//1290
f 1290//1290 1289//1289 1041//1041
f 1290//1290 1041//1041 1040//1040
f 1291//1291 1292//1292 1290//1290
f 1290//1290 1292//1292 1293//1293
f 1290//1290 1293//1293 1285//1285
f 1290//1290 1040//1040 1294//1294
f 1294//1294 1040//1040 1039//1039
f 1041//1041 1289//1289 1042//1042
f 1042//1042 1289//1289 1295//1295
f 1296//1296 1297//1297 1298//1298
f 1298//1298 1297//1297 1299//1299
f 1298//1298 1299//1299 1300//1300
f 1300//1300 1299//1299 1301//1301
f 1300//1300 1301//1301 1302//1302
f 1302//1302 1301//1301 1303//1303
f 1302//1302 1303//1303 1304//1304
f 1304//1304 1303//1303 1305//1305
f 1304//1304 1305//1305 1306//1306
f 1306//1306 1305//1305 1307//1307
f 1306//1306 1307//1307 1308//1308
f 1308//1308 1307//1307 1309//1309
f 1308//1308 1309//1309 1310//1310
f 1310//1310 1309//1309 1311//1311
f 1310//1310 1311//1311 1312//1312
f 1312//1312 1311//1311 1313//1313
f 1312//1312 1313//1313 1314//1314
f 1314//1314 1313//1313 1315//1315
f 1314//1314 1315//1315 1316//1316
f 1316//1316 1315//1315 1317//1317
f 1316//1316 1317//1317 1318//1318
f 1318//1318 1317//1317 1319//1319
f 1318//1318 1319//1319 1320//1320
f 1320//1320 1319//1319 1321//1321
f 1320//1320 1321//1321 1322//1322
f 1322//1322 1321//1321 1323//1323
f 1322//1322 1323//1323 1324//1324
f 1324//1324 1323//1323 1325//1325
f 1324//1324 1325//1325 1326//1326
f 1326//1326 1325//1325 1327//1327
f 1326//1326 1327//1327 1328//1328
f 1328//1328 1327//1327 1329//1329
f 1328//1328 1329//1329 1330//1330
f 1330//1330 1329//1329 1331//1331
f 1330//1330 1331//1331 1332//1332
f 1330//1330 1332//1332 1333//1333
f 1333//1333 1332//1332 1334//1334
f 1333//1333 1334//1334 1335//1335
f 1335//1335 1334//1334 1336//1336
f 1335//1335 1336//1336 1337//1337
f 1337//1337 1336//1336 1338//1338
f 1337//1337 1338//1338 1339//1339
f 1339//1339 1338//1338 1340//1340
f 1339//1339 1340//1340 1341//1341
f 1341//1341 1340//1340 1342//1342
f 1341//1341 1342//1342 1343//1343
f 1343//1343 1342//1342 1344//1344
f 1343//1343 1344//1344 1345//1345
f 1345//1345 1344//1344 1346//1346
f 1345//1345 1346//1346 1347//1347
f 1347//1347 1346//1346 1348//1348
f 1347//1347 1348//1348 1349//1349
f 1349//1349 1348//1348 1350//1350
f 1349//1349 1350//1350 1351//1351
f 1351//1351 1350//1350 1352//1352
f 1351//1351 1352//1352 1353//1353
f 1353//1353 1352//1352 1354//1354
f 1353//1353 1354//1354 1355//1355
f 1355//1355 1354//1354 1356//1356
f 1355//1355 1356//1356 1357//1357
f 1357//1357 1356//1356 1358//1358
f 1357//1357 1358//1358 1359//1359
f 1359//1359 1358//1358 1360//1360
f 1359//1359 1360//1360 1361//1361
f 1361//1361 1360//1360 1296//1296
f 1361//1361 1296//1296 1298//1298
f 1300//1300 1362//1362 1298//1298
f 1298//1298 1362//1362 1363//1363
f 1298//1298 1363//1363 1361//1361
f 1361//1361 1363//1363 1364//1364
f 1361//1361 1364//1364 1365//1365
f 1300//1300 1302//1302 1362//1362
f 1362//1362 1302//1302 1366//1366
f 1366//1366 1302//1302 1304//1304
f 1366//1366 1304//1304 1367//1367
f 1367//1367 1304//1304 1306//1306
f 1367//1367 1306//1306 1368//1368
f 1368//1368 1306//1306 1308//1308
f 1368//1368 1308//1308 1369//1369
f 1369//1369 1308//1308 1310//1310
f 1369//1369 1310//1310 1370//1370
f 1370//1370 1310//1310 1312//1312
f 1370//1370 1312//1312 1371//1371
f 1371//1371 1312//1312 1314//1314
f 1371//1371 1314//1314 1372//1372
f 1372//1372 1314//1314 1316//1316
f 1372//1372 1316//1316 1373//1373
f 1373//1373 1316//1316 1318//1318
f 1373//1373 1318//1318 1374//1374
f 1374//1374 1318//1318 1320//1320
f 1374//1374 1320//1320 1375//1375
f 1375//1375 1320//1320 1322//1322
f 1375//1375 1322//1322 1376//1376
f 1376//1376 1322//1322 1324//1324
f 1376//1376 1324//1324 1377//1377
f 1377//1377 1324//1324 1326//1326
f 1377//1377 1326//1326 1378//1378
f 1378//1378 1326//1326 1328//1328
f 1378//1378 1328//1328 1379//1379
f 1379//1379 1328//1328 1330//1330
f 1379//1379 1330//1330 1380//1380
f 1380//1380 1330//1330 1333//1333
f 1380//1380 1333//1333 1381//1381
f 1381//1381 1333//1333 1335//1335
f 1381//1381 1335//1335 1382//1382
f 1382//1382 1335//1335 1337//1337
f 1382//1382 1337//1337 1383//1383
f 1383//1383 1337//1337 1339//1339
f 1383//1383 1339//1339 1384//1384
f 1384//1384 1339//1339 1341//1341
f 1384//1384 1341//1341 1385//1385
f 1385//1385 1341//1341 1343//1343
f 1385//1385 1343//1343 1386//1386
f 1386//1386 1343//1343 1345//1345
f 1386//1386 1345//1345 1387//1387
f 1387//1387 1345//1345 1347//1347
f 1387//1387 1347//1347 1388//1388
f 1388//1388 1347//1347 1349//1349
f 1388//1388 1349//1349 1389//1389
f 1389//1389 1349//1349 1351//1351
f 1389//1389 1351//1351 1390//1390
f 1390//1390 1351//1351 1353//1353
f 1390//1390 1353//1353 1391//1391
f 1391//1391 1353//1353 1355//1355
f 1391//1391 1355//1355 1392//1392
f 1392//1392 1355//1355 1357//1357
f 1392//1392 1357//1357 1393//1393
f 1393//1393 1357//1357 1359//1359
f 1393//1393 1359//1359 1365//1365
f 1365//1365 1359//1359 1361//1361
f 1274//1274 1394//1394 1272//1272
f 1272//1272 1394//1394 1395//1395
f 1272//1272 1395//1395 1396//1396
f 1396//1396 1395//1395 1397//1397
f 1396//1396 1397//1397 1398//1398
f 1398//1398 1397//1397 1399//1399
f 1399//1399 1397//1397 1400//1400
f 1399//1399 1400//1400 1401//1401
f 1401//1401 1400//1400 1278//1278
f 1278//1278 1400//1400 1402//1402
f 1278//1278 1402//1402 1279//1279
f 1279//1279 1402//1402 1280//1280
f 1280//1280 1402//1402 1282//1282
f 1280//1280 1282//1282 1277//1277
f 1274//1274 1275//1275 1394//1394
f 1394//1394 1275//1275 1281//1281
f 1281//1281 1275//1275 1276//1276
f 1396//1396 1270//1270 1272//1272
f 1283//1283 1403//1403 1284//1284
f 1284//1284 1403//1403 1329//1329
f 1284//1284 1329//1329 1327//1327
f 1329//1329 1403//1403 1331//1331
f 1331//1331 1403//1403 1404//1404
f 1331//1331 1404//1404 1332//1332
f 1332//1332 1404//1404 1405//1405
f 1332//1332 1405//1405 1334//1334
f 1334//1334 1405//1405 1406//1406
f 1334//1334 1406//1406 1336//1336
f 1336//1336 1406//1406 1407//1407
f 1336//1336 1407//1407 1338//1338
f 1338//1338 1407//1407 1408//1408
f 1338//1338 1408//1408 1340//1340
f 1340//1340 1408//1408 1409//1409
f 1340//1340 1409//1409 1342//1342
f 1342//1342 1409//1409 1410//1410
f 1342//1342 1410//1410 1344//1344
f 1344//1344 1410//1410 1411//1411
f 1344//1344 1411//1411 1346//1346
f 1346//1346 1411//1411 1412//1412
f 1346//1346 1412//1412 1413//1413
f 1346//1346 1413//1413 1348//1348
f 1348//1348 1413//1413 1414//1414
f 1348//1348 1414//1414 1350//1350
f 1350//1350 1414//1414 1415//1415
f 1350//1350 1415//1415 1352//1352
f 1352//1352 1415//1415 1416//1416
f 1352//1352 1416//1416 1354//1354
f 1354//1354 1416//1416 1417//1417
f 1354//1354 1417//1417 1356//1356
f 1356//1356 1417//1417 1418//1418
f 1356//1356 1418//1418 1358//1358
f 1358//1358 1418//1418 1419//1419
f 1358//1358 1419//1419 1360//1360
f 1360//1360 1419//1419 1420//1420
f 1360//1360 1420//1420 1296//1296
f 1296//1296 1420//1420 1421//1421
f 1296//1296 1421//1421 1297//1297
f 1297//1297 1421//1421 1422//1422
f 1297//1297 1422//1422 1299//1299
f 1299//1299 1422//1422 1271//1271
f 1299//1299 1271//1271 1270//1270
f 1299//1299 1270//1270 1301//1301
f 1301//1301 1270//1270 1396//1396
f 1301//1301 1396//1396 1398//1398
f 1398//1398 1399//1399 1301//1301
f 1301//1301 1399//1399 1303//1303
f 1303//1303 1399//1399 1401//1401
f 1303//1303 1401//1401 1423//1423
f 1303//1303 1423//1423 1305//1305
f 1305//1305 1423//1423 1424//1424
f 1305//1305 1424//1424 1307//1307
f 1307//1307 1424//1424 1425//1425
f 1307//1307 1425//1425 1309//1309
f 1309//1309 1425//1425 1426//1426
f 1309//1309 1426//1426 1311//1311
f 1311//1311 1426//1426 1427//1427
f 1311//1311 1427//1427 1313//1313
f 1313//1313 1427//1427 1428//1428
f 1313//1313 1428//1428 1315//1315
f 1315//1315 1428//1428 1429//1429
f 1315//1315 1429//1429 1317//1317
f 1317//1317 1429//1429 1430//1430
f 1317//1317 1430//1430 1319//1319
f 1319//1319 1430//1430 1431//1431
f 1319//1319 1431//1431 1321//1321
f 1321//1321 1431//1431 1432//1432
f 1321//1321 1432//1432 1323//1323
f 1323//1323 1432//1432 1433//1433
f 1323//1323 1433//1433 1325//1325
f 1325//1325 1433//1433 1434//1434
f 1325//1325 1434//1434 1435//1435
f 1435//1435 1436//1436 1325//1325
f 1325//1325 1436//1436 1327//1327
f 1327//1327 1436//1436 1437//1437
f 1327//1327 1437//1437 1284//1284
f 1292//1292 1438//1438 1293//1293
f 1293//1293 1438//1438 1439//1439
f 1293//1293 1439//1439 1435//1435
f 1435//1435 1439//1439 1440//1440
f 1435//1435 1440//1440 1436//1436
f 1436//1436 1440//1440 1437//1437
f 1437//1437 1440//1440 1441//1441
f 1437//1437 1441//1441 1284//1284
f 1284//1284 1441//1441 1286//1286
f 1286//1286 1441//1441 1442//1442
f 1286//1286 1442//1442 1287//1287
f 1287//1287 1442//1442 1288//1288
f 1288//1288 1442//1442 1295//1295
f 1288//1288 1295//1295 1289//1289
f 1292//1292 1291//1291 1438//1438
f 1438//1438 1291//1291 1294//1294
f 1294//1294 1291//1291 1290//1290
f 1435//1435 1434//1434 1293//1293
f 1364//1364 1363//1363 1443//1443
f 1443//1443 1363//1363 1362//1362
f 1443//1443 1362//1362 1366//1366
f 1366//1366 1367//1367 1443//1443
f 1443//1443 1367//1367 1368//1368
f 1443//1443 1368//1368 1369//1369
f 1369//1369 1370//1370 1443//1443
f 1443//1443 1370//1370 1444//1444
f 1444//1444 1370//1370 1371//1371
f 1444//1444 1371//1371 1372//1372
f 1444//1444 1372//1372 1445//1445
f 1445//1445 1372//1372 1373//1373
f 1445//1445 1373//1373 1374//1374
f 1445//1445 1374//1374 1446//1446
f 1446//1446 1374//1374 1375//1375
f 1446//1446 1375//1375 1376//1376
f 1376//1376 1377//1377 1446//1446
f 1446//1446 1377//1377 1378//1378
f 1446//1446 1378//1378 1379//1379
f 1379//1379 1380//1380 1446//1446
f 1446//1446 1380//1380 1381//1381
f 1446//1446 1381//1381 1447//1447
f 1447//1447 1381//1381 1382//1382
f 1447//1447 1382//1382 1383//1383
f 1447//1447 1383//1383 1448//1448
f 1448//1448 1383//1383 1384//1384
f 1448//1448 1384//1384 1385//1385
f 1448//1448 1385//1385 1449//1449
f 1449//1449 1385//1385 1386//1386
f 1449//1449 1386//1386 1387//1387
f 1449//1449 1387//1387 1450//1450
f 1450//1450 1387//1387 1388//1388
f 1450//1450 1388//1388 1389//1389
f 1450//1450 1389//1389 1451//1451
f 1451//1451 1389//1389 1390//1390
f 1451//1451 1390//1390 1391//1391
f 1451//1451 1391//1391 1452//1452
f 1452//1452 1391//1391 1392//1392
f 1452//1452 1392//1392 1393//1393
f 1452//1452 1393//1393 1453//1453
f 1453//1453 1393//1393 1365//1365
f 1453//1453 1365//1365 1364//1364
f 1453//1453 1364//1364 1443//1443
f 1454//1454 1422//1422 1455//1455
f 1455//1455 1422//1422 1421//1421
f 1455//1455 1421//1421 1456//1456
f 1456//1456 1421//1421 1420//1420
f 1456//1456 1420//1420 1457//1457
f 1457//1457 1420//1420 1419//1419
f 1457//1457 1419//1419 1458//1458
f 1458//1458 1419//1419 1418//1418
f 1458//1458 1418//1418 1459//1459
f 1459//1459 1418//1418 1417//1417
f 1459//1459 1417//1417 1460//1460
f 1460//1460 1417//1417 1416//1416
f 1460//1460 1416//1416 1461//1461
f 1461//1461 1416//1416 1415//1415
f 1461//1461 1415//1415 1462//1462
f 1462//1462 1415//1415 1414//1414
f 1462//1462 1414//1414 1463//1463
f 1463//1463 1414//1414 1464//1464
f 1464//1464 1414//1414 1413//1413
f 1464//1464 1413//1413 1465//1465
f 1465//1465 1413//1413 1412//1412
f 1465//1465 1412//1412 1466//1466
f 1466//1466 1412//1412 1411//1411
f 1466//1466 1411//1411 1467//1467
f 1467//1467 1411//1411 1410//1410
f 1467//1467 1410//1410 1468//1468
f 1468//1468 1410//1410 1409//1409
f 1468//1468 1409//1409 1469//1469
f 1469//1469 1409//1409 1408//1408
f 1469//1469 1408//1408 1470//1470
f 1470//1470 1408//1408 1407//1407
f 1470//1470 1407//1407 1471//1471
f 1471//1471 1407//1407 1472//1472
f 1472//1472 1407//1407 1406//1406
f 1472//1472 1406//1406 1473//1473
f 1473//1473 1406//1406 1405//1405
f 1473//1473 1405//1405 1474//1474
f 1474//1474 1405//1405 1404//1404
f 1474//1474 1404//1404 1475//1475
f 1475//1475 1404//1404 1403//1403
f 1475//1475 1403//1403 1476//1476
f 1476//1476 1403//1403 1283//1283
f 1476//1476 1283//1283 1477//1477
f 1477//1477 1283//1283 1434//1434
f 1477//1477 1434//1434 1478//1478
f 1478//1478 1434//1434 1433//1433
f 1478//1478 1433//1433 1479//1479
f 1479//1479 1433//1433 1432//1432
f 1479//1479 1432//1432 1480//1480
f 1480//1480 1432//1432 1431//1431
f 1480//1480 1431//1431 1481//1481
f 1481//1481 1431//1431 1482//1482
f 1482//1482 1431//1431 1430//1430
f 1482//1482 1430//1430 1483//1483
f 1483//1483 1430//1430 1429//1429
f 1483//1483 1429//1429 1484//1484
f 1484//1484 1429//1429 1428//1428
f 1484//1484 1428//1428 1485//1485
f 1485//1485 1428//1428 1427//1427
f 1485//1485 1427//1427 1486//1486
f 1486//1486 1427//1427 1426//1426
f 1486//1486 1426//1426 1487//1487
f 1487//1487 1426//1426 1425//1425
f 1487//1487 1425//1425 1488//1488
f 1488//1488 1425//1425 1424//1424
f 1488//1488 1424//1424 1489//1489
f 1489//1489 1424//1424 1423//1423
f 1489//1489 1423//1423 1490//1490
f 1490//1490 1423//1423 1401//1401
f 1490//1490 1401//1401 1491//1491
f 1491//1491 1401//1401 1271//1271
f 1491//1491 1271//1271 1492//1492
f 1492//1492 1271//1271 1422//1422
f 1492//1492 1422//1422 1454//1454
f 1283//1283 1285//1285 1434//1434
f 1434//1434 1285//1285 1293//1293
f 1278//1278 1273//1273 1401//1401
f 1401//1401 1273//1273 1271//1271
f 1235//1235 1117//1117 1236//1236
f 1236//1236 1117//1117 1096//1096
f 1402//1402 1444//1444 1282//1282
f 1282//1282 1444//1444 1036//1036
f 1282//1282 1036//1036 1038//1038
f 1402//1402 1400//1400 1444//1444
f 1444//1444 1400//1400 1397//1397
f 1444//1444 1397//1397 1443//1443
f 1443//1443 1397//1397 1395//1395
f 1443//1443 1395//1395 1394//1394
f 1394//1394 1281//1281 1443//1443
f 1443//1443 1281//1281 1051//1051
f 1051//1051 1281//1281 1053//1053
f 1443//1443 1051//1051 1453//1453
f 1453//1453 1051//1051 1050//1050
f 1453//1453 1050//1050 1452//1452
f 1452//1452 1050//1050 1049//1049
f 1452//1452 1049//1049 1451//1451
f 1451//1451 1049//1049 1048//1048
f 1451//1451 1048//1048 1450//1450
f 1450//1450 1048//1048 1047//1047
f 1450//1450 1047//1047 1449//1449
f 1449//1449 1047//1047 1046//1046
f 1449//1449 1046//1046 1448//1448
f 1448//1448 1046//1046 1045//1045
f 1448//1448 1045//1045 1447//1447
f 1447//1447 1045//1045 1044//1044
f 1447//1447 1044//1044 1446//1446
f 1446//1446 1044//1044 1043//1043
f 1442//1442 1446//1446 1295//1295
f 1295//1295 1446//1446 1043//1043
f 1295//1295 1043//1043 1042//1042
f 1442//1442 1441//1441 1446//1446
f 1446//1446 1441//1441 1440//1440
f 1446//1446 1440//1440 1445//1445
f 1445//1445 1440//1440 1439//1439
f 1445//1445 1439//1439 1438//1438
f 1438//1438 1294//1294 1445//1445
f 1445//1445 1294//1294 1035//1035
f 1035//1035 1294//1294 1039//1039
f 1445//1445 1035//1035 1444//1444
f 1444//1444 1035//1035 1036//1036
f 1189//1189 1454//1454 1187//1187
f 1187//1187 1454//1454 1455//1455
f 1187//1187 1455//1455 1185//1185
f 1185//1185 1455//1455 1456//1456
f 1185//1185 1456//1456 1183//1183
f 1183//1183 1456//1456 1457//1457
f 1183//1183 1457//1457 1181//1181
f 1181//1181 1457//1457 1458//1458
f 1181//1181 1458//1458 1179//1179
f 1179//1179 1458//1458 1459//1459
f 1179//1179 1459//1459 1176//1176
f 1176//1176 1459//1459 1460//1460
f 1176//1176 1460//1460 1174//1174
f 1174//1174 1460//1460 1461//1461
f 1174//1174 1461//1461 1172//1172
f 1172//1172 1461//1461 1462//1462
f 1172//1172 1462//1462 1170//1170
f 1170//1170 1462//1462 1463//1463
f 1170//1170 1463//1463 1167//1167
f 1167//1167 1463//1463 1464//1464
f 1167//1167 1464//1464 1165//1165
f 1165//1165 1464//1464 1465//1465
f 1165//1165 1465//1465 1163//1163
f 1163//1163 1465//1465 1466//1466
f 1163//1163 1466//1466 1161//1161
f 1161//1161 1466//1466 1467//1467
f 1161//1161 1467//1467 1158//1158
f 1158//1158 1467//1467 1468//1468
f 1158//1158 1468//1468 1156//1156
f 1156//1156 1468//1468 1469//1469
f 1156//1156 1469//1469 1154//1154
f 1154//1154 1469//1469 1470//1470
f 1154//1154 1470//1470 1152//1152
f 1152//1152 1470//1470 1471//1471
f 1152//1152 1471//1471 1150//1150
f 1150//1150 1471//1471 1472//1472
f 1150//1150 1472//1472 1147//1147
f 1147//1147 1472//1472 1473//1473
f 1147//1147 1473//1473 1145//1145
f 1145//1145 1473//1473 1474//1474
f 1145//1145 1474//1474 1143//1143
f 1143//1143 1474//1474 1475//1475
f 1143//1143 1475//1475 1137//1137
f 1137//1137 1475//1475 1476//1476
f 1137//1137 1476//1476 1135//1135
f 1135//1135 1476//1476 1477//1477
f 1135//1135 1477//1477 1133//1133
f 1133//1133 1477//1477 1478//1478
f 1133//1133 1478//1478 1130//1130
f 1130//1130 1478//1478 1479//1479
f 1130//1130 1479//1479 1128//1128
f 1128//1128 1479//1479 1480//1480
f 1128//1128 1480//1480 1126//1126
f 1126//1126 1480//1480 1481//1481
f 1126//1126 1481//1481 1124//1124
f 1124//1124 1481//1481 1482//1482
f 1124//1124 1482//1482 1123//1123
f 1123//1123 1482//1482 1483//1483
f 1123//1123 1483//1483 1118//1118
f 1118//1118 1483//1483 1484//1484
f 1118//1118 1484//1484 1119//1119
f 1119//1119 1484//1484 1485//1485
f 1119//1119 1485//1485 1098//1098
f 1098//1098 1485//1485 1486//1486
f 1098//1098 1486//1486 1100//1100
f 1100//1100 1486//1486 1487//1487
f 1100//1100 1487//1487 1103//1103
f 1103//1103 1487//1487 1488//1488
f 1103//1103 1488//1488 1105//1105
f 1105//1105 1488//1488 1489//1489
f 1105//1105 1489//1489 1107//1107
f 1107//1107 1489//1489 1490//1490
f 1107//1107 1490//1490 1109//1109
f 1109//1109 1490//1490 1491//1491
f 1109//1109 1491//1491 1111//1111
f 1111//1111 1491//1491 1492//1492
f 1111//1111 1492//1492 1189//1189
f 1189//1189 1492//1492 1454//1454
f 1095//1095 1493//1493 1055//1055
f 1055//1055 1493//1493 1060//1060
f 1060//1060 1493//1493 1494//1494
f 1060//1060 1494//1494 1192//1192
f 1192//1192 1494//1494 1120//1120
f 1495//1495 1496//1496 1497//1497
f 1497//1497 1496//1496 1498//1498
f 1498//1498 1496//1496 1499//1499
f 1498//1498 1499//1499 1500//1500
f 1500//1500 1499//1499 1501//1501
f 1495//1495 1502//1502 1496//1496
f 1496//1496 1502//1502 1503//1503
f 1503//1503 1502//1502 1504//1504
f 1503//1503 1504//1504 1505//1505
f 1505//1505 1504//1504 1506//1506
f 1505//1505 1506//1506 1507//1507
f 1505//1505 1507//1507 1508//1508
f 1508//1508 1507//1507 1509//1509
f 1508//1508 1509//1509 1510//1510
f 1508//1508 1510//1510 1511//1511
f 1511//1511 1510//1510 1512//1512
f 1511//1511 1512//1512 1513//1513
f 1227//1227 1230//1230 1513//1513
f 1513//1513 1230//1230 1511//1511
f 260//260 1514//1514 257//257
f 257//257 1514//1514 1515//1515
f 257//257 1515//1515 258//258
f 258//258 1515//1515 1516//1516
f 258//258 1516//1516 234//234
f 234//234 1516//1516 1517//1517
f 234//234 1517//1517 235//235
f 235//235 1517//1517 1518//1518
f 235//235 1518//1518 236//236
f 236//236 1518//1518 1519//1519
f 236//236 1519//1519 237//237
f 237//237 1519//1519 1520//1520
f 237//237 1520//1520 238//238
f 238//238 1520//1520 1521//1521
f 238//238 1521//1521 239//239
f 239//239 1521//1521 1522//1522
f 239//239 1522//1522 240//240
f 240//240 1522//1522 1523//1523
f 240//240 1523//1523 241//241
f 241//241 1523//1523 1524//1524
f 241//241 1524//1524 243//243
f 243//243 1524//1524 1525//1525
f 243//243 1525//1525 245//245
f 245//245 1525//1525 1526//1526
f 245//245 1526//1526 247//247
f 247//247 1526//1526 1527//1527
f 247//247 1527//1527 250//250
f 250//250 1527//1527 1528//1528
f 250//250 1528//1528 261//261
f 261//261 1528//1528 1529//1529
f 261//261 1529//1529 259//259
f 259//259 1529//1529 1530//1530
f 259//259 1530//1530 260//260
f 260//260 1530//1530 1514//1514
f 314//314 1531//1531 312//312
f 312//312 1531//1531 1532//1532
f 312//312 1532//1532 311//311
f 311//311 1532//1532 1533//1533
f 311//311 1533//1533 309//309
f 309//309 1533//1533 1534//1534
f 309//309 1534//1534 308//308
f 308//308 1534//1534 1535//1535
f 308//308 1535//1535 305//305
f 305//305 1535//1535 1536//1536
f 305//305 1536//1536 335//335
f 335//335 1536//1536 1537//1537
f 335//335 1537//1537 333//333
f 333//333 1537//1537 1538//1538
f 333//333 1538//1538 331//331
f 331//331 1538//1538 1539//1539
f 331//331 1539//1539 329//329
f 329//329 1539//1539 1540//1540
f 329//329 1540//1540 327//327
f 327//327 1540//1540 1541//1541
f 327//327 1541//1541 325//325
f 325//325 1541//1541 1542//1542
f 325//325 1542//1542 323//323
f 323//323 1542//1542 1543//1543
f 323//323 1543//1543 320//320
f 320//320 1543//1543 1544//1544
f 320//320 1544//1544 317//317
f 317//317 1544//1544 1545//1545
f 317//317 1545//1545 316//316
f 316//316 1545//1545 1546//1546
f 316//316 1546//1546 315//315
f 315//315 1546//1546 1547//1547
f 315//315 1547//1547 314//314
f 314//314 1547//1547 1531//1531
f 891//891 1178//1178 890//890
f 890//890 1178//1178 1177//1177
f 890//890 1177//1177 888//888
f 888//888 1177//1177 1175//1175
f 888//888 1175//1175 886//886
f 886//886 1175//1175 1173//1173
f 886//886 1173//1173 884//884
f 884//884 1173//1173 1171//1171
f 884//884 1171//1171 882//882
f 882//882 1171//1171 1169//1169
f 882//882 1169//1169 880//880
f 880//880 1169//1169 1168//1168
f 880//880 1168//1168 877//877
f 877//877 1168//1168 1166//1166
f 877//877 1166//1166 875//875
f 875//875 1166//1166 1164//1164
f 875//875 1164//1164 873//873
f 873//873 1164//1164 1162//1162
f 873//873 1162//1162 871//871
f 871//871 1162//1162 1160//1160
f 871//871 1160//1160 869//869
f 869//869 1160//1160 1159//1159
f 869//869 1159//1159 867//867
f 867//867 1159//1159 1157//1157
f 867//867 1157//1157 845//845
f 845//845 1157//1157 1155//1155
f 845//845 1155//1155 846//846
f 846//846 1155//1155 1153//1153
f 1092//1092 1548//1548 1241//1241
f 1241//1241 1548//1548 1549//1549
f 1549//1549 1548//1548 1550//1550
f 1549//1549 1550//1550 1551//1551
f 1549//1549 1551//1551 1552//1552
f 1552//1552 1551//1551 1553//1553
f 1552//1552 1553//1553 1554//1554
f 1552//1552 1554//1554 1555//1555
f 1555//1555 1554//1554 1556//1556
f 1555//1555 1556//1556 1557//1557
f 1555//1555 1557//1557 1558//1558
f 1558//1558 1557//1557 1559//1559
f 1558//1558 1559//1559 1560//1560
f 1560//1560 1559//1559 1561//1561
f 1561//1561 1562//1562 1560//1560
f 1560//1560 1562//1562 1563//1563
f 1560//1560 1563//1563 1564//1564
f 1564//1564 1563//1563 1565//1565
f 1564//1564 1565//1565 1566//1566
f 1077//1077 1567//1567 1079//1079
f 1079//1079 1567//1567 1568//1568
f 1079//1079 1568//1568 1080//1080
f 1080//1080 1568//1568 1569//1569
f 1080//1080 1569//1569 1082//1082
f 1082//1082 1569//1569 1570//1570
f 1082//1082 1570//1570 1084//1084
f 1084//1084 1570//1570 1571//1571
f 1084//1084 1571//1571 1086//1086
f 1086//1086 1571//1571 1572//1572
f 1086//1086 1572//1572 1088//1088
f 1088//1088 1572//1572 1573//1573
f 1088//1088 1573//1573 1091//1091
f 1091//1091 1573//1573 1574//1574
f 1091//1091 1574//1574 1093//1093
f 1568//1568 1567//1567 1575//1575
f 1575//1575 1567//1567 1576//1576
f 1575//1575 1576//1576 1577//1577
f 1577//1577 1576//1576 1578//1578
f 1577//1577 1578//1578 1579//1579
f 1579//1579 1578//1578 1580//1580
f 1579//1579 1580//1580 1581//1581
f 1581//1581 1580//1580 1582//1582
f 1581//1581 1582//1582 1583//1583
f 1583//1583 1582//1582 1584//1584
f 1583//1583 1584//1584 1585//1585
f 1580//1580 1578//1578 1582//1582
f 1582//1582 1578//1578 1584//1584
f 1583//1583 1585//1585 1581//1581
f 1581//1581 1585//1585 1586//1586
f 1581//1581 1586//1586 1587//1587
f 1587//1587 1586//1586 1588//1588
f 1587//1587 1588//1588 1589//1589
f 1589//1589 1588//1588 1590//1590
f 1589//1589 1590//1590 1575//1575
f 1575//1575 1590//1590 1568//1568
f 1586//1586 1591//1591 1588//1588
f 1588//1588 1591//1591 1592//1592
f 1588//1588 1592//1592 1590//1590
f 1590//1590 1592//1592 1569//1569
f 1590//1590 1569//1569 1568//1568
f 1574//1574 1572//1572 1591//1591
f 1591//1591 1572//1572 1593//1593
f 1591//1591 1593//1593 1592//1592
f 1592//1592 1593//1593 1570//1570
f 1592//1592 1570//1570 1569//1569
f 1593//1593 1572//1572 1571//1571
f 1571//1571 1570//1570 1593//1593
f 1574//1574 1573//1573 1572//1572
f 1587//1587 1589//1589 1577//1577
f 1577//1577 1589//1589 1575//1575
f 1577//1577 1579//1579 1587//1587
f 1587//1587 1579//1579 1581//1581
f 1077//1077 1594//1594 1567//1567
f 1567//1567 1594//1594 1595//1595
f 1567//1567 1595//1595 1576//1576
f 1576//1576 1595//1595 1596//1596
f 1576//1576 1596//1596 1597//1597
f 1595//1595 1598//1598 1596//1596
f 1597//1597 1578//1578 1576//1576
f 1071//1071 1599//1599 1073//1073
f 1073//1073 1599//1599 1600//1600
f 1073//1073 1600//1600 1074//1074
f 1074//1074 1600//1600 1594//1594
f 1074//1074 1594//1594 1076//1076
f 1076//1076 1594//1594 1077//1077
f 1599//1599 1601//1601 1600//1600
f 1600//1600 1601//1601 1602//1602
f 1600//1600 1602//1602 1595//1595
f 1595//1595 1602//1602 1598//1598
f 1602//1602 1601//1601 1603//1603
f 1603//1603 1601//1601 1604//1604
f 1603//1603 1604//1604 1605//1605
f 1595//1595 1594//1594 1600//1600
f 1061//1061 1606//1606 1059//1059
f 1059//1059 1606//1606 1607//1607
f 1059//1059 1607//1607 1057//1057
f 1057//1057 1607//1607 1058//1058
f 1058//1058 1607//1607 1608//1608
f 1058//1058 1608//1608 1063//1063
f 1063//1063 1608//1608 1609//1609
f 1063//1063 1609//1609 1065//1065
f 1065//1065 1609//1609 1610//1610
f 1065//1065 1610//1610 1067//1067
f 1067//1067 1610//1610 1069//1069
f 1069//1069 1610//1610 1599//1599
f 1069//1069 1599//1599 1071//1071
f 1606//1606 1611//1611 1607//1607
f 1607//1607 1611//1611 1612//1612
f 1607//1607 1612//1612 1613//1613
f 1611//1611 1614//1614 1612//1612
f 1607//1607 1613//1613 1608//1608
f 1608//1608 1613//1613 1615//1615
f 1608//1608 1615//1615 1609//1609
f 1609//1609 1615//1615 1616//1616
f 1609//1609 1616//1616 1610//1610
f 1610//1610 1616//1616 1604//1604
f 1610//1610 1604//1604 1601//1601
f 1601//1601 1599//1599 1610//1610
f 1228//1228 1617//1617 1226//1226
f 1226//1226 1617//1617 1618//1618
f 1226//1226 1618//1618 1619//1619
f 1619//1619 1618//1618 1617//1617
f 1619//1619 1617//1617 1620//1620
f 1621//1621 1622//1622 1620//1620
f 1620//1620 1622//1622 1623//1623
f 1620//1620 1623//1623 1619//1619
f 1619//1619 1623//1623 1624//1624
f 1619//1619 1624//1624 1224//1224
f 1224//1224 1624//1624 1220//1220
f 1220//1220 1624//1624 1218//1218
f 1218//1218 1624//1624 1625//1625
f 1218//1218 1625//1625 1216//1216
f 1216//1216 1625//1625 1626//1626
f 1216//1216 1626//1626 1215//1215
f 1215//1215 1626//1626 1627//1627
f 1215//1215 1627//1627 1213//1213
f 1213//1213 1627//1627 1211//1211
f 1211//1211 1627//1627 1628//1628
f 1628//1628 1627//1627 1629//1629
f 1628//1628 1629//1629 1630//1630
f 1630//1630 1629//1629 1631//1631
f 1630//1630 1631//1631 1632//1632
f 1632//1632 1631//1631 1633//1633
f 1632//1632 1633//1633 1634//1634
f 1634//1634 1633//1633 1622//1622
f 1634//1634 1622//1622 1621//1621
f 1634//1634 1621//1621 1635//1635
f 1635//1635 1621//1621 1636//1636
f 1635//1635 1636//1636 1637//1637
f 1637//1637 1636//1636 1638//1638
f 1637//1637 1638//1638 1639//1639
f 1639//1639 1638//1638 1640//1640
f 1639//1639 1640//1640 1641//1641
f 1641//1641 1640//1640 1632//1632
f 1641//1641 1632//1632 1634//1634
f 1640//1640 1630//1630 1632//1632
f 1224//1224 1226//1226 1619//1619
f 1625//1625 1624//1624 1642//1642
f 1642//1642 1624//1624 1623//1623
f 1642//1642 1623//1623 1622//1622
f 1629//1629 1627//1627 1626//1626
f 1626//1626 1625//1625 1643//1643
f 1643//1643 1625//1625 1642//1642
f 1643//1643 1642//1642 1633//1633
f 1633//1633 1642//1642 1622//1622
f 1631//1631 1629//1629 1643//1643
f 1643//1643 1629//1629 1626//1626
f 1631//1631 1643//1643 1633//1633
f 1639//1639 1641//1641 1635//1635
f 1635//1635 1641//1641 1634//1634
f 1637//1637 1639//1639 1635//1635
f 1211//1211 1628//1628 1644//1644
f 1644//1644 1628//1628 1645//1645
f 1645//1645 1628//1628 1630//1630
f 1645//1645 1630//1630 1646//1646
f 1646//1646 1630//1630 1647//1647
f 1647//1647 1630//1630 1640//1640
f 1646//1646 1648//1648 1645//1645
f 1211//1211 1644//1644 1210//1210
f 1210//1210 1644//1644 1208//1208
f 1208//1208 1644//1644 1649//1649
f 1208//1208 1649//1649 1650//1650
f 1650//1650 1649//1649 1651//1651
f 1651//1651 1649//1649 1652//1652
f 1651//1651 1652//1652 1653//1653
f 1653//1653 1652//1652 1654//1654
f 1644//1644 1645//1645 1649//1649
f 1649//1649 1645//1645 1655//1655
f 1649//1649 1655//1655 1652//1652
f 1645//1645 1648//1648 1655//1655
f 1205//1205 1207//1207 1650//1650
f 1650//1650 1207//1207 1208//1208
f 1205//1205 1650//1650 1203//1203
f 1203//1203 1650//1650 1656//1656
f 1203//1203 1656//1656 1201//1201
f 1201//1201 1656//1656 1657//1657
f 1201//1201 1657//1657 1199//1199
f 1199//1199 1657//1657 1658//1658
f 1199//1199 1658//1658 1197//1197
f 1197//1197 1658//1658 1659//1659
f 1197//1197 1659//1659 1195//1195
f 1195//1195 1659//1659 1193//1193
f 1193//1193 1659//1659 1191//1191
f 1191//1191 1659//1659 1606//1606
f 1191//1191 1606//1606 1061//1061
f 1650//1650 1651//1651 1656//1656
f 1656//1656 1651//1651 1660//1660
f 1656//1656 1660//1660 1657//1657
f 1657//1657 1660//1660 1661//1661
f 1657//1657 1661//1661 1658//1658
f 1658//1658 1661//1661 1662//1662
f 1658//1658 1662//1662 1663//1663
f 1651//1651 1653//1653 1660//1660
f 1658//1658 1663//1663 1659//1659
f 1659//1659 1663//1663 1614//1614
f 1659//1659 1614//1614 1611//1611
f 1611//1611 1606//1606 1659//1659
f 1664//1664 1665//1665 1666//1666
f 1666//1666 1665//1665 1667//1667
f 1666//1666 1667//1667 1668//1668
f 1668//1668 1667//1667 1669//1669
f 1668//1668 1669//1669 1670//1670
f 1670//1670 1669//1669 1671//1671
f 1670//1670 1671//1671 1672//1672
f 1672//1672 1671//1671 1673//1673
f 1672//1672 1673//1673 1674//1674
f 1674//1674 1673//1673 1675//1675
f 1674//1674 1675//1675 1676//1676
f 1676//1676 1675//1675 1561//1561
f 1676//1676 1561//1561 1677//1677
f 1677//1677 1561//1561 1559//1559
f 1677//1677 1559//1559 1678//1678
f 1678//1678 1559//1559 1557//1557
f 1678//1678 1557//1557 1679//1679
f 1679//1679 1557//1557 1556//1556
f 1679//1679 1556//1556 1680//1680
f 1680//1680 1556//1556 1554//1554
f 1680//1680 1554//1554 1681//1681
f 1681//1681 1554//1554 1682//1682
f 1681//1681 1682//1682 1683//1683
f 1683//1683 1682//1682 1684//1684
f 1684//1684 1682//1682 1685//1685
f 1685//1685 1682//1682 1553//1553
f 1685//1685 1553//1553 1686//1686
f 1686//1686 1553//1553 1551//1551
f 1686//1686 1551//1551 1687//1687
f 1687//1687 1551//1551 1688//1688
f 1687//1687 1688//1688 1689//1689
f 1689//1689 1688//1688 1690//1690
f 1690//1690 1688//1688 1550//1550
f 1690//1690 1550//1550 1691//1691
f 1691//1691 1550//1550 1548//1548
f 1691//1691 1548//1548 1092//1092
f 1665//1665 1664//1664 1692//1692
f 1692//1692 1664//1664 1693//1693
f 1692//1692 1693//1693 1694//1694
f 1694//1694 1693//1693 1695//1695
f 1694//1694 1695//1695 1696//1696
f 1696//1696 1695//1695 1697//1697
f 1696//1696 1697//1697 1565//1565
f 1565//1565 1697//1697 1566//1566
f 1566//1566 1697//1697 1698//1698
f 1698//1698 1697//1697 1699//1699
f 1699//1699 1697//1697 1695//1695
f 1699//1699 1695//1695 1693//1693
f 1565//1565 1563//1563 1696//1696
f 1696//1696 1563//1563 1700//1700
f 1696//1696 1700//1700 1694//1694
f 1694//1694 1700//1700 1701//1701
f 1694//1694 1701//1701 1702//1702
f 1702//1702 1701//1701 1703//1703
f 1702//1702 1703//1703 1667//1667
f 1667//1667 1703//1703 1669//1669
f 1700//1700 1563//1563 1704//1704
f 1704//1704 1563//1563 1562//1562
f 1704//1704 1562//1562 1705//1705
f 1705//1705 1562//1562 1675//1675
f 1705//1705 1675//1675 1673//1673
f 1562//1562 1561//1561 1675//1675
f 1554//1554 1553//1553 1682//1682
f 1551//1551 1550//1550 1688//1688
f 1092//1092 1094//1094 1691//1691
f 1691//1691 1094//1094 1690//1690
f 1689//1689 1706//1706 1687//1687
f 1687//1687 1706//1706 1686//1686
f 1706//1706 1685//1685 1686//1686
f 1683//1683 1707//1707 1681//1681
f 1681//1681 1707//1707 1708//1708
f 1681//1681 1708//1708 1679//1679
f 1679//1679 1708//1708 1678//1678
f 1709//1709 1710//1710 1707//1707
f 1707//1707 1710//1710 1711//1711
f 1707//1707 1711//1711 1708//1708
f 1708//1708 1711//1711 1712//1712
f 1708//1708 1712//1712 1678//1678
f 1678//1678 1712//1712 1677//1677
f 1668//1668 1670//1670 1709//1709
f 1709//1709 1670//1670 1672//1672
f 1709//1709 1672//1672 1713//1713
f 1713//1713 1672//1672 1674//1674
f 1713//1713 1674//1674 1714//1714
f 1714//1714 1674//1674 1676//1676
f 1714//1714 1676//1676 1677//1677
f 1702//1702 1667//1667 1665//1665
f 1712//1712 1711//1711 1710//1710
f 1700//1700 1704//1704 1701//1701
f 1701//1701 1704//1704 1715//1715
f 1701//1701 1715//1715 1703//1703
f 1703//1703 1715//1715 1671//1671
f 1703//1703 1671//1671 1669//1669
f 1692//1692 1694//1694 1702//1702
f 1702//1702 1665//1665 1692//1692
f 1673//1673 1671//1671 1715//1715
f 1704//1704 1705//1705 1715//1715
f 1715//1715 1705//1705 1673//1673
f 1677//1677 1712//1712 1714//1714
f 1714//1714 1712//1712 1710//1710
f 1714//1714 1710//1710 1713//1713
f 1713//1713 1710//1710 1709//1709
f 1680//1680 1681//1681 1679//1679
f 1566//1566 1698//1698 1716//1716
f 1716//1716 1698//1698 1717//1717
f 1716//1716 1717//1717 1718//1718
f 1718//1718 1717//1717 1719//1719
f 1549//1549 1720//1720 1241//1241
f 1241//1241 1720//1720 1721//1721
f 1241//1241 1721//1721 113//113
f 113//113 1721//1721 901//901
f 901//901 1721//1721 1722//1722
f 901//901 1722//1722 900//900
f 900//900 1722//1722 1723//1723
f 900//900 1723//1723 899//899
f 899//899 1723//1723 1724//1724
f 899//899 1724//1724 1116//1116
f 1116//1116 1724//1724 1725//1725
f 899//899 1116//1116 898//898
f 898//898 1116//1116 1114//1114
f 898//898 1114//1114 897//897
f 897//897 1114//1114 1190//1190
f 897//897 1190//1190 1188//1188
f 897//897 1188//1188 896//896
f 896//896 1188//1188 1186//1186
f 896//896 1186//1186 895//895
f 895//895 1186//1186 1184//1184
f 895//895 1184//1184 894//894
f 894//894 1184//1184 1182//1182
f 894//894 1182//1182 893//893
f 893//893 1182//1182 1180//1180
f 893//893 1180//1180 892//892
f 892//892 1180//1180 1178//1178
f 892//892 1178//1178 891//891
f 1116//1116 1725//1725 1115//1115
f 1115//1115 1725//1725 1726//1726
f 1115//1115 1726//1726 1113//1113
f 1113//1113 1726//1726 1727//1727
f 1113//1113 1727//1727 1112//1112
f 1112//1112 1727//1727 1728//1728
f 1112//1112 1728//1728 1110//1110
f 1110//1110 1728//1728 1729//1729
f 1730//1730 1731//1731 1141//1141
f 1141//1141 1731//1731 860//860
f 1141//1141 860//860 1139//1139
f 1139//1139 860//860 858//858
f 1139//1139 858//858 1142//1142
f 1142//1142 858//858 1144//1144
f 1144//1144 858//858 856//856
f 1144//1144 856//856 1146//1146
f 1146//1146 856//856 854//854
f 1146//1146 854//854 1148//1148
f 1148//1148 854//854 852//852
f 1148//1148 852//852 1149//1149
f 1149//1149 852//852 850//850
f 1149//1149 850//850 1151//1151
f 1151//1151 850//850 848//848
f 1151//1151 848//848 1153//1153
f 1153//1153 848//848 846//846
f 860//860 1731//1731 863//863
f 863//863 1731//1731 1732//1732
f 863//863 1732//1732 864//864
f 864//864 1732//1732 1733//1733
f 864//864 1733//1733 865//865
f 865//865 1733//1733 1734//1734
f 865//865 1734//1734 53//53
f 53//53 1734//1734 1230//1230
f 1230//1230 1734//1734 1735//1735
f 1230//1230 1735//1735 1511//1511
f 1134//1134 1736//1736 1136//1136
f 1136//1136 1736//1736 1737//1737
f 1136//1136 1737//1737 1138//1138
f 1138//1138 1737//1737 1738//1738
f 1138//1138 1738//1738 1140//1140
f 1140//1140 1738//1738 1739//1739
f 1140//1140 1739//1739 1141//1141
f 1141//1141 1739//1739 1730//1730
f 1729//1729 1740//1740 1110//1110
f 1110//1110 1740//1740 1108//1108
f 1108//1108 1740//1740 1741//1741
f 1108//1108 1741//1741 1106//1106
f 1106//1106 1741//1741 1742//1742
f 1106//1106 1742//1742 1104//1104
f 1104//1104 1742//1742 1743//1743
f 1104//1104 1743//1743 1102//1102
f 1102//1102 1743//1743 1744//1744
f 1102//1102 1744//1744 1101//1101
f 1101//1101 1744//1744 1745//1745
f 1101//1101 1745//1745 1099//1099
f 1099//1099 1745//1745 1746//1746
f 1099//1099 1746//1746 1097//1097
f 1097//1097 1746//1746 1747//1747
f 1097//1097 1747//1747 1095//1095
f 1095//1095 1747//1747 1493//1493
f 1493//1493 1747//1747 1748//1748
f 1493//1493 1748//1748 1494//1494
f 1494//1494 1748//1748 1749//1749
f 1494//1494 1749//1749 1120//1120
f 1120//1120 1749//1749 1121//1121
f 1121//1121 1749//1749 1750//1750
f 1121//1121 1750//1750 1122//1122
f 1122//1122 1750//1750 1751//1751
f 1122//1122 1751//1751 1125//1125
f 1125//1125 1751//1751 1752//1752
f 1125//1125 1752//1752 1127//1127
f 1127//1127 1752//1752 1753//1753
f 1127//1127 1753//1753 1129//1129
f 1129//1129 1753//1753 1754//1754
f 1129//1129 1754//1754 1131//1131
f 1131//1131 1754//1754 1755//1755
f 1131//1131 1755//1755 1132//1132
f 1132//1132 1755//1755 1756//1756
f 1132//1132 1756//1756 1134//1134
f 1134//1134 1756//1756 1736//1736
f 1719//1719 1757//1757 1718//1718
f 1718//1718 1757//1757 1758//1758
f 1718//1718 1758//1758 1759//1759
f 1564//1564 1566//1566 1759//1759
f 1759//1759 1566//1566 1716//1716
f 1759//1759 1716//1716 1718//1718
f 1501//1501 1760//1760 1761//1761
f 1761//1761 1760//1760 1762//1762
f 1761//1761 1762//1762 1763//1763
f 1763//1763 1762//1762 1764//1764
f 1763//1763 1764//1764 1765//1765
f 1765//1765 1764//1764 1766//1766
f 1765//1765 1766//1766 1767//1767
f 1767//1767 1766//1766 1768//1768
f 1767//1767 1768//1768 1498//1498
f 1498//1498 1768//1768 1497//1497
f 1497//1497 1768//1768 1769//1769
f 1497//1497 1769//1769 1770//1770
f 1770//1770 1769//1769 1771//1771
f 1770//1770 1771//1771 1772//1772
f 1772//1772 1771//1771 1773//1773
f 1772//1772 1773//1773 1774//1774
f 1774//1774 1773//1773 1775//1775
f 1774//1774 1775//1775 1776//1776
f 1776//1776 1775//1775 1777//1777
f 1776//1776 1777//1777 1778//1778
f 1764//1764 1779//1779 1766//1766
f 1766//1766 1779//1779 1780//1780
f 1766//1766 1780//1780 1781//1781
f 1781//1781 1780//1780 1782//1782
f 1781//1781 1782//1782 1771//1771
f 1771//1771 1782//1782 1773//1773
f 1780//1780 1779//1779 1782//1782
f 1782//1782 1779//1779 1783//1783
f 1782//1782 1783//1783 1784//1784
f 1784//1784 1783//1783 1775//1775
f 1784//1784 1775//1775 1773//1773
f 1783//1783 1777//1777 1775//1775
f 1785//1785 1786//1786 1778//1778
f 1778//1778 1786//1786 1787//1787
f 1778//1778 1787//1787 1788//1788
f 1788//1788 1787//1787 1789//1789
f 1788//1788 1789//1789 1790//1790
f 1790//1790 1789//1789 1791//1791
f 1790//1790 1791//1791 1792//1792
f 1792//1792 1791//1791 1495//1495
f 1792//1792 1495//1495 1497//1497
f 1786//1786 1785//1785 1793//1793
f 1793//1793 1785//1785 1794//1794
f 1793//1793 1794//1794 1795//1795
f 1795//1795 1794//1794 1796//1796
f 1795//1795 1796//1796 1797//1797
f 1797//1797 1796//1796 1507//1507
f 1797//1797 1507//1507 1506//1506
f 1796//1796 1794//1794 1798//1798
f 1798//1798 1794//1794 1799//1799
f 1798//1798 1799//1799 1800//1800
f 1801//1801 1802//1802 1800//1800
f 1800//1800 1802//1802 1509//1509
f 1800//1800 1509//1509 1798//1798
f 1798//1798 1509//1509 1507//1507
f 1798//1798 1507//1507 1796//1796
f 1802//1802 1801//1801 1803//1803
f 1803//1803 1801//1801 1804//1804
f 1803//1803 1804//1804 1805//1805
f 1805//1805 1804//1804 1806//1806
f 1805//1805 1806//1806 1512//1512
f 1512//1512 1806//1806 1807//1807
f 1512//1512 1807//1807 1513//1513
f 1513//1513 1807//1807 1227//1227
f 1227//1227 1807//1807 1229//1229
f 1229//1229 1807//1807 1806//1806
f 1512//1512 1510//1510 1805//1805
f 1805//1805 1510//1510 1803//1803
f 1803//1803 1510//1510 1802//1802
f 1802//1802 1510//1510 1509//1509
f 1797//1797 1506//1506 1808//1808
f 1808//1808 1506//1506 1504//1504
f 1808//1808 1504//1504 1809//1809
f 1809//1809 1504//1504 1502//1502
f 1809//1809 1502//1502 1791//1791
f 1791//1791 1502//1502 1495//1495
f 1767//1767 1498//1498 1763//1763
f 1763//1763 1498//1498 1500//1500
f 1763//1763 1500//1500 1761//1761
f 1761//1761 1500//1500 1501//1501
f 1497//1497 1770//1770 1792//1792
f 1792//1792 1770//1770 1772//1772
f 1792//1792 1772//1772 1790//1790
f 1790//1790 1772//1772 1774//1774
f 1790//1790 1774//1774 1788//1788
f 1788//1788 1774//1774 1776//1776
f 1788//1788 1776//1776 1810//1810
f 1810//1810 1776//1776 1778//1778
f 1810//1810 1778//1778 1788//1788
f 1767//1767 1763//1763 1765//1765
f 1768//1768 1766//1766 1781//1781
f 1773//1773 1782//1782 1784//1784
f 1769//1769 1768//1768 1781//1781
f 1769//1769 1781//1781 1771//1771
f 1809//1809 1791//1791 1789//1789
f 1789//1789 1787//1787 1811//1811
f 1811//1811 1787//1787 1786//1786
f 1811//1811 1786//1786 1795//1795
f 1795//1795 1786//1786 1793//1793
f 1811//1811 1795//1795 1808//1808
f 1808//1808 1795//1795 1797//1797
f 1789//1789 1811//1811 1809//1809
f 1809//1809 1811//1811 1808//1808
f 1812//1812 1813//1813 1814//1814
f 1814//1814 1813//1813 1815//1815
f 1815//1815 1813//1813 1760//1760
f 1815//1815 1760//1760 1501//1501
f 1816//1816 1812//1812 1817//1817
f 1817//1817 1812//1812 1814//1814
f 1817//1817 1814//1814 1815//1815
f 1501//1501 1499//1499 1815//1815
f 1815//1815 1499//1499 1818//1818
f 1815//1815 1818//1818 1817//1817
f 1585//1585 1584//1584 1819//1819
f 1819//1819 1584//1584 1820//1820
f 1820//1820 1584//1584 1578//1578
f 1820//1820 1578//1578 1821//1821
f 1821//1821 1578//1578 1597//1597
f 1821//1821 1597//1597 1822//1822
f 1822//1822 1597//1597 1596//1596
f 1822//1822 1596//1596 1823//1823
f 1823//1823 1596//1596 1598//1598
f 1823//1823 1598//1598 1824//1824
f 1824//1824 1598//1598 1602//1602
f 1824//1824 1602//1602 1825//1825
f 1825//1825 1602//1602 1603//1603
f 1825//1825 1603//1603 1826//1826
f 1826//1826 1603//1603 1605//1605
f 1826//1826 1605//1605 1827//1827
f 1827//1827 1605//1605 1604//1604
f 1827//1827 1604//1604 1828//1828
f 1828//1828 1604//1604 1616//1616
f 1828//1828 1616//1616 1829//1829
f 1829//1829 1616//1616 1615//1615
f 1829//1829 1615//1615 1830//1830
f 1830//1830 1615//1615 1613//1613
f 1830//1830 1613//1613 1831//1831
f 1831//1831 1613//1613 1612//1612
f 1831//1831 1612//1612 1832//1832
f 1832//1832 1612//1612 1614//1614
f 1832//1832 1614//1614 1833//1833
f 1833//1833 1614//1614 1834//1834
f 1834//1834 1614//1614 1663//1663
f 1834//1834 1663//1663 1835//1835
f 1835//1835 1663//1663 1662//1662
f 1835//1835 1662//1662 1836//1836
f 1836//1836 1662//1662 1661//1661
f 1836//1836 1661//1661 1837//1837
f 1837//1837 1661//1661 1660//1660
f 1837//1837 1660//1660 1838//1838
f 1838//1838 1660//1660 1653//1653
f 1838//1838 1653//1653 1839//1839
f 1839//1839 1653//1653 1654//1654
f 1839//1839 1654//1654 1840//1840
f 1840//1840 1654//1654 1652//1652
f 1840//1840 1652//1652 1841//1841
f 1841//1841 1652//1652 1655//1655
f 1841//1841 1655//1655 1842//1842
f 1842//1842 1655//1655 1648//1648
f 1842//1842 1648//1648 1843//1843
f 1843//1843 1648//1648 1646//1646
f 1843//1843 1646//1646 1844//1844
f 1844//1844 1646//1646 1647//1647
f 1844//1844 1647//1647 1845//1845
f 1845//1845 1647//1647 1640//1640
f 1845//1845 1640//1640 1846//1846
f 1846//1846 1640//1640 1638//1638
f 1846//1846 1638//1638 1847//1847
f 1847//1847 1638//1638 1636//1636
f 1533//1533 1532//1532 1848//1848
f 1848//1848 1532//1532 1531//1531
f 1848//1848 1531//1531 1849//1849
f 1849//1849 1531//1531 1547//1547
f 1849//1849 1547//1547 1850//1850
f 1850//1850 1547//1547 1546//1546
f 1850//1850 1546//1546 1851//1851
f 1851//1851 1546//1546 1545//1545
f 1851//1851 1545//1545 1852//1852
f 1852//1852 1545//1545 1853//1853
f 1853//1853 1545//1545 1544//1544
f 1853//1853 1544//1544 1854//1854
f 1854//1854 1544//1544 1543//1543
f 1854//1854 1543//1543 1855//1855
f 1855//1855 1543//1543 1542//1542
f 1855//1855 1542//1542 1856//1856
f 1856//1856 1542//1542 1541//1541
f 1856//1856 1541//1541 1540//1540
f 1856//1856 1540//1540 1857//1857
f 1857//1857 1540//1540 1539//1539
f 1857//1857 1539//1539 1858//1858
f 1858//1858 1539//1539 1538//1538
f 1858//1858 1538//1538 1859//1859
f 1859//1859 1538//1538 1537//1537
f 1859//1859 1537//1537 1860//1860
f 1860//1860 1537//1537 1536//1536
f 1860//1860 1536//1536 1861//1861
f 1861//1861 1536//1536 1862//1862
f 1862//1862 1536//1536 1535//1535
f 1862//1862 1535//1535 1863//1863
f 1863//1863 1535//1535 1534//1534
f 1863//1863 1534//1534 1864//1864
f 1864//1864 1534//1534 1533//1533
f 1864//1864 1533//1533 1848//1848
f 1816//1816 1865//1865 1812//1812
f 1812//1812 1865//1865 1866//1866
f 1812//1812 1866//1866 1813//1813
f 1813//1813 1866//1866 1867//1867
f 1813//1813 1867//1867 1868//1868
f 1816//1816 1869//1869 1865//1865
f 1813//1813 1868//1868 1760//1760
f 1760//1760 1868//1868 1870//1870
f 1760//1760 1870//1870 1762//1762
f 1762//1762 1870//1870 1871//1871
f 1762//1762 1871//1871 1764//1764
f 1764//1764 1871//1871 1872//1872
f 1764//1764 1872//1872 1779//1779
f 1779//1779 1872//1872 1873//1873
f 1779//1779 1873//1873 1783//1783
f 1724//1724 1874//1874 1725//1725
f 1725//1725 1874//1874 1875//1875
f 1725//1725 1875//1875 1726//1726
f 1726//1726 1875//1875 1727//1727
f 1727//1727 1875//1875 1876//1876
f 1727//1727 1876//1876 1877//1877
f 1874//1874 1724//1724 1878//1878
f 1878//1878 1724//1724 1723//1723
f 1878//1878 1723//1723 1879//1879
f 1879//1879 1723//1723 1722//1722
f 1879//1879 1722//1722 1880//1880
f 1880//1880 1722//1722 1721//1721
f 1880//1880 1721//1721 1720//1720
f 1876//1876 1875//1875 1881//1881
f 1881//1881 1875//1875 1882//1882
f 1881//1881 1882//1882 1883//1883
f 1881//1881 1883//1883 1884//1884
f 1884//1884 1883//1883 1885//1885
f 1884//1884 1885//1885 1886//1886
f 1886//1886 1887//1887 1884//1884
f 1884//1884 1887//1887 1888//1888
f 1884//1884 1888//1888 1889//1889
f 1889//1889 1890//1890 1884//1884
f 1884//1884 1890//1890 1891//1891
f 1891//1891 1890//1890 1892//1892
f 1891//1891 1892//1892 1893//1893
f 1893//1893 1892//1892 1894//1894
f 1895//1895 1729//1729 1877//1877
f 1877//1877 1729//1729 1728//1728
f 1877//1877 1728//1728 1727//1727
f 1729//1729 1895//1895 1740//1740
f 1740//1740 1895//1895 1896//1896
f 1740//1740 1896//1896 1741//1741
f 1741//1741 1896//1896 1897//1897
f 1741//1741 1897//1897 1742//1742
f 1742//1742 1897//1897 1898//1898
f 1742//1742 1898//1898 1743//1743
f 1743//1743 1898//1898 1899//1899
f 1743//1743 1899//1899 1744//1744
f 1744//1744 1899//1899 1745//1745
f 1745//1745 1899//1899 1900//1900
f 1745//1745 1900//1900 1746//1746
f 1746//1746 1900//1900 1747//1747
f 1747//1747 1900//1900 1901//1901
f 1747//1747 1901//1901 1748//1748
f 1748//1748 1901//1901 1749//1749
f 1749//1749 1901//1901 1902//1902
f 1749//1749 1902//1902 1750//1750
f 1750//1750 1902//1902 1751//1751
f 1751//1751 1902//1902 1903//1903
f 1751//1751 1903//1903 1752//1752
f 1752//1752 1903//1903 1753//1753
f 1753//1753 1903//1903 1904//1904
f 1753//1753 1904//1904 1754//1754
f 1754//1754 1904//1904 1905//1905
f 1754//1754 1905//1905 1755//1755
f 1755//1755 1905//1905 1906//1906
f 1755//1755 1906//1906 1756//1756
f 1756//1756 1906//1906 1907//1907
f 1756//1756 1907//1907 1736//1736
f 1736//1736 1907//1907 1908//1908
f 1736//1736 1908//1908 1737//1737
f 1737//1737 1908//1908 1738//1738
f 1738//1738 1908//1908 1909//1909
f 1738//1738 1909//1909 1910//1910
f 1910//1910 1909//1909 1911//1911
f 1910//1910 1911//1911 1912//1912
f 1912//1912 1911//1911 1913//1913
f 1913//1913 1911//1911 1914//1914
f 1913//1913 1914//1914 1915//1915
f 1915//1915 1914//1914 1916//1916
f 1916//1916 1914//1914 1917//1917
f 1917//1917 1914//1914 1918//1918
f 1918//1918 1914//1914 1919//1919
f 1919//1919 1914//1914 1920//1920
f 1920//1920 1914//1914 1921//1921
f 1920//1920 1921//1921 1922//1922
f 1922//1922 1921//1921 1923//1923
f 1922//1922 1923//1923 1924//1924
f 1925//1925 1730//1730 1910//1910
f 1910//1910 1730//1730 1739//1739
f 1910//1910 1739//1739 1738//1738
f 1730//1730 1925//1925 1731//1731
f 1731//1731 1925//1925 1926//1926
f 1731//1731 1926//1926 1732//1732
f 1732//1732 1926//1926 1927//1927
f 1732//1732 1927//1927 1733//1733
f 1733//1733 1927//1927 1928//1928
f 1733//1733 1928//1928 1734//1734
f 1734//1734 1928//1928 1735//1735
f 1929//1929 1516//1516 1930//1930
f 1930//1930 1516//1516 1515//1515
f 1930//1930 1515//1515 1514//1514
f 1516//1516 1929//1929 1517//1517
f 1517//1517 1929//1929 1931//1931
f 1517//1517 1931//1931 1518//1518
f 1518//1518 1931//1931 1932//1932
f 1518//1518 1932//1932 1519//1519
f 1519//1519 1932//1932 1933//1933
f 1519//1519 1933//1933 1934//1934
f 1519//1519 1934//1934 1520//1520
f 1520//1520 1934//1934 1935//1935
f 1520//1520 1935//1935 1521//1521
f 1521//1521 1935//1935 1936//1936
f 1521//1521 1936//1936 1522//1522
f 1522//1522 1936//1936 1937//1937
f 1522//1522 1937//1937 1523//1523
f 1523//1523 1937//1937 1524//1524
f 1524//1524 1937//1937 1938//1938
f 1524//1524 1938//1938 1525//1525
f 1525//1525 1938//1938 1939//1939
f 1525//1525 1939//1939 1526//1526
f 1526//1526 1939//1939 1940//1940
f 1526//1526 1940//1940 1527//1527
f 1527//1527 1940//1940 1941//1941
f 1527//1527 1941//1941 1528//1528
f 1528//1528 1941//1941 1942//1942
f 1528//1528 1942//1942 1943//1943
f 1528//1528 1943//1943 1529//1529
f 1529//1529 1943//1943 1944//1944
f 1529//1529 1944//1944 1530//1530
f 1530//1530 1944//1944 1945//1945
f 1530//1530 1945//1945 1514//1514
f 1514//1514 1945//1945 1930//1930
f 1946//1946 1947//1947 1948//1948
f 1948//1948 1947//1947 1949//1949
f 1948//1948 1949//1949 1950//1950
f 1947//1947 1946//1946 1951//1951
f 1951//1951 1946//1946 1952//1952
f 1951//1951 1952//1952 1953//1953
f 1953//1953 1952//1952 1954//1954
f 1953//1953 1954//1954 1955//1955
f 1955//1955 1954//1954 1956//1956
f 1955//1955 1956//1956 1957//1957
f 1955//1955 1957//1957 1958//1958
f 1958//1958 1957//1957 1959//1959
f 1958//1958 1959//1959 1960//1960
f 1960//1960 1959//1959 1961//1961
f 1960//1960 1961//1961 1962//1962
f 1962//1962 1961//1961 1963//1963
f 1962//1962 1963//1963 1964//1964
f 1964//1964 1963//1963 1965//1965
f 1964//1964 1965//1965 1966//1966
f 1966//1966 1965//1965 1967//1967
f 1967//1967 1965//1965 1968//1968
f 1967//1967 1968//1968 1969//1969
f 1969//1969 1968//1968 1970//1970
f 1969//1969 1970//1970 1971//1971
f 1971//1971 1970//1970 1972//1972
f 1971//1971 1972//1972 1973//1973
f 1973//1973 1972//1972 1974//1974
f 1973//1973 1974//1974 1975//1975
f 1973//1973 1975//1975 1976//1976
f 1976//1976 1975//1975 1977//1977
f 1976//1976 1977//1977 1978//1978
f 1978//1978 1977//1977 1979//1979
f 1978//1978 1979//1979 1950//1950
f 1950//1950 1979//1979 1948//1948
f 1980//1980 1981//1981 1982//1982
f 1982//1982 1981//1981 1983//1983
f 1982//1982 1983//1983 1984//1984
f 1981//1981 1980//1980 1985//1985
f 1985//1985 1980//1980 1986//1986
f 1985//1985 1986//1986 1987//1987
f 1987//1987 1986//1986 1988//1988
f 1987//1987 1988//1988 1989//1989
f 1989//1989 1988//1988 1990//1990
f 1989//1989 1990//1990 1991//1991
f 1989//1989 1991//1991 1992//1992
f 1992//1992 1991//1991 1993//1993
f 1992//1992 1993//1993 1994//1994
f 1994//1994 1993//1993 1995//1995
f 1994//1994 1995//1995 1996//1996
f 1996//1996 1995//1995 1997//1997
f 1996//1996 1997//1997 1998//1998
f 1998//1998 1997//1997 1999//1999
f 1999//1999 1997//1997 2000//2000
f 1999//1999 2000//2000 2001//2001
f 2001//2001 2000//2000 2002//2002
f 2001//2001 2002//2002 2003//2003
f 2003//2003 2002//2002 2004//2004
f 2003//2003 2004//2004 2005//2005
f 2005//2005 2004//2004 2006//2006
f 2005//2005 2006//2006 2007//2007
f 2007//2007 2006//2006 2008//2008
f 2007//2007 2008//2008 2009//2009
f 2007//2007 2009//2009 2010//2010
f 2010//2010 2009//2009 2011//2011
f 2010//2010 2011//2011 2012//2012
f 2012//2012 2011//2011 2013//2013
f 2012//2012 2013//2013 1984//1984
f 1984//1984 2013//2013 1982//1982
f 2014//2014 2015//2015 2016//2016
f 2016//2016 2015//2015 2017//2017
f 2016//2016 2017//2017 2018//2018
f 2018//2018 2017//2017 2019//2019
f 2018//2018 2019//2019 2020//2020
f 2020//2020 2019//2019 2021//2021
f 2020//2020 2021//2021 2022//2022
f 2022//2022 2021//2021 2023//2023
f 2022//2022 2023//2023 2024//2024
f 2024//2024 2023//2023 2025//2025
f 2024//2024 2025//2025 2026//2026
f 2027//2027 2028//2028 2026//2026
f 2026//2026 2028//2028 2029//2029
f 2026//2026 2029//2029 2024//2024
f 2024//2024 2029//2029 2030//2030
f 2024//2024 2030//2030 2031//2031
f 2031//2031 2030//2030 2032//2032
f 2032//2032 2030//2030 2033//2033
f 2032//2032 2033//2033 2034//2034
f 2034//2034 2033//2033 2035//2035
f 2035//2035 2033//2033 2036//2036
f 2036//2036 2033//2033 2037//2037
f 2037//2037 2033//2033 2038//2038
f 2038//2038 2033//2033 2039//2039
f 2039//2039 2033//2033 2040//2040
f 2039//2039 2040//2040 2041//2041
f 2041//2041 2040//2040 2042//2042
f 2041//2041 2042//2042 2043//2043
f 2027//2027 2044//2044 2028//2028
f 2028//2028 2044//2044 2045//2045
f 2045//2045 2044//2044 2046//2046
f 2045//2045 2046//2046 2047//2047
f 2047//2047 2046//2046 2048//2048
f 2047//2047 2048//2048 2049//2049
f 2049//2049 2048//2048 2050//2050
f 2049//2049 2050//2050 2051//2051
f 2051//2051 2050//2050 2052//2052
f 2051//2051 2052//2052 2053//2053
f 2053//2053 2052//2052 2054//2054
f 2053//2053 2054//2054 2055//2055
f 2053//2053 2055//2055 2056//2056
f 2056//2056 2055//2055 2057//2057
f 2056//2056 2057//2057 2058//2058
f 2056//2056 2058//2058 2059//2059
f 2059//2059 2058//2058 2060//2060
f 2059//2059 2060//2060 2061//2061
f 2059//2059 2061//2061 2062//2062
f 2062//2062 2061//2061 2063//2063
f 2062//2062 2063//2063 2064//2064
f 2062//2062 2064//2064 2065//2065
f 2065//2065 2064//2064 2066//2066
f 2065//2065 2066//2066 2067//2067
f 2065//2065 2067//2067 2068//2068
f 2068//2068 2067//2067 2069//2069
f 2068//2068 2069//2069 2070//2070
f 2070//2070 2069//2069 2071//2071
f 2070//2070 2071//2071 2072//2072
f 2072//2072 2071//2071 2073//2073
f 2072//2072 2073//2073 2074//2074
f 2074//2074 2073//2073 2075//2075
f 2074//2074 2075//2075 2076//2076
f 2076//2076 2075//2075 2077//2077
f 2076//2076 2077//2077 2078//2078
f 2079//2079 2080//2080 2078//2078
f 2078//2078 2080//2080 2081//2081
f 2078//2078 2081//2081 2076//2076
f 2079//2079 2082//2082 2080//2080
f 2080//2080 2082//2082 2083//2083
f 2083//2083 2082//2082 2084//2084
f 2083//2083 2084//2084 2085//2085
f 2085//2085 2084//2084 2086//2086
f 2085//2085 2086//2086 2087//2087
f 2087//2087 2086//2086 2088//2088
f 2087//2087 2088//2088 2089//2089
f 2089//2089 2088//2088 2090//2090
f 2089//2089 2090//2090 2091//2091
f 2081//2081 2080//2080 2092//2092
f 2092//2092 2080//2080 2093//2093
f 2092//2092 2093//2093 2094//2094
f 2092//2092 2094//2094 2095//2095
f 2095//2095 2094//2094 2096//2096
f 2095//2095 2096//2096 2097//2097
f 2097//2097 2098//2098 2095//2095
f 2095//2095 2098//2098 2099//2099
f 2095//2095 2099//2099 2100//2100
f 2100//2100 2101//2101 2095//2095
f 2095//2095 2101//2101 2102//2102
f 2102//2102 2101//2101 2103//2103
f 2102//2102 2103//2103 2104//2104
f 2104//2104 2103//2103 2105//2105
f 2106//2106 2107//2107 2108//2108
f 2108//2108 2107//2107 2109//2109
f 2108//2108 2109//2109 2110//2110
f 2110//2110 2109//2109 2111//2111
f 2110//2110 2111//2111 2112//2112
f 2112//2112 2111//2111 2113//2113
f 2112//2112 2113//2113 2114//2114
f 2114//2114 2113//2113 2115//2115
f 2115//2115 2113//2113 2116//2116
f 2115//2115 2116//2116 2117//2117
f 2107//2107 2106//2106 2118//2118
f 2118//2118 2106//2106 2119//2119
f 2118//2118 2119//2119 2120//2120
f 2120//2120 2119//2119 2121//2121
f 2121//2121 2119//2119 2122//2122
f 2117//2117 2123//2123 2115//2115
f 2124//2124 2125//2125 2126//2126
f 2126//2126 2125//2125 2127//2127
f 2127//2127 2125//2125 2128//2128
f 2128//2128 2125//2125 2129//2129
f 2128//2128 2129//2129 2130//2130
f 2130//2130 2129//2129 2131//2131
f 2130//2130 2131//2131 2132//2132
f 2132//2132 2131//2131 2133//2133
f 2132//2132 2133//2133 2134//2134
f 2134//2134 2133//2133 2135//2135
f 2134//2134 2135//2135 2136//2136
f 2136//2136 2135//2135 2137//2137
f 2136//2136 2137//2137 2138//2138
f 2136//2136 2138//2138 2139//2139
f 2139//2139 2138//2138 2140//2140
f 2139//2139 2140//2140 2141//2141
f 2142//2142 2143//2143 2144//2144
f 2144//2144 2143//2143 2145//2145
f 2144//2144 2145//2145 2146//2146
f 2146//2146 2145//2145 2147//2147
f 2146//2146 2147//2147 2148//2148
f 2148//2148 2147//2147 2149//2149
f 2148//2148 2149//2149 2150//2150
f 2150//2150 2149//2149 2151//2151
f 2150//2150 2151//2151 2152//2152
f 2152//2152 2151//2151 2153//2153
f 2153//2153 2151//2151 2154//2154
f 2153//2153 2154//2154 2155//2155
f 2155//2155 2154//2154 2156//2156
f 2155//2155 2156//2156 2157//2157
f 2157//2157 2156//2156 2158//2158
f 2158//2158 2156//2156 2159//2159
f 2158//2158 2159//2159 2160//2160
f 2160//2160 2159//2159 2161//2161
f 2160//2160 2161//2161 2162//2162
f 2162//2162 2161//2161 2149//2149
f 2162//2162 2149//2149 2147//2147
f 2163//2163 2164//2164 2142//2142
f 2142//2142 2164//2164 2165//2165
f 2142//2142 2165//2165 2166//2166
f 2166//2166 2165//2165 2167//2167
f 2166//2166 2167//2167 2168//2168
f 2168//2168 2167//2167 2169//2169
f 2168//2168 2169//2169 2170//2170
f 2170//2170 2169//2169 2160//2160
f 2170//2170 2160//2160 2162//2162
f 2164//2164 2163//2163 2171//2171
f 2171//2171 2163//2163 2172//2172
f 2171//2171 2172//2172 2169//2169
f 2169//2169 2158//2158 2160//2160
f 2143//2143 2142//2142 2166//2166
f 2166//2166 2168//2168 2173//2173
f 2173//2173 2168//2168 2170//2170
f 2173//2173 2170//2170 2162//2162
f 2143//2143 2166//2166 2145//2145
f 2145//2145 2166//2166 2173//2173
f 2145//2145 2173//2173 2147//2147
f 2147//2147 2173//2173 2162//2162
f 2169//2169 2167//2167 2174//2174
f 2174//2174 2167//2167 2165//2165
f 2174//2174 2165//2165 2164//2164
f 2164//2164 2171//2171 2174//2174
f 2174//2174 2171//2171 2169//2169
f 2161//2161 2159//2159 2154//2154
f 2154//2154 2159//2159 2156//2156
f 2149//2149 2161//2161 2151//2151
f 2151//2151 2161//2161 2154//2154
f 2175//2175 2176//2176 2177//2177
f 2177//2177 2176//2176 2178//2178
f 2177//2177 2178//2178 2179//2179
f 2177//2177 2179//2179 2180//2180
f 2180//2180 2179//2179 2181//2181
f 2180//2180 2181//2181 2182//2182
f 2152//2152 2183//2183 2182//2182
f 2182//2182 2183//2183 2184//2184
f 2182//2182 2184//2184 2185//2185
f 2185//2185 2184//2184 2186//2186
f 2185//2185 2186//2186 2187//2187
f 2187//2187 2186//2186 2175//2175
f 2187//2187 2175//2175 2188//2188
f 2188//2188 2175//2175 2177//2177
f 2188//2188 2177//2177 2180//2180
f 2183//2183 2152//2152 2189//2189
f 2189//2189 2152//2152 2153//2153
f 2189//2189 2153//2153 2190//2190
f 2190//2190 2153//2153 2155//2155
f 2190//2190 2155//2155 2191//2191
f 2191//2191 2155//2155 2157//2157
f 2175//2175 2186//2186 2191//2191
f 2191//2191 2186//2186 2192//2192
f 2191//2191 2192//2192 2190//2190
f 2190//2190 2192//2192 2183//2183
f 2190//2190 2183//2183 2189//2189
f 2180//2180 2182//2182 2193//2193
f 2193//2193 2182//2182 2185//2185
f 2193//2193 2185//2185 2187//2187
f 2180//2180 2193//2193 2188//2188
f 2188//2188 2193//2193 2187//2187
f 2183//2183 2192//2192 2184//2184
f 2184//2184 2192//2192 2186//2186
f 2194//2194 2195//2195 2196//2196
f 2196//2196 2195//2195 2197//2197
f 2197//2197 2195//2195 2178//2178
f 2197//2197 2178//2178 2176//2176
f 2195//2195 2198//2198 2178//2178
f 2178//2178 2198//2198 2179//2179
f 2179//2179 2198//2198 2199//2199
f 2179//2179 2199//2199 2181//2181
f 2200//2200 2201//2201 2198//2198
f 2198//2198 2201//2201 2199//2199
f 2202//2202 2203//2203 2194//2194
f 2194//2194 2203//2203 2204//2204
f 2194//2194 2204//2204 2195//2195
f 2195//2195 2204//2204 2198//2198
f 2198//2198 2204//2204 2205//2205
f 2198//2198 2205//2205 2200//2200
f 2200//2200 2205//2205 2206//2206
f 2206//2206 2205//2205 2207//2207
f 2206//2206 2207//2207 2208//2208
f 2208//2208 2207//2207 2209//2209
f 2208//2208 2209//2209 2210//2210
f 2210//2210 2209//2209 2203//2203
f 2210//2210 2203//2203 2211//2211
f 2210//2210 2211//2211 2208//2208
f 2208//2208 2211//2211 2212//2212
f 2208//2208 2212//2212 2206//2206
f 2204//2204 2203//2203 2209//2209
f 2209//2209 2207//2207 2204//2204
f 2204//2204 2207//2207 2205//2205
f 2213//2213 2214//2214 2215//2215
f 2215//2215 2214//2214 2216//2216
f 2215//2215 2216//2216 2217//2217
f 2217//2217 2216//2216 2218//2218
f 2217//2217 2218//2218 2219//2219
f 2219//2219 2218//2218 2220//2220
f 2219//2219 2220//2220 2221//2221
f 2214//2214 2222//2222 2216//2216
f 2216//2216 2222//2222 2223//2223
f 2216//2216 2223//2223 2218//2218
f 2218//2218 2223//2223 2220//2220
f 2222//2222 2224//2224 2223//2223
f 2212//2212 2211//2211 2221//2221
f 2221//2221 2211//2211 2225//2225
f 2221//2221 2225//2225 2226//2226
f 2226//2226 2225//2225 2227//2227
f 2226//2226 2227//2227 2219//2219
f 2219//2219 2227//2227 2217//2217
f 2211//2211 2203//2203 2225//2225
f 2225//2225 2203//2203 2202//2202
f 2225//2225 2202//2202 2227//2227
f 2221//2221 2226//2226 2219//2219
f 2228//2228 2229//2229 2230//2230
f 2230//2230 2229//2229 2231//2231
f 2230//2230 2231//2231 2232//2232
f 2232//2232 2231//2231 2233//2233
f 2232//2232 2233//2233 2234//2234
f 2234//2234 2233//2233 2235//2235
f 2234//2234 2235//2235 2236//2236
f 2229//2229 2237//2237 2231//2231
f 2231//2231 2237//2237 2238//2238
f 2231//2231 2238//2238 2233//2233
f 2233//2233 2238//2238 2235//2235
f 2237//2237 2239//2239 2238//2238
f 2224//2224 2222//2222 2236//2236
f 2236//2236 2222//2222 2240//2240
f 2236//2236 2240//2240 2234//2234
f 2234//2234 2240//2240 2241//2241
f 2234//2234 2241//2241 2232//2232
f 2222//2222 2214//2214 2240//2240
f 2240//2240 2214//2214 2241//2241
f 2214//2214 2213//2213 2241//2241
f 2242//2242 2243//2243 2228//2228
f 2228//2228 2243//2243 2244//2244
f 2228//2228 2244//2244 2229//2229
f 2229//2229 2244//2244 2237//2237
f 2237//2237 2244//2244 2245//2245
f 2237//2237 2245//2245 2239//2239
f 2239//2239 2245//2245 2246//2246
f 2239//2239 2246//2246 2247//2247
f 2247//2247 2246//2246 2248//2248
f 2247//2247 2248//2248 2249//2249
f 2249//2249 2248//2248 2250//2250
f 2250//2250 2248//2248 2251//2251
f 2250//2250 2251//2251 2243//2243
f 2243//2243 2251//2251 2252//2252
f 2243//2243 2252//2252 2244//2244
f 2244//2244 2252//2252 2246//2246
f 2244//2244 2246//2246 2245//2245
f 2252//2252 2251//2251 2248//2248
f 2246//2246 2252//2252 2248//2248
f 2253//2253 2254//2254 2255//2255
f 2255//2255 2254//2254 2256//2256
f 2256//2256 2254//2254 2243//2243
f 2256//2256 2243//2243 2242//2242
f 2254//2254 2257//2257 2243//2243
f 2243//2243 2257//2257 2250//2250
f 2250//2250 2257//2257 2258//2258
f 2250//2250 2258//2258 2259//2259
f 2257//2257 2260//2260 2258//2258
f 2259//2259 2249//2249 2250//2250
f 2261//2261 2262//2262 2263//2263
f 2263//2263 2262//2262 2264//2264
f 2263//2263 2264//2264 2265//2265
f 2265//2265 2264//2264 2266//2266
f 2265//2265 2266//2266 2267//2267
f 2267//2267 2266//2266 2268//2268
f 2267//2267 2268//2268 2269//2269
f 2260//2260 2270//2270 2269//2269
f 2269//2269 2270//2270 2271//2271
f 2269//2269 2271//2271 2272//2272
f 2272//2272 2271//2271 2273//2273
f 2272//2272 2273//2273 2274//2274
f 2274//2274 2273//2273 2275//2275
f 2274//2274 2275//2275 2276//2276
f 2276//2276 2275//2275 2277//2277
f 2276//2276 2277//2277 2261//2261
f 2270//2270 2260//2260 2278//2278
f 2278//2278 2260//2260 2257//2257
f 2278//2278 2257//2257 2279//2279
f 2279//2279 2257//2257 2254//2254
f 2279//2279 2254//2254 2280//2280
f 2280//2280 2254//2254 2253//2253
f 2280//2280 2253//2253 2277//2277
f 2276//2276 2261//2261 2263//2263
f 2277//2277 2275//2275 2281//2281
f 2281//2281 2275//2275 2273//2273
f 2281//2281 2273//2273 2282//2282
f 2282//2282 2273//2273 2271//2271
f 2282//2282 2271//2271 2270//2270
f 2269//2269 2272//2272 2267//2267
f 2267//2267 2272//2272 2274//2274
f 2267//2267 2274//2274 2265//2265
f 2265//2265 2274//2274 2276//2276
f 2265//2265 2276//2276 2263//2263
f 2277//2277 2281//2281 2280//2280
f 2280//2280 2281//2281 2282//2282
f 2280//2280 2282//2282 2279//2279
f 2279//2279 2282//2282 2270//2270
f 2279//2279 2270//2270 2278//2278
f 2283//2283 2284//2284 2285//2285
f 2285//2285 2284//2284 2286//2286
f 2285//2285 2286//2286 2287//2287
f 2287//2287 2286//2286 2288//2288
f 2287//2287 2288//2288 2289//2289
f 2289//2289 2288//2288 2290//2290
f 2289//2289 2290//2290 2291//2291
f 2284//2284 2288//2288 2286//2286
f 2289//2289 2291//2291 2292//2292
f 2292//2292 2291//2291 2293//2293
f 2292//2292 2293//2293 2266//2266
f 2266//2266 2293//2293 2294//2294
f 2266//2266 2294//2294 2268//2268
f 2292//2292 2266//2266 2295//2295
f 2295//2295 2266//2266 2264//2264
f 2295//2295 2264//2264 2296//2296
f 2296//2296 2264//2264 2262//2262
f 2295//2295 2296//2296 2287//2287
f 2287//2287 2296//2296 2285//2285
f 2295//2295 2287//2287 2289//2289
f 2295//2295 2289//2289 2292//2292
f 2297//2297 2283//2283 2298//2298
f 2298//2298 2283//2283 2299//2299
f 2299//2299 2283//2283 2300//2300
f 2299//2299 2300//2300 2301//2301
f 2301//2301 2300//2300 2302//2302
f 2302//2302 2300//2300 2303//2303
f 2302//2302 2303//2303 2304//2304
f 2304//2304 2303//2303 2305//2305
f 2305//2305 2303//2303 2306//2306
f 2305//2305 2306//2306 2307//2307
f 2307//2307 2306//2306 2308//2308
f 2308//2308 2306//2306 2309//2309
f 2308//2308 2309//2309 2310//2310
f 2310//2310 2309//2309 2311//2311
f 2311//2311 2309//2309 2312//2312
f 2311//2311 2312//2312 2313//2313
f 2313//2313 2312//2312 2314//2314
f 2313//2313 2314//2314 2315//2315
f 2315//2315 2314//2314 2316//2316
f 2316//2316 2314//2314 2317//2317
f 2316//2316 2317//2317 2318//2318
f 2318//2318 2317//2317 2319//2319
f 2318//2318 2319//2319 2320//2320
f 2320//2320 2319//2319 2321//2321
f 2320//2320 2321//2321 2322//2322
f 2285//2285 2323//2323 2283//2283
f 2283//2283 2323//2323 2324//2324
f 2283//2283 2324//2324 2325//2325
f 2296//2296 2326//2326 2285//2285
f 2285//2285 2326//2326 2327//2327
f 2285//2285 2327//2327 2323//2323
f 2323//2323 2327//2327 2324//2324
f 2326//2326 2296//2296 2328//2328
f 2328//2328 2296//2296 2262//2262
f 2328//2328 2262//2262 2329//2329
f 2329//2329 2262//2262 2261//2261
f 2329//2329 2261//2261 2277//2277
f 2253//2253 2330//2330 2277//2277
f 2277//2277 2330//2330 2329//2329
f 2329//2329 2331//2331 2328//2328
f 2328//2328 2331//2331 2332//2332
f 2328//2328 2332//2332 2326//2326
f 2326//2326 2332//2332 2333//2333
f 2283//2283 2325//2325 2300//2300
f 2300//2300 2325//2325 2334//2334
f 2300//2300 2334//2334 2303//2303
f 2303//2303 2334//2334 2335//2335
f 2303//2303 2335//2335 2306//2306
f 2306//2306 2335//2335 2336//2336
f 2306//2306 2336//2336 2309//2309
f 2309//2309 2336//2336 2337//2337
f 2309//2309 2337//2337 2312//2312
f 2312//2312 2337//2337 2338//2338
f 2312//2312 2338//2338 2339//2339
f 2339//2339 2338//2338 2340//2340
f 2339//2339 2340//2340 2341//2341
f 2341//2341 2340//2340 2342//2342
f 2341//2341 2342//2342 2343//2343
f 2343//2343 2342//2342 2344//2344
f 2343//2343 2344//2344 2345//2345
f 2345//2345 2344//2344 2346//2346
f 2345//2345 2346//2346 2347//2347
f 2347//2347 2346//2346 2348//2348
f 2347//2347 2348//2348 2349//2349
f 2350//2350 2351//2351 2344//2344
f 2344//2344 2351//2351 2346//2346
f 2351//2351 2348//2348 2346//2346
f 2352//2352 2353//2353 2349//2349
f 2349//2349 2353//2353 2354//2354
f 2349//2349 2354//2354 2347//2347
f 2352//2352 2355//2355 2353//2353
f 2343//2343 2339//2339 2341//2341
f 2356//2356 2357//2357 2339//2339
f 2339//2339 2357//2357 2358//2358
f 2339//2339 2358//2358 2312//2312
f 2312//2312 2358//2358 2314//2314
f 2320//2320 2322//2322 2359//2359
f 2359//2359 2322//2322 2360//2360
f 2359//2359 2360//2360 2361//2361
f 2361//2361 2360//2360 2362//2362
f 2361//2361 2362//2362 2363//2363
f 2363//2363 2362//2362 2301//2301
f 2301//2301 2362//2362 2299//2299
f 2255//2255 2256//2256 2253//2253
f 2253//2253 2256//2256 2242//2242
f 2253//2253 2242//2242 2364//2364
f 2364//2364 2242//2242 2228//2228
f 2364//2364 2228//2228 2365//2365
f 2365//2365 2228//2228 2366//2366
f 2366//2366 2228//2228 2230//2230
f 2366//2366 2230//2230 2367//2367
f 2367//2367 2230//2230 2232//2232
f 2367//2367 2232//2232 2368//2368
f 2368//2368 2232//2232 2241//2241
f 2368//2368 2241//2241 2369//2369
f 2369//2369 2241//2241 2213//2213
f 2369//2369 2213//2213 2215//2215
f 2369//2369 2215//2215 2370//2370
f 2370//2370 2215//2215 2217//2217
f 2370//2370 2217//2217 2371//2371
f 2371//2371 2217//2217 2227//2227
f 2371//2371 2227//2227 2372//2372
f 2372//2372 2227//2227 2202//2202
f 2372//2372 2202//2202 2373//2373
f 2373//2373 2202//2202 2374//2374
f 2374//2374 2202//2202 2194//2194
f 2374//2374 2194//2194 2176//2176
f 2176//2176 2194//2194 2196//2196
f 2176//2176 2196//2196 2197//2197
f 2375//2375 2376//2376 2176//2176
f 2176//2176 2376//2376 2374//2374
f 2364//2364 2377//2377 2253//2253
f 2253//2253 2377//2377 2330//2330
f 2176//2176 2175//2175 2375//2375
f 2375//2375 2175//2175 2378//2378
f 2378//2378 2175//2175 2191//2191
f 2378//2378 2191//2191 2157//2157
f 2158//2158 2379//2379 2157//2157
f 2157//2157 2379//2379 2380//2380
f 2157//2157 2380//2380 2378//2378
f 2379//2379 2158//2158 2381//2381
f 2381//2381 2158//2158 2169//2169
f 2381//2381 2169//2169 2382//2382
f 2382//2382 2169//2169 2383//2383
f 2382//2382 2383//2383 2384//2384
f 2384//2384 2383//2383 2172//2172
f 2384//2384 2172//2172 2385//2385
f 2385//2385 2172//2172 2386//2386
f 2385//2385 2386//2386 2387//2387
f 2387//2387 2386//2386 2388//2388
f 2387//2387 2388//2388 2389//2389
f 2389//2389 2388//2388 2390//2390
f 2389//2389 2390//2390 2391//2391
f 2391//2391 2390//2390 2392//2392
f 2391//2391 2392//2392 2393//2393
f 2393//2393 2392//2392 2394//2394
f 2393//2393 2394//2394 2395//2395
f 2395//2395 2394//2394 2396//2396
f 2395//2395 2396//2396 2397//2397
f 2397//2397 2396//2396 2398//2398
f 2397//2397 2398//2398 2399//2399
f 2399//2399 2398//2398 2400//2400
f 2399//2399 2400//2400 2401//2401
f 2401//2401 2400//2400 2402//2402
f 2401//2401 2402//2402 2403//2403
f 2403//2403 2402//2402 2404//2404
f 2403//2403 2404//2404 2405//2405
f 2405//2405 2404//2404 2406//2406
f 2405//2405 2406//2406 2407//2407
f 2169//2169 2172//2172 2383//2383
f 2408//2408 2409//2409 2172//2172
f 2172//2172 2409//2409 2410//2410
f 2172//2172 2410//2410 2386//2386
f 2386//2386 2410//2410 2411//2411
f 2386//2386 2411//2411 2412//2412
f 2412//2412 2411//2411 2413//2413
f 2413//2413 2411//2411 2414//2414
f 2414//2414 2411//2411 2415//2415
f 2414//2414 2415//2415 2416//2416
f 2416//2416 2415//2415 2417//2417
f 2416//2416 2417//2417 2418//2418
f 2418//2418 2417//2417 2419//2419
f 2418//2418 2419//2419 2420//2420
f 2418//2418 2420//2420 2421//2421
f 2421//2421 2420//2420 2422//2422
f 2421//2421 2422//2422 2423//2423
f 2423//2423 2422//2422 2424//2424
f 2423//2423 2424//2424 2425//2425
f 2425//2425 2424//2424 2426//2426
f 2426//2426 2424//2424 2427//2427
f 2426//2426 2427//2427 2394//2394
f 2394//2394 2427//2427 2396//2396
f 2427//2427 2428//2428 2396//2396
f 2396//2396 2428//2428 2429//2429
f 2396//2396 2400//2400 2398//2398
f 2430//2430 2431//2431 2407//2407
f 2407//2407 2431//2431 2405//2405
f 2405//2405 2432//2432 2403//2403
f 2403//2403 2432//2432 2433//2433
f 2403//2403 2433//2433 2401//2401
f 2401//2401 2433//2433 2434//2434
f 2435//2435 2436//2436 2381//2381
f 2381//2381 2436//2436 2379//2379
f 2436//2436 2380//2380 2379//2379
f 2412//2412 2437//2437 2386//2386
f 2386//2386 2437//2437 2388//2388
f 2437//2437 2438//2438 2388//2388
f 2388//2388 2438//2438 2439//2439
f 2388//2388 2439//2439 2390//2390
f 2390//2390 2439//2439 2440//2440
f 2390//2390 2440//2440 2441//2441
f 2390//2390 2441//2441 2392//2392
f 2392//2392 2441//2441 2442//2442
f 2392//2392 2442//2442 2443//2443
f 2392//2392 2443//2443 2394//2394
f 2394//2394 2443//2443 2426//2426
f 2444//2444 2445//2445 2446//2446
f 2446//2446 2445//2445 2447//2447
f 2446//2446 2447//2447 2448//2448
f 2448//2448 2447//2447 2449//2449
f 2448//2448 2449//2449 2450//2450
f 2450//2450 2449//2449 2451//2451
f 2450//2450 2451//2451 2452//2452
f 2452//2452 2451//2451 2453//2453
f 2452//2452 2453//2453 2454//2454
f 2454//2454 2453//2453 2455//2455
f 2455//2455 2453//2453 2456//2456
f 2455//2455 2456//2456 2457//2457
f 2457//2457 2456//2456 2458//2458
f 2457//2457 2458//2458 2347//2347
f 2347//2347 2458//2458 2345//2345
f 2345//2345 2458//2458 2459//2459
f 2345//2345 2459//2459 2460//2460
f 2460//2460 2459//2459 2461//2461
f 2460//2460 2461//2461 2462//2462
f 2462//2462 2461//2461 2451//2451
f 2462//2462 2451//2451 2449//2449
f 2463//2463 2464//2464 2444//2444
f 2444//2444 2464//2464 2465//2465
f 2444//2444 2465//2465 2466//2466
f 2466//2466 2465//2465 2467//2467
f 2466//2466 2467//2467 2468//2468
f 2468//2468 2467//2467 2343//2343
f 2468//2468 2343//2343 2469//2469
f 2469//2469 2343//2343 2460//2460
f 2469//2469 2460//2460 2462//2462
f 2464//2464 2463//2463 2470//2470
f 2470//2470 2463//2463 2339//2339
f 2470//2470 2339//2339 2343//2343
f 2343//2343 2345//2345 2460//2460
f 2445//2445 2444//2444 2466//2466
f 2466//2466 2468//2468 2471//2471
f 2471//2471 2468//2468 2469//2469
f 2471//2471 2469//2469 2462//2462
f 2445//2445 2466//2466 2447//2447
f 2447//2447 2466//2466 2471//2471
f 2447//2447 2471//2471 2449//2449
f 2449//2449 2471//2471 2462//2462
f 2343//2343 2467//2467 2472//2472
f 2472//2472 2467//2467 2465//2465
f 2472//2472 2465//2465 2464//2464
f 2464//2464 2470//2470 2472//2472
f 2472//2472 2470//2470 2343//2343
f 2461//2461 2459//2459 2456//2456
f 2456//2456 2459//2459 2458//2458
f 2451//2451 2461//2461 2453//2453
f 2453//2453 2461//2461 2456//2456
f 2353//2353 2355//2355 2473//2473
f 2473//2473 2355//2355 2474//2474
f 2473//2473 2474//2474 2475//2475
f 2473//2473 2475//2475 2476//2476
f 2476//2476 2475//2475 2477//2477
f 2476//2476 2477//2477 2478//2478
f 2454//2454 2479//2479 2478//2478
f 2478//2478 2479//2479 2480//2480
f 2478//2478 2480//2480 2481//2481
f 2481//2481 2480//2480 2482//2482
f 2481//2481 2482//2482 2483//2483
f 2483//2483 2482//2482 2353//2353
f 2483//2483 2353//2353 2484//2484
f 2484//2484 2353//2353 2473//2473
f 2484//2484 2473//2473 2476//2476
f 2479//2479 2454//2454 2485//2485
f 2485//2485 2454//2454 2455//2455
f 2485//2485 2455//2455 2486//2486
f 2486//2486 2455//2455 2457//2457
f 2486//2486 2457//2457 2354//2354
f 2354//2354 2457//2457 2347//2347
f 2353//2353 2482//2482 2354//2354
f 2354//2354 2482//2482 2487//2487
f 2354//2354 2487//2487 2486//2486
f 2486//2486 2487//2487 2479//2479
f 2486//2486 2479//2479 2485//2485
f 2476//2476 2478//2478 2488//2488
f 2488//2488 2478//2478 2481//2481
f 2488//2488 2481//2481 2483//2483
f 2476//2476 2488//2488 2484//2484
f 2484//2484 2488//2488 2483//2483
f 2479//2479 2487//2487 2480//2480
f 2480//2480 2487//2487 2482//2482
f 2489//2489 2490//2490 2491//2491
f 2491//2491 2490//2490 2492//2492
f 2492//2492 2490//2490 2474//2474
f 2492//2492 2474//2474 2355//2355
f 2490//2490 2493//2493 2474//2474
f 2474//2474 2493//2493 2475//2475
f 2475//2475 2493//2493 2494//2494
f 2475//2475 2494//2494 2477//2477
f 2495//2495 2496//2496 2493//2493
f 2493//2493 2496//2496 2494//2494
f 2497//2497 2498//2498 2489//2489
f 2489//2489 2498//2498 2499//2499
f 2489//2489 2499//2499 2490//2490
f 2490//2490 2499//2499 2493//2493
f 2493//2493 2499//2499 2500//2500
f 2493//2493 2500//2500 2495//2495
f 2495//2495 2500//2500 2501//2501
f 2501//2501 2500//2500 2502//2502
f 2501//2501 2502//2502 2503//2503
f 2503//2503 2502//2502 2504//2504
f 2503//2503 2504//2504 2505//2505
f 2505//2505 2504//2504 2498//2498
f 2505//2505 2498//2498 2506//2506
f 2505//2505 2506//2506 2503//2503
f 2503//2503 2506//2506 2507//2507
f 2503//2503 2507//2507 2501//2501
f 2499//2499 2498//2498 2504//2504
f 2504//2504 2502//2502 2499//2499
f 2499//2499 2502//2502 2500//2500
f 2508//2508 2509//2509 2510//2510
f 2510//2510 2509//2509 2511//2511
f 2510//2510 2511//2511 2512//2512
f 2512//2512 2511//2511 2513//2513
f 2512//2512 2513//2513 2514//2514
f 2514//2514 2513//2513 2515//2515
f 2514//2514 2515//2515 2516//2516
f 2509//2509 2517//2517 2511//2511
f 2511//2511 2517//2517 2518//2518
f 2511//2511 2518//2518 2513//2513
f 2513//2513 2518//2518 2515//2515
f 2517//2517 2519//2519 2518//2518
f 2507//2507 2506//2506 2516//2516
f 2516//2516 2506//2506 2520//2520
f 2516//2516 2520//2520 2521//2521
f 2521//2521 2520//2520 2522//2522
f 2521//2521 2522//2522 2514//2514
f 2514//2514 2522//2522 2512//2512
f 2506//2506 2498//2498 2520//2520
f 2520//2520 2498//2498 2497//2497
f 2520//2520 2497//2497 2522//2522
f 2516//2516 2521//2521 2514//2514
f 2523//2523 2524//2524 2525//2525
f 2525//2525 2524//2524 2526//2526
f 2525//2525 2526//2526 2527//2527
f 2527//2527 2526//2526 2528//2528
f 2527//2527 2528//2528 2529//2529
f 2529//2529 2528//2528 2530//2530
f 2529//2529 2530//2530 2531//2531
f 2524//2524 2532//2532 2526//2526
f 2526//2526 2532//2532 2533//2533
f 2526//2526 2533//2533 2528//2528
f 2528//2528 2533//2533 2530//2530
f 2532//2532 2534//2534 2533//2533
f 2519//2519 2517//2517 2531//2531
f 2531//2531 2517//2517 2535//2535
f 2531//2531 2535//2535 2529//2529
f 2529//2529 2535//2535 2536//2536
f 2529//2529 2536//2536 2527//2527
f 2517//2517 2509//2509 2535//2535
f 2535//2535 2509//2509 2536//2536
f 2509//2509 2508//2508 2536//2536
f 2537//2537 2538//2538 2523//2523
f 2523//2523 2538//2538 2539//2539
f 2523//2523 2539//2539 2524//2524
f 2524//2524 2539//2539 2532//2532
f 2532//2532 2539//2539 2540//2540
f 2532//2532 2540//2540 2534//2534
f 2534//2534 2540//2540 2541//2541
f 2534//2534 2541//2541 2542//2542
f 2542//2542 2541//2541 2543//2543
f 2542//2542 2543//2543 2544//2544
f 2544//2544 2543//2543 2545//2545
f 2545//2545 2543//2543 2546//2546
f 2545//2545 2546//2546 2538//2538
f 2538//2538 2546//2546 2547//2547
f 2538//2538 2547//2547 2539//2539
f 2539//2539 2547//2547 2541//2541
f 2539//2539 2541//2541 2540//2540
f 2547//2547 2546//2546 2543//2543
f 2541//2541 2547//2547 2543//2543
f 2430//2430 2548//2548 2549//2549
f 2549//2549 2548//2548 2550//2550
f 2550//2550 2548//2548 2538//2538
f 2550//2550 2538//2538 2537//2537
f 2548//2548 2551//2551 2538//2538
f 2538//2538 2551//2551 2545//2545
f 2545//2545 2551//2551 2552//2552
f 2545//2545 2552//2552 2553//2553
f 2551//2551 2554//2554 2552//2552
f 2553//2553 2544//2544 2545//2545
f 2406//2406 2404//2404 2555//2555
f 2555//2555 2404//2404 2556//2556
f 2555//2555 2556//2556 2557//2557
f 2557//2557 2556//2556 2558//2558
f 2557//2557 2558//2558 2559//2559
f 2559//2559 2558//2558 2560//2560
f 2559//2559 2560//2560 2561//2561
f 2554//2554 2562//2562 2561//2561
f 2561//2561 2562//2562 2563//2563
f 2561//2561 2563//2563 2564//2564
f 2564//2564 2563//2563 2565//2565
f 2564//2564 2565//2565 2566//2566
f 2566//2566 2565//2565 2567//2567
f 2566//2566 2567//2567 2568//2568
f 2568//2568 2567//2567 2407//2407
f 2568//2568 2407//2407 2406//2406
f 2562//2562 2554//2554 2569//2569
f 2569//2569 2554//2554 2551//2551
f 2569//2569 2551//2551 2570//2570
f 2570//2570 2551//2551 2548//2548
f 2570//2570 2548//2548 2571//2571
f 2571//2571 2548//2548 2430//2430
f 2571//2571 2430//2430 2407//2407
f 2568//2568 2406//2406 2555//2555
f 2407//2407 2567//2567 2572//2572
f 2572//2572 2567//2567 2565//2565
f 2572//2572 2565//2565 2573//2573
f 2573//2573 2565//2565 2563//2563
f 2573//2573 2563//2563 2562//2562
f 2561//2561 2564//2564 2559//2559
f 2559//2559 2564//2564 2566//2566
f 2559//2559 2566//2566 2557//2557
f 2557//2557 2566//2566 2568//2568
f 2557//2557 2568//2568 2555//2555
f 2407//2407 2572//2572 2571//2571
f 2571//2571 2572//2572 2573//2573
f 2571//2571 2573//2573 2570//2570
f 2570//2570 2573//2573 2562//2562
f 2570//2570 2562//2562 2569//2569
f 2396//2396 2574//2574 2400//2400
f 2400//2400 2574//2574 2575//2575
f 2400//2400 2575//2575 2576//2576
f 2576//2576 2575//2575 2577//2577
f 2576//2576 2577//2577 2578//2578
f 2578//2578 2577//2577 2579//2579
f 2578//2578 2579//2579 2580//2580
f 2574//2574 2577//2577 2575//2575
f 2578//2578 2580//2580 2581//2581
f 2581//2581 2580//2580 2582//2582
f 2581//2581 2582//2582 2558//2558
f 2558//2558 2582//2582 2583//2583
f 2558//2558 2583//2583 2560//2560
f 2581//2581 2558//2558 2584//2584
f 2584//2584 2558//2558 2556//2556
f 2584//2584 2556//2556 2402//2402
f 2402//2402 2556//2556 2404//2404
f 2584//2584 2402//2402 2576//2576
f 2576//2576 2402//2402 2400//2400
f 2584//2584 2576//2576 2578//2578
f 2584//2584 2578//2578 2581//2581
f 2549//2549 2550//2550 2430//2430
f 2430//2430 2550//2550 2537//2537
f 2430//2430 2537//2537 2585//2585
f 2585//2585 2537//2537 2523//2523
f 2585//2585 2523//2523 2586//2586
f 2586//2586 2523//2523 2587//2587
f 2587//2587 2523//2523 2525//2525
f 2587//2587 2525//2525 2588//2588
f 2588//2588 2525//2525 2527//2527
f 2588//2588 2527//2527 2589//2589
f 2589//2589 2527//2527 2536//2536
f 2589//2589 2536//2536 2590//2590
f 2590//2590 2536//2536 2508//2508
f 2590//2590 2508//2508 2510//2510
f 2590//2590 2510//2510 2591//2591
f 2591//2591 2510//2510 2512//2512
f 2591//2591 2512//2512 2592//2592
f 2592//2592 2512//2512 2522//2522
f 2592//2592 2522//2522 2593//2593
f 2593//2593 2522//2522 2497//2497
f 2593//2593 2497//2497 2594//2594
f 2594//2594 2497//2497 2595//2595
f 2595//2595 2497//2497 2489//2489
f 2595//2595 2489//2489 2355//2355
f 2355//2355 2489//2489 2491//2491
f 2355//2355 2491//2491 2492//2492
f 2352//2352 2596//2596 2355//2355
f 2355//2355 2596//2596 2595//2595
f 2585//2585 2597//2597 2430//2430
f 2430//2430 2597//2597 2431//2431
f 2598//2598 1922//1922 2599//2599
f 2599//2599 1922//1922 1924//1924
f 2599//2599 1924//1924 2600//2600
f 2600//2600 1924//1924 1923//1923
f 2600//2600 1923//1923 2601//2601
f 2601//2601 1923//1923 1921//1921
f 2602//2602 2603//2603 2604//2604
f 2604//2604 2603//2603 2605//2605
f 2604//2604 2605//2605 2606//2606
f 2606//2606 2605//2605 2607//2607
f 2606//2606 2607//2607 2608//2608
f 2608//2608 2607//2607 2609//2609
f 2608//2608 2609//2609 2610//2610
f 2610//2610 2609//2609 2611//2611
f 2610//2610 2611//2611 2612//2612
f 2612//2612 2611//2611 2613//2613
f 2612//2612 2613//2613 2600//2600
f 2600//2600 2613//2613 2599//2599
f 2599//2599 2613//2613 2614//2614
f 2599//2599 2614//2614 2615//2615
f 2615//2615 2614//2614 2616//2616
f 2615//2615 2616//2616 2617//2617
f 2617//2617 2616//2616 2618//2618
f 2618//2618 2616//2616 2619//2619
f 2618//2618 2619//2619 2620//2620
f 2620//2620 2619//2619 2621//2621
f 2620//2620 2621//2621 2435//2435
f 2435//2435 2621//2621 2622//2622
f 2622//2622 2621//2621 2623//2623
f 2622//2622 2623//2623 2607//2607
f 2607//2607 2623//2623 2609//2609
f 2605//2605 2622//2622 2607//2607
f 2617//2617 2598//2598 2615//2615
f 2615//2615 2598//2598 2599//2599
f 2612//2612 2600//2600 2624//2624
f 2624//2624 2600//2600 2601//2601
f 2624//2624 2601//2601 2625//2625
f 2624//2624 2625//2625 2626//2626
f 2626//2626 2625//2625 2627//2627
f 2626//2626 2627//2627 2628//2628
f 2628//2628 2627//2627 2602//2602
f 2628//2628 2602//2602 2604//2604
f 2623//2623 2621//2621 2629//2629
f 2629//2629 2621//2621 2619//2619
f 2629//2629 2619//2619 2630//2630
f 2630//2630 2619//2619 2616//2616
f 2630//2630 2616//2616 2614//2614
f 2628//2628 2604//2604 2606//2606
f 2628//2628 2606//2606 2608//2608
f 2611//2611 2609//2609 2629//2629
f 2629//2629 2609//2609 2623//2623
f 2611//2611 2629//2629 2630//2630
f 2626//2626 2628//2628 2608//2608
f 2626//2626 2608//2608 2610//2610
f 2611//2611 2630//2630 2613//2613
f 2613//2613 2630//2630 2614//2614
f 2626//2626 2610//2610 2624//2624
f 2624//2624 2610//2610 2612//2612
f 2436//2436 2435//2435 2631//2631
f 2631//2631 2435//2435 2622//2622
f 2631//2631 2622//2622 2632//2632
f 2632//2632 2622//2622 2605//2605
f 2632//2632 2605//2605 2633//2633
f 2633//2633 2605//2605 2634//2634
f 2633//2633 2634//2634 2635//2635
f 2635//2635 2634//2634 2636//2636
f 2635//2635 2636//2636 2637//2637
f 2637//2637 2636//2636 2638//2638
f 2637//2637 2638//2638 2639//2639
f 2639//2639 2638//2638 2640//2640
f 2639//2639 2640//2640 2641//2641
f 2641//2641 2640//2640 2642//2642
f 2641//2641 2642//2642 2643//2643
f 2643//2643 2642//2642 2644//2644
f 2643//2643 2644//2644 2645//2645
f 2645//2645 2644//2644 2646//2646
f 2646//2646 2644//2644 2647//2647
f 2646//2646 2647//2647 2648//2648
f 2648//2648 2647//2647 2649//2649
f 2648//2648 2649//2649 2650//2650
f 2650//2650 2649//2649 2651//2651
f 2650//2650 2651//2651 2652//2652
f 2652//2652 2651//2651 2653//2653
f 2652//2652 2653//2653 2654//2654
f 2654//2654 2653//2653 2603//2603
f 2603//2603 2653//2653 2605//2605
f 2605//2605 2653//2653 2634//2634
f 2643//2643 2655//2655 2641//2641
f 2641//2641 2655//2655 2656//2656
f 2641//2641 2656//2656 2639//2639
f 2639//2639 2656//2656 2657//2657
f 2639//2639 2657//2657 2637//2637
f 2637//2637 2657//2657 2658//2658
f 2637//2637 2658//2658 2635//2635
f 2635//2635 2658//2658 2659//2659
f 2635//2635 2659//2659 2633//2633
f 2633//2633 2659//2659 2632//2632
f 2656//2656 2655//2655 2660//2660
f 2660//2660 2655//2655 2375//2375
f 2660//2660 2375//2375 2378//2378
f 2660//2660 2378//2378 2661//2661
f 2661//2661 2378//2378 2380//2380
f 2661//2661 2380//2380 2662//2662
f 2662//2662 2380//2380 2663//2663
f 2662//2662 2663//2663 2659//2659
f 2659//2659 2663//2663 2632//2632
f 2380//2380 2436//2436 2663//2663
f 2663//2663 2436//2436 2631//2631
f 2663//2663 2631//2631 2632//2632
f 2636//2636 2634//2634 2653//2653
f 2638//2638 2636//2636 2651//2651
f 2651//2651 2636//2636 2653//2653
f 2662//2662 2659//2659 2658//2658
f 2640//2640 2638//2638 2649//2649
f 2649//2649 2638//2638 2651//2651
f 2661//2661 2662//2662 2658//2658
f 2661//2661 2658//2658 2657//2657
f 2642//2642 2640//2640 2647//2647
f 2647//2647 2640//2640 2649//2649
f 2644//2644 2642//2642 2647//2647
f 2660//2660 2661//2661 2657//2657
f 2660//2660 2657//2657 2656//2656
f 2664//2664 2665//2665 2666//2666
f 2666//2666 2665//2665 2667//2667
f 2666//2666 2667//2667 2668//2668
f 2668//2668 2667//2667 2669//2669
f 2668//2668 2669//2669 2670//2670
f 2670//2670 2669//2669 2671//2671
f 2670//2670 2671//2671 2672//2672
f 2672//2672 2671//2671 2673//2673
f 2672//2672 2673//2673 2674//2674
f 2674//2674 2673//2673 2675//2675
f 2674//2674 2675//2675 2676//2676
f 2676//2676 2675//2675 2677//2677
f 2676//2676 2677//2677 2678//2678
f 2678//2678 2677//2677 2679//2679
f 2678//2678 2679//2679 2680//2680
f 2680//2680 2679//2679 2681//2681
f 2680//2680 2681//2681 2682//2682
f 2682//2682 2681//2681 2683//2683
f 2682//2682 2683//2683 2684//2684
f 2684//2684 2683//2683 2685//2685
f 2684//2684 2685//2685 2686//2686
f 2686//2686 2685//2685 2687//2687
f 2686//2686 2687//2687 2688//2688
f 2688//2688 2687//2687 2689//2689
f 2688//2688 2689//2689 2690//2690
f 2690//2690 2689//2689 2691//2691
f 2690//2690 2691//2691 2645//2645
f 2645//2645 2691//2691 2643//2643
f 2643//2643 2691//2691 2692//2692
f 2643//2643 2692//2692 2655//2655
f 2655//2655 2692//2692 2376//2376
f 2655//2655 2376//2376 2375//2375
f 2665//2665 2693//2693 2667//2667
f 2667//2667 2693//2693 2694//2694
f 2667//2667 2694//2694 2669//2669
f 2669//2669 2694//2694 2695//2695
f 2669//2669 2695//2695 2671//2671
f 2671//2671 2695//2695 2696//2696
f 2671//2671 2696//2696 2673//2673
f 2673//2673 2696//2696 2697//2697
f 2673//2673 2697//2697 2675//2675
f 2675//2675 2697//2697 2698//2698
f 2675//2675 2698//2698 2677//2677
f 2677//2677 2698//2698 2699//2699
f 2677//2677 2699//2699 2679//2679
f 2679//2679 2699//2699 2700//2700
f 2679//2679 2700//2700 2681//2681
f 2681//2681 2700//2700 2701//2701
f 2681//2681 2701//2701 2683//2683
f 2683//2683 2701//2701 2702//2702
f 2683//2683 2702//2702 2685//2685
f 2685//2685 2702//2702 2703//2703
f 2685//2685 2703//2703 2687//2687
f 2687//2687 2703//2703 2704//2704
f 2687//2687 2704//2704 2689//2689
f 2689//2689 2704//2704 2705//2705
f 2689//2689 2705//2705 2691//2691
f 2691//2691 2705//2705 2692//2692
f 2693//2693 2330//2330 2694//2694
f 2694//2694 2330//2330 2377//2377
f 2694//2694 2377//2377 2695//2695
f 2695//2695 2377//2377 2364//2364
f 2695//2695 2364//2364 2696//2696
f 2696//2696 2364//2364 2365//2365
f 2696//2696 2365//2365 2697//2697
f 2697//2697 2365//2365 2366//2366
f 2697//2697 2366//2366 2698//2698
f 2698//2698 2366//2366 2367//2367
f 2698//2698 2367//2367 2699//2699
f 2699//2699 2367//2367 2368//2368
f 2699//2699 2368//2368 2700//2700
f 2700//2700 2368//2368 2369//2369
f 2700//2700 2369//2369 2701//2701
f 2701//2701 2369//2369 2370//2370
f 2701//2701 2370//2370 2702//2702
f 2702//2702 2370//2370 2371//2371
f 2702//2702 2371//2371 2703//2703
f 2703//2703 2371//2371 2372//2372
f 2703//2703 2372//2372 2704//2704
f 2704//2704 2372//2372 2373//2373
f 2704//2704 2373//2373 2705//2705
f 2705//2705 2373//2373 2374//2374
f 2705//2705 2374//2374 2692//2692
f 2692//2692 2374//2374 2376//2376
f 2329//2329 2330//2330 2706//2706
f 2706//2706 2330//2330 2693//2693
f 2706//2706 2693//2693 2707//2707
f 2707//2707 2693//2693 2665//2665
f 2707//2707 2665//2665 2708//2708
f 2708//2708 2665//2665 2709//2709
f 2708//2708 2709//2709 2710//2710
f 2710//2710 2709//2709 2711//2711
f 2710//2710 2711//2711 2712//2712
f 2712//2712 2711//2711 2713//2713
f 2712//2712 2713//2713 2714//2714
f 2714//2714 2713//2713 2715//2715
f 2714//2714 2715//2715 2716//2716
f 2716//2716 2715//2715 2717//2717
f 2716//2716 2717//2717 2718//2718
f 2718//2718 2717//2717 2719//2719
f 2718//2718 2719//2719 2720//2720
f 2720//2720 2719//2719 2721//2721
f 2721//2721 2719//2719 2722//2722
f 2721//2721 2722//2722 2723//2723
f 2723//2723 2722//2722 2724//2724
f 2723//2723 2724//2724 2725//2725
f 2725//2725 2724//2724 2713//2713
f 2725//2725 2713//2713 2711//2711
f 2709//2709 2665//2665 2726//2726
f 2726//2726 2665//2665 2664//2664
f 2726//2726 2664//2664 2727//2727
f 2726//2726 2727//2727 2725//2725
f 2725//2725 2727//2727 2723//2723
f 2718//2718 2728//2728 2716//2716
f 2716//2716 2728//2728 2729//2729
f 2716//2716 2729//2729 2714//2714
f 2714//2714 2729//2729 2730//2730
f 2714//2714 2730//2730 2712//2712
f 2712//2712 2730//2730 2731//2731
f 2712//2712 2731//2731 2710//2710
f 2710//2710 2731//2731 2732//2732
f 2710//2710 2732//2732 2708//2708
f 2708//2708 2732//2732 2707//2707
f 2729//2729 2728//2728 2733//2733
f 2733//2733 2728//2728 2333//2333
f 2733//2733 2333//2333 2332//2332
f 2733//2733 2332//2332 2734//2734
f 2734//2734 2332//2332 2331//2331
f 2734//2734 2331//2331 2735//2735
f 2735//2735 2331//2331 2736//2736
f 2735//2735 2736//2736 2732//2732
f 2732//2732 2736//2736 2707//2707
f 2331//2331 2329//2329 2736//2736
f 2736//2736 2329//2329 2706//2706
f 2736//2736 2706//2706 2707//2707
f 2711//2711 2709//2709 2726//2726
f 2725//2725 2711//2711 2726//2726
f 2735//2735 2732//2732 2731//2731
f 2715//2715 2713//2713 2724//2724
f 2734//2734 2735//2735 2731//2731
f 2734//2734 2731//2731 2730//2730
f 2719//2719 2717//2717 2722//2722
f 2722//2722 2717//2717 2715//2715
f 2722//2722 2715//2715 2724//2724
f 2734//2734 2730//2730 2733//2733
f 2733//2733 2730//2730 2729//2729
f 2737//2737 2738//2738 2739//2739
f 2739//2739 2738//2738 2740//2740
f 2739//2739 2740//2740 2741//2741
f 2741//2741 2740//2740 2742//2742
f 2741//2741 2742//2742 2743//2743
f 2743//2743 2742//2742 2744//2744
f 2743//2743 2744//2744 2745//2745
f 2745//2745 2744//2744 2746//2746
f 2745//2745 2746//2746 2747//2747
f 2747//2747 2746//2746 2748//2748
f 2747//2747 2748//2748 2718//2718
f 2718//2718 2748//2748 2728//2728
f 2728//2728 2748//2748 2749//2749
f 2728//2728 2749//2749 2750//2750
f 2750//2750 2749//2749 2751//2751
f 2750//2750 2751//2751 2752//2752
f 2752//2752 2751//2751 2753//2753
f 2753//2753 2751//2751 2754//2754
f 2753//2753 2754//2754 2755//2755
f 2755//2755 2754//2754 2756//2756
f 2755//2755 2756//2756 2757//2757
f 2757//2757 2756//2756 2758//2758
f 2758//2758 2756//2756 2759//2759
f 2758//2758 2759//2759 2742//2742
f 2742//2742 2759//2759 2744//2744
f 2740//2740 2758//2758 2742//2742
f 2752//2752 2333//2333 2750//2750
f 2750//2750 2333//2333 2728//2728
f 2747//2747 2718//2718 2760//2760
f 2760//2760 2718//2718 2720//2720
f 2760//2760 2720//2720 2761//2761
f 2760//2760 2761//2761 2762//2762
f 2762//2762 2761//2761 2763//2763
f 2762//2762 2763//2763 2764//2764
f 2764//2764 2763//2763 2737//2737
f 2764//2764 2737//2737 2739//2739
f 2759//2759 2756//2756 2765//2765
f 2765//2765 2756//2756 2754//2754
f 2765//2765 2754//2754 2766//2766
f 2766//2766 2754//2754 2751//2751
f 2766//2766 2751//2751 2749//2749
f 2764//2764 2739//2739 2741//2741
f 2764//2764 2741//2741 2743//2743
f 2746//2746 2744//2744 2765//2765
f 2765//2765 2744//2744 2759//2759
f 2746//2746 2765//2765 2766//2766
f 2762//2762 2764//2764 2743//2743
f 2762//2762 2743//2743 2745//2745
f 2748//2748 2746//2746 2766//2766
f 2748//2748 2766//2766 2749//2749
f 2760//2760 2762//2762 2745//2745
f 2760//2760 2745//2745 2747//2747
f 2738//2738 1891//1891 2740//2740
f 2740//2740 1891//1891 1893//1893
f 2740//2740 1893//1893 2758//2758
f 2758//2758 1893//1893 1894//1894
f 2758//2758 1894//1894 2757//2757
f 2757//2757 1894//1894 1892//1892
f 1891//1891 2738//2738 1884//1884
f 1884//1884 2738//2738 2720//2720
f 1884//1884 2720//2720 2721//2721
f 2737//2737 2763//2763 2738//2738
f 2738//2738 2763//2763 2761//2761
f 2738//2738 2761//2761 2720//2720
f 1884//1884 2721//2721 1881//1881
f 1881//1881 2721//2721 2723//2723
f 1881//1881 2723//2723 1876//1876
f 1876//1876 2723//2723 2727//2727
f 1876//1876 2727//2727 1877//1877
f 1877//1877 2727//2727 2664//2664
f 1877//1877 2664//2664 1895//1895
f 1895//1895 2664//2664 2666//2666
f 1895//1895 2666//2666 1896//1896
f 1896//1896 2666//2666 2668//2668
f 1896//1896 2668//2668 1897//1897
f 1897//1897 2668//2668 2670//2670
f 1897//1897 2670//2670 1898//1898
f 1898//1898 2670//2670 2672//2672
f 1898//1898 2672//2672 1899//1899
f 1899//1899 2672//2672 2674//2674
f 1899//1899 2674//2674 1900//1900
f 1900//1900 2674//2674 2676//2676
f 1900//1900 2676//2676 1901//1901
f 1901//1901 2676//2676 2678//2678
f 1901//1901 2678//2678 2680//2680
f 1901//1901 2680//2680 1902//1902
f 1902//1902 2680//2680 2682//2682
f 1902//1902 2682//2682 1903//1903
f 1903//1903 2682//2682 2684//2684
f 1903//1903 2684//2684 1904//1904
f 1904//1904 2684//2684 2686//2686
f 1904//1904 2686//2686 1905//1905
f 1905//1905 2686//2686 2688//2688
f 1905//1905 2688//2688 1906//1906
f 1906//1906 2688//2688 2690//2690
f 1906//1906 2690//2690 1907//1907
f 1907//1907 2690//2690 2645//2645
f 1907//1907 2645//2645 1908//1908
f 1908//1908 2645//2645 2646//2646
f 1908//1908 2646//2646 1909//1909
f 1909//1909 2646//2646 2648//2648
f 1909//1909 2648//2648 1911//1911
f 1911//1911 2648//2648 2650//2650
f 1911//1911 2650//2650 2652//2652
f 1911//1911 2652//2652 1914//1914
f 1914//1914 2652//2652 2654//2654
f 1914//1914 2654//2654 2603//2603
f 1914//1914 2603//2603 1921//1921
f 1921//1921 2603//2603 2602//2602
f 1921//1921 2602//2602 2627//2627
f 2627//2627 2625//2625 1921//1921
f 1921//1921 2625//2625 2601//2601
f 2598//2598 2767//2767 1922//1922
f 1922//1922 2767//2767 1920//1920
f 1920//1920 2767//2767 2768//2768
f 1920//1920 2768//2768 2769//2769
f 2770//2770 2041//2041 2771//2771
f 2771//2771 2041//2041 2043//2043
f 2771//2771 2043//2043 2772//2772
f 2772//2772 2043//2043 2042//2042
f 2772//2772 2042//2042 2773//2773
f 2773//2773 2042//2042 2040//2040
f 2774//2774 2775//2775 2776//2776
f 2776//2776 2775//2775 2777//2777
f 2776//2776 2777//2777 2778//2778
f 2778//2778 2777//2777 2779//2779
f 2778//2778 2779//2779 2780//2780
f 2780//2780 2779//2779 2781//2781
f 2780//2780 2781//2781 2782//2782
f 2782//2782 2781//2781 2783//2783
f 2782//2782 2783//2783 2784//2784
f 2784//2784 2783//2783 2785//2785
f 2784//2784 2785//2785 2786//2786
f 2786//2786 2785//2785 2787//2787
f 2786//2786 2787//2787 2772//2772
f 2772//2772 2787//2787 2771//2771
f 2771//2771 2787//2787 2788//2788
f 2771//2771 2788//2788 2789//2789
f 2789//2789 2788//2788 2790//2790
f 2789//2789 2790//2790 2791//2791
f 2791//2791 2790//2790 2792//2792
f 2792//2792 2790//2790 2793//2793
f 2792//2792 2793//2793 2794//2794
f 2794//2794 2793//2793 2795//2795
f 2794//2794 2795//2795 2796//2796
f 2796//2796 2795//2795 2783//2783
f 2796//2796 2783//2783 2781//2781
f 2777//2777 2797//2797 2779//2779
f 2779//2779 2797//2797 2798//2798
f 2779//2779 2798//2798 2781//2781
f 2781//2781 2798//2798 2796//2796
f 2798//2798 2797//2797 2799//2799
f 2799//2799 2797//2797 2350//2350
f 2799//2799 2350//2350 2800//2800
f 2799//2799 2800//2800 2794//2794
f 2794//2794 2800//2800 2792//2792
f 2791//2791 2770//2770 2789//2789
f 2789//2789 2770//2770 2771//2771
f 2786//2786 2772//2772 2801//2801
f 2801//2801 2772//2772 2773//2773
f 2801//2801 2773//2773 2802//2802
f 2801//2801 2802//2802 2803//2803
f 2803//2803 2802//2802 2804//2804
f 2803//2803 2804//2804 2805//2805
f 2805//2805 2804//2804 2806//2806
f 2805//2805 2806//2806 2780//2780
f 2780//2780 2806//2806 2778//2778
f 2804//2804 2774//2774 2806//2806
f 2806//2806 2774//2774 2776//2776
f 2806//2806 2776//2776 2778//2778
f 2796//2796 2798//2798 2799//2799
f 2794//2794 2796//2796 2799//2799
f 2805//2805 2780//2780 2782//2782
f 2795//2795 2793//2793 2807//2807
f 2807//2807 2793//2793 2790//2790
f 2807//2807 2790//2790 2788//2788
f 2783//2783 2795//2795 2785//2785
f 2785//2785 2795//2795 2807//2807
f 2785//2785 2807//2807 2787//2787
f 2787//2787 2807//2807 2788//2788
f 2805//2805 2782//2782 2803//2803
f 2803//2803 2782//2782 2784//2784
f 2803//2803 2784//2784 2801//2801
f 2801//2801 2784//2784 2786//2786
f 2351//2351 2350//2350 2808//2808
f 2808//2808 2350//2350 2797//2797
f 2808//2808 2797//2797 2809//2809
f 2809//2809 2797//2797 2777//2777
f 2809//2809 2777//2777 2810//2810
f 2810//2810 2777//2777 2811//2811
f 2810//2810 2811//2811 2812//2812
f 2812//2812 2811//2811 2813//2813
f 2812//2812 2813//2813 2814//2814
f 2814//2814 2813//2813 2815//2815
f 2814//2814 2815//2815 2816//2816
f 2816//2816 2815//2815 2817//2817
f 2816//2816 2817//2817 2818//2818
f 2818//2818 2817//2817 2819//2819
f 2818//2818 2819//2819 2820//2820
f 2820//2820 2819//2819 2821//2821
f 2820//2820 2821//2821 2822//2822
f 2822//2822 2821//2821 2823//2823
f 2823//2823 2821//2821 2824//2824
f 2823//2823 2824//2824 2825//2825
f 2825//2825 2824//2824 2826//2826
f 2825//2825 2826//2826 2827//2827
f 2827//2827 2826//2826 2828//2828
f 2827//2827 2828//2828 2829//2829
f 2829//2829 2828//2828 2830//2830
f 2829//2829 2830//2830 2831//2831
f 2831//2831 2830//2830 2775//2775
f 2775//2775 2830//2830 2811//2811
f 2775//2775 2811//2811 2777//2777
f 2820//2820 2832//2832 2818//2818
f 2818//2818 2832//2832 2833//2833
f 2818//2818 2833//2833 2816//2816
f 2816//2816 2833//2833 2834//2834
f 2816//2816 2834//2834 2814//2814
f 2814//2814 2834//2834 2835//2835
f 2814//2814 2835//2835 2812//2812
f 2812//2812 2835//2835 2836//2836
f 2812//2812 2836//2836 2810//2810
f 2810//2810 2836//2836 2809//2809
f 2833//2833 2832//2832 2837//2837
f 2837//2837 2832//2832 2352//2352
f 2837//2837 2352//2352 2349//2349
f 2837//2837 2349//2349 2838//2838
f 2838//2838 2349//2349 2348//2348
f 2838//2838 2348//2348 2839//2839
f 2839//2839 2348//2348 2840//2840
f 2839//2839 2840//2840 2836//2836
f 2836//2836 2840//2840 2809//2809
f 2348//2348 2351//2351 2840//2840
f 2840//2840 2351//2351 2808//2808
f 2840//2840 2808//2808 2809//2809
f 2813//2813 2811//2811 2830//2830
f 2815//2815 2813//2813 2828//2828
f 2828//2828 2813//2813 2830//2830
f 2839//2839 2836//2836 2835//2835
f 2817//2817 2815//2815 2826//2826
f 2826//2826 2815//2815 2828//2828
f 2838//2838 2839//2839 2835//2835
f 2838//2838 2835//2835 2834//2834
f 2819//2819 2817//2817 2824//2824
f 2824//2824 2817//2817 2826//2826
f 2821//2821 2819//2819 2824//2824
f 2837//2837 2838//2838 2834//2834
f 2837//2837 2834//2834 2833//2833
f 2841//2841 2842//2842 2843//2843
f 2843//2843 2842//2842 2844//2844
f 2843//2843 2844//2844 2845//2845
f 2845//2845 2844//2844 2846//2846
f 2845//2845 2846//2846 2847//2847
f 2847//2847 2846//2846 2848//2848
f 2847//2847 2848//2848 2849//2849
f 2849//2849 2848//2848 2850//2850
f 2849//2849 2850//2850 2851//2851
f 2851//2851 2850//2850 2852//2852
f 2851//2851 2852//2852 2853//2853
f 2853//2853 2852//2852 2854//2854
f 2853//2853 2854//2854 2855//2855
f 2855//2855 2854//2854 2856//2856
f 2855//2855 2856//2856 2857//2857
f 2857//2857 2856//2856 2858//2858
f 2857//2857 2858//2858 2859//2859
f 2859//2859 2858//2858 2860//2860
f 2859//2859 2860//2860 2861//2861
f 2861//2861 2860//2860 2862//2862
f 2861//2861 2862//2862 2863//2863
f 2863//2863 2862//2862 2864//2864
f 2863//2863 2864//2864 2865//2865
f 2865//2865 2864//2864 2866//2866
f 2865//2865 2866//2866 2867//2867
f 2867//2867 2866//2866 2868//2868
f 2867//2867 2868//2868 2822//2822
f 2822//2822 2868//2868 2820//2820
f 2820//2820 2868//2868 2869//2869
f 2820//2820 2869//2869 2832//2832
f 2832//2832 2869//2869 2596//2596
f 2832//2832 2596//2596 2352//2352
f 2842//2842 2870//2870 2844//2844
f 2844//2844 2870//2870 2871//2871
f 2844//2844 2871//2871 2846//2846
f 2846//2846 2871//2871 2872//2872
f 2846//2846 2872//2872 2848//2848
f 2848//2848 2872//2872 2873//2873
f 2848//2848 2873//2873 2850//2850
f 2850//2850 2873//2873 2874//2874
f 2850//2850 2874//2874 2852//2852
f 2852//2852 2874//2874 2875//2875
f 2852//2852 2875//2875 2854//2854
f 2854//2854 2875//2875 2876//2876
f 2854//2854 2876//2876 2856//2856
f 2856//2856 2876//2876 2877//2877
f 2856//2856 2877//2877 2858//2858
f 2858//2858 2877//2877 2878//2878
f 2858//2858 2878//2878 2860//2860
f 2860//2860 2878//2878 2879//2879
f 2860//2860 2879//2879 2862//2862
f 2862//2862 2879//2879 2880//2880
f 2862//2862 2880//2880 2864//2864
f 2864//2864 2880//2880 2881//2881
f 2864//2864 2881//2881 2866//2866
f 2866//2866 2881//2881 2882//2882
f 2866//2866 2882//2882 2868//2868
f 2868//2868 2882//2882 2869//2869
f 2870//2870 2431//2431 2871//2871
f 2871//2871 2431//2431 2597//2597
f 2871//2871 2597//2597 2872//2872
f 2872//2872 2597//2597 2585//2585
f 2872//2872 2585//2585 2873//2873
f 2873//2873 2585//2585 2586//2586
f 2873//2873 2586//2586 2874//2874
f 2874//2874 2586//2586 2587//2587
f 2874//2874 2587//2587 2875//2875
f 2875//2875 2587//2587 2588//2588
f 2875//2875 2588//2588 2876//2876
f 2876//2876 2588//2588 2589//2589
f 2876//2876 2589//2589 2877//2877
f 2877//2877 2589//2589 2590//2590
f 2877//2877 2590//2590 2878//2878
f 2878//2878 2590//2590 2591//2591
f 2878//2878 2591//2591 2879//2879
f 2879//2879 2591//2591 2592//2592
f 2879//2879 2592//2592 2880//2880
f 2880//2880 2592//2592 2593//2593
f 2880//2880 2593//2593 2881//2881
f 2881//2881 2593//2593 2594//2594
f 2881//2881 2594//2594 2882//2882
f 2882//2882 2594//2594 2595//2595
f 2882//2882 2595//2595 2869//2869
f 2869//2869 2595//2595 2596//2596
f 2405//2405 2431//2431 2883//2883
f 2883//2883 2431//2431 2870//2870
f 2883//2883 2870//2870 2884//2884
f 2884//2884 2870//2870 2842//2842
f 2884//2884 2842//2842 2885//2885
f 2885//2885 2842//2842 2886//2886
f 2885//2885 2886//2886 2887//2887
f 2887//2887 2886//2886 2888//2888
f 2887//2887 2888//2888 2889//2889
f 2889//2889 2888//2888 2890//2890
f 2889//2889 2890//2890 2891//2891
f 2891//2891 2890//2890 2892//2892
f 2891//2891 2892//2892 2893//2893
f 2893//2893 2892//2892 2894//2894
f 2893//2893 2894//2894 2895//2895
f 2895//2895 2894//2894 2896//2896
f 2895//2895 2896//2896 2897//2897
f 2897//2897 2896//2896 2898//2898
f 2898//2898 2896//2896 2899//2899
f 2898//2898 2899//2899 2900//2900
f 2900//2900 2899//2899 2901//2901
f 2900//2900 2901//2901 2902//2902
f 2902//2902 2901//2901 2890//2890
f 2902//2902 2890//2890 2888//2888
f 2886//2886 2842//2842 2903//2903
f 2903//2903 2842//2842 2841//2841
f 2903//2903 2841//2841 2904//2904
f 2903//2903 2904//2904 2902//2902
f 2902//2902 2904//2904 2900//2900
f 2895//2895 2905//2905 2893//2893
f 2893//2893 2905//2905 2906//2906
f 2893//2893 2906//2906 2891//2891
f 2891//2891 2906//2906 2907//2907
f 2891//2891 2907//2907 2889//2889
f 2889//2889 2907//2907 2908//2908
f 2889//2889 2908//2908 2887//2887
f 2887//2887 2908//2908 2909//2909
f 2887//2887 2909//2909 2885//2885
f 2885//2885 2909//2909 2884//2884
f 2906//2906 2905//2905 2910//2910
f 2910//2910 2905//2905 2434//2434
f 2910//2910 2434//2434 2433//2433
f 2910//2910 2433//2433 2911//2911
f 2911//2911 2433//2433 2432//2432
f 2911//2911 2432//2432 2912//2912
f 2912//2912 2432//2432 2913//2913
f 2912//2912 2913//2913 2909//2909
f 2909//2909 2913//2913 2884//2884
f 2432//2432 2405//2405 2913//2913
f 2913//2913 2405//2405 2883//2883
f 2913//2913 2883//2883 2884//2884
f 2888//2888 2886//2886 2903//2903
f 2902//2902 2888//2888 2903//2903
f 2912//2912 2909//2909 2908//2908
f 2892//2892 2890//2890 2901//2901
f 2911//2911 2912//2912 2908//2908
f 2911//2911 2908//2908 2907//2907
f 2896//2896 2894//2894 2899//2899
f 2899//2899 2894//2894 2892//2892
f 2899//2899 2892//2892 2901//2901
f 2911//2911 2907//2907 2910//2910
f 2910//2910 2907//2907 2906//2906
f 2914//2914 2915//2915 2916//2916
f 2916//2916 2915//2915 2917//2917
f 2916//2916 2917//2917 2918//2918
f 2918//2918 2917//2917 2919//2919
f 2918//2918 2919//2919 2920//2920
f 2920//2920 2919//2919 2921//2921
f 2920//2920 2921//2921 2922//2922
f 2922//2922 2921//2921 2923//2923
f 2922//2922 2923//2923 2924//2924
f 2924//2924 2923//2923 2925//2925
f 2924//2924 2925//2925 2895//2895
f 2895//2895 2925//2925 2905//2905
f 2905//2905 2925//2925 2926//2926
f 2905//2905 2926//2926 2927//2927
f 2927//2927 2926//2926 2928//2928
f 2927//2927 2928//2928 2929//2929
f 2929//2929 2928//2928 2930//2930
f 2930//2930 2928//2928 2931//2931
f 2930//2930 2931//2931 2932//2932
f 2932//2932 2931//2931 2933//2933
f 2932//2932 2933//2933 2934//2934
f 2934//2934 2933//2933 2935//2935
f 2935//2935 2933//2933 2936//2936
f 2935//2935 2936//2936 2919//2919
f 2919//2919 2936//2936 2921//2921
f 2917//2917 2935//2935 2919//2919
f 2929//2929 2434//2434 2927//2927
f 2927//2927 2434//2434 2905//2905
f 2924//2924 2895//2895 2937//2937
f 2937//2937 2895//2895 2897//2897
f 2937//2937 2897//2897 2938//2938
f 2937//2937 2938//2938 2939//2939
f 2939//2939 2938//2938 2940//2940
f 2939//2939 2940//2940 2941//2941
f 2941//2941 2940//2940 2914//2914
f 2941//2941 2914//2914 2916//2916
f 2936//2936 2933//2933 2942//2942
f 2942//2942 2933//2933 2931//2931
f 2942//2942 2931//2931 2943//2943
f 2943//2943 2931//2931 2928//2928
f 2943//2943 2928//2928 2926//2926
f 2941//2941 2916//2916 2918//2918
f 2941//2941 2918//2918 2920//2920
f 2923//2923 2921//2921 2942//2942
f 2942//2942 2921//2921 2936//2936
f 2923//2923 2942//2942 2943//2943
f 2939//2939 2941//2941 2920//2920
f 2939//2939 2920//2920 2922//2922
f 2925//2925 2923//2923 2943//2943
f 2925//2925 2943//2943 2926//2926
f 2937//2937 2939//2939 2922//2922
f 2937//2937 2922//2922 2924//2924
f 2915//2915 2102//2102 2917//2917
f 2917//2917 2102//2102 2104//2104
f 2917//2917 2104//2104 2935//2935
f 2935//2935 2104//2104 2105//2105
f 2935//2935 2105//2105 2934//2934
f 2934//2934 2105//2105 2103//2103
f 2102//2102 2915//2915 2095//2095
f 2095//2095 2915//2915 2897//2897
f 2095//2095 2897//2897 2898//2898
f 2914//2914 2940//2940 2915//2915
f 2915//2915 2940//2940 2938//2938
f 2915//2915 2938//2938 2897//2897
f 2095//2095 2898//2898 2092//2092
f 2092//2092 2898//2898 2900//2900
f 2092//2092 2900//2900 2081//2081
f 2081//2081 2900//2900 2904//2904
f 2081//2081 2904//2904 2076//2076
f 2076//2076 2904//2904 2841//2841
f 2076//2076 2841//2841 2074//2074
f 2074//2074 2841//2841 2843//2843
f 2074//2074 2843//2843 2072//2072
f 2072//2072 2843//2843 2845//2845
f 2072//2072 2845//2845 2070//2070
f 2070//2070 2845//2845 2847//2847
f 2070//2070 2847//2847 2068//2068
f 2068//2068 2847//2847 2849//2849
f 2068//2068 2849//2849 2065//2065
f 2065//2065 2849//2849 2851//2851
f 2065//2065 2851//2851 2062//2062
f 2062//2062 2851//2851 2853//2853
f 2062//2062 2853//2853 2059//2059
f 2059//2059 2853//2853 2855//2855
f 2059//2059 2855//2855 2857//2857
f 2059//2059 2857//2857 2056//2056
f 2056//2056 2857//2857 2859//2859
f 2056//2056 2859//2859 2053//2053
f 2053//2053 2859//2859 2861//2861
f 2053//2053 2861//2861 2051//2051
f 2051//2051 2861//2861 2863//2863
f 2051//2051 2863//2863 2049//2049
f 2049//2049 2863//2863 2865//2865
f 2049//2049 2865//2865 2047//2047
f 2047//2047 2865//2865 2867//2867
f 2047//2047 2867//2867 2045//2045
f 2045//2045 2867//2867 2822//2822
f 2045//2045 2822//2822 2028//2028
f 2028//2028 2822//2822 2823//2823
f 2028//2028 2823//2823 2029//2029
f 2029//2029 2823//2823 2825//2825
f 2029//2029 2825//2825 2030//2030
f 2030//2030 2825//2825 2827//2827
f 2030//2030 2827//2827 2829//2829
f 2030//2030 2829//2829 2033//2033
f 2033//2033 2829//2829 2831//2831
f 2033//2033 2831//2831 2775//2775
f 2033//2033 2775//2775 2040//2040
f 2040//2040 2775//2775 2774//2774
f 2040//2040 2774//2774 2804//2804
f 2804//2804 2802//2802 2040//2040
f 2040//2040 2802//2802 2773//2773
f 2770//2770 2944//2944 2041//2041
f 2041//2041 2944//2944 2039//2039
f 2039//2039 2944//2944 2945//2945
f 2039//2039 2945//2945 2946//2946
f 2770//2770 2791//2791 2944//2944
f 2944//2944 2791//2791 2947//2947
f 2944//2944 2947//2947 2945//2945
f 2945//2945 2947//2947 2946//2946
f 2946//2946 2947//2947 2948//2948
f 2948//2948 2947//2947 2949//2949
f 2948//2948 2949//2949 2950//2950
f 2950//2950 2949//2949 2792//2792
f 2950//2950 2792//2792 2951//2951
f 2951//2951 2792//2792 2800//2800
f 2951//2951 2800//2800 2952//2952
f 2952//2952 2800//2800 2350//2350
f 2952//2952 2350//2350 2344//2344
f 2947//2947 2791//2791 2949//2949
f 2949//2949 2791//2791 2792//2792
f 2344//2344 2342//2342 2952//2952
f 2952//2952 2342//2342 2340//2340
f 2952//2952 2340//2340 2953//2953
f 2948//2948 2950//2950 2953//2953
f 2953//2953 2950//2950 2951//2951
f 2953//2953 2951//2951 2952//2952
f 2325//2325 2324//2324 2954//2954
f 2954//2954 2324//2324 2955//2955
f 2954//2954 2955//2955 2956//2956
f 2956//2956 2955//2955 2957//2957
f 2956//2956 2957//2957 2958//2958
f 2958//2958 2957//2957 2959//2959
f 2958//2958 2959//2959 2960//2960
f 2960//2960 2959//2959 2961//2961
f 2960//2960 2961//2961 2962//2962
f 2962//2962 2961//2961 2963//2963
f 2962//2962 2963//2963 2964//2964
f 2964//2964 2963//2963 2965//2965
f 2964//2964 2965//2965 2966//2966
f 2966//2966 2965//2965 2967//2967
f 2966//2966 2967//2967 2968//2968
f 2968//2968 2967//2967 2969//2969
f 2968//2968 2969//2969 2970//2970
f 2970//2970 2969//2969 2971//2971
f 2970//2970 2971//2971 2972//2972
f 2972//2972 2971//2971 2973//2973
f 2972//2972 2973//2973 2974//2974
f 2974//2974 2973//2973 2975//2975
f 2974//2974 2975//2975 2976//2976
f 2976//2976 2975//2975 2977//2977
f 2976//2976 2977//2977 2978//2978
f 2978//2978 2977//2977 2979//2979
f 2978//2978 2979//2979 2948//2948
f 2948//2948 2979//2979 2980//2980
f 2948//2948 2980//2980 2946//2946
f 2946//2946 2980//2980 2981//2981
f 2981//2981 2980//2980 2982//2982
f 2981//2981 2982//2982 2983//2983
f 2983//2983 2982//2982 2977//2977
f 2983//2983 2977//2977 2975//2975
f 2955//2955 2984//2984 2957//2957
f 2957//2957 2984//2984 2985//2985
f 2957//2957 2985//2985 2959//2959
f 2959//2959 2985//2985 2986//2986
f 2959//2959 2986//2986 2961//2961
f 2961//2961 2986//2986 2987//2987
f 2961//2961 2987//2987 2963//2963
f 2963//2963 2987//2987 2988//2988
f 2963//2963 2988//2988 2989//2989
f 2989//2989 2988//2988 2990//2990
f 2989//2989 2990//2990 2991//2991
f 2985//2985 2984//2984 2992//2992
f 2992//2992 2984//2984 2993//2993
f 2992//2992 2993//2993 2994//2994
f 2992//2992 2994//2994 2995//2995
f 2995//2995 2994//2994 2996//2996
f 2995//2995 2996//2996 2988//2988
f 2988//2988 2996//2996 2990//2990
f 2989//2989 2991//2991 2997//2997
f 2997//2997 2991//2991 2998//2998
f 2997//2997 2998//2998 2999//2999
f 2999//2999 2998//2998 3000//3000
f 2999//2999 3000//3000 2969//2969
f 2969//2969 3000//3000 2971//2971
f 2998//2998 3001//3001 3000//3000
f 3000//3000 3001//3001 3002//3002
f 3000//3000 3002//3002 2971//2971
f 2971//2971 3002//3002 2973//2973
f 3002//3002 3001//3001 3003//3003
f 3003//3003 3001//3001 2981//2981
f 3003//3003 2981//2981 2983//2983
f 2948//2948 2953//2953 2978//2978
f 2978//2978 2953//2953 3004//3004
f 2978//2978 3004//3004 2976//2976
f 2976//2976 3004//3004 3005//3005
f 2976//2976 3005//3005 2974//2974
f 2974//2974 3005//3005 3006//3006
f 2974//2974 3006//3006 2972//2972
f 2972//2972 3006//3006 3007//3007
f 2972//2972 3007//3007 2970//2970
f 2970//2970 3007//3007 3008//3008
f 2970//2970 3008//3008 2968//2968
f 2968//2968 3008//3008 3009//3009
f 2968//2968 3009//3009 2966//2966
f 2966//2966 3009//3009 3010//3010
f 2966//2966 3010//3010 2964//2964
f 2964//2964 3010//3010 3011//3011
f 2964//2964 3011//3011 3012//3012
f 3012//3012 3011//3011 3013//3013
f 3012//3012 3013//3013 3014//3014
f 3014//3014 3013//3013 2335//2335
f 3014//3014 2335//2335 2334//2334
f 3004//3004 2953//2953 3015//3015
f 3015//3015 2953//2953 2340//2340
f 3015//3015 2340//2340 2338//2338
f 2337//2337 3016//3016 2338//2338
f 2338//2338 3016//3016 3017//3017
f 2338//2338 3017//3017 3018//3018
f 3018//3018 3017//3017 3006//3006
f 3018//3018 3006//3006 3005//3005
f 2336//2336 3019//3019 2337//2337
f 2337//2337 3019//3019 3020//3020
f 2337//2337 3020//3020 3016//3016
f 3016//3016 3020//3020 3008//3008
f 3016//3016 3008//3008 3007//3007
f 2335//2335 3021//3021 2336//2336
f 2336//2336 3021//3021 3022//3022
f 2336//2336 3022//3022 3019//3019
f 3019//3019 3022//3022 3010//3010
f 3019//3019 3010//3010 3009//3009
f 3014//3014 2334//2334 3023//3023
f 3023//3023 2334//2334 2325//2325
f 3023//3023 2325//2325 2954//2954
f 2338//2338 3018//3018 3015//3015
f 3015//3015 3018//3018 3005//3005
f 3015//3015 3005//3005 3004//3004
f 2335//2335 3013//3013 3021//3021
f 3021//3021 3013//3013 3011//3011
f 3021//3021 3011//3011 3022//3022
f 3022//3022 3011//3011 3010//3010
f 2986//2986 2985//2985 2992//2992
f 3023//3023 2954//2954 2956//2956
f 3023//3023 2956//2956 2958//2958
f 2987//2987 2986//2986 2995//2995
f 2995//2995 2986//2986 2992//2992
f 2988//2988 2987//2987 2995//2995
f 3014//3014 3023//3023 2958//2958
f 3014//3014 2958//2958 2960//2960
f 3012//3012 3014//3014 2960//2960
f 3012//3012 2960//2960 2962//2962
f 2965//2965 2963//2963 2989//2989
f 2964//2964 3012//3012 2962//2962
f 2967//2967 2965//2965 2997//2997
f 2997//2997 2965//2965 2989//2989
f 2999//2999 2969//2969 2967//2967
f 3020//3020 3019//3019 3009//3009
f 3020//3020 3009//3009 3008//3008
f 2997//2997 2999//2999 2967//2967
f 2975//2975 2973//2973 3003//3003
f 3003//3003 2973//2973 3002//3002
f 2983//2983 2975//2975 3003//3003
f 3017//3017 3016//3016 3007//3007
f 3017//3017 3007//3007 3006//3006
f 2977//2977 2982//2982 2979//2979
f 2979//2979 2982//2982 2980//2980
f 2326//2326 2333//2333 3024//3024
f 3024//3024 2333//2333 2752//2752
f 3024//3024 2752//2752 3025//3025
f 3025//3025 2752//2752 2753//2753
f 3025//3025 2753//2753 3026//3026
f 3026//3026 2753//2753 2755//2755
f 3026//3026 2755//2755 3027//3027
f 3027//3027 2755//2755 3028//3028
f 3027//3027 3028//3028 2984//2984
f 2984//2984 3028//3028 2993//2993
f 2993//2993 3028//3028 3029//3029
f 3029//3029 3028//3028 3030//3030
f 3030//3030 3028//3028 2757//2757
f 2757//2757 3028//3028 2755//2755
f 3027//3027 2984//2984 3026//3026
f 3026//3026 2984//2984 2955//2955
f 3026//3026 2955//2955 3025//3025
f 3025//3025 2955//2955 3024//3024
f 2955//2955 2324//2324 3024//3024
f 3024//3024 2324//2324 2327//2327
f 3024//3024 2327//2327 2326//2326
f 2598//2598 2617//2617 2767//2767
f 2767//2767 2617//2617 3031//3031
f 2767//2767 3031//3031 2768//2768
f 2768//2768 3031//3031 2769//2769
f 2769//2769 3031//3031 3032//3032
f 3032//3032 3031//3031 3033//3033
f 3032//3032 3033//3033 3034//3034
f 3034//3034 3033//3033 2618//2618
f 3034//3034 2618//2618 3035//3035
f 3035//3035 2618//2618 2620//2620
f 3035//3035 2620//2620 3036//3036
f 3036//3036 2620//2620 2435//2435
f 3036//3036 2435//2435 2381//2381
f 3031//3031 2617//2617 3033//3033
f 3033//3033 2617//2617 2618//2618
f 2381//2381 2382//2382 3036//3036
f 3036//3036 2382//2382 2384//2384
f 3036//3036 2384//2384 3037//3037
f 3032//3032 3034//3034 3037//3037
f 3037//3037 3034//3034 3035//3035
f 3037//3037 3035//3035 3036//3036
f 2395//2395 2397//2397 3038//3038
f 3038//3038 2397//2397 3039//3039
f 3038//3038 3039//3039 3040//3040
f 3040//3040 3039//3039 3041//3041
f 3040//3040 3041//3041 3042//3042
f 3042//3042 3041//3041 3043//3043
f 3042//3042 3043//3043 3044//3044
f 3044//3044 3043//3043 3045//3045
f 3044//3044 3045//3045 3046//3046
f 3046//3046 3045//3045 3047//3047
f 3046//3046 3047//3047 3048//3048
f 3048//3048 3047//3047 3049//3049
f 3048//3048 3049//3049 3050//3050
f 3050//3050 3049//3049 3051//3051
f 3050//3050 3051//3051 3052//3052
f 3052//3052 3051//3051 3053//3053
f 3052//3052 3053//3053 3054//3054
f 3054//3054 3053//3053 3055//3055
f 3054//3054 3055//3055 3056//3056
f 3056//3056 3055//3055 3057//3057
f 3056//3056 3057//3057 3058//3058
f 3058//3058 3057//3057 3059//3059
f 3058//3058 3059//3059 3060//3060
f 3060//3060 3059//3059 3061//3061
f 3060//3060 3061//3061 3062//3062
f 3062//3062 3061//3061 3063//3063
f 3062//3062 3063//3063 3064//3064
f 3064//3064 3063//3063 3065//3065
f 3064//3064 3065//3065 3032//3032
f 3032//3032 3065//3065 3066//3066
f 3032//3032 3066//3066 2769//2769
f 2769//2769 3066//3066 3067//3067
f 3067//3067 3066//3066 3068//3068
f 3067//3067 3068//3068 3069//3069
f 3069//3069 3068//3068 3063//3063
f 3069//3069 3063//3063 3061//3061
f 3039//3039 3070//3070 3041//3041
f 3041//3041 3070//3070 3071//3071
f 3041//3041 3071//3071 3043//3043
f 3043//3043 3071//3071 3072//3072
f 3043//3043 3072//3072 3045//3045
f 3045//3045 3072//3072 3073//3073
f 3045//3045 3073//3073 3047//3047
f 3047//3047 3073//3073 3074//3074
f 3047//3047 3074//3074 3049//3049
f 3049//3049 3074//3074 3075//3075
f 3049//3049 3075//3075 3051//3051
f 3051//3051 3075//3075 3076//3076
f 3051//3051 3076//3076 3053//3053
f 3053//3053 3076//3076 3077//3077
f 3053//3053 3077//3077 3055//3055
f 3055//3055 3077//3077 3078//3078
f 3055//3055 3078//3078 3057//3057
f 3057//3057 3078//3078 3079//3079
f 3057//3057 3079//3079 3059//3059
f 3059//3059 3079//3079 3080//3080
f 3059//3059 3080//3080 3061//3061
f 3061//3061 3080//3080 3069//3069
f 3071//3071 3070//3070 3081//3081
f 3081//3081 3070//3070 3082//3082
f 3081//3081 3082//3082 3083//3083
f 3081//3081 3083//3083 3084//3084
f 3084//3084 3083//3083 3085//3085
f 3084//3084 3085//3085 3086//3086
f 3086//3086 3085//3085 3087//3087
f 3086//3086 3087//3087 3074//3074
f 3074//3074 3087//3087 3075//3075
f 3087//3087 3088//3088 3075//3075
f 3075//3075 3088//3088 3076//3076
f 3088//3088 3089//3089 3076//3076
f 3076//3076 3089//3089 3077//3077
f 3077//3077 3089//3089 3078//3078
f 3078//3078 3089//3089 3090//3090
f 3078//3078 3090//3090 3079//3079
f 3079//3079 3090//3090 3067//3067
f 3079//3079 3067//3067 3080//3080
f 3080//3080 3067//3067 3069//3069
f 3032//3032 3037//3037 3064//3064
f 3064//3064 3037//3037 3091//3091
f 3064//3064 3091//3091 3062//3062
f 3062//3062 3091//3091 3092//3092
f 3062//3062 3092//3092 3060//3060
f 3060//3060 3092//3092 3093//3093
f 3060//3060 3093//3093 3058//3058
f 3058//3058 3093//3093 3094//3094
f 3058//3058 3094//3094 3056//3056
f 3056//3056 3094//3094 3095//3095
f 3056//3056 3095//3095 3054//3054
f 3054//3054 3095//3095 3096//3096
f 3054//3054 3096//3096 3052//3052
f 3052//3052 3096//3096 3097//3097
f 3052//3052 3097//3097 3050//3050
f 3050//3050 3097//3097 3098//3098
f 3050//3050 3098//3098 3048//3048
f 3048//3048 3098//3098 3099//3099
f 3048//3048 3099//3099 3046//3046
f 3046//3046 3099//3099 3100//3100
f 3046//3046 3100//3100 3044//3044
f 3044//3044 3100//3100 3101//3101
f 3044//3044 3101//3101 3042//3042
f 3042//3042 3101//3101 3102//3102
f 3042//3042 3102//3102 3040//3040
f 3040//3040 3102//3102 3038//3038
f 3091//3091 3037//3037 3103//3103
f 3103//3103 3037//3037 2384//2384
f 3103//3103 2384//2384 2385//2385
f 2387//2387 3104//3104 2385//2385
f 2385//2385 3104//3104 3105//3105
f 2385//2385 3105//3105 3106//3106
f 3106//3106 3105//3105 3093//3093
f 3106//3106 3093//3093 3092//3092
f 2389//2389 3107//3107 2387//2387
f 2387//2387 3107//3107 3108//3108
f 2387//2387 3108//3108 3104//3104
f 3104//3104 3108//3108 3095//3095
f 3104//3104 3095//3095 3094//3094
f 2391//2391 3109//3109 2389//2389
f 2389//2389 3109//3109 3110//3110
f 2389//2389 3110//3110 3107//3107
f 3107//3107 3110//3110 3097//3097
f 3107//3107 3097//3097 3096//3096
f 2393//2393 3111//3111 2391//2391
f 2391//2391 3111//3111 3112//3112
f 2391//2391 3112//3112 3109//3109
f 3109//3109 3112//3112 3099//3099
f 3109//3109 3099//3099 3098//3098
f 2395//2395 3102//3102 2393//2393
f 2393//2393 3102//3102 3101//3101
f 2393//2393 3101//3101 3111//3111
f 3111//3111 3101//3101 3100//3100
f 3111//3111 3100//3100 3112//3112
f 3112//3112 3100//3100 3099//3099
f 3102//3102 2395//2395 3038//3038
f 2385//2385 3106//3106 3103//3103
f 3103//3103 3106//3106 3092//3092
f 3103//3103 3092//3092 3091//3091
f 3072//3072 3071//3071 3081//3081
f 3073//3073 3072//3072 3084//3084
f 3084//3084 3072//3072 3081//3081
f 3074//3074 3073//3073 3086//3086
f 3086//3086 3073//3073 3084//3084
f 3110//3110 3109//3109 3098//3098
f 3110//3110 3098//3098 3097//3097
f 3108//3108 3107//3107 3096//3096
f 3108//3108 3096//3096 3095//3095
f 3063//3063 3068//3068 3065//3065
f 3065//3065 3068//3068 3066//3066
f 3094//3094 3093//3093 3105//3105
f 3104//3104 3094//3094 3105//3105
f 2401//2401 2434//2434 3113//3113
f 3113//3113 2434//2434 2929//2929
f 3113//3113 2929//2929 3114//3114
f 3114//3114 2929//2929 2930//2930
f 3114//3114 2930//2930 3115//3115
f 3115//3115 2930//2930 2932//2932
f 3115//3115 2932//2932 3116//3116
f 3116//3116 2932//2932 3117//3117
f 3116//3116 3117//3117 3070//3070
f 3070//3070 3117//3117 3082//3082
f 3082//3082 3117//3117 3118//3118
f 3118//3118 3117//3117 3119//3119
f 3119//3119 3117//3117 2934//2934
f 2934//2934 3117//3117 2932//2932
f 3116//3116 3070//3070 3115//3115
f 3115//3115 3070//3070 3039//3039
f 3115//3115 3039//3039 3114//3114
f 3114//3114 3039//3039 3113//3113
f 3039//3039 2397//2397 3113//3113
f 3113//3113 2397//2397 2399//2399
f 3113//3113 2399//2399 2401//2401
f 2757//2757 1892//1892 3030//3030
f 3030//3030 1892//1892 1890//1890
f 3030//3030 1890//1890 3029//3029
f 3029//3029 1890//1890 2993//2993
f 2769//2769 3067//3067 1920//1920
f 1920//1920 3067//3067 1919//1919
f 1919//1919 3067//3067 3090//3090
f 1919//1919 3090//3090 3089//3089
f 1919//1919 3089//3089 1918//1918
f 1918//1918 3089//3089 3088//3088
f 1918//1918 3088//3088 2099//2099
f 2099//2099 3088//3088 3087//3087
f 2099//2099 3087//3087 2100//2100
f 2100//2100 3087//3087 3085//3085
f 2100//2100 3085//3085 3083//3083
f 3082//3082 2101//2101 3083//3083
f 3083//3083 2101//2101 2100//2100
f 1918//1918 2099//2099 1917//1917
f 1917//1917 2099//2099 2098//2098
f 1917//1917 2098//2098 1916//1916
f 1916//1916 2098//2098 2097//2097
f 1916//1916 2097//2097 1915//1915
f 1915//1915 2097//2097 2096//2096
f 1915//1915 2096//2096 1913//1913
f 1913//1913 2096//2096 2094//2094
f 1913//1913 2094//2094 1912//1912
f 1912//1912 2094//2094 2093//2093
f 2934//2934 2103//2103 3119//3119
f 3119//3119 2103//2103 2101//2101
f 3119//3119 2101//2101 3118//3118
f 3118//3118 2101//2101 3082//3082
f 2356//2356 3120//3120 2357//2357
f 2357//2357 3120//3120 3121//3121
f 2357//2357 3121//3121 3122//3122
f 3122//3122 3121//3121 2130//2130
f 2130//2130 3121//3121 3123//3123
f 2130//2130 3123//3123 2128//2128
f 2128//2128 3123//3123 3124//3124
f 2128//2128 3124//3124 3125//3125
f 3125//3125 3124//3124 3126//3126
f 3125//3125 3126//3126 3127//3127
f 2356//2356 3128//3128 3120//3120
f 3120//3120 3128//3128 3124//3124
f 3120//3120 3124//3124 3123//3123
f 3128//3128 3126//3126 3124//3124
f 2126//2126 2127//2127 3127//3127
f 3127//3127 2127//2127 3125//3125
f 2127//2127 2128//2128 3125//3125
f 3120//3120 3123//3123 3121//3121
f 3129//3129 2446//2446 3130//3130
f 3130//3130 2446//2446 2448//2448
f 3130//3130 2448//2448 2450//2450
f 2450//2450 2452//2452 3130//3130
f 3130//3130 2452//2452 2454//2454
f 3130//3130 2454//2454 3131//3131
f 3130//3130 3131//3131 3132//3132
f 3132//3132 3131//3131 3133//3133
f 3132//3132 3133//3133 3134//3134
f 3134//3134 3133//3133 3135//3135
f 3134//3134 3135//3135 3136//3136
f 3136//3136 3129//3129 3134//3134
f 3134//3134 3129//3129 3132//3132
f 3132//3132 3129//3129 3130//3130
f 2283//2283 2297//2297 2284//2284
f 2284//2284 2297//2297 2288//2288
f 2288//2288 2297//2297 2290//2290
f 2290//2290 2297//2297 3137//3137
f 2290//2290 3137//3137 3138//3138
f 3138//3138 3137//3137 3139//3139
f 3138//3138 3139//3139 3140//3140
f 3140//3140 3139//3139 3141//3141
f 3140//3140 3141//3141 3142//3142
f 3142//3142 3141//3141 3143//3143
f 3143//3143 3141//3141 3144//3144
f 3144//3144 3141//3141 3145//3145
f 3145//3145 3141//3141 1666//1666
f 3145//3145 1666//1666 3146//3146
f 3146//3146 1666//1666 3147//3147
f 3147//3147 1666//1666 1585//1585
f 3147//3147 1585//1585 1819//1819
f 3141//3141 3148//3148 1666//1666
f 1666//1666 1668//1668 1585//1585
f 1585//1585 1668//1668 1586//1586
f 1586//1586 1668//1668 1709//1709
f 1586//1586 1709//1709 1591//1591
f 1591//1591 1709//1709 1574//1574
f 1574//1574 1709//1709 1707//1707
f 1574//1574 1707//1707 1093//1093
f 1093//1093 1707//1707 1683//1683
f 1093//1093 1683//1683 1684//1684
f 1684//1684 1685//1685 1093//1093
f 1093//1093 1685//1685 1706//1706
f 1093//1093 1706//1706 1689//1689
f 1689//1689 1690//1690 1093//1093
f 1093//1093 1690//1690 1094//1094
f 2494//2494 3149//3149 2477//2477
f 2477//2477 3149//3149 3150//3150
f 2477//2477 3150//3150 2478//2478
f 2478//2478 3150//3150 3151//3151
f 2478//2478 3151//3151 2454//2454
f 2454//2454 3151//3151 3131//3131
f 3131//3131 3151//3151 3133//3133
f 3133//3133 3151//3151 3152//3152
f 3133//3133 3152//3152 3135//3135
f 3135//3135 3152//3152 3153//3153
f 3153//3153 3152//3152 3154//3154
f 3154//3154 3152//3152 3155//3155
f 3155//3155 3152//3152 3156//3156
f 3156//3156 3152//3152 3157//3157
f 3156//3156 3157//3157 3158//3158
f 3158//3158 3157//3157 3159//3159
f 3159//3159 3157//3157 3160//3160
f 3160//3160 3157//3157 3149//3149
f 3149//3149 3157//3157 3150//3150
f 2494//2494 2496//2496 3149//3149
f 3149//3149 2496//2496 2495//2495
f 3151//3151 3150//3150 3157//3157
f 3152//3152 3151//3151 3157//3157
f 3149//3149 2495//2495 3161//3161
f 3161//3161 2495//2495 2501//2501
f 3161//3161 2501//2501 2507//2507
f 2507//2507 3162//3162 3161//3161
f 3161//3161 3162//3162 3163//3163
f 3161//3161 3163//3163 3149//3149
f 3149//3149 3163//3163 3160//3160
f 3160//3160 3163//3163 3164//3164
f 3160//3160 3164//3164 3159//3159
f 3159//3159 3164//3164 3165//3165
f 3165//3165 3164//3164 3166//3166
f 3166//3166 3164//3164 3167//3167
f 3167//3167 3164//3164 3168//3168
f 3167//3167 3168//3168 3169//3169
f 3162//3162 3168//3168 3163//3163
f 3163//3163 3168//3168 3164//3164
f 3162//3162 2507//2507 3170//3170
f 3170//3170 2507//2507 2516//2516
f 3170//3170 2516//2516 3171//3171
f 3171//3171 2516//2516 2515//2515
f 3171//3171 2515//2515 3172//3172
f 3172//3172 2515//2515 2518//2518
f 3172//3172 2518//2518 3173//3173
f 3173//3173 2518//2518 3174//3174
f 3173//3173 3174//3174 3175//3175
f 3175//3175 3174//3174 3176//3176
f 3175//3175 3176//3176 3177//3177
f 3177//3177 3176//3176 3178//3178
f 3177//3177 3178//3178 3179//3179
f 2518//2518 2519//2519 3174//3174
f 3176//3176 3180//3180 3178//3178
f 3179//3179 3181//3181 3177//3177
f 3177//3177 3181//3181 3182//3182
f 3177//3177 3182//3182 3183//3183
f 3177//3177 3183//3183 3184//3184
f 3184//3184 3183//3183 3185//3185
f 3184//3184 3185//3185 3186//3186
f 3186//3186 3185//3185 3187//3187
f 3186//3186 3187//3187 3188//3188
f 3186//3186 3188//3188 3189//3189
f 3189//3189 3188//3188 3169//3169
f 3189//3189 3169//3169 3168//3168
f 3189//3189 3168//3168 3190//3190
f 3190//3190 3168//3168 3162//3162
f 3190//3190 3162//3162 3170//3170
f 3172//3172 3173//3173 3191//3191
f 3191//3191 3173//3173 3175//3175
f 3191//3191 3175//3175 3184//3184
f 3184//3184 3175//3175 3177//3177
f 3190//3190 3170//3170 3171//3171
f 3171//3171 3172//3172 3192//3192
f 3192//3192 3172//3172 3191//3191
f 3192//3192 3191//3191 3186//3186
f 3186//3186 3191//3191 3184//3184
f 3189//3189 3190//3190 3192//3192
f 3192//3192 3190//3190 3171//3171
f 3189//3189 3192//3192 3186//3186
f 3174//3174 2519//2519 3193//3193
f 3193//3193 2519//2519 2531//2531
f 3193//3193 2531//2531 2530//2530
f 3193//3193 2530//2530 3194//3194
f 3194//3194 2530//2530 2533//2533
f 3194//3194 2533//2533 3195//3195
f 3195//3195 2533//2533 3196//3196
f 3195//3195 3196//3196 3197//3197
f 3197//3197 3196//3196 3198//3198
f 3197//3197 3198//3198 3199//3199
f 3199//3199 3198//3198 3200//3200
f 3199//3199 3200//3200 3201//3201
f 3201//3201 3200//3200 3202//3202
f 3202//3202 3200//3200 3203//3203
f 3203//3203 3200//3200 3204//3204
f 3204//3204 3200//3200 3205//3205
f 3205//3205 3200//3200 3206//3206
f 3206//3206 3200//3200 3198//3198
f 3206//3206 3198//3198 3207//3207
f 3207//3207 3198//3198 3196//3196
f 3207//3207 3196//3196 2534//2534
f 2534//2534 3196//3196 2533//2533
f 3201//3201 3208//3208 3199//3199
f 3199//3199 3208//3208 3209//3209
f 3199//3199 3209//3209 3197//3197
f 3197//3197 3209//3209 3210//3210
f 3197//3197 3210//3210 3195//3195
f 3195//3195 3210//3210 3194//3194
f 3208//3208 3211//3211 3209//3209
f 3209//3209 3211//3211 3212//3212
f 3209//3209 3212//3212 3213//3213
f 3180//3180 3176//3176 3213//3213
f 3213//3213 3176//3176 3214//3214
f 3213//3213 3214//3214 3209//3209
f 3209//3209 3214//3214 3210//3210
f 3214//3214 3176//3176 3215//3215
f 3215//3215 3176//3176 3174//3174
f 3215//3215 3174//3174 3193//3193
f 3215//3215 3193//3193 3194//3194
f 3215//3215 3194//3194 3210//3210
f 3214//3214 3215//3215 3210//3210
f 2542//2542 2544//2544 2534//2534
f 2534//2534 2544//2544 3216//3216
f 2534//2534 3216//3216 3207//3207
f 3207//3207 3216//3216 3217//3217
f 3207//3207 3217//3217 3206//3206
f 3206//3206 3217//3217 3218//3218
f 3206//3206 3218//3218 3219//3219
f 3219//3219 3218//3218 3220//3220
f 3220//3220 3218//3218 3221//3221
f 3221//3221 3218//3218 3222//3222
f 3221//3221 3222//3222 3223//3223
f 2544//2544 3224//3224 3216//3216
f 3216//3216 3224//3224 3217//3217
f 3224//3224 3222//3222 3217//3217
f 3217//3217 3222//3222 3218//3218
f 3219//3219 3205//3205 3206//3206
f 2561//2561 3225//3225 2554//2554
f 2554//2554 3225//3225 3224//3224
f 2554//2554 3224//3224 2552//2552
f 2552//2552 3224//3224 2553//2553
f 2553//2553 3224//3224 2544//2544
f 3225//3225 2561//2561 3226//3226
f 3226//3226 2561//2561 2560//2560
f 3226//3226 2560//2560 3227//3227
f 3227//3227 3228//3228 3226//3226
f 3226//3226 3228//3228 3229//3229
f 3226//3226 3229//3229 3225//3225
f 3225//3225 3229//3229 3230//3230
f 3225//3225 3230//3230 3224//3224
f 3224//3224 3230//3230 3222//3222
f 3222//3222 3230//3230 3223//3223
f 3223//3223 3230//3230 3231//3231
f 3231//3231 3230//3230 3232//3232
f 3232//3232 3230//3230 3229//3229
f 3232//3232 3229//3229 3233//3233
f 3233//3233 3229//3229 3234//3234
f 3234//3234 3229//3229 3235//3235
f 3235//3235 3229//3229 3228//3228
f 3235//3235 3228//3228 3236//3236
f 2560//2560 2583//2583 3227//3227
f 3227//3227 2583//2583 3237//3237
f 3227//3227 3237//3237 3238//3238
f 3238//3238 3237//3237 3239//3239
f 3238//3238 3239//3239 3240//3240
f 3240//3240 3239//3239 3241//3241
f 3240//3240 3241//3241 3228//3228
f 3228//3228 3241//3241 3236//3236
f 2583//2583 2582//2582 3237//3237
f 3237//3237 2582//2582 2580//2580
f 3237//3237 2580//2580 2579//2579
f 2579//2579 3239//3239 3237//3237
f 3240//3240 3228//3228 3238//3238
f 3238//3238 3228//3228 3227//3227
f 2428//2428 3242//3242 2429//2429
f 2429//2429 3242//3242 3243//3243
f 2429//2429 3243//3243 3244//3244
f 3244//3244 3243//3243 3245//3245
f 3244//3244 3245//3245 3246//3246
f 3246//3246 3245//3245 3247//3247
f 3246//3246 3247//3247 3248//3248
f 3248//3248 3247//3247 2120//2120
f 3248//3248 2120//2120 2121//2121
f 3243//3243 3242//3242 3249//3249
f 3249//3249 3242//3242 2107//2107
f 3249//3249 2107//2107 2118//2118
f 2120//2120 3247//3247 2118//2118
f 2118//2118 3247//3247 3245//3245
f 2118//2118 3245//3245 3250//3250
f 3250//3250 3245//3245 3249//3249
f 3250//3250 3249//3249 2118//2118
f 3249//3249 3245//3245 3243//3243
f 2172//2172 2163//2163 2408//2408
f 2408//2408 2163//2163 2142//2142
f 2408//2408 2142//2142 2144//2144
f 2408//2408 2144//2144 3251//3251
f 3251//3251 2144//2144 3252//3252
f 3251//3251 3252//3252 3253//3253
f 3253//3253 3252//3252 3254//3254
f 3253//3253 3254//3254 3255//3255
f 3255//3255 3254//3254 3256//3256
f 3255//3255 3256//3256 3257//3257
f 3257//3257 3258//3258 3255//3255
f 3255//3255 3258//3258 3259//3259
f 3255//3255 3259//3259 1783//1783
f 1783//1783 3259//3259 3260//3260
f 1783//1783 3260//3260 3261//3261
f 1847//1847 1636//1636 3261//3261
f 3261//3261 1636//1636 1783//1783
f 1783//1783 1636//1636 1777//1777
f 1777//1777 1636//1636 1621//1621
f 1777//1777 1621//1621 1778//1778
f 1778//1778 1621//1621 1620//1620
f 1778//1778 1620//1620 1617//1617
f 1778//1778 1617//1617 1785//1785
f 1785//1785 1617//1617 1228//1228
f 1785//1785 1228//1228 1794//1794
f 1794//1794 1228//1228 1799//1799
f 1799//1799 1228//1228 1800//1800
f 1800//1800 1228//1228 1801//1801
f 1801//1801 1228//1228 1804//1804
f 1804//1804 1228//1228 1806//1806
f 1806//1806 1228//1228 1229//1229
f 1783//1783 1873//1873 3255//3255
f 2427//2427 2111//2111 2428//2428
f 2428//2428 2111//2111 2109//2109
f 2428//2428 2109//2109 3242//3242
f 3242//3242 2109//2109 2107//2107
f 2424//2424 3262//3262 2427//2427
f 2427//2427 3262//3262 2116//2116
f 2427//2427 2116//2116 2113//2113
f 3262//3262 2424//2424 3263//3263
f 3263//3263 2424//2424 2422//2422
f 3263//3263 2422//2422 3264//3264
f 3264//3264 2422//2422 2420//2420
f 3264//3264 2420//2420 2419//2419
f 3264//3264 2419//2419 3265//3265
f 3265//3265 2419//2419 2417//2417
f 3265//3265 2417//2417 2415//2415
f 3265//3265 2415//2415 3266//3266
f 3266//3266 2415//2415 2411//2411
f 3266//3266 2411//2411 3267//3267
f 3267//3267 2411//2411 2410//2410
f 3267//3267 2410//2410 1865//1865
f 1865//1865 2410//2410 1866//1866
f 1866//1866 2410//2410 1867//1867
f 1867//1867 2410//2410 2409//2409
f 1867//1867 2409//2409 1868//1868
f 1868//1868 2409//2409 3268//3268
f 1868//1868 3268//3268 1870//1870
f 2113//2113 2111//2111 2427//2427
f 50//50 2363//2363 38//38
f 38//38 2363//2363 2301//2301
f 38//38 2301//2301 2302//2302
f 2363//2363 50//50 2361//2361
f 2361//2361 50//50 49//49
f 2361//2361 49//49 2359//2359
f 2359//2359 49//49 48//48
f 2359//2359 48//48 2320//2320
f 2320//2320 48//48 47//47
f 2320//2320 47//47 2318//2318
f 2318//2318 47//47 46//46
f 2318//2318 46//46 2316//2316
f 2316//2316 46//46 45//45
f 2316//2316 45//45 2315//2315
f 2315//2315 45//45 44//44
f 2315//2315 44//44 2313//2313
f 2313//2313 44//44 2311//2311
f 2311//2311 44//44 43//43
f 2311//2311 43//43 2310//2310
f 2310//2310 43//43 42//42
f 2310//2310 42//42 2308//2308
f 2308//2308 42//42 41//41
f 2308//2308 41//41 2307//2307
f 2307//2307 41//41 40//40
f 2307//2307 40//40 2305//2305
f 2305//2305 40//40 39//39
f 2305//2305 39//39 2304//2304
f 2304//2304 39//39 37//37
f 2304//2304 37//37 2302//2302
f 2302//2302 37//37 38//38
f 2268//2268 2294//2294 3269//3269
f 3269//3269 2294//2294 3270//3270
f 3269//3269 3270//3270 3271//3271
f 3271//3271 3270//3270 3138//3138
f 3271//3271 3138//3138 3272//3272
f 3272//3272 3138//3138 3140//3140
f 3272//3272 3140//3140 3273//3273
f 3273//3273 3140//3140 3274//3274
f 2294//2294 2293//2293 3270//3270
f 3270//3270 2293//2293 2291//2291
f 3270//3270 2291//2291 2290//2290
f 2290//2290 3138//3138 3270//3270
f 3272//3272 3273//3273 3271//3271
f 3271//3271 3273//3273 3269//3269
f 3140//3140 3142//3142 3274//3274
f 3274//3274 3142//3142 3143//3143
f 3274//3274 3143//3143 3144//3144
f 3275//3275 2425//2425 3276//3276
f 3276//3276 2425//2425 2426//2426
f 3276//3276 2426//2426 2443//2443
f 2425//2425 3275//3275 2423//2423
f 2423//2423 3275//3275 3277//3277
f 2423//2423 3277//3277 2421//2421
f 2421//2421 3277//3277 3278//3278
f 2421//2421 3278//3278 2418//2418
f 2418//2418 3278//3278 3279//3279
f 2418//2418 3279//3279 2416//2416
f 2416//2416 3279//3279 3280//3280
f 2416//2416 3280//3280 2414//2414
f 2414//2414 3280//3280 3281//3281
f 2414//2414 3281//3281 2413//2413
f 2413//2413 3281//3281 3282//3282
f 2413//2413 3282//3282 2412//2412
f 2412//2412 3282//3282 2437//2437
f 2437//2437 3282//3282 3283//3283
f 2437//2437 3283//3283 2438//2438
f 2438//2438 3283//3283 3284//3284
f 2438//2438 3284//3284 2439//2439
f 2439//2439 3284//3284 3285//3285
f 2439//2439 3285//3285 2440//2440
f 2440//2440 3285//3285 3286//3286
f 2440//2440 3286//3286 2441//2441
f 2441//2441 3286//3286 3287//3287
f 2441//2441 3287//3287 2442//2442
f 2442//2442 3287//3287 3288//3288
f 2442//2442 3288//3288 2443//2443
f 2443//2443 3288//3288 3276//3276
f 3252//3252 2144//2144 3289//3289
f 3289//3289 2144//2144 2146//2146
f 3289//3289 2146//2146 2148//2148
f 2148//2148 2150//2150 3289//3289
f 3289//3289 2150//2150 2152//2152
f 3289//3289 2152//2152 3290//3290
f 3289//3289 3290//3290 3291//3291
f 3291//3291 3290//3290 3292//3292
f 3291//3291 3292//3292 3293//3293
f 3293//3293 3292//3292 3294//3294
f 3293//3293 3294//3294 3254//3254
f 3254//3254 3252//3252 3293//3293
f 3293//3293 3252//3252 3291//3291
f 3291//3291 3252//3252 3289//3289
f 3258//3258 3257//3257 3294//3294
f 3294//3294 3257//3257 3256//3256
f 3294//3294 3256//3256 3254//3254
f 3295//3295 3296//3296 3135//3135
f 3135//3135 3296//3296 3297//3297
f 3135//3135 3297//3297 3136//3136
f 2093//2093 2080//2080 1912//1912
f 1912//1912 2080//2080 1910//1910
f 1910//1910 2080//2080 2083//2083
f 1910//1910 2083//2083 1925//1925
f 1925//1925 2083//2083 2085//2085
f 1925//1925 2085//2085 1926//1926
f 1926//1926 2085//2085 2087//2087
f 1926//1926 2087//2087 1927//1927
f 1927//1927 2087//2087 2089//2089
f 1927//1927 2089//2089 1928//1928
f 1928//1928 2089//2089 2091//2091
f 1928//1928 2091//2091 1735//1735
f 2014//2014 2016//2016 1720//1720
f 1720//1720 2016//2016 1880//1880
f 1880//1880 2016//2016 2018//2018
f 1880//1880 2018//2018 1879//1879
f 1879//1879 2018//2018 2020//2020
f 1879//1879 2020//2020 1878//1878
f 1878//1878 2020//2020 2022//2022
f 1878//1878 2022//2022 1874//1874
f 1874//1874 2022//2022 2024//2024
f 1874//1874 2024//2024 1875//1875
f 1875//1875 2024//2024 2031//2031
f 1875//1875 2031//2031 1882//1882
f 2946//2946 2981//2981 2039//2039
f 2039//2039 2981//2981 2038//2038
f 2038//2038 2981//2981 3001//3001
f 2038//2038 3001//3001 2998//2998
f 2038//2038 2998//2998 2037//2037
f 2037//2037 2998//2998 2991//2991
f 2037//2037 2991//2991 1888//1888
f 1888//1888 2991//2991 2990//2990
f 1888//1888 2990//2990 1889//1889
f 1889//1889 2990//2990 2996//2996
f 1889//1889 2996//2996 2994//2994
f 2993//2993 1890//1890 2994//2994
f 2994//2994 1890//1890 1889//1889
f 2037//2037 1888//1888 2036//2036
f 2036//2036 1888//1888 1887//1887
f 2036//2036 1887//1887 2035//2035
f 2035//2035 1887//1887 1886//1886
f 2035//2035 1886//1886 2034//2034
f 2034//2034 1886//1886 1885//1885
f 2034//2034 1885//1885 2032//2032
f 2032//2032 1885//1885 1883//1883
f 2032//2032 1883//1883 2031//2031
f 2031//2031 1883//1883 1882//1882
f 1699//1699 3298//3298 1698//1698
f 1698//1698 3298//3298 3299//3299
f 1698//1698 3299//3299 1717//1717
f 1717//1717 3299//3299 3300//3300
f 1717//1717 3300//3300 3301//3301
f 3298//3298 1699//1699 3302//3302
f 3302//3302 1699//1699 1693//1693
f 3302//3302 1693//1693 3303//3303
f 3303//3303 1693//1693 1664//1664
f 3303//3303 1664//1664 3148//3148
f 3148//3148 1664//1664 1666//1666
f 1717//1717 3301//3301 1719//1719
f 1719//1719 3301//3301 3304//3304
f 1719//1719 3304//3304 3305//3305
f 3305//3305 1757//1757 1719//1719
f 3241//3241 3306//3306 3236//3236
f 3236//3236 3306//3306 3307//3307
f 3236//3236 3307//3307 3308//3308
f 3147//3147 1819//1819 3309//3309
f 3309//3309 1819//1819 1820//1820
f 3309//3309 1820//1820 3310//3310
f 3310//3310 1820//1820 1821//1821
f 3310//3310 3311//3311 3309//3309
f 3309//3309 3311//3311 3147//3147
f 3274//3274 3145//3145 3311//3311
f 3311//3311 3145//3145 3146//3146
f 3311//3311 3146//3146 3147//3147
f 3274//3274 3144//3144 3145//3145
f 2269//2269 3312//3312 2260//2260
f 2260//2260 3312//3312 3313//3313
f 2260//2260 3313//3313 2249//2249
f 3312//3312 2269//2269 3314//3314
f 3314//3314 2269//2269 2268//2268
f 3314//3314 2268//2268 3269//3269
f 3269//3269 3273//3273 3314//3314
f 3314//3314 3273//3273 3315//3315
f 3314//3314 3315//3315 3312//3312
f 3312//3312 3315//3315 3316//3316
f 3312//3312 3316//3316 3313//3313
f 3313//3313 3316//3316 3317//3317
f 3317//3317 3316//3316 1824//1824
f 1824//1824 3316//3316 1823//1823
f 1823//1823 3316//3316 1822//1822
f 1822//1822 3316//3316 3315//3315
f 1822//1822 3315//3315 1821//1821
f 1821//1821 3315//3315 3310//3310
f 3310//3310 3315//3315 3311//3311
f 3311//3311 3315//3315 3273//3273
f 3311//3311 3273//3273 3274//3274
f 2259//2259 2258//2258 2249//2249
f 2249//2249 2258//2258 2260//2260
f 2247//2247 2249//2249 2239//2239
f 2239//2239 2249//2249 3318//3318
f 2239//2239 3318//3318 3319//3319
f 3319//3319 3318//3318 3320//3320
f 3319//3319 3320//3320 3321//3321
f 3321//3321 3320//3320 3322//3322
f 3321//3321 3322//3322 1827//1827
f 1827//1827 3322//3322 1826//1826
f 1826//1826 3322//3322 1825//1825
f 1825//1825 3322//3322 3317//3317
f 1825//1825 3317//3317 1824//1824
f 2249//2249 3313//3313 3318//3318
f 3318//3318 3313//3313 3320//3320
f 3313//3313 3317//3317 3320//3320
f 3320//3320 3317//3317 3322//3322
f 1827//1827 1828//1828 3321//3321
f 3323//3323 3324//3324 3325//3325
f 3325//3325 3324//3324 3326//3326
f 3325//3325 3326//3326 3234//3234
f 3234//3234 3326//3326 3233//3233
f 3234//3234 3235//3235 3325//3325
f 3325//3325 3235//3235 3323//3323
f 3236//3236 3327//3327 3235//3235
f 3235//3235 3327//3327 3328//3328
f 3235//3235 3328//3328 3323//3323
f 3236//3236 3308//3308 3327//3327
f 3155//3155 3329//3329 3154//3154
f 3154//3154 3329//3329 3330//3330
f 3154//3154 3330//3330 3153//3153
f 3153//3153 3330//3330 3295//3295
f 3153//3153 3295//3295 3135//3135
f 3329//3329 3331//3331 3330//3330
f 3330//3330 3331//3331 3332//3332
f 3330//3330 3332//3332 3333//3333
f 3333//3333 3334//3334 3330//3330
f 3330//3330 3334//3334 3295//3295
f 2408//2408 3335//3335 2409//2409
f 2409//2409 3335//3335 3336//3336
f 2409//2409 3336//3336 3268//3268
f 3268//3268 3336//3336 1870//1870
f 1870//1870 3336//3336 3337//3337
f 1870//1870 3337//3337 1871//1871
f 1871//1871 3337//3337 3338//3338
f 1871//1871 3338//3338 3339//3339
f 3339//3339 3338//3338 3253//3253
f 3339//3339 3253//3253 3255//3255
f 2408//2408 3251//3251 3335//3335
f 3335//3335 3251//3251 3338//3338
f 3335//3335 3338//3338 3337//3337
f 3251//3251 3253//3253 3338//3338
f 1873//1873 1872//1872 3255//3255
f 3255//3255 1872//1872 3339//3339
f 1872//1872 1871//1871 3339//3339
f 3335//3335 3337//3337 3336//3336
f 2117//2117 2116//2116 3340//3340
f 3340//3340 2116//2116 3262//3262
f 3340//3340 3262//3262 3341//3341
f 3341//3341 3262//3262 3263//3263
f 3341//3341 3263//3263 3342//3342
f 3342//3342 3263//3263 3264//3264
f 3342//3342 3264//3264 3343//3343
f 3343//3343 3264//3264 3265//3265
f 3343//3343 3265//3265 3344//3344
f 3344//3344 3265//3265 3266//3266
f 3344//3344 3266//3266 3345//3345
f 3345//3345 3266//3266 3267//3267
f 3345//3345 3267//3267 1869//1869
f 1869//1869 3267//3267 1865//1865
f 1845//1845 1846//1846 3346//3346
f 3346//3346 1846//1846 3347//3347
f 3346//3346 3347//3347 3348//3348
f 3348//3348 3347//3347 3258//3258
f 3348//3348 3258//3258 3294//3294
f 1846//1846 1847//1847 3347//3347
f 3347//3347 1847//1847 3261//3261
f 3347//3347 3261//3261 3260//3260
f 3260//3260 3259//3259 3347//3347
f 3347//3347 3259//3259 3258//3258
f 2199//2199 3349//3349 2181//2181
f 2181//2181 3349//3349 3350//3350
f 2181//2181 3350//3350 2182//2182
f 2182//2182 3350//3350 3351//3351
f 2182//2182 3351//3351 2152//2152
f 2152//2152 3351//3351 3290//3290
f 3290//3290 3351//3351 3292//3292
f 3292//3292 3351//3351 3352//3352
f 3292//3292 3352//3352 3294//3294
f 3294//3294 3352//3352 3348//3348
f 3348//3348 3352//3352 3346//3346
f 3346//3346 3352//3352 1845//1845
f 1845//1845 3352//3352 1844//1844
f 1844//1844 3352//3352 3353//3353
f 1844//1844 3353//3353 1843//1843
f 1843//1843 3353//3353 1842//1842
f 1842//1842 3353//3353 3354//3354
f 3354//3354 3353//3353 3349//3349
f 3349//3349 3353//3353 3350//3350
f 2199//2199 2201//2201 3349//3349
f 3349//3349 2201//2201 2200//2200
f 3351//3351 3350//3350 3353//3353
f 3352//3352 3351//3351 3353//3353
f 3349//3349 2200//2200 3355//3355
f 3355//3355 2200//2200 2206//2206
f 3355//3355 2206//2206 2212//2212
f 2212//2212 3356//3356 3355//3355
f 3355//3355 3356//3356 3357//3357
f 3355//3355 3357//3357 3349//3349
f 3349//3349 3357//3357 3354//3354
f 3354//3354 3357//3357 3358//3358
f 3354//3354 3358//3358 1842//1842
f 1842//1842 3358//3358 1841//1841
f 1841//1841 3358//3358 1840//1840
f 1840//1840 3358//3358 1839//1839
f 1839//1839 3358//3358 3359//3359
f 1839//1839 3359//3359 1838//1838
f 3356//3356 3359//3359 3357//3357
f 3357//3357 3359//3359 3358//3358
f 3356//3356 2212//2212 3360//3360
f 3360//3360 2212//2212 2221//2221
f 3360//3360 2221//2221 3361//3361
f 3361//3361 2221//2221 2220//2220
f 3361//3361 2220//2220 3362//3362
f 3362//3362 2220//2220 2223//2223
f 3362//3362 2223//2223 3363//3363
f 3363//3363 2223//2223 3364//3364
f 3363//3363 3364//3364 3365//3365
f 3365//3365 3364//3364 3366//3366
f 3365//3365 3366//3366 3367//3367
f 3367//3367 3366//3366 1833//1833
f 3367//3367 1833//1833 1834//1834
f 2223//2223 2224//2224 3364//3364
f 1834//1834 1835//1835 3367//3367
f 3367//3367 1835//1835 1836//1836
f 3367//3367 1836//1836 3368//3368
f 3368//3368 1836//1836 3369//3369
f 3368//3368 3369//3369 3370//3370
f 3370//3370 3369//3369 3371//3371
f 3370//3370 3371//3371 3362//3362
f 3362//3362 3371//3371 3361//3361
f 1836//1836 1837//1837 3369//3369
f 3369//3369 1837//1837 3372//3372
f 3369//3369 3372//3372 3371//3371
f 3371//3371 3372//3372 3373//3373
f 3371//3371 3373//3373 3361//3361
f 3361//3361 3373//3373 3360//3360
f 1837//1837 1838//1838 3372//3372
f 3372//3372 1838//1838 3359//3359
f 3372//3372 3359//3359 3373//3373
f 3373//3373 3359//3359 3356//3356
f 3373//3373 3356//3356 3360//3360
f 3370//3370 3362//3362 3363//3363
f 3368//3368 3370//3370 3365//3365
f 3365//3365 3370//3370 3363//3363
f 3367//3367 3368//3368 3365//3365
f 3364//3364 2224//2224 3374//3374
f 3374//3374 2224//2224 2236//2236
f 3374//3374 2236//2236 2235//2235
f 3374//3374 2235//2235 3375//3375
f 3375//3375 2235//2235 2238//2238
f 3375//3375 2238//2238 3376//3376
f 3376//3376 2238//2238 3377//3377
f 3376//3376 3377//3377 3378//3378
f 3378//3378 3377//3377 3379//3379
f 3378//3378 3379//3379 3380//3380
f 3380//3380 3379//3379 3381//3381
f 3380//3380 3381//3381 1830//1830
f 1830//1830 3381//3381 1829//1829
f 1829//1829 3381//3381 1828//1828
f 1828//1828 3381//3381 3321//3321
f 3321//3321 3381//3381 3379//3379
f 3321//3321 3379//3379 3319//3319
f 3319//3319 3379//3379 3377//3377
f 3319//3319 3377//3377 2239//2239
f 2239//2239 3377//3377 2238//2238
f 3380//3380 1830//1830 3382//3382
f 3382//3382 1830//1830 1831//1831
f 3382//3382 1831//1831 3383//3383
f 3383//3383 1831//1831 1832//1832
f 3383//3383 1832//1832 1833//1833
f 1833//1833 3366//3366 3383//3383
f 3383//3383 3366//3366 3384//3384
f 3383//3383 3384//3384 3385//3385
f 3385//3385 3384//3384 3375//3375
f 3385//3385 3375//3375 3376//3376
f 3366//3366 3364//3364 3384//3384
f 3384//3384 3364//3364 3374//3374
f 3384//3384 3374//3374 3375//3375
f 3385//3385 3376//3376 3378//3378
f 3380//3380 3382//3382 3378//3378
f 3378//3378 3382//3382 3385//3385
f 3382//3382 3383//3383 3385//3385
f 2298//2298 3386//3386 2297//2297
f 2297//2297 3386//3386 3387//3387
f 2297//2297 3387//3387 3137//3137
f 3137//3137 3387//3387 3388//3388
f 3137//3137 3388//3388 3139//3139
f 3139//3139 3388//3388 3389//3389
f 3139//3139 3389//3389 3141//3141
f 3141//3141 3389//3389 3303//3303
f 3141//3141 3303//3303 3148//3148
f 3387//3387 3386//3386 3390//3390
f 3390//3390 3386//3386 3298//3298
f 3390//3390 3298//3298 3302//3302
f 3303//3303 3389//3389 3302//3302
f 3302//3302 3389//3389 3388//3388
f 3302//3302 3388//3388 3391//3391
f 3391//3391 3388//3388 3390//3390
f 3391//3391 3390//3390 3302//3302
f 3390//3390 3388//3388 3387//3387
f 2299//2299 3300//3300 2298//2298
f 2298//2298 3300//3300 3299//3299
f 2298//2298 3299//3299 3386//3386
f 3386//3386 3299//3299 3298//3298
f 2362//2362 3392//3392 2299//2299
f 2299//2299 3392//3392 3304//3304
f 2299//2299 3304//3304 3301//3301
f 3392//3392 2362//2362 3393//3393
f 3393//3393 2362//2362 2360//2360
f 3393//3393 2360//2360 3394//3394
f 3394//3394 2360//2360 2322//2322
f 3394//3394 2322//2322 2321//2321
f 3394//3394 2321//2321 3395//3395
f 3395//3395 2321//2321 2319//2319
f 3395//3395 2319//2319 2317//2317
f 3395//3395 2317//2317 3396//3396
f 3396//3396 2317//2317 2314//2314
f 3396//3396 2314//2314 3397//3397
f 3397//3397 2314//2314 2358//2358
f 3397//3397 2358//2358 2139//2139
f 2139//2139 2358//2358 2136//2136
f 2136//2136 2358//2358 2134//2134
f 2134//2134 2358//2358 2357//2357
f 2134//2134 2357//2357 2132//2132
f 2132//2132 2357//2357 3122//3122
f 2132//2132 3122//3122 2130//2130
f 3301//3301 3300//3300 2299//2299
f 2139//2139 2141//2141 3397//3397
f 3397//3397 2141//2141 3398//3398
f 3397//3397 3398//3398 3396//3396
f 3396//3396 3398//3398 3399//3399
f 3396//3396 3399//3399 3395//3395
f 3395//3395 3399//3399 3400//3400
f 3395//3395 3400//3400 3394//3394
f 3394//3394 3400//3400 3401//3401
f 3394//3394 3401//3401 3393//3393
f 3393//3393 3401//3401 3402//3402
f 3393//3393 3402//3402 3392//3392
f 3392//3392 3402//3402 3403//3403
f 3392//3392 3403//3403 3304//3304
f 3304//3304 3403//3403 3305//3305
f 1849//1849 1980//1980 1848//1848
f 1848//1848 1980//1980 1982//1982
f 1848//1848 1982//1982 1864//1864
f 1864//1864 1982//1982 2013//2013
f 1864//1864 2013//2013 2011//2011
f 1849//1849 1850//1850 1980//1980
f 1980//1980 1850//1850 1986//1986
f 1986//1986 1850//1850 1851//1851
f 1986//1986 1851//1851 1988//1988
f 1988//1988 1851//1851 1852//1852
f 1988//1988 1852//1852 1990//1990
f 1990//1990 1852//1852 1853//1853
f 1990//1990 1853//1853 1991//1991
f 1991//1991 1853//1853 1854//1854
f 1991//1991 1854//1854 1993//1993
f 1993//1993 1854//1854 1855//1855
f 1993//1993 1855//1855 1995//1995
f 1995//1995 1855//1855 1856//1856
f 1995//1995 1856//1856 1997//1997
f 1997//1997 1856//1856 1857//1857
f 1997//1997 1857//1857 2000//2000
f 2000//2000 1857//1857 1858//1858
f 2000//2000 1858//1858 2002//2002
f 2002//2002 1858//1858 1859//1859
f 2002//2002 1859//1859 2004//2004
f 2004//2004 1859//1859 1860//1860
f 2004//2004 1860//1860 2006//2006
f 2006//2006 1860//1860 1861//1861
f 2006//2006 1861//1861 2008//2008
f 2008//2008 1861//1861 1862//1862
f 2008//2008 1862//1862 2009//2009
f 2009//2009 1862//1862 1863//1863
f 2009//2009 1863//1863 2011//2011
f 2011//2011 1863//1863 1864//1864
f 1945//1945 1946//1946 1930//1930
f 1930//1930 1946//1946 1948//1948
f 1930//1930 1948//1948 1929//1929
f 1929//1929 1948//1948 1979//1979
f 1929//1929 1979//1979 1977//1977
f 1945//1945 1944//1944 1946//1946
f 1946//1946 1944//1944 1952//1952
f 1952//1952 1944//1944 1943//1943
f 1952//1952 1943//1943 1954//1954
f 1954//1954 1943//1943 1942//1942
f 1954//1954 1942//1942 1956//1956
f 1956//1956 1942//1942 1941//1941
f 1956//1956 1941//1941 1957//1957
f 1957//1957 1941//1941 1940//1940
f 1957//1957 1940//1940 1959//1959
f 1959//1959 1940//1940 1939//1939
f 1959//1959 1939//1939 1961//1961
f 1961//1961 1939//1939 1938//1938
f 1961//1961 1938//1938 1963//1963
f 1963//1963 1938//1938 1937//1937
f 1963//1963 1937//1937 1965//1965
f 1965//1965 1937//1937 1936//1936
f 1965//1965 1936//1936 1968//1968
f 1968//1968 1936//1936 1935//1935
f 1968//1968 1935//1935 1970//1970
f 1970//1970 1935//1935 1934//1934
f 1970//1970 1934//1934 1972//1972
f 1972//1972 1934//1934 1933//1933
f 1972//1972 1933//1933 1974//1974
f 1974//1974 1933//1933 1932//1932
f 1974//1974 1932//1932 1975//1975
f 1975//1975 1932//1932 1931//1931
f 1975//1975 1931//1931 1977//1977
f 1977//1977 1931//1931 1929//1929
f 3404//3404 3331//3331 3405//3405
f 3405//3405 3331//3331 3329//3329
f 3405//3405 3329//3329 3406//3406
f 3406//3406 3329//3329 3155//3155
f 3406//3406 3155//3155 3407//3407
f 3407//3407 3155//3155 3156//3156
f 3407//3407 3156//3156 3408//3408
f 3408//3408 3156//3156 3158//3158
f 3408//3408 3158//3158 3409//3409
f 3409//3409 3158//3158 3159//3159
f 3409//3409 3159//3159 3410//3410
f 3410//3410 3159//3159 3165//3165
f 3410//3410 3165//3165 3411//3411
f 3411//3411 3165//3165 3166//3166
f 3411//3411 3166//3166 3412//3412
f 3412//3412 3166//3166 3167//3167
f 3412//3412 3167//3167 3413//3413
f 3413//3413 3167//3167 3169//3169
f 3413//3413 3169//3169 3188//3188
f 3413//3413 3188//3188 3414//3414
f 3414//3414 3188//3188 3187//3187
f 3414//3414 3187//3187 3185//3185
f 3414//3414 3185//3185 3415//3415
f 3415//3415 3185//3185 3183//3183
f 3415//3415 3183//3183 3416//3416
f 3416//3416 3183//3183 3182//3182
f 3416//3416 3182//3182 3181//3181
f 3416//3416 3181//3181 3417//3417
f 3417//3417 3181//3181 3179//3179
f 3417//3417 3179//3179 3178//3178
f 3417//3417 3178//3178 3418//3418
f 3418//3418 3178//3178 3180//3180
f 3418//3418 3180//3180 3213//3213
f 3418//3418 3213//3213 3419//3419
f 3419//3419 3213//3213 3212//3212
f 3419//3419 3212//3212 3211//3211
f 3419//3419 3211//3211 3420//3420
f 3420//3420 3211//3211 3208//3208
f 3420//3420 3208//3208 3201//3201
f 3420//3420 3201//3201 3421//3421
f 3421//3421 3201//3201 3202//3202
f 3421//3421 3202//3202 3422//3422
f 3422//3422 3202//3202 3203//3203
f 3422//3422 3203//3203 3204//3204
f 3422//3422 3204//3204 3423//3423
f 3423//3423 3204//3204 3205//3205
f 3423//3423 3205//3205 3219//3219
f 3423//3423 3219//3219 3424//3424
f 3424//3424 3219//3219 3220//3220
f 3424//3424 3220//3220 3425//3425
f 3425//3425 3220//3220 3221//3221
f 3425//3425 3221//3221 3426//3426
f 3426//3426 3221//3221 3223//3223
f 3426//3426 3223//3223 3427//3427
f 3427//3427 3223//3223 3231//3231
f 3427//3427 3231//3231 3428//3428
f 3428//3428 3231//3231 3232//3232
f 3428//3428 3232//3232 3429//3429
f 3429//3429 3232//3232 3233//3233
f 3429//3429 3233//3233 3430//3430
f 3430//3430 3233//3233 3326//3326
f 3430//3430 3326//3326 3431//3431
f 3431//3431 3326//3326 3324//3324
f 3431//3431 3324//3324 3432//3432
f 3433//3433 3434//3434 3435//3435
f 3435//3435 3434//3434 3436//3436
f 3435//3435 3436//3436 3437//3437
f 3433//3433 3438//3438 3434//3434
f 3434//3434 3438//3438 3439//3439
f 3434//3434 3439//3439 3440//3440
f 3440//3440 3441//3441 3434//3434
f 3434//3434 3441//3441 3442//3442
f 3442//3442 3441//3441 3443//3443
f 3442//3442 3443//3443 3444//3444
f 3444//3444 3443//3443 3445//3445
f 3445//3445 3443//3443 3446//3446
f 3445//3445 3446//3446 3447//3447
f 3445//3445 3447//3447 3448//3448
f 3448//3448 3447//3447 3449//3449
f 3448//3448 3449//3449 3450//3450
f 3448//3448 3450//3450 3451//3451
f 3451//3451 3450//3450 3452//3452
f 3451//3451 3452//3452 3453//3453
f 3453//3453 3454//3454 3451//3451
f 3451//3451 3454//3454 3455//3455
f 3455//3455 3454//3454 3456//3456
f 3455//3455 3456//3456 3457//3457
f 3455//3455 3457//3457 3458//3458
f 3458//3458 3457//3457 3459//3459
f 3458//3458 3459//3459 3460//3460
f 3460//3460 3461//3461 3458//3458
f 3458//3458 3461//3461 3462//3462
f 3462//3462 3461//3461 3463//3463
f 3462//3462 3463//3463 3464//3464
f 3462//3462 3464//3464 3465//3465
f 3465//3465 3464//3464 3466//3466
f 3465//3465 3466//3466 3467//3467
f 3468//3468 3469//3469 3467//3467
f 3467//3467 3469//3469 3470//3470
f 3467//3467 3470//3470 3465//3465
f 3469//3469 3468//3468 3471//3471
f 3471//3471 3468//3468 3472//3472
f 3471//3471 3472//3472 3473//3473
f 3473//3473 3474//3474 3471//3471
f 3471//3471 3474//3474 3475//3475
f 3471//3471 3475//3475 3476//3476
f 3471//3471 3476//3476 3437//3437
f 3437//3437 3476//3476 3435//3435
f 3437//3437 3477//3477 3471//3471
f 3469//3469 3478//3478 3470//3470
f 3444//3444 3479//3479 3442//3442
f 3434//3434 3480//3480 3436//3436
f 3481//3481 3482//3482 3483//3483
f 3483//3483 3482//3482 3484//3484
f 3483//3483 3484//3484 3485//3485
f 3484//3484 3482//3482 3486//3486
f 3486//3486 3482//3482 3487//3487
f 3486//3486 3487//3487 3488//3488
f 3483//3483 3485//3485 3489//3489
f 3489//3489 3485//3485 3490//3490
f 3489//3489 3490//3490 3491//3491
f 3491//3491 3490//3490 3492//3492
f 3491//3491 3492//3492 3493//3493
f 3493//3493 3492//3492 3494//3494
f 3493//3493 3494//3494 3495//3495
f 3495//3495 3494//3494 3496//3496
f 3495//3495 3496//3496 3497//3497
f 3497//3497 3496//3496 3498//3498
f 3497//3497 3498//3498 3499//3499
f 3499//3499 3498//3498 3500//3500
f 3499//3499 3500//3500 3501//3501
f 3499//3499 3501//3501 3502//3502
f 3502//3502 3501//3501 3503//3503
f 3502//3502 3503//3503 3504//3504
f 3502//3502 3504//3504 3505//3505
f 3505//3505 3504//3504 3506//3506
f 3505//3505 3506//3506 3507//3507
f 3505//3505 3507//3507 3508//3508
f 3508//3508 3507//3507 3509//3509
f 3508//3508 3509//3509 3510//3510
f 3510//3510 3509//3509 3511//3511
f 3510//3510 3511//3511 3512//3512
f 3512//3512 3511//3511 3513//3513
f 3512//3512 3513//3513 3514//3514
f 3514//3514 3513//3513 3515//3515
f 3514//3514 3515//3515 3516//3516
f 3516//3516 3515//3515 3517//3517
f 3517//3517 3515//3515 3518//3518
f 3517//3517 3518//3518 3519//3519
f 3519//3519 3518//3518 3520//3520
f 3519//3519 3520//3520 3521//3521
f 3522//3522 3523//3523 3524//3524
f 3524//3524 3523//3523 3525//3525
f 3525//3525 3523//3523 3526//3526
f 3525//3525 3526//3526 3527//3527
f 3526//3526 3523//3523 3528//3528
f 3528//3528 3523//3523 3529//3529
f 3528//3528 3529//3529 3530//3530
f 3530//3530 3529//3529 3531//3531
f 3531//3531 3529//3529 3532//3532
f 3531//3531 3532//3532 3533//3533
f 3529//3529 3534//3534 3532//3532
f 3531//3531 3533//3533 3535//3535
f 3535//3535 3533//3533 3536//3536
f 3535//3535 3536//3536 3537//3537
f 3535//3535 3537//3537 3538//3538
f 3538//3538 3537//3537 3539//3539
f 3538//3538 3539//3539 3540//3540
f 3540//3540 3539//3539 3541//3541
f 3540//3540 3541//3541 3542//3542
f 3542//3542 3541//3541 3543//3543
f 3542//3542 3543//3543 3544//3544
f 3544//3544 3543//3543 3545//3545
f 3544//3544 3545//3545 3546//3546
f 3546//3546 3545//3545 3547//3547
f 3546//3546 3547//3547 3548//3548
f 3546//3546 3548//3548 3549//3549
f 3549//3549 3548//3548 3550//3550
f 3549//3549 3550//3550 3551//3551
f 3546//3546 3549//3549 3552//3552
f 3552//3552 3549//3549 3553//3553
f 3552//3552 3553//3553 3554//3554
f 3552//3552 3554//3554 3555//3555
f 3555//3555 3554//3554 3556//3556
f 3555//3555 3556//3556 3557//3557
f 3557//3557 3556//3556 3558//3558
f 3557//3557 3558//3558 3559//3559
f 3559//3559 3558//3558 3560//3560
f 3559//3559 3560//3560 3561//3561
f 3561//3561 3560//3560 3562//3562
f 3561//3561 3562//3562 3563//3563
f 3563//3563 3562//3562 3564//3564
f 3563//3563 3564//3564 3565//3565
f 3565//3565 3564//3564 3566//3566
f 3565//3565 3566//3566 3567//3567
f 3565//3565 3567//3567 3568//3568
f 3568//3568 3567//3567 3569//3569
f 3568//3568 3569//3569 3570//3570
f 3570//3570 3569//3569 3571//3571
f 3570//3570 3571//3571 3572//3572
f 3572//3572 3571//3571 3573//3573
f 3572//3572 3573//3573 3574//3574
f 3574//3574 3573//3573 3575//3575
f 3574//3574 3575//3575 3576//3576
f 3574//3574 3576//3576 3577//3577
f 3577//3577 3576//3576 3578//3578
f 3577//3577 3578//3578 3579//3579
f 3579//3579 3578//3578 3580//3580
f 3579//3579 3580//3580 3581//3581
f 3581//3581 3580//3580 3582//3582
f 3581//3581 3582//3582 3583//3583
f 3583//3583 3582//3582 3584//3584
f 3583//3583 3584//3584 3585//3585
f 3583//3583 3585//3585 3586//3586
f 3586//3586 3585//3585 3587//3587
f 3586//3586 3587//3587 3588//3588
f 3588//3588 3587//3587 3589//3589
f 3588//3588 3589//3589 3590//3590
f 3590//3590 3589//3589 3591//3591
f 3590//3590 3591//3591 3592//3592
f 3592//3592 3591//3591 3593//3593
f 3592//3592 3593//3593 3594//3594
f 3594//3594 3593//3593 3595//3595
f 3594//3594 3595//3595 3596//3596
f 3594//3594 3596//3596 3597//3597
f 3597//3597 3596//3596 3598//3598
f 3597//3597 3598//3598 3599//3599
f 3599//3599 3598//3598 3600//3600
f 3599//3599 3600//3600 3601//3601
f 3601//3601 3600//3600 3602//3602
f 3601//3601 3602//3602 3603//3603
f 3603//3603 3602//3602 3604//3604
f 3604//3604 3602//3602 3605//3605
f 3603//3603 3606//3606 3601//3601
f 3601//3601 3606//3606 3607//3607
f 3607//3607 3606//3606 3608//3608
f 3607//3607 3608//3608 3609//3609
f 3609//3609 3608//3608 3610//3610
f 3609//3609 3610//3610 3611//3611
f 3611//3611 3610//3610 3612//3612
f 3611//3611 3612//3612 3613//3613
f 3611//3611 3613//3613 3614//3614
f 3614//3614 3613//3613 3615//3615
f 3614//3614 3615//3615 3616//3616
f 3616//3616 3615//3615 3617//3617
f 3616//3616 3617//3617 3527//3527
f 3527//3527 3617//3617 3525//3525
f 3488//3488 3487//3487 3618//3618
f 3618//3618 3487//3487 3619//3619
f 3618//3618 3619//3619 3620//3620
f 3620//3620 3619//3619 3621//3621
f 3620//3620 3621//3621 3622//3622
f 3622//3622 3621//3621 3623//3623
f 3622//3622 3623//3623 3624//3624
f 3624//3624 3623//3623 3625//3625
f 3624//3624 3625//3625 3626//3626
f 3626//3626 3625//3625 3627//3627
f 3626//3626 3627//3627 3628//3628
f 3628//3628 3627//3627 3629//3629
f 3628//3628 3629//3629 3630//3630
f 3630//3630 3629//3629 3631//3631
f 3630//3630 3631//3631 3632//3632
f 3632//3632 3631//3631 3633//3633
f 3632//3632 3633//3633 3634//3634
f 3634//3634 3633//3633 3635//3635
f 3635//3635 3633//3633 3636//3636
f 3635//3635 3636//3636 3637//3637
f 3637//3637 3636//3636 3638//3638
f 3638//3638 3636//3636 3639//3639
f 3638//3638 3639//3639 3640//3640
f 3640//3640 3639//3639 3641//3641
f 3640//3640 3641//3641 3642//3642
f 3642//3642 3641//3641 3643//3643
f 3643//3643 3641//3641 3644//3644
f 3643//3643 3644//3644 3645//3645
f 3645//3645 3644//3644 3646//3646
f 3645//3645 3646//3646 3647//3647
f 3647//3647 3646//3646 3648//3648
f 3647//3647 3648//3648 3649//3649
f 3619//3619 3650//3650 3621//3621
f 3647//3647 3649//3649 3651//3651
f 3651//3651 3649//3649 3652//3652
f 3651//3651 3652//3652 3653//3653
f 3653//3653 3652//3652 3654//3654
f 3653//3653 3654//3654 3655//3655
f 3655//3655 3654//3654 3656//3656
f 3481//3481 3657//3657 3482//3482
f 3482//3482 3657//3657 3658//3658
f 3482//3482 3658//3658 3522//3522
f 3522//3522 3658//3658 3659//3659
f 3522//3522 3659//3659 3660//3660
f 3481//3481 3661//3661 3657//3657
f 3522//3522 3660//3660 3523//3523
f 3523//3523 3660//3660 3662//3662
f 3523//3523 3662//3662 3663//3663
f 3663//3663 3664//3664 3523//3523
f 3523//3523 3664//3664 3665//3665
f 3665//3665 3664//3664 3666//3666
f 3667//3667 3668//3668 3669//3669
f 3669//3669 3668//3668 3649//3649
f 3669//3669 3649//3649 3648//3648
f 3654//3654 3652//3652 3668//3668
f 3668//3668 3652//3652 3649//3649
f 3669//3669 3648//3648 3670//3670
f 3670//3670 3648//3648 3646//3646
f 3670//3670 3646//3646 3644//3644
f 3670//3670 3644//3644 3671//3671
f 3671//3671 3644//3644 3641//3641
f 3671//3671 3641//3641 3639//3639
f 3671//3671 3639//3639 3672//3672
f 3672//3672 3639//3639 3636//3636
f 3672//3672 3636//3636 3633//3633
f 3672//3672 3633//3633 3673//3673
f 3673//3673 3633//3633 3631//3631
f 3673//3673 3631//3631 3629//3629
f 3629//3629 3627//3627 3673//3673
f 3673//3673 3627//3627 3674//3674
f 3674//3674 3627//3627 3625//3625
f 3674//3674 3625//3625 3675//3675
f 3675//3675 3625//3625 3623//3623
f 3675//3675 3623//3623 3621//3621
f 3650//3650 3676//3676 3621//3621
f 3621//3621 3676//3676 3675//3675
f 3677//3677 3678//3678 3675//3675
f 3675//3675 3678//3678 3679//3679
f 3675//3675 3679//3679 3674//3674
f 3680//3680 3681//3681 3677//3677
f 3677//3677 3681//3681 3682//3682
f 3677//3677 3682//3682 3678//3678
f 3665//3665 3683//3683 3681//3681
f 3681//3681 3683//3683 3684//3684
f 3681//3681 3684//3684 3685//3685
f 3666//3666 3686//3686 3665//3665
f 3665//3665 3686//3686 3687//3687
f 3665//3665 3687//3687 3688//3688
f 3687//3687 3686//3686 3689//3689
f 3689//3689 3686//3686 3690//3690
f 3689//3689 3690//3690 3691//3691
f 3691//3691 3690//3690 3692//3692
f 3692//3692 3690//3690 3491//3491
f 3692//3692 3491//3491 3493//3493
f 3661//3661 3483//3483 3690//3690
f 3690//3690 3483//3483 3489//3489
f 3690//3690 3489//3489 3491//3491
f 3661//3661 3481//3481 3483//3483
f 3692//3692 3493//3493 3693//3693
f 3693//3693 3493//3493 3495//3495
f 3693//3693 3495//3495 3497//3497
f 3497//3497 3499//3499 3693//3693
f 3693//3693 3499//3499 3694//3694
f 3694//3694 3499//3499 3502//3502
f 3694//3694 3502//3502 3505//3505
f 3694//3694 3505//3505 3695//3695
f 3695//3695 3505//3505 3508//3508
f 3695//3695 3508//3508 3510//3510
f 3695//3695 3510//3510 3696//3696
f 3696//3696 3510//3510 3512//3512
f 3696//3696 3512//3512 3514//3514
f 3696//3696 3514//3514 3697//3697
f 3697//3697 3514//3514 3516//3516
f 3697//3697 3516//3516 3698//3698
f 3698//3698 3516//3516 3517//3517
f 3698//3698 3517//3517 3519//3519
f 3698//3698 3699//3699 3697//3697
f 3688//3688 3700//3700 3665//3665
f 3665//3665 3700//3700 3701//3701
f 3665//3665 3701//3701 3683//3683
f 3700//3700 3702//3702 3701//3701
f 3683//3683 3703//3703 3684//3684
f 3685//3685 3682//3682 3681//3681
f 3666//3666 3664//3664 3686//3686
f 3686//3686 3664//3664 3704//3704
f 3704//3704 3664//3664 3705//3705
f 3705//3705 3664//3664 3663//3663
f 3705//3705 3663//3663 3706//3706
f 3706//3706 3663//3663 3662//3662
f 3706//3706 3662//3662 3707//3707
f 3707//3707 3662//3662 3660//3660
f 3707//3707 3660//3660 3708//3708
f 3708//3708 3660//3660 3659//3659
f 3708//3708 3659//3659 3709//3709
f 3709//3709 3659//3659 3658//3658
f 3709//3709 3658//3658 3710//3710
f 3710//3710 3658//3658 3657//3657
f 3657//3657 3661//3661 3710//3710
f 3710//3710 3661//3661 3690//3690
f 3534//3534 3711//3711 3619//3619
f 3619//3619 3711//3711 3712//3712
f 3619//3619 3712//3712 3650//3650
f 3650//3650 3712//3712 3676//3676
f 3529//3529 3713//3713 3534//3534
f 3534//3534 3713//3713 3714//3714
f 3534//3534 3714//3714 3711//3711
f 3681//3681 3715//3715 3529//3529
f 3529//3529 3715//3715 3716//3716
f 3529//3529 3716//3716 3717//3717
f 3681//3681 3680//3680 3715//3715
f 3717//3717 3713//3713 3529//3529
f 3676//3676 3712//3712 3675//3675
f 3675//3675 3712//3712 3718//3718
f 3718//3718 3712//3712 3719//3719
f 3719//3719 3712//3712 3711//3711
f 3719//3719 3711//3711 3720//3720
f 3720//3720 3711//3711 3714//3714
f 3720//3720 3714//3714 3721//3721
f 3721//3721 3714//3714 3713//3713
f 3721//3721 3713//3713 3722//3722
f 3722//3722 3713//3713 3717//3717
f 3722//3722 3717//3717 3723//3723
f 3723//3723 3717//3717 3716//3716
f 3723//3723 3716//3716 3724//3724
f 3724//3724 3716//3716 3715//3715
f 3715//3715 3680//3680 3724//3724
f 3724//3724 3680//3680 3677//3677
f 3705//3705 3706//3706 3704//3704
f 3704//3704 3706//3706 3707//3707
f 3704//3704 3707//3707 3710//3710
f 3710//3710 3707//3707 3708//3708
f 3710//3710 3708//3708 3709//3709
f 3690//3690 3686//3686 3710//3710
f 3710//3710 3686//3686 3704//3704
f 3725//3725 3726//3726 3727//3727
f 3727//3727 3726//3726 3728//3728
f 3727//3727 3728//3728 3729//3729
f 3729//3729 3728//3728 3730//3730
f 3730//3730 3728//3728 3731//3731
f 3731//3731 3728//3728 3732//3732
f 3731//3731 3732//3732 3442//3442
f 3442//3442 3732//3732 3434//3434
f 3728//3728 3733//3733 3732//3732
f 3732//3732 3733//3733 3734//3734
f 3732//3732 3734//3734 3735//3735
f 3434//3434 3732//3732 3480//3480
f 3480//3480 3732//3732 3736//3736
f 3719//3719 3720//3720 3718//3718
f 3718//3718 3720//3720 3721//3721
f 3718//3718 3721//3721 3724//3724
f 3724//3724 3721//3721 3722//3722
f 3724//3724 3722//3722 3723//3723
f 3724//3724 3677//3677 3718//3718
f 3718//3718 3677//3677 3675//3675
f 3737//3737 3738//3738 3739//3739
f 3739//3739 3738//3738 3740//3740
f 3740//3740 3741//3741 3739//3739
f 3739//3739 3741//3741 3742//3742
f 3739//3739 3742//3742 3743//3743
f 3739//3739 3743//3743 3744//3744
f 3744//3744 3743//3743 3469//3469
f 3744//3744 3469//3469 3471//3471
f 3745//3745 3746//3746 3744//3744
f 3744//3744 3746//3746 3747//3747
f 3744//3744 3747//3747 3739//3739
f 3744//3744 3471//3471 3748//3748
f 3748//3748 3471//3471 3477//3477
f 3469//3469 3743//3743 3478//3478
f 3478//3478 3743//3743 3749//3749
f 3750//3750 1984//1984 3751//3751
f 3751//3751 1984//1984 1983//1983
f 3751//3751 1983//1983 3752//3752
f 3752//3752 1983//1983 1981//1981
f 3752//3752 1981//1981 3753//3753
f 3753//3753 1981//1981 1985//1985
f 3753//3753 1985//1985 3754//3754
f 3754//3754 1985//1985 1987//1987
f 3754//3754 1987//1987 3755//3755
f 3755//3755 1987//1987 1989//1989
f 3755//3755 1989//1989 3756//3756
f 3756//3756 1989//1989 1992//1992
f 3756//3756 1992//1992 3757//3757
f 3757//3757 1992//1992 1994//1994
f 3757//3757 1994//1994 3758//3758
f 3758//3758 1994//1994 1996//1996
f 3758//3758 1996//1996 3759//3759
f 3759//3759 1996//1996 1998//1998
f 3759//3759 1998//1998 3760//3760
f 3760//3760 1998//1998 1999//1999
f 3760//3760 1999//1999 3761//3761
f 3761//3761 1999//1999 2001//2001
f 3761//3761 2001//2001 3762//3762
f 3762//3762 2001//2001 2003//2003
f 3762//3762 2003//2003 3763//3763
f 3763//3763 2003//2003 2005//2005
f 3763//3763 2005//2005 3764//3764
f 3764//3764 2005//2005 2007//2007
f 3764//3764 2007//2007 3765//3765
f 3765//3765 2007//2007 2010//2010
f 3765//3765 2010//2010 3766//3766
f 3766//3766 2010//2010 2012//2012
f 3766//3766 2012//2012 3750//3750
f 3750//3750 2012//2012 1984//1984
f 3767//3767 1950//1950 3768//3768
f 3768//3768 1950//1950 1949//1949
f 3768//3768 1949//1949 3769//3769
f 3769//3769 1949//1949 1947//1947
f 3769//3769 1947//1947 3770//3770
f 3770//3770 1947//1947 1951//1951
f 3770//3770 1951//1951 3771//3771
f 3771//3771 1951//1951 1953//1953
f 3771//3771 1953//1953 3772//3772
f 3772//3772 1953//1953 1955//1955
f 3772//3772 1955//1955 3773//3773
f 3773//3773 1955//1955 1958//1958
f 3773//3773 1958//1958 3774//3774
f 3774//3774 1958//1958 1960//1960
f 3774//3774 1960//1960 3775//3775
f 3775//3775 1960//1960 1962//1962
f 3775//3775 1962//1962 3776//3776
f 3776//3776 1962//1962 1964//1964
f 3776//3776 1964//1964 3777//3777
f 3777//3777 1964//1964 1966//1966
f 3777//3777 1966//1966 3778//3778
f 3778//3778 1966//1966 1967//1967
f 3778//3778 1967//1967 3779//3779
f 3779//3779 1967//1967 1969//1969
f 3779//3779 1969//1969 3780//3780
f 3780//3780 1969//1969 1971//1971
f 3780//3780 1971//1971 3781//3781
f 3781//3781 1971//1971 1973//1973
f 3781//3781 1973//1973 3782//3782
f 3782//3782 1973//1973 1976//1976
f 3782//3782 1976//1976 3783//3783
f 3783//3783 1976//1976 1978//1978
f 3783//3783 1978//1978 3767//3767
f 3767//3767 1978//1978 1950//1950
f 3784//3784 3432//3432 2122//2122
f 2122//2122 3432//3432 3323//3323
f 2122//2122 3323//3323 3328//3328
f 3432//3432 3784//3784 3785//3785
f 3785//3785 3784//3784 3786//3786
f 3785//3785 3786//3786 3787//3787
f 3787//3787 3786//3786 3788//3788
f 3788//3788 3786//3786 3789//3789
f 3788//3788 3789//3789 3520//3520
f 3520//3520 3789//3789 3790//3790
f 3520//3520 3790//3790 3791//3791
f 3791//3791 3792//3792 3520//3520
f 3520//3520 3792//3792 3793//3793
f 3520//3520 3793//3793 3794//3794
f 3794//3794 3795//3795 3520//3520
f 3520//3520 3795//3795 3521//3521
f 3432//3432 3324//3324 3323//3323
f 3328//3328 3327//3327 2122//2122
f 2122//2122 3327//3327 3248//3248
f 2122//2122 3248//3248 2121//2121
f 3327//3327 3308//3308 3248//3248
f 3248//3248 3308//3308 3307//3307
f 3248//3248 3307//3307 3306//3306
f 3306//3306 3241//3241 3248//3248
f 3248//3248 3241//3241 3246//3246
f 3246//3246 3241//3241 3239//3239
f 3246//3246 3239//3239 3244//3244
f 3244//3244 3239//3239 2579//2579
f 3244//3244 2579//2579 2429//2429
f 2429//2429 2579//2579 2577//2577
f 2429//2429 2577//2577 2574//2574
f 2574//2574 2396//2396 2429//2429
f 2115//2115 2123//2123 3796//3796
f 3796//3796 2123//2123 3797//3797
f 3796//3796 3797//3797 3798//3798
f 3799//3799 3800//3800 3798//3798
f 3798//3798 3800//3800 3801//3801
f 3798//3798 3801//3801 3796//3796
f 3275//3275 3276//3276 3802//3802
f 3802//3802 3276//3276 3288//3288
f 3802//3802 3288//3288 3803//3803
f 3803//3803 3288//3288 2091//2091
f 3803//3803 2091//2091 3804//3804
f 3804//3804 2091//2091 3805//3805
f 3805//3805 2091//2091 3806//3806
f 3288//3288 3287//3287 2091//2091
f 2091//2091 3287//3287 3286//3286
f 2091//2091 3286//3286 3285//3285
f 2091//2091 3285//3285 1735//1735
f 1735//1735 3285//3285 3284//3284
f 1735//1735 3284//3284 3283//3283
f 3282//3282 1496//1496 3283//3283
f 3283//3283 1496//1496 1503//1503
f 3283//3283 1503//1503 1735//1735
f 1735//1735 1503//1503 1505//1505
f 1735//1735 1505//1505 1508//1508
f 3282//3282 3281//3281 1496//1496
f 1496//1496 3281//3281 3280//3280
f 1496//1496 3280//3280 1499//1499
f 1499//1499 3280//3280 3279//3279
f 1499//1499 3279//3279 3278//3278
f 1499//1499 3278//3278 3799//3799
f 3799//3799 3278//3278 3277//3277
f 3799//3799 3277//3277 3802//3802
f 3802//3802 3277//3277 3275//3275
f 1499//1499 3799//3799 1818//1818
f 1818//1818 3799//3799 3798//3798
f 1818//1818 3798//3798 1817//1817
f 1817//1817 3798//3798 3797//3797
f 1817//1817 3797//3797 1816//1816
f 1816//1816 3797//3797 2123//2123
f 1816//1816 2123//2123 3345//3345
f 3345//3345 2123//2123 3340//3340
f 3345//3345 3340//3340 3344//3344
f 3344//3344 3340//3340 3341//3341
f 3344//3344 3341//3341 3343//3343
f 3343//3343 3341//3341 3342//3342
f 2123//2123 2117//2117 3340//3340
f 3345//3345 1869//1869 1816//1816
f 1508//1508 1511//1511 1735//1735
f 2075//2075 2073//2073 3608//3608
f 3608//3608 2073//2073 3610//3610
f 3610//3610 2073//2073 2071//2071
f 3610//3610 2071//2071 3612//3612
f 3612//3612 2071//2071 2069//2069
f 3612//3612 2069//2069 3613//3613
f 3613//3613 2069//2069 2067//2067
f 3613//3613 2067//2067 3615//3615
f 3615//3615 2067//2067 2066//2066
f 3615//3615 2066//2066 3617//3617
f 3617//3617 2066//2066 2064//2064
f 3617//3617 2064//2064 3525//3525
f 3525//3525 2064//2064 2063//2063
f 3525//3525 2063//2063 3524//3524
f 3524//3524 2063//2063 2061//2061
f 3524//3524 2061//2061 3522//3522
f 3522//3522 2061//2061 3807//3807
f 3807//3807 2061//2061 2060//2060
f 3807//3807 2060//2060 3808//3808
f 3808//3808 2060//2060 2058//2058
f 3808//3808 2058//2058 3534//3534
f 3534//3534 2058//2058 3532//3532
f 3532//3532 2058//2058 2057//2057
f 3532//3532 2057//2057 3533//3533
f 3533//3533 2057//2057 2055//2055
f 3533//3533 2055//2055 3536//3536
f 3536//3536 2055//2055 2054//2054
f 3536//3536 2054//2054 3537//3537
f 3537//3537 2054//2054 2052//2052
f 3537//3537 2052//2052 3539//3539
f 3539//3539 2052//2052 2050//2050
f 3539//3539 2050//2050 3541//3541
f 3541//3541 2050//2050 2048//2048
f 3541//3541 2048//2048 3543//3543
f 3543//3543 2048//2048 2046//2046
f 3543//3543 2046//2046 3545//3545
f 3545//3545 2046//2046 2044//2044
f 2108//2108 2110//2110 3800//3800
f 3800//3800 2110//2110 3801//3801
f 3801//3801 2110//2110 2112//2112
f 3801//3801 2112//2112 3796//3796
f 3796//3796 2112//2112 2114//2114
f 3796//3796 2114//2114 2115//2115
f 3605//3605 2082//2082 3604//3604
f 3604//3604 2082//2082 2079//2079
f 3604//3604 2079//2079 3603//3603
f 3603//3603 2079//2079 2078//2078
f 3603//3603 2078//2078 3606//3606
f 3606//3606 2078//2078 2077//2077
f 3606//3606 2077//2077 3608//3608
f 3608//3608 2077//2077 2075//2075
f 3806//3806 2091//2091 3698//3698
f 3698//3698 2091//2091 2090//2090
f 3698//3698 2090//2090 3699//3699
f 3699//3699 2090//2090 3809//3809
f 3809//3809 2090//2090 2088//2088
f 3809//3809 2088//2088 3810//3810
f 3810//3810 2088//2088 2086//2086
f 3810//3810 2086//2086 3811//3811
f 3811//3811 2086//2086 2084//2084
f 3811//3811 2084//2084 3605//3605
f 3605//3605 2084//2084 2082//2082
f 3811//3811 3605//3605 3812//3812
f 3812//3812 3605//3605 3602//3602
f 3812//3812 3602//3602 3813//3813
f 3813//3813 3602//3602 3600//3600
f 3813//3813 3600//3600 3598//3598
f 3813//3813 3598//3598 3814//3814
f 3814//3814 3598//3598 3596//3596
f 3814//3814 3596//3596 3815//3815
f 3815//3815 3596//3596 3595//3595
f 3815//3815 3595//3595 3816//3816
f 3816//3816 3595//3595 3593//3593
f 3816//3816 3593//3593 3817//3817
f 3817//3817 3593//3593 3591//3591
f 3817//3817 3591//3591 3818//3818
f 3818//3818 3591//3591 3589//3589
f 3818//3818 3589//3589 3819//3819
f 2119//2119 3820//3820 2122//2122
f 2122//2122 3820//3820 3821//3821
f 2122//2122 3821//3821 3784//3784
f 3784//3784 3821//3821 3822//3822
f 3784//3784 3822//3822 3823//3823
f 3823//3823 3822//3822 3824//3824
f 3823//3823 3824//3824 3825//3825
f 3825//3825 3824//3824 3826//3826
f 3825//3825 3826//3826 3827//3827
f 3827//3827 3826//3826 3828//3828
f 3827//3827 3828//3828 3829//3829
f 3829//3829 3828//3828 3830//3830
f 3829//3829 3830//3830 3831//3831
f 3831//3831 3830//3830 3832//3832
f 3831//3831 3832//3832 3833//3833
f 3833//3833 3832//3832 3834//3834
f 3833//3833 3834//3834 3835//3835
f 3835//3835 3834//3834 3836//3836
f 3835//3835 3836//3836 3837//3837
f 3837//3837 3836//3836 3838//3838
f 3837//3837 3838//3838 3839//3839
f 3839//3839 3838//3838 3840//3840
f 3839//3839 3840//3840 3790//3790
f 3790//3790 3840//3840 3791//3791
f 3791//3791 3840//3840 3792//3792
f 3792//3792 3840//3840 3841//3841
f 3792//3792 3841//3841 3842//3842
f 3842//3842 3841//3841 3843//3843
f 3842//3842 3843//3843 3844//3844
f 3844//3844 3843//3843 3845//3845
f 3844//3844 3845//3845 3794//3794
f 3794//3794 3845//3845 3795//3795
f 3795//3795 3845//3845 3846//3846
f 3795//3795 3846//3846 3847//3847
f 3847//3847 3846//3846 3848//3848
f 3847//3847 3848//3848 3519//3519
f 3820//3820 2119//2119 3849//3849
f 3849//3849 2119//2119 2106//2106
f 3849//3849 2106//2106 3850//3850
f 3850//3850 2106//2106 2108//2108
f 3850//3850 2108//2108 3851//3851
f 3851//3851 2108//2108 3800//3800
f 3851//3851 3800//3800 3852//3852
f 3851//3851 3852//3852 3853//3853
f 3853//3853 3852//3852 3854//3854
f 3853//3853 3854//3854 3855//3855
f 3855//3855 3854//3854 3856//3856
f 3855//3855 3856//3856 3857//3857
f 3857//3857 3856//3856 3858//3858
f 3857//3857 3858//3858 3859//3859
f 3859//3859 3858//3858 3824//3824
f 3859//3859 3824//3824 3822//3822
f 3854//3854 3860//3860 3856//3856
f 3856//3856 3860//3860 3861//3861
f 3856//3856 3861//3861 3858//3858
f 3858//3858 3861//3861 3826//3826
f 3858//3858 3826//3826 3824//3824
f 3861//3861 3860//3860 3828//3828
f 3828//3828 3860//3860 3830//3830
f 3838//3838 3841//3841 3840//3840
f 3843//3843 3846//3846 3845//3845
f 3519//3519 3521//3521 3847//3847
f 3847//3847 3521//3521 3795//3795
f 3794//3794 3793//3793 3844//3844
f 3844//3844 3793//3793 3842//3842
f 3793//3793 3792//3792 3842//3842
f 3790//3790 3789//3789 3839//3839
f 3839//3839 3789//3789 3862//3862
f 3839//3839 3862//3862 3835//3835
f 3835//3835 3862//3862 3833//3833
f 3786//3786 3863//3863 3789//3789
f 3789//3789 3863//3863 3864//3864
f 3789//3789 3864//3864 3862//3862
f 3862//3862 3864//3864 3865//3865
f 3862//3862 3865//3865 3833//3833
f 3833//3833 3865//3865 3831//3831
f 3784//3784 3823//3823 3786//3786
f 3786//3786 3823//3823 3825//3825
f 3786//3786 3825//3825 3866//3866
f 3866//3866 3825//3825 3827//3827
f 3866//3866 3827//3827 3867//3867
f 3867//3867 3827//3827 3829//3829
f 3867//3867 3829//3829 3831//3831
f 3865//3865 3864//3864 3863//3863
f 3857//3857 3868//3868 3869//3869
f 3869//3869 3868//3868 3849//3849
f 3869//3869 3849//3849 3850//3850
f 3821//3821 3820//3820 3868//3868
f 3868//3868 3820//3820 3849//3849
f 3821//3821 3868//3868 3859//3859
f 3859//3859 3868//3868 3857//3857
f 3853//3853 3855//3855 3869//3869
f 3869//3869 3855//3855 3857//3857
f 3853//3853 3869//3869 3850//3850
f 3851//3851 3853//3853 3850//3850
f 3821//3821 3859//3859 3822//3822
f 3828//3828 3826//3826 3861//3861
f 3831//3831 3865//3865 3867//3867
f 3867//3867 3865//3865 3863//3863
f 3867//3867 3863//3863 3866//3866
f 3866//3866 3863//3863 3786//3786
f 3837//3837 3839//3839 3835//3835
f 3488//3488 3870//3870 3486//3486
f 3486//3486 3870//3870 3871//3871
f 3486//3486 3871//3871 3484//3484
f 3484//3484 3871//3871 3485//3485
f 3485//3485 3871//3871 3872//3872
f 3485//3485 3872//3872 3490//3490
f 3490//3490 3872//3872 3873//3873
f 3490//3490 3873//3873 3492//3492
f 3492//3492 3873//3873 3874//3874
f 3492//3492 3874//3874 3494//3494
f 3494//3494 3874//3874 3496//3496
f 3496//3496 3874//3874 3875//3875
f 3496//3496 3875//3875 3498//3498
f 3870//3870 3876//3876 3871//3871
f 3871//3871 3876//3876 3419//3419
f 3871//3871 3419//3419 3420//3420
f 3876//3876 3418//3418 3419//3419
f 3871//3871 3420//3420 3872//3872
f 3872//3872 3420//3420 3421//3421
f 3872//3872 3421//3421 3873//3873
f 3873//3873 3421//3421 3422//3422
f 3873//3873 3422//3422 3874//3874
f 3874//3874 3422//3422 3423//3423
f 3874//3874 3423//3423 3877//3877
f 3877//3877 3875//3875 3874//3874
f 3498//3498 3875//3875 3500//3500
f 3500//3500 3875//3875 3878//3878
f 3500//3500 3878//3878 3879//3879
f 3879//3879 3878//3878 3880//3880
f 3880//3880 3878//3878 3426//3426
f 3880//3880 3426//3426 3427//3427
f 3875//3875 3877//3877 3878//3878
f 3878//3878 3877//3877 3426//3426
f 3426//3426 3877//3877 3425//3425
f 3425//3425 3877//3877 3423//3423
f 3425//3425 3423//3423 3424//3424
f 3504//3504 3503//3503 3879//3879
f 3879//3879 3503//3503 3501//3501
f 3879//3879 3501//3501 3500//3500
f 3504//3504 3879//3879 3881//3881
f 3881//3881 3879//3879 3880//3880
f 3881//3881 3880//3880 3882//3882
f 3882//3882 3880//3880 3428//3428
f 3882//3882 3428//3428 3429//3429
f 3880//3880 3427//3427 3428//3428
f 3429//3429 3430//3430 3882//3882
f 3504//3504 3881//3881 3506//3506
f 3506//3506 3881//3881 3883//3883
f 3506//3506 3883//3883 3507//3507
f 3507//3507 3883//3883 3884//3884
f 3507//3507 3884//3884 3509//3509
f 3509//3509 3884//3884 3885//3885
f 3509//3509 3885//3885 3511//3511
f 3511//3511 3885//3885 3886//3886
f 3511//3511 3886//3886 3513//3513
f 3513//3513 3886//3886 3887//3887
f 3513//3513 3887//3887 3515//3515
f 3515//3515 3887//3887 3888//3888
f 3515//3515 3888//3888 3518//3518
f 3518//3518 3888//3888 3788//3788
f 3518//3518 3788//3788 3520//3520
f 3883//3883 3881//3881 3889//3889
f 3889//3889 3881//3881 3882//3882
f 3889//3889 3882//3882 3890//3890
f 3890//3890 3882//3882 3430//3430
f 3890//3890 3430//3430 3891//3891
f 3891//3891 3430//3430 3892//3892
f 3891//3891 3892//3892 3893//3893
f 3893//3893 3892//3892 3894//3894
f 3893//3893 3894//3894 3895//3895
f 3895//3895 3894//3894 3431//3431
f 3895//3895 3431//3431 3432//3432
f 3892//3892 3430//3430 3894//3894
f 3894//3894 3430//3430 3431//3431
f 3895//3895 3432//3432 3893//3893
f 3893//3893 3432//3432 3785//3785
f 3893//3893 3785//3785 3896//3896
f 3896//3896 3785//3785 3897//3897
f 3896//3896 3897//3897 3898//3898
f 3898//3898 3897//3897 3899//3899
f 3898//3898 3899//3899 3889//3889
f 3889//3889 3899//3899 3883//3883
f 3785//3785 3787//3787 3897//3897
f 3897//3897 3787//3787 3900//3900
f 3897//3897 3900//3900 3899//3899
f 3899//3899 3900//3900 3884//3884
f 3899//3899 3884//3884 3883//3883
f 3788//3788 3887//3887 3787//3787
f 3787//3787 3887//3887 3901//3901
f 3787//3787 3901//3901 3900//3900
f 3900//3900 3901//3901 3885//3885
f 3900//3900 3885//3885 3884//3884
f 3901//3901 3887//3887 3886//3886
f 3886//3886 3885//3885 3901//3901
f 3788//3788 3888//3888 3887//3887
f 3896//3896 3898//3898 3890//3890
f 3890//3890 3898//3898 3889//3889
f 3890//3890 3891//3891 3896//3896
f 3896//3896 3891//3891 3893//3893
f 3902//3902 3903//3903 3404//3404
f 3404//3404 3903//3903 2124//2124
f 3404//3404 2124//2124 3332//3332
f 3332//3332 2124//2124 3333//3333
f 3333//3333 2124//2124 3334//3334
f 3334//3334 2124//2124 3127//3127
f 3334//3334 3127//3127 3295//3295
f 3295//3295 3127//3127 3296//3296
f 3296//3296 3127//3127 3297//3297
f 3297//3297 3127//3127 3136//3136
f 3136//3136 3127//3127 3126//3126
f 3136//3136 3126//3126 3129//3129
f 3129//3129 3126//3126 3128//3128
f 3129//3129 3128//3128 2446//2446
f 2446//2446 3128//3128 2356//2356
f 2446//2446 2356//2356 2444//2444
f 2444//2444 2356//2356 2463//2463
f 2463//2463 2356//2356 2339//2339
f 3903//3903 3902//3902 3904//3904
f 3904//3904 3902//3902 3905//3905
f 3904//3904 3905//3905 3906//3906
f 3904//3904 3906//3906 3907//3907
f 3907//3907 3906//3906 3655//3655
f 3907//3907 3655//3655 3908//3908
f 3908//3908 3655//3655 3909//3909
f 3909//3909 3655//3655 3910//3910
f 3910//3910 3655//3655 3911//3911
f 3911//3911 3655//3655 3912//3912
f 3912//3912 3655//3655 3913//3913
f 3913//3913 3655//3655 3656//3656
f 2124//2124 2126//2126 3127//3127
f 3332//3332 3331//3331 3404//3404
f 2140//2140 2138//2138 3914//3914
f 3914//3914 2138//2138 3915//3915
f 3914//3914 3915//3915 3916//3916
f 3917//3917 3918//3918 3916//3916
f 3916//3916 3918//3918 3919//3919
f 3916//3916 3919//3919 3914//3914
f 6//6 4//4 1560//1560
f 1560//1560 4//4 2//2
f 1560//1560 2//2 1558//1558
f 1558//1558 2//2 36//36
f 1558//1558 36//36 1720//1720
f 1720//1720 36//36 34//34
f 1720//1720 34//34 32//32
f 32//32 30//30 1720//1720
f 1720//1720 30//30 2014//2014
f 2014//2014 30//30 28//28
f 2014//2014 28//28 26//26
f 2014//2014 26//26 3920//3920
f 3920//3920 26//26 24//24
f 3920//3920 24//24 3921//3921
f 3921//3921 24//24 22//22
f 3921//3921 22//22 20//20
f 20//20 18//18 3921//3921
f 3921//3921 18//18 3918//3918
f 3918//3918 18//18 16//16
f 3918//3918 16//16 14//14
f 3918//3918 14//14 1564//1564
f 1564//1564 14//14 12//12
f 1564//1564 12//12 10//10
f 10//10 8//8 1564//1564
f 1564//1564 8//8 1560//1560
f 1560//1560 8//8 6//6
f 3914//3914 1758//1758 2140//2140
f 2140//2140 1758//1758 1757//1757
f 2140//2140 1757//1757 3398//3398
f 3398//3398 1757//1757 3403//3403
f 3398//3398 3403//3403 3399//3399
f 3399//3399 3403//3403 3402//3402
f 3399//3399 3402//3402 3400//3400
f 3400//3400 3402//3402 3401//3401
f 1758//1758 3914//3914 1759//1759
f 1759//1759 3914//3914 3919//3919
f 1759//1759 3919//3919 1564//1564
f 1564//1564 3919//3919 3918//3918
f 3920//3920 3922//3922 2014//2014
f 2014//2014 3922//3922 3923//3923
f 2014//2014 3923//3923 3924//3924
f 1549//1549 1552//1552 1720//1720
f 1720//1720 1552//1552 1555//1555
f 1720//1720 1555//1555 1558//1558
f 1757//1757 3305//3305 3403//3403
f 3398//3398 2141//2141 2140//2140
f 2138//2138 2137//2137 3915//3915
f 3915//3915 2137//2137 2135//2135
f 3915//3915 2135//2135 3916//3916
f 3916//3916 2135//2135 2133//2133
f 3916//3916 2133//2133 3917//3917
f 3917//3917 2133//2133 2131//2131
f 3545//3545 2044//2044 3547//3547
f 3547//3547 2044//2044 2027//2027
f 3547//3547 2027//2027 3548//3548
f 3548//3548 2027//2027 2026//2026
f 3548//3548 2026//2026 3550//3550
f 3550//3550 2026//2026 2025//2025
f 3550//3550 2025//2025 3551//3551
f 3551//3551 2025//2025 2023//2023
f 3917//3917 2131//2131 3925//3925
f 3925//3925 2131//2131 2129//2129
f 3925//3925 2129//2129 3926//3926
f 3926//3926 2129//2129 3927//3927
f 3926//3926 3927//3927 3928//3928
f 3928//3928 3927//3927 3929//3929
f 3928//3928 3929//3929 3930//3930
f 3930//3930 3929//3929 3931//3931
f 3930//3930 3931//3931 3932//3932
f 3932//3932 3931//3931 3933//3933
f 3932//3932 3933//3933 3934//3934
f 3934//3934 3933//3933 3935//3935
f 3934//3934 3935//3935 3936//3936
f 3936//3936 3935//3935 3937//3937
f 3936//3936 3937//3937 3938//3938
f 3938//3938 3937//3937 3939//3939
f 3938//3938 3939//3939 3940//3940
f 3940//3940 3939//3939 3941//3941
f 3940//3940 3941//3941 3942//3942
f 3942//3942 3941//3941 3943//3943
f 3942//3942 3943//3943 3944//3944
f 3944//3944 3943//3943 3945//3945
f 3944//3944 3945//3945 3946//3946
f 3946//3946 3945//3945 3947//3947
f 3946//3946 3947//3947 3948//3948
f 3948//3948 3947//3947 3910//3910
f 3948//3948 3910//3910 3949//3949
f 3949//3949 3910//3910 3911//3911
f 3949//3949 3911//3911 3950//3950
f 3950//3950 3911//3911 3912//3912
f 3950//3950 3912//3912 3951//3951
f 3951//3951 3912//3912 3913//3913
f 3951//3951 3913//3913 3952//3952
f 3952//3952 3913//3913 3953//3953
f 3952//3952 3953//3953 3954//3954
f 3954//3954 3953//3953 3654//3654
f 3654//3654 3953//3953 3656//3656
f 3656//3656 3953//3953 3913//3913
f 2129//2129 2125//2125 3927//3927
f 3927//3927 2125//2125 3929//3929
f 3929//3929 2125//2125 3955//3955
f 3955//3955 2125//2125 2124//2124
f 3955//3955 2124//2124 3956//3956
f 3956//3956 2124//2124 3957//3957
f 3956//3956 3957//3957 3958//3958
f 3958//3958 3957//3957 3959//3959
f 3958//3958 3959//3959 3960//3960
f 3960//3960 3959//3959 3961//3961
f 3960//3960 3961//3961 3962//3962
f 3962//3962 3961//3961 3963//3963
f 3962//3962 3963//3963 3904//3904
f 3904//3904 3963//3963 3961//3961
f 3904//3904 3961//3961 3903//3903
f 3903//3903 3961//3961 3959//3959
f 3903//3903 3959//3959 2124//2124
f 2124//2124 3959//3959 3957//3957
f 3907//3907 3964//3964 3904//3904
f 3904//3904 3964//3964 3965//3965
f 3904//3904 3965//3965 3962//3962
f 3962//3962 3965//3965 3939//3939
f 3962//3962 3939//3939 3937//3937
f 3964//3964 3907//3907 3966//3966
f 3966//3966 3907//3907 3908//3908
f 3966//3966 3908//3908 3943//3943
f 3943//3943 3908//3908 3945//3945
f 3945//3945 3908//3908 3947//3947
f 3947//3947 3908//3908 3909//3909
f 3947//3947 3909//3909 3910//3910
f 3952//3952 3967//3967 3951//3951
f 3951//3951 3967//3967 3950//3950
f 3950//3950 3967//3967 3949//3949
f 3949//3949 3967//3967 3948//3948
f 3946//3946 3968//3968 3944//3944
f 3944//3944 3968//3968 3942//3942
f 3968//3968 3969//3969 3942//3942
f 3942//3942 3969//3969 3940//3940
f 3969//3969 3970//3970 3940//3940
f 3940//3940 3970//3970 3938//3938
f 3970//3970 3971//3971 3938//3938
f 3938//3938 3971//3971 3936//3936
f 3971//3971 3972//3972 3936//3936
f 3936//3936 3972//3972 3934//3934
f 3973//3973 3930//3930 3972//3972
f 3972//3972 3930//3930 3932//3932
f 3972//3972 3932//3932 3934//3934
f 3974//3974 3926//3926 3973//3973
f 3973//3973 3926//3926 3928//3928
f 3973//3973 3928//3928 3930//3930
f 3926//3926 3974//3974 3925//3925
f 3925//3925 3974//3974 3917//3917
f 3931//3931 3929//3929 3955//3955
f 3933//3933 3931//3931 3956//3956
f 3956//3956 3931//3931 3955//3955
f 3933//3933 3956//3956 3958//3958
f 3933//3933 3958//3958 3935//3935
f 3935//3935 3958//3958 3960//3960
f 3935//3935 3960//3960 3937//3937
f 3937//3937 3960//3960 3962//3962
f 3941//3941 3939//3939 3965//3965
f 3964//3964 3966//3966 3943//3943
f 3964//3964 3943//3943 3941//3941
f 3965//3965 3964//3964 3941//3941
f 3632//3632 3975//3975 3630//3630
f 3630//3630 3975//3975 3976//3976
f 3630//3630 3976//3976 3628//3628
f 3628//3628 3976//3976 3977//3977
f 3628//3628 3977//3977 3626//3626
f 3626//3626 3977//3977 3978//3978
f 3626//3626 3978//3978 3624//3624
f 3624//3624 3978//3978 3979//3979
f 3624//3624 3979//3979 3622//3622
f 3622//3622 3979//3979 3620//3620
f 3620//3620 3979//3979 3618//3618
f 3618//3618 3979//3979 3870//3870
f 3618//3618 3870//3870 3488//3488
f 3975//3975 3980//3980 3976//3976
f 3976//3976 3980//3980 3414//3414
f 3976//3976 3414//3414 3977//3977
f 3977//3977 3414//3414 3415//3415
f 3977//3977 3415//3415 3978//3978
f 3978//3978 3415//3415 3416//3416
f 3978//3978 3416//3416 3417//3417
f 3980//3980 3413//3413 3414//3414
f 3978//3978 3417//3417 3979//3979
f 3979//3979 3417//3417 3418//3418
f 3979//3979 3418//3418 3876//3876
f 3876//3876 3870//3870 3979//3979
f 3638//3638 3981//3981 3637//3637
f 3637//3637 3981//3981 3635//3635
f 3635//3635 3981//3981 3982//3982
f 3635//3635 3982//3982 3975//3975
f 3975//3975 3982//3982 3980//3980
f 3980//3980 3982//3982 3411//3411
f 3980//3980 3411//3411 3413//3413
f 3413//3413 3411//3411 3412//3412
f 3981//3981 3983//3983 3982//3982
f 3982//3982 3983//3983 3410//3410
f 3982//3982 3410//3410 3411//3411
f 3983//3983 3409//3409 3410//3410
f 3632//3632 3634//3634 3975//3975
f 3975//3975 3634//3634 3635//3635
f 3638//3638 3984//3984 3981//3981
f 3981//3981 3984//3984 3983//3983
f 3983//3983 3984//3984 3985//3985
f 3983//3983 3985//3985 3408//3408
f 3408//3408 3985//3985 3407//3407
f 3407//3407 3985//3985 3406//3406
f 3408//3408 3409//3409 3983//3983
f 3655//3655 3906//3906 3653//3653
f 3653//3653 3906//3906 3986//3986
f 3653//3653 3986//3986 3987//3987
f 3987//3987 3986//3986 3906//3906
f 3987//3987 3906//3906 3905//3905
f 3902//3902 3988//3988 3905//3905
f 3905//3905 3988//3988 3989//3989
f 3905//3905 3989//3989 3987//3987
f 3987//3987 3989//3989 3990//3990
f 3987//3987 3990//3990 3651//3651
f 3651//3651 3990//3990 3647//3647
f 3647//3647 3990//3990 3645//3645
f 3645//3645 3990//3990 3991//3991
f 3645//3645 3991//3991 3643//3643
f 3643//3643 3991//3991 3992//3992
f 3643//3643 3992//3992 3642//3642
f 3642//3642 3992//3992 3993//3993
f 3642//3642 3993//3993 3640//3640
f 3640//3640 3993//3993 3638//3638
f 3638//3638 3993//3993 3984//3984
f 3984//3984 3993//3993 3994//3994
f 3984//3984 3994//3994 3985//3985
f 3985//3985 3994//3994 3995//3995
f 3985//3985 3995//3995 3996//3996
f 3996//3996 3995//3995 3997//3997
f 3996//3996 3997//3997 3998//3998
f 3998//3998 3997//3997 3988//3988
f 3998//3998 3988//3988 3902//3902
f 3998//3998 3902//3902 3999//3999
f 3999//3999 3902//3902 3404//3404
f 3999//3999 3404//3404 4000//4000
f 4000//4000 3404//3404 3405//3405
f 4000//4000 3405//3405 4001//4001
f 4001//4001 3405//3405 3406//3406
f 4001//4001 3406//3406 4002//4002
f 4002//4002 3406//3406 3996//3996
f 4002//4002 3996//3996 3998//3998
f 3406//3406 3985//3985 3996//3996
f 3651//3651 3653//3653 3987//3987
f 3991//3991 3990//3990 4003//4003
f 4003//4003 3990//3990 3989//3989
f 4003//4003 3989//3989 3988//3988
f 3994//3994 3993//3993 3992//3992
f 3992//3992 3991//3991 4004//4004
f 4004//4004 3991//3991 4003//4003
f 4004//4004 4003//4003 3997//3997
f 3997//3997 4003//4003 3988//3988
f 3995//3995 3994//3994 4004//4004
f 4004//4004 3994//3994 3992//3992
f 3995//3995 4004//4004 3997//3997
f 4001//4001 4002//4002 3999//3999
f 3999//3999 4002//4002 3998//3998
f 4000//4000 4001//4001 3999//3999
f 4005//4005 4006//4006 4007//4007
f 4007//4007 4006//4006 4008//4008
f 4007//4007 4008//4008 4009//4009
f 4009//4009 4008//4008 4010//4010
f 4009//4009 4010//4010 4011//4011
f 4011//4011 4010//4010 4012//4012
f 4011//4011 4012//4012 4013//4013
f 4013//4013 4012//4012 4014//4014
f 4013//4013 4014//4014 4015//4015
f 4015//4015 4014//4014 4016//4016
f 4015//4015 4016//4016 4017//4017
f 4017//4017 4016//4016 4018//4018
f 4017//4017 4018//4018 4019//4019
f 4019//4019 4018//4018 4020//4020
f 4019//4019 4020//4020 4021//4021
f 4021//4021 4020//4020 4022//4022
f 4021//4021 4022//4022 4023//4023
f 4023//4023 4022//4022 4024//4024
f 4023//4023 4024//4024 4025//4025
f 4025//4025 4024//4024 4026//4026
f 4025//4025 4026//4026 4027//4027
f 4027//4027 4026//4026 4028//4028
f 4027//4027 4028//4028 4029//4029
f 4029//4029 4028//4028 4030//4030
f 4029//4029 4030//4030 4031//4031
f 4031//4031 4030//4030 4032//4032
f 4031//4031 4032//4032 4033//4033
f 4033//4033 4032//4032 4034//4034
f 4033//4033 4034//4034 4035//4035
f 4035//4035 4034//4034 4036//4036
f 4035//4035 4036//4036 4037//4037
f 4037//4037 4036//4036 4038//4038
f 4037//4037 4038//4038 4039//4039
f 4039//4039 4038//4038 4040//4040
f 4039//4039 4040//4040 4041//4041
f 4039//4039 4041//4041 4042//4042
f 4042//4042 4041//4041 4043//4043
f 4042//4042 4043//4043 4044//4044
f 4044//4044 4043//4043 4045//4045
f 4044//4044 4045//4045 4046//4046
f 4046//4046 4045//4045 4047//4047
f 4046//4046 4047//4047 4048//4048
f 4048//4048 4047//4047 4049//4049
f 4048//4048 4049//4049 4050//4050
f 4050//4050 4049//4049 4051//4051
f 4050//4050 4051//4051 4052//4052
f 4052//4052 4051//4051 4053//4053
f 4052//4052 4053//4053 4054//4054
f 4054//4054 4053//4053 4055//4055
f 4054//4054 4055//4055 4056//4056
f 4056//4056 4055//4055 4057//4057
f 4056//4056 4057//4057 4058//4058
f 4058//4058 4057//4057 4059//4059
f 4058//4058 4059//4059 4060//4060
f 4060//4060 4059//4059 4061//4061
f 4060//4060 4061//4061 4062//4062
f 4062//4062 4061//4061 4063//4063
f 4062//4062 4063//4063 4064//4064
f 4064//4064 4063//4063 4065//4065
f 4064//4064 4065//4065 4066//4066
f 4066//4066 4065//4065 4067//4067
f 4066//4066 4067//4067 4068//4068
f 4068//4068 4067//4067 4069//4069
f 4068//4068 4069//4069 4070//4070
f 4070//4070 4069//4069 4005//4005
f 4070//4070 4005//4005 4007//4007
f 4071//4071 4072//4072 4073//4073
f 4073//4073 4072//4072 4074//4074
f 4073//4073 4074//4074 4075//4075
f 4075//4075 4074//4074 4076//4076
f 4075//4075 4076//4076 4077//4077
f 4075//4075 4077//4077 4078//4078
f 4078//4078 4077//4077 4079//4079
f 4078//4078 4079//4079 4080//4080
f 4078//4078 4080//4080 4081//4081
f 4081//4081 4080//4080 4082//4082
f 4081//4081 4082//4082 4083//4083
f 4081//4081 4083//4083 4084//4084
f 4084//4084 4083//4083 4085//4085
f 4084//4084 4085//4085 4086//4086
f 4084//4084 4086//4086 4087//4087
f 4087//4087 4086//4086 4088//4088
f 4087//4087 4088//4088 4089//4089
f 4087//4087 4089//4089 4090//4090
f 4090//4090 4089//4089 4091//4091
f 4090//4090 4091//4091 4092//4092
f 4090//4090 4092//4092 4093//4093
f 4093//4093 4092//4092 4094//4094
f 4093//4093 4094//4094 4095//4095
f 4093//4093 4095//4095 4096//4096
f 4096//4096 4095//4095 4097//4097
f 4096//4096 4097//4097 4098//4098
f 4098//4098 4099//4099 4096//4096
f 4096//4096 4099//4099 4100//4100
f 4096//4096 4100//4100 4101//4101
f 4101//4101 4102//4102 4096//4096
f 4096//4096 4102//4102 4103//4103
f 4096//4096 4103//4103 4104//4104
f 4104//4104 4103//4103 4105//4105
f 4104//4104 4105//4105 4106//4106
f 4104//4104 4106//4106 4107//4107
f 4107//4107 4106//4106 4108//4108
f 4107//4107 4108//4108 4109//4109
f 4107//4107 4109//4109 4073//4073
f 4073//4073 4109//4109 4110//4110
f 4073//4073 4110//4110 4111//4111
f 4111//4111 4112//4112 4073//4073
f 4073//4073 4112//4112 4113//4113
f 4073//4073 4113//4113 4071//4071
f 3819//3819 3589//3589 4114//4114
f 4114//4114 3589//3589 3587//3587
f 4114//4114 3587//3587 4115//4115
f 4115//4115 3587//3587 3585//3585
f 4115//4115 3585//3585 4116//4116
f 4116//4116 3585//3585 3584//3584
f 4116//4116 3584//3584 4117//4117
f 4117//4117 3584//3584 3582//3582
f 4117//4117 3582//3582 4118//4118
f 4118//4118 3582//3582 3580//3580
f 4118//4118 3580//3580 4119//4119
f 4119//4119 3580//3580 3578//3578
f 4119//4119 3578//3578 4120//4120
f 4120//4120 3578//3578 3576//3576
f 4120//4120 3576//3576 4121//4121
f 4121//4121 3576//3576 3575//3575
f 4121//4121 3575//3575 4122//4122
f 4122//4122 3575//3575 3573//3573
f 4122//4122 3573//3573 4123//4123
f 4123//4123 3573//3573 3571//3571
f 4123//4123 3571//3571 4124//4124
f 4124//4124 3571//3571 3569//3569
f 4124//4124 3569//3569 4125//4125
f 4125//4125 3569//3569 3567//3567
f 4125//4125 3567//3567 4126//4126
f 4126//4126 3567//3567 3566//3566
f 4126//4126 3566//3566 4127//4127
f 4127//4127 3566//3566 3564//3564
f 4096//4096 3444//3444 4093//4093
f 4093//4093 3444//3444 3445//3445
f 4093//4093 3445//3445 4090//4090
f 4090//4090 3445//3445 3448//3448
f 4090//4090 3448//3448 4087//4087
f 4087//4087 3448//3448 3451//3451
f 4087//4087 3451//3451 4084//4084
f 4084//4084 3451//3451 3455//3455
f 4084//4084 3455//3455 4081//4081
f 4081//4081 3455//3455 3458//3458
f 4081//4081 3458//3458 4078//4078
f 4078//4078 3458//3458 3462//3462
f 4078//4078 3462//3462 4075//4075
f 4075//4075 3462//3462 3465//3465
f 4075//4075 3465//3465 4073//4073
f 4073//4073 3465//3465 3470//3470
f 4107//4107 3437//3437 4104//4104
f 4104//4104 3437//3437 3436//3436
f 3681//3681 3529//3529 3665//3665
f 3665//3665 3529//3529 3523//3523
f 3557//3557 4128//4128 3555//3555
f 3555//3555 4128//4128 4129//4129
f 3555//3555 4129//4129 3552//3552
f 3552//3552 4129//4129 4130//4130
f 3552//3552 4130//4130 3546//3546
f 3546//3546 4130//4130 4131//4131
f 3546//3546 4131//4131 3544//3544
f 3544//3544 4131//4131 4132//4132
f 3544//3544 4132//4132 3542//3542
f 3542//3542 4132//4132 4133//4133
f 3542//3542 4133//4133 3540//3540
f 3540//3540 4133//4133 4134//4134
f 3540//3540 4134//4134 3538//3538
f 3538//3538 4134//4134 4135//4135
f 3538//3538 4135//4135 3535//3535
f 3535//3535 4135//4135 4136//4136
f 3535//3535 4136//4136 3531//3531
f 3531//3531 4136//4136 4137//4137
f 3531//3531 4137//4137 3530//3530
f 3530//3530 4137//4137 4138//4138
f 3530//3530 4138//4138 3528//3528
f 3528//3528 4138//4138 4139//4139
f 3528//3528 4139//4139 3526//3526
f 3526//3526 4139//4139 4140//4140
f 3526//3526 4140//4140 3527//3527
f 3527//3527 4140//4140 4141//4141
f 3527//3527 4141//4141 3616//3616
f 3616//3616 4141//4141 4142//4142
f 3616//3616 4142//4142 3614//3614
f 3614//3614 4142//4142 4143//4143
f 3614//3614 4143//4143 3611//3611
f 3611//3611 4143//4143 4144//4144
f 3611//3611 4144//4144 3609//3609
f 3609//3609 4144//4144 4145//4145
f 3609//3609 4145//4145 3607//3607
f 3607//3607 4145//4145 4146//4146
f 3607//3607 4146//4146 3601//3601
f 3601//3601 4146//4146 4147//4147
f 3601//3601 4147//4147 3599//3599
f 3599//3599 4147//4147 4148//4148
f 3599//3599 4148//4148 3597//3597
f 3597//3597 4148//4148 4149//4149
f 3597//3597 4149//4149 3594//3594
f 3594//3594 4149//4149 4150//4150
f 3594//3594 4150//4150 3592//3592
f 3592//3592 4150//4150 4151//4151
f 3592//3592 4151//4151 3590//3590
f 3590//3590 4151//4151 4152//4152
f 3590//3590 4152//4152 3588//3588
f 3588//3588 4152//4152 4153//4153
f 3588//3588 4153//4153 3586//3586
f 3586//3586 4153//4153 4154//4154
f 3586//3586 4154//4154 3583//3583
f 3583//3583 4154//4154 4155//4155
f 3583//3583 4155//4155 3581//3581
f 3581//3581 4155//4155 4156//4156
f 3581//3581 4156//4156 3579//3579
f 3579//3579 4156//4156 4157//4157
f 3579//3579 4157//4157 3577//3577
f 3577//3577 4157//4157 4158//4158
f 3577//3577 4158//4158 3574//3574
f 3574//3574 4158//4158 4159//4159
f 3574//3574 4159//4159 3572//3572
f 3572//3572 4159//4159 4160//4160
f 3572//3572 4160//4160 3570//3570
f 3570//3570 4160//4160 4161//4161
f 3570//3570 4161//4161 3568//3568
f 3568//3568 4161//4161 4162//4162
f 3568//3568 4162//4162 3565//3565
f 3565//3565 4162//4162 4163//4163
f 3565//3565 4163//4163 3563//3563
f 3563//3563 4163//4163 4164//4164
f 3563//3563 4164//4164 3561//3561
f 3561//3561 4164//4164 4165//4165
f 3561//3561 4165//4165 3559//3559
f 3559//3559 4165//4165 4166//4166
f 3559//3559 4166//4166 3557//3557
f 3557//3557 4166//4166 4128//4128
f 4009//4009 4074//4074 4007//4007
f 4007//4007 4074//4074 4072//4072
f 4007//4007 4072//4072 4070//4070
f 4070//4070 4072//4072 4071//4071
f 4070//4070 4071//4071 4113//4113
f 4009//4009 4011//4011 4074//4074
f 4074//4074 4011//4011 4076//4076
f 4076//4076 4011//4011 4013//4013
f 4076//4076 4013//4013 4077//4077
f 4077//4077 4013//4013 4015//4015
f 4077//4077 4015//4015 4079//4079
f 4079//4079 4015//4015 4017//4017
f 4079//4079 4017//4017 4080//4080
f 4080//4080 4017//4017 4019//4019
f 4080//4080 4019//4019 4082//4082
f 4082//4082 4019//4019 4021//4021
f 4082//4082 4021//4021 4083//4083
f 4083//4083 4021//4021 4023//4023
f 4083//4083 4023//4023 4085//4085
f 4085//4085 4023//4023 4025//4025
f 4085//4085 4025//4025 4086//4086
f 4086//4086 4025//4025 4027//4027
f 4086//4086 4027//4027 4088//4088
f 4088//4088 4027//4027 4029//4029
f 4088//4088 4029//4029 4089//4089
f 4089//4089 4029//4029 4031//4031
f 4089//4089 4031//4031 4091//4091
f 4091//4091 4031//4031 4033//4033
f 4091//4091 4033//4033 4092//4092
f 4092//4092 4033//4033 4035//4035
f 4092//4092 4035//4035 4094//4094
f 4094//4094 4035//4035 4037//4037
f 4094//4094 4037//4037 4095//4095
f 4095//4095 4037//4037 4039//4039
f 4095//4095 4039//4039 4097//4097
f 4097//4097 4039//4039 4042//4042
f 4097//4097 4042//4042 4098//4098
f 4098//4098 4042//4042 4044//4044
f 4098//4098 4044//4044 4099//4099
f 4099//4099 4044//4044 4046//4046
f 4099//4099 4046//4046 4100//4100
f 4100//4100 4046//4046 4048//4048
f 4100//4100 4048//4048 4101//4101
f 4101//4101 4048//4048 4050//4050
f 4101//4101 4050//4050 4102//4102
f 4102//4102 4050//4050 4052//4052
f 4102//4102 4052//4052 4103//4103
f 4103//4103 4052//4052 4054//4054
f 4103//4103 4054//4054 4105//4105
f 4105//4105 4054//4054 4056//4056
f 4105//4105 4056//4056 4106//4106
f 4106//4106 4056//4056 4058//4058
f 4106//4106 4058//4058 4108//4108
f 4108//4108 4058//4058 4060//4060
f 4108//4108 4060//4060 4109//4109
f 4109//4109 4060//4060 4062//4062
f 4109//4109 4062//4062 4110//4110
f 4110//4110 4062//4062 4064//4064
f 4110//4110 4064//4064 4111//4111
f 4111//4111 4064//4064 4066//4066
f 4111//4111 4066//4066 4112//4112
f 4112//4112 4066//4066 4068//4068
f 4112//4112 4068//4068 4113//4113
f 4113//4113 4068//4068 4070//4070
f 4128//4128 4167//4167 4129//4129
f 4129//4129 4167//4167 4168//4168
f 4129//4129 4168//4168 4130//4130
f 4130//4130 4168//4168 4131//4131
f 4131//4131 4168//4168 3737//3737
f 4131//4131 3737//3737 4132//4132
f 4132//4132 3737//3737 4169//4169
f 4132//4132 4169//4169 4133//4133
f 4133//4133 4169//4169 4170//4170
f 4133//4133 4170//4170 4134//4134
f 4134//4134 4170//4170 4171//4171
f 4134//4134 4171//4171 4135//4135
f 4135//4135 4171//4171 4172//4172
f 4135//4135 4172//4172 4136//4136
f 4136//4136 4172//4172 4173//4173
f 4136//4136 4173//4173 4137//4137
f 4137//4137 4173//4173 4174//4174
f 4137//4137 4174//4174 4138//4138
f 4138//4138 4174//4174 4175//4175
f 4138//4138 4175//4175 4139//4139
f 4139//4139 4175//4175 4176//4176
f 4139//4139 4176//4176 4140//4140
f 4140//4140 4176//4176 4177//4177
f 4140//4140 4177//4177 4141//4141
f 4141//4141 4177//4177 4178//4178
f 4141//4141 4178//4178 4142//4142
f 4142//4142 4178//4178 4143//4143
f 4143//4143 4178//4178 4179//4179
f 4143//4143 4179//4179 4144//4144
f 4144//4144 4179//4179 4180//4180
f 4144//4144 4180//4180 4145//4145
f 4145//4145 4180//4180 4181//4181
f 4145//4145 4181//4181 4146//4146
f 4146//4146 4181//4181 3726//3726
f 4146//4146 3726//3726 4147//4147
f 4147//4147 3726//3726 4182//4182
f 4147//4147 4182//4182 4148//4148
f 4148//4148 4182//4182 4183//4183
f 4148//4148 4183//4183 4149//4149
f 4149//4149 4183//4183 4184//4184
f 4149//4149 4184//4184 4150//4150
f 4150//4150 4184//4184 4185//4185
f 4150//4150 4185//4185 4151//4151
f 4151//4151 4185//4185 4186//4186
f 4151//4151 4186//4186 4152//4152
f 4152//4152 4186//4186 4153//4153
f 4153//4153 4186//4186 4187//4187
f 4153//4153 4187//4187 4154//4154
f 4154//4154 4187//4187 4188//4188
f 4154//4154 4188//4188 4155//4155
f 4155//4155 4188//4188 4189//4189
f 4155//4155 4189//4189 4156//4156
f 4156//4156 4189//4189 4190//4190
f 4156//4156 4190//4190 4157//4157
f 4157//4157 4190//4190 4191//4191
f 4157//4157 4191//4191 4158//4158
f 4158//4158 4191//4191 4192//4192
f 4158//4158 4192//4192 4159//4159
f 4159//4159 4192//4192 4193//4193
f 4159//4159 4193//4193 4160//4160
f 4160//4160 4193//4193 4161//4161
f 4161//4161 4193//4193 4194//4194
f 4161//4161 4194//4194 4162//4162
f 4162//4162 4194//4194 4195//4195
f 4162//4162 4195//4195 4163//4163
f 4163//4163 4195//4195 4196//4196
f 4163//4163 4196//4196 4164//4164
f 4164//4164 4196//4196 4197//4197
f 4164//4164 4197//4197 4165//4165
f 4165//4165 4197//4197 4198//4198
f 4165//4165 4198//4198 4166//4166
f 4166//4166 4198//4198 4199//4199
f 4166//4166 4199//4199 4128//4128
f 4128//4128 4199//4199 4167//4167
f 3733//3733 3728//3728 4181//4181
f 4181//4181 3728//3728 3726//3726
f 3737//3737 3739//3739 4169//4169
f 4169//4169 3739//3739 3747//3747
f 3737//3737 4168//4168 3738//3738
f 3738//3738 4168//4168 4005//4005
f 3738//3738 4005//4005 4069//4069
f 4005//4005 4168//4168 4006//4006
f 4006//4006 4168//4168 4167//4167
f 4006//4006 4167//4167 4008//4008
f 4008//4008 4167//4167 4199//4199
f 4008//4008 4199//4199 4010//4010
f 4010//4010 4199//4199 4198//4198
f 4010//4010 4198//4198 4012//4012
f 4012//4012 4198//4198 4197//4197
f 4012//4012 4197//4197 4014//4014
f 4014//4014 4197//4197 4196//4196
f 4014//4014 4196//4196 4016//4016
f 4016//4016 4196//4196 4195//4195
f 4016//4016 4195//4195 4018//4018
f 4018//4018 4195//4195 4194//4194
f 4018//4018 4194//4194 4020//4020
f 4020//4020 4194//4194 4193//4193
f 4020//4020 4193//4193 4022//4022
f 4022//4022 4193//4193 4192//4192
f 4022//4022 4192//4192 4191//4191
f 4022//4022 4191//4191 4024//4024
f 4024//4024 4191//4191 4190//4190
f 4024//4024 4190//4190 4026//4026
f 4026//4026 4190//4190 4189//4189
f 4026//4026 4189//4189 4028//4028
f 4028//4028 4189//4189 4188//4188
f 4028//4028 4188//4188 4030//4030
f 4030//4030 4188//4188 4187//4187
f 4030//4030 4187//4187 4032//4032
f 4032//4032 4187//4187 4186//4186
f 4032//4032 4186//4186 4034//4034
f 4034//4034 4186//4186 4185//4185
f 4034//4034 4185//4185 4036//4036
f 4036//4036 4185//4185 4184//4184
f 4036//4036 4184//4184 4038//4038
f 4038//4038 4184//4184 4183//4183
f 4038//4038 4183//4183 4040//4040
f 4040//4040 4183//4183 4182//4182
f 4040//4040 4182//4182 4041//4041
f 4041//4041 4182//4182 3726//3726
f 4041//4041 3726//3726 3725//3725
f 4041//4041 3725//3725 4043//4043
f 4043//4043 3725//3725 4200//4200
f 4043//4043 4200//4200 4201//4201
f 4201//4201 4202//4202 4043//4043
f 4043//4043 4202//4202 4045//4045
f 4045//4045 4202//4202 4181//4181
f 4045//4045 4181//4181 4180//4180
f 4045//4045 4180//4180 4047//4047
f 4047//4047 4180//4180 4179//4179
f 4047//4047 4179//4179 4049//4049
f 4049//4049 4179//4179 4178//4178
f 4049//4049 4178//4178 4051//4051
f 4051//4051 4178//4178 4177//4177
f 4051//4051 4177//4177 4053//4053
f 4053//4053 4177//4177 4176//4176
f 4053//4053 4176//4176 4055//4055
f 4055//4055 4176//4176 4175//4175
f 4055//4055 4175//4175 4057//4057
f 4057//4057 4175//4175 4174//4174
f 4057//4057 4174//4174 4059//4059
f 4059//4059 4174//4174 4173//4173
f 4059//4059 4173//4173 4061//4061
f 4061//4061 4173//4173 4172//4172
f 4061//4061 4172//4172 4063//4063
f 4063//4063 4172//4172 4171//4171
f 4063//4063 4171//4171 4065//4065
f 4065//4065 4171//4171 4170//4170
f 4065//4065 4170//4170 4067//4067
f 4067//4067 4170//4170 4169//4169
f 4067//4067 4169//4169 4203//4203
f 4203//4203 4204//4204 4067//4067
f 4067//4067 4204//4204 4069//4069
f 4069//4069 4204//4204 4205//4205
f 4069//4069 4205//4205 3738//3738
f 3729//3729 4206//4206 3727//3727
f 3727//3727 4206//4206 4207//4207
f 3727//3727 4207//4207 4200//4200
f 4200//4200 4207//4207 4208//4208
f 4200//4200 4208//4208 4201//4201
f 4201//4201 4208//4208 4202//4202
f 4202//4202 4208//4208 4209//4209
f 4202//4202 4209//4209 4181//4181
f 4181//4181 4209//4209 3733//3733
f 3733//3733 4209//4209 4210//4210
f 3733//3733 4210//4210 3734//3734
f 3734//3734 4210//4210 3735//3735
f 3735//3735 4210//4210 3736//3736
f 3735//3735 3736//3736 3732//3732
f 3729//3729 3730//3730 4206//4206
f 4206//4206 3730//3730 4211//4211
f 4211//4211 3730//3730 3731//3731
f 4200//4200 3725//3725 3727//3727
f 3830//3830 3860//3860 3802//3802
f 3802//3802 3860//3860 3854//3854
f 3802//3802 3854//3854 3799//3799
f 3799//3799 3854//3854 3852//3852
f 3799//3799 3852//3852 3800//3800
f 4210//4210 4104//4104 3736//3736
f 3736//3736 4104//4104 3436//3436
f 3736//3736 3436//3436 3480//3480
f 4210//4210 4209//4209 4104//4104
f 4104//4104 4209//4209 4208//4208
f 4104//4104 4208//4208 4096//4096
f 4096//4096 4208//4208 4207//4207
f 4096//4096 4207//4207 4206//4206
f 4206//4206 4211//4211 4096//4096
f 4096//4096 4211//4211 3444//3444
f 3444//3444 4211//4211 3479//3479
f 3519//3519 3848//3848 3698//3698
f 3698//3698 3848//3848 3806//3806
f 3806//3806 3848//3848 3846//3846
f 3806//3806 3846//3846 3843//3843
f 3806//3806 3843//3843 3805//3805
f 3805//3805 3843//3843 3841//3841
f 3805//3805 3841//3841 3838//3838
f 3805//3805 3838//3838 3804//3804
f 3804//3804 3838//3838 3836//3836
f 3804//3804 3836//3836 3834//3834
f 3804//3804 3834//3834 3803//3803
f 3803//3803 3834//3834 3832//3832
f 3803//3803 3832//3832 3802//3802
f 3802//3802 3832//3832 3830//3830
f 3522//3522 3807//3807 3482//3482
f 3482//3482 3807//3807 3487//3487
f 3487//3487 3807//3807 3808//3808
f 3487//3487 3808//3808 3619//3619
f 3619//3619 3808//3808 3534//3534
f 3731//3731 3442//3442 4211//4211
f 4211//4211 3442//3442 3479//3479
f 3746//3746 4212//4212 3747//3747
f 3747//3747 4212//4212 4213//4213
f 3747//3747 4213//4213 4203//4203
f 4203//4203 4213//4213 4214//4214
f 4203//4203 4214//4214 4204//4204
f 4204//4204 4214//4214 4205//4205
f 4205//4205 4214//4214 4215//4215
f 4205//4205 4215//4215 3738//3738
f 3738//3738 4215//4215 3740//3740
f 3740//3740 4215//4215 4216//4216
f 3740//3740 4216//4216 3741//3741
f 3741//3741 4216//4216 3742//3742
f 3742//3742 4216//4216 3749//3749
f 3742//3742 3749//3749 3743//3743
f 3746//3746 3745//3745 4212//4212
f 4212//4212 3745//3745 3748//3748
f 3748//3748 3745//3745 3744//3744
f 4203//4203 4169//4169 3747//3747
f 2023//2023 2021//2021 3551//3551
f 3551//3551 2021//2021 4217//4217
f 3551//3551 4217//4217 3549//3549
f 3549//3549 4217//4217 4218//4218
f 3549//3549 4218//4218 3553//3553
f 3553//3553 4218//4218 3554//3554
f 3554//3554 4218//4218 4219//4219
f 3554//3554 4219//4219 3556//3556
f 3556//3556 4219//4219 4220//4220
f 3556//3556 4220//4220 3558//3558
f 3558//3558 4220//4220 4221//4221
f 3558//3558 4221//4221 3560//3560
f 3560//3560 4221//4221 4222//4222
f 3560//3560 4222//4222 3562//3562
f 3562//3562 4222//4222 4223//4223
f 3562//3562 4223//4223 3564//3564
f 3564//3564 4223//4223 4127//4127
f 4217//4217 2021//2021 4224//4224
f 4224//4224 2021//2021 2019//2019
f 4224//4224 2019//2019 4225//4225
f 4225//4225 2019//2019 2017//2017
f 4225//4225 2017//2017 4226//4226
f 4226//4226 2017//2017 2015//2015
f 4226//4226 2015//2015 3667//3667
f 3667//3667 2015//2015 3668//3668
f 3668//3668 2015//2015 2014//2014
f 3668//3668 2014//2014 3924//3924
f 3971//3971 3921//3921 3972//3972
f 3972//3972 3921//3921 3973//3973
f 3973//3973 3921//3921 3918//3918
f 3973//3973 3918//3918 3974//3974
f 3974//3974 3918//3918 3917//3917
f 4216//4216 4073//4073 3749//3749
f 3749//3749 4073//4073 3470//3470
f 3749//3749 3470//3470 3478//3478
f 4216//4216 4215//4215 4073//4073
f 4073//4073 4215//4215 4214//4214
f 4073//4073 4214//4214 4107//4107
f 4107//4107 4214//4214 4213//4213
f 4107//4107 4213//4213 4212//4212
f 4212//4212 3748//3748 4107//4107
f 4107//4107 3748//3748 3437//3437
f 3437//3437 3748//3748 3477//3477
f 3971//3971 3970//3970 3921//3921
f 3921//3921 3970//3970 3920//3920
f 3920//3920 3970//3970 3969//3969
f 3920//3920 3969//3969 3922//3922
f 3922//3922 3969//3969 3968//3968
f 3922//3922 3968//3968 3946//3946
f 3922//3922 3946//3946 3923//3923
f 3923//3923 3946//3946 3948//3948
f 3923//3923 3948//3948 3967//3967
f 3923//3923 3967//3967 3924//3924
f 3924//3924 3967//3967 3952//3952
f 3924//3924 3952//3952 3954//3954
f 3654//3654 3668//3668 3954//3954
f 3954//3954 3668//3668 3924//3924
f 4227//4227 3776//3776 4228//4228
f 4228//4228 3776//3776 3777//3777
f 4228//4228 3777//3777 4229//4229
f 4229//4229 3777//3777 3778//3778
f 4229//4229 3778//3778 4230//4230
f 4230//4230 3778//3778 3779//3779
f 4230//4230 3779//3779 4231//4231
f 4231//4231 3779//3779 3780//3780
f 4231//4231 3780//3780 4232//4232
f 4232//4232 3780//3780 3781//3781
f 4232//4232 3781//3781 4233//4233
f 4233//4233 3781//3781 4234//4234
f 4234//4234 3781//3781 3782//3782
f 4234//4234 3782//3782 4235//4235
f 4235//4235 3782//3782 3783//3783
f 4235//4235 3783//3783 4236//4236
f 4236//4236 3783//3783 3767//3767
f 4236//4236 3767//3767 4237//4237
f 4237//4237 3767//3767 3768//3768
f 4237//4237 3768//3768 4238//4238
f 4238//4238 3768//3768 3769//3769
f 4238//4238 3769//3769 4239//4239
f 4239//4239 3769//3769 3770//3770
f 4239//4239 3770//3770 4240//4240
f 4240//4240 3770//3770 3771//3771
f 4240//4240 3771//3771 4241//4241
f 4241//4241 3771//3771 3772//3772
f 4241//4241 3772//3772 4242//4242
f 4242//4242 3772//3772 4243//4243
f 4243//4243 3772//3772 3773//3773
f 4243//4243 3773//3773 4244//4244
f 4244//4244 3773//3773 3774//3774
f 4244//4244 3774//3774 4245//4245
f 4245//4245 3774//3774 3775//3775
f 4245//4245 3775//3775 4227//4227
f 4227//4227 3775//3775 3776//3776
f 4246//4246 4247//4247 3751//3751
f 3751//3751 4247//4247 4248//4248
f 3751//3751 4248//4248 3750//3750
f 3750//3750 4248//4248 4249//4249
f 3750//3750 4249//4249 3766//3766
f 3766//3766 4249//4249 4250//4250
f 3766//3766 4250//4250 3765//3765
f 3765//3765 4250//4250 4251//4251
f 3765//3765 4251//4251 3764//3764
f 3764//3764 4251//4251 4252//4252
f 3764//3764 4252//4252 3763//3763
f 3763//3763 4252//4252 4253//4253
f 3763//3763 4253//4253 3762//3762
f 3762//3762 4253//4253 4254//4254
f 3762//3762 4254//4254 3761//3761
f 3761//3761 4254//4254 4255//4255
f 3761//3761 4255//4255 3760//3760
f 3760//3760 4255//4255 4256//4256
f 3760//3760 4256//4256 3759//3759
f 3759//3759 4256//4256 4257//4257
f 3759//3759 4257//4257 4258//4258
f 3759//3759 4258//4258 3758//3758
f 3758//3758 4258//4258 4259//4259
f 3758//3758 4259//4259 3757//3757
f 3757//3757 4259//4259 4260//4260
f 3757//3757 4260//4260 3756//3756
f 3756//3756 4260//4260 4261//4261
f 3756//3756 4261//4261 3755//3755
f 3755//3755 4261//4261 4262//4262
f 3755//3755 4262//4262 3754//3754
f 3754//3754 4262//4262 4263//4263
f 3754//3754 4263//4263 3753//3753
f 3753//3753 4263//4263 4264//4264
f 3753//3753 4264//4264 3752//3752
f 3752//3752 4264//4264 4246//4246
f 3752//3752 4246//4246 3751//3751
f 3669//3669 4265//4265 3667//3667
f 3667//3667 4265//4265 4266//4266
f 3667//3667 4266//4266 4267//4267
f 4267//4267 4266//4266 4268//4268
f 4268//4268 4266//4266 4269//4269
f 4268//4268 4269//4269 4270//4270
f 4270//4270 4269//4269 4271//4271
f 4270//4270 4271//4271 4272//4272
f 4272//4272 4271//4271 4273//4273
f 4272//4272 4273//4273 4274//4274
f 4268//4268 4270//4270 4267//4267
f 4267//4267 4270//4270 4272//4272
f 4267//4267 4272//4272 4275//4275
f 4275//4275 4272//4272 4274//4274
f 4275//4275 4276//4276 4267//4267
f 4267//4267 4276//4276 4277//4277
f 4277//4277 4276//4276 4278//4278
f 4277//4277 4278//4278 4279//4279
f 4279//4279 4280//4280 4277//4277
f 4277//4277 4280//4280 4281//4281
f 4277//4277 4281//4281 4282//4282
f 4282//4282 4281//4281 4283//4283
f 4282//4282 4283//4283 4284//4284
f 4284//4284 4283//4283 4285//4285
f 4274//4274 4273//4273 4275//4275
f 4275//4275 4273//4273 4286//4286
f 4275//4275 4286//4286 4276//4276
f 4276//4276 4286//4286 4287//4287
f 4276//4276 4287//4287 4278//4278
f 4278//4278 4287//4287 4279//4279
f 4279//4279 4287//4287 4288//4288
f 4279//4279 4288//4288 4280//4280
f 4280//4280 4288//4288 4289//4289
f 4280//4280 4289//4289 4281//4281
f 4281//4281 4289//4289 4290//4290
f 4281//4281 4290//4290 4291//4291
f 4286//4286 4273//4273 4292//4292
f 4292//4292 4273//4273 4271//4271
f 4292//4292 4271//4271 4266//4266
f 4266//4266 4271//4271 4269//4269
f 4292//4292 4293//4293 4286//4286
f 4286//4286 4293//4293 4287//4287
f 4287//4287 4293//4293 4288//4288
f 4288//4288 4293//4293 4294//4294
f 4288//4288 4294//4294 4289//4289
f 4289//4289 4294//4294 4290//4290
f 4290//4290 4294//4294 4295//4295
f 4295//4295 4294//4294 4296//4296
f 4296//4296 4294//4294 4297//4297
f 4298//4298 4299//4299 4297//4297
f 4297//4297 4299//4299 4300//4300
f 4297//4297 4300//4300 4296//4296
f 4296//4296 4300//4300 4301//4301
f 4296//4296 4301//4301 4295//4295
f 4295//4295 4301//4301 4291//4291
f 4295//4295 4291//4291 4290//4290
f 4299//4299 4298//4298 4302//4302
f 4302//4302 4298//4298 4303//4303
f 4302//4302 4303//4303 4304//4304
f 4302//4302 4304//4304 4305//4305
f 4305//4305 4304//4304 4306//4306
f 4305//4305 4306//4306 4307//4307
f 4304//4304 4308//4308 4306//4306
f 4306//4306 4308//4308 4309//4309
f 4306//4306 4309//4309 4310//4310
f 4310//4310 4309//4309 4311//4311
f 4310//4310 4311//4311 4312//4312
f 4304//4304 4303//4303 4308//4308
f 4308//4308 4303//4303 4313//4313
f 4313//4313 4303//4303 4298//4298
f 4313//4313 4298//4298 4294//4294
f 4294//4294 4298//4298 4297//4297
f 4312//4312 4314//4314 4310//4310
f 4315//4315 4316//4316 4317//4317
f 4317//4317 4316//4316 4318//4318
f 4317//4317 4318//4318 4319//4319
f 4319//4319 4318//4318 4320//4320
f 4320//4320 4318//4318 4321//4321
f 4320//4320 4321//4321 4322//4322
f 4322//4322 4321//4321 4323//4323
f 4322//4322 4323//4323 4324//4324
f 4324//4324 4323//4323 3699//3699
f 3699//3699 4323//4323 4325//4325
f 3699//3699 4325//4325 3697//3697
f 4325//4325 4326//4326 3697//3697
f 3697//3697 4326//4326 4327//4327
f 3697//3697 4327//4327 3696//3696
f 3696//3696 4327//4327 4328//4328
f 3696//3696 4328//4328 3695//3695
f 3695//3695 4328//4328 4329//4329
f 3695//3695 4329//4329 3694//3694
f 3694//3694 4329//4329 4330//4330
f 3694//3694 4330//4330 3693//3693
f 3693//3693 4330//4330 4331//4331
f 3693//3693 4331//4331 3692//3692
f 3692//3692 4331//4331 4332//4332
f 3692//3692 4332//4332 3691//3691
f 3691//3691 4332//4332 4333//4333
f 3691//3691 4333//4333 3689//3689
f 4323//4323 4334//4334 4325//4325
f 4325//4325 4334//4334 4335//4335
f 4325//4325 4335//4335 4326//4326
f 4334//4334 4336//4336 4335//4335
f 4335//4335 4336//4336 4337//4337
f 4321//4321 4318//4318 4323//4323
f 4323//4323 4318//4318 4334//4334
f 4334//4334 4318//4318 4316//4316
f 4334//4334 4316//4316 4338//4338
f 4334//4334 4338//4338 4339//4339
f 4339//4339 4338//4338 4340//4340
f 4339//4339 4340//4340 4341//4341
f 4339//4339 4341//4341 4342//4342
f 4342//4342 4341//4341 4343//4343
f 4342//4342 4343//4343 4344//4344
f 4344//4344 4345//4345 4342//4342
f 4342//4342 4345//4345 4346//4346
f 4342//4342 4346//4346 4347//4347
f 4348//4348 4349//4349 4344//4344
f 4344//4344 4349//4349 4345//4345
f 4345//4345 4349//4349 4346//4346
f 4346//4346 4349//4349 4347//4347
f 4347//4347 4349//4349 4350//4350
f 4347//4347 4350//4350 4351//4351
f 4351//4351 4350//4350 4352//4352
f 4351//4351 4352//4352 4353//4353
f 4353//4353 4352//4352 4354//4354
f 4353//4353 4354//4354 4355//4355
f 4355//4355 4354//4354 4356//4356
f 4355//4355 4356//4356 4357//4357
f 4357//4357 4356//4356 4358//4358
f 4347//4347 4351//4351 4342//4342
f 4342//4342 4351//4351 4359//4359
f 4359//4359 4351//4351 4353//4353
f 4359//4359 4353//4353 4360//4360
f 4360//4360 4353//4353 4355//4355
f 4360//4360 4355//4355 4357//4357
f 4360//4360 4357//4357 4361//4361
f 4361//4361 4357//4357 4362//4362
f 4361//4361 4362//4362 4363//4363
f 4363//4363 4362//4362 4364//4364
f 4363//4363 4365//4365 4361//4361
f 4358//4358 4366//4366 4357//4357
f 4357//4357 4366//4366 4362//4362
f 4362//4362 4366//4366 4367//4367
f 4362//4362 4367//4367 4364//4364
f 4366//4366 4368//4368 4367//4367
f 4367//4367 4368//4368 4369//4369
f 4367//4367 4369//4369 4370//4370
f 4369//4369 4368//4368 4371//4371
f 4371//4371 4368//4368 4372//4372
f 4371//4371 4372//4372 4373//4373
f 4373//4373 4372//4372 4374//4374
f 4367//4367 4370//4370 4375//4375
f 4375//4375 4370//4370 4376//4376
f 4375//4375 4376//4376 4377//4377
f 4377//4377 4376//4376 4378//4378
f 4377//4377 4378//4378 4379//4379
f 4379//4379 4378//4378 4380//4380
f 4315//4315 4381//4381 4316//4316
f 4316//4316 4381//4381 4338//4338
f 4338//4338 4381//4381 4382//4382
f 4338//4338 4382//4382 4340//4340
f 4340//4340 4382//4382 4383//4383
f 4340//4340 4383//4383 4341//4341
f 4341//4341 4383//4383 4384//4384
f 4341//4341 4384//4384 4343//4343
f 4343//4343 4384//4384 4385//4385
f 4343//4343 4385//4385 4344//4344
f 4344//4344 4385//4385 4348//4348
f 4266//4266 4265//4265 4292//4292
f 4292//4292 4265//4265 4386//4386
f 4292//4292 4386//4386 4387//4387
f 4387//4387 4386//4386 4388//4388
f 4265//4265 4389//4389 4386//4386
f 4390//4390 4391//4391 4392//4392
f 4392//4392 4391//4391 4393//4393
f 4392//4392 4393//4393 4394//4394
f 4394//4394 4393//4393 4395//4395
f 4394//4394 4395//4395 4396//4396
f 4396//4396 4395//4395 4397//4397
f 4396//4396 4397//4397 4398//4398
f 4398//4398 4397//4397 4399//4399
f 4398//4398 4399//4399 4400//4400
f 4400//4400 4399//4399 4401//4401
f 4400//4400 4401//4401 4402//4402
f 4391//4391 4403//4403 4393//4393
f 4393//4393 4403//4403 4395//4395
f 4395//4395 4403//4403 4404//4404
f 4404//4404 4403//4403 4405//4405
f 4404//4404 4405//4405 4406//4406
f 4406//4406 4405//4405 4407//4407
f 4406//4406 4407//4407 4408//4408
f 4406//4406 4408//4408 4409//4409
f 4409//4409 4408//4408 4401//4401
f 4409//4409 4401//4401 4399//4399
f 4400//4400 4402//4402 4410//4410
f 4410//4410 4402//4402 4411//4411
f 4410//4410 4411//4411 4412//4412
f 4412//4412 4413//4413 4410//4410
f 4410//4410 4413//4413 4414//4414
f 4410//4410 4414//4414 4415//4415
f 4415//4415 4414//4414 4416//4416
f 4415//4415 4416//4416 4417//4417
f 4417//4417 4416//4416 4418//4418
f 4417//4417 4418//4418 4419//4419
f 4419//4419 4418//4418 4420//4420
f 4419//4419 4420//4420 4417//4417
f 4417//4417 4420//4420 4396//4396
f 4417//4417 4396//4396 4398//4398
f 4413//4413 4421//4421 4414//4414
f 4414//4414 4421//4421 4422//4422
f 4414//4414 4422//4422 4416//4416
f 4416//4416 4422//4422 4423//4423
f 4416//4416 4423//4423 4424//4424
f 4424//4424 4423//4423 4418//4418
f 4424//4424 4418//4418 4416//4416
f 4421//4421 4293//4293 4422//4422
f 4422//4422 4293//4293 4423//4423
f 4418//4418 4394//4394 4420//4420
f 4420//4420 4394//4394 4396//4396
f 4415//4415 4417//4417 4398//4398
f 4406//4406 4409//4409 4404//4404
f 4404//4404 4409//4409 4397//4397
f 4404//4404 4397//4397 4395//4395
f 4409//4409 4399//4399 4397//4397
f 4415//4415 4398//4398 4400//4400
f 4400//4400 4410//4410 4415//4415
f 4293//4293 4292//4292 4423//4423
f 4423//4423 4292//4292 4387//4387
f 4423//4423 4387//4387 4418//4418
f 4418//4418 4387//4387 4388//4388
f 4418//4418 4388//4388 4394//4394
f 4394//4394 4388//4388 4386//4386
f 4394//4394 4386//4386 4392//4392
f 4392//4392 4386//4386 4390//4390
f 4294//4294 4293//4293 4313//4313
f 4313//4313 4293//4293 4421//4421
f 4313//4313 4421//4421 4308//4308
f 4308//4308 4421//4421 4413//4413
f 4308//4308 4413//4413 4309//4309
f 4309//4309 4413//4413 4412//4412
f 4309//4309 4412//4412 4311//4311
f 4311//4311 4412//4412 4425//4425
f 4425//4425 4412//4412 4411//4411
f 4426//4426 4427//4427 4428//4428
f 4428//4428 4427//4427 4429//4429
f 4428//4428 4429//4429 4430//4430
f 4430//4430 4429//4429 4431//4431
f 4430//4430 4431//4431 4432//4432
f 4432//4432 4431//4431 4433//4433
f 4432//4432 4433//4433 4434//4434
f 4429//4429 4427//4427 4435//4435
f 4435//4435 4427//4427 4436//4436
f 4435//4435 4436//4436 4437//4437
f 4437//4437 4436//4436 4438//4438
f 4437//4437 4438//4438 4439//4439
f 4439//4439 4438//4438 4440//4440
f 4439//4439 4440//4440 4441//4441
f 4439//4439 4441//4441 4442//4442
f 4442//4442 4441//4441 4443//4443
f 4442//4442 4443//4443 4444//4444
f 4444//4444 4443//4443 4445//4445
f 4444//4444 4445//4445 4446//4446
f 4443//4443 4447//4447 4445//4445
f 4444//4444 4446//4446 4448//4448
f 4448//4448 4446//4446 4449//4449
f 4448//4448 4449//4449 4450//4450
f 4450//4450 4449//4449 4451//4451
f 4448//4448 4450//4450 4452//4452
f 4452//4452 4450//4450 4453//4453
f 4452//4452 4453//4453 4454//4454
f 4455//4455 4456//4456 4454//4454
f 4454//4454 4456//4456 4457//4457
f 4454//4454 4457//4457 4452//4452
f 4452//4452 4457//4457 4442//4442
f 4452//4452 4442//4442 4448//4448
f 4448//4448 4442//4442 4444//4444
f 4456//4456 4455//4455 4458//4458
f 4458//4458 4455//4455 4459//4459
f 4458//4458 4459//4459 4431//4431
f 4431//4431 4459//4459 4433//4433
f 4458//4458 4431//4431 4429//4429
f 4456//4456 4458//4458 4435//4435
f 4435//4435 4458//4458 4429//4429
f 4457//4457 4456//4456 4437//4437
f 4437//4437 4456//4456 4435//4435
f 4457//4457 4437//4437 4439//4439
f 4442//4442 4457//4457 4439//4439
f 4447//4447 4460//4460 4445//4445
f 4445//4445 4460//4460 4461//4461
f 4445//4445 4461//4461 4446//4446
f 4446//4446 4461//4461 4462//4462
f 4446//4446 4462//4462 4449//4449
f 4449//4449 4462//4462 4463//4463
f 4449//4449 4463//4463 4451//4451
f 4461//4461 4460//4460 4464//4464
f 4464//4464 4460//4460 4465//4465
f 4464//4464 4465//4465 4466//4466
f 4466//4466 4465//4465 4467//4467
f 4466//4466 4467//4467 4468//4468
f 4468//4468 4467//4467 4469//4469
f 4468//4468 4469//4469 4470//4470
f 4470//4470 4469//4469 4471//4471
f 4470//4470 4471//4471 4472//4472
f 4470//4470 4472//4472 4473//4473
f 4473//4473 4472//4472 4474//4474
f 4473//4473 4474//4474 4475//4475
f 4475//4475 4474//4474 4476//4476
f 4475//4475 4476//4476 4477//4477
f 4474//4474 4478//4478 4476//4476
f 4475//4475 4477//4477 4479//4479
f 4479//4479 4477//4477 4480//4480
f 4479//4479 4480//4480 4481//4481
f 4481//4481 4480//4480 4482//4482
f 4479//4479 4481//4481 4483//4483
f 4483//4483 4481//4481 4484//4484
f 4483//4483 4484//4484 4485//4485
f 4485//4485 4484//4484 4486//4486
f 4485//4485 4486//4486 4487//4487
f 4487//4487 4486//4486 4488//4488
f 4487//4487 4488//4488 4489//4489
f 4489//4489 4488//4488 4490//4490
f 4489//4489 4490//4490 4491//4491
f 4491//4491 4490//4490 4492//4492
f 4491//4491 4492//4492 4462//4462
f 4462//4462 4492//4492 4463//4463
f 4491//4491 4462//4462 4461//4461
f 4489//4489 4491//4491 4464//4464
f 4464//4464 4491//4491 4461//4461
f 4487//4487 4489//4489 4466//4466
f 4466//4466 4489//4489 4464//4464
f 4485//4485 4487//4487 4468//4468
f 4468//4468 4487//4487 4466//4466
f 4483//4483 4485//4485 4470//4470
f 4470//4470 4485//4485 4468//4468
f 4479//4479 4483//4483 4473//4473
f 4473//4473 4483//4483 4470//4470
f 4475//4475 4479//4479 4473//4473
f 4434//4434 4493//4493 4432//4432
f 4432//4432 4493//4493 4494//4494
f 4432//4432 4494//4494 4430//4430
f 4430//4430 4494//4494 4495//4495
f 4430//4430 4495//4495 4428//4428
f 4428//4428 4495//4495 4496//4496
f 4428//4428 4496//4496 4426//4426
f 4494//4494 4493//4493 4497//4497
f 4497//4497 4493//4493 4498//4498
f 4497//4497 4498//4498 4499//4499
f 4499//4499 4498//4498 4500//4500
f 4499//4499 4500//4500 4501//4501
f 4501//4501 4500//4500 4502//4502
f 4501//4501 4502//4502 4503//4503
f 4501//4501 4503//4503 4504//4504
f 4504//4504 4503//4503 4505//4505
f 4504//4504 4505//4505 4506//4506
f 4506//4506 4505//4505 4507//4507
f 4506//4506 4507//4507 4508//4508
f 4508//4508 4507//4507 4509//4509
f 4508//4508 4509//4509 4510//4510
f 4505//4505 4511//4511 4507//4507
f 4507//4507 4511//4511 4512//4512
f 4507//4507 4512//4512 4509//4509
f 4511//4511 4513//4513 4512//4512
f 4514//4514 4515//4515 4510//4510
f 4510//4510 4515//4515 4508//4508
f 4508//4508 4515//4515 4516//4516
f 4516//4516 4515//4515 4517//4517
f 4516//4516 4517//4517 4518//4518
f 4518//4518 4517//4517 4519//4519
f 4518//4518 4519//4519 4520//4520
f 4518//4518 4520//4520 4521//4521
f 4521//4521 4520//4520 4522//4522
f 4521//4521 4522//4522 4523//4523
f 4523//4523 4522//4522 4524//4524
f 4523//4523 4524//4524 4525//4525
f 4525//4525 4524//4524 4496//4496
f 4525//4525 4496//4496 4495//4495
f 4525//4525 4495//4495 4494//4494
f 4525//4525 4494//4494 4497//4497
f 4523//4523 4525//4525 4497//4497
f 4523//4523 4497//4497 4499//4499
f 4521//4521 4523//4523 4499//4499
f 4521//4521 4499//4499 4501//4501
f 4518//4518 4521//4521 4504//4504
f 4504//4504 4521//4521 4501//4501
f 4516//4516 4518//4518 4506//4506
f 4506//4506 4518//4518 4504//4504
f 4508//4508 4516//4516 4506//4506
f 4386//4386 4526//4526 4390//4390
f 4390//4390 4526//4526 4527//4527
f 4390//4390 4527//4527 4528//4528
f 4389//4389 4529//4529 4386//4386
f 4386//4386 4529//4529 4530//4530
f 4386//4386 4530//4530 4526//4526
f 4529//4529 4389//4389 4531//4531
f 4531//4531 4389//4389 4532//4532
f 4531//4531 4532//4532 4533//4533
f 4533//4533 4534//4534 4531//4531
f 4531//4531 4534//4534 4535//4535
f 4535//4535 4534//4534 4536//4536
f 4535//4535 4536//4536 4537//4537
f 4537//4537 4536//4536 4538//4538
f 4537//4537 4538//4538 4539//4539
f 4539//4539 4538//4538 4540//4540
f 4539//4539 4540//4540 4541//4541
f 4542//4542 4543//4543 4541//4541
f 4541//4541 4543//4543 4544//4544
f 4541//4541 4544//4544 4539//4539
f 4543//4543 4542//4542 4545//4545
f 4545//4545 4542//4542 4546//4546
f 4545//4545 4546//4546 4547//4547
f 4547//4547 4546//4546 4548//4548
f 4547//4547 4548//4548 4549//4549
f 4549//4549 4548//4548 4550//4550
f 4549//4549 4550//4550 4551//4551
f 4548//4548 4552//4552 4550//4550
f 4550//4550 4552//4552 4553//4553
f 4553//4553 4552//4552 4554//4554
f 4553//4553 4554//4554 4555//4555
f 4555//4555 4554//4554 4556//4556
f 4555//4555 4556//4556 4557//4557
f 4557//4557 4556//4556 4558//4558
f 4558//4558 4556//4556 4559//4559
f 4558//4558 4559//4559 4560//4560
f 4560//4560 4559//4559 4561//4561
f 4560//4560 4561//4561 4562//4562
f 4562//4562 4561//4561 4563//4563
f 4563//4563 4561//4561 4564//4564
f 4563//4563 4564//4564 4565//4565
f 4565//4565 4564//4564 4566//4566
f 4565//4565 4566//4566 4567//4567
f 4567//4567 4566//4566 4333//4333
f 4567//4567 4333//4333 4568//4568
f 4568//4568 4333//4333 4569//4569
f 4569//4569 4333//4333 4332//4332
f 4569//4569 4332//4332 4331//4331
f 4569//4569 4331//4331 4570//4570
f 4570//4570 4331//4331 4330//4330
f 4570//4570 4330//4330 4571//4571
f 4571//4571 4330//4330 4329//4329
f 4571//4571 4329//4329 4572//4572
f 4572//4572 4329//4329 4328//4328
f 4572//4572 4328//4328 4327//4327
f 4327//4327 4326//4326 4572//4572
f 4572//4572 4326//4326 4573//4573
f 4573//4573 4326//4326 4335//4335
f 4573//4573 4335//4335 4574//4574
f 4574//4574 4335//4335 4575//4575
f 4575//4575 4335//4335 4576//4576
f 4575//4575 4576//4576 4577//4577
f 4577//4577 4576//4576 4578//4578
f 4578//4578 4576//4576 4579//4579
f 4578//4578 4579//4579 4580//4580
f 4578//4578 4580//4580 4581//4581
f 4581//4581 4580//4580 4582//4582
f 4581//4581 4582//4582 4583//4583
f 4583//4583 4582//4582 4584//4584
f 4584//4584 4582//4582 4585//4585
f 4584//4584 4585//4585 4586//4586
f 4586//4586 4585//4585 4587//4587
f 4587//4587 4585//4585 4588//4588
f 4587//4587 4588//4588 4589//4589
f 4590//4590 4591//4591 4585//4585
f 4585//4585 4591//4591 4478//4478
f 4585//4585 4478//4478 4592//4592
f 4592//4592 4478//4478 4593//4593
f 4593//4593 4478//4478 4474//4474
f 4593//4593 4474//4474 4472//4472
f 4593//4593 4472//4472 4594//4594
f 4594//4594 4472//4472 4471//4471
f 4594//4594 4471//4471 4595//4595
f 4595//4595 4471//4471 4469//4469
f 4595//4595 4469//4469 4596//4596
f 4596//4596 4469//4469 4467//4467
f 4596//4596 4467//4467 4597//4597
f 4597//4597 4467//4467 4465//4465
f 4597//4597 4465//4465 4598//4598
f 4598//4598 4465//4465 4460//4460
f 4598//4598 4460//4460 4443//4443
f 4443//4443 4460//4460 4447//4447
f 4443//4443 4441//4441 4598//4598
f 4598//4598 4441//4441 4599//4599
f 4599//4599 4441//4441 4600//4600
f 4600//4600 4441//4441 4440//4440
f 4600//4600 4440//4440 4601//4601
f 4601//4601 4440//4440 4438//4438
f 4601//4601 4438//4438 4602//4602
f 4602//4602 4438//4438 4436//4436
f 4602//4602 4436//4436 4603//4603
f 4603//4603 4436//4436 4604//4604
f 4604//4604 4436//4436 4427//4427
f 4604//4604 4427//4427 4496//4496
f 4496//4496 4427//4427 4426//4426
f 4496//4496 4524//4524 4604//4604
f 4604//4604 4524//4524 4605//4605
f 4605//4605 4524//4524 4522//4522
f 4605//4605 4522//4522 4606//4606
f 4606//4606 4522//4522 4520//4520
f 4606//4606 4520//4520 4607//4607
f 4607//4607 4520//4520 4519//4519
f 4607//4607 4519//4519 4608//4608
f 4608//4608 4519//4519 4517//4517
f 4608//4608 4517//4517 4609//4609
f 4609//4609 4517//4517 4515//4515
f 4609//4609 4515//4515 4514//4514
f 4610//4610 4407//4407 4514//4514
f 4514//4514 4407//4407 4611//4611
f 4514//4514 4611//4611 4609//4609
f 4610//4610 4612//4612 4407//4407
f 4405//4405 4613//4613 4407//4407
f 4407//4407 4613//4613 4614//4614
f 4407//4407 4614//4614 4615//4615
f 4403//4403 4616//4616 4405//4405
f 4405//4405 4616//4616 4617//4617
f 4405//4405 4617//4617 4613//4613
f 4616//4616 4403//4403 4528//4528
f 4528//4528 4403//4403 4391//4391
f 4528//4528 4391//4391 4390//4390
f 4592//4592 4588//4588 4585//4585
f 4587//4587 4589//4589 4562//4562
f 4562//4562 4589//4589 4560//4560
f 4549//4549 4551//4551 4615//4615
f 4615//4615 4551//4551 4618//4618
f 4615//4615 4618//4618 4407//4407
f 4407//4407 4618//4618 4611//4611
f 4339//4339 4619//4619 4620//4620
f 4620//4620 4619//4619 4621//4621
f 4620//4620 4621//4621 4622//4622
f 4622//4622 4621//4621 4623//4623
f 4622//4622 4623//4623 4624//4624
f 4624//4624 4623//4623 4625//4625
f 4624//4624 4625//4625 4626//4626
f 4626//4626 4625//4625 4627//4627
f 4626//4626 4627//4627 4628//4628
f 4628//4628 4627//4627 4585//4585
f 4628//4628 4585//4585 4582//4582
f 4619//4619 4629//4629 4621//4621
f 4621//4621 4629//4629 4630//4630
f 4621//4621 4630//4630 4631//4631
f 4631//4631 4630//4630 4632//4632
f 4631//4631 4632//4632 4633//4633
f 4633//4633 4634//4634 4631//4631
f 4631//4631 4634//4634 4623//4623
f 4631//4631 4623//4623 4621//4621
f 4634//4634 4625//4625 4623//4623
f 4628//4628 4582//4582 4635//4635
f 4635//4635 4582//4582 4580//4580
f 4635//4635 4580//4580 4636//4636
f 4636//4636 4580//4580 4579//4579
f 4636//4636 4579//4579 4637//4637
f 4637//4637 4579//4579 4576//4576
f 4637//4637 4638//4638 4636//4636
f 4636//4636 4638//4638 4635//4635
f 4639//4639 4640//4640 4638//4638
f 4638//4638 4640//4640 4641//4641
f 4638//4638 4641//4641 4635//4635
f 4635//4635 4641//4641 4628//4628
f 4620//4620 4642//4642 4639//4639
f 4639//4639 4642//4642 4643//4643
f 4639//4639 4643//4643 4640//4640
f 4640//4640 4643//4643 4644//4644
f 4640//4640 4644//4644 4641//4641
f 4641//4641 4644//4644 4626//4626
f 4641//4641 4626//4626 4628//4628
f 4642//4642 4620//4620 4622//4622
f 4642//4642 4622//4622 4643//4643
f 4643//4643 4622//4622 4644//4644
f 4626//4626 4644//4644 4624//4624
f 4624//4624 4644//4644 4622//4622
f 4576//4576 4335//4335 4637//4637
f 4637//4637 4335//4335 4638//4638
f 4638//4638 4335//4335 4337//4337
f 4638//4638 4337//4337 4639//4639
f 4639//4639 4337//4337 4336//4336
f 4639//4639 4336//4336 4620//4620
f 4620//4620 4336//4336 4334//4334
f 4620//4620 4334//4334 4339//4339
f 4514//4514 4510//4510 4610//4610
f 4610//4610 4510//4510 4509//4509
f 4610//4610 4509//4509 4645//4645
f 4645//4645 4509//4509 4512//4512
f 4645//4645 4512//4512 4646//4646
f 4646//4646 4512//4512 4513//4513
f 4646//4646 4513//4513 4647//4647
f 4645//4645 4648//4648 4610//4610
f 4610//4610 4648//4648 4649//4649
f 4610//4610 4649//4649 4650//4650
f 4650//4650 4649//4649 4651//4651
f 4650//4650 4651//4651 4652//4652
f 4652//4652 4651//4651 4653//4653
f 4652//4652 4653//4653 4654//4654
f 4654//4654 4653//4653 4655//4655
f 4654//4654 4655//4655 4656//4656
f 4656//4656 4655//4655 4657//4657
f 4656//4656 4657//4657 4658//4658
f 4658//4658 4657//4657 4659//4659
f 4659//4659 4657//4657 4660//4660
f 4659//4659 4660//4660 4661//4661
f 4661//4661 4660//4660 4662//4662
f 4661//4661 4662//4662 4663//4663
f 4663//4663 4662//4662 4664//4664
f 4663//4663 4664//4664 4665//4665
f 4665//4665 4664//4664 4666//4666
f 4666//4666 4664//4664 4667//4667
f 4666//4666 4667//4667 4668//4668
f 4668//4668 4667//4667 4669//4669
f 4668//4668 4669//4669 4670//4670
f 4670//4670 4669//4669 4671//4671
f 4670//4670 4671//4671 4672//4672
f 4672//4672 4671//4671 4673//4673
f 4672//4672 4673//4673 4674//4674
f 4674//4674 4673//4673 4675//4675
f 4674//4674 4675//4675 4676//4676
f 4676//4676 4675//4675 4677//4677
f 4363//4363 4678//4678 4365//4365
f 4365//4365 4678//4678 4679//4679
f 4365//4365 4679//4679 4680//4680
f 4679//4679 4678//4678 4681//4681
f 4681//4681 4678//4678 4682//4682
f 4681//4681 4682//4682 4683//4683
f 4683//4683 4682//4682 4684//4684
f 4683//4683 4684//4684 4685//4685
f 4685//4685 4684//4684 4686//4686
f 4633//4633 4632//4632 4680//4680
f 4680//4680 4632//4632 4365//4365
f 4365//4365 4632//4632 4361//4361
f 4361//4361 4632//4632 4630//4630
f 4361//4361 4630//4630 4360//4360
f 4360//4360 4630//4630 4629//4629
f 4360//4360 4629//4629 4359//4359
f 4359//4359 4629//4629 4619//4619
f 4359//4359 4619//4619 4342//4342
f 4342//4342 4619//4619 4339//4339
f 4478//4478 4591//4591 4476//4476
f 4476//4476 4591//4591 4477//4477
f 4477//4477 4591//4591 4687//4687
f 4477//4477 4687//4687 4480//4480
f 4480//4480 4687//4687 4688//4688
f 4480//4480 4688//4688 4482//4482
f 4482//4482 4688//4688 4689//4689
f 4690//4690 4691//4691 4591//4591
f 4591//4591 4691//4691 4692//4692
f 4591//4591 4692//4692 4687//4687
f 4691//4691 4690//4690 4693//4693
f 4693//4693 4690//4690 4694//4694
f 4693//4693 4694//4694 4695//4695
f 4695//4695 4694//4694 4696//4696
f 4695//4695 4696//4696 4697//4697
f 4697//4697 4696//4696 4698//4698
f 4697//4697 4698//4698 4699//4699
f 4699//4699 4698//4698 4700//4700
f 4699//4699 4700//4700 4701//4701
f 4699//4699 4701//4701 4702//4702
f 4702//4702 4701//4701 4703//4703
f 4702//4702 4703//4703 4704//4704
f 4704//4704 4703//4703 4705//4705
f 4704//4704 4705//4705 4706//4706
f 4706//4706 4705//4705 4707//4707
f 4706//4706 4707//4707 4708//4708
f 4706//4706 4708//4708 4709//4709
f 4709//4709 4708//4708 4710//4710
f 4709//4709 4710//4710 4711//4711
f 4711//4711 4710//4710 4712//4712
f 4711//4711 4712//4712 4713//4713
f 4713//4713 4712//4712 4714//4714
f 4713//4713 4714//4714 4715//4715
f 4715//4715 4714//4714 4716//4716
f 4715//4715 4716//4716 4717//4717
f 4717//4717 4716//4716 4718//4718
f 4717//4717 4718//4718 4719//4719
f 4720//4720 4434//4434 4721//4721
f 4721//4721 4434//4434 4433//4433
f 4721//4721 4433//4433 4722//4722
f 4722//4722 4433//4433 4459//4459
f 4722//4722 4459//4459 4723//4723
f 4723//4723 4459//4459 4455//4455
f 4723//4723 4455//4455 4724//4724
f 4724//4724 4455//4455 4454//4454
f 4724//4724 4454//4454 4725//4725
f 4725//4725 4454//4454 4453//4453
f 4725//4725 4453//4453 4726//4726
f 4726//4726 4453//4453 4450//4450
f 4726//4726 4450//4450 4727//4727
f 4727//4727 4450//4450 4451//4451
f 4407//4407 4612//4612 4408//4408
f 4408//4408 4612//4612 4401//4401
f 4401//4401 4612//4612 4728//4728
f 4401//4401 4728//4728 4402//4402
f 4402//4402 4728//4728 4729//4729
f 4402//4402 4729//4729 4411//4411
f 4411//4411 4729//4729 4425//4425
f 4730//4730 4731//4731 4612//4612
f 4612//4612 4731//4731 4732//4732
f 4612//4612 4732//4732 4728//4728
f 4731//4731 4730//4730 4733//4733
f 4733//4733 4730//4730 4734//4734
f 4733//4733 4734//4734 4735//4735
f 4735//4735 4734//4734 4736//4736
f 4735//4735 4736//4736 4737//4737
f 4737//4737 4736//4736 4738//4738
f 4737//4737 4738//4738 4739//4739
f 4737//4737 4739//4739 4740//4740
f 4740//4740 4739//4739 4741//4741
f 4740//4740 4741//4741 4742//4742
f 4742//4742 4741//4741 4743//4743
f 4742//4742 4743//4743 4744//4744
f 4742//4742 4744//4744 4745//4745
f 4745//4745 4744//4744 4746//4746
f 4745//4745 4746//4746 4747//4747
f 4747//4747 4746//4746 4748//4748
f 4747//4747 4748//4748 4749//4749
f 4749//4749 4748//4748 4750//4750
f 4749//4749 4750//4750 4751//4751
f 4749//4749 4751//4751 4752//4752
f 4752//4752 4751//4751 4753//4753
f 4752//4752 4753//4753 4754//4754
f 4754//4754 4753//4753 4755//4755
f 4754//4754 4755//4755 4756//4756
f 4756//4756 4755//4755 4314//4314
f 4756//4756 4314//4314 4312//4312
f 4755//4755 4757//4757 4314//4314
f 4612//4612 4610//4610 4730//4730
f 4730//4730 4610//4610 4650//4650
f 4730//4730 4650//4650 4734//4734
f 4734//4734 4650//4650 4652//4652
f 4734//4734 4652//4652 4736//4736
f 4736//4736 4652//4652 4654//4654
f 4736//4736 4654//4654 4738//4738
f 4738//4738 4654//4654 4656//4656
f 4738//4738 4656//4656 4739//4739
f 4739//4739 4656//4656 4658//4658
f 4739//4739 4658//4658 4741//4741
f 4741//4741 4658//4658 4659//4659
f 4741//4741 4659//4659 4743//4743
f 4743//4743 4659//4659 4661//4661
f 4743//4743 4661//4661 4744//4744
f 4744//4744 4661//4661 4663//4663
f 4744//4744 4663//4663 4746//4746
f 4746//4746 4663//4663 4665//4665
f 4746//4746 4665//4665 4748//4748
f 4748//4748 4665//4665 4666//4666
f 4748//4748 4666//4666 4750//4750
f 4750//4750 4666//4666 4668//4668
f 4750//4750 4668//4668 4751//4751
f 4751//4751 4668//4668 4670//4670
f 4751//4751 4670//4670 4753//4753
f 4753//4753 4670//4670 4672//4672
f 4753//4753 4672//4672 4755//4755
f 4755//4755 4672//4672 4674//4674
f 4755//4755 4674//4674 4757//4757
f 4757//4757 4674//4674 4758//4758
f 4758//4758 4674//4674 4676//4676
f 4425//4425 4759//4759 4311//4311
f 4311//4311 4759//4759 4760//4760
f 4311//4311 4760//4760 4312//4312
f 4760//4760 4759//4759 4761//4761
f 4761//4761 4759//4759 4762//4762
f 4761//4761 4762//4762 4763//4763
f 4763//4763 4762//4762 4764//4764
f 4763//4763 4764//4764 4765//4765
f 4765//4765 4764//4764 4766//4766
f 4590//4590 4767//4767 4591//4591
f 4591//4591 4767//4767 4690//4690
f 4690//4690 4767//4767 4768//4768
f 4690//4690 4768//4768 4694//4694
f 4694//4694 4768//4768 4769//4769
f 4694//4694 4769//4769 4696//4696
f 4696//4696 4769//4769 4770//4770
f 4696//4696 4770//4770 4698//4698
f 4698//4698 4770//4770 4771//4771
f 4698//4698 4771//4771 4700//4700
f 4700//4700 4771//4771 4772//4772
f 4700//4700 4772//4772 4701//4701
f 4701//4701 4772//4772 4773//4773
f 4701//4701 4773//4773 4703//4703
f 4703//4703 4773//4773 4774//4774
f 4703//4703 4774//4774 4705//4705
f 4705//4705 4774//4774 4775//4775
f 4705//4705 4775//4775 4707//4707
f 4707//4707 4775//4775 4776//4776
f 4707//4707 4776//4776 4708//4708
f 4708//4708 4776//4776 4777//4777
f 4708//4708 4777//4777 4710//4710
f 4710//4710 4777//4777 4778//4778
f 4710//4710 4778//4778 4712//4712
f 4712//4712 4778//4778 4779//4779
f 4712//4712 4779//4779 4714//4714
f 4714//4714 4779//4779 4780//4780
f 4714//4714 4780//4780 4716//4716
f 4716//4716 4780//4780 4367//4367
f 4716//4716 4367//4367 4375//4375
f 4375//4375 4718//4718 4716//4716
f 3687//3687 4566//4566 3688//3688
f 3688//3688 4566//4566 4564//4564
f 3688//3688 4564//4564 3700//3700
f 3700//3700 4564//4564 4561//4561
f 3700//3700 4561//4561 3702//3702
f 3702//3702 4561//4561 4559//4559
f 3702//3702 4559//4559 3701//3701
f 3701//3701 4559//4559 4556//4556
f 4556//4556 4781//4781 3701//3701
f 3701//3701 4781//4781 4782//4782
f 3701//3701 4782//4782 4783//4783
f 4554//4554 4784//4784 4556//4556
f 4556//4556 4784//4784 4785//4785
f 4556//4556 4785//4785 4786//4786
f 3683//3683 4787//4787 4554//4554
f 4554//4554 4787//4787 4788//4788
f 4554//4554 4788//4788 4789//4789
f 3701//3701 4790//4790 3683//3683
f 3683//3683 4790//4790 4791//4791
f 3683//3683 4791//4791 4792//4792
f 4792//4792 4787//4787 3683//3683
f 4789//4789 4793//4793 4554//4554
f 4554//4554 4793//4793 4784//4784
f 4786//4786 4781//4781 4556//4556
f 4783//4783 4790//4790 3701//3701
f 4592//4592 3441//3441 4588//4588
f 4588//4588 3441//3441 3440//3440
f 4588//4588 3440//3440 4589//4589
f 4589//4589 3440//3440 3439//3439
f 4589//4589 3439//3439 4560//4560
f 4560//4560 3439//3439 3438//3438
f 4560//4560 3438//3438 4558//4558
f 4558//4558 3438//3438 3433//3433
f 4558//4558 3433//3433 4557//4557
f 4557//4557 3433//3433 3435//3435
f 3435//3435 4794//4794 4557//4557
f 4557//4557 4794//4794 4795//4795
f 4557//4557 4795//4795 4796//4796
f 3476//3476 4797//4797 3435//3435
f 3435//3435 4797//4797 4798//4798
f 3435//3435 4798//4798 4799//4799
f 4555//4555 4800//4800 3476//3476
f 3476//3476 4800//4800 4801//4801
f 3476//3476 4801//4801 4802//4802
f 4557//4557 4803//4803 4555//4555
f 4555//4555 4803//4803 4804//4804
f 4555//4555 4804//4804 4805//4805
f 4805//4805 4800//4800 4555//4555
f 4802//4802 4806//4806 3476//3476
f 3476//3476 4806//4806 4797//4797
f 4799//4799 4794//4794 3435//3435
f 4796//4796 4803//4803 4557//4557
f 3468//3468 4611//4611 3472//3472
f 3472//3472 4611//4611 4618//4618
f 3472//3472 4618//4618 3473//3473
f 3473//3473 4618//4618 4551//4551
f 3473//3473 4551//4551 3474//3474
f 3474//3474 4551//4551 4550//4550
f 3474//3474 4550//4550 3475//3475
f 3475//3475 4550//4550 4553//4553
f 3475//3475 4553//4553 3476//3476
f 3476//3476 4553//4553 4555//4555
f 4542//4542 3682//3682 4546//4546
f 4546//4546 3682//3682 3685//3685
f 4546//4546 3685//3685 4548//4548
f 4548//4548 3685//3685 3684//3684
f 4548//4548 3684//3684 4552//4552
f 4552//4552 3684//3684 3703//3703
f 4552//4552 3703//3703 4554//4554
f 4554//4554 3703//3703 3683//3683
f 4807//4807 4808//4808 4809//4809
f 4809//4809 4808//4808 4810//4810
f 4809//4809 4810//4810 4811//4811
f 4811//4811 4810//4810 4812//4812
f 4811//4811 4812//4812 4813//4813
f 4813//4813 4812//4812 4803//4803
f 4813//4813 4803//4803 4796//4796
f 4808//4808 4807//4807 4814//4814
f 4814//4814 4807//4807 4815//4815
f 4814//4814 4815//4815 4816//4816
f 4816//4816 4815//4815 4817//4817
f 4816//4816 4817//4817 4818//4818
f 4818//4818 4817//4817 4819//4819
f 4818//4818 4819//4819 4820//4820
f 4820//4820 4819//4819 4821//4821
f 4820//4820 4821//4821 4822//4822
f 4822//4822 4821//4821 4823//4823
f 4822//4822 4823//4823 4806//4806
f 4806//4806 4823//4823 4824//4824
f 4806//4806 4824//4824 4797//4797
f 4797//4797 4824//4824 4825//4825
f 4797//4797 4825//4825 4798//4798
f 4798//4798 4825//4825 4826//4826
f 4798//4798 4826//4826 4799//4799
f 4799//4799 4826//4826 4827//4827
f 4799//4799 4827//4827 4794//4794
f 4794//4794 4827//4827 4828//4828
f 4794//4794 4828//4828 4795//4795
f 4795//4795 4828//4828 4829//4829
f 4795//4795 4829//4829 4796//4796
f 4796//4796 4829//4829 4813//4813
f 4819//4819 4830//4830 4821//4821
f 4821//4821 4830//4830 4831//4831
f 4821//4821 4831//4831 4823//4823
f 4823//4823 4831//4831 4824//4824
f 4830//4830 4832//4832 4831//4831
f 4831//4831 4832//4832 4833//4833
f 4831//4831 4833//4833 4824//4824
f 4824//4824 4833//4833 4825//4825
f 4832//4832 4834//4834 4833//4833
f 4833//4833 4834//4834 4835//4835
f 4833//4833 4835//4835 4825//4825
f 4825//4825 4835//4835 4826//4826
f 4834//4834 4836//4836 4835//4835
f 4835//4835 4836//4836 4837//4837
f 4835//4835 4837//4837 4826//4826
f 4826//4826 4837//4837 4827//4827
f 4837//4837 4836//4836 4838//4838
f 4838//4838 4836//4836 4839//4839
f 4838//4838 4839//4839 4840//4840
f 4840//4840 4839//4839 4841//4841
f 4840//4840 4841//4841 4842//4842
f 4842//4842 4841//4841 4843//4843
f 4842//4842 4843//4843 4811//4811
f 4811//4811 4843//4843 4809//4809
f 4806//4806 4802//4802 4822//4822
f 4822//4822 4802//4802 4844//4844
f 4822//4822 4844//4844 4820//4820
f 4820//4820 4844//4844 4818//4818
f 4802//4802 4801//4801 4844//4844
f 4844//4844 4801//4801 4845//4845
f 4844//4844 4845//4845 4818//4818
f 4818//4818 4845//4845 4816//4816
f 4801//4801 4800//4800 4845//4845
f 4845//4845 4800//4800 4846//4846
f 4845//4845 4846//4846 4816//4816
f 4816//4816 4846//4846 4814//4814
f 4800//4800 4805//4805 4846//4846
f 4846//4846 4805//4805 4847//4847
f 4846//4846 4847//4847 4814//4814
f 4814//4814 4847//4847 4808//4808
f 4805//4805 4804//4804 4847//4847
f 4847//4847 4804//4804 4848//4848
f 4847//4847 4848//4848 4808//4808
f 4808//4808 4848//4848 4810//4810
f 4804//4804 4803//4803 4848//4848
f 4848//4848 4803//4803 4812//4812
f 4848//4848 4812//4812 4810//4810
f 4828//4828 4827//4827 4838//4838
f 4838//4838 4827//4827 4837//4837
f 4829//4829 4828//4828 4840//4840
f 4840//4840 4828//4828 4838//4838
f 4813//4813 4829//4829 4842//4842
f 4842//4842 4829//4829 4840//4840
f 4811//4811 4813//4813 4842//4842
f 4849//4849 4834//4834 4850//4850
f 4850//4850 4834//4834 4832//4832
f 4850//4850 4832//4832 4851//4851
f 4851//4851 4832//4832 4830//4830
f 4851//4851 4830//4830 4852//4852
f 4852//4852 4830//4830 4819//4819
f 4852//4852 4819//4819 4853//4853
f 4853//4853 4819//4819 4817//4817
f 4853//4853 4817//4817 4854//4854
f 4854//4854 4817//4817 4815//4815
f 4854//4854 4815//4815 4855//4855
f 4855//4855 4815//4815 4807//4807
f 4855//4855 4807//4807 4856//4856
f 4856//4856 4807//4807 4809//4809
f 4856//4856 4809//4809 4857//4857
f 4857//4857 4809//4809 4843//4843
f 4857//4857 4843//4843 4858//4858
f 4858//4858 4843//4843 4841//4841
f 4858//4858 4841//4841 4859//4859
f 4859//4859 4841//4841 4839//4839
f 4859//4859 4839//4839 4860//4860
f 4860//4860 4839//4839 4836//4836
f 4860//4860 4836//4836 4849//4849
f 4849//4849 4836//4836 4834//4834
f 4851//4851 4861//4861 4850//4850
f 4850//4850 4861//4861 4862//4862
f 4850//4850 4862//4862 4863//4863
f 4863//4863 4862//4862 4864//4864
f 4863//4863 4864//4864 4865//4865
f 4865//4865 4864//4864 4790//4790
f 4865//4865 4790//4790 4783//4783
f 4861//4861 4851//4851 4866//4866
f 4866//4866 4851//4851 4852//4852
f 4866//4866 4852//4852 4867//4867
f 4867//4867 4852//4852 4853//4853
f 4867//4867 4853//4853 4868//4868
f 4868//4868 4853//4853 4854//4854
f 4868//4868 4854//4854 4869//4869
f 4869//4869 4854//4854 4870//4870
f 4869//4869 4870//4870 4871//4871
f 4871//4871 4870//4870 4872//4872
f 4871//4871 4872//4872 4793//4793
f 4793//4793 4872//4872 4873//4873
f 4793//4793 4873//4873 4784//4784
f 4784//4784 4873//4873 4874//4874
f 4784//4784 4874//4874 4785//4785
f 4785//4785 4874//4874 4875//4875
f 4785//4785 4875//4875 4786//4786
f 4786//4786 4875//4875 4876//4876
f 4786//4786 4876//4876 4781//4781
f 4781//4781 4876//4876 4877//4877
f 4781//4781 4877//4877 4782//4782
f 4782//4782 4877//4877 4878//4878
f 4782//4782 4878//4878 4783//4783
f 4783//4783 4878//4878 4865//4865
f 4854//4854 4855//4855 4870//4870
f 4870//4870 4855//4855 4879//4879
f 4870//4870 4879//4879 4872//4872
f 4872//4872 4879//4879 4873//4873
f 4855//4855 4856//4856 4879//4879
f 4879//4879 4856//4856 4880//4880
f 4879//4879 4880//4880 4873//4873
f 4873//4873 4880//4880 4874//4874
f 4856//4856 4857//4857 4880//4880
f 4880//4880 4857//4857 4881//4881
f 4880//4880 4881//4881 4874//4874
f 4874//4874 4881//4881 4875//4875
f 4857//4857 4858//4858 4881//4881
f 4881//4881 4858//4858 4882//4882
f 4881//4881 4882//4882 4875//4875
f 4875//4875 4882//4882 4876//4876
f 4882//4882 4858//4858 4883//4883
f 4883//4883 4858//4858 4859//4859
f 4883//4883 4859//4859 4884//4884
f 4884//4884 4859//4859 4860//4860
f 4884//4884 4860//4860 4885//4885
f 4885//4885 4860//4860 4849//4849
f 4885//4885 4849//4849 4863//4863
f 4863//4863 4849//4849 4850//4850
f 4793//4793 4789//4789 4871//4871
f 4871//4871 4789//4789 4886//4886
f 4871//4871 4886//4886 4869//4869
f 4869//4869 4886//4886 4868//4868
f 4789//4789 4788//4788 4886//4886
f 4886//4886 4788//4788 4887//4887
f 4886//4886 4887//4887 4868//4868
f 4868//4868 4887//4887 4867//4867
f 4788//4788 4787//4787 4887//4887
f 4887//4887 4787//4787 4888//4888
f 4887//4887 4888//4888 4867//4867
f 4867//4867 4888//4888 4866//4866
f 4787//4787 4792//4792 4888//4888
f 4888//4888 4792//4792 4889//4889
f 4888//4888 4889//4889 4866//4866
f 4866//4866 4889//4889 4861//4861
f 4792//4792 4791//4791 4889//4889
f 4889//4889 4791//4791 4890//4890
f 4889//4889 4890//4890 4861//4861
f 4861//4861 4890//4890 4862//4862
f 4791//4791 4790//4790 4890//4890
f 4890//4890 4790//4790 4864//4864
f 4890//4890 4864//4864 4862//4862
f 4877//4877 4876//4876 4883//4883
f 4883//4883 4876//4876 4882//4882
f 4878//4878 4877//4877 4884//4884
f 4884//4884 4877//4877 4883//4883
f 4865//4865 4878//4878 4885//4885
f 4885//4885 4878//4878 4884//4884
f 4863//4863 4865//4865 4885//4885
f 4566//4566 3687//3687 4333//4333
f 4333//4333 3687//3687 3689//3689
f 3441//3441 4592//4592 3443//3443
f 3443//3443 4592//4592 4593//4593
f 4611//4611 3468//3468 4609//4609
f 4609//4609 3468//3468 3467//3467
f 3682//3682 4542//4542 3678//3678
f 3678//3678 4542//4542 4541//4541
f 4317//4317 4319//4319 4315//4315
f 4315//4315 4319//4319 4324//4324
f 4315//4315 4324//4324 4381//4381
f 4381//4381 4324//4324 4891//4891
f 4381//4381 4891//4891 4382//4382
f 4382//4382 4891//4891 4383//4383
f 4383//4383 4891//4891 4384//4384
f 4384//4384 4891//4891 4892//4892
f 4384//4384 4892//4892 4385//4385
f 4385//4385 4892//4892 4893//4893
f 4893//4893 4892//4892 4894//4894
f 4893//4893 4894//4894 4895//4895
f 4319//4319 4320//4320 4324//4324
f 4324//4324 4320//4320 4322//4322
f 4896//4896 4897//4897 4898//4898
f 4898//4898 4897//4897 4899//4899
f 4898//4898 4899//4899 4900//4900
f 4900//4900 4899//4899 4901//4901
f 4900//4900 4901//4901 4902//4902
f 4902//4902 4901//4901 4903//4903
f 4902//4902 4903//4903 4904//4904
f 4904//4904 4903//4903 4905//4905
f 4904//4904 4905//4905 4906//4906
f 4906//4906 4905//4905 4907//4907
f 4906//4906 4907//4907 4908//4908
f 4908//4908 4907//4907 4909//4909
f 4908//4908 4909//4909 4910//4910
f 4911//4911 4912//4912 4896//4896
f 4896//4896 4912//4912 4913//4913
f 4896//4896 4913//4913 4914//4914
f 4914//4914 4915//4915 4896//4896
f 4896//4896 4915//4915 4916//4916
f 4896//4896 4916//4916 4897//4897
f 4915//4915 4917//4917 4916//4916
f 4916//4916 4917//4917 4918//4918
f 4916//4916 4918//4918 4919//4919
f 4919//4919 4920//4920 4916//4916
f 4727//4727 4451//4451 4921//4921
f 4921//4921 4451//4451 4463//4463
f 4921//4921 4463//4463 4922//4922
f 4922//4922 4463//4463 4492//4492
f 4922//4922 4492//4492 4923//4923
f 4923//4923 4492//4492 4490//4490
f 4923//4923 4490//4490 4924//4924
f 4924//4924 4490//4490 4488//4488
f 4924//4924 4488//4488 4925//4925
f 4925//4925 4488//4488 4486//4486
f 4925//4925 4486//4486 4926//4926
f 4926//4926 4486//4486 4484//4484
f 4926//4926 4484//4484 4927//4927
f 4927//4927 4484//4484 4481//4481
f 4927//4927 4481//4481 4380//4380
f 4380//4380 4481//4481 4379//4379
f 4379//4379 4481//4481 4482//4482
f 4379//4379 4482//4482 4689//4689
f 4689//4689 4719//4719 4379//4379
f 4379//4379 4719//4719 4718//4718
f 4379//4379 4718//4718 4377//4377
f 4377//4377 4718//4718 4375//4375
f 4928//4928 4929//4929 4930//4930
f 4930//4930 4929//4929 4900//4900
f 4930//4930 4900//4900 4931//4931
f 4931//4931 4900//4900 4932//4932
f 4932//4932 4900//4900 4927//4927
f 4927//4927 4900//4900 4902//4902
f 4927//4927 4902//4902 4926//4926
f 4926//4926 4902//4902 4925//4925
f 4925//4925 4902//4902 4904//4904
f 4925//4925 4904//4904 4906//4906
f 4933//4933 4934//4934 4929//4929
f 4929//4929 4934//4934 4900//4900
f 4934//4934 4935//4935 4900//4900
f 4900//4900 4935//4935 4898//4898
f 4925//4925 4906//4906 4924//4924
f 4924//4924 4906//4906 4908//4908
f 4924//4924 4908//4908 4923//4923
f 4923//4923 4908//4908 4910//4910
f 4923//4923 4910//4910 4936//4936
f 4923//4923 4936//4936 4922//4922
f 4922//4922 4936//4936 4937//4937
f 4922//4922 4937//4937 4921//4921
f 4921//4921 4937//4937 4938//4938
f 4921//4921 4938//4938 4727//4727
f 4727//4727 4938//4938 4726//4726
f 4726//4726 4938//4938 4939//4939
f 4726//4726 4939//4939 4725//4725
f 4725//4725 4939//4939 4940//4940
f 4725//4725 4940//4940 4724//4724
f 4724//4724 4940//4940 4941//4941
f 4724//4724 4941//4941 4942//4942
f 4724//4724 4942//4942 4723//4723
f 4723//4723 4942//4942 4943//4943
f 4723//4723 4943//4943 4944//4944
f 4723//4723 4944//4944 4722//4722
f 4722//4722 4944//4944 4945//4945
f 4722//4722 4945//4945 4721//4721
f 4721//4721 4945//4945 4946//4946
f 4721//4721 4946//4946 4720//4720
f 4720//4720 4946//4946 4947//4947
f 4947//4947 4946//4946 4948//4948
f 4947//4947 4948//4948 4949//4949
f 4949//4949 4948//4948 4950//4950
f 4949//4949 4950//4950 4951//4951
f 4951//4951 4950//4950 4952//4952
f 4951//4951 4952//4952 4953//4953
f 4951//4951 4953//4953 4954//4954
f 4954//4954 4953//4953 4955//4955
f 4954//4954 4955//4955 4956//4956
f 4956//4956 4955//4955 4957//4957
f 4956//4956 4957//4957 4958//4958
f 4959//4959 4960//4960 4958//4958
f 4958//4958 4960//4960 4961//4961
f 4958//4958 4961//4961 4956//4956
f 4962//4962 4963//4963 4959//4959
f 4959//4959 4963//4963 4964//4964
f 4959//4959 4964//4964 4965//4965
f 4965//4965 4964//4964 4966//4966
f 4967//4967 4968//4968 4965//4965
f 4965//4965 4968//4968 4959//4959
f 4968//4968 4969//4969 4959//4959
f 4959//4959 4969//4969 4970//4970
f 4959//4959 4970//4970 4960//4960
f 4126//4126 4127//4127 4971//4971
f 4971//4971 4127//4127 4223//4223
f 4971//4971 4223//4223 4972//4972
f 4972//4972 4223//4223 4222//4222
f 4972//4972 4222//4222 4973//4973
f 4973//4973 4222//4222 4221//4221
f 4973//4973 4221//4221 4974//4974
f 4974//4974 4221//4221 4220//4220
f 4974//4974 4220//4220 4975//4975
f 4975//4975 4220//4220 4219//4219
f 4975//4975 4219//4219 4976//4976
f 4976//4976 4219//4219 4218//4218
f 4976//4976 4218//4218 4977//4977
f 4977//4977 4218//4218 4217//4217
f 4977//4977 4217//4217 4978//4978
f 4978//4978 4217//4217 4979//4979
f 4979//4979 4217//4217 4224//4224
f 4979//4979 4224//4224 4284//4284
f 4284//4284 4224//4224 4225//4225
f 4284//4284 4225//4225 4282//4282
f 4282//4282 4225//4225 4277//4277
f 4277//4277 4225//4225 4226//4226
f 4277//4277 4226//4226 4267//4267
f 4267//4267 4226//4226 3667//3667
f 4971//4971 4980//4980 4126//4126
f 4126//4126 4980//4980 4125//4125
f 4125//4125 4980//4980 4981//4981
f 4125//4125 4981//4981 4124//4124
f 4124//4124 4981//4981 4982//4982
f 4124//4124 4982//4982 4123//4123
f 4123//4123 4982//4982 4983//4983
f 4123//4123 4983//4983 4122//4122
f 4122//4122 4983//4983 4984//4984
f 4122//4122 4984//4984 4121//4121
f 4121//4121 4984//4984 4985//4985
f 4121//4121 4985//4985 4120//4120
f 4120//4120 4985//4985 4986//4986
f 4120//4120 4986//4986 4987//4987
f 4120//4120 4987//4987 4119//4119
f 4119//4119 4987//4987 4988//4988
f 4119//4119 4988//4988 4118//4118
f 4118//4118 4988//4988 4989//4989
f 4118//4118 4989//4989 4117//4117
f 4117//4117 4989//4989 4990//4990
f 4117//4117 4990//4990 4116//4116
f 4116//4116 4990//4990 4991//4991
f 4116//4116 4991//4991 4115//4115
f 4115//4115 4991//4991 4992//4992
f 4115//4115 4992//4992 4114//4114
f 4114//4114 4992//4992 4909//4909
f 4114//4114 4909//4909 3819//3819
f 3819//3819 4909//4909 3818//3818
f 3818//3818 4909//4909 4907//4907
f 3818//3818 4907//4907 3817//3817
f 3817//3817 4907//4907 4905//4905
f 3817//3817 4905//4905 3816//3816
f 3816//3816 4905//4905 4903//4903
f 3816//3816 4903//4903 3815//3815
f 3815//3815 4903//4903 4901//4901
f 3815//3815 4901//4901 3814//3814
f 3814//3814 4901//4901 4899//4899
f 3814//3814 4899//4899 3813//3813
f 3813//3813 4899//4899 4897//4897
f 3813//3813 4897//4897 3812//3812
f 3812//3812 4897//4897 4916//4916
f 3812//3812 4916//4916 4920//4920
f 3812//3812 4920//4920 3811//3811
f 3811//3811 4920//4920 4894//4894
f 3811//3811 4894//4894 3810//3810
f 3810//3810 4894//4894 4892//4892
f 3810//3810 4892//4892 4891//4891
f 3810//3810 4891//4891 3809//3809
f 3809//3809 4891//4891 4324//4324
f 3809//3809 4324//4324 3699//3699
f 4366//4366 4358//4358 4893//4893
f 4893//4893 4358//4358 4356//4356
f 4893//4893 4356//4356 4354//4354
f 4354//4354 4352//4352 4893//4893
f 4893//4893 4352//4352 4350//4350
f 4893//4893 4350//4350 4348//4348
f 4348//4348 4350//4350 4349//4349
f 4348//4348 4385//4385 4893//4893
f 4893//4893 4895//4895 4366//4366
f 4366//4366 4895//4895 4368//4368
f 4368//4368 4895//4895 4911//4911
f 4368//4368 4911//4911 4896//4896
f 4895//4895 4894//4894 4911//4911
f 4911//4911 4894//4894 4920//4920
f 4911//4911 4920//4920 4912//4912
f 4912//4912 4920//4920 4919//4919
f 4912//4912 4919//4919 4913//4913
f 4913//4913 4919//4919 4918//4918
f 4913//4913 4918//4918 4914//4914
f 4914//4914 4918//4918 4917//4917
f 4914//4914 4917//4917 4915//4915
f 4368//4368 4896//4896 4372//4372
f 4372//4372 4896//4896 4898//4898
f 4372//4372 4898//4898 4374//4374
f 4993//4993 4369//4369 4933//4933
f 4933//4933 4369//4369 4371//4371
f 4933//4933 4371//4371 4934//4934
f 4934//4934 4371//4371 4373//4373
f 4934//4934 4373//4373 4935//4935
f 4935//4935 4373//4373 4374//4374
f 4935//4935 4374//4374 4898//4898
f 4993//4993 4994//4994 4369//4369
f 4369//4369 4994//4994 4995//4995
f 4369//4369 4995//4995 4930//4930
f 4930//4930 4995//4995 4928//4928
f 4369//4369 4930//4930 4370//4370
f 4370//4370 4930//4930 4931//4931
f 4370//4370 4931//4931 4376//4376
f 4376//4376 4931//4931 4932//4932
f 4376//4376 4932//4932 4378//4378
f 4378//4378 4932//4932 4927//4927
f 4378//4378 4927//4927 4380//4380
f 4910//4910 4909//4909 4936//4936
f 4936//4936 4909//4909 4992//4992
f 4936//4936 4992//4992 4937//4937
f 4937//4937 4992//4992 4991//4991
f 4937//4937 4991//4991 4938//4938
f 4938//4938 4991//4991 4990//4990
f 4938//4938 4990//4990 4939//4939
f 4939//4939 4990//4990 4989//4989
f 4939//4939 4989//4989 4940//4940
f 4940//4940 4989//4989 4988//4988
f 4940//4940 4988//4988 4941//4941
f 4941//4941 4988//4988 4987//4987
f 4941//4941 4987//4987 4942//4942
f 4942//4942 4987//4987 4986//4986
f 4942//4942 4986//4986 4943//4943
f 4943//4943 4986//4986 4985//4985
f 4943//4943 4985//4985 4944//4944
f 4944//4944 4985//4985 4984//4984
f 4944//4944 4984//4984 4945//4945
f 4945//4945 4984//4984 4983//4983
f 4945//4945 4983//4983 4946//4946
f 4946//4946 4983//4983 4982//4982
f 4946//4946 4982//4982 4948//4948
f 4948//4948 4982//4982 4981//4981
f 4948//4948 4981//4981 4950//4950
f 4950//4950 4981//4981 4980//4980
f 4950//4950 4980//4980 4952//4952
f 4952//4952 4980//4980 4971//4971
f 3443//3443 4593//4593 3446//3446
f 3446//3446 4593//4593 4594//4594
f 3446//3446 4594//4594 4595//4595
f 3446//3446 4595//4595 3447//3447
f 3447//3447 4595//4595 4596//4596
f 3447//3447 4596//4596 3449//3449
f 3449//3449 4596//4596 4597//4597
f 3449//3449 4597//4597 3450//3450
f 3450//3450 4597//4597 4598//4598
f 3450//3450 4598//4598 3452//3452
f 3452//3452 4598//4598 4599//4599
f 3452//3452 4599//4599 3453//3453
f 3453//3453 4599//4599 4600//4600
f 3453//3453 4600//4600 3454//3454
f 3454//3454 4600//4600 4601//4601
f 3454//3454 4601//4601 3456//3456
f 3456//3456 4601//4601 4602//4602
f 3456//3456 4602//4602 3457//3457
f 3457//3457 4602//4602 4603//4603
f 3457//3457 4603//4603 3459//3459
f 3459//3459 4603//4603 4604//4604
f 3459//3459 4604//4604 3460//3460
f 3460//3460 4604//4604 4605//4605
f 3460//3460 4605//4605 3461//3461
f 3461//3461 4605//4605 4606//4606
f 3461//3461 4606//4606 3463//3463
f 3463//3463 4606//4606 4607//4607
f 3463//3463 4607//4607 3464//3464
f 3464//3464 4607//4607 4608//4608
f 3464//3464 4608//4608 3466//3466
f 3466//3466 4608//4608 3467//3467
f 3467//3467 4608//4608 4609//4609
f 4996//4996 4997//4997 4998//4998
f 4998//4998 4997//4997 4999//4999
f 4998//4998 4999//4999 5000//5000
f 5000//5000 4999//4999 5001//5001
f 5000//5000 5001//5001 5002//5002
f 5002//5002 5001//5001 5003//5003
f 5002//5002 5003//5003 5004//5004
f 5004//5004 5003//5003 5005//5005
f 5004//5004 5005//5005 5006//5006
f 5006//5006 5005//5005 5007//5007
f 5006//5006 5007//5007 5008//5008
f 5008//5008 5007//5007 5009//5009
f 5008//5008 5009//5009 5010//5010
f 5010//5010 5009//5009 5011//5011
f 5010//5010 5011//5011 5012//5012
f 5012//5012 5011//5011 5013//5013
f 5012//5012 5013//5013 5014//5014
f 5014//5014 5013//5013 5015//5015
f 5014//5014 5015//5015 5016//5016
f 5016//5016 5015//5015 5017//5017
f 5016//5016 5017//5017 5018//5018
f 5018//5018 5017//5017 5019//5019
f 5018//5018 5019//5019 5020//5020
f 5020//5020 5019//5019 5021//5021
f 5020//5020 5021//5021 5022//5022
f 5022//5022 5021//5021 5023//5023
f 5022//5022 5023//5023 5024//5024
f 5024//5024 5023//5023 5025//5025
f 5024//5024 5025//5025 5026//5026
f 5026//5026 5025//5025 5027//5027
f 5026//5026 5027//5027 5028//5028
f 5028//5028 5027//5027 5029//5029
f 5028//5028 5029//5029 4996//4996
f 4996//4996 5029//5029 4997//4997
f 5030//5030 5002//5002 4719//4719
f 4719//4719 5002//5002 5004//5004
f 4719//4719 5004//5004 4717//4717
f 4717//4717 5004//5004 5006//5006
f 4717//4717 5006//5006 4715//4715
f 4715//4715 5006//5006 4713//4713
f 4713//4713 5006//5006 5008//5008
f 4713//4713 5008//5008 4711//4711
f 4711//4711 5008//5008 5010//5010
f 4711//4711 5010//5010 4709//4709
f 4709//4709 5010//5010 4706//4706
f 4706//4706 5010//5010 5012//5012
f 4706//4706 5012//5012 4704//4704
f 4704//4704 5012//5012 5014//5014
f 4704//4704 5014//5014 4702//4702
f 4702//4702 5014//5014 5016//5016
f 4702//4702 5016//5016 4699//4699
f 4699//4699 5016//5016 4697//4697
f 4697//4697 5016//5016 5018//5018
f 4697//4697 5018//5018 4695//4695
f 4695//4695 5018//5018 5020//5020
f 4695//4695 5020//5020 4693//4693
f 4693//4693 5020//5020 4691//4691
f 4691//4691 5020//5020 5022//5022
f 4691//4691 5022//5022 4692//4692
f 4692//4692 5022//5022 5024//5024
f 4692//4692 5024//5024 4687//4687
f 4687//4687 5024//5024 4688//4688
f 4688//4688 5024//5024 5026//5026
f 4688//4688 5026//5026 4689//4689
f 4689//4689 5026//5026 5028//5028
f 4689//4689 5028//5028 5031//5031
f 5031//5031 5028//5028 5032//5032
f 5032//5032 5028//5028 4996//4996
f 5032//5032 4996//4996 5033//5033
f 5033//5033 4996//4996 4998//4998
f 5033//5033 4998//4998 5034//5034
f 5034//5034 4998//4998 5035//5035
f 5035//5035 4998//4998 5000//5000
f 5035//5035 5000//5000 5036//5036
f 5036//5036 5000//5000 5002//5002
f 5036//5036 5002//5002 5030//5030
f 4585//4585 4627//4627 4590//4590
f 4590//4590 4627//4627 4625//4625
f 4590//4590 4625//4625 5037//5037
f 5037//5037 4625//4625 4634//4634
f 5037//5037 4634//4634 5038//5038
f 5038//5038 4634//4634 4633//4633
f 5038//5038 4633//4633 4680//4680
f 5037//5037 5039//5039 4590//4590
f 4590//4590 5039//5039 5040//5040
f 4590//4590 5040//5040 4767//4767
f 4767//4767 5040//5040 5041//5041
f 4767//4767 5041//5041 4768//4768
f 4768//4768 5041//5041 5042//5042
f 4768//4768 5042//5042 4769//4769
f 4769//4769 5042//5042 5043//5043
f 4769//4769 5043//5043 4770//4770
f 4770//4770 5043//5043 4771//4771
f 4771//4771 5043//5043 5044//5044
f 4771//4771 5044//5044 4772//4772
f 4772//4772 5044//5044 5045//5045
f 4772//4772 5045//5045 4773//4773
f 4773//4773 5045//5045 4774//4774
f 4774//4774 5045//5045 5046//5046
f 4774//4774 5046//5046 4775//4775
f 4775//4775 5046//5046 5047//5047
f 4775//4775 5047//5047 4776//4776
f 4776//4776 5047//5047 5048//5048
f 4776//4776 5048//5048 4777//4777
f 4777//4777 5048//5048 4778//4778
f 4778//4778 5048//5048 5049//5049
f 4778//4778 5049//5049 4779//4779
f 4779//4779 5049//5049 5050//5050
f 4779//4779 5050//5050 4780//4780
f 4780//4780 5050//5050 5051//5051
f 4780//4780 5051//5051 4364//4364
f 4364//4364 5051//5051 4363//4363
f 4364//4364 4367//4367 4780//4780
f 5051//5051 5005//5005 4363//4363
f 4363//4363 5005//5005 5003//5003
f 4363//4363 5003//5003 4678//4678
f 4678//4678 5003//5003 5001//5001
f 4678//4678 5001//5001 4682//4682
f 4682//4682 5001//5001 4684//4684
f 4684//4684 5001//5001 4999//4999
f 4684//4684 4999//4999 4686//4686
f 4686//4686 4999//4999 4997//4997
f 4686//4686 4997//4997 4685//4685
f 4685//4685 4997//4997 4683//4683
f 4683//4683 4997//4997 5029//5029
f 4683//4683 5029//5029 4681//4681
f 4681//4681 5029//5029 4679//4679
f 4679//4679 5029//5029 5027//5027
f 4679//4679 5027//5027 4680//4680
f 4680//4680 5027//5027 5025//5025
f 4680//4680 5025//5025 5038//5038
f 5038//5038 5025//5025 5023//5023
f 5038//5038 5023//5023 5037//5037
f 5037//5037 5023//5023 5039//5039
f 5039//5039 5023//5023 5021//5021
f 5039//5039 5021//5021 5040//5040
f 5040//5040 5021//5021 5019//5019
f 5040//5040 5019//5019 5041//5041
f 5041//5041 5019//5019 5042//5042
f 5042//5042 5019//5019 5017//5017
f 5042//5042 5017//5017 5043//5043
f 5043//5043 5017//5017 5015//5015
f 5043//5043 5015//5015 5044//5044
f 5044//5044 5015//5015 5045//5045
f 5045//5045 5015//5015 5013//5013
f 5045//5045 5013//5013 5046//5046
f 5046//5046 5013//5013 5011//5011
f 5046//5046 5011//5011 5047//5047
f 5047//5047 5011//5011 5048//5048
f 5048//5048 5011//5011 5009//5009
f 5048//5048 5009//5009 5049//5049
f 5049//5049 5009//5009 5007//5007
f 5049//5049 5007//5007 5050//5050
f 5050//5050 5007//5007 5051//5051
f 5051//5051 5007//5007 5005//5005
f 4929//4929 4928//4928 5052//5052
f 5052//5052 4928//4928 4995//4995
f 4933//4933 4929//4929 4993//4993
f 4993//4993 4929//4929 5052//5052
f 4993//4993 5052//5052 4994//4994
f 4994//4994 5052//5052 4995//4995
f 4719//4719 4689//4689 5030//5030
f 5030//5030 4689//4689 5031//5031
f 5030//5030 5031//5031 5036//5036
f 5036//5036 5031//5031 5032//5032
f 5036//5036 5032//5032 5035//5035
f 5035//5035 5032//5032 5033//5033
f 5035//5035 5033//5033 5034//5034
f 4246//4246 4577//4577 4247//4247
f 4247//4247 4577//4577 4578//4578
f 4247//4247 4578//4578 4248//4248
f 4248//4248 4578//4578 4581//4581
f 4248//4248 4581//4581 4249//4249
f 4249//4249 4581//4581 4583//4583
f 4249//4249 4583//4583 4250//4250
f 4250//4250 4583//4583 4584//4584
f 4250//4250 4584//4584 4251//4251
f 4251//4251 4584//4584 4586//4586
f 4251//4251 4586//4586 4252//4252
f 4252//4252 4586//4586 4587//4587
f 4252//4252 4587//4587 4253//4253
f 4253//4253 4587//4587 4562//4562
f 4253//4253 4562//4562 4254//4254
f 4254//4254 4562//4562 4563//4563
f 4254//4254 4563//4563 4255//4255
f 4255//4255 4563//4563 4565//4565
f 4255//4255 4565//4565 4256//4256
f 4256//4256 4565//4565 4567//4567
f 4256//4256 4567//4567 4257//4257
f 4257//4257 4567//4567 4568//4568
f 4257//4257 4568//4568 4258//4258
f 4258//4258 4568//4568 4569//4569
f 4258//4258 4569//4569 4259//4259
f 4259//4259 4569//4569 4570//4570
f 4259//4259 4570//4570 4260//4260
f 4260//4260 4570//4570 4571//4571
f 4260//4260 4571//4571 4261//4261
f 4261//4261 4571//4571 4572//4572
f 4261//4261 4572//4572 4262//4262
f 4262//4262 4572//4572 4573//4573
f 4262//4262 4573//4573 4263//4263
f 4263//4263 4573//4573 4574//4574
f 4263//4263 4574//4574 4264//4264
f 4264//4264 4574//4574 4575//4575
f 4264//4264 4575//4575 4246//4246
f 4246//4246 4575//4575 4577//4577
f 5053//5053 5054//5054 5055//5055
f 5055//5055 5054//5054 5056//5056
f 5056//5056 5054//5054 5057//5057
f 5057//5057 5054//5054 5058//5058
f 5058//5058 5054//5054 4978//4978
f 5058//5058 4978//4978 5059//5059
f 5059//5059 4978//4978 5060//5060
f 5060//5060 4978//4978 5061//5061
f 5061//5061 4978//4978 4979//4979
f 4978//4978 5054//5054 4977//4977
f 4977//4977 5054//5054 4962//4962
f 4977//4977 4962//4962 4976//4976
f 4976//4976 4962//4962 4959//4959
f 4976//4976 4959//4959 4975//4975
f 4975//4975 4959//4959 4958//4958
f 4975//4975 4958//4958 4974//4974
f 4974//4974 4958//4958 4957//4957
f 4974//4974 4957//4957 4973//4973
f 4973//4973 4957//4957 4955//4955
f 4973//4973 4955//4955 4972//4972
f 4972//4972 4955//4955 4953//4953
f 4972//4972 4953//4953 4971//4971
f 4971//4971 4953//4953 4952//4952
f 4647//4647 4513//4513 5062//5062
f 5062//5062 4513//4513 4511//4511
f 5062//5062 4511//4511 5063//5063
f 5063//5063 4511//4511 4960//4960
f 4960//4960 4511//4511 4505//4505
f 4960//4960 4505//4505 4961//4961
f 4961//4961 4505//4505 4503//4503
f 4961//4961 4503//4503 4956//4956
f 4956//4956 4503//4503 4502//4502
f 4956//4956 4502//4502 4954//4954
f 4954//4954 4502//4502 4500//4500
f 4954//4954 4500//4500 4951//4951
f 4951//4951 4500//4500 4498//4498
f 4951//4951 4498//4498 4949//4949
f 4949//4949 4498//4498 4493//4493
f 4949//4949 4493//4493 4947//4947
f 4947//4947 4493//4493 4434//4434
f 4947//4947 4434//4434 4720//4720
f 5064//5064 4676//4676 5062//5062
f 5062//5062 4676//4676 4677//4677
f 5062//5062 4677//4677 4647//4647
f 5064//5064 4758//4758 4676//4676
f 4301//4301 4300//4300 4291//4291
f 4291//4291 4300//4300 4299//4299
f 4291//4291 4299//4299 4302//4302
f 4305//4305 4283//4283 4302//4302
f 4302//4302 4283//4283 4281//4281
f 4302//4302 4281//4281 4291//4291
f 4305//4305 4307//4307 4283//4283
f 4283//4283 4307//4307 5065//5065
f 4283//4283 5065//5065 4285//4285
f 4285//4285 5065//5065 5066//5066
f 4285//4285 5066//5066 5053//5053
f 5053//5053 5066//5066 5054//5054
f 5054//5054 5066//5066 5067//5067
f 5054//5054 5067//5067 4962//4962
f 4962//4962 5067//5067 5068//5068
f 5055//5055 4979//4979 5053//5053
f 5053//5053 4979//4979 4284//4284
f 5053//5053 4284//4284 4285//4285
f 4979//4979 5055//5055 5061//5061
f 5061//5061 5055//5055 5056//5056
f 5061//5061 5056//5056 5060//5060
f 5060//5060 5056//5056 5057//5057
f 5060//5060 5057//5057 5059//5059
f 5059//5059 5057//5057 5058//5058
f 4967//4967 5069//5069 5070//5070
f 5070//5070 5069//5069 5071//5071
f 5070//5070 5071//5071 5072//5072
f 5072//5072 4966//4966 5070//5070
f 5070//5070 4966//4966 5073//5073
f 5073//5073 4966//4966 4964//4964
f 5073//5073 4964//4964 5074//5074
f 5074//5074 4964//4964 4963//4963
f 5074//5074 4963//4963 5068//5068
f 5068//5068 4963//4963 4962//4962
f 4967//4967 5070//5070 4968//4968
f 4968//4968 5070//5070 5075//5075
f 4968//4968 5075//5075 4969//4969
f 4969//4969 5075//5075 5076//5076
f 4969//4969 5076//5076 4970//4970
f 4970//4970 5076//5076 5077//5077
f 4970//4970 5077//5077 4960//4960
f 4960//4960 5077//5077 5063//5063
f 4307//4307 4306//4306 5065//5065
f 5065//5065 4306//4306 4310//4310
f 5065//5065 4310//4310 4757//4757
f 4757//4757 4310//4310 4314//4314
f 4758//4758 5075//5075 4757//4757
f 4757//4757 5075//5075 5070//5070
f 4757//4757 5070//5070 5066//5066
f 5066//5066 5070//5070 5073//5073
f 5066//5066 5073//5073 5067//5067
f 5067//5067 5073//5073 5074//5074
f 5067//5067 5074//5074 5068//5068
f 5075//5075 4758//4758 5076//5076
f 5076//5076 4758//4758 5064//5064
f 5076//5076 5064//5064 5077//5077
f 5077//5077 5064//5064 5062//5062
f 5077//5077 5062//5062 5063//5063
f 5066//5066 5065//5065 4757//4757
f 4265//4265 3669//3669 4389//4389
f 4389//4389 3669//3669 4532//4532
f 4532//4532 3669//3669 3670//3670
f 4532//4532 3670//3670 4533//4533
f 4533//4533 3670//3670 3671//3671
f 4533//4533 3671//3671 4534//4534
f 4534//4534 3671//3671 3672//3672
f 4534//4534 3672//3672 4536//4536
f 4536//4536 3672//3672 3673//3673
f 4536//4536 3673//3673 4538//4538
f 4538//4538 3673//3673 3674//3674
f 4538//4538 3674//3674 4540//4540
f 4540//4540 3674//3674 3679//3679
f 4540//4540 3679//3679 4541//4541
f 4541//4541 3679//3679 3678//3678
f 5078//5078 5079//5079 5080//5080
f 5080//5080 5079//5079 5081//5081
f 5080//5080 5081//5081 5082//5082
f 5082//5082 5081//5081 5083//5083
f 5082//5082 5083//5083 5084//5084
f 5084//5084 5083//5083 5085//5085
f 5084//5084 5085//5085 5086//5086
f 5086//5086 5085//5085 5087//5087
f 5086//5086 5087//5087 5088//5088
f 5088//5088 5087//5087 5089//5089
f 5088//5088 5089//5089 5090//5090
f 5090//5090 5089//5089 5091//5091
f 5090//5090 5091//5091 5092//5092
f 5092//5092 5091//5091 5093//5093
f 5092//5092 5093//5093 5094//5094
f 5094//5094 5093//5093 5095//5095
f 5094//5094 5095//5095 5096//5096
f 5096//5096 5095//5095 5097//5097
f 5096//5096 5097//5097 5098//5098
f 5098//5098 5097//5097 5099//5099
f 5098//5098 5099//5099 5100//5100
f 5100//5100 5099//5099 5101//5101
f 5100//5100 5101//5101 5102//5102
f 5102//5102 5101//5101 5103//5103
f 5102//5102 5103//5103 5104//5104
f 5104//5104 5103//5103 5105//5105
f 5104//5104 5105//5105 5106//5106
f 5106//5106 5105//5105 5107//5107
f 5106//5106 5107//5107 5108//5108
f 5108//5108 5107//5107 5109//5109
f 5108//5108 5109//5109 5110//5110
f 5110//5110 5109//5109 5111//5111
f 5110//5110 5111//5111 5078//5078
f 5078//5078 5111//5111 5079//5079
f 5112//5112 5084//5084 4647//4647
f 4647//4647 5084//5084 5086//5086
f 4647//4647 5086//5086 4646//4646
f 4646//4646 5086//5086 5088//5088
f 4646//4646 5088//5088 4645//4645
f 4645//4645 5088//5088 4648//4648
f 4648//4648 5088//5088 5090//5090
f 4648//4648 5090//5090 4649//4649
f 4649//4649 5090//5090 5092//5092
f 4649//4649 5092//5092 4651//4651
f 4651//4651 5092//5092 4653//4653
f 4653//4653 5092//5092 5094//5094
f 4653//4653 5094//5094 4655//4655
f 4655//4655 5094//5094 5096//5096
f 4655//4655 5096//5096 4657//4657
f 4657//4657 5096//5096 5098//5098
f 4657//4657 5098//5098 4660//4660
f 4660//4660 5098//5098 4662//4662
f 4662//4662 5098//5098 5100//5100
f 4662//4662 5100//5100 4664//4664
f 4664//4664 5100//5100 5102//5102
f 4664//4664 5102//5102 4667//4667
f 4667//4667 5102//5102 4669//4669
f 4669//4669 5102//5102 5104//5104
f 4669//4669 5104//5104 4671//4671
f 4671//4671 5104//5104 5106//5106
f 4671//4671 5106//5106 4673//4673
f 4673//4673 5106//5106 4675//4675
f 4675//4675 5106//5106 5108//5108
f 4675//4675 5108//5108 4677//4677
f 4677//4677 5108//5108 5110//5110
f 4677//4677 5110//5110 5113//5113
f 5113//5113 5110//5110 5114//5114
f 5114//5114 5110//5110 5078//5078
f 5114//5114 5078//5078 5115//5115
f 5115//5115 5078//5078 5080//5080
f 5115//5115 5080//5080 5116//5116
f 5116//5116 5080//5080 5117//5117
f 5117//5117 5080//5080 5082//5082
f 5117//5117 5082//5082 5118//5118
f 5118//5118 5082//5082 5084//5084
f 5118//5118 5084//5084 5112//5112
f 4729//4729 5087//5087 4425//4425
f 4425//4425 5087//5087 5085//5085
f 4425//4425 5085//5085 4759//4759
f 4759//4759 5085//5085 5083//5083
f 4759//4759 5083//5083 4762//4762
f 4762//4762 5083//5083 4764//4764
f 4764//4764 5083//5083 5081//5081
f 4764//4764 5081//5081 4766//4766
f 4766//4766 5081//5081 5079//5079
f 4766//4766 5079//5079 4765//4765
f 4765//4765 5079//5079 4763//4763
f 4763//4763 5079//5079 5111//5111
f 4763//4763 5111//5111 4761//4761
f 4761//4761 5111//5111 4760//4760
f 4760//4760 5111//5111 5109//5109
f 4760//4760 5109//5109 4312//4312
f 4312//4312 5109//5109 5107//5107
f 4312//4312 5107//5107 4756//4756
f 4756//4756 5107//5107 5105//5105
f 4756//4756 5105//5105 4754//4754
f 4754//4754 5105//5105 4752//4752
f 4752//4752 5105//5105 5103//5103
f 4752//4752 5103//5103 4749//4749
f 4749//4749 5103//5103 5101//5101
f 4749//4749 5101//5101 4747//4747
f 4747//4747 5101//5101 4745//4745
f 4745//4745 5101//5101 5099//5099
f 4745//4745 5099//5099 4742//4742
f 4742//4742 5099//5099 5097//5097
f 4742//4742 5097//5097 4740//4740
f 4740//4740 5097//5097 4737//4737
f 4737//4737 5097//5097 5095//5095
f 4737//4737 5095//5095 4735//4735
f 4735//4735 5095//5095 5093//5093
f 4735//4735 5093//5093 4733//4733
f 4733//4733 5093//5093 4731//4731
f 4731//4731 5093//5093 5091//5091
f 4731//4731 5091//5091 4732//4732
f 4732//4732 5091//5091 5089//5089
f 4732//4732 5089//5089 4728//4728
f 4728//4728 5089//5089 4729//4729
f 4729//4729 5089//5089 5087//5087
f 4965//4965 5119//5119 4967//4967
f 4967//4967 5119//5119 5069//5069
f 4965//4965 4966//4966 5119//5119
f 5119//5119 4966//4966 5072//5072
f 5119//5119 5072//5072 5071//5071
f 5071//5071 5069//5069 5119//5119
f 4647//4647 4677//4677 5112//5112
f 5112//5112 4677//4677 5113//5113
f 5112//5112 5113//5113 5118//5118
f 5118//5118 5113//5113 5114//5114
f 5118//5118 5114//5114 5117//5117
f 5117//5117 5114//5114 5115//5115
f 5117//5117 5115//5115 5116//5116
f 4229//4229 4544//4544 4228//4228
f 4228//4228 4544//4544 4543//4543
f 4228//4228 4543//4543 4227//4227
f 4227//4227 4543//4543 4545//4545
f 4227//4227 4545//4545 4245//4245
f 4245//4245 4545//4545 4547//4547
f 4245//4245 4547//4547 4244//4244
f 4244//4244 4547//4547 4549//4549
f 4244//4244 4549//4549 4243//4243
f 4243//4243 4549//4549 4615//4615
f 4243//4243 4615//4615 4242//4242
f 4242//4242 4615//4615 4614//4614
f 4242//4242 4614//4614 4241//4241
f 4241//4241 4614//4614 4613//4613
f 4241//4241 4613//4613 4240//4240
f 4240//4240 4613//4613 4617//4617
f 4240//4240 4617//4617 4239//4239
f 4239//4239 4617//4617 4616//4616
f 4239//4239 4616//4616 4238//4238
f 4238//4238 4616//4616 4528//4528
f 4238//4238 4528//4528 4237//4237
f 4237//4237 4528//4528 4527//4527
f 4237//4237 4527//4527 4236//4236
f 4236//4236 4527//4527 4526//4526
f 4236//4236 4526//4526 4235//4235
f 4235//4235 4526//4526 4530//4530
f 4235//4235 4530//4530 4234//4234
f 4234//4234 4530//4530 4529//4529
f 4234//4234 4529//4529 4233//4233
f 4233//4233 4529//4529 4531//4531
f 4233//4233 4531//4531 4232//4232
f 4232//4232 4531//4531 4535//4535
f 4232//4232 4535//4535 4231//4231
f 4231//4231 4535//4535 4537//4537
f 4231//4231 4537//4537 4230//4230
f 4230//4230 4537//4537 4539//4539
f 4230//4230 4539//4539 4229//4229
f 4229//4229 4539//4539 4544//4544
# 10310 faces, 0 coords texture

# End of File
