####
#
# OBJ File Generated by Meshlab
#
####
# Object wrist_upper_1.obj
#
# Vertices: 2614
# Faces: 5264
#
####
mtllib ./wrist_upper_1.obj.mtl

vn -3.336292 0.416902 3.105078
v -23.980000 -2.272493 221.315094
vn -2.849099 0.182399 3.904969
v -23.580000 -1.094438 221.207199
vn -3.336287 -0.039657 3.132689
v -23.980000 -0.700000 221.199997
vn -2.849097 -0.388129 3.889916
v -23.580000 0.481209 221.264786
vn -3.336269 -0.495366 3.093532
v -23.980000 0.872493 221.315094
vn -2.849112 -0.950384 3.792086
v -23.580000 2.031681 221.551178
vn -3.336309 -0.940491 2.988442
v -23.980000 2.411470 221.657913
vn -2.849084 -1.492359 3.613206
v -23.580000 3.523931 222.060257
vn -3.336259 -1.365599 2.819658
v -23.980000 3.884132 222.221161
vn -2.849045 -2.002569 3.357452
v -23.580000 4.926156 222.781189
vn -3.336242 -1.761596 2.590775
v -23.980000 5.259091 222.992828
vn -2.849076 -2.470040 3.030055
v -23.580000 6.208468 223.698608
vn -3.336255 -2.120039 2.306679
v -23.980000 6.507043 223.956467
vn -2.849074 -2.884896 2.638125
v -23.580000 7.343540 224.792953
vn -3.336262 -2.433302 1.973415
v -23.980000 7.601389 225.091537
vn -2.849120 -3.238308 2.190005
v -23.580000 8.307177 226.040909
vn -3.336317 -2.694695 1.598100
v -23.980000 8.518806 226.373840
vn -2.849116 -3.522655 1.695149
v -23.580000 9.078841 227.415863
vn -3.336316 -2.898669 1.188707
v -23.980000 9.239738 227.776062
vn -2.849121 -3.731954 1.164184
v -23.580000 9.642086 228.888535
vn -3.336303 -3.040855 0.753996
v -23.980000 9.748824 229.268326
vn -2.849115 -3.861685 0.608407
v -23.580000 9.984908 230.427505
vn -3.336308 -3.118232 0.303210
v -23.980000 10.035211 230.818787
vn -2.849109 -3.909110 0.039655
v -23.580000 10.100000 232.000000
vn -3.336301 -3.129150 -0.154042
v -23.980000 10.092794 232.394440
vn -2.849117 -3.873233 -0.529938
v -23.580000 9.984908 233.572495
vn -3.336318 -3.073374 -0.608010
v -23.980000 9.920349 233.961685
vn -2.849125 -3.754802 -1.088240
v -23.580000 9.642086 235.111465
vn -3.336304 -2.952099 -1.049012
v -23.980000 9.521549 235.487106
vn -2.849096 -3.556317 -1.623338
v -23.580000 9.078841 236.584137
vn -3.336289 -2.767900 -1.467668
v -23.980000 8.904895 236.938217
vn -2.849102 -3.282075 -2.123852
v -23.580000 8.307177 237.959091
vn -3.336286 -2.524713 -1.855033
v -23.980000 8.083529 238.284073
vn -2.849107 -2.937824 -2.579058
v -23.580000 7.343540 239.207047
vn -3.336292 -2.227709 -2.202867
v -23.980000 7.074957 239.496002
vn -2.849093 -2.530997 -2.979326
v -23.580000 6.208468 240.301392
vn -3.336251 -1.883234 -2.503749
v -23.980000 5.900676 240.548157
vn -2.849080 -2.070277 -3.316132
v -23.580000 4.926156 241.218811
vn -3.336291 -1.498613 -2.751267
v -23.980000 4.585713 241.418137
vn -2.849088 -1.565339 -3.582191
v -23.580000 3.523931 241.939743
vn -3.336269 -1.082048 -2.940153
v -23.980000 3.158094 242.087372
vn -2.849147 -1.027141 -3.772022
v -23.580000 2.031681 242.448822
vn -3.336359 -0.642444 -3.066358
v -23.980000 1.648246 242.541626
vn -2.849151 -0.466953 -3.881249
v -23.580000 0.481209 242.735214
vn -3.336316 -0.189124 -3.127225
v -23.980000 0.088349 242.771194
vn -2.849130 0.103142 -3.907864
v -23.580000 -1.094438 242.792801
vn -3.336321 0.268233 -3.121434
v -23.980000 -1.488349 242.771194
vn -2.849170 0.671057 -3.851354
v -23.580000 -2.661678 242.620346
vn -3.336387 0.719853 -3.049113
v -23.980000 -3.048246 242.541626
vn -2.849151 1.224678 -3.712601
v -23.580000 -4.187109 242.221542
vn -3.336338 1.156133 -2.911813
v -23.980000 -4.558094 242.087372
vn -2.849158 1.752160 -3.494711
v -23.580000 -5.638217 241.604889
vn -3.336366 1.567771 -2.712449
v -23.980000 -5.985713 241.418137
vn -2.849132 2.242303 -3.202314
v -23.580000 -6.984076 240.783524
vn -3.336287 1.945999 -2.455282
v -23.980000 -7.300676 240.548157
vn -2.849077 2.684654 -2.841708
v -23.580000 -8.196001 239.774963
vn -3.336286 2.282760 -2.145769
v -23.980000 -8.474957 239.496002
vn -2.849088 3.069834 -2.420540
v -23.580000 -9.248162 238.600677
vn -3.336292 2.570863 -1.790526
v -23.980000 -9.483529 238.284073
vn -2.849133 3.389555 -1.947784
v -23.580000 -10.118134 237.285706
vn -3.336326 2.804161 -1.397134
v -23.980000 -10.304895 236.938217
vn -2.849112 3.637017 -1.433499
v -23.580000 -10.787374 235.858093
vn -3.336302 2.977705 -0.973954
v -23.980000 -10.921550 235.487106
vn -2.849118 3.806966 -0.888668
v -23.580000 -11.241619 234.348251
vn -3.336315 3.087780 -0.530016
v -23.980000 -11.320350 233.961685
vn -2.849121 3.895792 -0.324893
v -23.580000 -11.471189 232.788345
vn -3.336308 3.132047 -0.074783
v -23.980000 -11.492795 232.394440
vn -2.849116 3.901581 0.245794
v -23.580000 -11.471189 231.211655
vn -3.336310 3.109558 0.382044
v -23.980000 -11.435210 230.818787
vn -2.849100 3.824208 0.811256
v -23.580000 -11.241619 229.651749
vn -3.336284 3.020796 0.830729
v -23.980000 -11.148824 229.268326
vn -2.849126 3.665352 1.359416
v -23.580000 -10.787374 228.141907
vn -3.336340 2.867646 1.261708
v -23.980000 -10.639739 227.776062
vn -2.849151 3.428374 1.878618
v -23.580000 -10.118134 226.714294
vn -3.336341 2.653383 1.665790
v -23.980000 -9.918805 226.373840
vn -2.849084 3.118300 2.357774
v -23.580000 -9.248162 225.399323
vn -3.336261 2.382569 2.034378
v -23.980000 -9.001390 225.091537
vn -2.849048 2.741750 2.786659
v -23.580000 -8.196001 224.225037
vn -3.336251 2.060962 2.359611
v -23.980000 -7.907043 223.956467
vn -2.849115 2.306800 3.156167
v -23.580000 -6.984076 223.216476
vn -3.336310 1.695444 2.634536
v -23.980000 -6.659091 222.992828
vn -2.849128 1.822702 3.458440
v -23.580000 -5.638217 222.395111
vn -3.336339 1.293784 2.853317
v -23.980000 -5.284132 222.221161
vn -2.849149 1.299735 3.686995
v -23.580000 -4.187109 221.778458
vn -3.336354 0.864555 3.011285
v -23.980000 -3.811470 221.657913
vn -2.849109 0.749052 3.836947
v -23.580000 -2.661678 221.379654
vn -3.007914 0.417797 -3.106610
v -23.980000 1.032730 219.115997
vn -3.275271 0.417797 -3.106610
v -23.580000 1.032730 219.115997
vn -3.007903 0.000000 -3.134577
v -23.980000 -0.700000 219.000000
vn -3.275283 0.000000 -3.134577
v -23.580000 -0.700000 219.000000
vn -3.007914 -0.417797 -3.106610
v -23.980000 -2.432730 219.115997
vn -3.275271 -0.417797 -3.106610
v -23.580000 -2.432730 219.115997
vn -3.007901 -0.828140 -3.023202
v -23.980000 -4.134540 219.461899
vn -3.275284 -0.828140 -3.023202
v -23.580000 -4.134540 219.461899
vn -3.007916 -1.223703 -2.885849
v -23.980000 -5.775061 220.031555
vn -3.275270 -1.223703 -2.885850
v -23.580000 -5.775061 220.031555
vn -3.007900 -1.597429 -2.696996
v -23.980000 -7.325016 220.814774
vn -3.275285 -1.597429 -2.696997
v -23.580000 -7.325016 220.814774
vn -3.007912 -1.942655 -2.460014
v -23.980000 -8.756748 221.797607
vn -3.275273 -1.942655 -2.460014
v -23.580000 -8.756748 221.797607
vn -3.007903 -2.253209 -2.179133
v -23.980000 -10.044708 222.962494
vn -3.275282 -2.253209 -2.179133
v -23.580000 -10.044708 222.962494
vn -3.007910 -2.523558 -1.859364
v -23.980000 -11.165911 224.288666
vn -3.275275 -2.523557 -1.859364
v -23.580000 -11.165911 224.288666
vn -3.007910 -2.748867 -1.506422
v -23.980000 -12.100349 225.752441
vn -3.275276 -2.748867 -1.506422
v -23.580000 -12.100349 225.752441
vn -3.007905 -2.925127 -1.126591
v -23.980000 -12.831348 227.327698
vn -3.275280 -2.925127 -1.126591
v -23.580000 -12.831348 227.327698
vn -3.007909 -3.049188 -0.726656
v -23.980000 -13.345862 228.986343
vn -3.275276 -3.049188 -0.726656
v -23.580000 -13.345862 228.986343
vn -3.007908 -3.118835 -0.313758
v -23.980000 -13.634711 230.698761
vn -3.275277 -3.118835 -0.313758
v -23.580000 -13.634711 230.698761
vn -3.007907 -3.132827 0.104741
v -23.980000 -13.692740 232.434387
vn -3.275278 -3.132827 0.104741
v -23.580000 -13.692740 232.434387
vn -3.007907 -3.090913 0.521372
v -23.980000 -13.518913 234.162277
vn -3.275278 -3.090913 0.521372
v -23.580000 -13.518913 234.162277
vn -3.007910 -2.993843 0.928697
v -23.980000 -13.116332 235.851578
vn -3.275275 -2.993844 0.928697
v -23.580000 -13.116332 235.851578
vn -3.007907 -2.843348 1.319451
v -23.980000 -12.492182 237.472153
vn -3.275278 -2.843347 1.319450
v -23.580000 -12.492182 237.472153
vn -3.007906 -2.642109 1.686663
v -23.980000 -11.657599 238.995071
vn -3.275279 -2.642109 1.686663
v -23.580000 -11.657599 238.995071
vn -3.007912 -2.393728 2.023770
v -23.980000 -10.627479 240.393158
vn -3.275274 -2.393728 2.023770
v -23.580000 -10.627479 240.393158
vn -3.007905 -2.102630 2.324763
v -23.980000 -9.420201 241.641479
vn -3.275280 -2.102629 2.324763
v -23.580000 -9.420201 241.641479
vn -3.007903 -1.773998 2.584279
v -23.980000 -8.057312 242.717743
vn -3.275283 -1.773998 2.584279
v -23.580000 -8.057312 242.717743
vn -3.007918 -1.413727 2.797670
v -23.980000 -6.563131 243.602737
vn -3.275267 -1.413727 2.797670
v -23.580000 -6.563131 243.602737
vn -3.007901 -1.028224 2.961135
v -23.980000 -4.964323 244.280701
vn -3.275284 -1.028225 2.961136
v -23.580000 -4.964323 244.280701
vn -3.007905 -0.624356 3.071767
v -23.980000 -3.289418 244.739502
vn -3.275280 -0.624356 3.071766
v -23.580000 -3.289418 244.739502
vn -3.007912 -0.209361 3.127578
v -23.980000 -1.568304 244.970963
vn -3.275274 -0.209361 3.127578
v -23.580000 -1.568304 244.970963
vn -3.007912 0.209361 3.127578
v -23.980000 0.168304 244.970963
vn -3.275274 0.209361 3.127578
v -23.580000 0.168304 244.970963
vn -3.007905 0.624356 3.071766
v -23.980000 1.889418 244.739502
vn -3.275280 0.624355 3.071767
v -23.580000 1.889418 244.739502
vn -3.007901 1.028224 2.961135
v -23.980000 3.564323 244.280701
vn -3.275284 1.028225 2.961136
v -23.580000 3.564323 244.280701
vn -3.007918 1.413727 2.797670
v -23.980000 5.163132 243.602737
vn -3.275267 1.413727 2.797670
v -23.580000 5.163132 243.602737
vn -3.007903 1.773998 2.584279
v -23.980000 6.657312 242.717743
vn -3.275283 1.773998 2.584279
v -23.580000 6.657312 242.717743
vn -3.007906 2.102629 2.324763
v -23.980000 8.020202 241.641479
vn -3.275280 2.102630 2.324763
v -23.580000 8.020202 241.641479
vn -3.007912 2.393728 2.023770
v -23.980000 9.227479 240.393158
vn -3.275274 2.393728 2.023770
v -23.580000 9.227479 240.393158
vn -3.007906 2.642109 1.686662
v -23.980000 10.257600 238.995071
vn -3.275278 2.642109 1.686663
v -23.580000 10.257600 238.995071
vn -3.007906 2.843347 1.319450
v -23.980000 11.092182 237.472153
vn -3.275278 2.843348 1.319451
v -23.580000 11.092182 237.472153
vn -3.007910 2.993844 0.928697
v -23.980000 11.716332 235.851578
vn -3.275276 2.993844 0.928697
v -23.580000 11.716332 235.851578
vn -3.007907 3.090913 0.521372
v -23.980000 12.118914 234.162277
vn -3.275278 3.090913 0.521372
v -23.580000 12.118914 234.162277
vn -3.007909 3.132827 0.104741
v -23.980000 12.292740 232.434387
vn -3.275277 3.132827 0.104741
v -23.580000 12.292740 232.434387
vn -3.007908 3.118835 -0.313758
v -23.980000 12.234712 230.698761
vn -3.275278 3.118835 -0.313758
v -23.580000 12.234712 230.698761
vn -3.007909 3.049188 -0.726657
v -23.980000 11.945863 228.986343
vn -3.275277 3.049188 -0.726657
v -23.580000 11.945863 228.986343
vn -3.007906 2.925126 -1.126592
v -23.980000 11.431348 227.327698
vn -3.275280 2.925126 -1.126592
v -23.580000 11.431348 227.327698
vn -3.007910 2.748867 -1.506422
v -23.980000 10.700349 225.752441
vn -3.275275 2.748867 -1.506422
v -23.580000 10.700349 225.752441
vn -3.007909 2.523557 -1.859364
v -23.980000 9.765911 224.288666
vn -3.275276 2.523557 -1.859364
v -23.580000 9.765911 224.288666
vn -3.007904 2.253209 -2.179133
v -23.980000 8.644708 222.962494
vn -3.275281 2.253209 -2.179133
v -23.580000 8.644708 222.962494
vn -3.007912 1.942655 -2.460013
v -23.980000 7.356749 221.797607
vn -3.275273 1.942655 -2.460013
v -23.580000 7.356749 221.797607
vn -3.007900 1.597429 -2.696996
v -23.980000 5.925016 220.814774
vn -3.275285 1.597429 -2.696996
v -23.580000 5.925016 220.814774
vn -3.007916 1.223703 -2.885850
v -23.980000 4.375061 220.031555
vn -3.275269 1.223703 -2.885850
v -23.580000 4.375061 220.031555
vn -3.007901 0.828140 -3.023202
v -23.980000 2.734540 219.461899
vn -3.275284 0.828140 -3.023202
v -23.580000 2.734540 219.461899
vn 0.773649 -4.185300 2.858833
v -5.790000 13.800000 253.278900
vn 4.076813 -1.244824 2.727906
v -5.790000 14.611879 253.629898
vn 2.414645 -2.449051 1.260336
v -5.790000 13.800000 253.281982
vn 4.315862 -1.357702 2.575294
v -5.790000 14.610391 253.632919
vn 4.171113 -1.372153 2.631402
v -5.790000 14.736941 253.692719
vn 4.244797 -1.500992 2.528751
v -5.790000 15.141568 253.920670
vn 4.648341 -1.693953 2.163722
v -5.790000 15.323295 254.045090
vn 4.356748 -1.629717 2.394554
v -5.790000 15.325833 254.041428
vn 4.419848 -1.772683 2.254669
v -5.790000 15.484056 254.157532
vn 4.994831 -2.022694 1.502934
v -5.790000 15.893695 254.566452
vn 4.530728 -1.963142 2.016926
v -5.790000 15.759706 254.402771
vn 4.684684 -2.134479 1.709540
v -5.790000 15.898561 254.562698
vn 4.732932 -2.290265 1.436932
v -5.790000 15.967840 254.659866
vn 5.187959 -2.234077 0.775007
v -5.790000 16.083050 254.896210
vn 4.782882 -2.528892 0.828802
v -5.790000 16.110245 254.950607
vn 5.167409 -2.385354 0.214528
v -5.790000 16.153601 255.266495
vn 5.546067 -1.320288 1.143203
v -5.790000 16.161333 255.266495
vn 4.451573 -3.724961 -0.764869
v -5.790000 16.153606 255.276489
vn 1.570773 4.712388 -1.570796
v -5.790000 20.299999 255.276489
vn 1.570796 4.712388 1.570796
v -5.790000 20.299999 255.266495
vn 1.008858 1.165527 1.875633
v -9.240000 -2.500000 239.256744
vn 2.103524 -2.883159 4.324645
v -9.240000 -3.159170 238.927750
vn -1.866165 0.805184 1.580663
v -8.990000 -2.750000 238.877808
vn -1.054813 -1.579975 1.726627
v -8.990000 -3.367645 238.446838
vn 2.099467 -3.859880 3.486592
v -9.240000 -3.718285 238.448029
vn -1.050741 -1.983644 1.232882
v -8.990000 -3.845208 237.864456
vn 2.094375 -4.599400 2.438935
v -9.240000 -4.143625 237.846497
vn -1.050459 -2.244135 0.640094
v -8.990000 -4.146868 237.174362
vn 2.091768 -5.055803 1.248205
v -9.240000 -4.409543 237.159454
vn -0.986759 -2.278366 0.149193
v -8.990000 -4.250000 236.428314
vn 2.155979 -5.285686 0.322191
v -9.240000 -4.500000 236.428314
vn 1.008858 -1.165527 1.875633
v -9.240000 1.100000 239.256744
vn 2.309047 -5.409915 0.466549
v -9.240000 1.100000 232.000000
vn -1.866165 -0.805184 1.580663
v -8.990000 1.350000 238.877808
vn -0.847863 -2.136650 0.162491
v -8.990000 1.350000 232.000000
vn -0.847863 2.136650 0.162491
v -8.990000 -2.750000 232.000000
vn -0.776238 1.959255 0.615101
v -8.990000 -2.649666 231.366516
vn 2.309046 5.409915 0.466549
v -9.240000 -2.500000 232.000000
vn 2.402097 5.122878 1.869662
v -9.240000 -2.391447 231.384369
vn -0.777226 1.677332 1.189663
v -8.990000 -2.358485 230.795044
vn 2.406222 4.167600 3.515274
v -9.240000 -2.078880 230.842987
vn -0.775174 1.224222 1.651150
v -8.990000 -1.904960 230.341522
vn 2.405231 2.716149 4.730519
v -9.240000 -1.600000 230.441147
vn -0.772782 0.645340 1.949656
v -8.990000 -1.333485 230.050339
vn 2.403612 0.942566 5.375196
v -9.240000 -1.012567 230.227341
vn -0.771759 -0.000000 2.052835
v -8.990000 -0.700000 229.949997
vn 2.403612 -0.942566 5.375196
v -9.240000 -0.387433 230.227341
vn -0.772782 -0.645340 1.949656
v -8.990000 -0.066515 230.050339
vn 2.405231 -2.716149 4.730519
v -9.240000 0.200000 230.441147
vn -0.775174 -1.224222 1.651150
v -8.990000 0.504960 230.341522
vn 2.406223 -4.167599 3.515274
v -9.240000 0.678880 230.842987
vn -0.777225 -1.677331 1.189663
v -8.990000 0.958485 230.795044
vn 2.402098 -5.122877 1.869662
v -9.240000 0.991447 231.384369
vn -0.776238 -1.959255 0.615101
v -8.990000 1.249666 231.366516
vn 2.175848 -5.332342 -0.172485
v -9.240000 -4.500000 235.500000
vn -0.946484 -2.245944 -0.063807
v -8.990000 -4.250000 235.500000
vn 2.120947 -4.563936 -2.595124
v -9.240000 -3.189074 230.717621
vn -1.021600 -2.006877 -1.148370
v -8.990000 -2.966835 230.832108
vn 2.173079 -4.938066 -1.986217
v -9.240000 -3.482933 231.370758
vn 4.423031 -4.145467 -1.643481
v -9.115031 -3.380989 231.450775
vn 4.504614 -4.167819 -1.329009
v -9.115031 -3.744046 232.480820
vn -1.009589 -2.177356 -0.763302
v -8.990000 -3.449878 231.994049
vn -0.993268 -2.207620 -0.616565
v -8.990000 -3.851713 233.294495
vn -0.974802 -2.091620 -0.892470
v -8.990000 -3.233457 231.418045
vn 4.454047 -4.294686 -1.089792
v -9.115031 -4.063622 233.613571
vn -0.937966 -2.185503 -0.485961
v -8.990000 -4.016050 233.952972
vn 4.394418 -4.380023 -0.983803
v -9.115031 -4.131024 233.894241
vn -0.945141 -2.208225 -0.408789
v -8.990000 -4.141666 234.563629
vn 4.439816 -4.382047 -0.738971
v -9.115031 -4.278763 234.616898
vn -0.970990 -2.254421 -0.269204
v -8.990000 -4.221828 235.091034
vn 4.432164 -4.433487 -0.369290
v -9.115031 -4.361430 235.222855
vn 2.191944 -5.263056 -0.621903
v -9.240000 -4.466222 235.022354
vn 2.197682 -5.225412 -1.006903
v -9.240000 -4.371512 234.427277
vn 2.197650 -5.162350 -1.331793
v -9.240000 -4.162614 233.495590
vn 2.191309 -5.083653 -1.593525
v -9.240000 -3.884979 232.513046
vn 2.141298 4.538358 -2.685941
v -9.240000 1.789074 230.717621
vn -1.004847 1.976437 -1.173825
v -8.990000 1.566836 230.832108
vn 2.074951 3.797145 -3.533892
v -9.240000 1.349679 230.092438
vn -1.068348 1.718063 -1.598957
v -8.990000 1.166672 230.262756
vn 2.074918 2.700372 -4.428895
v -9.240000 0.757622 229.609329
vn -1.068418 1.221840 -2.003942
v -8.990000 0.627477 229.822769
vn 2.074957 1.402407 -4.993991
v -9.240000 0.057002 229.304276
vn -1.068329 0.634517 -2.259584
v -8.990000 -0.010588 229.544968
vn 2.074947 0.000003 -5.187147
v -9.240000 -0.700000 229.199997
vn -1.068366 0.000004 -2.347011
v -8.990000 -0.700000 229.449997
vn 2.074964 -1.402420 -4.993979
v -9.240000 -1.457002 229.304276
vn -1.068339 -0.634541 -2.259585
v -8.990000 -1.389412 229.544968
vn 2.074920 -2.700352 -4.428905
v -9.240000 -2.157622 229.609329
vn -1.068422 -1.221814 -2.003961
v -8.990000 -2.027477 229.822769
vn 2.074949 -3.797158 -3.533881
v -9.240000 -2.749678 230.092438
vn -1.068345 -1.718077 -1.598939
v -8.990000 -2.566671 230.262756
vn 2.198036 5.337988 -0.121447
v -9.240000 3.100000 235.500000
vn -0.947708 2.247064 -0.065780
v -8.990000 2.850000 235.500000
vn 2.196928 5.301180 -0.417917
v -9.240000 3.087931 235.236023
vn 4.462966 4.395921 -0.469850
v -9.115049 2.951272 235.132980
vn 2.222335 5.251127 -0.743096
v -9.240000 3.049121 234.892456
vn 4.458654 4.362637 -0.747487
v -9.115049 2.876890 234.616806
vn 2.243479 5.182197 -1.027817
v -9.240000 2.940285 234.251709
vn 4.475303 4.304291 -0.959160
v -9.115049 2.747326 233.968231
vn 2.259977 5.103953 -1.291527
v -9.240000 2.763666 233.469223
vn 4.467905 4.259216 -1.170814
v -9.115049 2.557983 233.203964
vn 2.255360 5.021173 -1.564460
v -9.240000 2.510190 232.574402
vn 4.424155 4.218655 -1.444457
v -9.115049 2.255493 232.204147
vn 2.246019 4.971898 -1.836522
v -9.240000 2.160546 231.569138
vn 4.460682 4.097698 -1.668340
v -9.115049 1.912839 231.280991
vn 2.212302 4.913621 -2.043033
v -9.240000 2.018790 231.204071
vn 4.453717 4.021756 -1.860024
v -9.115049 1.815482 231.055969
vn 2.208512 4.827099 -2.266108
v -9.240000 1.923722 230.990097
vn -0.942572 2.036538 -0.940682
v -8.990000 1.699849 231.103989
vn -0.936916 2.067815 -0.855716
v -8.990000 1.792897 231.318298
vn -0.991444 2.146871 -0.798194
v -8.990000 1.945495 231.706558
vn -0.970939 2.167927 -0.676034
v -8.990000 2.205510 232.452866
vn -0.947025 2.162601 -0.612850
v -8.990000 2.414710 233.154129
vn -0.952835 2.190418 -0.529624
v -8.990000 2.578683 233.793716
vn -0.954921 2.212601 -0.438204
v -8.990000 2.701459 234.358414
vn -0.954052 2.230225 -0.330953
v -8.990000 2.785793 234.837860
vn -0.968084 2.260059 -0.184634
v -8.990000 2.834401 235.221817
vn 2.155980 5.285687 0.322190
v -9.240000 3.100000 236.428314
vn -0.986758 2.278366 0.149193
v -8.990000 2.850000 236.428314
vn 2.103524 2.883159 4.324645
v -9.240000 1.759170 238.927750
vn -1.054812 1.579975 1.726627
v -8.990000 1.967645 238.446838
vn 2.099468 3.859879 3.486592
v -9.240000 2.318285 238.448029
vn -1.050739 1.983644 1.232881
v -8.990000 2.445208 237.864456
vn 2.094376 4.599399 2.438935
v -9.240000 2.743625 237.846497
vn -1.050458 2.244134 0.640093
v -8.990000 2.746868 237.174362
vn 2.091769 5.055802 1.248204
v -9.240000 3.009543 237.159454
vn 0.000342 -6.275368 -0.221488
v -9.490000 -4.500000 235.500000
vn 3.264688 -3.129706 0.192870
v -13.980000 -4.500000 236.428314
vn 3.209484 -3.137974 -0.106561
v -13.980000 -4.500000 235.500000
vn 3.387787 -3.023809 0.759854
v -13.980000 -4.409543 237.159454
vn 3.387775 -2.747456 1.473874
v -13.980000 -4.143625 237.846497
vn 3.387795 -2.305407 2.099021
v -13.980000 -3.718285 238.448029
vn 3.387781 -1.724325 2.597597
v -13.980000 -3.159170 238.927750
vn 2.033727 4.010914 1.405466
v -13.980000 -2.500000 239.256744
vn -2.986037 3.590389 -0.681540
v -15.282062 -2.500000 235.722519
vn -2.394619 3.590390 -1.909635
v -15.475158 -2.500000 236.123489
vn -1.328908 3.590399 -2.759510
v -15.823106 -2.500000 236.400970
vn -0.349529 3.365988 -3.102211
v -16.256990 -2.500000 236.500000
vn -3.316127 3.117728 0.272768
v -23.580000 -2.500000 232.000000
vn -0.349529 3.365988 3.102211
v -16.256990 -2.500000 234.500000
vn -1.328908 3.590399 2.759510
v -15.823106 -2.500000 234.599030
vn -2.394619 3.590391 1.909635
v -15.475158 -2.500000 234.876511
vn -1.570796 1.570796 1.570796
v -23.580000 -2.500000 234.500000
vn -2.986036 3.590390 0.681540
v -15.282062 -2.500000 235.277481
vn -1.570796 1.570796 -1.570796
v -23.580000 -2.500000 236.500000
vn -1.920916 4.173590 1.475499
v -21.580000 -2.500000 238.764618
vn 1.901016 4.203046 1.485928
v -18.180000 -2.500000 239.280792
vn 1.240577 1.061464 1.485928
v -13.980000 -2.500000 239.280792
vn -1.220677 1.031997 1.475499
v -23.580000 -2.500000 238.764618
vn -4.503915 1.895900 -1.536785
v -21.580000 -2.500000 239.500000
vn 4.545018 1.823373 -1.550336
v -18.180000 -2.500000 239.500000
vn -3.490657 2.907282 1.058166
v -23.580000 -2.391447 231.384369
vn -3.490644 2.370056 1.988683
v -23.580000 -2.078880 230.842987
vn -3.490677 1.546945 2.679352
v -23.580000 -1.600000 230.441147
vn -3.490655 0.537239 3.046864
v -23.580000 -1.012567 230.227341
vn -3.490655 -0.537239 3.046864
v -23.580000 -0.387433 230.227341
vn -3.490677 -1.546946 2.679352
v -23.580000 0.200000 230.441147
vn -3.490644 -2.370056 1.988682
v -23.580000 0.678880 230.842987
vn -3.490656 -2.907282 1.058166
v -23.580000 0.991447 231.384369
vn -3.316128 -3.117729 0.272768
v -23.580000 1.100000 232.000000
vn -2.986036 -3.590389 -0.681540
v -15.282062 1.100000 235.722519
vn -2.986037 -3.590390 0.681540
v -15.282062 1.100000 235.277481
vn -2.394619 -3.590391 1.909635
v -15.475158 1.100000 234.876511
vn -2.394619 -3.590390 -1.909635
v -15.475158 1.100000 236.123489
vn 2.033727 -4.010914 1.405466
v -13.980000 1.100000 239.256744
vn -1.328908 -3.590399 -2.759510
v -15.823106 1.100000 236.400970
vn -0.349529 -3.365988 -3.102211
v -16.256990 1.100000 236.500000
vn 1.901016 -4.203047 1.485928
v -18.180000 1.100000 239.280792
vn -1.920916 -4.173590 1.475499
v -21.580000 1.100000 238.764618
vn -4.503915 -1.895900 -1.536785
v -21.580000 1.100000 239.500000
vn 4.546216 -1.822640 -1.550460
v -18.180000 1.100000 239.500000
vn 1.240577 -1.061464 1.485928
v -13.980000 1.100000 239.280792
vn -1.220677 -1.031997 1.475499
v -23.580000 1.100000 238.764618
vn -1.570796 -1.570796 -1.570796
v -23.580000 1.100000 236.500000
vn -1.328908 -3.590399 2.759510
v -15.823106 1.100000 234.599030
vn -0.349529 -3.365988 3.102211
v -16.256990 1.100000 234.500000
vn -1.570796 -1.570796 1.570796
v -23.580000 1.100000 234.500000
vn 0.000000 6.279908 -0.143471
v -9.490000 3.100000 235.500000
vn 0.000695 6.260123 -0.495481
v -9.490000 3.087936 235.236115
vn 0.001495 6.218980 -0.878831
v -9.490000 3.049121 234.892456
vn -0.003227 6.161020 -1.221128
v -9.490000 2.940087 234.250778
vn -0.005868 6.087147 -1.547551
v -9.490000 2.763512 233.468719
vn -0.005595 5.989523 -1.890097
v -9.490000 2.507597 232.567688
vn 0.000568 5.895273 -2.170597
v -9.490000 2.160546 231.569138
vn -0.003502 5.799861 -2.411952
v -9.490000 2.019599 231.206238
vn -0.002442 5.688656 -2.664755
v -9.490000 1.923975 230.990814
vn 0.000000 5.387160 -3.197415
v -9.490000 1.789074 230.717621
vn 0.001650 -5.434780 -3.096498
v -9.490000 -3.189074 230.717621
vn 0.005455 -5.827973 -2.333419
v -9.490000 -3.482933 231.370758
vn 0.004585 -5.987005 -1.896463
v -9.490000 -3.884979 232.513046
vn 0.001778 -6.089082 -1.540021
v -9.490000 -4.162548 233.494888
vn 0.000573 -6.236362 -0.715441
v -9.490000 -4.466185 235.022339
vn -0.000197 -6.167950 -1.181515
v -9.490000 -4.371512 234.427277
vn 3.387781 1.724325 2.597598
v -13.980000 1.759170 238.927750
vn 3.387795 2.305407 2.099022
v -13.980000 2.318285 238.448029
vn 3.387775 2.747456 1.473874
v -13.980000 2.743625 237.846497
vn 3.387787 3.023810 0.759854
v -13.980000 3.009543 237.159454
vn 3.264688 3.129706 0.192870
v -13.980000 3.100000 236.428314
vn 3.207509 3.138061 -0.105259
v -13.980000 3.100000 235.500000
vn 3.223305 3.119694 -0.346214
v -13.980000 3.069321 235.048813
vn 3.210017 3.083360 -0.591295
v -13.980000 2.983110 234.489273
vn 3.205500 3.029634 -0.823757
v -13.980000 2.679051 233.178055
vn 3.199790 2.963482 -1.038210
v -13.980000 2.257734 231.832214
vn 3.200724 2.892332 -1.222555
v -13.980000 2.024953 231.229401
vn 3.319602 2.710942 -1.562379
v -13.980000 1.789074 230.717621
vn 3.415356 2.278221 -2.120269
v -13.980000 1.349679 230.092438
vn 3.415354 1.620156 -2.657242
v -13.980000 0.757622 229.609329
vn 3.415353 0.841428 -2.996304
v -13.980000 0.057002 229.304276
vn 3.415374 0.000000 -3.112204
v -13.980000 -0.700000 229.199997
vn 3.415353 -0.841428 -2.996304
v -13.980000 -1.457002 229.304276
vn 3.415354 -1.620156 -2.657241
v -13.980000 -2.157622 229.609329
vn 3.415356 -2.278222 -2.120269
v -13.980000 -2.749678 230.092438
vn 3.322334 -2.711704 -1.560732
v -13.980000 -3.189074 230.717621
vn 3.204053 -2.891645 -1.224016
v -13.980000 -3.424953 231.229401
vn 3.202154 -2.963756 -1.037304
v -13.980000 -3.657734 231.832214
vn 3.209900 -3.029639 -0.823400
v -13.980000 -4.079051 233.178055
vn 3.213298 -3.083121 -0.592144
v -13.980000 -4.383111 234.489273
vn 3.226279 -3.119687 -0.345552
v -13.980000 -4.469321 235.048813
vn -5.315845 -2.963092 0.436085
v -23.553205 9.885974 230.442062
vn -5.315834 -2.995019 0.000000
v -23.553205 10.000000 232.000000
vn -5.315847 -2.963092 -0.436086
v -23.553205 9.885974 233.557938
vn -5.315827 -2.868046 -0.862863
v -23.553205 9.546327 235.082657
vn -5.315815 -2.711849 -1.271254
v -23.553205 8.988297 236.541687
vn -5.315824 -2.497854 -1.652567
v -23.553205 8.223777 237.903915
vn -5.315778 -2.230632 -1.998647
v -23.553205 7.269063 239.140305
vn -5.315742 -1.915886 -2.302150
v -23.553205 6.144501 240.224518
vn -5.315986 -1.560137 -2.556407
v -23.553205 4.874062 241.133453
vn -5.315763 -1.171392 -2.756491
v -23.553205 3.484821 241.847702
vn -5.315912 -0.757521 -2.897598
v -23.553205 2.006387 242.352081
vn -5.315690 -0.327582 -2.977143
v -23.553205 0.470272 242.635803
vn -5.315776 0.109382 -2.993021
v -23.553205 -1.090786 242.692856
vn -5.315866 0.544007 -2.945216
v -23.553205 -2.643514 242.522018
vn -5.315894 0.967030 -2.834587
v -23.553205 -4.154820 242.126907
vn -5.315887 1.369440 -2.663576
v -23.553205 -5.592493 241.515961
vn -5.315692 1.742760 -2.435943
v -23.553205 -6.925890 240.702194
vn -5.315867 2.078738 -2.156100
v -23.553205 -8.126594 239.702972
vn -5.315939 2.370473 -1.830425
v -23.553205 -9.169012 238.539566
vn -5.315822 2.611832 -1.465837
v -23.553205 -10.030929 237.236771
vn -5.315843 2.797395 -1.069917
v -23.553205 -10.693973 235.822372
vn -5.315819 2.923380 -0.651209
v -23.553205 -11.144011 234.326508
vn -5.315827 2.987041 -0.218622
v -23.553205 -11.371455 232.781052
vn -5.315825 2.987041 0.218622
v -23.553205 -11.371455 231.218948
vn -5.315819 2.923381 0.651209
v -23.553205 -11.144011 229.673492
vn -5.315842 2.797395 1.069919
v -23.553205 -10.693973 228.177628
vn -5.315818 2.611836 1.465832
v -23.553205 -10.030929 226.763229
vn -5.315938 2.370467 1.830431
v -23.553205 -9.169012 225.460434
vn -5.315874 2.078731 2.156099
v -23.553205 -8.126594 224.297028
vn -5.315690 1.742774 2.435935
v -23.553205 -6.925890 223.297806
vn -5.315882 1.369436 2.663586
v -23.553205 -5.592493 222.484039
vn -5.315896 0.967029 2.834588
v -23.553205 -4.154820 221.873093
vn -5.315871 0.544006 2.945209
v -23.553205 -2.643514 221.477982
vn -5.315783 0.109378 2.993014
v -23.553205 -1.090786 221.307144
vn -5.315686 -0.327572 2.977151
v -23.553205 0.470272 221.364197
vn -5.315910 -0.757532 2.897597
v -23.553205 2.006387 221.647919
vn -5.315763 -1.171380 2.756496
v -23.553205 3.484821 222.152298
vn -5.315986 -1.560153 2.556397
v -23.553205 4.874062 222.866547
vn -5.315747 -1.915874 2.302151
v -23.553205 6.144501 223.775482
vn -5.315776 -2.230633 1.998647
v -23.553205 7.269063 224.859695
vn -5.315821 -2.497855 1.652567
v -23.553205 8.223777 226.096085
vn -5.315816 -2.711849 1.271254
v -23.553205 8.988297 227.458313
vn -5.315828 -2.868047 0.862864
v -23.553205 9.546327 228.917343
vn -0.820850 -6.130575 -0.902226
v -23.379999 9.787040 233.543365
vn -3.092741 -5.225689 -0.769062
v -23.480000 9.813549 233.547272
vn -0.820846 -6.196609 -0.000000
v -23.379999 9.900000 232.000000
vn -3.092721 -5.281994 0.000000
v -23.480000 9.926795 232.000000
vn -0.820851 -6.130574 0.902225
v -23.379999 9.787040 230.456635
vn -3.092742 -5.225690 0.769060
v -23.480000 9.813549 230.452728
vn -0.820838 -5.933879 1.785237
v -23.379999 9.450566 228.946152
vn -3.092711 -5.058043 1.521744
v -23.480000 9.476225 228.938431
vn -0.820952 -5.610696 2.630164
v -23.379999 8.897751 227.500763
vn -3.092798 -4.782562 2.241986
v -23.480000 8.922012 227.489380
vn -0.820845 -5.167958 3.419089
v -23.379999 8.140377 226.151260
vn -3.092703 -4.405179 2.914447
v -23.480000 8.162724 226.136475
vn -0.820881 -4.615057 4.135108
v -23.379999 7.194585 224.926422
vn -3.092674 -3.933924 3.524827
v -23.480000 7.214541 224.908539
vn -0.820910 -3.963792 4.762999
v -23.379999 6.080534 223.852341
vn -3.092663 -3.378795 4.060073
v -23.480000 6.097674 223.831741
vn -0.820856 -3.228073 5.289373
v -23.379999 4.821968 222.951920
vn -3.092894 -2.751542 4.508523
v -23.480000 4.835926 222.929047
vn -0.820772 -2.423532 5.703040
v -23.379999 3.445710 222.244324
vn -3.092565 -2.065845 4.861365
v -23.480000 3.456190 222.219666
vn -0.820858 -1.567314 5.995117
v -23.379999 1.981094 221.744675
vn -3.092838 -1.335973 5.110147
v -23.480000 1.987871 221.718750
vn -0.821049 -0.677733 6.159391
v -23.379999 0.459335 221.463593
vn -3.092732 -0.577701 5.250422
v -23.480000 0.462265 221.436951
vn -0.820898 0.226313 6.192465
v -23.379999 -1.087133 221.407074
vn -3.092674 0.192912 5.278541
v -23.480000 -1.088112 221.380295
vn -0.820909 1.125535 6.093518
v -23.379999 -2.625351 221.576324
vn -3.092838 0.959390 5.194065
v -23.480000 -2.630218 221.549973
vn -0.820840 2.000756 5.864722
v -23.379999 -4.122532 221.967743
vn -3.092801 1.705428 4.999011
v -23.480000 -4.131184 221.942383
vn -0.820560 2.833385 5.510961
v -23.379999 -5.546769 222.572968
vn -3.092525 2.415170 4.697509
v -23.480000 -5.559021 222.549149
vn -0.821125 3.605512 5.039592
v -23.379999 -6.867704 223.379135
vn -3.092838 3.073391 4.295861
v -23.480000 -6.883296 223.357330
vn -0.820784 4.300918 4.460971
v -23.379999 -8.057186 224.369019
vn -3.092690 3.666094 3.802510
v -23.480000 -8.075784 224.349731
vn -0.820761 4.904606 3.787218
v -23.379999 -9.089863 225.521561
vn -3.092763 4.180614 3.228150
v -23.480000 -9.111071 225.505188
vn -0.820750 5.403759 3.032754
v -23.379999 -9.943724 226.812164
vn -3.092627 4.606194 2.585112
v -23.480000 -9.967091 226.799057
vn -0.820794 5.787742 2.213629
v -23.379999 -10.600571 228.213348
vn -3.092686 4.933473 1.886886
v -23.480000 -10.625598 228.203781
vn -0.820867 6.048356 1.347328
v -23.379999 -11.046404 229.695236
vn -3.092727 5.155633 1.148474
v -23.480000 -11.072558 229.689407
vn -0.820839 6.180079 0.452327
v -23.379999 -11.271722 231.226242
vn -3.092707 5.267912 0.385561
v -23.480000 -11.298446 231.224289
vn -0.820839 6.180079 -0.452329
v -23.379999 -11.271722 232.773758
vn -3.092708 5.267913 -0.385561
v -23.480000 -11.298446 232.775711
vn -0.820868 6.048356 -1.347324
v -23.379999 -11.046404 234.304764
vn -3.092727 5.155635 -1.148473
v -23.480000 -11.072558 234.310593
vn -0.820796 5.787742 -2.213630
v -23.379999 -10.600571 235.786652
vn -3.092684 4.933474 -1.886886
v -23.480000 -10.625598 235.796219
vn -0.820751 5.403760 -3.032756
v -23.379999 -9.943724 237.187836
vn -3.092624 4.606190 -2.585119
v -23.480000 -9.967091 237.200943
vn -0.820760 4.904606 -3.787219
v -23.379999 -9.089863 238.478439
vn -3.092765 4.180621 -3.228143
v -23.480000 -9.111071 238.494812
vn -0.820776 4.300910 -4.460979
v -23.379999 -8.057186 239.630981
vn -3.092704 3.666085 -3.802509
v -23.480000 -8.075784 239.650269
vn -0.821130 3.605537 -5.039573
v -23.379999 -6.867704 240.620865
vn -3.092832 3.073400 -4.295858
v -23.480000 -6.883296 240.642670
vn -0.820567 2.833359 -5.510973
v -23.379999 -5.546769 241.427032
vn -3.092513 2.415158 -4.697524
v -23.480000 -5.559021 241.450851
vn -0.820832 2.000764 -5.864720
v -23.379999 -4.122532 242.032257
vn -3.092810 1.705436 -4.999006
v -23.480000 -4.131184 242.057617
vn -0.820908 1.125538 -6.093518
v -23.379999 -2.625351 242.423676
vn -3.092844 0.959397 -5.194059
v -23.480000 -2.630218 242.450027
vn -0.820894 0.226307 -6.192464
v -23.379999 -1.087133 242.592926
vn -3.092682 0.192904 -5.278536
v -23.480000 -1.088112 242.619705
vn -0.821050 -0.677721 -6.159391
v -23.379999 0.459335 242.536407
vn -3.092727 -0.577709 -5.250426
v -23.480000 0.462265 242.563049
vn -0.820865 -1.567317 -5.995117
v -23.379999 1.981094 242.255325
vn -3.092829 -1.335955 -5.110154
v -23.480000 1.987871 242.281250
vn -0.820772 -2.423537 -5.703036
v -23.379999 3.445710 241.755676
vn -3.092564 -2.065871 -4.861358
v -23.480000 3.456190 241.780334
vn -0.820853 -3.228073 -5.289376
v -23.379999 4.821968 241.048080
vn -3.092897 -2.751518 -4.508535
v -23.480000 4.835926 241.070953
vn -0.820909 -3.963791 -4.763001
v -23.379999 6.080534 240.147659
vn -3.092669 -3.378801 -4.060062
v -23.480000 6.097674 240.168259
vn -0.820882 -4.615057 -4.135108
v -23.379999 7.194585 239.073578
vn -3.092670 -3.933925 -3.524826
v -23.480000 7.214541 239.091461
vn -0.820843 -5.167962 -3.419085
v -23.379999 8.140377 237.848740
vn -3.092706 -4.405180 -2.914447
v -23.480000 8.162724 237.863525
vn -0.820951 -5.610692 -2.630170
v -23.379999 8.897751 236.499237
vn -3.092798 -4.782558 -2.241991
v -23.480000 8.922012 236.510620
vn -0.820839 -5.933878 -1.785233
v -23.379999 9.450566 235.053848
vn -3.092710 -5.058047 -1.521740
v -23.480000 9.476225 235.061569
vn -3.020755 0.377990 -3.112996
v -23.580000 1.228587 216.116653
vn -3.020767 -0.000000 -3.135861
v -23.580000 -0.700000 216.000000
vn -3.020755 -0.377990 -3.112996
v -23.580000 -2.628587 216.116653
vn -3.020772 0.750460 -3.044740
v -23.580000 3.129051 216.464935
vn -3.020755 1.111987 -2.932082
v -23.580000 4.973678 217.039734
vn -3.020763 1.457313 -2.776665
v -23.580000 6.735571 217.832703
vn -3.020761 1.781376 -2.580760
v -23.580000 8.389036 218.832260
vn -3.020769 2.079457 -2.347229
v -23.580000 9.909963 220.023834
vn -3.020755 2.347223 -2.079463
v -23.580000 11.276172 221.390030
vn -3.020766 2.580764 -1.781372
v -23.580000 12.467742 222.910965
vn -3.020758 2.776667 -1.457307
v -23.580000 13.467297 224.564423
vn -3.020765 2.932082 -1.111990
v -23.580000 14.260260 226.326324
vn -3.020761 3.044738 -0.750462
v -23.580000 14.835069 228.170944
vn -3.020762 3.112997 -0.377986
v -23.580000 15.183342 230.071411
vn -3.098456 3.138493 -0.121987
v -23.580000 15.300000 232.000000
vn -3.179072 3.139002 -0.113148
v -23.580000 15.314343 232.829773
vn -3.182908 3.131987 -0.236754
v -23.580000 15.356153 233.592239
vn -3.186875 3.118658 -0.372184
v -23.580000 15.423596 234.291733
vn -3.216238 3.089358 -0.558314
v -23.580000 15.514844 234.932556
vn -3.253242 3.021332 -0.842851
v -23.580000 15.761426 236.055466
vn -3.259388 2.904299 -1.183387
v -23.580000 16.081249 236.995483
vn -3.252783 2.750365 -1.508170
v -23.580000 16.459667 237.787140
vn -3.256950 2.561695 -1.809554
v -23.580000 16.882030 238.464951
vn -3.159287 2.439493 -1.979416
v -23.580000 17.799999 239.617111
vn -3.472284 1.006168 2.930845
v -23.580000 15.154551 244.922455
vn -3.472294 0.000000 3.098743
v -23.580000 15.803949 244.814087
vn -3.472291 1.903296 2.445338
v -23.580000 14.575523 245.235809
vn -3.472279 2.594170 1.694850
v -23.580000 14.129616 245.720200
vn -3.472289 3.003924 0.760700
v -23.580000 13.865149 246.323120
vn -3.472288 3.088162 -0.255894
v -23.580000 13.810781 246.979248
vn -3.756269 -2.018263 1.790065
v -23.580000 11.932728 251.310150
vn -3.756303 2.018261 1.790073
v -23.580000 -13.332728 251.310150
vn -3.472288 -3.088162 -0.255894
v -23.580000 -15.210780 246.979248
vn -3.472281 -2.837753 -1.244747
v -23.580000 -15.372402 247.617477
vn -3.472291 -3.003922 0.760702
v -23.580000 -15.265148 246.323120
vn -3.472277 -2.594170 1.694852
v -23.580000 -15.529616 245.720200
vn -3.472291 -1.903297 2.445338
v -23.580000 -15.975524 245.235809
vn -3.472284 -1.006169 2.930845
v -23.580000 -16.554550 244.922455
vn -3.159287 -2.439493 -1.979416
v -23.580000 -19.200001 239.617111
vn -3.256949 -2.561695 -1.809554
v -23.580000 -18.282032 238.464951
vn -3.252782 -2.750365 -1.508170
v -23.580000 -17.859669 237.787140
vn -3.259386 -2.904298 -1.183389
v -23.580000 -17.481251 236.995483
vn -3.253242 -3.021331 -0.842853
v -23.580000 -17.161427 236.055466
vn -3.216237 -3.089358 -0.558314
v -23.580000 -16.914845 234.932556
vn -3.186874 -3.118658 -0.372185
v -23.580000 -16.823597 234.291733
vn -3.182908 -3.131986 -0.236754
v -23.580000 -16.756153 233.592239
vn -3.179072 -3.139002 -0.113149
v -23.580000 -16.714344 232.829773
vn -3.098456 -3.138493 -0.121988
v -23.580000 -16.700001 232.000000
vn -3.020763 -3.112997 -0.377986
v -23.580000 -16.583342 230.071411
vn -3.020761 -3.044739 -0.750462
v -23.580000 -16.235069 228.170944
vn -3.020765 -2.932082 -1.111991
v -23.580000 -15.660260 226.326324
vn -3.020758 -2.776667 -1.457308
v -23.580000 -14.867296 224.564423
vn -3.020767 -2.580764 -1.781371
v -23.580000 -13.867742 222.910965
vn -3.020754 -2.347223 -2.079463
v -23.580000 -12.676172 221.390030
vn -3.020769 -2.079457 -2.347230
v -23.580000 -11.309962 220.023834
vn -3.020761 -1.781376 -2.580760
v -23.580000 -9.789036 218.832260
vn -3.020763 -1.457313 -2.776664
v -23.580000 -8.135571 217.832703
vn -3.020754 -1.111988 -2.932082
v -23.580000 -6.373678 217.039734
vn -3.020772 -0.750460 -3.044740
v -23.580000 -4.529051 216.464935
vn -2.391102 2.093222 1.842379
v -23.580000 -13.373015 251.463943
vn -3.138824 3.037984 0.800150
v -23.580000 -13.359450 251.412720
vn -3.882638 0.711765 2.968605
v -23.580000 -14.275772 251.676727
vn -3.138973 3.040111 0.792031
v -23.580000 -13.346022 251.361450
vn -3.138955 -3.040104 0.792057
v -23.580000 11.946021 251.361450
vn -3.882641 -0.711764 2.968605
v -23.580000 12.875772 251.676727
vn -3.472291 1.474847 -2.725260
v -23.580000 14.852055 248.573044
vn -3.472287 2.279831 -2.098712
v -23.580000 14.332501 248.168655
vn -3.138858 -3.037984 0.800150
v -23.580000 11.959451 251.412720
vn -2.391084 -2.093229 1.842353
v -23.580000 11.973015 251.463943
vn -4.538077 -0.518206 2.765506
v -23.580000 14.707473 252.024933
vn -3.472288 0.510038 -3.056482
v -23.580000 15.474760 248.786819
vn -3.472287 -0.510038 -3.056482
v -23.580000 16.133139 248.786819
vn -4.814644 -0.356255 2.633828
v -23.580000 16.557243 252.294647
vn -3.472291 -1.474848 -2.725259
v -23.580000 16.755844 248.573044
vn -4.724749 -0.253684 2.701398
v -23.580000 18.428482 252.492310
vn -3.472285 -2.279831 -2.098713
v -23.580000 17.275396 248.168655
vn -2.365711 2.033428 1.351905
v -23.580000 20.299999 252.627960
vn -3.122473 3.141304 -0.030032
v -23.580000 20.299999 246.576157
vn -3.100012 3.138414 -0.125322
v -23.580000 20.285656 245.826080
vn -3.472291 -3.003923 0.760697
v -23.580000 17.742750 246.323120
vn -3.472284 -3.088162 -0.255894
v -23.580000 17.797117 246.979248
vn -3.472284 -2.837752 -1.244746
v -23.580000 17.635496 247.617477
vn -3.472278 -2.594171 1.694850
v -23.580000 17.478283 245.720200
vn -3.071530 3.125289 -0.300108
v -23.580000 20.243847 245.138153
vn -3.032853 3.083346 -0.577442
v -23.580000 20.085155 243.931503
vn -3.472291 -1.903296 2.445338
v -23.580000 17.032375 245.235809
vn -3.020235 2.995584 -0.927239
v -23.580000 19.838573 242.921707
vn -3.472283 -1.006168 2.930845
v -23.580000 16.453348 244.922455
vn -3.018369 2.859940 -1.285662
v -23.580000 19.518749 242.074234
vn -3.032431 2.692710 -1.609208
v -23.580000 19.140331 241.354553
vn -3.044309 2.513336 -1.878673
v -23.580000 18.717968 240.728149
vn -3.472294 0.000000 3.098743
v -23.580000 -17.203949 244.814087
vn -3.044309 -2.513337 -1.878674
v -23.580000 -20.117970 240.728149
vn -3.032431 -2.692708 -1.609207
v -23.580000 -20.540333 241.354553
vn -3.472284 1.006168 2.930845
v -23.580000 -17.853348 244.922455
vn -3.018369 -2.859939 -1.285661
v -23.580000 -20.918751 242.074234
vn -3.020235 -2.995586 -0.927240
v -23.580000 -21.238575 242.921707
vn -3.472291 1.903296 2.445338
v -23.580000 -18.432375 245.235809
vn -3.032853 -3.083345 -0.577442
v -23.580000 -21.485157 243.931503
vn -3.472278 2.594170 1.694850
v -23.580000 -18.878283 245.720200
vn -3.071530 -3.125290 -0.300108
v -23.580000 -21.643848 245.138153
vn -3.100012 -3.138412 -0.125322
v -23.580000 -21.685658 245.826080
vn -3.472288 3.003923 0.760702
v -23.580000 -19.142750 246.323120
vn -3.122474 -3.141305 -0.030032
v -23.580000 -21.700001 246.576157
vn -3.472290 3.088161 -0.255894
v -23.580000 -19.197119 246.979248
vn -3.472279 2.837753 -1.244747
v -23.580000 -19.035496 247.617477
vn -3.472289 2.279831 -2.098711
v -23.580000 -18.675398 248.168655
vn -2.365712 -2.033429 1.351905
v -23.580000 -21.700001 252.627960
vn -4.724748 0.253684 2.701398
v -23.580000 -19.828482 252.492310
vn -3.472290 1.474846 -2.725261
v -23.580000 -18.155844 248.573044
vn -4.531466 0.334503 2.797381
v -23.580000 -17.957243 252.294647
vn -3.472287 0.510038 -3.056482
v -23.580000 -17.533138 248.786819
vn -4.538076 0.518206 2.765505
v -23.580000 -16.107473 252.024933
vn -3.472287 -0.510038 -3.056482
v -23.580000 -16.874760 248.786819
vn -3.472290 -1.474847 -2.725260
v -23.580000 -16.252054 248.573044
vn -3.472281 2.837753 -1.244747
v -23.580000 13.972403 247.617477
vn -3.472287 -2.279831 -2.098713
v -23.580000 -15.732501 248.168655
vn -2.995473 -3.099823 0.456198
v -22.180000 9.787040 230.456635
vn -2.995472 -3.133212 -0.000000
v -22.180000 9.900000 232.000000
vn -2.995473 -3.099823 -0.456198
v -22.180000 9.787040 233.543365
vn -2.995471 -3.000365 -0.902676
v -22.180000 9.450566 235.053848
vn -2.995471 -3.000365 0.902675
v -22.180000 9.450566 228.946152
vn -2.995475 -2.836962 1.329911
v -22.180000 8.897751 227.500763
vn -2.995469 -2.613092 1.728804
v -22.180000 8.140377 226.151260
vn -2.995474 -2.333528 2.090852
v -22.180000 7.194585 224.926422
vn -2.995469 -2.004228 2.408337
v -22.180000 6.080534 223.852341
vn -2.995483 -1.632223 2.674485
v -22.180000 4.821968 222.951920
vn -2.995459 -1.225417 2.883637
v -22.180000 3.445710 222.244324
vn -2.995476 -0.792485 3.031334
v -22.180000 1.981094 221.744675
vn -2.995473 -0.342683 3.114416
v -22.180000 0.459335 221.463593
vn -2.995472 0.114429 3.131122
v -22.180000 -1.087133 221.407074
vn -2.995469 0.569109 3.081092
v -22.180000 -2.625351 221.576324
vn -2.995481 1.011648 2.965399
v -22.180000 -4.122532 221.967743
vn -2.995459 1.432637 2.786496
v -22.180000 -5.546769 222.572968
vn -2.995484 1.823090 2.548209
v -22.180000 -6.867704 223.379135
vn -2.995464 2.174678 2.255612
v -22.180000 -8.057186 224.369019
vn -2.995478 2.479926 1.914937
v -22.180000 -9.089863 225.521561
vn -2.995469 2.732313 1.533453
v -22.180000 -9.943724 226.812164
vn -2.995472 2.926471 1.119279
v -22.180000 -10.600571 228.213348
vn -2.995473 3.058252 0.681255
v -22.180000 -11.046404 229.695236
vn -2.995471 3.124853 0.228710
v -22.180000 -11.271722 231.226242
vn -2.995472 3.124853 -0.228710
v -22.180000 -11.271722 232.773758
vn -2.995473 3.058252 -0.681255
v -22.180000 -11.046404 234.304764
vn -2.995472 2.926471 -1.119279
v -22.180000 -10.600571 235.786652
vn -2.995469 2.732313 -1.533453
v -22.180000 -9.943724 237.187836
vn -2.995478 2.479926 -1.914937
v -22.180000 -9.089863 238.478439
vn -2.995464 2.174678 -2.255613
v -22.180000 -8.057186 239.630981
vn -2.995484 1.823090 -2.548209
v -22.180000 -6.867704 240.620865
vn -2.995459 1.432637 -2.786496
v -22.180000 -5.546769 241.427032
vn -2.995481 1.011648 -2.965399
v -22.180000 -4.122532 242.032257
vn -2.995469 0.569109 -3.081092
v -22.180000 -2.625351 242.423676
vn -2.995472 0.114429 -3.131122
v -22.180000 -1.087133 242.592926
vn -2.995473 -0.342683 -3.114416
v -22.180000 0.459335 242.536407
vn -2.995476 -0.792485 -3.031334
v -22.180000 1.981094 242.255325
vn -2.995460 -1.225416 -2.883637
v -22.180000 3.445710 241.755676
vn -2.995483 -1.632223 -2.674486
v -22.180000 4.821968 241.048080
vn -2.995469 -2.004228 -2.408337
v -22.180000 6.080534 240.147659
vn -2.995474 -2.333529 -2.090852
v -22.180000 7.194585 239.073578
vn -2.995469 -2.613092 -1.728804
v -22.180000 8.140377 237.848740
vn -2.995475 -2.836962 -1.329911
v -22.180000 8.897751 236.499237
vn 2.376266 -1.350712 3.098091
v -18.180000 12.800000 252.932831
vn 6.253003 -0.306447 -0.196350
v -18.180000 12.800000 242.318909
vn 5.693555 -2.357988 0.000512
v -18.103880 13.182683 247.968002
vn 2.846681 -1.179137 -3.534293
v -18.103880 13.182683 242.318909
vn 4.357701 -4.357551 0.000857
v -17.887106 13.507107 247.968002
vn 2.178760 -2.178755 -3.534281
v -17.887106 13.507107 242.318909
vn 2.358706 -5.693278 0.000328
v -17.562815 13.723825 247.968002
vn 1.179133 -2.846685 -3.534285
v -17.562683 13.723880 242.318909
vn -0.890180 -4.524034 2.776436
v -17.180000 13.800000 253.617111
vn 0.306447 -3.111411 -3.337942
v -17.180000 13.800000 242.318909
vn -0.042583 -4.210183 3.054025
v -17.562941 13.723773 253.446487
vn 1.110616 -3.521094 3.137468
v -17.882641 13.511545 253.259476
vn 1.955276 -2.463864 3.214780
v -18.100306 13.191204 253.081802
vn -1.242774 -4.844322 2.326821
v -16.419428 13.800000 253.939041
vn 1.179119 -3.534276 2.846695
v -12.554025 13.800000 253.880676
vn 2.178751 -3.534320 2.178752
v -13.040660 13.800000 254.205826
vn -0.000000 -3.534295 3.081228
v -11.980000 13.800000 253.766495
vn -4.712378 -1.570797 -1.570796
v -5.790000 13.800000 242.318909
vn -1.179120 -3.534278 2.846694
v -11.405974 13.800000 253.880676
vn 1.333878 -4.954598 2.189686
v -7.888674 13.800000 254.121796
vn -2.178752 -3.534318 2.178752
v -10.919340 13.800000 254.205826
vn 1.495424 -5.208422 1.829051
v -8.259955 13.800000 254.363693
vn 1.631401 -5.471880 1.320628
v -8.553101 13.800000 254.626678
vn 1.058833 -4.592649 2.576563
v -6.949191 13.800000 253.682236
vn 1.190239 -4.763668 2.411828
v -7.450649 13.800000 253.896439
vn -2.846694 -3.534276 1.179123
v -10.594181 13.800000 254.692474
vn 1.693770 -5.687830 0.671791
v -8.755086 13.800000 254.922974
vn -3.081226 -3.534297 0.000000
v -10.480000 13.800000 255.266495
vn 1.862921 -5.650306 0.317193
v -8.833448 13.800000 255.266495
vn 1.959954 -5.530869 0.526370
v -8.940664 13.800000 256.080872
vn -2.846681 -3.534290 -1.179142
v -10.594181 13.800000 255.840515
vn 1.758294 -5.530111 1.015051
v -9.255006 13.800000 256.839783
vn 1.435735 -5.530932 1.434172
v -9.755052 13.800000 257.491455
vn -2.178767 -3.534281 -2.178752
v -10.919340 13.800000 256.327148
vn 1.014167 -5.531743 1.756683
v -10.406724 13.800000 257.991486
vn -1.179109 -3.534325 -2.846684
v -11.405974 13.800000 256.652313
vn 0.524135 -5.530894 1.960524
v -11.165612 13.800000 258.305817
vn 0.000000 -3.534243 -3.081243
v -11.980000 13.800000 256.766479
vn 0.000044 -5.530095 2.030269
v -11.980000 13.800000 258.413055
vn -0.524151 -5.530937 1.960469
v -12.794388 13.800000 258.305817
vn 1.179108 -3.534324 -2.846684
v -12.554025 13.800000 256.652313
vn -1.014192 -5.531741 1.756667
v -13.553276 13.800000 257.991486
vn 2.178766 -3.534282 -2.178752
v -13.040660 13.800000 256.327148
vn -1.435791 -5.530889 1.434186
v -14.204948 13.800000 257.491455
vn 2.846682 -3.534292 -1.179139
v -13.365819 13.800000 255.840515
vn -1.758247 -5.530113 1.015128
v -14.704994 13.800000 256.839783
vn -1.959912 -5.530913 0.526327
v -15.019336 13.800000 256.080872
vn 3.081227 -3.534295 0.000000
v -13.480000 13.800000 255.266495
vn -1.883462 -5.639554 0.284701
v -15.126552 13.800000 255.266495
vn -1.729318 -5.694328 0.560608
v -15.176123 13.800000 254.992294
vn 2.846694 -3.534277 1.179120
v -13.365819 13.800000 254.692474
vn -1.680273 -5.546860 1.109271
v -15.310329 13.800000 254.745270
vn -1.581131 -5.356399 1.564520
v -15.511099 13.800000 254.521225
vn -1.434857 -5.140363 1.949029
v -15.769745 13.800000 254.312927
vn -0.891899 4.527098 2.774067
v -17.180000 -15.200000 253.617111
vn 0.306452 3.111411 -3.337949
v -17.180000 -15.200000 242.318909
vn 2.358488 5.693322 0.000342
v -17.562815 -15.123825 247.968002
vn 1.179128 2.846686 -3.534293
v -17.562683 -15.123879 242.318909
vn 2.178759 2.178756 -3.534280
v -17.887106 -14.907106 242.318909
vn 2.846681 1.179139 -3.534295
v -18.103880 -14.582684 242.318909
vn 5.693553 2.357990 0.000512
v -18.103880 -14.582684 247.968002
vn 4.357698 4.357554 0.000857
v -17.887106 -14.907106 247.968002
vn 1.110592 3.521111 3.137450
v -17.882641 -14.911545 253.259476
vn -0.042584 4.210178 3.054030
v -17.562943 -15.123773 253.446487
vn 6.253004 0.306447 -0.196349
v -18.180000 -14.200000 242.318909
vn 2.376264 1.350684 3.098099
v -18.180000 -14.200000 252.932831
vn 1.955397 2.463904 3.214797
v -18.100306 -14.591204 253.081787
vn 3.067211 -3.089259 0.558925
v -18.180000 11.617113 249.866669
vn 5.390913 -1.044881 1.559939
v -18.180000 11.404586 248.361938
vn 6.253002 0.306447 -0.196349
v -18.180000 7.800000 242.318909
vn 4.639246 0.308188 2.956456
v -18.180000 7.800000 248.361938
vn 1.776108 -1.721527 1.986327
v -18.180000 12.381197 252.806091
vn 3.074551 -3.040321 0.783222
v -18.180000 11.943278 251.350906
vn 3.536575 -0.602147 -3.021597
v -18.180000 4.376440 242.318909
vn 3.317305 2.177408 2.247779
v -18.180000 4.518311 237.386948
vn 3.317301 2.536811 1.832542
v -18.180000 5.379644 236.391800
vn 3.317308 2.818095 1.360868
v -18.180000 6.053755 235.261414
vn 3.019823 -1.007531 -2.969030
v -18.180000 2.989104 242.892227
vn 3.317307 1.270579 2.859938
v -18.180000 2.345026 238.854034
vn 3.317300 1.750955 2.593796
v -18.180000 3.496280 238.216202
vn 3.024151 -0.611583 -3.075301
v -18.180000 1.538909 243.279953
vn 3.269423 -0.254115 -3.123093
v -18.180000 -0.095038 239.689209
vn 3.026736 -0.205192 -3.128917
v -18.180000 0.050566 243.475479
vn 3.026736 0.205192 -3.128917
v -18.180000 -1.450566 243.475479
vn 3.268907 0.253570 -3.123176
v -18.180000 -1.304962 239.689209
vn 3.024151 0.611583 -3.075301
v -18.180000 -2.938909 243.279953
vn 3.019823 1.007531 -2.969030
v -18.180000 -4.389104 242.892227
vn 3.317308 -1.270579 2.859938
v -18.180000 -3.745026 238.854034
vn 3.536575 0.602147 -3.021598
v -18.180000 -5.776440 242.318909
vn 3.317300 -1.750955 2.593796
v -18.180000 -4.896280 238.216202
vn 3.317305 -2.177409 2.247779
v -18.180000 -5.918311 237.386948
vn 6.253002 -0.306447 -0.196350
v -18.180000 -9.200000 242.318909
vn 3.317300 -2.536811 1.832542
v -18.180000 -6.779644 236.391800
vn 3.317308 -2.818094 1.360868
v -18.180000 -7.453755 235.261414
vn 3.253092 -3.021717 -0.841522
v -18.180000 -17.160295 236.051407
vn 3.259255 -2.905037 -1.181610
v -18.180000 -17.479395 236.990936
vn 3.252745 -2.751452 -1.506193
v -18.180000 -17.857010 237.782318
vn 3.257169 -2.562793 -1.807958
v -18.180000 -18.278551 238.459930
vn 3.091030 2.768759 -1.482318
v -18.180000 -18.332100 241.439758
vn 3.091022 2.840144 -1.340477
v -18.180000 -18.786694 240.536484
vn 4.639245 -0.308188 2.956453
v -18.180000 -9.200000 248.361938
vn 5.390897 1.044879 1.559958
v -18.180000 -12.804585 248.361938
vn 3.067392 3.089291 0.558793
v -18.180000 -13.017114 249.866669
vn 3.074697 3.040294 0.783344
v -18.180000 -13.343278 251.350906
vn 1.776108 1.721527 1.986327
v -18.180000 -13.781197 252.806091
vn 2.087621 1.365639 -2.346963
v -18.180000 -17.832432 242.318909
vn 2.053547 -2.170686 -3.664761
v -18.180000 -19.195051 239.611374
vn 3.216123 -3.089521 -0.557450
v -18.180000 -16.914303 234.929321
vn 3.317302 -3.012595 0.847287
v -18.180000 -7.919885 234.030579
vn 3.186810 -3.118727 -0.371621
v -18.180000 -16.823280 234.289078
vn 3.182853 -3.132014 -0.236409
v -18.180000 -16.756008 233.590317
vn 3.317305 -3.114320 0.307618
v -18.180000 -8.163679 232.737228
vn 3.179029 -3.139009 -0.112989
v -18.180000 -16.714306 232.828720
vn 3.098437 -3.138493 -0.121954
v -18.180000 -16.700001 232.000000
vn 3.317303 -3.120142 -0.241529
v -18.180000 -8.177629 231.421158
vn 3.020763 -3.112997 -0.377986
v -18.180000 -16.583342 230.071411
vn 3.317303 -3.029879 -0.783235
v -18.180000 -7.961308 230.122925
vn 3.020761 -3.044738 -0.750461
v -18.180000 -16.235069 228.170944
vn 3.020766 -2.932082 -1.111991
v -18.180000 -15.660260 226.326324
vn 3.317305 -2.846309 -1.300824
v -18.180000 -7.521375 228.882492
vn 3.020758 -2.776667 -1.457308
v -18.180000 -14.867296 224.564423
vn 3.317301 -2.575089 -1.778352
v -18.180000 -6.871378 227.738068
vn 3.020767 -2.580764 -1.781371
v -18.180000 -13.867742 222.910965
vn 3.020754 -2.347223 -2.079463
v -18.180000 -12.676172 221.390030
vn 3.317302 -2.224573 -2.201113
v -18.180000 -6.031334 226.724884
vn 3.020770 -2.079457 -2.347230
v -18.180000 -11.309962 220.023834
vn 3.317303 -1.805550 -2.556092
v -18.180000 -5.027112 225.874146
vn 3.020762 -1.781376 -2.580760
v -18.180000 -9.789036 218.832260
vn 3.020763 -1.457313 -2.776664
v -18.180000 -8.135571 217.832703
vn 3.317311 -1.330913 -2.832364
v -18.180000 -3.889638 225.212051
vn 3.020754 -1.111988 -2.932082
v -18.180000 -6.373678 217.039734
vn 3.317297 -0.815300 -3.021409
v -18.180000 -2.653939 224.759003
vn 3.020772 -0.750460 -3.044740
v -18.180000 -4.529051 216.464935
vn 3.020756 -0.377990 -3.112996
v -18.180000 -2.628587 216.116653
vn 3.317304 -0.274589 -3.117406
v -18.180000 -1.358068 224.528931
vn 3.020766 0.000000 -3.135861
v -18.180000 -0.700000 216.000000
vn 3.317304 0.274589 -3.117406
v -18.180000 -0.041932 224.528931
vn 3.020756 0.377990 -3.112996
v -18.180000 1.228587 216.116653
vn 3.317297 0.815300 -3.021409
v -18.180000 1.253938 224.759003
vn 3.020772 0.750460 -3.044740
v -18.180000 3.129051 216.464935
vn 3.020754 1.111987 -2.932082
v -18.180000 4.973678 217.039734
vn 3.317311 1.330913 -2.832363
v -18.180000 2.489638 225.212051
vn 3.020763 1.457313 -2.776665
v -18.180000 6.735571 217.832703
vn 3.317303 1.805550 -2.556093
v -18.180000 3.627112 225.874146
vn 3.020762 1.781376 -2.580760
v -18.180000 8.389036 218.832260
vn 3.020768 2.079457 -2.347229
v -18.180000 9.909963 220.023834
vn 3.317302 2.224573 -2.201113
v -18.180000 4.631334 226.724884
vn 3.020755 2.347223 -2.079463
v -18.180000 11.276172 221.390030
vn 3.317301 2.575089 -1.778352
v -18.180000 5.471378 227.738068
vn 3.020767 2.580764 -1.781372
v -18.180000 12.467742 222.910965
vn 3.020757 2.776667 -1.457307
v -18.180000 13.467297 224.564423
vn 3.317305 2.846309 -1.300824
v -18.180000 6.121375 228.882492
vn 3.020766 2.932082 -1.111990
v -18.180000 14.260260 226.326324
vn 3.317302 3.029878 -0.783235
v -18.180000 6.561308 230.122925
vn 3.020761 3.044738 -0.750462
v -18.180000 14.835069 228.170944
vn 3.020762 3.112997 -0.377986
v -18.180000 15.183342 230.071411
vn 3.317304 3.120142 -0.241529
v -18.180000 6.777630 231.421158
vn 3.098438 3.138493 -0.121955
v -18.180000 15.300000 232.000000
vn 3.317304 3.114320 0.307618
v -18.180000 6.763679 232.737228
vn 3.179026 3.139009 -0.112989
v -18.180000 15.314306 232.828720
vn 3.182856 3.132014 -0.236409
v -18.180000 15.356008 233.590317
vn 3.317302 3.012595 0.847287
v -18.180000 6.519885 234.030579
vn 3.186807 3.118727 -0.371621
v -18.180000 15.423281 234.289078
vn 3.216124 3.089521 -0.557448
v -18.180000 15.514302 234.929321
vn 3.253093 3.021717 -0.841523
v -18.180000 15.760295 236.051407
vn 3.259253 2.905037 -1.181611
v -18.180000 16.079395 236.990936
vn 3.252744 2.751452 -1.506193
v -18.180000 16.457010 237.782318
vn 3.257167 2.562794 -1.807957
v -18.180000 16.878551 238.459930
vn 3.091030 -2.768760 -1.482318
v -18.180000 16.932100 241.439758
vn 2.087621 -1.365639 -2.346963
v -18.180000 16.432432 242.318909
vn 2.053549 2.170686 -3.664757
v -18.180000 17.795050 239.611374
vn 3.091020 -2.840145 -1.340474
v -18.180000 17.386694 240.536484
vn 2.847295 -1.178216 -3.532651
v -18.103880 -8.817317 242.318909
vn 4.449148 -1.083371 3.114470
v -18.088707 -8.782688 248.309341
vn 2.179358 -2.178860 -3.530437
v -17.887106 -8.492893 242.318909
vn 3.956797 -2.017677 2.996596
v -17.850121 -8.457898 248.164139
vn 1.179129 -2.847250 -3.530232
v -17.562683 -8.276120 242.318909
vn 3.215780 -2.701823 2.845882
v -17.525751 -8.261705 247.947678
vn 0.305241 -3.111650 -3.336084
v -17.180000 -8.200000 242.318909
vn 2.469710 -3.004204 2.533755
v -17.180000 -8.200000 247.690369
vn 2.300516 -3.009147 2.127670
v -16.253115 -8.200000 246.834320
vn 2.606886 -3.012440 1.739249
v -15.472349 -8.200000 245.843185
vn 2.853693 -3.003607 1.292956
v -14.857122 -8.200000 244.741638
vn 3.014930 -2.993222 0.849478
v -14.422738 -8.200000 243.557053
vn 1.542696 -1.386726 -1.275098
v -14.180000 -8.200000 242.318909
vn 2.469707 3.004205 2.533754
v -17.180000 6.800000 247.690369
vn 0.305241 3.111650 -3.336084
v -17.180000 6.800000 242.318909
vn 3.215779 2.701823 2.845883
v -17.525751 6.861705 247.947678
vn 1.179128 2.847250 -3.530231
v -17.562683 6.876121 242.318909
vn 3.956796 2.017677 2.996596
v -17.850121 7.057898 248.164139
vn 2.179357 2.178862 -3.530437
v -17.887106 7.092893 242.318909
vn 4.449148 1.083370 3.114470
v -18.088707 7.382688 248.309341
vn 2.847294 1.178216 -3.532652
v -18.103880 7.417316 242.318909
vn 2.300517 3.009147 2.127671
v -16.253115 6.800000 246.834320
vn 2.606886 3.012440 1.739249
v -15.472349 6.800000 245.843185
vn 2.853694 3.003607 1.292957
v -14.857122 6.800000 244.741638
vn 3.014929 2.993222 0.849477
v -14.422738 6.800000 243.557053
vn 1.542696 1.386726 -1.275099
v -14.180000 6.800000 242.318909
vn -1.244618 4.847945 2.323190
v -16.402033 -15.200000 253.947510
vn 1.179119 3.534276 2.846695
v -12.554025 -15.200000 253.880676
vn 0.000000 3.534295 3.081227
v -11.980000 -15.200000 253.766495
vn 2.178750 3.534318 2.178752
v -13.040660 -15.200000 254.205826
vn -1.468471 5.243719 1.805502
v -15.774414 -15.200000 254.309631
vn -1.631506 5.552704 1.158063
v -15.318419 -15.200000 254.734207
vn 2.846694 3.534278 1.179120
v -13.365819 -15.200000 254.692474
vn -1.713914 5.704832 0.559370
v -15.178425 -15.200000 254.986084
vn 3.081227 3.534295 -0.000000
v -13.480000 -15.200000 255.266495
vn -1.871705 5.647115 0.295015
v -15.126552 -15.200000 255.266495
vn -1.959912 5.530913 0.526327
v -15.019336 -15.200000 256.080872
vn 2.846682 3.534292 -1.179139
v -13.365819 -15.200000 255.840515
vn -1.758247 5.530113 1.015128
v -14.704994 -15.200000 256.839783
vn -1.435791 5.530889 1.434186
v -14.204948 -15.200000 257.491455
vn 2.178766 3.534282 -2.178752
v -13.040660 -15.200000 256.327148
vn -1.014192 5.531741 1.756668
v -13.553276 -15.200000 257.991486
vn 1.179108 3.534324 -2.846684
v -12.554025 -15.200000 256.652313
vn -0.524151 5.530937 1.960469
v -12.794388 -15.200000 258.305817
vn -0.000000 3.534243 -3.081243
v -11.980000 -15.200000 256.766479
vn 0.000044 5.530096 2.030269
v -11.980000 -15.200000 258.413055
vn 0.524135 5.530894 1.960524
v -11.165612 -15.200000 258.305817
vn -1.179109 3.534325 -2.846683
v -11.405974 -15.200000 256.652313
vn 1.014167 5.531742 1.756683
v -10.406724 -15.200000 257.991486
vn -2.178767 3.534281 -2.178752
v -10.919340 -15.200000 256.327148
vn 1.435735 5.530932 1.434172
v -9.755052 -15.200000 257.491455
vn -2.846681 3.534290 -1.179141
v -10.594181 -15.200000 255.840515
vn 1.758294 5.530111 1.015051
v -9.255006 -15.200000 256.839783
vn 1.959954 5.530868 0.526370
v -8.940664 -15.200000 256.080872
vn -3.081226 3.534298 0.000000
v -10.480000 -15.200000 255.266495
vn 1.861940 5.650790 0.318768
v -8.833448 -15.200000 255.266495
vn 1.692964 5.686951 0.676780
v -8.753405 -15.200000 254.919373
vn -2.846694 3.534276 1.179122
v -10.594181 -15.200000 254.692474
vn 1.630446 5.468452 1.327959
v -8.549941 -15.200000 254.623215
vn -2.178752 3.534316 2.178751
v -10.919340 -15.200000 254.205826
vn 1.493602 5.205113 1.834275
v -8.256794 -15.200000 254.361359
vn 1.313200 4.951128 2.203478
v -7.877416 -15.200000 254.115356
vn 1.098027 4.640654 2.531373
v -6.915552 -15.200000 253.668976
vn -4.712377 1.570795 -1.570796
v -5.790000 -15.200000 242.318909
vn -1.179120 3.534277 2.846694
v -11.405974 -15.200000 253.880676
vn 2.413135 2.448144 1.261254
v -5.790000 -15.200000 253.281982
vn 0.773653 4.185288 2.858836
v -5.790000 -15.200000 253.278900
vn -3.820216 -4.926593 0.677526
v -18.553276 16.450001 255.266495
vn -4.925272 -2.388810 0.741694
v -21.868380 19.100000 256.756439
vn -4.758557 -2.389390 1.468508
v -21.536009 19.100000 258.213135
vn -4.487801 -2.389314 2.158998
v -20.990309 19.100000 259.604034
vn -4.114563 -2.389305 2.805665
v -20.243460 19.100000 260.898132
vn -3.652185 -2.389406 3.385559
v -19.312138 19.100000 262.066467
vn -3.106252 -2.388801 3.893517
v -18.217131 19.100000 263.083038
vn -2.491606 -2.389105 4.312326
v -16.982887 19.100000 263.925079
vn -1.821876 -2.388827 4.635666
v -15.636956 19.100000 264.573822
vn -1.109141 -2.389364 4.854894
v -14.209388 19.100000 265.014832
vn -0.375772 -2.389322 4.965949
v -12.732049 19.100000 265.238159
vn 0.370841 -2.389309 4.966259
v -11.237923 19.100000 265.238922
vn 1.104272 -2.389410 4.856021
v -9.760362 19.100000 265.017029
vn 1.817202 -2.388816 4.637471
v -8.332353 19.100000 264.577484
vn 2.487285 -2.389103 4.314816
v -6.985775 19.100000 263.930084
vn 3.102396 -2.388801 3.896610
v -5.750688 19.100000 263.089264
vn 3.648798 -2.389385 3.389233
v -4.654665 19.100000 262.073792
vn 4.111801 -2.389292 2.809776
v -3.722175 19.100000 260.906372
vn 4.485617 -2.389333 2.163463
v -2.974034 19.100000 259.613037
vn 4.757056 -2.389404 1.473291
v -2.426943 19.100000 258.222687
vn 4.924568 -2.388776 0.746651
v -2.093116 19.100000 256.766327
vn 2.489567 -1.193895 -2.040053
v -1.980005 19.100000 255.276489
vn -5.104708 -2.390960 0.410635
v -21.980000 19.100000 255.266495
vn 3.714025 -4.802730 1.447829
v -7.649202 14.671210 254.971100
vn 3.436923 -4.445390 2.739888
v -7.602295 14.576939 254.689301
vn 3.046437 -3.976454 3.755674
v -7.526272 14.424150 254.420319
vn 2.684822 -3.491544 4.460601
v -7.422898 14.216393 254.163376
vn 2.708911 -0.588255 -2.563958
v -14.180000 4.376440 242.318909
vn 4.317908 1.358834 2.573784
v -5.790000 -16.010387 253.632919
vn 4.647395 1.691738 2.166130
v -5.790000 -16.723289 254.045074
vn 2.749743 3.575653 4.365086
v -7.422898 -15.616393 254.163376
vn 3.050752 3.975857 3.753330
v -7.526272 -15.824151 254.420319
vn 3.436552 4.445672 2.739978
v -7.602295 -15.976938 254.689301
vn 3.713905 4.802896 1.447658
v -7.649202 -16.071211 254.971100
vn 5.167409 2.385354 0.214537
v -5.790000 -17.553600 255.266495
vn 5.187952 2.234076 0.775009
v -5.790000 -17.483049 254.896210
vn 4.994177 2.023667 1.502500
v -5.790000 -17.293694 254.566452
vn 4.924568 2.388776 0.746651
v -2.093116 -20.500000 256.766327
vn 4.451574 3.724961 -0.764858
v -5.790000 -17.553606 255.276489
vn 4.485617 2.389333 2.163463
v -2.974034 -20.500000 259.613037
vn 4.757056 2.389405 1.473290
v -2.426943 -20.500000 258.222687
vn 4.111801 2.389292 2.809776
v -3.722175 -20.500000 260.906372
vn 3.648798 2.389385 3.389233
v -4.654665 -20.500000 262.073792
vn 3.102396 2.388801 3.896611
v -5.750688 -20.500000 263.089264
vn 2.487285 2.389103 4.314816
v -6.985775 -20.500000 263.930084
vn 1.817202 2.388816 4.637472
v -8.332353 -20.500000 264.577484
vn 1.104272 2.389410 4.856021
v -9.760362 -20.500000 265.017029
vn 0.370841 2.389309 4.966259
v -11.237923 -20.500000 265.238922
vn -0.375772 2.389322 4.965950
v -12.732049 -20.500000 265.238159
vn -1.109141 2.389364 4.854894
v -14.209388 -20.500000 265.014832
vn -1.821876 2.388826 4.635666
v -15.636956 -20.500000 264.573822
vn -2.491606 2.389105 4.312326
v -16.982887 -20.500000 263.925079
vn -3.106253 2.388801 3.893517
v -18.217131 -20.500000 263.083038
vn -3.652186 2.389406 3.385559
v -19.312138 -20.500000 262.066467
vn -4.114563 2.389305 2.805665
v -20.243460 -20.500000 260.898132
vn -4.487800 2.389314 2.158998
v -20.990309 -20.500000 259.604034
vn -4.758557 2.389390 1.468508
v -21.536009 -20.500000 258.213135
vn -4.925272 2.388810 0.741694
v -21.868380 -20.500000 256.756439
vn -3.829401 4.951811 0.498801
v -18.553276 -17.850000 255.266495
vn -5.104705 2.390964 0.410628
v -21.980000 -20.500000 255.266495
vn 2.489567 1.193895 -2.040053
v -1.980005 -20.500000 255.276489
vn -3.568079 4.601625 2.155220
v -17.829683 -17.189276 254.824661
vn -5.169261 2.377506 0.899536
v -21.988724 -20.466064 254.983505
vn -3.070588 3.967209 3.703117
v -17.924744 -16.970407 254.411545
vn -5.009993 2.252428 1.703232
v -22.014235 -20.366821 254.711288
vn -4.788526 2.052925 2.401558
v -22.055544 -20.206121 254.449234
vn -4.513824 1.830126 3.122974
v -22.111664 -19.987812 254.196686
vn -2.538798 3.267950 4.698026
v -18.075851 -16.622496 254.026093
vn -3.999620 1.645474 4.048848
v -22.264368 -19.393768 253.717575
vn -2.101663 2.697430 5.259260
v -18.278246 -16.156507 253.663437
vn -1.796824 2.282490 5.566404
v -18.506535 -15.630892 253.346207
vn -1.587410 1.964142 5.751072
v -18.769737 -15.024897 253.044678
vn -1.423167 1.718979 5.872194
v -19.062922 -14.349872 252.757278
vn -0.663652 3.826802 3.848310
v -19.536522 -13.666016 252.459839
vn -0.663718 3.760137 3.846871
v -20.892660 -13.564007 252.134232
vn -2.351004 1.288688 5.613282
v -22.974989 -16.629351 252.442474
vn -2.865109 1.365657 5.256185
v -22.703947 -17.683744 252.845566
vn -2.090574 1.316077 5.741279
v -23.269646 -15.483096 252.054565
vn -0.691670 3.726266 3.816309
v -22.237280 -13.468374 251.809708
vn -3.478649 1.451486 4.685295
v -22.464434 -18.615480 253.268906
vn 2.708911 0.588255 -2.563958
v -14.180000 -5.776440 242.318909
vn 1.522535 3.069785 3.424474
v -20.955099 -13.019095 249.877640
vn 1.556001 3.110531 3.212581
v -18.295143 -12.811269 248.426010
vn 1.582701 3.115313 3.189717
v -18.256645 -12.809040 248.404861
vn 1.600552 3.115892 3.181327
v -18.218264 -12.806812 248.383514
vn 1.600613 -3.115888 3.181345
v -18.218264 11.406812 248.383514
vn 1.582702 -3.115313 3.189718
v -18.256645 11.409039 248.404861
vn 1.591813 -3.085595 2.706526
v -18.295143 5.300000 248.426010
vn 1.556001 -3.110531 3.212582
v -18.295143 11.411268 248.426010
vn 1.880460 -3.024853 2.508193
v -17.335752 5.300000 247.809875
vn 2.211777 -3.011936 2.221262
v -16.473700 5.300000 247.063614
vn 2.506286 -3.015275 1.883148
v -15.726493 5.300000 246.202362
vn 4.710817 -0.624467 3.711735
v -15.109312 5.300000 245.243652
vn 3.130697 0.000000 -2.302617
v -14.407020 -0.700000 243.500000
vn 3.135418 0.358914 -2.294849
v -14.387469 -1.985654 243.427673
vn 3.157126 0.712549 -2.297297
v -14.333343 -3.279538 243.206940
vn 3.183202 1.049490 -2.287065
v -14.256485 -4.552169 242.835434
vn 4.710817 0.624467 3.711735
v -15.109312 -6.700000 245.243652
vn 2.506286 3.015275 1.883148
v -15.726493 -6.700000 246.202362
vn 2.211777 3.011936 2.221262
v -16.473700 -6.700000 247.063614
vn 1.880460 3.024853 2.508193
v -17.335752 -6.700000 247.809875
vn 1.591813 3.085595 2.706526
v -18.295143 -6.700000 248.426010
vn 3.135418 -0.358914 -2.294849
v -14.387469 0.585653 243.427673
vn 3.157126 -0.712549 -2.297297
v -14.333343 1.879538 243.206940
vn 3.183202 -1.049490 -2.287065
v -14.256485 3.152169 242.835434
vn -2.087621 1.365639 -2.346962
v -5.790000 -17.832432 242.318909
vn -2.087621 -1.365639 -2.346961
v -5.790000 16.432432 242.318909
vn 1.522837 -3.069615 3.425249
v -20.955099 11.619096 249.877640
vn -0.691670 -3.726265 3.816314
v -22.237280 12.068375 251.809708
vn -0.663718 -3.760137 3.846871
v -20.892660 12.164007 252.134232
vn -0.668220 -3.812156 3.851243
v -19.536522 12.266016 252.459839
vn 4.802322 2.511780 0.843356
v -5.790000 -17.510246 254.950607
vn 5.564552 1.309294 1.124271
v -5.790000 -17.561333 255.266495
vn 1.570773 -4.712388 -1.570796
v -5.790000 -21.700001 255.276489
vn 4.732936 2.290259 1.436963
v -5.790000 -17.367842 254.659866
vn 4.684652 2.134441 1.709616
v -5.790000 -17.298559 254.562698
vn 4.530806 1.963130 2.016886
v -5.790000 -17.159708 254.402786
vn 4.419809 1.772684 2.254685
v -5.790000 -16.884056 254.157532
vn 4.356888 1.629781 2.394442
v -5.790000 -16.725828 254.041428
vn 4.244720 1.501013 2.528771
v -5.790000 -16.541567 253.920654
vn 4.171317 1.372266 2.631264
v -5.790000 -16.136940 253.692719
vn 4.076798 1.244884 2.727900
v -5.790000 -16.011877 253.629883
vn 1.570796 -4.712388 1.570796
v -5.790000 -21.700001 255.266495
vn -2.846694 -3.534276 1.179122
v -10.594181 -21.700001 254.692474
vn -3.081226 -3.534295 0.000000
v -10.480000 -21.700001 255.266495
vn -2.846681 -3.534290 -1.179142
v -10.594181 -21.700001 255.840515
vn -2.178767 -3.534282 -2.178751
v -10.919340 -21.700001 256.327148
vn -1.179109 -3.534326 -2.846684
v -11.405974 -21.700001 256.652313
vn 0.000000 -3.534242 -3.081243
v -11.980000 -21.700001 256.766479
vn 1.179108 -3.534324 -2.846684
v -12.554025 -21.700001 256.652313
vn 2.178766 -3.534283 -2.178752
v -13.040660 -21.700001 256.327148
vn 2.846682 -3.534292 -1.179139
v -13.365819 -21.700001 255.840515
vn 3.081227 -3.534294 0.000000
v -13.480000 -21.700001 255.266495
vn 2.846694 -3.534277 1.179120
v -13.365819 -21.700001 254.692474
vn 2.178751 -3.534323 2.178752
v -13.040660 -21.700001 254.205826
vn 1.179119 -3.534276 2.846695
v -12.554025 -21.700001 253.880676
vn 0.000000 -3.534294 3.081227
v -11.980000 -21.700001 253.766495
vn -1.179120 -3.534278 2.846694
v -11.405974 -21.700001 253.880676
vn -2.178751 -3.534317 2.178751
v -10.919340 -21.700001 254.205826
vn 2.965878 -1.270579 2.859938
v -13.980000 -3.745026 238.854034
vn 2.965886 -1.750955 2.593796
v -13.980000 -4.896280 238.216202
vn 2.965880 -2.177409 2.247779
v -13.980000 -5.918311 237.386948
vn 2.965884 -2.536811 1.832542
v -13.980000 -6.779644 236.391800
vn 2.965878 -2.818094 1.360868
v -13.980000 -7.453755 235.261414
vn 2.965885 -3.012595 0.847287
v -13.980000 -7.919885 234.030579
vn 2.965880 -3.114320 0.307618
v -13.980000 -8.163679 232.737228
vn 2.965882 -3.120142 -0.241529
v -13.980000 -8.177629 231.421158
vn 2.965882 -3.029878 -0.783235
v -13.980000 -7.961308 230.122925
vn 2.965881 -2.846309 -1.300824
v -13.980000 -7.521375 228.882492
vn 2.965883 -2.575089 -1.778352
v -13.980000 -6.871378 227.738068
vn 2.965883 -2.224573 -2.201113
v -13.980000 -6.031334 226.724884
vn 2.965882 -1.805551 -2.556093
v -13.980000 -5.027112 225.874146
vn 2.965875 -1.330913 -2.832364
v -13.980000 -3.889638 225.212051
vn 2.965889 -0.815300 -3.021409
v -13.980000 -2.653939 224.759003
vn 2.965881 -0.274589 -3.117406
v -13.980000 -1.358068 224.528931
vn 2.965881 0.274589 -3.117406
v -13.980000 -0.041932 224.528931
vn 2.965889 0.815300 -3.021409
v -13.980000 1.253938 224.759003
vn 2.965875 1.330913 -2.832364
v -13.980000 2.489638 225.212051
vn 2.965883 1.805550 -2.556092
v -13.980000 3.627112 225.874146
vn 2.965883 2.224573 -2.201113
v -13.980000 4.631334 226.724884
vn 2.965884 2.575089 -1.778352
v -13.980000 5.471378 227.738068
vn 2.965881 2.846309 -1.300824
v -13.980000 6.121375 228.882492
vn 2.965882 3.029879 -0.783235
v -13.980000 6.561308 230.122925
vn 2.965882 3.120142 -0.241529
v -13.980000 6.777630 231.421158
vn 2.965880 3.114320 0.307618
v -13.980000 6.763679 232.737228
vn 2.965886 3.012595 0.847287
v -13.980000 6.519885 234.030579
vn 2.965878 2.818095 1.360868
v -13.980000 6.053755 235.261414
vn 2.965884 2.536811 1.832542
v -13.980000 5.379644 236.391800
vn 2.965880 2.177408 2.247779
v -13.980000 4.518311 237.386948
vn 2.965886 1.750955 2.593796
v -13.980000 3.496280 238.216202
vn 2.965878 1.270579 2.859938
v -13.980000 2.345026 238.854034
vn -2.961496 -3.102449 -0.405709
v -23.580000 -7.640904 231.092331
vn -2.961497 -3.124944 0.156576
v -23.580000 -7.691230 232.350296
vn -4.712389 1.570798 1.570796
v -23.580000 -5.500000 234.500000
vn -2.961498 -3.046357 0.713793
v -23.580000 -7.515411 233.596924
vn -2.961495 -2.869229 1.247925
v -23.580000 -7.119136 234.791901
vn -2.961495 -2.760370 -1.473142
v -23.580000 -6.875594 228.704239
vn -2.961499 -2.979600 -0.954869
v -23.580000 -7.366062 229.863739
vn -2.961491 -2.064025 -2.351508
v -23.580000 -5.317703 226.739120
vn -2.961502 -2.451854 -1.943761
v -23.580000 -6.185366 227.651352
vn -2.961485 -1.102769 -2.928085
v -23.580000 -3.167171 225.449188
vn -2.961503 -1.609433 -2.683192
v -23.580000 -4.300672 225.997070
vn -2.961487 0.000000 -3.128863
v -23.580000 -0.700000 225.000000
vn -2.961511 -0.560448 -3.078263
v -23.580000 -1.953865 225.113220
vn -2.961485 1.102769 -2.928085
v -23.580000 1.767171 225.449188
vn -2.961511 0.560448 -3.078263
v -23.580000 0.553865 225.113220
vn -2.961492 2.064025 -2.351508
v -23.580000 3.917703 226.739120
vn -2.961503 1.609433 -2.683192
v -23.580000 2.900672 225.997070
vn -2.961494 2.760370 -1.473142
v -23.580000 5.475595 228.704239
vn -2.961502 2.451854 -1.943761
v -23.580000 4.785366 227.651352
vn -2.961496 3.102449 -0.405709
v -23.580000 6.240904 231.092331
vn -2.961499 2.979601 -0.954868
v -23.580000 5.966062 229.863739
vn -4.712389 -1.570798 1.570796
v -23.580000 4.100000 234.500000
vn -2.961497 3.124944 0.156576
v -23.580000 6.291230 232.350296
vn -4.712389 -1.570799 -1.570796
v -23.580000 4.100000 236.500000
vn -2.961499 2.599290 1.741689
v -23.580000 5.115222 235.896561
vn -2.961495 2.869229 1.247925
v -23.580000 5.719136 234.791901
vn -2.961498 3.046357 0.713793
v -23.580000 6.115411 233.596924
vn -2.961497 1.818627 2.546053
v -23.580000 3.368702 237.696106
vn -2.961495 2.245273 2.179114
v -23.580000 4.323204 236.875183
vn -2.961506 1.333169 2.830629
v -23.580000 2.282589 238.332779
vn -2.961499 -2.599290 1.741689
v -23.580000 -6.515222 235.896561
vn -4.712389 1.570799 -1.570796
v -23.580000 -5.500000 236.500000
vn -2.961495 -2.245273 2.179115
v -23.580000 -5.723204 236.875183
vn -2.961498 -1.818627 2.546053
v -23.580000 -4.768702 237.696106
vn -2.961505 -1.333169 2.830629
v -23.580000 -3.682590 238.332779
vn -0.408716 1.119534 -0.601961
v -21.580000 -1.263792 239.692337
vn 1.867644 2.872501 -3.193890
v -21.364202 -1.489177 239.672485
vn -3.183228 0.408697 -3.114005
v -21.580000 -1.679132 239.650574
vn 0.985952 3.347039 -3.312285
v -21.081125 -1.642297 239.655197
vn 0.020120 3.624509 -3.409812
v -20.768110 -1.699684 239.647919
vn -3.197963 0.566878 -3.088856
v -21.580000 -2.091604 239.586395
vn -0.922728 3.476075 -3.522708
v -20.455332 -1.657825 239.653290
vn -1.795974 2.972053 -3.627773
v -20.165482 -1.516685 239.669601
vn -2.461477 2.117729 -3.733929
v -19.942410 -1.298912 239.689667
vn -2.931123 1.123954 -3.796386
v -19.794239 -1.012988 239.706604
vn -3.115842 0.000000 -3.809170
v -19.744295 -0.700000 239.712982
vn -2.931123 -1.123954 -3.796386
v -19.794239 -0.387012 239.706604
vn -2.461477 -2.117729 -3.733929
v -19.942410 -0.101088 239.689667
vn -1.769998 -2.903752 -3.637070
v -20.165482 0.116685 239.669601
vn -0.938968 -3.541550 -3.510883
v -20.455332 0.257825 239.653290
vn -3.199531 -0.566628 -3.088887
v -21.580000 0.691604 239.586395
vn 0.020120 -3.624508 -3.409812
v -20.768110 0.299684 239.647919
vn -3.183228 -0.408697 -3.114005
v -21.580000 0.279132 239.650574
vn 0.985951 -3.347039 -3.312285
v -21.081125 0.242297 239.655197
vn 1.867644 -2.872501 -3.193891
v -21.364202 0.089177 239.672485
vn -0.408716 -1.119534 -0.601961
v -21.580000 -0.136208 239.692337
vn -3.091030 2.768760 -1.482318
v -5.790000 -18.332100 241.439758
vn -3.091022 2.840144 -1.340477
v -5.790000 -18.786694 240.536484
vn -2.053547 -2.170719 -3.664788
v -5.790000 -19.195051 239.611374
vn -3.321680 -1.333169 2.830629
v -21.580000 -3.682590 238.332779
vn -3.321687 -1.818627 2.546053
v -21.580000 -4.768702 237.696106
vn -3.321690 -2.245273 2.179115
v -21.580000 -5.723204 236.875183
vn -3.321687 -2.599290 1.741689
v -21.580000 -6.515222 235.896561
vn -3.321690 -2.869229 1.247925
v -21.580000 -7.119136 234.791901
vn -3.321687 -3.046357 0.713793
v -21.580000 -7.515411 233.596924
vn -3.321688 -3.124944 0.156576
v -21.580000 -7.691230 232.350296
vn -3.321690 -3.102449 -0.405709
v -21.580000 -7.640904 231.092331
vn -3.321687 -2.979600 -0.954869
v -21.580000 -7.366062 229.863739
vn -3.321690 -2.760370 -1.473142
v -21.580000 -6.875594 228.704239
vn -3.321683 -2.451854 -1.943761
v -21.580000 -6.185366 227.651352
vn -3.321693 -2.064025 -2.351508
v -21.580000 -5.317703 226.739120
vn -3.321683 -1.609433 -2.683192
v -21.580000 -4.300672 225.997070
vn -3.321700 -1.102769 -2.928085
v -21.580000 -3.167171 225.449188
vn -3.321674 -0.560448 -3.078263
v -21.580000 -1.953865 225.113220
vn -3.321698 0.000000 -3.128863
v -21.580000 -0.700000 225.000000
vn -3.321674 0.560448 -3.078263
v -21.580000 0.553865 225.113220
vn -3.321700 1.102769 -2.928085
v -21.580000 1.767171 225.449188
vn -3.321683 1.609433 -2.683192
v -21.580000 2.900672 225.997070
vn -3.321693 2.064025 -2.351508
v -21.580000 3.917703 226.739120
vn -3.321683 2.451854 -1.943761
v -21.580000 4.785366 227.651352
vn -3.321691 2.760370 -1.473142
v -21.580000 5.475595 228.704239
vn -3.321686 2.979601 -0.954868
v -21.580000 5.966062 229.863739
vn -3.321689 3.102449 -0.405710
v -21.580000 6.240904 231.092331
vn -3.321688 3.124944 0.156576
v -21.580000 6.291230 232.350296
vn -3.321687 3.046357 0.713793
v -21.580000 6.115411 233.596924
vn -3.321690 2.869229 1.247925
v -21.580000 5.719136 234.791901
vn -3.321687 2.599290 1.741689
v -21.580000 5.115222 235.896561
vn -3.321690 2.245273 2.179115
v -21.580000 4.323204 236.875183
vn -3.321688 1.818627 2.546053
v -21.580000 3.368702 237.696106
vn -3.321680 1.333169 2.830629
v -21.580000 2.282589 238.332779
vn -3.305038 -3.133229 0.022647
v -22.180000 8.300000 232.000000
vn -3.305062 -3.089024 0.524952
v -22.180000 8.183453 230.556305
vn -3.305095 -2.964816 1.013662
v -22.180000 7.836828 229.149994
vn -3.305158 -2.763824 1.476117
v -22.180000 7.269104 227.817490
vn -3.305176 -2.491253 1.900345
v -22.180000 6.494985 226.593323
vn -3.305251 -2.154160 2.275354
v -22.180000 5.534519 225.509171
vn -3.305274 -1.761283 2.591435
v -22.180000 4.412583 224.593140
vn -3.305278 -1.322774 2.840411
v -22.180000 3.158233 223.868942
vn -3.305352 -0.850022 3.015811
v -22.180000 1.803957 223.355331
vn -3.305403 -0.355262 3.113109
v -22.180000 0.384830 223.065613
vn -3.305413 0.148725 3.129784
v -22.180000 -1.062393 223.007294
vn -3.305430 0.648834 3.065403
v -22.180000 -2.500231 223.181885
vn -3.305441 1.132142 2.921634
v -22.180000 -3.891444 223.584854
vn -3.305500 1.586148 2.702188
v -22.180000 -5.200000 224.205765
vn -3.305553 1.999058 2.412770
v -22.180000 -6.392008 225.028549
vn -3.305576 2.360203 2.060858
v -22.180000 -7.436597 226.031891
vn -3.305607 2.660220 1.655574
v -22.180000 -8.306711 227.189804
vn -3.305610 2.891342 1.207417
v -22.180000 -8.979815 228.472305
vn -3.305645 3.047582 0.727987
v -22.180000 -9.438477 229.846161
vn -3.305680 3.124894 0.229699
v -22.180000 -9.670815 231.275803
vn -3.305712 3.121275 -0.274531
v -22.180000 -9.670815 232.724197
vn -3.305751 3.036819 -0.771659
v -22.180000 -9.438477 234.153839
vn -3.305778 2.873719 -1.248790
v -22.180000 -8.979815 235.527695
vn -3.305821 2.636186 -1.693594
v -22.180000 -8.306711 236.810196
vn -3.305873 2.330386 -2.094526
v -22.180000 -7.436597 237.968109
vn -3.305903 1.964225 -2.441221
v -22.180000 -6.392008 238.971451
vn -3.305951 1.547201 -2.724685
v -22.180000 -5.200000 239.794235
vn -3.305939 1.090101 -2.937592
v -22.180000 -3.891444 240.415146
vn -3.306869 0.601345 -3.074854
v -22.180000 -2.500231 240.818115
vn -3.240536 0.172809 -3.130781
v -22.180000 -1.062393 240.992706
vn -3.294143 -0.419208 -3.106333
v -22.180000 0.384830 240.934387
vn -3.304780 -0.893523 -3.003200
v -22.180000 1.803957 240.644669
vn -3.304811 -1.363695 -2.820981
v -22.180000 3.158233 240.131058
vn -3.304857 -1.798540 -2.565706
v -22.180000 4.412583 239.406860
vn -3.304890 -2.186821 -2.243973
v -22.180000 5.534519 238.490829
vn -3.304891 -2.518456 -1.864135
v -22.180000 6.494985 237.406677
vn -3.304933 -2.784871 -1.436007
v -22.180000 7.269104 236.182510
vn -3.304966 -2.979156 -0.970698
v -22.180000 7.836828 234.850006
vn -3.304999 -3.096287 -0.480245
v -22.180000 8.183453 233.443695
vn -2.977179 1.251615 -2.872493
v -21.580000 -4.235822 240.276352
vn -2.977132 0.774796 -3.036024
v -21.580000 -2.862919 240.736237
vn -2.977249 1.696051 -2.634611
v -21.580000 -5.517215 239.602264
vn -2.977260 2.096578 -2.328542
v -21.580000 -6.673934 238.731430
vn -2.977309 2.442847 -1.962204
v -21.580000 -7.676042 237.686371
vn -2.977305 2.725886 -1.545081
v -21.580000 -8.497603 236.494156
vn -2.977360 2.938376 -1.087972
v -21.580000 -9.117354 235.185608
vn -2.977383 3.074813 -0.602706
v -21.580000 -9.519258 233.794632
vn -2.977421 3.131670 -0.101838
v -21.580000 -9.692908 232.357208
vn -2.977450 3.107472 0.401668
v -21.580000 -9.633815 230.910522
vn -2.977484 3.002846 0.894778
v -21.580000 -9.343506 229.492050
vn -2.977534 2.820506 1.364719
v -21.580000 -8.829494 228.138489
vn -2.977587 2.565163 1.799348
v -21.580000 -8.105083 226.884857
vn -2.977623 2.243429 2.187405
v -21.580000 -7.189023 225.763611
vn -2.977674 1.863632 2.518847
v -21.580000 -6.105019 224.803772
vn -2.977656 1.435593 2.785096
v -21.580000 -4.881128 224.030167
vn -2.977702 0.970403 2.979264
v -21.580000 -3.549026 223.462845
vn -2.977767 0.480111 3.096319
v -21.580000 -2.143189 223.116470
vn -2.977791 -0.022619 3.133237
v -21.580000 -0.700000 223.000000
vn -2.977865 -0.524773 3.089063
v -21.580000 0.743189 223.116470
vn -2.977864 -1.013325 2.964937
v -21.580000 2.149026 223.462845
vn -2.977859 -1.475658 2.764072
v -21.580000 3.481128 224.030167
vn -2.977947 -1.899807 2.491668
v -21.580000 4.705019 224.803772
vn -2.977959 -2.274778 2.154773
v -21.580000 5.789022 225.763611
vn -2.977976 -2.590867 1.762119
v -21.580000 6.705084 226.884857
vn -2.978014 -2.839908 1.323848
v -21.580000 7.429494 228.138489
vn -2.978024 -3.015441 0.851325
v -21.580000 7.943506 229.492050
vn -2.978062 -3.112934 0.356762
v -21.580000 8.233815 230.910522
vn -2.978101 -3.129858 -0.147040
v -21.580000 8.292909 232.357208
vn -2.978131 -3.065775 -0.647030
v -21.580000 8.119257 233.794632
vn -2.978176 -2.922348 -1.130268
v -21.580000 7.717355 235.185608
vn -2.978186 -2.703280 -1.584262
v -21.580000 7.097603 236.494156
vn -2.978247 -2.414256 -1.997244
v -21.580000 6.276042 237.686371
vn -2.978286 -2.062738 -2.358542
v -21.580000 5.273934 238.731430
vn -2.978333 -1.657835 -2.658795
v -21.580000 4.117216 239.602264
vn -2.978348 -1.210031 -2.890229
v -21.580000 2.835822 240.276352
vn -2.978390 -0.730904 -3.046863
v -21.580000 1.462919 240.736237
vn -0.962188 -2.245554 0.277344
v -21.580000 -0.046947 240.289413
vn 1.743040 -3.654658 -2.115196
v -21.580000 0.034037 240.970016
vn 1.860615 3.673554 -2.108671
v -21.580000 -1.434037 240.970016
vn -0.962188 2.245554 0.277344
v -21.580000 -1.353053 240.289413
vn 3.064362 -1.471884 -3.207577
v -21.820318 -0.297539 240.990997
vn 2.913610 1.585263 -3.207018
v -21.820299 -1.102502 240.990997
vn 3.352930 -0.086878 -3.187603
v -21.906498 -0.699978 241.000000
vn -0.080529 1.377039 1.581169
v -21.009298 -1.104102 249.907227
vn -0.565417 2.332820 2.797764
v -21.210880 -1.386523 250.017227
vn 3.547163 0.465651 5.033172
v -21.009298 -6.700000 249.907227
vn 0.371040 2.908122 2.869146
v -21.502274 -1.590023 250.176254
vn 1.427565 3.117431 2.973203
v -21.849985 -1.691208 250.366013
vn 2.470646 2.953165 3.104710
v -22.214037 -1.678446 250.564697
vn 3.359763 2.471720 3.223576
v -22.552584 -1.553204 250.749451
vn 4.028266 1.748533 3.330467
v -22.826704 -1.329880 250.899048
vn 4.422092 0.890931 3.416420
v -23.004885 -1.034146 250.996277
vn 4.546224 -0.000000 3.450758
v -23.066647 -0.700000 251.029984
vn 4.422091 -0.890931 3.416420
v -23.004885 -0.365854 250.996277
vn 4.028266 -1.748533 3.330467
v -22.826704 -0.070120 250.899048
vn 3.359764 -2.471720 3.223576
v -22.552584 0.153204 250.749451
vn 2.470647 -2.953165 3.104710
v -22.214037 0.278446 250.564697
vn 3.547157 -0.465651 5.033171
v -21.009298 5.300000 249.907227
vn 1.427564 -3.117431 2.973203
v -21.849985 0.291208 250.366013
vn 0.371040 -2.908123 2.869146
v -21.502274 0.190023 250.176254
vn -0.565417 -2.332820 2.797764
v -21.210880 -0.013477 250.017227
vn -0.080529 -1.377040 1.581169
v -21.009298 -0.295898 249.907227
vn 5.371038 2.834455 0.622071
v -22.285028 -1.164723 245.269440
vn 3.443748 5.025574 0.394644
v -21.969740 -1.522984 245.305908
vn 0.731498 6.060094 0.085737
v -21.525175 -1.692709 245.357330
vn -2.150595 5.708273 -0.245887
v -21.053181 -1.635016 245.411926
vn -4.539980 4.047953 -0.521497
v -20.661884 -1.363123 245.457199
vn -5.888952 1.463961 -0.673497
v -20.440926 -0.939316 245.482758
vn -5.888952 -1.463962 -0.673497
v -20.440926 -0.460684 245.482758
vn -4.539980 -4.047952 -0.521497
v -20.661884 -0.036877 245.457199
vn -2.150595 -5.708273 -0.245887
v -21.053181 0.235016 245.411926
vn 0.731499 -6.060094 0.085737
v -21.525175 0.292709 245.357330
vn 3.443748 -5.025574 0.394644
v -21.969740 0.122984 245.305908
vn 6.063380 0.000002 0.704285
v -22.398813 -0.700000 245.256287
vn 5.371038 -2.834458 0.622068
v -22.285028 -0.235277 245.269440
vn -0.342831 -0.827195 1.473613
v -20.933323 -0.480957 249.781235
vn -0.563793 -0.000000 1.681868
v -20.903223 -0.700000 249.732407
vn -0.342831 0.827195 1.473613
v -20.933323 -0.919043 249.781235
vn -1.328908 2.692787 -2.759510
v -15.823106 -5.500000 236.400970
vn -2.394619 2.692795 -1.909635
v -15.475158 -5.500000 236.123489
vn -0.349529 2.917197 -3.102211
v -16.256990 -5.500000 236.500000
vn -2.986036 2.692796 -0.681540
v -15.282062 -5.500000 235.722519
vn -2.986037 2.692796 0.681540
v -15.282062 -5.500000 235.277481
vn -2.394619 2.692795 1.909635
v -15.475158 -5.500000 234.876511
vn -1.328908 2.692787 2.759510
v -15.823106 -5.500000 234.599030
vn -0.349529 2.917197 3.102211
v -16.256990 -5.500000 234.500000
vn -3.129399 -3.151372 0.272394
v -21.980000 -21.700001 255.266495
vn -3.097845 -2.992040 0.466773
v -21.868380 -21.700001 256.756439
vn -2.993719 -2.992040 0.923130
v -21.536009 -21.700001 258.213135
vn -2.822766 -2.992049 1.358868
v -20.990309 -21.700001 259.604034
vn -2.588785 -2.992026 1.764285
v -20.243460 -21.700001 260.898132
vn -2.297025 -2.992058 2.130308
v -19.312138 -21.700001 262.066467
vn -1.953980 -2.992025 2.448770
v -18.217131 -21.700001 263.083038
vn -1.567289 -2.992038 2.712586
v -16.982887 -21.700001 263.925079
vn -1.145672 -2.992070 2.915816
v -15.636956 -21.700001 264.573822
vn -0.698425 -2.992002 3.053964
v -14.209388 -21.700001 265.014832
vn -0.235590 -2.992070 3.123947
v -12.732049 -21.700001 265.238159
vn 0.232477 -2.992021 3.124174
v -11.237923 -21.700001 265.238922
vn 0.695379 -2.992054 3.054666
v -9.760362 -21.700001 265.017029
vn 1.142723 -2.992044 2.916969
v -8.332353 -21.700001 264.577484
vn 1.564589 -2.992033 2.714144
v -6.985775 -21.700001 263.930084
vn 1.951538 -2.992033 2.450718
v -5.750688 -21.700001 263.089264
vn 2.294899 -2.992050 2.132597
v -4.654665 -21.700001 262.073792
vn 2.587023 -2.992037 1.766871
v -3.722175 -21.700001 260.906372
vn 2.821402 -2.992046 1.361697
v -2.974034 -21.700001 259.613037
vn 2.992794 -2.992037 0.926125
v -2.426943 -21.700001 258.222687
vn 3.097377 -2.992041 0.469871
v -2.093116 -21.700001 256.766327
vn 1.566289 -1.495020 -1.451882
v -1.980005 -21.700001 255.276489
vn -3.061740 -3.272298 0.650483
v -22.071203 -21.700001 254.454727
vn -2.910870 -3.200170 1.165210
v -22.194172 -21.700001 254.068512
vn -2.670671 -3.193380 1.641052
v -22.376194 -21.700001 253.705246
vn -4.726011 0.286296 4.102841
v -22.657471 -21.284075 253.301254
vn -2.405339 -3.176521 2.011942
v -22.615299 -21.700001 253.376541
vn -2.068328 -3.083150 2.356667
v -22.902390 -21.700001 253.088715
vn -4.057850 0.400375 4.764266
v -22.891644 -20.682693 253.026123
vn -3.620332 0.712077 5.049286
v -23.044544 -21.593214 252.965637
vn -3.434550 0.389096 5.241237
v -23.347998 -20.894966 252.709229
vn -3.484757 0.488050 5.199786
v -23.151512 -20.015316 252.766800
vn -3.268282 0.553841 5.335821
v -23.433680 -19.290676 252.521194
vn 2.430790 2.998015 1.977111
v -20.130236 -6.700000 248.646545
vn 2.430790 -2.998015 1.977110
v -20.130236 5.300000 248.646545
vn 2.117585 -2.995082 2.309236
v -19.076557 5.300000 247.527695
vn 2.117586 2.995082 2.309236
v -19.076557 -6.700000 247.527695
vn 1.757803 -2.995099 2.593623
v -17.870838 5.300000 246.574661
vn 1.757803 2.995099 2.593623
v -17.870838 -6.700000 246.574661
vn 1.360366 -2.995088 2.822436
v -16.538912 5.300000 245.807831
vn 1.360366 2.995088 2.822436
v -16.538912 -6.700000 245.807831
vn -2.846681 3.534290 -1.179142
v -10.594181 20.299999 255.840515
vn -3.081226 3.534295 0.000000
v -10.480000 20.299999 255.266495
vn -2.846694 3.534276 1.179123
v -10.594181 20.299999 254.692474
vn -2.178752 3.534317 2.178752
v -10.919340 20.299999 254.205826
vn -1.179120 3.534278 2.846695
v -11.405974 20.299999 253.880676
vn 0.000000 3.534294 3.081228
v -11.980000 20.299999 253.766495
vn 1.179119 3.534276 2.846695
v -12.554025 20.299999 253.880676
vn 2.178751 3.534323 2.178752
v -13.040660 20.299999 254.205826
vn 2.846694 3.534277 1.179120
v -13.365819 20.299999 254.692474
vn 3.081227 3.534294 -0.000000
v -13.480000 20.299999 255.266495
vn 2.846682 3.534292 -1.179139
v -13.365819 20.299999 255.840515
vn 2.178766 3.534283 -2.178752
v -13.040660 20.299999 256.327148
vn 1.179108 3.534324 -2.846684
v -12.554025 20.299999 256.652313
vn -0.000000 3.534242 -3.081243
v -11.980000 20.299999 256.766479
vn -1.179109 3.534326 -2.846684
v -11.405974 20.299999 256.652313
vn -2.178768 3.534282 -2.178752
v -10.919340 20.299999 256.327148
vn -2.053549 2.170718 -3.664785
v -5.790000 17.795050 239.611374
vn -3.091020 -2.840145 -1.340474
v -5.790000 17.386694 240.536484
vn -3.091030 -2.768759 -1.482318
v -5.790000 16.932100 241.439758
vn -1.328908 -2.692787 2.759510
v -15.823106 4.100000 234.599030
vn -2.394619 -2.692795 1.909635
v -15.475158 4.100000 234.876511
vn -0.349529 -2.917197 3.102211
v -16.256990 4.100000 234.500000
vn -2.986036 -2.692796 0.681540
v -15.282062 4.100000 235.277481
vn -2.986037 -2.692796 -0.681540
v -15.282062 4.100000 235.722519
vn -2.394619 -2.692795 -1.909635
v -15.475158 4.100000 236.123489
vn -0.349529 -2.917197 -3.102211
v -16.256990 4.100000 236.500000
vn -1.328908 -2.692787 -2.759510
v -15.823106 4.100000 236.400970
vn -3.129203 3.153696 0.274553
v -21.980000 20.299999 255.266495
vn -3.097845 2.992040 0.466773
v -21.868380 20.299999 256.756439
vn -2.993719 2.992040 0.923130
v -21.536009 20.299999 258.213135
vn -2.822766 2.992049 1.358868
v -20.990309 20.299999 259.604034
vn -2.588786 2.992026 1.764285
v -20.243460 20.299999 260.898132
vn -2.297025 2.992058 2.130307
v -19.312138 20.299999 262.066467
vn -1.953979 2.992025 2.448770
v -18.217131 20.299999 263.083038
vn -1.567289 2.992038 2.712586
v -16.982887 20.299999 263.925079
vn -1.145672 2.992070 2.915815
v -15.636956 20.299999 264.573822
vn -0.698425 2.992002 3.053964
v -14.209388 20.299999 265.014832
vn -0.235590 2.992070 3.123946
v -12.732049 20.299999 265.238159
vn 0.232477 2.992021 3.124174
v -11.237923 20.299999 265.238922
vn 0.695379 2.992054 3.054665
v -9.760362 20.299999 265.017029
vn 1.142723 2.992044 2.916969
v -8.332353 20.299999 264.577484
vn 1.564588 2.992033 2.714144
v -6.985775 20.299999 263.930084
vn 1.951537 2.992033 2.450718
v -5.750688 20.299999 263.089264
vn 2.294899 2.992050 2.132596
v -4.654665 20.299999 262.073792
vn 2.587023 2.992037 1.766871
v -3.722175 20.299999 260.906372
vn 2.821401 2.992046 1.361697
v -2.974034 20.299999 259.613037
vn 2.992794 2.992037 0.926125
v -2.426943 20.299999 258.222687
vn 3.097377 2.992041 0.469871
v -2.093116 20.299999 256.766327
vn 1.566289 1.495020 -1.451882
v -1.980005 20.299999 255.276489
vn -5.167949 -2.390268 0.911530
v -21.988724 19.066063 254.983505
vn -3.062029 3.274657 0.648326
v -22.071203 20.299999 254.454727
vn -5.010234 -2.259622 1.699479
v -22.014235 18.966822 254.711288
vn -4.788518 -2.052928 2.401562
v -22.055544 18.806120 254.449234
vn -4.513829 -1.830128 3.122968
v -22.111664 18.587812 254.196686
vn -2.910869 3.200170 1.165209
v -22.194172 20.299999 254.068512
vn -3.999620 -1.645473 4.048847
v -22.264368 17.993769 253.717575
vn -2.670671 3.193380 1.641052
v -22.376194 20.299999 253.705246
vn -4.726011 -0.286297 4.102841
v -22.657471 19.884075 253.301254
vn -2.405339 3.176521 2.011941
v -22.615299 20.299999 253.376541
vn -2.068329 3.083149 2.356666
v -22.902390 20.299999 253.088715
vn -3.621565 -0.724523 5.047622
v -23.044544 20.193214 252.965637
vn -4.161432 -0.374501 4.685395
v -22.891644 19.282692 253.026123
vn -3.478648 -1.451486 4.685295
v -22.464434 17.215481 253.268906
vn -3.338920 -0.410643 5.305191
v -23.347998 19.494967 252.709229
vn -3.483847 -0.474524 5.201702
v -23.151512 18.615316 252.766800
vn -3.272140 -0.530305 5.335936
v -23.433680 17.890676 252.521194
vn -2.697898 -1.380665 5.378174
v -22.703947 16.283745 252.845566
vn -2.324930 -1.322709 5.615981
v -22.974989 15.229352 252.442474
vn -2.090572 -1.316077 5.741280
v -23.269646 14.083097 252.054565
vn -2.101139 -2.697489 5.259461
v -18.278246 14.756507 253.663437
vn -2.538891 -3.268152 4.697842
v -18.075851 15.222496 254.026093
vn -3.068841 -3.968021 3.703840
v -17.924744 15.570407 254.411545
vn -3.555563 -4.619401 2.123594
v -17.829683 15.789275 254.824661
vn -1.796823 -2.282491 5.566404
v -18.506535 14.230892 253.346207
vn -1.587423 -1.964134 5.751071
v -18.769737 13.624896 253.044678
vn -1.442219 -1.717331 5.868204
v -19.062922 12.949872 252.757278
vn -2.810901 -1.006168 2.930845
v -17.129999 16.453348 244.922455
vn -2.810891 0.000000 3.098743
v -17.129999 15.803949 244.814087
vn -2.810901 1.006168 2.930845
v -17.129999 15.154551 244.922455
vn -2.810894 1.903296 2.445338
v -17.129999 14.575523 245.235809
vn -2.810907 2.594171 1.694850
v -17.129999 14.129616 245.720200
vn -2.810896 3.003923 0.760700
v -17.129999 13.865149 246.323120
vn -2.810899 3.088162 -0.255894
v -17.129999 13.810781 246.979248
vn -2.810904 2.837753 -1.244747
v -17.129999 13.972403 247.617477
vn -2.810899 2.279831 -2.098713
v -17.129999 14.332501 248.168655
vn -2.810895 1.474847 -2.725260
v -17.129999 14.852055 248.573044
vn -2.810898 0.510038 -3.056482
v -17.129999 15.474760 248.786819
vn -2.810898 -0.510038 -3.056482
v -17.129999 16.133139 248.786819
vn -2.810894 -1.474848 -2.725259
v -17.129999 16.755844 248.573044
vn -2.810901 -2.279831 -2.098713
v -17.129999 17.275396 248.168655
vn -2.810901 -2.837752 -1.244746
v -17.129999 17.635496 247.617477
vn -2.810901 -3.088163 -0.255894
v -17.129999 17.797117 246.979248
vn -2.810894 -3.003924 0.760698
v -17.129999 17.742750 246.323120
vn -2.810907 -2.594170 1.694850
v -17.129999 17.478283 245.720200
vn -2.810894 -1.903296 2.445338
v -17.129999 17.032375 245.235809
vn -3.534295 -0.000000 3.081227
v -17.129999 15.803949 245.314087
vn -3.534298 1.179147 2.846676
v -17.129999 15.229924 245.428268
vn -3.534282 2.178766 2.178752
v -17.129999 14.743289 245.753433
vn -3.534292 2.846681 1.179139
v -17.129999 14.418130 246.240067
vn -3.534289 3.081228 0.000008
v -17.129999 14.303949 246.814087
vn -3.534297 2.846683 -1.179131
v -17.129999 14.418130 247.388123
vn -3.534304 2.178738 -2.178771
v -17.129999 14.743289 247.874756
vn -3.534276 1.179119 -2.846695
v -17.129999 15.229924 248.199905
vn -3.534295 -0.000000 -3.081227
v -17.129999 15.803949 248.314087
vn -3.534276 -1.179119 -2.846694
v -17.129999 16.377974 248.199905
vn -3.534304 -2.178737 -2.178771
v -17.129999 16.864609 247.874756
vn -3.534296 -2.846682 -1.179134
v -17.129999 17.189768 247.388123
vn -3.534293 -3.081227 0.000008
v -17.129999 17.303949 246.814087
vn -3.534290 -2.846681 1.179141
v -17.129999 17.189768 246.240067
vn -3.534282 -2.178766 2.178752
v -17.129999 16.864609 245.753433
vn -3.534298 -1.179148 2.846675
v -17.129999 16.377974 245.428268
vn -2.810901 -1.006169 2.930845
v -17.129999 -16.554550 244.922455
vn -2.810891 0.000000 3.098743
v -17.129999 -17.203949 244.814087
vn -3.534294 -0.000001 3.081227
v -17.129999 -17.203949 245.314087
vn -2.810901 1.006168 2.930845
v -17.129999 -17.853348 244.922455
vn -3.534300 1.179149 2.846675
v -17.129999 -17.777975 245.428268
vn -2.810894 1.903296 2.445338
v -17.129999 -18.432375 245.235809
vn -3.534278 2.178766 2.178754
v -17.129999 -18.264608 245.753433
vn -2.810907 2.594171 1.694850
v -17.129999 -18.878283 245.720200
vn -3.534296 2.846679 1.179140
v -17.129999 -18.589769 246.240067
vn -2.810897 3.003923 0.760702
v -17.129999 -19.142750 246.323120
vn -3.534286 3.081229 0.000008
v -17.129999 -18.703949 246.814087
vn -2.810896 3.088161 -0.255894
v -17.129999 -19.197119 246.979248
vn -3.534301 2.846681 -1.179132
v -17.129999 -18.589769 247.388123
vn -2.810907 2.837753 -1.244747
v -17.129999 -19.035496 247.617477
vn -2.810897 2.279831 -2.098711
v -17.129999 -18.675398 248.168655
vn -3.534299 2.178738 -2.178773
v -17.129999 -18.264608 247.874756
vn -2.810896 1.474845 -2.725261
v -17.129999 -18.155844 248.573044
vn -3.534279 1.179121 -2.846694
v -17.129999 -17.777975 248.199905
vn -2.810898 0.510038 -3.056482
v -17.129999 -17.533138 248.786819
vn -3.534294 -0.000001 -3.081227
v -17.129999 -17.203949 248.314087
vn -2.810898 -0.510038 -3.056482
v -17.129999 -16.874760 248.786819
vn -3.534276 -1.179119 -2.846694
v -17.129999 -16.629925 248.199905
vn -2.810895 -1.474847 -2.725260
v -17.129999 -16.252054 248.573044
vn -3.534303 -2.178736 -2.178773
v -17.129999 -16.143290 247.874756
vn -2.810899 -2.279831 -2.098712
v -17.129999 -15.732501 248.168655
vn -3.534299 -2.846682 -1.179133
v -17.129999 -15.818130 247.388123
vn -2.810904 -2.837753 -1.244747
v -17.129999 -15.372402 247.617477
vn -2.810898 -3.088162 -0.255894
v -17.129999 -15.210780 246.979248
vn -3.534289 -3.081228 0.000008
v -17.129999 -15.703949 246.814087
vn -2.810894 -3.003923 0.760702
v -17.129999 -15.265148 246.323120
vn -3.534293 -2.846680 1.179141
v -17.129999 -15.818130 246.240067
vn -2.810908 -2.594169 1.694852
v -17.129999 -15.529616 245.720200
vn -3.534281 -2.178765 2.178754
v -17.129999 -16.143290 245.753433
vn -2.810895 -1.903297 2.445338
v -17.129999 -15.975524 245.235809
vn -3.534298 -1.179148 2.846675
v -17.129999 -16.629925 245.428268
vn -1.889520 4.211101 1.488636
v -5.790000 -2.500000 239.280792
vn -3.297062 -1.273499 2.859945
v -5.790000 -3.745026 238.854034
vn -4.546216 1.822640 -1.550460
v -5.790000 -2.500000 239.500000
vn -3.023931 1.008415 -2.968987
v -5.790000 -4.389104 242.892227
vn -3.029845 0.612068 -3.075562
v -5.790000 -2.938909 243.279953
vn -3.538043 0.603310 -3.020765
v -5.790000 -5.776440 242.318909
vn -3.303720 -1.752628 2.593710
v -5.790000 -4.896280 238.216202
vn -3.305163 -2.177849 2.248451
v -5.790000 -5.918311 237.386948
vn -6.253554 -0.303633 -0.191907
v -5.790000 -9.200000 242.318909
vn -3.304390 -2.537414 1.833139
v -5.790000 -6.779644 236.391800
vn -3.303689 -2.818840 1.361352
v -5.790000 -7.453755 235.261414
vn -3.303033 -3.013457 0.847629
v -5.790000 -7.919885 234.030579
vn -3.216123 -3.089521 -0.557450
v -5.790000 -16.914303 234.929321
vn -3.253092 -3.021717 -0.841522
v -5.790000 -17.160295 236.051407
vn -3.259255 -2.905037 -1.181610
v -5.790000 -17.479395 236.990936
vn -3.252745 -2.751452 -1.506193
v -5.790000 -17.857010 237.782318
vn -3.302447 -3.115267 0.307792
v -5.790000 -8.163679 232.737228
vn -3.182853 -3.132014 -0.236409
v -5.790000 -16.756008 233.590317
vn -3.186810 -3.118728 -0.371621
v -5.790000 -16.823280 234.289078
vn -3.301914 -3.121137 -0.241538
v -5.790000 -8.177629 231.421158
vn -3.098437 -3.138493 -0.121954
v -5.790000 -16.700001 232.000000
vn -3.179029 -3.139009 -0.112989
v -5.790000 -16.714306 232.828720
vn -3.020763 -3.112997 -0.377986
v -5.790000 -16.583342 230.071411
vn -3.301442 -3.030882 -0.783437
v -5.790000 -7.961308 230.122925
vn -3.020761 -3.044738 -0.750461
v -5.790000 -16.235069 228.170944
vn -3.020766 -2.932082 -1.111991
v -5.790000 -15.660260 226.326324
vn -3.301031 -2.847281 -1.301217
v -5.790000 -7.521375 228.882492
vn -3.020758 -2.776667 -1.457308
v -5.790000 -14.867296 224.564423
vn -3.300671 -2.575991 -1.778929
v -5.790000 -6.871378 227.738068
vn -3.020767 -2.580764 -1.781371
v -5.790000 -13.867742 222.910965
vn -3.020754 -2.347223 -2.079463
v -5.790000 -12.676172 221.390030
vn -3.300379 -2.225366 -2.201859
v -5.790000 -6.031334 226.724884
vn -3.020770 -2.079457 -2.347230
v -5.790000 -11.309962 220.023834
vn -3.300145 -1.806205 -2.556981
v -5.790000 -5.027112 225.874146
vn -3.020762 -1.781376 -2.580760
v -5.790000 -9.789036 218.832260
vn -3.020763 -1.457313 -2.776664
v -5.790000 -8.135571 217.832703
vn -3.299975 -1.331400 -2.833365
v -5.790000 -3.889638 225.212051
vn -3.020754 -1.111988 -2.932082
v -5.790000 -6.373678 217.039734
vn -3.299841 -0.815601 -3.022489
v -5.790000 -2.653939 224.759003
vn -3.020772 -0.750460 -3.044740
v -5.790000 -4.529051 216.464935
vn -3.020756 -0.377990 -3.112996
v -5.790000 -2.628587 216.116653
vn -3.299789 -0.274690 -3.118526
v -5.790000 -1.358068 224.528931
vn -3.020766 -0.000000 -3.135861
v -5.790000 -0.700000 216.000000
vn -3.299789 0.274690 -3.118526
v -5.790000 -0.041932 224.528931
vn -3.020756 0.377990 -3.112996
v -5.790000 1.228587 216.116653
vn -3.299841 0.815601 -3.022489
v -5.790000 1.253938 224.759003
vn -3.020772 0.750460 -3.044740
v -5.790000 3.129051 216.464935
vn -3.020754 1.111987 -2.932082
v -5.790000 4.973678 217.039734
vn -3.299976 1.331400 -2.833365
v -5.790000 2.489638 225.212051
vn -3.020763 1.457312 -2.776664
v -5.790000 6.735571 217.832703
vn -3.300145 1.806205 -2.556981
v -5.790000 3.627112 225.874146
vn -3.020762 1.781376 -2.580760
v -5.790000 8.389036 218.832260
vn -3.020768 2.079457 -2.347229
v -5.790000 9.909963 220.023834
vn -3.300379 2.225366 -2.201859
v -5.790000 4.631334 226.724884
vn -3.020755 2.347223 -2.079463
v -5.790000 11.276172 221.390030
vn -3.300671 2.575991 -1.778929
v -5.790000 5.471378 227.738068
vn -3.020767 2.580764 -1.781372
v -5.790000 12.467742 222.910965
vn -3.020757 2.776667 -1.457307
v -5.790000 13.467297 224.564423
vn -3.301031 2.847281 -1.301217
v -5.790000 6.121375 228.882492
vn -3.020766 2.932082 -1.111990
v -5.790000 14.260260 226.326324
vn -3.301441 3.030882 -0.783437
v -5.790000 6.561308 230.122925
vn -3.020761 3.044738 -0.750462
v -5.790000 14.835069 228.170944
vn -3.020762 3.112997 -0.377986
v -5.790000 15.183342 230.071411
vn -3.301915 3.121137 -0.241538
v -5.790000 6.777630 231.421158
vn -3.098438 3.138493 -0.121955
v -5.790000 15.300000 232.000000
vn -3.302446 3.115267 0.307793
v -5.790000 6.763679 232.737228
vn -3.179026 3.139009 -0.112989
v -5.790000 15.314306 232.828720
vn -3.182856 3.132014 -0.236409
v -5.790000 15.356008 233.590317
vn -3.303034 3.013457 0.847629
v -5.790000 6.519885 234.030579
vn -3.186807 3.118728 -0.371621
v -5.790000 15.423281 234.289078
vn -3.216124 3.089521 -0.557448
v -5.790000 15.514302 234.929321
vn -3.303689 2.818840 1.361351
v -5.790000 6.053755 235.261414
vn -3.253093 3.021717 -0.841523
v -5.790000 15.760295 236.051407
vn -3.259253 2.905037 -1.181611
v -5.790000 16.079395 236.990936
vn -3.252744 2.751452 -1.506193
v -5.790000 16.457010 237.782318
vn -3.257166 2.562794 -1.807957
v -5.790000 16.878551 238.459930
vn -6.253554 0.303632 -0.191907
v -5.790000 7.800000 242.318909
vn -3.304390 2.537413 1.833139
v -5.790000 5.379644 236.391800
vn -3.305163 2.177848 2.248451
v -5.790000 4.518311 237.386948
vn -3.538008 -0.603285 -3.020775
v -5.790000 4.376440 242.318909
vn -3.303720 1.752628 2.593710
v -5.790000 3.496280 238.216202
vn -3.297061 1.273499 2.859946
v -5.790000 2.345026 238.854034
vn -1.889521 -4.211101 1.488636
v -5.790000 1.100000 239.280792
vn -4.545020 -1.823371 -1.550336
v -5.790000 1.100000 239.500000
vn -3.023843 -1.008404 -2.968987
v -5.790000 2.989104 242.892227
vn -3.029899 -0.612137 -3.075547
v -5.790000 1.538909 243.279953
vn -3.268910 -0.253572 -3.123176
v -5.790000 -0.095038 239.689209
vn -3.032936 -0.205184 -3.129317
v -5.790000 0.050566 243.475479
vn -3.269424 0.254114 -3.123091
v -5.790000 -1.304962 239.689209
vn -3.032878 0.205193 -3.129314
v -5.790000 -1.450566 243.475479
vn -5.390910 -1.044881 1.559937
v -5.790000 11.404586 248.361938
vn -3.067391 -3.089288 0.558793
v -5.790000 11.617113 249.866669
vn -3.074712 -3.040299 0.783323
v -5.790000 11.943278 251.350906
vn -3.257169 -2.562793 -1.807958
v -5.790000 -18.278551 238.459930
vn -5.390893 1.044879 1.559956
v -5.790000 -12.804585 248.361938
vn -4.612035 -1.562891 -1.728183
v -5.790000 -12.790164 248.318909
vn -3.138283 -0.101913 -3.076666
v -5.790000 -9.200000 248.318909
vn -1.780452 1.742964 1.980724
v -5.790000 -13.781197 252.806091
vn -3.074565 3.040328 0.783200
v -5.790000 -13.343278 251.350906
vn -3.067213 3.089262 0.558924
v -5.790000 -13.017114 249.866669
vn -2.342340 2.084234 1.368260
v -5.790000 -6.700000 248.361938
vn -4.813704 -1.562743 1.411936
v -5.790000 -12.792930 248.346252
vn -3.140979 -3.125579 -0.316793
v -5.790000 -12.792004 248.337143
vn -3.141243 -3.125722 -0.315381
v -5.790000 -12.791081 248.328018
vn -1.570796 4.712389 1.570796
v -5.790000 -6.700000 248.346252
vn -3.138283 0.101913 -3.076666
v -5.790000 7.800000 248.318909
vn -4.611930 1.562875 -1.728345
v -5.790000 11.390163 248.318909
vn -3.141377 3.125708 -0.315521
v -5.790000 11.391082 248.328018
vn -3.141021 3.125577 -0.316814
v -5.790000 11.392004 248.337143
vn -4.813704 1.562743 1.411937
v -5.790000 11.392930 248.346252
vn -2.342340 -2.084234 1.368260
v -5.790000 5.300000 248.361938
vn -1.570796 -4.712388 1.570795
v -5.790000 5.300000 248.346252
vn -1.783400 -1.743932 1.981144
v -5.790000 12.381197 252.806091
vn 2.291407 -5.366802 0.789826
v -0.590000 9.787040 230.456635
vn 5.433261 -2.122672 0.312397
v -0.390000 9.984908 230.427505
vn 2.291408 -5.424611 0.000000
v -0.590000 9.900000 232.000000
vn 5.433259 -2.145538 0.000000
v -0.390000 10.100000 232.000000
vn 2.291408 -5.366802 -0.789825
v -0.590000 9.787040 233.543365
vn 5.433260 -2.122673 -0.312396
v -0.390000 9.984908 233.572495
vn 2.291398 -5.194619 -1.562831
v -0.590000 9.450566 235.053848
vn 5.433249 -2.054579 -0.618131
v -0.390000 9.642086 235.111465
vn 2.291425 -4.911691 -2.302495
v -0.590000 8.897751 236.499237
vn 5.433277 -1.942656 -0.910678
v -0.390000 9.078841 236.584137
vn 2.291399 -4.524119 -2.993132
v -0.590000 8.140377 237.848740
vn 5.433249 -1.789382 -1.183846
v -0.390000 8.307177 237.959091
vn 2.291420 -4.040091 -3.619935
v -0.590000 7.194585 239.073578
vn 5.433272 -1.597927 -1.431748
v -0.390000 7.343540 239.207047
vn 2.291418 -3.469967 -4.169611
v -0.590000 6.080534 240.147659
vn 5.433268 -1.372434 -1.649158
v -0.390000 6.208468 240.301392
vn 2.291456 -2.825888 -4.630354
v -0.590000 4.821968 241.048080
vn 5.433305 -1.117677 -1.831371
v -0.390000 4.926156 241.218811
vn 2.291400 -2.121594 -4.992537
v -0.590000 3.445710 241.755676
vn 5.433245 -0.839130 -1.974653
v -0.390000 3.523931 241.939743
vn 2.291399 -1.372052 -5.248229
v -0.590000 1.981094 242.255325
vn 5.433254 -0.542676 -2.075780
v -0.390000 2.031681 242.448822
vn 2.291439 -0.593297 -5.392037
v -0.590000 0.459335 242.536407
vn 5.433290 -0.234660 -2.132633
v -0.390000 0.481209 242.735214
vn 2.291451 0.198111 -5.420950
v -0.590000 -1.087133 242.592926
vn 5.433299 0.078356 -2.144064
v -0.390000 -1.094438 242.792801
vn 2.291392 0.985323 -5.334389
v -0.590000 -2.625351 242.423676
vn 5.433240 0.389721 -2.109867
v -0.390000 -2.661678 242.620346
vn 2.291384 1.751495 -5.134084
v -0.590000 -4.122532 242.032257
vn 5.433239 0.692757 -2.030645
v -0.390000 -4.187109 242.221542
vn 2.291348 2.480396 -4.824390
v -0.590000 -5.546769 241.427032
vn 5.433204 0.981065 -1.908167
v -0.390000 -5.638217 241.604889
vn 2.291398 3.156354 -4.411781
v -0.590000 -6.867704 240.620865
vn 5.433258 1.248397 -1.744949
v -0.390000 -6.984076 240.783524
vn 2.291411 3.765078 -3.905202
v -0.590000 -8.057186 239.630981
vn 5.433267 1.489156 -1.544579
v -0.390000 -8.196001 239.774963
vn 2.291412 4.293551 -3.315374
v -0.590000 -9.089863 238.478439
vn 5.433265 1.698180 -1.311294
v -0.390000 -9.248162 238.600677
vn 2.291368 4.730560 -2.654925
v -0.590000 -9.943724 237.187836
vn 5.433219 1.871056 -1.050079
v -0.390000 -10.118134 237.285706
vn 2.291390 5.066688 -1.937845
v -0.590000 -10.600571 235.786652
vn 5.433247 2.003980 -0.766458
v -0.390000 -10.787374 235.858093
vn 2.291404 5.294833 -1.179476
v -0.590000 -11.046404 234.304764
vn 5.433257 2.094209 -0.466507
v -0.390000 -11.241619 234.348251
vn 2.291399 5.410145 -0.395976
v -0.590000 -11.271722 232.773758
vn 5.433251 2.139822 -0.156610
v -0.390000 -11.471189 232.788345
vn 2.291399 5.410146 0.395977
v -0.590000 -11.271722 231.226242
vn 5.433252 2.139822 0.156611
v -0.390000 -11.471189 231.211655
vn 2.291404 5.294833 1.179473
v -0.590000 -11.046404 229.695236
vn 5.433257 2.094209 0.466505
v -0.390000 -11.241619 229.651749
vn 2.291392 5.066686 1.937844
v -0.590000 -10.600571 228.213348
vn 5.433245 2.003982 0.766457
v -0.390000 -10.787374 228.141907
vn 2.291365 4.730557 2.654933
v -0.590000 -9.943724 226.812164
vn 5.433221 1.871050 1.050084
v -0.390000 -10.118134 226.714294
vn 2.291410 4.293558 3.315369
v -0.590000 -9.089863 225.521561
vn 5.433268 1.698182 1.311287
v -0.390000 -9.248162 225.399323
vn 2.291412 3.765077 3.905202
v -0.590000 -8.057186 224.369019
vn 5.433264 1.489156 1.544580
v -0.390000 -8.196001 224.225037
vn 2.291402 3.156358 4.411774
v -0.590000 -6.867704 223.379135
vn 5.433254 1.248404 1.744949
v -0.390000 -6.984076 223.216476
vn 2.291349 2.480384 4.824395
v -0.590000 -5.546769 222.572968
vn 5.433202 0.981055 1.908173
v -0.390000 -5.638217 222.395111
vn 2.291381 1.751502 5.134086
v -0.590000 -4.122532 221.967743
vn 5.433240 0.692761 2.030640
v -0.390000 -4.187109 221.778458
vn 2.291389 0.985316 5.334394
v -0.590000 -2.625351 221.576324
vn 5.433243 0.389714 2.109864
v -0.390000 -2.661678 221.379654
vn 2.291448 0.198120 5.420952
v -0.590000 -1.087133 221.407074
vn 5.433301 0.078363 2.144061
v -0.390000 -1.094438 221.207199
vn 2.291441 -0.593294 5.392035
v -0.590000 0.459335 221.463593
vn 5.433289 -0.234658 2.132636
v -0.390000 0.481209 221.264786
vn 2.291403 -1.372054 5.248226
v -0.590000 1.981094 221.744675
vn 5.433251 -0.542679 2.075782
v -0.390000 2.031681 221.551178
vn 2.291396 -2.121605 4.992535
v -0.590000 3.445710 222.244324
vn 5.433249 -0.839137 1.974646
v -0.390000 3.523931 222.060257
vn 2.291454 -2.825876 4.630363
v -0.590000 4.821968 222.951920
vn 5.433308 -1.117666 1.831376
v -0.390000 4.926156 222.781189
vn 2.291420 -3.469970 4.169606
v -0.590000 6.080534 223.852341
vn 5.433266 -1.372440 1.649156
v -0.390000 6.208468 223.698608
vn 2.291420 -4.040087 3.619937
v -0.590000 7.194585 224.926422
vn 5.433272 -1.597926 1.431751
v -0.390000 7.343540 224.792953
vn 2.291400 -4.524125 2.993127
v -0.590000 8.140377 226.151260
vn 5.433250 -1.789384 1.183841
v -0.390000 8.307177 226.040909
vn 2.291425 -4.911688 2.302501
v -0.590000 8.897751 227.500763
vn 5.433279 -1.942654 0.910684
v -0.390000 9.078841 227.415863
vn 2.291398 -5.194620 1.562826
v -0.590000 9.450566 228.946152
vn 5.433249 -2.054581 0.618127
v -0.390000 9.642086 228.888535
vn 2.995473 -3.099823 -0.456199
v -1.790000 9.787040 233.543365
vn 2.995472 -3.133212 0.000000
v -1.790000 9.900000 232.000000
vn 2.995473 -3.099823 0.456198
v -1.790000 9.787040 230.456635
vn 2.995471 -3.000366 0.902676
v -1.790000 9.450566 228.946152
vn 2.995471 -3.000365 -0.902676
v -1.790000 9.450566 235.053848
vn 2.995475 -2.836962 -1.329911
v -1.790000 8.897751 236.499237
vn 2.995469 -2.613092 -1.728804
v -1.790000 8.140377 237.848740
vn 2.995474 -2.333528 -2.090852
v -1.790000 7.194585 239.073578
vn 2.995469 -2.004228 -2.408337
v -1.790000 6.080534 240.147659
vn 2.995483 -1.632223 -2.674486
v -1.790000 4.821968 241.048080
vn 2.995459 -1.225416 -2.883637
v -1.790000 3.445710 241.755676
vn 2.995476 -0.792485 -3.031334
v -1.790000 1.981094 242.255325
vn 2.995473 -0.342683 -3.114416
v -1.790000 0.459335 242.536407
vn 2.995472 0.114429 -3.131122
v -1.790000 -1.087133 242.592926
vn 2.995469 0.569109 -3.081092
v -1.790000 -2.625351 242.423676
vn 2.995481 1.011647 -2.965399
v -1.790000 -4.122532 242.032257
vn 2.995459 1.432637 -2.786495
v -1.790000 -5.546769 241.427032
vn 2.995484 1.823090 -2.548209
v -1.790000 -6.867704 240.620865
vn 2.995464 2.174678 -2.255612
v -1.790000 -8.057186 239.630981
vn 2.995478 2.479927 -1.914937
v -1.790000 -9.089863 238.478439
vn 2.995469 2.732313 -1.533453
v -1.790000 -9.943724 237.187836
vn 2.995472 2.926471 -1.119279
v -1.790000 -10.600571 235.786652
vn 2.995473 3.058252 -0.681255
v -1.790000 -11.046404 234.304764
vn 2.995472 3.124853 -0.228710
v -1.790000 -11.271722 232.773758
vn 2.995471 3.124853 0.228710
v -1.790000 -11.271722 231.226242
vn 2.995473 3.058252 0.681255
v -1.790000 -11.046404 229.695236
vn 2.995472 2.926471 1.119279
v -1.790000 -10.600571 228.213348
vn 2.995469 2.732313 1.533453
v -1.790000 -9.943724 226.812164
vn 2.995478 2.479926 1.914937
v -1.790000 -9.089863 225.521561
vn 2.995464 2.174678 2.255612
v -1.790000 -8.057186 224.369019
vn 2.995484 1.823090 2.548209
v -1.790000 -6.867704 223.379135
vn 2.995459 1.432637 2.786496
v -1.790000 -5.546769 222.572968
vn 2.995481 1.011648 2.965399
v -1.790000 -4.122532 221.967743
vn 2.995469 0.569109 3.081092
v -1.790000 -2.625351 221.576324
vn 2.995472 0.114429 3.131122
v -1.790000 -1.087133 221.407074
vn 2.995473 -0.342683 3.114416
v -1.790000 0.459335 221.463593
vn 2.995476 -0.792485 3.031334
v -1.790000 1.981094 221.744675
vn 2.995460 -1.225417 2.883637
v -1.790000 3.445710 222.244324
vn 2.995483 -1.632223 2.674485
v -1.790000 4.821968 222.951920
vn 2.995469 -2.004227 2.408337
v -1.790000 6.080534 223.852341
vn 2.995474 -2.333528 2.090852
v -1.790000 7.194585 224.926422
vn 2.995469 -2.613092 1.728804
v -1.790000 8.140377 226.151260
vn 2.995475 -2.836962 1.329911
v -1.790000 8.897751 227.500763
vn 3.138973 3.040111 0.792031
v -0.390000 -13.346022 251.361450
vn 3.882307 0.711792 2.968680
v -0.390000 -14.275772 251.676727
vn 3.756269 2.018263 1.790064
v -0.390000 -13.332728 251.310150
vn 3.414774 -1.964154 -2.414272
v -0.390000 -15.310685 249.141220
vn 3.414776 -2.542681 -1.794821
v -0.390000 -14.753039 248.544128
vn 3.138824 3.037983 0.800150
v -0.390000 -13.359450 251.412720
vn 2.390994 2.093151 1.842422
v -0.390000 -13.373015 251.463943
vn 3.414769 -1.239964 -2.854663
v -0.390000 -16.008745 249.565720
vn 4.538076 0.518207 2.765505
v -0.390000 -16.107473 252.024933
vn 3.414780 -0.423804 -3.083341
v -0.390000 -16.795448 249.786148
vn 3.414780 0.423804 -3.083341
v -0.390000 -17.612450 249.786148
vn 4.814643 0.356255 2.633829
v -0.390000 -17.957243 252.294647
vn 3.414768 1.239963 -2.854664
v -0.390000 -18.399153 249.565720
vn 4.724750 0.253684 2.701397
v -0.390000 -19.828482 252.492310
vn 3.414774 1.964153 -2.414273
v -0.390000 -19.097214 249.141220
vn 2.365711 -2.033429 1.351906
v -0.390000 -21.700001 252.627960
vn 3.414778 2.542682 -1.794819
v -0.390000 -19.654860 248.544128
vn 3.414773 2.932630 -1.042254
v -0.390000 -20.030731 247.818726
vn 3.122472 -3.141305 -0.030032
v -0.390000 -21.700001 246.576157
vn 3.414774 3.105076 -0.212394
v -0.390000 -20.196955 247.018814
vn 3.414777 3.047234 0.633224
v -0.390000 -20.141201 246.203720
vn 3.100012 -3.138414 -0.125322
v -0.390000 -21.685658 245.826080
vn 3.414772 2.763393 1.431876
v -0.390000 -19.867605 245.433899
vn 3.071530 -3.125289 -0.300108
v -0.390000 -21.643848 245.138153
vn 3.032853 -3.083346 -0.577442
v -0.390000 -21.485157 243.931503
vn 3.414780 2.274599 2.124335
v -0.390000 -19.396458 244.766434
vn 3.020235 -2.995584 -0.927239
v -0.390000 -21.238575 242.921707
vn 3.414762 1.617124 2.659236
v -0.390000 -18.762701 244.250839
vn 3.018369 -2.859940 -1.285662
v -0.390000 -20.918751 242.074234
vn 3.414778 0.839715 2.996912
v -0.390000 -18.013340 243.925339
vn 3.032431 -2.692710 -1.609208
v -0.390000 -20.540333 241.354553
vn 3.044309 -2.513336 -1.878673
v -0.390000 -20.117970 240.728149
vn 3.414783 -0.000000 3.112330
v -0.390000 -17.203949 243.814087
vn 3.159288 -2.439429 -1.979362
v -0.390000 -19.200001 239.617111
vn 3.414779 -0.839715 2.996912
v -0.390000 -16.394558 243.925339
vn 3.256950 -2.561695 -1.809554
v -0.390000 -18.282032 238.464951
vn 3.414762 -1.617124 2.659235
v -0.390000 -15.645197 244.250839
vn 3.252781 -2.750365 -1.508170
v -0.390000 -17.859669 237.787140
vn 3.259385 -2.904298 -1.183389
v -0.390000 -17.481251 236.995483
vn 3.253242 -3.021331 -0.842853
v -0.390000 -17.161427 236.055466
vn 3.216238 -3.089358 -0.558314
v -0.390000 -16.914845 234.932556
vn 3.186874 -3.118657 -0.372185
v -0.390000 -16.823597 234.291733
vn 3.182908 -3.131987 -0.236754
v -0.390000 -16.756153 233.592239
vn 3.179072 -3.139003 -0.113149
v -0.390000 -16.714344 232.829773
vn 3.098456 -3.138493 -0.121988
v -0.390000 -16.700001 232.000000
vn 3.020763 -3.112997 -0.377986
v -0.390000 -16.583342 230.071411
vn 3.020760 -3.044738 -0.750461
v -0.390000 -16.235069 228.170944
vn 3.020765 -2.932082 -1.111991
v -0.390000 -15.660260 226.326324
vn 3.020759 -2.776667 -1.457308
v -0.390000 -14.867296 224.564423
vn 3.020767 -2.580764 -1.781371
v -0.390000 -13.867742 222.910965
vn 3.020754 -2.347223 -2.079463
v -0.390000 -12.676172 221.390030
vn 3.020769 -2.079457 -2.347230
v -0.390000 -11.309962 220.023834
vn 3.020762 -1.781376 -2.580760
v -0.390000 -9.789036 218.832260
vn 3.020763 -1.457313 -2.776664
v -0.390000 -8.135571 217.832703
vn 3.020754 -1.111987 -2.932082
v -0.390000 -6.373678 217.039734
vn 3.020772 -0.750460 -3.044740
v -0.390000 -4.529051 216.464935
vn 3.020755 -0.377990 -3.112996
v -0.390000 -2.628587 216.116653
vn 3.020767 -0.000000 -3.135861
v -0.390000 -0.700000 216.000000
vn 3.020755 0.377990 -3.112996
v -0.390000 1.228587 216.116653
vn 3.020772 0.750460 -3.044740
v -0.390000 3.129051 216.464935
vn 3.020755 1.111987 -2.932082
v -0.390000 4.973678 217.039734
vn 3.020763 1.457312 -2.776664
v -0.390000 6.735571 217.832703
vn 3.020762 1.781376 -2.580760
v -0.390000 8.389036 218.832260
vn 3.020769 2.079457 -2.347229
v -0.390000 9.909963 220.023834
vn 3.020755 2.347223 -2.079463
v -0.390000 11.276172 221.390030
vn 3.020767 2.580764 -1.781372
v -0.390000 12.467742 222.910965
vn 3.020758 2.776667 -1.457307
v -0.390000 13.467297 224.564423
vn 3.020765 2.932082 -1.111990
v -0.390000 14.260260 226.326324
vn 3.020761 3.044738 -0.750462
v -0.390000 14.835069 228.170944
vn 3.020762 3.112997 -0.377986
v -0.390000 15.183342 230.071411
vn 3.098457 3.138492 -0.121987
v -0.390000 15.300000 232.000000
vn 3.179072 3.139003 -0.113149
v -0.390000 15.314343 232.829773
vn 3.182908 3.131987 -0.236754
v -0.390000 15.356153 233.592239
vn 3.186875 3.118657 -0.372184
v -0.390000 15.423596 234.291733
vn 3.216237 3.089358 -0.558314
v -0.390000 15.514844 234.932556
vn 3.253242 3.021331 -0.842851
v -0.390000 15.761426 236.055466
vn 3.259388 2.904299 -1.183387
v -0.390000 16.081249 236.995483
vn 3.252782 2.750365 -1.508170
v -0.390000 16.459667 237.787140
vn 3.256950 2.561695 -1.809554
v -0.390000 16.882030 238.464951
vn 3.414778 0.839715 2.996912
v -0.390000 14.994558 243.925339
vn 3.159287 2.439429 -1.979362
v -0.390000 17.799999 239.617111
vn 3.414783 -0.000000 3.112330
v -0.390000 15.803949 243.814087
vn 3.044309 2.513337 -1.878674
v -0.390000 18.717968 240.728149
vn 3.414778 -0.839715 2.996912
v -0.390000 16.613340 243.925339
vn 3.032432 2.692708 -1.609207
v -0.390000 19.140331 241.354553
vn 3.018369 2.859939 -1.285661
v -0.390000 19.518749 242.074234
vn 3.414763 -1.617125 2.659235
v -0.390000 17.362701 244.250839
vn 3.020235 2.995586 -0.927240
v -0.390000 19.838573 242.921707
vn 3.414777 -2.274599 2.124336
v -0.390000 17.996456 244.766434
vn 3.032853 3.083345 -0.577442
v -0.390000 20.085155 243.931503
vn 3.414774 -2.763391 1.431879
v -0.390000 18.467606 245.433899
vn 3.071530 3.125290 -0.300108
v -0.390000 20.243847 245.138153
vn 3.100012 3.138412 -0.125322
v -0.390000 20.285656 245.826080
vn 3.414777 -3.047234 0.633224
v -0.390000 18.741201 246.203720
vn 3.122473 3.141305 -0.030032
v -0.390000 20.299999 246.576157
vn 3.414774 -3.105076 -0.212394
v -0.390000 18.796955 247.018814
vn 3.414775 -2.932628 -1.042257
v -0.390000 18.630732 247.818726
vn 2.365711 2.033429 1.351906
v -0.390000 20.299999 252.627960
vn 3.414775 -2.542680 -1.794822
v -0.390000 18.254858 248.544128
vn 3.414773 -1.964155 -2.414272
v -0.390000 17.697212 249.141220
vn 4.724750 -0.253684 2.701397
v -0.390000 18.428482 252.492310
vn 3.414770 -1.239964 -2.854663
v -0.390000 16.999153 249.565720
vn 4.531466 -0.334503 2.797381
v -0.390000 16.557243 252.294647
vn 3.414779 -0.423803 -3.083341
v -0.390000 16.212448 249.786148
vn 4.538076 -0.518207 2.765506
v -0.390000 14.707473 252.024933
vn 3.414780 0.423803 -3.083341
v -0.390000 15.395450 249.786148
vn 3.414769 1.239964 -2.854664
v -0.390000 14.608746 249.565720
vn 3.882311 -0.711792 2.968680
v -0.390000 12.875772 251.676727
vn 3.414774 1.964154 -2.414272
v -0.390000 13.910686 249.141220
vn 3.756309 -2.018261 1.790064
v -0.390000 11.932728 251.310150
vn 3.414776 2.542680 -1.794822
v -0.390000 13.353040 248.544128
vn 3.414775 2.932629 -1.042257
v -0.390000 12.977166 247.818726
vn 3.414776 3.105076 -0.212392
v -0.390000 12.810943 247.018814
vn 3.414774 3.047234 0.633226
v -0.390000 12.866697 246.203720
vn 3.414773 2.763392 1.431877
v -0.390000 13.140293 245.433899
vn 3.414778 2.274599 2.124336
v -0.390000 13.611442 244.766434
vn 3.414763 1.617124 2.659235
v -0.390000 14.245197 244.250839
vn 2.390977 -2.093158 1.842395
v -0.390000 11.973015 251.463943
vn 3.138858 -3.037984 0.800150
v -0.390000 11.959451 251.412720
vn 3.138955 -3.040104 0.792057
v -0.390000 11.946021 251.361450
vn 3.414774 -2.932629 -1.042255
v -0.390000 -14.377167 247.818726
vn 3.414775 -3.105076 -0.212394
v -0.390000 -14.210943 247.018814
vn 3.414777 -3.047233 0.633226
v -0.390000 -14.266697 246.203720
vn 3.414772 -2.763393 1.431878
v -0.390000 -14.540294 245.433899
vn 3.414779 -2.274600 2.124335
v -0.390000 -15.011441 244.766434
vn -3.276521 2.934633 -1.101219
v -8.990000 -4.333641 238.019852
vn -3.006665 2.934632 -1.101219
v -9.990000 -4.333641 238.019852
vn -3.582020 3.057934 -0.218437
v -8.990000 -4.302248 238.124466
vn -2.701165 3.057934 -0.218437
v -9.990000 -4.302248 238.124466
vn -2.701117 2.859197 1.106150
v -9.990000 -4.318452 238.232483
vn -3.582069 2.859197 1.106150
v -8.990000 -4.318452 238.232483
vn -2.701261 2.114848 2.219526
v -9.990000 -4.379159 238.323273
vn -3.581924 2.114848 2.219526
v -8.990000 -4.379159 238.323273
vn -2.700984 0.966632 2.909281
v -9.990000 -4.472783 238.379532
vn -3.582201 0.966631 2.909281
v -8.990000 -4.472783 238.379532
vn -2.701273 -0.366041 3.043833
v -9.990000 -4.581453 238.390488
vn -3.581912 -0.366040 3.043832
v -8.990000 -4.581453 238.390488
vn -0.158205 -2.995334 5.489763
v -8.990000 -4.684427 238.354080
vn -2.841583 -1.466066 2.737599
v -9.990000 -4.684427 238.354080
vn -3.312170 2.949767 -1.047309
v -9.990000 -4.562687 237.515717
vn -2.971016 2.949768 -1.047309
v -8.990000 -4.562687 237.515717
vn -2.971007 3.084740 -0.531371
v -8.990000 -4.702829 236.980026
vn -3.056302 3.135883 -0.133813
v -8.990000 -4.750000 236.428314
vn -3.226884 3.135883 -0.133813
v -9.990000 -4.750000 236.428314
vn -3.312178 3.084740 -0.531371
v -9.990000 -4.702829 236.980026
vn -0.158204 2.995335 5.489762
v -8.990000 3.284427 238.354080
vn -2.841584 1.466067 2.737598
v -9.990000 3.284427 238.354080
vn -3.581913 0.366041 3.043831
v -8.990000 3.181453 238.390488
vn -2.701272 0.366041 3.043832
v -9.990000 3.181453 238.390488
vn -2.700984 -0.966631 2.909281
v -9.990000 3.072783 238.379532
vn -3.582201 -0.966632 2.909281
v -8.990000 3.072783 238.379532
vn -2.701263 -2.114847 2.219528
v -9.990000 2.979160 238.323273
vn -3.581923 -2.114846 2.219528
v -8.990000 2.979160 238.323273
vn -2.701115 -2.859195 1.106152
v -9.990000 2.918452 238.232483
vn -3.582070 -2.859195 1.106152
v -8.990000 2.918452 238.232483
vn -2.701165 -3.057934 -0.218437
v -9.990000 2.902248 238.124466
vn -3.582020 -3.057934 -0.218437
v -8.990000 2.902248 238.124466
vn -3.276521 -2.934632 -1.101219
v -8.990000 2.933640 238.019852
vn -3.006665 -2.934633 -1.101219
v -9.990000 2.933640 238.019852
vn -3.030790 -1.383868 2.815293
v -8.990000 -3.990426 238.739670
vn -2.980354 -2.092482 2.328651
v -9.990000 -5.713717 237.577866
vn -2.981139 -2.460406 1.935926
v -9.990000 -6.594873 236.636856
vn -2.981858 -2.755644 1.485972
v -9.990000 -7.301863 235.558853
vn -2.982536 -2.969462 0.992093
v -9.990000 -7.813796 234.375687
vn -2.983141 -3.095535 0.468890
v -9.990000 -8.115548 233.122345
vn -2.983695 -3.130137 -0.068190
v -9.990000 -8.198203 231.835831
vn -2.984187 -3.072242 -0.603265
v -9.990000 -8.059319 230.554169
vn -2.984626 -2.923560 -1.120523
v -9.990000 -7.703001 229.315231
vn -2.984999 -2.688479 -1.604678
v -9.990000 -7.139774 228.155609
vn -2.985312 -2.373943 -2.041428
v -9.990000 -6.386280 227.109573
vn -2.985589 -1.989261 -2.417849
v -9.990000 -5.464782 226.208038
vn -2.985778 -1.545784 -2.722823
v -9.990000 -4.402505 225.477615
vn -2.985933 -1.056619 -2.947344
v -9.990000 -3.230836 224.939911
vn -2.986009 -0.536236 -3.084762
v -9.990000 -1.984392 224.610794
vn -2.986045 0.000000 -3.131025
v -9.990000 -0.700000 224.500000
vn -2.986009 0.536236 -3.084762
v -9.990000 0.584392 224.610794
vn -2.985933 1.056619 -2.947344
v -9.990000 1.830836 224.939911
vn -2.985777 1.545784 -2.722823
v -9.990000 3.002506 225.477615
vn -2.985590 1.989260 -2.417848
v -9.990000 4.064782 226.208038
vn -2.985312 2.373943 -2.041428
v -9.990000 4.986280 227.109573
vn -2.984999 2.688479 -1.604678
v -9.990000 5.739774 228.155609
vn -2.984626 2.923560 -1.120523
v -9.990000 6.303000 229.315231
vn -2.984187 3.072242 -0.603266
v -9.990000 6.659319 230.554169
vn -2.983696 3.130137 -0.068190
v -9.990000 6.798203 231.835831
vn -2.983141 3.095535 0.468890
v -9.990000 6.715548 233.122345
vn -2.982536 2.969462 0.992093
v -9.990000 6.413796 234.375687
vn -2.981858 2.755644 1.485972
v -9.990000 5.901863 235.558853
vn -2.981139 2.460405 1.935926
v -9.990000 5.194873 236.636856
vn -2.980354 2.092482 2.328651
v -9.990000 4.313717 237.577866
vn -3.030787 1.383868 2.815293
v -8.990000 2.590426 238.739670
vn -3.036340 1.067834 2.949999
v -8.990000 1.859554 239.049728
vn -1.275481 -1.113630 1.502797
v -8.990000 1.100000 239.280792
vn -3.036340 -1.067834 2.949998
v -8.990000 -3.259554 239.049728
vn -1.275482 1.113630 1.502797
v -8.990000 -2.500000 239.280792
vn -3.339979 2.723080 1.535464
v -9.990000 -3.411313 230.603119
vn -3.224081 2.923092 1.143836
v -9.990000 -3.785431 231.454010
vn -2.943206 2.723080 1.535464
v -8.990000 -3.411313 230.603119
vn -3.059105 2.923092 1.143836
v -8.990000 -3.785431 231.454010
vn -3.201892 2.998426 0.932779
v -9.990000 -4.134195 232.466446
vn -3.081294 2.998426 0.932779
v -8.990000 -4.134195 232.466446
vn -3.201693 3.049123 0.750696
v -9.990000 -4.429650 233.528015
vn -3.081492 3.049123 0.750696
v -8.990000 -4.429650 233.528015
vn -3.206301 3.089782 0.559039
v -9.990000 -4.643844 234.526337
vn -3.076884 3.089782 0.559039
v -8.990000 -4.643844 234.526337
vn -3.225183 3.121613 0.328492
v -9.990000 -4.721889 235.054733
vn -3.058002 3.121613 0.328492
v -8.990000 -4.721889 235.054733
vn -3.204643 3.138472 0.098974
v -9.990000 -4.750000 235.500000
vn -3.078542 3.138472 0.098974
v -8.990000 -4.750000 235.500000
vn -2.971016 -2.949767 -1.047310
v -8.990000 3.162687 237.515717
vn -3.312169 -2.949768 -1.047310
v -9.990000 3.162687 237.515717
vn -3.312179 -3.084740 -0.531371
v -9.990000 3.302830 236.980026
vn -3.226883 -3.135883 -0.133812
v -9.990000 3.350000 236.428314
vn -3.056302 -3.135883 -0.133812
v -8.990000 3.350000 236.428314
vn -2.971007 -3.084740 -0.531371
v -8.990000 3.302830 236.980026
vn -3.204643 -3.138472 0.098973
v -9.990000 3.350000 235.500000
vn -3.078543 -3.138472 0.098973
v -8.990000 3.350000 235.500000
vn -3.225184 -3.121613 0.328492
v -9.990000 3.321889 235.054733
vn -3.058001 -3.121613 0.328492
v -8.990000 3.321889 235.054733
vn -3.206300 -3.089781 0.559040
v -9.990000 3.243844 234.526337
vn -3.076885 -3.089782 0.559040
v -8.990000 3.243844 234.526337
vn -3.201693 -3.049123 0.750696
v -9.990000 3.029650 233.528015
vn -3.081493 -3.049123 0.750696
v -8.990000 3.029650 233.528015
vn -3.201892 -2.998426 0.932779
v -9.990000 2.734195 232.466446
vn -3.081294 -2.998426 0.932779
v -8.990000 2.734195 232.466446
vn -3.224080 -2.923092 1.143835
v -9.990000 2.385431 231.454010
vn -3.059105 -2.923092 1.143835
v -8.990000 2.385431 231.454010
vn -3.339980 -2.723079 1.535464
v -9.990000 2.011313 230.603119
vn -2.943206 -2.723079 1.535464
v -8.990000 2.011313 230.603119
vn -2.867833 -2.278222 2.120270
v -8.990000 1.532686 229.922119
vn -3.415352 -2.278222 2.120270
v -9.990000 1.532686 229.922119
vn -2.867830 -1.620158 2.657240
v -8.990000 0.887767 229.395874
vn -3.415355 -1.620158 2.657240
v -9.990000 0.887767 229.395874
vn -2.867829 -0.841423 2.996305
v -8.990000 0.124591 229.063583
vn -3.415356 -0.841423 2.996305
v -9.990000 0.124591 229.063583
vn -2.867818 -0.000000 3.112205
v -8.990000 -0.700000 228.949997
vn -3.415367 0.000000 3.112205
v -9.990000 -0.700000 228.949997
vn -2.867829 0.841423 2.996305
v -8.990000 -1.524591 229.063583
vn -3.415356 0.841423 2.996305
v -9.990000 -1.524591 229.063583
vn -2.867830 1.620158 2.657239
v -8.990000 -2.287767 229.395874
vn -3.415355 1.620158 2.657240
v -9.990000 -2.287767 229.395874
vn -2.867833 2.278222 2.120270
v -8.990000 -2.932686 229.922119
vn -3.415353 2.278222 2.120270
v -9.990000 -2.932686 229.922119
vn -3.316126 -3.117733 0.272768
v -8.990000 1.100000 232.000000
vn -3.490657 -2.907281 1.058166
v -8.990000 0.991447 231.384369
vn -3.490644 -2.370056 1.988683
v -8.990000 0.678880 230.842987
vn -3.490677 -1.546946 2.679353
v -8.990000 0.200000 230.441147
vn -3.490655 -0.537239 3.046865
v -8.990000 -0.387433 230.227341
vn -3.490655 0.537240 3.046865
v -8.990000 -1.012567 230.227341
vn -3.490677 1.546946 2.679352
v -8.990000 -1.600000 230.441147
vn -3.490644 2.370055 1.988682
v -8.990000 -2.078880 230.842987
vn -3.490657 2.907283 1.058166
v -8.990000 -2.391447 231.384369
vn -3.316126 3.117732 0.272768
v -8.990000 -2.500000 232.000000
vn -3.108035 -0.408670 -3.007291
v -5.798419 -9.070517 248.318909
vn -3.030376 -0.802302 -3.007222
v -5.823532 -8.943213 248.318909
vn -2.847210 -1.180309 -3.526865
v -5.866120 -8.817317 242.318909
vn -4.458243 -1.164042 2.929299
v -5.864917 -8.820234 248.318909
vn -4.127999 -1.825393 2.957947
v -6.033001 -8.546644 248.218353
vn -2.180335 -2.178596 -3.526356
v -6.082893 -8.492893 242.318909
vn -3.592452 -2.437115 2.856377
v -6.258788 -8.353053 248.074203
vn -1.179330 -2.847887 -3.524869
v -6.407317 -8.276120 242.318909
vn -2.944455 -2.863704 2.748956
v -6.523571 -8.236316 247.891113
vn -0.303568 -3.111977 -3.333472
v -6.790000 -8.200000 242.318909
vn -2.369113 -3.026199 2.500624
v -6.790000 -8.200000 247.690369
vn -0.813641 -0.525284 -0.221353
v -5.864917 -12.790164 248.318909
vn -4.127999 1.825393 2.957947
v -6.033001 7.146644 248.218353
vn -4.457446 1.164064 2.929783
v -5.864917 7.420234 248.318909
vn -2.847209 1.180309 -3.526866
v -5.866120 7.417316 242.318909
vn -3.030376 0.802300 -3.007223
v -5.823532 7.543214 248.318909
vn -3.108035 0.408670 -3.007291
v -5.798419 7.670517 248.318909
vn -2.180333 2.178598 -3.526356
v -6.082893 7.092893 242.318909
vn -3.592451 2.437115 2.856377
v -6.258788 6.953053 248.074203
vn -1.179328 2.847888 -3.524868
v -6.407317 6.876121 242.318909
vn -2.944455 2.863704 2.748957
v -6.523571 6.836316 247.891113
vn -0.303568 3.111977 -3.333472
v -6.790000 6.800000 242.318909
vn -2.369109 3.026200 2.500623
v -6.790000 6.800000 247.690369
vn -2.296967 3.007523 2.131348
v -7.710629 6.800000 246.841080
vn -2.602559 3.013232 1.745796
v -8.487411 6.800000 245.858505
vn -0.357173 2.914517 -3.100435
v -8.575422 6.800000 242.318909
vn -2.846708 3.014786 1.309708
v -9.101306 6.800000 244.766724
vn -1.363680 2.686318 -2.738489
v -9.021147 6.800000 242.423737
vn -2.441363 2.685578 -1.843359
v -9.373421 6.800000 242.716248
vn -3.006878 2.683980 -0.561528
v -9.558387 6.800000 243.135101
vn -3.044062 2.843817 0.613769
v -9.537265 6.800000 243.592514
vn -0.813667 0.525283 -0.221362
v -5.864917 11.390163 248.318909
vn -2.296967 -3.007523 2.131348
v -7.710629 -8.200000 246.841080
vn -2.602559 -3.013232 1.745796
v -8.487411 -8.200000 245.858505
vn -0.357173 -2.914517 -3.100435
v -8.575422 -8.200000 242.318909
vn -2.846709 -3.014791 1.309712
v -9.101306 -8.200000 244.766724
vn -1.363680 -2.686318 -2.738489
v -9.021147 -8.200000 242.423737
vn -2.441363 -2.685578 -1.843359
v -9.373421 -8.200000 242.716248
vn -3.044120 -2.842174 0.612585
v -9.537265 -8.200000 243.592514
vn -3.006824 -2.682353 -0.560351
v -9.558387 -8.200000 243.135101
vn -6.121214 -0.139214 1.083730
v -9.537276 4.604002 243.592514
vn -5.907745 -0.534041 -1.081537
v -9.560584 4.503572 243.147278
vn -4.742321 -0.934128 -3.400752
v -9.386072 4.420970 242.733368
vn -2.680967 -1.163739 -5.035401
v -9.044444 4.374387 242.435715
vn -0.786502 -1.213797 -5.836101
v -8.603678 4.375628 242.319305
vn -0.022456 -1.365664 -5.963850
v -8.575422 4.376440 242.318909
vn -1.572792 -3.123027 2.405046
v -5.849138 -12.791085 248.328064
vn -1.566331 -3.123597 2.406958
v -5.833338 -12.792007 248.337173
vn -0.756646 -2.604986 2.624696
v -5.817517 -12.792930 248.346252
vn -1.570796 -1.570796 1.570796
v -5.790000 5.300000 246.785110
vn -1.570878 1.570796 1.570876
v -5.790000 -6.700000 246.785110
vn -2.581487 -4.013492 1.202526
v -5.790000 5.300000 246.792419
vn -2.581406 4.013492 1.202527
v -5.790000 -6.700000 246.792419
vn 3.305038 -3.133229 0.022647
v -1.790000 8.300000 232.000000
vn 3.304999 -3.096287 -0.480245
v -1.790000 8.183453 233.443695
vn 3.304966 -2.979156 -0.970698
v -1.790000 7.836828 234.850006
vn 3.304933 -2.784871 -1.436006
v -1.790000 7.269104 236.182510
vn 3.304891 -2.518456 -1.864135
v -1.790000 6.494985 237.406677
vn 3.304890 -2.186821 -2.243973
v -1.790000 5.534519 238.490829
vn 3.304857 -1.798540 -2.565706
v -1.790000 4.412583 239.406860
vn 3.304811 -1.363695 -2.820981
v -1.790000 3.158233 240.131058
vn 3.304781 -0.893523 -3.003200
v -1.790000 1.803957 240.644669
vn 3.294167 -0.419109 -3.106338
v -1.790000 0.384830 240.934387
vn 3.214541 0.147909 -3.133225
v -1.790000 -1.062393 240.992706
vn 3.305975 0.604775 -3.074413
v -1.790000 -2.500231 240.818115
vn 3.305939 1.090101 -2.937591
v -1.790000 -3.891444 240.415146
vn 3.305951 1.547201 -2.724685
v -1.790000 -5.200000 239.794235
vn 3.305904 1.964225 -2.441221
v -1.790000 -6.392008 238.971451
vn 3.305873 2.330386 -2.094526
v -1.790000 -7.436597 237.968109
vn 3.305821 2.636186 -1.693594
v -1.790000 -8.306711 236.810196
vn 3.305778 2.873719 -1.248790
v -1.790000 -8.979815 235.527695
vn 3.305751 3.036819 -0.771659
v -1.790000 -9.438477 234.153839
vn 3.305712 3.121276 -0.274531
v -1.790000 -9.670815 232.724197
vn 3.305680 3.124894 0.229699
v -1.790000 -9.670815 231.275803
vn 3.305645 3.047582 0.727987
v -1.790000 -9.438477 229.846161
vn 3.305610 2.891342 1.207417
v -1.790000 -8.979815 228.472305
vn 3.305607 2.660220 1.655574
v -1.790000 -8.306711 227.189804
vn 3.305576 2.360203 2.060858
v -1.790000 -7.436597 226.031891
vn 3.305553 1.999057 2.412769
v -1.790000 -6.392008 225.028549
vn 3.305500 1.586148 2.702188
v -1.790000 -5.200000 224.205765
vn 3.305441 1.132142 2.921635
v -1.790000 -3.891444 223.584854
vn 3.305430 0.648834 3.065403
v -1.790000 -2.500231 223.181885
vn 3.305413 0.148725 3.129784
v -1.790000 -1.062393 223.007294
vn 3.305403 -0.355262 3.113109
v -1.790000 0.384830 223.065613
vn 3.305352 -0.850022 3.015812
v -1.790000 1.803957 223.355331
vn 3.305278 -1.322774 2.840411
v -1.790000 3.158233 223.868942
vn 3.305274 -1.761283 2.591435
v -1.790000 4.412583 224.593140
vn 3.305250 -2.154159 2.275355
v -1.790000 5.534519 225.509171
vn 3.305176 -2.491253 1.900345
v -1.790000 6.494985 226.593323
vn 3.305159 -2.763824 1.476117
v -1.790000 7.269104 227.817490
vn 3.305096 -2.964816 1.013662
v -1.790000 7.836828 229.149994
vn 3.305061 -3.089023 0.524952
v -1.790000 8.183453 230.556305
vn 1.328910 -2.692786 -2.759508
v -8.146894 4.100000 236.400970
vn 2.394620 -2.692798 -1.909636
v -8.494842 4.100000 236.123489
vn 0.349529 -2.917197 -3.102211
v -7.713010 4.100000 236.500000
vn 4.712389 -1.570799 -1.570796
v -0.390000 4.100000 236.500000
vn 2.986035 -2.692794 -0.681543
v -8.687939 4.100000 235.722519
vn 4.712389 -1.570798 1.570796
v -0.390000 4.100000 234.500000
vn 2.986035 -2.692794 0.681543
v -8.687939 4.100000 235.277481
vn 2.394619 -2.692798 1.909636
v -8.494842 4.100000 234.876511
vn 1.328910 -2.692786 2.759508
v -8.146894 4.100000 234.599030
vn 0.349529 -2.917197 3.102211
v -7.713010 4.100000 234.500000
vn 1.328910 2.692786 2.759508
v -8.146894 -5.500000 234.599030
vn 2.394620 2.692798 1.909636
v -8.494842 -5.500000 234.876511
vn 0.349529 2.917197 3.102211
v -7.713010 -5.500000 234.500000
vn 4.712389 1.570798 1.570796
v -0.390000 -5.500000 234.500000
vn 2.986035 2.692794 0.681543
v -8.687939 -5.500000 235.277481
vn 2.986035 2.692794 -0.681543
v -8.687939 -5.500000 235.722519
vn 4.712389 1.570799 -1.570796
v -0.390000 -5.500000 236.500000
vn 2.394619 2.692798 -1.909636
v -8.494842 -5.500000 236.123489
vn 0.349529 2.917197 -3.102211
v -7.713010 -5.500000 236.500000
vn 1.328910 2.692786 -2.759508
v -8.146894 -5.500000 236.400970
vn 2.978101 -3.129858 -0.147040
v -2.390000 8.292909 232.357208
vn 2.978063 -3.112933 0.356762
v -2.390000 8.233815 230.910522
vn 2.978024 -3.015440 0.851325
v -2.390000 7.943506 229.492050
vn 2.978014 -2.839908 1.323848
v -2.390000 7.429494 228.138489
vn 2.977975 -2.590867 1.762119
v -2.390000 6.705084 226.884857
vn 2.977959 -2.274778 2.154773
v -2.390000 5.789022 225.763611
vn 2.977947 -1.899808 2.491668
v -2.390000 4.705019 224.803772
vn 2.977859 -1.475658 2.764072
v -2.390000 3.481128 224.030167
vn 2.977864 -1.013325 2.964937
v -2.390000 2.149026 223.462845
vn 2.977864 -0.524773 3.089063
v -2.390000 0.743189 223.116470
vn 2.977791 -0.022619 3.133236
v -2.390000 -0.700000 223.000000
vn 2.977767 0.480111 3.096319
v -2.390000 -2.143189 223.116470
vn 2.977703 0.970403 2.979263
v -2.390000 -3.549026 223.462845
vn 2.977656 1.435593 2.785096
v -2.390000 -4.881128 224.030167
vn 2.977674 1.863632 2.518847
v -2.390000 -6.105019 224.803772
vn 2.977623 2.243429 2.187405
v -2.390000 -7.189023 225.763611
vn 2.977587 2.565164 1.799348
v -2.390000 -8.105083 226.884857
vn 2.977534 2.820506 1.364719
v -2.390000 -8.829494 228.138489
vn 2.977484 3.002846 0.894778
v -2.390000 -9.343506 229.492050
vn 2.977450 3.107472 0.401668
v -2.390000 -9.633815 230.910522
vn 2.977421 3.131670 -0.101838
v -2.390000 -9.692908 232.357208
vn 2.977383 3.074813 -0.602706
v -2.390000 -9.519258 233.794632
vn 2.977360 2.938376 -1.087972
v -2.390000 -9.117354 235.185608
vn 2.977305 2.725886 -1.545081
v -2.390000 -8.497603 236.494156
vn 2.977309 2.442847 -1.962204
v -2.390000 -7.676042 237.686371
vn 2.977260 2.096579 -2.328542
v -2.390000 -6.673934 238.731430
vn 2.977249 1.696051 -2.634611
v -2.390000 -5.517215 239.602264
vn 2.977179 1.251615 -2.872493
v -2.390000 -4.235822 240.276352
vn 2.977132 0.774796 -3.036024
v -2.390000 -2.862919 240.736237
vn -1.799321 3.678864 -2.111142
v -2.390000 -1.434037 240.970016
vn -2.853292 1.468592 -3.217801
v -2.149681 -1.102461 240.990997
vn -3.357535 -0.089602 -3.187128
v -2.063502 -0.700022 241.000000
vn 2.978131 -3.065775 -0.647030
v -2.390000 8.119257 233.794632
vn 2.978176 -2.922348 -1.130268
v -2.390000 7.717355 235.185608
vn 2.978186 -2.703280 -1.584262
v -2.390000 7.097603 236.494156
vn 2.978247 -2.414256 -1.997244
v -2.390000 6.276042 237.686371
vn 2.978286 -2.062738 -2.358542
v -2.390000 5.273934 238.731430
vn 2.978333 -1.657835 -2.658795
v -2.390000 4.117216 239.602264
vn 2.978348 -1.210031 -2.890229
v -2.390000 2.835822 240.276352
vn 2.978390 -0.730904 -3.046863
v -2.390000 1.462919 240.736237
vn -1.743112 -3.654603 -2.115174
v -2.390000 0.034037 240.970016
vn -3.066825 -1.471141 -3.207424
v -2.149701 -0.297498 240.990997
vn 1.570796 1.570796 1.570796
v -0.390000 -2.500000 234.500000
vn 0.349529 3.365988 3.102211
v -7.713010 -2.500000 234.500000
vn 1.328910 3.590400 2.759508
v -8.146894 -2.500000 234.599030
vn 2.394619 3.590387 1.909636
v -8.494842 -2.500000 234.876511
vn 2.986035 3.590391 0.681543
v -8.687939 -2.500000 235.277481
vn 2.986035 3.590392 -0.681543
v -8.687939 -2.500000 235.722519
vn 2.394620 3.590388 -1.909636
v -8.494842 -2.500000 236.123489
vn 1.328910 3.590400 -2.759508
v -8.146894 -2.500000 236.400970
vn 0.349529 3.365989 -3.102211
v -7.713010 -2.500000 236.500000
vn 1.570796 1.570796 -1.570796
v -0.390000 -2.500000 236.500000
vn 1.920916 -4.173590 1.475499
v -2.390000 1.100000 238.764618
vn 3.321680 1.333169 2.830629
v -2.390000 2.282589 238.332779
vn 4.503915 -1.895900 -1.536785
v -2.390000 1.100000 239.500000
vn 3.321688 1.818627 2.546053
v -2.390000 3.368702 237.696106
vn 3.321690 2.245273 2.179114
v -2.390000 4.323204 236.875183
vn 3.321687 2.599290 1.741689
v -2.390000 5.115222 235.896561
vn 3.321690 2.869229 1.247925
v -2.390000 5.719136 234.791901
vn 3.321687 3.046357 0.713793
v -2.390000 6.115411 233.596924
vn 3.321688 3.124944 0.156576
v -2.390000 6.291230 232.350296
vn 3.321689 3.102449 -0.405709
v -2.390000 6.240904 231.092331
vn 3.321686 2.979601 -0.954868
v -2.390000 5.966062 229.863739
vn 3.321691 2.760370 -1.473142
v -2.390000 5.475595 228.704239
vn 3.321683 2.451854 -1.943761
v -2.390000 4.785366 227.651352
vn 3.321693 2.064025 -2.351508
v -2.390000 3.917703 226.739120
vn 3.321683 1.609433 -2.683192
v -2.390000 2.900672 225.997070
vn 3.321700 1.102769 -2.928085
v -2.390000 1.767171 225.449188
vn 3.321674 0.560448 -3.078263
v -2.390000 0.553865 225.113220
vn 3.321698 0.000000 -3.128863
v -2.390000 -0.700000 225.000000
vn 3.321674 -0.560448 -3.078263
v -2.390000 -1.953865 225.113220
vn 3.321700 -1.102769 -2.928085
v -2.390000 -3.167171 225.449188
vn 3.321683 -1.609433 -2.683192
v -2.390000 -4.300672 225.997070
vn 3.321693 -2.064025 -2.351508
v -2.390000 -5.317703 226.739120
vn 3.321683 -2.451854 -1.943761
v -2.390000 -6.185366 227.651352
vn 3.321691 -2.760370 -1.473142
v -2.390000 -6.875594 228.704239
vn 3.321686 -2.979600 -0.954869
v -2.390000 -7.366062 229.863739
vn 3.321690 -3.102449 -0.405710
v -2.390000 -7.640904 231.092331
vn 3.321688 -3.124944 0.156576
v -2.390000 -7.691230 232.350296
vn 3.321687 -3.046357 0.713793
v -2.390000 -7.515411 233.596924
vn 3.321690 -2.869229 1.247925
v -2.390000 -7.119136 234.791901
vn 3.321687 -2.599290 1.741689
v -2.390000 -6.515222 235.896561
vn 3.321690 -2.245273 2.179115
v -2.390000 -5.723204 236.875183
vn 3.321688 -1.818627 2.546053
v -2.390000 -4.768702 237.696106
vn 3.321680 -1.333169 2.830629
v -2.390000 -3.682590 238.332779
vn 4.503915 1.895900 -1.536785
v -2.390000 -2.500000 239.500000
vn 3.199531 0.566629 -3.088889
v -2.390000 -2.091604 239.586395
vn 0.962148 2.245517 0.277340
v -2.390000 -1.353053 240.289413
vn 3.183225 0.408699 -3.114004
v -2.390000 -1.679132 239.650574
vn 0.408698 1.119513 -0.601947
v -2.390000 -1.263792 239.692337
vn 1.920916 4.173590 1.475499
v -2.390000 -2.500000 238.764618
vn 0.962148 -2.245517 0.277340
v -2.390000 -0.046947 240.289413
vn 3.197964 -0.566878 -3.088857
v -2.390000 0.691604 239.586395
vn 0.408698 -1.119513 -0.601947
v -2.390000 -0.136208 239.692337
vn 3.183225 -0.408699 -3.114005
v -2.390000 0.279132 239.650574
vn 1.220677 -1.031997 1.475499
v -0.390000 1.100000 238.764618
vn 2.961506 1.333169 2.830629
v -0.390000 2.282589 238.332779
vn 2.961497 1.818627 2.546053
v -0.390000 3.368702 237.696106
vn 2.961495 2.245273 2.179115
v -0.390000 4.323204 236.875183
vn 2.961499 2.599290 1.741689
v -0.390000 5.115222 235.896561
vn 2.961495 2.869229 1.247925
v -0.390000 5.719136 234.791901
vn 2.961498 3.046357 0.713793
v -0.390000 6.115411 233.596924
vn 2.961497 3.124944 0.156576
v -0.390000 6.291230 232.350296
vn 2.961496 3.102449 -0.405709
v -0.390000 6.240904 231.092331
vn 2.961499 2.979600 -0.954868
v -0.390000 5.966062 229.863739
vn 2.961494 2.760370 -1.473142
v -0.390000 5.475595 228.704239
vn 2.961502 2.451854 -1.943761
v -0.390000 4.785366 227.651352
vn 2.961492 2.064025 -2.351508
v -0.390000 3.917703 226.739120
vn 2.961503 1.609433 -2.683192
v -0.390000 2.900672 225.997070
vn 2.961485 1.102769 -2.928085
v -0.390000 1.767171 225.449188
vn 2.961511 0.560448 -3.078263
v -0.390000 0.553865 225.113220
vn 2.961487 0.000000 -3.128863
v -0.390000 -0.700000 225.000000
vn 2.961511 -0.560448 -3.078263
v -0.390000 -1.953865 225.113220
vn 2.961485 -1.102769 -2.928085
v -0.390000 -3.167171 225.449188
vn 2.961503 -1.609433 -2.683192
v -0.390000 -4.300672 225.997070
vn 2.961491 -2.064025 -2.351508
v -0.390000 -5.317703 226.739120
vn 2.961502 -2.451854 -1.943761
v -0.390000 -6.185366 227.651352
vn 2.961495 -2.760370 -1.473142
v -0.390000 -6.875594 228.704239
vn 2.961499 -2.979600 -0.954869
v -0.390000 -7.366062 229.863739
vn 2.961496 -3.102449 -0.405709
v -0.390000 -7.640904 231.092331
vn 2.961497 -3.124944 0.156576
v -0.390000 -7.691230 232.350296
vn 2.961498 -3.046357 0.713793
v -0.390000 -7.515411 233.596924
vn 2.961495 -2.869229 1.247925
v -0.390000 -7.119136 234.791901
vn 2.961499 -2.599290 1.741689
v -0.390000 -6.515222 235.896561
vn 2.961495 -2.245273 2.179115
v -0.390000 -5.723204 236.875183
vn 2.961498 -1.818627 2.546053
v -0.390000 -4.768702 237.696106
vn 2.961505 -1.333169 2.830629
v -0.390000 -3.682590 238.332779
vn 1.220677 1.031997 1.475499
v -0.390000 -2.500000 238.764618
vn 1.570796 -1.570796 -1.570796
v -0.390000 1.100000 236.500000
vn 0.349529 -3.365989 -3.102211
v -7.713010 1.100000 236.500000
vn 1.328910 -3.590400 -2.759508
v -8.146894 1.100000 236.400970
vn 2.394619 -3.590388 -1.909636
v -8.494842 1.100000 236.123489
vn 2.986035 -3.590392 -0.681543
v -8.687939 1.100000 235.722519
vn 2.986035 -3.590391 0.681543
v -8.687939 1.100000 235.277481
vn 2.394620 -3.590387 1.909636
v -8.494842 1.100000 234.876511
vn 1.328910 -3.590400 2.759508
v -8.146894 1.100000 234.599030
vn 0.349529 -3.365988 3.102211
v -7.713010 1.100000 234.500000
vn 1.570796 -1.570796 1.570796
v -0.390000 1.100000 234.500000
vn 3.490656 -2.907283 1.058166
v -0.390000 0.991447 231.384369
vn 3.316128 -3.117728 0.272768
v -0.390000 1.100000 232.000000
vn 3.490644 -2.370055 1.988682
v -0.390000 0.678880 230.842987
vn 3.490677 -1.546946 2.679352
v -0.390000 0.200000 230.441147
vn 3.490655 -0.537240 3.046865
v -0.390000 -0.387433 230.227341
vn 3.490655 0.537239 3.046865
v -0.390000 -1.012567 230.227341
vn 3.490677 1.546946 2.679353
v -0.390000 -1.600000 230.441147
vn 3.490644 2.370056 1.988683
v -0.390000 -2.078880 230.842987
vn 3.490657 2.907281 1.058165
v -0.390000 -2.391447 231.384369
vn 3.316128 3.117730 0.272768
v -0.390000 -2.500000 232.000000
vn -1.867648 -2.872500 -3.193926
v -2.605795 0.089182 239.672485
vn -0.985865 -3.347085 -3.312321
v -2.888880 0.242301 239.655197
vn -0.019919 -3.624599 -3.409828
v -3.201956 0.299686 239.647919
vn 0.922908 -3.476007 -3.522723
v -3.514726 0.257808 239.653290
vn 1.796095 -2.971947 -3.627776
v -3.804557 0.116657 239.669601
vn 2.461536 -2.117645 -3.733919
v -4.027610 -0.101116 239.689667
vn 2.931145 -1.123907 -3.796370
v -4.175766 -0.387030 239.706604
vn 3.115850 0.000000 -3.809155
v -4.225704 -0.700000 239.712982
vn 2.931145 1.123907 -3.796370
v -4.175766 -1.012970 239.706604
vn 2.461536 2.117645 -3.733919
v -4.027610 -1.298884 239.689667
vn 1.770106 2.903620 -3.637076
v -3.804557 -1.516657 239.669601
vn 0.939134 3.541454 -3.510903
v -3.514726 -1.657808 239.653290
vn -0.019919 3.624599 -3.409828
v -3.201956 -1.699686 239.647919
vn -0.985866 3.347085 -3.312321
v -2.888880 -1.642301 239.655197
vn -1.867648 2.872500 -3.193925
v -2.605795 -1.489182 239.672485
vn -5.371036 -2.834461 0.622071
v -1.684971 -0.235277 245.269440
vn -3.443748 -5.025574 0.394643
v -2.000261 0.122984 245.305908
vn -0.731502 -6.060093 0.085735
v -2.444825 0.292709 245.357330
vn 2.150594 -5.708271 -0.245889
v -2.916819 0.235016 245.411926
vn 4.539981 -4.047950 -0.521498
v -3.308116 -0.036877 245.457199
vn 5.888955 -1.463956 -0.673498
v -3.529074 -0.460684 245.482758
vn 5.888955 1.463956 -0.673498
v -3.529074 -0.939316 245.482758
vn 4.539981 4.047950 -0.521498
v -3.308116 -1.363123 245.457199
vn 2.150594 5.708271 -0.245889
v -2.916819 -1.635016 245.411926
vn -0.731501 6.060093 0.085735
v -2.444825 -1.692709 245.357330
vn -3.443748 5.025574 0.394643
v -2.000261 -1.522984 245.305908
vn -6.063379 -0.000002 0.704285
v -1.571186 -0.700000 245.256287
vn -5.371036 2.834464 0.622068
v -1.684971 -1.164723 245.269440
vn 0.565410 2.332820 2.797767
v -2.759120 -1.386523 250.017227
vn 0.080531 1.377037 1.581168
v -2.960702 -1.104102 249.907227
vn 0.342824 0.827194 1.473604
v -3.036677 -0.919043 249.781235
vn 0.552898 -0.000000 1.666465
v -3.066777 -0.700000 249.732407
vn 0.342824 -0.827193 1.473604
v -3.036677 -0.480957 249.781235
vn 0.080531 -1.377037 1.581168
v -2.960702 -0.295898 249.907227
vn 0.565410 -2.332820 2.797767
v -2.759120 -0.013477 250.017227
vn -0.371035 -2.908126 2.869144
v -2.467726 0.190023 250.176254
vn -1.427563 -3.117427 2.973203
v -2.120016 0.291208 250.366013
vn -2.470649 -2.953167 3.104711
v -1.755962 0.278446 250.564697
vn -3.359766 -2.471719 3.223575
v -1.417417 0.153204 250.749451
vn -4.028255 -1.748539 3.330468
v -1.143296 -0.070120 250.899048
vn -4.422108 -0.890928 3.416417
v -0.965114 -0.365854 250.996277
vn -4.546225 0.000000 3.450752
v -0.903354 -0.700000 251.029984
vn -4.422108 0.890928 3.416417
v -0.965114 -1.034146 250.996277
vn -4.028256 1.748539 3.330468
v -1.143296 -1.329880 250.899048
vn -3.359766 2.471719 3.223575
v -1.417417 -1.553204 250.749451
vn -2.470649 2.953167 3.104711
v -1.755962 -1.678446 250.564697
vn -1.427563 3.117427 2.973203
v -2.120016 -1.691208 250.366013
vn -0.371036 2.908126 2.869144
v -2.467726 -1.590023 250.176254
vn -3.552405 0.471337 5.025586
v -2.960702 -6.700000 249.907227
vn -3.552399 -0.471337 5.025584
v -2.960702 5.300000 249.907227
vn -1.522837 3.069615 3.425250
v -3.014902 -13.019095 249.877640
vn -1.508781 3.138816 2.755564
v -5.674857 -6.700000 248.426010
vn -1.556001 3.110531 3.212581
v -5.674857 -12.811269 248.426010
vn -1.522533 -3.069786 3.424470
v -3.014902 11.619096 249.877640
vn -1.508781 -3.138816 2.755564
v -5.674857 5.300000 248.426010
vn -1.556001 -3.110531 3.212581
v -5.674857 11.411268 248.426010
vn 1.855988 2.340754 5.522492
v -4.202104 -16.681957 253.365112
vn 1.652147 2.019802 5.713238
v -3.973960 -16.076891 253.063232
vn 1.511663 1.788382 5.829324
v -3.719828 -15.402900 252.774582
vn 1.383276 1.593690 5.917416
v -3.443649 -14.670438 252.497162
vn 2.325405 1.322050 5.616060
v -0.995011 -16.629351 252.442474
vn 0.666155 3.766351 3.845013
v -3.094533 -13.565253 252.138336
vn 2.090082 1.316118 5.741395
v -0.700355 -15.483096 252.054565
vn 0.691345 3.726135 3.816621
v -1.743190 -13.469115 251.812286
vn 2.145188 2.754149 5.212265
v -4.399821 -17.206327 253.681335
vn 2.571329 3.320666 4.644224
v -4.575420 -17.672041 254.042206
vn 3.083700 4.006372 3.655094
v -4.706430 -18.019497 254.424179
vn 3.539032 4.620417 2.218140
v -4.788800 -18.237951 254.831848
vn 5.009337 2.259961 1.700289
v -1.955765 -20.366821 254.711288
vn 5.177743 2.384043 0.902732
v -1.981276 -20.466064 254.983505
vn 2.622247 1.189365 2.460175
v -1.990000 -20.500000 255.266495
vn 4.788515 2.052917 2.401561
v -1.914455 -20.206121 254.449234
vn 4.513289 1.831290 3.122463
v -1.858337 -19.987812 254.196686
vn 3.996565 1.646513 4.049865
v -1.705632 -19.393768 253.717575
vn 3.475794 1.452253 4.686065
v -1.505565 -18.615480 253.268906
vn 2.696081 1.380441 5.378819
v -1.266053 -17.683744 252.845566
vn 0.661274 3.804389 3.855027
v -4.447117 -13.667068 252.463150
vn 1.562796 -1.657675 1.728001
v -1.990000 -21.700001 255.266495
vn 3.062030 -3.274653 0.648322
v -1.898796 -21.700001 254.454727
vn 2.910870 -3.200174 1.165207
v -1.775829 -21.700001 254.068512
vn 2.670670 -3.193380 1.641054
v -1.593806 -21.700001 253.705246
vn 4.726012 0.286299 4.102839
v -1.312530 -21.284075 253.301254
vn 2.405339 -3.176510 2.011943
v -1.354700 -21.700001 253.376541
vn 2.068330 -3.083148 2.356665
v -1.067611 -21.700001 253.088715
vn 3.621565 0.724519 5.047622
v -0.925457 -21.593214 252.965637
vn 4.161431 0.374500 4.685395
v -1.078357 -20.682693 253.026123
vn 3.338920 0.410642 5.305192
v -0.622001 -20.894966 252.709229
vn 3.483842 0.474524 5.201705
v -0.818488 -20.015316 252.766800
vn 3.272142 0.530305 5.335935
v -0.536320 -19.290676 252.521194
vn -1.519806 -3.136358 2.749497
v -5.713355 5.300000 248.404861
vn -2.173339 -3.007098 2.258681
v -4.709691 5.300000 247.700317
vn -2.455482 -3.009783 1.948447
v -3.760879 5.300000 248.744873
vn -1.535034 -3.135731 2.741017
v -5.751737 5.300000 248.383514
vn -0.863010 -2.567971 2.883228
v -5.817517 5.300000 248.346252
vn -1.922334 -3.023803 2.476549
v -6.731842 5.300000 247.735703
vn -0.855351 -3.717425 2.888366
v -5.800000 5.300000 246.785110
vn -2.233363 -3.011582 2.199751
v -7.553822 5.300000 247.005554
vn -1.561903 -3.032307 2.720410
v -6.761930 5.300000 246.160599
vn -2.515320 -3.017035 1.871556
v -8.267933 5.300000 246.169617
vn -1.255881 -3.032311 2.874531
v -7.786233 5.300000 245.644730
vn -4.680088 -0.642678 3.729611
v -8.860688 5.300000 245.243652
vn -2.455482 3.009783 1.948447
v -3.760879 -6.700000 248.744873
vn -2.173339 3.007098 2.258680
v -4.709691 -6.700000 247.700317
vn -1.922335 3.023803 2.476550
v -6.731842 -6.700000 247.735703
vn -0.855350 3.717425 2.888285
v -5.800000 -6.700000 246.785110
vn -2.233363 3.011582 2.199751
v -7.553822 -6.700000 247.005554
vn -1.561903 3.032307 2.720410
v -6.761930 -6.700000 246.160599
vn -2.515320 3.017035 1.871556
v -8.267933 -6.700000 246.169617
vn -1.255882 3.032311 2.874532
v -7.786233 -6.700000 245.644730
vn -4.680091 0.642681 3.729603
v -8.860688 -6.700000 245.243652
vn -0.863019 2.567971 2.883241
v -5.817517 -6.700000 248.346252
vn -1.535034 3.135731 2.741017
v -5.751737 -6.700000 248.383514
vn -1.519806 3.136358 2.749497
v -5.713355 -6.700000 248.404861
vn -1.582641 3.115205 3.189744
v -5.713355 -12.809040 248.404861
vn -1.600620 3.115775 3.181291
v -5.751737 -12.806812 248.383514
vn -1.582641 -3.115205 3.189744
v -5.713355 11.409039 248.404861
vn -1.600681 -3.115771 3.181308
v -5.751737 11.406812 248.383514
vn 1.652148 -2.019803 5.713238
v -3.973960 14.676890 253.063232
vn 1.856001 -2.340753 5.522489
v -4.202104 15.281957 253.365112
vn 2.145206 -2.754141 5.212265
v -4.399821 15.806328 253.681335
vn 2.571333 -3.320657 4.644226
v -4.575420 16.272041 254.042206
vn 3.083700 -4.006373 3.655092
v -4.706430 16.619497 254.424179
vn 3.578287 -4.626397 2.083538
v -4.788800 16.837952 254.831848
vn 5.168840 -2.378061 0.899021
v -1.981276 19.066063 254.983505
vn 2.614513 -1.196406 2.453140
v -1.990000 19.100000 255.266495
vn 1.491916 -1.779721 5.836630
v -3.719828 14.002900 252.774582
vn 0.665032 -3.826426 3.848175
v -4.447117 12.267068 252.463150
vn 1.419215 -1.607730 5.904967
v -3.443649 13.270437 252.497162
vn 0.670018 -3.757158 3.846433
v -3.094533 12.165253 252.138336
vn 2.068913 -1.313042 5.747506
v -0.700355 14.083097 252.054565
vn 0.691344 -3.726135 3.816619
v -1.743190 12.069115 251.812286
vn 2.343729 -1.296926 5.612920
v -0.995011 15.229352 252.442474
vn 2.862550 -1.366822 5.256598
v -1.266053 16.283745 252.845566
vn 3.475795 -1.452253 4.686065
v -1.505565 17.215481 253.268906
vn 3.996565 -1.646512 4.049865
v -1.705632 17.993769 253.717575
vn 4.513294 -1.831292 3.122457
v -1.858337 18.587812 254.196686
vn 4.788507 -2.052921 2.401566
v -1.914455 18.806120 254.449234
vn 5.009110 -2.252759 1.704032
v -1.955765 18.966822 254.711288
vn 1.562992 1.655352 1.725842
v -1.990000 20.299999 255.266495
vn 3.061740 3.272294 0.650479
v -1.898796 20.299999 254.454727
vn 2.910870 3.200174 1.165207
v -1.775829 20.299999 254.068512
vn 2.670670 3.193380 1.641054
v -1.593806 20.299999 253.705246
vn 4.726012 -0.286299 4.102840
v -1.312530 19.884075 253.301254
vn 2.405339 3.176510 2.011943
v -1.354700 20.299999 253.376541
vn 2.068331 3.083147 2.356664
v -1.067611 20.299999 253.088715
vn 4.057849 -0.400374 4.764266
v -1.078357 19.282692 253.026123
vn 3.620330 -0.712093 5.049282
v -0.925457 20.193214 252.965637
vn 3.434549 -0.389096 5.241239
v -0.622001 19.494967 252.709229
vn 3.484754 -0.488050 5.199788
v -0.818488 18.615316 252.766800
vn 3.268284 -0.553841 5.335820
v -0.536320 17.890676 252.521194
vn -0.756697 2.604919 2.624487
v -5.817517 11.392930 248.346252
vn -1.572739 3.122996 2.404742
v -5.849138 11.391086 248.328064
vn -1.566368 3.123577 2.407275
v -5.833338 11.392007 248.337173
vn -0.022456 1.365664 -5.963850
v -8.575422 -5.776440 242.318909
vn -0.780548 1.210220 -5.839253
v -8.603678 -5.775629 242.319305
vn -0.394935 2.177357 -5.873410
v -8.429972 -4.569142 242.829575
vn -0.386798 1.470532 -6.089311
v -8.271142 -3.310542 243.199783
vn -0.361662 0.704937 -6.225654
v -8.160214 -2.014208 243.424667
vn -0.332959 -0.002167 -6.266828
v -8.120485 -0.696488 243.500000
vn -0.333048 -0.742346 -6.222824
v -8.160479 0.618629 243.424149
vn -0.332268 -1.464812 -6.093617
v -8.270838 1.907753 243.200424
vn -0.329012 -2.159963 -5.883698
v -8.429773 3.167719 242.830078
vn -5.737838 -0.000407 2.528164
v -9.017338 -0.694253 244.942322
vn -5.783905 -0.036090 2.426459
v -9.060231 0.687949 244.853989
vn -5.855474 -0.070239 2.243439
v -9.178144 2.036946 244.595688
vn -5.954362 -0.098607 1.952627
v -9.348565 3.351090 244.171204
vn -5.784858 0.030660 2.423638
v -9.059743 -2.079895 244.855026
vn -5.857232 0.070179 2.237893
v -9.178270 -3.438163 244.595367
vn -5.953887 0.090518 1.955591
v -9.348773 -4.752699 244.170654
vn -6.123290 0.088804 1.102105
v -9.537275 -6.004002 243.592514
vn 0.000000 2.358294 5.693352
v -9.603652 15.229924 245.428268
vn 0.000000 -0.000001 6.162454
v -9.603652 15.803949 245.314087
vn 0.000000 -2.358295 5.693351
v -9.603652 16.377974 245.428268
vn 0.000000 -4.357532 4.357504
v -9.603652 16.864609 245.753433
vn 0.000000 -5.693361 2.358283
v -9.603652 17.189768 246.240067
vn 0.000000 -6.162455 0.000016
v -9.603652 17.303949 246.814087
vn 0.000000 -5.693365 -2.358267
v -9.603652 17.189768 247.388123
vn 0.000000 -4.357475 -4.357542
v -9.603652 16.864609 247.874756
vn 0.000000 -2.358239 -5.693388
v -9.603652 16.377974 248.199905
vn 0.000000 -0.000001 -6.162454
v -9.603652 15.803949 248.314087
vn 0.000000 2.358238 -5.693390
v -9.603652 15.229924 248.199905
vn 0.000000 4.357475 -4.357542
v -9.603652 14.743289 247.874756
vn 0.000000 5.693365 -2.358262
v -9.603652 14.418130 247.388123
vn 0.000000 6.162456 0.000016
v -9.603652 14.303949 246.814087
vn 0.000000 5.693363 2.358278
v -9.603652 14.418130 246.240067
vn 0.000000 4.357532 4.357504
v -9.603652 14.743289 245.753433
vn 2.955518 -1.864874 4.507462
v -2.077304 16.377974 245.428268
vn 2.952544 -0.000001 4.882271
v -2.077304 15.803949 245.314087
vn 2.955518 1.864874 4.507463
v -2.077304 15.229924 245.428268
vn 2.952107 3.456480 3.448787
v -2.077304 14.743289 245.753433
vn 2.953742 4.506531 1.873357
v -2.077304 14.418130 246.240067
vn 2.952179 4.882496 -0.008294
v -2.077304 14.303949 246.814087
vn 2.951581 4.514747 -1.861313
v -2.077304 14.418130 247.388123
vn 2.954857 3.446988 -3.452825
v -2.077304 14.743289 247.874756
vn 2.952425 1.870902 -4.509710
v -2.077304 15.229924 248.199905
vn 2.955741 -0.000001 -4.877704
v -2.077304 15.803949 248.314087
vn 2.952425 -1.870903 -4.509710
v -2.077304 16.377974 248.199905
vn 2.954857 -3.446988 -3.452825
v -2.077304 16.864609 247.874756
vn 2.951580 -4.514746 -1.861316
v -2.077304 17.189768 247.388123
vn 2.952181 -4.882495 -0.008294
v -2.077304 17.303949 246.814087
vn 2.953742 -4.506530 1.873360
v -2.077304 17.189768 246.240067
vn 2.952107 -3.456479 3.448787
v -2.077304 16.864609 245.753433
vn 0.000000 2.358298 5.693349
v -9.603652 -17.777975 245.428268
vn 0.000000 -0.000002 6.162454
v -9.603652 -17.203949 245.314087
vn 0.000000 -2.358295 5.693351
v -9.603652 -16.629925 245.428268
vn 0.000000 -4.357529 4.357508
v -9.603652 -16.143290 245.753433
vn 0.000000 -5.693360 2.358281
v -9.603652 -15.818130 246.240067
vn 0.000000 -6.162457 0.000016
v -9.603652 -15.703949 246.814087
vn 0.000000 -5.693363 -2.358266
v -9.603652 -15.818130 247.388123
vn 0.000000 -4.357472 -4.357545
v -9.603652 -16.143290 247.874756
vn 0.000000 -2.358239 -5.693388
v -9.603652 -16.629925 248.199905
vn 0.000000 -0.000002 -6.162454
v -9.603652 -17.203949 248.314087
vn 0.000000 2.358242 -5.693387
v -9.603652 -17.777975 248.199905
vn 0.000000 4.357475 -4.357546
v -9.603652 -18.264608 247.874756
vn 0.000000 5.693362 -2.358264
v -9.603652 -18.589769 247.388123
vn 0.000000 6.162458 0.000016
v -9.603652 -18.703949 246.814087
vn 0.000000 5.693359 2.358280
v -9.603652 -18.589769 246.240067
vn 0.000000 4.357532 4.357508
v -9.603652 -18.264608 245.753433
vn 2.955518 -1.864874 4.507462
v -2.077304 -16.629925 245.428268
vn 2.952544 -0.000001 4.882271
v -2.077304 -17.203949 245.314087
vn 2.955519 1.864877 4.507461
v -2.077304 -17.777975 245.428268
vn 2.952104 3.456478 3.448789
v -2.077304 -18.264608 245.753433
vn 2.953745 4.506530 1.873360
v -2.077304 -18.589769 246.240067
vn 2.952176 4.882496 -0.008294
v -2.077304 -18.703949 246.814087
vn 2.951583 4.514746 -1.861314
v -2.077304 -18.589769 247.388123
vn 2.954855 3.446985 -3.452826
v -2.077304 -18.264608 247.874756
vn 2.952427 1.870905 -4.509709
v -2.077304 -17.777975 248.199905
vn 2.955741 -0.000001 -4.877704
v -2.077304 -17.203949 248.314087
vn 2.952425 -1.870903 -4.509710
v -2.077304 -16.629925 248.199905
vn 2.954857 -3.446985 -3.452827
v -2.077304 -16.143290 247.874756
vn 2.951581 -4.514746 -1.861315
v -2.077304 -15.818130 247.388123
vn 2.952178 -4.882496 -0.008294
v -2.077304 -15.703949 246.814087
vn 2.953743 -4.506531 1.873361
v -2.077304 -15.818130 246.240067
vn 2.952106 -3.456477 3.448789
v -2.077304 -16.143290 245.753433
vn 2.459821 -1.252075 4.481731
v -1.140000 16.613340 243.925339
vn 2.461399 -0.000000 4.650383
v -1.140000 15.803949 243.814087
vn 2.459821 1.252075 4.481731
v -1.140000 14.994558 243.925339
vn 2.458911 2.420387 3.976308
v -1.140000 14.245197 244.250839
vn 2.461827 3.400492 3.171086
v -1.140000 13.611442 244.766434
vn 2.461274 4.126982 2.144091
v -1.140000 13.140293 245.433899
vn 2.458510 4.558436 0.946851
v -1.140000 12.866697 246.203720
vn 2.462193 4.637797 -0.322976
v -1.140000 12.810943 247.018814
vn 2.462359 4.382040 -1.551844
v -1.140000 12.977166 247.818726
vn 2.458639 3.804092 -2.683759
v -1.140000 13.353040 248.544128
vn 2.460482 2.932583 -3.611434
v -1.140000 13.910686 249.141220
vn 2.461516 1.854255 -4.264522
v -1.140000 14.608746 249.565720
vn 2.459297 0.636515 -4.610565
v -1.140000 15.395450 249.786148
vn 2.459297 -0.636515 -4.610565
v -1.140000 16.212448 249.786148
vn 2.461515 -1.854255 -4.264521
v -1.140000 16.999153 249.565720
vn 2.460482 -2.932584 -3.611434
v -1.140000 17.697212 249.141220
vn 2.458639 -3.804092 -2.683759
v -1.140000 18.254858 248.544128
vn 2.462359 -4.382040 -1.551844
v -1.140000 18.630732 247.818726
vn 2.462194 -4.637798 -0.322979
v -1.140000 18.796955 247.018814
vn 2.458509 -4.558435 0.946849
v -1.140000 18.741201 246.203720
vn 2.461273 -4.126980 2.144092
v -1.140000 18.467606 245.433899
vn 2.461828 -3.400492 3.171087
v -1.140000 17.996456 244.766434
vn 2.458911 -2.420388 3.976307
v -1.140000 17.362701 244.250839
vn -2.686869 1.175666 -5.027083
v -9.044444 -5.774387 242.435715
vn -4.736186 0.944275 -3.405835
v -9.386072 -5.820970 242.733368
vn -5.916985 0.504368 -1.100106
v -9.560584 -5.903570 243.147278
vn -1.546901 2.515812 -5.533251
v -8.724217 -5.168321 242.620193
vn -2.640003 2.501840 -5.082331
v -8.937638 -5.172217 242.696747
vn -3.909172 2.313529 -4.285621
v -9.140039 -5.198815 242.823441
vn -3.966496 2.099859 -4.336656
v -9.064740 -4.582001 243.069550
vn -5.029548 1.822638 -3.207419
v -9.236932 -4.625022 243.251511
vn -5.066467 1.678358 -3.222720
v -9.200612 -4.308701 243.365356
vn -5.802594 1.323440 -1.856860
v -9.319650 -4.366017 243.586075
vn -5.836633 1.201905 -1.836403
v -9.283374 -4.041970 243.695557
vn -6.173125 0.817641 -0.363924
v -9.337296 -4.105696 243.932907
vn -6.194989 0.680645 -0.266031
v -9.265167 -3.436761 244.130844
vn -6.118702 0.323550 1.184863
v -9.251907 -3.492579 244.363831
vn -6.108453 0.268547 1.266970
v -9.185370 -2.801434 244.524307
vn -4.957762 2.020532 -3.207789
v -9.310971 -5.248813 242.995499
vn -5.772810 1.430358 -1.876833
v -9.357053 -4.686693 243.466858
vn -6.158041 0.897601 -0.418053
v -9.376245 -4.434896 243.818558
vn -6.137911 0.418279 1.050626
v -9.330935 -4.173198 244.159103
vn -5.712284 1.571314 -1.958666
v -9.433264 -5.318686 243.199173
vn -6.119347 1.069645 -0.591944
v -9.498301 -5.401419 243.415161
vn -6.175929 0.498832 0.709686
v -9.507792 -5.488650 243.624252
vn -6.157362 0.444826 0.897987
v -9.417725 -4.838408 243.912354
vn -6.158451 0.450515 0.933717
v -9.373644 -4.507780 244.040909
vn -6.077860 -0.002264 1.437395
v -9.093340 -0.698779 244.731415
vn -6.089553 0.148424 1.369110
v -9.135246 -2.105710 244.639069
vn -6.212716 0.523526 -0.193955
v -9.204412 -2.758433 244.285873
vn -5.888638 1.006874 -1.789332
v -9.216197 -3.384166 243.884842
vn -5.108770 1.520329 -3.237355
v -9.165400 -3.989183 243.469803
vn -4.001297 1.924988 -4.381153
v -9.027846 -4.269209 243.178909
vn -2.692323 2.241627 -5.171229
v -8.858801 -4.560744 242.936264
vn -6.089213 -0.172367 1.378342
v -9.135235 0.705531 244.639084
vn -6.242932 -0.005162 -0.087997
v -9.120383 -0.698805 244.485779
vn -6.232786 -0.351520 -0.130257
v -9.158632 0.676257 244.396683
vn -6.002162 -0.004334 -1.716892
v -9.081488 -0.698829 244.223465
vn -5.975207 -0.522268 -1.733370
v -9.117048 0.648748 244.138580
vn -5.312333 -0.003087 -3.281113
v -8.969700 -0.698849 243.971954
vn -5.278168 -0.661521 -3.270620
v -9.004133 0.626430 243.891418
vn -4.223742 -0.001706 -4.602540
v -8.793582 -0.698861 243.760452
vn -4.192239 -0.752286 -4.570380
v -8.828503 0.612082 243.683350
vn -2.870643 -0.000433 -5.553221
v -8.575528 -0.698865 243.609528
vn -2.848856 -0.787563 -5.508888
v -8.612017 0.606798 243.534317
vn -1.422141 0.001338 -6.092795
v -8.343264 -0.698862 243.525131
vn -1.412477 -0.772120 -6.046211
v -8.381643 0.609771 243.450165
vn -1.385834 -1.516221 -5.911058
v -8.487891 1.896135 243.227783
vn -1.385658 -2.158512 -5.708377
v -8.640732 3.157220 242.857895
vn -2.679165 -2.159370 -5.220815
v -8.858419 3.157680 242.937347
vn -3.986797 -2.047215 -4.357334
v -9.064375 3.178914 243.070663
vn -5.051892 -1.769692 -3.220070
v -9.236572 3.221901 243.252655
vn -5.789521 -1.382438 -1.889468
v -9.356684 3.283528 243.468063
vn -5.184835 -1.265278 -3.244236
v -9.099543 1.933600 243.652008
vn -5.900739 -0.994570 -1.784193
v -9.215490 1.976689 243.886765
vn -6.120306 -0.323439 1.199108
v -9.251078 2.084834 244.365891
vn -6.203406 -0.667232 -0.255949
v -9.264409 2.029154 244.132843
vn -6.163426 -0.430768 0.888052
v -9.417287 3.435140 243.913666
vn -6.158944 -0.913677 -0.463168
v -9.416010 3.357235 243.695419
vn -1.416828 0.679474 -6.054219
v -8.381653 -2.009938 243.450150
vn -2.853141 0.692590 -5.516594
v -8.612027 -2.006965 243.534302
vn -4.193701 0.661404 -4.578771
v -8.828511 -2.012250 243.683334
vn -5.277293 0.581434 -3.280176
v -9.004143 -2.026600 243.891388
vn -5.973370 0.459046 -1.744068
v -9.117058 -2.048920 244.138565
vn -6.231534 0.309107 -0.141176
v -9.158642 -2.076433 244.396667
vn -1.624624 1.164975 -5.943208
v -8.427602 -2.658597 243.356827
vn -1.385006 1.520528 -5.904581
v -8.488653 -3.303362 243.226089
vn -1.600371 1.863919 -5.769333
v -8.561259 -3.938761 243.058884
vn -2.786060 1.536477 -5.375369
v -8.713809 -3.300075 243.308960
vn -2.748081 1.839711 -5.297626
v -8.782876 -3.936824 243.140396
vn -4.098250 1.457021 -4.475560
v -8.925965 -3.312215 243.452209
vn -4.040937 1.738323 -4.425295
v -8.992096 -3.953249 243.279190
vn -5.172701 1.275913 -3.243374
v -9.100227 -3.340965 243.650177
vn -1.471357 2.024439 -5.738194
v -8.600546 -4.251299 242.962158
vn -2.718620 2.045201 -5.234686
v -8.820230 -4.250435 243.042725
vn -1.338997 2.251984 -5.676844
v -8.641134 -4.560274 242.856827
vn -2.820249 1.171955 -5.447978
v -8.655728 -2.655008 243.440536
vn -4.147190 1.116216 -4.526974
v -8.870349 -2.663448 243.587189
vn -5.226317 0.980276 -3.258805
v -9.045396 -2.684982 243.791016
vn -5.931741 0.774641 -1.760526
v -9.159638 -2.717978 244.032883
vn -2.789795 -1.529166 -5.383068
v -8.713083 1.892838 243.310669
vn -4.106957 -1.448158 -4.481230
v -8.925270 1.904932 243.453964
vn -6.145053 0.963510 -0.473181
v -9.416408 -4.760450 243.694153
vn 2.459821 -1.252075 4.481731
v -1.140000 -16.394558 243.925339
vn 2.461399 -0.000000 4.650383
v -1.140000 -17.203949 243.814087
vn 2.459821 1.252075 4.481731
v -1.140000 -18.013340 243.925339
vn 2.458912 2.420386 3.976310
v -1.140000 -18.762701 244.250839
vn 2.461827 3.400491 3.171084
v -1.140000 -19.396458 244.766434
vn 2.461275 4.126984 2.144090
v -1.140000 -19.867605 245.433899
vn 2.458509 4.558436 0.946848
v -1.140000 -20.141201 246.203720
vn 2.462193 4.637799 -0.322978
v -1.140000 -20.196955 247.018814
vn 2.462360 4.382044 -1.551841
v -1.140000 -20.030731 247.818726
vn 2.458637 3.804093 -2.683754
v -1.140000 -19.654860 248.544128
vn 2.460482 2.932581 -3.611434
v -1.140000 -19.097214 249.141220
vn 2.461516 1.854255 -4.264523
v -1.140000 -18.399153 249.565720
vn 2.459296 0.636516 -4.610565
v -1.140000 -17.612450 249.786148
vn 2.459297 -0.636516 -4.610565
v -1.140000 -16.795448 249.786148
vn 2.461516 -1.854256 -4.264521
v -1.140000 -16.008745 249.565720
vn 2.460482 -2.932582 -3.611434
v -1.140000 -15.310685 249.141220
vn 2.458638 -3.804092 -2.683757
v -1.140000 -14.753039 248.544128
vn 2.462359 -4.382042 -1.551842
v -1.140000 -14.377167 247.818726
vn 2.462194 -4.637798 -0.322979
v -1.140000 -14.210943 247.018814
vn 2.458508 -4.558434 0.946851
v -1.140000 -14.266697 246.203720
vn 2.461276 -4.126983 2.144092
v -1.140000 -14.540294 245.433899
vn 2.461827 -3.400493 3.171084
v -1.140000 -15.011441 244.766434
vn 2.458912 -2.420387 3.976308
v -1.140000 -15.645197 244.250839
# 2614 vertices, 0 vertices normals


usemtl material_0
f 1//1 2//2 3//3
f 3//3 2//2 4//4
f 3//3 4//4 5//5
f 5//5 4//4 6//6
f 5//5 6//6 7//7
f 7//7 6//6 8//8
f 7//7 8//8 9//9
f 9//9 8//8 10//10
f 9//9 10//10 11//11
f 11//11 10//10 12//12
f 11//11 12//12 13//13
f 13//13 12//12 14//14
f 13//13 14//14 15//15
f 15//15 14//14 16//16
f 15//15 16//16 17//17
f 17//17 16//16 18//18
f 17//17 18//18 19//19
f 19//19 18//18 20//20
f 19//19 20//20 21//21
f 21//21 20//20 22//22
f 21//21 22//22 23//23
f 23//23 22//22 24//24
f 23//23 24//24 25//25
f 25//25 24//24 26//26
f 25//25 26//26 27//27
f 27//27 26//26 28//28
f 27//27 28//28 29//29
f 29//29 28//28 30//30
f 29//29 30//30 31//31
f 31//31 30//30 32//32
f 31//31 32//32 33//33
f 33//33 32//32 34//34
f 33//33 34//34 35//35
f 35//35 34//34 36//36
f 35//35 36//36 37//37
f 37//37 36//36 38//38
f 37//37 38//38 39//39
f 39//39 38//38 40//40
f 39//39 40//40 41//41
f 41//41 40//40 42//42
f 41//41 42//42 43//43
f 43//43 42//42 44//44
f 43//43 44//44 45//45
f 45//45 44//44 46//46
f 45//45 46//46 47//47
f 47//47 46//46 48//48
f 47//47 48//48 49//49
f 49//49 48//48 50//50
f 49//49 50//50 51//51
f 51//51 50//50 52//52
f 51//51 52//52 53//53
f 53//53 52//52 54//54
f 53//53 54//54 55//55
f 55//55 54//54 56//56
f 55//55 56//56 57//57
f 57//57 56//56 58//58
f 57//57 58//58 59//59
f 59//59 58//58 60//60
f 59//59 60//60 61//61
f 61//61 60//60 62//62
f 61//61 62//62 63//63
f 63//63 62//62 64//64
f 63//63 64//64 65//65
f 65//65 64//64 66//66
f 65//65 66//66 67//67
f 67//67 66//66 68//68
f 67//67 68//68 69//69
f 69//69 68//68 70//70
f 69//69 70//70 71//71
f 71//71 70//70 72//72
f 71//71 72//72 73//73
f 73//73 72//72 74//74
f 73//73 74//74 75//75
f 75//75 74//74 76//76
f 75//75 76//76 77//77
f 77//77 76//76 78//78
f 77//77 78//78 79//79
f 79//79 78//78 80//80
f 79//79 80//80 81//81
f 81//81 80//80 82//82
f 81//81 82//82 83//83
f 83//83 82//82 84//84
f 83//83 84//84 85//85
f 85//85 84//84 86//86
f 85//85 86//86 1//1
f 1//1 86//86 2//2
f 87//87 88//88 89//89
f 89//89 88//88 90//90
f 89//89 90//90 91//91
f 91//91 90//90 92//92
f 91//91 92//92 93//93
f 93//93 92//92 94//94
f 93//93 94//94 95//95
f 95//95 94//94 96//96
f 95//95 96//96 97//97
f 97//97 96//96 98//98
f 97//97 98//98 99//99
f 99//99 98//98 100//100
f 99//99 100//100 101//101
f 101//101 100//100 102//102
f 101//101 102//102 103//103
f 103//103 102//102 104//104
f 103//103 104//104 105//105
f 105//105 104//104 106//106
f 105//105 106//106 107//107
f 107//107 106//106 108//108
f 107//107 108//108 109//109
f 109//109 108//108 110//110
f 109//109 110//110 111//111
f 111//111 110//110 112//112
f 111//111 112//112 113//113
f 113//113 112//112 114//114
f 113//113 114//114 115//115
f 115//115 114//114 116//116
f 115//115 116//116 117//117
f 117//117 116//116 118//118
f 117//117 118//118 119//119
f 119//119 118//118 120//120
f 119//119 120//120 121//121
f 121//121 120//120 122//122
f 121//121 122//122 123//123
f 123//123 122//122 124//124
f 123//123 124//124 125//125
f 125//125 124//124 126//126
f 125//125 126//126 127//127
f 127//127 126//126 128//128
f 127//127 128//128 129//129
f 129//129 128//128 130//130
f 129//129 130//130 131//131
f 131//131 130//130 132//132
f 131//131 132//132 133//133
f 133//133 132//132 134//134
f 133//133 134//134 135//135
f 135//135 134//134 136//136
f 135//135 136//136 137//137
f 137//137 136//136 138//138
f 137//137 138//138 139//139
f 139//139 138//138 140//140
f 139//139 140//140 141//141
f 141//141 140//140 142//142
f 141//141 142//142 143//143
f 143//143 142//142 144//144
f 143//143 144//144 145//145
f 145//145 144//144 146//146
f 145//145 146//146 147//147
f 147//147 146//146 148//148
f 147//147 148//148 149//149
f 149//149 148//148 150//150
f 149//149 150//150 151//151
f 151//151 150//150 152//152
f 151//151 152//152 153//153
f 153//153 152//152 154//154
f 153//153 154//154 155//155
f 155//155 154//154 156//156
f 155//155 156//156 157//157
f 157//157 156//156 158//158
f 157//157 158//158 159//159
f 159//159 158//158 160//160
f 159//159 160//160 161//161
f 161//161 160//160 162//162
f 161//161 162//162 163//163
f 163//163 162//162 164//164
f 163//163 164//164 165//165
f 165//165 164//164 166//166
f 165//165 166//166 167//167
f 167//167 166//166 168//168
f 167//167 168//168 169//169
f 169//169 168//168 170//170
f 169//169 170//170 171//171
f 171//171 170//170 172//172
f 171//171 172//172 173//173
f 173//173 172//172 174//174
f 173//173 174//174 175//175
f 175//175 174//174 176//176
f 175//175 176//176 177//177
f 177//177 176//176 178//178
f 177//177 178//178 179//179
f 179//179 178//178 180//180
f 179//179 180//180 87//87
f 87//87 180//180 88//88
f 5//5 87//87 3//3
f 3//3 87//87 89//89
f 3//3 89//89 91//91
f 87//87 5//5 179//179
f 179//179 5//5 7//7
f 179//179 7//7 177//177
f 177//177 7//7 9//9
f 177//177 9//9 175//175
f 175//175 9//9 11//11
f 175//175 11//11 173//173
f 173//173 11//11 13//13
f 173//173 13//13 171//171
f 171//171 13//13 15//15
f 171//171 15//15 169//169
f 169//169 15//15 17//17
f 169//169 17//17 167//167
f 167//167 17//17 19//19
f 167//167 19//19 165//165
f 165//165 19//19 21//21
f 165//165 21//21 163//163
f 163//163 21//21 23//23
f 163//163 23//23 161//161
f 161//161 23//23 25//25
f 161//161 25//25 159//159
f 159//159 25//25 157//157
f 157//157 25//25 27//27
f 157//157 27//27 155//155
f 155//155 27//27 29//29
f 155//155 29//29 153//153
f 153//153 29//29 31//31
f 153//153 31//31 151//151
f 151//151 31//31 33//33
f 151//151 33//33 149//149
f 149//149 33//33 35//35
f 149//149 35//35 147//147
f 147//147 35//35 37//37
f 147//147 37//37 145//145
f 145//145 37//37 39//39
f 145//145 39//39 143//143
f 143//143 39//39 41//41
f 143//143 41//41 141//141
f 141//141 41//41 43//43
f 141//141 43//43 139//139
f 139//139 43//43 45//45
f 139//139 45//45 137//137
f 137//137 45//45 135//135
f 135//135 45//45 47//47
f 135//135 47//47 133//133
f 133//133 47//47 49//49
f 133//133 49//49 131//131
f 131//131 49//49 51//51
f 131//131 51//51 129//129
f 129//129 51//51 53//53
f 129//129 53//53 127//127
f 127//127 53//53 55//55
f 127//127 55//55 125//125
f 125//125 55//55 57//57
f 125//125 57//57 123//123
f 123//123 57//57 59//59
f 123//123 59//59 121//121
f 121//121 59//59 61//61
f 121//121 61//61 119//119
f 119//119 61//61 63//63
f 119//119 63//63 117//117
f 117//117 63//63 65//65
f 117//117 65//65 115//115
f 115//115 65//65 67//67
f 115//115 67//67 113//113
f 113//113 67//67 111//111
f 111//111 67//67 69//69
f 111//111 69//69 109//109
f 109//109 69//69 71//71
f 109//109 71//71 107//107
f 107//107 71//71 73//73
f 107//107 73//73 105//105
f 105//105 73//73 75//75
f 105//105 75//75 103//103
f 103//103 75//75 77//77
f 103//103 77//77 101//101
f 101//101 77//77 79//79
f 101//101 79//79 99//99
f 99//99 79//79 81//81
f 99//99 81//81 97//97
f 97//97 81//81 83//83
f 97//97 83//83 95//95
f 95//95 83//83 85//85
f 95//95 85//85 93//93
f 93//93 85//85 1//1
f 93//93 1//1 91//91
f 91//91 1//1 3//3
f 181//181 182//182 183//183
f 183//183 182//182 184//184
f 184//184 182//182 185//185
f 184//184 185//185 186//186
f 184//184 186//186 187//187
f 187//187 186//186 188//188
f 187//187 188//188 189//189
f 187//187 189//189 190//190
f 190//190 189//189 191//191
f 190//190 191//191 192//192
f 192//192 193//193 190//190
f 190//190 193//193 194//194
f 194//194 193//193 195//195
f 194//194 195//195 196//196
f 196//196 195//195 197//197
f 196//196 197//197 198//198
f 198//198 197//197 199//199
f 199//199 197//197 200//200
f 201//201 202//202 203//203
f 203//203 202//202 204//204
f 204//204 202//202 205//205
f 204//204 205//205 206//206
f 206//206 205//205 207//207
f 206//206 207//207 208//208
f 208//208 207//207 209//209
f 208//208 209//209 210//210
f 210//210 209//209 211//211
f 212//212 213//213 214//214
f 214//214 213//213 215//215
f 216//216 217//217 218//218
f 218//218 217//217 219//219
f 219//219 217//217 220//220
f 219//219 220//220 221//221
f 221//221 220//220 222//222
f 221//221 222//222 223//223
f 223//223 222//222 224//224
f 223//223 224//224 225//225
f 225//225 224//224 226//226
f 225//225 226//226 227//227
f 227//227 226//226 228//228
f 227//227 228//228 229//229
f 229//229 228//228 230//230
f 229//229 230//230 231//231
f 231//231 230//230 232//232
f 231//231 232//232 233//233
f 233//233 232//232 234//234
f 233//233 234//234 213//213
f 213//213 234//234 215//215
f 216//216 218//218 203//203
f 203//203 218//218 201//201
f 235//235 236//236 211//211
f 211//211 236//236 210//210
f 237//237 238//238 239//239
f 239//239 238//238 240//240
f 239//239 240//240 241//241
f 241//241 240//240 242//242
f 241//241 242//242 243//243
f 238//238 244//244 240//240
f 240//240 244//244 242//242
f 241//241 243//243 245//245
f 245//245 243//243 246//246
f 245//245 246//246 247//247
f 247//247 246//246 248//248
f 247//247 248//248 249//249
f 249//249 248//248 250//250
f 249//249 250//250 251//251
f 251//251 250//250 236//236
f 251//251 236//236 235//235
f 235//235 252//252 251//251
f 251//251 252//252 249//249
f 252//252 253//253 249//249
f 249//249 253//253 247//247
f 253//253 254//254 247//247
f 247//247 254//254 245//245
f 245//245 254//254 241//241
f 241//241 254//254 255//255
f 241//241 255//255 239//239
f 256//256 257//257 258//258
f 258//258 257//257 259//259
f 258//258 259//259 260//260
f 260//260 259//259 261//261
f 260//260 261//261 262//262
f 262//262 261//261 263//263
f 262//262 263//263 264//264
f 264//264 263//263 265//265
f 264//264 265//265 266//266
f 266//266 265//265 267//267
f 266//266 267//267 268//268
f 268//268 267//267 269//269
f 268//268 269//269 270//270
f 270//270 269//269 271//271
f 270//270 271//271 237//237
f 237//237 271//271 238//238
f 272//272 273//273 274//274
f 274//274 273//273 275//275
f 274//274 275//275 276//276
f 276//276 275//275 277//277
f 276//276 277//277 278//278
f 278//278 277//277 279//279
f 278//278 279//279 280//280
f 280//280 279//279 281//281
f 280//280 281//281 282//282
f 282//282 281//281 283//283
f 282//282 283//283 284//284
f 284//284 283//283 285//285
f 284//284 285//285 286//286
f 286//286 285//285 287//287
f 286//286 287//287 288//288
f 288//288 287//287 256//256
f 256//256 287//287 257//257
f 257//257 287//287 289//289
f 289//289 287//287 290//290
f 290//290 287//287 285//285
f 290//290 285//285 291//291
f 291//291 285//285 283//283
f 291//291 283//283 292//292
f 292//292 283//283 281//281
f 292//292 281//281 293//293
f 293//293 281//281 294//294
f 294//294 281//281 279//279
f 294//294 279//279 295//295
f 295//295 279//279 277//277
f 295//295 277//277 296//296
f 296//296 277//277 275//275
f 296//296 275//275 297//297
f 297//297 275//275 273//273
f 298//298 299//299 272//272
f 272//272 299//299 273//273
f 212//212 214//214 300//300
f 300//300 214//214 301//301
f 300//300 301//301 302//302
f 302//302 301//301 303//303
f 302//302 303//303 304//304
f 304//304 303//303 305//305
f 304//304 305//305 306//306
f 306//306 305//305 299//299
f 306//306 299//299 298//298
f 235//235 211//211 307//307
f 307//307 211//211 308//308
f 307//307 308//308 309//309
f 308//308 211//211 310//310
f 310//310 211//211 209//209
f 310//310 209//209 311//311
f 311//311 209//209 207//207
f 311//311 207//207 312//312
f 312//312 207//207 205//205
f 312//312 205//205 313//313
f 313//313 205//205 202//202
f 313//313 202//202 314//314
f 314//314 202//202 201//201
f 218//218 315//315 201//201
f 201//201 315//315 316//316
f 201//201 316//316 314//314
f 314//314 316//316 317//317
f 314//314 317//317 318//318
f 319//319 320//320 218//218
f 218//218 320//320 321//321
f 218//218 321//321 322//322
f 319//319 323//323 320//320
f 322//322 324//324 218//218
f 218//218 324//324 315//315
f 325//325 326//326 318//318
f 318//318 326//326 327//327
f 318//318 327//327 314//314
f 314//314 327//327 328//328
f 325//325 329//329 326//326
f 326//326 330//330 327//327
f 327//327 330//330 331//331
f 319//319 218//218 332//332
f 332//332 218//218 219//219
f 332//332 219//219 333//333
f 333//333 219//219 221//221
f 333//333 221//221 334//334
f 334//334 221//221 223//223
f 334//334 223//223 335//335
f 335//335 223//223 225//225
f 335//335 225//225 336//336
f 336//336 225//225 227//227
f 336//336 227//227 337//337
f 337//337 227//227 229//229
f 337//337 229//229 338//338
f 338//338 229//229 231//231
f 338//338 231//231 339//339
f 339//339 231//231 233//233
f 339//339 233//233 340//340
f 340//340 233//233 213//213
f 212//212 341//341 213//213
f 213//213 341//341 342//342
f 213//213 342//342 343//343
f 341//341 212//212 344//344
f 344//344 212//212 345//345
f 344//344 345//345 346//346
f 346//346 345//345 347//347
f 347//347 345//345 348//348
f 347//347 348//348 349//349
f 349//349 348//348 350//350
f 350//350 348//348 351//351
f 345//345 352//352 348//348
f 353//353 354//354 349//349
f 349//349 354//354 347//347
f 343//343 355//355 213//213
f 213//213 355//355 356//356
f 213//213 356//356 340//340
f 340//340 356//356 357//357
f 358//358 272//272 359//359
f 359//359 272//272 274//274
f 359//359 274//274 360//360
f 360//360 274//274 276//276
f 360//360 276//276 278//278
f 360//360 278//278 361//361
f 361//361 278//278 280//280
f 361//361 280//280 362//362
f 362//362 280//280 282//282
f 362//362 282//282 363//363
f 363//363 282//282 284//284
f 363//363 284//284 364//364
f 364//364 284//284 365//365
f 365//365 284//284 286//286
f 365//365 286//286 288//288
f 365//365 288//288 366//366
f 366//366 288//288 256//256
f 366//366 256//256 367//367
f 237//237 239//239 368//368
f 368//368 239//239 369//369
f 369//369 239//239 255//255
f 369//369 255//255 370//370
f 370//370 255//255 371//371
f 371//371 255//255 254//254
f 371//371 254//254 253//253
f 252//252 372//372 253//253
f 253//253 372//372 373//373
f 253//253 373//373 371//371
f 235//235 307//307 252//252
f 252//252 307//307 372//372
f 345//345 212//212 374//374
f 374//374 212//212 300//300
f 374//374 300//300 375//375
f 375//375 300//300 302//302
f 375//375 302//302 376//376
f 376//376 302//302 304//304
f 376//376 304//304 377//377
f 377//377 304//304 306//306
f 377//377 306//306 378//378
f 378//378 306//306 298//298
f 272//272 358//358 298//298
f 298//298 358//358 378//378
f 378//378 358//358 379//379
f 358//358 359//359 379//379
f 379//379 359//359 380//380
f 380//380 359//359 360//360
f 380//380 360//360 381//381
f 381//381 360//360 361//361
f 381//381 361//361 362//362
f 381//381 362//362 382//382
f 382//382 362//362 363//363
f 382//382 363//363 383//383
f 383//383 363//363 364//364
f 383//383 364//364 384//384
f 384//384 364//364 365//365
f 384//384 365//365 366//366
f 367//367 385//385 366//366
f 366//366 385//385 384//384
f 256//256 258//258 367//367
f 367//367 258//258 386//386
f 367//367 386//386 385//385
f 386//386 258//258 387//387
f 387//387 258//258 260//260
f 387//387 260//260 388//388
f 388//388 260//260 262//262
f 388//388 262//262 389//389
f 389//389 262//262 264//264
f 389//389 264//264 390//390
f 390//390 264//264 266//266
f 390//390 266//266 391//391
f 391//391 266//266 268//268
f 391//391 268//268 392//392
f 392//392 268//268 270//270
f 392//392 270//270 368//368
f 368//368 270//270 237//237
f 368//368 393//393 392//392
f 393//393 368//368 394//394
f 394//394 368//368 369//369
f 394//394 369//369 395//395
f 395//395 369//369 370//370
f 395//395 370//370 396//396
f 396//396 370//370 371//371
f 396//396 371//371 397//397
f 397//397 371//371 373//373
f 397//397 373//373 372//372
f 397//397 372//372 398//398
f 398//398 372//372 307//307
f 398//398 307//307 309//309
f 22//22 399//399 24//24
f 24//24 399//399 400//400
f 24//24 400//400 26//26
f 26//26 400//400 401//401
f 26//26 401//401 28//28
f 28//28 401//401 402//402
f 28//28 402//402 30//30
f 30//30 402//402 403//403
f 30//30 403//403 32//32
f 32//32 403//403 404//404
f 32//32 404//404 34//34
f 34//34 404//404 405//405
f 34//34 405//405 36//36
f 36//36 405//405 406//406
f 36//36 406//406 38//38
f 38//38 406//406 407//407
f 38//38 407//407 40//40
f 40//40 407//407 408//408
f 40//40 408//408 42//42
f 42//42 408//408 409//409
f 42//42 409//409 44//44
f 44//44 409//409 410//410
f 44//44 410//410 46//46
f 46//46 410//410 411//411
f 46//46 411//411 48//48
f 48//48 411//411 412//412
f 48//48 412//412 50//50
f 50//50 412//412 413//413
f 50//50 413//413 52//52
f 52//52 413//413 414//414
f 52//52 414//414 54//54
f 54//54 414//414 415//415
f 54//54 415//415 56//56
f 56//56 415//415 416//416
f 56//56 416//416 58//58
f 58//58 416//416 417//417
f 58//58 417//417 60//60
f 60//60 417//417 418//418
f 60//60 418//418 62//62
f 62//62 418//418 419//419
f 62//62 419//419 64//64
f 64//64 419//419 420//420
f 64//64 420//420 66//66
f 66//66 420//420 421//421
f 66//66 421//421 68//68
f 68//68 421//421 422//422
f 68//68 422//422 70//70
f 70//70 422//422 423//423
f 70//70 423//423 72//72
f 72//72 423//423 424//424
f 72//72 424//424 74//74
f 74//74 424//424 425//425
f 74//74 425//425 76//76
f 76//76 425//425 426//426
f 76//76 426//426 78//78
f 78//78 426//426 427//427
f 78//78 427//427 80//80
f 80//80 427//427 428//428
f 80//80 428//428 82//82
f 82//82 428//428 429//429
f 82//82 429//429 84//84
f 84//84 429//429 430//430
f 84//84 430//430 86//86
f 86//86 430//430 431//431
f 86//86 431//431 2//2
f 2//2 431//431 432//432
f 2//2 432//432 4//4
f 4//4 432//432 433//433
f 4//4 433//433 6//6
f 6//6 433//433 434//434
f 6//6 434//434 8//8
f 8//8 434//434 435//435
f 8//8 435//435 10//10
f 10//10 435//435 436//436
f 10//10 436//436 12//12
f 12//12 436//436 437//437
f 12//12 437//437 14//14
f 14//14 437//437 438//438
f 14//14 438//438 16//16
f 16//16 438//438 439//439
f 16//16 439//439 18//18
f 18//18 439//439 440//440
f 18//18 440//440 20//20
f 20//20 440//440 441//441
f 20//20 441//441 22//22
f 22//22 441//441 399//399
f 442//442 443//443 444//444
f 444//444 443//443 445//445
f 444//444 445//445 446//446
f 446//446 445//445 447//447
f 446//446 447//447 448//448
f 448//448 447//447 449//449
f 448//448 449//449 450//450
f 450//450 449//449 451//451
f 450//450 451//451 452//452
f 452//452 451//451 453//453
f 452//452 453//453 454//454
f 454//454 453//453 455//455
f 454//454 455//455 456//456
f 456//456 455//455 457//457
f 456//456 457//457 458//458
f 458//458 457//457 459//459
f 458//458 459//459 460//460
f 460//460 459//459 461//461
f 460//460 461//461 462//462
f 462//462 461//461 463//463
f 462//462 463//463 464//464
f 464//464 463//463 465//465
f 464//464 465//465 466//466
f 466//466 465//465 467//467
f 466//466 467//467 468//468
f 468//468 467//467 469//469
f 468//468 469//469 470//470
f 470//470 469//469 471//471
f 470//470 471//471 472//472
f 472//472 471//471 473//473
f 472//472 473//473 474//474
f 474//474 473//473 475//475
f 474//474 475//475 476//476
f 476//476 475//475 477//477
f 476//476 477//477 478//478
f 478//478 477//477 479//479
f 478//478 479//479 480//480
f 480//480 479//479 481//481
f 480//480 481//481 482//482
f 482//482 481//481 483//483
f 482//482 483//483 484//484
f 484//484 483//483 485//485
f 484//484 485//485 486//486
f 486//486 485//485 487//487
f 486//486 487//487 488//488
f 488//488 487//487 489//489
f 488//488 489//489 490//490
f 490//490 489//489 491//491
f 490//490 491//491 492//492
f 492//492 491//491 493//493
f 492//492 493//493 494//494
f 494//494 493//493 495//495
f 494//494 495//495 496//496
f 496//496 495//495 497//497
f 496//496 497//497 498//498
f 498//498 497//497 499//499
f 498//498 499//499 500//500
f 500//500 499//499 501//501
f 500//500 501//501 502//502
f 502//502 501//501 503//503
f 502//502 503//503 504//504
f 504//504 503//503 505//505
f 504//504 505//505 506//506
f 506//506 505//505 507//507
f 506//506 507//507 508//508
f 508//508 507//507 509//509
f 508//508 509//509 510//510
f 510//510 509//509 511//511
f 510//510 511//511 512//512
f 512//512 511//511 513//513
f 512//512 513//513 514//514
f 514//514 513//513 515//515
f 514//514 515//515 516//516
f 516//516 515//515 517//517
f 516//516 517//517 518//518
f 518//518 517//517 519//519
f 518//518 519//519 520//520
f 520//520 519//519 521//521
f 520//520 521//521 522//522
f 522//522 521//521 523//523
f 522//522 523//523 524//524
f 524//524 523//523 525//525
f 524//524 525//525 526//526
f 526//526 525//525 527//527
f 526//526 527//527 442//442
f 442//442 527//527 443//443
f 400//400 445//445 401//401
f 401//401 445//445 443//443
f 401//401 443//443 402//402
f 402//402 443//443 527//527
f 402//402 527//527 403//403
f 403//403 527//527 525//525
f 403//403 525//525 404//404
f 404//404 525//525 523//523
f 404//404 523//523 405//405
f 405//405 523//523 521//521
f 405//405 521//521 406//406
f 406//406 521//521 519//519
f 406//406 519//519 407//407
f 407//407 519//519 517//517
f 407//407 517//517 408//408
f 408//408 517//517 515//515
f 408//408 515//515 409//409
f 409//409 515//515 513//513
f 409//409 513//513 410//410
f 410//410 513//513 511//511
f 410//410 511//511 411//411
f 411//411 511//511 509//509
f 411//411 509//509 412//412
f 412//412 509//509 507//507
f 412//412 507//507 413//413
f 413//413 507//507 505//505
f 413//413 505//505 414//414
f 414//414 505//505 503//503
f 414//414 503//503 415//415
f 415//415 503//503 501//501
f 415//415 501//501 416//416
f 416//416 501//501 499//499
f 416//416 499//499 417//417
f 417//417 499//499 497//497
f 417//417 497//497 418//418
f 418//418 497//497 495//495
f 418//418 495//495 419//419
f 419//419 495//495 493//493
f 419//419 493//493 420//420
f 420//420 493//493 491//491
f 420//420 491//491 421//421
f 421//421 491//491 489//489
f 421//421 489//489 422//422
f 422//422 489//489 487//487
f 422//422 487//487 423//423
f 423//423 487//487 485//485
f 423//423 485//485 424//424
f 424//424 485//485 483//483
f 424//424 483//483 425//425
f 425//425 483//483 481//481
f 425//425 481//481 426//426
f 426//426 481//481 479//479
f 426//426 479//479 427//427
f 427//427 479//479 477//477
f 427//427 477//477 428//428
f 428//428 477//477 475//475
f 428//428 475//475 429//429
f 429//429 475//475 473//473
f 429//429 473//473 430//430
f 430//430 473//473 471//471
f 430//430 471//471 431//431
f 431//431 471//471 469//469
f 431//431 469//469 432//432
f 432//432 469//469 467//467
f 432//432 467//467 433//433
f 433//433 467//467 465//465
f 433//433 465//465 434//434
f 434//434 465//465 463//463
f 434//434 463//463 435//435
f 435//435 463//463 461//461
f 435//435 461//461 436//436
f 436//436 461//461 459//459
f 436//436 459//459 437//437
f 437//437 459//459 457//457
f 437//437 457//457 438//438
f 438//438 457//457 455//455
f 438//438 455//455 439//439
f 439//439 455//455 453//453
f 439//439 453//453 440//440
f 440//440 453//453 451//451
f 440//440 451//451 441//441
f 441//441 451//451 449//449
f 441//441 449//449 399//399
f 399//399 449//449 447//447
f 399//399 447//447 400//400
f 400//400 447//447 445//445
f 88//88 528//528 90//90
f 90//90 528//528 529//529
f 90//90 529//529 530//530
f 528//528 88//88 531//531
f 531//531 88//88 180//180
f 531//531 180//180 532//532
f 532//532 180//180 178//178
f 532//532 178//178 533//533
f 533//533 178//178 176//176
f 533//533 176//176 534//534
f 534//534 176//176 174//174
f 534//534 174//174 535//535
f 535//535 174//174 172//172
f 535//535 172//172 536//536
f 536//536 172//172 170//170
f 536//536 170//170 537//537
f 537//537 170//170 168//168
f 537//537 168//168 538//538
f 538//538 168//168 539//539
f 539//539 168//168 166//166
f 539//539 166//166 540//540
f 540//540 166//166 164//164
f 540//540 164//164 541//541
f 541//541 164//164 162//162
f 541//541 162//162 542//542
f 542//542 162//162 160//160
f 542//542 160//160 543//543
f 543//543 160//160 544//544
f 544//544 160//160 158//158
f 544//544 158//158 545//545
f 545//545 158//158 546//546
f 546//546 158//158 156//156
f 546//546 156//156 547//547
f 547//547 156//156 548//548
f 548//548 156//156 154//154
f 548//548 154//154 549//549
f 549//549 154//154 152//152
f 549//549 152//152 550//550
f 550//550 152//152 551//551
f 551//551 152//152 552//552
f 551//551 552//552 553//553
f 152//152 150//150 552//552
f 552//552 150//150 554//554
f 554//554 150//150 148//148
f 554//554 148//148 555//555
f 555//555 148//148 556//556
f 556//556 148//148 146//146
f 556//556 146//146 557//557
f 557//557 146//146 144//144
f 557//557 144//144 558//558
f 558//558 144//144 142//142
f 558//558 142//142 140//140
f 140//140 138//138 558//558
f 558//558 138//138 136//136
f 558//558 136//136 559//559
f 559//559 136//136 134//134
f 559//559 134//134 132//132
f 132//132 130//130 559//559
f 559//559 130//130 560//560
f 559//559 560//560 561//561
f 130//130 128//128 560//560
f 560//560 128//128 562//562
f 562//562 128//128 126//126
f 562//562 126//126 563//563
f 563//563 126//126 564//564
f 564//564 126//126 124//124
f 564//564 124//124 565//565
f 565//565 124//124 122//122
f 565//565 122//122 566//566
f 566//566 122//122 567//567
f 567//567 122//122 568//568
f 568//568 122//122 120//120
f 568//568 120//120 569//569
f 569//569 120//120 118//118
f 569//569 118//118 570//570
f 570//570 118//118 571//571
f 571//571 118//118 116//116
f 571//571 116//116 572//572
f 572//572 116//116 573//573
f 573//573 116//116 114//114
f 573//573 114//114 574//574
f 574//574 114//114 575//575
f 575//575 114//114 112//112
f 575//575 112//112 576//576
f 576//576 112//112 110//110
f 576//576 110//110 577//577
f 577//577 110//110 108//108
f 577//577 108//108 578//578
f 578//578 108//108 106//106
f 578//578 106//106 579//579
f 579//579 106//106 580//580
f 580//580 106//106 104//104
f 580//580 104//104 581//581
f 581//581 104//104 102//102
f 581//581 102//102 582//582
f 582//582 102//102 100//100
f 582//582 100//100 583//583
f 583//583 100//100 98//98
f 583//583 98//98 584//584
f 584//584 98//98 96//96
f 584//584 96//96 585//585
f 585//585 96//96 94//94
f 585//585 94//94 586//586
f 586//586 94//94 92//92
f 586//586 92//92 530//530
f 530//530 92//92 90//90
f 587//587 588//588 589//589
f 589//589 588//588 590//590
f 589//589 590//590 559//559
f 591//591 592//592 558//558
f 558//558 592//592 593//593
f 558//558 593//593 594//594
f 591//591 595//595 592//592
f 592//592 595//595 596//596
f 592//592 597//597 593//593
f 593//593 597//597 598//598
f 598//598 597//597 599//599
f 599//599 597//597 600//600
f 599//599 600//600 601//601
f 601//601 600//600 602//602
f 601//601 602//602 603//603
f 603//603 602//602 604//604
f 603//603 604//604 605//605
f 606//606 607//607 605//605
f 605//605 607//607 608//608
f 605//605 608//608 609//609
f 607//607 606//606 610//610
f 610//610 606//606 611//611
f 610//610 611//611 612//612
f 610//610 612//612 613//613
f 613//613 612//612 614//614
f 613//613 614//614 615//615
f 615//615 614//614 616//616
f 615//615 616//616 617//617
f 615//615 617//617 553//553
f 553//553 617//617 618//618
f 553//553 618//618 551//551
f 565//565 566//566 619//619
f 619//619 566//566 620//620
f 619//619 620//620 621//621
f 619//619 621//621 622//622
f 622//622 621//621 623//623
f 622//622 623//623 624//624
f 622//622 624//624 625//625
f 625//625 624//624 626//626
f 625//625 626//626 627//627
f 627//627 626//626 628//628
f 627//627 628//628 629//629
f 627//627 629//629 630//630
f 630//630 629//629 631//631
f 630//630 631//631 632//632
f 632//632 631//631 633//633
f 633//633 631//631 634//634
f 634//634 631//631 635//635
f 634//634 635//635 636//636
f 634//634 636//636 637//637
f 637//637 636//636 638//638
f 637//637 638//638 639//639
f 639//639 638//638 640//640
f 639//639 640//640 641//641
f 641//641 640//640 642//642
f 642//642 640//640 589//589
f 642//642 589//589 559//559
f 609//609 603//603 605//605
f 594//594 643//643 558//558
f 558//558 643//643 557//557
f 561//561 644//644 559//559
f 559//559 644//644 642//642
f 446//446 645//645 444//444
f 444//444 645//645 646//646
f 444//444 646//646 442//442
f 442//442 646//646 647//647
f 442//442 647//647 648//648
f 446//446 448//448 645//645
f 645//645 448//448 649//649
f 649//649 448//448 450//450
f 649//649 450//450 650//650
f 650//650 450//450 452//452
f 650//650 452//452 651//651
f 651//651 452//452 454//454
f 651//651 454//454 652//652
f 652//652 454//454 456//456
f 652//652 456//456 653//653
f 653//653 456//456 458//458
f 653//653 458//458 654//654
f 654//654 458//458 460//460
f 654//654 460//460 655//655
f 655//655 460//460 462//462
f 655//655 462//462 656//656
f 656//656 462//462 464//464
f 656//656 464//464 657//657
f 657//657 464//464 466//466
f 657//657 466//466 658//658
f 658//658 466//466 468//468
f 658//658 468//468 659//659
f 659//659 468//468 470//470
f 659//659 470//470 660//660
f 660//660 470//470 472//472
f 660//660 472//472 661//661
f 661//661 472//472 474//474
f 661//661 474//474 662//662
f 662//662 474//474 476//476
f 662//662 476//476 663//663
f 663//663 476//476 478//478
f 663//663 478//478 664//664
f 664//664 478//478 480//480
f 664//664 480//480 665//665
f 665//665 480//480 482//482
f 665//665 482//482 666//666
f 666//666 482//482 484//484
f 666//666 484//484 667//667
f 667//667 484//484 486//486
f 667//667 486//486 668//668
f 668//668 486//486 488//488
f 668//668 488//488 669//669
f 669//669 488//488 490//490
f 669//669 490//490 670//670
f 670//670 490//490 492//492
f 670//670 492//492 671//671
f 671//671 492//492 494//494
f 671//671 494//494 672//672
f 672//672 494//494 496//496
f 672//672 496//496 673//673
f 673//673 496//496 498//498
f 673//673 498//498 674//674
f 674//674 498//498 500//500
f 674//674 500//500 675//675
f 675//675 500//500 502//502
f 675//675 502//502 676//676
f 676//676 502//502 504//504
f 676//676 504//504 677//677
f 677//677 504//504 506//506
f 677//677 506//506 678//678
f 678//678 506//506 508//508
f 678//678 508//508 679//679
f 679//679 508//508 510//510
f 679//679 510//510 680//680
f 680//680 510//510 512//512
f 680//680 512//512 681//681
f 681//681 512//512 514//514
f 681//681 514//514 682//682
f 682//682 514//514 516//516
f 682//682 516//516 683//683
f 683//683 516//516 518//518
f 683//683 518//518 684//684
f 684//684 518//518 520//520
f 684//684 520//520 685//685
f 685//685 520//520 522//522
f 685//685 522//522 686//686
f 686//686 522//522 524//524
f 686//686 524//524 687//687
f 687//687 524//524 526//526
f 687//687 526//526 648//648
f 648//648 526//526 442//442
f 688//688 689//689 690//690
f 690//690 689//689 691//691
f 690//690 691//691 692//692
f 692//692 691//691 693//693
f 692//692 693//693 694//694
f 694//694 693//693 695//695
f 694//694 695//695 696//696
f 696//696 695//695 697//697
f 696//696 698//698 694//694
f 694//694 698//698 699//699
f 694//694 699//699 692//692
f 692//692 699//699 700//700
f 692//692 700//700 690//690
f 690//690 700//700 688//688
f 696//696 697//697 701//701
f 701//701 697//697 702//702
f 701//701 702//702 703//703
f 702//702 697//697 704//704
f 704//704 697//697 705//705
f 704//704 705//705 706//706
f 706//706 705//705 707//707
f 706//706 707//707 708//708
f 708//708 707//707 709//709
f 708//708 709//709 710//710
f 181//181 711//711 705//705
f 705//705 711//711 712//712
f 705//705 712//712 707//707
f 181//181 183//183 711//711
f 708//708 710//710 713//713
f 713//713 710//710 714//714
f 713//713 714//714 715//715
f 715//715 714//714 716//716
f 715//715 716//716 717//717
f 715//715 717//717 718//718
f 718//718 717//717 719//719
f 718//718 719//719 720//720
f 718//718 720//720 721//721
f 721//721 720//720 722//722
f 721//721 722//722 723//723
f 723//723 722//722 724//724
f 723//723 724//724 725//725
f 725//725 724//724 726//726
f 725//725 726//726 727//727
f 725//725 727//727 728//728
f 728//728 727//727 729//729
f 728//728 729//729 730//730
f 730//730 729//729 731//731
f 730//730 731//731 732//732
f 732//732 731//731 733//733
f 732//732 733//733 734//734
f 732//732 734//734 735//735
f 735//735 734//734 736//736
f 735//735 736//736 737//737
f 735//735 737//737 738//738
f 738//738 737//737 739//739
f 738//738 739//739 703//703
f 703//703 739//739 740//740
f 703//703 740//740 741//741
f 741//741 701//701 703//703
f 742//742 743//743 744//744
f 744//744 743//743 745//745
f 744//744 745//745 746//746
f 747//747 748//748 746//746
f 746//746 748//748 749//749
f 746//746 749//749 744//744
f 744//744 749//749 750//750
f 744//744 750//750 751//751
f 747//747 752//752 748//748
f 748//748 752//752 753//753
f 748//748 753//753 754//754
f 748//748 754//754 749//749
f 749//749 754//754 750//750
f 751//751 742//742 744//744
f 688//688 755//755 689//689
f 689//689 755//755 756//756
f 689//689 756//756 757//757
f 757//757 756//756 758//758
f 759//759 760//760 688//688
f 688//688 760//760 755//755
f 761//761 762//762 757//757
f 757//757 762//762 763//763
f 757//757 763//763 764//764
f 765//765 766//766 761//761
f 761//761 766//766 767//767
f 761//761 767//767 762//762
f 766//766 765//765 351//351
f 351//351 765//765 768//768
f 351//351 768//768 769//769
f 769//769 768//768 770//770
f 769//769 770//770 771//771
f 769//769 771//771 772//772
f 772//772 771//771 773//773
f 772//772 773//773 331//331
f 331//331 773//773 774//774
f 331//331 774//774 775//775
f 775//775 774//774 776//776
f 775//775 776//776 777//777
f 777//777 776//776 778//778
f 778//778 776//776 779//779
f 778//778 779//779 780//780
f 780//780 779//779 781//781
f 781//781 779//779 752//752
f 781//781 752//752 782//782
f 782//782 752//752 783//783
f 783//783 752//752 784//784
f 784//784 752//752 785//785
f 785//785 752//752 786//786
f 785//785 786//786 787//787
f 788//788 789//789 779//779
f 779//779 789//789 752//752
f 789//789 790//790 752//752
f 752//752 790//790 753//753
f 753//753 790//790 791//791
f 753//753 791//791 792//792
f 752//752 793//793 786//786
f 787//787 794//794 785//785
f 782//782 795//795 781//781
f 781//781 795//795 796//796
f 796//796 795//795 797//797
f 796//796 797//797 798//798
f 796//796 798//798 799//799
f 799//799 798//798 800//800
f 799//799 800//800 801//801
f 799//799 801//801 802//802
f 802//802 801//801 803//803
f 802//802 803//803 804//804
f 804//804 803//803 805//805
f 804//804 805//805 806//806
f 804//804 806//806 807//807
f 807//807 806//806 808//808
f 807//807 808//808 809//809
f 809//809 808//808 810//810
f 809//809 810//810 811//811
f 809//809 811//811 812//812
f 812//812 811//811 813//813
f 812//812 813//813 814//814
f 814//814 813//813 815//815
f 814//814 815//815 816//816
f 814//814 816//816 817//817
f 817//817 816//816 818//818
f 817//817 818//818 819//819
f 819//819 818//818 820//820
f 819//819 820//820 821//821
f 819//819 821//821 822//822
f 822//822 821//821 823//823
f 822//822 823//823 824//824
f 824//824 823//823 825//825
f 824//824 825//825 826//826
f 826//826 825//825 827//827
f 826//826 827//827 828//828
f 826//826 828//828 829//829
f 829//829 828//828 830//830
f 829//829 830//830 831//831
f 831//831 830//830 832//832
f 831//831 832//832 833//833
f 831//831 833//833 834//834
f 834//834 833//833 835//835
f 834//834 835//835 836//836
f 836//836 835//835 837//837
f 836//836 837//837 838//838
f 836//836 838//838 839//839
f 839//839 838//838 840//840
f 839//839 840//840 841//841
f 841//841 840//840 842//842
f 841//841 842//842 843//843
f 841//841 843//843 844//844
f 844//844 843//843 845//845
f 844//844 845//845 846//846
f 846//846 845//845 847//847
f 846//846 847//847 848//848
f 846//846 848//848 849//849
f 849//849 848//848 850//850
f 849//849 850//850 851//851
f 849//849 851//851 764//764
f 764//764 851//851 852//852
f 764//764 852//852 689//689
f 689//689 852//852 853//853
f 689//689 853//853 854//854
f 854//854 855//855 689//689
f 689//689 855//855 856//856
f 689//689 856//856 857//857
f 858//858 859//859 855//855
f 855//855 859//859 856//856
f 351//351 348//348 766//766
f 775//775 327//327 331//331
f 689//689 757//757 764//764
f 779//779 860//860 788//788
f 788//788 860//860 861//861
f 861//861 860//860 862//862
f 861//861 862//862 863//863
f 863//863 862//862 864//864
f 863//863 864//864 865//865
f 865//865 864//864 866//866
f 865//865 866//866 867//867
f 867//867 866//866 868//868
f 868//868 866//866 869//869
f 869//869 866//866 870//870
f 870//870 866//866 871//871
f 871//871 866//866 872//872
f 873//873 874//874 875//875
f 875//875 874//874 876//876
f 875//875 876//876 877//877
f 877//877 876//876 878//878
f 877//877 878//878 879//879
f 879//879 878//878 880//880
f 879//879 880//880 758//758
f 758//758 880//880 757//757
f 873//873 881//881 874//874
f 874//874 881//881 882//882
f 874//874 882//882 883//883
f 883//883 884//884 874//874
f 874//874 884//884 885//885
f 742//742 886//886 743//743
f 743//743 886//886 887//887
f 743//743 887//887 888//888
f 887//887 886//886 889//889
f 889//889 886//886 890//890
f 889//889 890//890 891//891
f 889//889 891//891 892//892
f 892//892 891//891 893//893
f 892//892 893//893 894//894
f 894//894 893//893 895//895
f 894//894 895//895 896//896
f 894//894 896//896 897//897
f 897//897 896//896 898//898
f 897//897 898//898 899//899
f 897//897 899//899 900//900
f 900//900 899//899 901//901
f 900//900 901//901 902//902
f 902//902 901//901 903//903
f 902//902 903//903 904//904
f 904//904 903//903 905//905
f 904//904 905//905 906//906
f 904//904 906//906 907//907
f 907//907 906//906 908//908
f 907//907 908//908 909//909
f 909//909 908//908 910//910
f 909//909 910//910 911//911
f 911//911 910//910 912//912
f 911//911 912//912 913//913
f 911//911 913//913 914//914
f 914//914 913//913 915//915
f 914//914 915//915 916//916
f 914//914 916//916 917//917
f 917//917 916//916 918//918
f 917//917 918//918 919//919
f 919//919 918//918 920//920
f 919//919 920//920 921//921
f 922//922 923//923 921//921
f 921//921 923//923 924//924
f 921//921 924//924 919//919
f 925//925 926//926 922//922
f 922//922 926//926 923//923
f 924//924 923//923 888//888
f 888//888 923//923 743//743
f 927//927 736//736 928//928
f 928//928 736//736 734//734
f 928//928 734//734 929//929
f 929//929 734//734 930//930
f 930//930 734//734 733//733
f 930//930 733//733 931//931
f 931//931 733//733 731//731
f 931//931 731//731 932//932
f 932//932 731//731 933//933
f 933//933 731//731 729//729
f 933//933 729//729 934//934
f 934//934 729//729 935//935
f 935//935 729//729 727//727
f 935//935 727//727 936//936
f 936//936 727//727 937//937
f 937//937 727//727 726//726
f 937//937 726//726 938//938
f 938//938 726//726 724//724
f 938//938 724//724 939//939
f 939//939 724//724 940//940
f 940//940 724//724 722//722
f 940//940 722//722 941//941
f 941//941 722//722 942//942
f 942//942 722//722 720//720
f 942//942 720//720 943//943
f 943//943 720//720 944//944
f 944//944 720//720 719//719
f 944//944 719//719 945//945
f 945//945 719//719 717//717
f 945//945 717//717 946//946
f 946//946 717//717 947//947
f 947//947 717//717 716//716
f 947//947 716//716 198//198
f 198//198 716//716 196//196
f 198//198 948//948 947//947
f 928//928 949//949 927//927
f 196//196 716//716 950//950
f 950//950 716//716 714//714
f 950//950 714//714 951//951
f 951//951 714//714 710//710
f 951//951 710//710 952//952
f 952//952 710//710 709//709
f 952//952 709//709 953//953
f 953//953 709//709 707//707
f 953//953 707//707 712//712
f 953//953 712//712 187//187
f 187//187 712//712 711//711
f 187//187 711//711 184//184
f 184//184 711//711 183//183
f 187//187 190//190 953//953
f 953//953 190//190 952//952
f 952//952 190//190 951//951
f 951//951 190//190 194//194
f 951//951 194//194 950//950
f 950//950 194//194 196//196
f 885//885 954//954 874//874
f 874//874 954//954 761//761
f 874//874 761//761 876//876
f 876//876 761//761 878//878
f 878//878 761//761 880//880
f 880//880 761//761 757//757
f 925//925 922//922 955//955
f 955//955 922//922 956//956
f 956//956 922//922 921//921
f 956//956 921//921 957//957
f 957//957 921//921 920//920
f 957//957 920//920 958//958
f 958//958 920//920 918//918
f 958//958 918//918 959//959
f 959//959 918//918 916//916
f 959//959 916//916 960//960
f 960//960 916//916 915//915
f 960//960 915//915 961//961
f 961//961 962//962 960//960
f 960//960 962//962 959//959
f 962//962 963//963 959//959
f 959//959 963//963 958//958
f 963//963 956//956 958//958
f 958//958 956//956 957//957
f 913//913 964//964 915//915
f 915//915 964//964 965//965
f 915//915 965//965 961//961
f 912//912 966//966 913//913
f 913//913 966//966 967//967
f 913//913 967//967 964//964
f 966//966 912//912 968//968
f 968//968 912//912 910//910
f 968//968 910//910 969//969
f 969//969 910//910 970//970
f 970//970 910//910 908//908
f 970//970 908//908 971//971
f 971//971 908//908 972//972
f 972//972 908//908 906//906
f 972//972 906//906 973//973
f 973//973 906//906 974//974
f 974//974 906//906 905//905
f 974//974 905//905 975//975
f 975//975 905//905 903//903
f 975//975 903//903 976//976
f 976//976 903//903 977//977
f 977//977 903//903 901//901
f 977//977 901//901 978//978
f 978//978 901//901 979//979
f 979//979 901//901 899//899
f 979//979 899//899 980//980
f 980//980 899//899 981//981
f 981//981 899//899 898//898
f 981//981 898//898 982//982
f 982//982 898//898 896//896
f 982//982 896//896 983//983
f 983//983 896//896 984//984
f 984//984 896//896 895//895
f 984//984 895//895 985//985
f 985//985 986//986 984//984
f 964//964 987//987 965//965
f 893//893 988//988 895//895
f 895//895 988//988 989//989
f 895//895 989//989 985//985
f 985//985 989//989 986//986
f 893//893 891//891 988//988
f 988//988 891//891 990//990
f 988//988 990//990 991//991
f 991//991 990//990 992//992
f 992//992 990//990 993//993
f 993//993 990//990 994//994
f 993//993 994//994 995//995
f 995//995 994//994 996//996
f 995//995 996//996 997//997
f 997//997 996//996 751//751
f 997//997 751//751 750//750
f 891//891 890//890 990//990
f 990//990 890//890 994//994
f 890//890 886//886 994//994
f 994//994 886//886 996//996
f 886//886 742//742 996//996
f 996//996 742//742 751//751
f 997//997 750//750 998//998
f 998//998 750//750 754//754
f 998//998 754//754 753//753
f 998//998 753//753 999//999
f 999//999 753//753 792//792
f 999//999 792//792 1000//1000
f 1001//1001 1002//1002 1000//1000
f 1000//1000 1002//1002 1003//1003
f 1000//1000 1003//1003 999//999
f 999//999 1003//1003 998//998
f 1002//1002 1001//1001 1004//1004
f 1004//1004 1001//1001 1005//1005
f 1004//1004 1005//1005 589//589
f 589//589 1005//1005 587//587
f 1003//1003 1006//1006 998//998
f 998//998 1006//1006 997//997
f 1006//1006 995//995 997//997
f 991//991 989//989 988//988
f 872//872 866//866 1007//1007
f 1007//1007 866//866 776//776
f 776//776 866//866 864//864
f 776//776 864//864 862//862
f 862//862 860//860 776//776
f 776//776 860//860 779//779
f 792//792 791//791 1000//1000
f 1000//1000 791//791 1001//1001
f 1001//1001 791//791 1005//1005
f 1005//1005 791//791 587//587
f 587//587 791//791 588//588
f 588//588 791//791 590//590
f 590//590 791//791 559//559
f 559//559 791//791 790//790
f 559//559 790//790 1008//1008
f 1008//1008 790//790 1009//1009
f 1009//1009 790//790 1010//1010
f 1010//1010 790//790 1011//1011
f 1011//1011 790//790 789//789
f 756//756 1012//1012 758//758
f 758//758 1012//1012 1013//1013
f 758//758 1013//1013 1014//1014
f 1014//1014 1013//1013 1015//1015
f 1016//1016 877//877 1014//1014
f 1014//1014 877//877 879//879
f 1014//1014 879//879 758//758
f 1017//1017 873//873 1016//1016
f 1016//1016 873//873 875//875
f 1016//1016 875//875 877//877
f 873//873 1017//1017 881//881
f 881//881 1017//1017 1018//1018
f 881//881 1018//1018 882//882
f 882//882 1018//1018 1019//1019
f 882//882 1019//1019 883//883
f 883//883 1019//1019 870//870
f 883//883 870//870 884//884
f 884//884 870//870 871//871
f 884//884 871//871 1020//1020
f 1020//1020 871//871 1021//1021
f 1021//1021 871//871 1022//1022
f 1022//1022 871//871 1023//1023
f 1023//1023 871//871 872//872
f 1023//1023 872//872 1007//1007
f 1019//1019 1024//1024 870//870
f 870//870 1024//1024 869//869
f 869//869 1024//1024 1025//1025
f 869//869 1025//1025 868//868
f 868//868 1025//1025 1026//1026
f 868//868 1026//1026 867//867
f 867//867 1026//1026 1027//1027
f 867//867 1027//1027 865//865
f 865//865 1027//1027 863//863
f 863//863 1027//1027 1028//1028
f 863//863 1028//1028 861//861
f 861//861 1028//1028 788//788
f 788//788 1028//1028 1010//1010
f 788//788 1010//1010 1011//1011
f 1028//1028 1009//1009 1010//1010
f 1011//1011 789//789 788//788
f 1020//1020 1029//1029 884//884
f 884//884 1029//1029 1030//1030
f 884//884 1030//1030 1031//1031
f 954//954 885//885 1031//1031
f 1031//1031 885//885 884//884
f 923//923 1032//1032 743//743
f 743//743 1032//1032 793//793
f 743//743 793//793 745//745
f 745//745 793//793 746//746
f 746//746 793//793 747//747
f 747//747 793//793 752//752
f 705//705 697//697 1033//1033
f 1033//1033 697//697 857//857
f 857//857 697//697 695//695
f 857//857 695//695 693//693
f 693//693 691//691 857//857
f 857//857 691//691 689//689
f 756//756 755//755 1012//1012
f 1012//1012 755//755 1013//1013
f 1013//1013 755//755 1015//1015
f 1015//1015 755//755 1034//1034
f 1034//1034 755//755 760//760
f 1034//1034 760//760 558//558
f 558//558 760//760 591//591
f 591//591 760//760 595//595
f 595//595 760//760 596//596
f 596//596 760//760 1035//1035
f 1035//1035 760//760 1036//1036
f 1036//1036 760//760 1037//1037
f 1037//1037 760//760 759//759
f 1038//1038 961//961 1039//1039
f 1039//1039 961//961 965//965
f 1039//1039 965//965 1040//1040
f 961//961 1038//1038 962//962
f 962//962 1038//1038 1041//1041
f 962//962 1041//1041 963//963
f 963//963 1041//1041 1042//1042
f 963//963 1042//1042 1043//1043
f 1043//1043 1044//1044 963//963
f 963//963 1044//1044 956//956
f 956//956 1044//1044 1045//1045
f 956//956 1045//1045 1046//1046
f 956//956 1046//1046 955//955
f 955//955 1046//1046 1047//1047
f 955//955 1047//1047 1048//1048
f 926//926 925//925 1048//1048
f 1048//1048 925//925 955//955
f 1040//1040 1049//1049 1039//1039
f 917//917 1050//1050 914//914
f 914//914 1050//1050 1051//1051
f 914//914 1051//1051 911//911
f 911//911 1051//1051 1052//1052
f 911//911 1052//1052 909//909
f 909//909 1052//1052 1053//1053
f 909//909 1053//1053 907//907
f 907//907 1053//1053 1054//1054
f 907//907 1054//1054 904//904
f 904//904 1054//1054 1055//1055
f 904//904 1055//1055 902//902
f 902//902 1055//1055 1056//1056
f 902//902 1056//1056 900//900
f 900//900 1056//1056 1057//1057
f 900//900 1057//1057 897//897
f 897//897 1057//1057 1058//1058
f 897//897 1058//1058 894//894
f 894//894 1058//1058 1059//1059
f 894//894 1059//1059 892//892
f 892//892 1059//1059 1060//1060
f 892//892 1060//1060 889//889
f 889//889 1060//1060 1061//1061
f 889//889 1061//1061 887//887
f 887//887 1061//1061 1062//1062
f 887//887 1062//1062 888//888
f 888//888 1062//1062 1063//1063
f 888//888 1063//1063 924//924
f 924//924 1063//1063 1064//1064
f 924//924 1064//1064 919//919
f 919//919 1064//1064 1065//1065
f 919//919 1065//1065 917//917
f 917//917 1065//1065 1050//1050
f 328//328 327//327 1066//1066
f 1066//1066 327//327 775//775
f 1066//1066 775//775 1067//1067
f 1067//1067 775//775 777//777
f 1067//1067 777//777 1068//1068
f 1068//1068 777//777 778//778
f 1068//1068 778//778 1069//1069
f 1069//1069 778//778 780//780
f 1069//1069 780//780 1070//1070
f 1070//1070 780//780 781//781
f 1070//1070 781//781 1071//1071
f 1071//1071 781//781 796//796
f 1071//1071 796//796 1072//1072
f 1072//1072 796//796 799//799
f 1072//1072 799//799 1073//1073
f 1073//1073 799//799 802//802
f 1073//1073 802//802 1074//1074
f 1074//1074 802//802 804//804
f 1074//1074 804//804 1075//1075
f 1075//1075 804//804 807//807
f 1075//1075 807//807 1076//1076
f 1076//1076 807//807 809//809
f 1076//1076 809//809 1077//1077
f 1077//1077 809//809 812//812
f 1077//1077 812//812 1078//1078
f 1078//1078 812//812 814//814
f 1078//1078 814//814 1079//1079
f 1079//1079 814//814 817//817
f 1079//1079 817//817 1080//1080
f 1080//1080 817//817 819//819
f 1080//1080 819//819 1081//1081
f 1081//1081 819//819 822//822
f 1081//1081 822//822 1082//1082
f 1082//1082 822//822 824//824
f 1082//1082 824//824 1083//1083
f 1083//1083 824//824 826//826
f 1083//1083 826//826 1084//1084
f 1084//1084 826//826 829//829
f 1084//1084 829//829 1085//1085
f 1085//1085 829//829 831//831
f 1085//1085 831//831 1086//1086
f 1086//1086 831//831 834//834
f 1086//1086 834//834 1087//1087
f 1087//1087 834//834 836//836
f 1087//1087 836//836 1088//1088
f 1088//1088 836//836 839//839
f 1088//1088 839//839 1089//1089
f 1089//1089 839//839 841//841
f 1089//1089 841//841 1090//1090
f 1090//1090 841//841 844//844
f 1090//1090 844//844 1091//1091
f 1091//1091 844//844 846//846
f 1091//1091 846//846 1092//1092
f 1092//1092 846//846 849//849
f 1092//1092 849//849 1093//1093
f 1093//1093 849//849 764//764
f 1093//1093 764//764 1094//1094
f 1094//1094 764//764 763//763
f 1094//1094 763//763 1095//1095
f 1095//1095 763//763 762//762
f 1095//1095 762//762 1096//1096
f 1096//1096 762//762 767//767
f 1096//1096 767//767 1097//1097
f 1097//1097 767//767 766//766
f 1097//1097 766//766 352//352
f 352//352 766//766 348//348
f 332//332 1098//1098 319//319
f 319//319 1098//1098 1099//1099
f 319//319 1099//1099 1100//1100
f 1100//1100 1099//1099 1101//1101
f 1100//1100 1101//1101 1102//1102
f 333//333 1103//1103 332//332
f 332//332 1103//1103 1104//1104
f 332//332 1104//1104 1098//1098
f 334//334 1105//1105 333//333
f 333//333 1105//1105 1106//1106
f 333//333 1106//1106 1103//1103
f 335//335 1107//1107 334//334
f 334//334 1107//1107 1108//1108
f 334//334 1108//1108 1105//1105
f 336//336 1109//1109 335//335
f 335//335 1109//1109 1110//1110
f 335//335 1110//1110 1107//1107
f 337//337 1111//1111 336//336
f 336//336 1111//1111 1112//1112
f 336//336 1112//1112 1109//1109
f 338//338 1113//1113 337//337
f 337//337 1113//1113 1114//1114
f 337//337 1114//1114 1111//1111
f 339//339 1115//1115 338//338
f 338//338 1115//1115 1116//1116
f 338//338 1116//1116 1113//1113
f 340//340 1117//1117 339//339
f 339//339 1117//1117 1118//1118
f 339//339 1118//1118 1115//1115
f 357//357 1119//1119 340//340
f 340//340 1119//1119 1120//1120
f 340//340 1120//1120 1117//1117
f 1121//1121 1122//1122 1119//1119
f 1119//1119 1122//1122 1123//1123
f 1119//1119 1123//1123 1124//1124
f 354//354 1125//1125 1121//1121
f 1121//1121 1125//1125 1126//1126
f 1121//1121 1126//1126 1122//1122
f 353//353 1127//1127 354//354
f 354//354 1127//1127 1125//1125
f 1124//1124 1120//1120 1119//1119
f 1102//1102 1128//1128 1100//1100
f 1100//1100 1128//1128 1129//1129
f 1129//1129 1128//1128 1130//1130
f 1129//1129 1130//1130 1131//1131
f 1129//1129 1131//1131 325//325
f 325//325 1131//1131 1132//1132
f 325//325 1132//1132 329//329
f 1100//1100 323//323 319//319
f 1133//1133 1134//1134 1135//1135
f 1135//1135 1134//1134 1136//1136
f 1135//1135 1136//1136 1137//1137
f 1135//1135 1137//1137 1138//1138
f 1138//1138 1137//1137 1139//1139
f 1138//1138 1139//1139 331//331
f 331//331 1139//1139 1140//1140
f 331//331 1140//1140 772//772
f 772//772 1140//1140 1141//1141
f 772//772 1141//1141 1142//1142
f 1142//1142 1143//1143 772//772
f 772//772 1143//1143 769//769
f 769//769 1143//1143 1144//1144
f 769//769 1144//1144 1145//1145
f 1145//1145 1146//1146 769//769
f 769//769 1146//1146 1147//1147
f 769//769 1147//1147 1148//1148
f 1148//1148 1147//1147 1149//1149
f 1148//1148 1149//1149 1150//1150
f 1150//1150 1149//1149 1151//1151
f 1150//1150 1151//1151 1152//1152
f 1152//1152 1153//1153 1150//1150
f 350//350 351//351 1148//1148
f 1148//1148 351//351 769//769
f 331//331 330//330 1138//1138
f 801//801 575//575 803//803
f 803//803 575//575 576//576
f 803//803 576//576 805//805
f 805//805 576//576 577//577
f 805//805 577//577 806//806
f 806//806 577//577 578//578
f 806//806 578//578 808//808
f 808//808 578//578 579//579
f 808//808 579//579 810//810
f 810//810 579//579 580//580
f 810//810 580//580 811//811
f 811//811 580//580 581//581
f 811//811 581//581 813//813
f 813//813 581//581 582//582
f 813//813 582//582 815//815
f 815//815 582//582 583//583
f 815//815 583//583 816//816
f 816//816 583//583 584//584
f 816//816 584//584 818//818
f 818//818 584//584 585//585
f 818//818 585//585 820//820
f 820//820 585//585 586//586
f 820//820 586//586 821//821
f 821//821 586//586 530//530
f 821//821 530//530 823//823
f 823//823 530//530 529//529
f 823//823 529//529 825//825
f 825//825 529//529 528//528
f 825//825 528//528 827//827
f 827//827 528//528 531//531
f 827//827 531//531 828//828
f 828//828 531//531 532//532
f 828//828 532//532 830//830
f 830//830 532//532 533//533
f 830//830 533//533 832//832
f 832//832 533//533 534//534
f 832//832 534//534 833//833
f 833//833 534//534 535//535
f 833//833 535//535 835//835
f 835//835 535//535 536//536
f 835//835 536//536 837//837
f 837//837 536//536 537//537
f 837//837 537//537 838//838
f 838//838 537//537 538//538
f 838//838 538//538 840//840
f 840//840 538//538 539//539
f 840//840 539//539 842//842
f 842//842 539//539 540//540
f 842//842 540//540 843//843
f 843//843 540//540 541//541
f 843//843 541//541 845//845
f 845//845 541//541 542//542
f 793//793 1032//1032 786//786
f 786//786 1032//1032 1154//1154
f 786//786 1154//1154 1155//1155
f 1156//1156 794//794 1155//1155
f 1155//1155 794//794 787//787
f 1155//1155 787//787 786//786
f 326//326 329//329 1157//1157
f 1157//1157 329//329 1132//1132
f 1157//1157 1132//1132 1158//1158
f 1158//1158 1132//1132 1131//1131
f 1158//1158 1131//1131 1159//1159
f 1159//1159 1131//1131 1130//1130
f 1159//1159 1130//1130 1160//1160
f 1160//1160 1130//1130 1128//1128
f 1160//1160 1128//1128 1161//1161
f 1161//1161 1128//1128 1102//1102
f 1161//1161 1102//1102 1162//1162
f 1162//1162 1102//1102 1101//1101
f 1162//1162 1101//1101 1163//1163
f 1163//1163 1101//1101 1099//1099
f 1163//1163 1099//1099 1164//1164
f 1164//1164 1099//1099 1098//1098
f 1164//1164 1098//1098 1165//1165
f 1165//1165 1098//1098 1104//1104
f 1165//1165 1104//1104 1166//1166
f 1166//1166 1104//1104 1103//1103
f 1166//1166 1103//1103 1167//1167
f 1167//1167 1103//1103 1106//1106
f 1167//1167 1106//1106 1168//1168
f 1168//1168 1106//1106 1105//1105
f 1168//1168 1105//1105 1169//1169
f 1169//1169 1105//1105 1108//1108
f 1169//1169 1108//1108 1170//1170
f 1170//1170 1108//1108 1107//1107
f 1170//1170 1107//1107 1171//1171
f 1171//1171 1107//1107 1110//1110
f 1171//1171 1110//1110 1172//1172
f 1172//1172 1110//1110 1109//1109
f 1172//1172 1109//1109 1173//1173
f 1173//1173 1109//1109 1112//1112
f 1173//1173 1112//1112 1174//1174
f 1174//1174 1112//1112 1111//1111
f 1174//1174 1111//1111 1175//1175
f 1175//1175 1111//1111 1114//1114
f 1175//1175 1114//1114 1176//1176
f 1176//1176 1114//1114 1113//1113
f 1176//1176 1113//1113 1177//1177
f 1177//1177 1113//1113 1116//1116
f 1177//1177 1116//1116 1178//1178
f 1178//1178 1116//1116 1115//1115
f 1178//1178 1115//1115 1179//1179
f 1179//1179 1115//1115 1118//1118
f 1179//1179 1118//1118 1180//1180
f 1180//1180 1118//1118 1117//1117
f 1180//1180 1117//1117 1181//1181
f 1181//1181 1117//1117 1120//1120
f 1181//1181 1120//1120 1182//1182
f 1182//1182 1120//1120 1124//1124
f 1182//1182 1124//1124 1183//1183
f 1183//1183 1124//1124 1123//1123
f 1183//1183 1123//1123 1184//1184
f 1184//1184 1123//1123 1122//1122
f 1184//1184 1122//1122 1185//1185
f 1185//1185 1122//1122 1126//1126
f 1185//1185 1126//1126 1186//1186
f 1186//1186 1126//1126 1125//1125
f 1186//1186 1125//1125 1187//1187
f 1187//1187 1125//1125 1127//1127
f 1187//1187 1127//1127 349//349
f 349//349 1127//1127 353//353
f 647//647 646//646 1188//1188
f 1188//1188 646//646 645//645
f 1188//1188 645//645 1189//1189
f 1189//1189 645//645 649//649
f 1189//1189 649//649 1190//1190
f 1190//1190 649//649 650//650
f 1190//1190 650//650 1191//1191
f 1191//1191 650//650 651//651
f 1191//1191 651//651 1192//1192
f 1192//1192 651//651 652//652
f 1192//1192 652//652 1193//1193
f 1193//1193 652//652 653//653
f 1193//1193 653//653 1194//1194
f 1194//1194 653//653 654//654
f 1194//1194 654//654 1195//1195
f 1195//1195 654//654 655//655
f 1195//1195 655//655 1196//1196
f 1196//1196 655//655 656//656
f 1196//1196 656//656 1197//1197
f 1197//1197 656//656 657//657
f 1197//1197 657//657 1198//1198
f 1198//1198 657//657 658//658
f 1198//1198 658//658 659//659
f 1198//1198 659//659 1199//1199
f 1199//1199 659//659 660//660
f 1199//1199 660//660 1200//1200
f 1200//1200 660//660 661//661
f 1200//1200 661//661 1201//1201
f 1201//1201 661//661 662//662
f 1201//1201 662//662 1202//1202
f 1202//1202 662//662 663//663
f 1202//1202 663//663 1203//1203
f 1203//1203 663//663 664//664
f 1203//1203 664//664 1204//1204
f 1204//1204 664//664 665//665
f 1204//1204 665//665 1205//1205
f 1205//1205 665//665 666//666
f 1205//1205 666//666 1206//1206
f 1206//1206 666//666 667//667
f 1206//1206 667//667 1207//1207
f 1207//1207 667//667 668//668
f 1207//1207 668//668 1208//1208
f 1208//1208 668//668 669//669
f 1208//1208 669//669 670//670
f 1208//1208 670//670 1209//1209
f 1209//1209 670//670 671//671
f 1209//1209 671//671 1210//1210
f 1210//1210 671//671 672//672
f 1210//1210 672//672 1211//1211
f 1211//1211 672//672 673//673
f 1211//1211 673//673 1212//1212
f 1212//1212 673//673 674//674
f 1212//1212 674//674 1213//1213
f 1213//1213 674//674 675//675
f 1213//1213 675//675 1214//1214
f 1214//1214 675//675 676//676
f 1214//1214 676//676 1215//1215
f 1215//1215 676//676 677//677
f 1215//1215 677//677 1216//1216
f 1216//1216 677//677 678//678
f 1216//1216 678//678 1217//1217
f 1217//1217 678//678 679//679
f 1217//1217 679//679 680//680
f 1217//1217 680//680 1218//1218
f 1218//1218 680//680 681//681
f 1218//1218 681//681 1219//1219
f 1219//1219 681//681 682//682
f 1219//1219 682//682 1220//1220
f 1220//1220 682//682 683//683
f 1220//1220 683//683 1221//1221
f 1221//1221 683//683 684//684
f 1221//1221 684//684 1222//1222
f 1222//1222 684//684 685//685
f 1222//1222 685//685 1223//1223
f 1223//1223 685//685 686//686
f 1223//1223 686//686 1224//1224
f 1224//1224 686//686 687//687
f 1224//1224 687//687 1225//1225
f 1225//1225 687//687 648//648
f 1225//1225 648//648 1226//1226
f 1226//1226 648//648 647//647
f 1226//1226 647//647 1188//1188
f 326//326 1157//1157 330//330
f 330//330 1157//1157 1227//1227
f 330//330 1227//1227 1228//1228
f 1227//1227 1157//1157 1229//1229
f 1229//1229 1157//1157 1158//1158
f 1229//1229 1158//1158 1230//1230
f 1230//1230 1158//1158 1159//1159
f 1230//1230 1159//1159 1231//1231
f 1231//1231 1159//1159 1160//1160
f 1231//1231 1160//1160 1232//1232
f 1232//1232 1160//1160 1161//1161
f 1232//1232 1161//1161 1233//1233
f 1233//1233 1161//1161 1162//1162
f 1233//1233 1162//1162 1234//1234
f 1234//1234 1162//1162 1163//1163
f 1234//1234 1163//1163 1235//1235
f 1235//1235 1163//1163 1164//1164
f 1235//1235 1164//1164 1236//1236
f 1236//1236 1164//1164 1237//1237
f 1237//1237 1164//1164 1165//1165
f 1237//1237 1165//1165 1238//1238
f 1238//1238 1165//1165 1166//1166
f 1238//1238 1166//1166 1239//1239
f 1239//1239 1166//1166 1167//1167
f 1239//1239 1167//1167 1240//1240
f 1240//1240 1167//1167 1168//1168
f 1240//1240 1168//1168 1241//1241
f 1241//1241 1168//1168 1169//1169
f 1241//1241 1169//1169 1242//1242
f 1242//1242 1169//1169 1170//1170
f 1242//1242 1170//1170 1243//1243
f 1243//1243 1170//1170 1171//1171
f 1243//1243 1171//1171 1244//1244
f 1244//1244 1171//1171 1172//1172
f 1244//1244 1172//1172 1245//1245
f 1245//1245 1172//1172 1246//1246
f 1246//1246 1172//1172 1173//1173
f 1246//1246 1173//1173 1247//1247
f 1247//1247 1173//1173 1174//1174
f 1247//1247 1174//1174 1248//1248
f 1248//1248 1174//1174 1175//1175
f 1248//1248 1175//1175 1249//1249
f 1249//1249 1175//1175 1176//1176
f 1249//1249 1176//1176 1250//1250
f 1250//1250 1176//1176 1177//1177
f 1250//1250 1177//1177 1251//1251
f 1251//1251 1177//1177 1178//1178
f 1251//1251 1178//1178 1252//1252
f 1252//1252 1178//1178 1179//1179
f 1252//1252 1179//1179 1253//1253
f 1253//1253 1179//1179 1180//1180
f 1253//1253 1180//1180 1254//1254
f 1254//1254 1180//1180 1255//1255
f 1255//1255 1180//1180 1181//1181
f 1255//1255 1181//1181 1256//1256
f 1256//1256 1181//1181 1182//1182
f 1256//1256 1182//1182 1257//1257
f 1257//1257 1182//1182 1183//1183
f 1257//1257 1183//1183 1258//1258
f 1258//1258 1183//1183 1184//1184
f 1258//1258 1184//1184 1259//1259
f 1259//1259 1184//1184 1185//1185
f 1259//1259 1185//1185 1260//1260
f 1260//1260 1185//1185 1186//1186
f 1260//1260 1186//1186 1261//1261
f 1261//1261 1186//1186 1187//1187
f 1261//1261 1187//1187 1262//1262
f 1262//1262 1187//1187 350//350
f 1262//1262 350//350 1263//1263
f 1263//1263 350//350 1148//1148
f 1263//1263 1148//1148 1264//1264
f 1264//1264 1148//1148 1150//1150
f 1264//1264 1150//1150 1153//1153
f 1187//1187 349//349 350//350
f 1264//1264 1265//1265 1263//1263
f 1266//1266 1267//1267 1228//1228
f 1228//1228 1267//1267 1138//1138
f 1228//1228 1138//1138 330//330
f 1133//1133 1135//1135 1267//1267
f 1267//1267 1135//1135 1138//1138
f 1189//1189 1254//1254 1188//1188
f 1188//1188 1254//1254 1255//1255
f 1188//1188 1255//1255 1226//1226
f 1226//1226 1255//1255 1256//1256
f 1226//1226 1256//1256 1225//1225
f 1225//1225 1256//1256 1257//1257
f 1225//1225 1257//1257 1224//1224
f 1224//1224 1257//1257 1258//1258
f 1224//1224 1258//1258 1223//1223
f 1223//1223 1258//1258 1259//1259
f 1223//1223 1259//1259 1222//1222
f 1222//1222 1259//1259 1260//1260
f 1222//1222 1260//1260 1221//1221
f 1221//1221 1260//1260 1261//1261
f 1221//1221 1261//1261 1220//1220
f 1220//1220 1261//1261 1262//1262
f 1220//1220 1262//1262 1219//1219
f 1219//1219 1262//1262 1263//1263
f 1219//1219 1263//1263 1218//1218
f 1218//1218 1263//1263 1265//1265
f 1218//1218 1265//1265 1268//1268
f 1254//1254 1189//1189 1253//1253
f 1253//1253 1189//1189 1190//1190
f 1253//1253 1190//1190 1252//1252
f 1252//1252 1190//1190 1191//1191
f 1252//1252 1191//1191 1251//1251
f 1251//1251 1191//1191 1192//1192
f 1251//1251 1192//1192 1250//1250
f 1250//1250 1192//1192 1193//1193
f 1250//1250 1193//1193 1249//1249
f 1249//1249 1193//1193 1194//1194
f 1249//1249 1194//1194 1248//1248
f 1248//1248 1194//1194 1195//1195
f 1248//1248 1195//1195 1247//1247
f 1247//1247 1195//1195 1196//1196
f 1247//1247 1196//1196 1246//1246
f 1246//1246 1196//1196 1197//1197
f 1246//1246 1197//1197 1245//1245
f 1245//1245 1197//1197 1198//1198
f 1245//1245 1198//1198 1244//1244
f 1244//1244 1198//1198 1199//1199
f 1244//1244 1199//1199 1243//1243
f 1243//1243 1199//1199 1200//1200
f 1243//1243 1200//1200 1242//1242
f 1242//1242 1200//1200 1201//1201
f 1242//1242 1201//1201 1241//1241
f 1241//1241 1201//1201 1202//1202
f 1241//1241 1202//1202 1240//1240
f 1240//1240 1202//1202 1203//1203
f 1240//1240 1203//1203 1239//1239
f 1239//1239 1203//1203 1204//1204
f 1239//1239 1204//1204 1238//1238
f 1238//1238 1204//1204 1205//1205
f 1238//1238 1205//1205 1237//1237
f 1237//1237 1205//1205 1206//1206
f 1237//1237 1206//1206 1236//1236
f 1236//1236 1206//1206 1207//1207
f 1236//1236 1207//1207 1235//1235
f 1235//1235 1207//1207 1208//1208
f 1235//1235 1208//1208 1234//1234
f 1234//1234 1208//1208 1209//1209
f 1234//1234 1209//1209 1233//1233
f 1233//1233 1209//1209 1210//1210
f 1233//1233 1210//1210 1232//1232
f 1232//1232 1210//1210 1211//1211
f 1232//1232 1211//1211 1231//1231
f 1231//1231 1211//1211 1212//1212
f 1231//1231 1212//1212 1230//1230
f 1230//1230 1212//1212 1213//1213
f 1230//1230 1213//1213 1229//1229
f 1229//1229 1213//1213 1214//1214
f 1229//1229 1214//1214 1227//1227
f 1227//1227 1214//1214 1215//1215
f 1227//1227 1215//1215 1228//1228
f 1228//1228 1215//1215 1216//1216
f 1228//1228 1216//1216 1266//1266
f 1266//1266 1216//1216 1269//1269
f 1269//1269 1216//1216 1217//1217
f 1269//1269 1217//1217 1270//1270
f 1270//1270 1217//1217 1268//1268
f 1268//1268 1217//1217 1218//1218
f 1271//1271 1272//1272 1273//1273
f 1273//1273 1272//1272 1274//1274
f 1273//1273 1274//1274 1275//1275
f 1275//1275 1276//1276 1273//1273
f 1273//1273 1276//1276 559//559
f 1273//1273 559//559 1008//1008
f 1276//1276 1277//1277 559//559
f 559//559 1277//1277 1278//1278
f 559//559 1278//1278 1279//1279
f 1279//1279 1280//1280 559//559
f 559//559 1280//1280 558//558
f 558//558 1280//1280 1281//1281
f 558//558 1281//1281 1282//1282
f 1282//1282 1283//1283 558//558
f 558//558 1283//1283 1284//1284
f 558//558 1284//1284 1285//1285
f 1285//1285 1284//1284 1286//1286
f 1285//1285 1286//1286 1287//1287
f 1287//1287 1288//1288 1285//1285
f 1285//1285 1288//1288 1289//1289
f 558//558 1285//1285 1034//1034
f 1034//1034 1285//1285 1014//1014
f 1034//1034 1014//1014 1015//1015
f 1009//1009 1028//1028 1008//1008
f 1008//1008 1028//1028 1273//1273
f 954//954 1031//1031 761//761
f 761//761 1031//1031 765//765
f 765//765 1031//1031 1030//1030
f 765//765 1030//1030 768//768
f 768//768 1030//1030 1029//1029
f 768//768 1029//1029 770//770
f 770//770 1029//1029 1020//1020
f 770//770 1020//1020 771//771
f 771//771 1020//1020 1021//1021
f 771//771 1021//1021 773//773
f 773//773 1021//1021 1022//1022
f 773//773 1022//1022 774//774
f 774//774 1022//1022 1023//1023
f 774//774 1023//1023 776//776
f 776//776 1023//1023 1007//1007
f 1269//1269 1290//1290 1266//1266
f 1266//1266 1290//1290 1291//1291
f 1266//1266 1291//1291 1134//1134
f 1134//1134 1291//1291 1136//1136
f 1136//1136 1291//1291 1292//1292
f 1136//1136 1292//1292 1137//1137
f 1137//1137 1292//1292 1293//1293
f 1137//1137 1293//1293 1139//1139
f 1139//1139 1293//1293 1140//1140
f 1140//1140 1293//1293 1294//1294
f 1140//1140 1294//1294 1141//1141
f 1141//1141 1294//1294 1295//1295
f 1141//1141 1295//1295 1142//1142
f 1142//1142 1295//1295 1143//1143
f 1143//1143 1295//1295 1296//1296
f 1143//1143 1296//1296 1144//1144
f 1144//1144 1296//1296 1145//1145
f 1145//1145 1296//1296 1297//1297
f 1145//1145 1297//1297 1146//1146
f 1146//1146 1297//1297 1298//1298
f 1146//1146 1298//1298 1147//1147
f 1147//1147 1298//1298 1149//1149
f 1149//1149 1298//1298 1299//1299
f 1149//1149 1299//1299 1151//1151
f 1151//1151 1299//1299 1300//1300
f 1151//1151 1300//1300 1152//1152
f 1152//1152 1300//1300 1265//1265
f 1152//1152 1265//1265 1264//1264
f 1290//1290 1269//1269 1301//1301
f 1301//1301 1269//1269 1270//1270
f 1301//1301 1270//1270 1268//1268
f 1301//1301 1268//1268 1302//1302
f 1302//1302 1268//1268 1265//1265
f 1302//1302 1265//1265 1300//1300
f 1264//1264 1153//1153 1152//1152
f 1133//1133 1267//1267 1134//1134
f 1134//1134 1267//1267 1266//1266
f 1288//1288 1297//1297 1289//1289
f 1289//1289 1297//1297 1296//1296
f 1289//1289 1296//1296 1303//1303
f 1303//1303 1296//1296 1304//1304
f 1304//1304 1296//1296 1295//1295
f 1304//1304 1295//1295 1305//1305
f 1305//1305 1295//1295 1271//1271
f 1271//1271 1295//1295 1294//1294
f 1271//1271 1294//1294 1272//1272
f 1272//1272 1294//1294 1274//1274
f 1274//1274 1294//1294 1293//1293
f 1274//1274 1293//1293 1275//1275
f 1275//1275 1293//1293 1292//1292
f 1275//1275 1292//1292 1276//1276
f 1276//1276 1292//1292 1291//1291
f 1276//1276 1291//1291 1277//1277
f 1277//1277 1291//1291 1278//1278
f 1278//1278 1291//1291 1290//1290
f 1278//1278 1290//1290 1279//1279
f 1279//1279 1290//1290 1301//1301
f 1279//1279 1301//1301 1280//1280
f 1280//1280 1301//1301 1281//1281
f 1281//1281 1301//1301 1302//1302
f 1281//1281 1302//1302 1282//1282
f 1282//1282 1302//1302 1300//1300
f 1282//1282 1300//1300 1283//1283
f 1283//1283 1300//1300 1284//1284
f 1284//1284 1300//1300 1299//1299
f 1284//1284 1299//1299 1286//1286
f 1286//1286 1299//1299 1298//1298
f 1286//1286 1298//1298 1287//1287
f 1287//1287 1298//1298 1297//1297
f 1287//1287 1297//1297 1288//1288
f 314//314 328//328 313//313
f 313//313 328//328 1066//1066
f 313//313 1066//1066 312//312
f 312//312 1066//1066 1067//1067
f 312//312 1067//1067 311//311
f 311//311 1067//1067 310//310
f 310//310 1067//1067 1068//1068
f 310//310 1068//1068 308//308
f 308//308 1068//1068 1069//1069
f 308//308 1069//1069 309//309
f 309//309 1069//1069 1070//1070
f 309//309 1070//1070 398//398
f 398//398 1070//1070 397//397
f 397//397 1070//1070 1071//1071
f 397//397 1071//1071 396//396
f 396//396 1071//1071 1072//1072
f 396//396 1072//1072 1073//1073
f 396//396 1073//1073 395//395
f 395//395 1073//1073 1074//1074
f 395//395 1074//1074 394//394
f 394//394 1074//1074 1075//1075
f 394//394 1075//1075 393//393
f 393//393 1075//1075 1076//1076
f 393//393 1076//1076 392//392
f 392//392 1076//1076 1077//1077
f 392//392 1077//1077 1078//1078
f 392//392 1078//1078 391//391
f 391//391 1078//1078 1079//1079
f 391//391 1079//1079 390//390
f 390//390 1079//1079 1080//1080
f 390//390 1080//1080 1081//1081
f 390//390 1081//1081 389//389
f 389//389 1081//1081 1082//1082
f 389//389 1082//1082 388//388
f 388//388 1082//1082 1083//1083
f 388//388 1083//1083 1084//1084
f 388//388 1084//1084 387//387
f 387//387 1084//1084 1085//1085
f 387//387 1085//1085 386//386
f 386//386 1085//1085 1086//1086
f 386//386 1086//1086 1087//1087
f 386//386 1087//1087 385//385
f 385//385 1087//1087 1088//1088
f 385//385 1088//1088 384//384
f 384//384 1088//1088 1089//1089
f 384//384 1089//1089 383//383
f 383//383 1089//1089 1090//1090
f 383//383 1090//1090 382//382
f 382//382 1090//1090 1091//1091
f 382//382 1091//1091 1092//1092
f 382//382 1092//1092 381//381
f 381//381 1092//1092 1093//1093
f 381//381 1093//1093 380//380
f 380//380 1093//1093 379//379
f 379//379 1093//1093 1094//1094
f 379//379 1094//1094 378//378
f 378//378 1094//1094 1095//1095
f 378//378 1095//1095 377//377
f 377//377 1095//1095 1096//1096
f 377//377 1096//1096 376//376
f 376//376 1096//1096 375//375
f 375//375 1096//1096 1097//1097
f 375//375 1097//1097 374//374
f 374//374 1097//1097 352//352
f 374//374 352//352 345//345
f 1306//1306 1307//1307 1308//1308
f 1308//1308 1307//1307 1129//1129
f 1129//1129 1307//1307 1309//1309
f 1129//1129 1309//1309 1100//1100
f 1100//1100 1309//1309 1310//1310
f 1100//1100 1310//1310 1311//1311
f 1312//1312 1313//1313 1311//1311
f 1311//1311 1313//1313 1100//1100
f 325//325 318//318 1129//1129
f 1129//1129 318//318 1308//1308
f 320//320 323//323 1313//1313
f 1313//1313 323//323 1100//1100
f 1308//1308 318//318 1306//1306
f 1306//1306 318//318 317//317
f 1306//1306 317//317 1307//1307
f 1307//1307 317//317 316//316
f 1307//1307 316//316 1309//1309
f 1309//1309 316//316 315//315
f 1309//1309 315//315 1310//1310
f 1310//1310 315//315 324//324
f 1310//1310 324//324 1311//1311
f 1311//1311 324//324 322//322
f 1311//1311 322//322 1312//1312
f 1312//1312 322//322 321//321
f 1312//1312 321//321 1313//1313
f 1313//1313 321//321 320//320
f 986//986 1314//1314 984//984
f 984//984 1314//1314 1315//1315
f 984//984 1315//1315 983//983
f 983//983 1315//1315 1316//1316
f 983//983 1316//1316 982//982
f 982//982 1316//1316 1317//1317
f 982//982 1317//1317 981//981
f 981//981 1317//1317 1318//1318
f 981//981 1318//1318 980//980
f 980//980 1318//1318 1319//1319
f 980//980 1319//1319 979//979
f 979//979 1319//1319 1320//1320
f 979//979 1320//1320 978//978
f 978//978 1320//1320 1321//1321
f 978//978 1321//1321 977//977
f 977//977 1321//1321 1322//1322
f 977//977 1322//1322 976//976
f 976//976 1322//1322 1323//1323
f 976//976 1323//1323 975//975
f 975//975 1323//1323 1324//1324
f 975//975 1324//1324 974//974
f 974//974 1324//1324 1325//1325
f 974//974 1325//1325 973//973
f 973//973 1325//1325 1326//1326
f 973//973 1326//1326 972//972
f 972//972 1326//1326 1327//1327
f 972//972 1327//1327 971//971
f 971//971 1327//1327 1328//1328
f 971//971 1328//1328 970//970
f 970//970 1328//1328 1329//1329
f 970//970 1329//1329 969//969
f 969//969 1329//1329 1330//1330
f 969//969 1330//1330 968//968
f 968//968 1330//1330 1331//1331
f 968//968 1331//1331 966//966
f 966//966 1331//1331 1332//1332
f 966//966 1332//1332 967//967
f 967//967 1332//1332 1333//1333
f 967//967 1333//1333 964//964
f 964//964 1333//1333 1334//1334
f 964//964 1334//1334 987//987
f 987//987 1334//1334 1335//1335
f 986//986 989//989 1314//1314
f 1314//1314 989//989 991//991
f 1314//1314 991//991 1336//1336
f 1336//1336 991//991 992//992
f 1336//1336 992//992 993//993
f 1336//1336 993//993 1337//1337
f 1337//1337 993//993 995//995
f 1337//1337 995//995 1338//1338
f 1338//1338 995//995 1339//1339
f 1338//1338 1339//1339 1340//1340
f 1340//1340 1339//1339 1341//1341
f 1341//1341 1339//1339 1342//1342
f 1341//1341 1342//1342 1343//1343
f 1343//1343 1342//1342 1344//1344
f 1343//1343 1344//1344 635//635
f 635//635 1344//1344 636//636
f 636//636 1344//1344 1345//1345
f 636//636 1345//1345 1346//1346
f 1346//1346 1345//1345 1003//1003
f 1346//1346 1003//1003 1002//1002
f 995//995 1006//1006 1339//1339
f 1339//1339 1006//1006 1342//1342
f 1006//1006 1003//1003 1342//1342
f 1342//1342 1003//1003 1345//1345
f 1342//1342 1345//1345 1344//1344
f 1004//1004 640//640 1002//1002
f 1002//1002 640//640 638//638
f 1002//1002 638//638 1346//1346
f 1346//1346 638//638 636//636
f 1004//1004 589//589 640//640
f 635//635 1341//1341 1343//1343
f 1271//1271 1273//1273 1305//1305
f 1305//1305 1273//1273 1304//1304
f 1304//1304 1273//1273 1347//1347
f 1304//1304 1347//1347 1348//1348
f 1348//1348 1347//1347 1349//1349
f 1349//1349 1347//1347 1350//1350
f 1349//1349 1350//1350 1351//1351
f 1351//1351 1350//1350 1352//1352
f 1351//1351 1352//1352 1353//1353
f 1353//1353 1352//1352 1354//1354
f 1353//1353 1354//1354 1019//1019
f 1019//1019 1354//1354 1024//1024
f 1348//1348 1285//1285 1304//1304
f 1304//1304 1285//1285 1303//1303
f 1303//1303 1285//1285 1289//1289
f 1027//1027 1350//1350 1028//1028
f 1028//1028 1350//1350 1347//1347
f 1028//1028 1347//1347 1273//1273
f 1350//1350 1027//1027 1352//1352
f 1352//1352 1027//1027 1026//1026
f 1352//1352 1026//1026 1354//1354
f 1354//1354 1026//1026 1025//1025
f 1354//1354 1025//1025 1024//1024
f 718//718 1355//1355 715//715
f 715//715 1355//1355 1356//1356
f 715//715 1356//1356 713//713
f 713//713 1356//1356 1357//1357
f 713//713 1357//1357 708//708
f 708//708 1357//1357 1358//1358
f 708//708 1358//1358 706//706
f 706//706 1358//1358 1359//1359
f 706//706 1359//1359 704//704
f 704//704 1359//1359 1360//1360
f 704//704 1360//1360 702//702
f 702//702 1360//1360 1361//1361
f 702//702 1361//1361 703//703
f 703//703 1361//1361 1362//1362
f 703//703 1362//1362 738//738
f 738//738 1362//1362 1363//1363
f 738//738 1363//1363 735//735
f 735//735 1363//1363 1364//1364
f 735//735 1364//1364 732//732
f 732//732 1364//1364 1365//1365
f 732//732 1365//1365 730//730
f 730//730 1365//1365 1366//1366
f 730//730 1366//1366 728//728
f 728//728 1366//1366 1367//1367
f 728//728 1367//1367 725//725
f 725//725 1367//1367 1368//1368
f 725//725 1368//1368 723//723
f 723//723 1368//1368 1369//1369
f 723//723 1369//1369 721//721
f 721//721 1369//1369 1370//1370
f 721//721 1370//1370 718//718
f 718//718 1370//1370 1355//1355
f 858//858 1371//1371 859//859
f 859//859 1371//1371 1372//1372
f 859//859 1372//1372 1373//1373
f 1033//1033 857//857 1373//1373
f 1373//1373 857//857 856//856
f 1373//1373 856//856 859//859
f 1374//1374 1375//1375 1376//1376
f 1376//1376 1375//1375 1119//1119
f 1119//1119 1375//1375 1377//1377
f 1119//1119 1377//1377 1378//1378
f 1119//1119 1378//1378 1121//1121
f 1121//1121 1378//1378 1379//1379
f 1121//1121 1379//1379 1380//1380
f 1380//1380 1379//1379 1381//1381
f 347//347 354//354 1380//1380
f 1380//1380 354//354 1121//1121
f 357//357 356//356 1119//1119
f 1119//1119 356//356 1376//1376
f 1376//1376 356//356 1374//1374
f 1374//1374 356//356 355//355
f 1374//1374 355//355 1375//1375
f 1375//1375 355//355 343//343
f 1375//1375 343//343 1377//1377
f 1377//1377 343//343 342//342
f 1377//1377 342//342 1378//1378
f 1378//1378 342//342 341//341
f 1378//1378 341//341 1379//1379
f 1379//1379 341//341 344//344
f 1379//1379 344//344 1381//1381
f 1381//1381 344//344 346//346
f 1381//1381 346//346 1380//1380
f 1380//1380 346//346 347//347
f 1382//1382 949//949 1383//1383
f 1383//1383 949//949 928//928
f 1383//1383 928//928 1384//1384
f 1384//1384 928//928 929//929
f 1384//1384 929//929 1385//1385
f 1385//1385 929//929 930//930
f 1385//1385 930//930 1386//1386
f 1386//1386 930//930 931//931
f 1386//1386 931//931 1387//1387
f 1387//1387 931//931 932//932
f 1387//1387 932//932 1388//1388
f 1388//1388 932//932 933//933
f 1388//1388 933//933 1389//1389
f 1389//1389 933//933 934//934
f 1389//1389 934//934 1390//1390
f 1390//1390 934//934 935//935
f 1390//1390 935//935 1391//1391
f 1391//1391 935//935 936//936
f 1391//1391 936//936 1392//1392
f 1392//1392 936//936 937//937
f 1392//1392 937//937 1393//1393
f 1393//1393 937//937 938//938
f 1393//1393 938//938 1394//1394
f 1394//1394 938//938 939//939
f 1394//1394 939//939 1395//1395
f 1395//1395 939//939 940//940
f 1395//1395 940//940 1396//1396
f 1396//1396 940//940 941//941
f 1396//1396 941//941 1397//1397
f 1397//1397 941//941 942//942
f 1397//1397 942//942 1398//1398
f 1398//1398 942//942 943//943
f 1398//1398 943//943 1399//1399
f 1399//1399 943//943 944//944
f 1399//1399 944//944 1400//1400
f 1400//1400 944//944 945//945
f 1400//1400 945//945 1401//1401
f 1401//1401 945//945 946//946
f 1401//1401 946//946 1402//1402
f 1402//1402 946//946 947//947
f 1402//1402 947//947 1403//1403
f 1403//1403 947//947 948//948
f 949//949 1382//1382 1404//1404
f 1404//1404 1382//1382 1405//1405
f 1404//1404 1405//1405 1406//1406
f 1406//1406 1405//1405 1407//1407
f 1407//1407 1405//1405 1408//1408
f 1408//1408 1405//1405 1409//1409
f 1408//1408 1409//1409 1410//1410
f 1410//1410 1409//1409 1411//1411
f 1410//1410 1411//1411 1412//1412
f 1412//1412 1411//1411 1413//1413
f 1412//1412 1413//1413 1414//1414
f 604//604 1415//1415 1414//1414
f 1414//1414 1415//1415 1416//1416
f 1414//1414 1416//1416 1412//1412
f 1412//1412 1416//1416 1417//1417
f 1412//1412 1417//1417 1410//1410
f 1415//1415 604//604 1418//1418
f 1418//1418 604//604 602//602
f 1418//1418 602//602 1419//1419
f 1419//1419 602//602 1420//1420
f 1419//1419 1420//1420 1421//1421
f 1421//1421 1420//1420 600//600
f 1421//1421 600//600 1422//1422
f 1422//1422 600//600 597//597
f 1422//1422 597//597 1423//1423
f 1423//1423 597//597 592//592
f 602//602 600//600 1420//1420
f 1419//1419 1421//1421 1416//1416
f 1416//1416 1421//1421 1417//1417
f 1419//1419 1416//1416 1415//1415
f 1418//1418 1419//1419 1415//1415
f 698//698 696//696 1424//1424
f 1424//1424 696//696 701//701
f 1424//1424 701//701 1425//1425
f 1425//1425 701//701 741//741
f 1425//1425 741//741 1426//1426
f 1426//1426 741//741 740//740
f 1426//1426 740//740 1427//1427
f 1427//1427 740//740 739//739
f 1427//1427 739//739 737//737
f 736//736 927//927 737//737
f 737//737 927//927 1427//1427
f 949//949 1404//1404 927//927
f 927//927 1404//1404 1427//1427
f 1404//1404 1406//1406 1427//1427
f 1427//1427 1406//1406 1426//1426
f 1406//1406 1407//1407 1426//1426
f 1426//1426 1407//1407 1408//1408
f 1426//1426 1408//1408 1425//1425
f 1425//1425 1408//1408 1410//1410
f 1425//1425 1410//1410 1424//1424
f 1424//1424 1410//1410 1428//1428
f 1424//1424 1428//1428 698//698
f 698//698 1428//1428 699//699
f 699//699 1428//1428 1429//1429
f 699//699 1429//1429 700//700
f 700//700 1429//1429 688//688
f 688//688 1429//1429 1430//1430
f 688//688 1430//1430 759//759
f 759//759 1430//1430 1037//1037
f 1037//1037 1430//1430 1422//1422
f 1037//1037 1422//1422 1036//1036
f 1036//1036 1422//1422 1423//1423
f 1036//1036 1423//1423 1035//1035
f 1035//1035 1423//1423 592//592
f 1035//1035 592//592 596//596
f 1410//1410 1417//1417 1428//1428
f 1428//1428 1417//1417 1429//1429
f 1417//1417 1421//1421 1429//1429
f 1429//1429 1421//1421 1430//1430
f 1421//1421 1422//1422 1430//1430
f 1019//1019 1018//1018 1353//1353
f 1353//1353 1018//1018 1017//1017
f 1353//1353 1017//1017 1351//1351
f 1351//1351 1017//1017 1016//1016
f 1351//1351 1016//1016 1349//1349
f 1349//1349 1016//1016 1014//1014
f 1349//1349 1014//1014 1348//1348
f 1348//1348 1014//1014 1285//1285
f 1403//1403 948//948 199//199
f 199//199 948//948 198//198
f 965//965 987//987 1040//1040
f 1040//1040 987//987 1335//1335
f 1431//1431 615//615 1432//1432
f 1432//1432 615//615 553//553
f 1432//1432 553//553 1433//1433
f 1433//1433 553//553 552//552
f 1433//1433 552//552 1434//1434
f 1434//1434 552//552 554//554
f 1434//1434 554//554 1435//1435
f 1435//1435 554//554 555//555
f 1435//1435 555//555 1436//1436
f 1436//1436 555//555 556//556
f 1436//1436 556//556 1437//1437
f 1437//1437 556//556 557//557
f 1437//1437 557//557 1438//1438
f 1438//1438 557//557 643//643
f 1438//1438 643//643 1439//1439
f 1439//1439 643//643 594//594
f 1439//1439 594//594 1440//1440
f 1440//1440 594//594 593//593
f 1440//1440 593//593 1441//1441
f 1441//1441 593//593 598//598
f 1441//1441 598//598 1442//1442
f 1442//1442 598//598 599//599
f 1442//1442 599//599 1443//1443
f 1443//1443 599//599 601//601
f 1443//1443 601//601 1444//1444
f 1444//1444 601//601 603//603
f 1444//1444 603//603 1445//1445
f 1445//1445 603//603 609//609
f 1445//1445 609//609 1446//1446
f 1446//1446 609//609 608//608
f 1446//1446 608//608 1447//1447
f 1447//1447 608//608 607//607
f 1447//1447 607//607 1448//1448
f 1448//1448 607//607 610//610
f 1448//1448 610//610 1449//1449
f 1449//1449 610//610 613//613
f 1449//1449 613//613 1431//1431
f 1431//1431 613//613 615//615
f 1431//1431 1432//1432 1450//1450
f 1450//1450 1432//1432 1433//1433
f 1450//1450 1433//1433 1451//1451
f 1451//1451 1433//1433 1434//1434
f 1451//1451 1434//1434 1452//1452
f 1452//1452 1434//1434 1435//1435
f 1452//1452 1435//1435 1453//1453
f 1453//1453 1435//1435 1436//1436
f 1453//1453 1436//1436 1454//1454
f 1454//1454 1436//1436 1437//1437
f 1454//1454 1437//1437 1455//1455
f 1455//1455 1437//1437 1438//1438
f 1455//1455 1438//1438 1439//1439
f 1455//1455 1439//1439 1456//1456
f 1456//1456 1439//1439 1440//1440
f 1456//1456 1440//1440 1457//1457
f 1457//1457 1440//1440 1441//1441
f 1457//1457 1441//1441 1458//1458
f 1458//1458 1441//1441 1442//1442
f 1458//1458 1442//1442 1459//1459
f 1459//1459 1442//1442 1443//1443
f 1459//1459 1443//1443 1460//1460
f 1460//1460 1443//1443 1444//1444
f 1460//1460 1444//1444 1461//1461
f 1461//1461 1444//1444 1445//1445
f 1461//1461 1445//1445 1446//1446
f 1461//1461 1446//1446 1462//1462
f 1462//1462 1446//1446 1447//1447
f 1462//1462 1447//1447 1463//1463
f 1463//1463 1447//1447 1448//1448
f 1463//1463 1448//1448 1464//1464
f 1464//1464 1448//1448 1449//1449
f 1464//1464 1449//1449 1465//1465
f 1465//1465 1449//1449 1431//1431
f 1465//1465 1431//1431 1450//1450
f 1466//1466 1467//1467 1468//1468
f 1468//1468 1467//1467 1469//1469
f 1468//1468 1469//1469 1470//1470
f 1470//1470 1469//1469 1471//1471
f 1470//1470 1471//1471 1472//1472
f 1472//1472 1471//1471 1473//1473
f 1472//1472 1473//1473 1474//1474
f 1474//1474 1473//1473 1475//1475
f 1474//1474 1475//1475 1476//1476
f 1476//1476 1475//1475 1477//1477
f 1476//1476 1477//1477 1478//1478
f 1478//1478 1477//1477 1479//1479
f 1478//1478 1479//1479 1480//1480
f 1478//1478 1480//1480 1481//1481
f 1481//1481 1480//1480 1482//1482
f 1481//1481 1482//1482 1483//1483
f 1483//1483 1482//1482 1484//1484
f 1483//1483 1484//1484 1485//1485
f 1485//1485 1484//1484 1486//1486
f 1485//1485 1486//1486 1487//1487
f 1487//1487 1486//1486 1488//1488
f 1487//1487 1488//1488 1489//1489
f 1489//1489 1488//1488 1490//1490
f 1489//1489 1490//1490 1491//1491
f 1491//1491 1490//1490 1492//1492
f 1491//1491 1492//1492 1493//1493
f 1491//1491 1493//1493 1494//1494
f 1494//1494 1493//1493 1495//1495
f 1494//1494 1495//1495 1496//1496
f 1496//1496 1495//1495 1497//1497
f 1496//1496 1497//1497 1498//1498
f 1498//1498 1497//1497 1499//1499
f 1498//1498 1499//1499 1500//1500
f 1500//1500 1499//1499 1466//1466
f 1500//1500 1466//1466 1468//1468
f 1466//1466 565//565 1467//1467
f 1467//1467 565//565 619//619
f 1467//1467 619//619 1469//1469
f 1469//1469 619//619 622//622
f 1469//1469 622//622 1471//1471
f 1471//1471 622//622 625//625
f 1471//1471 625//625 1473//1473
f 1473//1473 625//625 627//627
f 1473//1473 627//627 1475//1475
f 1475//1475 627//627 630//630
f 1475//1475 630//630 1477//1477
f 1477//1477 630//630 632//632
f 1477//1477 632//632 1479//1479
f 1479//1479 632//632 633//633
f 1479//1479 633//633 1480//1480
f 1480//1480 633//633 634//634
f 1480//1480 634//634 1482//1482
f 1482//1482 634//634 637//637
f 1482//1482 637//637 1484//1484
f 1484//1484 637//637 639//639
f 1484//1484 639//639 1486//1486
f 1486//1486 639//639 641//641
f 1486//1486 641//641 1488//1488
f 1488//1488 641//641 642//642
f 1488//1488 642//642 1490//1490
f 1490//1490 642//642 644//644
f 1490//1490 644//644 1492//1492
f 1492//1492 644//644 561//561
f 1492//1492 561//561 1493//1493
f 1493//1493 561//561 560//560
f 1493//1493 560//560 1495//1495
f 1495//1495 560//560 562//562
f 1495//1495 562//562 1497//1497
f 1497//1497 562//562 563//563
f 1497//1497 563//563 1499//1499
f 1499//1499 563//563 564//564
f 1499//1499 564//564 1466//1466
f 1466//1466 564//564 565//565
f 1501//1501 1502//1502 1503//1503
f 1503//1503 1502//1502 1504//1504
f 1503//1503 1504//1504 1505//1505
f 1504//1504 1502//1502 1506//1506
f 1506//1506 1502//1502 1507//1507
f 1506//1506 1507//1507 1508//1508
f 1506//1506 1508//1508 1509//1509
f 1509//1509 1508//1508 1510//1510
f 1509//1509 1510//1510 1511//1511
f 1512//1512 1513//1513 1511//1511
f 1511//1511 1513//1513 1514//1514
f 1511//1511 1514//1514 923//923
f 923//923 1514//1514 1515//1515
f 923//923 1515//1515 1516//1516
f 1517//1517 1518//1518 1512//1512
f 1512//1512 1518//1518 1519//1519
f 1512//1512 1519//1519 1513//1513
f 1520//1520 1521//1521 1517//1517
f 1517//1517 1521//1521 1522//1522
f 1517//1517 1522//1522 1518//1518
f 1521//1521 1520//1520 1523//1523
f 1523//1523 1520//1520 1524//1524
f 1523//1523 1524//1524 1525//1525
f 1525//1525 1524//1524 1526//1526
f 1526//1526 1524//1524 1527//1527
f 1526//1526 1527//1527 1528//1528
f 1528//1528 1527//1527 1529//1529
f 1528//1528 1529//1529 1530//1530
f 1530//1530 1529//1529 1531//1531
f 1531//1531 1529//1529 1532//1532
f 1531//1531 1532//1532 1533//1533
f 1533//1533 1532//1532 1534//1534
f 1533//1533 1534//1534 1535//1535
f 1535//1535 1534//1534 1536//1536
f 1536//1536 1534//1534 1537//1537
f 1536//1536 1537//1537 1538//1538
f 1538//1538 1537//1537 1539//1539
f 1538//1538 1539//1539 1540//1540
f 1540//1540 1539//1539 1541//1541
f 1541//1541 1539//1539 1542//1542
f 1541//1541 1542//1542 1543//1543
f 1543//1543 1542//1542 1544//1544
f 1543//1543 1544//1544 1545//1545
f 1545//1545 1544//1544 1546//1546
f 1545//1545 1546//1546 1547//1547
f 1547//1547 1546//1546 1548//1548
f 1548//1548 1546//1546 1549//1549
f 1548//1548 1549//1549 1550//1550
f 1550//1550 1549//1549 1551//1551
f 1550//1550 1551//1551 1552//1552
f 1552//1552 1551//1551 1553//1553
f 1553//1553 1551//1551 1554//1554
f 1553//1553 1554//1554 1555//1555
f 1555//1555 1554//1554 1556//1556
f 1555//1555 1556//1556 1557//1557
f 1557//1557 1556//1556 1558//1558
f 1558//1558 1556//1556 1559//1559
f 1558//1558 1559//1559 1560//1560
f 1560//1560 1559//1559 1561//1561
f 1560//1560 1561//1561 1562//1562
f 1562//1562 1561//1561 1563//1563
f 1563//1563 1561//1561 1564//1564
f 1563//1563 1564//1564 1565//1565
f 1565//1565 1564//1564 1566//1566
f 1565//1565 1566//1566 1567//1567
f 1567//1567 1566//1566 1568//1568
f 1568//1568 1566//1566 1569//1569
f 1568//1568 1569//1569 1570//1570
f 1570//1570 1569//1569 1571//1571
f 1571//1571 1569//1569 1572//1572
f 1571//1571 1572//1572 1573//1573
f 1573//1573 1572//1572 705//705
f 1573//1573 705//705 1574//1574
f 1574//1574 705//705 1575//1575
f 1575//1575 705//705 1576//1576
f 1576//1576 705//705 1373//1373
f 1576//1576 1373//1373 1372//1372
f 705//705 1572//1572 1577//1577
f 1577//1577 1572//1572 1578//1578
f 1577//1577 1578//1578 1579//1579
f 1577//1577 1579//1579 1580//1580
f 1580//1580 1579//1579 1581//1581
f 1580//1580 1581//1581 1582//1582
f 1583//1583 1584//1584 1582//1582
f 1582//1582 1584//1584 1585//1585
f 1582//1582 1585//1585 1580//1580
f 1585//1585 1584//1584 1586//1586
f 1586//1586 1584//1584 1587//1587
f 1586//1586 1587//1587 1588//1588
f 1588//1588 1587//1587 1589//1589
f 1588//1588 1589//1589 1590//1590
f 1590//1590 1589//1589 1505//1505
f 1505//1505 1589//1589 1503//1503
f 705//705 1591//1591 181//181
f 181//181 1591//1591 1592//1592
f 181//181 1592//1592 1593//1593
f 705//705 1033//1033 1373//1373
f 1372//1372 1371//1371 1576//1576
f 1516//1516 1594//1594 923//923
f 923//923 1594//1594 1154//1154
f 923//923 1154//1154 1032//1032
f 1156//1156 1155//1155 1594//1594
f 1594//1594 1155//1155 1154//1154
f 926//926 1595//1595 923//923
f 923//923 1595//1595 1596//1596
f 923//923 1596//1596 1509//1509
f 1509//1509 1596//1596 1597//1597
f 1598//1598 1599//1599 926//926
f 926//926 1599//1599 1600//1600
f 926//926 1600//1600 1595//1595
f 1601//1601 1602//1602 1595//1595
f 1595//1595 1602//1602 1603//1603
f 1595//1595 1603//1603 1604//1604
f 1601//1601 1605//1605 1602//1602
f 1604//1604 1596//1596 1595//1595
f 1606//1606 1607//1607 1577//1577
f 1577//1577 1607//1607 705//705
f 705//705 1607//1607 1591//1591
f 1591//1591 1607//1607 1608//1608
f 1591//1591 1608//1608 1609//1609
f 1609//1609 1610//1610 1591//1591
f 1591//1591 1610//1610 1611//1611
f 1611//1611 1610//1610 1612//1612
f 1593//1593 1613//1613 181//181
f 923//923 1509//1509 1511//1511
f 1614//1614 1615//1615 1616//1616
f 1616//1616 1615//1615 1617//1617
f 1616//1616 1617//1617 1618//1618
f 1618//1618 1617//1617 1619//1619
f 1618//1618 1619//1619 1620//1620
f 1620//1620 1619//1619 1621//1621
f 1620//1620 1621//1621 1622//1622
f 1622//1622 1621//1621 1623//1623
f 1622//1622 1623//1623 1624//1624
f 1624//1624 1623//1623 1625//1625
f 1624//1624 1625//1625 1626//1626
f 1626//1626 1625//1625 1627//1627
f 1626//1626 1627//1627 1628//1628
f 1628//1628 1627//1627 1629//1629
f 1628//1628 1629//1629 1630//1630
f 1630//1630 1629//1629 1631//1631
f 1630//1630 1631//1631 1632//1632
f 1632//1632 1631//1631 1633//1633
f 1632//1632 1633//1633 1634//1634
f 1634//1634 1633//1633 1635//1635
f 1634//1634 1635//1635 1636//1636
f 1636//1636 1635//1635 1637//1637
f 1636//1636 1637//1637 1638//1638
f 1638//1638 1637//1637 1639//1639
f 1638//1638 1639//1639 1640//1640
f 1640//1640 1639//1639 1641//1641
f 1640//1640 1641//1641 1642//1642
f 1642//1642 1641//1641 1643//1643
f 1642//1642 1643//1643 1644//1644
f 1644//1644 1643//1643 1645//1645
f 1644//1644 1645//1645 1646//1646
f 1646//1646 1645//1645 1647//1647
f 1646//1646 1647//1647 1648//1648
f 1648//1648 1647//1647 1649//1649
f 1648//1648 1649//1649 1650//1650
f 1650//1650 1649//1649 1651//1651
f 1650//1650 1651//1651 1652//1652
f 1652//1652 1651//1651 1653//1653
f 1652//1652 1653//1653 1654//1654
f 1654//1654 1653//1653 1655//1655
f 1654//1654 1655//1655 1656//1656
f 1656//1656 1655//1655 1657//1657
f 1656//1656 1657//1657 1658//1658
f 1658//1658 1657//1657 1659//1659
f 1658//1658 1659//1659 1660//1660
f 1660//1660 1659//1659 1661//1661
f 1660//1660 1661//1661 1662//1662
f 1662//1662 1661//1661 1663//1663
f 1662//1662 1663//1663 1664//1664
f 1664//1664 1663//1663 1665//1665
f 1664//1664 1665//1665 1666//1666
f 1666//1666 1665//1665 1667//1667
f 1666//1666 1667//1667 1668//1668
f 1668//1668 1667//1667 1669//1669
f 1668//1668 1669//1669 1670//1670
f 1670//1670 1669//1669 1671//1671
f 1670//1670 1671//1671 1672//1672
f 1672//1672 1671//1671 1673//1673
f 1672//1672 1673//1673 1674//1674
f 1674//1674 1673//1673 1675//1675
f 1674//1674 1675//1675 1676//1676
f 1676//1676 1675//1675 1677//1677
f 1676//1676 1677//1677 1678//1678
f 1678//1678 1677//1677 1679//1679
f 1678//1678 1679//1679 1680//1680
f 1680//1680 1679//1679 1681//1681
f 1680//1680 1681//1681 1682//1682
f 1682//1682 1681//1681 1683//1683
f 1682//1682 1683//1683 1684//1684
f 1684//1684 1683//1683 1685//1685
f 1684//1684 1685//1685 1686//1686
f 1686//1686 1685//1685 1687//1687
f 1686//1686 1687//1687 1688//1688
f 1688//1688 1687//1687 1689//1689
f 1688//1688 1689//1689 1690//1690
f 1690//1690 1689//1689 1691//1691
f 1690//1690 1691//1691 1692//1692
f 1692//1692 1691//1691 1693//1693
f 1692//1692 1693//1693 1694//1694
f 1694//1694 1693//1693 1695//1695
f 1694//1694 1695//1695 1696//1696
f 1696//1696 1695//1695 1697//1697
f 1696//1696 1697//1697 1698//1698
f 1698//1698 1697//1697 1699//1699
f 1698//1698 1699//1699 1614//1614
f 1614//1614 1699//1699 1615//1615
f 1618//1618 1700//1700 1616//1616
f 1616//1616 1700//1700 1701//1701
f 1616//1616 1701//1701 1614//1614
f 1614//1614 1701//1701 1702//1702
f 1614//1614 1702//1702 1703//1703
f 1618//1618 1620//1620 1700//1700
f 1700//1700 1620//1620 1704//1704
f 1704//1704 1620//1620 1622//1622
f 1704//1704 1622//1622 1705//1705
f 1705//1705 1622//1622 1624//1624
f 1705//1705 1624//1624 1706//1706
f 1706//1706 1624//1624 1626//1626
f 1706//1706 1626//1626 1707//1707
f 1707//1707 1626//1626 1628//1628
f 1707//1707 1628//1628 1708//1708
f 1708//1708 1628//1628 1630//1630
f 1708//1708 1630//1630 1709//1709
f 1709//1709 1630//1630 1632//1632
f 1709//1709 1632//1632 1710//1710
f 1710//1710 1632//1632 1634//1634
f 1710//1710 1634//1634 1711//1711
f 1711//1711 1634//1634 1636//1636
f 1711//1711 1636//1636 1712//1712
f 1712//1712 1636//1636 1638//1638
f 1712//1712 1638//1638 1713//1713
f 1713//1713 1638//1638 1640//1640
f 1713//1713 1640//1640 1714//1714
f 1714//1714 1640//1640 1642//1642
f 1714//1714 1642//1642 1715//1715
f 1715//1715 1642//1642 1644//1644
f 1715//1715 1644//1644 1716//1716
f 1716//1716 1644//1644 1646//1646
f 1716//1716 1646//1646 1717//1717
f 1717//1717 1646//1646 1648//1648
f 1717//1717 1648//1648 1718//1718
f 1718//1718 1648//1648 1650//1650
f 1718//1718 1650//1650 1719//1719
f 1719//1719 1650//1650 1652//1652
f 1719//1719 1652//1652 1720//1720
f 1720//1720 1652//1652 1654//1654
f 1720//1720 1654//1654 1721//1721
f 1721//1721 1654//1654 1656//1656
f 1721//1721 1656//1656 1722//1722
f 1722//1722 1656//1656 1658//1658
f 1722//1722 1658//1658 1723//1723
f 1723//1723 1658//1658 1660//1660
f 1723//1723 1660//1660 1724//1724
f 1724//1724 1660//1660 1662//1662
f 1724//1724 1662//1662 1725//1725
f 1725//1725 1662//1662 1664//1664
f 1725//1725 1664//1664 1726//1726
f 1726//1726 1664//1664 1666//1666
f 1726//1726 1666//1666 1727//1727
f 1727//1727 1666//1666 1668//1668
f 1727//1727 1668//1668 1728//1728
f 1728//1728 1668//1668 1670//1670
f 1728//1728 1670//1670 1729//1729
f 1729//1729 1670//1670 1672//1672
f 1729//1729 1672//1672 1730//1730
f 1730//1730 1672//1672 1674//1674
f 1730//1730 1674//1674 1731//1731
f 1731//1731 1674//1674 1676//1676
f 1731//1731 1676//1676 1732//1732
f 1732//1732 1676//1676 1678//1678
f 1732//1732 1678//1678 1733//1733
f 1733//1733 1678//1678 1680//1680
f 1733//1733 1680//1680 1734//1734
f 1734//1734 1680//1680 1682//1682
f 1734//1734 1682//1682 1735//1735
f 1735//1735 1682//1682 1684//1684
f 1735//1735 1684//1684 1736//1736
f 1736//1736 1684//1684 1686//1686
f 1736//1736 1686//1686 1737//1737
f 1737//1737 1686//1686 1688//1688
f 1737//1737 1688//1688 1738//1738
f 1738//1738 1688//1688 1690//1690
f 1738//1738 1690//1690 1739//1739
f 1739//1739 1690//1690 1692//1692
f 1739//1739 1692//1692 1740//1740
f 1740//1740 1692//1692 1694//1694
f 1740//1740 1694//1694 1741//1741
f 1741//1741 1694//1694 1696//1696
f 1741//1741 1696//1696 1742//1742
f 1742//1742 1696//1696 1698//1698
f 1742//1742 1698//1698 1703//1703
f 1703//1703 1698//1698 1614//1614
f 1743//1743 1744//1744 1745//1745
f 1745//1745 1744//1744 1746//1746
f 1745//1745 1746//1746 1747//1747
f 1743//1743 1748//1748 1744//1744
f 1744//1744 1748//1748 1749//1749
f 1746//1746 1744//1744 1750//1750
f 1750//1750 1744//1744 1751//1751
f 1750//1750 1751//1751 1752//1752
f 1752//1752 1751//1751 1753//1753
f 1753//1753 1751//1751 1754//1754
f 1753//1753 1754//1754 1755//1755
f 1755//1755 1754//1754 1756//1756
f 1755//1755 1756//1756 1757//1757
f 1757//1757 1756//1756 1758//1758
f 1757//1757 1758//1758 1759//1759
f 1759//1759 1758//1758 1760//1760
f 1760//1760 1758//1758 1761//1761
f 1760//1760 1761//1761 1762//1762
f 1762//1762 1761//1761 1763//1763
f 1763//1763 1761//1761 1764//1764
f 1763//1763 1764//1764 1765//1765
f 1765//1765 1764//1764 1766//1766
f 1765//1765 1766//1766 1767//1767
f 1765//1765 1767//1767 1768//1768
f 1768//1768 1767//1767 1769//1769
f 1768//1768 1769//1769 1770//1770
f 1770//1770 1769//1769 1771//1771
f 1770//1770 1771//1771 1772//1772
f 1772//1772 1771//1771 1773//1773
f 1772//1772 1773//1773 1774//1774
f 1772//1772 1774//1774 1775//1775
f 1775//1775 1774//1774 1776//1776
f 1775//1775 1776//1776 1777//1777
f 1777//1777 1776//1776 1778//1778
f 1777//1777 1778//1778 1779//1779
f 1779//1779 1778//1778 1651//1651
f 1779//1779 1651//1651 1649//1649
f 1778//1778 1780//1780 1651//1651
f 1651//1651 1780//1780 1653//1653
f 1653//1653 1780//1780 1781//1781
f 1653//1653 1781//1781 1655//1655
f 1655//1655 1781//1781 1782//1782
f 1655//1655 1782//1782 1783//1783
f 1655//1655 1783//1783 1657//1657
f 1657//1657 1783//1783 1784//1784
f 1657//1657 1784//1784 1785//1785
f 1657//1657 1785//1785 1659//1659
f 1659//1659 1785//1785 1786//1786
f 1659//1659 1786//1786 1787//1787
f 1659//1659 1787//1787 1661//1661
f 1661//1661 1787//1787 1788//1788
f 1661//1661 1788//1788 1663//1663
f 1663//1663 1788//1788 1789//1789
f 1663//1663 1789//1789 1665//1665
f 1665//1665 1789//1789 1790//1790
f 1665//1665 1790//1790 1667//1667
f 1667//1667 1790//1790 1791//1791
f 1667//1667 1791//1791 1669//1669
f 1669//1669 1791//1791 1792//1792
f 1669//1669 1792//1792 1793//1793
f 1669//1669 1793//1793 1671//1671
f 1671//1671 1793//1793 1794//1794
f 1671//1671 1794//1794 1673//1673
f 1673//1673 1794//1794 1795//1795
f 1673//1673 1795//1795 1675//1675
f 1675//1675 1795//1795 1796//1796
f 1675//1675 1796//1796 1677//1677
f 1677//1677 1796//1796 1797//1797
f 1677//1677 1797//1797 1798//1798
f 1677//1677 1798//1798 1679//1679
f 1679//1679 1798//1798 1799//1799
f 1679//1679 1799//1799 1681//1681
f 1681//1681 1799//1799 1800//1800
f 1681//1681 1800//1800 1683//1683
f 1683//1683 1800//1800 1801//1801
f 1683//1683 1801//1801 1802//1802
f 1683//1683 1802//1802 1685//1685
f 1685//1685 1802//1802 1803//1803
f 1685//1685 1803//1803 1687//1687
f 1687//1687 1803//1803 1804//1804
f 1687//1687 1804//1804 1689//1689
f 1689//1689 1804//1804 1805//1805
f 1689//1689 1805//1805 1806//1806
f 1689//1689 1806//1806 1691//1691
f 1691//1691 1806//1806 1807//1807
f 1691//1691 1807//1807 1693//1693
f 1693//1693 1807//1807 1808//1808
f 1693//1693 1808//1808 1695//1695
f 1695//1695 1808//1808 1809//1809
f 1695//1695 1809//1809 1697//1697
f 1697//1697 1809//1809 1810//1810
f 1697//1697 1810//1810 1699//1699
f 1699//1699 1810//1810 1811//1811
f 1699//1699 1811//1811 1615//1615
f 1615//1615 1811//1811 1812//1812
f 1615//1615 1812//1812 1617//1617
f 1617//1617 1812//1812 1813//1813
f 1617//1617 1813//1813 1814//1814
f 1617//1617 1814//1814 1619//1619
f 1619//1619 1814//1814 1815//1815
f 1619//1619 1815//1815 1816//1816
f 1619//1619 1816//1816 1621//1621
f 1621//1621 1816//1816 1817//1817
f 1621//1621 1817//1817 1818//1818
f 1621//1621 1818//1818 1623//1623
f 1623//1623 1818//1818 1819//1819
f 1623//1623 1819//1819 1820//1820
f 1623//1623 1820//1820 1625//1625
f 1625//1625 1820//1820 1821//1821
f 1625//1625 1821//1821 1822//1822
f 1822//1822 1821//1821 1823//1823
f 1822//1822 1823//1823 1824//1824
f 1824//1824 1823//1823 1825//1825
f 1824//1824 1825//1825 1826//1826
f 1826//1826 1825//1825 1827//1827
f 1826//1826 1827//1827 1828//1828
f 1826//1826 1828//1828 1829//1829
f 1829//1829 1828//1828 1830//1830
f 1829//1829 1830//1830 1831//1831
f 1831//1831 1830//1830 1832//1832
f 1831//1831 1832//1832 1833//1833
f 1833//1833 1832//1832 1834//1834
f 1833//1833 1834//1834 1835//1835
f 1833//1833 1835//1835 1836//1836
f 1836//1836 1835//1835 1837//1837
f 1836//1836 1837//1837 1838//1838
f 1838//1838 1837//1837 1839//1839
f 1839//1839 1837//1837 1840//1840
f 1839//1839 1840//1840 1841//1841
f 1841//1841 1840//1840 1842//1842
f 1842//1842 1840//1840 1843//1843
f 1842//1842 1843//1843 1844//1844
f 1844//1844 1843//1843 1845//1845
f 1844//1844 1845//1845 1846//1846
f 1846//1846 1845//1845 1847//1847
f 1846//1846 1847//1847 1848//1848
f 1848//1848 1847//1847 1849//1849
f 1849//1849 1847//1847 1850//1850
f 1849//1849 1850//1850 1851//1851
f 1851//1851 1850//1850 1852//1852
f 1851//1851 1852//1852 1853//1853
f 1853//1853 1852//1852 1854//1854
f 1854//1854 1852//1852 1855//1855
f 1855//1855 1852//1852 1633//1633
f 1855//1855 1633//1633 1856//1856
f 1856//1856 1633//1633 1631//1631
f 1856//1856 1631//1631 1857//1857
f 1857//1857 1631//1631 1629//1629
f 1857//1857 1629//1629 1858//1858
f 1858//1858 1629//1629 1627//1627
f 1858//1858 1627//1627 1859//1859
f 1859//1859 1627//1627 1625//1625
f 1859//1859 1625//1625 1822//1822
f 1860//1860 1861//1861 1850//1850
f 1850//1850 1861//1861 1862//1862
f 1850//1850 1862//1862 1852//1852
f 1745//1745 1639//1639 1852//1852
f 1852//1852 1639//1639 1637//1637
f 1852//1852 1637//1637 1635//1635
f 1747//1747 1863//1863 1745//1745
f 1745//1745 1863//1863 1864//1864
f 1745//1745 1864//1864 1643//1643
f 1643//1643 1864//1864 1645//1645
f 1645//1645 1864//1864 1865//1865
f 1645//1645 1865//1865 1647//1647
f 1647//1647 1865//1865 1866//1866
f 1647//1647 1866//1866 1649//1649
f 1649//1649 1866//1866 1867//1867
f 1649//1649 1867//1867 1779//1779
f 1643//1643 1641//1641 1745//1745
f 1745//1745 1641//1641 1639//1639
f 1635//1635 1633//1633 1852//1852
f 1868//1868 1869//1869 1870//1870
f 1870//1870 1869//1869 1871//1871
f 1870//1870 1871//1871 1872//1872
f 1870//1870 1872//1872 1873//1873
f 1873//1873 1872//1872 1874//1874
f 1873//1873 1874//1874 1875//1875
f 1875//1875 1874//1874 1876//1876
f 1875//1875 1876//1876 1877//1877
f 1877//1877 1876//1876 1878//1878
f 1877//1877 1878//1878 1879//1879
f 1879//1879 1878//1878 1880//1880
f 1880//1880 1878//1878 1881//1881
f 1869//1869 1868//1868 1882//1882
f 1882//1882 1868//1868 1883//1883
f 1882//1882 1883//1883 1884//1884
f 1885//1885 1886//1886 1884//1884
f 1884//1884 1886//1886 1887//1887
f 1884//1884 1887//1887 1882//1882
f 1888//1888 1889//1889 1890//1890
f 1890//1890 1889//1889 1891//1891
f 1890//1890 1891//1891 1892//1892
f 1890//1890 1892//1892 1893//1893
f 1893//1893 1892//1892 1894//1894
f 1893//1893 1894//1894 1895//1895
f 1895//1895 1894//1894 1896//1896
f 1895//1895 1896//1896 1897//1897
f 1897//1897 1896//1896 1898//1898
f 1897//1897 1898//1898 1899//1899
f 1899//1899 1898//1898 1900//1900
f 1900//1900 1898//1898 1901//1901
f 1902//1902 1880//1880 1507//1507
f 1507//1507 1880//1880 1881//1881
f 1507//1507 1881//1881 1903//1903
f 1507//1507 1903//1903 1508//1508
f 1508//1508 1903//1903 1904//1904
f 1508//1508 1904//1904 1510//1510
f 1510//1510 1904//1904 1905//1905
f 1510//1510 1905//1905 1511//1511
f 1511//1511 1905//1905 1906//1906
f 1511//1511 1906//1906 1512//1512
f 1512//1512 1906//1906 1907//1907
f 1512//1512 1907//1907 1517//1517
f 1517//1517 1907//1907 1908//1908
f 1517//1517 1908//1908 1520//1520
f 1520//1520 1908//1908 1909//1909
f 1520//1520 1909//1909 1524//1524
f 1524//1524 1909//1909 1910//1910
f 1524//1524 1910//1910 1527//1527
f 1527//1527 1910//1910 1911//1911
f 1527//1527 1911//1911 1529//1529
f 1529//1529 1911//1911 1912//1912
f 1529//1529 1912//1912 1532//1532
f 1532//1532 1912//1912 1913//1913
f 1532//1532 1913//1913 1534//1534
f 1534//1534 1913//1913 1914//1914
f 1534//1534 1914//1914 1537//1537
f 1537//1537 1914//1914 1915//1915
f 1537//1537 1915//1915 1539//1539
f 1539//1539 1915//1915 1916//1916
f 1539//1539 1916//1916 1542//1542
f 1542//1542 1916//1916 1917//1917
f 1542//1542 1917//1917 1544//1544
f 1544//1544 1917//1917 1918//1918
f 1544//1544 1918//1918 1546//1546
f 1546//1546 1918//1918 1919//1919
f 1546//1546 1919//1919 1549//1549
f 1549//1549 1919//1919 1920//1920
f 1549//1549 1920//1920 1551//1551
f 1551//1551 1920//1920 1921//1921
f 1551//1551 1921//1921 1554//1554
f 1554//1554 1921//1921 1922//1922
f 1554//1554 1922//1922 1556//1556
f 1556//1556 1922//1922 1923//1923
f 1556//1556 1923//1923 1559//1559
f 1559//1559 1923//1923 1924//1924
f 1559//1559 1924//1924 1561//1561
f 1561//1561 1924//1924 1925//1925
f 1561//1561 1925//1925 1564//1564
f 1564//1564 1925//1925 1926//1926
f 1564//1564 1926//1926 1566//1566
f 1566//1566 1926//1926 1927//1927
f 1566//1566 1927//1927 1569//1569
f 1569//1569 1927//1927 1928//1928
f 1569//1569 1928//1928 1572//1572
f 1572//1572 1928//1928 1929//1929
f 1572//1572 1929//1929 1578//1578
f 1578//1578 1929//1929 1930//1930
f 1578//1578 1930//1930 1579//1579
f 1579//1579 1930//1930 1931//1931
f 1579//1579 1931//1931 1581//1581
f 1581//1581 1931//1931 1889//1889
f 1581//1581 1889//1889 1888//1888
f 1888//1888 1932//1932 1581//1581
f 1581//1581 1932//1932 1582//1582
f 1582//1582 1932//1932 1933//1933
f 1582//1582 1933//1933 1583//1583
f 1583//1583 1933//1933 1934//1934
f 1507//1507 1502//1502 1902//1902
f 1902//1902 1502//1502 1935//1935
f 1935//1935 1502//1502 1501//1501
f 1935//1935 1501//1501 1936//1936
f 1937//1937 1938//1938 1939//1939
f 1939//1939 1938//1938 1940//1940
f 1940//1940 1938//1938 1941//1941
f 1940//1940 1941//1941 1942//1942
f 1942//1942 1941//1941 1943//1943
f 1942//1942 1943//1943 1944//1944
f 1944//1944 1943//1943 1945//1945
f 1944//1944 1945//1945 1946//1946
f 1946//1946 1945//1945 1947//1947
f 1946//1946 1947//1947 1948//1948
f 1948//1948 1947//1947 1949//1949
f 1948//1948 1949//1949 1950//1950
f 1949//1949 1886//1886 1950//1950
f 1950//1950 1886//1886 1885//1885
f 1900//1900 1901//1901 1951//1951
f 1951//1951 1901//1901 1952//1952
f 1951//1951 1952//1952 1953//1953
f 1954//1954 1955//1955 1953//1953
f 1953//1953 1955//1955 1956//1956
f 1953//1953 1956//1956 1951//1951
f 1954//1954 1957//1957 1955//1955
f 1955//1955 1957//1957 1958//1958
f 1957//1957 1959//1959 1958//1958
f 1958//1958 1959//1959 1960//1960
f 1960//1960 1959//1959 1961//1961
f 1960//1960 1961//1961 1962//1962
f 1962//1962 1961//1961 1963//1963
f 1962//1962 1963//1963 1964//1964
f 1964//1964 1963//1963 1965//1965
f 1964//1964 1965//1965 1966//1966
f 1966//1966 1965//1965 1967//1967
f 1966//1966 1967//1967 1968//1968
f 1968//1968 1967//1967 1969//1969
f 1968//1968 1969//1969 1970//1970
f 1970//1970 1969//1969 1971//1971
f 1971//1971 1969//1969 1972//1972
f 1971//1971 1972//1972 1973//1973
f 1973//1973 1972//1972 1974//1974
f 1973//1973 1974//1974 1975//1975
f 1975//1975 1974//1974 1976//1976
f 1975//1975 1976//1976 1977//1977
f 1977//1977 1976//1976 1978//1978
f 1977//1977 1978//1978 1979//1979
f 1979//1979 1978//1978 1980//1980
f 1979//1979 1980//1980 1981//1981
f 1981//1981 1980//1980 1982//1982
f 1981//1981 1982//1982 1983//1983
f 1983//1983 1982//1982 1984//1984
f 1983//1983 1984//1984 1939//1939
f 1939//1939 1984//1984 1937//1937
f 1878//1878 1876//1876 1881//1881
f 1881//1881 1876//1876 1874//1874
f 1881//1881 1874//1874 1872//1872
f 1872//1872 1871//1871 1881//1881
f 1881//1881 1871//1871 1869//1869
f 1881//1881 1869//1869 1882//1882
f 1881//1881 1882//1882 1903//1903
f 1903//1903 1882//1882 1887//1887
f 1903//1903 1887//1887 1886//1886
f 1903//1903 1886//1886 1904//1904
f 1904//1904 1886//1886 1949//1949
f 1904//1904 1949//1949 1905//1905
f 1905//1905 1949//1949 1947//1947
f 1905//1905 1947//1947 1945//1945
f 1905//1905 1945//1945 1906//1906
f 1906//1906 1945//1945 1943//1943
f 1906//1906 1943//1943 1907//1907
f 1907//1907 1943//1943 1941//1941
f 1907//1907 1941//1941 1908//1908
f 1908//1908 1941//1941 1909//1909
f 1909//1909 1941//1941 1938//1938
f 1909//1909 1938//1938 1910//1910
f 1910//1910 1938//1938 1937//1937
f 1910//1910 1937//1937 1911//1911
f 1911//1911 1937//1937 1984//1984
f 1911//1911 1984//1984 1912//1912
f 1912//1912 1984//1984 1913//1913
f 1913//1913 1984//1984 1982//1982
f 1913//1913 1982//1982 1914//1914
f 1914//1914 1982//1982 1980//1980
f 1914//1914 1980//1980 1915//1915
f 1915//1915 1980//1980 1916//1916
f 1916//1916 1980//1980 1978//1978
f 1916//1916 1978//1978 1917//1917
f 1917//1917 1978//1978 1918//1918
f 1918//1918 1978//1978 1976//1976
f 1918//1918 1976//1976 1919//1919
f 1919//1919 1976//1976 1920//1920
f 1920//1920 1976//1976 1974//1974
f 1920//1920 1974//1974 1921//1921
f 1921//1921 1974//1974 1972//1972
f 1921//1921 1972//1972 1922//1922
f 1922//1922 1972//1972 1923//1923
f 1923//1923 1972//1972 1969//1969
f 1923//1923 1969//1969 1924//1924
f 1924//1924 1969//1969 1967//1967
f 1924//1924 1967//1967 1925//1925
f 1925//1925 1967//1967 1965//1965
f 1925//1925 1965//1965 1926//1926
f 1926//1926 1965//1965 1927//1927
f 1927//1927 1965//1965 1963//1963
f 1927//1927 1963//1963 1928//1928
f 1928//1928 1963//1963 1961//1961
f 1928//1928 1961//1961 1929//1929
f 1929//1929 1961//1961 1959//1959
f 1929//1929 1959//1959 1957//1957
f 1929//1929 1957//1957 1930//1930
f 1930//1930 1957//1957 1954//1954
f 1930//1930 1954//1954 1931//1931
f 1931//1931 1954//1954 1953//1953
f 1931//1931 1953//1953 1952//1952
f 1931//1931 1952//1952 1889//1889
f 1889//1889 1952//1952 1901//1901
f 1889//1889 1901//1901 1898//1898
f 1898//1898 1896//1896 1889//1889
f 1889//1889 1896//1896 1894//1894
f 1889//1889 1894//1894 1892//1892
f 1892//1892 1891//1891 1889//1889
f 215//215 1985//1985 214//214
f 214//214 1985//1985 1934//1934
f 214//214 1934//1934 1933//1933
f 215//215 234//234 1985//1985
f 1985//1985 234//234 1986//1986
f 1986//1986 234//234 232//232
f 1986//1986 232//232 1987//1987
f 1987//1987 232//232 230//230
f 1987//1987 230//230 1988//1988
f 1988//1988 230//230 228//228
f 1988//1988 228//228 1989//1989
f 1989//1989 228//228 226//226
f 1989//1989 226//226 1990//1990
f 1990//1990 226//226 224//224
f 1990//1990 224//224 1991//1991
f 1991//1991 224//224 222//222
f 1991//1991 222//222 1992//1992
f 1992//1992 222//222 220//220
f 1992//1992 220//220 1993//1993
f 1993//1993 220//220 217//217
f 1993//1993 217//217 1994//1994
f 1994//1994 217//217 216//216
f 1994//1994 216//216 203//203
f 204//204 1935//1935 203//203
f 203//203 1935//1935 1936//1936
f 203//203 1936//1936 1994//1994
f 1935//1935 204//204 1902//1902
f 1902//1902 204//204 206//206
f 1902//1902 206//206 1873//1873
f 1873//1873 206//206 1870//1870
f 1870//1870 206//206 1868//1868
f 1868//1868 206//206 208//208
f 1868//1868 208//208 1883//1883
f 1883//1883 208//208 1884//1884
f 1884//1884 208//208 210//210
f 1884//1884 210//210 1885//1885
f 1885//1885 210//210 1950//1950
f 1950//1950 210//210 236//236
f 1950//1950 236//236 1948//1948
f 1948//1948 236//236 250//250
f 1948//1948 250//250 1946//1946
f 1946//1946 250//250 248//248
f 1946//1946 248//248 246//246
f 1946//1946 246//246 1944//1944
f 1944//1944 246//246 243//243
f 1944//1944 243//243 1942//1942
f 1942//1942 243//243 242//242
f 1942//1942 242//242 1940//1940
f 1940//1940 242//242 244//244
f 1940//1940 244//244 1939//1939
f 1939//1939 244//244 238//238
f 1939//1939 238//238 1983//1983
f 1983//1983 238//238 271//271
f 1983//1983 271//271 1981//1981
f 1981//1981 271//271 269//269
f 1981//1981 269//269 1979//1979
f 1979//1979 269//269 267//267
f 1979//1979 267//267 1977//1977
f 1977//1977 267//267 265//265
f 1977//1977 265//265 263//263
f 1977//1977 263//263 1975//1975
f 1975//1975 263//263 261//261
f 1975//1975 261//261 1973//1973
f 1973//1973 261//261 259//259
f 1973//1973 259//259 1971//1971
f 1971//1971 259//259 257//257
f 1971//1971 257//257 1970//1970
f 1970//1970 257//257 289//289
f 1970//1970 289//289 290//290
f 1970//1970 290//290 1968//1968
f 1968//1968 290//290 291//291
f 1968//1968 291//291 292//292
f 1968//1968 292//292 1966//1966
f 1966//1966 292//292 293//293
f 1966//1966 293//293 1964//1964
f 1964//1964 293//293 294//294
f 1964//1964 294//294 295//295
f 1964//1964 295//295 1962//1962
f 1962//1962 295//295 296//296
f 1962//1962 296//296 1960//1960
f 1960//1960 296//296 297//297
f 1960//1960 297//297 1958//1958
f 1958//1958 297//297 273//273
f 1958//1958 273//273 1955//1955
f 1955//1955 273//273 299//299
f 1955//1955 299//299 1956//1956
f 1956//1956 299//299 305//305
f 1956//1956 305//305 1951//1951
f 1951//1951 305//305 1900//1900
f 1900//1900 305//305 303//303
f 1900//1900 303//303 1899//1899
f 1899//1899 303//303 1897//1897
f 1897//1897 303//303 1932//1932
f 1897//1897 1932//1932 1895//1895
f 1895//1895 1932//1932 1893//1893
f 1893//1893 1932//1932 1890//1890
f 1890//1890 1932//1932 1888//1888
f 303//303 301//301 1932//1932
f 1932//1932 301//301 1933//1933
f 1933//1933 301//301 214//214
f 1873//1873 1875//1875 1902//1902
f 1902//1902 1875//1875 1877//1877
f 1902//1902 1877//1877 1879//1879
f 1879//1879 1880//1880 1902//1902
f 1597//1597 1995//1995 1509//1509
f 1509//1509 1995//1995 1996//1996
f 1509//1509 1996//1996 1997//1997
f 1997//1997 1996//1996 1998//1998
f 1997//1997 1998//1998 1999//1999
f 1997//1997 1999//1999 2000//2000
f 2000//2000 1999//1999 2001//2001
f 2000//2000 2001//2001 2002//2002
f 2002//2002 2001//2001 2003//2003
f 2002//2002 2003//2003 2004//2004
f 2004//2004 2003//2003 2005//2005
f 1998//1998 1996//1996 2006//2006
f 2006//2006 1996//1996 1596//1596
f 1596//1596 1996//1996 1995//1995
f 1596//1596 1995//1995 1597//1597
f 2007//2007 2008//2008 2009//2009
f 2009//2009 2008//2008 2010//2010
f 2009//2009 2010//2010 1577//1577
f 1577//1577 2010//2010 2011//2011
f 1577//1577 2011//2011 1606//1606
f 2009//2009 2012//2012 2007//2007
f 2007//2007 2012//2012 2013//2013
f 2013//2013 2012//2012 2014//2014
f 2013//2013 2014//2014 2015//2015
f 2015//2015 2014//2014 2016//2016
f 2015//2015 2016//2016 2017//2017
f 2017//2017 2016//2016 2018//2018
f 2018//2018 2016//2016 2019//2019
f 2019//2019 2016//2016 2020//2020
f 2019//2019 2020//2020 2021//2021
f 2021//2021 2020//2020 2022//2022
f 2021//2021 2022//2022 2023//2023
f 2024//2024 2025//2025 2023//2023
f 2023//2023 2025//2025 2021//2021
f 1606//1606 2011//2011 1607//1607
f 1607//1607 2011//2011 2010//2010
f 1607//1607 2010//2010 2026//2026
f 2026//2026 2010//2010 2008//2008
f 2005//2005 2027//2027 2004//2004
f 2004//2004 2027//2027 2028//2028
f 2004//2004 2028//2028 2029//2029
f 2029//2029 2028//2028 2030//2030
f 2029//2029 2030//2030 2031//2031
f 2031//2031 2030//2030 2032//2032
f 2032//2032 2030//2030 2033//2033
f 2032//2032 2033//2033 2034//2034
f 2035//2035 2025//2025 2036//2036
f 2036//2036 2025//2025 2024//2024
f 2036//2036 2024//2024 2037//2037
f 2037//2037 2024//2024 2023//2023
f 2037//2037 2023//2023 2038//2038
f 2038//2038 2023//2023 2022//2022
f 2038//2038 2022//2022 2039//2039
f 2039//2039 2022//2022 2020//2020
f 2039//2039 2020//2020 2040//2040
f 2020//2020 2016//2016 2040//2040
f 2040//2040 2016//2016 1580//1580
f 1580//1580 2016//2016 2014//2014
f 1580//1580 2014//2014 2012//2012
f 2012//2012 2009//2009 1580//1580
f 1580//1580 2009//2009 1577//1577
f 2006//2006 1596//1596 2041//2041
f 2041//2041 1596//1596 1604//1604
f 2041//2041 1604//1604 2042//2042
f 2042//2042 1604//1604 1603//1603
f 2042//2042 1603//1603 2043//2043
f 2043//2043 1603//1603 1602//1602
f 2044//2044 2045//2045 2046//2046
f 2046//2046 2045//2045 2047//2047
f 1702//1702 1701//1701 2048//2048
f 2048//2048 1701//1701 1700//1700
f 2048//2048 1700//1700 2049//2049
f 2049//2049 1700//1700 1704//1704
f 2049//2049 1704//1704 2050//2050
f 2050//2050 1704//1704 1705//1705
f 2050//2050 1705//1705 2051//2051
f 2051//2051 1705//1705 1706//1706
f 2051//2051 1706//1706 2052//2052
f 2052//2052 1706//1706 1707//1707
f 2052//2052 1707//1707 2053//2053
f 2053//2053 1707//1707 1708//1708
f 2053//2053 1708//1708 2054//2054
f 2054//2054 1708//1708 1709//1709
f 2054//2054 1709//1709 2055//2055
f 2055//2055 1709//1709 1710//1710
f 2055//2055 1710//1710 2056//2056
f 2056//2056 1710//1710 1711//1711
f 2056//2056 1711//1711 2057//2057
f 2057//2057 1711//1711 1712//1712
f 2057//2057 1712//1712 2058//2058
f 2058//2058 1712//1712 1713//1713
f 2058//2058 1713//1713 1714//1714
f 2058//2058 1714//1714 2059//2059
f 2059//2059 1714//1714 1715//1715
f 2059//2059 1715//1715 2060//2060
f 2060//2060 1715//1715 1716//1716
f 2060//2060 1716//1716 2061//2061
f 2061//2061 1716//1716 1717//1717
f 2061//2061 1717//1717 2062//2062
f 2062//2062 1717//1717 1718//1718
f 2062//2062 1718//1718 2063//2063
f 2063//2063 1718//1718 1719//1719
f 2063//2063 1719//1719 2064//2064
f 2064//2064 1719//1719 1720//1720
f 2064//2064 1720//1720 2065//2065
f 2065//2065 1720//1720 1721//1721
f 2065//2065 1721//1721 2066//2066
f 2066//2066 1721//1721 1722//1722
f 2066//2066 1722//1722 2067//2067
f 2067//2067 1722//1722 1723//1723
f 2067//2067 1723//1723 1724//1724
f 2067//2067 1724//1724 2068//2068
f 2068//2068 1724//1724 1725//1725
f 2068//2068 1725//1725 2069//2069
f 2069//2069 1725//1725 1726//1726
f 2069//2069 1726//1726 2070//2070
f 2070//2070 1726//1726 1727//1727
f 2070//2070 1727//1727 2071//2071
f 2071//2071 1727//1727 1728//1728
f 2071//2071 1728//1728 2072//2072
f 2072//2072 1728//1728 1729//1729
f 2072//2072 1729//1729 2073//2073
f 2073//2073 1729//1729 1730//1730
f 2073//2073 1730//1730 2074//2074
f 2074//2074 1730//1730 1731//1731
f 2074//2074 1731//1731 2075//2075
f 2075//2075 1731//1731 1732//1732
f 2075//2075 1732//1732 2076//2076
f 2076//2076 1732//1732 1733//1733
f 2076//2076 1733//1733 2077//2077
f 2077//2077 1733//1733 1734//1734
f 2077//2077 1734//1734 1735//1735
f 2077//2077 1735//1735 2078//2078
f 2078//2078 1735//1735 1736//1736
f 2078//2078 1736//1736 2079//2079
f 2079//2079 1736//1736 1737//1737
f 2079//2079 1737//1737 2080//2080
f 2080//2080 1737//1737 1738//1738
f 2080//2080 1738//1738 2081//2081
f 2081//2081 1738//1738 1739//1739
f 2081//2081 1739//1739 2082//2082
f 2082//2082 1739//1739 1740//1740
f 2082//2082 1740//1740 2083//2083
f 2083//2083 1740//1740 1741//1741
f 2083//2083 1741//1741 2084//2084
f 2084//2084 1741//1741 1742//1742
f 2084//2084 1742//1742 2085//2085
f 2085//2085 1742//1742 1703//1703
f 2085//2085 1703//1703 2086//2086
f 2086//2086 1703//1703 1702//1702
f 2086//2086 1702//1702 2048//2048
f 2087//2087 2088//2088 2089//2089
f 2089//2089 2088//2088 2090//2090
f 2090//2090 2088//2088 2091//2091
f 2090//2090 2091//2091 2092//2092
f 2092//2092 2091//2091 2093//2093
f 2092//2092 2093//2093 2094//2094
f 2095//2095 2096//2096 2094//2094
f 2094//2094 2096//2096 2092//2092
f 2097//2097 2098//2098 2099//2099
f 2099//2099 2098//2098 2100//2100
f 2100//2100 2098//2098 2101//2101
f 2100//2100 2101//2101 2102//2102
f 2100//2100 2102//2102 2103//2103
f 2103//2103 2102//2102 2104//2104
f 2103//2103 2104//2104 2105//2105
f 2105//2105 2104//2104 2106//2106
f 2049//2049 2107//2107 2048//2048
f 2048//2048 2107//2107 2108//2108
f 2048//2048 2108//2108 2086//2086
f 2086//2086 2108//2108 2109//2109
f 2086//2086 2109//2109 2085//2085
f 2085//2085 2109//2109 2110//2110
f 2085//2085 2110//2110 2084//2084
f 2084//2084 2110//2110 2111//2111
f 2084//2084 2111//2111 2083//2083
f 2083//2083 2111//2111 2112//2112
f 2083//2083 2112//2112 2082//2082
f 2082//2082 2112//2112 2113//2113
f 2082//2082 2113//2113 2081//2081
f 2081//2081 2113//2113 2114//2114
f 2081//2081 2114//2114 2080//2080
f 2080//2080 2114//2114 2115//2115
f 2080//2080 2115//2115 2079//2079
f 2079//2079 2115//2115 2116//2116
f 2079//2079 2116//2116 2078//2078
f 2078//2078 2116//2116 2117//2117
f 2078//2078 2117//2117 2077//2077
f 2077//2077 2117//2117 2118//2118
f 2077//2077 2118//2118 2076//2076
f 2076//2076 2118//2118 2119//2119
f 2076//2076 2119//2119 2075//2075
f 2075//2075 2119//2119 2120//2120
f 2075//2075 2120//2120 2074//2074
f 2074//2074 2120//2120 2121//2121
f 2074//2074 2121//2121 2073//2073
f 2073//2073 2121//2121 2122//2122
f 2073//2073 2122//2122 2072//2072
f 2072//2072 2122//2122 2123//2123
f 2072//2072 2123//2123 2071//2071
f 2071//2071 2123//2123 2124//2124
f 2071//2071 2124//2124 2070//2070
f 2070//2070 2124//2124 2125//2125
f 2070//2070 2125//2125 2069//2069
f 2069//2069 2125//2125 2126//2126
f 2069//2069 2126//2126 2068//2068
f 2068//2068 2126//2126 2127//2127
f 2068//2068 2127//2127 2067//2067
f 2067//2067 2127//2127 2128//2128
f 2067//2067 2128//2128 2066//2066
f 2066//2066 2128//2128 2129//2129
f 2066//2066 2129//2129 2065//2065
f 2065//2065 2129//2129 2130//2130
f 2065//2065 2130//2130 2064//2064
f 2064//2064 2130//2130 2131//2131
f 2064//2064 2131//2131 2063//2063
f 2063//2063 2131//2131 2132//2132
f 2063//2063 2132//2132 2062//2062
f 2062//2062 2132//2132 2133//2133
f 2062//2062 2133//2133 2061//2061
f 2061//2061 2133//2133 2134//2134
f 2061//2061 2134//2134 2060//2060
f 2060//2060 2134//2134 2135//2135
f 2060//2060 2135//2135 2059//2059
f 2059//2059 2135//2135 2136//2136
f 2059//2059 2136//2136 2058//2058
f 2058//2058 2136//2136 2137//2137
f 2058//2058 2137//2137 2138//2138
f 2107//2107 2049//2049 2139//2139
f 2139//2139 2049//2049 2050//2050
f 2139//2139 2050//2050 2140//2140
f 2140//2140 2050//2050 2051//2051
f 2140//2140 2051//2051 2141//2141
f 2141//2141 2051//2051 2052//2052
f 2141//2141 2052//2052 2142//2142
f 2142//2142 2052//2052 2053//2053
f 2142//2142 2053//2053 2143//2143
f 2143//2143 2053//2053 2054//2054
f 2143//2143 2054//2054 2144//2144
f 2144//2144 2054//2054 2055//2055
f 2144//2144 2055//2055 2145//2145
f 2145//2145 2055//2055 2056//2056
f 2145//2145 2056//2056 2146//2146
f 2146//2146 2056//2056 2057//2057
f 2146//2146 2057//2057 2147//2147
f 2147//2147 2057//2057 2148//2148
f 2148//2148 2057//2057 2138//2138
f 2138//2138 2057//2057 2058//2058
f 2149//2149 2150//2150 2100//2100
f 2100//2100 2150//2150 2099//2099
f 2099//2099 2150//2150 2097//2097
f 2097//2097 2150//2150 2151//2151
f 2097//2097 2151//2151 2098//2098
f 2098//2098 2151//2151 2152//2152
f 2098//2098 2152//2152 2101//2101
f 2101//2101 2152//2152 2153//2153
f 2101//2101 2153//2153 2102//2102
f 2102//2102 2153//2153 2154//2154
f 2102//2102 2154//2154 2104//2104
f 2104//2104 2154//2154 2155//2155
f 2104//2104 2155//2155 2106//2106
f 2106//2106 2155//2155 2156//2156
f 2106//2106 2156//2156 2105//2105
f 2105//2105 2156//2156 2157//2157
f 2157//2157 2158//2158 2105//2105
f 2105//2105 2158//2158 2103//2103
f 1565//1565 1813//1813 1563//1563
f 1563//1563 1813//1813 1812//1812
f 1563//1563 1812//1812 1562//1562
f 1562//1562 1812//1812 1811//1811
f 1562//1562 1811//1811 1560//1560
f 1560//1560 1811//1811 1810//1810
f 1560//1560 1810//1810 1558//1558
f 1558//1558 1810//1810 1809//1809
f 1558//1558 1809//1809 1557//1557
f 1557//1557 1809//1809 1808//1808
f 1557//1557 1808//1808 1555//1555
f 1555//1555 1808//1808 1807//1807
f 1555//1555 1807//1807 1553//1553
f 1553//1553 1807//1807 1806//1806
f 1553//1553 1806//1806 1552//1552
f 1552//1552 1806//1806 1805//1805
f 1552//1552 1805//1805 1550//1550
f 1550//1550 1805//1805 1804//1804
f 1550//1550 1804//1804 1548//1548
f 1548//1548 1804//1804 1803//1803
f 1548//1548 1803//1803 1547//1547
f 1547//1547 1803//1803 1802//1802
f 1547//1547 1802//1802 1545//1545
f 1545//1545 1802//1802 1801//1801
f 1545//1545 1801//1801 1543//1543
f 1543//1543 1801//1801 1800//1800
f 1543//1543 1800//1800 1541//1541
f 1541//1541 1800//1800 1799//1799
f 1541//1541 1799//1799 1540//1540
f 1540//1540 1799//1799 1798//1798
f 1540//1540 1798//1798 1538//1538
f 1538//1538 1798//1798 1797//1797
f 1538//1538 1797//1797 1536//1536
f 1536//1536 1797//1797 1796//1796
f 1536//1536 1796//1796 1535//1535
f 1535//1535 1796//1796 1795//1795
f 1535//1535 1795//1795 1533//1533
f 1533//1533 1795//1795 1794//1794
f 1533//1533 1794//1794 1531//1531
f 1531//1531 1794//1794 1793//1793
f 1531//1531 1793//1793 1530//1530
f 1530//1530 1793//1793 1792//1792
f 1530//1530 1792//1792 1528//1528
f 1528//1528 1792//1792 1791//1791
f 1528//1528 1791//1791 1526//1526
f 1526//1526 1791//1791 1790//1790
f 1526//1526 1790//1790 1525//1525
f 1525//1525 1790//1790 1789//1789
f 1525//1525 1789//1789 1523//1523
f 1523//1523 1789//1789 1788//1788
f 1523//1523 1788//1788 1521//1521
f 1521//1521 1788//1788 1787//1787
f 2159//2159 2160//2160 2161//2161
f 2161//2161 2160//2160 2145//2145
f 2161//2161 2145//2145 2146//2146
f 2145//2145 2160//2160 2144//2144
f 2144//2144 2160//2160 2162//2162
f 2144//2144 2162//2162 2143//2143
f 2143//2143 2162//2162 2163//2163
f 2143//2143 2163//2163 2142//2142
f 2142//2142 2163//2163 2164//2164
f 2142//2142 2164//2164 2141//2141
f 2141//2141 2164//2164 2165//2165
f 2141//2141 2165//2165 2140//2140
f 2140//2140 2165//2165 2166//2166
f 2140//2140 2166//2166 2139//2139
f 2139//2139 2166//2166 2167//2167
f 2139//2139 2167//2167 2107//2107
f 2107//2107 2167//2167 2168//2168
f 2107//2107 2168//2168 2108//2108
f 2108//2108 2168//2168 2109//2109
f 2109//2109 2168//2168 2169//2169
f 2109//2109 2169//2169 2110//2110
f 2110//2110 2169//2169 2170//2170
f 2110//2110 2170//2170 2111//2111
f 2111//2111 2170//2170 2171//2171
f 2111//2111 2171//2171 2112//2112
f 2112//2112 2171//2171 2172//2172
f 2112//2112 2172//2172 2113//2113
f 2113//2113 2172//2172 2173//2173
f 2113//2113 2173//2173 2114//2114
f 2114//2114 2173//2173 2174//2174
f 2114//2114 2174//2174 2115//2115
f 2115//2115 2174//2174 2175//2175
f 2115//2115 2175//2175 2116//2116
f 2116//2116 2175//2175 2176//2176
f 2116//2116 2176//2176 2117//2117
f 2117//2117 2176//2176 2118//2118
f 2118//2118 2176//2176 2177//2177
f 2118//2118 2177//2177 2119//2119
f 2119//2119 2177//2177 2178//2178
f 2119//2119 2178//2178 2120//2120
f 2120//2120 2178//2178 2179//2179
f 2120//2120 2179//2179 2121//2121
f 2121//2121 2179//2179 2180//2180
f 2121//2121 2180//2180 2122//2122
f 2122//2122 2180//2180 2181//2181
f 2122//2122 2181//2181 2123//2123
f 2123//2123 2181//2181 2182//2182
f 2123//2123 2182//2182 2124//2124
f 2124//2124 2182//2182 2183//2183
f 2124//2124 2183//2183 2125//2125
f 2125//2125 2183//2183 2184//2184
f 2125//2125 2184//2184 2126//2126
f 2126//2126 2184//2184 2127//2127
f 2127//2127 2184//2184 2185//2185
f 2127//2127 2185//2185 2128//2128
f 2128//2128 2185//2185 2186//2186
f 2128//2128 2186//2186 2129//2129
f 2129//2129 2186//2186 2187//2187
f 2129//2129 2187//2187 2130//2130
f 2130//2130 2187//2187 2188//2188
f 2130//2130 2188//2188 2131//2131
f 2131//2131 2188//2188 2189//2189
f 2131//2131 2189//2189 2132//2132
f 2132//2132 2189//2189 2190//2190
f 2132//2132 2190//2190 2133//2133
f 2133//2133 2190//2190 2191//2191
f 2133//2133 2191//2191 2134//2134
f 2134//2134 2191//2191 2192//2192
f 2134//2134 2192//2192 2135//2135
f 2135//2135 2192//2192 2193//2193
f 2135//2135 2193//2193 2194//2194
f 2194//2194 2193//2193 2195//2195
f 2194//2194 2195//2195 2196//2196
f 2191//2191 2197//2197 2192//2192
f 2194//2194 2136//2136 2135//2135
f 2147//2147 2198//2198 2146//2146
f 2146//2146 2198//2198 2199//2199
f 2146//2146 2199//2199 2161//2161
f 2200//2200 2201//2201 2198//2198
f 2198//2198 2201//2201 2199//2199
f 2159//2159 2202//2202 2160//2160
f 2160//2160 2202//2202 2203//2203
f 2160//2160 2203//2203 2162//2162
f 2162//2162 2203//2203 2204//2204
f 2162//2162 2204//2204 2163//2163
f 2163//2163 2204//2204 2205//2205
f 2163//2163 2205//2205 2164//2164
f 2164//2164 2205//2205 2206//2206
f 2164//2164 2206//2206 2165//2165
f 2165//2165 2206//2206 2207//2207
f 2165//2165 2207//2207 2166//2166
f 2166//2166 2207//2207 2208//2208
f 2166//2166 2208//2208 2167//2167
f 2167//2167 2208//2208 2209//2209
f 2167//2167 2209//2209 2168//2168
f 2168//2168 2209//2209 2210//2210
f 2168//2168 2210//2210 2169//2169
f 2169//2169 2210//2210 2211//2211
f 2169//2169 2211//2211 2170//2170
f 2170//2170 2211//2211 2212//2212
f 2170//2170 2212//2212 2171//2171
f 2171//2171 2212//2212 2213//2213
f 2171//2171 2213//2213 2172//2172
f 2172//2172 2213//2213 2214//2214
f 2172//2172 2214//2214 2173//2173
f 2173//2173 2214//2214 2215//2215
f 2173//2173 2215//2215 2174//2174
f 2174//2174 2215//2215 2216//2216
f 2174//2174 2216//2216 2175//2175
f 2175//2175 2216//2216 2217//2217
f 2175//2175 2217//2217 2176//2176
f 2176//2176 2217//2217 2218//2218
f 2176//2176 2218//2218 2177//2177
f 2177//2177 2218//2218 2219//2219
f 2177//2177 2219//2219 2178//2178
f 2178//2178 2219//2219 2220//2220
f 2178//2178 2220//2220 2179//2179
f 2179//2179 2220//2220 2221//2221
f 2179//2179 2221//2221 2180//2180
f 2180//2180 2221//2221 2222//2222
f 2180//2180 2222//2222 2181//2181
f 2181//2181 2222//2222 2223//2223
f 2181//2181 2223//2223 2182//2182
f 2182//2182 2223//2223 2224//2224
f 2182//2182 2224//2224 2183//2183
f 2183//2183 2224//2224 2225//2225
f 2183//2183 2225//2225 2184//2184
f 2184//2184 2225//2225 2226//2226
f 2184//2184 2226//2226 2185//2185
f 2185//2185 2226//2226 2227//2227
f 2185//2185 2227//2227 2186//2186
f 2186//2186 2227//2227 2228//2228
f 2186//2186 2228//2228 2187//2187
f 2187//2187 2228//2228 2229//2229
f 2187//2187 2229//2229 2188//2188
f 2188//2188 2229//2229 2230//2230
f 2188//2188 2230//2230 2189//2189
f 2189//2189 2230//2230 2231//2231
f 2189//2189 2231//2231 2190//2190
f 2190//2190 2231//2231 2232//2232
f 2190//2190 2232//2232 2191//2191
f 2191//2191 2232//2232 2233//2233
f 2191//2191 2233//2233 2197//2197
f 2197//2197 2233//2233 2234//2234
f 2235//2235 2236//2236 2090//2090
f 2090//2090 2236//2236 2089//2089
f 2089//2089 2236//2236 2087//2087
f 2087//2087 2236//2236 2237//2237
f 2087//2087 2237//2237 2088//2088
f 2088//2088 2237//2237 2238//2238
f 2088//2088 2238//2238 2091//2091
f 2091//2091 2238//2238 2239//2239
f 2091//2091 2239//2239 2093//2093
f 2093//2093 2239//2239 2240//2240
f 2093//2093 2240//2240 2094//2094
f 2094//2094 2240//2240 2241//2241
f 2094//2094 2241//2241 2095//2095
f 2095//2095 2241//2241 2242//2242
f 2095//2095 2242//2242 2096//2096
f 2096//2096 2242//2242 2243//2243
f 2243//2243 2244//2244 2096//2096
f 2096//2096 2244//2244 2092//2092
f 2245//2245 2210//2210 2246//2246
f 2246//2246 2210//2210 2209//2209
f 2246//2246 2209//2209 2092//2092
f 2092//2092 2209//2209 2208//2208
f 2092//2092 2208//2208 2207//2207
f 2247//2247 2212//2212 2245//2245
f 2245//2245 2212//2212 2211//2211
f 2245//2245 2211//2211 2210//2210
f 2248//2248 2214//2214 2247//2247
f 2247//2247 2214//2214 2213//2213
f 2247//2247 2213//2213 2212//2212
f 2249//2249 2216//2216 2248//2248
f 2248//2248 2216//2216 2215//2215
f 2248//2248 2215//2215 2214//2214
f 2250//2250 2218//2218 2249//2249
f 2249//2249 2218//2218 2217//2217
f 2249//2249 2217//2217 2216//2216
f 2251//2251 2220//2220 2250//2250
f 2250//2250 2220//2220 2219//2219
f 2250//2250 2219//2219 2218//2218
f 2252//2252 2222//2222 2251//2251
f 2251//2251 2222//2222 2221//2221
f 2251//2251 2221//2221 2220//2220
f 2253//2253 2224//2224 2252//2252
f 2252//2252 2224//2224 2223//2223
f 2252//2252 2223//2223 2222//2222
f 2254//2254 2226//2226 2253//2253
f 2253//2253 2226//2226 2225//2225
f 2253//2253 2225//2225 2224//2224
f 2149//2149 2100//2100 2254//2254
f 2254//2254 2100//2100 2227//2227
f 2254//2254 2227//2227 2226//2226
f 2103//2103 2230//2230 2100//2100
f 2100//2100 2230//2230 2229//2229
f 2100//2100 2229//2229 2228//2228
f 2158//2158 2232//2232 2103//2103
f 2103//2103 2232//2232 2231//2231
f 2103//2103 2231//2231 2230//2230
f 2234//2234 2233//2233 2158//2158
f 2158//2158 2233//2233 2232//2232
f 2228//2228 2227//2227 2100//2100
f 2207//2207 2206//2206 2092//2092
f 2092//2092 2206//2206 2090//2090
f 2090//2090 2206//2206 2205//2205
f 2090//2090 2205//2205 2204//2204
f 2090//2090 2204//2204 2235//2235
f 2235//2235 2204//2204 2203//2203
f 2235//2235 2203//2203 2202//2202
f 2092//2092 2244//2244 2246//2246
f 2200//2200 2255//2255 2201//2201
f 2201//2201 2255//2255 2256//2256
f 2201//2201 2256//2256 2257//2257
f 2201//2201 2257//2257 2199//2199
f 2199//2199 2257//2257 2258//2258
f 2199//2199 2258//2258 1584//1584
f 1584//1584 2258//2258 2259//2259
f 1584//1584 2259//2259 1587//1587
f 1587//1587 2259//2259 2260//2260
f 1587//1587 2260//2260 2261//2261
f 2261//2261 2262//2262 1587//1587
f 1587//1587 2262//2262 1589//1589
f 1589//1589 2262//2262 2263//2263
f 1589//1589 2263//2263 2264//2264
f 2264//2264 2265//2265 1589//1589
f 1589//1589 2265//2265 2266//2266
f 1589//1589 2266//2266 2193//2193
f 2193//2193 2266//2266 2267//2267
f 2193//2193 2267//2267 2195//2195
f 2195//2195 2267//2267 2268//2268
f 2195//2195 2268//2268 2269//2269
f 2269//2269 2196//2196 2195//2195
f 2192//2192 1503//1503 2193//2193
f 2193//2193 1503//1503 1589//1589
f 1584//1584 2161//2161 2199//2199
f 2148//2148 2270//2270 2147//2147
f 2147//2147 2270//2270 2271//2271
f 2147//2147 2271//2271 2255//2255
f 2255//2255 2271//2271 2256//2256
f 2256//2256 2271//2271 2272//2272
f 2256//2256 2272//2272 2257//2257
f 2257//2257 2272//2272 2273//2273
f 2257//2257 2273//2273 2258//2258
f 2258//2258 2273//2273 2259//2259
f 2259//2259 2273//2273 2274//2274
f 2259//2259 2274//2274 2260//2260
f 2260//2260 2274//2274 2275//2275
f 2260//2260 2275//2275 2261//2261
f 2261//2261 2275//2275 2262//2262
f 2262//2262 2275//2275 2276//2276
f 2262//2262 2276//2276 2263//2263
f 2263//2263 2276//2276 2264//2264
f 2264//2264 2276//2276 2277//2277
f 2264//2264 2277//2277 2265//2265
f 2265//2265 2277//2277 2278//2278
f 2265//2265 2278//2278 2266//2266
f 2266//2266 2278//2278 2267//2267
f 2267//2267 2278//2278 2279//2279
f 2267//2267 2279//2279 2268//2268
f 2268//2268 2279//2279 2280//2280
f 2268//2268 2280//2280 2269//2269
f 2269//2269 2280//2280 2136//2136
f 2269//2269 2136//2136 2194//2194
f 2270//2270 2148//2148 2281//2281
f 2281//2281 2148//2148 2138//2138
f 2281//2281 2138//2138 2137//2137
f 2281//2281 2137//2137 2282//2282
f 2282//2282 2137//2137 2136//2136
f 2282//2282 2136//2136 2280//2280
f 2194//2194 2196//2196 2269//2269
f 2200//2200 2198//2198 2255//2255
f 2255//2255 2198//2198 2147//2147
f 2283//2283 2277//2277 2284//2284
f 2284//2284 2277//2277 2276//2276
f 2284//2284 2276//2276 2285//2285
f 2285//2285 2276//2276 2286//2286
f 2286//2286 2276//2276 2275//2275
f 2286//2286 2275//2275 2287//2287
f 2287//2287 2275//2275 2288//2288
f 2288//2288 2275//2275 2274//2274
f 2288//2288 2274//2274 2289//2289
f 2289//2289 2274//2274 2290//2290
f 2290//2290 2274//2274 2273//2273
f 2290//2290 2273//2273 2291//2291
f 2291//2291 2273//2273 2272//2272
f 2291//2291 2272//2272 2292//2292
f 2292//2292 2272//2272 2271//2271
f 2292//2292 2271//2271 2293//2293
f 2293//2293 2271//2271 2294//2294
f 2294//2294 2271//2271 2270//2270
f 2294//2294 2270//2270 2295//2295
f 2295//2295 2270//2270 2281//2281
f 2295//2295 2281//2281 2296//2296
f 2296//2296 2281//2281 2297//2297
f 2297//2297 2281//2281 2282//2282
f 2297//2297 2282//2282 2298//2298
f 2298//2298 2282//2282 2280//2280
f 2298//2298 2280//2280 2299//2299
f 2299//2299 2280//2280 2300//2300
f 2300//2300 2280//2280 2279//2279
f 2300//2300 2279//2279 2301//2301
f 2301//2301 2279//2279 2278//2278
f 2301//2301 2278//2278 2302//2302
f 2302//2302 2278//2278 2277//2277
f 2302//2302 2277//2277 2283//2283
f 2284//2284 2303//2303 2283//2283
f 2283//2283 2303//2303 2302//2302
f 2302//2302 2303//2303 2301//2301
f 2301//2301 2303//2303 2300//2300
f 2300//2300 2303//2303 1745//1745
f 2300//2300 1745//1745 2299//2299
f 2299//2299 1745//1745 2298//2298
f 2298//2298 1745//1745 2297//2297
f 2297//2297 1745//1745 2296//2296
f 2296//2296 1745//1745 1852//1852
f 2296//2296 1852//1852 2295//2295
f 2295//2295 1852//1852 2294//2294
f 2294//2294 1852//1852 2293//2293
f 2293//2293 1852//1852 2292//2292
f 2292//2292 1852//1852 2304//2304
f 2292//2292 2304//2304 2291//2291
f 2291//2291 2304//2304 2290//2290
f 2290//2290 2304//2304 2289//2289
f 2289//2289 2304//2304 2288//2288
f 1745//1745 2303//2303 2305//2305
f 2305//2305 2303//2303 2306//2306
f 2305//2305 2306//2306 2307//2307
f 1852//1852 2308//2308 2304//2304
f 2304//2304 2308//2308 2309//2309
f 2309//2309 2308//2308 2310//2310
f 1048//1048 2311//2311 926//926
f 926//926 2311//2311 2312//2312
f 926//926 2312//2312 1598//1598
f 1598//1598 2312//2312 2313//2313
f 1598//1598 2313//2313 2314//2314
f 2314//2314 2313//2313 2315//2315
f 2314//2314 2315//2315 2316//2316
f 2316//2316 2315//2315 2317//2317
f 2316//2316 2317//2317 2318//2318
f 2318//2318 2317//2317 1744//1744
f 2318//2318 1744//1744 1749//1749
f 2311//2311 1048//1048 2319//2319
f 2319//2319 1048//1048 1047//1047
f 2319//2319 1047//1047 1046//1046
f 2319//2319 1046//1046 2320//2320
f 2320//2320 1046//1046 1045//1045
f 2320//2320 1045//1045 1044//1044
f 2320//2320 1044//1044 2321//2321
f 2321//2321 1044//1044 1043//1043
f 2321//2321 1043//1043 1042//1042
f 1042//1042 1041//1041 2321//2321
f 2321//2321 1041//1041 2322//2322
f 2321//2321 2322//2322 2323//2323
f 2323//2323 2322//2322 2324//2324
f 2324//2324 2322//2322 2325//2325
f 2325//2325 2322//2322 1038//1038
f 2325//2325 1038//1038 1039//1039
f 1041//1041 1038//1038 2322//2322
f 2323//2323 2326//2326 2321//2321
f 2321//2321 2326//2326 2327//2327
f 2321//2321 2327//2327 2320//2320
f 2320//2320 2327//2327 2328//2328
f 2320//2320 2328//2328 2319//2319
f 2319//2319 2328//2328 2311//2311
f 2328//2328 2329//2329 2311//2311
f 2311//2311 2329//2329 2312//2312
f 2329//2329 2330//2330 2312//2312
f 2312//2312 2330//2330 2313//2313
f 2330//2330 2315//2315 2313//2313
f 2316//2316 2331//2331 2314//2314
f 2314//2314 2331//2331 1598//1598
f 2325//2325 2332//2332 2324//2324
f 2324//2324 2332//2332 2333//2333
f 2324//2324 2333//2333 2323//2323
f 2323//2323 2333//2333 2326//2326
f 2326//2326 2333//2333 2327//2327
f 2327//2327 2333//2333 2334//2334
f 2327//2327 2334//2334 2328//2328
f 2328//2328 2334//2334 2335//2335
f 2328//2328 2335//2335 2336//2336
f 2336//2336 2335//2335 2337//2337
f 2336//2336 2337//2337 2338//2338
f 1758//1758 2339//2339 2338//2338
f 2338//2338 2339//2339 2340//2340
f 2338//2338 2340//2340 2336//2336
f 2336//2336 2340//2340 2329//2329
f 2336//2336 2329//2329 2328//2328
f 2339//2339 1758//1758 2341//2341
f 2341//2341 1758//1758 1756//1756
f 2341//2341 1756//1756 2342//2342
f 2342//2342 1756//1756 2343//2343
f 2342//2342 2343//2343 2330//2330
f 2330//2330 2343//2343 1754//1754
f 2330//2330 1754//1754 2315//2315
f 2315//2315 1754//1754 1751//1751
f 2315//2315 1751//1751 2317//2317
f 2317//2317 1751//1751 1744//1744
f 1756//1756 1754//1754 2343//2343
f 2342//2342 2330//2330 2340//2340
f 2340//2340 2330//2330 2329//2329
f 2342//2342 2340//2340 2339//2339
f 2341//2341 2342//2342 2339//2339
f 1985//1985 2239//2239 1934//1934
f 1934//1934 2239//2239 2238//2238
f 1934//1934 2238//2238 2237//2237
f 2246//2246 2243//2243 1985//1985
f 1985//1985 2243//2243 2242//2242
f 1985//1985 2242//2242 2241//2241
f 2246//2246 2244//2244 2243//2243
f 2241//2241 2240//2240 1985//1985
f 1985//1985 2240//2240 2239//2239
f 2237//2237 2236//2236 1934//1934
f 1934//1934 2236//2236 1583//1583
f 1583//1583 2236//2236 2159//2159
f 1583//1583 2159//2159 2161//2161
f 2236//2236 2235//2235 2159//2159
f 2159//2159 2235//2235 2202//2202
f 2161//2161 1584//1584 1583//1583
f 1837//1837 1835//1835 605//605
f 605//605 1835//1835 606//606
f 606//606 1835//1835 1834//1834
f 606//606 1834//1834 611//611
f 611//611 1834//1834 1832//1832
f 611//611 1832//1832 612//612
f 612//612 1832//1832 1830//1830
f 612//612 1830//1830 614//614
f 614//614 1830//1830 1828//1828
f 614//614 1828//1828 616//616
f 616//616 1828//1828 1827//1827
f 616//616 1827//1827 617//617
f 617//617 1827//1827 1825//1825
f 617//617 1825//1825 618//618
f 618//618 1825//1825 1823//1823
f 618//618 1823//1823 551//551
f 551//551 1823//1823 1371//1371
f 551//551 1371//1371 858//858
f 1823//1823 1821//1821 1371//1371
f 1371//1371 1821//1821 1576//1576
f 1576//1576 1821//1821 1820//1820
f 1576//1576 1820//1820 1575//1575
f 1575//1575 1820//1820 1819//1819
f 1575//1575 1819//1819 1574//1574
f 1574//1574 1819//1819 1818//1818
f 1574//1574 1818//1818 1573//1573
f 1573//1573 1818//1818 1817//1817
f 1573//1573 1817//1817 1571//1571
f 1571//1571 1817//1817 1816//1816
f 1571//1571 1816//1816 1570//1570
f 1570//1570 1816//1816 1815//1815
f 1570//1570 1815//1815 1568//1568
f 1568//1568 1815//1815 1814//1814
f 1568//1568 1814//1814 1567//1567
f 1567//1567 1814//1814 1813//1813
f 1567//1567 1813//1813 1565//1565
f 551//551 858//858 550//550
f 550//550 858//858 855//855
f 550//550 855//855 549//549
f 549//549 855//855 854//854
f 549//549 854//854 548//548
f 548//548 854//854 853//853
f 548//548 853//853 547//547
f 547//547 853//853 852//852
f 547//547 852//852 546//546
f 546//546 852//852 851//851
f 546//546 851//851 545//545
f 545//545 851//851 850//850
f 545//545 850//850 544//544
f 544//544 850//850 848//848
f 544//544 848//848 543//543
f 543//543 848//848 847//847
f 543//543 847//847 542//542
f 542//542 847//847 845//845
f 2344//2344 1612//1612 2309//2309
f 2309//2309 1612//1612 2345//2345
f 2309//2309 2345//2345 2346//2346
f 2344//2344 2347//2347 1612//1612
f 1612//1612 2347//2347 1611//1611
f 2348//2348 2349//2349 1612//1612
f 1612//1612 2349//2349 2046//2046
f 1612//1612 2046//2046 2345//2345
f 2046//2046 2349//2349 2350//2350
f 2350//2350 2349//2349 2351//2351
f 2350//2350 2351//2351 2352//2352
f 2352//2352 2351//2351 2353//2353
f 2352//2352 2353//2353 2354//2354
f 2354//2354 2353//2353 2355//2355
f 2350//2350 2044//2044 2046//2046
f 2346//2346 2304//2304 2309//2309
f 2303//2303 2356//2356 2306//2306
f 2306//2306 2356//2356 2357//2357
f 2306//2306 2357//2357 1605//1605
f 1605//1605 2357//2357 2047//2047
f 1605//1605 2047//2047 2358//2358
f 2358//2358 2047//2047 2359//2359
f 2358//2358 2359//2359 2360//2360
f 2360//2360 2359//2359 2361//2361
f 2360//2360 2361//2361 2362//2362
f 2362//2362 2361//2361 2363//2363
f 2362//2362 2363//2363 2364//2364
f 2047//2047 2045//2045 2359//2359
f 2358//2358 2365//2365 1605//1605
f 1601//1601 2366//2366 1605//1605
f 1605//1605 2366//2366 2367//2367
f 1605//1605 2367//2367 2306//2306
f 2046//2046 2047//2047 2345//2345
f 2345//2345 2047//2047 2357//2357
f 2345//2345 2357//2357 2346//2346
f 2346//2346 2357//2357 2356//2356
f 2346//2346 2356//2356 2286//2286
f 2286//2286 2356//2356 2303//2303
f 2286//2286 2303//2303 2285//2285
f 2285//2285 2303//2303 2284//2284
f 2346//2346 2286//2286 2304//2304
f 2304//2304 2286//2286 2287//2287
f 2304//2304 2287//2287 2288//2288
f 2307//2307 2306//2306 2368//2368
f 2368//2368 2306//2306 2367//2367
f 2368//2368 2367//2367 2369//2369
f 2369//2369 2367//2367 2366//2366
f 2369//2369 2366//2366 1595//1595
f 1595//1595 2366//2366 1601//1601
f 2310//2310 2370//2370 2309//2309
f 2309//2309 2370//2370 2344//2344
f 2344//2344 2370//2370 2371//2371
f 2344//2344 2371//2371 2347//2347
f 2347//2347 2371//2371 1591//1591
f 2347//2347 1591//1591 1611//1611
f 1613//1613 2372//2372 181//181
f 181//181 2372//2372 2373//2373
f 181//181 2373//2373 182//182
f 182//182 2373//2373 2374//2374
f 182//182 2374//2374 185//185
f 185//185 2374//2374 186//186
f 186//186 2374//2374 2375//2375
f 186//186 2375//2375 188//188
f 188//188 2375//2375 189//189
f 189//189 2375//2375 2376//2376
f 189//189 2376//2376 191//191
f 191//191 2376//2376 192//192
f 192//192 2376//2376 193//193
f 193//193 2376//2376 2377//2377
f 193//193 2377//2377 195//195
f 195//195 2377//2377 197//197
f 197//197 2377//2377 2378//2378
f 197//197 2378//2378 2379//2379
f 2372//2372 1613//1613 2380//2380
f 2380//2380 1613//1613 2381//2381
f 2380//2380 2381//2381 2382//2382
f 2382//2382 2381//2381 2383//2383
f 2382//2382 2383//2383 2384//2384
f 2384//2384 2383//2383 2385//2385
f 2384//2384 2385//2385 1850//1850
f 1850//1850 2385//2385 1860//1860
f 2384//2384 2386//2386 2382//2382
f 2382//2382 2386//2386 2387//2387
f 2382//2382 2387//2387 2380//2380
f 2380//2380 2387//2387 2372//2372
f 2387//2387 2388//2388 2372//2372
f 2372//2372 2388//2388 2373//2373
f 2388//2388 2389//2389 2373//2373
f 2373//2373 2389//2389 2374//2374
f 2374//2374 2389//2389 2375//2375
f 2375//2375 2389//2389 2390//2390
f 2375//2375 2390//2390 2376//2376
f 2376//2376 2390//2390 2391//2391
f 2376//2376 2391//2391 2392//2392
f 2376//2376 2392//2392 2377//2377
f 2377//2377 2392//2392 2378//2378
f 2379//2379 2378//2378 2393//2393
f 2393//2393 2378//2378 2392//2392
f 2393//2393 2392//2392 2394//2394
f 2394//2394 2392//2392 2391//2391
f 2394//2394 2391//2391 2390//2390
f 2394//2394 2390//2390 2395//2395
f 2395//2395 2390//2390 2389//2389
f 2395//2395 2389//2389 2396//2396
f 2396//2396 2389//2389 2397//2397
f 2396//2396 2397//2397 2398//2398
f 2398//2398 2397//2397 2399//2399
f 2399//2399 2397//2397 2400//2400
f 2399//2399 2400//2400 2401//2401
f 2401//2401 2400//2400 2402//2402
f 2401//2401 2402//2402 1840//1840
f 1840//1840 2402//2402 1843//1843
f 1843//1843 2402//2402 2403//2403
f 1843//1843 2403//2403 2404//2404
f 2404//2404 2403//2403 2387//2387
f 2404//2404 2387//2387 2386//2386
f 2389//2389 2388//2388 2397//2397
f 2397//2397 2388//2388 2400//2400
f 2388//2388 2387//2387 2400//2400
f 2400//2400 2387//2387 2403//2403
f 2400//2400 2403//2403 2402//2402
f 2384//2384 1847//1847 2386//2386
f 2386//2386 1847//1847 1845//1845
f 2386//2386 1845//1845 2404//2404
f 2404//2404 1845//1845 1843//1843
f 2384//2384 1850//1850 1847//1847
f 1840//1840 2399//2399 2401//2401
f 1861//1861 1860//1860 1593//1593
f 1593//1593 1860//1860 2385//2385
f 1593//1593 2385//2385 2383//2383
f 2383//2383 2381//2381 1593//1593
f 1593//1593 2381//2381 1613//1613
f 1592//1592 1852//1852 1593//1593
f 1593//1593 1852//1852 1862//1862
f 1593//1593 1862//1862 1861//1861
f 1591//1591 2371//2371 1592//1592
f 1592//1592 2371//2371 2370//2370
f 1592//1592 2370//2370 2310//2310
f 2310//2310 2308//2308 1592//1592
f 1592//1592 2308//2308 1852//1852
f 1355//1355 199//199 1356//1356
f 1356//1356 199//199 200//200
f 1356//1356 200//200 1357//1357
f 1357//1357 200//200 1358//1358
f 1358//1358 200//200 1359//1359
f 1359//1359 200//200 1837//1837
f 1359//1359 1837//1837 1360//1360
f 1360//1360 1837//1837 605//605
f 1360//1360 605//605 1361//1361
f 1361//1361 605//605 1414//1414
f 1361//1361 1414//1414 1413//1413
f 1355//1355 1370//1370 199//199
f 199//199 1370//1370 1400//1400
f 199//199 1400//1400 1401//1401
f 1400//1400 1370//1370 1399//1399
f 1399//1399 1370//1370 1369//1369
f 1399//1399 1369//1369 1398//1398
f 1398//1398 1369//1369 1397//1397
f 1397//1397 1369//1369 1396//1396
f 1396//1396 1369//1369 1395//1395
f 1395//1395 1369//1369 1368//1368
f 1395//1395 1368//1368 1394//1394
f 1394//1394 1368//1368 1393//1393
f 1393//1393 1368//1368 1392//1392
f 1392//1392 1368//1368 1391//1391
f 1391//1391 1368//1368 1390//1390
f 1390//1390 1368//1368 1367//1367
f 1390//1390 1367//1367 1389//1389
f 1389//1389 1367//1367 1388//1388
f 1388//1388 1367//1367 1387//1387
f 1387//1387 1367//1367 1386//1386
f 1386//1386 1367//1367 1366//1366
f 1386//1386 1366//1366 1385//1385
f 1385//1385 1366//1366 1384//1384
f 1384//1384 1366//1366 1365//1365
f 1384//1384 1365//1365 1383//1383
f 1383//1383 1365//1365 1364//1364
f 1383//1383 1364//1364 1382//1382
f 1382//1382 1364//1364 1405//1405
f 1405//1405 1364//1364 1363//1363
f 1405//1405 1363//1363 1409//1409
f 1409//1409 1363//1363 1362//1362
f 1409//1409 1362//1362 1411//1411
f 1411//1411 1362//1362 1413//1413
f 1413//1413 1362//1362 1361//1361
f 2393//2393 2394//2394 200//200
f 200//200 2394//2394 2395//2395
f 200//200 2395//2395 2396//2396
f 2396//2396 2398//2398 200//200
f 200//200 2398//2398 2399//2399
f 200//200 2399//2399 1837//1837
f 1837//1837 2399//2399 1840//1840
f 605//605 604//604 1414//1414
f 1401//1401 1402//1402 199//199
f 199//199 1402//1402 1403//1403
f 2305//2305 2307//2307 1600//1600
f 1600//1600 2307//2307 2368//2368
f 1600//1600 2368//2368 2369//2369
f 2369//2369 1595//1595 1600//1600
f 1600//1600 1599//1599 2305//2305
f 2305//2305 1599//1599 1745//1745
f 1745//1745 1599//1599 1743//1743
f 1743//1743 1599//1599 1748//1748
f 1748//1748 1599//1599 1749//1749
f 1749//1749 1599//1599 2318//2318
f 2318//2318 1599//1599 2316//2316
f 2316//2316 1599//1599 2331//2331
f 2331//2331 1599//1599 1598//1598
f 1936//1936 2154//2154 1994//1994
f 1994//1994 2154//2154 2153//2153
f 1994//1994 2153//2153 2152//2152
f 1501//1501 2157//2157 1936//1936
f 1936//1936 2157//2157 2156//2156
f 1936//1936 2156//2156 2155//2155
f 1503//1503 2192//2192 1501//1501
f 1501//1501 2192//2192 2197//2197
f 1501//1501 2197//2197 2157//2157
f 2157//2157 2197//2197 2158//2158
f 2158//2158 2197//2197 2234//2234
f 2155//2155 2154//2154 1936//1936
f 2152//2152 2151//2151 1994//1994
f 1994//1994 2151//2151 2150//2150
f 1994//1994 2150//2150 2254//2254
f 2254//2254 2150//2150 2149//2149
f 631//631 629//629 1761//1761
f 1761//1761 629//629 1764//1764
f 1764//1764 629//629 628//628
f 1764//1764 628//628 1766//1766
f 1766//1766 628//628 626//626
f 1766//1766 626//626 1767//1767
f 1767//1767 626//626 624//624
f 1767//1767 624//624 1769//1769
f 1769//1769 624//624 623//623
f 1769//1769 623//623 1771//1771
f 1771//1771 623//623 621//621
f 1771//1771 621//621 1773//1773
f 1773//1773 621//621 620//620
f 1773//1773 620//620 1774//1774
f 1774//1774 620//620 566//566
f 1774//1774 566//566 1776//1776
f 1776//1776 566//566 1156//1156
f 1776//1776 1156//1156 1778//1778
f 1778//1778 1156//1156 1594//1594
f 1778//1778 1594//1594 1780//1780
f 1780//1780 1594//1594 1516//1516
f 1780//1780 1516//1516 1781//1781
f 1781//1781 1516//1516 1515//1515
f 1781//1781 1515//1515 1782//1782
f 1782//1782 1515//1515 1514//1514
f 1782//1782 1514//1514 1783//1783
f 1783//1783 1514//1514 1513//1513
f 1783//1783 1513//1513 1784//1784
f 1784//1784 1513//1513 1519//1519
f 1784//1784 1519//1519 1785//1785
f 1785//1785 1519//1519 1518//1518
f 1785//1785 1518//1518 1786//1786
f 1786//1786 1518//1518 1522//1522
f 1786//1786 1522//1522 1787//1787
f 1787//1787 1522//1522 1521//1521
f 1156//1156 566//566 794//794
f 794//794 566//566 567//567
f 794//794 567//567 785//785
f 785//785 567//567 568//568
f 785//785 568//568 784//784
f 784//784 568//568 569//569
f 784//784 569//569 783//783
f 783//783 569//569 570//570
f 783//783 570//570 782//782
f 782//782 570//570 571//571
f 782//782 571//571 795//795
f 795//795 571//571 572//572
f 795//795 572//572 797//797
f 797//797 572//572 573//573
f 797//797 573//573 798//798
f 798//798 573//573 574//574
f 798//798 574//574 800//800
f 800//800 574//574 575//575
f 800//800 575//575 801//801
f 2246//2246 1985//1985 2245//2245
f 2245//2245 1985//1985 1986//1986
f 2245//2245 1986//1986 2247//2247
f 2247//2247 1986//1986 1987//1987
f 2247//2247 1987//1987 2248//2248
f 2248//2248 1987//1987 1988//1988
f 2248//2248 1988//1988 2249//2249
f 2249//2249 1988//1988 1989//1989
f 2249//2249 1989//1989 2250//2250
f 2250//2250 1989//1989 1990//1990
f 2250//2250 1990//1990 2251//2251
f 2251//2251 1990//1990 1991//1991
f 2251//2251 1991//1991 2252//2252
f 2252//2252 1991//1991 1992//1992
f 2252//2252 1992//1992 2253//2253
f 2253//2253 1992//1992 1993//1993
f 2253//2253 1993//1993 2254//2254
f 2254//2254 1993//1993 1994//1994
f 1050//1050 1049//1049 1051//1051
f 1051//1051 1049//1049 1040//1040
f 1051//1051 1040//1040 1052//1052
f 1052//1052 1040//1040 1053//1053
f 1053//1053 1040//1040 1332//1332
f 1053//1053 1332//1332 1331//1331
f 1050//1050 1065//1065 1049//1049
f 1049//1049 1065//1065 1064//1064
f 1049//1049 1064//1064 1761//1761
f 1761//1761 1064//1064 1063//1063
f 1761//1761 1063//1063 631//631
f 631//631 1063//1063 1062//1062
f 631//631 1062//1062 1341//1341
f 1341//1341 1062//1062 1340//1340
f 1340//1340 1062//1062 1061//1061
f 1340//1340 1061//1061 1338//1338
f 1338//1338 1061//1061 1337//1337
f 1337//1337 1061//1061 1060//1060
f 1337//1337 1060//1060 1336//1336
f 1336//1336 1060//1060 1059//1059
f 1336//1336 1059//1059 1314//1314
f 1314//1314 1059//1059 1315//1315
f 1315//1315 1059//1059 1058//1058
f 1315//1315 1058//1058 1316//1316
f 1316//1316 1058//1058 1057//1057
f 1316//1316 1057//1057 1317//1317
f 1317//1317 1057//1057 1318//1318
f 1318//1318 1057//1057 1056//1056
f 1318//1318 1056//1056 1319//1319
f 1319//1319 1056//1056 1320//1320
f 1320//1320 1056//1056 1321//1321
f 1321//1321 1056//1056 1322//1322
f 1322//1322 1056//1056 1055//1055
f 1322//1322 1055//1055 1323//1323
f 1323//1323 1055//1055 1324//1324
f 1324//1324 1055//1055 1325//1325
f 1325//1325 1055//1055 1326//1326
f 1326//1326 1055//1055 1327//1327
f 1327//1327 1055//1055 1054//1054
f 1327//1327 1054//1054 1328//1328
f 1328//1328 1054//1054 1329//1329
f 1329//1329 1054//1054 1330//1330
f 1330//1330 1054//1054 1331//1331
f 1331//1331 1054//1054 1053//1053
f 2332//2332 1049//1049 2333//2333
f 2333//2333 1049//1049 2334//2334
f 2334//2334 1049//1049 2335//2335
f 2335//2335 1049//1049 2337//2337
f 2337//2337 1049//1049 2338//2338
f 2338//2338 1049//1049 1761//1761
f 2338//2338 1761//1761 1758//1758
f 1335//1335 1334//1334 1040//1040
f 1040//1040 1334//1334 1333//1333
f 1040//1040 1333//1333 1332//1332
f 1341//1341 635//635 631//631
f 2393//2393 200//200 2379//2379
f 2379//2379 200//200 197//197
f 2332//2332 2325//2325 1049//1049
f 1049//1049 2325//2325 1039//1039
f 2043//2043 1602//1602 2365//2365
f 2365//2365 1602//1602 1605//1605
f 2359//2359 2045//2045 2350//2350
f 2350//2350 2045//2045 2044//2044
f 2348//2348 1612//1612 2405//2405
f 2405//2405 1612//1612 1610//1610
f 2026//2026 2406//2406 1607//1607
f 1607//1607 2406//2406 1608//1608
f 1608//1608 2406//2406 2407//2407
f 1608//1608 2407//2407 1609//1609
f 1609//1609 2407//2407 2405//2405
f 1609//1609 2405//2405 1610//1610
f 2408//2408 2409//2409 1506//1506
f 1506//1506 2409//2409 2410//2410
f 1506//1506 2410//2410 1504//1504
f 1504//1504 2410//2410 2411//2411
f 1504//1504 2411//2411 1505//1505
f 1505//1505 2411//2411 2412//2412
f 1505//1505 2412//2412 1590//1590
f 1590//1590 2412//2412 2413//2413
f 1590//1590 2413//2413 1588//1588
f 1588//1588 2413//2413 2414//2414
f 1588//1588 2414//2414 1586//1586
f 1586//1586 2414//2414 2415//2415
f 1586//1586 2415//2415 1585//1585
f 1585//1585 2415//2415 2416//2416
f 1585//1585 2416//2416 1580//1580
f 1580//1580 2416//2416 2039//2039
f 1580//1580 2039//2039 2040//2040
f 2029//2029 2408//2408 2004//2004
f 2004//2004 2408//2408 1506//1506
f 2004//2004 1506//1506 2002//2002
f 2002//2002 1506//1506 2000//2000
f 2000//2000 1506//1506 1997//1997
f 1997//1997 1506//1506 1509//1509
f 2355//2355 2364//2364 2354//2354
f 2354//2354 2364//2364 2363//2363
f 2354//2354 2363//2363 2352//2352
f 2352//2352 2363//2363 2361//2361
f 2352//2352 2361//2361 2350//2350
f 2350//2350 2361//2361 2359//2359
f 2018//2018 2351//2351 2017//2017
f 2017//2017 2351//2351 2349//2349
f 2017//2017 2349//2349 2015//2015
f 2015//2015 2349//2349 2013//2013
f 2013//2013 2349//2349 2348//2348
f 2013//2013 2348//2348 2007//2007
f 2007//2007 2348//2348 2008//2008
f 2008//2008 2348//2348 2405//2405
f 2008//2008 2405//2405 2407//2407
f 2351//2351 2018//2018 2353//2353
f 2353//2353 2018//2018 2019//2019
f 2353//2353 2019//2019 2355//2355
f 2355//2355 2019//2019 2021//2021
f 2355//2355 2021//2021 2417//2417
f 2417//2417 2021//2021 2418//2418
f 2418//2418 2021//2021 2419//2419
f 2419//2419 2021//2021 2420//2420
f 2420//2420 2021//2021 2025//2025
f 2420//2420 2025//2025 2035//2035
f 2421//2421 2030//2030 2417//2417
f 2417//2417 2030//2030 2364//2364
f 2417//2417 2364//2364 2355//2355
f 2421//2421 2422//2422 2030//2030
f 2030//2030 2422//2422 2423//2423
f 2030//2030 2423//2423 2033//2033
f 2033//2033 2423//2423 2424//2424
f 2030//2030 2028//2028 2364//2364
f 2364//2364 2028//2028 2362//2362
f 2362//2362 2028//2028 2027//2027
f 2362//2362 2027//2027 2360//2360
f 2360//2360 2027//2027 2005//2005
f 2360//2360 2005//2005 2358//2358
f 2358//2358 2005//2005 2003//2003
f 2358//2358 2003//2003 2001//2001
f 2358//2358 2001//2001 2365//2365
f 2365//2365 2001//2001 1999//1999
f 2365//2365 1999//1999 1998//1998
f 2006//2006 2041//2041 1998//1998
f 1998//1998 2041//2041 2042//2042
f 1998//1998 2042//2042 2365//2365
f 2365//2365 2042//2042 2043//2043
f 2407//2407 2406//2406 2008//2008
f 2008//2008 2406//2406 2026//2026
f 1451//1451 2425//2425 1450//1450
f 1450//1450 2425//2425 2426//2426
f 1450//1450 2426//2426 1465//1465
f 1465//1465 2426//2426 2427//2427
f 1465//1465 2427//2427 1464//1464
f 1464//1464 2427//2427 2428//2428
f 1464//1464 2428//2428 1463//1463
f 1463//1463 2428//2428 2429//2429
f 1463//1463 2429//2429 1462//1462
f 1462//1462 2429//2429 2430//2430
f 1462//1462 2430//2430 1461//1461
f 1461//1461 2430//2430 2431//2431
f 1461//1461 2431//2431 1460//1460
f 1460//1460 2431//2431 2432//2432
f 1460//1460 2432//2432 1459//1459
f 1459//1459 2432//2432 2433//2433
f 1459//1459 2433//2433 1458//1458
f 1458//1458 2433//2433 2434//2434
f 1458//1458 2434//2434 1457//1457
f 1457//1457 2434//2434 2435//2435
f 1457//1457 2435//2435 1456//1456
f 1456//1456 2435//2435 2436//2436
f 1456//1456 2436//2436 1455//1455
f 1455//1455 2436//2436 2437//2437
f 1455//1455 2437//2437 1454//1454
f 1454//1454 2437//2437 2438//2438
f 1454//1454 2438//2438 1453//1453
f 1453//1453 2438//2438 2439//2439
f 1453//1453 2439//2439 1452//1452
f 1452//1452 2439//2439 2440//2440
f 1452//1452 2440//2440 1451//1451
f 1451//1451 2440//2440 2425//2425
f 2441//2441 2427//2427 2442//2442
f 2442//2442 2427//2427 2426//2426
f 2442//2442 2426//2426 2443//2443
f 2443//2443 2426//2426 2425//2425
f 2443//2443 2425//2425 2444//2444
f 2444//2444 2425//2425 2440//2440
f 2444//2444 2440//2440 2445//2445
f 2445//2445 2440//2440 2439//2439
f 2445//2445 2439//2439 2446//2446
f 2446//2446 2439//2439 2438//2438
f 2446//2446 2438//2438 2447//2447
f 2447//2447 2438//2438 2437//2437
f 2447//2447 2437//2437 2448//2448
f 2448//2448 2437//2437 2436//2436
f 2448//2448 2436//2436 2449//2449
f 2449//2449 2436//2436 2435//2435
f 2449//2449 2435//2435 2450//2450
f 2450//2450 2435//2435 2434//2434
f 2450//2450 2434//2434 2451//2451
f 2451//2451 2434//2434 2433//2433
f 2451//2451 2433//2433 2452//2452
f 2452//2452 2433//2433 2432//2432
f 2452//2452 2432//2432 2453//2453
f 2453//2453 2432//2432 2431//2431
f 2453//2453 2431//2431 2454//2454
f 2454//2454 2431//2431 2430//2430
f 2454//2454 2430//2430 2455//2455
f 2455//2455 2430//2430 2429//2429
f 2455//2455 2429//2429 2456//2456
f 2456//2456 2429//2429 2428//2428
f 2456//2456 2428//2428 2441//2441
f 2441//2441 2428//2428 2427//2427
f 1470//1470 2457//2457 1468//1468
f 1468//1468 2457//2457 2458//2458
f 1468//1468 2458//2458 1500//1500
f 1500//1500 2458//2458 2459//2459
f 1500//1500 2459//2459 1498//1498
f 1498//1498 2459//2459 2460//2460
f 1498//1498 2460//2460 1496//1496
f 1496//1496 2460//2460 2461//2461
f 1496//1496 2461//2461 1494//1494
f 1494//1494 2461//2461 2462//2462
f 1494//1494 2462//2462 1491//1491
f 1491//1491 2462//2462 2463//2463
f 1491//1491 2463//2463 1489//1489
f 1489//1489 2463//2463 2464//2464
f 1489//1489 2464//2464 1487//1487
f 1487//1487 2464//2464 2465//2465
f 1487//1487 2465//2465 1485//1485
f 1485//1485 2465//2465 2466//2466
f 1485//1485 2466//2466 1483//1483
f 1483//1483 2466//2466 2467//2467
f 1483//1483 2467//2467 1481//1481
f 1481//1481 2467//2467 2468//2468
f 1481//1481 2468//2468 1478//1478
f 1478//1478 2468//2468 2469//2469
f 1478//1478 2469//2469 1476//1476
f 1476//1476 2469//2469 2470//2470
f 1476//1476 2470//2470 1474//1474
f 1474//1474 2470//2470 2471//2471
f 1474//1474 2471//2471 1472//1472
f 1472//1472 2471//2471 2472//2472
f 1472//1472 2472//2472 1470//1470
f 1470//1470 2472//2472 2457//2457
f 2473//2473 2459//2459 2474//2474
f 2474//2474 2459//2459 2458//2458
f 2474//2474 2458//2458 2475//2475
f 2475//2475 2458//2458 2457//2457
f 2475//2475 2457//2457 2476//2476
f 2476//2476 2457//2457 2472//2472
f 2476//2476 2472//2472 2477//2477
f 2477//2477 2472//2472 2471//2471
f 2477//2477 2471//2471 2478//2478
f 2478//2478 2471//2471 2470//2470
f 2478//2478 2470//2470 2479//2479
f 2479//2479 2470//2470 2469//2469
f 2479//2479 2469//2469 2480//2480
f 2480//2480 2469//2469 2468//2468
f 2480//2480 2468//2468 2481//2481
f 2481//2481 2468//2468 2467//2467
f 2481//2481 2467//2467 2482//2482
f 2482//2482 2467//2467 2466//2466
f 2482//2482 2466//2466 2483//2483
f 2483//2483 2466//2466 2465//2465
f 2483//2483 2465//2465 2484//2484
f 2484//2484 2465//2465 2464//2464
f 2484//2484 2464//2464 2485//2485
f 2485//2485 2464//2464 2463//2463
f 2485//2485 2463//2463 2486//2486
f 2486//2486 2463//2463 2462//2462
f 2486//2486 2462//2462 2487//2487
f 2487//2487 2462//2462 2461//2461
f 2487//2487 2461//2461 2488//2488
f 2488//2488 2461//2461 2460//2460
f 2488//2488 2460//2460 2473//2473
f 2473//2473 2460//2460 2459//2459
f 1826//1826 2489//2489 1824//1824
f 1824//1824 2489//2489 2490//2490
f 1824//1824 2490//2490 1822//1822
f 1822//1822 2490//2490 2491//2491
f 1822//1822 2491//2491 1859//1859
f 1859//1859 2491//2491 2492//2492
f 1859//1859 2492//2492 1858//1858
f 1858//1858 2492//2492 2493//2493
f 1858//1858 2493//2493 1857//1857
f 1857//1857 2493//2493 2494//2494
f 1857//1857 2494//2494 1856//1856
f 1856//1856 2494//2494 2495//2495
f 1856//1856 2495//2495 1855//1855
f 1855//1855 2495//2495 2496//2496
f 1855//1855 2496//2496 1854//1854
f 1854//1854 2496//2496 2497//2497
f 1854//1854 2497//2497 1853//1853
f 1853//1853 2497//2497 2498//2498
f 1853//1853 2498//2498 1851//1851
f 1851//1851 2498//2498 2499//2499
f 1851//1851 2499//2499 1849//1849
f 1849//1849 2499//2499 2500//2500
f 1849//1849 2500//2500 1848//1848
f 1848//1848 2500//2500 2501//2501
f 1848//1848 2501//2501 1846//1846
f 1846//1846 2501//2501 2502//2502
f 1846//1846 2502//2502 1844//1844
f 1844//1844 2502//2502 2503//2503
f 1844//1844 2503//2503 1842//1842
f 1842//1842 2503//2503 2504//2504
f 1842//1842 2504//2504 1841//1841
f 1841//1841 2504//2504 2505//2505
f 1841//1841 2505//2505 1839//1839
f 1839//1839 2505//2505 2506//2506
f 1839//1839 2506//2506 1838//1838
f 1838//1838 2506//2506 2507//2507
f 1838//1838 2507//2507 1836//1836
f 1836//1836 2507//2507 2508//2508
f 1836//1836 2508//2508 1833//1833
f 1833//1833 2508//2508 2509//2509
f 1833//1833 2509//2509 1831//1831
f 1831//1831 2509//2509 2510//2510
f 1831//1831 2510//2510 1829//1829
f 1829//1829 2510//2510 2511//2511
f 1829//1829 2511//2511 1826//1826
f 1826//1826 2511//2511 2489//2489
f 2491//2491 2490//2490 2442//2442
f 2442//2442 2490//2490 2489//2489
f 2442//2442 2489//2489 2441//2441
f 2441//2441 2489//2489 2511//2511
f 2441//2441 2511//2511 2456//2456
f 2456//2456 2511//2511 2510//2510
f 2456//2456 2510//2510 2509//2509
f 2456//2456 2509//2509 2455//2455
f 2455//2455 2509//2509 2508//2508
f 2455//2455 2508//2508 2454//2454
f 2454//2454 2508//2508 2507//2507
f 2454//2454 2507//2507 2453//2453
f 2453//2453 2507//2507 2506//2506
f 2453//2453 2506//2506 2505//2505
f 2453//2453 2505//2505 2452//2452
f 2452//2452 2505//2505 2504//2504
f 2452//2452 2504//2504 2451//2451
f 2451//2451 2504//2504 2503//2503
f 2451//2451 2503//2503 2502//2502
f 2451//2451 2502//2502 2450//2450
f 2450//2450 2502//2502 2501//2501
f 2450//2450 2501//2501 2449//2449
f 2449//2449 2501//2501 2500//2500
f 2449//2449 2500//2500 2499//2499
f 2449//2449 2499//2499 2448//2448
f 2448//2448 2499//2499 2498//2498
f 2448//2448 2498//2498 2447//2447
f 2447//2447 2498//2498 2497//2497
f 2447//2447 2497//2497 2496//2496
f 2447//2447 2496//2496 2446//2446
f 2446//2446 2496//2496 2495//2495
f 2446//2446 2495//2495 2445//2445
f 2445//2445 2495//2495 2494//2494
f 2445//2445 2494//2494 2444//2444
f 2444//2444 2494//2494 2493//2493
f 2444//2444 2493//2493 2492//2492
f 2444//2444 2492//2492 2443//2443
f 2443//2443 2492//2492 2491//2491
f 2443//2443 2491//2491 2442//2442
f 2408//2408 2029//2029 2409//2409
f 2409//2409 2029//2029 2031//2031
f 2409//2409 2031//2031 2512//2512
f 2512//2512 2031//2031 2032//2032
f 2512//2512 2032//2032 2513//2513
f 2513//2513 2032//2032 2034//2034
f 2513//2513 2034//2034 2514//2514
f 2514//2514 2034//2034 2424//2424
f 2424//2424 2034//2034 2033//2033
f 2410//2410 2409//2409 2515//2515
f 2515//2515 2409//2409 2512//2512
f 2515//2515 2512//2512 2516//2516
f 2516//2516 2512//2512 2517//2517
f 2516//2516 2517//2517 2518//2518
f 2518//2518 2517//2517 2519//2519
f 2518//2518 2519//2519 2520//2520
f 2520//2520 2519//2519 2521//2521
f 2520//2520 2521//2521 2522//2522
f 2522//2522 2521//2521 2523//2523
f 2522//2522 2523//2523 2524//2524
f 2524//2524 2523//2523 2525//2525
f 2524//2524 2525//2525 2526//2526
f 2526//2526 2525//2525 2422//2422
f 2526//2526 2422//2422 2421//2421
f 2512//2512 2513//2513 2517//2517
f 2517//2517 2513//2513 2527//2527
f 2517//2517 2527//2527 2519//2519
f 2519//2519 2527//2527 2528//2528
f 2519//2519 2528//2528 2521//2521
f 2521//2521 2528//2528 2529//2529
f 2521//2521 2529//2529 2523//2523
f 2523//2523 2529//2529 2530//2530
f 2523//2523 2530//2530 2525//2525
f 2525//2525 2530//2530 2422//2422
f 2527//2527 2513//2513 2531//2531
f 2531//2531 2513//2513 2514//2514
f 2531//2531 2514//2514 2532//2532
f 2532//2532 2514//2514 2533//2533
f 2532//2532 2533//2533 2534//2534
f 2534//2534 2533//2533 2423//2423
f 2534//2534 2423//2423 2535//2535
f 2535//2535 2423//2423 2530//2530
f 2535//2535 2530//2530 2529//2529
f 2514//2514 2424//2424 2533//2533
f 2533//2533 2424//2424 2423//2423
f 2423//2423 2422//2422 2530//2530
f 2417//2417 2536//2536 2421//2421
f 2421//2421 2536//2536 2537//2537
f 2421//2421 2537//2537 2526//2526
f 2526//2526 2537//2537 2538//2538
f 2526//2526 2538//2538 2524//2524
f 2524//2524 2538//2538 2539//2539
f 2524//2524 2539//2539 2522//2522
f 2522//2522 2539//2539 2540//2540
f 2522//2522 2540//2540 2520//2520
f 2520//2520 2540//2540 2541//2541
f 2520//2520 2541//2541 2518//2518
f 2518//2518 2541//2541 2542//2542
f 2518//2518 2542//2542 2516//2516
f 2516//2516 2542//2542 2515//2515
f 2417//2417 2418//2418 2536//2536
f 2536//2536 2418//2418 2543//2543
f 2536//2536 2543//2543 2544//2544
f 2544//2544 2543//2543 2545//2545
f 2544//2544 2545//2545 2546//2546
f 2546//2546 2545//2545 2547//2547
f 2546//2546 2547//2547 2548//2548
f 2548//2548 2547//2547 2549//2549
f 2548//2548 2549//2549 2550//2550
f 2550//2550 2549//2549 2551//2551
f 2550//2550 2551//2551 2552//2552
f 2552//2552 2551//2551 2553//2553
f 2552//2552 2553//2553 2554//2554
f 2554//2554 2553//2553 2555//2555
f 2554//2554 2555//2555 2413//2413
f 2413//2413 2555//2555 2414//2414
f 2414//2414 2555//2555 2556//2556
f 2414//2414 2556//2556 2415//2415
f 2415//2415 2556//2556 2557//2557
f 2415//2415 2557//2557 2416//2416
f 2416//2416 2557//2557 2039//2039
f 2039//2039 2557//2557 2558//2558
f 2039//2039 2558//2558 2038//2038
f 2038//2038 2558//2558 2559//2559
f 2038//2038 2559//2559 2037//2037
f 2037//2037 2559//2559 2560//2560
f 2037//2037 2560//2560 2561//2561
f 2561//2561 2560//2560 2562//2562
f 2561//2561 2562//2562 2563//2563
f 2563//2563 2562//2562 2549//2549
f 2563//2563 2549//2549 2547//2547
f 2418//2418 2419//2419 2543//2543
f 2543//2543 2419//2419 2564//2564
f 2543//2543 2564//2564 2545//2545
f 2545//2545 2564//2564 2565//2565
f 2545//2545 2565//2565 2547//2547
f 2547//2547 2565//2565 2563//2563
f 2419//2419 2420//2420 2564//2564
f 2564//2564 2420//2420 2566//2566
f 2564//2564 2566//2566 2565//2565
f 2565//2565 2566//2566 2567//2567
f 2565//2565 2567//2567 2563//2563
f 2563//2563 2567//2567 2561//2561
f 2420//2420 2035//2035 2566//2566
f 2566//2566 2035//2035 2036//2036
f 2566//2566 2036//2036 2567//2567
f 2567//2567 2036//2036 2561//2561
f 2036//2036 2037//2037 2561//2561
f 2413//2413 2412//2412 2554//2554
f 2554//2554 2412//2412 2568//2568
f 2554//2554 2568//2568 2552//2552
f 2552//2552 2568//2568 2569//2569
f 2552//2552 2569//2569 2550//2550
f 2550//2550 2569//2569 2570//2570
f 2550//2550 2570//2570 2548//2548
f 2548//2548 2570//2570 2571//2571
f 2548//2548 2571//2571 2546//2546
f 2546//2546 2571//2571 2572//2572
f 2546//2546 2572//2572 2544//2544
f 2544//2544 2572//2572 2573//2573
f 2544//2544 2573//2573 2536//2536
f 2536//2536 2573//2573 2537//2537
f 2568//2568 2412//2412 2574//2574
f 2574//2574 2412//2412 2411//2411
f 2574//2574 2411//2411 2575//2575
f 2575//2575 2411//2411 2576//2576
f 2575//2575 2576//2576 2577//2577
f 2577//2577 2576//2576 2578//2578
f 2577//2577 2578//2578 2579//2579
f 2579//2579 2578//2578 2580//2580
f 2579//2579 2580//2580 2581//2581
f 2581//2581 2580//2580 2540//2540
f 2581//2581 2540//2540 2539//2539
f 2411//2411 2410//2410 2576//2576
f 2576//2576 2410//2410 2582//2582
f 2576//2576 2582//2582 2578//2578
f 2578//2578 2582//2582 2583//2583
f 2578//2578 2583//2583 2580//2580
f 2580//2580 2583//2583 2541//2541
f 2580//2580 2541//2541 2540//2540
f 2582//2582 2410//2410 2584//2584
f 2584//2584 2410//2410 2515//2515
f 2584//2584 2515//2515 2542//2542
f 2583//2583 2582//2582 2584//2584
f 2583//2583 2584//2584 2542//2542
f 2569//2569 2568//2568 2574//2574
f 2574//2574 2575//2575 2585//2585
f 2585//2585 2575//2575 2577//2577
f 2585//2585 2577//2577 2586//2586
f 2586//2586 2577//2577 2579//2579
f 2586//2586 2579//2579 2587//2587
f 2587//2587 2579//2579 2581//2581
f 2587//2587 2581//2581 2588//2588
f 2588//2588 2581//2581 2539//2539
f 2588//2588 2539//2539 2538//2538
f 2558//2558 2557//2557 2556//2556
f 2556//2556 2555//2555 2589//2589
f 2589//2589 2555//2555 2553//2553
f 2589//2589 2553//2553 2590//2590
f 2590//2590 2553//2553 2551//2551
f 2590//2590 2551//2551 2562//2562
f 2562//2562 2551//2551 2549//2549
f 2558//2558 2589//2589 2559//2559
f 2559//2559 2589//2589 2590//2590
f 2559//2559 2590//2590 2560//2560
f 2560//2560 2590//2590 2562//2562
f 2589//2589 2558//2558 2556//2556
f 2569//2569 2585//2585 2570//2570
f 2570//2570 2585//2585 2586//2586
f 2570//2570 2586//2586 2571//2571
f 2571//2571 2586//2586 2587//2587
f 2571//2571 2587//2587 2572//2572
f 2572//2572 2587//2587 2588//2588
f 2572//2572 2588//2588 2573//2573
f 2573//2573 2588//2588 2538//2538
f 2573//2573 2538//2538 2537//2537
f 2585//2585 2569//2569 2574//2574
f 2583//2583 2542//2542 2541//2541
f 2527//2527 2531//2531 2528//2528
f 2528//2528 2531//2531 2591//2591
f 2528//2528 2591//2591 2529//2529
f 2529//2529 2591//2591 2535//2535
f 2531//2531 2532//2532 2591//2591
f 2591//2591 2532//2532 2534//2534
f 2591//2591 2534//2534 2535//2535
f 1777//1777 2592//2592 1775//1775
f 1775//1775 2592//2592 2593//2593
f 1775//1775 2593//2593 1772//1772
f 1772//1772 2593//2593 2594//2594
f 1772//1772 2594//2594 1770//1770
f 1770//1770 2594//2594 2595//2595
f 1770//1770 2595//2595 1768//1768
f 1768//1768 2595//2595 2596//2596
f 1768//1768 2596//2596 1765//1765
f 1765//1765 2596//2596 2597//2597
f 1765//1765 2597//2597 1763//1763
f 1763//1763 2597//2597 2598//2598
f 1763//1763 2598//2598 1762//1762
f 1762//1762 2598//2598 2599//2599
f 1762//1762 2599//2599 1760//1760
f 1760//1760 2599//2599 2600//2600
f 1760//1760 2600//2600 1759//1759
f 1759//1759 2600//2600 2601//2601
f 1759//1759 2601//2601 1757//1757
f 1757//1757 2601//2601 2602//2602
f 1757//1757 2602//2602 1755//1755
f 1755//1755 2602//2602 2603//2603
f 1755//1755 2603//2603 1753//1753
f 1753//1753 2603//2603 2604//2604
f 1753//1753 2604//2604 1752//1752
f 1752//1752 2604//2604 2605//2605
f 1752//1752 2605//2605 1750//1750
f 1750//1750 2605//2605 2606//2606
f 1750//1750 2606//2606 1746//1746
f 1746//1746 2606//2606 2607//2607
f 1746//1746 2607//2607 1747//1747
f 1747//1747 2607//2607 2608//2608
f 1747//1747 2608//2608 1863//1863
f 1863//1863 2608//2608 2609//2609
f 1863//1863 2609//2609 1864//1864
f 1864//1864 2609//2609 2610//2610
f 1864//1864 2610//2610 1865//1865
f 1865//1865 2610//2610 2611//2611
f 1865//1865 2611//2611 1866//1866
f 1866//1866 2611//2611 2612//2612
f 1866//1866 2612//2612 1867//1867
f 1867//1867 2612//2612 2613//2613
f 1867//1867 2613//2613 1779//1779
f 1779//1779 2613//2613 2614//2614
f 1779//1779 2614//2614 1777//1777
f 1777//1777 2614//2614 2592//2592
f 2594//2594 2593//2593 2474//2474
f 2474//2474 2593//2593 2592//2592
f 2474//2474 2592//2592 2473//2473
f 2473//2473 2592//2592 2614//2614
f 2473//2473 2614//2614 2488//2488
f 2488//2488 2614//2614 2613//2613
f 2488//2488 2613//2613 2612//2612
f 2488//2488 2612//2612 2487//2487
f 2487//2487 2612//2612 2611//2611
f 2487//2487 2611//2611 2486//2486
f 2486//2486 2611//2611 2610//2610
f 2486//2486 2610//2610 2485//2485
f 2485//2485 2610//2610 2609//2609
f 2485//2485 2609//2609 2608//2608
f 2485//2485 2608//2608 2484//2484
f 2484//2484 2608//2608 2607//2607
f 2484//2484 2607//2607 2483//2483
f 2483//2483 2607//2607 2606//2606
f 2483//2483 2606//2606 2605//2605
f 2483//2483 2605//2605 2482//2482
f 2482//2482 2605//2605 2604//2604
f 2482//2482 2604//2604 2481//2481
f 2481//2481 2604//2604 2603//2603
f 2481//2481 2603//2603 2602//2602
f 2481//2481 2602//2602 2480//2480
f 2480//2480 2602//2602 2601//2601
f 2480//2480 2601//2601 2479//2479
f 2479//2479 2601//2601 2600//2600
f 2479//2479 2600//2600 2599//2599
f 2479//2479 2599//2599 2478//2478
f 2478//2478 2599//2599 2598//2598
f 2478//2478 2598//2598 2477//2477
f 2477//2477 2598//2598 2597//2597
f 2477//2477 2597//2597 2476//2476
f 2476//2476 2597//2597 2596//2596
f 2476//2476 2596//2596 2595//2595
f 2476//2476 2595//2595 2475//2475
f 2475//2475 2595//2595 2594//2594
f 2475//2475 2594//2594 2474//2474
# 5264 faces, 0 coords texture

# End of File
