# https://github.com/mikedh/trimesh
mtllib material.mtl
usemtl material_0
v -0.49999997 -0.13252426 -0.27959634
v -0.49999997 -0.13252426 -0.27959634
v -0.49999997 -0.13252426 -0.27959634
v -0.49999997 -0.13252426 0.28985089
v -0.49999997 -0.13252426 0.28985089
v -0.49999997 -0.13252426 0.28985089
v -0.49999997 0.26500664 0.28985089
v -0.49999997 0.26500664 0.28985089
v -0.49999997 0.26500664 0.28985089
v -0.49999997 0.26500664 -0.27959634
v -0.49999997 0.26500664 -0.27959634
v -0.49999997 0.26500664 -0.27959634
v -0.49869580 -0.13252426 -0.27959634
v -0.49869580 -0.13252426 -0.27959634
v -0.49869580 -0.13252426 -0.27959634
v -0.49869580 -0.13252426 0.28985089
v -0.49869580 -0.13252426 0.28985089
v -0.49869580 -0.13252426 0.28985089
v -0.49869580 0.26500664 0.28985089
v -0.49869580 0.26500664 0.28985089
v -0.49869580 0.26500664 0.28985089
v -0.49869580 0.26500664 -0.27959634
v -0.49869580 0.26500664 -0.27959634
v -0.49869580 0.26500664 -0.27959634
v -0.00311273 0.26500664 0.28985089
v -0.00311273 0.26500664 0.28985089
v -0.49999997 0.26500664 0.28985089
v -0.49999997 0.26500664 0.28985089
v -0.49999997 0.26500664 0.28985089
v -0.49999997 -0.13252426 0.28985089
v -0.49999997 -0.13252426 0.28985089
v -0.49999997 -0.13252426 0.28985089
v -0.00311273 -0.13252426 0.28985089
v -0.00311273 -0.13252426 0.28985089
v 0.49377452 -0.13252426 0.28985089
v 0.49377452 -0.13252426 0.28985089
v 0.49377452 -0.13252426 0.28985089
v 0.49377452 0.26500664 0.28985089
v 0.49377452 0.26500664 0.28985089
v 0.49377452 0.26500664 0.28985089
v -0.00311273 0.26500664 0.28854672
v -0.00311273 0.26500664 0.28854672
v -0.49999997 0.26500664 0.28854672
v -0.49999997 0.26500664 0.28854672
v -0.49999997 0.26500664 0.28854672
v -0.49999997 -0.13252426 0.28854672
v -0.49999997 -0.13252426 0.28854672
v -0.49999997 -0.13252426 0.28854672
v -0.00311273 -0.13252426 0.28854672
v -0.00311273 -0.13252426 0.28854672
v 0.49377452 -0.13252426 0.28854672
v 0.49377452 -0.13252426 0.28854672
v 0.49377452 -0.13252426 0.28854672
v 0.49377452 0.26500664 0.28854672
v 0.49377452 0.26500664 0.28854672
v 0.49377452 0.26500664 0.28854672
v -0.49999997 0.26500664 0.28985089
v -0.49999997 0.26500664 0.28985089
v -0.49999997 0.26500664 0.28985089
v -0.00311273 0.26500664 0.28985089
v -0.00311273 0.26500664 0.28985089
v -0.00311273 0.26500664 -0.27959634
v -0.00311273 0.26500664 -0.27959634
v -0.49999997 0.26500664 -0.27959634
v -0.49999997 0.26500664 -0.27959634
v -0.49999997 0.26500664 -0.27959634
v 0.49377452 0.26500664 0.28985089
v 0.49377452 0.26500664 0.28985089
v 0.49377452 0.26500664 0.28985089
v 0.49377452 0.26500664 -0.27959634
v 0.49377452 0.26500664 -0.27959634
v 0.49377452 0.26500664 -0.27959634
v -0.49999997 0.26370248 0.28985089
v -0.49999997 0.26370248 0.28985089
v -0.49999997 0.26370248 0.28985089
v -0.00311273 0.26370248 0.28985089
v -0.00311273 0.26370248 0.28985089
v -0.00311273 0.26370248 -0.27959634
v -0.00311273 0.26370248 -0.27959634
v -0.49999997 0.26370248 -0.27959634
v -0.49999997 0.26370248 -0.27959634
v -0.49999997 0.26370248 -0.27959634
v 0.49377452 0.26370248 0.28985089
v 0.49377452 0.26370248 0.28985089
v 0.49377452 0.26370248 0.28985089
v 0.49377452 0.26370248 -0.27959634
v 0.49377452 0.26370248 -0.27959634
v 0.49377452 0.26370248 -0.27959634
v -0.00311273 -0.13252426 -0.27959634
v -0.00311273 -0.13252426 -0.27959634
v -0.00311273 -0.13252426 -0.27959634
v -0.49999997 -0.13252426 -0.27959634
v -0.44394559 -0.10258484 -0.27959634
v -0.00311273 -0.10258484 -0.27959634
v -0.00311273 -0.10258484 -0.27959634
v 0.49377452 -0.13252426 -0.27959634
v 0.49377452 -0.13252426 -0.27959634
v 0.49377452 -0.13252426 -0.27959634
v 0.43772014 -0.10258484 -0.27959634
v 0.49377452 0.26500664 -0.27959634
v 0.43772014 0.23506724 -0.27959634
v -0.00311273 0.26500664 -0.27959634
v -0.00311273 0.26500664 -0.27959634
v -0.00311273 0.26500664 -0.27959634
v -0.49999997 0.26500664 -0.27959634
v -0.49999997 0.26500664 -0.27959634
v -0.49999997 0.26500664 -0.27959634
v -0.00311273 0.23506724 -0.27959634
v -0.00311273 0.23506724 -0.27959634
v -0.44394559 0.23506724 -0.27959634
v -0.41494735 0.21957883 -0.28985102
v -0.00311273 0.21957883 -0.28985102
v -0.00311273 -0.08709646 -0.28985102
v -0.41494735 -0.08709646 -0.28985102
v 0.40872190 0.21957883 -0.28985102
v 0.40872190 -0.08709646 -0.28985102
v -0.00311273 -0.13252426 -0.27829218
v -0.00311273 -0.13252426 -0.27829218
v -0.00311273 -0.13252426 -0.27829218
v -0.49999997 -0.13252426 -0.27829218
v -0.44386230 -0.10258484 -0.27829484
v -0.00311273 -0.10258484 -0.27829218
v -0.00311273 -0.10258484 -0.27829218
v 0.49377452 -0.13252426 -0.27829218
v 0.49377452 -0.13252426 -0.27829218
v 0.49377452 -0.13252426 -0.27829218
v 0.43763685 -0.10258484 -0.27829484
v 0.49377452 0.26500664 -0.27829218
v 0.43763685 0.23506724 -0.27829484
v -0.00311273 0.26500664 -0.27829218
v -0.00311273 0.26500664 -0.27829218
v -0.00311273 0.26500664 -0.27829218
v -0.49999997 0.26500664 -0.27829218
v -0.49999997 0.26500664 -0.27829218
v -0.49999997 0.26500664 -0.27829218
v -0.00311273 0.23506724 -0.27829218
v -0.00311273 0.23506724 -0.27829218
v -0.44386230 0.23506724 -0.27829484
v -0.41469833 0.21957883 -0.28857085
v -0.00311273 0.21957883 -0.28854685
v -0.00311273 -0.08709646 -0.28854685
v -0.41469833 -0.08709646 -0.28857085
v 0.40847287 0.21957883 -0.28857085
v 0.40847287 -0.08709646 -0.28857085
v 0.49377452 -0.13252426 -0.27959634
v 0.49377452 -0.13252426 -0.27959634
v 0.49377452 -0.13252426 -0.27959634
v 0.49377452 0.26500664 -0.27959634
v 0.49377452 0.26500664 -0.27959634
v 0.49377452 0.26500664 -0.27959634
v 0.49377452 0.26500664 0.28985089
v 0.49377452 0.26500664 0.28985089
v 0.49377452 0.26500664 0.28985089
v 0.49377452 -0.13252426 0.28985089
v 0.49377452 -0.13252426 0.28985089
v 0.49377452 -0.13252426 0.28985089
v 0.49247035 -0.13252426 -0.27959634
v 0.49247035 -0.13252426 -0.27959634
v 0.49247035 -0.13252426 -0.27959634
v 0.49247035 0.26500664 -0.27959634
v 0.49247035 0.26500664 -0.27959634
v 0.49247035 0.26500664 -0.27959634
v 0.49247035 0.26500664 0.28985089
v 0.49247035 0.26500664 0.28985089
v 0.49247035 0.26500664 0.28985089
v 0.49247035 -0.13252426 0.28985089
v 0.49247035 -0.13252426 0.28985089
v 0.49247035 -0.13252426 0.28985089
v 0.48624490 -0.12499465 -0.27206673
v 0.48624490 -0.12499465 -0.27206673
v 0.48624490 -0.12499465 -0.27206673
v 0.48624490 0.25747706 -0.27206673
v 0.48624490 0.25747706 -0.27206673
v 0.48624490 0.25747706 -0.27206673
v 0.48624490 0.25747706 0.28232124
v 0.48624490 0.25747706 0.28232124
v 0.48624490 0.25747706 0.28232124
v 0.48624490 -0.12499465 0.28232124
v 0.48624490 -0.12499465 0.28232124
v 0.48624490 -0.12499465 0.28232124
v 0.50000000 -0.12499465 -0.27206673
v 0.50000000 -0.12499465 -0.27206673
v 0.50000000 -0.12499465 -0.27206673
v 0.50000000 0.25747706 -0.27206673
v 0.50000000 0.25747706 -0.27206673
v 0.50000000 0.25747706 -0.27206673
v 0.50000000 0.25747706 0.28232124
v 0.50000000 0.25747706 0.28232124
v 0.50000000 0.25747706 0.28232124
v 0.50000000 -0.12499465 0.28232124
v 0.50000000 -0.12499465 0.28232124
v 0.50000000 -0.12499465 0.28232124
v -0.00311273 0.23506724 -0.27959634
v 0.43772014 0.23506724 -0.27959634
v 0.40872190 0.21957883 -0.28985102
v -0.00311273 0.21957883 -0.28985102
v -0.44394559 0.23506724 -0.27959634
v -0.41494735 0.21957883 -0.28985102
v -0.00311273 -0.10258484 -0.27959634
v -0.44394559 -0.10258484 -0.27959634
v -0.41494735 -0.08709646 -0.28985102
v -0.00311273 -0.08709646 -0.28985102
v 0.43772014 -0.10258484 -0.27959634
v 0.40872190 -0.08709646 -0.28985102
v 0.29217274 -0.17709687 0.16250880
v 0.29217274 -0.16741265 0.28679648
v 0.29217274 -0.17709687 0.15945420
v 0.29217274 -0.17709687 0.28679648
v 0.29217274 -0.16741265 0.16251211
v 0.29217274 -0.18270422 0.16250682
v 0.29217274 -0.16741265 0.15945754
v 0.29217274 -0.16180530 0.15945849
v 0.29217274 -0.16180530 0.15640392
v 0.29217274 -0.16741265 0.15640291
v 0.29217274 -0.16741265 0.14276921
v 0.29217274 -0.17709687 0.15639963
v 0.29217274 -0.17709687 0.14278468
v 0.29217274 -0.18270422 0.15639762
v 0.29217274 -0.18270422 0.14279369
v 0.29217274 -0.18270422 0.15945225
v 0.29217274 -0.18474266 0.16250615
v 0.29217274 -0.18474266 0.15945155
v 0.29217274 -0.19035002 0.15944961
v 0.29217274 -0.19035002 0.15639498
v 0.29217274 -0.18474266 0.15639698
v 0.29217274 -0.18474266 0.14279691
v 0.29217274 -0.19035002 0.14280592
v 0.29217274 -0.19035002 0.01764710
v 0.29217274 -0.19238842 0.15639434
v 0.29217274 -0.19238842 0.01764933
v 0.29217274 -0.19238842 0.14280917
v 0.29217274 -0.19238842 0.01154016
v 0.29217274 -0.19035002 0.01153793
v 0.29217274 -0.19035002 -0.18193684
v 0.29217274 -0.18474266 0.01764089
v 0.29217274 -0.18474266 0.01153172
v 0.29217274 -0.19238842 -0.18193284
v 0.29217274 -0.19035002 -0.19823416
v 0.29217274 -0.19238842 -0.19824360
v 0.29217274 -0.19238842 -0.20435285
v 0.29217274 -0.19035002 -0.20434336
v 0.29217274 -0.18474266 -0.19820812
v 0.29217274 -0.18474266 -0.20431733
v 0.29217274 -0.19035002 -0.21327857
v 0.29217274 -0.19238842 -0.21328619
v 0.29217274 -0.19035002 -0.21938780
v 0.29217274 -0.18474266 -0.21325765
v 0.29217274 -0.18270422 -0.21325006
v 0.29217274 -0.18474266 -0.21936689
v 0.29217274 -0.18270422 -0.21935927
v 0.29217274 -0.17709687 -0.21322912
v 0.29217274 -0.18270422 -0.27473199
v 0.29217274 -0.17709687 -0.21933836
v 0.29217274 -0.16741265 -0.21930223
v 0.29217274 -0.16741265 -0.27473199
v 0.29217274 -0.17709687 -0.27473199
v 0.29217274 -0.16180530 -0.27473199
v 0.29217274 -0.16180530 -0.21929174
v 0.29217274 -0.16180530 -0.21318257
v 0.29217274 -0.15445671 -0.21929174
v 0.29217274 -0.15445671 -0.27473199
v 0.29217274 -0.15445671 -0.21318257
v 0.29217274 -0.14884938 -0.21929174
v 0.29217274 -0.13465052 -0.27473199
v 0.29217274 -0.14884938 -0.21318257
v 0.29217274 -0.14884938 -0.27473199
v 0.29217274 -0.13464785 -0.21929174
v 0.29217274 -0.13464755 -0.21318257
v 0.29217274 -0.14884938 -0.20422382
v 0.29217274 -0.13464714 -0.20422382
v 0.29217274 -0.13464699 -0.19811465
v 0.29217274 -0.14884938 -0.19811465
v 0.29217274 -0.15445671 -0.20422382
v 0.29217274 -0.14884938 -0.18198699
v 0.29217274 -0.15445671 -0.19811465
v 0.29217274 -0.15445671 -0.18198699
v 0.29217274 -0.16180530 -0.18198699
v 0.29217274 -0.16180530 -0.19811465
v 0.29217274 -0.16741265 -0.19812765
v 0.29217274 -0.16741265 -0.18198152
v 0.29217274 -0.16180530 -0.20422382
v 0.29217274 -0.16741265 -0.21319300
v 0.29217274 -0.16741265 -0.20423688
v 0.29217274 -0.17709687 -0.20428183
v 0.29217274 -0.17709687 -0.19817262
v 0.29217274 -0.18270422 -0.18195172
v 0.29217274 -0.17709687 -0.18196267
v 0.29217274 -0.18270422 -0.19819864
v 0.29217274 -0.18270422 -0.20430789
v 0.29217274 -0.18474266 -0.18194776
v 0.29217274 -0.18270422 0.01152949
v 0.29217274 -0.17709687 0.01152328
v 0.29217274 -0.18270422 0.01763866
v 0.29217274 -0.17709687 0.01763248
v 0.29217274 -0.16741265 0.01762179
v 0.29217274 -0.16741265 0.01151261
v 0.29217274 -0.16180530 0.01150953
v 0.29217274 -0.15445671 0.01150953
v 0.29217274 -0.16180530 0.01761870
v 0.29217274 -0.16180530 0.14276475
v 0.29217274 -0.15445671 0.14276475
v 0.29217274 -0.15445671 0.01761870
v 0.29217274 -0.14884938 0.01761870
v 0.29217274 -0.14884938 0.14276475
v 0.29217274 -0.13464699 0.14276475
v 0.29217274 -0.14884938 0.15640392
v 0.29217274 -0.13464699 0.01761870
v 0.29217274 -0.13464699 0.01150953
v 0.29217274 -0.14884938 0.01150953
v 0.29217274 -0.13464699 -0.18198699
v 0.29217274 -0.15445671 0.15640392
v 0.29217274 -0.14884938 0.15945849
v 0.29217274 -0.13464699 0.15640392
v 0.29217274 -0.13464703 0.15945849
v 0.29217274 -0.13464706 0.16251313
v 0.29217274 -0.14884938 0.16251313
v 0.29217274 -0.13465052 0.28679648
v 0.29217274 -0.15445671 0.15945849
v 0.29217274 -0.14884938 0.28679648
v 0.29217274 -0.15445671 0.16251313
v 0.29217274 -0.15445671 0.28679648
v 0.29217274 -0.16180530 0.16251313
v 0.29217274 -0.16180530 0.28679648
v 0.29217274 -0.18474266 -0.27473199
v 0.29217274 -0.19035002 -0.27473199
v 0.29217274 -0.19238842 -0.21939542
v 0.29217274 -0.19238842 -0.27473199
v 0.29217274 -0.19799577 -0.27473199
v 0.29217274 -0.19799577 -0.21940584
v 0.29217274 -0.21212254 -0.27473199
v 0.29217274 -0.21212254 -0.21940584
v 0.29217274 -0.21212254 -0.21329665
v 0.29217274 -0.19799577 -0.20436583
v 0.29217274 -0.19799577 -0.21329665
v 0.29217274 -0.21212254 -0.20436583
v 0.29217274 -0.19238842 0.15944891
v 0.29498825 -0.19799577 0.15944792
v 0.29217274 -0.19238842 0.16250351
v 0.29217274 -0.19238842 0.15639434
v 0.29498825 -0.19519209 0.15639332
v 0.29498825 -0.19519209 0.14281372
v 0.29498825 -0.19519209 0.01765242
v 0.29217274 -0.19238842 0.14280917
v 0.29217274 -0.19238842 0.01764933
v 0.29217274 -0.19238842 0.01154016
v 0.29498825 -0.19519209 0.01154324
v 0.29217274 -0.19238842 -0.18193284
v 0.29498825 -0.19519209 -0.18192741
v 0.29498825 -0.19519209 -0.19825667
v 0.29217274 -0.19238842 -0.19824360
v 0.29498825 -0.19799577 -0.20131125
v 0.29217274 -0.19238842 -0.20435285
v 0.29217274 -0.19799577 -0.20436583
v 0.29217274 -0.19799577 0.16250249
v 0.29217274 -0.19238842 0.28679648
v 0.29217274 -0.19035002 0.28679648
v 0.29217274 -0.19035002 0.16250418
v 0.29217274 -0.18474266 0.28679648
v 0.29217274 -0.18270422 0.28679648
v 0.29217274 -0.19799577 0.28679648
v 0.29217274 -0.21212254 0.16250249
v 0.29217274 -0.21212254 0.28679648
v 0.29217274 -0.21212254 0.16250249
v 0.29498825 -0.21212254 0.15944792
v 0.40344948 -0.16741265 0.28985102
v 0.40344948 -0.16180530 0.28985102
v 0.40908054 -0.16741265 0.28985102
v 0.40908054 -0.17709687 0.28985102
v 0.29498825 -0.16741265 0.28985102
v 0.29498825 -0.17709687 0.28985102
v 0.40344948 -0.17709687 0.28985102
v 0.40344948 -0.18270422 0.28985102
v 0.29498825 -0.18270422 0.28985102
v 0.29498825 -0.18474266 0.28985102
v 0.29498825 -0.19035002 0.28985102
v 0.40344948 -0.18474266 0.28985102
v 0.40908054 -0.18474266 0.28985102
v 0.40344948 -0.19035002 0.28985102
v 0.40908054 -0.19035002 0.28985102
v 0.42532687 -0.18474266 0.28985102
v 0.40908054 -0.19238842 0.28985102
v 0.42532687 -0.19238842 0.28985102
v 0.42532687 -0.19035002 0.28985102
v 0.43095796 -0.19035002 0.28985102
v 0.43095796 -0.19238842 0.28985102
v 0.43095796 -0.19799577 0.28985102
v 0.42532687 -0.19799577 0.28985102
v 0.44720426 -0.19238842 0.28985102
v 0.44720426 -0.19799577 0.28985102
v 0.45283532 -0.19712013 0.28985102
v 0.45283532 -0.19111512 0.28985102
v 0.44720426 -0.19035002 0.28985102
v 0.45283532 -0.19011007 0.28985102
v 0.44720426 -0.18474266 0.28985102
v 0.43095796 -0.18270422 0.28985102
v 0.43095796 -0.18474266 0.28985102
v 0.44720426 -0.18270422 0.28985102
v 0.45283532 -0.18448028 0.28985102
v 0.46797530 -0.18312973 0.28985102
v 0.45283532 -0.18238529 0.28985102
v 0.47513411 -0.17404898 0.28985102
v 0.45283532 -0.17673700 0.28985102
v 0.47043191 -0.18026410 0.28985102
v 0.48504466 -0.17285429 0.28985102
v 0.47470417 -0.18252947 0.28985102
v 0.47470417 -0.18252947 0.28985102
v 0.47825261 -0.17932135 0.28985102
v 0.48378125 -0.18189665 0.28985102
v 0.47875448 -0.18644135 0.28985102
v 0.47916878 -0.19876936 0.28985102
v 0.47321588 -0.18928695 0.28985102
v 0.46625368 -0.19198776 0.28985102
v 0.46625368 -0.19198776 0.28985102
v 0.46653925 -0.20781593 0.28985102
v 0.47370185 -0.20374896 0.28985102
v 0.45640111 -0.18979199 0.28985102
v 0.45640111 -0.18979199 0.28985102
v 0.45640111 -0.18979199 0.28985102
v 0.46238872 -0.18746928 0.28985102
v 0.46238872 -0.18746928 0.28985102
v 0.46238872 -0.18746928 0.28985102
v 0.45530394 -0.18988987 0.28985102
v 0.45530394 -0.18988987 0.28985102
v 0.45944919 -0.18859108 0.28985102
v 0.45944919 -0.18859108 0.28985102
v 0.45825267 -0.19505271 0.28985102
v 0.45825267 -0.19505271 0.28985102
v 0.46066038 -0.19413387 0.28985102
v 0.46066038 -0.19413387 0.28985102
v 0.45283532 -0.21160610 0.28985102
v 0.45845377 -0.21065558 0.28985102
v 0.46095086 -0.21023314 0.28985102
v 0.44720426 -0.21212254 0.28985102
v 0.43095796 -0.21212254 0.28985102
v 0.42532687 -0.21212254 0.28985102
v 0.40908054 -0.21212254 0.28985102
v 0.40908054 -0.19799577 0.28985102
v 0.40344948 -0.21212254 0.28985102
v 0.40344948 -0.19799577 0.28985102
v 0.40344948 -0.19238842 0.28985102
v 0.29498825 -0.19799577 0.28985102
v 0.29498825 -0.21212254 0.28985102
v 0.29498825 -0.19238842 0.28985102
v 0.48360141 -0.19432946 0.28985102
v 0.48935449 -0.18593158 0.28985102
v 0.48935449 -0.18593158 0.28985102
v 0.48935449 -0.18593158 0.28985102
v 0.49095910 -0.18350340 0.28985102
v 0.49095910 -0.17407951 0.28985102
v 0.49095910 -0.17407951 0.28985102
v 0.49095910 -0.17407951 0.28985102
v 0.48949341 -0.17632851 0.28985102
v 0.48949341 -0.17632851 0.28985102
v 0.49113336 -0.16741265 0.28985102
v 0.47758926 -0.16741265 0.28985102
v 0.49095910 -0.16180530 0.28985102
v 0.47922870 -0.15445671 0.28985102
v 0.47922870 -0.16180530 0.28985102
v 0.49095910 -0.15445671 0.28985102
v 0.49095910 -0.14884938 0.28985102
v 0.47922870 -0.13745418 0.28985102
v 0.47922870 -0.14884938 0.28985102
v 0.49095910 -0.13745418 0.28985102
v 0.45283532 -0.13745418 0.28985102
v 0.45283532 -0.15445671 0.28985102
v 0.45283532 -0.14884938 0.28985102
v 0.44720426 -0.14884938 0.28985102
v 0.44720426 -0.13745418 0.28985102
v 0.43095796 -0.13745418 0.28985102
v 0.43095796 -0.14884938 0.28985102
v 0.42532687 -0.13745418 0.28985102
v 0.42532687 -0.14884938 0.28985102
v 0.40908054 -0.13745418 0.28985102
v 0.40344948 -0.13745418 0.28985102
v 0.40908054 -0.14884938 0.28985102
v 0.40908054 -0.15445671 0.28985102
v 0.40344948 -0.14884938 0.28985102
v 0.29498825 -0.14884938 0.28985102
v 0.40344948 -0.15445671 0.28985102
v 0.29498825 -0.15445671 0.28985102
v 0.29498825 -0.16180530 0.28985102
v 0.40908054 -0.16180530 0.28985102
v 0.42532687 -0.16180530 0.28985102
v 0.42532687 -0.16741265 0.28985102
v 0.42532687 -0.15445671 0.28985102
v 0.43095796 -0.16180530 0.28985102
v 0.43095796 -0.15445671 0.28985102
v 0.43095796 -0.16741265 0.28985102
v 0.44720426 -0.16180530 0.28985102
v 0.44720426 -0.15445671 0.28985102
v 0.44720426 -0.16741265 0.28985102
v 0.45283532 -0.16741265 0.28985102
v 0.45283532 -0.16180530 0.28985102
v 0.44720426 -0.17709687 0.28985102
v 0.43095796 -0.17709687 0.28985102
v 0.42532687 -0.17709687 0.28985102
v 0.42532687 -0.18270422 0.28985102
v 0.40908054 -0.18270422 0.28985102
v 0.29498825 -0.13745420 0.28985102
v 0.49377461 -0.18153944 0.14281372
v 0.49377461 -0.16741265 0.14281372
v 0.49377461 -0.16741265 0.15639332
v 0.49377461 -0.18153944 0.15639332
v 0.49222693 -0.18668522 0.14281372
v 0.49377461 -0.16741265 0.01765242
v 0.49377461 -0.18153944 0.01765242
v 0.49222693 -0.18668522 0.15639332
v 0.48794792 -0.19316055 0.15639332
v 0.48794792 -0.19316055 0.14281372
v 0.49222693 -0.18668522 0.16250249
v 0.48794792 -0.19316055 0.16250249
v 0.49377461 -0.18153944 0.16250249
v 0.49222693 -0.18668522 0.28679648
v 0.48794792 -0.19316055 0.28679648
v 0.49377461 -0.18153944 0.28679648
v 0.49377461 -0.16741265 0.16250249
v 0.49377461 -0.16741265 0.28679648
v 0.49377461 -0.16180530 0.28679648
v 0.49377461 -0.16180530 0.16250249
v 0.49377461 -0.15445671 0.16250249
v 0.49377461 -0.15445671 0.28679648
v 0.49377461 -0.16180530 0.15639332
v 0.49377461 -0.16180530 0.14281372
v 0.49377461 -0.15445671 0.15639332
v 0.49377461 -0.14884938 0.16250249
v 0.49377461 -0.15445671 0.14281372
v 0.49377461 -0.14884938 0.15639332
v 0.49377461 -0.14884938 0.14281372
v 0.49377461 -0.14884938 0.01765242
v 0.49377461 -0.13745418 0.14281372
v 0.49377461 -0.13745418 0.15639332
v 0.49377461 -0.13745418 0.16250249
v 0.49377461 -0.13745418 0.28679648
v 0.49377461 -0.14884938 0.28679648
v 0.49377461 -0.13745418 0.01765242
v 0.49377461 -0.13745418 0.01154324
v 0.49377461 -0.14884938 0.01154324
v 0.49377461 -0.15445671 0.01154324
v 0.49377461 -0.14884938 -0.18192741
v 0.49377461 -0.15445671 -0.18803658
v 0.49377461 -0.13745418 -0.18192741
v 0.49377461 -0.14884938 -0.18803658
v 0.49377461 -0.15445671 -0.18192741
v 0.49377461 -0.16180530 -0.18803658
v 0.49377461 -0.16180530 -0.18192741
v 0.49377461 -0.16741265 -0.18192741
v 0.49377461 -0.16741265 0.01154324
v 0.49377461 -0.16180530 0.01154324
v 0.49377461 -0.16741265 -0.18803658
v 0.49377461 -0.16180530 -0.19825667
v 0.49377461 -0.18153944 -0.18803658
v 0.49377461 -0.18153944 -0.19825667
v 0.49377461 -0.16741265 -0.19825667
v 0.49377461 -0.16180530 -0.20436583
v 0.49377461 -0.16741265 -0.20436583
v 0.49377461 -0.18153944 -0.20436583
v 0.49377461 -0.16741265 -0.20519790
v 0.49222693 -0.18668522 -0.19825667
v 0.49377461 -0.18153944 -0.20519790
v 0.49222693 -0.18668522 -0.20436583
v 0.48794792 -0.19316055 -0.20519790
v 0.49222693 -0.18668522 -0.20519790
v 0.48794792 -0.19316055 -0.20436583
v 0.48794792 -0.19316055 -0.19825667
v 0.48441521 -0.19749095 -0.20436583
v 0.47855774 -0.20335806 -0.20519790
v 0.48441521 -0.19749095 -0.20519790
v 0.47855774 -0.20335806 -0.20436583
v 0.48441521 -0.19749095 -0.19825667
v 0.48441521 -0.19749095 -0.18803658
v 0.48794792 -0.19316055 -0.18803658
v 0.47855774 -0.20335806 -0.19825667
v 0.47855774 -0.20335806 -0.18803658
v 0.47412685 -0.20673512 -0.20436583
v 0.47412685 -0.20673512 -0.19825667
v 0.47412685 -0.20673512 -0.18803658
v 0.46625530 -0.21120458 -0.19825667
v 0.46625530 -0.21120458 -0.20436583
v 0.46102581 -0.21301433 -0.20339590
v 0.46625530 -0.21120458 -0.20519790
v 0.46625530 -0.21120458 -0.21130708
v 0.46103370 -0.21306295 -0.20621452
v 0.47412685 -0.20673512 -0.20519790
v 0.47412685 -0.20673512 -0.21130708
v 0.47855774 -0.20335806 -0.21130708
v 0.47855774 -0.20335806 -0.27473199
v 0.46625530 -0.21120458 -0.27473199
v 0.47412685 -0.20673512 -0.27473199
v 0.46103370 -0.21306295 -0.27473199
v 0.46103370 -0.21306295 -0.21283086
v 0.45279552 -0.21445664 -0.21660075
v 0.44734114 -0.21492621 -0.27473199
v 0.44687716 -0.21492621 -0.21781243
v 0.45279552 -0.21445664 -0.27473199
v 0.45244509 -0.21447149 -0.21014179
v 0.44682730 -0.21492621 -0.21169678
v 0.44673840 -0.21492621 -0.20078988
v 0.44091305 -0.21492621 -0.21879758
v 0.44080913 -0.21492621 -0.21256739
v 0.44066024 -0.21492621 -0.20364365
v 0.43095796 -0.21492621 -0.20436583
v 0.43095796 -0.21492621 -0.21329665
v 0.42532687 -0.21492621 -0.20436583
v 0.40908054 -0.21492621 -0.20436583
v 0.40908054 -0.21492621 -0.21329665
v 0.42532687 -0.21492621 -0.21329665
v 0.42532687 -0.21492621 -0.21940584
v 0.40908054 -0.21492621 -0.21940584
v 0.40344948 -0.21492621 -0.21329665
v 0.40344948 -0.21492621 -0.21940584
v 0.40908054 -0.21492621 -0.27473199
v 0.42532687 -0.21492621 -0.27473199
v 0.40344948 -0.21492621 -0.27473199
v 0.29498825 -0.21492621 -0.27473199
v 0.29498825 -0.21492621 -0.21940584
v 0.29498825 -0.21492621 -0.21329665
v 0.40344948 -0.21492621 -0.20436583
v 0.29498825 -0.21492621 -0.20436583
v 0.43095796 -0.21492621 -0.27473199
v 0.44184613 -0.21492621 -0.27473199
v 0.43095796 -0.21492621 -0.21940584
v 0.45155745 -0.21448849 -0.19932598
v 0.45172589 -0.21453165 -0.19283632
v 0.46102581 -0.21301433 -0.19683540
v 0.46103370 -0.21306295 -0.18803658
v 0.46625530 -0.21120458 -0.18803658
v 0.46103370 -0.21306295 -0.18192741
v 0.46625530 -0.21120458 -0.18192741
v 0.45279552 -0.21445664 -0.18803658
v 0.45279552 -0.21445664 -0.18192741
v 0.46103370 -0.21306295 0.01154324
v 0.45279552 -0.21445664 0.01154324
v 0.46103370 -0.21306295 0.01765245
v 0.45279552 -0.21445664 0.01765242
v 0.46103370 -0.21306295 0.14281372
v 0.45279552 -0.21445664 0.14281372
v 0.45279845 -0.21447394 0.14870434
v 0.45905819 -0.21340011 0.15639364
v 0.45221087 -0.21486916 0.15568905
v 0.45279845 -0.21447394 0.17019153
v 0.45905819 -0.21340011 0.16250230
v 0.44663333 -0.21492621 0.16102913
v 0.44002793 -0.21492621 0.16250249
v 0.43095796 -0.21492621 0.16250249
v 0.44720426 -0.21492621 0.17028817
v 0.43095796 -0.21492621 0.28679648
v 0.44720426 -0.21492621 0.28679648
v 0.45279552 -0.21445664 0.28679648
v 0.45849886 -0.21349177 0.28679648
v 0.46103370 -0.21306295 0.28679648
v 0.46625530 -0.21120458 0.16250249
v 0.46103759 -0.21308545 0.16250249
v 0.46625530 -0.21120458 0.28679648
v 0.47412685 -0.20673512 0.28679648
v 0.47412685 -0.20673512 0.16250249
v 0.47855774 -0.20335806 0.16250249
v 0.47855774 -0.20335806 0.28679648
v 0.48441521 -0.19749095 0.28679648
v 0.48441521 -0.19749095 0.16250249
v 0.48441521 -0.19749095 0.15639332
v 0.47855774 -0.20335806 0.15639332
v 0.47855774 -0.20335806 0.14281372
v 0.47412685 -0.20673512 0.15639332
v 0.46625530 -0.21120458 0.14281372
v 0.47412685 -0.20673512 0.14281372
v 0.46625530 -0.21120458 0.15639332
v 0.46103759 -0.21308545 0.15639332
v 0.46625530 -0.21120458 0.01765245
v 0.47412685 -0.20673512 0.01765245
v 0.47855774 -0.20335806 0.01765245
v 0.47855774 -0.20335806 0.01154324
v 0.48441521 -0.19749095 0.01765245
v 0.48441521 -0.19749095 0.14281372
v 0.47412685 -0.20673512 0.01154324
v 0.47855774 -0.20335806 -0.18192741
v 0.47412685 -0.20673512 -0.18192741
v 0.46625530 -0.21120458 0.01154324
v 0.48441521 -0.19749095 -0.18192741
v 0.48441521 -0.19749095 0.01154324
v 0.48794792 -0.19316055 -0.18192741
v 0.48794792 -0.19316055 0.01154324
v 0.48794792 -0.19316055 0.01765245
v 0.49222693 -0.18668522 0.01154324
v 0.49222693 -0.18668522 0.01765242
v 0.49377461 -0.18153944 0.01154324
v 0.49377461 -0.18153944 -0.18192741
v 0.49222693 -0.18668522 -0.18192741
v 0.49222693 -0.18668522 -0.18803658
v 0.42532687 -0.21492621 0.28679648
v 0.40908054 -0.21492621 0.28679648
v 0.40908054 -0.21492621 0.16250249
v 0.42532687 -0.21492621 0.16250249
v 0.40344948 -0.21492621 0.28679648
v 0.40344948 -0.21492621 0.16250249
v 0.29498825 -0.21492621 0.16250249
v 0.29498825 -0.21492621 0.28679648
v 0.48441521 -0.19749095 -0.27473199
v 0.48441521 -0.19749095 -0.21130708
v 0.48794792 -0.19316055 -0.27473199
v 0.48794792 -0.19316055 -0.21130708
v 0.49222693 -0.18668522 -0.21130708
v 0.49377461 -0.18153944 -0.21130708
v 0.49377461 -0.18153944 -0.27473199
v 0.49222693 -0.18668522 -0.27473199
v 0.49377461 -0.16741265 -0.27473199
v 0.49377461 -0.16741265 -0.21130708
v 0.49377461 -0.16180530 -0.27473199
v 0.49377461 -0.15445671 -0.27473199
v 0.49377461 -0.15445671 -0.21130708
v 0.49377461 -0.16180530 -0.21130708
v 0.49377461 -0.16180530 -0.20519790
v 0.49377461 -0.15445671 -0.20519790
v 0.49377461 -0.15445671 -0.20436583
v 0.49377461 -0.14884938 -0.20519790
v 0.49377461 -0.13745418 -0.20519790
v 0.49377461 -0.13745418 -0.20436583
v 0.49377461 -0.14884938 -0.20436583
v 0.49377461 -0.14884938 -0.21130708
v 0.49377461 -0.13745418 -0.21130708
v 0.49377461 -0.14884938 -0.27473199
v 0.49377461 -0.13745418 -0.27473199
v 0.49377461 -0.14884938 -0.19825667
v 0.49377461 -0.13745418 -0.19825667
v 0.49377461 -0.13745418 -0.18803658
v 0.49377461 -0.15445671 -0.19825667
v 0.49377461 -0.16180530 0.01765242
v 0.49377461 -0.15445671 0.01765242
v 0.45283532 -0.19011007 -0.27778657
v 0.45283532 -0.19111512 -0.27778657
v 0.44736594 -0.19238842 -0.27778657
v 0.44736594 -0.19035002 -0.27778657
v 0.45283532 -0.18448028 -0.27778657
v 0.45640124 -0.18979199 -0.27778657
v 0.47470417 -0.18252947 -0.27778657
v 0.47321588 -0.18928695 -0.27778657
v 0.46238872 -0.18746928 -0.27778657
v 0.46238872 -0.18746928 -0.27778657
v 0.47875448 -0.18644135 -0.27778657
v 0.47370185 -0.20374896 -0.27778657
v 0.48378125 -0.18189665 -0.27778657
v 0.48360141 -0.19432946 -0.27778657
v 0.47916878 -0.19876936 -0.27778657
v 0.48949341 -0.17632851 -0.27778657
v 0.48935449 -0.18593158 -0.27778657
v 0.49095910 -0.18350340 -0.27778657
v 0.49095910 -0.17407951 -0.27778657
v 0.49113336 -0.16751814 -0.27778657
v 0.48504466 -0.17285429 -0.27778657
v 0.47825261 -0.17932135 -0.27778657
v 0.45283532 -0.17673700 -0.27778657
v 0.45283532 -0.16741265 -0.27778657
v 0.44736594 -0.18270422 -0.27778657
v 0.44736594 -0.17709687 -0.27778657
v 0.45283532 -0.18238529 -0.27778657
v 0.44736594 -0.18474266 -0.27778657
v 0.44189662 -0.18474266 -0.27778657
v 0.44189662 -0.18270422 -0.27778657
v 0.43095796 -0.18474266 -0.27778657
v 0.44189662 -0.19035002 -0.27778657
v 0.44189662 -0.19238842 -0.27778657
v 0.43095796 -0.19238842 -0.27778657
v 0.43095796 -0.19035002 -0.27778657
v 0.42532687 -0.19035002 -0.27778657
v 0.42532687 -0.19238842 -0.27778657
v 0.43095796 -0.19799577 -0.27778657
v 0.40908054 -0.19238842 -0.27778657
v 0.42532687 -0.19799577 -0.27778657
v 0.40908054 -0.19799577 -0.27778657
v 0.42532687 -0.21212254 -0.27778657
v 0.40908054 -0.21212254 -0.27778657
v 0.43095796 -0.21212254 -0.27778657
v 0.44189662 -0.21212254 -0.27778657
v 0.44189662 -0.19799577 -0.27778657
v 0.44736594 -0.21212254 -0.27778657
v 0.45283532 -0.19712013 -0.27778657
v 0.44736594 -0.19799577 -0.27778657
v 0.45283532 -0.21160610 -0.27778657
v 0.46095086 -0.21023314 -0.27778657
v 0.46066038 -0.19413387 -0.27778657
v 0.46625368 -0.19198776 -0.27778657
v 0.46653925 -0.20781593 -0.27778657
v 0.40344948 -0.21212254 -0.27778657
v 0.29498825 -0.19799577 -0.27778657
v 0.40344948 -0.19799577 -0.27778657
v 0.29498825 -0.21212254 -0.27778657
v 0.40344948 -0.19238842 -0.27778657
v 0.29498825 -0.19238842 -0.27778657
v 0.29498825 -0.19035002 -0.27778657
v 0.29498825 -0.18474266 -0.27778657
v 0.40344948 -0.19035002 -0.27778657
v 0.40344948 -0.18474266 -0.27778657
v 0.40908054 -0.19035002 -0.27778657
v 0.40908054 -0.18474266 -0.27778657
v 0.42532687 -0.18270422 -0.27778657
v 0.42532687 -0.18474266 -0.27778657
v 0.40908054 -0.18270422 -0.27778657
v 0.40908054 -0.17709687 -0.27778657
v 0.40344948 -0.18270422 -0.27778657
v 0.29498825 -0.18270422 -0.27778657
v 0.40344948 -0.17709687 -0.27778657
v 0.29498825 -0.17709687 -0.27778657
v 0.29498825 -0.16741265 -0.27778657
v 0.40344948 -0.16741265 -0.27778657
v 0.29498825 -0.16180530 -0.27778657
v 0.40344948 -0.16180530 -0.27778657
v 0.29498825 -0.15445671 -0.27778657
v 0.29498825 -0.14884938 -0.27778657
v 0.40344948 -0.15445671 -0.27778657
v 0.40344948 -0.14884938 -0.27778657
v 0.40908054 -0.15445671 -0.27778657
v 0.42532687 -0.15445671 -0.27778657
v 0.40908054 -0.16180530 -0.27778657
v 0.40908054 -0.14884938 -0.27778657
v 0.40908054 -0.13745418 -0.27778657
v 0.42532687 -0.13745418 -0.27778657
v 0.42532687 -0.14884938 -0.27778657
v 0.43095796 -0.14884938 -0.27778657
v 0.43095796 -0.13745418 -0.27778657
v 0.43095796 -0.15445671 -0.27778657
v 0.42532687 -0.16180530 -0.27778657
v 0.44189662 -0.15445671 -0.27778657
v 0.43095796 -0.16180530 -0.27778657
v 0.43095796 -0.16741265 -0.27778657
v 0.44189662 -0.16180530 -0.27778657
v 0.42532687 -0.16741265 -0.27778657
v 0.44189662 -0.16741265 -0.27778657
v 0.44189662 -0.17709687 -0.27778657
v 0.43095796 -0.17709687 -0.27778657
v 0.44736594 -0.16741265 -0.27778657
v 0.44736594 -0.16180530 -0.27778657
v 0.45283532 -0.16180530 -0.27778657
v 0.45283532 -0.15445671 -0.27778657
v 0.44736594 -0.15445671 -0.27778657
v 0.44736594 -0.14884938 -0.27778657
v 0.44189662 -0.14884938 -0.27778657
v 0.44189662 -0.13745418 -0.27778657
v 0.44736594 -0.13745418 -0.27778657
v 0.45283532 -0.13745418 -0.27778657
v 0.49095910 -0.13745418 -0.27778657
v 0.45283532 -0.14884938 -0.27778657
v 0.49095910 -0.15445671 -0.27778657
v 0.49095910 -0.14884938 -0.27778657
v 0.49095910 -0.16180530 -0.27778657
v 0.43095796 -0.18270422 -0.27778657
v 0.42532687 -0.17709687 -0.27778657
v 0.40908054 -0.16741265 -0.27778657
v 0.40344948 -0.13745418 -0.27778657
v 0.29498825 -0.13745420 -0.27778657
v 0.44720426 -0.19519209 -0.18803658
v 0.44666485 -0.19511642 -0.19134768
v 0.44911204 -0.19799577 -0.19173494
v 0.45001977 -0.19799577 -0.18803658
v 0.45001977 -0.19799577 -0.18192741
v 0.44720426 -0.19519209 -0.18192741
v 0.44720426 -0.19519209 0.01154324
v 0.44720426 -0.19519209 0.01765242
v 0.45001977 -0.19799577 0.01154324
v 0.45001977 -0.19799577 0.01765242
v 0.44720426 -0.19519209 0.14281372
v 0.45001977 -0.19799577 0.14281372
v 0.45005088 -0.19872738 0.14940928
v 0.44684478 -0.19519209 0.15092598
v 0.44631302 -0.19519209 0.15307922
v 0.44847926 -0.19957965 0.15340581
v 0.44414946 -0.19519209 0.15542650
v 0.44489923 -0.19970477 0.15724097
v 0.44929102 -0.21212254 0.15282348
v 0.44391372 -0.21212254 0.15865734
v 0.44391372 -0.21212254 0.15865734
v 0.43837859 -0.19799577 0.15944792
v 0.43095796 -0.19799577 0.15944792
v 0.44082346 -0.19519209 0.15639332
v 0.43095796 -0.19519209 0.15639332
v 0.43095796 -0.19799577 0.15944792
v 0.43837859 -0.21212254 0.15944792
v 0.43095796 -0.21212254 0.15944792
v 0.42532687 -0.21212254 0.15944792
v 0.40908054 -0.19799577 0.15944792
v 0.42532687 -0.19799577 0.15944792
v 0.40908054 -0.21212254 0.15944792
v 0.40344948 -0.21212254 0.15944792
v 0.29498825 -0.19799577 0.15944792
v 0.40344948 -0.19799577 0.15944792
v 0.29498825 -0.21212254 0.15944792
v 0.42532687 -0.19799577 0.15944792
v 0.42532687 -0.19519209 0.15639332
v 0.40908054 -0.19519209 0.15639332
v 0.40344948 -0.19799577 0.15944792
v 0.40344948 -0.19519209 0.15639332
v 0.40908054 -0.19799577 0.15944792
v 0.29498825 -0.19519209 0.15639332
v 0.29498825 -0.19799577 0.15944792
v 0.44970484 -0.21212254 0.14941368
v 0.45001977 -0.19799577 0.14281372
v 0.45001977 -0.21212254 0.14281372
v 0.45001977 -0.21212254 0.01765242
v 0.45001977 -0.19799577 0.01765242
v 0.45001977 -0.19799577 0.01154324
v 0.45001977 -0.21212254 0.01154324
v 0.45001977 -0.21212254 -0.18192741
v 0.45001977 -0.19799577 -0.18192741
v 0.45001977 -0.21212254 -0.18803658
v 0.45001977 -0.19799577 -0.18803658
v 0.44911204 -0.19799577 -0.19173494
v 0.44782966 -0.19827714 -0.19477501
v 0.44911204 -0.21212254 -0.19173494
v 0.44750772 -0.21212254 -0.19455545
v 0.44581842 -0.19812675 -0.19792486
v 0.44590340 -0.21212254 -0.19737594
v 0.44490289 -0.19559767 -0.19473116
v 0.44782966 -0.19827714 -0.19477501
v 0.44245513 -0.19519209 -0.19679717
v 0.44581842 -0.19812675 -0.19792486
v 0.44052493 -0.19799577 -0.20052065
v 0.43743466 -0.19519209 -0.19825667
v 0.43095796 -0.19799577 -0.20131125
v 0.42532687 -0.19799577 -0.20131125
v 0.43095796 -0.19519209 -0.19825667
v 0.42532687 -0.19519209 -0.19825667
v 0.40908054 -0.19799577 -0.20131125
v 0.40908054 -0.19519209 -0.19825667
v 0.40344948 -0.19519209 -0.19825667
v 0.40344948 -0.19799577 -0.20131125
v 0.29498825 -0.19519209 -0.19825667
v 0.29498825 -0.19799577 -0.20131125
v 0.43095796 -0.19519209 0.01765242
v 0.44720426 -0.19519209 0.01765242
v 0.44720426 -0.19519209 0.14281372
v 0.43095796 -0.19519209 0.14281372
v 0.43095796 -0.19519209 0.01154324
v 0.42532687 -0.19519209 0.14281372
v 0.42532687 -0.19519209 0.01765242
v 0.40908054 -0.19519209 0.01765242
v 0.42532687 -0.19519209 0.01154324
v 0.40908054 -0.19519209 0.01154324
v 0.40908054 -0.19519209 -0.18192741
v 0.40344948 -0.19519209 0.01765242
v 0.40344948 -0.19519209 0.01154324
v 0.29498825 -0.19519209 0.01154324
v 0.29498825 -0.19519209 -0.18192741
v 0.40344948 -0.19519209 -0.18192741
v 0.29498825 -0.19519209 -0.19825667
v 0.40344948 -0.19519209 -0.19825667
v 0.40908054 -0.19519209 -0.19825667
v 0.42532687 -0.19519209 -0.18192741
v 0.42532687 -0.19519209 -0.19825667
v 0.43095796 -0.19519209 -0.19825667
v 0.43743466 -0.19519209 -0.19825667
v 0.44720426 -0.19519209 -0.18803658
v 0.43095796 -0.19519209 -0.18192741
v 0.44720426 -0.19519209 -0.18192741
v 0.44720426 -0.19519209 0.01154324
v 0.44245513 -0.19519209 -0.19679717
v 0.44490289 -0.19559767 -0.19473116
v 0.44666485 -0.19511642 -0.19134768
v 0.29498825 -0.19519209 0.01765242
v 0.29498825 -0.19519209 0.14281372
v 0.40344948 -0.19519209 0.14281372
v 0.40908054 -0.19519209 0.14281372
v 0.40344948 -0.19519209 0.15639332
v 0.40908054 -0.19519209 0.15639332
v 0.29498825 -0.19519209 0.15639332
v 0.42532687 -0.19519209 0.15639332
v 0.43095796 -0.19519209 0.15639332
v 0.44082346 -0.19519209 0.15639332
v 0.44414946 -0.19519209 0.15542650
v 0.44631302 -0.19519209 0.15307922
v 0.44684478 -0.19519209 0.15092598
v 0.49095910 -0.13465050 0.13579889
v 0.45586060 -0.13465050 0.07881192
v 0.45586060 -0.13465050 0.08647766
v 0.49095910 -0.13465050 0.14861704
v 0.49095910 -0.13465050 0.01713030
v 0.45586060 -0.13465050 0.00995064
v 0.49095910 -0.13465050 0.01091348
v 0.49095910 -0.13465050 -0.17319330
v 0.45586060 -0.13465050 0.00373382
v 0.45586060 -0.13465050 -0.10464744
v 0.45586060 -0.13465050 -0.11351757
v 0.49095910 -0.13465050 -0.18577345
v 0.49095910 -0.13465050 -0.18858672
v 0.49095910 -0.13465050 -0.20204454
v 0.45586060 -0.13465050 -0.11384511
v 0.45586060 -0.13465050 -0.12530038
v 0.49095910 -0.13465050 0.16030942
v 0.45586060 -0.13465050 0.09817000
v 0.45586060 -0.13465050 0.15981930
v 0.45288572 -0.13465050 0.16927973
v 0.49095910 -0.13465050 0.27143693
v 0.48983925 -0.13465050 0.28679648
v 0.47831155 -0.13465050 0.28679648
v 0.44289277 -0.13465050 0.16927973
v 0.43289988 -0.13465050 0.16927973
v 0.45237424 -0.13465050 0.28679648
v 0.42717846 -0.13465050 0.16927973
v 0.44665291 -0.13465050 0.28679648
v 0.41995785 -0.13465050 0.16927973
v 0.43069273 -0.13465050 0.28679648
v 0.41429918 -0.13465050 0.16927973
v 0.42503407 -0.13465050 0.28679648
v 0.40703380 -0.13465050 0.16927973
v 0.40140175 -0.13465050 0.16927973
v 0.40902912 -0.13465050 0.28679648
v 0.40339717 -0.13465050 0.28679648
v 0.29217274 -0.13465052 0.16927973
v 0.29217274 -0.13465052 0.28679648
v 0.42532687 -0.19799577 -0.20131125
v 0.43095796 -0.19799577 -0.20131125
v 0.43095796 -0.21212254 -0.20131125
v 0.40908054 -0.19799577 -0.20131125
v 0.40908054 -0.21212254 -0.20131125
v 0.42532687 -0.21212254 -0.20131125
v 0.40344948 -0.21212254 -0.20131125
v 0.40344948 -0.19799577 -0.20131125
v 0.29498825 -0.19799577 -0.20131125
v 0.29498825 -0.21212254 -0.20131125
v 0.44052493 -0.21212254 -0.20052067
v 0.44052493 -0.19799577 -0.20052065
v 0.44590340 -0.21212254 -0.19737594
v 0.44581842 -0.19812675 -0.19792486
v 0.43065609 -0.13465050 -0.27473199
v 0.41996215 -0.13465050 -0.17264671
v 0.42643512 -0.13465050 -0.17264671
v 0.44148216 -0.13465050 -0.27473199
v 0.42498876 -0.13465050 -0.27473199
v 0.40902167 -0.13465050 -0.27473199
v 0.41429485 -0.13465050 -0.17264671
v 0.40703396 -0.13465050 -0.17264671
v 0.40140163 -0.13465050 -0.17264671
v 0.40338933 -0.13465050 -0.27473199
v 0.29217274 -0.13465052 -0.27473199
v 0.29217274 -0.13465052 -0.17264671
v 0.42967379 -0.13465050 -0.17264671
v 0.44689735 -0.13465050 -0.27473199
v 0.45231407 -0.13465050 -0.27473199
v 0.43291396 -0.13465050 -0.17264671
v 0.45283723 -0.13465050 -0.17264671
v 0.48964980 -0.13465050 -0.27473199
v 0.45586060 -0.13465050 -0.16426265
v 0.49095910 -0.13465050 -0.26159475
v 0.45586060 -0.13465050 -0.13217623
v 0.45586060 -0.13465050 -0.12057403
v 0.49095910 -0.13465050 -0.20896824
v 0.49095910 -0.13465050 -0.19521652
v 0.45530394 -0.18988987 0.28985102
v 0.45530394 -0.18988987 0.28985102
v 0.45944919 -0.18859108 0.28985102
v 0.46238872 -0.18746928 0.28985102
v 0.46238872 -0.18746928 0.28985102
v 0.45640111 -0.18979199 0.28985102
v 0.49095910 -0.13465050 -0.19521652
v 0.45586060 -0.13465050 -0.12057403
v 0.45586060 -0.13465050 -0.12530038
v 0.49095910 -0.13465050 -0.20204454
v 0.44673840 -0.21492621 -0.20078988
v 0.44066024 -0.21492621 -0.20364365
v 0.45155745 -0.21448849 -0.19932598
v 0.44750772 -0.21212254 -0.19455545
v 0.44590340 -0.21212254 -0.19737594
v 0.44052493 -0.21212254 -0.20052067
v 0.43095796 -0.21492621 -0.20436583
v 0.43095796 -0.21212254 -0.20131125
v 0.42532687 -0.21492621 -0.20436583
v 0.42532687 -0.21212254 -0.20131125
v 0.40908054 -0.21492621 -0.20436583
v 0.40908054 -0.21212254 -0.20131125
v 0.40344948 -0.21212254 -0.20131125
v 0.29498825 -0.21212254 -0.20131125
v 0.29498825 -0.21492621 -0.20436583
v 0.40344948 -0.21492621 -0.20436583
v 0.44911204 -0.21212254 -0.19173494
v 0.45172589 -0.21453165 -0.19283632
v 0.45001977 -0.21212254 -0.18803658
v 0.45279552 -0.21445664 -0.18803658
v 0.45001977 -0.21212254 -0.18192741
v 0.45279552 -0.21445664 -0.18192741
v 0.45001977 -0.21212254 0.01154324
v 0.45279552 -0.21445664 0.01154324
v 0.45279552 -0.21445664 0.01765242
v 0.45001977 -0.21212254 0.14281372
v 0.45001977 -0.21212254 0.01765242
v 0.45279552 -0.21445664 0.14281372
v 0.45279845 -0.21447394 0.14870434
v 0.44970484 -0.21212254 0.14941368
v 0.44929102 -0.21212254 0.15282348
v 0.44391372 -0.21212254 0.15865734
v 0.45221087 -0.21486916 0.15568905
v 0.44663333 -0.21492621 0.16102913
v 0.44002793 -0.21492621 0.16250249
v 0.43837859 -0.21212254 0.15944792
v 0.43095796 -0.21212254 0.15944792
v 0.43095796 -0.21492621 0.16250249
v 0.42532687 -0.21492621 0.16250249
v 0.40908054 -0.21212254 0.15944792
v 0.40908054 -0.21492621 0.16250249
v 0.42532687 -0.21212254 0.15944792
v 0.40344948 -0.21212254 0.15944792
v 0.40344948 -0.21492621 0.16250249
v 0.29498825 -0.21492621 0.16250249
v 0.29498825 -0.21212254 0.15944792
v 0.29217274 -0.14884938 -0.27473199
v 0.29498825 -0.13745420 -0.27778657
v 0.29498825 -0.14884938 -0.27778657
v 0.29498825 -0.15445671 -0.27778657
v 0.29217274 -0.15445671 -0.27473199
v 0.29217274 -0.13465052 -0.27473199
v 0.29217274 -0.16180530 -0.27473199
v 0.29217274 -0.16741265 -0.27473199
v 0.29498825 -0.16180530 -0.27778657
v 0.29498825 -0.16741265 -0.27778657
v 0.29217274 -0.17709687 -0.27473199
v 0.29498825 -0.17709687 -0.27778657
v 0.29498825 -0.18270422 -0.27778657
v 0.29498825 -0.18270422 -0.27778657
v 0.29217274 -0.18474266 -0.27473199
v 0.29217274 -0.18474266 -0.27473199
v 0.29498825 -0.18474266 -0.27778657
v 0.29217274 -0.18270422 -0.27473199
v 0.29217274 -0.18270422 -0.27473199
v 0.29498825 -0.19035002 -0.27778657
v 0.29498825 -0.19238842 -0.27778657
v 0.29217274 -0.19238842 -0.27473199
v 0.29217274 -0.19035002 -0.27473199
v 0.29498825 -0.19799577 -0.27778657
v 0.29217274 -0.19799577 -0.27473199
v 0.29217274 -0.21212254 -0.27473199
v 0.29498825 -0.21212254 -0.27778657
v 0.29217274 -0.19799577 0.28679648
v 0.29217274 -0.19799577 0.28679648
v 0.29217274 -0.21212254 0.28679648
v 0.29498825 -0.21212254 0.28985102
v 0.29498825 -0.19799577 0.28985102
v 0.29498825 -0.19238842 0.28985102
v 0.29498825 -0.19238842 0.28985102
v 0.29217274 -0.19238842 0.28679648
v 0.29217274 -0.19035002 0.28679648
v 0.29498825 -0.19035002 0.28985102
v 0.29217274 -0.18474266 0.28679648
v 0.29217274 -0.18474266 0.28679648
v 0.29217274 -0.18270422 0.28679648
v 0.29217274 -0.18270422 0.28679648
v 0.29498825 -0.18474266 0.28985102
v 0.29498825 -0.18474266 0.28985102
v 0.29498825 -0.18270422 0.28985102
v 0.29217274 -0.17709687 0.28679648
v 0.29498825 -0.17709687 0.28985102
v 0.29217274 -0.16741265 0.28679648
v 0.29498825 -0.16741265 0.28985102
v 0.29498825 -0.16180530 0.28985102
v 0.29498825 -0.16180530 0.28985102
v 0.29217274 -0.15445671 0.28679648
v 0.29217274 -0.15445671 0.28679648
v 0.29217274 -0.16180530 0.28679648
v 0.29217274 -0.16180530 0.28679648
v 0.29498825 -0.15445671 0.28985102
v 0.29498825 -0.15445671 0.28985102
v 0.29498825 -0.14884938 0.28985102
v 0.29498825 -0.14884938 0.28985102
v 0.29217274 -0.14884938 0.28679648
v 0.29217274 -0.14884938 0.28679648
v 0.29217274 -0.13465052 0.28679648
v 0.29217274 -0.13465052 0.28679648
v 0.29498825 -0.13745420 0.28985102
v 0.49377461 -0.15445671 -0.27473199
v 0.49095910 -0.15445671 -0.27778657
v 0.49095910 -0.14884938 -0.27778657
v 0.49377461 -0.14884938 -0.27473199
v 0.49095910 -0.16180530 -0.27778657
v 0.49377461 -0.16180530 -0.27473199
v 0.49095910 -0.17407951 -0.27778657
v 0.49377461 -0.16741265 -0.27473199
v 0.49113336 -0.16751814 -0.27778657
v 0.49095910 -0.18350340 -0.27778657
v 0.49377461 -0.18153944 -0.27473199
v 0.49222693 -0.18668522 -0.27473199
v 0.48794792 -0.19316055 -0.27473199
v 0.48935449 -0.18593158 -0.27778657
v 0.48360141 -0.19432946 -0.27778657
v 0.48441521 -0.19749095 -0.27473199
v 0.47916878 -0.19876936 -0.27778657
v 0.47412685 -0.20673512 -0.27473199
v 0.47370185 -0.20374896 -0.27778657
v 0.47855774 -0.20335806 -0.27473199
v 0.46653925 -0.20781593 -0.27778657
v 0.46625530 -0.21120458 -0.27473199
v 0.46095086 -0.21023314 -0.27778657
v 0.45283532 -0.21160610 -0.27778657
v 0.46103370 -0.21306295 -0.27473199
v 0.45279552 -0.21445664 -0.27473199
v 0.44734114 -0.21492621 -0.27473199
v 0.44189662 -0.21212254 -0.27778657
v 0.44184613 -0.21492621 -0.27473199
v 0.44736594 -0.21212254 -0.27778657
v 0.43095796 -0.21212254 -0.27778657
v 0.43095796 -0.21492621 -0.27473199
v 0.42532687 -0.21492621 -0.27473199
v 0.42532687 -0.21212254 -0.27778657
v 0.40908054 -0.21212254 -0.27778657
v 0.40908054 -0.21492621 -0.27473199
v 0.40344948 -0.21492621 -0.27473199
v 0.40344948 -0.21212254 -0.27778657
v 0.29498825 -0.21212254 -0.27778657
v 0.29498825 -0.21492621 -0.27473199
v 0.49377461 -0.13745418 -0.27473199
v 0.49095910 -0.13745418 -0.27778657
v 0.49377461 -0.15445671 0.28679648
v 0.49377461 -0.15445671 0.28679648
v 0.49377461 -0.14884938 0.28679648
v 0.49095910 -0.14884938 0.28985102
v 0.49095910 -0.14884938 0.28985102
v 0.49095910 -0.15445671 0.28985102
v 0.49377461 -0.16180530 0.28679648
v 0.49095910 -0.16180530 0.28985102
v 0.49377461 -0.16741265 0.28679648
v 0.49095910 -0.17407951 0.28985102
v 0.49377461 -0.18153944 0.28679648
v 0.49095910 -0.18350340 0.28985102
v 0.49222693 -0.18668522 0.28679648
v 0.48794792 -0.19316055 0.28679648
v 0.48935449 -0.18593158 0.28985102
v 0.48360141 -0.19432946 0.28985102
v 0.48441521 -0.19749095 0.28679648
v 0.47855774 -0.20335806 0.28679648
v 0.47412685 -0.20673512 0.28679648
v 0.47916878 -0.19876936 0.28985102
v 0.47370185 -0.20374896 0.28985102
v 0.46653925 -0.20781593 0.28985102
v 0.46625530 -0.21120458 0.28679648
v 0.46103370 -0.21306295 0.28679648
v 0.46095086 -0.21023314 0.28985102
v 0.45849886 -0.21349177 0.28679648
v 0.45279552 -0.21445664 0.28679648
v 0.45845377 -0.21065558 0.28985102
v 0.45283532 -0.21160610 0.28985102
v 0.44720426 -0.21212254 0.28985102
v 0.43095796 -0.21492621 0.28679648
v 0.44720426 -0.21492621 0.28679648
v 0.43095796 -0.21212254 0.28985102
v 0.42532687 -0.21212254 0.28985102
v 0.42532687 -0.21492621 0.28679648
v 0.40908054 -0.21492621 0.28679648
v 0.40908054 -0.21212254 0.28985102
v 0.40344948 -0.21212254 0.28985102
v 0.29498825 -0.21492621 0.28679648
v 0.29498825 -0.21212254 0.28985102
v 0.40344948 -0.21492621 0.28679648
v 0.49113336 -0.16741265 0.28985102
v 0.49095910 -0.13745418 0.28985102
v 0.49377461 -0.13745418 0.28679648
v 0.44689735 -0.13465050 -0.27473199
v 0.44148216 -0.13465050 -0.27473199
v 0.45231407 -0.13465050 -0.27473199
v 0.45283532 -0.13745418 -0.27778657
v 0.44736594 -0.13745418 -0.27778657
v 0.44189662 -0.13745418 -0.27778657
v 0.43065609 -0.13465050 -0.27473199
v 0.43095796 -0.13745418 -0.27778657
v 0.42532687 -0.13745418 -0.27778657
v 0.42498876 -0.13465050 -0.27473199
v 0.40902167 -0.13465050 -0.27473199
v 0.40344948 -0.13745418 -0.27778657
v 0.40338933 -0.13465050 -0.27473199
v 0.40908054 -0.13745418 -0.27778657
v 0.29217274 -0.13465052 -0.27473199
v 0.29498825 -0.13745420 -0.27778657
v 0.49095910 -0.13745418 -0.27778657
v 0.48964980 -0.13465050 -0.27473199
v 0.49377461 -0.13745418 0.15639332
v 0.49377461 -0.13745418 0.14281372
v 0.49095910 -0.13465050 0.13579889
v 0.49095910 -0.13465050 0.14861704
v 0.49377461 -0.13745418 0.16250249
v 0.49095910 -0.13465050 0.16030942
v 0.49377461 -0.13745418 0.28679648
v 0.49095910 -0.13465050 0.27143693
v 0.48983925 -0.13465050 0.28679648
v 0.49095910 -0.13745418 0.28985102
v 0.49095910 -0.13465050 0.01713030
v 0.49377461 -0.13745418 0.01154324
v 0.49095910 -0.13465050 0.01091348
v 0.49377461 -0.13745418 0.01765242
v 0.49095910 -0.13465050 -0.17319330
v 0.49377461 -0.13745418 -0.18803658
v 0.49095910 -0.13465050 -0.18577345
v 0.49377461 -0.13745418 -0.18192741
v 0.49095910 -0.13465050 -0.18858672
v 0.49377461 -0.13745418 -0.20436583
v 0.49095910 -0.13465050 -0.20204454
v 0.49377461 -0.13745418 -0.19825667
v 0.43095796 -0.13745418 0.28985102
v 0.44665291 -0.13465050 0.28679648
v 0.43069273 -0.13465050 0.28679648
v 0.42503407 -0.13465050 0.28679648
v 0.42532687 -0.13745418 0.28985102
v 0.44720426 -0.13745418 0.28985102
v 0.45283532 -0.13745418 0.28985102
v 0.45237424 -0.13465050 0.28679648
v 0.47831155 -0.13465050 0.28679648
v 0.47922870 -0.13745418 0.28985102
v 0.48983925 -0.13465050 0.28679648
v 0.49095910 -0.13745418 0.28985102
v 0.40908054 -0.13745418 0.28985102
v 0.40344948 -0.13745418 0.28985102
v 0.40902912 -0.13465050 0.28679648
v 0.40339717 -0.13465050 0.28679648
v 0.29217274 -0.13465052 0.28679648
v 0.29498825 -0.13745420 0.28985102
v 0.49377461 -0.13745418 -0.27473199
v 0.49095910 -0.13745418 -0.27778657
v 0.48964980 -0.13465050 -0.27473199
v 0.49095910 -0.13465050 -0.26159475
v 0.49377461 -0.13745418 -0.21130708
v 0.49095910 -0.13465050 -0.19521652
v 0.49377461 -0.13745418 -0.20519790
v 0.49095910 -0.13465050 -0.20896824
v 0.29217274 -0.21212254 0.28679648
v 0.29498825 -0.21492621 0.28679648
v 0.29217274 -0.21212254 0.16250249
v 0.29358051 -0.21352439 0.28520989
v 0.29498825 -0.21212254 0.28985102
v 0.29358051 -0.21352439 0.16408905
v 0.29498825 -0.21212254 0.15944792
v 0.29498825 -0.21492621 0.16250249
v 0.29217274 -0.21212254 -0.20436583
v 0.29217274 -0.21212254 -0.20436583
v 0.29358051 -0.21352439 -0.20436583
v 0.29498825 -0.21492621 -0.20436583
v 0.29498825 -0.21212254 -0.20131125
v 0.29358051 -0.21352439 -0.21940584
v 0.29498825 -0.21492621 -0.21940584
v 0.29217274 -0.21212254 -0.21940584
v 0.29498825 -0.21492621 -0.21329665
v 0.29358051 -0.21352439 -0.21329665
v 0.29358051 -0.21352439 -0.27473199
v 0.29498825 -0.21492621 -0.27473199
v 0.29217274 -0.21212254 -0.27473199
v 0.29358051 -0.21352439 -0.20436583
v 0.29217274 -0.21212254 -0.20436583
v 0.29217274 -0.21212254 -0.21329665
v 0.29498825 -0.21492621 -0.20436583
v 0.29498825 -0.21212254 -0.20131125
v 0.29217274 -0.19799577 -0.20436583
v 0.29217274 -0.21212254 -0.20436583
v 0.29498825 -0.19799577 -0.20131125
v 0.49377461 -0.13745418 -0.20436583
v 0.49377461 -0.13745418 -0.20436583
v 0.49095910 -0.13465050 -0.19521652
v 0.49095910 -0.13465050 -0.19521652
v 0.49095910 -0.13465050 -0.20204454
v 0.49377461 -0.13745418 -0.20519790
vn -1.00000000 0.00000000 0.00000000
vn 0.00000000 -1.00000000 0.00000000
vn 0.00000000 0.00000000 -1.00000000
vn -1.00000000 0.00000000 0.00000000
vn 0.00000000 0.00000000 1.00000000
vn 0.00000000 -1.00000000 0.00000000
vn -1.00000000 0.00000000 0.00000000
vn 0.00000000 1.00000000 0.00000000
vn 0.00000000 0.00000000 1.00000000
vn -1.00000000 0.00000000 0.00000000
vn 0.00000000 1.00000000 0.00000000
vn 0.00000000 0.00000000 -1.00000000
vn 0.00000000 0.00000000 -1.00000000
vn 0.00000000 -1.00000000 0.00000000
vn 1.00000000 0.00000000 0.00000000
vn 0.00000000 0.00000000 1.00000000
vn 1.00000000 0.00000000 0.00000000
vn 0.00000000 -1.00000000 0.00000000
vn 1.00000000 0.00000000 0.00000000
vn 0.00000000 0.00000000 1.00000000
vn 0.00000000 1.00000000 0.00000000
vn 0.00000000 0.00000000 -1.00000000
vn 1.00000000 0.00000000 0.00000000
vn 0.00000000 1.00000000 0.00000000
vn 0.00000000 0.00000000 1.00000000
vn 0.00000000 1.00000000 0.00000000
vn 0.00000000 0.00000000 1.00000000
vn -1.00000000 0.00000000 0.00000000
vn 0.00000000 1.00000000 0.00000000
vn -1.00000000 0.00000000 0.00000000
vn 0.00000000 -1.00000000 0.00000000
vn 0.00000000 0.00000000 1.00000000
vn 0.00000000 -1.00000000 0.00000000
vn 0.00000000 0.00000000 1.00000000
vn 1.00000000 0.00000000 0.00000000
vn 0.00000000 0.00000000 1.00000000
vn 0.00000000 -1.00000000 0.00000000
vn 1.00000000 0.00000000 0.00000000
vn 0.00000000 0.00000000 1.00000000
vn 0.00000000 1.00000000 0.00000000
vn 0.00000000 1.00000000 0.00000000
vn 0.00000000 0.00000000 -1.00000000
vn -1.00000000 0.00000000 0.00000000
vn 0.00000000 1.00000000 0.00000000
vn 0.00000000 0.00000000 -1.00000000
vn -1.00000000 0.00000000 0.00000000
vn 0.00000000 0.00000000 -1.00000000
vn 0.00000000 -1.00000000 0.00000000
vn 0.00000000 -1.00000000 0.00000000
vn 0.00000000 0.00000000 -1.00000000
vn 0.00000000 -1.00000000 0.00000000
vn 1.00000000 0.00000000 0.00000000
vn 0.00000000 0.00000000 -1.00000000
vn 1.00000000 0.00000000 0.00000000
vn 0.00000000 1.00000000 0.00000000
vn 0.00000000 0.00000000 -1.00000000
vn 0.00000000 1.00000000 0.00000000
vn 0.00000000 0.00000000 1.00000000
vn -1.00000000 0.00000000 0.00000000
vn 0.00000000 0.00000000 1.00000000
vn 0.00000000 1.00000000 0.00000000
vn 0.00000000 1.00000000 0.00000000
vn 0.00000000 0.00000000 -1.00000000
vn -1.00000000 0.00000000 0.00000000
vn 0.00000000 1.00000000 0.00000000
vn 0.00000000 0.00000000 -1.00000000
vn 1.00000000 0.00000000 0.00000000
vn 0.00000000 1.00000000 0.00000000
vn 0.00000000 0.00000000 1.00000000
vn 0.00000000 0.00000000 -1.00000000
vn 1.00000000 0.00000000 0.00000000
vn 0.00000000 1.00000000 0.00000000
vn 0.00000000 -1.00000000 0.00000000
vn 0.00000000 0.00000000 1.00000000
vn -1.00000000 0.00000000 0.00000000
vn 0.00000000 0.00000000 1.00000000
vn 0.00000000 -1.00000000 0.00000000
vn 0.00000000 0.00000000 -1.00000000
vn 0.00000000 -1.00000000 0.00000000
vn 0.00000000 0.00000000 -1.00000000
vn -1.00000000 0.00000000 0.00000000
vn 0.00000000 -1.00000000 0.00000000
vn 0.00000000 -1.00000000 0.00000000
vn 0.00000000 0.00000000 1.00000000
vn 1.00000000 0.00000000 0.00000000
vn 0.00000000 -1.00000000 0.00000000
vn 0.00000000 0.00000000 -1.00000000
vn 1.00000000 0.00000000 0.00000000
vn 0.00000000 -0.70710678 -0.70710678
vn 0.00000000 -1.00000000 0.00000000
vn 0.00000000 0.00000000 -1.00000000
vn -0.57735027 -0.57735027 -0.57735027
vn 0.07740205 -0.01860049 -0.99682644
vn 0.00000000 0.00000000 -1.00000000
vn 0.00000000 0.88750316 -0.46080164
vn 0.00000000 -1.00000000 0.00000000
vn 0.00000000 0.00000000 -1.00000000
vn 0.72077157 0.00000000 -0.69317266
vn -0.07740205 -0.01860049 -0.99682644
vn 0.57735027 0.57735027 -0.57735027
vn -0.07740205 0.01860049 -0.99682644
vn 0.00000000 0.00000000 -1.00000000
vn 0.00000000 1.00000000 0.00000000
vn 0.00000000 0.70710678 -0.70710678
vn -0.72077157 0.00000000 -0.69317266
vn 0.00000000 1.00000000 0.00000000
vn 0.00000000 0.00000000 -1.00000000
vn 0.00000000 0.00000000 -1.00000000
vn 0.00000000 -0.88750316 -0.46080164
vn 0.07740205 0.01860049 -0.99682644
vn -0.00609971 0.59667185 -0.80246214
vn 0.00000000 0.70710678 -0.70710678
vn 0.00000000 -0.70710678 -0.70710678
vn -0.00609971 -0.59667185 -0.80246214
vn 0.00609971 0.59667185 -0.80246214
vn 0.00609971 -0.59667185 -0.80246214
vn 0.00000000 0.00000000 1.00000000
vn 0.00000000 -1.00000000 0.00000000
vn 0.00000000 -0.70710678 0.70710678
vn -0.57731693 -0.57731693 0.57741694
vn 0.16759881 0.07889944 0.98269299
vn 0.00000000 0.00000000 1.00000000
vn 0.00000000 0.88750316 0.46080164
vn 0.72077157 0.00000000 0.69317266
vn 0.00000000 -1.00000000 0.00000000
vn 0.00000000 0.00000000 1.00000000
vn -0.16759881 0.07889944 0.98269299
vn 0.57731693 0.57731693 0.57741694
vn -0.16759881 -0.07889944 0.98269299
vn 0.00000000 0.70710678 0.70710678
vn 0.00000000 0.00000000 1.00000000
vn 0.00000000 1.00000000 0.00000000
vn 0.00000000 0.00000000 1.00000000
vn -0.72077157 0.00000000 0.69317266
vn 0.00000000 1.00000000 0.00000000
vn 0.00000000 -0.88754405 0.46072287
vn 0.00000000 0.00000000 1.00000000
vn 0.16759881 -0.07889944 0.98269299
vn 0.29339497 0.66428861 0.68748821
vn 0.00000000 0.70710678 0.70710678
vn 0.00000000 -0.70710678 0.70710678
vn 0.29339497 -0.66428861 0.68748821
vn -0.29339497 0.66428861 0.68748821
vn -0.29339497 -0.66428861 0.68748821
vn 1.00000000 0.00000000 0.00000000
vn 0.00000000 0.00000000 -1.00000000
vn 0.00000000 -1.00000000 0.00000000
vn 0.00000000 0.00000000 -1.00000000
vn 1.00000000 0.00000000 0.00000000
vn 0.00000000 1.00000000 0.00000000
vn 1.00000000 0.00000000 0.00000000
vn 0.00000000 1.00000000 0.00000000
vn 0.00000000 0.00000000 1.00000000
vn 1.00000000 0.00000000 0.00000000
vn 0.00000000 -1.00000000 0.00000000
vn 0.00000000 0.00000000 1.00000000
vn 0.00000000 0.00000000 -1.00000000
vn -1.00000000 0.00000000 0.00000000
vn 0.00000000 -1.00000000 0.00000000
vn -1.00000000 0.00000000 0.00000000
vn 0.00000000 0.00000000 -1.00000000
vn 0.00000000 1.00000000 0.00000000
vn 0.00000000 0.00000000 1.00000000
vn 0.00000000 1.00000000 0.00000000
vn -1.00000000 0.00000000 0.00000000
vn -1.00000000 0.00000000 0.00000000
vn 0.00000000 0.00000000 1.00000000
vn 0.00000000 -1.00000000 0.00000000
vn 0.00000000 -1.00000000 0.00000000
vn -1.00000000 0.00000000 0.00000000
vn 0.00000000 0.00000000 -1.00000000
vn 0.00000000 0.00000000 -1.00000000
vn -1.00000000 0.00000000 0.00000000
vn 0.00000000 1.00000000 0.00000000
vn 0.00000000 0.00000000 1.00000000
vn 0.00000000 1.00000000 0.00000000
vn -1.00000000 0.00000000 0.00000000
vn -1.00000000 0.00000000 0.00000000
vn 0.00000000 0.00000000 1.00000000
vn 0.00000000 -1.00000000 0.00000000
vn 0.00000000 -1.00000000 0.00000000
vn 0.00000000 0.00000000 -1.00000000
vn 1.00000000 0.00000000 0.00000000
vn 0.00000000 1.00000000 0.00000000
vn 0.00000000 0.00000000 -1.00000000
vn 1.00000000 0.00000000 0.00000000
vn 0.00000000 1.00000000 0.00000000
vn 0.00000000 0.00000000 1.00000000
vn 1.00000000 0.00000000 0.00000000
vn 1.00000000 0.00000000 0.00000000
vn 0.00000000 -1.00000000 0.00000000
vn 0.00000000 0.00000000 1.00000000
vn 0.00000000 0.55208983 -0.83378464
vn 0.00000000 0.55208983 -0.83378464
vn 0.00000000 0.55208983 -0.83378464
vn 0.00000000 0.55208983 -0.83378464
vn 0.00000000 0.55208983 -0.83378464
vn 0.00000000 0.55208983 -0.83378464
vn 0.00000000 -0.55208983 -0.83378464
vn 0.00000000 -0.55208983 -0.83378464
vn 0.00000000 -0.55208983 -0.83378464
vn 0.00000000 -0.55208983 -0.83378464
vn 0.00000000 -0.55208983 -0.83378464
vn 0.00000000 -0.55208983 -0.83378464
vn -1.00000000 0.00000000 0.00000000
vn -1.00000000 0.00000000 0.00000000
vn -1.00000000 0.00000000 0.00000000
vn -1.00000000 0.00000000 0.00000000
vn -1.00000000 0.00000000 0.00000000
vn -1.00000000 0.00000000 0.00000000
vn -1.00000000 0.00000000 0.00000000
vn -1.00000000 0.00000000 0.00000000
vn -1.00000000 0.00000000 0.00000000
vn -1.00000000 0.00000000 0.00000000
vn -1.00000000 0.00000000 0.00000000
vn -1.00000000 0.00000000 0.00000000
vn -1.00000000 0.00000000 0.00000000
vn -1.00000000 0.00000000 0.00000000
vn -1.00000000 0.00000000 0.00000000
vn -1.00000000 0.00000000 0.00000000
vn -1.00000000 0.00000000 0.00000000
vn -1.00000000 0.00000000 0.00000000
vn -1.00000000 0.00000000 0.00000000
vn -1.00000000 0.00000000 0.00000000
vn -1.00000000 0.00000000 0.00000000
vn -1.00000000 0.00000000 0.00000000
vn -1.00000000 0.00000000 0.00000000
vn -1.00000000 0.00000000 0.00000000
vn -1.00000000 0.00000000 0.00000000
vn -1.00000000 0.00000000 0.00000000
vn -1.00000000 0.00000000 0.00000000
vn -1.00000000 0.00000000 0.00000000
vn -1.00000000 0.00000000 0.00000000
vn -1.00000000 0.00000000 0.00000000
vn -1.00000000 0.00000000 0.00000000
vn -1.00000000 0.00000000 0.00000000
vn -1.00000000 0.00000000 0.00000000
vn -1.00000000 0.00000000 0.00000000
vn -1.00000000 0.00000000 0.00000000
vn -1.00000000 0.00000000 0.00000000
vn -1.00000000 0.00000000 0.00000000
vn -1.00000000 0.00000000 0.00000000
vn -1.00000000 0.00000000 0.00000000
vn -1.00000000 0.00000000 0.00000000
vn -1.00000000 0.00000000 0.00000000
vn -1.00000000 0.00000000 0.00000000
vn -1.00000000 0.00000000 0.00000000
vn -1.00000000 0.00000000 0.00000000
vn -1.00000000 0.00000000 0.00000000
vn -1.00000000 0.00000000 0.00000000
vn -1.00000000 0.00000000 0.00000000
vn -1.00000000 0.00000000 0.00000000
vn -1.00000000 0.00000000 0.00000000
vn -1.00000000 0.00000000 0.00000000
vn -1.00000000 0.00000000 0.00000000
vn -1.00000000 0.00000000 0.00000000
vn -1.00000000 0.00000000 0.00000000
vn -1.00000000 0.00000000 0.00000000
vn -1.00000000 0.00000000 0.00000000
vn -1.00000000 0.00000000 0.00000000
vn -1.00000000 0.00000000 0.00000000
vn -1.00000000 0.00000000 0.00000000
vn -1.00000000 0.00000000 0.00000000
vn -1.00000000 0.00000000 0.00000000
vn -1.00000000 0.00000000 0.00000000
vn -1.00000000 0.00000000 0.00000000
vn -1.00000000 0.00000000 0.00000000
vn -1.00000000 0.00000000 0.00000000
vn -1.00000000 0.00000000 0.00000000
vn -1.00000000 0.00000000 0.00000000
vn -1.00000000 0.00000000 0.00000000
vn -1.00000000 0.00000000 0.00000000
vn -1.00000000 0.00000000 0.00000000
vn -1.00000000 0.00000000 0.00000000
vn -1.00000000 0.00000000 0.00000000
vn -1.00000000 0.00000000 0.00000000
vn -1.00000000 0.00000000 0.00000000
vn -1.00000000 0.00000000 0.00000000
vn -1.00000000 0.00000000 0.00000000
vn -1.00000000 0.00000000 0.00000000
vn -1.00000000 0.00000000 0.00000000
vn -1.00000000 0.00000000 0.00000000
vn -1.00000000 0.00000000 0.00000000
vn -1.00000000 0.00000000 0.00000000
vn -1.00000000 0.00000000 0.00000000
vn -1.00000000 0.00000000 0.00000000
vn -1.00000000 0.00000000 0.00000000
vn -1.00000000 0.00000000 0.00000000
vn -1.00000000 0.00000000 0.00000000
vn -1.00000000 0.00000000 0.00000000
vn -1.00000000 0.00000000 0.00000000
vn -1.00000000 0.00000000 0.00000000
vn -1.00000000 0.00000000 0.00000000
vn -1.00000000 0.00000000 0.00000000
vn -1.00000000 0.00000000 0.00000000
vn -1.00000000 0.00000000 0.00000000
vn -1.00000000 0.00000000 0.00000000
vn -1.00000000 0.00000000 0.00000000
vn -1.00000000 0.00000000 0.00000000
vn -1.00000000 0.00000000 0.00000000
vn -1.00000000 0.00000000 0.00000000
vn -1.00000000 0.00000000 0.00000000
vn -1.00000000 0.00000000 0.00000000
vn -1.00000000 0.00000000 0.00000000
vn -1.00000000 0.00000000 0.00000000
vn -1.00000000 0.00000000 0.00000000
vn -1.00000000 0.00000000 0.00000000
vn -1.00000000 0.00000000 0.00000000
vn -1.00000000 0.00000000 0.00000000
vn -1.00000000 0.00000000 0.00000000
vn -1.00000000 0.00000000 0.00000000
vn -1.00000000 0.00000000 0.00000000
vn -1.00000000 0.00000000 0.00000000
vn -1.00000000 0.00000000 0.00000000
vn -1.00000000 0.00000000 0.00000000
vn -1.00000000 0.00000000 0.00000000
vn -1.00000000 0.00000000 0.00000000
vn -1.00000000 0.00000000 0.00000000
vn -1.00000000 0.00000000 0.00000000
vn -1.00000000 0.00000000 0.00000000
vn -1.00000000 0.00000000 0.00000000
vn -1.00000000 0.00000000 0.00000000
vn -1.00000000 0.00000000 0.00000000
vn -1.00000000 0.00000000 0.00000000
vn -1.00000000 0.00000000 0.00000000
vn -1.00000000 0.00000000 0.00000000
vn -1.00000000 0.00000000 0.00000000
vn -1.00000000 0.00000000 0.00000000
vn -1.00000000 0.00000000 0.00000000
vn -1.00000000 0.00000000 0.00000000
vn -1.00000000 0.00000000 0.00000000
vn -1.00000000 0.00000000 0.00000000
vn -1.00000000 0.00000000 0.00000000
vn -1.00000000 0.00000000 0.00000000
vn -1.00000000 0.00000000 0.00000000
vn -0.96489471 -0.19899891 -0.17139906
vn -0.83741843 -0.21590475 -0.50211105
vn -0.99292227 -0.05680127 -0.10430234
vn -0.76502107 -0.63171739 -0.12520345
vn -0.77173001 -0.61982411 -0.14230553
vn -0.70560518 -0.70860520 0.00000000
vn -0.70560518 -0.70860520 0.00000000
vn -0.70560518 -0.70860520 0.00000000
vn -0.70560518 -0.70860520 0.00000000
vn -0.70560518 -0.70860520 0.00000000
vn -0.70560518 -0.70860520 0.00000000
vn -0.70560518 -0.70860520 0.00000000
vn -0.70560518 -0.70860520 0.00000000
vn -0.82128486 -0.53409016 0.20059630
vn -0.81042172 -0.55881497 0.17590471
vn -0.86317215 -0.37218799 0.34118899
vn -0.86317215 -0.37218799 0.34118899
vn -0.86317215 -0.37218799 0.34118899
vn -0.95621864 -0.05870114 -0.28670559
vn -1.00000000 0.00000000 0.00000000
vn -1.00000000 0.00000000 0.00000000
vn -1.00000000 0.00000000 0.00000000
vn -1.00000000 0.00000000 0.00000000
vn -1.00000000 0.00000000 0.00000000
vn -1.00000000 0.00000000 0.00000000
vn -1.00000000 0.00000000 0.00000000
vn -1.00000000 0.00000000 0.00000000
vn -0.73527098 0.00000000 -0.67777325
vn -0.73527098 0.00000000 -0.67777325
vn 0.00000000 0.00000000 1.00000000
vn 0.00000000 0.00000000 1.00000000
vn 0.00000000 0.00000000 1.00000000
vn 0.00000000 0.00000000 1.00000000
vn 0.00000000 0.00000000 1.00000000
vn 0.00000000 0.00000000 1.00000000
vn 0.00000000 0.00000000 1.00000000
vn 0.00000000 0.00000000 1.00000000
vn 0.00000000 0.00000000 1.00000000
vn 0.00000000 0.00000000 1.00000000
vn 0.00000000 0.00000000 1.00000000
vn 0.00000000 0.00000000 1.00000000
vn 0.00000000 0.00000000 1.00000000
vn 0.00000000 0.00000000 1.00000000
vn 0.00000000 0.00000000 1.00000000
vn 0.00000000 0.00000000 1.00000000
vn 0.00000000 0.00000000 1.00000000
vn 0.00000000 0.00000000 1.00000000
vn 0.00000000 0.00000000 1.00000000
vn 0.00000000 0.00000000 1.00000000
vn 0.00000000 0.00000000 1.00000000
vn 0.00000000 0.00000000 1.00000000
vn 0.00000000 0.00000000 1.00000000
vn 0.00000000 0.00000000 1.00000000
vn 0.00000000 0.00000000 1.00000000
vn 0.00000000 0.00000000 1.00000000
vn 0.00000000 0.00000000 1.00000000
vn 0.00000000 0.00000000 1.00000000
vn 0.00000000 0.00000000 1.00000000
vn 0.00000000 0.00000000 1.00000000
vn 0.00000000 0.00000000 1.00000000
vn 0.00000000 0.00000000 1.00000000
vn 0.00000000 0.00000000 1.00000000
vn 0.00000000 0.00000000 1.00000000
vn 0.00000000 0.00000000 1.00000000
vn 0.00000000 0.00000000 1.00000000
vn 0.00000000 0.00000000 1.00000000
vn 0.00000000 0.00000000 1.00000000
vn 0.00000000 0.00000000 1.00000000
vn 0.00000000 0.00000000 1.00000000
vn 0.00000000 0.00000000 1.00000000
vn 0.00010000 0.00000000 1.00000000
vn 0.00000000 0.00000000 1.00000000
vn 0.00000000 0.00000000 1.00000000
vn 0.00000000 0.00000000 1.00000000
vn 0.00000000 0.00000000 1.00000000
vn 0.00000000 0.00000000 1.00000000
vn 0.00010000 0.00030000 0.99999995
vn 0.00000000 0.00000000 1.00000000
vn 0.00000000 0.00000000 1.00000000
vn 0.00000000 0.00000000 1.00000000
vn 0.00010000 0.00000000 1.00000000
vn 0.00000000 0.00000000 1.00000000
vn 0.00010000 -0.00030000 0.99999995
vn -0.00030000 -0.00020000 0.99999994
vn -0.00010000 0.00000000 1.00000000
vn 0.00000000 0.00000000 1.00000000
vn 0.00000000 0.00000000 1.00000000
vn 0.00010000 0.00000000 1.00000000
vn 0.00010000 0.00000000 1.00000000
vn 0.00000000 0.00000000 1.00000000
vn -0.00010000 0.00000000 1.00000000
vn 0.00000000 0.00000000 1.00000000
vn -0.00010000 0.00000000 1.00000000
vn 0.00000000 0.00000000 1.00000000
vn 0.00000000 0.00000000 1.00000000
vn 0.00000000 0.00000000 1.00000000
vn 0.00000000 0.00000000 1.00000000
vn 0.00000000 0.00000000 1.00000000
vn 0.00000000 0.00000000 1.00000000
vn 0.00000000 0.00000000 1.00000000
vn 0.00000000 0.00000000 1.00000000
vn 0.00000000 0.00000000 1.00000000
vn 0.00000000 0.00000000 1.00000000
vn 0.00000000 0.00000000 1.00000000
vn 0.00000000 0.00000000 1.00000000
vn 0.00000000 0.00000000 1.00000000
vn 0.00000000 0.00000000 1.00000000
vn 0.00000000 0.00000000 1.00000000
vn 0.00000000 0.00000000 1.00000000
vn 0.00000000 0.00000000 1.00000000
vn 0.00010000 0.00000000 1.00000000
vn -0.00010000 0.00000000 1.00000000
vn 0.00010000 0.00000000 1.00000000
vn 0.00010000 0.00000000 1.00000000
vn 0.00000000 0.00000000 1.00000000
vn -0.00010000 0.00000000 1.00000000
vn -0.00010000 0.00000000 1.00000000
vn 0.00000000 0.00000000 1.00000000
vn 0.00000000 0.00000000 1.00000000
vn 0.00000000 0.00000000 1.00000000
vn 0.00000000 0.00000000 1.00000000
vn 0.00000000 0.00000000 1.00000000
vn 0.00000000 0.00000000 1.00000000
vn 0.00000000 0.00000000 1.00000000
vn 0.00000000 0.00000000 1.00000000
vn 0.00000000 0.00000000 1.00000000
vn 0.00000000 0.00000000 1.00000000
vn 0.00000000 0.00000000 1.00000000
vn 0.00000000 0.00000000 1.00000000
vn 0.00000000 0.00000000 1.00000000
vn 0.00000000 0.00000000 1.00000000
vn 0.00000000 0.00000000 1.00000000
vn 0.00000000 0.00000000 1.00000000
vn 0.00000000 0.00000000 1.00000000
vn 0.00000000 0.00000000 1.00000000
vn 0.00000000 0.00000000 1.00000000
vn 0.00000000 0.00000000 1.00000000
vn 0.00000000 0.00000000 1.00000000
vn 0.00000000 0.00000000 1.00000000
vn 0.00000000 0.00000000 1.00000000
vn 0.00000000 0.00000000 1.00000000
vn 0.00000000 0.00000000 1.00000000
vn 0.00000000 0.00000000 1.00000000
vn 0.00000000 0.00000000 1.00000000
vn 0.00000000 0.00000000 1.00000000
vn 0.00000000 0.00000000 1.00000000
vn 0.00000000 0.00000000 1.00000000
vn 0.00000000 0.00000000 1.00000000
vn 0.00000000 0.00000000 1.00000000
vn 0.00000000 0.00000000 1.00000000
vn 0.00000000 0.00000000 1.00000000
vn 0.00000000 0.00000000 1.00000000
vn 0.00000000 0.00000000 1.00000000
vn 0.00000000 0.00000000 1.00000000
vn 0.00000000 0.00000000 1.00000000
vn 0.00000000 0.00000000 1.00000000
vn 0.00000000 0.00000000 1.00000000
vn 0.00000000 0.00000000 1.00000000
vn 0.00000000 0.00000000 1.00000000
vn 0.00000000 0.00000000 1.00000000
vn 0.00000000 0.00000000 1.00000000
vn 0.00000000 0.00000000 1.00000000
vn 0.00000000 0.00000000 1.00000000
vn 0.00000000 0.00000000 1.00000000
vn 0.98934262 -0.14560627 0.00000000
vn 1.00000000 0.00000000 0.00000000
vn 1.00000000 0.00000000 0.00000000
vn 0.98934262 -0.14560627 0.00000000
vn 0.90557419 -0.42418791 0.00000000
vn 1.00000000 0.00000000 0.00000000
vn 0.98934262 -0.14560627 0.00000000
vn 0.90557419 -0.42418791 0.00000000
vn 0.80558082 -0.59248590 0.00000000
vn 0.80558082 -0.59248590 0.00000000
vn 0.90557419 -0.42418791 0.00000000
vn 0.80558082 -0.59248590 0.00000000
vn 0.98934262 -0.14560627 0.00000000
vn 0.90557419 -0.42418791 0.00000000
vn 0.80558082 -0.59248590 0.00000000
vn 0.98934262 -0.14560627 0.00000000
vn 1.00000000 0.00000000 0.00000000
vn 1.00000000 0.00000000 0.00000000
vn 1.00000000 0.00000000 0.00000000
vn 1.00000000 0.00000000 0.00000000
vn 1.00000000 0.00000000 0.00000000
vn 1.00000000 0.00000000 0.00000000
vn 1.00000000 0.00000000 0.00000000
vn 1.00000000 0.00000000 0.00000000
vn 1.00000000 0.00000000 0.00000000
vn 1.00000000 0.00000000 0.00000000
vn 1.00000000 0.00000000 0.00000000
vn 1.00000000 0.00000000 0.00000000
vn 1.00000000 0.00000000 0.00000000
vn 1.00000000 0.00000000 0.00000000
vn 1.00000000 0.00000000 0.00000000
vn 1.00000000 0.00000000 0.00000000
vn 1.00000000 0.00000000 0.00000000
vn 1.00000000 0.00000000 0.00000000
vn 1.00000000 0.00000000 0.00000000
vn 1.00000000 0.00000000 0.00000000
vn 1.00000000 0.00000000 0.00000000
vn 1.00000000 0.00000000 0.00000000
vn 1.00000000 0.00000000 0.00000000
vn 1.00000000 0.00000000 0.00000000
vn 1.00000000 0.00000000 0.00000000
vn 1.00000000 0.00000000 0.00000000
vn 1.00000000 0.00000000 0.00000000
vn 1.00000000 0.00000000 0.00000000
vn 1.00000000 0.00000000 0.00000000
vn 1.00000000 0.00000000 0.00000000
vn 1.00000000 0.00000000 0.00000000
vn 1.00000000 0.00000000 0.00000000
vn 1.00000000 0.00000000 0.00000000
vn 1.00000000 0.00000000 0.00000000
vn 1.00000000 0.00000000 0.00000000
vn 0.98934262 -0.14560627 0.00000000
vn 0.98934262 -0.14560627 0.00000000
vn 1.00000000 0.00000000 0.00000000
vn 1.00000000 0.00000000 0.00000000
vn 1.00000000 0.00000000 0.00000000
vn 0.98934262 -0.14560627 0.00000000
vn 1.00000000 0.00000000 0.00000000
vn 0.90557419 -0.42418791 0.00000000
vn 0.98934262 -0.14560627 0.00000000
vn 0.90557419 -0.42418791 0.00000000
vn 0.80558082 -0.59248590 0.00000000
vn 0.90557419 -0.42418791 0.00000000
vn 0.80558082 -0.59248590 0.00000000
vn 0.80558082 -0.59248590 0.00000000
vn 0.74218928 -0.67019032 0.00000000
vn 0.65843380 -0.75263864 0.00000000
vn 0.74218928 -0.67019032 0.00000000
vn 0.65843380 -0.75263864 0.00000000
vn 0.74218928 -0.67019032 0.00000000
vn 0.74218928 -0.67019032 0.00000000
vn 0.80558082 -0.59248590 0.00000000
vn 0.65843380 -0.75263864 0.00000000
vn 0.65843380 -0.75263864 0.00000000
vn 0.55118765 -0.83438131 0.00000000
vn 0.55118765 -0.83438131 0.00000000
vn 0.55118765 -0.83438131 0.00000000
vn 0.41260453 -0.91090999 -0.00070001
vn 0.41321249 -0.91062752 0.00360011
vn 0.24380165 -0.96980656 0.00600004
vn 0.41492261 -0.90984958 0.00360020
vn 0.41610714 -0.90931559 0.00000000
vn 0.24748976 -0.96885991 0.00769968
vn 0.55118765 -0.83438131 0.00000000
vn 0.55118765 -0.83438131 0.00000000
vn 0.65843380 -0.75263864 0.00000000
vn 0.65843380 -0.75263864 0.00000000
vn 0.41610714 -0.90931559 0.00000000
vn 0.55118765 -0.83438131 0.00000000
vn 0.25200664 -0.96772550 0.00000000
vn 0.25080933 -0.96803599 0.00100004
vn 0.12380081 -0.99230648 0.00110001
vn 0.04140176 -0.99914257 0.00010000
vn 0.04049917 -0.99917949 0.00039999
vn 0.12469932 -0.99219457 0.00010000
vn 0.12200235 -0.99251915 0.00460009
vn 0.04079865 -0.99916689 0.00099997
vn 0.05230155 -0.99862953 0.00190006
vn 0.00000000 -1.00000000 0.00000000
vn 0.00000000 -1.00000000 0.00000000
vn 0.00000000 -1.00000000 0.00000000
vn 0.00000000 -1.00000000 0.00000000
vn 0.00000000 -1.00000000 0.00000000
vn 0.00000000 -1.00000000 0.00000000
vn 0.00000000 -1.00000000 0.00000000
vn 0.00000000 -1.00000000 0.00000000
vn 0.00000000 -1.00000000 0.00000000
vn 0.00000000 -1.00000000 0.00000000
vn 0.00000000 -1.00000000 0.00000000
vn 0.00000000 -1.00000000 0.00000000
vn 0.00000000 -1.00000000 0.00000000
vn 0.00000000 -1.00000000 0.00000000
vn 0.00000000 -1.00000000 0.00000000
vn 0.00000000 -1.00000000 0.00000000
vn 0.00000000 -1.00000000 0.00000000
vn 0.00000000 -1.00000000 0.00000000
vn 0.00000000 -1.00000000 0.00000000
vn 0.00000000 -1.00000000 0.00000000
vn 0.00000000 -1.00000000 0.00000000
vn 0.00000000 -1.00000000 0.00000000
vn 0.00000000 -1.00000000 0.00000000
vn 0.00000000 -1.00000000 0.00000000
vn 0.13409553 -0.99096695 0.00169994
vn 0.15879582 -0.98727399 -0.00859977
vn 0.24429756 -0.96969033 -0.00439996
vn 0.24921095 -0.96844253 -0.00360016
vn 0.41509078 -0.90977980 -0.00059999
vn 0.25200664 -0.96772550 0.00000000
vn 0.41610714 -0.90931559 0.00000000
vn 0.16389361 -0.98646155 -0.00569978
vn 0.16679848 -0.98599101 0.00000000
vn 0.25200664 -0.96772550 0.00000000
vn 0.16679848 -0.98599101 0.00000000
vn 0.25200664 -0.96772550 0.00000000
vn 0.16679848 -0.98599101 0.00000000
vn 0.25249922 -0.96759701 -0.00040000
vn 0.16670123 -0.98600727 -0.00060000
vn 0.17750075 -0.98410416 -0.00570002
vn 0.18180039 -0.98330209 -0.00810002
vn 0.17350525 -0.98482977 -0.00250008
vn 0.11620196 -0.99321673 0.00420007
vn 0.15670630 -0.98763973 0.00330013
vn 0.07579846 -0.99707979 0.00929981
vn 0.01140040 -0.99993477 -0.00070002
vn 0.00000000 -1.00000000 0.00000000
vn 0.03420050 -0.99941467 -0.00080001
vn 0.00000000 -1.00000000 0.00000000
vn 0.04150160 -0.99913843 0.00010000
vn 0.12540078 -0.99210616 0.00010000
vn 0.16530706 -0.98624214 0.00010000
vn 0.25099686 -0.96798790 0.00010000
vn 0.41789735 -0.90849425 0.00000000
vn 0.24989314 -0.96827342 0.00000000
vn 0.41700246 -0.90890536 0.00000000
vn 0.55118765 -0.83438131 0.00000000
vn 0.55118765 -0.83438131 0.00000000
vn 0.65843380 -0.75263864 0.00000000
vn 0.65843380 -0.75263864 0.00000000
vn 0.74218928 -0.67019032 0.00000000
vn 0.74218928 -0.67019032 0.00000000
vn 0.74218928 -0.67019032 0.00000000
vn 0.65843380 -0.75263864 0.00000000
vn 0.65843380 -0.75263864 0.00000000
vn 0.55118765 -0.83438131 0.00000000
vn 0.41631032 -0.90922254 -0.00030001
vn 0.55118765 -0.83438131 0.00000000
vn 0.41797989 -0.90845628 0.00000000
vn 0.25090313 -0.96801207 -0.00050001
vn 0.41610714 -0.90931559 0.00000000
vn 0.55118765 -0.83438131 0.00000000
vn 0.65843380 -0.75263864 0.00000000
vn 0.65843380 -0.75263864 0.00000000
vn 0.74218928 -0.67019032 0.00000000
vn 0.74218928 -0.67019032 0.00000000
vn 0.55118765 -0.83438131 0.00000000
vn 0.65843380 -0.75263864 0.00000000
vn 0.55118765 -0.83438131 0.00000000
vn 0.41610714 -0.90931559 0.00000000
vn 0.74218928 -0.67019032 0.00000000
vn 0.74218928 -0.67019032 0.00000000
vn 0.80558082 -0.59248590 0.00000000
vn 0.80558082 -0.59248590 0.00000000
vn 0.80558082 -0.59248590 0.00000000
vn 0.90557419 -0.42418791 0.00000000
vn 0.90557419 -0.42418791 0.00000000
vn 0.98934262 -0.14560627 0.00000000
vn 0.98934262 -0.14560627 0.00000000
vn 0.90557419 -0.42418791 0.00000000
vn 0.90557419 -0.42418791 0.00000000
vn 0.00000000 -1.00000000 0.00000000
vn 0.00000000 -1.00000000 0.00000000
vn 0.00000000 -1.00000000 0.00000000
vn 0.00000000 -1.00000000 0.00000000
vn 0.00000000 -1.00000000 0.00000000
vn 0.00000000 -1.00000000 0.00000000
vn 0.00000000 -1.00000000 0.00000000
vn 0.00000000 -1.00000000 0.00000000
vn 0.74218928 -0.67019032 0.00000000
vn 0.74218928 -0.67019032 0.00000000
vn 0.80558082 -0.59248590 0.00000000
vn 0.80558082 -0.59248590 0.00000000
vn 0.90557419 -0.42418791 0.00000000
vn 0.98934262 -0.14560627 0.00000000
vn 0.98934262 -0.14560627 0.00000000
vn 0.90557419 -0.42418791 0.00000000
vn 1.00000000 0.00000000 0.00000000
vn 1.00000000 0.00000000 0.00000000
vn 1.00000000 0.00000000 0.00000000
vn 1.00000000 0.00000000 0.00000000
vn 1.00000000 0.00000000 0.00000000
vn 1.00000000 0.00000000 0.00000000
vn 1.00000000 0.00000000 0.00000000
vn 1.00000000 0.00000000 0.00000000
vn 1.00000000 0.00000000 0.00000000
vn 1.00000000 0.00000000 0.00000000
vn 1.00000000 0.00000000 0.00000000
vn 1.00000000 0.00000000 0.00000000
vn 1.00000000 0.00000000 0.00000000
vn 1.00000000 0.00000000 0.00000000
vn 1.00000000 0.00000000 0.00000000
vn 1.00000000 0.00000000 0.00000000
vn 1.00000000 0.00000000 0.00000000
vn 1.00000000 0.00000000 0.00000000
vn 1.00000000 0.00000000 0.00000000
vn 1.00000000 0.00000000 0.00000000
vn 1.00000000 0.00000000 0.00000000
vn 1.00000000 0.00000000 0.00000000
vn 1.00000000 0.00000000 0.00000000
vn 0.00000000 0.00000000 -1.00000000
vn 0.00000000 0.00000000 -1.00000000
vn 0.00000000 0.00000000 -1.00000000
vn 0.00000000 0.00000000 -1.00000000
vn 0.00000000 0.00000000 -1.00000000
vn 0.00000000 0.00000000 -1.00000000
vn 0.00000000 0.00000000 -1.00000000
vn 0.00000000 0.00000000 -1.00000000
vn 0.00010000 -0.00030000 -0.99999995
vn 0.00000000 0.00000000 -1.00000000
vn 0.00000000 0.00000000 -1.00000000
vn 0.00000000 0.00000000 -1.00000000
vn 0.00000000 0.00000000 -1.00000000
vn 0.00000000 0.00000000 -1.00000000
vn 0.00000000 0.00000000 -1.00000000
vn 0.00000000 0.00000000 -1.00000000
vn 0.00000000 0.00000000 -1.00000000
vn 0.00000000 0.00000000 -1.00000000
vn 0.00000000 0.00000000 -1.00000000
vn 0.00000000 0.00000000 -1.00000000
vn 0.00000000 0.00000000 -1.00000000
vn 0.00000000 0.00000000 -1.00000000
vn 0.00000000 0.00000000 -1.00000000
vn 0.00000000 0.00000000 -1.00000000
vn 0.00000000 0.00000000 -1.00000000
vn 0.00000000 0.00000000 -1.00000000
vn 0.00000000 0.00000000 -1.00000000
vn 0.00000000 0.00000000 -1.00000000
vn 0.00000000 0.00000000 -1.00000000
vn 0.00000000 0.00000000 -1.00000000
vn 0.00000000 0.00000000 -1.00000000
vn 0.00000000 0.00000000 -1.00000000
vn 0.00000000 0.00000000 -1.00000000
vn 0.00000000 0.00000000 -1.00000000
vn 0.00000000 0.00000000 -1.00000000
vn 0.00000000 0.00000000 -1.00000000
vn 0.00000000 0.00000000 -1.00000000
vn 0.00000000 0.00000000 -1.00000000
vn 0.00000000 0.00000000 -1.00000000
vn 0.00000000 0.00000000 -1.00000000
vn 0.00000000 0.00000000 -1.00000000
vn 0.00000000 0.00000000 -1.00000000
vn 0.00000000 0.00000000 -1.00000000
vn 0.00000000 0.00000000 -1.00000000
vn 0.00000000 0.00000000 -1.00000000
vn 0.00000000 0.00000000 -1.00000000
vn 0.00000000 0.00000000 -1.00000000
vn 0.00000000 0.00000000 -1.00000000
vn 0.00000000 0.00000000 -1.00000000
vn 0.00000000 0.00000000 -1.00000000
vn 0.00000000 0.00000000 -1.00000000
vn 0.00000000 0.00000000 -1.00000000
vn 0.00000000 0.00000000 -1.00000000
vn 0.00000000 0.00000000 -1.00000000
vn 0.00000000 0.00000000 -1.00000000
vn 0.00000000 0.00000000 -1.00000000
vn 0.00000000 0.00000000 -1.00000000
vn 0.00000000 0.00000000 -1.00000000
vn 0.00000000 0.00000000 -1.00000000
vn 0.00000000 0.00000000 -1.00000000
vn 0.00000000 0.00000000 -1.00000000
vn 0.00000000 0.00000000 -1.00000000
vn 0.00000000 0.00000000 -1.00000000
vn 0.00000000 0.00000000 -1.00000000
vn 0.00000000 0.00000000 -1.00000000
vn 0.00000000 0.00000000 -1.00000000
vn 0.00000000 0.00000000 -1.00000000
vn 0.00000000 0.00000000 -1.00000000
vn 0.00000000 0.00000000 -1.00000000
vn 0.00000000 0.00000000 -1.00000000
vn 0.00000000 0.00000000 -1.00000000
vn 0.00000000 0.00000000 -1.00000000
vn 0.00000000 0.00000000 -1.00000000
vn 0.00000000 0.00000000 -1.00000000
vn 0.00000000 0.00000000 -1.00000000
vn 0.00000000 0.00000000 -1.00000000
vn 0.00000000 0.00000000 -1.00000000
vn 0.00000000 0.00000000 -1.00000000
vn 0.00000000 0.00000000 -1.00000000
vn 0.00000000 0.00000000 -1.00000000
vn 0.00000000 0.00000000 -1.00000000
vn 0.00000000 0.00000000 -1.00000000
vn 0.00000000 0.00000000 -1.00000000
vn 0.00000000 0.00000000 -1.00000000
vn 0.00000000 0.00000000 -1.00000000
vn 0.00000000 0.00000000 -1.00000000
vn 0.00000000 0.00000000 -1.00000000
vn 0.00000000 0.00000000 -1.00000000
vn 0.00000000 0.00000000 -1.00000000
vn 0.00000000 0.00000000 -1.00000000
vn 0.00000000 0.00000000 -1.00000000
vn 0.00000000 0.00000000 -1.00000000
vn 0.00000000 0.00000000 -1.00000000
vn 0.00000000 0.00000000 -1.00000000
vn 0.00000000 0.00000000 -1.00000000
vn 0.00000000 0.00000000 -1.00000000
vn 0.00000000 0.00000000 -1.00000000
vn 0.00000000 0.00000000 -1.00000000
vn 0.00000000 0.00000000 -1.00000000
vn 0.00000000 0.00000000 -1.00000000
vn 0.00000000 0.00000000 -1.00000000
vn 0.00000000 0.00000000 -1.00000000
vn 0.00000000 0.00000000 -1.00000000
vn 0.00000000 0.00000000 -1.00000000
vn 0.00000000 0.00000000 -1.00000000
vn 0.00000000 0.00000000 -1.00000000
vn 0.00000000 0.00000000 -1.00000000
vn 0.00000000 0.00000000 -1.00000000
vn 0.00000000 0.00000000 -1.00000000
vn 0.00000000 0.00000000 -1.00000000
vn 0.00000000 0.00000000 -1.00000000
vn 0.00000000 0.00000000 -1.00000000
vn 0.00000000 0.00000000 -1.00000000
vn 0.00000000 0.00000000 -1.00000000
vn 0.00000000 0.00000000 -1.00000000
vn 0.00000000 0.00000000 -1.00000000
vn 0.00000000 0.00000000 -1.00000000
vn 0.00000000 0.00000000 -1.00000000
vn 0.00000000 0.00000000 -1.00000000
vn 0.00000000 0.00000000 -1.00000000
vn 0.00000000 0.00000000 -1.00000000
vn -0.71579734 -0.69439742 0.07379973
vn -0.68907572 -0.67227632 0.27059047
vn -0.69230915 -0.67320890 0.25980343
vn -0.71500807 -0.69590786 0.06690076
vn -0.70560518 -0.70860520 0.00000000
vn -0.70560518 -0.70860520 0.00000000
vn -0.70560518 -0.70860520 0.00000000
vn -0.70560518 -0.70860520 0.00000000
vn -0.70560518 -0.70860520 0.00000000
vn -0.70560518 -0.70860520 0.00000000
vn -0.71828669 -0.69528711 -0.02529953
vn -0.71852596 -0.69502511 -0.02570093
vn -0.93421523 -0.32000522 -0.15760257
vn -0.78589717 -0.57179794 -0.23539915
vn -0.74340789 -0.43400461 -0.50890540
vn -0.84068851 -0.21869701 -0.49539323
vn -0.52590836 -0.42540676 -0.73651170
vn -0.52890210 -0.21190084 -0.82180326
vn -0.87991055 -0.01490018 -0.47490569
vn -0.73338479 -0.01759963 -0.67958591
vn -0.24669033 -0.04249833 -0.96816206
vn -0.12189805 -0.37399402 -0.91938530
vn 0.00000000 0.00000000 -1.00000000
vn -0.24230690 -0.56161599 -0.79112252
vn 0.00000000 -0.73670982 -0.67620902
vn 0.00000000 -0.73670982 -0.67620902
vn -0.12440017 -0.02140003 -0.99200133
vn 0.00000000 0.00000000 -1.00000000
vn 0.00000000 0.00000000 -1.00000000
vn 0.00000000 0.00000000 -1.00000000
vn 0.00000000 0.00000000 -1.00000000
vn 0.00000000 0.00000000 -1.00000000
vn 0.00000000 0.00000000 -1.00000000
vn 0.00000000 0.00000000 -1.00000000
vn 0.00000000 0.00000000 -1.00000000
vn 0.00000000 0.00000000 -1.00000000
vn 0.00000000 -0.73670982 -0.67620902
vn 0.00000000 -0.73670982 -0.67620902
vn 0.00000000 -0.73670982 -0.67620902
vn 0.00000000 -0.73670982 -0.67620902
vn 0.00000000 -0.73670982 -0.67620902
vn 0.00000000 -0.73670982 -0.67620902
vn 0.00000000 -0.73670982 -0.67620902
vn 0.00000000 -0.73670982 -0.67620902
vn -0.98990933 0.00050000 -0.14170134
vn -0.99993199 0.00600019 -0.01000032
vn -0.99992607 0.00630016 -0.01040027
vn -1.00000000 0.00000000 0.00000000
vn -1.00000000 0.00000000 0.00000000
vn -1.00000000 0.00000000 0.00000000
vn -1.00000000 0.00000000 0.00000000
vn -1.00000000 0.00000000 0.00000000
vn -1.00000000 0.00000000 0.00000000
vn -0.99276235 0.00000000 0.12009545
vn -0.99276235 0.00000000 0.12009545
vn -0.94076682 0.00669976 0.33898805
vn -0.87720104 0.01760002 0.47980057
vn -0.93974185 0.00690031 0.34181522
vn -0.87698495 0.01769970 0.48019176
vn -0.85494595 0.02159863 0.51826723
vn -0.85491904 0.02160048 0.51831154
vn -0.59660399 -0.69620465 0.39920267
vn -0.61667658 -0.68147412 0.39408503
vn -0.37150597 -0.71561150 0.59150951
vn -0.46928852 -0.72328230 0.50658760
vn -0.19680815 -0.70142904 0.68502836
vn -0.11029869 -0.70179166 0.70379164
vn -0.01730030 -0.71811243 0.69571204
vn 0.00000000 -0.73670982 0.67620902
vn -0.01760037 -0.71771498 0.69611453
vn 0.00000000 -0.73670982 0.67620902
vn 0.00000000 -0.73670982 0.67620902
vn 0.00000000 -0.73670982 0.67620902
vn 0.00000000 -0.73670982 0.67620902
vn 0.00000000 -0.73670982 0.67620902
vn 0.00000000 -0.73670982 0.67620902
vn 0.00000000 -0.73670982 0.67620902
vn 0.00000000 -1.00000000 0.00000000
vn 0.00000000 -1.00000000 0.00000000
vn 0.00000000 -1.00000000 0.00000000
vn 0.00000000 -1.00000000 0.00000000
vn 0.00000000 -1.00000000 0.00000000
vn 0.00000000 -1.00000000 0.00000000
vn 0.00000000 -1.00000000 0.00000000
vn 0.00000000 -1.00000000 0.00000000
vn 0.00000000 -1.00000000 0.00000000
vn 0.00000000 -1.00000000 0.00000000
vn 0.00000000 -1.00000000 0.00000000
vn 0.00000000 -1.00000000 0.00000000
vn 0.00000000 -1.00000000 0.00000000
vn 0.00000000 -1.00000000 0.00000000
vn 0.00000000 -1.00000000 0.00000000
vn 0.00000000 -1.00000000 0.00000000
vn 0.00000000 -1.00000000 0.00000000
vn 0.00000000 -1.00000000 0.00000000
vn 0.00000000 -1.00000000 0.00000000
vn 0.00000000 -1.00000000 0.00000000
vn 0.00000000 -1.00000000 0.00000000
vn -0.00249999 -0.99999423 0.00229999
vn -0.01430021 -0.99981453 0.01290019
vn -0.00409994 -0.99998475 0.00369994
vn 0.00000000 -1.00000000 0.00000000
vn 0.00000000 -1.00000000 0.00000000
vn 0.00000000 -1.00000000 0.00000000
vn -0.01430021 -0.99981453 0.01290019
vn -0.01430021 -0.99981453 0.01290019
vn -0.01430021 -0.99981453 0.01290019
vn 0.00000000 -1.00000000 0.00000000
vn 0.00000000 -1.00000000 0.00000000
vn 0.00000000 -1.00000000 0.00000000
vn 0.00000000 -1.00000000 0.00000000
vn 0.00000000 -1.00000000 0.00000000
vn 0.00000000 -1.00000000 0.00000000
vn 0.00000000 -1.00000000 0.00000000
vn 0.00000000 -1.00000000 0.00000000
vn 0.00000000 -1.00000000 0.00000000
vn 0.00000000 -1.00000000 0.00000000
vn 0.00000000 -1.00000000 0.00000000
vn 0.00000000 -1.00000000 0.00000000
vn 0.00000000 -1.00000000 0.00000000
vn 0.00000000 1.00000000 0.00000000
vn 0.00000000 1.00000000 0.00000000
vn 0.00000000 1.00000000 0.00000000
vn 0.00000000 1.00000000 0.00000000
vn 0.00000000 1.00000000 0.00000000
vn 0.00000000 1.00000000 0.00000000
vn 0.00000000 1.00000000 0.00000000
vn 0.00000000 1.00000000 0.00000000
vn 0.00000000 1.00000000 0.00000000
vn 0.00000000 1.00000000 0.00000000
vn 0.00000000 1.00000000 0.00000000
vn 0.00000000 1.00000000 0.00000000
vn 0.00000000 1.00000000 0.00000000
vn 0.00000000 1.00000000 0.00000000
vn 0.00000000 1.00000000 0.00000000
vn 0.00000000 1.00000000 0.00000000
vn 0.00000000 1.00000000 0.00000000
vn 0.00000000 1.00000000 0.00000000
vn 0.00000000 1.00000000 0.00000000
vn 0.00000000 1.00000000 0.00000000
vn 0.00000000 1.00000000 0.00000000
vn 0.00000000 1.00000000 0.00000000
vn 0.00000000 1.00000000 0.00000000
vn 0.00000000 1.00000000 0.00000000
vn 0.00000000 1.00000000 0.00000000
vn 0.00000000 1.00000000 0.00000000
vn 0.00000000 1.00000000 0.00000000
vn 0.00000000 1.00000000 0.00000000
vn 0.00000000 1.00000000 0.00000000
vn 0.00000000 1.00000000 0.00000000
vn 0.00000000 1.00000000 0.00000000
vn 0.00000000 1.00000000 0.00000000
vn 0.00000000 1.00000000 0.00000000
vn 0.00000000 1.00000000 0.00000000
vn 0.00000000 1.00000000 0.00000000
vn 0.00000000 1.00000000 0.00000000
vn 0.00000000 1.00000000 0.00000000
vn 0.00000000 1.00000000 0.00000000
vn 0.00000000 0.00000000 1.00000000
vn -0.04119798 0.00000000 0.99915100
vn -0.04119798 0.00000000 0.99915100
vn 0.00000000 0.00000000 1.00000000
vn 0.00000000 0.00000000 1.00000000
vn 0.00000000 0.00000000 1.00000000
vn 0.00000000 0.00000000 1.00000000
vn 0.00000000 0.00000000 1.00000000
vn 0.00000000 0.00000000 1.00000000
vn 0.00000000 0.00000000 1.00000000
vn -0.28390559 0.00800016 0.95881886
vn -0.28250920 0.00800026 0.95923123
vn -0.47348002 0.01579933 0.88066285
vn -0.47348002 0.01579933 0.88066285
vn 0.00000000 1.00000000 0.00000000
vn 0.00000000 1.00000000 0.00000000
vn 0.00000000 1.00000000 0.00000000
vn 0.00000000 1.00000000 0.00000000
vn 0.00000000 1.00000000 0.00000000
vn 0.00000000 1.00000000 0.00000000
vn 0.00000000 1.00000000 0.00000000
vn 0.00000000 1.00000000 0.00000000
vn 0.00000000 1.00000000 0.00000000
vn 0.00000000 1.00000000 0.00000000
vn 0.00000000 1.00000000 0.00000000
vn 0.00000000 1.00000000 0.00000000
vn 0.00000000 1.00000000 0.00000000
vn 0.00000000 1.00000000 0.00000000
vn 0.00000000 1.00000000 0.00000000
vn 0.00000000 1.00000000 0.00000000
vn 0.00000000 1.00000000 0.00000000
vn 0.00000000 1.00000000 0.00000000
vn 0.00000000 1.00000000 0.00000000
vn 0.00000000 1.00000000 0.00000000
vn 0.00000000 1.00000000 0.00000000
vn 0.00000000 1.00000000 0.00000000
vn 0.00000000 1.00000000 0.00000000
vn 0.00000000 1.00000000 0.00000000
vn 0.00000000 0.00000000 -1.00000000
vn -0.00030000 0.00000000 -0.99999996
vn -0.00030000 0.00000000 -0.99999996
vn -0.00030000 0.00000000 -0.99999996
vn 0.00000000 0.00000000 -1.00000000
vn 0.00000000 0.00000000 -1.00000000
vn 0.00000000 -1.00000000 0.00000000
vn 0.00000000 -1.00000000 0.00000000
vn 0.00000000 -1.00000000 0.00000000
vn 0.00000000 -1.00000000 0.00000000
vn -0.27130784 -0.81152346 0.51751496
vn -0.16880085 -0.74840376 0.64140322
vn -0.34950234 -0.88750595 0.30030201
vn -0.41349723 -0.88079411 0.23069846
vn -0.25729790 -0.83259321 0.49049600
vn -0.19730382 -0.74891451 0.63261225
vn -0.02589906 -0.73857324 0.67367559
vn -0.02680020 -0.73860548 0.67360500
vn 0.00000000 -0.73670982 0.67620902
vn 0.00000000 -0.73670982 0.67620902
vn 0.00000000 -0.73670982 0.67620902
vn 0.00000000 -0.73670982 0.67620902
vn 0.00000000 -0.73670982 0.67620902
vn 0.00000000 -0.73670982 0.67620902
vn 0.00000000 -0.73670982 0.67620902
vn 0.00000000 -0.73670982 0.67620902
vn -0.58102523 -0.80413491 0.12560545
vn -0.57321981 -0.81032800 0.12160420
vn -0.64077989 -0.76337605 0.08159744
vn -0.64139384 -0.76369266 0.07339930
vn -0.64358130 -0.76537776 0.00000000
vn -0.64358130 -0.76537776 0.00000000
vn -0.64358130 -0.76537776 0.00000000
vn -0.64358130 -0.76537776 0.00000000
vn -0.64358130 -0.76537776 0.00000000
vn -0.63427125 -0.77306496 -0.00839962
vn -0.64358130 -0.76537776 0.00000000
vn -0.63438057 -0.77297633 -0.00829975
vn -0.62550441 -0.77870549 -0.04860034
vn -0.62549892 -0.77799865 -0.05889990
vn -0.54640433 -0.80520638 -0.23040182
vn -0.25199796 -0.78379365 -0.56759540
vn -0.50571901 -0.81163051 -0.29241099
vn -0.30509347 -0.79678295 -0.52158884
vn -0.07430031 -0.73890303 -0.66970275
vn -0.04950048 -0.73870710 -0.67220646
vn 0.00000000 -0.73670982 -0.67620902
vn 0.00000000 -0.73670982 -0.67620902
vn 0.00000000 -0.73670982 -0.67620902
vn 0.00000000 -0.73670982 -0.67620902
vn 0.00000000 -0.73670982 -0.67620902
vn 0.00000000 -0.73670982 -0.67620902
vn 0.00000000 -0.73670982 -0.67620902
vn 0.00000000 -0.73670982 -0.67620902
vn 0.00000000 -0.73670982 -0.67620902
vn 0.00000000 -0.73670982 -0.67620902
vn -0.73532082 0.00000000 -0.67771919
vn -0.73532082 0.00000000 -0.67771919
vn -0.73532082 0.00000000 -0.67771919
vn -0.73532082 0.00000000 -0.67771919
vn -0.73532082 0.00000000 -0.67771919
vn -0.73532082 0.00000000 -0.67771919
vn -0.73532082 0.00000000 -0.67771919
vn -0.73532082 0.00000000 -0.67771919
vn -0.73532082 0.00000000 -0.67771919
vn -0.73532082 0.00000000 -0.67771919
vn -0.73532082 0.00000000 -0.67771919
vn -0.73532082 0.00000000 -0.67771919
vn -0.73532082 0.00000000 -0.67771919
vn -0.73527098 0.00000000 -0.67777325
vn -0.73532082 0.00000000 -0.67771919
vn -0.73527098 0.00000000 -0.67777325
vn -0.73532082 0.00000000 -0.67771919
vn -0.73532082 0.00000000 -0.67771919
vn -0.73527098 0.00000000 -0.67777325
vn -0.73532082 0.00000000 -0.67771919
vn -0.73532082 0.00000000 -0.67771919
vn -0.73532082 0.00000000 -0.67771919
vn -0.73532082 0.00000000 -0.67771919
vn -0.73532082 0.00000000 -0.67771919
vn -0.73532082 0.00000000 -0.67771919
vn -0.73532082 0.00000000 -0.67771919
vn -0.73532082 0.00000000 -0.67771919
vn -0.73527098 0.00000000 0.67777325
vn -0.73532082 0.00000000 0.67771919
vn -0.73527098 0.00000000 0.67777325
vn -0.73527098 0.00000000 0.67777325
vn -0.73527098 0.00000000 0.67777325
vn -0.73527098 0.00000000 0.67777325
vn -0.73532082 0.00000000 0.67771919
vn -0.73532082 0.00000000 0.67771919
vn -0.73532082 0.00000000 0.67771919
vn -0.73532082 0.00000000 0.67771919
vn -0.73527098 0.00000000 0.67777325
vn -0.73532082 0.00000000 0.67771919
vn -0.73532082 0.00000000 0.67771919
vn -0.73527098 0.00000000 0.67777325
vn -0.73532082 0.00000000 0.67771919
vn -0.73527098 0.00000000 0.67777325
vn -0.73532082 0.00000000 0.67771919
vn -0.73532082 0.00000000 0.67771919
vn -0.73532082 0.00000000 0.67771919
vn -0.73532082 0.00000000 0.67771919
vn -0.73532082 0.00000000 0.67771919
vn -0.73532082 0.00000000 0.67771919
vn -0.73527098 0.00000000 0.67777325
vn -0.73532082 0.00000000 0.67771919
vn -0.73527098 0.00000000 0.67777325
vn -0.73532082 0.00000000 0.67771919
vn -0.73527098 0.00000000 0.67777325
vn -0.73527098 0.00000000 0.67777325
vn -0.73532082 0.00000000 0.67771919
vn -0.73532082 0.00000000 0.67771919
vn -0.73527098 0.00000000 0.67777325
vn -0.73532082 0.00000000 0.67771919
vn -0.73527098 0.00000000 0.67777325
vn -0.73532082 0.00000000 0.67771919
vn -0.73527098 0.00000000 0.67777325
vn -0.73527098 0.00000000 0.67777325
vn 0.73527098 0.00000000 -0.67777325
vn 0.73527098 0.00000000 -0.67777325
vn 0.73527098 0.00000000 -0.67777325
vn 0.73527098 0.00000000 -0.67777325
vn 0.74252291 0.00000000 -0.66982067
vn 0.74256777 0.00000000 -0.66977093
vn 0.73780965 0.00000000 -0.67500883
vn 0.74719963 0.00000000 -0.66459967
vn 0.74973862 0.00000000 -0.66173409
vn 0.72667437 -0.21859229 -0.65127703
vn 0.75707622 -0.07609761 -0.64887962
vn 0.67381836 -0.35410965 -0.64851767
vn 0.59702831 -0.42812030 -0.67843217
vn 0.61020121 -0.41050081 -0.67760134
vn 0.56777793 -0.46528191 -0.67907360
vn 0.54818783 -0.48888914 -0.67858493
vn 0.50781012 -0.53131059 -0.67811351
vn 0.40829157 -0.60958741 -0.67948597
vn 0.43030996 -0.59341374 -0.68021575
vn 0.48641803 -0.54922036 -0.67952519
vn 0.32819211 -0.65588423 -0.67978365
vn 0.30489635 -0.66549203 -0.68129184
vn 0.20409854 -0.70249498 -0.68179513
vn 0.09600117 -0.72940888 -0.67730825
vn 0.18899738 -0.70729019 -0.68119056
vn 0.09279482 -0.72995924 -0.67716219
vn 0.03259887 -0.73537444 -0.67687647
vn 0.00000000 -0.73670982 -0.67620902
vn 0.00000000 -0.73670982 -0.67620902
vn 0.03390044 -0.73500954 -0.67720879
vn 0.00000000 -0.73670982 -0.67620902
vn 0.00000000 -0.73670982 -0.67620902
vn 0.00000000 -0.73670982 -0.67620902
vn 0.00000000 -0.73670982 -0.67620902
vn 0.00000000 -0.73670982 -0.67620902
vn 0.00000000 -0.73670982 -0.67620902
vn 0.00000000 -0.73670982 -0.67620902
vn 0.00000000 -0.73670982 -0.67620902
vn 0.00000000 -0.73670982 -0.67620902
vn 0.00000000 -0.73670982 -0.67620902
vn 0.73527098 0.00000000 -0.67777325
vn 0.73527098 0.00000000 -0.67777325
vn 0.73527098 0.00000000 0.67777325
vn 0.73532082 0.00000000 0.67771919
vn 0.73532082 0.00000000 0.67771919
vn 0.73532082 0.00000000 0.67771919
vn 0.73527098 0.00000000 0.67777325
vn 0.73527098 0.00000000 0.67777325
vn 0.74256777 0.00000000 0.66977093
vn 0.74252291 0.00000000 0.66982067
vn 0.74719963 0.00000000 0.66459967
vn 0.73780965 0.00000000 0.67500883
vn 0.75707622 -0.07609761 0.64887962
vn 0.72667437 -0.21859229 0.65127703
vn 0.67381836 -0.35410965 0.64851767
vn 0.59702831 -0.42812030 0.67843217
vn 0.61020121 -0.41050081 0.67760134
vn 0.56772230 -0.46541828 0.67902667
vn 0.54818783 -0.48888914 0.67858493
vn 0.48641803 -0.54922036 0.67952519
vn 0.40829157 -0.60958741 0.67948597
vn 0.50770147 -0.53130154 0.67820196
vn 0.43030996 -0.59341374 0.68021575
vn 0.32812440 -0.65584877 0.67985055
vn 0.30480564 -0.66551232 0.68131261
vn 0.18901025 -0.70733837 0.68113695
vn 0.20409854 -0.70249498 0.68179513
vn 0.12289952 -0.72639716 0.67619736
vn 0.09190251 -0.73001991 0.67721847
vn 0.12289952 -0.72639716 0.67619736
vn 0.09549827 -0.72958678 0.67718773
vn 0.03279941 -0.73498672 0.67728776
vn 0.00000000 -0.73670982 0.67620902
vn 0.03160065 -0.73501512 0.67731394
vn 0.00000000 -0.73670982 0.67620902
vn 0.00000000 -0.73670982 0.67620902
vn 0.00000000 -0.73670982 0.67620902
vn 0.00000000 -0.73670982 0.67620902
vn 0.00000000 -0.73670982 0.67620902
vn 0.00000000 -0.73670982 0.67620902
vn 0.00000000 -0.73670982 0.67620902
vn 0.00000000 -0.73670982 0.67620902
vn 0.00000000 -0.73670982 0.67620902
vn 0.74978241 0.00000000 0.66168447
vn 0.73532082 0.00000000 0.67771919
vn 0.73532082 0.00000000 0.67771919
vn 0.00000000 0.73670982 -0.67620902
vn 0.00000000 0.73670982 -0.67620902
vn 0.00000000 0.73670982 -0.67620902
vn 0.00000000 0.73670982 -0.67620902
vn 0.00000000 0.73670982 -0.67620902
vn 0.00000000 0.73670982 -0.67620902
vn 0.00000000 0.73670982 -0.67620902
vn 0.00000000 0.73670982 -0.67620902
vn 0.00000000 0.73670982 -0.67620902
vn 0.00000000 0.73670982 -0.67620902
vn 0.00000000 0.73670982 -0.67620902
vn 0.00000000 0.73670982 -0.67620902
vn 0.00000000 0.73670982 -0.67620902
vn 0.00000000 0.73670982 -0.67620902
vn 0.00000000 0.73670982 -0.67620902
vn 0.00000000 0.73670982 -0.67620902
vn 0.00000000 0.73670982 -0.67620902
vn 0.00000000 0.73670982 -0.67620902
vn 0.70560518 0.70860520 0.00000000
vn 0.70560518 0.70860520 0.00000000
vn 0.70560518 0.70860520 0.00000000
vn 0.70560518 0.70860520 0.00000000
vn 0.70560518 0.70860520 0.00000000
vn 0.70560518 0.70860520 0.00000000
vn 0.59028624 0.79958137 0.11059742
vn 0.69434362 0.71954521 0.01190075
vn 0.57578614 0.80828054 0.12309704
vn 0.57579323 0.80829049 0.12299855
vn 0.70560518 0.70860520 0.00000000
vn 0.70560518 0.70860520 0.00000000
vn 0.70560518 0.70860520 0.00000000
vn 0.70560518 0.70860520 0.00000000
vn 0.70560518 0.70860520 0.00000000
vn 0.70560518 0.70860520 0.00000000
vn 0.70560518 0.70860520 0.00000000
vn 0.70560518 0.70860520 0.00000000
vn 0.70560518 0.70860520 0.00000000
vn 0.70560518 0.70860520 0.00000000
vn 0.70560518 0.70860520 0.00000000
vn 0.70560518 0.70860520 0.00000000
vn 0.00000000 0.73670982 0.67620902
vn 0.00000000 0.73670982 0.67620902
vn 0.00000000 0.73670982 0.67620902
vn 0.00000000 0.73670982 0.67620902
vn 0.00000000 0.73670982 0.67620902
vn 0.00000000 0.73670982 0.67620902
vn 0.00000000 0.73670982 0.67620902
vn 0.00000000 0.73670982 0.67620902
vn 0.00000000 0.73670982 0.67620902
vn 0.00000000 0.73670982 0.67620902
vn 0.00000000 0.73670982 0.67620902
vn 0.00000000 0.73670982 0.67620902
vn 0.00000000 0.73670982 0.67620902
vn 0.00000000 0.73670982 0.67620902
vn 0.00000000 0.73670982 0.67620902
vn 0.00000000 0.73670982 0.67620902
vn 0.00000000 0.73670982 0.67620902
vn 0.00000000 0.73670982 0.67620902
vn 0.57588898 0.80788455 -0.12519760
vn 0.55648075 0.81867168 -0.14179510
vn 0.55648864 0.81868329 -0.14169711
vn 0.69037213 0.72327080 -0.01629934
vn 0.70560518 0.70860520 0.00000000
vn 0.70560518 0.70860520 0.00000000
vn 0.70560518 0.70860520 0.00000000
vn 0.70560518 0.70860520 0.00000000
vn -0.68133430 -0.68423444 0.26001309
vn -0.68129885 -0.68419885 0.26019956
vn -0.68133430 -0.68423444 -0.26001309
vn -0.70097945 -0.70397936 0.11419665
vn -0.64870782 -0.65140785 0.39350474
vn -0.70097945 -0.70397936 -0.11419665
vn -0.64890814 -0.65120817 -0.39350494
vn -0.68129885 -0.68419885 -0.26019956
vn -0.59148216 -0.59398208 0.54528355
vn -0.59151441 -0.59401447 0.54521328
vn -0.59151441 -0.59401447 0.54521328
vn -0.59151441 -0.59401447 0.54521328
vn -0.59151441 -0.59401447 0.54521328
vn -0.70560518 -0.70860520 0.00000000
vn -0.70560518 -0.70860520 0.00000000
vn -0.70560518 -0.70860520 0.00000000
vn -0.70560518 -0.70860520 0.00000000
vn -0.70560518 -0.70860520 0.00000000
vn -0.70560518 -0.70860520 0.00000000
vn -0.70560518 -0.70860520 0.00000000
vn -0.70560518 -0.70860520 0.00000000
vn -0.70560518 -0.70860520 0.00000000
vn -0.70560518 -0.70860520 0.00000000
vn -0.70560518 -0.70860520 0.00000000
vn -0.70560518 -0.70860520 0.00000000
vn -0.73532082 0.00000000 0.67771919
vn -0.73532082 0.00000000 0.67771919
vn -0.73532082 0.00000000 0.67771919
vn -0.73532082 0.00000000 0.67771919
vn -0.70560518 -0.70860520 0.00000000
vn -0.70570538 -0.70850541 0.00000000
vn -0.70560518 -0.70860520 0.00000000
vn -0.70580558 -0.70840560 0.00000000
vn -0.70560518 -0.70860520 0.00000000
vn -0.70570538 -0.70850541 0.00000000
vt 0.00021000 0.00047300
vt 0.00021000 0.00047300
vt 0.00021000 0.00047300
vt 0.00021000 0.25707900
vt 0.00021000 0.25707900
vt 0.00021000 0.25707900
vt 0.19537900 0.25707900
vt 0.19537900 0.25707900
vt 0.19537900 0.25707900
vt 0.19537900 0.00047300
vt 0.19537900 0.00047300
vt 0.19537900 0.00047300
vt 0.00021000 0.00047300
vt 0.00021000 0.00047300
vt 0.00021000 0.00047300
vt 0.00021000 0.25707900
vt 0.00021000 0.25707900
vt 0.00021000 0.25707900
vt 0.19537900 0.25707900
vt 0.19537900 0.25707900
vt 0.19537900 0.25707900
vt 0.19537900 0.00047300
vt 0.19537900 0.00047300
vt 0.19537900 0.00047300
vt 0.19537900 0.50000000
vt 0.19537900 0.50000000
vt 0.19537900 0.25707900
vt 0.19537900 0.25707900
vt 0.19537900 0.25707900
vt 0.00021000 0.25707900
vt 0.00021000 0.25707900
vt 0.00021000 0.25707900
vt 0.00021000 0.50000000
vt 0.00021000 0.50000000
vt 0.00021000 0.74292100
vt 0.00021000 0.74292100
vt 0.00021000 0.74292100
vt 0.19537900 0.74292100
vt 0.19537900 0.74292100
vt 0.19537900 0.74292100
vt 0.19537900 0.50000000
vt 0.19537900 0.50000000
vt 0.19537900 0.25707900
vt 0.19537900 0.25707900
vt 0.19537900 0.25707900
vt 0.00021000 0.25707900
vt 0.00021000 0.25707900
vt 0.00021000 0.25707900
vt 0.00021000 0.50000000
vt 0.00021000 0.50000000
vt 0.00021000 0.74292100
vt 0.00021000 0.74292100
vt 0.00021000 0.74292100
vt 0.19537900 0.74292100
vt 0.19537900 0.74292100
vt 0.19537900 0.74292100
vt 0.46599000 0.99303400
vt 0.46599000 0.99303400
vt 0.46599000 0.99303400
vt 0.46599000 0.75011300
vt 0.46599000 0.75011300
vt 0.20938300 0.75011300
vt 0.20938300 0.75011300
vt 0.20938300 0.99303400
vt 0.20938300 0.99303400
vt 0.20938300 0.99303400
vt 0.46599000 0.50719200
vt 0.46599000 0.50719200
vt 0.46599000 0.50719200
vt 0.20938300 0.50719200
vt 0.20938300 0.50719200
vt 0.20938300 0.50719200
vt 0.46599000 0.99303400
vt 0.46599000 0.99303400
vt 0.46599000 0.99303400
vt 0.46599000 0.75011300
vt 0.46599000 0.75011300
vt 0.20938300 0.75011300
vt 0.20938300 0.75011300
vt 0.20938300 0.99303400
vt 0.20938300 0.99303400
vt 0.20938300 0.99303400
vt 0.46599000 0.50719200
vt 0.46599000 0.50719200
vt 0.46599000 0.50719200
vt 0.20938300 0.50719200
vt 0.20938300 0.50719200
vt 0.20938300 0.50719200
vt 0.75243000 0.20421500
vt 0.75243000 0.20421500
vt 0.75243000 0.20421500
vt 0.99511000 0.20118500
vt 0.96763400 0.18681900
vt 0.75239600 0.18972600
vt 0.75239600 0.18972600
vt 0.50962400 0.20233700
vt 0.50962400 0.20233700
vt 0.50962400 0.20233700
vt 0.53678100 0.18787200
vt 0.50858100 0.00712000
vt 0.53613500 0.02147200
vt 0.75180600 0.00381900
vt 0.75180600 0.00381900
vt 0.75180600 0.00381900
vt 0.99511000 0.00600200
vt 0.99511000 0.00600200
vt 0.99511000 0.00600200
vt 0.75183900 0.01834300
vt 0.75183900 0.01834300
vt 0.96787000 0.02044600
vt 0.95282300 0.02919000
vt 0.75186200 0.02736900
vt 0.75237400 0.18072100
vt 0.95292800 0.17821400
vt 0.55088300 0.03006800
vt 0.55178600 0.17911500
vt 0.75243000 0.20421500
vt 0.75243000 0.20421500
vt 0.75243000 0.20421500
vt 0.99511000 0.20118500
vt 0.96763400 0.18681900
vt 0.75239600 0.18972600
vt 0.75239600 0.18972600
vt 0.50962400 0.20233700
vt 0.50962400 0.20233700
vt 0.50962400 0.20233700
vt 0.53678100 0.18787200
vt 0.50858100 0.00712000
vt 0.53613500 0.02147200
vt 0.75180600 0.00381900
vt 0.75180600 0.00381900
vt 0.75180600 0.00381900
vt 0.99511000 0.00600200
vt 0.99511000 0.00600200
vt 0.99511000 0.00600200
vt 0.75183900 0.01834300
vt 0.75183900 0.01834300
vt 0.96787000 0.02044600
vt 0.95282300 0.02919000
vt 0.75186200 0.02736900
vt 0.75237400 0.18072100
vt 0.95292800 0.17821400
vt 0.55088300 0.03006800
vt 0.55178600 0.17911500
vt 0.00021000 0.99952700
vt 0.00021000 0.99952700
vt 0.00021000 0.99952700
vt 0.19537900 0.99952700
vt 0.19537900 0.99952700
vt 0.19537900 0.99952700
vt 0.19537900 0.74292100
vt 0.19537900 0.74292100
vt 0.19537900 0.74292100
vt 0.00021000 0.74292100
vt 0.00021000 0.74292100
vt 0.00021000 0.74292100
vt 0.00021000 0.99952700
vt 0.00021000 0.99952700
vt 0.00021000 0.99952700
vt 0.19537900 0.99952700
vt 0.19537900 0.99952700
vt 0.19537900 0.99952700
vt 0.19537900 0.74292100
vt 0.19537900 0.74292100
vt 0.19537900 0.74292100
vt 0.00021000 0.74292100
vt 0.00021000 0.74292100
vt 0.00021000 0.74292100
vt 0.00021000 0.99952700
vt 0.00021000 0.99952700
vt 0.00021000 0.99952700
vt 0.19537900 0.99952700
vt 0.19537900 0.99952700
vt 0.19537900 0.99952700
vt 0.19537900 0.74292100
vt 0.19537900 0.74292100
vt 0.19537900 0.74292100
vt 0.00021000 0.74292100
vt 0.00021000 0.74292100
vt 0.00021000 0.74292100
vt 0.00021000 0.99952700
vt 0.00021000 0.99952700
vt 0.00021000 0.99952700
vt 0.19537900 0.99952700
vt 0.19537900 0.99952700
vt 0.19537900 0.99952700
vt 0.19537900 0.74292100
vt 0.19537900 0.74292100
vt 0.19537900 0.74292100
vt 0.00021000 0.74292100
vt 0.00021000 0.74292100
vt 0.00021000 0.74292100
vt 0.75183900 0.01834300
vt 0.53613500 0.02147200
vt 0.55088300 0.03006800
vt 0.75186200 0.02736900
vt 0.96787000 0.02044600
vt 0.95282300 0.02919000
vt 0.75239600 0.18972600
vt 0.96763400 0.18681900
vt 0.95292800 0.17821400
vt 0.75237400 0.18072100
vt 0.53678100 0.18787200
vt 0.55178600 0.17911500
vt 0.73881100 0.28373800
vt 0.74536100 0.22659100
vt 0.73879500 0.28514500
vt 0.74051200 0.22644000
vt 0.74367100 0.28380000
vt 0.73598800 0.28370500
vt 0.74365100 0.28520500
vt 0.74645300 0.28524900
vt 0.74643100 0.28664800
vt 0.74363200 0.28660700
vt 0.74356600 0.29284400
vt 0.73878100 0.28655000
vt 0.73876200 0.29278700
vt 0.73596500 0.28653000
vt 0.73598300 0.29277200
vt 0.73597300 0.28511900
vt 0.73495700 0.28368900
vt 0.73494400 0.28511200
vt 0.73208000 0.28510400
vt 0.73210400 0.28654300
vt 0.73494100 0.28652900
vt 0.73497100 0.29277100
vt 0.73220300 0.29277300
vt 0.73215000 0.34970200
vt 0.73108100 0.28657200
vt 0.73110500 0.34969900
vt 0.73119300 0.29277900
vt 0.73101600 0.35261900
vt 0.73220300 0.35261600
vt 0.73240900 0.43517300
vt 0.73498400 0.34969300
vt 0.73493700 0.35260800
vt 0.73121600 0.43516100
vt 0.73214800 0.44222800
vt 0.73109100 0.44216600
vt 0.73089200 0.44513000
vt 0.73197900 0.44515900
vt 0.73502100 0.44235300
vt 0.73491500 0.44522800
vt 0.73200700 0.44943700
vt 0.73097600 0.44945500
vt 0.73204400 0.45227800
vt 0.73486500 0.44941600
vt 0.73589800 0.44941800
vt 0.73486800 0.45224900
vt 0.73589100 0.45224300
vt 0.73872500 0.44943200
vt 0.73608900 0.47757000
vt 0.73870200 0.45224000
vt 0.74353300 0.45225500
vt 0.74366400 0.47749000
vt 0.73887100 0.47754200
vt 0.74643800 0.47746500
vt 0.74631200 0.45226400
vt 0.74633500 0.44949300
vt 0.74993600 0.45228000
vt 0.75006700 0.47743300
vt 0.74995100 0.44952500
vt 0.75269100 0.45228200
vt 0.75983000 0.47734900
vt 0.75269500 0.44954100
vt 0.75283400 0.47741000
vt 0.75961500 0.45227600
vt 0.75960300 0.44955100
vt 0.75272600 0.44553300
vt 0.75959400 0.44557500
vt 0.75960100 0.44287700
vt 0.75276000 0.44281500
vt 0.74999700 0.44549700
vt 0.75269000 0.43534400
vt 0.75004400 0.44276400
vt 0.75001800 0.43538500
vt 0.74649900 0.43540200
vt 0.74645900 0.44268000
vt 0.74370000 0.44260700
vt 0.74379900 0.43539900
vt 0.74639500 0.44543700
vt 0.74355900 0.44946800
vt 0.74362800 0.44538700
vt 0.73880100 0.44530400
vt 0.73889200 0.44248600
vt 0.73633800 0.43521800
vt 0.73908000 0.43529900
vt 0.73606500 0.44239700
vt 0.73595800 0.44524900
vt 0.73514900 0.43519600
vt 0.73612200 0.35258500
vt 0.73885700 0.35247900
vt 0.73602600 0.34969300
vt 0.73880500 0.34969200
vt 0.74350700 0.34965600
vt 0.74354600 0.35237300
vt 0.74623400 0.35234500
vt 0.74975900 0.35232700
vt 0.74621800 0.34964200
vt 0.74634900 0.29287700
vt 0.74999400 0.29292700
vt 0.74975500 0.34963100
vt 0.75245800 0.34963900
vt 0.75276800 0.29296400
vt 0.75978900 0.29309100
vt 0.75288000 0.28676600
vt 0.75927100 0.34969000
vt 0.75922700 0.35237400
vt 0.75243700 0.35232700
vt 0.75942200 0.43517700
vt 0.75009200 0.28671200
vt 0.75291000 0.28537400
vt 0.75992600 0.28692300
vt 0.75995900 0.28553400
vt 0.75999300 0.28414400
vt 0.75294100 0.28398100
vt 0.76175400 0.22709700
vt 0.75011900 0.28531600
vt 0.75465200 0.22687700
vt 0.75014600 0.28391900
vt 0.75184600 0.22679100
vt 0.74647800 0.28384900
vt 0.74816800 0.22667800
vt 0.73507600 0.47758000
vt 0.73229100 0.47761100
vt 0.73102100 0.45229500
vt 0.73127700 0.47762200
vt 0.72849100 0.47765500
vt 0.72820200 0.45236000
vt 0.72148600 0.47774300
vt 0.72116300 0.45259200
vt 0.72105500 0.44981800
vt 0.72792700 0.44536500
vt 0.72811800 0.44953900
vt 0.72087000 0.44576600
vt 0.73100700 0.28509700
vt 0.72784500 0.28536400
vt 0.73105500 0.28363400
vt 0.73108100 0.28657200
vt 0.72912300 0.28672100
vt 0.72924300 0.29279500
vt 0.72910400 0.34969800
vt 0.73119300 0.29277900
vt 0.73110500 0.34969900
vt 0.73101600 0.35261900
vt 0.72908700 0.35257300
vt 0.73121600 0.43516100
vt 0.72928300 0.43517400
vt 0.72909500 0.44201200
vt 0.73109100 0.44216600
vt 0.72775000 0.44340100
vt 0.73089200 0.44513000
vt 0.72792700 0.44536500
vt 0.72818400 0.28344700
vt 0.73285000 0.22620400
vt 0.73387100 0.22623600
vt 0.73209800 0.28365800
vt 0.73668000 0.22632300
vt 0.73770200 0.22635400
vt 0.73004900 0.22611100
vt 0.72121100 0.28272300
vt 0.72309500 0.22588900
vt 0.72121100 0.28272300
vt 0.72101300 0.28460900
vt 0.59536600 0.37780900
vt 0.59538200 0.37478000
vt 0.59786600 0.37782500
vt 0.59784300 0.38307000
vt 0.54723100 0.37719200
vt 0.54717600 0.38242600
vt 0.59533700 0.38305100
vt 0.59531500 0.38609200
vt 0.54714600 0.38545900
vt 0.54713600 0.38656300
vt 0.54710600 0.38959600
vt 0.59530600 0.38719800
vt 0.59781900 0.38722600
vt 0.59527900 0.39024600
vt 0.59779400 0.39027900
vt 0.60510700 0.38726700
vt 0.59778400 0.39139100
vt 0.60508700 0.39146900
vt 0.60509400 0.39034700
vt 0.60764200 0.39035500
vt 0.60764200 0.39148500
vt 0.60762300 0.39460900
vt 0.60505600 0.39456700
vt 0.61505500 0.39139300
vt 0.61501800 0.39467300
vt 0.61763400 0.39427100
vt 0.61756900 0.39065300
vt 0.61506600 0.39024900
vt 0.61763600 0.39015300
vt 0.61509600 0.38719500
vt 0.60764800 0.38614400
vt 0.60765000 0.38727000
vt 0.61508700 0.38606000
vt 0.61774100 0.38704000
vt 0.62458800 0.38555200
vt 0.61769400 0.38584400
vt 0.62727800 0.38035900
vt 0.61756600 0.38266600
vt 0.62550900 0.38387900
vt 0.63147900 0.37929300
vt 0.62738700 0.38478300
vt 0.62738700 0.38478300
vt 0.62878900 0.38294900
vt 0.63126700 0.38404700
vt 0.62925600 0.38665800
vt 0.63006000 0.39352000
vt 0.62688000 0.38828300
vt 0.62372000 0.39030600
vt 0.62372000 0.39030600
vt 0.62446700 0.39999600
vt 0.62766000 0.39700900
vt 0.61932400 0.39035000
vt 0.61932400 0.39035000
vt 0.61932400 0.39035000
vt 0.62143500 0.39061000
vt 0.62143500 0.39061000
vt 0.62143500 0.39061000
vt 0.61882700 0.39045900
vt 0.61882700 0.39045900
vt 0.62071200 0.39054600
vt 0.62071200 0.39054600
vt 0.62019800 0.39332200
vt 0.62019800 0.39332200
vt 0.62119600 0.39284100
vt 0.62119600 0.39284100
vt 0.61783200 0.40260700
vt 0.62060300 0.40198900
vt 0.62177700 0.40167600
vt 0.61508900 0.40288800
vt 0.60748100 0.40253200
vt 0.60491500 0.40243100
vt 0.59761600 0.40217100
vt 0.59775000 0.39445200
vt 0.59510600 0.40209800
vt 0.59523100 0.39440200
vt 0.59526800 0.39135300
vt 0.54706600 0.39373300
vt 0.54698800 0.40137300
vt 0.54709500 0.39070000
vt 0.63182300 0.39072000
vt 0.63387000 0.38587700
vt 0.63387000 0.38587700
vt 0.63387000 0.38587700
vt 0.63444400 0.38453000
vt 0.63402500 0.37965300
vt 0.63402500 0.37965300
vt 0.63402500 0.37965300
vt 0.63350100 0.38088400
vt 0.63350100 0.38088400
vt 0.63387100 0.37625400
vt 0.62812800 0.37676600
vt 0.63364800 0.37339400
vt 0.62850400 0.36994800
vt 0.62867700 0.37377900
vt 0.63347300 0.36962500
vt 0.63335800 0.36673900
vt 0.62817500 0.36112300
vt 0.62838600 0.36703100
vt 0.63314500 0.36086500
vt 0.61693000 0.36162500
vt 0.61714100 0.37059300
vt 0.61706000 0.36762500
vt 0.61461900 0.36770000
vt 0.61451000 0.36169100
vt 0.60749400 0.36176300
vt 0.60752000 0.36782100
vt 0.60504400 0.36176600
vt 0.60505300 0.36783600
vt 0.59793800 0.36170600
vt 0.59546000 0.36167800
vt 0.59790200 0.36781800
vt 0.59789000 0.37083300
vt 0.59542000 0.36779800
vt 0.54732900 0.36715900
vt 0.59540200 0.37081700
vt 0.54730000 0.37018900
vt 0.54726100 0.37416100
vt 0.59787600 0.37479500
vt 0.60508000 0.37479500
vt 0.60509200 0.37782700
vt 0.60506200 0.37084000
vt 0.60757400 0.37477200
vt 0.60754200 0.37082000
vt 0.60759900 0.37780600
vt 0.61477700 0.37462500
vt 0.61468000 0.37068600
vt 0.61485800 0.37766400
vt 0.61736800 0.37754100
vt 0.61725800 0.37452300
vt 0.61502100 0.38296200
vt 0.60763600 0.38307100
vt 0.60511000 0.38308600
vt 0.60510900 0.38614900
vt 0.59782600 0.38611600
vt 0.54739200 0.36100300
vt 0.50140600 0.41228700
vt 0.49430500 0.41225500
vt 0.49427200 0.41851200
vt 0.50136800 0.41855600
vt 0.50410900 0.41229800
vt 0.49439500 0.35458300
vt 0.50148400 0.35459000
vt 0.50407900 0.41857200
vt 0.50798500 0.41859200
vt 0.50801300 0.41231500
vt 0.50406900 0.42139800
vt 0.50796900 0.42141700
vt 0.50134400 0.42138100
vt 0.50357800 0.47789900
vt 0.50738000 0.47803700
vt 0.50096200 0.47790100
vt 0.49425300 0.42132400
vt 0.49388600 0.47830300
vt 0.49106400 0.47832500
vt 0.49144500 0.42130700
vt 0.48776600 0.42128800
vt 0.48734800 0.47826300
vt 0.49146100 0.41849700
vt 0.49148900 0.41224400
vt 0.48777900 0.41848000
vt 0.48496100 0.42127600
vt 0.48780200 0.41223200
vt 0.48497100 0.41846900
vt 0.48499000 0.41222400
vt 0.48507500 0.35457400
vt 0.47927700 0.41221000
vt 0.47926300 0.41845400
vt 0.47925600 0.42125900
vt 0.47919100 0.47756900
vt 0.48452600 0.47812600
vt 0.47935700 0.35456900
vt 0.47935900 0.35175500
vt 0.48507700 0.35175900
vt 0.48789300 0.35176100
vt 0.48512000 0.26237200
vt 0.48794800 0.25947900
vt 0.47933000 0.26253400
vt 0.48507100 0.25950100
vt 0.48796300 0.26234300
vt 0.49169600 0.25948600
vt 0.49168700 0.26234000
vt 0.49452600 0.26235400
vt 0.49439900 0.35176800
vt 0.49158300 0.35176400
vt 0.49455100 0.25950900
vt 0.49173600 0.25468500
vt 0.50171000 0.25959300
vt 0.50177600 0.25485000
vt 0.49460100 0.25472800
vt 0.49178900 0.25180900
vt 0.49464900 0.25187100
vt 0.50182700 0.25201400
vt 0.49465700 0.25148300
vt 0.50448900 0.25489300
vt 0.50183500 0.25162700
vt 0.50453900 0.25206600
vt 0.50844500 0.25175300
vt 0.50454600 0.25168100
vt 0.50843800 0.25213700
vt 0.50839300 0.25495200
vt 0.51123300 0.25218100
vt 0.51537500 0.25185100
vt 0.51123800 0.25179900
vt 0.51537100 0.25223300
vt 0.51119400 0.25499100
vt 0.51113600 0.25970300
vt 0.50833000 0.25967100
vt 0.51534100 0.25504000
vt 0.51529100 0.25974500
vt 0.51815000 0.25226000
vt 0.51812600 0.25506700
vt 0.51808000 0.25977200
vt 0.52265400 0.25510100
vt 0.52267000 0.25229000
vt 0.52543900 0.25274700
vt 0.52267200 0.25190700
vt 0.52268100 0.24910200
vt 0.52544000 0.25144600
vt 0.51815300 0.25187800
vt 0.51817400 0.24907700
vt 0.51540600 0.24905200
vt 0.51573900 0.22075500
vt 0.52273700 0.22082100
vt 0.51840400 0.22078500
vt 0.52536700 0.22080700
vt 0.52543800 0.24840600
vt 0.52958600 0.24666400
vt 0.53199300 0.22061700
vt 0.53251500 0.24608100
vt 0.52935600 0.22068100
vt 0.52977900 0.24962500
vt 0.53258300 0.24886900
vt 0.53272400 0.25381800
vt 0.53544800 0.24559300
vt 0.53554700 0.24842300
vt 0.53571800 0.25251500
vt 0.54050900 0.25201700
vt 0.54039100 0.24798000
vt 0.54325600 0.25192000
vt 0.55112500 0.25172400
vt 0.55102300 0.24771000
vt 0.54313800 0.24790900
vt 0.54307500 0.24516800
vt 0.55096500 0.24499200
vt 0.55374900 0.24762700
vt 0.55368400 0.24494700
vt 0.55062700 0.22025100
vt 0.54270800 0.22034400
vt 0.55336700 0.22023800
vt 0.60223900 0.22090100
vt 0.60425300 0.24406700
vt 0.60423500 0.24666300
vt 0.55383400 0.25168200
vt 0.60396800 0.25035100
vt 0.53996400 0.22038900
vt 0.53465400 0.22051600
vt 0.54032700 0.24522500
vt 0.53033600 0.25466600
vt 0.53011800 0.25769800
vt 0.52542300 0.25577100
vt 0.52538300 0.25984300
vt 0.52260900 0.25981300
vt 0.52534700 0.26265400
vt 0.52258000 0.26262800
vt 0.52957600 0.25989900
vt 0.52950400 0.26271000
vt 0.52511700 0.35180700
vt 0.52929100 0.35181300
vt 0.52511400 0.35462100
vt 0.52928700 0.35462500
vt 0.52512600 0.41235100
vt 0.52929900 0.41231200
vt 0.52935900 0.41504700
vt 0.52616900 0.41867100
vt 0.52974800 0.41832700
vt 0.52928300 0.42514400
vt 0.52616100 0.42152200
vt 0.53257200 0.42092000
vt 0.53590300 0.42180700
vt 0.54041900 0.42203500
vt 0.53210400 0.42526400
vt 0.53909200 0.47879000
vt 0.53104800 0.47845000
vt 0.52828100 0.47836800
vt 0.52541900 0.47829300
vt 0.52415300 0.47823100
vt 0.52234000 0.42150100
vt 0.52514600 0.42151500
vt 0.52145400 0.47819600
vt 0.51699700 0.47817200
vt 0.51776300 0.42147900
vt 0.51495500 0.42146000
vt 0.51425800 0.47814400
vt 0.51014000 0.47811600
vt 0.51077800 0.42143500
vt 0.51079500 0.41860700
vt 0.51497100 0.41862900
vt 0.51499300 0.41234100
vt 0.51777800 0.41864200
vt 0.52234400 0.41235400
vt 0.51779300 0.41234800
vt 0.52235100 0.41866200
vt 0.52515500 0.41867000
vt 0.52234200 0.35461800
vt 0.51781500 0.35461200
vt 0.51502500 0.35460800
vt 0.51502900 0.35179400
vt 0.51087300 0.35460300
vt 0.51082200 0.41232500
vt 0.51781800 0.35179800
vt 0.51526400 0.26256200
vt 0.51805400 0.26258600
vt 0.52234600 0.35180400
vt 0.51110600 0.26252100
vt 0.51087700 0.35178800
vt 0.50829900 0.26249500
vt 0.50807600 0.35178400
vt 0.50807200 0.35459900
vt 0.50418400 0.35177900
vt 0.50418000 0.35459400
vt 0.50148600 0.35177500
vt 0.50167900 0.26243000
vt 0.50439200 0.26245500
vt 0.50442300 0.25962500
vt 0.54188000 0.47886700
vt 0.54986300 0.47899800
vt 0.55128000 0.42241000
vt 0.54320800 0.42213200
vt 0.55257400 0.47903000
vt 0.55407000 0.42254200
vt 0.60432600 0.42736500
vt 0.60167200 0.47666400
vt 0.51173800 0.22069000
vt 0.51128000 0.24899600
vt 0.50905400 0.22068800
vt 0.50850200 0.24894600
vt 0.50460400 0.24886000
vt 0.50190000 0.24879400
vt 0.50284100 0.22060000
vt 0.50537100 0.22070700
vt 0.49606200 0.21989900
vt 0.49471300 0.24864000
vt 0.49331900 0.21973900
vt 0.48971800 0.21959300
vt 0.48812700 0.24840800
vt 0.49188200 0.24855300
vt 0.49179900 0.25141800
vt 0.48801500 0.25131100
vt 0.48800400 0.25170600
vt 0.48508800 0.25121500
vt 0.47834600 0.25102300
vt 0.47841400 0.25150700
vt 0.48507900 0.25160800
vt 0.48525500 0.24825900
vt 0.47910400 0.24785900
vt 0.48700200 0.21953500
vt 0.48176500 0.21983200
vt 0.48502400 0.25460200
vt 0.47886700 0.25478500
vt 0.47923600 0.25968700
vt 0.48795300 0.25462900
vt 0.49158000 0.35458000
vt 0.48789000 0.35457600
vt 0.61806000 0.29601800
vt 0.61796500 0.29549200
vt 0.61547600 0.29484500
vt 0.61550800 0.29599500
vt 0.61823800 0.29913400
vt 0.62007500 0.29534900
vt 0.62800700 0.30148700
vt 0.62746100 0.29783800
vt 0.62152700 0.29516700
vt 0.62152700 0.29516700
vt 0.62996400 0.29951700
vt 0.62813500 0.28865400
vt 0.63209400 0.30226100
vt 0.63263200 0.29520300
vt 0.63073200 0.29227100
vt 0.63444500 0.30559000
vt 0.63483300 0.30031900
vt 0.63544000 0.30174300
vt 0.63499700 0.30688400
vt 0.63482600 0.31037600
vt 0.63232600 0.30726700
vt 0.62949100 0.30343300
vt 0.61811300 0.30363600
vt 0.61795900 0.30888700
vt 0.61560800 0.30023200
vt 0.61559400 0.30339000
vt 0.61820300 0.30036200
vt 0.61559200 0.29907400
vt 0.61305100 0.29913600
vt 0.61306800 0.30027400
vt 0.60805400 0.29923300
vt 0.61298100 0.29604300
vt 0.61295700 0.29490500
vt 0.60797400 0.29502700
vt 0.60799600 0.29615300
vt 0.60545700 0.29622600
vt 0.60543300 0.29511100
vt 0.60789000 0.29192700
vt 0.59818000 0.29533700
vt 0.60535100 0.29203700
vt 0.59810600 0.29230300
vt 0.60504800 0.28425500
vt 0.59788100 0.28467500
vt 0.60758800 0.28408100
vt 0.61255200 0.28365600
vt 0.61285500 0.29173300
vt 0.61512000 0.28344400
vt 0.61788600 0.29193400
vt 0.61536400 0.29160300
vt 0.61778000 0.28353300
vt 0.62197200 0.28411500
vt 0.62152100 0.29305400
vt 0.62411800 0.29562300
vt 0.62475400 0.28570500
vt 0.59539800 0.28478500
vt 0.54785200 0.29377100
vt 0.59561400 0.29239900
vt 0.54770000 0.28619600
vt 0.59568500 0.29542100
vt 0.54791100 0.29677900
vt 0.54793200 0.29787300
vt 0.54799200 0.30088200
vt 0.59570900 0.29651900
vt 0.59577100 0.29954200
vt 0.59820400 0.29644100
vt 0.59826600 0.29947200
vt 0.60553500 0.30040500
vt 0.60551700 0.29929200
vt 0.59828500 0.30057500
vt 0.59833500 0.30360200
vt 0.59579200 0.30064000
vt 0.54801300 0.30197600
vt 0.59584600 0.30365900
vt 0.54807200 0.30498400
vt 0.54817700 0.31017400
vt 0.59592900 0.30885900
vt 0.54823500 0.31318000
vt 0.59597200 0.31186700
vt 0.54831300 0.31711800
vt 0.54837100 0.32012300
vt 0.59602500 0.31579700
vt 0.59606800 0.31879200
vt 0.59849400 0.31575200
vt 0.60562200 0.31567700
vt 0.59844900 0.31182000
vt 0.59852700 0.31874500
vt 0.59860200 0.32479300
vt 0.60562600 0.32468600
vt 0.60562400 0.31866700
vt 0.60807700 0.31867500
vt 0.60804900 0.32468600
vt 0.60809400 0.31568400
vt 0.60561900 0.31173400
vt 0.61290200 0.31575300
vt 0.60811000 0.31173600
vt 0.60811600 0.30869700
vt 0.61297300 0.31178700
vt 0.60560800 0.30871000
vt 0.61301900 0.30872800
vt 0.61307700 0.30338600
vt 0.60809900 0.30343000
vt 0.61548500 0.30878800
vt 0.61541100 0.31185600
vt 0.61785100 0.31195700
vt 0.61771700 0.31593400
vt 0.61530900 0.31582900
vt 0.61523000 0.31882500
vt 0.61284700 0.31874800
vt 0.61272900 0.32475800
vt 0.61507200 0.32483700
vt 0.61741400 0.32494400
vt 0.63387100 0.32622700
vt 0.61761000 0.31892800
vt 0.63435100 0.31726900
vt 0.63418900 0.32023200
vt 0.63456800 0.31339300
vt 0.60806900 0.30035700
vt 0.60557400 0.30346100
vt 0.59841200 0.30880800
vt 0.59615300 0.32484900
vt 0.54849100 0.32622700
vt 0.76782700 0.29594100
vt 0.76782700 0.29317900
vt 0.77019700 0.29317900
vt 0.77019700 0.29594100
vt 0.77019700 0.29972400
vt 0.76782700 0.29972400
vt 0.76782700 0.36619900
vt 0.76782700 0.36833100
vt 0.77019700 0.36619900
vt 0.77019600 0.36833100
vt 0.76782700 0.41131600
vt 0.77019700 0.41131600
vt 0.77019700 0.41369200
vt 0.76782700 0.41369200
vt 0.76782700 0.41588900
vt 0.77019700 0.41588900
vt 0.76782700 0.42120600
vt 0.77019600 0.42120600
vt 0.77894600 0.41588900
vt 0.77894600 0.42120600
vt 0.77894600 0.42120600
vt 0.77019700 0.42334800
vt 0.77019700 0.42654200
vt 0.76782700 0.42334800
vt 0.76782700 0.42654200
vt 0.77019700 0.42654200
vt 0.77894600 0.42334800
vt 0.77894600 0.42654200
vt 0.77894600 0.42867200
vt 0.77019700 0.43465800
vt 0.77019600 0.42867200
vt 0.77894600 0.43465800
vt 0.77894600 0.43678700
vt 0.77019700 0.47786700
vt 0.77019700 0.43678700
vt 0.77894600 0.47786700
vt 0.77019600 0.42867200
vt 0.76782700 0.42867200
vt 0.76782700 0.43465800
vt 0.77019700 0.43678700
vt 0.76782700 0.43678700
vt 0.77019700 0.43465800
vt 0.76782700 0.47786700
vt 0.77019700 0.47786700
vt 0.77894600 0.41369200
vt 0.77019700 0.41131600
vt 0.77894600 0.41131600
vt 0.77894600 0.36833100
vt 0.77019600 0.36833100
vt 0.77019700 0.36619900
vt 0.77894600 0.36619900
vt 0.77894600 0.29972400
vt 0.77019700 0.29972400
vt 0.77894600 0.29594100
vt 0.77019700 0.29594100
vt 0.77019700 0.29317900
vt 0.77019600 0.29094300
vt 0.77894600 0.29317900
vt 0.77894600 0.29094300
vt 0.77019700 0.28902300
vt 0.77894600 0.28902300
vt 0.76782700 0.29094300
vt 0.77019600 0.29094300
vt 0.76782700 0.28902300
vt 0.77019700 0.28902300
vt 0.77019700 0.28694100
vt 0.76782700 0.28694000
vt 0.77019600 0.28307400
vt 0.77019700 0.28094400
vt 0.76782700 0.28307400
vt 0.76782700 0.28094300
vt 0.77019700 0.27495800
vt 0.76782700 0.27495800
vt 0.76782700 0.27282900
vt 0.77019700 0.27282800
vt 0.76782700 0.23174800
vt 0.77019700 0.23174800
vt 0.79767400 0.54413300
vt 0.78973200 0.54413300
vt 0.78973200 0.60053400
vt 0.79767400 0.60053400
vt 0.79767400 0.54138000
vt 0.80042700 0.60053400
vt 0.80042700 0.54413300
vt 0.80837000 0.54413300
vt 0.80042700 0.54138000
vt 0.80837000 0.54138000
vt 0.80837000 0.45419900
vt 0.81112300 0.54413300
vt 0.81112300 0.54138000
vt 0.86414800 0.54138000
vt 0.86414800 0.45419800
vt 0.81112300 0.45419900
vt 0.86414800 0.44684000
vt 0.81112300 0.44684000
vt 0.80837000 0.44684000
vt 0.80042700 0.45419900
vt 0.80042700 0.44684000
vt 0.79767500 0.44684000
vt 0.79450800 0.44684000
vt 0.78973200 0.45144600
vt 0.79767500 0.45419900
vt 0.78973200 0.45419900
vt 0.78973200 0.54138000
vt 0.79205400 0.44749800
vt 0.79080800 0.44838400
vt 0.78999500 0.44995300
vt 0.86414800 0.54413300
vt 0.86414800 0.60053400
vt 0.81112300 0.60053400
vt 0.80837000 0.60053400
vt 0.81112300 0.60665400
vt 0.80837000 0.60665400
vt 0.86414800 0.60665400
vt 0.80042700 0.60665400
vt 0.79767400 0.60665400
vt 0.79285100 0.60665400
vt 0.79122500 0.60621800
vt 0.79016700 0.60516000
vt 0.78990700 0.60419000
vt 0.71214600 0.40392900
vt 0.69482800 0.37800100
vt 0.69482700 0.38148800
vt 0.71214400 0.40976000
vt 0.71215700 0.34994400
vt 0.69483500 0.34667500
vt 0.71215700 0.34711600
vt 0.71217500 0.26336300
vt 0.69483600 0.34384600
vt 0.69484600 0.29454200
vt 0.69484700 0.29050600
vt 0.71217600 0.25764000
vt 0.71219600 0.25625300
vt 0.71228300 0.25029200
vt 0.69484700 0.28912100
vt 0.69492000 0.28404600
vt 0.71214300 0.41507900
vt 0.69482600 0.38680700
vt 0.69482100 0.41485200
vt 0.69335200 0.41915600
vt 0.71213300 0.46563300
vt 0.71157900 0.47262000
vt 0.70589000 0.47261900
vt 0.68842000 0.41915500
vt 0.68348800 0.41915400
vt 0.69308800 0.47261600
vt 0.68066400 0.41915300
vt 0.69026500 0.47261500
vt 0.67710000 0.41915300
vt 0.68238800 0.47261400
vt 0.67430700 0.41915200
vt 0.67959500 0.47261300
vt 0.67072200 0.41915100
vt 0.66794200 0.41915100
vt 0.67169600 0.47261200
vt 0.66891600 0.47261100
vt 0.61403300 0.41914000
vt 0.61402300 0.47260000
vt 0.77019700 0.28094400
vt 0.77019600 0.28307400
vt 0.77894600 0.28307400
vt 0.77019700 0.27495800
vt 0.77894600 0.27495800
vt 0.77894600 0.28094300
vt 0.77894600 0.27282900
vt 0.77019700 0.27282800
vt 0.77019700 0.23174800
vt 0.77894600 0.23174800
vt 0.77894600 0.28694100
vt 0.77019700 0.28694100
vt 0.77894600 0.28902300
vt 0.77019700 0.28902300
vt 0.68058700 0.21708300
vt 0.67579900 0.26235200
vt 0.67891100 0.26232800
vt 0.68579000 0.21704200
vt 0.67786300 0.21710400
vt 0.67018800 0.21716400
vt 0.67307500 0.26237300
vt 0.66958500 0.26240100
vt 0.66687800 0.26242100
vt 0.66748100 0.21718500
vt 0.61402300 0.21760200
vt 0.61437500 0.26283000
vt 0.68046700 0.26231600
vt 0.68839400 0.21702200
vt 0.69099700 0.21700200
vt 0.68202500 0.26230300
vt 0.69160100 0.26222900
vt 0.70894300 0.21686200
vt 0.69308300 0.26593200
vt 0.70961800 0.22267800
vt 0.69319400 0.28014800
vt 0.69323400 0.28528800
vt 0.70980000 0.24599400
vt 0.70984700 0.25208600
vt 0.61882700 0.39045900
vt 0.61882700 0.39045900
vt 0.62071200 0.39054600
vt 0.62143500 0.39061000
vt 0.62143500 0.39061000
vt 0.61932400 0.39035000
vt 0.70984700 0.25208600
vt 0.69323400 0.28528800
vt 0.69492000 0.28404600
vt 0.71228300 0.25029200
vt 0.53272400 0.25381800
vt 0.53571800 0.25251500
vt 0.53033600 0.25466600
vt 0.53252100 0.25703600
vt 0.53332400 0.25581300
vt 0.53596500 0.25449100
vt 0.54050900 0.25201700
vt 0.54060100 0.25394800
vt 0.54325600 0.25192000
vt 0.54331800 0.25384500
vt 0.55112500 0.25172400
vt 0.55116900 0.25363900
vt 0.55387900 0.25356800
vt 0.60440500 0.25216800
vt 0.60396800 0.25035100
vt 0.55383400 0.25168200
vt 0.53181600 0.25833200
vt 0.53011800 0.25769800
vt 0.53136700 0.25998400
vt 0.52957600 0.25989900
vt 0.53130500 0.26274000
vt 0.52950400 0.26271000
vt 0.53110500 0.35181600
vt 0.52929100 0.35181300
vt 0.52928700 0.35462500
vt 0.53110000 0.41227900
vt 0.53110200 0.35462700
vt 0.52929900 0.41231200
vt 0.52935900 0.41504700
vt 0.53131300 0.41526100
vt 0.53157300 0.41677600
vt 0.53421800 0.41937500
vt 0.52974800 0.41832700
vt 0.53257200 0.42092000
vt 0.53590300 0.42180700
vt 0.53687700 0.41989800
vt 0.54050000 0.42006900
vt 0.54041900 0.42203500
vt 0.54320800 0.42213200
vt 0.55136100 0.42041500
vt 0.55128000 0.42241000
vt 0.54327500 0.42016100
vt 0.55420300 0.42054300
vt 0.55407000 0.42254200
vt 0.60432600 0.42736500
vt 0.60488500 0.42559000
vt 0.75283400 0.47741000
vt 0.75846600 0.47931500
vt 0.75285100 0.47936500
vt 0.75008500 0.47939000
vt 0.75006700 0.47743300
vt 0.75983000 0.47734900
vt 0.74643800 0.47746500
vt 0.74366400 0.47749000
vt 0.74645600 0.47942400
vt 0.74368400 0.47945200
vt 0.73887100 0.47754200
vt 0.73889200 0.47950700
vt 0.73611000 0.47953900
vt 0.73611000 0.47953900
vt 0.73507600 0.47758000
vt 0.73507600 0.47758000
vt 0.73509800 0.47955000
vt 0.73608900 0.47757000
vt 0.73608900 0.47757000
vt 0.73231200 0.47958100
vt 0.73129900 0.47959200
vt 0.73127700 0.47762200
vt 0.73229100 0.47761100
vt 0.72851400 0.47962400
vt 0.72849100 0.47765500
vt 0.72148600 0.47774300
vt 0.72151000 0.47970900
vt 0.73004900 0.22611100
vt 0.73004900 0.22611100
vt 0.72309500 0.22588900
vt 0.72315300 0.22393600
vt 0.73011300 0.22414400
vt 0.73290900 0.22422200
vt 0.73290900 0.22422200
vt 0.73285000 0.22620400
vt 0.73387100 0.22623600
vt 0.73393000 0.22425200
vt 0.73668000 0.22632300
vt 0.73668000 0.22632300
vt 0.73770200 0.22635400
vt 0.73770200 0.22635400
vt 0.73674100 0.22433600
vt 0.73674100 0.22433600
vt 0.73776300 0.22436700
vt 0.74051200 0.22644000
vt 0.74057400 0.22445400
vt 0.74536100 0.22659100
vt 0.74542300 0.22460600
vt 0.74823000 0.22469300
vt 0.74823000 0.22469300
vt 0.75184600 0.22679100
vt 0.75184600 0.22679100
vt 0.74816800 0.22667800
vt 0.74816800 0.22667800
vt 0.75190700 0.22480700
vt 0.75190700 0.22480700
vt 0.75471300 0.22489300
vt 0.75471300 0.22489300
vt 0.75465200 0.22687700
vt 0.75465200 0.22687700
vt 0.76175400 0.22709700
vt 0.76175400 0.22709700
vt 0.76041300 0.22507000
vt 0.48971800 0.21959300
vt 0.48976400 0.21762800
vt 0.48695600 0.21762000
vt 0.48700200 0.21953500
vt 0.49342000 0.21777800
vt 0.49331900 0.21973900
vt 0.49952800 0.21825600
vt 0.49606200 0.21989900
vt 0.49625900 0.21801500
vt 0.50417600 0.21887000
vt 0.50284100 0.22060000
vt 0.50537100 0.22070700
vt 0.50905400 0.22068800
vt 0.50569400 0.21872000
vt 0.51081600 0.21874700
vt 0.51173800 0.22069000
vt 0.51401500 0.21871200
vt 0.51840400 0.22078500
vt 0.51774900 0.21884900
vt 0.51573900 0.22075500
vt 0.52190600 0.21881800
vt 0.52273700 0.22082100
vt 0.52499200 0.21888000
vt 0.52910300 0.21872100
vt 0.52536700 0.22080700
vt 0.52935600 0.22068100
vt 0.53199300 0.22061700
vt 0.53456400 0.21855600
vt 0.53465400 0.22051600
vt 0.53185100 0.21866700
vt 0.53992700 0.21844200
vt 0.53996400 0.22038900
vt 0.54270800 0.22034400
vt 0.54268000 0.21839900
vt 0.55061100 0.21830200
vt 0.55062700 0.22025100
vt 0.55336700 0.22023800
vt 0.55337300 0.21828600
vt 0.60267400 0.21910600
vt 0.60223900 0.22090100
vt 0.48176500 0.21983200
vt 0.48139300 0.21800800
vt 0.48734800 0.47826300
vt 0.48734800 0.47826300
vt 0.48452600 0.47812600
vt 0.48434700 0.48017800
vt 0.48434700 0.48017800
vt 0.48728300 0.48030800
vt 0.49106400 0.47832500
vt 0.49106000 0.48035300
vt 0.49388600 0.47830300
vt 0.49740800 0.48017800
vt 0.50096200 0.47790100
vt 0.50227100 0.47975300
vt 0.50357800 0.47789900
vt 0.50738000 0.47803700
vt 0.50384000 0.47996500
vt 0.50913800 0.48009200
vt 0.51014000 0.47811600
vt 0.51425800 0.47814400
vt 0.51699700 0.47817200
vt 0.51243500 0.48020800
vt 0.51628700 0.48015300
vt 0.52057500 0.48024900
vt 0.52145400 0.47819600
vt 0.52415300 0.47823100
vt 0.52376200 0.48021100
vt 0.52541900 0.47829300
vt 0.52828100 0.47836800
vt 0.52508800 0.48030600
vt 0.52802300 0.48037200
vt 0.53090600 0.48044200
vt 0.53909200 0.47879000
vt 0.53104800 0.47845000
vt 0.53902800 0.48078100
vt 0.54184100 0.48083900
vt 0.54188000 0.47886700
vt 0.54986300 0.47899800
vt 0.54985600 0.48094100
vt 0.55261000 0.48090100
vt 0.60167200 0.47666400
vt 0.60206900 0.47841400
vt 0.55257400 0.47903000
vt 0.49394000 0.48026800
vt 0.47865300 0.47934300
vt 0.47919100 0.47756900
vt 0.61619300 0.34509900
vt 0.61379000 0.34509900
vt 0.61859700 0.34509900
vt 0.61882800 0.34295500
vt 0.61640100 0.34295500
vt 0.61397400 0.34295500
vt 0.60898600 0.34509900
vt 0.60912000 0.34295500
vt 0.60662100 0.34295500
vt 0.60647100 0.34509900
vt 0.59938500 0.34509900
vt 0.59691300 0.34295500
vt 0.59688600 0.34509900
vt 0.59941200 0.34295500
vt 0.54753400 0.34510000
vt 0.54878300 0.34295500
vt 0.63574600 0.34295500
vt 0.63516500 0.34510000
vt 0.47926300 0.41845400
vt 0.47927700 0.41221000
vt 0.47729300 0.40897800
vt 0.47728500 0.41487600
vt 0.47925600 0.42125900
vt 0.47727600 0.42024900
vt 0.47919100 0.47756900
vt 0.47718700 0.47117500
vt 0.47699200 0.47799500
vt 0.47865300 0.47934300
vt 0.47736800 0.35432700
vt 0.47935900 0.35175500
vt 0.47736900 0.35146500
vt 0.47935700 0.35456900
vt 0.47734600 0.26659600
vt 0.47923600 0.25968700
vt 0.47729800 0.26082100
vt 0.47933000 0.26253400
vt 0.47723000 0.25954700
vt 0.47841400 0.25150700
vt 0.47657500 0.25332100
vt 0.47886700 0.25478500
vt 0.60749400 0.36176300
vt 0.61424800 0.35961800
vt 0.60737500 0.35967200
vt 0.60492400 0.35966100
vt 0.60504400 0.36176600
vt 0.61451000 0.36169100
vt 0.61693000 0.36162500
vt 0.61668800 0.35956700
vt 0.62771900 0.35908900
vt 0.62817500 0.36112300
vt 0.63260000 0.35884400
vt 0.63314500 0.36086500
vt 0.59793800 0.36170600
vt 0.59546000 0.36167800
vt 0.59793300 0.35958500
vt 0.59545700 0.35954600
vt 0.54616500 0.35884400
vt 0.54739200 0.36100300
vt 0.48176500 0.21983200
vt 0.48139300 0.21800800
vt 0.47955200 0.21916400
vt 0.47927400 0.22503500
vt 0.47910400 0.24785900
vt 0.47368400 0.25365500
vt 0.47834600 0.25102300
vt 0.47714600 0.24842400
vt 0.60340200 0.47696200
vt 0.60167200 0.47666400
vt 0.60615600 0.42723100
vt 0.60256700 0.47615900
vt 0.60206900 0.47841400
vt 0.60521700 0.42798000
vt 0.60488500 0.42559000
vt 0.60432600 0.42736500
vt 0.60578400 0.25070300
vt 0.60578400 0.25070300
vt 0.60484000 0.25052600
vt 0.60396800 0.25035100
vt 0.60440500 0.25216800
vt 0.60517800 0.24403300
vt 0.60425300 0.24406700
vt 0.60611300 0.24399100
vt 0.60423500 0.24666300
vt 0.60519800 0.24670300
vt 0.60311400 0.22072800
vt 0.60223900 0.22090100
vt 0.60404300 0.22054600
vt 0.60484000 0.25052600
vt 0.60578400 0.25070300
vt 0.60615600 0.24673600
vt 0.60396800 0.25035100
vt 0.72075700 0.44380300
vt 0.72792700 0.44536500
vt 0.72087000 0.44576600
vt 0.72775000 0.44340100
vt 0.47841400 0.25150700
vt 0.47841400 0.25150700
vt 0.47368400 0.25365500
vt 0.47368400 0.25365500
vt 0.47657500 0.25332100
vt 0.47834600 0.25102300
f 1/1/1 4/4/4 7/7/7
f 1/1/1 7/7/7 10/10/10
f 15/15/15 19/19/19 17/17/17
f 15/15/15 23/23/23 19/19/19
f 6/6/6 2/2/2 14/14/14
f 14/14/14 18/18/18 6/6/6
f 3/3/3 12/12/12 22/22/22
f 22/22/22 13/13/13 3/3/3
f 9/9/9 5/5/5 16/16/16
f 16/16/16 20/20/20 9/9/9
f 11/11/11 8/8/8 21/21/21
f 21/21/21 24/24/24 11/11/11
f 25/25/25 27/27/27 32/32/32
f 25/25/25 32/32/32 34/34/34
f 25/25/25 34/34/34 36/36/36
f 25/25/25 36/36/36 39/39/39
f 42/42/42 47/47/47 45/45/45
f 42/42/42 50/50/50 47/47/47
f 42/42/42 53/53/53 50/50/50
f 42/42/42 56/56/56 53/53/53
f 29/29/29 26/26/26 41/41/41
f 41/41/41 44/44/44 29/29/29
f 26/26/26 40/40/40 55/55/55
f 55/55/55 41/41/41 26/26/26
f 38/38/38 35/35/35 52/52/52
f 52/52/52 54/54/54 38/38/38
f 37/37/37 33/33/33 49/49/49
f 49/49/49 51/51/51 37/37/37
f 33/33/33 31/31/31 48/48/48
f 48/48/48 49/49/49 33/33/33
f 30/30/30 28/28/28 43/43/43
f 43/43/43 46/46/46 30/30/30
f 57/57/57 61/61/61 62/62/62
f 57/57/57 62/62/62 65/65/65
f 68/68/68 62/62/62 61/61/61
f 68/68/68 72/72/72 62/62/62
f 73/73/73 79/79/79 77/77/77
f 73/73/73 82/82/82 79/79/79
f 83/83/83 77/77/77 79/79/79
f 83/83/83 79/79/79 86/86/86
f 60/60/60 58/58/58 74/74/74
f 74/74/74 76/76/76 60/60/60
f 59/59/59 64/64/64 81/81/81
f 81/81/81 75/75/75 59/59/59
f 66/66/66 63/63/63 78/78/78
f 78/78/78 80/80/80 66/66/66
f 63/63/63 70/70/70 87/87/87
f 87/87/87 78/78/78 63/63/63
f 71/71/71 67/67/67 85/85/85
f 85/85/85 88/88/88 71/71/71
f 69/69/69 60/60/60 76/76/76
f 76/76/76 84/84/84 69/69/69
f 89/89/89 92/92/92 93/93/93
f 89/89/89 93/93/93 95/95/95
f 97/97/97 91/91/91 94/94/94
f 100/100/100 98/98/98 99/99/99
f 98/98/98 95/95/95 99/99/99
f 100/100/100 99/99/99 101/101/101
f 104/104/104 100/100/100 101/101/101
f 107/107/107 102/102/102 108/108/108
f 104/104/104 101/101/101 109/109/109
f 105/105/105 109/109/109 110/110/110
f 92/92/92 110/110/110 93/93/93
f 92/92/92 105/105/105 110/110/110
f 93/93/93 110/110/110 111/111/111
f 93/93/93 111/111/111 114/114/114
f 111/111/111 112/112/112 113/113/113
f 111/111/111 113/113/113 114/114/114
f 115/115/115 113/113/113 112/112/112
f 115/115/115 116/116/116 113/113/113
f 101/101/101 99/99/99 116/116/116
f 101/101/101 116/116/116 115/115/115
f 119/119/119 121/121/121 120/120/120
f 119/119/119 123/123/123 121/121/121
f 126/126/126 122/122/122 117/117/117
f 128/128/128 127/127/127 124/124/124
f 124/124/124 127/127/127 123/123/123
f 128/128/128 129/129/129 127/127/127
f 130/130/130 129/129/129 128/128/128
f 133/133/133 137/137/137 131/131/131
f 130/130/130 136/136/136 129/129/129
f 134/134/134 138/138/138 136/136/136
f 120/120/120 121/121/121 138/138/138
f 120/120/120 138/138/138 134/134/134
f 121/121/121 139/139/139 138/138/138
f 121/121/121 142/142/142 139/139/139
f 139/139/139 141/141/141 140/140/140
f 139/139/139 142/142/142 141/141/141
f 143/143/143 140/140/140 141/141/141
f 143/143/143 141/141/141 144/144/144
f 129/129/129 144/144/144 127/127/127
f 129/129/129 143/143/143 144/144/144
f 92/92/92 89/89/89 119/119/119
f 119/119/119 120/120/120 92/92/92
f 90/90/90 96/96/96 125/125/125
f 125/125/125 118/118/118 90/90/90
f 98/98/98 100/100/100 128/128/128
f 128/128/128 124/124/124 98/98/98
f 100/100/100 104/104/104 130/130/130
f 130/130/130 128/128/128 100/100/100
f 103/103/103 106/106/106 135/135/135
f 135/135/135 132/132/132 103/103/103
f 110/110/110 109/109/109 136/136/136
f 136/136/136 138/138/138 110/110/110
f 109/109/109 101/101/101 129/129/129
f 129/129/129 136/136/136 109/109/109
f 111/111/111 110/110/110 138/138/138
f 138/138/138 139/139/139 111/111/111
f 112/112/112 111/111/111 139/139/139
f 139/139/139 140/140/140 112/112/112
f 93/93/93 114/114/114 142/142/142
f 142/142/142 121/121/121 93/93/93
f 114/114/114 113/113/113 141/141/141
f 141/141/141 142/142/142 114/114/114
f 113/113/113 116/116/116 144/144/144
f 144/144/144 141/141/141 113/113/113
f 116/116/116 99/99/99 127/127/127
f 127/127/127 144/144/144 116/116/116
f 101/101/101 115/115/115 143/143/143
f 143/143/143 129/129/129 101/101/101
f 115/115/115 112/112/112 140/140/140
f 140/140/140 143/143/143 115/115/115
f 105/105/105 92/92/92 120/120/120
f 120/120/120 134/134/134 105/105/105
f 99/99/99 95/95/95 123/123/123
f 123/123/123 127/127/127 99/99/99
f 95/95/95 93/93/93 121/121/121
f 121/121/121 123/123/123 95/95/95
f 145/145/145 149/149/149 151/151/151
f 145/145/145 151/151/151 154/154/154
f 158/158/158 165/165/165 160/160/160
f 158/158/158 166/166/166 165/165/165
f 148/148/148 146/146/146 157/157/157
f 157/157/157 161/161/161 148/148/148
f 147/147/147 155/155/155 168/168/168
f 168/168/168 159/159/159 147/147/147
f 156/156/156 153/153/153 163/163/163
f 163/163/163 167/167/167 156/156/156
f 152/152/152 150/150/150 162/162/162
f 162/162/162 164/164/164 152/152/152
f 170/170/170 177/177/177 173/173/173
f 170/170/170 178/178/178 177/177/177
f 183/183/183 186/186/186 189/189/189
f 183/183/183 189/189/189 190/190/190
f 172/172/172 185/185/185 182/182/182
f 182/182/182 171/171/171 172/172/172
f 169/169/169 181/181/181 191/191/191
f 191/191/191 180/180/180 169/169/169
f 179/179/179 192/192/192 188/188/188
f 188/188/188 175/175/175 179/179/179
f 176/176/176 187/187/187 184/184/184
f 184/184/184 174/174/174 176/176/176
f 193/193/193 194/194/194 195/195/195
f 193/193/193 195/195/195 196/196/196
f 197/197/197 193/193/193 196/196/196
f 197/197/197 196/196/196 198/198/198
f 199/199/199 200/200/200 201/201/201
f 199/199/199 201/201/201 202/202/202
f 203/203/203 199/199/199 202/202/202
f 203/203/203 202/202/202 204/204/204
f 205/205/205 206/206/206 209/209/209
f 205/205/205 208/208/208 206/206/206
f 205/205/205 211/211/211 207/207/207
f 207/207/207 210/210/210 205/205/205
f 210/210/210 208/208/208 205/205/205
f 205/205/205 209/209/209 211/211/211
f 213/213/213 211/211/211 212/212/212
f 212/212/212 211/211/211 209/209/209
f 207/207/207 211/211/211 214/214/214
f 213/213/213 214/214/214 211/211/211
f 213/213/213 215/215/215 214/214/214
f 215/215/215 216/216/216 214/214/214
f 207/207/207 214/214/214 216/216/216
f 215/215/215 217/217/217 216/216/216
f 219/219/219 216/216/216 217/217/217
f 216/216/216 218/218/218 220/220/220
f 219/219/219 218/218/218 216/216/216
f 216/216/216 220/220/220 207/207/207
f 221/221/221 220/220/220 222/222/222
f 221/221/221 210/210/210 220/220/220
f 207/207/207 220/220/220 210/210/210
f 222/222/222 220/220/220 218/218/218
f 221/221/221 222/222/222 223/223/223
f 222/222/222 224/224/224 223/223/223
f 222/222/222 225/225/225 224/224/224
f 222/222/222 218/218/218 225/225/225
f 219/219/219 225/225/225 218/218/218
f 219/219/219 226/226/226 225/225/225
f 227/227/227 225/225/225 226/226/226
f 227/227/227 224/224/224 225/225/225
f 228/228/228 227/227/227 226/226/226
f 230/230/230 227/227/227 228/228/228
f 227/227/227 229/229/229 224/224/224
f 227/227/227 231/231/231 229/229/229
f 230/230/230 231/231/231 227/227/227
f 230/230/230 233/233/233 232/232/232
f 230/230/230 228/228/228 233/233/233
f 234/234/234 233/233/233 236/236/236
f 237/237/237 233/233/233 234/234/234
f 235/235/235 233/233/233 228/228/228
f 235/235/235 236/236/236 233/233/233
f 237/237/237 232/232/232 233/233/233
f 237/237/237 234/234/234 238/238/238
f 237/237/237 238/238/238 239/239/239
f 239/239/239 241/241/241 240/240/240
f 239/239/239 238/238/238 241/241/241
f 240/240/240 241/241/241 244/244/244
f 242/242/242 241/241/241 238/238/238
f 242/242/242 243/243/243 241/241/241
f 244/244/244 241/241/241 243/243/243
f 240/240/240 244/244/244 245/245/245
f 245/245/245 244/244/244 246/246/246
f 247/247/247 246/246/246 244/244/244
f 244/244/244 243/243/243 247/247/247
f 243/243/243 248/248/248 247/247/247
f 247/247/247 249/249/249 246/246/246
f 247/247/247 248/248/248 250/250/250
f 247/247/247 250/250/250 249/249/249
f 251/251/251 250/250/250 248/248/248
f 251/251/251 253/253/253 250/250/250
f 249/249/249 250/250/250 252/252/252
f 252/252/252 250/250/250 253/253/253
f 251/251/251 254/254/254 253/253/253
f 252/252/252 253/253/253 256/256/256
f 253/253/253 254/254/254 255/255/255
f 253/253/253 255/255/255 256/256/256
f 255/255/255 258/258/258 257/257/257
f 255/255/255 254/254/254 258/258/258
f 257/257/257 258/258/258 260/260/260
f 260/260/260 258/258/258 259/259/259
f 259/259/259 258/258/258 254/254/254
f 261/261/261 260/260/260 263/263/263
f 257/257/257 260/260/260 261/261/261
f 260/260/260 259/259/259 262/262/262
f 262/262/262 263/263/263 260/260/260
f 264/264/264 263/263/263 267/267/267
f 264/264/264 266/266/266 263/263/263
f 267/267/267 263/263/263 265/265/265
f 262/262/262 265/265/265 263/263/263
f 261/261/261 263/263/263 266/266/266
f 267/267/267 265/265/265 268/268/268
f 268/268/268 265/265/265 269/269/269
f 268/268/268 269/269/269 270/270/270
f 272/272/272 270/270/270 269/269/269
f 272/272/272 271/271/271 270/270/270
f 273/273/273 272/272/272 269/269/269
f 273/273/273 275/275/275 272/272/272
f 274/274/274 271/271/271 272/272/272
f 275/275/275 274/274/274 272/272/272
f 273/273/273 278/278/278 275/275/275
f 275/275/275 277/277/277 276/276/276
f 275/275/275 276/276/276 274/274/274
f 275/275/275 278/278/278 277/277/277
f 273/273/273 281/281/281 278/278/278
f 281/281/281 279/279/279 278/278/278
f 278/278/278 279/279/279 280/280/280
f 278/278/278 280/280/280 277/277/277
f 282/282/282 281/281/281 259/259/259
f 282/282/282 283/283/283 281/281/281
f 259/259/259 281/281/281 273/273/273
f 281/281/281 283/283/283 279/279/279
f 285/285/285 283/283/283 284/284/284
f 284/284/284 283/283/283 282/282/282
f 285/285/285 279/279/279 283/283/283
f 285/285/285 286/286/286 287/287/287
f 285/285/285 288/288/288 286/286/286
f 287/287/287 279/279/279 285/285/285
f 284/284/284 288/288/288 285/285/285
f 290/290/290 286/286/286 288/288/288
f 242/242/242 288/288/288 289/289/289
f 284/284/284 289/289/289 288/288/288
f 290/290/290 288/288/288 242/242/242
f 234/234/234 236/236/236 290/290/290
f 290/290/290 238/238/238 234/234/234
f 290/290/290 236/236/236 291/291/291
f 290/290/290 291/291/291 286/286/286
f 290/290/290 242/242/242 238/238/238
f 286/286/286 291/291/291 292/292/292
f 292/292/292 291/291/291 293/293/293
f 235/235/235 291/291/291 236/236/236
f 235/235/235 293/293/293 291/291/291
f 292/292/292 293/293/293 294/294/294
f 293/293/293 219/219/219 217/217/217
f 235/235/235 219/219/219 293/293/293
f 293/293/293 217/217/217 294/294/294
f 294/294/294 215/215/215 295/295/295
f 294/294/294 217/217/217 215/215/215
f 294/294/294 295/295/295 296/296/296
f 294/294/294 296/296/296 292/292/292
f 287/287/287 296/296/296 280/280/280
f 287/287/287 292/292/292 296/296/296
f 297/297/297 280/280/280 296/296/296
f 297/297/297 296/296/296 295/295/295
f 298/298/298 297/297/297 299/299/299
f 298/298/298 277/277/277 297/297/297
f 297/297/297 277/277/277 280/280/280
f 297/297/297 295/295/295 299/299/299
f 300/300/300 299/299/299 295/295/295
f 301/301/301 299/299/299 300/300/300
f 298/298/298 299/299/299 302/302/302
f 301/301/301 302/302/302 299/299/299
f 302/302/302 304/304/304 303/303/303
f 298/298/298 302/302/302 303/303/303
f 302/302/302 301/301/301 304/304/304
f 304/304/304 305/305/305 307/307/307
f 305/305/305 304/304/304 306/306/306
f 301/301/301 306/306/306 304/304/304
f 304/304/304 307/307/307 303/303/303
f 303/303/303 307/307/307 308/308/308
f 303/303/303 308/308/308 309/309/309
f 309/309/309 308/308/308 310/310/310
f 309/309/309 310/310/310 274/274/274
f 274/274/274 310/310/310 271/271/271
f 298/298/298 303/303/303 309/309/309
f 276/276/276 309/309/309 274/274/274
f 276/276/276 298/298/298 309/309/309
f 305/305/305 306/306/306 313/313/313
f 311/311/311 312/312/312 306/306/306
f 301/301/301 311/311/311 306/306/306
f 313/313/313 306/306/306 312/312/312
f 313/313/313 312/312/312 314/314/314
f 314/314/314 312/312/312 316/316/316
f 314/314/314 316/316/316 315/315/315
f 317/317/317 316/316/316 319/319/319
f 317/317/317 315/315/315 316/316/316
f 318/318/318 316/316/316 312/312/312
f 318/318/318 320/320/320 316/316/316
f 320/320/320 319/319/319 316/316/316
f 320/320/320 321/321/321 319/319/319
f 321/321/321 320/320/320 322/322/322
f 318/318/318 322/322/322 320/320/320
f 323/323/323 322/322/322 209/209/209
f 321/321/321 322/322/322 323/323/323
f 318/318/318 212/212/212 322/322/322
f 212/212/212 209/209/209 322/322/322
f 323/323/323 209/209/209 206/206/206
f 311/311/311 318/318/318 312/312/312
f 311/311/311 212/212/212 318/318/318
f 301/301/301 213/213/213 311/311/311
f 311/311/311 213/213/213 212/212/212
f 301/301/301 300/300/300 213/213/213
f 300/300/300 295/295/295 215/215/215
f 213/213/213 300/300/300 215/215/215
f 298/298/298 276/276/276 277/277/277
f 286/286/286 292/292/292 287/287/287
f 242/242/242 289/289/289 243/243/243
f 243/243/243 289/289/289 248/248/248
f 248/248/248 289/289/289 284/284/284
f 287/287/287 280/280/280 279/279/279
f 248/248/248 284/284/284 251/251/251
f 284/284/284 282/282/282 251/251/251
f 251/251/251 282/282/282 254/254/254
f 259/259/259 254/254/254 282/282/282
f 262/262/262 273/273/273 269/269/269
f 259/259/259 273/273/273 262/262/262
f 262/262/262 269/269/269 265/265/265
f 249/249/249 252/252/252 324/324/324
f 325/325/325 249/249/249 324/324/324
f 326/326/326 325/325/325 327/327/327
f 326/326/326 246/246/246 325/325/325
f 325/325/325 246/246/246 249/249/249
f 326/326/326 327/327/327 328/328/328
f 326/326/326 328/328/328 329/329/329
f 329/329/329 328/328/328 330/330/330
f 329/329/329 330/330/330 331/331/331
f 329/329/329 331/331/331 332/332/332
f 333/333/333 332/332/332 335/335/335
f 333/333/333 334/334/334 332/332/332
f 329/329/329 332/332/332 334/334/334
f 240/240/240 334/334/334 333/333/333
f 240/240/240 245/245/245 334/334/334
f 329/329/329 334/334/334 245/245/245
f 329/329/329 245/245/245 326/326/326
f 245/245/245 246/246/246 326/326/326
f 228/228/228 226/226/226 235/235/235
f 235/235/235 226/226/226 219/219/219
f 336/336/336 224/224/224 229/229/229
f 336/336/336 223/223/223 224/224/224
f 336/336/336 340/340/340 337/337/337
f 337/337/337 338/338/338 336/336/336
f 338/338/338 223/223/223 336/336/336
f 336/336/336 339/339/339 340/340/340
f 339/339/339 341/341/341 340/340/340
f 343/343/343 342/342/342 341/341/341
f 339/339/339 343/343/343 341/341/341
f 343/343/343 344/344/344 342/342/342
f 345/345/345 342/342/342 344/344/344
f 345/345/345 348/348/348 346/346/346
f 345/345/345 346/346/346 342/342/342
f 345/345/345 347/347/347 348/348/348
f 347/347/347 349/349/349 348/348/348
f 347/347/347 350/350/350 349/349/349
f 350/350/350 351/351/351 349/349/349
f 352/352/352 351/351/351 350/350/350
f 351/351/351 352/352/352 353/353/353
f 355/355/355 338/338/338 354/354/354
f 337/337/337 354/354/354 338/338/338
f 338/338/338 357/357/357 223/223/223
f 338/338/338 355/355/355 356/356/356
f 338/338/338 356/356/356 357/357/357
f 357/357/357 356/356/356 358/358/358
f 357/357/357 358/358/358 221/221/221
f 221/221/221 223/223/223 357/357/357
f 221/221/221 358/358/358 359/359/359
f 210/210/210 359/359/359 208/208/208
f 221/221/221 359/359/359 210/210/210
f 355/355/355 354/354/354 360/360/360
f 360/360/360 354/354/354 361/361/361
f 360/360/360 361/361/361 362/362/362
f 363/363/363 354/354/354 337/337/337
f 363/363/363 337/337/337 364/364/364
f 366/366/366 369/369/369 365/365/365
f 366/366/366 365/365/365 367/367/367
f 365/365/365 368/368/368 367/367/367
f 365/365/365 371/371/371 368/368/368
f 365/365/365 369/369/369 370/370/370
f 365/365/365 370/370/370 371/371/371
f 373/373/373 371/371/371 370/370/370
f 373/373/373 372/372/372 371/371/371
f 368/368/368 371/371/371 372/372/372
f 372/372/372 373/373/373 374/374/374
f 372/372/372 374/374/374 376/376/376
f 375/375/375 376/376/376 374/374/374
f 372/372/372 376/376/376 377/377/377
f 379/379/379 377/377/377 376/376/376
f 375/375/375 378/378/378 376/376/376
f 379/379/379 376/376/376 378/378/378
f 379/379/379 380/380/380 377/377/377
f 379/379/379 383/383/383 380/380/380
f 378/378/378 381/381/381 379/379/379
f 379/379/379 381/381/381 382/382/382
f 379/379/379 382/382/382 383/383/383
f 383/383/383 382/382/382 385/385/385
f 383/383/383 385/385/385 384/384/384
f 384/384/384 380/380/380 383/383/383
f 386/386/386 388/388/388 385/385/385
f 387/387/387 386/386/386 385/385/385
f 384/384/384 385/385/385 388/388/388
f 387/387/387 385/385/385 382/382/382
f 386/386/386 389/389/389 388/388/388
f 390/390/390 388/388/388 389/389/389
f 384/384/384 388/388/388 392/392/392
f 390/390/390 391/391/391 388/388/388
f 392/392/392 388/388/388 391/391/391
f 384/384/384 392/392/392 394/394/394
f 392/392/392 391/391/391 393/393/393
f 393/393/393 394/394/394 392/392/392
f 395/395/395 394/394/394 397/397/397
f 395/395/395 396/396/396 394/394/394
f 384/384/384 394/394/394 396/396/396
f 397/397/397 394/394/394 398/398/398
f 393/393/393 398/398/398 394/394/394
f 393/393/393 399/399/399 398/398/398
f 400/400/400 398/398/398 399/399/399
f 397/397/397 398/398/398 400/400/400
f 400/400/400 401/401/401 402/402/402
f 400/400/400 403/403/403 401/401/401
f 402/402/402 397/397/397 400/400/400
f 400/400/400 399/399/399 403/403/403
f 403/403/403 404/404/404 401/401/401
f 403/403/403 407/407/407 404/404/404
f 403/403/403 405/405/405 407/407/407
f 403/403/403 399/399/399 405/405/405
f 404/404/404 407/407/407 408/408/408
f 409/409/409 407/407/407 405/405/405
f 409/409/409 408/408/408 407/407/407
f 408/408/408 409/409/409 410/410/410
f 411/411/411 410/410/410 409/409/409
f 405/405/405 411/411/411 409/409/409
f 411/411/411 415/415/415 410/410/410
f 405/405/405 417/417/417 411/411/411
f 413/413/413 411/411/411 417/417/417
f 411/411/411 413/413/413 414/414/414
f 411/411/411 414/414/414 415/415/415
f 412/412/412 418/418/418 419/419/419
f 423/423/423 416/416/416 406/406/406
f 393/393/393 424/424/424 422/422/422
f 393/393/393 422/422/422 399/399/399
f 422/422/422 405/405/405 399/399/399
f 427/427/427 421/421/421 425/425/425
f 390/390/390 427/427/427 425/425/425
f 393/393/393 391/391/391 425/425/425
f 390/390/390 425/425/425 391/391/391
f 426/426/426 428/428/428 420/420/420
f 429/429/429 427/427/427 431/431/431
f 427/427/427 390/390/390 430/430/430
f 427/427/427 430/430/430 431/431/431
f 429/429/429 431/431/431 432/432/432
f 414/414/414 429/429/429 432/432/432
f 389/389/389 430/430/430 390/390/390
f 389/389/389 433/433/433 430/430/430
f 389/389/389 434/434/434 433/433/433
f 389/389/389 386/386/386 434/434/434
f 387/387/387 434/434/434 386/386/386
f 387/387/387 435/435/435 434/434/434
f 387/387/387 436/436/436 435/435/435
f 387/387/387 437/437/437 436/436/436
f 439/439/439 436/436/436 437/437/437
f 439/439/439 438/438/438 436/436/436
f 439/439/439 381/381/381 440/440/440
f 439/439/439 437/437/437 381/381/381
f 441/441/441 439/439/439 440/440/440
f 439/439/439 441/441/441 442/442/442
f 439/439/439 442/442/442 438/438/438
f 441/441/441 440/440/440 443/443/443
f 378/378/378 443/443/443 440/440/440
f 378/378/378 375/375/375 443/443/443
f 378/378/378 440/440/440 381/381/381
f 437/437/437 387/387/387 382/382/382
f 437/437/437 382/382/382 381/381/381
f 414/414/414 413/413/413 429/429/429
f 421/421/421 429/429/429 413/413/413
f 408/408/408 410/410/410 444/444/444
f 408/408/408 444/444/444 445/445/445
f 449/449/449 446/446/446 448/448/448
f 408/408/408 445/445/445 453/453/453
f 451/451/451 452/452/452 447/447/447
f 453/453/453 450/450/450 454/454/454
f 453/453/453 454/454/454 404/404/404
f 404/404/404 408/408/408 453/453/453
f 456/456/456 455/455/455 454/454/454
f 455/455/455 404/404/404 454/454/454
f 457/457/457 456/456/456 459/459/459
f 457/457/457 458/458/458 456/456/456
f 456/456/456 458/458/458 455/455/455
f 460/460/460 457/457/457 459/459/459
f 461/461/461 460/460/460 463/463/463
f 461/461/461 462/462/462 460/460/460
f 460/460/460 462/462/462 457/457/457
f 464/464/464 462/462/462 461/461/461
f 462/462/462 465/465/465 457/457/457
f 464/464/464 466/466/466 462/462/462
f 462/462/462 466/466/466 465/465/465
f 468/468/468 467/467/467 466/466/466
f 467/467/467 465/465/465 466/466/466
f 468/468/468 466/466/466 464/464/464
f 469/469/469 467/467/467 468/468/468
f 471/471/471 470/470/470 469/469/469
f 469/469/469 470/470/470 467/467/467
f 471/471/471 472/472/472 470/470/470
f 473/473/473 472/472/472 471/471/471
f 474/474/474 475/475/475 473/473/473
f 473/473/473 475/475/475 472/472/472
f 474/474/474 477/477/477 475/475/475
f 472/472/472 475/475/475 476/476/476
f 477/477/477 476/476/476 475/475/475
f 474/474/474 478/478/478 477/477/477
f 477/477/477 478/478/478 480/480/480
f 477/477/477 479/479/479 476/476/476
f 477/477/477 480/480/480 479/479/479
f 479/479/479 480/480/480 481/481/481
f 479/479/479 481/481/481 366/366/366
f 366/366/366 481/481/481 369/369/369
f 479/479/479 366/366/366 482/482/482
f 479/479/479 482/482/482 476/476/476
f 476/476/476 482/482/482 483/483/483
f 483/483/483 482/482/482 367/367/367
f 366/366/366 367/367/367 482/482/482
f 483/483/483 367/367/367 484/484/484
f 484/484/484 486/486/486 483/483/483
f 485/485/485 483/483/483 486/486/486
f 476/476/476 483/483/483 485/485/485
f 485/485/485 486/486/486 487/487/487
f 487/487/487 486/486/486 489/489/489
f 489/489/489 486/486/486 488/488/488
f 484/484/484 488/488/488 486/486/486
f 487/487/487 489/489/489 490/490/490
f 490/490/490 489/489/489 493/493/493
f 489/489/489 488/488/488 491/491/491
f 489/489/489 491/491/491 492/492/492
f 489/489/489 492/492/492 493/493/493
f 465/465/465 493/493/493 458/458/458
f 490/490/490 493/493/493 465/465/465
f 458/458/458 493/493/493 492/492/492
f 492/492/492 401/401/401 455/455/455
f 458/458/458 492/492/492 455/455/455
f 492/492/492 402/402/402 401/401/401
f 491/491/491 402/402/402 492/492/492
f 488/488/488 494/494/494 491/491/491
f 491/491/491 494/494/494 402/402/402
f 488/488/488 495/495/495 494/494/494
f 395/395/395 494/494/494 495/495/495
f 395/395/395 397/397/397 494/494/494
f 402/402/402 494/494/494 397/397/397
f 484/484/484 495/495/495 488/488/488
f 495/495/495 497/497/497 395/395/395
f 484/484/484 496/496/496 495/495/495
f 495/495/495 496/496/496 497/497/497
f 497/497/497 396/396/396 395/395/395
f 497/497/497 380/380/380 396/396/396
f 498/498/498 497/497/497 496/496/496
f 498/498/498 380/380/380 497/497/497
f 498/498/498 496/496/496 368/368/368
f 368/368/368 372/372/372 498/498/498
f 372/372/372 377/377/377 498/498/498
f 498/498/498 377/377/377 380/380/380
f 367/367/367 496/496/496 484/484/484
f 367/367/367 368/368/368 496/496/496
f 467/467/467 487/487/487 490/490/490
f 467/467/467 490/490/490 465/465/465
f 467/467/467 470/470/470 487/487/487
f 485/485/485 487/487/487 470/470/470
f 472/472/472 476/476/476 485/485/485
f 485/485/485 470/470/470 472/472/472
f 474/474/474 499/499/499 478/478/478
f 465/465/465 458/458/458 457/457/457
f 455/455/455 401/401/401 404/404/404
f 384/384/384 396/396/396 380/380/380
f 505/505/505 501/501/501 500/500/500
f 500/500/500 501/501/501 502/502/502
f 500/500/500 502/502/502 503/503/503
f 507/507/507 500/500/500 503/503/503
f 504/504/504 506/506/506 500/500/500
f 507/507/507 504/504/504 500/500/500
f 505/505/505 500/500/500 506/506/506
f 509/509/509 504/504/504 507/507/507
f 508/508/508 507/507/507 510/510/510
f 509/509/509 507/507/507 508/508/508
f 503/503/503 510/510/510 507/507/507
f 508/508/508 510/510/510 511/511/511
f 511/511/511 510/510/510 513/513/513
f 513/513/513 510/510/510 512/512/512
f 503/503/503 512/512/512 510/510/510
f 511/511/511 513/513/513 514/514/514
f 513/513/513 512/512/512 515/515/515
f 516/516/516 515/515/515 512/512/512
f 516/516/516 517/517/517 515/515/515
f 517/517/517 516/516/516 519/519/519
f 517/517/517 519/519/519 518/518/518
f 522/522/522 520/520/520 519/519/519
f 519/519/519 520/520/520 521/521/521
f 519/519/519 521/521/521 518/518/518
f 519/519/519 502/502/502 522/522/522
f 519/519/519 516/516/516 502/502/502
f 502/502/502 523/523/523 522/522/522
f 523/523/523 524/524/524 522/522/522
f 522/522/522 524/524/524 520/520/520
f 525/525/525 524/524/524 527/527/527
f 525/525/525 520/520/520 524/524/524
f 524/524/524 526/526/526 528/528/528
f 523/523/523 526/526/526 524/524/524
f 524/524/524 528/528/528 527/527/527
f 526/526/526 529/529/529 528/528/528
f 529/529/529 530/530/530 528/528/528
f 528/528/528 530/530/530 531/531/531
f 528/528/528 531/531/531 527/527/527
f 527/527/527 531/531/531 532/532/532
f 527/527/527 532/532/532 525/525/525
f 525/525/525 532/532/532 533/533/533
f 525/525/525 533/533/533 534/534/534
f 521/521/521 525/525/525 534/534/534
f 529/529/529 535/535/535 530/530/530
f 537/537/537 536/536/536 535/535/535
f 537/537/537 535/535/535 529/529/529
f 539/539/539 536/536/536 537/537/537
f 538/538/538 539/539/539 537/537/537
f 529/529/529 538/538/538 537/537/537
f 539/539/539 540/540/540 542/542/542
f 539/539/539 543/543/543 540/540/540
f 542/542/542 541/541/541 539/539/539
f 539/539/539 541/541/541 536/536/536
f 538/538/538 543/543/543 539/539/539
f 544/544/544 540/540/540 543/543/543
f 544/544/544 543/543/543 545/545/545
f 545/545/545 543/543/543 538/538/538
f 547/547/547 546/546/546 545/545/545
f 549/549/549 545/545/545 546/546/546
f 547/547/547 545/545/545 548/548/548
f 549/549/549 544/544/544 545/545/545
f 545/545/545 538/538/538 548/548/548
f 551/551/551 549/549/549 546/546/546
f 550/550/550 544/544/544 549/549/549
f 550/550/550 549/549/549 553/553/553
f 549/549/549 551/551/551 552/552/552
f 549/549/549 552/552/552 553/553/553
f 553/553/553 552/552/552 556/556/556
f 553/553/553 554/554/554 550/550/550
f 553/553/553 555/555/555 554/554/554
f 553/553/553 556/556/556 555/555/555
f 556/556/556 552/552/552 558/558/558
f 557/557/557 556/556/556 559/559/559
f 557/557/557 555/555/555 556/556/556
f 556/556/556 558/558/558 560/560/560
f 560/560/560 559/559/559 556/556/556
f 561/561/561 560/560/560 563/563/563
f 561/561/561 562/562/562 560/560/560
f 560/560/560 562/562/562 559/559/559
f 563/563/563 560/560/560 558/558/558
f 563/563/563 558/558/558 564/564/564
f 564/564/564 565/565/565 563/563/563
f 561/561/561 563/563/563 565/565/565
f 564/564/564 569/569/569 565/565/565
f 561/561/561 565/565/565 567/567/567
f 566/566/566 565/565/565 568/568/568
f 566/566/566 567/567/567 565/565/565
f 568/568/568 565/565/565 569/569/569
f 568/568/568 569/569/569 572/572/572
f 571/571/571 570/570/570 569/569/569
f 570/570/570 572/572/572 569/569/569
f 571/571/571 569/569/569 564/564/564
f 572/572/572 574/574/574 568/568/568
f 570/570/570 573/573/573 572/572/572
f 573/573/573 575/575/575 572/572/572
f 572/572/572 575/575/575 574/574/574
f 573/573/573 576/576/576 575/575/575
f 576/576/576 577/577/577 575/575/575
f 578/578/578 575/575/575 577/577/577
f 578/578/578 574/574/574 575/575/575
f 580/580/580 578/578/578 579/579/579
f 579/579/579 578/578/578 577/577/577
f 580/580/580 574/574/574 578/578/578
f 583/583/583 580/580/580 581/581/581
f 582/582/582 581/581/581 580/580/580
f 580/580/580 579/579/579 582/582/582
f 580/580/580 583/583/583 574/574/574
f 583/583/583 581/581/581 584/584/584
f 566/566/566 583/583/583 584/584/584
f 566/566/566 574/574/574 583/583/583
f 586/586/586 585/585/585 584/584/584
f 566/566/566 584/584/584 585/585/585
f 587/587/587 584/584/584 581/581/581
f 586/586/586 584/584/584 588/588/588
f 587/587/587 588/588/588 584/584/584
f 587/587/587 590/590/590 589/589/589
f 587/587/587 581/581/581 590/590/590
f 591/591/591 590/590/590 582/582/582
f 582/582/582 590/590/590 581/581/581
f 589/589/589 590/590/590 591/591/591
f 592/592/592 591/591/591 593/593/593
f 592/592/592 594/594/594 591/591/591
f 596/596/596 593/593/593 591/591/591
f 589/589/589 591/591/591 594/594/594
f 591/591/591 582/582/582 595/595/595
f 596/596/596 591/591/591 595/595/595
f 595/595/595 597/597/597 596/596/596
f 600/600/600 596/596/596 597/597/597
f 598/598/598 593/593/593 596/596/596
f 598/598/598 596/596/596 599/599/599
f 600/600/600 599/599/599 596/596/596
f 599/599/599 600/600/600 601/601/601
f 603/603/603 602/602/602 601/601/601
f 599/599/599 601/601/601 602/602/602
f 605/605/605 603/603/603 604/604/604
f 603/603/603 606/606/606 602/602/602
f 605/605/605 606/606/606 603/603/603
f 606/606/606 608/608/608 607/607/607
f 607/607/607 602/602/602 606/606/606
f 606/606/606 605/605/605 608/608/608
f 611/611/611 607/607/607 608/608/608
f 608/608/608 609/609/609 610/610/610
f 608/608/608 605/605/605 609/609/609
f 610/610/610 611/611/611 608/608/608
f 610/610/610 613/613/613 611/611/611
f 611/611/611 612/612/612 607/607/607
f 610/610/610 614/614/614 613/613/613
f 610/610/610 615/615/615 614/614/614
f 615/615/615 609/609/609 616/616/616
f 615/615/615 610/610/610 609/609/609
f 617/617/617 616/616/616 609/609/609
f 617/617/617 618/618/618 616/616/616
f 617/617/617 605/605/605 604/604/604
f 617/617/617 609/609/609 605/605/605
f 607/607/607 612/612/612 619/619/619
f 607/607/607 619/619/619 621/621/621
f 620/620/620 621/621/621 619/619/619
f 607/607/607 621/621/621 602/602/602
f 599/599/599 621/621/621 598/598/598
f 620/620/620 598/598/598 621/621/621
f 599/599/599 602/602/602 621/621/621
f 598/598/598 620/620/620 592/592/592
f 598/598/598 592/592/592 593/593/593
f 595/595/595 622/622/622 597/597/597
f 622/622/622 624/624/624 623/623/623
f 622/622/622 579/579/579 624/624/624
f 579/579/579 622/622/622 595/595/595
f 625/625/625 623/623/623 624/624/624
f 579/579/579 577/577/577 624/624/624
f 625/625/625 624/624/624 577/577/577
f 625/625/625 577/577/577 626/626/626
f 628/628/628 625/625/625 626/626/626
f 629/629/629 625/625/625 627/627/627
f 628/628/628 627/627/627 625/625/625
f 625/625/625 629/629/629 623/623/623
f 629/629/629 627/627/627 630/630/630
f 630/630/630 627/627/627 631/631/631
f 630/630/630 631/631/631 632/632/632
f 632/632/632 631/631/631 633/633/633
f 632/632/632 633/633/633 634/634/634
f 634/634/634 635/635/635 636/636/636
f 634/634/634 633/633/633 635/635/635
f 635/635/635 637/637/637 636/636/636
f 637/637/637 635/635/635 638/638/638
f 639/639/639 637/637/637 638/638/638
f 640/640/640 639/639/639 641/641/641
f 640/640/640 642/642/642 639/639/639
f 639/639/639 638/638/638 641/641/641
f 643/643/643 642/642/642 640/640/640
f 643/643/643 646/646/646 644/644/644
f 643/643/643 640/640/640 645/645/645
f 647/647/647 643/643/643 645/645/645
f 646/646/646 643/643/643 647/647/647
f 640/640/640 647/647/647 645/645/645
f 640/640/640 648/648/648 647/647/647
f 641/641/641 648/648/648 640/640/640
f 641/641/641 649/649/649 648/648/648
f 650/650/650 649/649/649 641/641/641
f 651/651/651 650/650/650 652/652/652
f 651/651/651 653/653/653 650/650/650
f 650/650/650 641/641/641 652/652/652
f 651/651/651 654/654/654 653/653/653
f 651/651/651 655/655/655 654/654/654
f 656/656/656 654/654/654 655/655/655
f 656/656/656 657/657/657 654/654/654
f 656/656/656 658/658/658 657/657/657
f 511/511/511 658/658/658 659/659/659
f 511/511/511 514/514/514 658/658/658
f 656/656/656 659/659/659 658/658/658
f 661/661/661 660/660/660 659/659/659
f 511/511/511 659/659/659 660/660/660
f 661/661/661 659/659/659 656/656/656
f 662/662/662 661/661/661 663/663/663
f 662/662/662 660/660/660 661/661/661
f 661/661/661 656/656/656 655/655/655
f 661/661/661 655/655/655 663/663/663
f 664/664/664 663/663/663 666/666/666
f 664/664/664 665/665/665 663/663/663
f 662/662/662 663/663/663 665/665/665
f 666/666/666 663/663/663 655/655/655
f 664/664/664 666/666/666 667/667/667
f 651/651/651 667/667/667 666/666/666
f 666/666/666 655/655/655 651/651/651
f 638/638/638 635/635/635 667/667/667
f 664/664/664 667/667/667 635/635/635
f 638/638/638 667/667/667 652/652/652
f 651/651/651 652/652/652 667/667/667
f 668/668/668 665/665/665 664/664/664
f 670/670/670 662/662/662 665/665/665
f 668/668/668 669/669/669 665/665/665
f 670/670/670 665/665/665 669/669/669
f 670/670/670 669/669/669 674/674/674
f 671/671/671 672/672/672 670/670/670
f 670/670/670 674/674/674 671/671/671
f 670/670/670 672/672/672 673/673/673
f 670/670/670 673/673/673 662/662/662
f 628/628/628 674/674/674 677/677/677
f 628/628/628 676/676/676 674/674/674
f 675/675/675 674/674/674 676/676/676
f 675/675/675 671/671/671 674/674/674
f 677/677/677 674/674/674 669/669/669
f 677/677/677 633/633/633 631/631/631
f 677/677/677 668/668/668 633/633/633
f 628/628/628 677/677/677 631/631/631
f 677/677/677 669/669/669 668/668/668
f 626/626/626 576/576/576 676/676/676
f 573/573/573 676/676/676 576/576/576
f 573/573/573 675/675/675 676/676/676
f 626/626/626 676/676/676 628/628/628
f 573/573/573 678/678/678 675/675/675
f 675/675/675 678/678/678 679/679/679
f 675/675/675 679/679/679 671/671/671
f 680/680/680 679/679/679 678/678/678
f 671/671/671 679/679/679 672/672/672
f 680/680/680 681/681/681 679/679/679
f 681/681/681 672/672/672 679/679/679
f 680/680/680 683/683/683 681/681/681
f 681/681/681 684/684/684 682/682/682
f 681/681/681 682/682/682 672/672/672
f 681/681/681 683/683/683 684/684/684
f 685/685/685 684/684/684 683/683/683
f 685/685/685 506/506/506 684/684/684
f 682/682/682 684/684/684 504/504/504
f 504/504/504 684/684/684 506/506/506
f 546/546/546 685/685/685 686/686/686
f 546/546/546 547/547/547 685/685/685
f 505/505/505 685/685/685 547/547/547
f 683/683/683 686/686/686 685/685/685
f 505/505/505 506/506/506 685/685/685
f 551/551/551 546/546/546 686/686/686
f 551/551/551 686/686/686 687/687/687
f 683/683/683 687/687/687 686/686/686
f 571/571/571 687/687/687 680/680/680
f 680/680/680 687/687/687 683/683/683
f 571/571/571 688/688/688 687/687/687
f 551/551/551 687/687/687 688/688/688
f 552/552/552 688/688/688 558/558/558
f 552/552/552 551/551/551 688/688/688
f 688/688/688 571/571/571 564/564/564
f 688/688/688 564/564/564 558/558/558
f 682/682/682 673/673/673 672/672/672
f 682/682/682 504/504/504 509/509/509
f 682/682/682 509/509/509 673/673/673
f 680/680/680 678/678/678 570/570/570
f 680/680/680 570/570/570 571/571/571
f 573/573/573 570/570/570 678/678/678
f 509/509/509 660/660/660 673/673/673
f 662/662/662 673/673/673 660/660/660
f 668/668/668 635/635/635 633/633/633
f 668/668/668 664/664/664 635/635/635
f 511/511/511 660/660/660 508/508/508
f 509/509/509 508/508/508 660/660/660
f 638/638/638 652/652/652 641/641/641
f 689/689/689 644/644/644 646/646/646
f 691/691/691 689/689/689 690/690/690
f 689/689/689 692/692/692 644/644/644
f 691/691/691 692/692/692 689/689/689
f 693/693/693 691/691/691 690/690/690
f 693/693/693 694/694/694 691/691/691
f 693/693/693 695/695/695 694/694/694
f 693/693/693 696/696/696 695/695/695
f 628/628/628 631/631/631 627/627/627
f 576/576/576 626/626/626 577/577/577
f 579/579/579 595/595/595 582/582/582
f 586/586/586 697/697/697 698/698/698
f 586/586/586 698/698/698 585/585/585
f 699/699/699 698/698/698 697/697/697
f 699/699/699 700/700/700 698/698/698
f 561/561/561 698/698/698 700/700/700
f 561/561/561 567/567/567 698/698/698
f 567/567/567 585/585/585 698/698/698
f 699/699/699 701/701/701 700/700/700
f 562/562/562 700/700/700 701/701/701
f 562/562/562 561/561/561 700/700/700
f 701/701/701 703/703/703 702/702/702
f 702/702/702 562/562/562 701/701/701
f 701/701/701 704/704/704 703/703/703
f 699/699/699 704/704/704 701/701/701
f 705/705/705 702/702/702 703/703/703
f 706/706/706 705/705/705 707/707/707
f 705/705/705 706/706/706 702/702/702
f 707/707/707 708/708/708 709/709/709
f 707/707/707 709/709/709 710/710/710
f 706/706/706 707/707/707 710/710/710
f 712/712/712 710/710/710 709/709/709
f 712/712/712 711/711/711 710/710/710
f 710/710/710 711/711/711 557/557/557
f 710/710/710 557/557/557 706/706/706
f 711/711/711 712/712/712 713/713/713
f 713/713/713 712/712/712 714/714/714
f 709/709/709 714/714/714 712/712/712
f 709/709/709 718/718/718 714/714/714
f 715/715/715 714/714/714 718/718/718
f 714/714/714 715/715/715 716/716/716
f 714/714/714 716/716/716 717/717/717
f 713/713/713 714/714/714 717/717/717
f 715/715/715 718/718/718 719/719/719
f 720/720/720 719/719/719 718/718/718
f 709/709/709 720/720/720 718/718/718
f 709/709/709 708/708/708 720/720/720
f 720/720/720 721/721/721 719/719/719
f 717/717/717 723/723/723 722/722/722
f 722/722/722 713/713/713 717/717/717
f 717/717/717 716/716/716 723/723/723
f 724/724/724 722/722/722 723/723/723
f 542/542/542 724/724/724 541/541/541
f 724/724/724 542/542/542 722/722/722
f 542/542/542 725/725/725 722/722/722
f 722/722/722 725/725/725 713/713/713
f 542/542/542 540/540/540 725/725/725
f 540/540/540 550/550/550 725/725/725
f 554/554/554 725/725/725 550/550/550
f 554/554/554 713/713/713 725/725/725
f 711/711/711 713/713/713 554/554/554
f 555/555/555 711/711/711 554/554/554
f 555/555/555 557/557/557 711/711/711
f 557/557/557 702/702/702 706/706/706
f 702/702/702 559/559/559 562/562/562
f 557/557/557 559/559/559 702/702/702
f 567/567/567 566/566/566 585/585/585
f 566/566/566 568/568/568 574/574/574
f 540/540/540 544/544/544 550/550/550
f 548/548/548 538/538/538 727/727/727
f 548/548/548 727/727/727 726/726/726
f 505/505/505 548/548/548 726/726/726
f 505/505/505 547/547/547 548/548/548
f 529/529/529 727/727/727 538/538/538
f 726/726/726 727/727/727 526/526/526
f 526/526/526 727/727/727 529/529/529
f 501/501/501 726/726/726 523/523/523
f 501/501/501 505/505/505 726/726/726
f 726/726/726 526/526/526 523/523/523
f 521/521/521 520/520/520 525/525/525
f 502/502/502 501/501/501 523/523/523
f 503/503/503 516/516/516 512/512/512
f 503/503/503 502/502/502 516/516/516
f 733/733/733 729/729/729 728/728/728
f 728/728/728 729/729/729 730/730/730
f 728/728/728 730/730/730 731/731/731
f 731/731/731 732/732/732 728/728/728
f 733/733/733 728/728/728 732/732/732
f 733/733/733 732/732/732 734/734/734
f 733/733/733 734/734/734 738/738/738
f 735/735/735 736/736/736 733/733/733
f 733/733/733 738/738/738 735/735/735
f 733/733/733 736/736/736 729/729/729
f 740/740/740 738/738/738 734/734/734
f 738/738/738 739/739/739 735/735/735
f 738/738/738 742/742/742 739/739/739
f 738/738/738 740/740/740 741/741/741
f 738/738/738 741/741/741 742/742/742
f 743/743/743 741/741/741 740/740/740
f 743/743/743 744/744/744 741/741/741
f 743/743/743 745/745/745 744/744/744
f 743/743/743 746/746/746 745/745/745
f 746/746/746 743/743/743 748/748/748
f 746/746/746 748/748/748 747/747/747
f 747/747/747 748/748/748 750/750/750
f 749/749/749 750/750/750 748/748/748
f 748/748/748 740/740/740 749/749/749
f 748/748/748 743/743/743 740/740/740
f 747/747/747 750/750/750 751/751/751
f 751/751/751 750/750/750 753/753/753
f 749/749/749 754/754/754 750/750/750
f 752/752/752 750/750/750 754/754/754
f 752/752/752 753/753/753 750/750/750
f 754/754/754 732/732/732 755/755/755
f 749/749/749 732/732/732 754/754/754
f 754/754/754 755/755/755 752/752/752
f 731/731/731 755/755/755 732/732/732
f 731/731/731 756/756/756 755/755/755
f 752/752/752 755/755/755 756/756/756
f 752/752/752 756/756/756 757/757/757
f 757/757/757 756/756/756 758/758/758
f 759/759/759 758/758/758 756/756/756
f 731/731/731 759/759/759 756/756/756
f 731/731/731 760/760/760 759/759/759
f 759/759/759 760/760/760 761/761/761
f 759/759/759 761/761/761 762/762/762
f 759/759/759 762/762/762 758/758/758
f 762/762/762 761/761/761 764/764/764
f 762/762/762 764/764/764 763/763/763
f 763/763/763 758/758/758 762/762/762
f 763/763/763 764/764/764 766/766/766
f 764/764/764 761/761/761 765/765/765
f 764/764/764 765/765/765 767/767/767
f 767/767/767 766/766/766 764/764/764
f 767/767/767 768/768/768 766/766/766
f 768/768/768 767/767/767 769/769/769
f 769/769/769 767/767/767 765/765/765
f 768/768/768 769/769/769 770/770/770
f 769/769/769 765/765/765 771/771/771
f 765/765/765 772/772/772 771/771/771
f 765/765/765 773/773/773 772/772/772
f 773/773/773 774/774/774 772/772/772
f 775/775/775 774/774/774 776/776/776
f 775/775/775 777/777/777 774/774/774
f 773/773/773 776/776/776 774/774/774
f 775/775/775 778/778/778 777/777/777
f 775/775/775 779/779/779 778/778/778
f 778/778/778 779/779/779 780/780/780
f 778/778/778 780/780/780 781/781/781
f 780/780/780 739/739/739 781/781/781
f 735/735/735 780/780/780 737/737/737
f 780/780/780 779/779/779 737/737/737
f 780/780/780 735/735/735 739/739/739
f 779/779/779 775/775/775 729/729/729
f 779/779/779 729/729/729 737/737/737
f 776/776/776 729/729/729 775/775/775
f 776/776/776 773/773/773 760/760/760
f 776/776/776 730/730/730 729/729/729
f 776/776/776 760/760/760 730/730/730
f 773/773/773 765/765/765 761/761/761
f 773/773/773 761/761/761 760/760/760
f 782/782/782 768/768/768 770/770/770
f 782/782/782 784/784/784 768/768/768
f 783/783/783 782/782/782 785/785/785
f 783/783/783 784/784/784 782/782/782
f 787/787/787 786/786/786 784/784/784
f 768/768/768 784/784/784 786/786/786
f 787/787/787 784/784/784 783/783/783
f 786/786/786 787/787/787 788/788/788
f 786/786/786 788/788/788 790/790/790
f 789/789/789 790/790/790 788/788/788
f 792/792/792 786/786/786 790/790/790
f 789/789/789 791/791/791 790/790/790
f 792/792/792 790/790/790 791/791/791
f 792/792/792 766/766/766 786/786/786
f 763/763/763 766/766/766 792/792/792
f 763/763/763 792/792/792 793/793/793
f 792/792/792 791/791/791 793/793/793
f 796/796/796 793/793/793 791/791/791
f 794/794/794 793/793/793 796/796/796
f 794/794/794 795/795/795 793/793/793
f 763/763/763 793/793/793 795/795/795
f 796/796/796 791/791/791 798/798/798
f 794/794/794 796/796/796 797/797/797
f 797/797/797 796/796/796 798/798/798
f 797/797/797 798/798/798 800/800/800
f 791/791/791 799/799/799 798/798/798
f 801/801/801 798/798/798 799/799/799
f 801/801/801 800/800/800 798/798/798
f 800/800/800 801/801/801 802/802/802
f 800/800/800 802/802/802 803/803/803
f 803/803/803 802/802/802 804/804/804
f 803/803/803 804/804/804 805/805/805
f 805/805/805 804/804/804 806/806/806
f 805/805/805 806/806/806 808/808/808
f 808/808/808 806/806/806 807/807/807
f 808/808/808 807/807/807 809/809/809
f 809/809/809 810/810/810 808/808/808
f 810/810/810 805/805/805 808/808/808
f 813/813/813 811/811/811 810/810/810
f 811/811/811 812/812/812 810/810/810
f 810/810/810 812/812/812 805/805/805
f 809/809/809 813/813/813 810/810/810
f 813/813/813 816/816/816 811/811/811
f 814/814/814 813/813/813 809/809/809
f 815/815/815 813/813/813 814/814/814
f 815/815/815 816/816/816 813/813/813
f 818/818/818 817/817/817 816/816/816
f 816/816/816 817/817/817 819/819/819
f 816/816/816 819/819/819 811/811/811
f 818/818/818 816/816/816 815/815/815
f 819/819/819 820/820/820 811/811/811
f 817/817/817 821/821/821 819/819/819
f 819/819/819 822/822/822 820/820/820
f 821/821/821 822/822/822 819/819/819
f 822/822/822 826/826/826 823/823/823
f 825/825/825 822/822/822 823/823/823
f 825/825/825 820/820/820 822/822/822
f 821/821/821 824/824/824 822/822/822
f 822/822/822 824/824/824 826/826/826
f 829/829/829 827/827/827 826/826/826
f 826/826/826 827/827/827 828/828/828
f 826/826/826 828/828/828 823/823/823
f 824/824/824 829/829/829 826/826/826
f 829/829/829 753/753/753 827/827/827
f 751/751/751 753/753/753 829/829/829
f 824/824/824 830/830/830 829/829/829
f 830/830/830 751/751/751 829/829/829
f 830/830/830 831/831/831 751/751/751
f 832/832/832 831/831/831 830/830/830
f 832/832/832 830/830/830 833/833/833
f 833/833/833 830/830/830 824/824/824
f 835/835/835 833/833/833 821/821/821
f 833/833/833 824/824/824 821/821/821
f 834/834/834 832/832/832 833/833/833
f 835/835/835 834/834/834 833/833/833
f 837/837/837 835/835/835 836/836/836
f 836/836/836 835/835/835 817/817/817
f 837/837/837 834/834/834 835/835/835
f 817/817/817 835/835/835 821/821/821
f 838/838/838 834/834/834 837/837/837
f 839/839/839 840/840/840 838/838/838
f 838/838/838 840/840/840 834/834/834
f 840/840/840 841/841/841 832/832/832
f 840/840/840 842/842/842 841/841/841
f 834/834/834 840/840/840 832/832/832
f 839/839/839 842/842/842 840/840/840
f 841/841/841 843/843/843 831/831/831
f 841/841/841 831/831/831 832/832/832
f 831/831/831 843/843/843 747/747/747
f 836/836/836 817/817/817 818/818/818
f 831/831/831 747/747/747 751/751/751
f 757/757/757 828/828/828 827/827/827
f 757/757/757 844/844/844 828/828/828
f 845/845/845 828/828/828 844/844/844
f 823/823/823 828/828/828 845/845/845
f 794/794/794 797/797/797 845/845/845
f 825/825/825 845/845/845 797/797/797
f 845/845/845 844/844/844 794/794/794
f 823/823/823 845/845/845 825/825/825
f 844/844/844 795/795/795 794/794/794
f 844/844/844 758/758/758 795/795/795
f 757/757/757 758/758/758 844/844/844
f 752/752/752 757/757/757 827/827/827
f 752/752/752 827/827/827 753/753/753
f 812/812/812 820/820/820 825/825/825
f 812/812/812 825/825/825 846/846/846
f 825/825/825 797/797/797 846/846/846
f 846/846/846 797/797/797 800/800/800
f 805/805/805 812/812/812 846/846/846
f 846/846/846 800/800/800 803/803/803
f 805/805/805 846/846/846 803/803/803
f 811/811/811 820/820/820 812/812/812
f 814/814/814 809/809/809 847/847/847
f 809/809/809 848/848/848 847/847/847
f 809/809/809 807/807/807 848/848/848
f 791/791/791 789/789/789 799/799/799
f 763/763/763 795/795/795 758/758/758
f 768/768/768 786/786/786 766/766/766
f 731/731/731 730/730/730 760/760/760
f 740/740/740 734/734/734 749/749/749
f 749/749/749 734/734/734 732/732/732
f 849/849/849 850/850/850 851/851/851
f 849/849/849 851/851/851 852/852/852
f 853/853/853 849/849/849 852/852/852
f 853/853/853 854/854/854 849/849/849
f 855/855/855 854/854/854 853/853/853
f 857/857/857 856/856/856 855/855/855
f 855/855/855 853/853/853 857/857/857
f 857/857/857 858/858/858 856/856/856
f 859/859/859 856/856/856 858/858/858
f 859/859/859 858/858/858 860/860/860
f 862/862/862 860/860/860 861/861/861
f 862/862/862 859/859/859 860/860/860
f 861/861/861 863/863/863 862/862/862
f 861/861/861 864/864/864 863/863/863
f 866/866/866 863/863/863 864/864/864
f 866/866/866 865/865/865 863/863/863
f 867/867/867 866/866/866 864/864/864
f 867/867/867 868/868/868 866/866/866
f 869/869/869 870/870/870 866/866/866
f 870/870/870 865/865/865 866/866/866
f 871/871/871 870/870/870 875/875/875
f 870/870/870 872/872/872 865/865/865
f 873/873/873 872/872/872 870/870/870
f 869/869/869 875/875/875 870/870/870
f 873/873/873 870/870/870 874/874/874
f 871/871/871 875/875/875 876/876/876
f 877/877/877 871/871/871 876/876/876
f 878/878/878 877/877/877 880/880/880
f 878/878/878 879/879/879 877/877/877
f 877/877/877 879/879/879 871/871/871
f 878/878/878 880/880/880 881/881/881
f 878/878/878 881/881/881 883/883/883
f 882/882/882 881/881/881 884/884/884
f 882/882/882 883/883/883 881/881/881
f 886/886/886 873/873/873 874/874/874
f 886/886/886 874/874/874 885/885/885
f 887/887/887 886/886/886 885/885/885
f 888/888/888 887/887/887 890/890/890
f 888/888/888 889/889/889 887/887/887
f 887/887/887 885/885/885 890/890/890
f 888/888/888 891/891/891 889/889/889
f 888/888/888 892/892/892 891/891/891
f 867/867/867 861/861/861 893/893/893
f 867/867/867 864/864/864 861/861/861
f 894/894/894 893/893/893 861/861/861
f 894/894/894 895/895/895 893/893/893
f 894/894/894 896/896/896 895/895/895
f 894/894/894 897/897/897 896/896/896
f 898/898/898 896/896/896 897/897/897
f 898/898/898 899/899/899 896/896/896
f 898/898/898 900/900/900 899/899/899
f 898/898/898 901/901/901 900/900/900
f 900/900/900 901/901/901 903/903/903
f 900/900/900 903/903/903 902/902/902
f 902/902/902 903/903/903 904/904/904
f 905/905/905 906/906/906 904/904/904
f 902/902/902 904/904/904 906/906/906
f 905/905/905 907/907/907 906/906/906
f 908/908/908 907/907/907 905/905/905
f 908/908/908 909/909/909 907/907/907
f 851/851/851 850/850/850 910/910/910
f 851/851/851 910/910/910 911/911/911
f 911/911/911 912/912/912 913/913/913
f 911/911/911 910/910/910 912/912/912
f 912/912/912 914/914/914 913/913/913
f 916/916/916 914/914/914 915/915/915
f 912/912/912 915/915/915 914/914/914
f 917/917/917 916/916/916 918/918/918
f 916/916/916 915/915/915 918/918/918
f 917/917/917 918/918/918 919/919/919
f 920/920/920 919/919/919 921/921/921
f 920/920/920 917/917/917 919/919/919
f 922/922/922 920/920/920 921/921/921
f 922/922/922 925/925/925 923/923/923
f 922/922/922 923/923/923 920/920/920
f 922/922/922 924/924/924 925/925/925
f 930/930/930 927/927/927 926/926/926
f 926/926/926 927/927/927 928/928/928
f 926/926/926 928/928/928 929/929/929
f 931/931/931 926/926/926 929/929/929
f 930/930/930 926/926/926 932/932/932
f 931/931/931 932/932/932 926/926/926
f 935/935/935 932/932/932 933/933/933
f 933/933/933 932/932/932 931/931/931
f 935/935/935 934/934/934 932/932/932
f 930/930/930 932/932/932 934/934/934
f 938/938/938 936/936/936 935/935/935
f 936/936/936 934/934/934 935/935/935
f 937/937/937 935/935/935 933/933/933
f 937/937/937 938/938/938 935/935/935
f 937/937/937 939/939/939 938/938/938
f 938/938/938 939/939/939 940/940/940
f 938/938/938 940/940/940 941/941/941
f 938/938/938 941/941/941 936/936/936
f 943/943/943 936/936/936 941/941/941
f 941/941/941 940/940/940 942/942/942
f 941/941/941 942/942/942 943/943/943
f 943/943/943 944/944/944 936/936/936
f 944/944/944 945/945/945 936/936/936
f 944/944/944 946/946/946 945/945/945
f 947/947/947 945/945/945 946/946/946
f 948/948/948 949/949/949 947/947/947
f 947/947/947 949/949/949 951/951/951
f 947/947/947 951/951/951 950/950/950
f 947/947/947 950/950/950 945/945/945
f 950/950/950 951/951/951 952/952/952
f 950/950/950 952/952/952 930/930/930
f 930/930/930 952/952/952 927/927/927
f 934/934/934 950/950/950 930/930/930
f 934/934/934 945/945/945 950/950/950
f 949/949/949 948/948/948 953/953/953
f 949/949/949 953/953/953 954/954/954
f 949/949/949 954/954/954 955/955/955
f 936/936/936 945/945/945 934/934/934
f 937/937/937 956/956/956 939/939/939
f 958/958/958 957/957/957 956/956/956
f 958/958/958 956/956/956 937/937/937
f 958/958/958 933/933/933 959/959/959
f 960/960/960 958/958/958 959/959/959
f 957/957/957 958/958/958 960/960/960
f 958/958/958 937/937/937 933/933/933
f 960/960/960 959/959/959 961/961/961
f 957/957/957 960/960/960 962/962/962
f 959/959/959 963/963/963 961/961/961
f 963/963/963 931/931/931 929/929/929
f 959/959/959 931/931/931 963/963/963
f 963/963/963 929/929/929 964/964/964
f 964/964/964 928/928/928 965/965/965
f 928/928/928 964/964/964 929/929/929
f 965/965/965 928/928/928 966/966/966
f 966/966/966 928/928/928 967/967/967
f 967/967/967 928/928/928 968/968/968
f 933/933/933 931/931/931 959/959/959
f 973/973/973 970/970/970 969/969/969
f 969/969/969 970/970/970 971/971/971
f 969/969/969 971/971/971 972/972/972
f 973/973/973 974/974/974 970/970/970
f 974/974/974 973/973/973 975/975/975
f 976/976/976 977/977/977 975/975/975
f 974/974/974 975/975/975 977/977/977
f 976/976/976 978/978/978 977/977/977
f 978/978/978 976/976/976 980/980/980
f 978/978/978 980/980/980 979/979/979
f 979/979/979 980/980/980 981/981/981
f 983/983/983 981/981/981 982/982/982
f 979/979/979 981/981/981 983/983/983
f 983/983/983 982/982/982 984/984/984
f 986/986/986 972/972/972 971/971/971
f 986/986/986 985/985/985 972/972/972
f 985/985/985 986/986/986 987/987/987
f 985/985/985 987/987/987 989/989/989
f 989/989/989 987/987/987 988/988/988
f 989/989/989 988/988/988 990/990/990
f 990/990/990 992/992/992 991/991/991
f 990/990/990 988/988/988 992/992/992
f 991/991/991 992/992/992 993/993/993
f 991/991/991 993/993/993 994/994/994
f 995/995/995 994/994/994 993/993/993
f 995/995/995 996/996/996 994/994/994
f 996/996/996 995/995/995 997/997/997
f 996/996/996 997/997/997 998/998/998
f 999/999/999 998/998/998 997/997/997
f 999/999/999 1000/1000/1000 998/998/998
f 1000/1000/1000 999/999/999 1001/1001/1001
f 1000/1000/1000 1001/1001/1001 1003/1003/1003
f 1002/1002/1002 1003/1003/1003 1001/1001/1001
f 1002/1002/1002 1004/1004/1004 1003/1003/1003
f 1004/1004/1004 1002/1002/1002 1005/1005/1005
f 1004/1004/1004 1005/1005/1005 1006/1006/1006
f 1009/1009/1009 1008/1008/1008 1007/1007/1007
f 1009/1009/1009 1007/1007/1007 1012/1012/1012
f 1007/1007/1007 1010/1010/1010 1011/1011/1011
f 1007/1007/1007 1011/1011/1011 1012/1012/1012
f 1011/1011/1011 1010/1010/1010 1014/1014/1014
f 1011/1011/1011 1014/1014/1014 1013/1013/1013
f 1014/1014/1014 1015/1015/1015 1016/1016/1016
f 1014/1014/1014 1016/1016/1016 1013/1013/1013
f 1018/1018/1018 1009/1009/1009 1017/1017/1017
f 1018/1018/1018 1008/1008/1008 1009/1009/1009
f 1018/1018/1018 1017/1017/1017 1019/1019/1019
f 1018/1018/1018 1019/1019/1019 1020/1020/1020
f 1025/1025/1025 1022/1022/1022 1021/1021/1021
f 1021/1021/1021 1022/1022/1022 1023/1023/1023
f 1021/1021/1021 1023/1023/1023 1024/1024/1024
f 1025/1025/1025 1027/1027/1027 1022/1022/1022
f 1026/1026/1026 1027/1027/1027 1025/1025/1025
f 1026/1026/1026 1028/1028/1028 1027/1027/1027
f 1028/1028/1028 1026/1026/1026 1030/1030/1030
f 1028/1028/1028 1030/1030/1030 1029/1029/1029
f 1031/1031/1031 1029/1029/1029 1030/1030/1030
f 1031/1031/1031 1032/1032/1032 1029/1029/1029
f 1024/1024/1024 1023/1023/1023 1033/1033/1033
f 1024/1024/1024 1033/1033/1033 1034/1034/1034
f 1036/1036/1036 1035/1035/1035 1034/1034/1034
f 1036/1036/1036 1034/1034/1034 1033/1033/1033
f 1035/1035/1035 1036/1036/1036 1037/1037/1037
f 1035/1035/1035 1037/1037/1037 1038/1038/1038
f 1038/1038/1038 1037/1037/1037 1039/1039/1039
f 1038/1038/1038 1039/1039/1039 1040/1040/1040
f 1040/1040/1040 1039/1039/1039 1041/1041/1041
f 1040/1040/1040 1041/1041/1041 1043/1043/1043
f 1042/1042/1042 1043/1043/1043 1041/1041/1041
f 1042/1042/1042 1044/1044/1044 1043/1043/1043
f 1046/1046/1046 1047/1047/1047 1048/1048/1048
f 1045/1045/1045 1049/1049/1049 1050/1050/1050
f 1051/1051/1051 1052/1052/1052 1053/1053/1053
f 1051/1051/1051 1053/1053/1053 1054/1054/1054
f 1059/1059/1059 1056/1056/1056 1055/1055/1055
f 1055/1055/1055 1057/1057/1057 1058/1058/1058
f 1055/1055/1055 1058/1058/1058 1059/1059/1059
f 1059/1059/1059 1060/1060/1060 1056/1056/1056
f 1061/1061/1061 1056/1056/1056 1060/1060/1060
f 1061/1061/1061 1060/1060/1060 1062/1062/1062
f 1063/1063/1063 1062/1062/1062 1064/1064/1064
f 1063/1063/1063 1061/1061/1061 1062/1062/1062
f 1065/1065/1065 1063/1063/1063 1064/1064/1064
f 1065/1065/1065 1064/1064/1064 1066/1066/1066
f 1067/1067/1067 1065/1065/1065 1066/1066/1066
f 1067/1067/1067 1068/1068/1068 1069/1069/1069
f 1067/1067/1067 1069/1069/1069 1070/1070/1070
f 1067/1067/1067 1070/1070/1070 1065/1065/1065
f 1071/1071/1071 1058/1058/1058 1057/1057/1057
f 1071/1071/1071 1057/1057/1057 1072/1072/1072
f 1074/1074/1074 1071/1071/1071 1072/1072/1072
f 1074/1074/1074 1073/1073/1073 1071/1071/1071
f 1075/1075/1075 1074/1074/1074 1076/1076/1076
f 1075/1075/1075 1073/1073/1073 1074/1074/1074
f 1077/1077/1077 1076/1076/1076 1078/1078/1078
f 1077/1077/1077 1075/1075/1075 1076/1076/1076
f 1077/1077/1077 1078/1078/1078 1079/1079/1079
f 1080/1080/1080 1079/1079/1079 1082/1082/1082
f 1080/1080/1080 1081/1081/1081 1079/1079/1079
f 1077/1077/1077 1079/1079/1079 1081/1081/1081
f 1082/1082/1082 1083/1083/1083 1084/1084/1084
f 1082/1082/1082 1084/1084/1084 1080/1080/1080
f 1085/1085/1085 1084/1084/1084 1083/1083/1083
f 1086/1086/1086 1085/1085/1085 1087/1087/1087
f 1085/1085/1085 1083/1083/1083 1087/1087/1087
f 1086/1086/1086 1087/1087/1087 1088/1088/1088
f 1089/1089/1089 1086/1086/1086 1088/1088/1088
f 1089/1089/1089 1090/1090/1090 1086/1086/1086
f 1089/1089/1089 1091/1091/1091 1090/1090/1090
f 1089/1089/1089 1092/1092/1092 1091/1091/1091
f 1091/1091/1091 1092/1092/1092 1093/1093/1093
f 1091/1091/1091 1093/1093/1093 1096/1096/1096
f 1094/1094/1094 1093/1093/1093 1095/1095/1095
f 1094/1094/1094 1096/1096/1096 1093/1093/1093
f 1097/1097/1097 1095/1095/1095 1098/1098/1098
f 1097/1097/1097 1094/1094/1094 1095/1095/1095
f 1098/1098/1098 1099/1099/1099 1100/1100/1100
f 1098/1098/1098 1100/1100/1100 1097/1097/1097
f 1101/1101/1101 1102/1102/1102 1103/1103/1103
f 1101/1101/1101 1106/1106/1106 1102/1102/1102
f 1101/1101/1101 1103/1103/1103 1104/1104/1104
f 1101/1101/1101 1104/1104/1104 1105/1105/1105
f 1107/1107/1107 1105/1105/1105 1104/1104/1104
f 1108/1108/1108 1107/1107/1107 1109/1109/1109
f 1107/1107/1107 1104/1104/1104 1109/1109/1109
f 1108/1108/1108 1109/1109/1109 1110/1110/1110
f 1111/1111/1111 1108/1108/1108 1110/1110/1110
f 1111/1111/1111 1110/1110/1110 1112/1112/1112
f 1111/1111/1111 1112/1112/1112 1113/1113/1113
f 1115/1115/1115 1113/1113/1113 1117/1117/1117
f 1116/1116/1116 1119/1119/1119 1114/1114/1114
f 1111/1111/1111 1113/1113/1113 1118/1118/1118
f 1115/1115/1115 1117/1117/1117 1120/1120/1120
f 1122/1122/1122 1120/1120/1120 1121/1121/1121
f 1115/1115/1115 1120/1120/1120 1123/1123/1123
f 1122/1122/1122 1123/1123/1123 1120/1120/1120
f 1122/1122/1122 1121/1121/1121 1124/1124/1124
f 1122/1122/1122 1124/1124/1124 1125/1125/1125
f 1124/1124/1124 1126/1126/1126 1125/1125/1125
f 1124/1124/1124 1127/1127/1127 1126/1126/1126
f 1128/1128/1128 1130/1130/1130 1131/1131/1131
f 1128/1128/1128 1131/1131/1131 1132/1132/1132
f 1128/1128/1128 1132/1132/1132 1133/1133/1133
f 1129/1129/1129 1134/1134/1134 1135/1135/1135
f 1136/1136/1136 1135/1135/1135 1134/1134/1134
f 1136/1136/1136 1134/1134/1134 1137/1137/1137
f 1137/1137/1137 1139/1139/1139 1136/1136/1136
f 1141/1141/1141 1138/1138/1138 1143/1143/1143
f 1137/1137/1137 1142/1142/1142 1139/1139/1139
f 1140/1140/1140 1142/1142/1142 1144/1144/1144
f 1145/1145/1145 1144/1144/1144 1146/1146/1146
f 1145/1145/1145 1140/1140/1140 1144/1144/1144
f 1147/1147/1147 1145/1145/1145 1146/1146/1146
f 1147/1147/1147 1146/1146/1146 1148/1148/1148
f 1149/1149/1149 1147/1147/1147 1148/1148/1148
f 1152/1152/1152 1150/1150/1150 1155/1155/1155
f 1152/1152/1152 1154/1154/1154 1150/1150/1150
f 1149/1149/1149 1153/1153/1153 1147/1147/1147
f 1155/1155/1155 1158/1158/1158 1160/1160/1160
f 1156/1156/1156 1159/1159/1159 1151/1151/1151
f 1161/1161/1161 1159/1159/1159 1157/1157/1157
f 1162/1162/1162 1158/1158/1158 1163/1163/1163
f 1164/1164/1164 1168/1168/1168 1165/1165/1165
f 1164/1164/1164 1165/1165/1165 1166/1166/1166
f 1164/1164/1164 1166/1166/1166 1167/1167/1167
f 1164/1164/1164 1169/1169/1169 1168/1168/1168
f 1170/1170/1170 1169/1169/1169 1171/1171/1171
f 1172/1172/1172 1169/1169/1169 1170/1170/1170
f 1169/1169/1169 1172/1172/1172 1168/1168/1168
f 1173/1173/1173 1170/1170/1170 1171/1171/1171
f 1173/1173/1173 1171/1171/1171 1174/1174/1174
f 1173/1173/1173 1174/1174/1174 1175/1175/1175
f 1175/1175/1175 1177/1177/1177 1173/1173/1173
f 1175/1175/1175 1176/1176/1176 1177/1177/1177
f 1176/1176/1176 1178/1178/1178 1177/1177/1177
f 1176/1176/1176 1179/1179/1179 1178/1178/1178
f 1179/1179/1179 1180/1180/1180 1178/1178/1178
f 1181/1181/1181 1180/1180/1180 1183/1183/1183
f 1181/1181/1181 1182/1182/1182 1180/1180/1180
f 1179/1179/1179 1183/1183/1183 1180/1180/1180
f 1181/1181/1181 1184/1184/1184 1182/1182/1182
f 1181/1181/1181 1185/1185/1185 1184/1184/1184
f 1185/1185/1185 1186/1186/1186 1184/1184/1184
f 1188/1188/1188 1187/1187/1187 1186/1186/1186
f 1185/1185/1185 1188/1188/1188 1186/1186/1186
f 1188/1188/1188 1189/1189/1189 1187/1187/1187
f 1190/1190/1190 1187/1187/1187 1189/1189/1189
f 1190/1190/1190 1191/1191/1191 1193/1193/1193
f 1190/1190/1190 1192/1192/1192 1191/1191/1191
f 1190/1190/1190 1193/1193/1193 1187/1187/1187
f 1192/1192/1192 1194/1194/1194 1191/1191/1191
f 1192/1192/1192 1195/1195/1195 1194/1194/1194
f 1194/1194/1194 1195/1195/1195 1196/1196/1196
f 1194/1194/1194 1196/1196/1196 1197/1197/1197
f 1196/1196/1196 1198/1198/1198 1197/1197/1197
f 1196/1196/1196 1199/1199/1199 1198/1198/1198
f 1201/1201/1201 1199/1199/1199 1200/1200/1200
f 1201/1201/1201 1198/1198/1198 1199/1199/1199
f 1202/1202/1202 1201/1201/1201 1200/1200/1200
f 1202/1202/1202 1200/1200/1200 1203/1203/1203
f 1204/1204/1204 1167/1167/1167 1166/1166/1166
f 1204/1204/1204 1166/1166/1166 1205/1205/1205
f 1207/1207/1207 1208/1208/1208 1209/1209/1209
f 1206/1206/1206 1210/1210/1210 1211/1211/1211
f 1212/1212/1212 1206/1206/1206 1211/1211/1211
f 1213/1213/1213 1214/1214/1214 1212/1212/1212
f 1212/1212/1212 1211/1211/1211 1213/1213/1213
f 1214/1214/1214 1213/1213/1213 1215/1215/1215
f 1215/1215/1215 1216/1216/1216 1214/1214/1214
f 1215/1215/1215 1217/1217/1217 1216/1216/1216
f 1216/1216/1216 1217/1217/1217 1218/1218/1218
f 1219/1219/1219 1218/1218/1218 1217/1217/1217
f 1219/1219/1219 1217/1217/1217 1220/1220/1220
f 1219/1219/1219 1220/1220/1220 1221/1221/1221
f 1219/1219/1219 1221/1221/1221 1222/1222/1222
f 1223/1223/1223 1222/1222/1222 1221/1221/1221
f 1225/1225/1225 1224/1224/1224 1223/1223/1223
f 1223/1223/1223 1221/1221/1221 1225/1225/1225
f 1225/1225/1225 1226/1226/1226 1224/1224/1224
f 1228/1228/1228 1226/1226/1226 1227/1227/1227
f 1228/1228/1228 1224/1224/1224 1226/1226/1226
f 1227/1227/1227 1229/1229/1229 1228/1228/1228
f 1227/1227/1227 1230/1230/1230 1229/1229/1229
f 1231/1231/1231 1229/1229/1229 1230/1230/1230
f 1232/1232/1232 1231/1231/1231 1233/1233/1233
f 1231/1231/1231 1230/1230/1230 1233/1233/1233
f 1232/1232/1232 1233/1233/1233 1234/1234/1234
f 1235/1235/1235 1232/1232/1232 1234/1234/1234
f 1236/1236/1236 1235/1235/1235 1238/1238/1238
f 1236/1236/1236 1237/1237/1237 1235/1235/1235
f 1235/1235/1235 1237/1237/1237 1232/1232/1232
f 1239/1239/1239 1236/1236/1236 1238/1238/1238
f 1241/1241/1241 1240/1240/1240 1239/1239/1239
f 1239/1239/1239 1240/1240/1240 1236/1236/1236
f 1241/1241/1241 1239/1239/1239 1242/1242/1242
f 1243/1243/1243 1241/1241/1241 1242/1242/1242
f 1243/1243/1243 1246/1246/1246 1241/1241/1241
f 1244/1244/1244 1243/1243/1243 1245/1245/1245
f 1244/1244/1244 1246/1246/1246 1243/1243/1243
f 1215/1215/1215 1213/1213/1213 1247/1247/1247
f 1208/1208/1208 1248/1248/1248 1209/1209/1209
f 1208/1208/1208 1249/1249/1249 1248/1248/1248
f 1251/1251/1251 1250/1250/1250 1254/1254/1254
f 1250/1250/1250 1252/1252/1252 1253/1253/1253
f 1250/1250/1250 1253/1253/1253 1254/1254/1254
f 1251/1251/1251 1254/1254/1254 1255/1255/1255
f 1256/1256/1256 1255/1255/1255 1257/1257/1257
f 1256/1256/1256 1251/1251/1251 1255/1255/1255
f 1257/1257/1257 1258/1258/1258 1259/1259/1259
f 1257/1257/1257 1259/1259/1259 1256/1256/1256
f 1260/1260/1260 1259/1259/1259 1258/1258/1258
f 1261/1261/1261 1260/1260/1260 1263/1263/1263
f 1261/1261/1261 1262/1262/1262 1260/1260/1260
f 1260/1260/1260 1258/1258/1258 1263/1263/1263
f 1261/1261/1261 1264/1264/1264 1262/1262/1262
f 1261/1261/1261 1265/1265/1265 1264/1264/1264
f 1252/1252/1252 1266/1266/1266 1253/1253/1253
f 1252/1252/1252 1267/1267/1267 1266/1266/1266
f 1268/1268/1268 1269/1269/1269 1270/1270/1270
f 1268/1268/1268 1270/1270/1270 1271/1271/1271
f 1272/1272/1272 1268/1268/1268 1271/1271/1271
f 1274/1274/1274 1272/1272/1272 1273/1273/1273
f 1272/1272/1272 1271/1271/1271 1273/1273/1273
f 1274/1274/1274 1273/1273/1273 1275/1275/1275
f 1274/1274/1274 1275/1275/1275 1276/1276/1276
f 1274/1274/1274 1276/1276/1276 1277/1277/1277
f 1269/1269/1269 1278/1278/1278 1270/1270/1270
f 1269/1269/1269 1281/1281/1281 1278/1278/1278
f 1279/1279/1279 1278/1278/1278 1281/1281/1281
f 1279/1279/1279 1280/1280/1280 1278/1278/1278
f 1279/1279/1279 1282/1282/1282 1280/1280/1280
f 1283/1283/1283 1282/1282/1282 1285/1285/1285
f 1283/1283/1283 1284/1284/1284 1282/1282/1282
f 1279/1279/1279 1285/1285/1285 1282/1282/1282
f 1283/1283/1283 1286/1286/1286 1284/1284/1284
f 1287/1287/1287 1286/1286/1286 1289/1289/1289
f 1287/1287/1287 1288/1288/1288 1286/1286/1286
f 1283/1283/1283 1289/1289/1289 1286/1286/1286
f 1291/1291/1291 1290/1290/1290 1295/1295/1295
f 1291/1291/1291 1292/1292/1292 1290/1290/1290
f 1290/1290/1290 1292/1292/1292 1293/1293/1293
f 1290/1290/1290 1293/1293/1293 1294/1294/1294
f 1296/1296/1296 1291/1291/1291 1295/1295/1295
f 1298/1298/1298 1297/1297/1297 1296/1296/1296
f 1296/1296/1296 1297/1297/1297 1291/1291/1291
f 1298/1298/1298 1296/1296/1296 1299/1299/1299
f 1300/1300/1300 1298/1298/1298 1299/1299/1299
f 1300/1300/1300 1299/1299/1299 1301/1301/1301
f 1293/1293/1293 1302/1302/1302 1294/1294/1294
f 1293/1293/1293 1304/1304/1304 1302/1302/1302
f 1303/1303/1303 1302/1302/1302 1304/1304/1304
f 1303/1303/1303 1304/1304/1304 1305/1305/1305
f 1305/1305/1305 1307/1307/1307 1303/1303/1303
f 1305/1305/1305 1306/1306/1306 1307/1307/1307
f 1308/1308/1308 1309/1309/1309 1310/1310/1310
f 1308/1308/1308 1310/1310/1310 1311/1311/1311
f 1312/1312/1312 1308/1308/1308 1311/1311/1311
f 1312/1312/1312 1311/1311/1311 1315/1315/1315
f 1312/1312/1312 1313/1313/1313 1314/1314/1314
f 1312/1312/1312 1315/1315/1315 1313/1313/1313
f 1316/1316/1316 1317/1317/1317 1320/1320/1320
f 1316/1316/1316 1319/1319/1319 1317/1317/1317
f 1316/1316/1316 1318/1318/1318 1321/1321/1321
f 1316/1316/1316 1321/1321/1321 1319/1319/1319
f 1322/1322/1322 1321/1321/1321 1318/1318/1318
f 1319/1319/1319 1321/1321/1321 1323/1323/1323
f 1322/1322/1322 1323/1323/1323 1321/1321/1321
f 1319/1319/1319 1323/1323/1323 1317/1317/1317
f 1324/1324/1324 1326/1326/1326 1327/1327/1327
f 1325/1325/1325 1327/1327/1327 1328/1328/1328
f 1329/1329/1329 1335/1335/1335 1330/1330/1330
f 1329/1329/1329 1330/1330/1330 1332/1332/1332
f 1331/1331/1331 1329/1329/1329 1333/1333/1333
f 1331/1331/1331 1334/1334/1334 1329/1329/1329
f 1329/1329/1329 1332/1332/1332 1333/1333/1333
f 1329/1329/1329 1334/1334/1334 1335/1335/1335
f 1331/1331/1331 1336/1336/1336 1334/1334/1334
f 1337/1337/1337 1333/1333/1333 1332/1332/1332
f 1338/1338/1338 1333/1333/1333 1337/1337/1337
f 1331/1331/1331 1333/1333/1333 1339/1339/1339
f 1338/1338/1338 1339/1339/1339 1333/1333/1333
f 1337/1337/1337 1332/1332/1332 1340/1340/1340
f 1341/1341/1341 1342/1342/1342 1343/1343/1343
f 1341/1341/1341 1344/1344/1344 1342/1342/1342
f 1345/1345/1345 1347/1347/1347 1349/1349/1349
f 1346/1346/1346 1350/1350/1350 1348/1348/1348