# https://github.com/mikedh/trimesh
mtllib material.mtl
usemtl material_0
v 0.08653850 0.24635000 0.09756600
v 0.08642700 0.24520200 0.09756600
v 0.08653850 0.24635000 0.04075200
v 0.08642450 0.24749750 0.09756600
v 0.08642450 0.24749750 0.04075200
v 0.08608800 0.24860050 0.04075200
v 0.08554400 0.24961700 0.04075200
v 0.08608800 0.24860050 0.09756600
v 0.08554400 0.24961700 0.09756600
v 0.08481100 0.25050750 0.09756600
v 0.08481100 0.25050750 0.04075200
v 0.08391850 0.25123800 0.04075200
v 0.08391850 0.25123800 0.09756600
v 0.08290100 0.25178050 0.04075200
v 0.08179700 0.25211400 0.04075200
v 0.08290100 0.25178050 0.09756600
v 0.08179700 0.25211400 0.09756600
v 0.08064950 0.25222600 0.09756600
v 0.08064950 0.25222600 0.04075200
v 0.08642700 0.24520200 0.04075200
v 0.08609300 0.24409800 0.09756600
v 0.08609300 0.24409800 0.04075200
v 0.08555100 0.24308050 0.09756600
v 0.08555100 0.24308050 0.04075200
v 0.08482050 0.24218800 0.04075200
v 0.08482050 0.24218800 0.09756600
v 0.08393000 0.24145550 0.09756600
v 0.08393000 0.24145550 0.04075200
v 0.08291350 0.24091100 0.09756600
v 0.08291350 0.24091100 0.04075200
v 0.08181000 0.24057500 0.09756600
v 0.08181000 0.24057500 0.04075200
v 0.08066250 0.24046050 0.09756600
v 0.08066250 0.24046050 0.04075200
v 0.07951450 0.24057250 0.09756600
v 0.07951450 0.24057250 0.04075200
v 0.07841100 0.24090600 0.09756600
v 0.07841100 0.24090600 0.04075200
v 0.07739300 0.24144850 0.09756600
v 0.07739300 0.24144850 0.04075200
v 0.07650100 0.24217900 0.09756600
v 0.07650100 0.24217900 0.04075200
v 0.07576850 0.24306950 0.09756600
v 0.07576850 0.24306950 0.04075200
v 0.07522350 0.24408600 0.09756600
v 0.07522350 0.24408600 0.04075200
v 0.07488750 0.24518900 0.09756600
v 0.07488750 0.24518900 0.04075200
v 0.07477350 0.24633700 0.09756600
v 0.07477350 0.24633700 0.04075200
v 0.07488500 0.24748450 0.09756600
v 0.07488500 0.24748450 0.04075200
v 0.07521850 0.24858850 0.09756600
v 0.07576100 0.24960600 0.09756600
v 0.07521850 0.24858850 0.04075200
v 0.07576100 0.24960600 0.04075200
v 0.07649150 0.25049850 0.09756600
v 0.07649150 0.25049850 0.04075200
v 0.07738250 0.25123100 0.09756600
v 0.07738250 0.25123100 0.04075200
v 0.07839900 0.25177550 0.09756600
v 0.07839900 0.25177550 0.04075200
v 0.07950200 0.25211150 0.09756600
v 0.07950200 0.25211150 0.04075200
v 0.08064950 0.25222600 0.09756600
v 0.08064950 0.25222600 0.04075200
v 0.08615050 0.24525650 0.04047150
v 0.08625700 0.24634950 0.04047150
v 0.08642700 0.24520200 0.04075200
v 0.08583300 0.24420550 0.04047150
v 0.08609300 0.24409800 0.04075200
v 0.08555100 0.24308050 0.04075200
v 0.08531650 0.24323700 0.04047150
v 0.08482050 0.24218800 0.04075200
v 0.08462100 0.24238700 0.04047150
v 0.08393000 0.24145550 0.04075200
v 0.08377300 0.24168950 0.04047150
v 0.08291350 0.24091100 0.04075200
v 0.08280550 0.24117100 0.04047150
v 0.08181000 0.24057500 0.04075200
v 0.08175450 0.24085100 0.04047150
v 0.08066250 0.24046050 0.04075200
v 0.08066200 0.24074250 0.04047150
v 0.07951450 0.24057250 0.04075200
v 0.07956950 0.24084900 0.04047150
v 0.07841100 0.24090600 0.04075200
v 0.07851850 0.24116650 0.04047150
v 0.07739300 0.24144850 0.04075200
v 0.07754950 0.24168300 0.04047150
v 0.07650100 0.24217900 0.04075200
v 0.07670000 0.24237850 0.04047150
v 0.07576850 0.24306950 0.04075200
v 0.07600250 0.24322650 0.04047150
v 0.07522350 0.24408600 0.04075200
v 0.07548400 0.24419400 0.04047150
v 0.07488750 0.24518900 0.04075200
v 0.07516400 0.24524450 0.04047150
v 0.07477350 0.24633700 0.04075200
v 0.07505500 0.24633700 0.04047150
v 0.07488500 0.24748450 0.04075200
v 0.07516150 0.24743000 0.04047150
v 0.07521850 0.24858850 0.04075200
v 0.07547900 0.24848100 0.04047150
v 0.07576100 0.24960600 0.04075200
v 0.07599550 0.24945000 0.04047150
v 0.07649150 0.25049850 0.04075200
v 0.07669100 0.25029950 0.04047150
v 0.07738250 0.25123100 0.04075200
v 0.07753900 0.25099700 0.04047150
v 0.07839900 0.25177550 0.04075200
v 0.07850700 0.25151550 0.04047150
v 0.07950200 0.25211150 0.04075200
v 0.07955750 0.25183550 0.04047150
v 0.08064950 0.25222600 0.04075200
v 0.08065000 0.25194400 0.04047150
v 0.08653850 0.24635000 0.04075200
v 0.08642450 0.24749750 0.04075200
v 0.08614800 0.24744200 0.04047150
v 0.08582800 0.24849250 0.04047150
v 0.08530950 0.24946000 0.04047150
v 0.08608800 0.24860050 0.04075200
v 0.08554400 0.24961700 0.04075200
v 0.08461200 0.25030800 0.04047150
v 0.08481100 0.25050750 0.04075200
v 0.08376300 0.25100350 0.04047150
v 0.08391850 0.25123800 0.04075200
v 0.08279350 0.25152000 0.04047150
v 0.08290100 0.25178050 0.04075200
v 0.08174300 0.25183800 0.04047150
v 0.08179700 0.25211400 0.04075200
v 0.08065000 0.25194400 0.04047150
v 0.08064950 0.25222600 0.04075200
v 0.08615050 0.24525650 0.09784650
v 0.08583300 0.24420550 0.09784650
v 0.08642700 0.24520200 0.09756600
v 0.08625700 0.24634950 0.09784650
v 0.08653850 0.24635000 0.09756600
v 0.08642450 0.24749750 0.09756600
v 0.08614800 0.24744200 0.09784650
v 0.08608800 0.24860050 0.09756600
v 0.08582800 0.24849250 0.09784650
v 0.08554400 0.24961700 0.09756600
v 0.08481100 0.25050750 0.09756600
v 0.08530950 0.24946000 0.09784650
v 0.08461200 0.25030800 0.09784650
v 0.08376300 0.25100350 0.09784650
v 0.08391850 0.25123800 0.09756600
v 0.08290100 0.25178050 0.09756600
v 0.08279350 0.25152000 0.09784650
v 0.08179700 0.25211400 0.09756600
v 0.08174300 0.25183800 0.09784650
v 0.08064950 0.25222600 0.09756600
v 0.08065000 0.25194400 0.09784650
v 0.08609300 0.24409800 0.09756600
v 0.08531650 0.24323700 0.09784650
v 0.08555100 0.24308050 0.09756600
v 0.08462100 0.24238700 0.09784650
v 0.08482050 0.24218800 0.09756600
v 0.08377300 0.24168950 0.09784650
v 0.08393000 0.24145550 0.09756600
v 0.08280550 0.24117100 0.09784650
v 0.08291350 0.24091100 0.09756600
v 0.08175450 0.24085100 0.09784650
v 0.08181000 0.24057500 0.09756600
v 0.08066250 0.24046050 0.09756600
v 0.08066200 0.24074250 0.09784650
v 0.07956950 0.24084900 0.09784650
v 0.07951450 0.24057250 0.09756600
v 0.07851850 0.24116650 0.09784650
v 0.07841100 0.24090600 0.09756600
v 0.07754950 0.24168300 0.09784650
v 0.07739300 0.24144850 0.09756600
v 0.07670000 0.24237850 0.09784650
v 0.07600250 0.24322650 0.09784650
v 0.07650100 0.24217900 0.09756600
v 0.07576850 0.24306950 0.09756600
v 0.07548400 0.24419400 0.09784650
v 0.07522350 0.24408600 0.09756600
v 0.07516400 0.24524450 0.09784650
v 0.07488750 0.24518900 0.09756600
v 0.07477350 0.24633700 0.09756600
v 0.07505500 0.24633700 0.09784650
v 0.07516150 0.24743000 0.09784650
v 0.07488500 0.24748450 0.09756600
v 0.07547900 0.24848100 0.09784650
v 0.07521850 0.24858850 0.09756600
v 0.07599550 0.24945000 0.09784650
v 0.07669100 0.25029950 0.09784650
v 0.07576100 0.24960600 0.09756600
v 0.07649150 0.25049850 0.09756600
v 0.07753900 0.25099700 0.09784650
v 0.07738250 0.25123100 0.09756600
v 0.07850700 0.25151550 0.09784650
v 0.07839900 0.25177550 0.09756600
v 0.07955750 0.25183550 0.09784650
v 0.07950200 0.25211150 0.09756600
v 0.08064950 0.25222600 0.09756600
v 0.08065000 0.25194400 0.09784650
v 0.08625700 0.24634950 0.09839150
v 0.08614800 0.24744200 0.09839150
v 0.08615050 0.24525650 0.09839150
v 0.08280550 0.24117100 0.09839150
v 0.08582800 0.24849250 0.09839150
v 0.07850700 0.25151550 0.09839150
v 0.07548400 0.24419400 0.09839150
v 0.08377300 0.24168950 0.09839150
v 0.08530950 0.24946000 0.09839150
v 0.07753900 0.25099700 0.09839150
v 0.07600250 0.24322650 0.09839150
v 0.08462100 0.24238700 0.09839150
v 0.08461200 0.25030800 0.09839150
v 0.07669100 0.25029950 0.09839150
v 0.07670000 0.24237850 0.09839150
v 0.08531650 0.24323700 0.09839150
v 0.08376300 0.25100350 0.09839150
v 0.07599550 0.24945000 0.09839150
v 0.07754950 0.24168300 0.09839150
v 0.08583300 0.24420550 0.09839150
v 0.07851850 0.24116650 0.09839150
v 0.08279350 0.25152000 0.09839150
v 0.07547900 0.24848100 0.09839150
v 0.08174300 0.25183800 0.09839150
v 0.07956950 0.24084900 0.09839150
v 0.07516150 0.24743000 0.09839150
v 0.08065000 0.25194400 0.09839150
v 0.07505500 0.24633700 0.09839150
v 0.08066200 0.24074250 0.09839150
v 0.08175450 0.24085100 0.09839150
v 0.07955750 0.25183550 0.09839150
v 0.07516400 0.24524450 0.09839150
v 0.06963200 0.24635300 0.04319500
v 0.08927900 0.24635300 0.04319500
v 0.06963200 0.25159300 0.04267900
v 0.08927900 0.24111300 0.04267900
v 0.06963200 0.24111300 0.04267900
v 0.08927900 0.23607450 0.04115050
v 0.06963200 0.23607450 0.04115050
v 0.08927900 0.23143100 0.03866850
v 0.06963200 0.23143100 0.03866850
v 0.08927900 0.22736100 0.03532800
v 0.06963200 0.22736100 0.03532800
v 0.08927900 0.22402100 0.03125800
v 0.06963200 0.22402100 0.03125800
v 0.08927900 0.22153900 0.02661450
v 0.06963200 0.22153900 0.02661450
v 0.08927900 0.22001050 0.02157600
v 0.06963200 0.22001050 0.02157600
v 0.08927900 0.21949450 0.01633600
v 0.06963200 0.21949450 0.01633600
v 0.08927900 0.22001050 0.01109650
v 0.06963200 0.22001050 0.01109650
v 0.08927900 0.22153900 0.00605800
v 0.06963200 0.22153900 0.00605800
v 0.08927900 0.22402050 0.00141450
v 0.06963200 0.22402050 0.00141450
v 0.08927900 0.22736100 -0.00265550
v 0.06963200 0.22736100 -0.00265600
v 0.08927900 0.23143100 -0.00599600
v 0.06963200 0.23143100 -0.00599600
v 0.08927900 0.23607450 -0.00847800
v 0.06963200 0.23607450 -0.00847800
v 0.08927900 0.24111300 -0.01000650
v 0.06963200 0.24111300 -0.01000650
v 0.08927900 0.24635300 -0.01052250
v 0.06963200 0.24635300 -0.01052250
v 0.08927900 0.25159300 -0.01000650
v 0.06963200 0.25159300 -0.01000650
v 0.08927900 0.25663150 -0.00847800
v 0.06963200 0.25663150 -0.00847800
v 0.08927900 0.26127500 -0.00599600
v 0.06963200 0.26127500 -0.00599600
v 0.08927900 0.26534500 -0.00265600
v 0.06963200 0.26534500 -0.00265600
v 0.08927900 0.26868500 0.00141450
v 0.06963200 0.26868500 0.00141450
v 0.08927900 0.27116700 0.00605800
v 0.06963200 0.27116700 0.00605800
v 0.08927900 0.27269550 0.01109650
v 0.06963200 0.27269550 0.01109650
v 0.06963200 0.27321150 0.01633600
v 0.08927900 0.27321150 0.01633600
v 0.08927900 0.25159300 0.04267900
v 0.06963200 0.25663150 0.04115050
v 0.08927900 0.25663150 0.04115050
v 0.06963200 0.26127500 0.03866850
v 0.08927900 0.26127500 0.03866850
v 0.06963200 0.26534500 0.03532800
v 0.08927900 0.26534500 0.03532800
v 0.06963200 0.26868500 0.03125800
v 0.08927900 0.26868500 0.03125800
v 0.06963200 0.27116700 0.02661450
v 0.08927900 0.27116700 0.02661450
v 0.06963200 0.27269550 0.02157600
v 0.08927900 0.27269550 0.02157600
v 0.06963200 0.27321150 0.01633600
v 0.08927900 0.27321150 0.01633600
v 0.08927900 0.24853550 0.02730950
v 0.08927900 0.24635300 0.02752450
v 0.08927900 0.25063450 0.02667300
v 0.08927900 0.25732650 0.01851900
v 0.08927900 0.24417000 0.02730950
v 0.08927900 0.23537950 0.01415350
v 0.08927900 0.24853550 0.00536250
v 0.08927900 0.25669000 0.02061800
v 0.08927900 0.24207150 0.02667300
v 0.08927900 0.23601600 0.01205450
v 0.08927900 0.25063450 0.00599950
v 0.08927900 0.25565600 0.02255200
v 0.08927900 0.25256900 0.00703350
v 0.08927900 0.24013700 0.02563900
v 0.08927900 0.23705000 0.01012000
v 0.08927900 0.25426450 0.02424750
v 0.08927900 0.23844150 0.02424750
v 0.08927900 0.23844150 0.00842450
v 0.08927900 0.25426450 0.00842450
v 0.08927900 0.25256900 0.02563900
v 0.08927900 0.23705000 0.02255200
v 0.08927900 0.24013700 0.00703350
v 0.08927900 0.25565600 0.01012000
v 0.08927900 0.25669000 0.01205450
v 0.08927900 0.23601600 0.02061800
v 0.08927900 0.24207150 0.00599950
v 0.08927900 0.23537950 0.01851900
v 0.08927900 0.24417000 0.00536250
v 0.08927900 0.25732650 0.01415350
v 0.08927900 0.23516450 0.01633600
v 0.08927900 0.24635300 0.00514750
v 0.08927900 0.25754150 0.01633600
v 0.08927900 0.24635300 0.02818450
v 0.08927900 0.24866450 0.02795700
v 0.08927900 0.24635300 0.04319500
v 0.08927900 0.24404150 0.02795700
v 0.08927900 0.24111300 0.04267900
v 0.08927900 0.23607450 0.04115050
v 0.08927900 0.23143100 0.03866850
v 0.08927900 0.24181900 0.02728250
v 0.08927900 0.23977050 0.02618750
v 0.08927900 0.23797500 0.02471400
v 0.08927900 0.22736100 0.03532800
v 0.08927900 0.22402100 0.03125800
v 0.08927900 0.22153900 0.02661450
v 0.08927900 0.23650150 0.02291850
v 0.08927900 0.23540650 0.02087050
v 0.08927900 0.23473250 0.01864750
v 0.08927900 0.22001050 0.02157600
v 0.08927900 0.21949450 0.01633600
v 0.08927900 0.23450450 0.01633600
v 0.08927900 0.22001050 0.01109650
v 0.08927900 0.22153900 0.00605800
v 0.08927900 0.23473250 0.01402500
v 0.08927900 0.23540650 0.01180200
v 0.08927900 0.23650150 0.00975350
v 0.08927900 0.22402050 0.00141450
v 0.08927900 0.22736100 -0.00265550
v 0.08927900 0.23797500 0.00795850
v 0.08927900 0.23143100 -0.00599600
v 0.08927900 0.23607450 -0.00847800
v 0.08927900 0.23977050 0.00648500
v 0.08927900 0.24181900 0.00539000
v 0.08927900 0.24404150 0.00471550
v 0.08927900 0.24111300 -0.01000650
v 0.08927900 0.24635300 -0.01052250
v 0.08927900 0.24635300 0.00448800
v 0.08927900 0.25159300 -0.01000650
v 0.08927900 0.25663150 -0.00847800
v 0.08927900 0.24866450 0.00471550
v 0.08927900 0.25088700 0.00539000
v 0.08927900 0.25293550 0.00648500
v 0.08927900 0.26127500 -0.00599600
v 0.08927900 0.26534500 -0.00265600
v 0.08927900 0.25473100 0.00795800
v 0.08927900 0.26868500 0.00141450
v 0.08927900 0.27116700 0.00605800
v 0.08927900 0.25620450 0.00975350
v 0.08927900 0.25729950 0.01180200
v 0.08927900 0.25797350 0.01402450
v 0.08927900 0.27269550 0.01109650
v 0.08927900 0.27321150 0.01633600
v 0.08927900 0.25820100 0.01633600
v 0.08927900 0.27269550 0.02157600
v 0.08927900 0.27116700 0.02661450
v 0.08927900 0.25797350 0.01864750
v 0.08927900 0.25729950 0.02087050
v 0.08927900 0.25620450 0.02291850
v 0.08927900 0.26868500 0.03125800
v 0.08927900 0.26534500 0.03532800
v 0.08927900 0.25473100 0.02471400
v 0.08927900 0.26127500 0.03866850
v 0.08927900 0.25663150 0.04115050
v 0.08927900 0.25293550 0.02618750
v 0.08927900 0.25088700 0.02728250
v 0.08927900 0.25159300 0.04267900
v 0.08927900 0.25473100 0.02471400
v 0.08927900 0.25293550 0.02618750
v 0.08838050 0.25473100 0.02471400
v 0.08927900 0.25620450 0.02291850
v 0.08838050 0.25620450 0.02291850
v 0.08838050 0.25729950 0.02087050
v 0.08927900 0.25729950 0.02087050
v 0.08838050 0.25797350 0.01864750
v 0.08838050 0.25820100 0.01633600
v 0.08927900 0.25797350 0.01864750
v 0.08927900 0.25820100 0.01633600
v 0.08927900 0.25797350 0.01402450
v 0.08838050 0.25797350 0.01402450
v 0.08838050 0.25729950 0.01180200
v 0.08927900 0.25729950 0.01180200
v 0.08838050 0.25620450 0.00975350
v 0.08838050 0.25473100 0.00795800
v 0.08927900 0.25620450 0.00975350
v 0.08927900 0.25473100 0.00795800
v 0.08927900 0.25293550 0.00648500
v 0.08838050 0.25293550 0.00648500
v 0.08838050 0.25088700 0.00539000
v 0.08838050 0.24866450 0.00471550
v 0.08927900 0.25088700 0.00539000
v 0.08927900 0.24866450 0.00471550
v 0.08927900 0.24635300 0.00448800
v 0.08838050 0.24635300 0.00448800
v 0.08838050 0.24404150 0.00471550
v 0.08927900 0.24404150 0.00471550
v 0.08838050 0.24181900 0.00539000
v 0.08927900 0.24181900 0.00539000
v 0.08838050 0.23977050 0.00648500
v 0.08838050 0.23797500 0.00795850
v 0.08927900 0.23977050 0.00648500
v 0.08927900 0.23797500 0.00795850
v 0.08927900 0.23650150 0.00975350
v 0.08838050 0.23650150 0.00975350
v 0.08838050 0.23540650 0.01180200
v 0.08927900 0.23540650 0.01180200
v 0.08838050 0.23473250 0.01402500
v 0.08838050 0.23450450 0.01633600
v 0.08927900 0.23473250 0.01402500
v 0.08927900 0.23450450 0.01633600
v 0.08927900 0.23473250 0.01864750
v 0.08838050 0.23473250 0.01864750
v 0.08838050 0.23540650 0.02087050
v 0.08927900 0.23540650 0.02087050
v 0.08838050 0.23650150 0.02291850
v 0.08927900 0.23650150 0.02291850
v 0.08838050 0.23797500 0.02471400
v 0.08838050 0.23977050 0.02618750
v 0.08927900 0.23797500 0.02471400
v 0.08927900 0.23977050 0.02618750
v 0.08927900 0.24181900 0.02728250
v 0.08838050 0.24181900 0.02728250
v 0.08838050 0.24404150 0.02795700
v 0.08838050 0.24635300 0.02818450
v 0.08927900 0.24404150 0.02795700
v 0.08927900 0.24635300 0.02818450
v 0.08927900 0.24866450 0.02795700
v 0.08838050 0.24866450 0.02795700
v 0.08838050 0.25088700 0.02728250
v 0.08838050 0.25293550 0.02618750
v 0.08927900 0.25088700 0.02728250
v 0.08927900 0.24417000 0.00536250
v 0.08838050 0.24417000 0.00536250
v 0.08927900 0.24635300 0.00514750
v 0.08838050 0.24635300 0.00514750
v 0.08927900 0.24207150 0.00599950
v 0.08838050 0.24207150 0.00599950
v 0.08927900 0.24013700 0.00703350
v 0.08838050 0.24013700 0.00703350
v 0.08927900 0.23844150 0.00842450
v 0.08927900 0.23705000 0.01012000
v 0.08838050 0.23844150 0.00842450
v 0.08838050 0.23705000 0.01012000
v 0.08927900 0.23601600 0.01205450
v 0.08838050 0.23601600 0.01205450
v 0.08927900 0.23537950 0.01415350
v 0.08838050 0.23537950 0.01415350
v 0.08927900 0.23516450 0.01633600
v 0.08838050 0.23516450 0.01633600
v 0.08927900 0.23537950 0.01851900
v 0.08838050 0.23537950 0.01851900
v 0.08927900 0.23601600 0.02061800
v 0.08838050 0.23601600 0.02061800
v 0.08927900 0.23705000 0.02255200
v 0.08838050 0.23705000 0.02255200
v 0.08927900 0.23844150 0.02424750
v 0.08838050 0.23844150 0.02424750
v 0.08927900 0.24013700 0.02563900
v 0.08838050 0.24013700 0.02563900
v 0.08927900 0.24207150 0.02667300
v 0.08838050 0.24207150 0.02667300
v 0.08927900 0.24417000 0.02730950
v 0.08838050 0.24417000 0.02730950
v 0.08927900 0.24635300 0.02752450
v 0.08838050 0.24635300 0.02752450
v 0.08838050 0.24853550 0.02730950
v 0.08927900 0.24853550 0.02730950
v 0.08927900 0.25063450 0.02667300
v 0.08838050 0.25063450 0.02667300
v 0.08927900 0.25256900 0.02563900
v 0.08838050 0.25256900 0.02563900
v 0.08927900 0.25426450 0.02424750
v 0.08838050 0.25426450 0.02424750
v 0.08927900 0.25565600 0.02255200
v 0.08838050 0.25565600 0.02255200
v 0.08927900 0.25669000 0.02061800
v 0.08927900 0.25732650 0.01851900
v 0.08838050 0.25669000 0.02061800
v 0.08838050 0.25732650 0.01851900
v 0.08927900 0.25754150 0.01633600
v 0.08838050 0.25754150 0.01633600
v 0.08838050 0.24853550 0.00536250
v 0.08927900 0.24853550 0.00536250
v 0.08838050 0.25063450 0.00599950
v 0.08927900 0.25063450 0.00599950
v 0.08838050 0.25256900 0.00703350
v 0.08927900 0.25256900 0.00703350
v 0.08838050 0.25426450 0.00842450
v 0.08927900 0.25426450 0.00842450
v 0.08838050 0.25565600 0.01012000
v 0.08927900 0.25565600 0.01012000
v 0.08838050 0.25669000 0.01205450
v 0.08927900 0.25669000 0.01205450
v 0.08838050 0.25732650 0.01415350
v 0.08927900 0.25732650 0.01415350
v 0.08838050 0.25754150 0.01633600
v 0.08927900 0.25754150 0.01633600
v 0.08838050 0.24635300 0.02752450
v 0.08838050 0.24853550 0.02730950
v 0.08838050 0.24635300 0.02818450
v 0.08838050 0.24417000 0.02730950
v 0.08838050 0.24404150 0.02795700
v 0.08838050 0.24404150 0.02795700
v 0.08838050 0.24181900 0.02728250
v 0.08838050 0.23977050 0.02618750
v 0.08838050 0.24207150 0.02667300
v 0.08838050 0.24013700 0.02563900
v 0.08838050 0.23844150 0.02424750
v 0.08838050 0.23844150 0.02424750
v 0.08838050 0.23797500 0.02471400
v 0.08838050 0.23650150 0.02291850
v 0.08838050 0.23540650 0.02087050
v 0.08838050 0.23705000 0.02255200
v 0.08838050 0.23601600 0.02061800
v 0.08838050 0.23537950 0.01851900
v 0.08838050 0.23473250 0.01864750
v 0.08838050 0.23450450 0.01633600
v 0.08838050 0.23473250 0.01402500
v 0.08838050 0.23516450 0.01633600
v 0.08838050 0.23537950 0.01415350
v 0.08838050 0.23540650 0.01180200
v 0.08838050 0.23601600 0.01205450
v 0.08838050 0.23705000 0.01012000
v 0.08838050 0.23650150 0.00975350
v 0.08838050 0.23797500 0.00795850
v 0.08838050 0.23797500 0.00795850
v 0.08838050 0.23977050 0.00648500
v 0.08838050 0.23844150 0.00842450
v 0.08838050 0.23844150 0.00842450
v 0.08838050 0.24013700 0.00703350
v 0.08838050 0.24181900 0.00539000
v 0.08838050 0.24207150 0.00599950
v 0.08838050 0.24417000 0.00536250
v 0.08838050 0.24404150 0.00471550
v 0.08838050 0.24635300 0.00448800
v 0.08838050 0.24866450 0.00471550
v 0.08838050 0.24635300 0.00514750
v 0.08838050 0.24853550 0.00536250
v 0.08838050 0.25088700 0.00539000
v 0.08838050 0.25063450 0.00599950
v 0.08838050 0.25063450 0.00599950
v 0.08838050 0.25256900 0.00703350
v 0.08838050 0.25256900 0.00703350
v 0.08838050 0.25293550 0.00648500
v 0.08838050 0.25293550 0.00648500
v 0.08838050 0.25473100 0.00795800
v 0.08838050 0.25620450 0.00975350
v 0.08838050 0.25426450 0.00842450
v 0.08838050 0.25565600 0.01012000
v 0.08838050 0.25729950 0.01180200
v 0.08838050 0.25669000 0.01205450
v 0.08838050 0.25732650 0.01415350
v 0.08838050 0.25797350 0.01402450
v 0.08838050 0.25820100 0.01633600
v 0.08838050 0.25797350 0.01864750
v 0.08838050 0.25754150 0.01633600
v 0.08838050 0.25754150 0.01633600
v 0.08838050 0.25732650 0.01851900
v 0.08838050 0.25669000 0.02061800
v 0.08838050 0.25729950 0.02087050
v 0.08838050 0.25620450 0.02291850
v 0.08838050 0.25473100 0.02471400
v 0.08838050 0.25565600 0.02255200
v 0.08838050 0.25426450 0.02424750
v 0.08838050 0.25426450 0.02424750
v 0.08838050 0.25256900 0.02563900
v 0.08838050 0.25293550 0.02618750
v 0.08838050 0.25088700 0.02728250
v 0.08838050 0.25088700 0.02728250
v 0.08838050 0.24866450 0.02795700
v 0.08838050 0.25063450 0.02667300
v 0.08838050 0.25063450 0.02667300
v 0.06206250 0.22153900 0.02661450
v 0.06206250 0.22001050 0.02157600
v 0.06206250 0.22073900 0.02143100
v 0.06206250 0.22402100 0.03125800
v 0.06206250 0.22222550 0.02633000
v 0.06206250 0.22463850 0.03084550
v 0.06206250 0.22788650 0.03480300
v 0.06206250 0.22736100 0.03532800
v 0.06206250 0.23143100 0.03866850
v 0.06206250 0.23184400 0.03805050
v 0.06206250 0.23607450 0.04115050
v 0.06206250 0.23635900 0.04046400
v 0.06206250 0.24111300 0.04267900
v 0.06206250 0.24125800 0.04195000
v 0.06206250 0.24635300 0.04319500
v 0.06206250 0.25159300 0.04267900
v 0.06206250 0.24635300 0.04245200
v 0.06206250 0.25144800 0.04195000
v 0.06206250 0.25663150 0.04115050
v 0.06206250 0.25634700 0.04046400
v 0.06206250 0.26127500 0.03866850
v 0.06206250 0.26086200 0.03805050
v 0.06206250 0.26534500 0.03532800
v 0.06206250 0.26481950 0.03480250
v 0.06206250 0.26868500 0.03125800
v 0.06206250 0.26806750 0.03084550
v 0.06206250 0.27116700 0.02661450
v 0.06206250 0.27048050 0.02633000
v 0.06206250 0.27269550 0.02157600
v 0.06206250 0.27196700 0.02143100
v 0.06206250 0.27321150 0.01633600
v 0.06206250 0.27246850 0.01633600
v 0.06206250 0.22023750 0.01633600
v 0.06206250 0.22073900 0.01124150
v 0.06206250 0.21949450 0.01633600
v 0.06206250 0.22001050 0.01109650
v 0.06206250 0.22153900 0.00605800
v 0.06206250 0.22222500 0.00634200
v 0.06206250 0.22463850 0.00182700
v 0.06206250 0.22402050 0.00141450
v 0.06206250 0.22788650 -0.00213050
v 0.06206250 0.22736100 -0.00265600
v 0.06206250 0.23184400 -0.00537800
v 0.06206250 0.23143100 -0.00599600
v 0.06206250 0.23635900 -0.00779150
v 0.06206250 0.23607450 -0.00847800
v 0.06206250 0.24125800 -0.00927750
v 0.06206250 0.24111300 -0.01000650
v 0.06206250 0.24635300 -0.00977950
v 0.06206250 0.24635300 -0.01052250
v 0.06206250 0.25144800 -0.00927750
v 0.06206250 0.25159300 -0.01000650
v 0.06206250 0.25634700 -0.00779150
v 0.06206250 0.25663150 -0.00847800
v 0.06206250 0.26086200 -0.00537800
v 0.06206250 0.26127500 -0.00599600
v 0.06206250 0.26481950 -0.00213050
v 0.06206250 0.26534500 -0.00265600
v 0.06206250 0.26806750 0.00182700
v 0.06206250 0.26868500 0.00141450
v 0.06206250 0.27048050 0.00634200
v 0.06206250 0.27196700 0.01124150
v 0.06206250 0.27116700 0.00605800
v 0.06206250 0.27269550 0.01109650
v 0.06206250 0.27321150 0.01633600
v 0.06206250 0.27246850 0.01633600
v 0.06068900 0.25159300 -0.01000650
v 0.06068900 0.25159300 -0.01000650
v 0.06068900 0.25663150 -0.00847800
v 0.06068900 0.25663150 -0.00847800
v 0.06068900 0.25144800 -0.00927750
v 0.06068900 0.25144800 -0.00927750
v 0.06068900 0.24635300 -0.01052250
v 0.06068900 0.24635300 -0.00977950
v 0.06068900 0.24125800 -0.00927750
v 0.06068900 0.24111300 -0.01000650
v 0.06068900 0.23635900 -0.00779150
v 0.06068900 0.23184400 -0.00537800
v 0.06068900 0.23184400 -0.00537800
v 0.06068900 0.23607450 -0.00847800
v 0.06068900 0.23143100 -0.00599600
v 0.06068900 0.22736100 -0.00265600
v 0.06068900 0.22788650 -0.00213050
v 0.06068900 0.22463850 0.00182700
v 0.06068900 0.22222500 0.00634200
v 0.06068900 0.22402050 0.00141450
v 0.06068900 0.22153900 0.00605800
v 0.06068900 0.22001050 0.01109650
v 0.06068900 0.22073900 0.01124150
v 0.06068900 0.22023750 0.01633600
v 0.06068900 0.21949450 0.01633600
v 0.06068900 0.22073900 0.02143100
v 0.06068900 0.22222550 0.02633000
v 0.06068900 0.22001050 0.02157600
v 0.06068900 0.22153900 0.02661450
v 0.06068900 0.22402100 0.03125800
v 0.06068900 0.22463850 0.03084550
v 0.06068900 0.22788650 0.03480300
v 0.06068900 0.22736100 0.03532800
v 0.06068900 0.23184400 0.03805050
v 0.06068900 0.23635900 0.04046400
v 0.06068900 0.23143100 0.03866850
v 0.06068900 0.23607450 0.04115050
v 0.06068900 0.24111300 0.04267900
v 0.06068900 0.24125800 0.04195000
v 0.06068900 0.24635300 0.04245200
v 0.06068900 0.24635300 0.04245200
v 0.06068900 0.24635300 0.04319500
v 0.06068900 0.25144800 0.04195000
v 0.06068900 0.25159300 0.04267900
v 0.06068900 0.25634700 0.04046400
v 0.06068900 0.26086200 0.03805050
v 0.06068900 0.26086200 0.03805050
v 0.06068900 0.25663150 0.04115050
v 0.06068900 0.26127500 0.03866850
v 0.06068900 0.26481950 0.03480250
v 0.06068900 0.26534500 0.03532800
v 0.06068900 0.26806750 0.03084550
v 0.06068900 0.26868500 0.03125800
v 0.06068900 0.27048050 0.02633000
v 0.06068900 0.27116700 0.02661450
v 0.06068900 0.27269550 0.02157600
v 0.06068900 0.27196700 0.02143100
v 0.06068900 0.27246850 0.01633600
v 0.06068900 0.27321150 0.01633600
v 0.06068900 0.25634700 -0.00779150
v 0.06068900 0.25634700 -0.00779150
v 0.06068900 0.26127500 -0.00599600
v 0.06068900 0.26086200 -0.00537800
v 0.06068900 0.26534500 -0.00265600
v 0.06068900 0.26481950 -0.00213050
v 0.06068900 0.26806750 0.00182700
v 0.06068900 0.26868500 0.00141450
v 0.06068900 0.27116700 0.00605800
v 0.06068900 0.27048050 0.00634200
v 0.06068900 0.27269550 0.01109650
v 0.06068900 0.27196700 0.01124150
v 0.06068900 0.27321150 0.01633600
v 0.06068900 0.27246850 0.01633600
v 0.06963200 0.23143100 -0.00599600
v 0.06963200 0.23607450 -0.00847800
v 0.06963200 0.23635900 -0.00779150
v 0.06963200 0.22736100 -0.00265600
v 0.06963200 0.23184400 -0.00537800
v 0.06963200 0.22788650 -0.00213050
v 0.06963200 0.22402050 0.00141450
v 0.06963200 0.22463850 0.00182700
v 0.06963200 0.22153900 0.00605800
v 0.06963200 0.22222500 0.00634200
v 0.06963200 0.22001050 0.01109650
v 0.06963200 0.22073900 0.01124150
v 0.06963200 0.21949450 0.01633600
v 0.06963200 0.22023750 0.01633600
v 0.06963200 0.22001050 0.02157600
v 0.06963200 0.22073900 0.02143100
v 0.06963200 0.22153900 0.02661450
v 0.06963200 0.22222550 0.02633000
v 0.06963200 0.22402100 0.03125800
v 0.06963200 0.22463850 0.03084550
v 0.06963200 0.22736100 0.03532800
v 0.06963200 0.22788650 0.03480300
v 0.06963200 0.23143100 0.03866850
v 0.06963200 0.23184400 0.03805050
v 0.06963200 0.23607450 0.04115050
v 0.06963200 0.23635900 0.04046400
v 0.06963200 0.24111300 0.04267900
v 0.06963200 0.24125800 0.04195000
v 0.06963200 0.24635300 0.04319500
v 0.06963200 0.24635300 0.04245200
v 0.06963200 0.24635300 0.04245200
v 0.06963200 0.25144800 0.04195000
v 0.06963200 0.25159300 0.04267900
v 0.06963200 0.25663150 0.04115050
v 0.06963200 0.25634700 0.04046400
v 0.06963200 0.26127500 0.03866850
v 0.06963200 0.26086200 0.03805050
v 0.06963200 0.26534500 0.03532800
v 0.06963200 0.26481950 0.03480250
v 0.06963200 0.26868500 0.03125800
v 0.06963200 0.27116700 0.02661450
v 0.06963200 0.26806750 0.03084550
v 0.06963200 0.27048050 0.02633000
v 0.06963200 0.27196700 0.02143100
v 0.06963200 0.27269550 0.02157600
v 0.06963200 0.27321150 0.01633600
v 0.06963200 0.27246850 0.01633600
v 0.06963200 0.24125800 -0.00927750
v 0.06963200 0.24111300 -0.01000650
v 0.06963200 0.24635300 -0.00977950
v 0.06963200 0.24635300 -0.01052250
v 0.06963200 0.25144800 -0.00927750
v 0.06963200 0.25634700 -0.00779150
v 0.06963200 0.25159300 -0.01000650
v 0.06963200 0.25663150 -0.00847800
v 0.06963200 0.26127500 -0.00599600
v 0.06963200 0.26086200 -0.00537800
v 0.06963200 0.26481950 -0.00213050
v 0.06963200 0.26534500 -0.00265600
v 0.06963200 0.26806750 0.00182700
v 0.06963200 0.26868500 0.00141450
v 0.06963200 0.27048050 0.00634200
v 0.06963200 0.27116700 0.00605800
v 0.06963200 0.27196700 0.01124150
v 0.06963200 0.27269550 0.01109650
v 0.06963200 0.27246850 0.01633600
v 0.06963200 0.27321150 0.01633600
v 0.06206250 0.24111300 0.04267900
v 0.06826100 0.24111300 0.04267900
v 0.06206250 0.24635300 0.04319500
v 0.06206250 0.23607450 0.04115050
v 0.06826100 0.23607450 0.04115050
v 0.06826100 0.23143100 0.03866850
v 0.06206250 0.23143100 0.03866850
v 0.06826100 0.22736100 0.03532800
v 0.06206250 0.22736100 0.03532800
v 0.06826100 0.22402100 0.03125800
v 0.06206250 0.22402100 0.03125800
v 0.06826100 0.22153900 0.02661450
v 0.06826100 0.22001050 0.02157600
v 0.06206250 0.22153900 0.02661450
v 0.06206250 0.22001050 0.02157600
v 0.06206250 0.21949450 0.01633600
v 0.06826100 0.21949450 0.01633600
v 0.06826100 0.22001050 0.01109650
v 0.06206250 0.22001050 0.01109650
v 0.06826100 0.22153900 0.00605800
v 0.06826100 0.22402050 0.00141450
v 0.06206250 0.22153900 0.00605800
v 0.06206250 0.22402050 0.00141450
v 0.06206250 0.22736100 -0.00265600
v 0.06826100 0.22736100 -0.00265600
v 0.06826100 0.23143100 -0.00599600
v 0.06206250 0.23143100 -0.00599600
v 0.06826100 0.23607450 -0.00847800
v 0.06826100 0.24111300 -0.01000650
v 0.06206250 0.23607450 -0.00847800
v 0.06206250 0.24111300 -0.01000650
v 0.06206250 0.24635300 -0.01052250
v 0.06826100 0.24635300 -0.01052250
v 0.06826100 0.25159300 -0.01000650
v 0.06206250 0.25159300 -0.01000650
v 0.06826100 0.25663150 -0.00847800
v 0.06826100 0.26127500 -0.00599600
v 0.06206250 0.25663150 -0.00847800
v 0.06206250 0.26127500 -0.00599600
v 0.06206250 0.26534500 -0.00265600
v 0.06826100 0.26534500 -0.00265600
v 0.06826100 0.26868500 0.00141450
v 0.06206250 0.26868500 0.00141450
v 0.06826100 0.27116700 0.00605800
v 0.06826100 0.27269550 0.01109650
v 0.06206250 0.27116700 0.00605800
v 0.06206250 0.27269550 0.01109650
v 0.06206250 0.27321150 0.01633600
v 0.06826100 0.27321150 0.01633600
v 0.06826100 0.24635300 0.04319500
v 0.06206250 0.25159300 0.04267900
v 0.06206250 0.25663150 0.04115050
v 0.06826100 0.25159300 0.04267900
v 0.06826100 0.25663150 0.04115050
v 0.06826100 0.26127500 0.03866850
v 0.06206250 0.26127500 0.03866850
v 0.06206250 0.26534500 0.03532800
v 0.06206250 0.26868500 0.03125800
v 0.06826100 0.26534500 0.03532800
v 0.06826100 0.26868500 0.03125800
v 0.06206250 0.27116700 0.02661450
v 0.06826100 0.27116700 0.02661450
v 0.06206250 0.27269550 0.02157600
v 0.06826100 0.27269550 0.02157600
v 0.06826100 0.27321150 0.01633600
v 0.06206250 0.27321150 0.01633600
v 0.06826100 0.25159300 0.04267900
v 0.06826100 0.24635300 0.04319500
v 0.06826100 0.25144800 0.04195000
v 0.06826100 0.25663150 0.04115050
v 0.06826100 0.25663150 0.04115050
v 0.06826100 0.25634700 0.04046400
v 0.06826100 0.25634700 0.04046400
v 0.06826100 0.26086200 0.03805050
v 0.06826100 0.26127500 0.03866850
v 0.06826100 0.26481950 0.03480250
v 0.06826100 0.26806750 0.03084550
v 0.06826100 0.26534500 0.03532800
v 0.06826100 0.26868500 0.03125800
v 0.06826100 0.27116700 0.02661450
v 0.06826100 0.27048050 0.02633000
v 0.06826100 0.27196700 0.02143100
v 0.06826100 0.27269550 0.02157600
v 0.06826100 0.27246850 0.01633600
v 0.06826100 0.27321150 0.01633600
v 0.06826100 0.24635300 0.04245200
v 0.06826100 0.24635300 0.04245200
v 0.06826100 0.24111300 0.04267900
v 0.06826100 0.24125800 0.04195000
v 0.06826100 0.23607450 0.04115050
v 0.06826100 0.23607450 0.04115050
v 0.06826100 0.23635900 0.04046400
v 0.06826100 0.23635900 0.04046400
v 0.06826100 0.23143100 0.03866850
v 0.06826100 0.23184400 0.03805050
v 0.06826100 0.22736100 0.03532800
v 0.06826100 0.22736100 0.03532800
v 0.06826100 0.22788650 0.03480300
v 0.06826100 0.22788650 0.03480300
v 0.06826100 0.22402100 0.03125800
v 0.06826100 0.22463850 0.03084550
v 0.06826100 0.22153900 0.02661450
v 0.06826100 0.22222550 0.02633000
v 0.06826100 0.22073900 0.02143100
v 0.06826100 0.22001050 0.02157600
v 0.06826100 0.21949450 0.01633600
v 0.06826100 0.22023750 0.01633600
v 0.06826100 0.22001050 0.01109650
v 0.06826100 0.22073900 0.01124150
v 0.06826100 0.22153900 0.00605800
v 0.06826100 0.22222500 0.00634200
v 0.06826100 0.22402050 0.00141450
v 0.06826100 0.22463850 0.00182700
v 0.06826100 0.22736100 -0.00265600
v 0.06826100 0.22788650 -0.00213050
v 0.06826100 0.23143100 -0.00599600
v 0.06826100 0.23607450 -0.00847800
v 0.06826100 0.23607450 -0.00847800
v 0.06826100 0.23184400 -0.00537800
v 0.06826100 0.23635900 -0.00779150
v 0.06826100 0.23635900 -0.00779150
v 0.06826100 0.24125800 -0.00927750
v 0.06826100 0.24111300 -0.01000650
v 0.06826100 0.24635300 -0.01052250
v 0.06826100 0.24635300 -0.00977950
v 0.06826100 0.24635300 -0.00977950
v 0.06826100 0.25159300 -0.01000650
v 0.06826100 0.25663150 -0.00847800
v 0.06826100 0.25663150 -0.00847800
v 0.06826100 0.25144800 -0.00927750
v 0.06826100 0.25634700 -0.00779150
v 0.06826100 0.25634700 -0.00779150
v 0.06826100 0.26086200 -0.00537800
v 0.06826100 0.26127500 -0.00599600
v 0.06826100 0.26534500 -0.00265600
v 0.06826100 0.26481950 -0.00213050
v 0.06826100 0.26868500 0.00141450
v 0.06826100 0.27116700 0.00605800
v 0.06826100 0.26806750 0.00182700
v 0.06826100 0.27048050 0.00634200
v 0.06826100 0.27269550 0.01109650
v 0.06826100 0.27196700 0.01124150
v 0.06826100 0.27321150 0.01633600
v 0.06826100 0.27246850 0.01633600
v 0.06068900 0.24125800 0.04195000
v 0.06206250 0.24125800 0.04195000
v 0.06068900 0.24635300 0.04245200
v 0.06068900 0.23635900 0.04046400
v 0.06206250 0.23635900 0.04046400
v 0.06206250 0.23184400 0.03805050
v 0.06206250 0.22788650 0.03480300
v 0.06068900 0.23184400 0.03805050
v 0.06068900 0.22788650 0.03480300
v 0.06068900 0.22463850 0.03084550
v 0.06206250 0.22463850 0.03084550
v 0.06206250 0.22222550 0.02633000
v 0.06068900 0.22222550 0.02633000
v 0.06206250 0.22073900 0.02143100
v 0.06206250 0.22023750 0.01633600
v 0.06068900 0.22073900 0.02143100
v 0.06068900 0.22023750 0.01633600
v 0.06068900 0.22073900 0.01124150
v 0.06206250 0.22073900 0.01124150
v 0.06206250 0.22222500 0.00634200
v 0.06068900 0.22222500 0.00634200
v 0.06206250 0.22463850 0.00182700
v 0.06206250 0.22788650 -0.00213050
v 0.06068900 0.22463850 0.00182700
v 0.06068900 0.22788650 -0.00213050
v 0.06068900 0.23184400 -0.00537800
v 0.06206250 0.23184400 -0.00537800
v 0.06206250 0.23635900 -0.00779150
v 0.06068900 0.23635900 -0.00779150
v 0.06206250 0.24125800 -0.00927750
v 0.06206250 0.24635300 -0.00977950
v 0.06068900 0.24125800 -0.00927750
v 0.06068900 0.24635300 -0.00977950
v 0.06068900 0.25144800 -0.00927750
v 0.06206250 0.25144800 -0.00927750
v 0.06206250 0.25634700 -0.00779150
v 0.06068900 0.25634700 -0.00779150
v 0.06206250 0.26086200 -0.00537800
v 0.06206250 0.26481950 -0.00213050
v 0.06068900 0.26086200 -0.00537800
v 0.06068900 0.26481950 -0.00213050
v 0.06068900 0.26806750 0.00182700
v 0.06206250 0.26806750 0.00182700
v 0.06206250 0.27048050 0.00634200
v 0.06068900 0.27048050 0.00634200
v 0.06206250 0.27196700 0.01124150
v 0.06206250 0.27246850 0.01633600
v 0.06068900 0.27196700 0.01124150
v 0.06068900 0.27246850 0.01633600
v 0.06206250 0.24635300 0.04245200
v 0.06068900 0.25144800 0.04195000
v 0.06206250 0.25144800 0.04195000
v 0.06068900 0.25634700 0.04046400
v 0.06068900 0.26086200 0.03805050
v 0.06206250 0.25634700 0.04046400
v 0.06206250 0.26086200 0.03805050
v 0.06068900 0.26481950 0.03480250
v 0.06206250 0.26481950 0.03480250
v 0.06068900 0.26806750 0.03084550
v 0.06206250 0.26806750 0.03084550
v 0.06206250 0.27048050 0.02633000
v 0.06068900 0.27048050 0.02633000
v 0.06068900 0.27196700 0.02143100
v 0.06068900 0.27246850 0.01633600
v 0.06206250 0.27196700 0.02143100
v 0.06206250 0.27246850 0.01633600
v 0.06826100 0.24125800 0.04195000
v 0.06963200 0.24125800 0.04195000
v 0.06826100 0.24635300 0.04245200
v 0.06826100 0.23635900 0.04046400
v 0.06963200 0.23635900 0.04046400
v 0.06963200 0.23184400 0.03805050
v 0.06826100 0.23184400 0.03805050
v 0.06963200 0.22788650 0.03480300
v 0.06826100 0.22788650 0.03480300
v 0.06963200 0.22463850 0.03084550
v 0.06826100 0.22463850 0.03084550
v 0.06963200 0.22222550 0.02633000
v 0.06963200 0.22073900 0.02143100
v 0.06826100 0.22222550 0.02633000
v 0.06826100 0.22073900 0.02143100
v 0.06826100 0.22023750 0.01633600
v 0.06963200 0.22023750 0.01633600
v 0.06963200 0.22073900 0.01124150
v 0.06826100 0.22073900 0.01124150
v 0.06963200 0.22222500 0.00634200
v 0.06963200 0.22463850 0.00182700
v 0.06826100 0.22222500 0.00634200
v 0.06826100 0.22463850 0.00182700
v 0.06826100 0.22788650 -0.00213050
v 0.06963200 0.22788650 -0.00213050
v 0.06963200 0.23184400 -0.00537800
v 0.06826100 0.23184400 -0.00537800
v 0.06963200 0.23635900 -0.00779150
v 0.06963200 0.24125800 -0.00927750
v 0.06826100 0.23635900 -0.00779150
v 0.06826100 0.24125800 -0.00927750
v 0.06826100 0.24635300 -0.00977950
v 0.06963200 0.24635300 -0.00977950
v 0.06963200 0.25144800 -0.00927750
v 0.06826100 0.25144800 -0.00927750
v 0.06963200 0.25634700 -0.00779150
v 0.06963200 0.26086200 -0.00537800
v 0.06826100 0.25634700 -0.00779150
v 0.06826100 0.26086200 -0.00537800
v 0.06826100 0.26481950 -0.00213050
v 0.06963200 0.26481950 -0.00213050
v 0.06963200 0.26806750 0.00182700
v 0.06826100 0.26806750 0.00182700
v 0.06963200 0.27048050 0.00634200
v 0.06963200 0.27196700 0.01124150
v 0.06826100 0.27048050 0.00634200
v 0.06826100 0.27196700 0.01124150
v 0.06826100 0.27246850 0.01633600
v 0.06963200 0.27246850 0.01633600
v 0.06963200 0.24635300 0.04245200
v 0.06826100 0.25144800 0.04195000
v 0.06826100 0.25634700 0.04046400
v 0.06963200 0.25144800 0.04195000
v 0.06963200 0.25634700 0.04046400
v 0.06963200 0.26086200 0.03805050
v 0.06826100 0.26086200 0.03805050
v 0.06826100 0.26481950 0.03480250
v 0.06826100 0.26806750 0.03084550
v 0.06963200 0.26481950 0.03480250
v 0.06963200 0.26806750 0.03084550
v 0.06826100 0.27048050 0.02633000
v 0.06963200 0.27048050 0.02633000
v 0.06826100 0.27196700 0.02143100
v 0.06963200 0.27196700 0.02143100
v 0.06963200 0.27246850 0.01633600
v 0.06826100 0.27246850 0.01633600
vn 0.99999940 0.00110000 0.00000000
vn 0.98098244 -0.19409652 0.00000000
vn 0.99999940 0.00110000 0.00000000
vn 0.98054219 0.19630845 0.00000000
vn 0.98054219 0.19630845 0.00000000
vn 0.92346401 0.38368505 0.00000000
vn 0.83091007 0.55640674 0.00000000
vn 0.92346401 0.38368505 0.00000000
vn 0.83091007 0.55640674 0.00000000
vn 0.70610607 0.70810608 0.00000000
vn 0.70610607 0.70810608 0.00000000
vn 0.55460788 0.83211183 0.00000000
vn 0.55460788 0.83211183 0.00000000
vn 0.38169516 0.92428827 0.00000000
vn 0.19409652 0.98098244 0.00000000
vn 0.38169516 0.92428827 0.00000000
vn 0.19409652 0.98098244 0.00000000
vn -0.00110000 0.99999940 0.00000000
vn -0.00110000 0.99999940 0.00000000
vn 0.98098244 -0.19409652 0.00000000
vn 0.92428827 -0.38169516 0.00000000
vn 0.92428827 -0.38169516 0.00000000
vn 0.83223487 -0.55442323 0.00000000
vn 0.83203491 -0.55472327 0.00000000
vn 0.70800622 -0.70620620 0.00000000
vn 0.70800622 -0.70620620 0.00000000
vn 0.55640674 -0.83091007 0.00000000
vn 0.55640674 -0.83091007 0.00000000
vn 0.38359977 -0.92349944 0.00000000
vn 0.38359977 -0.92349944 0.00000000
vn 0.19619305 -0.98056529 0.00000000
vn 0.19619305 -0.98056529 0.00000000
vn 0.00110000 -0.99999940 0.00000000
vn 0.00110000 -0.99999940 0.00000000
vn -0.19409652 -0.98098244 0.00000000
vn -0.19409652 -0.98098244 0.00000000
vn -0.38160972 -0.92432355 0.00000000
vn -0.38160972 -0.92432355 0.00000000
vn -0.55460788 -0.83211183 0.00000000
vn -0.55460788 -0.83211183 0.00000000
vn -0.70630632 -0.70790634 0.00000000
vn -0.70630632 -0.70790634 0.00000000
vn -0.83078662 -0.55659104 0.00000000
vn -0.83078662 -0.55659104 0.00000000
vn -0.92341385 -0.38380576 0.00000000
vn -0.92341385 -0.38380576 0.00000000
vn -0.98058452 -0.19609690 0.00000000
vn -0.98058452 -0.19609690 0.00000000
vn -0.99999940 -0.00110000 0.00000000
vn -0.99999940 -0.00110000 0.00000000
vn -0.98102050 0.19390405 0.00000000
vn -0.98102050 0.19390405 0.00000000
vn -0.92428827 0.38169516 0.00000000
vn -0.83211183 0.55460788 0.00000000
vn -0.92428827 0.38169516 0.00000000
vn -0.83211183 0.55460788 0.00000000
vn -0.70790634 0.70630632 0.00000000
vn -0.70790634 0.70630632 0.00000000
vn -0.55629146 0.83098725 0.00000000
vn -0.55629146 0.83098725 0.00000000
vn -0.38359977 0.92349944 0.00000000
vn -0.38359977 0.92349944 0.00000000
vn -0.19630845 0.98054219 0.00000000
vn -0.19630845 0.98054219 0.00000000
vn -0.00110000 0.99999940 0.00000000
vn -0.00110000 0.99999940 0.00000000
vn 0.69193735 -0.13700740 -0.70883826
vn 0.70570510 0.00090001 -0.70850512
vn 0.69194683 -0.13690926 -0.70884797
vn 0.65240691 -0.26930285 -0.70840751
vn 0.65209590 -0.26929830 -0.70869554
vn 0.58687306 -0.39108205 -0.70896745
vn 0.58680750 -0.39110500 -0.70900906
vn 0.49938922 -0.49808925 -0.70888470
vn 0.49938922 -0.49808925 -0.70888470
vn 0.39250650 -0.58610970 -0.70881173
vn 0.39250650 -0.58610970 -0.70881173
vn 0.27070338 -0.65160814 -0.70860885
vn 0.27070492 -0.65171185 -0.70851288
vn 0.13849872 -0.69199360 -0.70849345
vn 0.13840041 -0.69190203 -0.70860208
vn 0.00069995 -0.70515405 -0.70905379
vn 0.00060000 -0.70510381 -0.70910384
vn -0.13689933 -0.69179659 -0.70899651
vn -0.13680120 -0.69180606 -0.70900621
vn -0.26910974 -0.65192359 -0.70892565
vn -0.26909219 -0.65198109 -0.70887944
vn -0.39118970 -0.58678454 -0.70898133
vn -0.39110977 -0.58691466 -0.70891771
vn -0.49819974 -0.49939974 -0.70879963
vn -0.49819974 -0.49939974 -0.70879963
vn -0.58608669 -0.39259109 -0.70878391
vn -0.58608669 -0.39259109 -0.70878391
vn -0.65140069 -0.27070029 -0.70880075
vn -0.65110704 -0.27060293 -0.70910767
vn -0.69145784 -0.13829157 -0.70905677
vn -0.69150687 -0.13830137 -0.70900704
vn -0.70570516 -0.00080001 -0.70850518
vn -0.70570510 -0.00090001 -0.70850512
vn -0.69200841 0.13680166 -0.70880862
vn -0.69199894 0.13689979 -0.70879892
vn -0.65200975 0.26920403 -0.70881060
vn -0.65200975 0.26920403 -0.70881060
vn -0.58680750 0.39110500 -0.70900906
vn -0.58678454 0.39118970 -0.70898133
vn -0.49929980 0.49829980 -0.70879971
vn -0.49929980 0.49829980 -0.70879971
vn -0.39250650 0.58610970 -0.70881173
vn -0.39271791 0.58642674 -0.70843230
vn -0.27070492 0.65171185 -0.70851288
vn -0.27070492 0.65171185 -0.70851288
vn -0.13849872 0.69199360 -0.70849345
vn -0.13840041 0.69190203 -0.70860208
vn -0.00080001 0.70540450 -0.70880452
vn -0.00070000 0.70540455 -0.70880458
vn 0.70570510 0.00090001 -0.70850512
vn 0.69140565 0.13830113 -0.70910579
vn 0.69140565 0.13830113 -0.70910579
vn 0.65151530 0.27090636 -0.70861665
vn 0.58589973 0.39229982 -0.70909968
vn 0.65122843 0.27051181 -0.70903095
vn 0.58598396 0.39238926 -0.70898059
vn 0.49818930 0.49928928 -0.70888478
vn 0.49819974 0.49939974 -0.70879963
vn 0.39131167 0.58701750 -0.70872113
vn 0.39129345 0.58719017 -0.70858813
vn 0.26940708 0.65191714 -0.70881864
vn 0.26938952 0.65197464 -0.70877243
vn 0.13690025 0.69220124 -0.70860127
vn 0.13680234 0.69231185 -0.70851212
vn -0.00080001 0.70540450 -0.70880452
vn -0.00080001 0.70540450 -0.70880452
vn 0.69210957 -0.13680189 0.70870980
vn 0.65250403 -0.26960166 0.70820437
vn 0.69210957 -0.13680189 0.70870980
vn 0.70545474 0.00079995 0.70875452
vn 0.70580540 0.00070001 0.70840542
vn 0.69152717 0.13860545 0.70892785
vn 0.69148773 0.13849754 0.70898742
vn 0.65126840 0.27058687 0.70896560
vn 0.65178701 0.27059461 0.70848588
vn 0.58600250 0.39250168 0.70890303
vn 0.49819974 0.49939974 0.70879963
vn 0.58570384 0.39240257 0.70920465
vn 0.49828534 0.49948531 0.70867915
vn 0.39139635 0.58699453 0.70869339
vn 0.39128869 0.58708304 0.70867952
vn 0.26920555 0.65211345 0.70871462
vn 0.26918800 0.65217092 0.70866840
vn 0.13680189 0.69210957 0.70870980
vn 0.13690002 0.69210010 0.70870010
vn -0.00080001 0.70540450 0.70880452
vn -0.00080001 0.70540450 0.70880452
vn 0.65200975 -0.26920403 0.70881060
vn 0.58704478 -0.39102983 0.70885407
vn 0.58700317 -0.39100211 0.70890382
vn 0.49951020 -0.49821017 0.70871447
vn 0.49948531 -0.49828534 0.70867915
vn 0.39259590 -0.58619388 0.70869260
vn 0.39259590 -0.58619388 0.70869260
vn 0.27070646 -0.65181555 0.70841690
vn 0.27068265 -0.65145825 0.70875458
vn 0.13830278 -0.69211389 0.70841422
vn 0.13839106 -0.69205529 0.70845423
vn 0.00070000 -0.70560501 0.70860503
vn 0.00080000 -0.70530425 0.70890427
vn -0.13680143 -0.69190724 0.70890742
vn -0.13689956 -0.69189778 0.70889772
vn -0.26929678 -0.65199220 0.70879152
vn -0.26920403 -0.65200975 0.70881060
vn -0.39110977 -0.58691466 0.70891771
vn -0.39119447 -0.58689171 0.70888998
vn -0.49831023 -0.49941025 0.70871455
vn -0.58619388 -0.39259590 0.70869260
vn -0.49831023 -0.49941025 0.70871455
vn -0.58608669 -0.39259109 0.70878391
vn -0.65119319 -0.27069717 0.70899258
vn -0.65121081 -0.27060449 0.70901177
vn -0.69149730 -0.13839946 0.70899723
vn -0.69159850 -0.13839970 0.70889847
vn -0.70580545 -0.00060000 0.70840547
vn -0.70580540 -0.00070001 0.70840542
vn -0.69210957 0.13680189 0.70870980
vn -0.69206052 0.13679220 0.70875957
vn -0.65211345 0.26920555 0.70871462
vn -0.65180232 0.26920096 0.70900252
vn -0.58682615 0.39121743 0.70893159
vn -0.49948531 0.49828534 0.70867915
vn -0.58680750 0.39110500 0.70900906
vn -0.49948531 0.49828534 0.70867915
vn -0.39250650 0.58610970 0.70881173
vn -0.39251131 0.58621689 0.70872042
vn -0.27068420 0.65156197 0.70865864
vn -0.27060761 0.65141832 0.70881993
vn -0.13839994 0.69169969 0.70879968
vn -0.13849872 0.69199360 0.70849345
vn -0.00080001 0.70540450 0.70880452
vn -0.00080001 0.70540450 0.70880452
vn 0.00000000 0.00000000 1.00000000
vn 0.00000000 0.00000000 1.00000000
vn 0.00000000 0.00000000 1.00000000
vn 0.00000000 0.00000000 1.00000000
vn 0.00000000 0.00000000 1.00000000
vn 0.00000000 0.00000000 1.00000000
vn 0.00000000 0.00000000 1.00000000
vn 0.00000000 0.00000000 1.00000000
vn 0.00000000 0.00000000 1.00000000
vn 0.00000000 0.00000000 1.00000000
vn 0.00000000 0.00000000 1.00000000
vn 0.00000000 0.00000000 1.00000000
vn 0.00000000 0.00000000 1.00000000
vn 0.00000000 0.00000000 1.00000000
vn 0.00000000 0.00000000 1.00000000
vn 0.00000000 0.00000000 1.00000000
vn 0.00000000 0.00000000 1.00000000
vn 0.00000000 0.00000000 1.00000000
vn 0.00000000 0.00000000 1.00000000
vn 0.00000000 0.00000000 1.00000000
vn 0.00000000 0.00000000 1.00000000
vn 0.00000000 0.00000000 1.00000000
vn 0.00000000 0.00000000 1.00000000
vn 0.00000000 0.00000000 1.00000000
vn 0.00000000 0.00000000 1.00000000
vn 0.00000000 0.00000000 1.00000000
vn 0.00000000 0.00000000 1.00000000
vn 0.00000000 0.00000000 1.00000000
vn 0.00000000 0.00000000 1.00000000
vn 0.00000000 0.00000000 1.00000000
vn 0.00000000 0.00000000 1.00000000
vn 0.00000000 0.00000000 1.00000000
vn 0.00000000 0.00000000 1.00000000
vn 0.00000000 0.00000000 1.00000000
vn 0.00000000 0.19509682 0.98078399
vn 0.00000000 -0.19509682 0.98078399
vn 0.00000000 -0.19509682 0.98078399
vn 0.00000000 -0.38269034 0.92387667
vn 0.00000000 -0.38269034 0.92387667
vn 0.00000000 -0.55557677 0.83146524
vn 0.00000000 -0.55557677 0.83146524
vn 0.00000000 -0.70710678 0.70710678
vn 0.00000000 -0.70710678 0.70710678
vn 0.00000000 -0.83146524 0.55557677
vn 0.00000000 -0.83146524 0.55557677
vn 0.00000000 -0.92387667 0.38269034
vn 0.00000000 -0.92387667 0.38269034
vn 0.00000000 -0.98078399 0.19509682
vn 0.00000000 -0.98078399 0.19509682
vn 0.00000000 -1.00000000 0.00000000
vn 0.00000000 -1.00000000 0.00000000
vn 0.00000000 -0.98078399 -0.19509682
vn 0.00000000 -0.98078399 -0.19509682
vn 0.00000000 -0.92391202 -0.38260498
vn 0.00000000 -0.92391202 -0.38260498
vn 0.00000000 -0.83146524 -0.55557677
vn 0.00000000 -0.83146524 -0.55557677
vn 0.00000000 -0.70710678 -0.70710678
vn 0.00000000 -0.70710678 -0.70710678
vn 0.00000000 -0.55557677 -0.83146524
vn 0.00000000 -0.55557677 -0.83146524
vn 0.00000000 -0.38269034 -0.92387667
vn 0.00000000 -0.38269034 -0.92387667
vn 0.00000000 -0.19509682 -0.98078399
vn 0.00000000 -0.19509682 -0.98078399
vn 0.00000000 0.00000000 -1.00000000
vn 0.00000000 0.00000000 -1.00000000
vn 0.00000000 0.19509682 -0.98078399
vn 0.00000000 0.19509682 -0.98078399
vn 0.00000000 0.38269034 -0.92387667
vn 0.00000000 0.38269034 -0.92387667
vn 0.00000000 0.55557677 -0.83146524
vn 0.00000000 0.55557677 -0.83146524
vn 0.00000000 0.70710678 -0.70710678
vn 0.00000000 0.70710678 -0.70710678
vn 0.00000000 0.83146524 -0.55557677
vn 0.00000000 0.83146524 -0.55557677
vn 0.00000000 0.92387667 -0.38269034
vn 0.00000000 0.92387667 -0.38269034
vn 0.00000000 0.98078399 -0.19509682
vn 0.00000000 0.98078399 -0.19509682
vn 0.00000000 1.00000000 0.00000000
vn 0.00000000 1.00000000 0.00000000
vn 0.00000000 0.19509682 0.98078399
vn 0.00000000 0.38269034 0.92387667
vn 0.00000000 0.38269034 0.92387667
vn 0.00000000 0.55557677 0.83146524
vn 0.00000000 0.55557677 0.83146524
vn 0.00000000 0.70710678 0.70710678
vn 0.00000000 0.70710678 0.70710678
vn 0.00000000 0.83146524 0.55557677
vn 0.00000000 0.83146524 0.55557677
vn 0.00000000 0.92387667 0.38269034
vn 0.00000000 0.92387667 0.38269034
vn 0.00000000 0.98078399 0.19509682
vn 0.00000000 0.98078399 0.19509682
vn 0.00000000 1.00000000 0.00000000
vn 0.00000000 1.00000000 0.00000000
vn 1.00000000 0.00000000 0.00000000
vn 1.00000000 0.00000000 0.00000000
vn 1.00000000 0.00000000 0.00000000
vn 1.00000000 0.00000000 0.00000000
vn 1.00000000 0.00000000 0.00000000
vn 1.00000000 0.00000000 0.00000000
vn 1.00000000 0.00000000 0.00000000
vn 1.00000000 0.00000000 0.00000000
vn 1.00000000 0.00000000 0.00000000
vn 1.00000000 0.00000000 0.00000000
vn 1.00000000 0.00000000 0.00000000
vn 1.00000000 0.00000000 0.00000000
vn 1.00000000 0.00000000 0.00000000
vn 1.00000000 0.00000000 0.00000000
vn 1.00000000 0.00000000 0.00000000
vn 1.00000000 0.00000000 0.00000000
vn 1.00000000 0.00000000 0.00000000
vn 1.00000000 0.00000000 0.00000000
vn 1.00000000 0.00000000 0.00000000
vn 1.00000000 0.00000000 0.00000000
vn 1.00000000 0.00000000 0.00000000
vn 1.00000000 0.00000000 0.00000000
vn 1.00000000 0.00000000 0.00000000
vn 1.00000000 0.00000000 0.00000000
vn 1.00000000 0.00000000 0.00000000
vn 1.00000000 0.00000000 0.00000000
vn 1.00000000 0.00000000 0.00000000
vn 1.00000000 0.00000000 0.00000000
vn 1.00000000 0.00000000 0.00000000
vn 1.00000000 0.00000000 0.00000000
vn 1.00000000 0.00000000 0.00000000
vn 1.00000000 0.00000000 0.00000000
vn 1.00000000 0.00000000 0.00000000
vn 1.00000000 0.00000000 0.00000000
vn 1.00000000 0.00000000 0.00000000
vn 1.00000000 0.00000000 0.00000000
vn 1.00000000 0.00000000 0.00000000
vn 1.00000000 0.00000000 0.00000000
vn 1.00000000 0.00000000 0.00000000
vn 1.00000000 0.00000000 0.00000000
vn 1.00000000 0.00000000 0.00000000
vn 1.00000000 0.00000000 0.00000000
vn 1.00000000 0.00000000 0.00000000
vn 1.00000000 0.00000000 0.00000000
vn 1.00000000 0.00000000 0.00000000
vn 1.00000000 0.00000000 0.00000000
vn 1.00000000 0.00000000 0.00000000
vn 1.00000000 0.00000000 0.00000000
vn 1.00000000 0.00000000 0.00000000
vn 1.00000000 0.00000000 0.00000000
vn 1.00000000 0.00000000 0.00000000
vn 1.00000000 0.00000000 0.00000000
vn 1.00000000 0.00000000 0.00000000
vn 1.00000000 0.00000000 0.00000000
vn 1.00000000 0.00000000 0.00000000
vn 1.00000000 0.00000000 0.00000000
vn 1.00000000 0.00000000 0.00000000
vn 1.00000000 0.00000000 0.00000000
vn 1.00000000 0.00000000 0.00000000
vn 1.00000000 0.00000000 0.00000000
vn 1.00000000 0.00000000 0.00000000
vn 1.00000000 0.00000000 0.00000000
vn 1.00000000 0.00000000 0.00000000
vn 1.00000000 0.00000000 0.00000000
vn 1.00000000 0.00000000 0.00000000
vn 1.00000000 0.00000000 0.00000000
vn 1.00000000 0.00000000 0.00000000
vn 1.00000000 0.00000000 0.00000000
vn 1.00000000 0.00000000 0.00000000
vn 1.00000000 0.00000000 0.00000000
vn 1.00000000 0.00000000 0.00000000
vn 1.00000000 0.00000000 0.00000000
vn 1.00000000 0.00000000 0.00000000
vn 1.00000000 0.00000000 0.00000000
vn 1.00000000 0.00000000 0.00000000
vn 1.00000000 0.00000000 0.00000000
vn 1.00000000 0.00000000 0.00000000
vn 1.00000000 0.00000000 0.00000000
vn 1.00000000 0.00000000 0.00000000
vn 1.00000000 0.00000000 0.00000000
vn 1.00000000 0.00000000 0.00000000
vn 1.00000000 0.00000000 0.00000000
vn 1.00000000 0.00000000 0.00000000
vn 1.00000000 0.00000000 0.00000000
vn 1.00000000 0.00000000 0.00000000
vn 1.00000000 0.00000000 0.00000000
vn 1.00000000 0.00000000 0.00000000
vn 1.00000000 0.00000000 0.00000000
vn 1.00000000 0.00000000 0.00000000
vn 1.00000000 0.00000000 0.00000000
vn 1.00000000 0.00000000 0.00000000
vn 1.00000000 0.00000000 0.00000000
vn 1.00000000 0.00000000 0.00000000
vn 1.00000000 0.00000000 0.00000000
vn 1.00000000 0.00000000 0.00000000
vn 1.00000000 0.00000000 0.00000000
vn 0.00000000 -0.70710678 -0.70710678
vn 0.00000000 -0.55557677 -0.83146524
vn 0.00000000 -0.70710678 -0.70710678
vn 0.00000000 -0.83146524 -0.55557677
vn 0.00000000 -0.83146524 -0.55557677
vn 0.00000000 -0.92387667 -0.38269034
vn 0.00000000 -0.92387667 -0.38269034
vn 0.00000000 -0.98080312 -0.19500062
vn 0.00000000 -1.00000000 0.00000000
vn 0.00000000 -0.98080312 -0.19500062
vn 0.00000000 -1.00000000 0.00000000
vn 0.00000000 -0.98080312 0.19500062
vn 0.00000000 -0.98080312 0.19500062
vn 0.00000000 -0.92387667 0.38269034
vn 0.00000000 -0.92387667 0.38269034
vn 0.00000000 -0.83146524 0.55557677
vn 0.00000000 -0.70710678 0.70710678
vn 0.00000000 -0.83146524 0.55557677
vn 0.00000000 -0.70710678 0.70710678
vn 0.00000000 -0.55557677 0.83146524
vn 0.00000000 -0.55557677 0.83146524
vn 0.00000000 -0.38269034 0.92387667
vn 0.00000000 -0.19509682 0.98078399
vn 0.00000000 -0.38269034 0.92387667
vn 0.00000000 -0.19509682 0.98078399
vn 0.00000000 0.00000000 1.00000000
vn 0.00000000 0.00000000 1.00000000
vn 0.00000000 0.19509682 0.98078399
vn 0.00000000 0.19509682 0.98078399
vn 0.00000000 0.38269034 0.92387667
vn 0.00000000 0.38269034 0.92387667
vn 0.00000000 0.55557677 0.83146524
vn 0.00000000 0.70710678 0.70710678
vn 0.00000000 0.55557677 0.83146524
vn 0.00000000 0.70710678 0.70710678
vn 0.00000000 0.83146524 0.55557677
vn 0.00000000 0.83146524 0.55557677
vn 0.00000000 0.92387667 0.38269034
vn 0.00000000 0.92387667 0.38269034
vn 0.00000000 0.98078399 0.19509682
vn 0.00000000 1.00000000 0.00000000
vn 0.00000000 0.98078399 0.19509682
vn 0.00000000 1.00000000 0.00000000
vn 0.00000000 0.98078399 -0.19509682
vn 0.00000000 0.98078399 -0.19509682
vn 0.00000000 0.92387667 -0.38269034
vn 0.00000000 0.92387667 -0.38269034
vn 0.00000000 0.83146524 -0.55557677
vn 0.00000000 0.83146524 -0.55557677
vn 0.00000000 0.70710678 -0.70710678
vn 0.00000000 0.55557677 -0.83146524
vn 0.00000000 0.70710678 -0.70710678
vn 0.00000000 0.55557677 -0.83146524
vn 0.00000000 0.38269034 -0.92387667
vn 0.00000000 0.38269034 -0.92387667
vn 0.00000000 0.19509682 -0.98078399
vn 0.00000000 0.00000000 -1.00000000
vn 0.00000000 0.19509682 -0.98078399
vn 0.00000000 0.00000000 -1.00000000
vn 0.00000000 -0.19509682 -0.98078399
vn 0.00000000 -0.19509682 -0.98078399
vn 0.00000000 -0.38269034 -0.92387667
vn 0.00000000 -0.55557677 -0.83146524
vn 0.00000000 -0.38269034 -0.92387667
vn 0.00000000 -0.19509682 -0.98078399
vn 0.00000000 -0.19509682 -0.98078399
vn 0.00000000 0.00000000 -1.00000000
vn 0.00000000 0.00000000 -1.00000000
vn 0.00000000 -0.38269034 -0.92387667
vn 0.00000000 -0.38269034 -0.92387667
vn 0.00000000 -0.55557677 -0.83146524
vn 0.00000000 -0.55557677 -0.83146524
vn 0.00000000 -0.70710678 -0.70710678
vn 0.00000000 -0.83146524 -0.55557677
vn 0.00000000 -0.70710678 -0.70710678
vn 0.00000000 -0.83146524 -0.55557677
vn 0.00000000 -0.92387667 -0.38269034
vn 0.00000000 -0.92387667 -0.38269034
vn 0.00000000 -0.98078399 -0.19509682
vn 0.00000000 -0.98078399 -0.19509682
vn 0.00000000 -1.00000000 0.00000000
vn 0.00000000 -1.00000000 0.00000000
vn 0.00000000 -0.98078399 0.19509682
vn 0.00000000 -0.98078399 0.19509682
vn 0.00000000 -0.92387667 0.38269034
vn 0.00000000 -0.92387667 0.38269034
vn 0.00000000 -0.83146524 0.55557677
vn 0.00000000 -0.83146524 0.55557677
vn 0.00000000 -0.70710678 0.70710678
vn 0.00000000 -0.70710678 0.70710678
vn 0.00000000 -0.55557677 0.83146524
vn 0.00000000 -0.55550764 0.83151143
vn 0.00000000 -0.38269034 0.92387667
vn 0.00000000 -0.38269034 0.92387667
vn 0.00000000 -0.19509682 0.98078399
vn 0.00000000 -0.19509682 0.98078399
vn 0.00000000 0.00000000 1.00000000
vn 0.00000000 0.00000000 1.00000000
vn 0.00000000 0.19509682 0.98078399
vn 0.00000000 0.19509682 0.98078399
vn 0.00000000 0.38269034 0.92387667
vn 0.00000000 0.38269034 0.92387667
vn 0.00000000 0.55550764 0.83151143
vn 0.00000000 0.55550764 0.83151143
vn 0.00000000 0.70710678 0.70710678
vn 0.00000000 0.70710678 0.70710678
vn 0.00000000 0.83146524 0.55557677
vn 0.00000000 0.83146524 0.55557677
vn 0.00000000 0.92387667 0.38269034
vn 0.00000000 0.98078399 0.19509682
vn 0.00000000 0.92387667 0.38269034
vn 0.00000000 0.98078399 0.19509682
vn 0.00000000 1.00000000 0.00000000
vn 0.00000000 1.00000000 0.00000000
vn 0.00000000 0.19509682 -0.98078399
vn 0.00000000 0.19509682 -0.98078399
vn 0.00000000 0.38269034 -0.92387667
vn 0.00000000 0.38269034 -0.92387667
vn 0.00000000 0.55550764 -0.83151143
vn 0.00000000 0.55550764 -0.83151143
vn 0.00000000 0.70710678 -0.70710678
vn 0.00000000 0.70710678 -0.70710678
vn 0.00000000 0.83146524 -0.55557677
vn 0.00000000 0.83146524 -0.55557677
vn 0.00000000 0.92387667 -0.38269034
vn 0.00000000 0.92387667 -0.38269034
vn 0.00000000 0.98078399 -0.19509682
vn 0.00000000 0.98078399 -0.19509682
vn 0.00000000 1.00000000 0.00000000
vn 0.00000000 1.00000000 0.00000000
vn 1.00000000 0.00000000 0.00000000
vn 1.00000000 0.00000000 0.00000000
vn 1.00000000 0.00000000 0.00000000
vn 1.00000000 0.00000000 0.00000000
vn 0.99999996 0.00000000 0.00030000
vn 1.00000000 0.00000000 0.00000000
vn 1.00000000 0.00000000 0.00000000
vn 1.00000000 0.00000000 0.00000000
vn 1.00000000 0.00000000 0.00000000
vn 1.00000000 0.00000000 0.00000000
vn 1.00000000 0.00000000 0.00000000
vn 0.99999992 0.00000000 -0.00040000
vn 1.00000000 0.00000000 0.00000000
vn 1.00000000 0.00000000 0.00000000
vn 1.00000000 0.00000000 0.00000000
vn 1.00000000 0.00000000 0.00000000
vn 1.00000000 0.00000000 0.00000000
vn 1.00000000 0.00000000 0.00000000
vn 1.00000000 0.00000000 0.00000000
vn 1.00000000 0.00000000 0.00000000
vn 1.00000000 0.00000000 0.00000000
vn 1.00000000 0.00000000 0.00000000
vn 1.00000000 0.00000000 0.00000000
vn 1.00000000 0.00000000 0.00000000
vn 1.00000000 0.00000000 0.00000000
vn 1.00000000 0.00000000 0.00000000
vn 1.00000000 0.00000000 0.00000000
vn 1.00000000 0.00000000 0.00000000
vn 0.99999996 0.00000000 -0.00030000
vn 1.00000000 0.00000000 0.00000000
vn 1.00000000 0.00000000 0.00000000
vn 0.99999996 0.00000000 -0.00030000
vn 1.00000000 0.00000000 0.00000000
vn 1.00000000 0.00000000 0.00000000
vn 1.00000000 0.00000000 0.00000000
vn 1.00000000 0.00000000 0.00000000
vn 1.00000000 0.00000000 0.00000000
vn 1.00000000 0.00000000 0.00000000
vn 1.00000000 0.00000000 0.00000000
vn 1.00000000 0.00000000 0.00000000
vn 1.00000000 0.00000000 0.00000000
vn 1.00000000 0.00000000 0.00000000
vn 1.00000000 0.00000000 0.00000000
vn 0.99999996 0.00000000 -0.00030000
vn 0.99999996 0.00000000 -0.00030000
vn 1.00000000 0.00000000 0.00000000
vn 0.99999996 0.00000000 -0.00030000
vn 1.00000000 0.00000000 0.00000000
vn 1.00000000 0.00000000 0.00000000
vn 1.00000000 0.00000000 0.00000000
vn 1.00000000 0.00000000 0.00000000
vn 1.00000000 0.00000000 0.00000000
vn 1.00000000 0.00000000 0.00000000
vn 1.00000000 0.00000000 0.00000000
vn 1.00000000 0.00000000 0.00000000
vn 1.00000000 0.00000000 0.00000000
vn 1.00000000 0.00000000 0.00000000
vn 1.00000000 0.00000000 0.00000000
vn 1.00000000 0.00000000 0.00000000
vn 1.00000000 0.00000000 0.00000000
vn 1.00000000 0.00000000 0.00000000
vn 1.00000000 0.00000000 0.00000000
vn 1.00000000 0.00000000 0.00000000
vn 1.00000000 0.00000000 0.00000000
vn 1.00000000 0.00000000 0.00000000
vn 1.00000000 0.00000000 0.00000000
vn 1.00000000 0.00000000 0.00000000
vn 0.99999996 0.00000000 0.00030000
vn 1.00000000 0.00000000 0.00000000
vn 1.00000000 0.00000000 0.00000000
vn 1.00000000 0.00000000 0.00000000
vn 0.99999996 0.00000000 -0.00030000
vn 1.00000000 0.00000000 0.00000000
vn 0.99999996 0.00000000 -0.00030000
vn 1.00000000 0.00000000 0.00000000
vn -1.00000000 0.00000000 0.00000000
vn -1.00000000 0.00000000 0.00000000
vn -1.00000000 0.00000000 0.00000000
vn -1.00000000 0.00000000 0.00000000
vn -1.00000000 0.00000000 0.00000000
vn -1.00000000 0.00000000 0.00000000
vn -1.00000000 0.00000000 0.00000000
vn -1.00000000 0.00000000 0.00000000
vn -1.00000000 0.00000000 0.00000000
vn -1.00000000 0.00000000 0.00000000
vn -1.00000000 0.00000000 0.00000000
vn -1.00000000 0.00000000 0.00000000
vn -1.00000000 0.00000000 0.00000000
vn -1.00000000 0.00000000 0.00000000
vn -1.00000000 0.00000000 0.00000000
vn -1.00000000 0.00000000 0.00000000
vn -1.00000000 0.00000000 0.00000000
vn -1.00000000 0.00000000 0.00000000
vn -1.00000000 0.00000000 0.00000000
vn -1.00000000 0.00000000 0.00000000
vn -1.00000000 0.00000000 0.00000000
vn -1.00000000 0.00000000 0.00000000
vn -1.00000000 0.00000000 0.00000000
vn -1.00000000 0.00000000 0.00000000
vn -1.00000000 0.00000000 0.00000000
vn -1.00000000 0.00000000 0.00000000
vn -1.00000000 0.00000000 0.00000000
vn -1.00000000 0.00000000 0.00000000
vn -1.00000000 0.00000000 0.00000000
vn -1.00000000 0.00000000 0.00000000
vn -1.00000000 0.00000000 0.00000000
vn -1.00000000 0.00000000 0.00000000
vn -1.00000000 0.00000000 0.00000000
vn -1.00000000 0.00000000 0.00000000
vn -1.00000000 0.00000000 0.00000000
vn -1.00000000 0.00000000 0.00000000
vn -1.00000000 0.00000000 0.00000000
vn -1.00000000 0.00000000 0.00000000
vn -1.00000000 0.00000000 0.00000000
vn -1.00000000 0.00000000 0.00000000
vn -1.00000000 0.00000000 0.00000000
vn -1.00000000 0.00000000 0.00000000
vn -1.00000000 0.00000000 0.00000000
vn -1.00000000 0.00000000 0.00000000
vn -1.00000000 0.00000000 0.00000000
vn -1.00000000 0.00000000 0.00000000
vn -1.00000000 0.00000000 0.00000000
vn -1.00000000 0.00000000 0.00000000
vn -1.00000000 0.00000000 0.00000000
vn -1.00000000 0.00000000 0.00000000
vn -1.00000000 0.00000000 0.00000000
vn -1.00000000 0.00000000 0.00000000
vn -1.00000000 0.00000000 0.00000000
vn -1.00000000 0.00000000 0.00000000
vn -1.00000000 0.00000000 0.00000000
vn -1.00000000 0.00000000 0.00000000
vn -1.00000000 0.00000000 0.00000000
vn -1.00000000 0.00000000 0.00000000
vn -1.00000000 0.00000000 0.00000000
vn -1.00000000 0.00000000 0.00000000
vn -1.00000000 0.00000000 0.00000000
vn -1.00000000 0.00000000 0.00000000
vn -1.00000000 0.00000000 0.00000000
vn -1.00000000 0.00000000 0.00000000
vn -1.00000000 0.00000000 0.00000000
vn -1.00000000 0.00000000 0.00000000
vn 0.99999996 0.00000000 -0.00030000
vn 1.00000000 0.00000000 0.00000000
vn 1.00000000 0.00000000 0.00000000
vn 0.99999996 0.00000000 -0.00030000
vn 1.00000000 0.00000000 0.00000000
vn 0.99999996 0.00000000 -0.00030000
vn 1.00000000 0.00000000 0.00000000
vn 1.00000000 0.00000000 0.00000000
vn 1.00000000 0.00000000 0.00000000
vn 1.00000000 0.00000000 0.00000000
vn 1.00000000 0.00000000 0.00000000
vn 1.00000000 0.00000000 0.00000000
vn 0.99999996 0.00000000 0.00030000
vn 1.00000000 0.00000000 0.00000000
vn 1.00000000 0.00000000 0.00000000
vn 1.00000000 0.00000000 0.00000000
vn 1.00000000 0.00000000 0.00000000
vn 1.00000000 0.00000000 0.00000000
vn 1.00000000 0.00000000 0.00000000
vn 1.00000000 0.00000000 0.00000000
vn 1.00000000 0.00000000 0.00000000
vn 1.00000000 0.00000000 0.00000000
vn 1.00000000 0.00000000 0.00000000
vn 1.00000000 0.00000000 0.00000000
vn 1.00000000 0.00000000 0.00000000
vn 1.00000000 0.00000000 0.00000000
vn 1.00000000 0.00000000 0.00000000
vn 1.00000000 0.00000000 0.00000000
vn 1.00000000 0.00000000 0.00000000
vn 1.00000000 0.00000000 0.00000000
vn 1.00000000 0.00000000 0.00000000
vn 1.00000000 0.00000000 0.00000000
vn 1.00000000 0.00000000 0.00000000
vn 1.00000000 0.00000000 0.00000000
vn 1.00000000 0.00000000 0.00000000
vn 1.00000000 0.00000000 0.00000000
vn 1.00000000 0.00000000 0.00000000
vn 1.00000000 0.00000000 0.00000000
vn 1.00000000 0.00000000 0.00000000
vn 0.99999996 0.00000000 -0.00030000
vn 1.00000000 0.00000000 0.00000000
vn 1.00000000 0.00000000 0.00000000
vn 1.00000000 0.00000000 0.00000000
vn 1.00000000 0.00000000 0.00000000
vn 1.00000000 0.00000000 0.00000000
vn 0.99999996 0.00000000 -0.00030000
vn 1.00000000 0.00000000 0.00000000
vn 1.00000000 0.00000000 0.00000000
vn 1.00000000 0.00000000 0.00000000
vn 1.00000000 0.00000000 0.00000000
vn 1.00000000 0.00000000 0.00000000
vn 1.00000000 0.00000000 0.00000000
vn 1.00000000 0.00000000 0.00000000
vn 1.00000000 0.00000000 0.00000000
vn 1.00000000 0.00000000 0.00000000
vn 1.00000000 0.00000000 0.00000000
vn 1.00000000 0.00000000 0.00000000
vn 1.00000000 0.00000000 0.00000000
vn 1.00000000 0.00000000 0.00000000
vn 0.99999996 0.00000000 -0.00030000
vn 1.00000000 0.00000000 0.00000000
vn 1.00000000 0.00000000 0.00000000
vn 1.00000000 0.00000000 0.00000000
vn 1.00000000 0.00000000 0.00000000
vn 1.00000000 0.00000000 0.00000000
vn 1.00000000 0.00000000 0.00000000
vn 1.00000000 0.00000000 0.00000000
vn 1.00000000 0.00000000 0.00000000
vn 1.00000000 0.00000000 0.00000000
vn 1.00000000 0.00000000 0.00000000
vn 1.00000000 0.00000000 0.00000000
vn 1.00000000 0.00000000 0.00000000
vn 1.00000000 0.00000000 0.00000000
vn -1.00000000 0.00000000 0.00000000
vn -1.00000000 0.00000000 0.00000000
vn -1.00000000 0.00000000 0.00000000
vn -1.00000000 0.00000000 0.00000000
vn -1.00000000 0.00000000 0.00000000
vn -1.00000000 0.00000000 0.00000000
vn -1.00000000 0.00000000 0.00000000
vn -1.00000000 0.00000000 0.00000000
vn -1.00000000 0.00000000 0.00000000
vn -1.00000000 0.00000000 0.00000000
vn -1.00000000 0.00000000 0.00000000
vn -1.00000000 0.00000000 0.00000000
vn -1.00000000 0.00000000 0.00000000
vn -1.00000000 0.00000000 0.00000000
vn -1.00000000 0.00000000 0.00000000
vn -1.00000000 0.00000000 0.00000000
vn -1.00000000 0.00000000 0.00000000
vn -1.00000000 0.00000000 0.00000000
vn -1.00000000 0.00000000 0.00000000
vn -1.00000000 0.00000000 0.00000000
vn -1.00000000 0.00000000 0.00000000
vn -1.00000000 0.00000000 0.00000000
vn -1.00000000 0.00000000 0.00000000
vn -1.00000000 0.00000000 0.00000000
vn -1.00000000 0.00000000 0.00000000
vn -1.00000000 0.00000000 0.00000000
vn -1.00000000 0.00000000 0.00000000
vn -1.00000000 0.00000000 0.00000000
vn -1.00000000 0.00000000 0.00000000
vn -1.00000000 0.00000000 0.00000000
vn -0.99999996 0.00000000 -0.00030000
vn -1.00000000 0.00000000 0.00000000
vn -1.00000000 0.00000000 0.00000000
vn -1.00000000 0.00000000 0.00000000
vn -1.00000000 0.00000000 0.00000000
vn -1.00000000 0.00000000 0.00000000
vn -1.00000000 0.00000000 0.00000000
vn -1.00000000 0.00000000 0.00000000
vn -1.00000000 0.00000000 0.00000000
vn -1.00000000 0.00000000 0.00000000
vn -1.00000000 0.00000000 0.00000000
vn -1.00000000 0.00000000 0.00000000
vn -1.00000000 0.00000000 0.00000000
vn -1.00000000 0.00000000 0.00000000
vn -1.00000000 0.00000000 0.00000000
vn -1.00000000 0.00000000 0.00000000
vn -1.00000000 0.00000000 0.00000000
vn -1.00000000 0.00000000 0.00000000
vn -1.00000000 0.00000000 0.00000000
vn -1.00000000 0.00000000 0.00000000
vn -1.00000000 0.00000000 0.00000000
vn -1.00000000 0.00000000 0.00000000
vn -1.00000000 0.00000000 0.00000000
vn -1.00000000 0.00000000 0.00000000
vn -1.00000000 0.00000000 0.00000000
vn -1.00000000 0.00000000 0.00000000
vn -1.00000000 0.00000000 0.00000000
vn -1.00000000 0.00000000 0.00000000
vn -1.00000000 0.00000000 0.00000000
vn -1.00000000 0.00000000 0.00000000
vn -1.00000000 0.00000000 0.00000000
vn -1.00000000 0.00000000 0.00000000
vn -1.00000000 0.00000000 0.00000000
vn -1.00000000 0.00000000 0.00000000
vn -1.00000000 0.00000000 0.00000000
vn -1.00000000 0.00000000 0.00000000
vn -1.00000000 0.00000000 0.00000000
vn 0.00000000 -0.19509682 0.98078399
vn 0.00000000 -0.19509682 0.98078399
vn 0.00000000 0.00000000 1.00000000
vn 0.00000000 -0.38269034 0.92387667
vn 0.00000000 -0.38269034 0.92387667
vn 0.00000000 -0.55557677 0.83146524
vn 0.00000000 -0.55557677 0.83146524
vn 0.00000000 -0.70710678 0.70710678
vn 0.00000000 -0.70710678 0.70710678
vn 0.00000000 -0.83146524 0.55557677
vn 0.00000000 -0.83146524 0.55557677
vn 0.00000000 -0.92387667 0.38269034
vn 0.00000000 -0.98078399 0.19509682
vn 0.00000000 -0.92387667 0.38269034
vn 0.00000000 -0.98078399 0.19509682
vn 0.00000000 -1.00000000 0.00000000
vn 0.00000000 -1.00000000 0.00000000
vn 0.00000000 -0.98078399 -0.19509682
vn 0.00000000 -0.98078399 -0.19509682
vn 0.00000000 -0.92391202 -0.38260498
vn 0.00000000 -0.83146524 -0.55557677
vn 0.00000000 -0.92391202 -0.38260498
vn 0.00000000 -0.83146524 -0.55557677
vn 0.00000000 -0.70710678 -0.70710678
vn 0.00000000 -0.70710678 -0.70710678
vn 0.00000000 -0.55557677 -0.83146524
vn 0.00000000 -0.55557677 -0.83146524
vn 0.00000000 -0.38269034 -0.92387667
vn 0.00000000 -0.19509682 -0.98078399
vn 0.00000000 -0.38269034 -0.92387667
vn 0.00000000 -0.19509682 -0.98078399
vn 0.00000000 0.00000000 -1.00000000
vn 0.00000000 0.00000000 -1.00000000
vn 0.00000000 0.19509682 -0.98078399
vn 0.00000000 0.19509682 -0.98078399
vn 0.00000000 0.38269034 -0.92387667
vn 0.00000000 0.55557677 -0.83146524
vn 0.00000000 0.38269034 -0.92387667
vn 0.00000000 0.55557677 -0.83146524
vn 0.00000000 0.70710678 -0.70710678
vn 0.00000000 0.70710678 -0.70710678
vn 0.00000000 0.83146524 -0.55557677
vn 0.00000000 0.83146524 -0.55557677
vn 0.00000000 0.92387667 -0.38269034
vn 0.00000000 0.98078399 -0.19509682
vn 0.00000000 0.92387667 -0.38269034
vn 0.00000000 0.98078399 -0.19509682
vn 0.00000000 1.00000000 0.00000000
vn 0.00000000 1.00000000 0.00000000
vn 0.00000000 0.00000000 1.00000000
vn 0.00000000 0.19509682 0.98078399
vn 0.00000000 0.38269034 0.92387667
vn 0.00000000 0.19509682 0.98078399
vn 0.00000000 0.38269034 0.92387667
vn 0.00000000 0.55557677 0.83146524
vn 0.00000000 0.55557677 0.83146524
vn 0.00000000 0.70710678 0.70710678
vn 0.00000000 0.83146524 0.55557677
vn 0.00000000 0.70710678 0.70710678
vn 0.00000000 0.83146524 0.55557677
vn 0.00000000 0.92387667 0.38269034
vn 0.00000000 0.92387667 0.38269034
vn 0.00000000 0.98078399 0.19509682
vn 0.00000000 0.98078399 0.19509682
vn 0.00000000 1.00000000 0.00000000
vn 0.00000000 1.00000000 0.00000000
vn 1.00000000 0.00000000 0.00000000
vn 1.00000000 0.00000000 0.00000000
vn 1.00000000 0.00000000 0.00000000
vn 0.99999996 0.00000000 0.00030000
vn 1.00000000 0.00000000 0.00000000
vn 0.99999996 0.00000000 0.00030000
vn 1.00000000 0.00000000 0.00000000
vn 1.00000000 0.00000000 0.00000000
vn 1.00000000 0.00000000 0.00000000
vn 1.00000000 0.00000000 0.00000000
vn 1.00000000 0.00000000 0.00000000
vn 1.00000000 0.00000000 0.00000000
vn 1.00000000 0.00000000 0.00000000
vn 1.00000000 0.00000000 0.00000000
vn 1.00000000 0.00000000 0.00000000
vn 1.00000000 0.00000000 0.00000000
vn 1.00000000 0.00000000 0.00000000
vn 1.00000000 0.00000000 0.00000000
vn 1.00000000 0.00000000 0.00000000
vn 1.00000000 0.00000000 0.00000000
vn 0.99999996 0.00000000 -0.00030000
vn 1.00000000 0.00000000 0.00000000
vn 1.00000000 0.00000000 0.00000000
vn 1.00000000 0.00000000 0.00000000
vn 0.99999996 0.00000000 0.00030000
vn 0.99999996 0.00000000 0.00030000
vn 1.00000000 0.00000000 0.00000000
vn 1.00000000 0.00000000 0.00000000
vn 1.00000000 0.00000000 0.00000000
vn 1.00000000 0.00000000 0.00000000
vn 0.99999992 0.00000000 0.00040000
vn 1.00000000 0.00000000 0.00000000
vn 0.99999992 0.00000000 0.00040000
vn 1.00000000 0.00000000 0.00000000
vn 1.00000000 0.00000000 0.00000000
vn 1.00000000 0.00000000 0.00000000
vn 1.00000000 0.00000000 0.00000000
vn 1.00000000 0.00000000 0.00000000
vn 1.00000000 0.00000000 0.00000000
vn 1.00000000 0.00000000 0.00000000
vn 1.00000000 0.00000000 0.00000000
vn 1.00000000 0.00000000 0.00000000
vn 1.00000000 0.00000000 0.00000000
vn 1.00000000 0.00000000 0.00000000
vn 1.00000000 0.00000000 0.00000000
vn 1.00000000 0.00000000 0.00000000
vn 1.00000000 0.00000000 0.00000000
vn 1.00000000 0.00000000 0.00000000
vn 1.00000000 0.00000000 0.00000000
vn 1.00000000 0.00000000 0.00000000
vn 1.00000000 0.00000000 0.00000000
vn 0.99999996 0.00000000 -0.00030000
vn 1.00000000 0.00000000 0.00000000
vn 0.99999996 0.00000000 -0.00030000
vn 1.00000000 0.00000000 0.00000000
vn 1.00000000 0.00000000 0.00000000
vn 1.00000000 0.00000000 0.00000000
vn 1.00000000 0.00000000 0.00000000
vn 1.00000000 0.00000000 0.00000000
vn 0.99999996 0.00000000 0.00030000
vn 1.00000000 0.00000000 0.00000000
vn 0.99999996 0.00000000 -0.00030000
vn 1.00000000 0.00000000 0.00000000
vn 1.00000000 0.00000000 0.00000000
vn 0.99999996 0.00000000 -0.00030000
vn 1.00000000 0.00000000 0.00000000
vn 1.00000000 0.00000000 0.00000000
vn 1.00000000 0.00000000 0.00000000
vn 1.00000000 0.00000000 0.00000000
vn 1.00000000 0.00000000 0.00000000
vn 1.00000000 0.00000000 0.00000000
vn 1.00000000 0.00000000 0.00000000
vn 1.00000000 0.00000000 0.00000000
vn 1.00000000 0.00000000 0.00000000
vn 1.00000000 0.00000000 0.00000000
vn 1.00000000 0.00000000 0.00000000
vn 1.00000000 0.00000000 0.00000000
vn 1.00000000 0.00000000 0.00000000
vn 0.00000000 -0.19509682 0.98078399
vn 0.00000000 -0.19509682 0.98078399
vn 0.00000000 0.00000000 1.00000000
vn 0.00000000 -0.38269034 0.92387667
vn 0.00000000 -0.38269034 0.92387667
vn 0.00000000 -0.55557677 0.83146524
vn 0.00000000 -0.70710678 0.70710678
vn 0.00000000 -0.55557677 0.83146524
vn 0.00000000 -0.70710678 0.70710678
vn 0.00000000 -0.83146524 0.55557677
vn 0.00000000 -0.83146524 0.55557677
vn 0.00000000 -0.92387667 0.38269034
vn 0.00000000 -0.92387667 0.38269034
vn 0.00000000 -0.98078399 0.19509682
vn 0.00000000 -1.00000000 0.00000000
vn 0.00000000 -0.98078399 0.19509682
vn 0.00000000 -1.00000000 0.00000000
vn 0.00000000 -0.98080312 -0.19500062
vn 0.00000000 -0.98080312 -0.19500062
vn 0.00000000 -0.92387667 -0.38269034
vn 0.00000000 -0.92387667 -0.38269034
vn 0.00000000 -0.83146524 -0.55557677
vn 0.00000000 -0.70710678 -0.70710678
vn 0.00000000 -0.83146524 -0.55557677
vn 0.00000000 -0.70710678 -0.70710678
vn 0.00000000 -0.55557677 -0.83146524
vn 0.00000000 -0.55557677 -0.83146524
vn 0.00000000 -0.38269034 -0.92387667
vn 0.00000000 -0.38269034 -0.92387667
vn 0.00000000 -0.19509682 -0.98078399
vn 0.00000000 0.00000000 -1.00000000
vn 0.00000000 -0.19509682 -0.98078399
vn 0.00000000 0.00000000 -1.00000000
vn 0.00000000 0.19509682 -0.98078399
vn 0.00000000 0.19509682 -0.98078399
vn 0.00000000 0.38269034 -0.92387667
vn 0.00000000 0.38269034 -0.92387667
vn 0.00000000 0.55557677 -0.83146524
vn 0.00000000 0.70710678 -0.70710678
vn 0.00000000 0.55557677 -0.83146524
vn 0.00000000 0.70710678 -0.70710678
vn 0.00000000 0.83146524 -0.55557677
vn 0.00000000 0.83146524 -0.55557677
vn 0.00000000 0.92387667 -0.38269034
vn 0.00000000 0.92387667 -0.38269034
vn 0.00000000 0.98078399 -0.19509682
vn 0.00000000 1.00000000 0.00000000
vn 0.00000000 0.98078399 -0.19509682
vn 0.00000000 1.00000000 0.00000000
vn 0.00000000 0.00000000 1.00000000
vn 0.00000000 0.19509682 0.98078399
vn 0.00000000 0.19509682 0.98078399
vn 0.00000000 0.38269034 0.92387667
vn 0.00000000 0.55557677 0.83146524
vn 0.00000000 0.38269034 0.92387667
vn 0.00000000 0.55557677 0.83146524
vn 0.00000000 0.70710678 0.70710678
vn 0.00000000 0.70710678 0.70710678
vn 0.00000000 0.83146524 0.55557677
vn 0.00000000 0.83146524 0.55557677
vn 0.00000000 0.92387667 0.38269034
vn 0.00000000 0.92387667 0.38269034
vn 0.00000000 0.98078399 0.19509682
vn 0.00000000 1.00000000 0.00000000
vn 0.00000000 0.98078399 0.19509682
vn 0.00000000 1.00000000 0.00000000
vn 0.00000000 -0.19509682 0.98078399
vn 0.00000000 -0.19509682 0.98078399
vn 0.00000000 0.00000000 1.00000000
vn 0.00000000 -0.38269034 0.92387667
vn 0.00000000 -0.38269034 0.92387667
vn 0.00000000 -0.55557677 0.83146524
vn 0.00000000 -0.55557677 0.83146524
vn 0.00000000 -0.70710678 0.70710678
vn 0.00000000 -0.70710678 0.70710678
vn 0.00000000 -0.83146524 0.55557677
vn 0.00000000 -0.83146524 0.55557677
vn 0.00000000 -0.92387667 0.38269034
vn 0.00000000 -0.98078399 0.19509682
vn 0.00000000 -0.92387667 0.38269034
vn 0.00000000 -0.98078399 0.19509682
vn 0.00000000 -1.00000000 0.00000000
vn 0.00000000 -1.00000000 0.00000000
vn 0.00000000 -0.98080312 -0.19500062
vn 0.00000000 -0.98080312 -0.19500062
vn 0.00000000 -0.92387667 -0.38269034
vn 0.00000000 -0.83146524 -0.55557677
vn 0.00000000 -0.92387667 -0.38269034
vn 0.00000000 -0.83146524 -0.55557677
vn 0.00000000 -0.70710678 -0.70710678
vn 0.00000000 -0.70710678 -0.70710678
vn 0.00000000 -0.55557677 -0.83146524
vn 0.00000000 -0.55557677 -0.83146524
vn 0.00000000 -0.38269034 -0.92387667
vn 0.00000000 -0.19509682 -0.98078399
vn 0.00000000 -0.38269034 -0.92387667
vn 0.00000000 -0.19509682 -0.98078399
vn 0.00000000 0.00000000 -1.00000000
vn 0.00000000 0.00000000 -1.00000000
vn 0.00000000 0.19509682 -0.98078399
vn 0.00000000 0.19509682 -0.98078399
vn 0.00000000 0.38269034 -0.92387667
vn 0.00000000 0.55557677 -0.83146524
vn 0.00000000 0.38269034 -0.92387667
vn 0.00000000 0.55557677 -0.83146524
vn 0.00000000 0.70710678 -0.70710678
vn 0.00000000 0.70710678 -0.70710678
vn 0.00000000 0.83146524 -0.55557677
vn 0.00000000 0.83146524 -0.55557677
vn 0.00000000 0.92387667 -0.38269034
vn 0.00000000 0.98078399 -0.19509682
vn 0.00000000 0.92387667 -0.38269034
vn 0.00000000 0.98078399 -0.19509682
vn 0.00000000 1.00000000 0.00000000
vn 0.00000000 1.00000000 0.00000000
vn 0.00000000 0.00000000 1.00000000
vn 0.00000000 0.19509682 0.98078399
vn 0.00000000 0.38269034 0.92387667
vn 0.00000000 0.19509682 0.98078399
vn 0.00000000 0.38269034 0.92387667
vn 0.00000000 0.55557677 0.83146524
vn 0.00000000 0.55557677 0.83146524
vn 0.00000000 0.70710678 0.70710678
vn 0.00000000 0.83146524 0.55557677
vn 0.00000000 0.70710678 0.70710678
vn 0.00000000 0.83146524 0.55557677
vn 0.00000000 0.92387667 0.38269034
vn 0.00000000 0.92387667 0.38269034
vn 0.00000000 0.98078399 0.19509682
vn 0.00000000 0.98078399 0.19509682
vn 0.00000000 1.00000000 0.00000000
vn 0.00000000 1.00000000 0.00000000
vt 0.12142800 0.16703600
vt 0.11696700 0.16703600
vt 0.12142300 0.38707300
vt 0.12589000 0.16704000
vt 0.12588600 0.38707500
vt 0.13034800 0.38708200
vt 0.13481300 0.38708800
vt 0.13035000 0.16704000
vt 0.13481200 0.16704000
vt 0.13927300 0.16703900
vt 0.13927500 0.38708800
vt 0.14373600 0.38708400
vt 0.14373400 0.16704300
vt 0.14819300 0.38707900
vt 0.15264900 0.38708100
vt 0.14819200 0.16704900
vt 0.15264800 0.16704500
vt 0.15712500 0.16696100
vt 0.15712500 0.38716500
vt 0.11696200 0.38706600
vt 0.11250600 0.16703100
vt 0.11250000 0.38706400
vt 0.10804400 0.16703100
vt 0.10803800 0.38705800
vt 0.10357600 0.38705200
vt 0.10358300 0.16703100
vt 0.09912200 0.16702700
vt 0.09911500 0.38705000
vt 0.09466000 0.16702500
vt 0.09465400 0.38704600
vt 0.09019800 0.16702200
vt 0.09019200 0.38704200
vt 0.08573600 0.16701900
vt 0.08573100 0.38703900
vt 0.08127400 0.16701600
vt 0.08127000 0.38703600
vt 0.07681100 0.16701200
vt 0.07680900 0.38703300
vt 0.07234800 0.16700800
vt 0.07234800 0.38703100
vt 0.06788700 0.16701000
vt 0.06788800 0.38702900
vt 0.06342700 0.16701300
vt 0.06342900 0.38702600
vt 0.05896600 0.16701500
vt 0.05896700 0.38702400
vt 0.05450600 0.16702100
vt 0.05450700 0.38701900
vt 0.05004600 0.16701900
vt 0.05004700 0.38702100
vt 0.04558500 0.16702200
vt 0.04558600 0.38701800
vt 0.04112500 0.16702500
vt 0.03666500 0.16702400
vt 0.04112700 0.38701500
vt 0.03666700 0.38701700
vt 0.03220500 0.16702400
vt 0.03220700 0.38701500
vt 0.02774500 0.16702600
vt 0.02774600 0.38701400
vt 0.02328800 0.16703200
vt 0.02328900 0.38700800
vt 0.01883400 0.16703000
vt 0.01883500 0.38701000
vt 0.01435800 0.16694400
vt 0.01435900 0.38709600
vt 0.11696000 0.38863800
vt 0.12142200 0.38864700
vt 0.11696200 0.38706600
vt 0.11249800 0.38863700
vt 0.11250000 0.38706400
vt 0.10803800 0.38705800
vt 0.10803800 0.38862900
vt 0.10357600 0.38705200
vt 0.10357500 0.38862200
vt 0.09911500 0.38705000
vt 0.09911200 0.38862100
vt 0.09465400 0.38704600
vt 0.09465000 0.38861800
vt 0.09019200 0.38704200
vt 0.09018700 0.38861300
vt 0.08573100 0.38703900
vt 0.08572600 0.38860900
vt 0.08127000 0.38703600
vt 0.08126600 0.38860600
vt 0.07680900 0.38703300
vt 0.07680600 0.38860400
vt 0.07234800 0.38703100
vt 0.07234500 0.38860200
vt 0.06788800 0.38702900
vt 0.06788500 0.38860100
vt 0.06342900 0.38702600
vt 0.06342500 0.38859800
vt 0.05896700 0.38702400
vt 0.05896600 0.38859600
vt 0.05450700 0.38701900
vt 0.05450600 0.38858800
vt 0.05004700 0.38702100
vt 0.05004700 0.38859200
vt 0.04558600 0.38701800
vt 0.04558800 0.38858800
vt 0.04112700 0.38701500
vt 0.04112700 0.38858500
vt 0.03666700 0.38701700
vt 0.03666400 0.38858900
vt 0.03220700 0.38701500
vt 0.03220300 0.38858600
vt 0.02774600 0.38701400
vt 0.02774300 0.38858200
vt 0.02328900 0.38700800
vt 0.02329000 0.38856400
vt 0.01883500 0.38701000
vt 0.01887000 0.38855300
vt 0.01435900 0.38709600
vt 0.01452100 0.38870600
vt 0.12142300 0.38707300
vt 0.12588600 0.38707500
vt 0.12588400 0.38864600
vt 0.13034800 0.38865600
vt 0.13481600 0.38866600
vt 0.13034800 0.38708200
vt 0.13481300 0.38708800
vt 0.13927800 0.38866200
vt 0.13927500 0.38708800
vt 0.14373800 0.38865200
vt 0.14373600 0.38708400
vt 0.14819100 0.38863600
vt 0.14819300 0.38707900
vt 0.15261100 0.38862500
vt 0.15264900 0.38708100
vt 0.15696400 0.38877400
vt 0.15712500 0.38716500
vt 0.11696800 0.16546500
vt 0.11250700 0.16545700
vt 0.11696700 0.16703600
vt 0.12142900 0.16546300
vt 0.12142800 0.16703600
vt 0.12589000 0.16704000
vt 0.12589100 0.16547000
vt 0.13035000 0.16704000
vt 0.13035300 0.16546900
vt 0.13481200 0.16704000
vt 0.13927300 0.16703900
vt 0.13481400 0.16546800
vt 0.13927500 0.16546600
vt 0.14373600 0.16547500
vt 0.14373400 0.16704300
vt 0.14819200 0.16704900
vt 0.14819000 0.16549200
vt 0.15264800 0.16704500
vt 0.15261100 0.16550200
vt 0.15712500 0.16696100
vt 0.15696300 0.16535200
vt 0.11250600 0.16703100
vt 0.10804600 0.16546000
vt 0.10804400 0.16703100
vt 0.10358400 0.16546100
vt 0.10358300 0.16703100
vt 0.09912000 0.16545600
vt 0.09912200 0.16702700
vt 0.09465800 0.16545300
vt 0.09466000 0.16702500
vt 0.09019600 0.16544900
vt 0.09019800 0.16702200
vt 0.08573600 0.16701900
vt 0.08573400 0.16544800
vt 0.08127300 0.16544500
vt 0.08127400 0.16701600
vt 0.07681100 0.16543900
vt 0.07681100 0.16701200
vt 0.07234400 0.16543000
vt 0.07234800 0.16700800
vt 0.06788100 0.16543700
vt 0.06342200 0.16544200
vt 0.06788700 0.16701000
vt 0.06342700 0.16701300
vt 0.05896400 0.16544300
vt 0.05896600 0.16701500
vt 0.05450500 0.16545100
vt 0.05450600 0.16702100
vt 0.05004600 0.16701900
vt 0.05004600 0.16544800
vt 0.04558600 0.16545200
vt 0.04558500 0.16702200
vt 0.04112500 0.16545500
vt 0.04112500 0.16702500
vt 0.03666300 0.16545300
vt 0.03220100 0.16545300
vt 0.03666500 0.16702400
vt 0.03220500 0.16702400
vt 0.02774100 0.16545800
vt 0.02774500 0.16702600
vt 0.02328900 0.16547600
vt 0.02328800 0.16703200
vt 0.01887000 0.16548700
vt 0.01883400 0.16703000
vt 0.01435800 0.16694400
vt 0.01452000 0.16533400
vt 0.64021100 0.69411400
vt 0.64021100 0.68837000
vt 0.63909100 0.69974800
vt 0.61955800 0.71928300
vt 0.63909100 0.68273500
vt 0.60254300 0.66320200
vt 0.58301000 0.69974900
vt 0.62486300 0.71708400
vt 0.63689100 0.67742800
vt 0.59723700 0.66540000
vt 0.58520900 0.70505600
vt 0.62964200 0.71389300
vt 0.63370200 0.67265300
vt 0.59246000 0.66859200
vt 0.58840000 0.70983200
vt 0.63370400 0.70983100
vt 0.62963800 0.66859100
vt 0.58840000 0.67265300
vt 0.59246200 0.71389400
vt 0.63689300 0.70505500
vt 0.59723700 0.71708500
vt 0.62486300 0.66540000
vt 0.58520700 0.67743000
vt 0.61955600 0.66320200
vt 0.60254500 0.71928300
vt 0.58300900 0.68273700
vt 0.61392300 0.66208100
vt 0.58188900 0.68837100
vt 0.60817900 0.72040400
vt 0.61392300 0.72040400
vt 0.60817700 0.66208100
vt 0.58188900 0.69411500
vt 0.30152900 0.07059900
vt 0.30152600 0.04142900
vt 0.29371400 0.07059600
vt 0.30934300 0.04142500
vt 0.30934500 0.07060000
vt 0.31716300 0.04142000
vt 0.31716300 0.07060200
vt 0.32498400 0.04141600
vt 0.32498200 0.07060300
vt 0.33280700 0.04141300
vt 0.33280300 0.07060500
vt 0.34063300 0.04141000
vt 0.34062400 0.07060700
vt 0.34846200 0.04140900
vt 0.34844600 0.07061100
vt 0.35629200 0.04141000
vt 0.35626800 0.07061400
vt 0.36412500 0.04141300
vt 0.36409000 0.07062000
vt 0.37196000 0.04142100
vt 0.37191000 0.07062600
vt 0.37979700 0.04143300
vt 0.37972900 0.07063600
vt 0.38762100 0.04146400
vt 0.38754500 0.07064900
vt 0.39543800 0.04149600
vt 0.39535800 0.07066200
vt 0.40325000 0.04152600
vt 0.40317000 0.07067800
vt 0.41105700 0.04155500
vt 0.41097800 0.07069300
vt 0.41886100 0.04158300
vt 0.41878400 0.07070800
vt 0.42666200 0.04160900
vt 0.42658600 0.07072200
vt 0.43446000 0.04163400
vt 0.43438700 0.07073600
vt 0.44225400 0.04165700
vt 0.44218300 0.07075000
vt 0.45004800 0.04167900
vt 0.44997700 0.07076300
vt 0.45783900 0.04170100
vt 0.45776800 0.07077700
vt 0.46563000 0.04172200
vt 0.46555700 0.07079000
vt 0.47341900 0.04174400
vt 0.47334300 0.07080500
vt 0.48120800 0.04176600
vt 0.48112400 0.07082400
vt 0.48891300 0.07085400
vt 0.48899600 0.04178800
vt 0.29371000 0.04143300
vt 0.28589900 0.07059400
vt 0.28589600 0.04143700
vt 0.27808700 0.07059200
vt 0.27808300 0.04144000
vt 0.27027700 0.07058800
vt 0.27027200 0.04144300
vt 0.26247000 0.07058700
vt 0.26246200 0.04144700
vt 0.25466400 0.07058700
vt 0.25465200 0.04145000
vt 0.24686200 0.07058900
vt 0.24684300 0.04145500
vt 0.23905200 0.07060300
vt 0.23903400 0.04146000
vt 0.59066700 0.13174700
vt 0.59920500 0.12821100
vt 0.58160300 0.13355000
vt 0.54054000 0.11654100
vt 0.60688800 0.12307600
vt 0.61342400 0.05672800
vt 0.54707600 0.05019200
vt 0.54707600 0.12307600
vt 0.61342400 0.11654200
vt 0.60688900 0.05019300
vt 0.54054100 0.05672700
vt 0.55475900 0.12821000
vt 0.53540700 0.06441100
vt 0.61855900 0.10885800
vt 0.59920600 0.04505800
vt 0.56329800 0.13174600
vt 0.62209500 0.10032000
vt 0.59066800 0.04152200
vt 0.53187000 0.07294800
vt 0.57236100 0.13355000
vt 0.62389800 0.09125600
vt 0.58160400 0.03971900
vt 0.53006800 0.08201200
vt 0.53006800 0.09125400
vt 0.62389800 0.08201400
vt 0.57236100 0.03971900
vt 0.62209400 0.07295000
vt 0.56329700 0.04152200
vt 0.53187100 0.10031800
vt 0.61855800 0.06441200
vt 0.55476000 0.04505800
vt 0.53540700 0.10885700
vt 0.82872600 0.53906900
vt 0.83708200 0.53346900
vt 0.78740600 0.48884700
vt 0.82162200 0.54619100
vt 0.77130500 0.50498000
vt 0.75865200 0.52394200
vt 0.74993300 0.54500900
vt 0.81604200 0.55455900
vt 0.81220000 0.56385400
vt 0.81024400 0.57371900
vt 0.74548300 0.56737700
vt 0.74547700 0.59019200
vt 0.74992200 0.61257900
vt 0.81025000 0.58377300
vt 0.81221700 0.59363200
vt 0.81607200 0.60291800
vt 0.75865700 0.63367900
vt 0.77134600 0.65268200
vt 0.82166300 0.61126500
vt 0.78755300 0.66879200
vt 0.80658100 0.68141900
vt 0.82878300 0.61836100
vt 0.83715400 0.62393000
vt 0.84645000 0.62775900
vt 0.82769600 0.69008500
vt 0.85008300 0.69446800
vt 0.85631900 0.62969900
vt 0.87288800 0.69440400
vt 0.89523800 0.68990100
vt 0.86637700 0.62967800
vt 0.87623800 0.62769500
vt 0.88552400 0.62382800
vt 0.91627900 0.68113400
vt 0.93520900 0.66843800
vt 0.89387900 0.61822600
vt 0.95130400 0.65230100
vt 0.96395100 0.63333700
vt 0.90098100 0.61110300
vt 0.90655900 0.60273200
vt 0.91039800 0.59343600
vt 0.97266400 0.61227100
vt 0.97710800 0.58990500
vt 0.91235100 0.58357100
vt 0.97710800 0.56709600
vt 0.97266300 0.54471400
vt 0.91234600 0.57351300
vt 0.91037800 0.56365500
vt 0.90652700 0.55437100
vt 0.96393100 0.52362200
vt 0.95124700 0.50462400
vt 0.90094200 0.54602900
vt 0.93504700 0.48851900
vt 0.91602600 0.47589400
vt 0.89382800 0.53894000
vt 0.88545900 0.53337400
vt 0.87616000 0.52954600
vt 0.89491800 0.46722500
vt 0.87253300 0.46283900
vt 0.86629100 0.52760500
vt 0.84973100 0.46289800
vt 0.82738200 0.46739500
vt 0.85623300 0.52762300
vt 0.84637000 0.52960400
vt 0.80633900 0.47615700
vt 0.86629100 0.52760500
vt 0.85623300 0.52762300
vt 0.86593300 0.53131600
vt 0.87616000 0.52954600
vt 0.87508500 0.53311700
vt 0.88370900 0.53666600
vt 0.88545900 0.53337400
vt 0.89147100 0.54182600
vt 0.89806600 0.54839500
vt 0.89382800 0.53894000
vt 0.90094200 0.54602900
vt 0.90652700 0.55437100
vt 0.90324100 0.55612900
vt 0.90681100 0.56473800
vt 0.91037800 0.56365500
vt 0.90863500 0.57388200
vt 0.90864100 0.58320900
vt 0.91234600 0.57351300
vt 0.91235100 0.58357100
vt 0.91039800 0.59343600
vt 0.90682900 0.59235800
vt 0.90326800 0.60097900
vt 0.89809600 0.60874100
vt 0.90655900 0.60273200
vt 0.90098100 0.61110300
vt 0.89387900 0.61822600
vt 0.89150900 0.61534700
vt 0.88376100 0.62054300
vt 0.88552400 0.62382800
vt 0.87514900 0.62412900
vt 0.87623800 0.62769500
vt 0.86600400 0.62596800
vt 0.85667700 0.62598800
vt 0.86637700 0.62967800
vt 0.85631900 0.62969900
vt 0.84645000 0.62775900
vt 0.84752600 0.62418900
vt 0.83890600 0.62063900
vt 0.83715400 0.62393000
vt 0.83114300 0.61547600
vt 0.82454200 0.60889700
vt 0.82878300 0.61836100
vt 0.82166300 0.61126500
vt 0.81607200 0.60291800
vt 0.81935600 0.60115600
vt 0.81578300 0.59254700
vt 0.81221700 0.59363200
vt 0.81395900 0.58340500
vt 0.81025000 0.58377300
vt 0.81395500 0.57408100
vt 0.81576800 0.56493300
vt 0.81024400 0.57371900
vt 0.81220000 0.56385400
vt 0.81604200 0.55455900
vt 0.81933200 0.55631400
vt 0.82450700 0.54855300
vt 0.83109600 0.54194900
vt 0.82162200 0.54619100
vt 0.82872600 0.53906900
vt 0.83708200 0.53346900
vt 0.83884500 0.53675500
vt 0.84745900 0.53317000
vt 0.85660500 0.53133400
vt 0.84637000 0.52960400
vt 0.88087700 0.61516900
vt 0.88250700 0.61820700
vt 0.88763200 0.61063900
vt 0.88982400 0.61330000
vt 0.87336800 0.61829600
vt 0.87437500 0.62159300
vt 0.86539500 0.61990000
vt 0.86574000 0.62333000
vt 0.85726300 0.61991800
vt 0.84928600 0.61835000
vt 0.85693200 0.62334900
vt 0.84829200 0.62165000
vt 0.84177000 0.61525700
vt 0.84015100 0.61829900
vt 0.83500400 0.61075600
vt 0.83282200 0.61342400
vt 0.82924800 0.60502300
vt 0.82658800 0.60721300
vt 0.82472700 0.59827700
vt 0.82169100 0.59990400
vt 0.82161400 0.59077200
vt 0.81831800 0.59177500
vt 0.82002600 0.58280200
vt 0.81659700 0.58314300
vt 0.82002300 0.57467400
vt 0.81659300 0.57433800
vt 0.82160500 0.56669800
vt 0.81830600 0.56570000
vt 0.82471300 0.55918300
vt 0.82167100 0.55756100
vt 0.82922600 0.55241600
vt 0.82655800 0.55023200
vt 0.83497100 0.54665800
vt 0.83278000 0.54399600
vt 0.84009800 0.53909100
vt 0.84172800 0.54212900
vt 0.84923800 0.53900500
vt 0.84823200 0.53570700
vt 0.85721300 0.53740300
vt 0.85686900 0.53397200
vt 0.86534700 0.53738700
vt 0.86567800 0.53395600
vt 0.87332700 0.53895800
vt 0.87432100 0.53565600
vt 0.88084900 0.54205400
vt 0.88762500 0.54655700
vt 0.88246500 0.53900800
vt 0.88979500 0.54388000
vt 0.89341100 0.55230000
vt 0.89600000 0.55003000
vt 0.89604300 0.60706200
vt 0.89337600 0.60487900
vt 0.90092900 0.59973200
vt 0.89788600 0.59811100
vt 0.90429100 0.59159100
vt 0.90099100 0.59059300
vt 0.90600200 0.58295100
vt 0.90257200 0.58261600
vt 0.90599700 0.57414300
vt 0.90256600 0.57448400
vt 0.90427400 0.56550800
vt 0.90097500 0.56650800
vt 0.90090400 0.55737900
vt 0.89786000 0.55899300
vt 0.89606500 0.55010800
vt 0.89333800 0.55221300
vt 0.83278000 0.54399600
vt 0.84009800 0.53909100
vt 0.83109600 0.54194900
vt 0.82655800 0.55023200
vt 0.82450700 0.54855300
vt 0.82450700 0.54855300
vt 0.81933200 0.55631400
vt 0.81576800 0.56493300
vt 0.82167100 0.55756100
vt 0.81830600 0.56570000
vt 0.81659300 0.57433800
vt 0.81659300 0.57433800
vt 0.81395500 0.57408100
vt 0.81395900 0.58340500
vt 0.81578300 0.59254700
vt 0.81659700 0.58314300
vt 0.81831800 0.59177500
vt 0.82169100 0.59990400
vt 0.81935600 0.60115600
vt 0.82454200 0.60889700
vt 0.83114300 0.61547600
vt 0.82658800 0.60721300
vt 0.83282200 0.61342400
vt 0.83890600 0.62063900
vt 0.84015100 0.61829900
vt 0.84829200 0.62165000
vt 0.84752600 0.62418900
vt 0.85667700 0.62598800
vt 0.85667700 0.62598800
vt 0.86600400 0.62596800
vt 0.85693200 0.62334900
vt 0.85693200 0.62334900
vt 0.86574000 0.62333000
vt 0.87514900 0.62412900
vt 0.87437500 0.62159300
vt 0.88250700 0.61820700
vt 0.88376100 0.62054300
vt 0.89150900 0.61534700
vt 0.89809600 0.60874100
vt 0.88982400 0.61330000
vt 0.89604300 0.60706200
vt 0.90326800 0.60097900
vt 0.90092900 0.59973200
vt 0.90092900 0.59973200
vt 0.90429100 0.59159100
vt 0.90429100 0.59159100
vt 0.90682900 0.59235800
vt 0.90682900 0.59235800
vt 0.90864100 0.58320900
vt 0.90863500 0.57388200
vt 0.90600200 0.58295100
vt 0.90599700 0.57414300
vt 0.90681100 0.56473800
vt 0.90427400 0.56550800
vt 0.90090400 0.55737900
vt 0.90324100 0.55612900
vt 0.89806600 0.54839500
vt 0.89147100 0.54182600
vt 0.89600000 0.55003000
vt 0.89606500 0.55010800
vt 0.88979500 0.54388000
vt 0.88246500 0.53900800
vt 0.88370900 0.53666600
vt 0.87508500 0.53311700
vt 0.86593300 0.53131600
vt 0.87432100 0.53565600
vt 0.86567800 0.53395600
vt 0.86567800 0.53395600
vt 0.85686900 0.53397200
vt 0.85660500 0.53133400
vt 0.84745900 0.53317000
vt 0.84745900 0.53317000
vt 0.83884500 0.53675500
vt 0.84823200 0.53570700
vt 0.84823200 0.53570700
vt 0.34843600 0.08414200
vt 0.35625600 0.08414600
vt 0.35625400 0.08526000
vt 0.34061600 0.08413900
vt 0.34843600 0.08525600
vt 0.34061500 0.08525300
vt 0.33279400 0.08525000
vt 0.33279600 0.08413600
vt 0.32497700 0.08413300
vt 0.32497600 0.08524700
vt 0.31715800 0.08413000
vt 0.31715700 0.08524400
vt 0.30934000 0.08412800
vt 0.30934000 0.08524100
vt 0.30152300 0.08412400
vt 0.29370700 0.08412000
vt 0.30152300 0.08523700
vt 0.29370500 0.08523300
vt 0.28589100 0.08411500
vt 0.28589100 0.08522800
vt 0.27807800 0.08410800
vt 0.27807800 0.08522100
vt 0.27026600 0.08410100
vt 0.27026600 0.08521300
vt 0.26245700 0.08409200
vt 0.26245600 0.08520300
vt 0.25465000 0.08408300
vt 0.25464800 0.08519300
vt 0.24684600 0.08407500
vt 0.24684600 0.08518400
vt 0.23903100 0.08407300
vt 0.23913600 0.08517900
vt 0.36407300 0.08526500
vt 0.37189100 0.08527100
vt 0.36407500 0.08415100
vt 0.37189200 0.08415700
vt 0.37970800 0.08416500
vt 0.37970600 0.08527800
vt 0.38752100 0.08528600
vt 0.38752300 0.08417300
vt 0.39533400 0.08529500
vt 0.39533500 0.08418200
vt 0.40314400 0.08530500
vt 0.40314500 0.08419200
vt 0.41095200 0.08531500
vt 0.41095300 0.08420200
vt 0.41875600 0.08532400
vt 0.41875900 0.08421200
vt 0.42656000 0.08533400
vt 0.42656200 0.08422200
vt 0.43436200 0.08534400
vt 0.43436400 0.08423300
vt 0.44216000 0.08535200
vt 0.44216200 0.08424100
vt 0.44995500 0.08535900
vt 0.44995700 0.08425000
vt 0.45774900 0.08536600
vt 0.45775100 0.08425600
vt 0.46554100 0.08537000
vt 0.46554300 0.08426100
vt 0.47332900 0.08537200
vt 0.48111100 0.08537600
vt 0.47333000 0.08426500
vt 0.48111300 0.08427000
vt 0.48890700 0.08428200
vt 0.48880000 0.08538400
vt 0.43435700 0.08854700
vt 0.43435700 0.08854700
vt 0.44215600 0.08855400
vt 0.44215600 0.08855400
vt 0.43435900 0.08743600
vt 0.43435900 0.08743600
vt 0.42655600 0.08853900
vt 0.42655700 0.08742800
vt 0.41875400 0.08741800
vt 0.41875300 0.08853000
vt 0.41094900 0.08740900
vt 0.40314200 0.08740000
vt 0.40314200 0.08740000
vt 0.41094600 0.08852100
vt 0.40313900 0.08851200
vt 0.39532900 0.08850400
vt 0.39533100 0.08739100
vt 0.38751800 0.08738300
vt 0.37970400 0.08737500
vt 0.38751700 0.08849600
vt 0.37970300 0.08848800
vt 0.37188700 0.08848200
vt 0.37188800 0.08736800
vt 0.36407100 0.08736200
vt 0.36406900 0.08847600
vt 0.35625300 0.08735800
vt 0.34843500 0.08735400
vt 0.35625100 0.08847200
vt 0.34843200 0.08846800
vt 0.34061400 0.08846500
vt 0.34061400 0.08735100
vt 0.33279400 0.08734800
vt 0.33279400 0.08846200
vt 0.32497500 0.08734500
vt 0.31715600 0.08734200
vt 0.32497600 0.08845900
vt 0.31715600 0.08845500
vt 0.30933800 0.08845200
vt 0.30933900 0.08733900
vt 0.30152100 0.08733500
vt 0.30152100 0.08733500
vt 0.30152000 0.08844900
vt 0.29370400 0.08733000
vt 0.29370500 0.08844300
vt 0.28589000 0.08732400
vt 0.27807700 0.08731700
vt 0.27807700 0.08731700
vt 0.28588900 0.08843700
vt 0.27807500 0.08843000
vt 0.27026500 0.08730900
vt 0.27026300 0.08842100
vt 0.26245300 0.08729800
vt 0.26245100 0.08841000
vt 0.25464400 0.08728600
vt 0.25464100 0.08839600
vt 0.24683100 0.08837700
vt 0.24684000 0.08726800
vt 0.23912900 0.08724100
vt 0.23901200 0.08834900
vt 0.44215700 0.08744400
vt 0.44215700 0.08744400
vt 0.44995300 0.08856100
vt 0.44995300 0.08745000
vt 0.45774700 0.08856500
vt 0.45774700 0.08745600
vt 0.46554000 0.08745900
vt 0.46553900 0.08856800
vt 0.47333000 0.08856700
vt 0.47332900 0.08745900
vt 0.48111900 0.08856100
vt 0.48111300 0.08745500
vt 0.48891900 0.08854400
vt 0.48880400 0.08744000
vt 0.40317000 0.07067800
vt 0.41097800 0.07069300
vt 0.41097500 0.07180600
vt 0.39535800 0.07066200
vt 0.40316800 0.07179200
vt 0.39535700 0.07177600
vt 0.38754500 0.07064900
vt 0.38754300 0.07176400
vt 0.37972900 0.07063600
vt 0.37972700 0.07175100
vt 0.37191000 0.07062600
vt 0.37190800 0.07174100
vt 0.36409000 0.07062000
vt 0.36408700 0.07173500
vt 0.35626800 0.07061400
vt 0.35626700 0.07172900
vt 0.34844600 0.07061100
vt 0.34844500 0.07172500
vt 0.34062400 0.07060700
vt 0.34062300 0.07172200
vt 0.33280300 0.07060500
vt 0.33280100 0.07172000
vt 0.32498200 0.07060300
vt 0.32498100 0.07171700
vt 0.31716300 0.07060200
vt 0.31716200 0.07171700
vt 0.30934500 0.07060000
vt 0.30934500 0.07171400
vt 0.30152900 0.07059900
vt 0.30152900 0.07171300
vt 0.30152900 0.07171300
vt 0.29371200 0.07171000
vt 0.29371400 0.07059600
vt 0.28589900 0.07059400
vt 0.28589900 0.07170800
vt 0.27808700 0.07059200
vt 0.27808700 0.07170700
vt 0.27027700 0.07058800
vt 0.27027800 0.07170100
vt 0.26247000 0.07058700
vt 0.25466400 0.07058700
vt 0.26246900 0.07169800
vt 0.25466400 0.07169800
vt 0.24686700 0.07169600
vt 0.24686200 0.07058900
vt 0.23905200 0.07060300
vt 0.23916300 0.07170800
vt 0.41878000 0.07182000
vt 0.41878400 0.07070800
vt 0.42658300 0.07183400
vt 0.42658600 0.07072200
vt 0.43438400 0.07184700
vt 0.44218000 0.07186100
vt 0.43438700 0.07073600
vt 0.44218300 0.07075000
vt 0.44997700 0.07076300
vt 0.44997400 0.07187500
vt 0.45776500 0.07188800
vt 0.45776800 0.07077700
vt 0.46555400 0.07189900
vt 0.46555700 0.07079000
vt 0.47334100 0.07191100
vt 0.47334300 0.07080500
vt 0.48111600 0.07192800
vt 0.48112400 0.07082400
vt 0.48879900 0.07195500
vt 0.48891300 0.07085400
vt 0.30934000 0.08412800
vt 0.30934400 0.07492200
vt 0.30152300 0.08412400
vt 0.31715800 0.08413000
vt 0.31716200 0.07492500
vt 0.32498000 0.07492600
vt 0.32497700 0.08413300
vt 0.33280000 0.07492800
vt 0.33279600 0.08413600
vt 0.34062100 0.07493100
vt 0.34061600 0.08413900
vt 0.34844200 0.07493400
vt 0.35626200 0.07493900
vt 0.34843600 0.08414200
vt 0.35625600 0.08414600
vt 0.36407500 0.08415100
vt 0.36408300 0.07494400
vt 0.37190300 0.07495100
vt 0.37189200 0.08415700
vt 0.37972100 0.07496000
vt 0.38753600 0.07497200
vt 0.37970800 0.08416500
vt 0.38752300 0.08417300
vt 0.39533500 0.08418200
vt 0.39534900 0.07498300
vt 0.40316000 0.07499700
vt 0.40314500 0.08419200
vt 0.41096800 0.07501000
vt 0.41877400 0.07502300
vt 0.41095300 0.08420200
vt 0.41875900 0.08421200
vt 0.42656200 0.08422200
vt 0.42657700 0.07503600
vt 0.43437800 0.07504800
vt 0.43436400 0.08423300
vt 0.44217500 0.07506000
vt 0.44996900 0.07507200
vt 0.44216200 0.08424100
vt 0.44995700 0.08425000
vt 0.45775100 0.08425600
vt 0.45776100 0.07508400
vt 0.46555000 0.07509300
vt 0.46554300 0.08426100
vt 0.47333600 0.07510100
vt 0.48111700 0.07510700
vt 0.47333000 0.08426500
vt 0.48111300 0.08427000
vt 0.48890700 0.08428200
vt 0.48890900 0.07510100
vt 0.30152700 0.07492100
vt 0.29370700 0.08412000
vt 0.28589100 0.08411500
vt 0.29371200 0.07491700
vt 0.28589800 0.07491400
vt 0.27808400 0.07491100
vt 0.27807800 0.08410800
vt 0.27026600 0.08410100
vt 0.26245700 0.08409200
vt 0.27027500 0.07490500
vt 0.26246700 0.07490100
vt 0.25465000 0.08408300
vt 0.25466100 0.07489500
vt 0.24684600 0.08407500
vt 0.24685900 0.07488500
vt 0.23904600 0.07486500
vt 0.23903100 0.08407300
vt 0.29371200 0.07491700
vt 0.30152700 0.07492100
vt 0.29371100 0.07380200
vt 0.28589800 0.07491400
vt 0.28589800 0.07491400
vt 0.28589800 0.07380000
vt 0.28589800 0.07380000
vt 0.27808700 0.07379800
vt 0.27808400 0.07491100
vt 0.27027700 0.07379200
vt 0.26246800 0.07378900
vt 0.27027500 0.07490500
vt 0.26246700 0.07490100
vt 0.25466100 0.07489500
vt 0.25466300 0.07378600
vt 0.24686600 0.07377700
vt 0.24685900 0.07488500
vt 0.23916200 0.07376000
vt 0.23904600 0.07486500
vt 0.30152700 0.07380700
vt 0.30152700 0.07380700
vt 0.30934400 0.07492200
vt 0.30934400 0.07380700
vt 0.31716200 0.07492500
vt 0.31716200 0.07492500
vt 0.31716200 0.07381100
vt 0.31716200 0.07381100
vt 0.32498000 0.07492600
vt 0.32498000 0.07381200
vt 0.33280000 0.07492800
vt 0.33280000 0.07492800
vt 0.33280000 0.07381400
vt 0.33280000 0.07381400
vt 0.34062100 0.07493100
vt 0.34062200 0.07381600
vt 0.34844200 0.07493400
vt 0.34844400 0.07382000
vt 0.35626500 0.07382400
vt 0.35626200 0.07493900
vt 0.36408300 0.07494400
vt 0.36408500 0.07382900
vt 0.37190300 0.07495100
vt 0.37190500 0.07383600
vt 0.37972100 0.07496000
vt 0.37972300 0.07384400
vt 0.38753600 0.07497200
vt 0.38753900 0.07385800
vt 0.39534900 0.07498300
vt 0.39535300 0.07386900
vt 0.40316000 0.07499700
vt 0.41096800 0.07501000
vt 0.41096800 0.07501000
vt 0.40316300 0.07388400
vt 0.41097200 0.07389700
vt 0.41097200 0.07389700
vt 0.41877600 0.07391000
vt 0.41877400 0.07502300
vt 0.42657700 0.07503600
vt 0.42658000 0.07392400
vt 0.42658000 0.07392400
vt 0.43437800 0.07504800
vt 0.44217500 0.07506000
vt 0.44217500 0.07506000
vt 0.43438100 0.07393600
vt 0.44217700 0.07394800
vt 0.44217700 0.07394800
vt 0.44997000 0.07396100
vt 0.44996900 0.07507200
vt 0.45776100 0.07508400
vt 0.45776200 0.07397400
vt 0.46555000 0.07509300
vt 0.47333600 0.07510100
vt 0.46555100 0.07398400
vt 0.47333700 0.07399400
vt 0.48111700 0.07510700
vt 0.48111300 0.07400300
vt 0.48890900 0.07510100
vt 0.48879700 0.07400000
vt 0.30933900 0.08733900
vt 0.30934000 0.08524100
vt 0.30152100 0.08733500
vt 0.31715600 0.08734200
vt 0.31715700 0.08524400
vt 0.32497600 0.08524700
vt 0.33279400 0.08525000
vt 0.32497500 0.08734500
vt 0.33279400 0.08734800
vt 0.34061400 0.08735100
vt 0.34061500 0.08525300
vt 0.34843600 0.08525600
vt 0.34843500 0.08735400
vt 0.35625400 0.08526000
vt 0.36407300 0.08526500
vt 0.35625300 0.08735800
vt 0.36407100 0.08736200
vt 0.37188800 0.08736800
vt 0.37189100 0.08527100
vt 0.37970600 0.08527800
vt 0.37970400 0.08737500
vt 0.38752100 0.08528600
vt 0.39533400 0.08529500
vt 0.38751800 0.08738300
vt 0.39533100 0.08739100
vt 0.40314200 0.08740000
vt 0.40314400 0.08530500
vt 0.41095200 0.08531500
vt 0.41094900 0.08740900
vt 0.41875600 0.08532400
vt 0.42656000 0.08533400
vt 0.41875400 0.08741800
vt 0.42655700 0.08742800
vt 0.43435900 0.08743600
vt 0.43436200 0.08534400
vt 0.44216000 0.08535200
vt 0.44215700 0.08744400
vt 0.44995500 0.08535900
vt 0.45774900 0.08536600
vt 0.44995300 0.08745000
vt 0.45774700 0.08745600
vt 0.46554000 0.08745900
vt 0.46554100 0.08537000
vt 0.47332900 0.08537200
vt 0.47332900 0.08745900
vt 0.48111100 0.08537600
vt 0.48880000 0.08538400
vt 0.48111300 0.08745500
vt 0.48880400 0.08744000
vt 0.30152300 0.08523700
vt 0.29370400 0.08733000
vt 0.29370500 0.08523300
vt 0.28589000 0.08732400
vt 0.27807700 0.08731700
vt 0.28589100 0.08522800
vt 0.27807800 0.08522100
vt 0.27026500 0.08730900
vt 0.27026600 0.08521300
vt 0.26245300 0.08729800
vt 0.26245600 0.08520300
vt 0.25464800 0.08519300
vt 0.25464400 0.08728600
vt 0.24684000 0.08726800
vt 0.23912900 0.08724100
vt 0.24684600 0.08518400
vt 0.23913600 0.08517900
vt 0.30934400 0.07380700
vt 0.30934500 0.07171400
vt 0.30152700 0.07380700
vt 0.31716200 0.07381100
vt 0.31716200 0.07171700
vt 0.32498100 0.07171700
vt 0.32498000 0.07381200
vt 0.33280100 0.07172000
vt 0.33280000 0.07381400
vt 0.34062300 0.07172200
vt 0.34062200 0.07381600
vt 0.34844500 0.07172500
vt 0.35626700 0.07172900
vt 0.34844400 0.07382000
vt 0.35626500 0.07382400
vt 0.36408500 0.07382900
vt 0.36408700 0.07173500
vt 0.37190800 0.07174100
vt 0.37190500 0.07383600
vt 0.37972700 0.07175100
vt 0.38754300 0.07176400
vt 0.37972300 0.07384400
vt 0.38753900 0.07385800
vt 0.39535300 0.07386900
vt 0.39535700 0.07177600
vt 0.40316800 0.07179200
vt 0.40316300 0.07388400
vt 0.41097500 0.07180600
vt 0.41878000 0.07182000
vt 0.41097200 0.07389700
vt 0.41877600 0.07391000
vt 0.42658000 0.07392400
vt 0.42658300 0.07183400
vt 0.43438400 0.07184700
vt 0.43438100 0.07393600
vt 0.44218000 0.07186100
vt 0.44997400 0.07187500
vt 0.44217700 0.07394800
vt 0.44997000 0.07396100
vt 0.45776200 0.07397400
vt 0.45776500 0.07188800
vt 0.46555400 0.07189900
vt 0.46555100 0.07398400
vt 0.47334100 0.07191100
vt 0.48111600 0.07192800
vt 0.47333700 0.07399400
vt 0.48111300 0.07400300
vt 0.48879700 0.07400000
vt 0.48879900 0.07195500
vt 0.30152900 0.07171300
vt 0.29371100 0.07380200
vt 0.28589800 0.07380000
vt 0.29371200 0.07171000
vt 0.28589900 0.07170800
vt 0.27808700 0.07170700
vt 0.27808700 0.07379800
vt 0.27027700 0.07379200
vt 0.26246800 0.07378900
vt 0.27027800 0.07170100
vt 0.26246900 0.07169800
vt 0.25466300 0.07378600
vt 0.25466400 0.07169800
vt 0.24686600 0.07377700
vt 0.24686700 0.07169600
vt 0.23916300 0.07170800
vt 0.23916200 0.07376000
f 3/3/3 1/1/1 2/2/2
f 1/1/1 3/3/3 5/5/5
f 5/5/5 4/4/4 1/1/1
f 4/4/4 5/5/5 6/6/6
f 8/8/8 6/6/6 7/7/7
f 6/6/6 8/8/8 4/4/4
f 7/7/7 9/9/9 8/8/8
f 9/9/9 7/7/7 11/11/11
f 11/11/11 10/10/10 9/9/9
f 10/10/10 11/11/11 12/12/12
f 12/12/12 13/13/13 10/10/10
f 13/13/13 12/12/12 14/14/14
f 16/16/16 14/14/14 15/15/15
f 14/14/14 16/16/16 13/13/13
f 15/15/15 17/17/17 16/16/16
f 19/19/19 18/18/18 17/17/17
f 17/17/17 15/15/15 19/19/19
f 2/2/2 20/20/20 3/3/3
f 20/20/20 2/2/2 21/21/21
f 21/21/21 22/22/22 20/20/20
f 22/22/22 21/21/21 23/23/23
f 23/23/23 24/24/24 22/22/22
f 24/24/24 23/23/23 26/26/26
f 26/26/26 25/25/25 24/24/24
f 25/25/25 26/26/26 27/27/27
f 27/27/27 28/28/28 25/25/25
f 28/28/28 27/27/27 29/29/29
f 30/30/30 29/29/29 31/31/31
f 29/29/29 30/30/30 28/28/28
f 31/31/31 32/32/32 30/30/30
f 32/32/32 31/31/31 33/33/33
f 34/34/34 33/33/33 35/35/35
f 33/33/33 34/34/34 32/32/32
f 35/35/35 36/36/36 34/34/34
f 36/36/36 35/35/35 37/37/37
f 38/38/38 37/37/37 39/39/39
f 37/37/37 38/38/38 36/36/36
f 39/39/39 40/40/40 38/38/38
f 40/40/40 39/39/39 41/41/41
f 42/42/42 41/41/41 43/43/43
f 41/41/41 42/42/42 40/40/40
f 43/43/43 44/44/44 42/42/42
f 44/44/44 43/43/43 45/45/45
f 46/46/46 45/45/45 47/47/47
f 45/45/45 46/46/46 44/44/44
f 47/47/47 48/48/48 46/46/46
f 48/48/48 47/47/47 49/49/49
f 50/50/50 49/49/49 51/51/51
f 49/49/49 50/50/50 48/48/48
f 51/51/51 52/52/52 50/50/50
f 52/52/52 51/51/51 53/53/53
f 55/55/55 53/53/53 54/54/54
f 53/53/53 55/55/55 52/52/52
f 54/54/54 56/56/56 55/55/55
f 56/56/56 54/54/54 57/57/57
f 57/57/57 58/58/58 56/56/56
f 58/58/58 57/57/57 59/59/59
f 59/59/59 60/60/60 58/58/58
f 60/60/60 59/59/59 61/61/61
f 61/61/61 62/62/62 60/60/60
f 62/62/62 61/61/61 63/63/63
f 63/63/63 64/64/64 62/62/62
f 64/64/64 63/63/63 65/65/65
f 65/65/65 66/66/66 64/64/64
f 69/69/69 67/67/67 68/68/68
f 67/67/67 69/69/69 71/71/71
f 71/71/71 70/70/70 67/67/67
f 70/70/70 71/71/71 72/72/72
f 73/73/73 72/72/72 74/74/74
f 72/72/72 73/73/73 70/70/70
f 74/74/74 75/75/75 73/73/73
f 75/75/75 74/74/74 76/76/76
f 77/77/77 76/76/76 78/78/78
f 76/76/76 77/77/77 75/75/75
f 78/78/78 79/79/79 77/77/77
f 79/79/79 78/78/78 80/80/80
f 80/80/80 81/81/81 79/79/79
f 81/81/81 80/80/80 82/82/82
f 82/82/82 83/83/83 81/81/81
f 83/83/83 82/82/82 84/84/84
f 85/85/85 84/84/84 86/86/86
f 84/84/84 85/85/85 83/83/83
f 86/86/86 87/87/87 85/85/85
f 87/87/87 86/86/86 88/88/88
f 88/88/88 89/89/89 87/87/87
f 89/89/89 88/88/88 90/90/90
f 90/90/90 91/91/91 89/89/89
f 91/91/91 90/90/90 92/92/92
f 93/93/93 92/92/92 94/94/94
f 92/92/92 93/93/93 91/91/91
f 94/94/94 95/95/95 93/93/93
f 95/95/95 94/94/94 96/96/96
f 96/96/96 97/97/97 95/95/95
f 97/97/97 96/96/96 98/98/98
f 98/98/98 99/99/99 97/97/97
f 99/99/99 98/98/98 100/100/100
f 101/101/101 100/100/100 102/102/102
f 100/100/100 101/101/101 99/99/99
f 102/102/102 103/103/103 101/101/101
f 103/103/103 102/102/102 104/104/104
f 104/104/104 105/105/105 103/103/103
f 105/105/105 104/104/104 106/106/106
f 106/106/106 107/107/107 105/105/105
f 107/107/107 106/106/106 108/108/108
f 109/109/109 108/108/108 110/110/110
f 108/108/108 109/109/109 107/107/107
f 110/110/110 111/111/111 109/109/109
f 111/111/111 110/110/110 112/112/112
f 112/112/112 113/113/113 111/111/111
f 113/113/113 112/112/112 114/114/114
f 114/114/114 115/115/115 113/113/113
f 68/68/68 116/116/116 69/69/69
f 118/118/118 117/117/117 116/116/116
f 116/116/116 68/68/68 118/118/118
f 117/117/117 118/118/118 119/119/119
f 121/121/121 119/119/119 120/120/120
f 119/119/119 121/121/121 117/117/117
f 120/120/120 122/122/122 121/121/121
f 123/123/123 124/124/124 122/122/122
f 122/122/122 120/120/120 123/123/123
f 124/124/124 123/123/123 125/125/125
f 125/125/125 126/126/126 124/124/124
f 127/127/127 128/128/128 126/126/126
f 126/126/126 125/125/125 127/127/127
f 129/129/129 130/130/130 128/128/128
f 128/128/128 127/127/127 129/129/129
f 130/130/130 129/129/129 131/131/131
f 131/131/131 132/132/132 130/130/130
f 135/135/135 133/133/133 134/134/134
f 133/133/133 135/135/135 137/137/137
f 137/137/137 136/136/136 133/133/133
f 136/136/136 137/137/137 138/138/138
f 139/139/139 138/138/138 140/140/140
f 138/138/138 139/139/139 136/136/136
f 140/140/140 141/141/141 139/139/139
f 141/141/141 140/140/140 142/142/142
f 144/144/144 142/142/142 143/143/143
f 142/142/142 144/144/144 141/141/141
f 143/143/143 145/145/145 144/144/144
f 145/145/145 143/143/143 147/147/147
f 147/147/147 146/146/146 145/145/145
f 146/146/146 147/147/147 148/148/148
f 148/148/148 149/149/149 146/146/146
f 149/149/149 148/148/148 150/150/150
f 150/150/150 151/151/151 149/149/149
f 151/151/151 150/150/150 152/152/152
f 152/152/152 153/153/153 151/151/151
f 134/134/134 154/154/154 135/135/135
f 154/154/154 134/134/134 155/155/155
f 155/155/155 156/156/156 154/154/154
f 156/156/156 155/155/155 157/157/157
f 157/157/157 158/158/158 156/156/156
f 158/158/158 157/157/157 159/159/159
f 159/159/159 160/160/160 158/158/158
f 160/160/160 159/159/159 161/161/161
f 161/161/161 162/162/162 160/160/160
f 162/162/162 161/161/161 163/163/163
f 163/163/163 164/164/164 162/162/162
f 164/164/164 163/163/163 166/166/166
f 166/166/166 165/165/165 164/164/164
f 165/165/165 166/166/166 167/167/167
f 168/168/168 167/167/167 169/169/169
f 167/167/167 168/168/168 165/165/165
f 169/169/169 170/170/170 168/168/168
f 170/170/170 169/169/169 171/171/171
f 172/172/172 171/171/171 173/173/173
f 171/171/171 172/172/172 170/170/170
f 173/173/173 175/175/175 172/172/172
f 175/175/175 173/173/173 174/174/174
f 174/174/174 176/176/176 175/175/175
f 176/176/176 174/174/174 177/177/177
f 177/177/177 178/178/178 176/176/176
f 178/178/178 177/177/177 179/179/179
f 179/179/179 180/180/180 178/178/178
f 180/180/180 179/179/179 182/182/182
f 182/182/182 181/181/181 180/180/180
f 181/181/181 182/182/182 183/183/183
f 184/184/184 183/183/183 185/185/185
f 183/183/183 184/184/184 181/181/181
f 185/185/185 186/186/186 184/184/184
f 186/186/186 185/185/185 187/187/187
f 189/189/189 187/187/187 188/188/188
f 187/187/187 189/189/189 186/186/186
f 188/188/188 190/190/190 189/189/189
f 190/190/190 188/188/188 191/191/191
f 191/191/191 192/192/192 190/190/190
f 192/192/192 191/191/191 193/193/193
f 193/193/193 194/194/194 192/192/192
f 194/194/194 193/193/193 195/195/195
f 195/195/195 196/196/196 194/194/194
f 196/196/196 195/195/195 198/198/198
f 198/198/198 197/197/197 196/196/196
f 201/201/201 199/199/199 200/200/200
f 201/201/201 202/202/202 206/206/206
f 201/201/201 228/228/228 202/202/202
f 201/201/201 203/203/203 207/207/207
f 201/201/201 200/200/200 203/203/203
f 201/201/201 204/204/204 208/208/208
f 201/201/201 229/229/229 204/204/204
f 201/201/201 205/205/205 209/209/209
f 201/201/201 230/230/230 205/205/205
f 201/201/201 206/206/206 210/210/210
f 201/201/201 207/207/207 211/211/211
f 201/201/201 208/208/208 212/212/212
f 201/201/201 209/209/209 213/213/213
f 201/201/201 210/210/210 214/214/214
f 201/201/201 211/211/211 215/215/215
f 201/201/201 212/212/212 216/216/216
f 201/201/201 213/213/213 217/217/217
f 214/214/214 218/218/218 201/201/201
f 201/201/201 215/215/215 220/220/220
f 201/201/201 216/216/216 221/221/221
f 201/201/201 217/217/217 219/219/219
f 201/201/201 219/219/219 223/223/223
f 201/201/201 220/220/220 222/222/222
f 201/201/201 221/221/221 224/224/224
f 201/201/201 222/222/222 225/225/225
f 201/201/201 223/223/223 227/227/227
f 201/201/201 224/224/224 226/226/226
f 201/201/201 225/225/225 229/229/229
f 201/201/201 226/226/226 230/230/230
f 201/201/201 227/227/227 228/228/228
f 234/234/234 232/232/232 231/231/231
f 233/233/233 231/231/231 232/232/232
f 231/231/231 235/235/235 234/234/234
f 236/236/236 234/234/234 235/235/235
f 235/235/235 237/237/237 236/236/236
f 238/238/238 236/236/236 237/237/237
f 237/237/237 239/239/239 238/238/238
f 240/240/240 238/238/238 239/239/239
f 239/239/239 241/241/241 240/240/240
f 242/242/242 240/240/240 241/241/241
f 241/241/241 243/243/243 242/242/242
f 244/244/244 242/242/242 243/243/243
f 243/243/243 245/245/245 244/244/244
f 246/246/246 244/244/244 245/245/245
f 245/245/245 247/247/247 246/246/246
f 248/248/248 246/246/246 247/247/247
f 247/247/247 249/249/249 248/248/248
f 250/250/250 248/248/248 249/249/249
f 249/249/249 251/251/251 250/250/250
f 252/252/252 250/250/250 251/251/251
f 251/251/251 253/253/253 252/252/252
f 254/254/254 252/252/252 253/253/253
f 253/253/253 255/255/255 254/254/254
f 256/256/256 254/254/254 255/255/255
f 255/255/255 257/257/257 256/256/256
f 258/258/258 256/256/256 257/257/257
f 257/257/257 259/259/259 258/258/258
f 260/260/260 258/258/258 259/259/259
f 259/259/259 261/261/261 260/260/260
f 262/262/262 260/260/260 261/261/261
f 261/261/261 263/263/263 262/262/262
f 264/264/264 262/262/262 263/263/263
f 263/263/263 265/265/265 264/264/264
f 266/266/266 264/264/264 265/265/265
f 265/265/265 267/267/267 266/266/266
f 268/268/268 266/266/266 267/267/267
f 267/267/267 269/269/269 268/268/268
f 270/270/270 268/268/268 269/269/269
f 269/269/269 271/271/271 270/270/270
f 272/272/272 270/270/270 271/271/271
f 271/271/271 273/273/273 272/272/272
f 274/274/274 272/272/272 273/273/273
f 273/273/273 275/275/275 274/274/274
f 276/276/276 274/274/274 275/275/275
f 275/275/275 277/277/277 276/276/276
f 278/278/278 276/276/276 277/277/277
f 277/277/277 279/279/279 278/278/278
f 279/279/279 280/280/280 281/281/281
f 281/281/281 278/278/278 279/279/279
f 283/283/283 233/233/233 282/282/282
f 232/232/232 282/282/282 233/233/233
f 282/282/282 284/284/284 283/283/283
f 285/285/285 283/283/283 284/284/284
f 284/284/284 286/286/286 285/285/285
f 287/287/287 285/285/285 286/286/286
f 286/286/286 288/288/288 287/287/287
f 289/289/289 287/287/287 288/288/288
f 291/291/291 289/289/289 290/290/290
f 288/288/288 290/290/290 289/289/289
f 290/290/290 292/292/292 291/291/291
f 293/293/293 291/291/291 292/292/292
f 292/292/292 294/294/294 293/293/293
f 295/295/295 293/293/293 294/294/294
f 294/294/294 296/296/296 295/295/295
f 299/299/299 297/297/297 298/298/298
f 299/299/299 300/300/300 304/304/304
f 299/299/299 328/328/328 300/300/300
f 299/299/299 301/301/301 305/305/305
f 299/299/299 298/298/298 301/301/301
f 299/299/299 302/302/302 306/306/306
f 299/299/299 326/326/326 302/302/302
f 299/299/299 303/303/303 307/307/307
f 299/299/299 327/327/327 303/303/303
f 299/299/299 304/304/304 308/308/308
f 299/299/299 305/305/305 310/310/310
f 299/299/299 306/306/306 311/311/311
f 299/299/299 307/307/307 309/309/309
f 299/299/299 308/308/308 312/312/312
f 299/299/299 309/309/309 315/315/315
f 299/299/299 310/310/310 313/313/313
f 299/299/299 311/311/311 314/314/314
f 312/312/312 316/316/316 299/299/299
f 299/299/299 313/313/313 317/317/317
f 299/299/299 314/314/314 318/318/318
f 299/299/299 315/315/315 319/319/319
f 299/299/299 317/317/317 321/321/321
f 299/299/299 318/318/318 322/322/322
f 299/299/299 319/319/319 320/320/320
f 299/299/299 320/320/320 325/325/325
f 299/299/299 321/321/321 323/323/323
f 299/299/299 322/322/322 324/324/324
f 299/299/299 323/323/323 326/326/326
f 299/299/299 324/324/324 327/327/327
f 299/299/299 325/325/325 328/328/328
f 331/331/331 329/329/329 330/330/330
f 329/329/329 331/331/331 333/333/333
f 333/333/333 332/332/332 329/329/329
f 332/332/332 333/333/333 334/334/334
f 336/336/336 334/334/334 335/335/335
f 334/334/334 336/336/336 332/332/332
f 335/335/335 337/337/337 336/336/336
f 339/339/339 338/338/338 337/337/337
f 337/337/337 335/335/335 339/339/339
f 338/338/338 339/339/339 340/340/340
f 342/342/342 340/340/340 341/341/341
f 340/340/340 342/342/342 338/338/338
f 341/341/341 343/343/343 342/342/342
f 345/345/345 344/344/344 343/343/343
f 343/343/343 341/341/341 345/345/345
f 344/344/344 345/345/345 346/346/346
f 346/346/346 347/347/347 344/344/344
f 347/347/347 346/346/346 348/348/348
f 350/350/350 348/348/348 349/349/349
f 348/348/348 350/350/350 347/347/347
f 349/349/349 351/351/351 350/350/350
f 353/353/353 352/352/352 351/351/351
f 351/351/351 349/349/349 353/353/353
f 352/352/352 353/353/353 354/354/354
f 354/354/354 355/355/355 352/352/352
f 355/355/355 354/354/354 356/356/356
f 358/358/358 356/356/356 357/357/357
f 356/356/356 358/358/358 355/355/355
f 357/357/357 359/359/359 358/358/358
f 361/361/361 360/360/360 359/359/359
f 359/359/359 357/357/357 361/361/361
f 360/360/360 361/361/361 362/362/362
f 362/362/362 363/363/363 360/360/360
f 363/363/363 362/362/362 364/364/364
f 366/366/366 364/364/364 365/365/365
f 364/364/364 366/366/366 363/363/363
f 365/365/365 367/367/367 366/366/366
f 369/369/369 368/368/368 367/367/367
f 367/367/367 365/365/365 369/369/369
f 368/368/368 369/369/369 370/370/370
f 370/370/370 371/371/371 368/368/368
f 371/371/371 370/370/370 372/372/372
f 374/374/374 372/372/372 373/373/373
f 372/372/372 374/374/374 371/371/371
f 373/373/373 375/375/375 374/374/374
f 377/377/377 376/376/376 375/375/375
f 375/375/375 373/373/373 377/377/377
f 376/376/376 377/377/377 378/378/378
f 378/378/378 379/379/379 376/376/376
f 379/379/379 378/378/378 380/380/380
f 382/382/382 380/380/380 381/381/381
f 380/380/380 382/382/382 379/379/379
f 381/381/381 383/383/383 382/382/382
f 385/385/385 384/384/384 383/383/383
f 383/383/383 381/381/381 385/385/385
f 384/384/384 385/385/385 386/386/386
f 386/386/386 387/387/387 384/384/384
f 387/387/387 386/386/386 388/388/388
f 390/390/390 388/388/388 389/389/389
f 388/388/388 390/390/390 387/387/387
f 389/389/389 391/391/391 390/390/390
f 392/392/392 330/330/330 391/391/391
f 391/391/391 389/389/389 392/392/392
f 330/330/330 392/392/392 331/331/331
f 395/395/395 393/393/393 394/394/394
f 393/393/393 395/395/395 397/397/397
f 397/397/397 396/396/396 393/393/393
f 396/396/396 397/397/397 398/398/398
f 399/399/399 398/398/398 400/400/400
f 398/398/398 399/399/399 396/396/396
f 402/402/402 400/400/400 401/401/401
f 400/400/400 402/402/402 399/399/399
f 401/401/401 403/403/403 402/402/402
f 403/403/403 401/401/401 405/405/405
f 405/405/405 404/404/404 403/403/403
f 404/404/404 405/405/405 406/406/406
f 407/407/407 406/406/406 408/408/408
f 406/406/406 407/407/407 404/404/404
f 410/410/410 408/408/408 409/409/409
f 408/408/408 410/410/410 407/407/407
f 409/409/409 411/411/411 410/410/410
f 411/411/411 409/409/409 413/413/413
f 413/413/413 412/412/412 411/411/411
f 412/412/412 413/413/413 414/414/414
f 416/416/416 414/414/414 415/415/415
f 414/414/414 416/416/416 412/412/412
f 415/415/415 417/417/417 416/416/416
f 419/419/419 418/418/418 417/417/417
f 417/417/417 415/415/415 419/419/419
f 418/418/418 419/419/419 420/420/420
f 420/420/420 421/421/421 418/418/418
f 421/421/421 420/420/420 422/422/422
f 422/422/422 423/423/423 421/421/421
f 423/423/423 422/422/422 424/424/424
f 426/426/426 424/424/424 425/425/425
f 424/424/424 426/426/426 423/423/423
f 425/425/425 427/427/427 426/426/426
f 427/427/427 425/425/425 429/429/429
f 429/429/429 428/428/428 427/427/427
f 428/428/428 429/429/429 430/430/430
f 430/430/430 431/431/431 428/428/428
f 431/431/431 430/430/430 432/432/432
f 434/434/434 432/432/432 433/433/433
f 432/432/432 434/434/434 431/431/431
f 433/433/433 435/435/435 434/434/434
f 435/435/435 433/433/433 437/437/437
f 437/437/437 436/436/436 435/435/435
f 436/436/436 437/437/437 438/438/438
f 438/438/438 439/439/439 436/436/436
f 439/439/439 438/438/438 440/440/440
f 440/440/440 441/441/441 439/439/439
f 441/441/441 440/440/440 442/442/442
f 444/444/444 442/442/442 443/443/443
f 442/442/442 444/444/444 441/441/441
f 443/443/443 445/445/445 444/444/444
f 447/447/447 446/446/446 445/445/445
f 445/445/445 443/443/443 447/447/447
f 446/446/446 447/447/447 448/448/448
f 450/450/450 448/448/448 449/449/449
f 448/448/448 450/450/450 446/446/446
f 449/449/449 451/451/451 450/450/450
f 451/451/451 449/449/449 453/453/453
f 453/453/453 452/452/452 451/451/451
f 452/452/452 453/453/453 454/454/454
f 456/456/456 454/454/454 455/455/455
f 454/454/454 456/456/456 452/452/452
f 455/455/455 394/394/394 456/456/456
f 394/394/394 455/455/455 395/395/395
f 457/457/457 458/458/458 460/460/460
f 458/458/458 457/457/457 461/461/461
f 460/460/460 459/459/459 457/457/457
f 462/462/462 461/461/461 463/463/463
f 461/461/461 462/462/462 458/458/458
f 463/463/463 464/464/464 462/462/462
f 464/464/464 463/463/463 465/465/465
f 467/467/467 465/465/465 466/466/466
f 465/465/465 467/467/467 464/464/464
f 466/466/466 468/468/468 467/467/467
f 468/468/468 466/466/466 469/469/469
f 469/469/469 470/470/470 468/468/468
f 470/470/470 469/469/469 471/471/471
f 471/471/471 472/472/472 470/470/470
f 472/472/472 471/471/471 473/473/473
f 473/473/473 474/474/474 472/472/472
f 474/474/474 473/473/473 475/475/475
f 475/475/475 476/476/476 474/474/474
f 476/476/476 475/475/475 477/477/477
f 477/477/477 478/478/478 476/476/476
f 478/478/478 477/477/477 479/479/479
f 479/479/479 480/480/480 478/478/478
f 480/480/480 479/479/479 481/481/481
f 481/481/481 482/482/482 480/480/480
f 482/482/482 481/481/481 483/483/483
f 483/483/483 484/484/484 482/482/482
f 484/484/484 483/483/483 485/485/485
f 485/485/485 486/486/486 484/484/484
f 487/487/487 488/488/488 486/486/486
f 486/486/486 485/485/485 487/487/487
f 488/488/488 487/487/487 489/489/489
f 489/489/489 490/490/490 488/488/488
f 490/490/490 489/489/489 492/492/492
f 492/492/492 491/491/491 490/490/490
f 491/491/491 492/492/492 493/493/493
f 493/493/493 494/494/494 491/491/491
f 494/494/494 493/493/493 495/495/495
f 496/496/496 495/495/495 497/497/497
f 495/495/495 496/496/496 494/494/494
f 498/498/498 497/497/497 499/499/499
f 497/497/497 498/498/498 496/496/496
f 499/499/499 500/500/500 498/498/498
f 500/500/500 499/499/499 501/501/501
f 503/503/503 501/501/501 502/502/502
f 501/501/501 503/503/503 500/500/500
f 502/502/502 504/504/504 503/503/503
f 504/504/504 502/502/502 505/505/505
f 505/505/505 506/506/506 504/504/504
f 459/459/459 460/460/460 507/507/507
f 507/507/507 508/508/508 459/459/459
f 508/508/508 507/507/507 509/509/509
f 510/510/510 509/509/509 511/511/511
f 509/509/509 510/510/510 508/508/508
f 512/512/512 511/511/511 513/513/513
f 511/511/511 512/512/512 510/510/510
f 513/513/513 514/514/514 512/512/512
f 514/514/514 513/513/513 515/515/515
f 516/516/516 515/515/515 517/517/517
f 515/515/515 516/516/516 514/514/514
f 517/517/517 518/518/518 516/516/516
f 518/518/518 517/517/517 519/519/519
f 520/520/520 519/519/519 521/521/521
f 519/519/519 520/520/520 518/518/518
f 521/521/521 522/522/522 520/520/520
f 525/525/525 523/523/523 524/524/524
f 523/523/523 525/525/525 527/527/527
f 528/528/528 526/526/526 523/523/523
f 526/526/526 528/528/528 529/529/529
f 529/529/529 531/531/531 526/526/526
f 531/531/531 529/529/529 530/530/530
f 530/530/530 532/532/532 531/531/531
f 535/535/535 533/533/533 532/532/532
f 532/532/532 530/530/530 535/535/535
f 533/533/533 535/535/535 536/536/536
f 538/538/538 536/536/536 537/537/537
f 536/536/536 538/538/538 534/534/534
f 537/537/537 539/539/539 538/538/538
f 541/541/541 540/540/540 539/539/539
f 539/539/539 537/537/537 541/541/541
f 540/540/540 541/541/541 542/542/542
f 544/544/544 542/542/542 543/543/543
f 542/542/542 544/544/544 540/540/540
f 543/543/543 545/545/545 544/544/544
f 545/545/545 543/543/543 546/546/546
f 546/546/546 547/547/547 545/545/545
f 549/549/549 548/548/548 547/547/547
f 547/547/547 546/546/546 549/549/549
f 548/548/548 549/549/549 550/550/550
f 553/553/553 550/550/550 552/552/552
f 551/551/551 554/554/554 548/548/548
f 552/552/552 555/555/555 554/554/554
f 555/555/555 552/552/552 556/556/556
f 556/556/556 557/557/557 555/555/555
f 559/559/559 558/558/558 557/557/557
f 557/557/557 556/556/556 559/559/559
f 558/558/558 559/559/559 560/560/560
f 562/562/562 560/560/560 561/561/561
f 560/560/560 562/562/562 558/558/558
f 561/561/561 563/563/563 562/562/562
f 563/563/563 561/561/561 564/564/564
f 564/564/564 565/565/565 563/563/563
f 569/569/569 567/567/567 566/566/566
f 565/565/565 564/564/564 570/570/570
f 568/568/568 570/570/570 571/571/571
f 573/573/573 571/571/571 572/572/572
f 571/571/571 573/573/573 568/568/568
f 572/572/572 574/574/574 573/573/573
f 574/574/574 572/572/572 575/575/575
f 575/575/575 576/576/576 574/574/574
f 578/578/578 577/577/577 576/576/576
f 576/576/576 575/575/575 578/578/578
f 577/577/577 578/578/578 579/579/579
f 581/581/581 579/579/579 580/580/580
f 579/579/579 582/582/582 577/577/577
f 580/580/580 583/583/583 581/581/581
f 583/583/583 580/580/580 585/585/585
f 585/585/585 584/584/584 583/583/583
f 584/584/584 585/585/585 586/586/586
f 588/588/588 586/586/586 587/587/587
f 586/586/586 588/588/588 584/584/584
f 587/587/587 589/589/589 588/588/588
f 592/592/592 591/591/591 590/590/590
f 589/589/589 587/587/587 592/592/592
f 591/591/591 592/592/592 593/593/593
f 596/596/596 594/594/594 595/595/595
f 593/593/593 597/597/597 591/591/591
f 595/595/595 524/524/524 597/597/597
f 524/524/524 595/595/595 525/525/525
f 600/600/600 599/599/599 598/598/598
f 598/598/598 602/602/602 600/600/600
f 602/602/602 598/598/598 601/601/601
f 601/601/601 603/603/603 602/602/602
f 603/603/603 601/601/601 605/605/605
f 605/605/605 604/604/604 603/603/603
f 604/604/604 605/605/605 606/606/606
f 606/606/606 607/607/607 604/604/604
f 607/607/607 606/606/606 608/608/608
f 608/608/608 609/609/609 607/607/607
f 609/609/609 608/608/608 610/610/610
f 611/611/611 610/610/610 612/612/612
f 610/610/610 611/611/611 609/609/609
f 614/614/614 612/612/612 613/613/613
f 612/612/612 614/614/614 611/611/611
f 613/613/613 615/615/615 614/614/614
f 615/615/615 613/613/613 616/616/616
f 616/616/616 617/617/617 615/615/615
f 617/617/617 616/616/616 618/618/618
f 618/618/618 619/619/619 617/617/617
f 619/619/619 618/618/618 620/620/620
f 620/620/620 621/621/621 619/619/619
f 621/621/621 620/620/620 622/622/622
f 622/622/622 623/623/623 621/621/621
f 623/623/623 622/622/622 624/624/624
f 624/624/624 625/625/625 623/623/623
f 625/625/625 624/624/624 626/626/626
f 626/626/626 627/627/627 625/625/625
f 627/627/627 626/626/626 628/628/628
f 628/628/628 629/629/629 627/627/627
f 599/599/599 600/600/600 630/630/630
f 632/632/632 630/630/630 631/631/631
f 630/630/630 632/632/632 599/599/599
f 631/631/631 633/633/633 632/632/632
f 635/635/635 634/634/634 633/633/633
f 633/633/633 631/631/631 635/635/635
f 634/634/634 635/635/635 636/636/636
f 637/637/637 636/636/636 638/638/638
f 636/636/636 637/637/637 634/634/634
f 639/639/639 638/638/638 640/640/640
f 638/638/638 639/639/639 637/637/637
f 640/640/640 641/641/641 639/639/639
f 641/641/641 640/640/640 642/642/642
f 642/642/642 643/643/643 641/641/641
f 643/643/643 642/642/642 644/644/644
f 644/644/644 645/645/645 643/643/643
f 645/645/645 644/644/644 646/646/646
f 647/647/647 646/646/646 648/648/648
f 646/646/646 647/647/647 645/645/645
f 648/648/648 649/649/649 647/647/647
f 649/649/649 648/648/648 650/650/650
f 650/650/650 651/651/651 649/649/649
f 651/651/651 650/650/650 652/652/652
f 652/652/652 653/653/653 651/651/651
f 653/653/653 652/652/652 654/654/654
f 655/655/655 654/654/654 656/656/656
f 654/654/654 655/655/655 653/653/653
f 657/657/657 656/656/656 658/658/658
f 656/656/656 657/657/657 655/655/655
f 660/660/660 658/658/658 659/659/659
f 658/658/658 660/660/660 657/657/657
f 659/659/659 661/661/661 660/660/660
f 661/661/661 659/659/659 663/663/663
f 663/663/663 662/662/662 661/661/661
f 668/668/668 665/665/665 666/666/666
f 664/664/664 669/669/669 671/671/671
f 671/671/671 670/670/670 665/665/665
f 670/670/670 671/671/671 672/672/672
f 673/673/673 672/672/672 674/674/674
f 672/672/672 673/673/673 670/670/670
f 677/677/677 674/674/674 676/676/676
f 674/674/674 677/677/677 673/673/673
f 675/675/675 678/678/678 677/677/677
f 678/678/678 675/675/675 680/680/680
f 680/680/680 679/679/679 678/678/678
f 679/679/679 680/680/680 681/681/681
f 683/683/683 681/681/681 682/682/682
f 681/681/681 683/683/683 679/679/679
f 682/682/682 684/684/684 683/683/683
f 684/684/684 682/682/682 686/686/686
f 686/686/686 685/685/685 684/684/684
f 685/685/685 686/686/686 687/687/687
f 688/688/688 687/687/687 689/689/689
f 687/687/687 688/688/688 685/685/685
f 691/691/691 689/689/689 690/690/690
f 689/689/689 691/691/691 688/688/688
f 690/690/690 692/692/692 691/691/691
f 692/692/692 690/690/690 694/694/694
f 694/694/694 693/693/693 692/692/692
f 693/693/693 694/694/694 695/695/695
f 696/696/696 695/695/695 697/697/697
f 695/695/695 696/696/696 693/693/693
f 699/699/699 697/697/697 698/698/698
f 697/697/697 699/699/699 696/696/696
f 698/698/698 700/700/700 699/699/699
f 700/700/700 698/698/698 702/702/702
f 702/702/702 701/701/701 700/700/700
f 701/701/701 702/702/702 703/703/703
f 704/704/704 705/705/705 701/701/701
f 705/705/705 704/704/704 706/706/706
f 706/706/706 707/707/707 705/705/705
f 707/707/707 706/706/706 708/708/708
f 711/711/711 708/708/708 709/709/709
f 708/708/708 711/711/711 707/707/707
f 710/710/710 712/712/712 711/711/711
f 712/712/712 710/710/710 713/713/713
f 713/713/713 714/714/714 712/712/712
f 714/714/714 713/713/713 715/715/715
f 715/715/715 716/716/716 714/714/714
f 716/716/716 715/715/715 717/717/717
f 717/717/717 718/718/718 716/716/716
f 720/720/720 719/719/719 718/718/718
f 718/718/718 717/717/717 720/720/720
f 719/719/719 720/720/720 721/721/721
f 721/721/721 722/722/722 719/719/719
f 667/667/667 723/723/723 669/669/669
f 724/724/724 666/666/666 725/725/725
f 725/725/725 726/726/726 724/724/724
f 727/727/727 728/728/728 726/726/726
f 726/726/726 725/725/725 727/727/727
f 728/728/728 727/727/727 730/730/730
f 730/730/730 729/729/729 728/728/728
f 729/729/729 730/730/730 731/731/731
f 732/732/732 731/731/731 733/733/733
f 731/731/731 732/732/732 729/729/729
f 733/733/733 734/734/734 732/732/732
f 734/734/734 733/733/733 735/735/735
f 735/735/735 736/736/736 734/734/734
f 739/739/739 738/738/738 737/737/737
f 737/737/737 741/741/741 739/739/739
f 741/741/741 737/737/737 740/740/740
f 740/740/740 742/742/742 741/741/741
f 742/742/742 740/740/740 743/743/743
f 743/743/743 744/744/744 742/742/742
f 744/744/744 743/743/743 745/745/745
f 745/745/745 746/746/746 744/744/744
f 746/746/746 745/745/745 747/747/747
f 747/747/747 748/748/748 746/746/746
f 748/748/748 747/747/747 749/749/749
f 749/749/749 750/750/750 748/748/748
f 751/751/751 752/752/752 750/750/750
f 750/750/750 749/749/749 751/751/751
f 752/752/752 751/751/751 753/753/753
f 753/753/753 754/754/754 752/752/752
f 754/754/754 753/753/753 755/755/755
f 755/755/755 756/756/756 754/754/754
f 756/756/756 755/755/755 757/757/757
f 757/757/757 758/758/758 756/756/756
f 758/758/758 757/757/757 759/759/759
f 759/759/759 760/760/760 758/758/758
f 760/760/760 759/759/759 761/761/761
f 761/761/761 762/762/762 760/760/760
f 762/762/762 761/761/761 763/763/763
f 763/763/763 764/764/764 762/762/762
f 764/764/764 763/763/763 765/765/765
f 765/765/765 766/766/766 764/764/764
f 766/766/766 765/765/765 769/769/769
f 769/769/769 768/768/768 767/767/767
f 768/768/768 769/769/769 770/770/770
f 770/770/770 771/771/771 768/768/768
f 771/771/771 770/770/770 772/772/772
f 772/772/772 773/773/773 771/771/771
f 773/773/773 772/772/772 774/774/774
f 774/774/774 775/775/775 773/773/773
f 775/775/775 774/774/774 776/776/776
f 778/778/778 776/776/776 777/777/777
f 776/776/776 778/778/778 775/775/775
f 777/777/777 779/779/779 778/778/778
f 781/781/781 780/780/780 779/779/779
f 779/779/779 777/777/777 781/781/781
f 780/780/780 781/781/781 782/782/782
f 782/782/782 783/783/783 780/780/780
f 738/738/738 739/739/739 784/784/784
f 785/785/785 784/784/784 786/786/786
f 784/784/784 785/785/785 738/738/738
f 787/787/787 786/786/786 788/788/788
f 786/786/786 787/787/787 785/785/785
f 790/790/790 788/788/788 789/789/789
f 788/788/788 790/790/790 787/787/787
f 789/789/789 791/791/791 790/790/790
f 791/791/791 789/789/789 793/793/793
f 793/793/793 792/792/792 791/791/791
f 792/792/792 793/793/793 794/794/794
f 795/795/795 794/794/794 796/796/796
f 794/794/794 795/795/795 792/792/792
f 796/796/796 797/797/797 795/795/795
f 797/797/797 796/796/796 798/798/798
f 798/798/798 799/799/799 797/797/797
f 799/799/799 798/798/798 800/800/800
f 800/800/800 801/801/801 799/799/799
f 801/801/801 800/800/800 802/802/802
f 802/802/802 803/803/803 801/801/801
f 808/808/808 805/805/805 804/804/804
f 806/806/806 804/804/804 805/805/805
f 804/804/804 807/807/807 808/808/808
f 809/809/809 808/808/808 807/807/807
f 811/811/811 809/809/809 810/810/810
f 807/807/807 810/810/810 809/809/809
f 810/810/810 812/812/812 811/811/811
f 813/813/813 811/811/811 812/812/812
f 812/812/812 814/814/814 813/813/813
f 815/815/815 813/813/813 814/814/814
f 816/816/816 815/815/815 817/817/817
f 814/814/814 817/817/817 815/815/815
f 817/817/817 818/818/818 816/816/816
f 820/820/820 816/816/816 818/818/818
f 818/818/818 819/819/819 820/820/820
f 821/821/821 820/820/820 819/819/819
f 819/819/819 822/822/822 821/821/821
f 823/823/823 821/821/821 822/822/822
f 824/824/824 823/823/823 825/825/825
f 822/822/822 825/825/825 823/823/823
f 825/825/825 826/826/826 824/824/824
f 828/828/828 824/824/824 826/826/826
f 826/826/826 827/827/827 828/828/828
f 829/829/829 828/828/828 827/827/827
f 827/827/827 830/830/830 829/829/829
f 831/831/831 829/829/829 830/830/830
f 832/832/832 831/831/831 833/833/833
f 830/830/830 833/833/833 831/831/831
f 833/833/833 834/834/834 832/832/832
f 836/836/836 832/832/832 834/834/834
f 834/834/834 835/835/835 836/836/836
f 837/837/837 836/836/836 835/835/835
f 835/835/835 838/838/838 837/837/837
f 839/839/839 837/837/837 838/838/838
f 840/840/840 839/839/839 841/841/841
f 838/838/838 841/841/841 839/839/839
f 841/841/841 842/842/842 840/840/840
f 844/844/844 840/840/840 842/842/842
f 842/842/842 843/843/843 844/844/844
f 845/845/845 844/844/844 843/843/843
f 843/843/843 846/846/846 845/845/845
f 847/847/847 845/845/845 846/846/846
f 848/848/848 847/847/847 849/849/849
f 846/846/846 849/849/849 847/847/847
f 849/849/849 850/850/850 848/848/848
f 852/852/852 848/848/848 850/850/850
f 850/850/850 851/851/851 852/852/852
f 805/805/805 853/853/853 806/806/806
f 854/854/854 806/806/806 853/853/853
f 855/855/855 854/854/854 856/856/856
f 853/853/853 856/856/856 854/854/854
f 856/856/856 857/857/857 855/855/855
f 857/857/857 858/858/858 859/859/859
f 859/859/859 855/855/855 857/857/857
f 860/860/860 859/859/859 858/858/858
f 861/861/861 860/860/860 862/862/862
f 858/858/858 862/862/862 860/860/860
f 862/862/862 863/863/863 861/861/861
f 863/863/863 865/865/865 864/864/864
f 864/864/864 861/861/861 863/863/863
f 866/866/866 864/864/864 865/865/865
f 865/865/865 867/867/867 866/866/866
f 869/869/869 866/866/866 867/867/867
f 867/867/867 868/868/868 869/869/869
f 872/872/872 870/870/870 871/871/871
f 870/870/870 872/872/872 876/876/876
f 876/876/876 874/874/874 870/870/870
f 873/873/873 875/875/875 877/877/877
f 878/878/878 877/877/877 879/879/879
f 877/877/877 878/878/878 874/874/874
f 881/881/881 879/879/879 880/880/880
f 879/879/879 881/881/881 878/878/878
f 880/880/880 882/882/882 881/881/881
f 882/882/882 880/880/880 884/884/884
f 884/884/884 883/883/883 882/882/882
f 883/883/883 884/884/884 885/885/885
f 885/885/885 886/886/886 883/883/883
f 886/886/886 885/885/885 887/887/887
f 887/887/887 888/888/888 886/886/886
f 871/871/871 889/889/889 872/872/872
f 889/889/889 871/871/871 891/891/891
f 891/891/891 892/892/892 890/890/890
f 894/894/894 895/895/895 892/892/892
f 892/892/892 891/891/891 893/893/893
f 896/896/896 893/893/893 897/897/897
f 897/897/897 898/898/898 896/896/896
f 898/898/898 897/897/897 899/899/899
f 900/900/900 902/902/902 898/898/898
f 901/901/901 899/899/899 903/903/903
f 903/903/903 904/904/904 901/901/901
f 904/904/904 903/903/903 905/905/905
f 905/905/905 906/906/906 904/904/904
f 906/906/906 905/905/905 908/908/908
f 908/908/908 907/907/907 906/906/906
f 907/907/907 908/908/908 909/909/909
f 910/910/910 909/909/909 911/911/911
f 909/909/909 910/910/910 907/907/907
f 912/912/912 911/911/911 913/913/913
f 911/911/911 912/912/912 910/910/910
f 913/913/913 914/914/914 912/912/912
f 914/914/914 913/913/913 915/915/915
f 915/915/915 916/916/916 914/914/914
f 916/916/916 915/915/915 917/917/917
f 918/918/918 917/917/917 919/919/919
f 917/917/917 918/918/918 916/916/916
f 922/922/922 919/919/919 920/920/920
f 919/919/919 922/922/922 918/918/918
f 921/921/921 923/923/923 922/922/922
f 926/926/926 925/925/925 924/924/924
f 924/924/924 920/920/920 926/926/926
f 925/925/925 926/926/926 927/927/927
f 927/927/927 928/928/928 925/925/925
f 928/928/928 927/927/927 930/930/930
f 933/933/933 930/930/930 932/932/932
f 930/930/930 933/933/933 929/929/929
f 931/931/931 934/934/934 933/933/933
f 937/937/937 936/936/936 935/935/935
f 935/935/935 932/932/932 937/937/937
f 936/936/936 937/937/937 938/938/938
f 938/938/938 939/939/939 936/936/936
f 939/939/939 938/938/938 940/940/940
f 942/942/942 940/940/940 941/941/941
f 940/940/940 942/942/942 939/939/939
f 941/941/941 943/943/943 942/942/942
f 944/944/944 945/945/945 943/943/943
f 943/943/943 941/941/941 944/944/944
f 945/945/945 944/944/944 946/946/946
f 946/946/946 947/947/947 945/945/945
f 952/952/952 949/949/949 948/948/948
f 950/950/950 948/948/948 949/949/949
f 948/948/948 951/951/951 952/952/952
f 953/953/953 952/952/952 951/951/951
f 954/954/954 953/953/953 955/955/955
f 951/951/951 955/955/955 953/953/953
f 955/955/955 956/956/956 954/954/954
f 958/958/958 954/954/954 956/956/956
f 956/956/956 957/957/957 958/958/958
f 959/959/959 958/958/958 957/957/957
f 957/957/957 960/960/960 959/959/959
f 961/961/961 959/959/959 960/960/960
f 962/962/962 961/961/961 963/963/963
f 960/960/960 963/963/963 961/961/961
f 963/963/963 964/964/964 962/962/962
f 966/966/966 962/962/962 964/964/964
f 964/964/964 965/965/965 966/966/966
f 967/967/967 966/966/966 965/965/965
f 965/965/965 968/968/968 967/967/967
f 969/969/969 967/967/967 968/968/968
f 970/970/970 969/969/969 971/971/971
f 968/968/968 971/971/971 969/969/969
f 971/971/971 972/972/972 970/970/970
f 974/974/974 970/970/970 972/972/972
f 972/972/972 973/973/973 974/974/974
f 975/975/975 974/974/974 973/973/973
f 973/973/973 976/976/976 975/975/975
f 977/977/977 975/975/975 976/976/976
f 978/978/978 977/977/977 979/979/979
f 976/976/976 979/979/979 977/977/977
f 979/979/979 980/980/980 978/978/978
f 982/982/982 978/978/978 980/980/980
f 980/980/980 981/981/981 982/982/982
f 983/983/983 982/982/982 981/981/981
f 981/981/981 984/984/984 983/983/983
f 985/985/985 983/983/983 984/984/984
f 986/986/986 985/985/985 987/987/987
f 984/984/984 987/987/987 985/985/985
f 987/987/987 988/988/988 986/986/986
f 990/990/990 986/986/986 988/988/988
f 988/988/988 989/989/989 990/990/990
f 991/991/991 990/990/990 989/989/989
f 989/989/989 992/992/992 991/991/991
f 993/993/993 991/991/991 992/992/992
f 994/994/994 993/993/993 995/995/995
f 992/992/992 995/995/995 993/993/993
f 995/995/995 996/996/996 994/994/994
f 949/949/949 997/997/997 950/950/950
f 998/998/998 950/950/950 997/997/997
f 997/997/997 999/999/999 998/998/998
f 1000/1000/1000 998/998/998 999/999/999
f 1001/1001/1001 1000/1000/1000 1002/1002/1002
f 999/999/999 1002/1002/1002 1000/1000/1000
f 1002/1002/1002 1003/1003/1003 1001/1001/1001
f 1003/1003/1003 1005/1005/1005 1004/1004/1004
f 1004/1004/1004 1001/1001/1001 1003/1003/1003
f 1005/1005/1005 1007/1007/1007 1006/1006/1006
f 1006/1006/1006 1004/1004/1004 1005/1005/1005
f 1007/1007/1007 1008/1008/1008 1009/1009/1009
f 1009/1009/1009 1006/1006/1006 1007/1007/1007
f 1010/1010/1010 1009/1009/1009 1008/1008/1008
f 1011/1011/1011 1010/1010/1010 1012/1012/1012
f 1008/1008/1008 1012/1012/1012 1010/1010/1010
f 1012/1012/1012 1013/1013/1013 1011/1011/1011
f 1018/1018/1018 1015/1015/1015 1014/1014/1014
f 1016/1016/1016 1014/1014/1014 1015/1015/1015
f 1014/1014/1014 1017/1017/1017 1018/1018/1018
f 1019/1019/1019 1018/1018/1018 1017/1017/1017
f 1021/1021/1021 1019/1019/1019 1020/1020/1020
f 1017/1017/1017 1020/1020/1020 1019/1019/1019
f 1020/1020/1020 1022/1022/1022 1021/1021/1021
f 1023/1023/1023 1021/1021/1021 1022/1022/1022
f 1022/1022/1022 1024/1024/1024 1023/1023/1023
f 1025/1025/1025 1023/1023/1023 1024/1024/1024
f 1026/1026/1026 1025/1025/1025 1027/1027/1027
f 1024/1024/1024 1027/1027/1027 1025/1025/1025
f 1027/1027/1027 1028/1028/1028 1026/1026/1026
f 1030/1030/1030 1026/1026/1026 1028/1028/1028
f 1028/1028/1028 1029/1029/1029 1030/1030/1030
f 1031/1031/1031 1030/1030/1030 1029/1029/1029
f 1029/1029/1029 1032/1032/1032 1031/1031/1031
f 1033/1033/1033 1031/1031/1031 1032/1032/1032
f 1034/1034/1034 1033/1033/1033 1035/1035/1035
f 1032/1032/1032 1035/1035/1035 1033/1033/1033
f 1035/1035/1035 1036/1036/1036 1034/1034/1034
f 1038/1038/1038 1034/1034/1034 1036/1036/1036
f 1036/1036/1036 1037/1037/1037 1038/1038/1038
f 1039/1039/1039 1038/1038/1038 1037/1037/1037
f 1037/1037/1037 1040/1040/1040 1039/1039/1039
f 1041/1041/1041 1039/1039/1039 1040/1040/1040
f 1042/1042/1042 1041/1041/1041 1043/1043/1043
f 1040/1040/1040 1043/1043/1043 1041/1041/1041
f 1043/1043/1043 1044/1044/1044 1042/1042/1042
f 1046/1046/1046 1042/1042/1042 1044/1044/1044
f 1044/1044/1044 1045/1045/1045 1046/1046/1046
f 1047/1047/1047 1046/1046/1046 1045/1045/1045
f 1045/1045/1045 1048/1048/1048 1047/1047/1047
f 1049/1049/1049 1047/1047/1047 1048/1048/1048
f 1050/1050/1050 1049/1049/1049 1051/1051/1051
f 1048/1048/1048 1051/1051/1051 1049/1049/1049
f 1051/1051/1051 1052/1052/1052 1050/1050/1050
f 1054/1054/1054 1050/1050/1050 1052/1052/1052
f 1052/1052/1052 1053/1053/1053 1054/1054/1054
f 1055/1055/1055 1054/1054/1054 1053/1053/1053
f 1053/1053/1053 1056/1056/1056 1055/1055/1055
f 1057/1057/1057 1055/1055/1055 1056/1056/1056
f 1058/1058/1058 1057/1057/1057 1059/1059/1059
f 1056/1056/1056 1059/1059/1059 1057/1057/1057
f 1059/1059/1059 1060/1060/1060 1058/1058/1058
f 1062/1062/1062 1058/1058/1058 1060/1060/1060
f 1060/1060/1060 1061/1061/1061 1062/1062/1062
f 1015/1015/1015 1063/1063/1063 1016/1016/1016
f 1064/1064/1064 1016/1016/1016 1063/1063/1063
f 1065/1065/1065 1064/1064/1064 1066/1066/1066
f 1063/1063/1063 1066/1066/1066 1064/1064/1064
f 1066/1066/1066 1067/1067/1067 1065/1065/1065
f 1067/1067/1067 1068/1068/1068 1069/1069/1069
f 1069/1069/1069 1065/1065/1065 1067/1067/1067
f 1070/1070/1070 1069/1069/1069 1068/1068/1068
f 1071/1071/1071 1070/1070/1070 1072/1072/1072
f 1068/1068/1068 1072/1072/1072 1070/1070/1070
f 1072/1072/1072 1073/1073/1073 1071/1071/1071
f 1073/1073/1073 1075/1075/1075 1074/1074/1074
f 1074/1074/1074 1071/1071/1071 1073/1073/1073
f 1076/1076/1076 1074/1074/1074 1075/1075/1075
f 1075/1075/1075 1077/1077/1077 1076/1076/1076
f 1079/1079/1079 1076/1076/1076 1077/1077/1077
f 1077/1077/1077 1078/1078/1078 1079/1079/1079