# https://github.com/mikedh/trimesh
mtllib material.mtl
usemtl material_0
v 0.00273400 0.25468600 0.07232500
v 0.00415050 0.25218300 0.07232500
v 0.00415050 0.25218300 0.23896400
v 0.00085650 0.25686450 0.07232500
v 0.00273400 0.25468600 0.23896400
v 0.00085650 0.25686400 0.23896400
v 0.00505150 0.24945200 0.23896400
v 0.00540250 0.24659750 0.23896400
v 0.00505150 0.24945200 0.07232500
v 0.00540250 0.24659750 0.07232500
v 0.00518950 0.24372950 0.07232500
v 0.00518950 0.24372950 0.23896400
v 0.00442150 0.24095800 0.23896400
v 0.00442150 0.24095800 0.07232500
v 0.00312700 0.23838950 0.23896400
v 0.00135700 0.23612350 0.23896400
v 0.00312700 0.23838950 0.07232500
v 0.00135650 0.23612350 0.07232500
v -0.00082150 0.23424600 0.07232500
v -0.00082150 0.23424600 0.23896400
v -0.00332450 0.23282950 0.23896400
v -0.00332450 0.23282950 0.07232500
v -0.00605550 0.23192850 0.23896400
v -0.00891000 0.23157750 0.23896400
v -0.00605550 0.23192850 0.07232500
v -0.00891000 0.23157750 0.07232500
v -0.01177800 0.23179000 0.07232500
v -0.01177800 0.23179050 0.23896400
v -0.01454900 0.23255850 0.23896400
v -0.01454900 0.23255850 0.07232500
v -0.01711750 0.23385250 0.23896400
v -0.01938400 0.23562300 0.23896400
v -0.01711750 0.23385250 0.07232500
v -0.01938450 0.23562300 0.07232500
v -0.02126150 0.23780150 0.07232500
v -0.02126150 0.23780150 0.23896400
v -0.02267800 0.24030400 0.23896400
v -0.02267800 0.24030400 0.07232500
v -0.02357900 0.24303550 0.23896400
v -0.02392950 0.24588950 0.23896400
v -0.02357900 0.24303550 0.07232500
v -0.02392950 0.24589000 0.07232500
v -0.02371700 0.24875750 0.07232500
v -0.02371700 0.24875750 0.23896400
v -0.02294850 0.25152900 0.23896400
v -0.02294900 0.25152900 0.07232500
v -0.02165450 0.25409750 0.23896400
v -0.01988400 0.25636400 0.23896400
v -0.02165450 0.25409750 0.07232500
v -0.01988450 0.25636400 0.07232500
v -0.01770600 0.25824150 0.07232500
v -0.01770600 0.25824150 0.23896400
v -0.01520300 0.25965800 0.23896400
v -0.01520350 0.25965800 0.07232500
v -0.01247200 0.26055900 0.23896400
v -0.00961750 0.26090950 0.23896400
v -0.01247200 0.26055900 0.07232500
v -0.00961750 0.26090950 0.07232500
v -0.00674950 0.26069700 0.07232500
v -0.00674950 0.26069700 0.23896400
v -0.00397800 0.25992850 0.23896400
v -0.00141000 0.25863450 0.23896400
v -0.00397800 0.25992850 0.07232500
v -0.00141000 0.25863450 0.07232500
v 0.00085650 0.25686450 0.07232500
v 0.00085650 0.25686400 0.23896400
v 0.03438200 0.20070100 0.28609450
v 0.03635700 0.20277250 0.28581250
v 0.11828250 0.12075300 0.28609450
v 0.03248200 0.19871000 0.28692950
v 0.11638250 0.11876250 0.28692950
v 0.11463050 0.11692850 0.28828500
v 0.11309400 0.11532250 0.29010950
v 0.03073000 0.19687600 0.28828500
v 0.02919300 0.19527000 0.29010950
v 0.02793000 0.19395300 0.29233250
v 0.11183100 0.11400550 0.29233250
v 0.11089100 0.11302850 0.29486900
v 0.11031000 0.11242900 0.29762100
v 0.02699050 0.19297600 0.29486900
v 0.02640950 0.19237650 0.29762100
v 0.02620950 0.19217750 0.30048300
v 0.11011000 0.11223000 0.30048300
v 0.11029950 0.11243900 0.30334500
v 0.02639850 0.19238650 0.30334500
v 0.11087050 0.11304800 0.30609700
v 0.11180050 0.11403400 0.30863350
v 0.02696950 0.19299600 0.30609700
v 0.02790000 0.19398200 0.30863350
v 0.02915450 0.19530650 0.31085650
v 0.11305550 0.11535900 0.31085650
v 0.11458550 0.11697150 0.31268100
v 0.11633250 0.11881000 0.31403650
v 0.03068450 0.19691900 0.31268100
v 0.03243200 0.19875750 0.31403650
v 0.03432900 0.20075150 0.31487150
v 0.11822950 0.12080400 0.31487150
v 0.12020300 0.12287650 0.31515350
v 0.12217800 0.12494800 0.31487150
v 0.03630300 0.20282400 0.31515350
v 0.03827750 0.20489550 0.31487150
v 0.04017750 0.20688650 0.31403650
v 0.12407850 0.12693850 0.31403650
v 0.12583050 0.12877250 0.31268100
v 0.04192950 0.20872000 0.31268100
v 0.12736750 0.13037850 0.31085650
v 0.04346650 0.21032650 0.31085650
v 0.12863000 0.13169550 0.30863350
v 0.04472950 0.21164350 0.30863350
v 0.12957000 0.13267250 0.30609700
v 0.13015100 0.13327200 0.30334500
v 0.04566950 0.21262050 0.30609700
v 0.04625050 0.21322000 0.30334500
v 0.04645050 0.21341900 0.30048300
v 0.13035100 0.13347100 0.30048300
v 0.12025750 0.12282450 0.28581250
v 0.03833100 0.20484500 0.28609450
v 0.12223150 0.12489700 0.28609450
v 0.04022750 0.20683850 0.28692950
v 0.12412850 0.12689100 0.28692950
v 0.04197500 0.20867750 0.28828500
v 0.12587550 0.12872950 0.28828500
v 0.04350500 0.21029000 0.29010950
v 0.12740550 0.13034200 0.29010950
v 0.04475950 0.21161450 0.29233250
v 0.12866050 0.13166700 0.29233250
v 0.04569000 0.21260050 0.29486900
v 0.12959100 0.13265300 0.29486900
v 0.04626100 0.21321000 0.29762100
v 0.13016150 0.13326200 0.29762100
v 0.04645050 0.21341900 0.30048300
v 0.13035100 0.13347100 0.30048300
v -0.01988400 0.25636400 0.23896400
v -0.01933300 0.25583800 0.24899100
v -0.01770600 0.25824150 0.23896400
v -0.02110500 0.25357300 0.24895400
v -0.02165450 0.25409750 0.23896400
v -0.02240400 0.25101000 0.24884550
v -0.02294850 0.25152900 0.23896400
v -0.02318050 0.24824650 0.24866850
v -0.02371700 0.24875750 0.23896400
v -0.02340450 0.24538900 0.24843100
v -0.02392950 0.24588950 0.23896400
v -0.02306750 0.24254800 0.24814100
v -0.02357900 0.24303550 0.23896400
v -0.02218200 0.23983150 0.24781050
v -0.02267800 0.24030400 0.23896400
v -0.02078300 0.23734500 0.24745200
v -0.02126150 0.23780150 0.23896400
v -0.01892300 0.23518350 0.24707900
v -0.01938400 0.23562300 0.23896400
v -0.01667350 0.23343000 0.24670600
v -0.01711750 0.23385250 0.23896400
v -0.01412250 0.23215200 0.24634750
v -0.01454900 0.23255850 0.23896400
v -0.01136700 0.23139850 0.24601700
v -0.01177800 0.23179050 0.23896400
v -0.00851250 0.23119900 0.24572750
v -0.00891000 0.23157750 0.23896400
v -0.00605550 0.23192850 0.23896400
v -0.00566950 0.23156050 0.24548950
v -0.00294650 0.23246950 0.24531300
v -0.00467150 0.23060950 0.25189000
v -0.00748100 0.23021600 0.25236150
v -0.01029400 0.23037650 0.25293600
v -0.00583200 0.22864450 0.25875350
v -0.00857800 0.22874100 0.25960300
v -0.01120950 0.22937650 0.26057200
v -0.00624700 0.22652000 0.26590400
v -0.00877300 0.22705450 0.26717050
v -0.01107550 0.22809500 0.26854450
v -0.00789250 0.22506250 0.27494700
v -0.00573450 0.22415950 0.27327400
v -0.00334200 0.22375150 0.27173200
v -0.00214650 0.22074000 0.27877850
v -0.00413300 0.22148000 0.28072200
v -0.00579450 0.22267350 0.28274300
v 0.00013900 0.21740900 0.28577100
v -0.00131900 0.21840900 0.28803900
v 0.00361800 0.21370450 0.29248400
v 0.00277350 0.21489850 0.29496000
v -0.00238850 0.21981750 0.29030700
v -0.00706700 0.22427550 0.28476450
v -0.00302750 0.22157950 0.29248800
v 0.00235050 0.21645500 0.29734100
v 0.00236450 0.21831400 0.29953550
v 0.00814000 0.21093800 0.30118500
v 0.00836950 0.21259200 0.30352650
v 0.00900950 0.21450250 0.30557850
v 0.01469950 0.20656050 0.30640250
v 0.01553850 0.20828100 0.30854850
v 0.01672700 0.21021900 0.31031000
v 0.02229150 0.20184600 0.31031800
v 0.02365000 0.20362250 0.31212600
v 0.02526900 0.20558300 0.31346950
v 0.03068450 0.19691900 0.31268100
v 0.03243200 0.19875750 0.31403650
v 0.03432900 0.20075150 0.31487150
v 0.02708750 0.20765200 0.31429750
v 0.03630300 0.20282400 0.31515350
v 0.03827750 0.20489550 0.31487150
v 0.02903450 0.20974950 0.31457650
v 0.03103600 0.21179600 0.31429750
v 0.01996200 0.21444150 0.31242450
v 0.02188300 0.21656450 0.31269650
v 0.01496950 0.22315200 0.30954550
v 0.02391050 0.21858550 0.31242450
v 0.01307350 0.22100550 0.30928500
v 0.00654050 0.22723100 0.30493250
v 0.00494500 0.22494950 0.30421000
v 0.01140750 0.21879150 0.30851450
v 0.01003500 0.21659600 0.30726300
v 0.01822100 0.21229900 0.31161850
v 0.00368750 0.22264450 0.30303750
v -0.00220750 0.22826150 0.29770500
v -0.00293550 0.22588450 0.29625950
v 0.00281650 0.22040400 0.30145900
v -0.00321200 0.22362850 0.29449750
v -0.00826650 0.22844450 0.28849900
v -0.00790200 0.22622400 0.28670800
v -0.01118300 0.22819750 0.27842650
v -0.01218900 0.23030950 0.28010000
v -0.01581650 0.23376600 0.27277650
v -0.01271200 0.23268000 0.28164150
v -0.01466600 0.23151650 0.27140250
v -0.01573600 0.23214700 0.26271700
v -0.01306500 0.22960150 0.26997350
v -0.01745650 0.23417550 0.26381100
v -0.01872200 0.23653450 0.26486250
v -0.01770000 0.23401800 0.25504200
v -0.01950700 0.23612950 0.25578150
v -0.02085600 0.23856800 0.25649300
v -0.01948350 0.23913250 0.26583150
v -0.02169450 0.24123950 0.25714850
v -0.02199100 0.24404200 0.25772300
v -0.01971200 0.24187100 0.26668100
v -0.01939900 0.24464350 0.26737800
v -0.01660800 0.23891300 0.27515250
v -0.01621900 0.24161300 0.27606350
v -0.01224650 0.23782750 0.28410200
v -0.01127600 0.24040600 0.28492650
v -0.01531950 0.24425950 0.27674050
v -0.01855650 0.24734350 0.26789600
v -0.00985750 0.24285550 0.28543400
v -0.01394500 0.24675050 0.27715700
v -0.01721650 0.24986850 0.26821500
v -0.01214700 0.24899100 0.27729800
v -0.00804500 0.24508200 0.28560500
v -0.00319350 0.24045950 0.29310350
v -0.00107500 0.24239400 0.29290450
v -0.00590850 0.24699950 0.28543400
v -0.00999600 0.25089450 0.27715700
v -0.00353000 0.24853500 0.28492650
v 0.00125150 0.24397850 0.29231450
v 0.00369600 0.24515250 0.29135750
v 0.00668950 0.23879700 0.29877950
v 0.00903750 0.24006250 0.29770500
v 0.01137700 0.24090450 0.29625950
v 0.01493250 0.23444550 0.30303750
v 0.01712850 0.23542400 0.30145900
v 0.01919400 0.23597550 0.29953550
v 0.02332150 0.22952250 0.30557850
v 0.02519850 0.23025350 0.30352650
v 0.02684000 0.23056250 0.30118500
v 0.03152900 0.22422200 0.30640250
v 0.03294300 0.22474700 0.30395400
v 0.03403850 0.22485600 0.30129700
v 0.03925550 0.21873200 0.30560050
v 0.04009600 0.21908400 0.30287300
v 0.04056600 0.21902600 0.30003650
v 0.04625050 0.21322000 0.30334500
v 0.04645050 0.21341900 0.30048300
v 0.04566950 0.21262050 0.30609700
v 0.03807650 0.21798300 0.30811450
v 0.04472950 0.21164350 0.30863350
v 0.03660400 0.21686600 0.31031800
v 0.04346650 0.21032650 0.31085650
v 0.03489500 0.21542350 0.31212600
v 0.04192950 0.20872000 0.31268100
v 0.04017750 0.20688650 0.31403650
v 0.03301500 0.21371150 0.31347000
v 0.02596650 0.22042800 0.31161850
v 0.02797200 0.22202000 0.31031000
v 0.01702250 0.22514950 0.30928500
v 0.01915300 0.22692050 0.30851450
v 0.01269050 0.23307850 0.30421000
v 0.02128000 0.22839700 0.30726300
v 0.01048900 0.23137500 0.30493250
v 0.00232300 0.23520250 0.29966450
v 0.00841250 0.22940050 0.30517650
v 0.00442200 0.23715600 0.29944100
v 0.00047350 0.23301200 0.29944100
v -0.00105650 0.23066800 0.29877950
v -0.00649400 0.23585000 0.29231450
v -0.00502350 0.23825000 0.29290450
v -0.00754900 0.23335150 0.29135750
v -0.01273100 0.23521850 0.28299300
v -0.00814750 0.23085100 0.29006900
v -0.01647200 0.23626350 0.27404250
v 0.02985050 0.22330100 0.30854850
v 0.03477350 0.22454500 0.29853450
v 0.02818200 0.23043700 0.29864450
v 0.02917300 0.22988200 0.29600250
v 0.02262500 0.23573200 0.29496000
v 0.02385850 0.23494600 0.29248400
v 0.01746300 0.24065050 0.29030700
v 0.01892150 0.23965050 0.28803900
v 0.01444600 0.24391500 0.28274300
v 0.01278450 0.24510900 0.28476450
v 0.00651100 0.24993400 0.28010000
v 0.00866850 0.24903100 0.27842700
v 0.01079800 0.24584850 0.28670800
v 0.00856300 0.24610600 0.28849900
v 0.01567250 0.24120400 0.29248800
v 0.00411750 0.25034150 0.28164150
v -0.00229600 0.25393300 0.27515250
v 0.00035750 0.25392500 0.27404250
v 0.00158100 0.25023850 0.28299300
v -0.00100100 0.24962850 0.28410200
v -0.00497400 0.25341400 0.27606350
v 0.00616450 0.24587100 0.29006900
v 0.01361700 0.24129000 0.29449750
v 0.02105000 0.23607950 0.29734100
v -0.00815400 0.25644450 0.26737800
v -0.00757400 0.25238800 0.27674050
v -0.01081100 0.25547250 0.26789600
v -0.01326800 0.25401250 0.26821500
v -0.01566800 0.25629950 0.25876050
v -0.01318550 0.25773550 0.25854450
v -0.01715600 0.25771700 0.24895400
v -0.01465850 0.25913850 0.24884550
v -0.01048800 0.25866800 0.25819450
v -0.01193550 0.26004750 0.24866850
v -0.00767850 0.25906200 0.25772300
v -0.00540000 0.25689050 0.26668100
v -0.00265400 0.25679450 0.26583150
v -0.00002200 0.25615900 0.26486250
v 0.00288350 0.25339050 0.27277650
v -0.00486500 0.25890100 0.25714850
v -0.00215600 0.25819250 0.25649300
v -0.00909250 0.26040900 0.24843100
v -0.00623800 0.26020950 0.24814100
v -0.00674950 0.26069700 0.23896400
v -0.00348250 0.25945600 0.24781050
v -0.00397800 0.25992850 0.23896400
v -0.00141000 0.25863450 0.23896400
v -0.00093100 0.25817800 0.24745200
v 0.00085650 0.25686400 0.23896400
v 0.00131750 0.25642500 0.24707900
v 0.00254050 0.25525950 0.25504200
v 0.00450450 0.25338850 0.26271700
v 0.00034450 0.25696250 0.25578150
v 0.00239500 0.25500900 0.26381100
v 0.00518550 0.25234950 0.27140250
v 0.00717550 0.25084300 0.26997350
v 0.01050800 0.24766750 0.27668700
v -0.00961750 0.26090950 0.23896400
v -0.01247200 0.26055900 0.23896400
v -0.01520300 0.25965800 0.23896400
v -0.01783950 0.25441550 0.25883300
v -0.01961700 0.25215550 0.25876050
v -0.01543050 0.25212000 0.26832250
v -0.02093150 0.24960700 0.25854450
v -0.02173300 0.24686700 0.25819450
v -0.01550350 0.23231500 0.25430250
v -0.01300300 0.23108550 0.25359150
v -0.01362700 0.23052650 0.26162350
v -0.00973200 0.22642600 0.27668700
v 0.02915450 0.19530650 0.31085650
v 0.02124700 0.20032150 0.30811450
v 0.02790000 0.19398200 0.30863350
v 0.02055600 0.19910750 0.30560050
v 0.02696950 0.19299600 0.30609700
v 0.02024450 0.19825100 0.30287300
v 0.02639850 0.19238650 0.30334500
v 0.02620950 0.19217750 0.30048300
v 0.02032550 0.19778450 0.30003600
v 0.01526850 0.20299250 0.29577150
v 0.01453300 0.20330350 0.29853400
v 0.02079500 0.19772650 0.29719950
v 0.02163550 0.19807850 0.29447200
v 0.01636400 0.20310200 0.29311450
v 0.02640950 0.19237650 0.29762100
v 0.02699050 0.19297600 0.29486900
v 0.02281450 0.19882750 0.29195800
v 0.02793000 0.19395300 0.29233250
v 0.02428700 0.19994450 0.28975450
v 0.02919300 0.19527000 0.29010950
v 0.02599600 0.20138700 0.28794650
v 0.03073000 0.19687600 0.28828500
v 0.02787600 0.20309900 0.28660300
v 0.03248200 0.19871000 0.28692950
v 0.03438200 0.20070100 0.28609450
v 0.02985500 0.20501450 0.28577550
v 0.02742400 0.21128450 0.28437200
v 0.02539650 0.20926300 0.28464400
v 0.03185650 0.20706100 0.28549600
v 0.03380400 0.20915850 0.28577550
v 0.03635700 0.20277250 0.28581250
v 0.02934500 0.21340700 0.28464400
v 0.02669800 0.21973100 0.28349050
v 0.02503150 0.21751750 0.28272000
v 0.03108650 0.21554950 0.28545000
v 0.03257950 0.21763000 0.28675900
v 0.02807000 0.22192700 0.28474200
v 0.03562200 0.21122750 0.28660300
v 0.04022750 0.20683850 0.28692950
v 0.03833100 0.20484500 0.28609450
v 0.03724100 0.21318800 0.28794650
v 0.03859950 0.21496450 0.28975500
v 0.04197500 0.20867750 0.28828500
v 0.03376900 0.21956750 0.28852000
v 0.02909600 0.22402000 0.28642650
v 0.03460750 0.22128850 0.29066600
v 0.02973550 0.22593050 0.28847850
v 0.02512650 0.23219550 0.28762700
v 0.02996500 0.22758450 0.29082000
v 0.02511200 0.23033650 0.28543250
v 0.02063050 0.23647950 0.28359000
v 0.02081500 0.23443100 0.28158050
v 0.02466050 0.22824650 0.28350900
v 0.02053800 0.23217500 0.27981850
v 0.02378900 0.22600600 0.28193050
v 0.01981000 0.22979800 0.27837300
v 0.02253150 0.22370100 0.28075800
v 0.02093650 0.22142000 0.28003550
v 0.01865950 0.22739100 0.27729850
v 0.01620050 0.23323750 0.27412900
v 0.01514600 0.23073900 0.27317150
v 0.01712900 0.22504750 0.27663700
v 0.01367500 0.22833900 0.27258200
v 0.01527950 0.22285700 0.27641350
v 0.01906400 0.21925050 0.27979150
v 0.01698750 0.21727600 0.28003550
v 0.02313550 0.21537050 0.28245950
v 0.02108300 0.21337350 0.28272000
v 0.01895200 0.21160250 0.28349050
v 0.02334050 0.20742100 0.28545000
v 0.02133450 0.20582850 0.28675850
v 0.01682500 0.21012600 0.28474200
v 0.01945650 0.20454750 0.28852000
v 0.01777800 0.20362700 0.29066600
v 0.01478350 0.20900050 0.28642600
v 0.01034850 0.21322650 0.28350900
v 0.01290650 0.20826900 0.28847850
v 0.01254400 0.21420500 0.28193050
v 0.01091350 0.21926250 0.27729850
v 0.01478600 0.21557200 0.28075800
v 0.00856500 0.21799650 0.27837250
v 0.00740000 0.22261050 0.27317150
v 0.00622600 0.21715500 0.27981850
v 0.00495550 0.22143600 0.27412900
v 0.00430600 0.22555850 0.26844750
v 0.00177700 0.22446500 0.26927150
v 0.00248700 0.22071800 0.27541750
v -0.00080550 0.22385450 0.27038050
v 0.00008850 0.22048300 0.27698750
v 0.00398550 0.21676950 0.28158000
v 0.00193050 0.21685500 0.28359000
v 0.00828250 0.21267500 0.28543250
v 0.00642650 0.21257100 0.28762700
v 0.00485150 0.21291850 0.29000800
v 0.01126550 0.20796000 0.29082000
v 0.00992350 0.20808550 0.29336050
v 0.00893250 0.20864050 0.29600250
v 0.00833050 0.20960400 0.29864450
v 0.01418700 0.20402300 0.30129700
v 0.01424350 0.20512250 0.30395400
v -0.00359400 0.22651200 0.26479450
v -0.00091600 0.22703100 0.26388350
v -0.00042100 0.23006300 0.25753850
v 0.00168400 0.22805700 0.26320650
v -0.00307750 0.22909100 0.25805650
v -0.00197350 0.23154200 0.25154000
v 0.00050900 0.23297800 0.25132400
v -0.00044900 0.23389100 0.24520400
v 0.00172750 0.23577000 0.24516750
v -0.00082150 0.23424600 0.23896400
v -0.00332450 0.23282950 0.23896400
v 0.00135700 0.23612350 0.23896400
v 0.00349950 0.23803500 0.24520400
v 0.00312700 0.23838950 0.23896400
v 0.00479900 0.24059850 0.24531300
v 0.00442150 0.24095800 0.23896400
v 0.00557550 0.24336150 0.24548950
v 0.00518950 0.24372950 0.23896400
v 0.00579950 0.24621900 0.24572750
v 0.00540250 0.24659750 0.23896400
v 0.00546250 0.24906050 0.24601700
v 0.00505150 0.24945200 0.23896400
v 0.00457700 0.25177650 0.24634750
v 0.00415050 0.25218300 0.23896400
v 0.00273400 0.25468600 0.23896400
v 0.00317750 0.25426300 0.24670600
v 0.00569650 0.25071000 0.25359150
v 0.00131750 0.25642500 0.24707900
v 0.00434800 0.25314800 0.25430250
v 0.00254050 0.25525950 0.25504200
v 0.00622500 0.25135950 0.26162350
v 0.00749000 0.24900100 0.26057200
v 0.00825150 0.24640250 0.25960300
v 0.00992650 0.24667900 0.26717050
v 0.01058250 0.24418150 0.26590400
v 0.01348800 0.24141300 0.27173200
v 0.01350700 0.23887450 0.27038050
v 0.01071800 0.24153200 0.26479450
v 0.01032900 0.23883200 0.26388350
v 0.01302200 0.23626600 0.26927150
v 0.00848050 0.24366450 0.25875350
v 0.00816750 0.24089200 0.25805650
v 0.00653500 0.24803800 0.25293600
v 0.00683150 0.24523600 0.25236150
v 0.00657400 0.24241050 0.25189000
v 0.00577200 0.23967100 0.25154000
v 0.00732450 0.23819150 0.25753850
v 0.00598450 0.23566700 0.25721950
v 0.00943000 0.23618550 0.26320650
v 0.00805500 0.23369450 0.26279000
v 0.01063300 0.23123750 0.26794000
v 0.00882100 0.22901100 0.26776850
v 0.00625750 0.23145400 0.26264900
v 0.00419900 0.23341550 0.25711200
v 0.00410650 0.22955050 0.26279000
v 0.00668450 0.22709350 0.26794000
v 0.00972650 0.22419500 0.27258200
v 0.01318050 0.22090350 0.27663700
v 0.01184550 0.22612900 0.27238300
v 0.00203600 0.23152300 0.25721950
v 0.00268000 0.23486250 0.25125150
v 0.00445750 0.23712200 0.25132400
v 0.01205150 0.23368700 0.26844750
v 0.01679900 0.23573800 0.27541750
v 0.01691800 0.23814450 0.27698750
v 0.01655300 0.24036450 0.27877850
v 0.01296500 0.24378400 0.27327400
v 0.01195900 0.24589550 0.27494700
v 0.00877600 0.24892850 0.26854450
v 0.00450450 0.25338850 0.26271700
v 0.00717550 0.25084300 0.26997350
v 0.01050800 0.24766750 0.27668700
v 0.01571850 0.24231300 0.28072200
v 0.01444600 0.24391500 0.28274300
v 0.01892150 0.23965050 0.28803900
v 0.01999100 0.23824200 0.28577100
v 0.02470350 0.23375200 0.29000800
v 0.02385850 0.23494600 0.29248400
v 0.02977500 0.22891900 0.29336050
v 0.02917300 0.22988200 0.29600250
v 0.03512000 0.22382600 0.29577150
v 0.03506350 0.22272650 0.29311450
v 0.04033550 0.21770300 0.29447200
v 0.03964400 0.21648900 0.29195800
v 0.04475950 0.21161450 0.29233250
v 0.04350500 0.21029000 0.29010950
v 0.04569000 0.21260050 0.29486900
v 0.04626100 0.21321000 0.29762100
v 0.04064650 0.21855950 0.29719950
v 0.04056600 0.21902600 0.30003650
v 0.03477350 0.22454500 0.29853450
v 0.04645050 0.21341900 0.30048300
v 0.00085650 0.25686400 0.23896400
v 0.11638250 0.11876250 0.28692950
v 0.11828250 0.12075300 0.28609450
v 0.11965300 0.11564600 0.28649900
v 0.11463050 0.11692850 0.28828500
v 0.11802950 0.11369000 0.28784300
v 0.11666550 0.11191850 0.28965250
v 0.12016400 0.10858550 0.28855250
v 0.12135700 0.11051900 0.28678950
v 0.12285400 0.11259600 0.28547950
v 0.12455600 0.10747100 0.28514250
v 0.12352700 0.10538050 0.28682850
v 0.12624350 0.10027200 0.28643600
v 0.12669750 0.10235950 0.28451050
v 0.12288300 0.10347400 0.28888300
v 0.11931950 0.10686950 0.29070050
v 0.12264900 0.10182450 0.29122700
v 0.12622600 0.09841600 0.28863250
v 0.12664600 0.09686250 0.29101650
v 0.13016300 0.09351100 0.28759550
v 0.12952550 0.09527200 0.28541300
v 0.12934250 0.09731900 0.28340150
v 0.13332550 0.09049800 0.28356750
v 0.13249100 0.09244600 0.28162300
v 0.13212700 0.09466600 0.27983150
v 0.13507100 0.08998750 0.27732900
v 0.13607800 0.08787500 0.27900100
v 0.13752900 0.08610250 0.28073950
v 0.13997550 0.08377200 0.27540150
v 0.13837300 0.08568800 0.27397550
v 0.13722150 0.08793850 0.27260500
v 0.14189350 0.08194400 0.26966600
v 0.14017150 0.08397400 0.26857800
v 0.13890450 0.08633450 0.26753200
v 0.14325100 0.08065050 0.26363300
v 0.14144250 0.08276300 0.26290150
v 0.14009250 0.08520300 0.26219800
v 0.14402450 0.07991400 0.25740600
v 0.14216350 0.08207650 0.25704350
v 0.14419150 0.07975400 0.25137300
v 0.14231450 0.08193250 0.25138600
v 0.14076300 0.08456400 0.25669500
v 0.13987700 0.08728100 0.25637400
v 0.14089800 0.08443500 0.25139850
v 0.13925200 0.08787600 0.26155000
v 0.13814150 0.08893400 0.26656800
v 0.13791150 0.09167350 0.26572300
v 0.13895450 0.09067950 0.26098150
v 0.13822350 0.09444700 0.26502950
v 0.13921150 0.09350600 0.26051550
v 0.13953900 0.09012300 0.25609250
v 0.13976250 0.09298100 0.25586150
v 0.13999750 0.08716550 0.25141000
v 0.13964700 0.09002000 0.25142050
v 0.13986050 0.09288750 0.25142850
v 0.14062900 0.09565850 0.25143500
v 0.14053850 0.09574500 0.25569000
v 0.14001200 0.09624600 0.26016900
v 0.14132650 0.09879550 0.25995550
v 0.14183750 0.09830850 0.25558450
v 0.14360950 0.10057350 0.25554850
v 0.14192300 0.09822650 0.25143850
v 0.14310350 0.10105550 0.25988350
v 0.14219050 0.10192500 0.26408950
v 0.14527550 0.10293900 0.25995550
v 0.14435400 0.10381700 0.26419700
v 0.14303800 0.10507150 0.26823450
v 0.14546050 0.10656450 0.26865000
v 0.14681100 0.10527700 0.26451400
v 0.14946850 0.10624800 0.26502950
v 0.14775800 0.10437500 0.26016900
v 0.14806100 0.10758950 0.26932550
v 0.14884050 0.10991750 0.27443800
v 0.15074000 0.10810750 0.27023450
v 0.14625800 0.10930800 0.27332950
v 0.14655800 0.11209200 0.27826100
v 0.14409000 0.11137350 0.27697250
v 0.14372850 0.10821450 0.27250600
v 0.14135000 0.10667950 0.27199900
v 0.14164550 0.11019950 0.27601450
v 0.13931900 0.10861450 0.27542500
v 0.13924750 0.11248450 0.27911600
v 0.14159500 0.11375100 0.28019150
v 0.14101000 0.11737950 0.28451050
v 0.14393300 0.11459400 0.28163800
v 0.13881600 0.11639900 0.28293050
v 0.13783900 0.12040050 0.28682850
v 0.13580100 0.11927200 0.28514250
v 0.13657550 0.11503000 0.28175600
v 0.13367650 0.11779300 0.28388950
v 0.13437500 0.11332550 0.28103300
v 0.13698100 0.11084300 0.27845400
v 0.13488200 0.10888950 0.27823050
v 0.13720000 0.10668050 0.27522600
v 0.13740100 0.10253550 0.27199900
v 0.13921350 0.10476200 0.27182750
v 0.13537000 0.10447050 0.27542500
v 0.13303200 0.10669900 0.27845400
v 0.13390000 0.10207050 0.27601450
v 0.13598250 0.10008600 0.27250600
v 0.13501250 0.09750700 0.27332950
v 0.13681600 0.09578850 0.26932550
v 0.13771450 0.09843550 0.26865000
v 0.13908900 0.10092750 0.26823450
v 0.13906550 0.09714800 0.26451400
v 0.14040500 0.09967350 0.26419700
v 0.14088650 0.10316800 0.26809400
v 0.13642750 0.09308750 0.27023450
v 0.13452800 0.09489750 0.27443800
v 0.13656450 0.09043700 0.27134150
v 0.13454800 0.09235850 0.27578850
v 0.13224600 0.09707250 0.27826100
v 0.13284450 0.09957250 0.27697250
v 0.12962100 0.09957400 0.28163800
v 0.13035000 0.10195000 0.28019100
v 0.12883000 0.10690150 0.28175600
v 0.12757100 0.10459800 0.28293050
v 0.13150150 0.10435550 0.27911600
v 0.13042650 0.10918200 0.28103300
v 0.13229850 0.11135100 0.28078900
v 0.12759850 0.11187650 0.28311800
v 0.12949500 0.11402300 0.28285750
v 0.12854550 0.11888050 0.28467300
v 0.13154700 0.11602050 0.28311850
v 0.12651850 0.11685850 0.28440050
v 0.12342200 0.11980950 0.28539150
v 0.12459700 0.11473650 0.28467300
v 0.12542250 0.12185650 0.28567100
v 0.12223150 0.12489700 0.28609450
v 0.12412850 0.12689100 0.28692950
v 0.12739850 0.12377500 0.28649900
v 0.12587550 0.12872950 0.28828500
v 0.12927450 0.12549100 0.28784350
v 0.13059950 0.12072450 0.28548000
v 0.13260200 0.12232000 0.28679000
v 0.13097800 0.12693850 0.28965250
v 0.13447550 0.12360550 0.28855250
v 0.13614900 0.12453100 0.29070100
v 0.13244350 0.12806200 0.29185750
v 0.12866050 0.13166700 0.29233250
v 0.12959100 0.13265300 0.29486900
v 0.13361450 0.12881850 0.29437250
v 0.13016150 0.13326200 0.29762100
v 0.13444700 0.12917900 0.29710200
v 0.13755700 0.12506200 0.29315150
v 0.13864600 0.12517750 0.29581100
v 0.13971250 0.12113550 0.28888350
v 0.14134900 0.12144850 0.29122750
v 0.14268600 0.12132800 0.29377050
v 0.14307300 0.11793350 0.28643600
v 0.14492600 0.11804050 0.28863300
v 0.14649750 0.11769600 0.29101650
v 0.14617150 0.11498050 0.28340150
v 0.14822550 0.11489650 0.28541300
v 0.15001450 0.11434450 0.28759550
v 0.14895600 0.11232750 0.27983150
v 0.15119100 0.11207050 0.28162300
v 0.15317700 0.11133100 0.28356750
v 0.15377100 0.10961200 0.27732950
v 0.15137750 0.11002000 0.27578850
v 0.15339400 0.10809850 0.27134150
v 0.15592150 0.10756300 0.27260500
v 0.15222400 0.10669350 0.26572300
v 0.15497100 0.10659550 0.26656800
v 0.15760450 0.10595900 0.26753200
v 0.15326700 0.10569950 0.26098200
v 0.15608150 0.10553750 0.26155000
v 0.15385100 0.10514300 0.25609250
v 0.15879200 0.10482750 0.26219800
v 0.15670600 0.10494250 0.25637400
v 0.15946300 0.10418850 0.25669500
v 0.15395950 0.10503950 0.25142050
v 0.15682700 0.10482700 0.25141050
v 0.15959800 0.10405950 0.25139850
v 0.16201500 0.10290950 0.25704350
v 0.16216600 0.10276550 0.25138600
v 0.16426500 0.10115500 0.25740600
v 0.16443250 0.10099550 0.25137300
v 0.16349200 0.10189150 0.26363300
v 0.16213450 0.10318500 0.26966600
v 0.16129400 0.10359650 0.26290150
v 0.16002350 0.10480700 0.26857800
v 0.15822500 0.10652100 0.27397600
v 0.16021600 0.10501300 0.27540150
v 0.15777000 0.10734400 0.28074000
v 0.15592950 0.10870800 0.27900100
v 0.15483800 0.11013750 0.28558900
v 0.15147100 0.11334600 0.28986550
v 0.14772750 0.11691300 0.29349550
v 0.14367200 0.12077800 0.29641550
v 0.13937350 0.12487350 0.29857650
v 0.13490800 0.12912900 0.29994000
v 0.13035100 0.13347100 0.30048300
v 0.15110550 0.10468850 0.25142850
v 0.14837450 0.10378750 0.25143500
v 0.15100750 0.10478200 0.25586150
v 0.15045650 0.10530700 0.26051550
v 0.14828400 0.10387350 0.25569000
v 0.14578600 0.10245250 0.25558450
v 0.14587200 0.10237050 0.25143850
v 0.14369350 0.10049300 0.25144000
v 0.12740550 0.13034200 0.29010950
v 0.12025750 0.12282450 0.28581250
v 0.12147400 0.11771250 0.28567100
v 0.12593050 0.10966400 0.28388950
v 0.14645800 0.07798400 0.25136000
v 0.14902550 0.07669050 0.25134750
v 0.14627400 0.07815950 0.25776800
v 0.14544900 0.07894550 0.26436450
v 0.14882600 0.07688050 0.25811650
v 0.14795100 0.07771450 0.26506750
v 0.15179700 0.07592200 0.25133600
v 0.15158300 0.07612650 0.25843800
v 0.15466450 0.07570950 0.25132600
v 0.15066150 0.07700450 0.26571600
v 0.15443800 0.07592600 0.25871900
v 0.15347600 0.07684250 0.26628400
v 0.15728150 0.07628700 0.25895050
v 0.15751900 0.07606050 0.25131750
v 0.16025000 0.07696150 0.25131150
v 0.16275300 0.07837800 0.25130750
v 0.16000500 0.07719550 0.25912200
v 0.16250300 0.07861650 0.25922750
v 0.15628650 0.07723550 0.26675050
v 0.15898500 0.07816750 0.26709650
v 0.15721650 0.07985200 0.27481800
v 0.16146800 0.07960300 0.26731000
v 0.15455950 0.07888100 0.27430300
v 0.15180400 0.07843550 0.27360950
v 0.15213050 0.08119550 0.28147750
v 0.14945150 0.08067750 0.28056850
v 0.14679750 0.08068650 0.27946100
v 0.14645850 0.08352900 0.28704150
v 0.14392150 0.08342650 0.28569100
v 0.13824450 0.08696350 0.28955500
v 0.14047950 0.08670650 0.29134650
v 0.14152800 0.08383500 0.28415050
v 0.13625850 0.08770300 0.28761100
v 0.13936950 0.08473850 0.28247850
v 0.14427000 0.08122200 0.27819800
v 0.14196650 0.08226400 0.27682700
v 0.14905700 0.07853300 0.27276450
v 0.14642350 0.07917000 0.27180000
v 0.14400450 0.08032150 0.27075400
v 0.13459750 0.08889650 0.28558900
v 0.13123050 0.09210450 0.28986550
v 0.13268700 0.09110600 0.29213550
v 0.12748700 0.09567200 0.29349500
v 0.12871750 0.09488900 0.29597400
v 0.12343100 0.09953650 0.29641550
v 0.12283450 0.10049450 0.29377050
v 0.11885700 0.10543750 0.29315150
v 0.11879400 0.10434450 0.29581050
v 0.11491500 0.10919400 0.29437250
v 0.11913300 0.10363200 0.29857650
v 0.11459550 0.10834550 0.29710150
v 0.11466750 0.10788750 0.29994000
v 0.11031000 0.11242900 0.29762100
v 0.11089100 0.11302850 0.29486900
v 0.11183100 0.11400550 0.29233250
v 0.11561400 0.11040050 0.29185700
v 0.11309400 0.11532250 0.29010950
v 0.11011000 0.11223000 0.30048300
v 0.11512800 0.10783800 0.30277800
v 0.11029950 0.11243900 0.30334500
v 0.11087050 0.11304800 0.30609700
v 0.11596000 0.10819800 0.30550750
v 0.11713150 0.10895450 0.30802250
v 0.12235800 0.10397400 0.30645200
v 0.12095000 0.10344300 0.30400100
v 0.11986100 0.10332750 0.30134200
v 0.12739100 0.09917900 0.30394800
v 0.12575400 0.09886550 0.30160400
v 0.12441700 0.09898650 0.29906050
v 0.13214200 0.09465150 0.30055450
v 0.13028900 0.09454450 0.29835750
v 0.13653050 0.09047000 0.29632950
v 0.13447650 0.09055400 0.29431800
v 0.13876900 0.09085650 0.29809250
v 0.14287700 0.08694200 0.29291700
v 0.14534550 0.08766050 0.29420550
v 0.14904150 0.08413900 0.28815000
v 0.15473100 0.08222050 0.28215250
v 0.15157050 0.08523200 0.28897350
v 0.15394950 0.08676700 0.28948050
v 0.15715400 0.08371350 0.28256850
v 0.14779000 0.08883450 0.29516350
v 0.14110700 0.09169950 0.29953950
v 0.14345450 0.09296600 0.30061500
v 0.15011650 0.09041950 0.29575300
v 0.14572150 0.09460750 0.30127700
v 0.15223500 0.09235400 0.29595200
v 0.15608600 0.08868450 0.28965200
v 0.16110250 0.08785750 0.28256850
v 0.15930500 0.08561700 0.28270900
v 0.15789800 0.09091100 0.28948050
v 0.15406550 0.09456350 0.29575300
v 0.15931650 0.09336100 0.28897350
v 0.16247700 0.09034950 0.28215250
v 0.16337550 0.09299650 0.28147750
v 0.16580450 0.09068200 0.27430300
v 0.16496250 0.08798050 0.27481800
v 0.16362300 0.08545550 0.27513550
v 0.16753150 0.08903650 0.26675050
v 0.16673100 0.08629600 0.26709650
v 0.16541650 0.08374650 0.26731000
v 0.16852700 0.08808800 0.25895050
v 0.16775050 0.08532400 0.25912200
v 0.16645200 0.08276050 0.25922750
v 0.16876400 0.08786150 0.25131750
v 0.16799550 0.08509050 0.25131150
v 0.16670150 0.08252200 0.25130750
v 0.16493150 0.08025550 0.25130650
v 0.16467950 0.08049550 0.25926300
v 0.16363950 0.08148700 0.26738200
v 0.15967450 0.08131150 0.27513550
v 0.16183750 0.08320400 0.27524250
v 0.16897700 0.09072950 0.25132600
v 0.16862650 0.09358350 0.25133600
v 0.16875000 0.09094600 0.25871900
v 0.16841250 0.09378800 0.25843800
v 0.16778800 0.09186250 0.26628400
v 0.16749050 0.09466600 0.26571600
v 0.16611650 0.09345550 0.27360950
v 0.16376350 0.09569700 0.28056850
v 0.16588650 0.09619450 0.27276450
v 0.16665050 0.09733900 0.26506750
v 0.16512300 0.09879450 0.27180000
v 0.16362700 0.09834800 0.27946100
v 0.16075100 0.10108800 0.28569100
v 0.16296950 0.10084650 0.27819800
v 0.16077100 0.09854900 0.28704150
v 0.15718950 0.10196200 0.29291700
v 0.15659050 0.09946150 0.29420550
v 0.16028650 0.09594000 0.28815000
v 0.15553550 0.09696350 0.29516350
v 0.15120050 0.10109450 0.30061500
v 0.14967000 0.09875150 0.30127700
v 0.14291600 0.10123400 0.30620150
v 0.14478850 0.10340300 0.30595750
v 0.14782000 0.09656100 0.30150050
v 0.14083950 0.09925900 0.30595750
v 0.13555600 0.10429400 0.30971300
v 0.13342650 0.10252150 0.30894150
v 0.13863900 0.09755450 0.30523400
v 0.13639900 0.09618600 0.30406000
v 0.13130200 0.10104250 0.30768850
v 0.12590500 0.10618550 0.31036300
v 0.12403100 0.10490000 0.30860000
v 0.12926400 0.09991400 0.30600250
v 0.13420500 0.09520550 0.30248000
v 0.11859700 0.11007800 0.31022700
v 0.11180050 0.11403400 0.30863350
v 0.12030050 0.11152600 0.31203650
v 0.11305550 0.11535900 0.31085650
v 0.11458550 0.11697150 0.31268100
v 0.11633250 0.11881000 0.31403650
v 0.12217650 0.11324150 0.31338100
v 0.12415250 0.11516000 0.31420900
v 0.12996150 0.10962500 0.31247950
v 0.12790750 0.10778050 0.31167300
v 0.13198850 0.11164650 0.31275200
v 0.13760850 0.10629150 0.30997350
v 0.13950500 0.10843800 0.30971300
v 0.13391000 0.11376900 0.31247950
v 0.14638500 0.10568350 0.30523450
v 0.14117200 0.11065000 0.30894150
v 0.14254700 0.11284350 0.30768850
v 0.14764350 0.10798700 0.30406000
v 0.13565300 0.11590950 0.31167300
v 0.12992200 0.12137050 0.31338100
v 0.13715000 0.11798650 0.31036300
v 0.12810100 0.11930400 0.31420900
v 0.12217800 0.12494800 0.31487150
v 0.12020300 0.12287650 0.31515350
v 0.12615300 0.11720700 0.31448850
v 0.11822950 0.12080400 0.31487150
v 0.12407850 0.12693850 0.31403650
v 0.12583050 0.12877250 0.31268100
v 0.13154550 0.12332700 0.31203650
v 0.13290900 0.12509800 0.31022750
v 0.13834350 0.11992000 0.30860000
v 0.14422000 0.11684050 0.30394800
v 0.14357600 0.11493350 0.30600250
v 0.13918750 0.12163550 0.30645200
v 0.13396050 0.12661600 0.30802300
v 0.13965000 0.12306750 0.30400100
v 0.14445400 0.11849000 0.30160400
v 0.14856900 0.11572200 0.29597400
v 0.14898850 0.11416900 0.29835750
v 0.14426850 0.11981950 0.29906050
v 0.14367200 0.12077800 0.29641550
v 0.14772750 0.11691300 0.29349550
v 0.13971300 0.12416100 0.30134200
v 0.13466000 0.12782250 0.30550750
v 0.13937350 0.12487350 0.29857650
v 0.13497950 0.12867100 0.30277800
v 0.13015100 0.13327200 0.30334500
v 0.13490800 0.12912900 0.29994000
v 0.12957000 0.13267250 0.30609700
v 0.12863000 0.13169550 0.30863350
v 0.12736750 0.13037850 0.31085650
v 0.13035100 0.13347100 0.30048300
v 0.15147100 0.11334600 0.28986550
v 0.15253850 0.11193900 0.29213550
v 0.15483800 0.11013750 0.28558900
v 0.15611000 0.10853600 0.28761100
v 0.15777000 0.10734400 0.28074000
v 0.15922100 0.10557150 0.28247850
v 0.16021600 0.10501300 0.27540150
v 0.16181800 0.10309700 0.27682700
v 0.16213450 0.10318500 0.26966600
v 0.16385650 0.10115500 0.27075400
v 0.16349200 0.10189150 0.26363300
v 0.16426500 0.10115500 0.25740600
v 0.16530050 0.09977900 0.26436450
v 0.16612550 0.09899250 0.25776850
v 0.16630950 0.09881750 0.25136000
v 0.16443250 0.10099550 0.25137300
v 0.16752600 0.09650500 0.25811650
v 0.16772550 0.09631450 0.25134750
v 0.16022800 0.10345950 0.28415050
v 0.15730900 0.10436800 0.29134650
v 0.15694450 0.10658800 0.28955500
v 0.15317650 0.11017850 0.29431800
v 0.15335950 0.10813150 0.29632950
v 0.14897100 0.11231300 0.30055450
v 0.15308100 0.10587650 0.29809300
v 0.14851750 0.11022550 0.30248000
v 0.15235200 0.10350050 0.29953950
v 0.16188250 0.09568900 0.23400550
v 0.16417300 0.09473000 0.23399500
v 0.16069950 0.09706250 0.23401400
v 0.16313300 0.09656850 0.23400450
v 0.16277550 0.09411150 0.23399750
v 0.16334350 0.09239000 0.23399050
v 0.16483500 0.09272400 0.23398650
v 0.16534500 0.09283850 0.23413100
v 0.16509250 0.09062750 0.23397900
v 0.16561550 0.09064000 0.23412300
v 0.16942450 0.09073200 0.23641400
v 0.16545150 0.08843100 0.23411700
v 0.16920550 0.08777800 0.23640550
v 0.16841450 0.08492400 0.23639900
v 0.16944300 0.08773700 0.23683050
v 0.16863900 0.08483700 0.23682400
v 0.16863900 0.08483700 0.25074800
v 0.16728550 0.08214950 0.25074400
v 0.16728550 0.08214950 0.23682000
v 0.16708150 0.08227850 0.23639500
v 0.16543300 0.07977800 0.25074250
v 0.16543300 0.07977800 0.23681900
v 0.16315300 0.07781350 0.25074400
v 0.16315300 0.07781350 0.23682000
v 0.16525850 0.07994450 0.23639350
v 0.16386300 0.08431850 0.23410900
v 0.16249950 0.08257300 0.23410800
v 0.16301450 0.07801050 0.23639500
v 0.16043650 0.07655200 0.23639900
v 0.16053450 0.07633150 0.23682400
v 0.16082200 0.08112700 0.23410900
v 0.16212100 0.08293350 0.23396500
v 0.16052050 0.08155450 0.23396550
v 0.15889400 0.08003600 0.23411200
v 0.15679050 0.07934200 0.23411700
v 0.15762400 0.07562400 0.23640550
v 0.15868200 0.08051400 0.23396850
v 0.15667600 0.07985250 0.23397300
v 0.15964150 0.08280450 0.23397250
v 0.15806350 0.08191150 0.23397500
v 0.15634200 0.08134350 0.23397900
v 0.15454250 0.08112250 0.23398400
v 0.15457950 0.07959450 0.23397900
v 0.15247300 0.07975100 0.23398650
v 0.15459200 0.07907200 0.23412300
v 0.15238300 0.07923550 0.23413100
v 0.15173050 0.07548150 0.23642450
v 0.15024900 0.07982750 0.23414000
v 0.14887600 0.07627250 0.23643650
v 0.14623050 0.07760550 0.23644950
v 0.14878900 0.07604800 0.23686200
v 0.14610150 0.07740200 0.23687500
v 0.14610150 0.07740200 0.25079850
v 0.14373000 0.07925450 0.25081250
v 0.14373000 0.07925450 0.23688850
v 0.14176550 0.08153350 0.25082600
v 0.14176550 0.08153350 0.23690250
v 0.14389600 0.07942850 0.23646250
v 0.14827100 0.08082400 0.23414950
v 0.14652550 0.08218750 0.23415950
v 0.14196250 0.08167250 0.23647600
v 0.14050350 0.08425000 0.23648900
v 0.14028350 0.08415250 0.23691550
v 0.14507950 0.08386550 0.23416950
v 0.14688600 0.08256600 0.23401400
v 0.14550700 0.08416600 0.23402350
v 0.14398850 0.08579300 0.23417900
v 0.14329500 0.08789650 0.23418800
v 0.13957550 0.08706300 0.23650100
v 0.14446650 0.08600450 0.23403250
v 0.14380450 0.08801100 0.23404100
v 0.14675650 0.08504550 0.23402200
v 0.14586350 0.08662350 0.23403000
v 0.14529550 0.08834500 0.23403700
v 0.14507500 0.09014450 0.23404350
v 0.14354700 0.09010750 0.23404850
v 0.14370300 0.09221400 0.23405450
v 0.14302450 0.09009500 0.23419550
v 0.14318850 0.09230350 0.23420200
v 0.13943300 0.09295700 0.23652000
v 0.14378000 0.09443800 0.23420650
v 0.14022450 0.09581150 0.23652650
v 0.14155750 0.09845650 0.23653050
v 0.14000050 0.09589800 0.23695300
v 0.14135450 0.09858550 0.23695700
v 0.14135400 0.09858550 0.25088100
v 0.14320700 0.10095700 0.25088200
v 0.14320700 0.10095700 0.23695850
v 0.14548600 0.10292150 0.25088100
v 0.14548600 0.10292150 0.23695700
v 0.14338100 0.10079100 0.23653150
v 0.14477700 0.09641600 0.23420950
v 0.14614000 0.09816150 0.23421050
v 0.14562450 0.10272500 0.23653050
v 0.14820250 0.10418350 0.23652650
v 0.14810500 0.10440350 0.23695300
v 0.14781800 0.09960750 0.23420950
v 0.14651850 0.09780100 0.23406300
v 0.14811850 0.09918050 0.23406200
v 0.14974550 0.10069850 0.23420650
v 0.15184900 0.10139250 0.23420200
v 0.15101550 0.10511150 0.23652000
v 0.14995700 0.10022100 0.23405900
v 0.15196350 0.10088250 0.23405450
v 0.14899800 0.09793050 0.23405500
v 0.15057550 0.09882350 0.23405250
v 0.15229750 0.09939150 0.23404900
v 0.15409650 0.09961250 0.23404350
v 0.15406000 0.10114050 0.23404850
v 0.15616650 0.10098400 0.23404100
v 0.15404700 0.10166250 0.23419550
v 0.15625600 0.10149850 0.23418800
v 0.15690900 0.10525400 0.23650100
v 0.15839050 0.10090700 0.23417900
v 0.15976400 0.10446250 0.23648900
v 0.15985050 0.10468700 0.23691550
v 0.16253800 0.10333300 0.23690250
v 0.16240900 0.10312950 0.23647600
v 0.16036850 0.09991050 0.23416950
v 0.16490950 0.10148050 0.23688850
v 0.16474300 0.10130600 0.23646250
v 0.16211400 0.09854700 0.23415950
v 0.16008900 0.09946900 0.23402350
v 0.16175350 0.09816900 0.23401400
v 0.16069950 0.09706250 0.23401400
v 0.15927050 0.09817850 0.23402200
v 0.15765150 0.09899400 0.23403000
v 0.15590450 0.09947850 0.23403700
v 0.15820200 0.10041950 0.23403250
v 0.16490950 0.10148050 0.25081250
v 0.16253750 0.10333300 0.25082600
v 0.15985000 0.10468700 0.25083900
v 0.15695050 0.10549100 0.25085100
v 0.15695050 0.10549100 0.23692750
v 0.15394950 0.10571350 0.23693800
v 0.15395550 0.10547300 0.23651150
v 0.15394950 0.10571350 0.25086200
v 0.15096300 0.10534650 0.23694700
v 0.15096300 0.10534650 0.25087050
v 0.14810500 0.10440350 0.25087700
v 0.14762500 0.09674700 0.23405600
v 0.14650900 0.09531850 0.23405500
v 0.14569300 0.09369950 0.23405250
v 0.14521800 0.09613650 0.23406200
v 0.14426750 0.09425000 0.23405900
v 0.14520850 0.09195250 0.23404900
v 0.14000000 0.09589800 0.25087700
v 0.13919650 0.09299800 0.25087050
v 0.13919650 0.09299800 0.23694700
v 0.13897400 0.08999700 0.23693800
v 0.13921400 0.09000300 0.23651150
v 0.13897350 0.08999700 0.25086200
v 0.13934050 0.08701050 0.23692750
v 0.13934050 0.08701050 0.25085100
v 0.14028350 0.08415250 0.25083900
v 0.14794000 0.08367250 0.23401400
v 0.14936850 0.08255650 0.23400550
v 0.15098750 0.08174100 0.23399750
v 0.14855050 0.08126550 0.23400450
v 0.15043700 0.08031500 0.23399500
v 0.15273450 0.08125650 0.23399050
v 0.14878850 0.07604800 0.25078550
v 0.15168900 0.07524400 0.25077350
v 0.15168900 0.07524400 0.23685000
v 0.15469000 0.07502150 0.23683950
v 0.15468400 0.07526250 0.23641400
v 0.15468950 0.07502150 0.25076300
v 0.15767650 0.07538850 0.23683050
v 0.15767650 0.07538850 0.25075450
v 0.16053400 0.07633150 0.25074800
v 0.16101450 0.08398800 0.23397150
v 0.16213050 0.08541650 0.23397250
v 0.16294650 0.08703550 0.23397500
v 0.16342150 0.08459850 0.23396550
v 0.16437200 0.08648500 0.23396850
v 0.16486000 0.08629650 0.23411200
v 0.16493650 0.08852100 0.23397300
v 0.16343050 0.08878250 0.23397900
v 0.16356450 0.09059050 0.23398400
v 0.16944300 0.08773700 0.25075450
v 0.16966600 0.09073800 0.25076300
v 0.16966600 0.09073800 0.23683950
v 0.16906350 0.09367200 0.23642450
v 0.16929900 0.09372450 0.23685000
v 0.16813550 0.09648450 0.23643650
v 0.16835600 0.09658250 0.23686200
v 0.16929850 0.09372450 0.25077350
v 0.16835600 0.09658250 0.25078550
v 0.16687400 0.09920100 0.25079900
v 0.16687400 0.09920100 0.23687500
v 0.16667700 0.09906250 0.23644950
v 0.16474300 0.10130600 0.23646250
v 0.16490950 0.10148050 0.23688850
v 0.16490950 0.10148050 0.25081250
v 0.16211400 0.09854700 0.23415950
v 0.16356000 0.09686950 0.23414950
v 0.16175350 0.09816900 0.23401400
v 0.16465100 0.09494200 0.23414000
v 0.16654750 0.09897200 0.25107950
v 0.16463450 0.10119200 0.25109250
v 0.16471500 0.10127650 0.25109300
v 0.16799150 0.09642100 0.25106650
v 0.16664350 0.09903900 0.25107950
v 0.16809850 0.09646800 0.25106650
v 0.16891000 0.09363750 0.25105500
v 0.16902400 0.09366300 0.25105450
v 0.16926750 0.09072800 0.25104450
v 0.16938400 0.09073100 0.25104450
v 0.16905050 0.08780500 0.25103600
v 0.16916550 0.08778500 0.25103600
v 0.16916550 0.08778500 0.25103600
v 0.16826750 0.08498050 0.25103000
v 0.16826750 0.08498050 0.25103000
v 0.16826750 0.08498050 0.25103000
v 0.16837650 0.08493850 0.25102950
v 0.16837650 0.08493850 0.25102950
v 0.16837650 0.08493850 0.25102950
v 0.16704750 0.08230050 0.25102550
v 0.16704750 0.08230050 0.25102550
v 0.16704750 0.08230050 0.25102550
v 0.16694850 0.08236300 0.25102600
v 0.16694850 0.08236300 0.25102600
v 0.16694850 0.08236300 0.25102600
v 0.16514450 0.08005300 0.25102450
v 0.16514450 0.08005300 0.25102450
v 0.16522900 0.07997250 0.25102400
v 0.16522900 0.07997250 0.25102400
v 0.16522900 0.07997250 0.25102400
v 0.16292400 0.07813900 0.25102600
v 0.16292400 0.07813900 0.25102600
v 0.16299100 0.07804400 0.25102550
v 0.16299100 0.07804400 0.25102550
v 0.16037300 0.07669550 0.25103000
v 0.16037300 0.07669550 0.25103000
v 0.16037300 0.07669550 0.25103000
v 0.16042000 0.07658900 0.25102950
v 0.16042000 0.07658900 0.25102950
v 0.16042000 0.07658900 0.25102950
v 0.15758950 0.07577750 0.25103600
v 0.15761450 0.07566350 0.25103600
v 0.15468000 0.07542000 0.25104450
v 0.15468300 0.07530300 0.25104450
v 0.15175700 0.07563650 0.25105500
v 0.15173700 0.07552150 0.25105450
v 0.14893250 0.07641950 0.25106700
v 0.14889050 0.07631050 0.25106650
v 0.14631500 0.07773850 0.25107950
v 0.14625250 0.07764000 0.25107950
v 0.14400500 0.07954300 0.25109300
v 0.14392450 0.07945850 0.25109250
v 0.14209100 0.08176300 0.25110600
v 0.14199600 0.08169600 0.25110600
v 0.14064750 0.08431400 0.25111900
v 0.14054100 0.08426700 0.25111900
v 0.13972950 0.08709750 0.25113050
v 0.13961550 0.08707200 0.25113100
v 0.13937200 0.09000700 0.25114100
v 0.13958900 0.09293000 0.25114950
v 0.13958900 0.09293000 0.25114950
v 0.13958900 0.09293000 0.25114950
v 0.13925550 0.09000400 0.25114100
v 0.13925550 0.09000400 0.25114100
v 0.13947400 0.09295000 0.25115000
v 0.13947400 0.09295000 0.25115000
v 0.13947400 0.09295000 0.25115000
v 0.14037200 0.09575450 0.25115550
v 0.14037200 0.09575450 0.25115550
v 0.14037200 0.09575450 0.25115550
v 0.14026300 0.09579650 0.25115600
v 0.14026300 0.09579650 0.25115600
v 0.14026300 0.09579650 0.25115600
v 0.14169100 0.09837200 0.25115950
v 0.14169100 0.09837200 0.25115950
v 0.14169100 0.09837200 0.25115950
v 0.14159200 0.09843450 0.25116000
v 0.14159200 0.09843450 0.25116000
v 0.14349500 0.10068200 0.25116100
v 0.14349500 0.10068200 0.25116100
v 0.14349500 0.10068200 0.25116100
v 0.14341050 0.10076250 0.25116150
v 0.14341050 0.10076250 0.25116150
v 0.14341050 0.10076250 0.25116150
v 0.14571550 0.10259550 0.25115950
v 0.14571550 0.10259550 0.25115950
v 0.14564850 0.10269100 0.25116000
v 0.14564850 0.10269100 0.25116000
v 0.14826650 0.10403950 0.25115550
v 0.14826650 0.10403950 0.25115550
v 0.14826650 0.10403950 0.25115550
v 0.14821900 0.10414600 0.25115600
v 0.14821900 0.10414600 0.25115600
v 0.15105000 0.10495750 0.25114950
v 0.15102400 0.10507150 0.25115000
v 0.15395900 0.10531500 0.25114100
v 0.15395650 0.10543200 0.25114100
v 0.15688250 0.10509850 0.25113050
v 0.15690200 0.10521350 0.25113100
v 0.15970700 0.10431550 0.25111850
v 0.15974850 0.10442400 0.25111900
v 0.16232450 0.10299650 0.25110600
v 0.16238700 0.10309500 0.25110600
v 0.16463450 0.10119200 0.25109250
v 0.16471500 0.10127650 0.25109300
v 0.14062900 0.09565850 0.25143500
v 0.14192300 0.09822650 0.25143850
v 0.14037200 0.09575450 0.25115550
v 0.13986050 0.09288750 0.25142850
v 0.13958900 0.09293000 0.25114950
v 0.13937200 0.09000700 0.25114100
v 0.13964700 0.09002000 0.25142050
v 0.13972950 0.08709750 0.25113050
v 0.14064750 0.08431400 0.25111900
v 0.13999750 0.08716550 0.25141000
v 0.14089800 0.08443500 0.25139850
v 0.14231450 0.08193250 0.25138600
v 0.14209100 0.08176300 0.25110600
v 0.14400500 0.07954300 0.25109300
v 0.14631500 0.07773850 0.25107950
v 0.14419150 0.07975400 0.25137300
v 0.14645800 0.07798400 0.25136000
v 0.14902550 0.07669050 0.25134750
v 0.14893250 0.07641950 0.25106700
v 0.15175700 0.07563650 0.25105500
v 0.15179700 0.07592200 0.25133600
v 0.15468000 0.07542000 0.25104450
v 0.15758950 0.07577750 0.25103600
v 0.15466450 0.07570950 0.25132600
v 0.15751900 0.07606050 0.25131750
v 0.16025000 0.07696150 0.25131150
v 0.16037300 0.07669550 0.25103000
v 0.16292400 0.07813900 0.25102600
v 0.16275300 0.07837800 0.25130750
v 0.16514450 0.08005300 0.25102450
v 0.16694850 0.08236300 0.25102600
v 0.16493150 0.08025550 0.25130650
v 0.16670150 0.08252200 0.25130750
v 0.16799550 0.08509050 0.25131150
v 0.16826750 0.08498050 0.25103000
v 0.16905050 0.08780500 0.25103600
v 0.16926750 0.09072800 0.25104450
v 0.16876400 0.08786150 0.25131750
v 0.16897700 0.09072950 0.25132600
v 0.16862650 0.09358350 0.25133600
v 0.16891000 0.09363750 0.25105500
v 0.16799150 0.09642100 0.25106650
v 0.16654750 0.09897200 0.25107950
v 0.16772550 0.09631450 0.25134750
v 0.16630950 0.09881750 0.25136000
v 0.16443250 0.10099550 0.25137300
v 0.16463450 0.10119200 0.25109250
v 0.14169100 0.09837200 0.25115950
v 0.14369350 0.10049300 0.25144000
v 0.14349500 0.10068200 0.25116100
v 0.14587200 0.10237050 0.25143850
v 0.14571550 0.10259550 0.25115950
v 0.14837450 0.10378750 0.25143500
v 0.14826650 0.10403950 0.25115550
v 0.15110550 0.10468850 0.25142850
v 0.15105000 0.10495750 0.25114950
v 0.15395950 0.10503950 0.25142050
v 0.15395900 0.10531500 0.25114100
v 0.15682700 0.10482700 0.25141050
v 0.15688250 0.10509850 0.25113050
v 0.15959800 0.10405950 0.25139850
v 0.15970700 0.10431550 0.25111850
v 0.16216600 0.10276550 0.25138600
v 0.16232450 0.10299650 0.25110600
v 0.16443250 0.10099550 0.25137300
v 0.16463450 0.10119200 0.25109250
v 0.16664350 0.09903900 0.25107950
v 0.16471500 0.10127650 0.25109300
v 0.16490950 0.10148050 0.25081250
v 0.16809850 0.09646800 0.25106650
v 0.16687400 0.09920100 0.25079900
v 0.16835600 0.09658250 0.25078550
v 0.16902400 0.09366300 0.25105450
v 0.16929850 0.09372450 0.25077350
v 0.16938400 0.09073100 0.25104450
v 0.16966600 0.09073800 0.25076300
v 0.16916550 0.08778500 0.25103600
v 0.16944300 0.08773700 0.25075450
v 0.16837650 0.08493850 0.25102950
v 0.16863900 0.08483700 0.25074800
v 0.16704750 0.08230050 0.25102550
v 0.16728550 0.08214950 0.25074400
v 0.16522900 0.07997250 0.25102400
v 0.16543300 0.07977800 0.25074250
v 0.16299100 0.07804400 0.25102550
v 0.16315300 0.07781350 0.25074400
v 0.16042000 0.07658900 0.25102950
v 0.16053400 0.07633150 0.25074800
v 0.15761450 0.07566350 0.25103600
v 0.15767650 0.07538850 0.25075450
v 0.15468950 0.07502150 0.25076300
v 0.15468300 0.07530300 0.25104450
v 0.15173700 0.07552150 0.25105450
v 0.15168900 0.07524400 0.25077350
v 0.14889050 0.07631050 0.25106650
v 0.14878850 0.07604800 0.25078550
v 0.14625250 0.07764000 0.25107950
v 0.14610150 0.07740200 0.25079850
v 0.14392450 0.07945850 0.25109250
v 0.14373000 0.07925450 0.25081250
v 0.14199600 0.08169600 0.25110600
v 0.14176550 0.08153350 0.25082600
v 0.14054100 0.08426700 0.25111900
v 0.14028350 0.08415250 0.25083900
v 0.13961550 0.08707200 0.25113100
v 0.13934050 0.08701050 0.25085100
v 0.13925550 0.09000400 0.25114100
v 0.13897350 0.08999700 0.25086200
v 0.13947400 0.09295000 0.25115000
v 0.13919650 0.09299800 0.25087050
v 0.14026300 0.09579650 0.25115600
v 0.14000000 0.09589800 0.25087700
v 0.14159200 0.09843450 0.25116000
v 0.14135400 0.09858550 0.25088100
v 0.14341050 0.10076250 0.25116150
v 0.14564850 0.10269100 0.25116000
v 0.14320700 0.10095700 0.25088200
v 0.14548600 0.10292150 0.25088100
v 0.14821900 0.10414600 0.25115600
v 0.14810500 0.10440350 0.25087700
v 0.15102400 0.10507150 0.25115000
v 0.15096300 0.10534650 0.25087050
v 0.15395650 0.10543200 0.25114100
v 0.15394950 0.10571350 0.25086200
v 0.15690200 0.10521350 0.25113100
v 0.15695050 0.10549100 0.25085100
v 0.15974850 0.10442400 0.25111900
v 0.15985000 0.10468700 0.25083900
v 0.16238700 0.10309500 0.25110600
v 0.16253750 0.10333300 0.25082600
v 0.16471500 0.10127650 0.25109300
v 0.16490950 0.10148050 0.25081250
v 0.14899800 0.09793050 0.23405500
v 0.15057550 0.09882350 0.23405250
v 0.14916100 0.09769900 0.23433450
v 0.14762500 0.09674700 0.23405600
v 0.14782950 0.09655150 0.23433500
v 0.14674750 0.09516650 0.23433450
v 0.14595700 0.09359700 0.23433200
v 0.14650900 0.09531850 0.23405500
v 0.14569300 0.09369950 0.23405250
v 0.14520850 0.09195250 0.23404900
v 0.14548750 0.09190300 0.23432800
v 0.14535700 0.09015000 0.23432300
v 0.14557150 0.08840600 0.23431700
v 0.14507500 0.09014450 0.23404350
v 0.14529550 0.08834500 0.23403700
v 0.14586350 0.08662350 0.23403000
v 0.14612200 0.08673650 0.23431000
v 0.14698800 0.08520700 0.23430200
v 0.14813550 0.08387550 0.23429450
v 0.14675650 0.08504550 0.23402200
v 0.14794000 0.08367250 0.23401400
v 0.14936850 0.08255650 0.23400550
v 0.14952050 0.08279350 0.23428650
v 0.15109000 0.08200250 0.23427850
v 0.15278400 0.08153300 0.23427150
v 0.15098750 0.08174100 0.23399750
v 0.15273450 0.08125650 0.23399050
v 0.15453650 0.08140300 0.23426550
v 0.15454250 0.08112250 0.23398400
v 0.15634200 0.08134350 0.23397900
v 0.15628100 0.08161750 0.23426050
v 0.15795050 0.08216850 0.23425650
v 0.15948050 0.08303400 0.23425400
v 0.15806350 0.08191150 0.23397500
v 0.15964150 0.08280450 0.23397250
v 0.16081200 0.08418150 0.23425350
v 0.16101450 0.08398800 0.23397150
v 0.16213050 0.08541650 0.23397250
v 0.16189350 0.08556650 0.23425400
v 0.16268450 0.08713600 0.23425650
v 0.16315350 0.08883000 0.23426050
v 0.16294650 0.08703550 0.23397500
v 0.16343050 0.08878250 0.23397900
v 0.16356450 0.09059050 0.23398400
v 0.16328400 0.09058300 0.23426550
v 0.16306950 0.09232750 0.23427150
v 0.16251900 0.09399650 0.23427850
v 0.16334350 0.09239000 0.23399050
v 0.16277550 0.09411150 0.23399750
v 0.16188250 0.09568900 0.23400550
v 0.16165300 0.09552600 0.23428650
v 0.16050600 0.09685750 0.23429450
v 0.16069950 0.09706250 0.23401400
v 0.15069100 0.09856500 0.23433200
v 0.15229750 0.09939150 0.23404900
v 0.15236000 0.09911550 0.23432800
v 0.15409650 0.09961250 0.23404350
v 0.15410450 0.09933000 0.23432300
v 0.15590450 0.09947850 0.23403700
v 0.15585750 0.09920000 0.23431700
v 0.15765150 0.09899400 0.23403000
v 0.15755100 0.09873050 0.23431000
v 0.15912050 0.09793950 0.23430200
v 0.15927050 0.09817850 0.23402200
v 0.16069950 0.09706250 0.23401400
v 0.16050600 0.09685750 0.23429450
v 0.16167050 0.09550950 0.23962800
v 0.16052350 0.09684100 0.23963600
v 0.16033000 0.09663600 0.23991600
v 0.16253650 0.09398000 0.23962000
v 0.16144150 0.09534650 0.23990850
v 0.16228000 0.09386500 0.23990100
v 0.16308700 0.09231050 0.23961300
v 0.16281300 0.09224800 0.23989450
v 0.16330150 0.09056600 0.23960700
v 0.16302050 0.09055850 0.23988850
v 0.16317150 0.08881350 0.23960200
v 0.16289500 0.08886050 0.23988350
v 0.16270200 0.08711950 0.23959800
v 0.16244000 0.08722000 0.23987950
v 0.16191100 0.08554950 0.23959600
v 0.16167400 0.08569950 0.23987750
v 0.16082900 0.08416450 0.23959500
v 0.16062600 0.08435800 0.23987650
v 0.15949800 0.08301700 0.23959600
v 0.15933650 0.08324650 0.23987750
v 0.15796800 0.08215150 0.23959800
v 0.15785500 0.08240850 0.23987950
v 0.15629850 0.08160100 0.23960200
v 0.15623800 0.08187500 0.23988350
v 0.15455450 0.08138650 0.23960700
v 0.15454850 0.08166700 0.23988850
v 0.15280150 0.08151650 0.23961300
v 0.15285100 0.08179300 0.23989450
v 0.15110750 0.08198600 0.23962000
v 0.15121050 0.08224800 0.23990100
v 0.14953800 0.08277700 0.23962800
v 0.14969000 0.08301400 0.23990850
v 0.14815300 0.08385900 0.23963600
v 0.14834850 0.08406200 0.23991600
v 0.14700550 0.08519000 0.23964400
v 0.14723700 0.08535150 0.23992400
v 0.14614000 0.08672000 0.23965150
v 0.14639850 0.08683300 0.23993150
v 0.14558900 0.08838900 0.23965850
v 0.14586500 0.08844950 0.23993800
v 0.14537450 0.09013350 0.23966450
v 0.14565750 0.09013950 0.23994400
v 0.14550500 0.09188650 0.23967000
v 0.14578350 0.09183700 0.23994900
v 0.14597400 0.09358000 0.23967350
v 0.14623800 0.09347750 0.23995250
v 0.14676500 0.09514950 0.23967600
v 0.14700450 0.09499800 0.23995500
v 0.14784700 0.09653500 0.23967650
v 0.14805200 0.09633950 0.23995600
v 0.14917850 0.09768250 0.23967600
v 0.14934200 0.09745100 0.23995500
v 0.15070850 0.09854800 0.23967350
v 0.15082350 0.09828950 0.23995250
v 0.15237750 0.09909850 0.23966950
v 0.15244000 0.09882300 0.23994900
v 0.15412250 0.09931300 0.23966450
v 0.15412950 0.09903050 0.23994400
v 0.15587450 0.09918300 0.23965850
v 0.15582750 0.09890450 0.23993800
v 0.15756850 0.09871350 0.23965150
v 0.15746800 0.09845000 0.23993150
v 0.15898850 0.09768400 0.23992400
v 0.15913800 0.09792250 0.23964400
v 0.16052350 0.09684100 0.23963600
v 0.16033000 0.09663600 0.23991600
v 0.14674750 0.09516650 0.23433450
v 0.14595700 0.09359700 0.23433200
v 0.14597400 0.09358000 0.23967350
v 0.14782950 0.09655150 0.23433500
v 0.14676500 0.09514950 0.23967600
v 0.14784700 0.09653500 0.23967650
v 0.14916100 0.09769900 0.23433450
v 0.14917850 0.09768250 0.23967600
v 0.15069100 0.09856500 0.23433200
v 0.15070850 0.09854800 0.23967350
v 0.15236000 0.09911550 0.23432800
v 0.15237750 0.09909850 0.23966950
v 0.15410450 0.09933000 0.23432300
v 0.15412250 0.09931300 0.23966450
v 0.15585750 0.09920000 0.23431700
v 0.15587450 0.09918300 0.23965850
v 0.15755100 0.09873050 0.23431000
v 0.15756850 0.09871350 0.23965150
v 0.15912050 0.09793950 0.23430200
v 0.15913800 0.09792250 0.23964400
v 0.16050600 0.09685750 0.23429450
v 0.16052350 0.09684100 0.23963600
v 0.14550500 0.09188650 0.23967000
v 0.14537450 0.09013350 0.23966450
v 0.14548750 0.09190300 0.23432800
v 0.14535700 0.09015000 0.23432300
v 0.14557150 0.08840600 0.23431700
v 0.14558900 0.08838900 0.23965850
v 0.14614000 0.08672000 0.23965150
v 0.14700550 0.08519000 0.23964400
v 0.14612200 0.08673650 0.23431000
v 0.14698800 0.08520700 0.23430200
v 0.14813550 0.08387550 0.23429450
v 0.14815300 0.08385900 0.23963600
v 0.14953800 0.08277700 0.23962800
v 0.14952050 0.08279350 0.23428650
v 0.15110750 0.08198600 0.23962000
v 0.15280150 0.08151650 0.23961300
v 0.15109000 0.08200250 0.23427850
v 0.15278400 0.08153300 0.23427150
v 0.15453650 0.08140300 0.23426550
v 0.15455450 0.08138650 0.23960700
v 0.15629850 0.08160100 0.23960200
v 0.15628100 0.08161750 0.23426050
v 0.15796800 0.08215150 0.23959800
v 0.15949800 0.08301700 0.23959600
v 0.15795050 0.08216850 0.23425650
v 0.15948050 0.08303400 0.23425400
v 0.16081200 0.08418150 0.23425350
v 0.16082900 0.08416450 0.23959500
v 0.16191100 0.08554950 0.23959600
v 0.16189350 0.08556650 0.23425400
v 0.16270200 0.08711950 0.23959800
v 0.16317150 0.08881350 0.23960200
v 0.16268450 0.08713600 0.23425650
v 0.16315350 0.08883000 0.23426050
v 0.16328400 0.09058300 0.23426550
v 0.16330150 0.09056600 0.23960700
v 0.16308700 0.09231050 0.23961300
v 0.16306950 0.09232750 0.23427150
v 0.16253650 0.09398000 0.23962000
v 0.16251900 0.09399650 0.23427850
v 0.16167050 0.09550950 0.23962800
v 0.16052350 0.09684100 0.23963600
v 0.16165300 0.09552600 0.23428650
v 0.16050600 0.09685750 0.23429450
v 0.16033000 0.09663600 0.23991600
v 0.16144150 0.09534650 0.23990850
v 0.16144150 0.09534650 0.23990850
v 0.15898850 0.09768400 0.23992400
v 0.15898850 0.09768400 0.23992400
v 0.15898850 0.09768400 0.23992400
v 0.15898850 0.09768400 0.23992400
v 0.15898850 0.09768400 0.23992400
v 0.15898850 0.09768400 0.23992400
v 0.15898850 0.09768400 0.23992400
v 0.15898850 0.09768400 0.23992400
v 0.15898850 0.09768400 0.23992400
v 0.15898850 0.09768400 0.23992400
v 0.15898850 0.09768400 0.23992400
v 0.15898850 0.09768400 0.23992400
v 0.15898850 0.09768400 0.23992400
v 0.15898850 0.09768400 0.23992400
v 0.15898850 0.09768400 0.23992400
v 0.16062600 0.08435800 0.23987650
v 0.16062600 0.08435800 0.23987650
v 0.14834850 0.08406200 0.23991600
v 0.14834850 0.08406200 0.23991600
v 0.14805200 0.09633950 0.23995600
v 0.14805200 0.09633950 0.23995600
v 0.15933650 0.08324650 0.23987750
v 0.14723700 0.08535150 0.23992400
v 0.14723700 0.08535150 0.23992400
v 0.14934200 0.09745100 0.23995500
v 0.14934200 0.09745100 0.23995500
v 0.15785500 0.08240850 0.23987950
v 0.14639850 0.08683300 0.23993150
v 0.14639850 0.08683300 0.23993150
v 0.15082350 0.09828950 0.23995250
v 0.15082350 0.09828950 0.23995250
v 0.16228000 0.09386500 0.23990100
v 0.16228000 0.09386500 0.23990100
v 0.15623800 0.08187500 0.23988350
v 0.15623800 0.08187500 0.23988350
v 0.14586500 0.08844950 0.23993800
v 0.14586500 0.08844950 0.23993800
v 0.15244000 0.09882300 0.23994900
v 0.15244000 0.09882300 0.23994900
v 0.16281300 0.09224800 0.23989450
v 0.16281300 0.09224800 0.23989450
v 0.15454850 0.08166700 0.23988850
v 0.15454850 0.08166700 0.23988850
v 0.14565750 0.09013950 0.23994400
v 0.14565750 0.09013950 0.23994400
v 0.15412950 0.09903050 0.23994400
v 0.15412950 0.09903050 0.23994400
v 0.16302050 0.09055850 0.23988850
v 0.16302050 0.09055850 0.23988850
v 0.15285100 0.08179300 0.23989450
v 0.15285100 0.08179300 0.23989450
v 0.14578350 0.09183700 0.23994900
v 0.14578350 0.09183700 0.23994900
v 0.15582750 0.09890450 0.23993800
v 0.15582750 0.09890450 0.23993800
v 0.16289500 0.08886050 0.23988350
v 0.16289500 0.08886050 0.23988350
v 0.15121050 0.08224800 0.23990100
v 0.15121050 0.08224800 0.23990100
v 0.14623800 0.09347750 0.23995250
v 0.14623800 0.09347750 0.23995250
v 0.15746800 0.09845000 0.23993150
v 0.16244000 0.08722000 0.23987950
v 0.16244000 0.08722000 0.23987950
v 0.14969000 0.08301400 0.23990850
v 0.14969000 0.08301400 0.23990850
v 0.14700450 0.09499800 0.23995500
v 0.14700450 0.09499800 0.23995500
v 0.16167400 0.08569950 0.23987750
v 0.16167400 0.08569950 0.23987750
vn 0.81780119 0.57550084 0.00000000
vn 0.91440439 0.40480194 0.00000000
vn 0.91326561 0.40708467 -0.01509943
vn 0.68990234 0.72390245 0.00000000
vn 0.81637083 0.57747937 -0.00749973
vn 0.68810791 0.72560834 0.00020000
vn 0.97504161 0.22090943 -0.02220095
vn 0.99924745 0.02620124 -0.02860136
vn 0.97579252 0.21869832 0.00000000
vn 0.99970713 0.02420017 0.00000000
vn 0.98520148 -0.17140026 0.00000000
vn 0.98492887 -0.16960497 -0.03390099
vn 0.93257194 -0.35898920 -0.03789886
vn 0.93283175 -0.36031226 0.00000000
vn 0.84427551 -0.53438450 -0.04039883
vn 0.72330187 -0.68930179 -0.04120011
vn 0.84459902 -0.53539938 0.00000000
vn 0.72390245 -0.68990234 0.00000000
vn 0.57550084 -0.81780119 0.00000000
vn 0.57450326 -0.81750464 -0.04040023
vn 0.40349792 -0.91419529 -0.03789980
vn 0.40488555 -0.91436737 0.00000000
vn 0.21690106 -0.97560479 -0.03390017
vn 0.02210103 -0.99934654 -0.02860133
vn 0.21869832 -0.97579252 0.00000000
vn 0.02420017 -0.99970713 0.00000000
vn -0.17140026 -0.98520148 0.00000000
vn -0.17359419 -0.98456704 -0.02219926
vn -0.36252075 -0.93185335 -0.01510086
vn -0.36031226 -0.93283175 0.00000000
vn -0.53739734 -0.84329583 -0.00749996
vn -0.69159036 -0.72228993 0.00020000
vn -0.53532804 -0.84464424 0.00000000
vn -0.68990234 -0.72390245 0.00000000
vn -0.81788136 -0.57538689 0.00000000
vn -0.81914591 -0.57353215 0.00780044
vn -0.91511902 -0.40290837 0.01490031
vn -0.91436737 -0.40488555 0.00000000
vn -0.97596117 -0.21689137 0.02139915
vn -0.99937725 -0.02259949 0.02709938
vn -0.97579252 -0.21869832 0.00000000
vn -0.99970955 -0.02410023 0.00000000
vn -0.98521836 0.17130319 0.00000000
vn -0.98451629 0.17240285 0.03170052
vn -0.93198805 0.36079537 0.03499955
vn -0.93284473 0.36027865 0.00000000
vn -0.84383336 0.53532116 0.03710147
vn -0.72339683 0.68939698 0.03779983
vn -0.84459902 0.53539938 0.00000000
vn -0.72399999 0.68979999 0.00000000
vn -0.57550084 0.81780119 0.00000000
vn -0.57541422 0.81702019 0.03710092
vn -0.40530500 0.91351126 0.03500043
vn -0.40488555 0.91436737 0.00000000
vn -0.21968979 0.97505467 0.03169853
vn -0.02560012 0.99930487 0.02710013
vn -0.21860310 0.97581386 0.00000000
vn -0.02410023 0.99970955 0.00000000
vn 0.17140026 0.98520148 0.00000000
vn 0.16959676 0.98528118 0.02139959
vn 0.35829585 0.93348919 0.01489983
vn 0.53341267 0.84582009 0.00770018
vn 0.36031226 0.93283175 0.00000000
vn 0.53532804 0.84464424 0.00000000
vn 0.68990234 0.72390245 0.00000000
vn 0.68810791 0.72560834 0.00020000
vn -0.11650522 -0.15860711 -0.98044394
vn 0.01849952 -0.01759954 -0.99967396
vn -0.16899140 -0.10919444 -0.97955014
vn -0.24701513 -0.29361798 -0.92345655
vn -0.29650144 -0.24750121 -0.92240449
vn -0.41239953 -0.37619957 -0.82969905
vn -0.51230808 -0.49040774 -0.70501112
vn -0.36799235 -0.41739132 -0.83088273
vn -0.47479413 -0.52509350 -0.70629126
vn -0.56338703 -0.61248589 -0.55448723
vn -0.59262826 -0.58552792 -0.55312638
vn -0.65020245 -0.65790248 -0.38000143
vn -0.68297597 -0.70467520 -0.19229323
vn -0.63030300 -0.67620322 -0.38140181
vn -0.67303981 -0.71384223 -0.19351145
vn -0.68990146 -0.72390153 0.00160000
vn -0.68969529 -0.72409505 0.00259998
vn -0.67010653 -0.71550697 0.19750192
vn -0.68030873 -0.70600906 0.19680253
vn -0.62491794 -0.67931950 0.38471104
vn -0.55597943 -0.61697717 0.55697939
vn -0.64468822 -0.66088793 0.38419298
vn -0.58429857 -0.59039856 0.55679864
vn -0.50161685 -0.49721670 0.70792378
vn -0.46581238 -0.53091411 0.70791881
vn -0.35791143 -0.42461356 0.83162656
vn -0.23630539 -0.30210690 0.92352108
vn -0.39967608 -0.38507695 0.83185021
vn -0.28249086 -0.25819165 0.92387011
vn -0.15459663 -0.12149735 0.98047860
vn -0.10559974 -0.16809958 0.98009756
vn 0.02909970 -0.02779972 0.99918986
vn 0.16279961 0.11359973 0.98009764
vn -0.02069979 0.01979980 0.99958966
vn 0.11389718 0.16029603 0.98047571
vn 0.24429232 0.29459074 0.92387096
vn 0.29040221 0.25060191 0.92350703
vn 0.40691331 0.37791236 0.83162720
vn 0.36528931 0.41778777 0.83187565
vn 0.50788283 0.49088340 0.70787606
vn 0.47246569 0.52496188 0.70794859
vn 0.58940490 0.58510487 0.55700463
vn 0.56150705 0.61210768 0.55680699
vn 0.64837872 0.65697844 0.38468737
vn 0.68239643 0.70379632 0.19749897
vn 0.62901375 0.67581477 0.38420840
vn 0.67237413 0.71357254 0.19679243
vn 0.68979899 0.72399894 0.00170000
vn 0.69000216 0.72380227 0.00270001
vn -0.03480148 0.03320142 -0.99884259
vn 0.15280513 0.12410417 -0.98043294
vn 0.10090445 0.17410767 -0.97954316
vn 0.28141093 0.26091013 -0.92343586
vn 0.23290119 0.30810157 -0.92240471
vn 0.39918668 0.38768706 -0.83087227
vn 0.35590589 0.43000712 -0.82971373
vn 0.50158435 0.49958441 -0.70627796
vn 0.46517925 0.53537612 -0.70496856
vn 0.58458635 0.59228617 -0.55448705
vn 0.55628961 0.62018842 -0.55308967
vn 0.64500006 0.66220007 -0.38140004
vn 0.62578151 0.68117988 -0.37998878
vn 0.68057159 0.70667050 -0.19349192
vn 0.67089043 0.71618978 -0.19229726
vn 0.68979899 0.72399894 0.00170000
vn 0.69000216 0.72380227 0.00270001
vn -0.72339683 0.68939698 0.03779983
vn -0.71676856 0.68297004 0.14069383
vn -0.57541422 0.81702019 0.03710092
vn -0.83712557 0.52931617 0.13800422
vn -0.84383336 0.53532116 0.03710147
vn -0.92560159 0.35540061 0.13020022
vn -0.93198479 0.36079411 0.03509943
vn -0.97878893 0.16789810 0.11739867
vn -0.98451629 0.17240285 0.03170052
vn -0.99462466 -0.02610065 0.10020248
vn -0.99937725 -0.02259949 0.02709938
vn -0.97247000 -0.21919324 0.07909756
vn -0.97595908 -0.21689091 0.02149910
vn -0.91307651 -0.40408960 0.05479859
vn -0.91511765 -0.40290777 0.01500029
vn -0.81866185 -0.57357327 0.02839868
vn -0.81914591 -0.57353215 0.00780044
vn -0.69271278 -0.72121331 0.00060001
vn -0.69169247 -0.72219214 0.00020000
vn -0.54019568 -0.84109327 -0.02739978
vn -0.53739734 -0.84329583 -0.00749996
vn -0.36671015 -0.92872569 -0.05470151
vn -0.36252075 -0.93185335 -0.01510086
vn -0.17890022 -0.98060119 -0.08010010
vn -0.17359419 -0.98456704 -0.02219926
vn 0.01589993 -0.99459566 -0.10259955
vn 0.02210103 -0.99934654 -0.02860133
vn 0.21690106 -0.97560479 -0.03390017
vn 0.21010528 -0.97012439 -0.12130305
vn 0.39629357 -0.90808526 -0.13539780
vn 0.19349247 -0.95436285 -0.22749114
vn 0.00180006 -0.98123507 -0.19280689
vn -0.18979500 -0.97017443 -0.15079603
vn -0.02049995 -0.95989788 -0.27959938
vn -0.20739477 -0.95347595 -0.21879448
vn -0.38609860 -0.91019670 -0.14989946
vn -0.23110676 -0.93082725 -0.28310829
vn -0.40238997 -0.89467770 -0.19399516
vn -0.55810087 -0.82400128 -0.09770015
vn -0.56840140 -0.81420200 -0.11830029
vn -0.42279134 -0.87528207 -0.23479519
vn -0.26079874 -0.90259564 -0.34249835
vn -0.44672385 -0.85244552 -0.27161450
vn -0.58041943 -0.80272687 -0.13690458
vn -0.69189377 -0.72199349 0.00289997
vn -0.59420552 -0.78960734 -0.15310142
vn -0.69158660 -0.72228601 0.00329994
vn -0.69127971 -0.72257879 0.00349990
vn -0.74672955 -0.64212541 0.17340686
vn -0.76249798 -0.62709834 0.15919958
vn -0.77678067 -0.61348473 0.14229646
vn -0.80421773 -0.50781119 0.30880681
vn -0.77360351 -0.53700244 0.33640153
vn -0.77099455 -0.41119709 0.48629656
vn -0.74069175 -0.56839367 0.35819601
vn -0.72339583 -0.45659737 0.51789701
vn -0.67850313 -0.32740151 0.65760303
vn -0.67320872 -0.50440653 0.54070700
vn -0.61479379 -0.38809608 0.68659306
vn -0.53290270 -0.25700130 0.80620409
vn -0.54890355 -0.45080292 0.70390455
vn -0.45551253 -0.33070910 0.82652273
vn -0.34489899 -0.19809942 0.91749731
vn -0.39967608 -0.38507695 0.83185021
vn -0.28249086 -0.25819165 0.92387011
vn -0.15459475 -0.12159587 0.98046668
vn -0.22099129 -0.05779772 0.97356164
vn -0.02069983 0.01969984 0.99959163
vn 0.11399588 0.16029420 0.98046454
vn -0.08859794 0.08449804 0.99247695
vn 0.04709841 0.22349244 0.97356708
vn -0.31210194 0.02900018 0.94960590
vn -0.18149194 0.17299231 0.96805699
vn -0.27130809 0.25850771 0.92712765
vn -0.04400083 0.31030586 0.94961792
vn -0.40009667 0.11289906 0.90949242
vn -0.48370088 0.19250035 0.85380155
vn -0.59242481 0.03790159 0.80473369
vn -0.51368563 -0.03709896 0.85717603
vn -0.60766543 -0.18578943 0.77215608
vn -0.43069355 -0.11619826 0.89498661
vn -0.67856804 -0.11819443 0.72496585
vn -0.74441575 -0.05540117 0.66541408
vn -0.79499887 -0.21639969 0.56669919
vn -0.73885365 -0.26988307 0.61746126
vn -0.81514248 -0.36911924 0.44642326
vn -0.85517894 -0.33099185 0.39889018
vn -0.83186845 -0.48148174 0.27598953
vn -0.78929153 -0.60159354 0.12289868
vn -0.85628652 -0.45819279 0.23839625
vn -0.87687641 -0.43858820 0.19679471
vn -0.89039640 -0.29739880 0.34459861
vn -0.79997752 -0.59138338 0.10149715
vn -0.69250804 -0.72140838 0.00160002
vn -0.69240539 -0.72150562 0.00210002
vn -0.80847668 -0.58328317 0.07839774
vn -0.89337713 -0.42288917 0.15179611
vn -0.69261051 -0.72131094 0.00110002
vn -0.81476760 -0.57727704 0.05389786
vn -0.90551067 -0.41130485 0.10430123
vn -0.94406177 -0.24629003 0.21929112
vn -0.96155822 -0.22969002 0.15049346
vn -0.98082161 -0.03930087 0.19090421
vn -0.95859376 -0.06039961 0.27829819
vn -0.93653921 0.12760534 0.32651367
vn -0.92831662 -0.08930160 0.36090646
vn -0.90099205 0.09369917 0.42359626
vn -0.85660639 0.05140038 0.51340383
vn -0.79002430 0.22620696 0.56981753
vn -0.83927619 0.27319225 0.47008666
vn -0.87873978 0.31071406 0.36231640
vn -0.69330540 0.39230305 0.60450471
vn -0.74557262 0.44208376 0.49868168
vn -0.78739636 0.48199777 0.38429822
vn -0.62341519 0.59411448 0.50831239
vn -0.57019847 0.54329854 0.61619835
vn -0.50718588 0.48328654 0.71358013
vn -0.36341533 0.61472593 0.70002952
vn -0.42529207 0.67358744 0.60448873
vn -0.47749630 0.72339439 0.49869614
vn -0.26400485 0.77821429 0.56981046
vn -0.20580155 0.72270543 0.65980496
vn -0.04029952 0.80309038 0.59449288
vn -0.13950595 0.65962815 0.73853151
vn 0.01939906 0.74626373 0.66536766
vn 0.17779153 0.80446166 0.56677299
vn 0.08529687 0.68347494 0.72497342
vn 0.23389808 0.75099382 0.61749492
vn 0.37359876 0.78989737 0.48629838
vn 0.29430110 0.69350260 0.65760247
vn 0.42118757 0.74457803 0.51788472
vn 0.53188782 0.76728243 0.35829180
vn 0.47129754 0.69679637 0.54069718
vn 0.56667888 0.73417264 0.37398606
vn 0.64020997 0.74361159 0.19280300
vn 0.60252255 0.70002620 0.38331435
vn 0.65869755 0.72599730 0.19759926
vn 0.68948733 0.72428669 0.00399993
vn 0.67231933 0.71362052 0.19680566
vn 0.68979899 0.72399894 0.00170000
vn 0.62901375 0.67581477 0.38420840
vn 0.52319931 0.64739915 0.55419927
vn 0.56150705 0.61210768 0.55680699
vn 0.42380389 0.57000523 0.70390646
vn 0.47246569 0.52496188 0.70794859
vn 0.30839170 0.47098733 0.82647776
vn 0.36528931 0.41778777 0.83187565
vn 0.24428512 0.29468206 0.92384374
vn 0.18120401 0.35400784 0.91752033
vn 0.09529863 0.43579374 0.89498714
vn 0.23099798 0.54469523 0.80619293
vn -0.13199948 0.39419844 0.90949641
vn 0.01229960 0.51488323 0.85717208
vn -0.06640222 0.58991974 0.80472693
vn 0.15630774 0.61593052 0.77213826
vn -0.21559579 0.47389076 0.85378335
vn -0.43550725 0.41500691 0.79881330
vn -0.35639765 0.33969776 0.87039425
vn -0.29309686 0.54779414 0.78359161
vn -0.56128439 0.26639259 0.78357821
vn -0.66550068 0.10760011 0.73860075
vn -0.73179789 0.17069951 0.65979810
vn -0.63151648 0.33340870 0.70001827
vn -0.80409626 0.00149999 0.59449723
vn -0.89049595 -0.12529943 0.43739801
vn -0.84578199 -0.16799642 0.50638921
vn -0.92019429 -0.26899833 0.28439824
vn 0.35799653 0.63279386 0.68659334
vn 0.68912785 0.72462928 0.00390016
vn 0.62228884 0.76068636 0.18469669
vn 0.68877077 0.72496923 0.00379984
vn 0.60540153 0.77680196 0.17340044
vn 0.68841115 0.72531175 0.00360006
vn 0.58961418 0.79181905 0.15930383
vn 0.68810418 0.72560440 0.00330002
vn 0.68779723 0.72589707 0.00289999
vn 0.57528572 0.80548001 0.14229647
vn 0.41637877 0.87735527 0.23848784
vn 0.56279561 0.81739362 0.12299904
vn 0.44080717 0.85411390 0.27600449
vn 0.28938240 0.87014709 0.39887575
vn 0.46851476 0.82772608 0.30880973
vn 0.25410131 0.90370467 0.34460178
vn 0.04439781 0.93155401 0.36088219
vn 0.22429952 0.93209801 0.28439939
vn 0.08229949 0.89549449 0.43739731
vn -0.09269430 0.85314749 0.51336841
vn -0.13710175 0.89541140 0.42360539
vn 0.12690108 0.85290726 0.50640431
vn 0.32939978 0.83199945 0.44639971
vn 0.49901798 0.79862878 0.33641212
vn -0.17260073 0.92930395 0.32650139
vn -0.31330926 0.82512438 0.47011389
vn -0.35271590 0.86273888 0.36231633
vn -0.51941634 0.76322401 0.38431209
vn -0.55001765 0.79252544 0.26340845
vn -0.38160855 0.89031994 0.24840556
vn -0.56902704 0.81063852 0.13810656
vn -0.39959340 0.90738502 0.13029785
vn -0.19870798 0.95413830 0.22390899
vn -0.21490623 0.96952811 0.11760341
vn -0.00809981 0.98157694 0.19089552
vn 0.01409987 0.96039142 0.27829751
vn 0.20041045 0.95484980 0.21931144
vn 0.37931270 0.91273057 0.15180508
vn 0.39580062 0.89700140 0.19680031
vn 0.18300444 0.97152356 0.15050365
vn 0.36710908 0.92432286 0.10420258
vn -0.02190035 0.99471602 0.10030162
vn 0.17209839 0.98189084 0.07919926
vn 0.16959640 0.98527906 0.02149954
vn 0.35959471 0.93148630 0.05499919
vn 0.35829585 0.93348919 0.01489983
vn 0.53341226 0.84581944 0.00780018
vn 0.53339227 0.84538775 0.02849959
vn 0.68810791 0.72560834 0.00020000
vn 0.68692581 0.72672730 0.00060002
vn 0.68697833 0.72667707 0.00109997
vn 0.68713050 0.72653225 0.00160007
vn 0.53733324 0.84165206 0.05380333
vn 0.54358858 0.83568245 0.07839835
vn 0.55220460 0.82750689 0.10150085
vn 0.68728534 0.72638451 0.00209996
vn 0.68749005 0.72618949 0.00249996
vn -0.02560012 0.99930487 0.02710013
vn -0.21968979 0.97505467 0.03169853
vn -0.40530500 0.91351126 0.03500043
vn -0.69739328 0.66449360 0.26849741
vn -0.81808147 0.51118842 0.26349403
vn -0.66608650 0.63468714 0.39179206
vn -0.90766880 0.33828837 0.24839146
vn -0.96260663 0.15250105 0.22390154
vn -0.54387428 -0.83756039 -0.05189755
vn -0.37410980 -0.92162414 -0.10320270
vn -0.54990509 -0.83180769 -0.07550070
vn -0.69209865 -0.72179859 0.00250000
vn -0.50161685 -0.49721670 0.70792378
vn -0.62140931 -0.55380830 0.55420830
vn -0.58429857 -0.59039856 0.55679864
vn -0.67012002 -0.63561899 0.38331145
vn -0.64468822 -0.66088793 0.38419298
vn -0.69341396 -0.69291395 0.19760398
vn -0.68030873 -0.70600906 0.19680253
vn -0.68990109 -0.72390115 0.00190000
vn -0.69020380 -0.72360398 0.00400002
vn -0.64279267 -0.74329152 -0.18529789
vn -0.69056297 -0.72326122 0.00399979
vn -0.66057577 -0.72637336 -0.18979304
vn -0.60573466 -0.70094011 -0.37652155
vn -0.57049522 -0.73449385 -0.36749692
vn -0.67299177 -0.71389127 -0.19349763
vn -0.63030300 -0.67620322 -0.38140181
vn -0.52768644 -0.64828334 -0.54888590
vn -0.56331876 -0.61252040 -0.55451847
vn -0.42931402 -0.57041863 -0.70022287
vn -0.47479413 -0.52509350 -0.70629126
vn -0.31429594 -0.47039393 -0.82458936
vn -0.36799235 -0.41739132 -0.83088273
vn -0.18720209 -0.35220393 -0.91701023
vn -0.24701513 -0.29361798 -0.92345655
vn -0.11650522 -0.15860711 -0.98044394
vn -0.05280011 -0.22030045 -0.97400198
vn 0.17689667 -0.16859683 -0.96968174
vn 0.03839890 -0.30719121 -0.95087280
vn 0.08389647 -0.07999664 -0.99325823
vn 0.21750118 0.06330034 -0.97400529
vn 0.01849952 -0.01759954 -0.99967396
vn 0.30859973 -0.02359998 -0.95089918
vn 0.51157677 0.04299805 -0.85816104
vn 0.39690771 -0.10770209 -0.91151771
vn 0.42859703 0.12219915 -0.89519381
vn 0.53189914 0.26309958 -0.80489870
vn 0.60658793 0.19199618 -0.77148464
vn 0.34270886 0.20400527 -0.91702371
vn 0.28141093 0.26091013 -0.92343586
vn 0.15280703 0.12400570 -0.98044510
vn 0.45468087 0.33668584 -0.82456531
vn 0.54909985 0.45629988 -0.70019981
vn 0.39918668 0.38768706 -0.83087227
vn 0.61460496 0.39380318 -0.68350552
vn 0.67809994 0.33339997 -0.65499994
vn 0.67351238 0.50930936 -0.53570985
vn 0.72318489 0.46199034 -0.51338927
vn 0.77260193 0.54190135 -0.33080083
vn 0.74021100 0.57280851 -0.35210523
vn 0.77039289 0.41699615 -0.48229555
vn 0.80266042 0.51327469 -0.30378502
vn 0.81419156 0.37529611 -0.44299541
vn 0.73821643 0.27600614 -0.61551370
vn 0.79418964 0.22269709 -0.56539262
vn 0.67740978 0.12440180 -0.72501047
vn 0.74340219 0.06160018 -0.66600196
vn 0.59049762 -0.03219987 -0.80639675
vn 0.48070185 -0.18750072 -0.85660330
vn 0.66381087 -0.10200167 -0.74091213
vn 0.80319565 0.00469997 -0.59569678
vn 0.73030033 -0.16540008 -0.66280030
vn 0.55851800 -0.26170843 -0.78712537
vn 0.62919016 -0.32899485 -0.70418899
vn 0.43171249 -0.41141190 -0.80272322
vn 0.35230234 -0.33570223 -0.87360579
vn 0.21040348 -0.47110779 -0.85661416
vn 0.26688517 -0.25438587 -0.92954835
vn 0.12660155 -0.39130479 -0.91151117
vn -0.01830053 -0.51311485 -0.85812484
vn -0.10129996 -0.43399984 -0.89519967
vn -0.23709805 -0.54399553 -0.80489339
vn -0.16250272 -0.61511030 -0.77151292
vn -0.36380938 -0.63291633 -0.68341763
vn -0.47628489 -0.69727787 -0.53568300
vn -0.30029985 -0.69329966 -0.65509968
vn -0.24009535 -0.75068546 -0.61548808
vn -0.42651899 -0.74463315 -0.51342286
vn -0.09149650 -0.68267387 -0.72497226
vn 0.13389292 -0.65806518 -0.74096080
vn 0.06060204 -0.58821984 -0.80642719
vn -0.02570017 -0.74550494 -0.66600442
vn 0.20039737 -0.72149053 -0.66279130
vn -0.18419790 -0.80399083 -0.56539355
vn 0.03410024 -0.80240553 -0.59580411
vn 0.25889844 -0.77729531 -0.57339654
vn 0.08680021 -0.85260209 -0.51530127
vn -0.13350200 -0.85231277 -0.50570758
vn -0.08870244 -0.89492462 -0.43731203
vn -0.29571160 -0.86923409 -0.39621554
vn -0.33550712 -0.83131764 -0.44310941
vn -0.47398277 -0.82646996 -0.30378896
vn -0.37939510 -0.78958981 -0.48229378
vn -0.50401777 -0.79782813 -0.33081166
vn -0.60930901 -0.77521147 -0.16670247
vn -0.53640312 -0.76700446 -0.35210205
vn -0.62559196 -0.75969024 -0.17749772
vn -0.69092015 -0.72292109 0.00380011
vn -0.72972369 -0.65832137 0.18470600
vn -0.71189874 -0.67529880 0.19279966
vn -0.70602853 -0.60142431 0.37391511
vn -0.05089913 -0.93098415 -0.36149384
vn 0.13129968 -0.89509780 -0.42609895
vn 0.34838660 -0.86256682 -0.36688589
vn 0.30859001 -0.82457330 -0.47418465
vn 0.16719961 -0.92919784 -0.32959924
vn 0.37769297 -0.89058343 -0.25339529
vn 0.54752369 -0.79223428 -0.26941166
vn 0.56711280 -0.81091830 -0.14420325
vn 0.71609988 -0.68229988 -0.14719997
vn 0.57450326 -0.81750464 -0.04040023
vn 0.40349792 -0.91419529 -0.03789980
vn 0.72329889 -0.68929894 -0.04129994
vn 0.83732551 -0.52731606 -0.14430440
vn 0.84427551 -0.53438450 -0.04039883
vn 0.92610940 -0.35200357 -0.13570138
vn 0.93257194 -0.35898920 -0.03789886
vn 0.97910374 -0.16300062 -0.12160046
vn 0.98492887 -0.16960497 -0.03390099
vn 0.99417073 0.03219905 -0.10289697
vn 0.99924745 0.02620124 -0.02860136
vn 0.97081130 0.22600263 -0.08030093
vn 0.97504161 0.22090943 -0.02220095
vn 0.90994667 0.41107591 -0.05489678
vn 0.91326561 0.40708467 -0.01509943
vn 0.81637022 0.57747893 -0.00759972
vn 0.81408735 0.58009099 -0.02749957
vn 0.90247846 0.41819002 -0.10319754
vn 0.68692581 0.72672730 0.00060002
vn 0.81030592 0.58370426 -0.05190038
vn 0.68702825 0.72662988 0.00110005
vn 0.80430965 0.58940707 -0.07540090
vn 0.89049269 0.42959647 -0.14989877
vn 0.94237606 0.25309357 -0.21879444
vn 0.87421064 0.44510542 -0.19400236
vn 0.91858291 0.27579487 -0.28309473
vn 0.88893277 0.30411121 -0.34251263
vn 0.88956524 0.13179485 -0.43738291
vn 0.92743216 0.09580332 -0.36151254
vn 0.90038858 -0.08799888 -0.42609460
vn 0.85580086 -0.04550005 -0.51530052
vn 0.95781116 0.06690078 -0.27950326
vn 0.93619297 -0.12209908 -0.32959753
vn 0.95988387 0.23639603 -0.15079747
vn 0.98018327 0.04549922 -0.19279671
vn 0.96257483 -0.14729615 -0.22749405
vn 0.90772078 -0.33440766 -0.25340580
vn 0.87828149 -0.30649354 -0.36699227
vn 0.78645154 -0.47897048 -0.38997597
vn 0.83848317 -0.26849461 -0.47419048
vn 0.74411117 -0.43860658 -0.50390756
vn 0.69142230 -0.38831253 -0.60921965
vn 0.56720169 -0.54050161 -0.62140185
vn 0.62098005 -0.59178099 -0.51398349
vn 0.66421033 -0.63290984 -0.39780619
vn 0.47391781 -0.72212714 -0.50391894
vn 0.42112117 -0.67193378 -0.60923063
vn 0.35890258 -0.61260441 -0.70420507
vn 0.28830066 -0.54530126 -0.78710181
vn 0.50376935 -0.48007079 -0.71815631
vn 0.51628143 -0.76247257 -0.38998597
vn 0.69608707 -0.66328768 -0.27479490
vn 0.81770599 -0.50870373 -0.26940197
vn 0.78883059 -0.22120858 -0.57342224
vn 0.84489837 0.17439966 -0.50569902
vn 0.85391776 0.33740702 -0.39620824
vn 0.82991583 0.48730929 -0.27160518
vn 0.85388442 0.46449152 -0.23479572
vn 0.78586751 0.60697490 -0.11829511
vn 0.79611260 0.59720945 -0.09770155
vn 0.68713050 0.72653225 0.00160007
vn 0.68728534 0.72638451 0.00209996
vn 0.68749005 0.72618949 0.00249996
vn 0.77379113 0.61849291 -0.13679843
vn 0.68779723 0.72589707 0.00289999
vn 0.68810418 0.72560440 0.00330002
vn 0.76005813 0.63156521 -0.15309157
vn 0.74490711 0.64600617 -0.16670159
vn 0.68841115 0.72531175 0.00360006
vn 0.72861951 0.66151771 -0.17750475
vn 0.68877077 0.72496923 0.00379984
vn 0.71143544 0.67793377 -0.18510922
vn 0.70616847 0.60527298 -0.36738360
vn 0.67092533 0.63882412 -0.37651421
vn 0.62210046 0.55830042 -0.54890041
vn 0.58462097 0.59222125 -0.55451989
vn 0.50158435 0.49958441 -0.70627796
vn 0.64500006 0.66220007 -0.38140004
vn 0.68061968 0.70662043 -0.19350560
vn 0.69360312 0.69490312 -0.18980085
vn 0.68948733 0.72428669 0.00399993
vn 0.68912758 0.72462900 0.00400016
vn 0.68979899 0.72399894 0.00170000
vn 0.68810791 0.72560834 0.00020000
vn -0.29650144 -0.24750121 -0.92240449
vn -0.16900795 -0.10920514 -0.97954609
vn -0.37191198 -0.17600567 -0.91142936
vn -0.41239953 -0.37619957 -0.82969905
vn -0.47998421 -0.31238972 -0.81977303
vn -0.56949712 -0.43669779 -0.69639648
vn -0.63493043 -0.37431794 -0.67583239
vn -0.55702231 -0.23910958 -0.79533185
vn -0.45757283 -0.09439440 -0.88414750
vn -0.63097153 -0.16859239 -0.75726583
vn -0.69780239 -0.31440108 -0.64360220
vn -0.78431778 -0.40360915 -0.47111068
vn -0.75707240 -0.25789060 -0.60027812
vn -0.73780433 -0.44790263 -0.50500297
vn -0.68847580 -0.49488261 -0.53018136
vn -0.74969675 -0.56369756 -0.34669850
vn -0.78169633 -0.53319750 -0.32349848
vn -0.74921105 -0.64190947 -0.16320241
vn -0.76410094 -0.62770077 -0.14880018
vn -0.81113396 -0.50512115 -0.29481234
vn -0.82725724 -0.36268125 -0.42907782
vn -0.77742060 -0.61501630 -0.13180349
vn -0.83762237 -0.47991282 -0.26090697
vn -0.86583610 -0.32591359 -0.37961583
vn -0.86068810 -0.45789367 -0.22259692
vn -0.78908806 -0.60389086 -0.11249830
vn -0.68749038 -0.72618984 0.00229997
vn -0.68723285 -0.72643472 0.00190009
vn -0.79877325 -0.59468009 -0.09119695
vn -0.87989282 -0.43959641 -0.18039853
vn -0.68708079 -0.72657968 0.00139996
vn -0.80640069 -0.58740051 -0.06840006
vn -0.89490979 -0.42530465 -0.13510148
vn -0.68697846 -0.72667722 0.00089997
vn -0.81177046 -0.58227881 -0.04449838
vn -0.90547257 -0.41528742 -0.08749735
vn -0.68692588 -0.72672738 0.00040002
vn -0.81480507 -0.57940360 -0.01960012
vn -0.68790272 -0.72580287 0.00020000
vn -0.81650198 -0.57730140 -0.00690002
vn -0.91150832 -0.40950374 -0.03820035
vn -0.97311007 -0.22370231 -0.05490057
vn -0.91347317 -0.40668805 -0.01309962
vn -0.96445131 -0.23201234 -0.12650673
vn -0.94909128 -0.24659774 -0.19599820
vn -0.96678595 -0.05809916 -0.24889638
vn -0.98627829 -0.03949913 -0.16029647
vn -0.94718613 0.13279806 -0.29189573
vn -0.97002066 0.15460329 -0.18750399
vn -0.99720594 -0.02910017 -0.06880041
vn -0.98277407 0.16669560 -0.07979789
vn -0.97539063 -0.21969789 -0.01859982
vn -0.99943937 -0.02470097 -0.02260089
vn -0.98490606 0.17120105 -0.02550016
vn -0.93251487 0.36010574 -0.02720043
vn -0.93032019 0.35610773 -0.08770190
vn -0.91630219 0.34260082 -0.20740050
vn -0.82703494 0.51752187 -0.21950927
vn -0.84189167 0.53169474 -0.09229909
vn -0.72082640 0.68672516 -0.09390344
vn -0.84426997 0.53518096 -0.02809900
vn -0.70560350 0.67240334 -0.22360111
vn -0.67834242 0.64634042 -0.34942185
vn -0.55692259 0.80103250 -0.21950891
vn -0.53010353 0.77550517 -0.34290229
vn -0.49181072 0.73901611 -0.46041004
vn -0.32510201 0.84010518 -0.43420268
vn -0.36129911 0.87449786 -0.32359921
vn -0.17829709 0.93968469 -0.29189524
vn -0.38660845 0.89861964 -0.20740453
vn -0.14569418 0.90866371 -0.39128437
vn 0.07479686 0.90816191 -0.41188272
vn 0.03920151 0.94203633 -0.33321285
vn -0.10400195 0.86891633 -0.48390909
vn 0.11739914 0.86749368 -0.48339648
vn -0.05380132 0.82112016 -0.56821395
vn -0.27888710 0.79596319 -0.53727515
vn -0.44269466 0.69219165 -0.56999312
vn -0.22310432 0.74291440 -0.63111223
vn -0.38359696 0.63589496 -0.66969469
vn -0.15899486 0.68187797 -0.71397694
vn 0.00380002 0.76610500 -0.64270420
vn 0.22109724 0.76869041 -0.60019252
vn 0.16650558 0.82072750 -0.54651831
vn 0.06810143 0.70481485 -0.70611488
vn 0.28040768 0.71221950 -0.64351762
vn 0.13789488 0.63837630 -0.75727188
vn -0.08759906 0.61379344 -0.78459162
vn -0.01009973 0.53988572 -0.84167773
vn -0.23979666 0.49879304 -0.83288839
vn -0.31559694 0.57109446 -0.75779265
vn -0.45970201 0.43790191 -0.77260338
vn -0.52901685 0.50401606 -0.68272175
vn -0.71279304 0.40869601 -0.56999443
vn -0.58929839 0.56139847 -0.58099842
vn -0.65375480 0.35237564 -0.66965370
vn -0.58569441 0.28759725 -0.75779277
vn -0.75291844 0.18690458 -0.63101545
vn -0.80851474 0.24000438 -0.53730980
vn -0.87291850 0.06200131 -0.48391025
vn -0.91462207 0.10170245 -0.39130944
vn -0.85485877 0.28408630 -0.43417906
vn -0.76192285 0.45551366 -0.46041381
vn -0.89098209 0.31849360 -0.32359349
vn -0.80021422 0.49200875 -0.34290610
vn -0.63934605 0.60914388 -0.46923380
vn -0.93902341 -0.08450211 -0.33330831
vn -0.90350342 -0.11840045 -0.41190156
vn -0.92726084 -0.26738871 -0.26208893
vn -0.89934791 -0.29401566 -0.32361724
vn -0.86088256 -0.15909678 -0.48329021
vn -0.82274601 0.01420079 -0.56823177
vn -0.81176903 -0.20589215 -0.54647915
vn -0.76505948 -0.04079784 -0.64266596
vn -0.61730084 0.05780008 -0.78460106
vn -0.70070627 -0.10210091 -0.70610632
vn -0.68872434 0.12580445 -0.71402523
vn -0.50980700 0.21530296 -0.83291144
vn -0.38238377 0.36428454 -0.84916396
vn -0.42757770 0.13689286 -0.89355339
vn -0.29840414 0.28430394 -0.91111264
vn -0.07000178 0.33720855 -0.93882381
vn -0.15749501 0.42038668 -0.89357169
vn -0.20949226 0.19939263 -0.95726463
vn -0.11670387 0.11110368 -0.98693271
vn -0.34020592 0.05370094 -0.93881635
vn 0.02079934 0.25059206 -0.96786931
vn 0.10090445 0.17410767 -0.97954316
vn 0.23290119 0.30810157 -0.92240471
vn 0.15780388 0.38000935 -0.91142242
vn 0.35590589 0.43000712 -0.82971373
vn 0.28889054 0.49448381 -0.81977315
vn 0.07219983 0.46149891 -0.88419791
vn 0.21180876 0.56782350 -0.79543292
vn 0.40870191 0.58990275 -0.69640325
vn 0.34331281 0.65222434 -0.67582522
vn 0.46118017 0.71156940 -0.53007720
vn 0.51251447 0.66271871 -0.54601541
vn 0.55628961 0.62018842 -0.55308967
vn 0.62578151 0.68117988 -0.37998878
vn 0.59599996 0.71019995 -0.37469998
vn 0.67089043 0.71618978 -0.19229726
vn 0.65600673 0.73070749 -0.18900194
vn 0.56077602 0.74376820 -0.36378444
vn 0.63831015 0.74761188 -0.18340292
vn 0.41188773 0.75857740 -0.50488496
vn 0.52691813 0.77602671 -0.34661193
vn 0.62113154 0.76393880 -0.17490888
vn 0.36531215 0.80292670 -0.47101566
vn 0.49497043 0.80645182 -0.32348067
vn 0.60512031 0.77922615 -0.16320548
vn 0.32240303 0.84380793 -0.42900403
vn 0.46551662 0.83452980 -0.29471052
vn 0.59022028 0.79342726 -0.14870511
vn 0.28381152 0.88053573 -0.37961540
vn 0.43907066 0.85974255 -0.26088257
vn 0.57691278 0.80611785 -0.13170292
vn 0.41600892 0.88171890 -0.22250477
vn 0.25029708 0.91248937 -0.32359623
vn 0.22239255 0.93906855 -0.26209122
vn 0.39680827 0.90001875 -0.18030376
vn 0.01149956 0.96846334 -0.24889058
vn 0.20059354 0.95986911 -0.19599369
vn 0.38168583 0.91436605 -0.13509498
vn -0.00800041 0.98705081 -0.16020825
vn 0.18520449 0.97452361 -0.12650307
vn -0.01900094 0.99744928 -0.06880340
vn 0.37108994 0.92447494 -0.08739763
vn 0.17659140 0.98275214 -0.05489733
vn 0.36517992 0.93014886 -0.03829789
vn -0.02339921 0.99946619 -0.02279923
vn 0.17229472 0.98486983 -0.01859943
vn 0.36190647 0.93211665 -0.01350024
vn 0.53948067 0.84176984 -0.01959930
vn 0.53739852 0.84329769 -0.00719998
vn 0.69281482 0.72111543 0.00040001
vn 0.69179457 0.72209434 0.00020000
vn 0.69271263 0.72121315 0.00090002
vn 0.69261025 0.72131067 0.00140002
vn 0.54249164 0.83888707 -0.04439932
vn 0.54791954 0.83372974 -0.06840244
vn 0.55550002 0.82650002 -0.09120000
vn 0.69245772 0.72145595 0.00189988
vn 0.69230290 0.72160303 0.00240001
vn 0.56518189 0.81727381 -0.11239640
vn 0.69199604 0.72189587 0.00279998
vn 0.69168894 0.72218846 0.00319995
vn 0.69138187 0.72248105 0.00349991
vn 0.69107487 0.72277371 0.00369987
vn 0.69071543 0.72311616 0.00390009
vn 0.69030582 0.72350610 0.00410003
vn 0.69000216 0.72380227 0.00270001
vn -0.21819324 0.97556978 -0.02559921
vn -0.40438953 0.91417634 -0.02739929
vn -0.21389805 0.97359114 -0.07979927
vn -0.20109199 0.96146168 -0.18749253
vn -0.40058036 0.91205528 -0.08769570
vn -0.57179269 0.81518958 -0.09229882
vn -0.57516385 0.81754862 -0.02829822
vn -0.72371502 0.68951431 -0.02840059
vn 0.46517925 0.53537612 -0.70496856
vn -0.03480148 0.03320142 -0.99884259
vn -0.24929211 -0.03289896 -0.96786936
vn -0.53981787 -0.01610053 -0.84162785
vn -0.53291864 -0.84612960 0.00790028
vn -0.35770209 -0.93370544 0.01560009
vn -0.53279237 -0.84598788 0.02089970
vn -0.53596876 -0.84295087 0.04659728
vn -0.35830194 -0.93270505 0.04100022
vn -0.36460236 -0.92670600 0.09100059
vn -0.16809910 -0.98549470 0.02329987
vn -0.17019889 -0.98359359 0.05979961
vn 0.02679975 -0.99919057 0.02999972
vn -0.17939419 -0.97486842 0.13209572
vn 0.02409948 -0.99677842 0.07649834
vn 0.01249946 -0.98565780 0.16829279
vn 0.21739733 -0.97188808 0.09039889
vn 0.22039134 -0.97476171 0.03559860
vn 0.40571296 -0.91312917 0.03990127
vn 0.57549355 -0.81669084 0.04269952
vn 0.40231935 -0.90994377 0.10070484
vn 0.57190088 -0.81330126 0.10710017
vn 0.20369646 -0.95878335 0.19809656
vn 0.38707684 -0.89534643 0.22028682
vn 0.36050046 -0.87010110 0.33610043
vn 0.55561884 -0.79782705 0.23400793
vn 0.17990303 -0.93601579 0.30250510
vn -0.00780020 -0.96632495 0.25720664
vn 0.14619607 -0.90407568 0.40158920
vn -0.03640138 -0.93913553 0.34161293
vn -0.21780112 -0.93830484 0.26860138
vn -0.07270096 -0.90451195 0.42020555
vn -0.24639428 -0.91107885 0.33049233
vn -0.43440221 -0.86020438 0.26710136
vn -0.28050289 -0.87850905 0.38670399
vn -0.41079244 -0.88268375 0.22829580
vn -0.57186189 -0.80874610 0.13749084
vn -0.55971051 -0.82031541 0.11750221
vn -0.39100127 -0.90150293 0.18550060
vn -0.54958839 -0.82998247 0.09529799
vn -0.19539515 -0.95967617 0.20209498
vn -0.37557870 -0.91624805 0.13939210
vn -0.54159164 -0.83758707 0.07159889
vn -0.68769480 -0.72599451 0.00279998
vn -0.68800203 -0.72570214 0.00310001
vn -0.58577981 -0.79547258 0.15519465
vn -0.68830884 -0.72540932 0.00350004
vn -0.60129332 -0.78069133 0.17019811
vn -0.68861596 -0.72511680 0.00370009
vn -0.73307474 -0.65727735 -0.17489397
vn -0.71579683 -0.59599736 -0.36389839
vn -0.71602488 -0.67352341 -0.18350638
vn -0.68069223 -0.62949281 -0.37469572
vn -0.68902539 -0.72472671 0.00390014
vn -0.69820192 -0.69050190 -0.18900052
vn -0.68938493 -0.72438417 0.00399991
vn -0.68297597 -0.70467520 -0.19229323
vn -0.65020245 -0.65790248 -0.38000143
vn -0.59262826 -0.58552792 -0.55312638
vn -0.63721036 -0.54380884 -0.54610888
vn -0.51230808 -0.49040774 -0.70501112
vn -0.68969492 -0.72409466 0.00279998
vn -0.65440777 -0.73010867 0.19670233
vn -0.67010653 -0.71550697 0.19750192
vn -0.62491794 -0.67931950 0.38471104
vn -0.59467861 -0.70747455 0.38188626
vn -0.51239313 -0.65759119 0.55229260
vn -0.46051010 -0.70701551 0.53671177
vn -0.55877443 -0.74166605 0.37108302
vn -0.63590587 -0.74770690 0.19120176
vn -0.41047456 -0.75465323 0.51186828
vn -0.52419056 -0.77458605 0.35389363
vn -0.61809674 -0.76469597 0.18219904
vn -0.36340012 -0.79960027 0.47810016
vn -0.49158690 -0.80567853 0.33049119
vn -0.31971155 -0.84113039 0.43621576
vn -0.46147511 -0.83435500 0.30148374
vn -0.16600855 -0.81564201 0.55422854
vn -0.11610040 -0.86310299 0.49150170
vn 0.05249879 -0.81478124 0.57738671
vn 0.10359840 -0.86338663 0.49379236
vn 0.32319667 -0.83459140 0.44609540
vn 0.27579031 -0.78937227 0.54848073
vn 0.43760651 -0.68531019 0.58210866
vn 0.48791815 -0.73322727 0.47361762
vn 0.21910695 -0.73532331 0.64132033
vn -0.00609985 -0.75898125 0.65108391
vn 0.15409322 -0.67337038 0.72306819
vn 0.37739214 -0.62788692 0.68068582
vn 0.30838733 -0.56217691 0.76736848
vn 0.52130996 -0.49670949 0.69391326
vn 0.58269167 -0.55519207 0.59349152
vn 0.75598240 -0.45188948 0.47358897
vn 0.63397299 -0.60407426 0.48287942
vn 0.70562548 -0.40401459 0.58212102
vn 0.64541342 -0.34670721 0.68061415
vn 0.80176222 -0.23738881 0.54847415
vn 0.84919634 -0.28259878 0.44609808
vn 0.91007710 -0.10239742 0.40158989
vn 0.94363918 -0.13450558 0.30241255
vn 0.88648534 -0.31809474 0.33609444
vn 0.79549843 -0.48969903 0.35689930
vn 0.96750954 -0.15710155 0.19810195
vn 0.91298875 -0.34339577 0.22029728
vn 0.82369591 -0.51649743 0.23399884
vn 0.98124434 -0.17030770 0.09030408
vn 0.92827894 -0.35799188 0.10069772
vn 0.83996035 -0.53197489 0.10709494
vn 0.98423469 -0.17320610 0.03580126
vn 0.93151188 -0.36150461 0.04000051
vn 0.84350959 -0.53540609 0.04280049
vn 0.72332481 -0.68912364 0.04370150
vn 0.71962400 -0.68572287 0.10920364
vn 0.70303341 -0.66993183 0.23861134
vn 0.52748026 -0.77097114 0.35688664
vn 0.67438489 -0.64248560 0.36389185
vn 0.99931776 0.02140038 0.03010053
vn 0.97618252 0.21569614 0.02329958
vn 0.99678082 0.02399954 0.07649853
vn 0.97422536 0.21750566 0.05980156
vn 0.98510693 0.03520025 0.16830118
vn 0.96508318 0.22619606 0.13209770
vn 0.96482401 0.05440135 0.25720640
vn 0.93629681 0.08159972 0.34159884
vn 0.94914310 0.24141096 0.20210918
vn 0.90808000 0.40879100 0.09099800
vn 0.89708508 0.41929303 0.13939768
vn 0.92670802 0.26280227 0.26860232
vn 0.89818406 0.28989485 0.33049413
vn 0.88158478 0.43409251 0.18539680
vn 0.89999564 0.11629944 0.42009796
vn 0.85649903 0.15759982 0.49149944
vn 0.81633645 -0.01320059 0.57742579
vn 0.86738246 -0.06179875 0.49379002
vn 0.74508562 -0.18329646 0.64128763
vn 0.68009899 -0.12139982 0.72299893
vn 0.57638717 -0.28089375 0.76738291
vn 0.37277947 -0.35518044 0.85725278
vn 0.49969118 -0.20789633 0.84088515
vn 0.45091213 -0.42971156 0.78232105
vn 0.23169809 -0.48909596 0.84089306
vn 0.14869764 -0.40999350 0.89988574
vn 0.00369997 -0.52999531 0.84799250
vn 0.08180116 -0.60460856 0.79231122
vn -0.07110179 -0.69691750 0.71361792
vn -0.14149760 -0.62988931 0.76368704
vn -0.21610897 -0.55882319 0.80063322
vn -0.34479632 -0.64519312 0.68179273
vn -0.28129390 -0.70578470 0.65018590
vn -0.22138997 -0.76286544 0.60747248
vn -0.41070688 -0.58240976 0.70151175
vn -0.55597943 -0.61697717 0.55697939
vn -0.29349799 -0.48499668 0.82379436
vn -0.46578765 -0.53098592 0.70788122
vn -0.35791143 -0.42461356 0.83162656
vn -0.23630539 -0.30210690 0.92352108
vn -0.16509506 -0.36918896 0.91457265
vn -0.03030141 -0.23941118 0.97044532
vn 0.06090014 -0.32630075 0.94330217
vn -0.07909727 -0.45108443 0.88896932
vn 0.19860862 -0.18920822 0.96164176
vn 0.28818744 -0.27458803 0.91736002
vn 0.41681543 -0.12870476 0.89983331
vn 0.32889752 -0.04499966 0.94329288
vn 0.60782541 -0.05250220 0.79233313
vn 0.52958301 0.02199929 0.84797280
vn 0.62230751 0.17170207 0.76370921
vn 0.69270020 0.10460003 0.71360021
vn 0.44681473 0.10080332 0.88892930
vn 0.36082414 0.18271223 0.91456120
vn 0.54780081 0.24280036 0.80060118
vn 0.23770796 0.04190140 0.97043248
vn 0.16279961 0.11359973 0.98009764
vn 0.02919962 -0.02779964 0.99918695
vn 0.10560073 -0.10060069 0.98930682
vn -0.10559974 -0.16809958 0.98009756
vn 0.29040949 0.25050818 0.92353017
vn 0.40687947 0.37788093 0.83165804
vn 0.47028493 0.31658986 0.82377360
vn 0.56189202 0.43839377 0.70149003
vn 0.62790830 0.37550497 0.68170902
vn 0.73397410 0.44638425 0.51188194
vn 0.69139343 0.31499701 0.65019382
vn 0.68398711 0.49409069 0.53668988
vn 0.63210697 0.54350599 0.55230609
vn 0.71391183 0.59380984 0.37110615
vn 0.74840075 0.56100056 0.35380035
vn 0.75081204 0.63821024 0.17020273
vn 0.78104714 0.52983198 0.33051995
vn 0.73401214 0.65421082 0.18230301
vn 0.69107487 0.72277371 0.00369987
vn 0.69138187 0.72248105 0.00349991
vn 0.71619666 0.67119687 0.19119911
vn 0.67796013 0.62806307 0.38197754
vn 0.69071516 0.72311587 0.00400009
vn 0.69769988 0.68879988 0.19689997
vn 0.68239643 0.70379632 0.19749897
vn 0.69030582 0.72350610 0.00410003
vn 0.64837872 0.65697844 0.38468737
vn 0.58940490 0.58510487 0.55700463
vn 0.50790776 0.49080749 0.70791081
vn 0.69000216 0.72380227 0.00270001
vn 0.69168894 0.72218846 0.00319995
vn 0.76632671 0.62342173 0.15520541
vn 0.69199604 0.72189587 0.00279998
vn 0.78021470 0.61021149 0.13750259
vn 0.69230290 0.72160303 0.00240001
vn 0.79238971 0.59859223 0.11749847
vn 0.69245772 0.72145595 0.00189988
vn 0.80257146 0.58887906 0.09539661
vn 0.69261025 0.72131067 0.00140002
vn 0.81051587 0.58131139 0.07170140
vn 0.69271263 0.72121315 0.00090002
vn 0.69281482 0.72111543 0.00040001
vn 0.81619015 0.57589305 0.04669944
vn 0.81941925 0.57281346 0.02090049
vn 0.81946400 0.57307483 0.00799965
vn 0.69179457 0.72209434 0.00020000
vn 0.91432108 0.40290929 0.04100095
vn 0.91541298 0.40220570 0.01580022
vn 0.86189123 0.45279540 0.22829768
vn 0.86395523 0.32258328 0.38667996
vn 0.83826041 0.47537755 0.26708739
vn 0.81112976 0.50121839 0.30141106
vn 0.82472947 0.35991286 0.43621559
vn 0.78117840 0.40148890 0.47808678
vn 0.80666798 0.20509186 0.55427800
vn 0.75129236 0.25789738 0.60749382
vn 0.75779419 0.04269967 0.65109501
vn -0.00319997 0.00339996 -0.99998910
vn 0.12840174 0.06150083 -0.98981344
vn -0.00319997 0.00319997 -0.99998976
vn 0.11430289 0.08590217 -0.98972505
vn -0.00319997 0.00319997 -0.99998976
vn -0.00339996 0.00309997 -0.99998942
vn 0.13720528 0.03460133 -0.98993811
vn 0.39130824 0.09130192 -0.91571929
vn 0.14049434 0.00649974 -0.99006015
vn 0.40091292 0.01260041 -0.91602951
vn 0.72313257 0.01960088 -0.69043109
vn 0.39539948 -0.06649991 -0.91609880
vn 0.71300768 -0.12230132 -0.69040744
vn 0.67533903 -0.25951500 -0.69033989
vn 0.95369072 -0.16529839 -0.25129755
vn 0.90312090 -0.34830806 -0.25110581
vn 0.93291193 -0.36010461 0.00000000
vn 0.84471811 -0.53521147 0.00000000
vn 0.81760297 -0.51790188 -0.25160091
vn 0.61100452 -0.38660286 -0.69080511
vn 0.72390245 -0.68990234 0.00000000
vn 0.70068642 -0.66778706 -0.25119513
vn 0.57531999 -0.81792842 0.00000000
vn 0.55679313 -0.79179023 -0.25109690
vn 0.52361356 -0.49901292 -0.69051788
vn 0.33850065 -0.21360041 -0.91640175
vn 0.28951400 -0.27591334 -0.91654431
vn 0.41577009 -0.59195741 -0.69045033
vn 0.29160817 -0.66171855 -0.69071936
vn 0.39151439 -0.88513252 -0.25150924
vn 0.22969955 -0.32779936 -0.91639822
vn 0.10079547 -0.09609568 -0.99025547
vn 0.07960138 -0.11460198 -0.99021715
vn 0.16060479 -0.36681095 -0.91632736
vn 0.08550093 -0.39170424 -0.91610992
vn 0.15650017 -0.70610077 -0.69060075
vn 0.05489939 -0.12849857 -0.99018896
vn 0.02830032 -0.13740153 -0.99011106
vn -0.00339996 0.00319997 -0.99998910
vn -0.00339996 0.00319997 -0.99998910
vn -0.00329996 0.00329996 -0.99998911
vn -0.00329997 0.00319997 -0.99998944
vn 0.00020001 -0.14080530 -0.99003729
vn -0.02789877 -0.13859388 -0.98995626
vn 0.00679978 -0.40118723 -0.91597084
vn -0.07229639 -0.39518025 -0.91575423
vn -0.12650597 -0.71273366 -0.68993258
vn -0.14860075 -0.37410188 -0.91540461
vn -0.26350953 -0.67462440 -0.68952494
vn -0.39028584 -0.61027787 -0.68937500
vn -0.34968986 -0.90267381 -0.25079272
vn -0.51912476 -0.81703897 -0.25091197
vn -0.53558725 -0.84447990 0.00000000
vn -0.69000468 -0.72380491 0.00000000
vn -0.66859794 -0.70019784 -0.25039923
vn -0.81800857 -0.57520603 0.00000000
vn -0.79237759 -0.55618427 -0.25059291
vn -0.50231687 -0.52281756 -0.68872313
vn -0.21909009 -0.33808470 -0.91525858
vn -0.28130122 -0.28920125 -0.91500397
vn -0.59471431 -0.41470998 -0.68871657
vn -0.66450767 -0.29120336 -0.68820794
vn -0.88568949 -0.39109536 -0.25019703
vn -0.33288719 -0.22929117 -0.91466479
vn -0.10230234 -0.10090231 -0.98962263
vn -0.12069814 -0.07969877 -0.98948475
vn -0.37169695 -0.16039868 -0.91439250
vn -0.39648330 -0.08539640 -0.91406151
vn -0.70860212 -0.15620047 -0.68810206
vn -0.13459559 -0.05509819 -0.98936758
vn -0.14360401 -0.02840079 -0.98922762
vn -0.00329997 0.00309997 -0.99998975
vn -0.00319997 0.00319997 -0.99998976
vn -0.00339996 0.00309997 -0.99998942
vn -0.00329997 0.00319997 -0.99998944
vn -0.14659939 -0.00030000 -0.98919590
vn -0.14469825 0.02769966 -0.98908804
vn -0.40569268 -0.00689988 -0.91398350
vn -0.39999654 0.07189938 -0.91369210
vn -0.71555842 0.12619267 -0.68706008
vn -0.37870889 0.14790347 -0.91362144
vn -0.67726765 0.26288744 -0.68716717
vn -0.61319145 0.38939457 -0.68729042
vn -0.90312249 0.34930870 -0.24970622
vn -0.81766760 0.51857945 -0.24999009
vn -0.84459902 0.53539938 0.00000000
vn -0.72390245 0.68990234 0.00000000
vn -0.70103805 0.66793625 -0.24981356
vn -0.57550084 0.81780119 0.00000000
vn -0.55741849 0.79172626 -0.24990829
vn -0.52603061 0.50112916 -0.68713999
vn -0.34308608 0.21839114 -0.91356294
vn -0.29439756 0.28049768 -0.91359243
vn -0.41847448 0.59376379 -0.68725809
vn -0.29499318 0.66358467 -0.68748412
vn -0.39231935 0.88514367 -0.25021234
vn -0.23469537 0.33209345 -0.91358198
vn -0.10709915 0.10209919 -0.98899218
vn -0.08580194 0.12030272 -0.98902239
vn -0.16610254 0.37110568 -0.91361399
vn -0.09110169 0.39600735 -0.91371695
vn -0.16050291 0.70821284 -0.68751246
vn -0.06130342 0.13420749 -0.98905523
vn -0.03460011 0.14310046 -0.98910318
vn -0.00339996 0.00319997 -0.99998910
vn -0.00329997 0.00319997 -0.99998944
vn -0.00319997 0.00299997 -0.99999038
vn -0.00339996 0.00319997 -0.99998910
vn -0.00669982 0.14659611 -0.98917374
vn 0.02140062 0.14480423 -0.98922887
vn -0.01270021 0.40570670 -0.91391508
vn 0.06610096 0.39980582 -0.91421331
vn 0.12189962 0.71549776 -0.68789784
vn 0.14229874 0.37899666 -0.91439193
vn 0.25879903 0.67789747 -0.68809743
vn 0.34788654 0.90356504 -0.25009032
vn 0.51739539 0.81829271 -0.25039777
vn 0.38568973 0.61408365 -0.68858166
vn 0.21298871 0.34358178 -0.91465150
vn 0.66700599 0.70160630 -0.25070225
vn 0.49778903 0.52678839 -0.68898481
vn 0.27541209 0.29501296 -0.91494018
vn 0.07369845 0.12449737 -0.98947913
vn 0.09590118 0.10710132 -0.98961218
vn -0.00319997 0.00309997 -0.99999008
vn -0.00329997 0.00319997 -0.99998944
vn -0.00319997 0.00299997 -0.99999038
vn -0.00329997 0.00319997 -0.99998944
vn 0.04849918 0.13699770 -0.98938337
vn 0.68959524 0.72419500 0.00000000
vn 0.53509490 0.84479195 0.00000000
vn 0.36010461 0.93291193 0.00000000
vn 0.17120612 0.98523523 0.00000000
vn 0.16510214 0.95401238 -0.25020325
vn -0.02420041 0.96791643 -0.25010424
vn -0.01970040 0.72571456 -0.68771380
vn -0.02430011 0.99970471 0.00000000
vn -0.21229688 0.94468612 -0.24999633
vn -0.21888874 0.97574982 0.00000000
vn -0.40500618 0.91431395 0.00000000
vn -0.00329997 0.00319997 -0.99998944
vn -0.00329997 0.00319997 -0.99998944
vn -0.00339996 0.00309997 -0.99998942
vn -0.12430277 0.07990178 -0.98902201
vn -0.13689641 0.05469856 -0.98907403
vn -0.00359996 0.00309997 -0.99998872
vn -0.93283175 0.36031226 0.00000000
vn -0.98518459 0.17149732 0.00000000
vn -0.95398158 0.16649679 -0.24939519
vn -0.96793064 -0.02250071 -0.25020792
vn -0.72610830 -0.01540018 -0.68740786
vn -0.99971673 -0.02380040 0.00000000
vn -0.94493650 -0.21080814 -0.25030967
vn -0.97583518 -0.21850788 0.00000000
vn -0.91449478 -0.40459769 0.00000000
vn -0.00329997 0.00319997 -0.99998944
vn -0.00339997 0.00299997 -0.99998972
vn -0.00329997 0.00299997 -0.99999006
vn -0.08030204 -0.11830301 -0.98972520
vn -0.05520025 -0.13130061 -0.98980457
vn -0.00329997 0.00319997 -0.99998944
vn -0.36051991 -0.93275152 0.00000000
vn -0.17159437 -0.98516769 0.00000000
vn -0.16679702 -0.95348298 -0.25109552
vn 0.02259994 -0.96769745 -0.25109934
vn 0.01529947 -0.72357502 -0.69007617
vn 0.02390034 -0.99971435 0.00000000
vn 0.21099553 -0.94457997 -0.25149467
vn 0.21860310 -0.97581386 0.00000000
vn 0.40480194 -0.91440439 0.00000000
vn -0.00309997 0.00309997 -0.99999039
vn -0.00329997 0.00309997 -0.99998975
vn -0.00329997 0.00319997 -0.99998944
vn 0.11830196 -0.07400122 -0.99021637
vn 0.13089983 -0.04869994 -0.99019874
vn 0.37410966 -0.14280369 -0.91632367
vn 0.13869984 -0.02159998 -0.99009888
vn -0.00339996 0.00309997 -0.99998942
vn -0.00339996 0.00309997 -0.99998942
vn 0.98521836 -0.17130319 0.00000000
vn 0.99970471 0.02430011 0.00000000
vn 0.96755993 0.02409900 -0.25148959
vn 0.70566220 0.16079139 -0.69006303
vn 0.94427501 0.21259437 -0.25129335
vn 0.66111286 0.29580575 -0.68951341
vn 0.88461739 0.39280772 -0.25130494
vn 0.97574503 0.21891010 0.00000000
vn 0.91427691 0.40508977 0.00000000
vn 0.81767392 0.57568164 0.00000000
vn 0.79108322 0.55788816 -0.25089468
vn 0.59080248 0.41930176 -0.68930289
vn 0.49778903 0.52678839 -0.68898481
vn 0.66700599 0.70160630 -0.25070225
vn 0.68959524 0.72419500 0.00000000
vn 0.27541209 0.29501296 -0.91494018
vn 0.32709337 0.23509524 -0.91528146
vn 0.09590118 0.10710132 -0.98961218
vn 0.36638568 0.16639350 -0.91546422
vn 0.00319997 -0.00329997 0.99998944
vn 0.00319997 -0.00319997 0.99998976
vn 0.00319997 -0.00319997 0.99998976
vn 0.00319997 -0.00309997 0.99999008
vn 0.00329997 -0.00319997 0.99998944
vn 0.00329997 -0.00309997 0.99998975
vn 0.00319997 -0.00309997 0.99999008
vn 0.00329997 -0.00309997 0.99998975
vn 0.00329997 -0.00309997 0.99998975
vn 0.00329997 -0.00309997 0.99998975
vn 0.00319997 -0.00309997 0.99999008
vn 0.00319997 -0.00309997 0.99999008
vn 0.00339996 -0.00329996 0.99998878
vn 0.00339996 -0.00319997 0.99998910
vn 0.00339996 -0.00329996 0.99998878
vn 0.00289997 -0.00299997 0.99999130
vn 0.00339996 -0.00329996 0.99998878
vn 0.00319997 -0.00319997 0.99998976
vn 0.00339996 -0.00319997 0.99998910
vn 0.00299997 -0.00299997 0.99999100
vn 0.00299997 -0.00309997 0.99999070
vn 0.00319997 -0.00319997 0.99998976
vn 0.00299997 -0.00299997 0.99999100
vn 0.00339996 -0.00319997 0.99998910
vn 0.00319997 -0.00319997 0.99998976
vn 0.00319997 -0.00309997 0.99999008
vn 0.00319997 -0.00269998 0.99999124
vn 0.00319997 -0.00269998 0.99999124
vn 0.00329997 -0.00309997 0.99998975
vn 0.00309997 -0.00339996 0.99998942
vn 0.00329997 -0.00289997 0.99999035
vn 0.00319997 -0.00269998 0.99999124
vn 0.00329997 -0.00289997 0.99999035
vn 0.00319997 -0.00299997 0.99999038
vn 0.00329997 -0.00269998 0.99999091
vn 0.00319997 -0.00289997 0.99999068
vn 0.00319997 -0.00299997 0.99999038
vn 0.00319997 -0.00299997 0.99999038
vn 0.00319997 -0.00289997 0.99999068
vn 0.00309997 -0.00279998 0.99999128
vn 0.00329997 -0.00309997 0.99998975
vn 0.00329997 -0.00319997 0.99998944
vn 0.00329997 -0.00309997 0.99998975
vn 0.00329997 -0.00309997 0.99998975
vn 0.00319997 -0.00339996 0.99998910
vn 0.00329996 -0.00329996 0.99998911
vn 0.00309996 -0.00369996 0.99998835
vn 0.00309996 -0.00369996 0.99998835
vn 0.00309997 -0.00349996 0.99998907
vn 0.00309997 -0.00349996 0.99998907
vn 0.00299997 -0.00329997 0.99999006
vn 0.00309997 -0.00329997 0.99998975
vn 0.00289997 -0.00339997 0.99999002
vn 0.00299997 -0.00329997 0.99999006
vn 0.00329997 -0.00309997 0.99998975
vn 0.00329997 -0.00309997 0.99998975
vn 0.00359996 -0.00309997 0.99998872
vn 0.00349996 -0.00309997 0.99998907
vn 0.00339996 -0.00319997 0.99998910
vn 0.00379995 -0.00339996 0.99998700
vn 0.00349996 -0.00309997 0.99998907
vn 0.00319997 -0.00309997 0.99999008
vn 0.00349996 -0.00319996 0.99998876
vn 0.00339996 -0.00319997 0.99998910
vn 0.00349996 -0.00309997 0.99998907
vn 0.00349996 -0.00299997 0.99998938
vn 0.00379995 -0.00339996 0.99998700
vn 0.00339996 -0.00339996 0.99998844
vn 0.00329997 -0.00309997 0.99998975
vn 0.00349996 -0.00299997 0.99998938
vn 0.00339996 -0.00339996 0.99998844
vn 0.00349996 -0.00299997 0.99998938
vn 0.00319997 -0.00299997 0.99999038
vn 0.00309997 -0.00289997 0.99999099
vn 0.00339996 -0.00339996 0.99998844
vn 0.00319997 -0.00299997 0.99999038
vn 0.00319997 -0.00299997 0.99999038
vn 0.00309997 -0.00289997 0.99999099
vn 0.00309997 -0.00289997 0.99999099
vn 0.00319997 -0.00289997 0.99999068
vn 0.00319997 -0.00309997 0.99999008
vn 0.00319997 -0.00289997 0.99999068
vn 0.00329997 -0.00309997 0.99998975
vn 0.00319997 -0.00309997 0.99999008
vn 0.00329997 -0.00309997 0.99998975
vn 0.00319997 -0.00289997 0.99999068
vn 0.00329997 -0.00309997 0.99998975
vn 0.00339996 -0.00309997 0.99998942
vn 0.00329997 -0.00269998 0.99999091
vn 0.00329997 -0.00309997 0.99998975
vn 0.00339996 -0.00309997 0.99998942
vn 0.00339996 -0.00309997 0.99998942
vn 0.00319997 -0.00309997 0.99999008
vn 0.00329997 -0.00309997 0.99998975
vn 0.00329997 -0.00289997 0.99999035
vn 0.00329997 -0.00299997 0.99999006
vn 0.00329997 -0.00299997 0.99999006
vn 0.00319997 -0.00339996 0.99998910
vn 0.00319996 -0.00349996 0.99998876
vn 0.00319996 -0.00359996 0.99998840
vn 0.00319996 -0.00359996 0.99998840
vn 0.00339997 -0.00299997 0.99998972
vn 0.00339997 -0.00299997 0.99998972
vn 0.00319997 -0.00309997 0.99999008
vn 0.00319997 -0.00319997 0.99998976
vn -0.66646560 0.25638677 0.70006387
vn -0.60310463 0.38170293 0.70040537
vn -0.66628720 0.25569509 0.70048654
vn -0.70269370 0.12119891 0.70109371
vn -0.70280517 0.11990088 0.70120516
vn -0.71209514 -0.02009986 0.70179521
vn -0.71221770 -0.01840046 0.70171744
vn -0.69300400 -0.15890092 0.70320406
vn -0.64692321 -0.29081043 0.70492529
vn -0.69352051 -0.15700464 0.70312079
vn -0.64808667 -0.28879406 0.70468550
vn -0.57757622 -0.40868317 0.70667091
vn -0.57601884 -0.41061343 0.70682311
vn -0.48328916 -0.51358848 0.70898410
vn -0.37251061 -0.59591698 0.71142027
vn -0.48522487 -0.51182623 0.70893634
vn -0.37471493 -0.59452369 0.71142835
vn -0.25080047 -0.65390121 0.71380132
vn -0.24809635 -0.65429036 0.71438948
vn -0.11590096 -0.68840572 0.71600595
vn -0.11820203 -0.68811181 0.71591229
vn 0.02009930 -0.69567561 0.71807483
vn 0.15440123 -0.67710541 0.71950575
vn 0.01800005 -0.69560188 0.71820194
vn 0.15279738 -0.67748837 0.71948765
vn 0.28099788 -0.63329522 0.72109456
vn 0.28209979 -0.63279954 0.72109947
vn 0.39889987 -0.56519981 0.72209976
vn 0.39841171 -0.56551662 0.72212122
vn 0.50089997 -0.47729998 0.72199996
vn 0.58398388 -0.37108976 0.72198007
vn 0.50068944 -0.47708994 0.72228476
vn 0.58420230 -0.37070146 0.72200284
vn 0.64568684 -0.25009490 0.72148530
vn 0.64529176 -0.25109679 0.72149078
vn 0.68287728 -0.12139596 0.72037604
vn 0.69549963 0.01349999 0.71839962
vn 0.68366524 -0.11999390 0.71986340
vn 0.69558105 0.01549958 0.71828043
vn 0.68126021 0.15119117 0.71625816
vn 0.68169946 0.14899988 0.71629943
vn 0.64203001 0.27971307 0.71383336
vn 0.57761624 0.40101128 0.71101999
vn 0.64113177 0.28201397 0.71373537
vn 0.57617186 0.40318031 0.71096528
vn 0.48791654 0.50941727 0.70882403
vn 0.48980998 0.50761035 0.70881445
vn -0.60319504 0.38139686 0.70049424
vn -0.51689434 0.49249461 0.70019233
vn -0.51689434 0.49249461 0.70019233
vn -0.41041487 0.58392116 0.70042538
vn -0.40991277 0.58391819 0.70072182
vn -0.28819454 0.65288763 0.70048673
vn -0.28740169 0.65300384 0.70070412
vn -0.15490370 0.69591661 0.70121674
vn -0.15360215 0.69590974 0.70150981
vn -0.01580002 0.71200084 0.70200083
vn -0.01420034 0.71211721 0.70191697
vn 0.12330162 0.70010917 0.70330922
vn 0.12549384 0.70026562 0.70276550
vn 0.25719079 0.66127632 0.70467477
vn 0.25939759 0.66039386 0.70469344
vn 0.38030712 0.59671118 0.70661323
vn 0.38229906 0.59509854 0.70689826
vn 0.48791654 0.50941727 0.70882403
vn 0.48980998 0.50761035 0.70881445
vn 0.57877761 0.40348439 0.70867258
vn 0.48880077 0.50860080 0.70880112
vn 0.48900269 0.50840280 0.70880390
vn 0.64681355 0.28320593 0.70811484
vn 0.57889080 0.40329359 0.70868874
vn 0.64690834 0.28300365 0.70810913
vn 0.68973018 0.15200665 0.70793097
vn 0.69020844 0.15180186 0.70750866
vn 0.70622779 0.01490059 0.70782786
vn 0.70622988 0.01470062 0.70782995
vn 0.69612335 -0.12290412 0.70732373
vn 0.69611479 -0.12300261 0.70731503
vn 0.65919345 -0.25589746 0.70709298
vn 0.65917658 -0.25599091 0.70707488
vn 0.59660679 -0.37880431 0.70750805
vn 0.59650016 -0.37880010 0.70760019
vn 0.51190490 -0.48780467 0.70710677
vn 0.51158860 -0.48758913 0.70748423
vn 0.40720735 -0.57771043 0.70741277
vn 0.40729077 -0.57768690 0.70738396
vn 0.28729980 -0.64589955 0.70729951
vn 0.28739154 -0.64588099 0.70727919
vn 0.15620351 -0.68911550 0.70761592
vn 0.15639863 -0.68909396 0.70759380
vn 0.01939927 -0.70627340 0.70767334
vn 0.01920072 -0.70672637 0.70722639
vn -0.11850010 -0.69630057 0.70790058
vn -0.11829466 -0.69636857 0.70786805
vn -0.25170226 -0.65950593 0.70830636
vn -0.25170713 -0.65991871 0.70792007
vn -0.37549401 -0.59789046 0.70818870
vn -0.37529975 -0.59799960 0.70819953
vn -0.48427850 -0.51267724 0.70896853
vn -0.48399917 -0.51289913 0.70899879
vn -0.57449277 -0.40779487 0.70969107
vn -0.57468986 -0.40839279 0.70918749
vn -0.64330976 -0.28790437 0.70941076
vn -0.64319555 -0.28819801 0.70939509
vn -0.68639271 -0.15649834 0.71019245
vn -0.68637121 -0.15669343 0.71017021
vn -0.70336880 -0.01909915 0.71056848
vn -0.70301259 -0.01940035 0.71091274
vn -0.69422141 0.11920368 0.70982189
vn -0.69428975 0.11899824 0.70978952
vn -0.65669847 0.25229941 0.71069834
vn -0.65690553 0.25230213 0.71050599
vn -0.59450715 0.37610452 0.71070855
vn -0.59457180 0.37608216 0.71066629
vn -0.50998284 0.48608364 0.70967612
vn -0.40457604 0.57606588 0.71025793
vn -0.50981202 0.48591145 0.70991673
vn -0.40459934 0.57599906 0.71029885
vn -0.28389952 0.64399891 0.71039880
vn -0.28378930 0.64407572 0.71037322
vn -0.15240171 0.68760773 0.70990798
vn -0.15209820 0.68769185 0.70989158
vn -0.01479941 0.70377200 0.71027174
vn -0.01469944 0.70377304 0.71027279
vn 0.12329404 0.69366647 0.70966570
vn 0.12369727 0.69398467 0.70928433
vn 0.25660468 0.65631198 0.70951295
vn 0.25688898 0.65657183 0.70916957
vn 0.38001140 0.59391781 0.70912127
vn 0.38020508 0.59380793 0.70910947
vn 0.48880077 0.50860080 0.70880112
vn 0.48900269 0.50840280 0.70880390
vn 0.40378358 -0.57487662 -0.71167106
vn 0.28319049 -0.64267843 -0.71187610
vn 0.40368882 -0.57468408 -0.71188028
vn 0.50842294 -0.48412184 -0.71213213
vn 0.50828650 -0.48448713 -0.71198108
vn 0.59359393 -0.37549616 -0.71179272
vn 0.65578553 -0.25189444 -0.71168429
vn 0.59370094 -0.37550060 -0.71170113
vn 0.65568186 -0.25189303 -0.71178031
vn 0.69249290 -0.11869878 -0.71159271
vn 0.69239157 -0.11869856 -0.71169134
vn 0.70281417 0.01920039 -0.71111433
vn 0.68621088 0.15630248 -0.71041126
vn 0.70291339 0.01930037 -0.71101354
vn 0.68620015 0.15640003 -0.71040016
vn 0.64281547 0.28800693 -0.70981708
vn 0.64251234 0.28770553 -0.71021364
vn 0.57421020 0.40780724 -0.70991260
vn 0.48429750 0.51289735 -0.70879634
vn 0.57421020 0.40780724 -0.70991260
vn 0.48440837 0.51290886 -0.70871224
vn 0.37548805 0.59838096 -0.70777748
vn 0.37539392 0.59819031 -0.70798853
vn 0.25180559 0.66031467 -0.70751571
vn 0.11869854 0.69729143 -0.70689131
vn 0.25188262 0.66035443 -0.70745118
vn 0.11870682 0.69724004 -0.70694060
vn -0.01929931 0.70757481 -0.70637485
vn -0.01940064 0.70762342 -0.70632338
vn -0.15659772 0.69058994 -0.70608972
vn -0.15660878 0.69063870 -0.70603957
vn -0.28779783 0.64699513 -0.70609469
vn -0.40820071 0.57910100 -0.70570122
vn -0.28779783 0.64699513 -0.70609469
vn -0.40820587 0.57920833 -0.70561015
vn -0.51300877 0.48880836 -0.70561207
vn -0.51300877 0.48880836 -0.70561207
vn -0.59791134 0.37990721 -0.70581339
vn -0.59797559 0.37988449 -0.70577119
vn -0.66020339 0.25630132 -0.70600363
vn -0.69691203 0.12310213 -0.70651220
vn -0.66020339 0.25630132 -0.70600363
vn -0.69696346 0.12309355 -0.70646296
vn -0.70782891 -0.01480060 -0.70622884
vn -0.70802761 -0.01490058 -0.70602753
vn -0.69059214 -0.15199827 -0.70709195
vn -0.64729657 -0.28339850 -0.70759625
vn -0.69059214 -0.15199827 -0.70709195
vn -0.64721100 -0.28330481 -0.70771202
vn -0.57930933 -0.40370650 -0.70811140
vn -0.57928594 -0.40379020 -0.70808282
vn -0.48900269 -0.50840280 -0.70880390
vn -0.48900269 -0.50840280 -0.70880390
vn 0.28330459 -0.64281041 -0.71171152
vn 0.15189665 -0.68598485 -0.71158428
vn 0.15189665 -0.68598485 -0.71158428
vn 0.01470040 -0.70301895 -0.71101917
vn 0.01469936 -0.70306952 -0.71096918
vn -0.12320244 -0.69281374 -0.71051409
vn -0.12330178 -0.69321000 -0.71011025
vn -0.25648894 -0.65597171 -0.70986938
vn -0.25660194 -0.65610497 -0.70970537
vn -0.37999823 -0.59359723 -0.70939669
vn -0.37978690 -0.59327954 -0.70977552
vn -0.48897783 -0.50847694 -0.70876786
vn -0.48900269 -0.50840280 -0.70880390
vn -0.57941101 -0.40390768 -0.70791346
vn -0.48909835 -0.50859829 -0.70859762
vn -0.48902227 -0.50862316 -0.70863227
vn -0.64769372 -0.28349725 -0.70719315
vn -0.57951846 -0.40391286 -0.70782254
vn -0.64769372 -0.28349725 -0.70719315
vn -0.69078388 -0.15209645 -0.70688351
vn -0.69107664 -0.15219486 -0.70657611
vn -0.70747918 -0.01479956 -0.70657921
vn -0.70747918 -0.01479956 -0.70657921
vn -0.69761639 0.12310289 -0.70581658
vn -0.69760780 0.12320138 -0.70580789
vn -0.66030641 0.25630249 -0.70590685
vn -0.66018647 0.25639474 -0.70598553
vn -0.59799830 0.37979892 -0.70579800
vn -0.59799830 0.37979892 -0.70579800
vn -0.51310468 0.48900446 -0.70540643
vn -0.51312977 0.48892836 -0.70544092
vn -0.40840134 0.57920190 -0.70550231
vn -0.40840134 0.57920190 -0.70550231
vn -0.28791157 0.64712601 -0.70592837
vn -0.28800497 0.64721117 -0.70581218
vn -0.15669550 0.69068018 -0.70597975
vn -0.15680411 0.69071812 -0.70591852
vn -0.01939927 0.70747352 -0.70647356
vn -0.01940064 0.70752350 -0.70642346
vn 0.11859995 0.69729970 -0.70689970
vn 0.11869908 0.69779460 -0.70639453
vn 0.25189686 0.66009178 -0.70769119
vn 0.25180321 0.66010840 -0.70770901
vn 0.37520555 0.59780884 -0.70841047
vn 0.37509304 0.59778891 -0.70848686
vn 0.48421145 0.51281213 -0.70891677
vn 0.48421145 0.51281213 -0.70891677
vn 0.57469603 0.40819718 -0.70929510
vn 0.57437891 0.40798502 -0.70967394
vn 0.64283398 0.28791522 -0.70983752
vn 0.64281547 0.28800693 -0.70981708
vn 0.68569168 0.15639810 -0.71089138
vn 0.68558995 0.15639771 -0.71098958
vn 0.70241171 0.01920032 -0.71151186
vn 0.70236174 0.01919895 -0.71156124
vn 0.69249290 -0.11869878 -0.71159271
vn 0.69249290 -0.11869878 -0.71159271
vn 0.65549099 -0.25179654 -0.71199021
vn 0.65552115 -0.25190813 -0.71192297
vn 0.59331739 -0.37531100 -0.71212087
vn 0.59329512 -0.37539691 -0.71209414
vn 0.50849562 -0.48439583 -0.71189387
vn 0.50849562 -0.48439583 -0.71189387
vn 0.40339785 -0.57449694 -0.71219621
vn 0.40351586 -0.57462258 -0.71202798
vn 0.28300260 -0.64250589 -0.71210653
vn 0.28309655 -0.64259217 -0.71199132
vn 0.15189703 -0.68608660 -0.71148610
vn 0.15189665 -0.68598485 -0.71158428
vn 0.01460043 -0.70312054 -0.71092077
vn 0.01469936 -0.70306952 -0.71096918
vn -0.12309477 -0.69257056 -0.71076979
vn -0.12320200 -0.69261126 -0.71071155
vn -0.25649169 -0.65617875 -0.70967701
vn -0.25650437 -0.65581118 -0.71001211
vn -0.38012391 -0.59393735 -0.70904459
vn -0.38009257 -0.59378839 -0.70918614
vn -0.48909835 -0.50859829 -0.70859762
vn -0.48909835 -0.50859829 -0.70859762
vn 0.84463606 -0.53532286 -0.00440019
vn 0.93287049 -0.36018861 -0.00409987
vn 0.93287049 -0.36018861 -0.00409987
vn 0.72389512 -0.68989535 -0.00449997
vn 0.84459084 -0.53539420 -0.00439995
vn 0.72399266 -0.68979300 -0.00449995
vn 0.57549527 -0.81779327 -0.00439996
vn 0.57538132 -0.81787345 -0.00439986
vn 0.40479837 -0.91439632 -0.00419998
vn 0.40479837 -0.91439632 -0.00419998
vn 0.21869674 -0.97578548 -0.00379994
vn 0.21869674 -0.97578548 -0.00379994
vn 0.02420004 -0.99970169 -0.00330001
vn 0.02410010 -0.99970410 -0.00330001
vn -0.17139968 -0.98519815 -0.00260000
vn -0.17139968 -0.98519815 -0.00260000
vn -0.36031168 -0.93283024 -0.00180006
vn -0.36031168 -0.93283024 -0.00180006
vn -0.53539916 -0.84459868 -0.00090000
vn -0.53528261 -0.84467255 -0.00089997
vn -0.68990234 -0.72390245 0.00000000
vn -0.68990234 -0.72390245 0.00000000
vn 0.98519473 -0.17139908 -0.00369998
vn 0.99970683 0.02400016 -0.00320002
vn 0.98517747 -0.17149608 -0.00379991
vn 0.99970683 0.02400016 -0.00320002
vn 0.97578947 0.21869764 -0.00249997
vn 0.97576813 0.21879285 -0.00249992
vn 0.91440291 0.40480129 -0.00180001
vn 0.81780086 0.57550060 -0.00090000
vn 0.91436589 0.40488490 -0.00179993
vn 0.81780086 0.57550060 -0.00090000
vn 0.68990234 0.72390245 0.00000000
vn 0.68979999 0.72399999 0.00000000
vn 0.53539916 0.84459868 0.00090000
vn 0.53539916 0.84459868 0.00090000
vn 0.36031174 0.93283040 0.00170006
vn 0.17139972 0.98519840 0.00250000
vn 0.36031174 0.93283040 0.00170006
vn 0.17139972 0.98519840 0.00250000
vn -0.02410011 0.99970443 0.00320001
vn -0.02420005 0.99970201 0.00320001
vn -0.21869683 0.97578584 0.00369995
vn -0.21869674 0.97578548 0.00379994
vn -0.40471475 0.91443334 0.00420015
vn -0.57542812 0.81783997 0.00450022
vn -0.40479837 0.91439632 0.00419998
vn -0.57538106 0.81787308 0.00449985
vn -0.72399266 0.68979300 0.00449995
vn -0.72399266 0.68979300 0.00449995
vn -0.84463606 0.53532286 0.00440019
vn -0.84463569 0.53532262 0.00450019
vn -0.93282352 0.36030909 0.00420011
vn -0.98521125 0.17130196 0.00380004
vn -0.93287011 0.36018846 0.00419987
vn -0.98521125 0.17130196 0.00380004
vn -0.99970683 -0.02400016 0.00320002
vn -0.99970443 -0.02410011 0.00320001
vn -0.97581081 -0.21860242 0.00250003
vn -0.97578947 -0.21869764 0.00249997
vn -0.91436605 -0.40488497 0.00169994
vn -0.91434966 -0.40492199 0.00170009
vn -0.81780086 -0.57550060 0.00090000
vn -0.68979999 -0.72399999 0.00000000
vn -0.81784792 -0.57543372 0.00090005
vn -0.68979999 -0.72399999 0.00000000
vn -0.00339997 0.00299997 -0.99998972
vn -0.00339997 0.00299997 -0.99998972
vn -0.00319997 0.00329997 -0.99998944
vn -0.00319997 0.00319997 -0.99998976
vn -0.00339996 0.00309997 -0.99998942
vn -0.00329997 0.00319997 -0.99998944
vn -0.00319997 0.00329997 -0.99998944
vn -0.00339996 0.00319997 -0.99998910
vn -0.00319997 0.00309997 -0.99999008
vn -0.00319997 0.00299997 -0.99999038
vn -0.00299997 0.00329997 -0.99999006
vn -0.00309997 0.00319997 -0.99999008
vn -0.00329997 0.00299997 -0.99999006
vn -0.00309997 0.00309997 -0.99999039
vn -0.00349996 0.00309997 -0.99998907
vn -0.00339997 0.00299997 -0.99998972
vn -0.00329997 0.00309997 -0.99998975
vn -0.00329996 0.00339996 -0.99998878
vn -0.00309997 0.00319997 -0.99999008
vn -0.00349996 0.00309997 -0.99998907
vn -0.00319997 0.00299997 -0.99999038
vn -0.00349996 0.00319996 -0.99998876
vn -0.00329996 0.00339996 -0.99998878
vn -0.00329997 0.00319997 -0.99998944
vn -0.00349996 0.00309997 -0.99998907
vn -0.00339996 0.00329996 -0.99998878
vn -0.00329997 0.00319997 -0.99998944
vn -0.00329997 0.00289997 -0.99999035
vn -0.00329997 0.00319997 -0.99998944
vn -0.00339996 0.00319997 -0.99998910
vn -0.00339996 0.00319997 -0.99998910
vn -0.00329997 0.00319997 -0.99998944
vn -0.00329997 0.00319997 -0.99998944
vn -0.00319997 0.00319997 -0.99998976
vn -0.00319997 0.00329997 -0.99998944
vn -0.00339996 0.00309997 -0.99998942
vn -0.00339996 0.00309997 -0.99998942
vn -0.00299997 0.00309997 -0.99999070
vn -0.00329997 0.00309997 -0.99998975
vn -0.00339996 0.00319997 -0.99998910
vn -0.00329996 0.00349996 -0.99998843
vn -0.00319997 0.00319997 -0.99998976
vn -0.00329997 0.00309997 -0.99998975
vn -0.00319997 0.00309997 -0.99999008
vn -0.00339996 0.00309997 -0.99998942
vn -0.00329997 0.00309997 -0.99998975
vn -0.00329997 0.00319997 -0.99998944
vn -0.00329997 0.00309997 -0.99998975
vn -0.00329997 0.00299997 -0.99999006
vn -0.00329996 0.00339996 -0.99998878
vn -0.00319997 0.00309997 -0.99999008
vn -0.00319997 0.00319997 -0.99998976
vn -0.00309997 0.00309997 -0.99999039
vn -0.00329997 0.00309997 -0.99998975
vn -0.00319997 0.00299997 -0.99999038
vn -0.00329997 0.00319997 -0.99998944
vn -0.00329997 0.00299997 -0.99999006
vn -0.00329997 0.00319997 -0.99998944
vn -0.00329997 0.00309997 -0.99998975
vn -0.00319997 0.00319997 -0.99998976
vn -0.00329997 0.00319997 -0.99998944
vn -0.00309997 0.00309997 -0.99999039
vn -0.00319997 0.00299997 -0.99999038
vn -0.00329997 0.00299997 -0.99999006
vn -0.00329997 0.00309997 -0.99998975
vn -0.00329997 0.00309997 -0.99998975
vn -0.00349996 0.00309997 -0.99998907
vn -0.00349996 0.00319996 -0.99998876
vn -0.00329997 0.00319997 -0.99998944
vn -0.00329996 0.00339996 -0.99998878
vn -0.00329997 0.00299997 -0.99999006
vn -0.00349996 0.00309997 -0.99998907
vn -0.00309997 0.00319997 -0.99999008
vt 0.49208400 0.21721300
vt 0.49208100 0.22164800
vt 0.23510600 0.22164700
vt 0.49206700 0.21278000
vt 0.23510600 0.21721200
vt 0.23510600 0.21277700
vt 0.23510700 0.22608100
vt 0.23510700 0.23051500
vt 0.49208000 0.22608200
vt 0.49208000 0.23051600
vt 0.49208000 0.23495000
vt 0.23510800 0.23494900
vt 0.23510800 0.23938600
vt 0.49208100 0.23938500
vt 0.23510800 0.24382200
vt 0.23510900 0.24825700
vt 0.49208100 0.24381900
vt 0.49208100 0.24825300
vt 0.49208300 0.25268700
vt 0.23510900 0.25269200
vt 0.23510900 0.25712900
vt 0.49208200 0.25712100
vt 0.23511000 0.26156400
vt 0.23511000 0.26599800
vt 0.49208200 0.26155600
vt 0.49208200 0.26599000
vt 0.49208100 0.27042400
vt 0.23511100 0.27043300
vt 0.23511100 0.27486700
vt 0.49208100 0.27485800
vt 0.23511100 0.27930200
vt 0.23511200 0.28373600
vt 0.49208100 0.27929300
vt 0.49208100 0.28372700
vt 0.49208200 0.28816100
vt 0.23511200 0.28817000
vt 0.23511200 0.29260300
vt 0.49208100 0.29259500
vt 0.23511300 0.29703700
vt 0.23511300 0.30147100
vt 0.49208100 0.29702900
vt 0.49208100 0.30146300
vt 0.49208200 0.30589700
vt 0.23511300 0.30590500
vt 0.23511400 0.31034000
vt 0.49208200 0.31033200
vt 0.23511400 0.31477400
vt 0.23511400 0.31920800
vt 0.49208100 0.31476600
vt 0.49208200 0.31920000
vt 0.49208200 0.32363400
vt 0.23511400 0.32364300
vt 0.23511500 0.32807700
vt 0.49208100 0.32806800
vt 0.23511500 0.33251100
vt 0.23511500 0.33694500
vt 0.49208300 0.33250200
vt 0.49208200 0.33693600
vt 0.49208100 0.34137000
vt 0.23511500 0.34137800
vt 0.23511500 0.34581200
vt 0.23511500 0.35024600
vt 0.49208400 0.34580400
vt 0.49208500 0.35023900
vt 0.49206800 0.35467200
vt 0.23511600 0.35468000
vt 0.64938800 0.75882100
vt 0.64403000 0.75882200
vt 0.64938800 0.97475000
vt 0.65474600 0.75881600
vt 0.65474700 0.97474600
vt 0.66010500 0.97473900
vt 0.66546300 0.97473100
vt 0.66010500 0.75881000
vt 0.66546300 0.75880200
vt 0.67082100 0.75879100
vt 0.67082200 0.97472000
vt 0.67618000 0.97470800
vt 0.68153900 0.97469500
vt 0.67618000 0.75877900
vt 0.68153800 0.75876600
vt 0.68689600 0.75875200
vt 0.68689800 0.97468100
vt 0.69225700 0.97466700
vt 0.69225500 0.75873900
vt 0.69761400 0.97465400
vt 0.70297300 0.97464200
vt 0.69761300 0.75872500
vt 0.70297200 0.75871400
vt 0.70832900 0.75870300
vt 0.70833100 0.97463200
vt 0.71369000 0.97462300
vt 0.71904900 0.97461700
vt 0.71368800 0.75869400
vt 0.71904600 0.75868700
vt 0.72440500 0.75868300
vt 0.72440600 0.97461300
vt 0.72976500 0.97461100
vt 0.73512200 0.97461200
vt 0.72976300 0.75868200
vt 0.73512100 0.75868300
vt 0.74047900 0.75868800
vt 0.74048100 0.97461600
vt 0.74584000 0.97462300
vt 0.74583800 0.75869400
vt 0.75119900 0.97463100
vt 0.75119600 0.75870300
vt 0.75655700 0.97464200
vt 0.75655500 0.75871300
vt 0.76191400 0.97465400
vt 0.76727200 0.97466700
vt 0.76191300 0.75872500
vt 0.76727100 0.75873800
vt 0.77263000 0.75875200
vt 0.77263000 0.97468100
vt 0.64403000 0.97475100
vt 0.63867100 0.75882100
vt 0.63867100 0.97475000
vt 0.63331300 0.75881700
vt 0.63331300 0.97474600
vt 0.62795500 0.75881100
vt 0.62795400 0.97473900
vt 0.62259600 0.75880200
vt 0.62259600 0.97473100
vt 0.61723800 0.75879100
vt 0.61723800 0.97472000
vt 0.61188000 0.75877900
vt 0.61187900 0.97470800
vt 0.60652100 0.75876600
vt 0.60652000 0.97469500
vt 0.60116300 0.75875300
vt 0.60116200 0.97468100
vt 0.77531600 0.06495500
vt 0.79483000 0.06429100
vt 0.77520600 0.05910200
vt 0.79507800 0.06962100
vt 0.77560500 0.07080100
vt 0.79545000 0.07496200
vt 0.77613400 0.07665100
vt 0.79594800 0.08033100
vt 0.77689800 0.08250000
vt 0.79657000 0.08574300
vt 0.77788800 0.08834100
vt 0.79731000 0.09121400
vt 0.77908600 0.09417000
vt 0.79816200 0.09675900
vt 0.78046700 0.09998500
vt 0.79911300 0.10238900
vt 0.78199700 0.10578500
vt 0.80014600 0.10811800
vt 0.78363500 0.11157500
vt 0.80123600 0.11395400
vt 0.78533200 0.11735700
vt 0.80235200 0.11990200
vt 0.78703300 0.12314200
vt 0.80345400 0.12596600
vt 0.78867500 0.12893500
vt 0.80449800 0.13214100
vt 0.79019200 0.13474200
vt 0.79151800 0.14056700
vt 0.80543200 0.13841700
vt 0.80620600 0.14477800
vt 0.82022100 0.13687700
vt 0.81954100 0.13033900
vt 0.81880100 0.12396500
vt 0.83498600 0.12904100
vt 0.83443300 0.12256400
vt 0.83387300 0.11630500
vt 0.85019100 0.12153000
vt 0.84975900 0.11525400
vt 0.84934500 0.10922400
vt 0.86529800 0.10845500
vt 0.86562400 0.11446300
vt 0.86597100 0.12072700
vt 0.88141800 0.11385700
vt 0.88116000 0.10788400
vt 0.88092900 0.10216200
vt 0.89691000 0.10748500
vt 0.89674500 0.10180600
vt 0.91244400 0.10164300
vt 0.91237900 0.09622900
vt 0.89660200 0.09635500
vt 0.88072200 0.09667300
vt 0.89647900 0.09111000
vt 0.91232800 0.09101100
vt 0.91228700 0.08596500
vt 0.92812900 0.09115400
vt 0.92818000 0.08610700
vt 0.92822600 0.08119300
vt 0.94415700 0.08658400
vt 0.94433000 0.08161400
vt 0.94447100 0.07673300
vt 0.96079100 0.08252400
vt 0.96112100 0.07747500
vt 0.96136900 0.07246700
vt 0.97874400 0.07897300
vt 0.97929900 0.07355800
vt 0.97967000 0.06811600
vt 0.96152900 0.06748500
vt 0.97984100 0.06265100
vt 0.97975100 0.05718400
vt 0.96159900 0.06251400
vt 0.96160000 0.05754100
vt 0.94465100 0.06715000
vt 0.94468700 0.06240100
vt 0.92832900 0.06232200
vt 0.94470600 0.05764900
vt 0.92831600 0.06697700
vt 0.91219100 0.06691800
vt 0.91220600 0.07156800
vt 0.92829400 0.07165500
vt 0.92826500 0.07638500
vt 0.94457800 0.07192000
vt 0.91222700 0.07627200
vt 0.89620800 0.07632500
vt 0.89628300 0.08112500
vt 0.91225300 0.08106200
vt 0.89637300 0.08604300
vt 0.88037800 0.08629300
vt 0.88053900 0.09139200
vt 0.86472400 0.09716600
vt 0.86447900 0.09184500
vt 0.84827300 0.09249400
vt 0.86426200 0.08670200
vt 0.84859800 0.09786300
vt 0.83280500 0.10445400
vt 0.84895600 0.10343200
vt 0.83232100 0.09884100
vt 0.83187800 0.09341200
vt 0.81654000 0.10592000
vt 0.81585100 0.10025500
vt 0.81522000 0.09474500
vt 0.83148200 0.08814400
vt 0.81465500 0.08936900
vt 0.81416100 0.08410700
vt 0.83113400 0.08301000
vt 0.83083500 0.07798200
vt 0.84772800 0.08224700
vt 0.84750800 0.07731000
vt 0.86390800 0.07683600
vt 0.86377100 0.07204800
vt 0.84732300 0.07245700
vt 0.83058500 0.07303100
vt 0.86366100 0.06731600
vt 0.84717200 0.06765700
vt 0.83038400 0.06813100
vt 0.84705600 0.06288000
vt 0.86357600 0.06260800
vt 0.87989100 0.06242500
vt 0.87986600 0.05775600
vt 0.86353000 0.05789200
vt 0.84698800 0.05809500
vt 0.86350900 0.05313600
vt 0.87986100 0.05305000
vt 0.87987600 0.04827300
vt 0.89607200 0.05300900
vt 0.89609500 0.04826500
vt 0.89613400 0.04342100
vt 0.91222900 0.04826600
vt 0.91226000 0.04344000
vt 0.91230000 0.03848600
vt 0.92836100 0.04338700
vt 0.92835600 0.03843300
vt 0.92835200 0.03333600
vt 0.94445400 0.03814500
vt 0.94432700 0.03302800
vt 0.94419000 0.02777100
vt 0.96038600 0.03216200
vt 0.95996900 0.02688300
vt 0.95953500 0.02150600
vt 0.97574800 0.02484700
vt 0.97476400 0.01951100
vt 0.97670100 0.03018900
vt 0.96076300 0.03735600
vt 0.97758100 0.03554400
vt 0.96108400 0.04247500
vt 0.97835500 0.04091800
vt 0.96133600 0.04753700
vt 0.97899000 0.04631600
vt 0.97946200 0.05173800
vt 0.96151100 0.05255400
vt 0.94469000 0.05287100
vt 0.94464000 0.04804300
vt 0.92834700 0.05766400
vt 0.92835800 0.05297400
vt 0.91220700 0.05299600
vt 0.92836200 0.04822400
vt 0.91219100 0.05766200
vt 0.89606900 0.06232300
vt 0.91218200 0.06229200
vt 0.89606300 0.05768400
vt 0.89610100 0.06695500
vt 0.89614800 0.07161200
vt 0.88002500 0.07177200
vt 0.87994700 0.06708600
vt 0.88012200 0.07651400
vt 0.86407200 0.08171000
vt 0.88024000 0.08134400
vt 0.84798300 0.08729800
vt 0.94456000 0.04314200
vt 0.94405400 0.02235400
vt 0.92835400 0.02806800
vt 0.92837000 0.02260600
vt 0.91241800 0.02807800
vt 0.91250500 0.02256500
vt 0.89635500 0.02796200
vt 0.89647200 0.02239600
vt 0.88027400 0.02218200
vt 0.88014700 0.02780200
vt 0.86367700 0.03307300
vt 0.86378300 0.02763100
vt 0.88004600 0.03319000
vt 0.87996800 0.03837600
vt 0.89626200 0.03330100
vt 0.86359700 0.03831100
vt 0.84698000 0.04337700
vt 0.84704100 0.03824400
vt 0.86354300 0.04337900
vt 0.86351400 0.04830900
vt 0.84695000 0.04837500
vt 0.87991100 0.04339200
vt 0.89618900 0.03844400
vt 0.91235100 0.03337600
vt 0.83010700 0.04843900
vt 0.84695300 0.05327000
vt 0.83010200 0.05343400
vt 0.83014300 0.05836100
vt 0.81282900 0.05866600
vt 0.81280000 0.05357600
vt 0.79472800 0.05895300
vt 0.79474800 0.05358700
vt 0.81284100 0.04842700
vt 0.79488800 0.04817700
vt 0.81295000 0.04319300
vt 0.83015500 0.04334700
vt 0.83024500 0.03812700
vt 0.83037600 0.03274800
vt 0.84713200 0.03294300
vt 0.81312300 0.03784600
vt 0.81335400 0.03236100
vt 0.79514300 0.04270700
vt 0.79550500 0.03715800
vt 0.77704600 0.03554400
vt 0.79596200 0.03151500
vt 0.77799100 0.02964700
vt 0.77906600 0.02375400
vt 0.79649500 0.02576100
vt 0.78022000 0.01786600
vt 0.79708000 0.01988000
vt 0.81395400 0.02087500
vt 0.83074200 0.02139500
vt 0.81363500 0.02671200
vt 0.83054300 0.02718000
vt 0.84725300 0.02744200
vt 0.84740200 0.02171200
vt 0.86391600 0.02195600
vt 0.77626900 0.04144200
vt 0.77569100 0.04733900
vt 0.77533200 0.05322800
vt 0.81293000 0.06372100
vt 0.81312500 0.06876800
vt 0.83023200 0.06325000
vt 0.81339500 0.07383100
vt 0.81374100 0.07893600
vt 0.81727400 0.11175400
vt 0.81803500 0.11776800
vt 0.83332600 0.11027100
vt 0.86499800 0.10269500
vt 0.97802300 0.08436100
vt 0.96038900 0.08762700
vt 0.97716100 0.08972300
vt 0.95992500 0.09280100
vt 0.97618700 0.09506300
vt 0.95941400 0.09805800
vt 0.97513700 0.10038900
vt 0.97405000 0.10570900
vt 0.95887300 0.10341200
vt 0.94328000 0.10777700
vt 0.94350700 0.10224600
vt 0.95832800 0.10887200
vt 0.95780500 0.11444600
vt 0.94307000 0.11348200
vt 0.97297100 0.11103300
vt 0.97194900 0.11637400
vt 0.95733900 0.12013600
vt 0.97103500 0.12174200
vt 0.95696300 0.12593900
vt 0.97027800 0.12714500
vt 0.95671400 0.13184700
vt 0.96972700 0.13259000
vt 0.95662300 0.13784200
vt 0.96942200 0.13807700
vt 0.96939400 0.14360100
vt 0.95671600 0.14390100
vt 0.94336500 0.15087900
vt 0.94303300 0.14440000
vt 0.95700200 0.14999300
vt 0.95751300 0.15607200
vt 0.96965600 0.14915600
vt 0.94386500 0.15735200
vt 0.93004100 0.16523700
vt 0.92948000 0.15854300
vt 0.94449200 0.16377100
vt 0.94523400 0.17009100
vt 0.93067300 0.17181800
vt 0.95821500 0.16209900
vt 0.97088900 0.16017600
vt 0.97013000 0.15469900
vt 0.95909300 0.16804500
vt 0.96012200 0.17388700
vt 0.97191900 0.16558000
vt 0.94607000 0.17627700
vt 0.93136400 0.17824300
vt 0.94697500 0.18230500
vt 0.93209600 0.18448100
vt 0.91742000 0.19244900
vt 0.93285500 0.19051300
vt 0.91680200 0.18628500
vt 0.90170500 0.19406800
vt 0.90120000 0.18780200
vt 0.91619900 0.17989500
vt 0.90070300 0.18130000
vt 0.91562100 0.17330000
vt 0.90021900 0.17458300
vt 0.91507600 0.16653500
vt 0.91457200 0.15964700
vt 0.89975100 0.16768800
vt 0.88457600 0.17568200
vt 0.88418200 0.16870300
vt 0.89930100 0.16066800
vt 0.88378900 0.16159800
vt 0.89887500 0.15358600
vt 0.91411700 0.15269900
vt 0.91374400 0.14575500
vt 0.92900100 0.15179000
vt 0.92864000 0.14503700
vt 0.92836600 0.13834600
vt 0.94283400 0.13796900
vt 0.94275700 0.13163000
vt 0.92817400 0.13177100
vt 0.94278500 0.12542000
vt 0.94289800 0.11936500
vt 0.92805400 0.12535700
vt 0.91294300 0.12559000
vt 0.92799300 0.11913500
vt 0.91315900 0.13214600
vt 0.89815800 0.13951900
vt 0.91342500 0.13888500
vt 0.89784600 0.13267000
vt 0.88267700 0.14021200
vt 0.89756600 0.12601400
vt 0.88233300 0.13329200
vt 0.86708000 0.14094500
vt 0.86670700 0.13399500
vt 0.88200600 0.12657200
vt 0.86633500 0.12724400
vt 0.88170000 0.12008700
vt 0.89731800 0.11958700
vt 0.89710000 0.11341000
vt 0.91277000 0.11924900
vt 0.91263400 0.11314200
vt 0.91252700 0.10727600
vt 0.92797700 0.11312300
vt 0.92799300 0.10732700
vt 0.92803000 0.10174300
vt 0.92807800 0.09635800
vt 0.94373800 0.09688100
vt 0.94395700 0.09166600
vt 0.85062900 0.12804800
vt 0.85106100 0.13478900
vt 0.83598600 0.14257000
vt 0.85147200 0.14172100
vt 0.83551100 0.13572000
vt 0.82080600 0.14355300
vt 0.82126500 0.15033300
vt 0.80677300 0.15120300
vt 0.80709600 0.15766500
vt 0.79335500 0.15225400
vt 0.79259000 0.14640700
vt 0.79377100 0.15809000
vt 0.80719800 0.16414100
vt 0.79372800 0.16394000
vt 0.80704700 0.17060900
vt 0.79333000 0.16982000
vt 0.80667500 0.17704100
vt 0.79261100 0.17571300
vt 0.80612100 0.18341200
vt 0.79161900 0.18160500
vt 0.80543000 0.18970500
vt 0.79041000 0.18749000
vt 0.80464800 0.19591000
vt 0.78904600 0.19336700
vt 0.78758500 0.19923700
vt 0.80381800 0.20202100
vt 0.82075000 0.19715500
vt 0.80297600 0.20804400
vt 0.82036400 0.20336600
vt 0.81998100 0.20942400
vt 0.83696900 0.20372600
vt 0.83705100 0.19749400
vt 0.83712500 0.19106200
vt 0.85338000 0.19720700
vt 0.85325000 0.19077100
vt 0.86935900 0.19007300
vt 0.86907600 0.18343600
vt 0.85310700 0.18411600
vt 0.85293900 0.17726400
vt 0.86878300 0.17658800
vt 0.83717200 0.18443900
vt 0.83717200 0.17764200
vt 0.82111600 0.19078700
vt 0.82143000 0.18427000
vt 0.82166100 0.17761800
vt 0.82177800 0.17085900
vt 0.83710400 0.17070600
vt 0.83695000 0.16367500
vt 0.85273400 0.17025100
vt 0.85248200 0.16312700
vt 0.86814400 0.16242500
vt 0.86779100 0.15522700
vt 0.85217700 0.15595400
vt 0.83670200 0.15660400
vt 0.85184800 0.14879600
vt 0.86744400 0.14804300
vt 0.88303300 0.14728100
vt 0.89850100 0.14651300
vt 0.88339600 0.15443400
vt 0.83638900 0.14954900
vt 0.82157300 0.15717400
vt 0.82175500 0.16403000
vt 0.86847400 0.16956700
vt 0.88496900 0.18248300
vt 0.88536400 0.18906700
vt 0.88576200 0.19541200
vt 0.86963800 0.19647600
vt 0.86992000 0.20263900
vt 0.85350900 0.20341700
vt 0.83689600 0.20976300
vt 0.85364700 0.20940500
vt 0.87020900 0.20856700
vt 0.88616400 0.20151200
vt 0.88657100 0.20737200
vt 0.90272900 0.20587800
vt 0.90221500 0.20009100
vt 0.91804700 0.19838100
vt 0.91867700 0.20408800
vt 0.93362700 0.19633500
vt 0.93440300 0.20195100
vt 0.94890200 0.19383900
vt 0.94792700 0.18816000
vt 0.96249800 0.18521200
vt 0.96126800 0.17961100
vt 0.97466700 0.17617300
vt 0.97319100 0.17091100
vt 0.97629900 0.18137800
vt 0.97804000 0.18654200
vt 0.96377400 0.19069100
vt 0.96506500 0.19605300
vt 0.94988100 0.19934600
vt 0.97984100 0.19168100
vt 0.78608500 0.20510500
vt 0.80999400 0.89176300
vt 0.81089200 0.89653900
vt 0.81796300 0.89034600
vt 0.80873800 0.88699900
vt 0.81697100 0.88510600
vt 0.81577200 0.87994100
vt 0.82488700 0.87821000
vt 0.82581200 0.88365700
vt 0.82659500 0.88922700
vt 0.83506000 0.88255200
vt 0.83434000 0.87692700
vt 0.84340600 0.87046000
vt 0.84399800 0.87597300
vt 0.83356900 0.87149000
vt 0.82387600 0.87290900
vt 0.83278600 0.86625700
vt 0.84281400 0.86518300
vt 0.84224500 0.86014000
vt 0.85244500 0.85939100
vt 0.85286600 0.86443000
vt 0.85331100 0.86972400
vt 0.86260400 0.85891200
vt 0.86290400 0.86393400
vt 0.86323000 0.86921700
vt 0.87289600 0.86365500
vt 0.87270400 0.85866300
vt 0.87253900 0.85391900
vt 0.88266700 0.85392900
vt 0.88272600 0.85863500
vt 0.88281200 0.86358300
vt 0.89270600 0.85418000
vt 0.89264900 0.85884000
vt 0.89261800 0.86373100
vt 0.90263800 0.85471100
vt 0.90244300 0.85931600
vt 0.90227800 0.86413300
vt 0.91242800 0.85557400
vt 0.91206300 0.86012500
vt 0.92171900 0.85688500
vt 0.92109900 0.86132800
vt 0.91173700 0.86484900
vt 0.91146500 0.86974900
vt 0.92059800 0.86594300
vt 0.90215200 0.86916400
vt 0.89262200 0.86886200
vt 0.89266700 0.87423300
vt 0.90207900 0.87441000
vt 0.89275900 0.87982900
vt 0.90206800 0.87985900
vt 0.91125500 0.87481100
vt 0.91112700 0.88007300
vt 0.92016700 0.87070900
vt 0.91974000 0.87541100
vt 0.91948400 0.88023200
vt 0.91926200 0.88550200
vt 0.91108100 0.88545400
vt 0.90213200 0.88548100
vt 0.90228200 0.89124000
vt 0.91114900 0.89097000
vt 0.91136200 0.89655700
vt 0.91917200 0.89076400
vt 0.90252700 0.89708100
vt 0.89337300 0.89758100
vt 0.90290100 0.90293300
vt 0.89371900 0.90361500
vt 0.88432000 0.90421500
vt 0.88466100 0.91030200
vt 0.89411400 0.90959000
vt 0.89454600 0.91543900
vt 0.90336600 0.90874600
vt 0.88501300 0.91624700
vt 0.87562500 0.92271600
vt 0.88537100 0.92199000
vt 0.87535300 0.91691400
vt 0.86579400 0.92328300
vt 0.86561400 0.91744700
vt 0.87507300 0.91090600
vt 0.87478200 0.90475100
vt 0.86541000 0.91140900
vt 0.86517100 0.90522600
vt 0.85573800 0.91180100
vt 0.85585200 0.91782900
vt 0.84605900 0.92381700
vt 0.85592000 0.92366600
vt 0.84613400 0.91802300
vt 0.83629200 0.92367000
vt 0.83655000 0.91797800
vt 0.84613200 0.91205700
vt 0.83669300 0.91214200
vt 0.84602900 0.90596900
vt 0.85555900 0.90563700
vt 0.85530500 0.89940500
vt 0.86489100 0.89897000
vt 0.87419600 0.89229800
vt 0.87447900 0.89852100
vt 0.86459800 0.89272000
vt 0.85500400 0.89318100
vt 0.86427300 0.88655900
vt 0.87390900 0.88616300
vt 0.87362800 0.88018800
vt 0.88325900 0.87994400
vt 0.88347500 0.88584900
vt 0.88372300 0.89191100
vt 0.89290600 0.88561800
vt 0.89311000 0.89155700
vt 0.88399700 0.89805900
vt 0.88307600 0.87424600
vt 0.87336200 0.87442400
vt 0.88292700 0.86878600
vt 0.87311600 0.86890800
vt 0.86357500 0.87476300
vt 0.86392700 0.88055500
vt 0.85376800 0.87526900
vt 0.85421600 0.88105300
vt 0.84507400 0.88762600
vt 0.84456400 0.88170500
vt 0.85463500 0.88704000
vt 0.84549600 0.89368500
vt 0.84580700 0.89982300
vt 0.83617800 0.89424800
vt 0.83650400 0.90022200
vt 0.82766500 0.90632100
vt 0.83668500 0.90620600
vt 0.82753100 0.90060200
vt 0.81906900 0.90096000
vt 0.82718200 0.89488900
vt 0.81914100 0.90629100
vt 0.81132900 0.90607500
vt 0.81086600 0.91087800
vt 0.81887500 0.91160800
vt 0.81003600 0.91567700
vt 0.81831900 0.91688600
vt 0.82755200 0.91201000
vt 0.82722600 0.91762500
vt 0.81753100 0.92209900
vt 0.82673200 0.92313200
vt 0.82612300 0.92850900
vt 0.81657400 0.92723100
vt 0.80751700 0.92520600
vt 0.80597100 0.92993300
vt 0.81550900 0.93227800
vt 0.80432500 0.93464400
vt 0.81439000 0.93724100
vt 0.82544700 0.93374400
vt 0.82474600 0.93883800
vt 0.83595900 0.92918800
vt 0.83558600 0.93452100
vt 0.83520700 0.93966800
vt 0.84593800 0.92940700
vt 0.84579600 0.93477500
vt 0.84565700 0.93992300
vt 0.85596000 0.92927500
vt 0.85599300 0.93463800
vt 0.85603200 0.93975500
vt 0.86596000 0.92887600
vt 0.86612500 0.93420800
vt 0.86629700 0.93927900
vt 0.87616200 0.93355600
vt 0.87589300 0.92827000
vt 0.88573100 0.92748900
vt 0.88609200 0.93272400
vt 0.89499900 0.92110300
vt 0.89546000 0.92653900
vt 0.89591700 0.93172300
vt 0.90447900 0.92002400
vt 0.90507100 0.92538900
vt 0.91376100 0.91867400
vt 0.90565500 0.93052700
vt 0.91455100 0.92396200
vt 0.91532900 0.92903300
vt 0.92235400 0.91700000
vt 0.92345400 0.92208800
vt 0.92457500 0.92711700
vt 0.91606900 0.93398000
vt 0.92564400 0.93209000
vt 0.91673100 0.93869800
vt 0.92660000 0.93698700
vt 0.90673500 0.94010400
vt 0.89679800 0.94131800
vt 0.90621300 0.93543500
vt 0.89636500 0.93664800
vt 0.88645200 0.93768900
vt 0.88681500 0.94239300
vt 0.87672200 0.94333000
vt 0.87643700 0.93857200
vt 0.86648600 0.94409800
vt 0.85609300 0.94463600
vt 0.84554000 0.94485700
vt 0.83484600 0.94463500
vt 0.82405600 0.94380100
vt 0.81326000 0.94213000
vt 0.80263800 0.93934900
vt 0.92135600 0.91182900
vt 0.92048600 0.90657900
vt 0.91300400 0.91325600
vt 0.90390100 0.91446300
vt 0.91232300 0.90771400
vt 0.91176700 0.90213400
vt 0.91983500 0.90130300
vt 0.91935800 0.89601200
vt 0.80889600 0.92045600
vt 0.81137700 0.90129900
vt 0.81868100 0.89563900
vt 0.83568600 0.88834000
vt 0.92241500 0.85257900
vt 0.92307400 0.84845300
vt 0.91281400 0.85123300
vt 0.90285100 0.85030100
vt 0.91321100 0.84703400
vt 0.90307600 0.84606300
vt 0.92370900 0.84435300
vt 0.91361100 0.84295100
vt 0.92431700 0.84023100
vt 0.90330700 0.84196600
vt 0.91400500 0.83892500
vt 0.90353800 0.83798000
vt 0.91437800 0.83497100
vt 0.92489500 0.83621200
vt 0.92544200 0.83219800
vt 0.92591300 0.82820600
vt 0.91472700 0.83106900
vt 0.91504900 0.82719500
vt 0.90376600 0.83408000
vt 0.90398800 0.83024100
vt 0.89334800 0.82967500
vt 0.90420600 0.82643400
vt 0.89322000 0.83349200
vt 0.89309800 0.83737600
vt 0.88267900 0.83314800
vt 0.88264300 0.83703800
vt 0.88262300 0.84102900
vt 0.87214200 0.83692300
vt 0.87220600 0.84093500
vt 0.86188800 0.84524000
vt 0.86171300 0.84106000
vt 0.87229200 0.84508400
vt 0.86209500 0.84959000
vt 0.87240300 0.84940300
vt 0.88261900 0.84515500
vt 0.88263300 0.84944400
vt 0.89298400 0.84135800
vt 0.89287800 0.84546600
vt 0.89278400 0.84973000
vt 0.86233300 0.85413800
vt 0.85205600 0.85459200
vt 0.85170500 0.85001400
vt 0.84171100 0.85532100
vt 0.84122300 0.85071000
vt 0.83129600 0.85639700
vt 0.83202000 0.86122800
vt 0.82283100 0.86776500
vt 0.82179700 0.86277800
vt 0.81303100 0.86987400
vt 0.82080700 0.85794400
vt 0.81161900 0.86497500
vt 0.81024600 0.86016100
vt 0.80158500 0.86810700
vt 0.80353600 0.87282200
vt 0.80543000 0.87753300
vt 0.81443600 0.87486200
vt 0.80719100 0.88225600
vt 0.79964800 0.86337400
vt 0.80895300 0.85542300
vt 0.79778700 0.85861400
vt 0.79605100 0.85381800
vt 0.80776700 0.85075400
vt 0.80670700 0.84614200
vt 0.81830000 0.84423300
vt 0.81904700 0.84868700
vt 0.81988600 0.85325200
vt 0.82948500 0.84291500
vt 0.83002200 0.84726300
vt 0.83062700 0.85174900
vt 0.84039700 0.84200900
vt 0.84078400 0.84628100
vt 0.85112200 0.84140900
vt 0.85139400 0.84562900
vt 0.85088800 0.83732400
vt 0.86156700 0.83701800
vt 0.86145100 0.83308200
vt 0.87210000 0.83301600
vt 0.88272800 0.82933100
vt 0.87207800 0.82918400
vt 0.87207700 0.82539400
vt 0.88279000 0.82555500
vt 0.86136000 0.82921900
vt 0.85069200 0.83334200
vt 0.85053200 0.82943400
vt 0.86129800 0.82540000
vt 0.85040600 0.82556900
vt 0.86126000 0.82159500
vt 0.87209500 0.82161700
vt 0.88296800 0.81800700
vt 0.88286700 0.82179100
vt 0.87214400 0.81782100
vt 0.86126000 0.81777100
vt 0.87221200 0.81397400
vt 0.88308400 0.81417100
vt 0.88321600 0.81025200
vt 0.89412200 0.81057000
vt 0.89394600 0.81449500
vt 0.89378000 0.81833500
vt 0.90506800 0.81098900
vt 0.90485200 0.81494100
vt 0.90463600 0.81881200
vt 0.91613000 0.81147100
vt 0.91588700 0.81549000
vt 0.91562700 0.81942700
vt 0.92717000 0.81187100
vt 0.92693300 0.81607700
vt 0.92666100 0.82016800
vt 0.92631200 0.82419500
vt 0.91534600 0.82332200
vt 0.90441800 0.82263300
vt 0.89348200 0.82589600
vt 0.89362200 0.82212600
vt 0.92735900 0.80777900
vt 0.92751500 0.80328500
vt 0.91636000 0.80735500
vt 0.91657900 0.80308900
vt 0.90528600 0.80692500
vt 0.90550900 0.80271500
vt 0.89430800 0.80653000
vt 0.88336400 0.80621600
vt 0.89450800 0.80233800
vt 0.90574300 0.79832600
vt 0.89472300 0.79795600
vt 0.88352900 0.80202600
vt 0.87254000 0.80179700
vt 0.88371300 0.79764200
vt 0.87241000 0.80599700
vt 0.86141100 0.80587100
vt 0.86133600 0.80994300
vt 0.87230100 0.81004400
vt 0.86128500 0.81389700
vt 0.85025800 0.81392800
vt 0.85027000 0.81784700
vt 0.83919900 0.82197900
vt 0.83911200 0.81803800
vt 0.85031600 0.82171700
vt 0.83934400 0.82590300
vt 0.82801800 0.82641200
vt 0.82828400 0.83045600
vt 0.83953500 0.82983900
vt 0.83977300 0.83381600
vt 0.82861600 0.83453800
vt 0.81709700 0.83557600
vt 0.81764900 0.83986900
vt 0.82901600 0.83868200
vt 0.84006000 0.83786200
vt 0.80578400 0.84157800
vt 0.79448500 0.84898300
vt 0.80500700 0.83705200
vt 0.79311900 0.84411100
vt 0.79197900 0.83920600
vt 0.79107900 0.83427700
vt 0.80437700 0.83255100
vt 0.80389500 0.82806200
vt 0.81628200 0.82711700
vt 0.81664200 0.83133300
vt 0.81601800 0.82290700
vt 0.82781600 0.82237600
vt 0.82769300 0.81832300
vt 0.81586600 0.81868000
vt 0.83906900 0.81404900
vt 0.82763200 0.81422600
vt 0.82763100 0.81005600
vt 0.83906900 0.80998300
vt 0.81580600 0.81441100
vt 0.80335600 0.81451800
vt 0.81583500 0.81007900
vt 0.80338600 0.81906300
vt 0.78981700 0.81940600
vt 0.79003000 0.82437900
vt 0.80355900 0.82357200
vt 0.79043000 0.82933100
vt 0.78985200 0.81439400
vt 0.79013600 0.80935600
vt 0.80346800 0.80992400
vt 0.80371800 0.80526600
vt 0.81595200 0.80565900
vt 0.82780400 0.80138200
vt 0.82768900 0.80578600
vt 0.81615200 0.80112600
vt 0.80409900 0.80053100
vt 0.81642900 0.79645400
vt 0.82797200 0.79681400
vt 0.83947700 0.79228600
vt 0.83931700 0.79699400
vt 0.82818800 0.79205100
vt 0.82844600 0.78706000
vt 0.83967000 0.78732600
vt 0.81677300 0.79161800
vt 0.80459800 0.79570400
vt 0.81716900 0.78659000
vt 0.80519600 0.79077000
vt 0.79341500 0.78911600
vt 0.80586100 0.78571100
vt 0.79233300 0.79417400
vt 0.79140000 0.79923800
vt 0.79065900 0.80430000
vt 0.79459200 0.78406500
vt 0.85084100 0.78751100
vt 0.85066900 0.79244100
vt 0.86196800 0.78768200
vt 0.86179100 0.79259200
vt 0.87306300 0.78788300
vt 0.87286700 0.79277900
vt 0.88414100 0.78813800
vt 0.88391600 0.79302700
vt 0.89521300 0.78846400
vt 0.89495700 0.79334600
vt 0.90626800 0.78886200
vt 0.91724600 0.78930300
vt 0.90599200 0.79372100
vt 0.91700900 0.79407300
vt 0.92771800 0.79416900
vt 0.92772100 0.78957900
vt 0.91679300 0.79867700
vt 0.92766600 0.79880400
vt 0.87269200 0.79740400
vt 0.86151300 0.80164700
vt 0.86163900 0.79723400
vt 0.85052500 0.79711000
vt 0.85041200 0.80155700
vt 0.83919400 0.80148900
vt 0.85032900 0.80581700
vt 0.83911100 0.80580800
vt 0.85027700 0.80993000
vt 0.96445900 0.80125200
vt 0.96016900 0.80408800
vt 0.96572000 0.79758900
vt 0.96138300 0.80012400
vt 0.96331100 0.80500500
vt 0.96225800 0.80887600
vt 0.95910400 0.80804800
vt 0.95811200 0.80780600
vt 0.95825400 0.81197100
vt 0.95725400 0.81176700
vt 0.94994000 0.81038100
vt 0.95643100 0.81575700
vt 0.94925500 0.81454200
vt 0.94863700 0.81859900
vt 0.94857500 0.81443300
vt 0.94796700 0.81849800
vt 0.92884300 0.81629800
vt 0.92856300 0.82031800
vt 0.94740900 0.82254800
vt 0.94807300 0.82263900
vt 0.92821000 0.82437700
vt 0.94690400 0.82654200
vt 0.92778900 0.82841400
vt 0.94638000 0.83051400
vt 0.94756100 0.82662800
vt 0.95507500 0.82363400
vt 0.95449300 0.82755300
vt 0.94703800 0.83059600
vt 0.94655300 0.83458100
vt 0.94589200 0.83450600
vt 0.95398500 0.83148300
vt 0.95547200 0.82768700
vt 0.95496500 0.83160200
vt 0.95353700 0.83542300
vt 0.95311900 0.83936600
vt 0.94610300 0.83858000
vt 0.95452100 0.83553300
vt 0.95410400 0.83946700
vt 0.95815700 0.83198000
vt 0.95769300 0.83583300
vt 0.95725000 0.83975300
vt 0.95690300 0.84365900
vt 0.95373100 0.84340600
vt 0.95340500 0.84735800
vt 0.95274300 0.84331500
vt 0.95241400 0.84728000
vt 0.94529800 0.84659900
vt 0.95213800 0.85124600
vt 0.94494400 0.85065300
vt 0.94462700 0.85474400
vt 0.94426800 0.85060100
vt 0.94394700 0.85470000
vt 0.92435900 0.85286700
vt 0.92373300 0.85715700
vt 0.94366900 0.85881500
vt 0.92318100 0.86155600
vt 0.94343600 0.86301800
vt 0.94435800 0.85885400
vt 0.95187900 0.85523700
vt 0.95167700 0.85927400
vt 0.94413600 0.86304700
vt 0.94398000 0.86728900
vt 0.94327200 0.86727300
vt 0.95152300 0.86337500
vt 0.95269500 0.85931600
vt 0.95255200 0.86340100
vt 0.95146300 0.86752500
vt 0.95146200 0.87167100
vt 0.94389700 0.87157800
vt 0.95250000 0.86753700
vt 0.95250200 0.87166400
vt 0.95588400 0.86346100
vt 0.95582800 0.86743800
vt 0.95581300 0.87158100
vt 0.95585500 0.87573700
vt 0.95258200 0.87581300
vt 0.95272100 0.87996300
vt 0.95153500 0.87583700
vt 0.95167100 0.88001200
vt 0.94397400 0.88029100
vt 0.95191700 0.88422800
vt 0.94415200 0.88470400
vt 0.94443500 0.88917100
vt 0.94341400 0.88474500
vt 0.94368800 0.88922900
vt 0.92157400 0.89074200
vt 0.92173500 0.89585800
vt 0.94408400 0.89377000
vt 0.92224400 0.90102000
vt 0.94468100 0.89832300
vt 0.94483800 0.89368600
vt 0.95227900 0.88848000
vt 0.95277200 0.89274700
vt 0.94543600 0.89821400
vt 0.94616800 0.90276000
vt 0.94541300 0.90289000
vt 0.95331800 0.89702500
vt 0.95383600 0.89261400
vt 0.95438800 0.89686500
vt 0.95402400 0.90131600
vt 0.95485800 0.90560100
vt 0.94703200 0.90729400
vt 0.95509600 0.90112100
vt 0.95592600 0.90537400
vt 0.95783600 0.89632300
vt 0.95852200 0.90045400
vt 0.95931200 0.90460000
vt 0.96024700 0.90873300
vt 0.95689400 0.90961500
vt 0.95801500 0.91382400
vt 0.95583000 0.90987900
vt 0.95696200 0.91413000
vt 0.94920900 0.91642400
vt 0.95828400 0.91832100
vt 0.95059400 0.92108700
vt 0.94981200 0.92133200
vt 0.95143200 0.92610900
vt 0.95223000 0.92581600
vt 0.95981400 0.92245300
vt 0.95341900 0.93112000
vt 0.95424400 0.93075100
vt 0.96172400 0.92647400
vt 0.96082200 0.92202200
vt 0.96266900 0.92592900
vt 0.96549000 0.92438900
vt 0.96396900 0.92072300
vt 0.96255300 0.91684800
vt 0.96131500 0.91283400
vt 0.95932200 0.91796100
vt 0.92894700 0.93664600
vt 0.92798100 0.93162500
vt 0.92690800 0.92663600
vt 0.92579900 0.92160300
vt 0.94844000 0.91663100
vt 0.94727900 0.91202100
vt 0.94803900 0.91184500
vt 0.92473300 0.91653900
vt 0.94627600 0.90744600
vt 0.92375400 0.91141600
vt 0.92291300 0.90622600
vt 0.95723700 0.89217500
vt 0.95674300 0.88805900
vt 0.95634200 0.88393800
vt 0.95335200 0.88837100
vt 0.95297600 0.88415100
vt 0.95605600 0.87982500
vt 0.92158100 0.88567500
vt 0.92176200 0.88076400
vt 0.94324400 0.88031500
vt 0.94316800 0.87591700
vt 0.94389200 0.87590800
vt 0.92206100 0.87596200
vt 0.94318100 0.87157300
vt 0.92233900 0.87085600
vt 0.92274500 0.86613400
vt 0.95596500 0.85946600
vt 0.95608700 0.85548700
vt 0.95626200 0.85152200
vt 0.95288200 0.85529300
vt 0.95313700 0.85131400
vt 0.95658200 0.84757300
vt 0.92497700 0.84874000
vt 0.92561100 0.84465200
vt 0.94462800 0.84654000
vt 0.94502400 0.84250100
vt 0.94568800 0.84256700
vt 0.92621700 0.84067700
vt 0.94544200 0.83851200
vt 0.92678200 0.83648100
vt 0.92730700 0.83243200
vt 0.95860000 0.82810600
vt 0.95919700 0.82424600
vt 0.95986300 0.82046000
vt 0.95605700 0.82378500
vt 0.95668700 0.81985400
vt 0.95570600 0.81968800
vt 0.95741900 0.81595200
vt 0.96053400 0.81666800
vt 0.96138200 0.81293200
vt 0.92911200 0.81197100
vt 0.92932100 0.80783200
vt 0.94924300 0.81025900
vt 0.95071700 0.80612300
vt 0.95000200 0.80598100
vt 0.95162200 0.80175000
vt 0.95087800 0.80158300
vt 0.92956500 0.80319900
vt 0.92978700 0.79887400
vt 0.92988000 0.79427000
vt 0.95193300 0.79692600
vt 0.95272000 0.79713300
vt 0.95413400 0.79218800
vt 0.95330100 0.79191600
vt 0.92988200 0.78947300
vt 0.96202700 0.79578000
vt 0.96039300 0.79976800
vt 0.96296900 0.79627200
vt 0.95916500 0.80380100
vt 0.92858900 0.79424900
vt 0.92857600 0.78956100
vt 0.92901300 0.78955200
vt 0.92852900 0.79884600
vt 0.92901900 0.79424600
vt 0.92894500 0.79886600
vt 0.92836300 0.80356100
vt 0.92876200 0.80333600
vt 0.92817200 0.80786700
vt 0.92854000 0.80749600
vt 0.92795500 0.81222800
vt 0.92833100 0.81190700
vt 0.92833100 0.81190700
vt 0.92770700 0.81614500
vt 0.92770700 0.81614500
vt 0.92770700 0.81614500
vt 0.92808000 0.81615400
vt 0.92808000 0.81615400
vt 0.92808000 0.81615400
vt 0.92781200 0.82025900
vt 0.92781200 0.82025900
vt 0.92781200 0.82025900
vt 0.92743800 0.82022800
vt 0.92743800 0.82022800
vt 0.92743800 0.82022800
vt 0.92708800 0.82427200
vt 0.92708800 0.82427200
vt 0.92744900 0.82430400
vt 0.92744900 0.82430400
vt 0.92744900 0.82430400
vt 0.92667800 0.82831000
vt 0.92667800 0.82831000
vt 0.92704400 0.82832900
vt 0.92704400 0.82832900
vt 0.92620300 0.83228900
vt 0.92620300 0.83228900
vt 0.92620300 0.83228900
vt 0.92656800 0.83233600
vt 0.92656800 0.83233600
vt 0.92656800 0.83233600
vt 0.92566300 0.83631700
vt 0.92603500 0.83636700
vt 0.92509400 0.84032800
vt 0.92546500 0.84038200
vt 0.92448300 0.84446300
vt 0.92486100 0.84452400
vt 0.92384200 0.84856100
vt 0.92421900 0.84862700
vt 0.92320400 0.85276100
vt 0.92358200 0.85276600
vt 0.92253300 0.85698800
vt 0.92293100 0.85704700
vt 0.92193600 0.86141100
vt 0.92234700 0.86146400
vt 0.92146200 0.86591900
vt 0.92188900 0.86605300
vt 0.92105400 0.87051300
vt 0.92147600 0.87078400
vt 0.92067000 0.87547800
vt 0.92039500 0.88068500
vt 0.92039500 0.88068500
vt 0.92039500 0.88068500
vt 0.92112000 0.87551700
vt 0.92112000 0.87551700
vt 0.92086200 0.88070100
vt 0.92086200 0.88070100
vt 0.92086200 0.88070100
vt 0.92020300 0.88565000
vt 0.92020300 0.88565000
vt 0.92020300 0.88565000
vt 0.92066100 0.88566000
vt 0.92066100 0.88566000
vt 0.92066100 0.88566000
vt 0.92016600 0.89076800
vt 0.92016600 0.89076800
vt 0.92016600 0.89076800
vt 0.92063000 0.89068300
vt 0.92063000 0.89068300
vt 0.92030800 0.89595200
vt 0.92030800 0.89595200
vt 0.92030800 0.89595200
vt 0.92079000 0.89592200
vt 0.92079000 0.89592200
vt 0.92079000 0.89592200
vt 0.92080000 0.90117700
vt 0.92080000 0.90117700
vt 0.92128400 0.90115300
vt 0.92128400 0.90115300
vt 0.92146700 0.90644300
vt 0.92146700 0.90644300
vt 0.92146700 0.90644300
vt 0.92194800 0.90636100
vt 0.92194800 0.90636100
vt 0.92232300 0.91166700
vt 0.92279600 0.91158500
vt 0.92332300 0.91681800
vt 0.92379200 0.91672500
vt 0.92440200 0.92190000
vt 0.92486500 0.92180100
vt 0.92552200 0.92692500
vt 0.92598000 0.92682700
vt 0.92658600 0.93190200
vt 0.92704000 0.93181200
vt 0.92754100 0.93688000
vt 0.92799400 0.93681400
vt 0.91926200 0.88550200
vt 0.91917200 0.89076400
vt 0.92020300 0.88565000
vt 0.91948400 0.88023200
vt 0.92039500 0.88068500
vt 0.92067000 0.87547800
vt 0.91974000 0.87541100
vt 0.92105400 0.87051300
vt 0.92146200 0.86591900
vt 0.92016700 0.87070900
vt 0.92059800 0.86594300
vt 0.92109900 0.86132800
vt 0.92193600 0.86141100
vt 0.92253300 0.85698800
vt 0.92320400 0.85276100
vt 0.92171900 0.85688500
vt 0.92241500 0.85257900
vt 0.92307400 0.84845300
vt 0.92384200 0.84856100
vt 0.92448300 0.84446300
vt 0.92370900 0.84435300
vt 0.92509400 0.84032800
vt 0.92566300 0.83631700
vt 0.92431700 0.84023100
vt 0.92489500 0.83621200
vt 0.92544200 0.83219800
vt 0.92620300 0.83228900
vt 0.92667800 0.82831000
vt 0.92591300 0.82820600
vt 0.92708800 0.82427200
vt 0.92743800 0.82022800
vt 0.92631200 0.82419500
vt 0.92666100 0.82016800
vt 0.92693300 0.81607700
vt 0.92770700 0.81614500
vt 0.92795500 0.81222800
vt 0.92817200 0.80786700
vt 0.92717000 0.81187100
vt 0.92735900 0.80777900
vt 0.92751500 0.80328500
vt 0.92836300 0.80356100
vt 0.92852900 0.79884600
vt 0.92858900 0.79424900
vt 0.92766600 0.79880400
vt 0.92771800 0.79416900
vt 0.92772100 0.78957900
vt 0.92857600 0.78956100
vt 0.92016600 0.89076800
vt 0.91935800 0.89601200
vt 0.92030800 0.89595200
vt 0.91983500 0.90130300
vt 0.92080000 0.90117700
vt 0.92048600 0.90657900
vt 0.92146700 0.90644300
vt 0.92135600 0.91182900
vt 0.92232300 0.91166700
vt 0.92235400 0.91700000
vt 0.92332300 0.91681800
vt 0.92345400 0.92208800
vt 0.92440200 0.92190000
vt 0.92457500 0.92711700
vt 0.92552200 0.92692500
vt 0.92564400 0.93209000
vt 0.92658600 0.93190200
vt 0.92660000 0.93698700
vt 0.92754100 0.93688000
vt 0.92901900 0.79424600
vt 0.92901300 0.78955200
vt 0.92988200 0.78947300
vt 0.92894500 0.79886600
vt 0.92988000 0.79427000
vt 0.92978700 0.79887400
vt 0.92876200 0.80333600
vt 0.92956500 0.80319900
vt 0.92854000 0.80749600
vt 0.92932100 0.80783200
vt 0.92833100 0.81190700
vt 0.92911200 0.81197100
vt 0.92808000 0.81615400
vt 0.92884300 0.81629800
vt 0.92781200 0.82025900
vt 0.92856300 0.82031800
vt 0.92744900 0.82430400
vt 0.92821000 0.82437700
vt 0.92704400 0.82832900
vt 0.92778900 0.82841400
vt 0.92656800 0.83233600
vt 0.92730700 0.83243200
vt 0.92603500 0.83636700
vt 0.92678200 0.83648100
vt 0.92621700 0.84067700
vt 0.92546500 0.84038200
vt 0.92486100 0.84452400
vt 0.92561100 0.84465200
vt 0.92421900 0.84862700
vt 0.92497700 0.84874000
vt 0.92358200 0.85276600
vt 0.92435900 0.85286700
vt 0.92293100 0.85704700
vt 0.92373300 0.85715700
vt 0.92234700 0.86146400
vt 0.92318100 0.86155600
vt 0.92188900 0.86605300
vt 0.92274500 0.86613400
vt 0.92147600 0.87078400
vt 0.92233900 0.87085600
vt 0.92112000 0.87551700
vt 0.92206100 0.87596200
vt 0.92086200 0.88070100
vt 0.92176200 0.88076400
vt 0.92066100 0.88566000
vt 0.92158100 0.88567500
vt 0.92063000 0.89068300
vt 0.92157400 0.89074200
vt 0.92079000 0.89592200
vt 0.92128400 0.90115300
vt 0.92173500 0.89585800
vt 0.92224400 0.90102000
vt 0.92194800 0.90636100
vt 0.92291300 0.90622600
vt 0.92279600 0.91158500
vt 0.92375400 0.91141600
vt 0.92379200 0.91672500
vt 0.92473300 0.91653900
vt 0.92486500 0.92180100
vt 0.92579900 0.92160300
vt 0.92598000 0.92682700
vt 0.92690800 0.92663600
vt 0.92704000 0.93181200
vt 0.92798100 0.93162500
vt 0.92799400 0.93681400
vt 0.92894700 0.93664600
vt 0.95783600 0.89632300
vt 0.95852200 0.90045400
vt 0.95896000 0.89617200
vt 0.95723700 0.89217500
vt 0.95837500 0.89206100
vt 0.95788300 0.88794200
vt 0.95748700 0.88383800
vt 0.95674300 0.88805900
vt 0.95634200 0.88393800
vt 0.95605600 0.87982500
vt 0.95715400 0.87975400
vt 0.95698400 0.87571400
vt 0.95694700 0.87178400
vt 0.95585500 0.87573700
vt 0.95581300 0.87158100
vt 0.95582800 0.86743800
vt 0.95695600 0.86761000
vt 0.95699000 0.86349100
vt 0.95702400 0.85949200
vt 0.95588400 0.86346100
vt 0.95596500 0.85946600
vt 0.95608700 0.85548700
vt 0.95715900 0.85552400
vt 0.95735200 0.85158200
vt 0.95762900 0.84766000
vt 0.95626200 0.85152200
vt 0.95658200 0.84757300
vt 0.95797000 0.84375600
vt 0.95690300 0.84365900
vt 0.95725000 0.83975300
vt 0.95834700 0.83987100
vt 0.95875700 0.83595600
vt 0.95919000 0.83212000
vt 0.95769300 0.83583300
vt 0.95815700 0.83198000
vt 0.95967200 0.82825100
vt 0.95860000 0.82810600
vt 0.95919700 0.82424600
vt 0.96023200 0.82441000
vt 0.96090700 0.82058000
vt 0.96157800 0.81684000
vt 0.95986300 0.82046000
vt 0.96053400 0.81666800
vt 0.96138200 0.81293200
vt 0.96245100 0.81287000
vt 0.96331100 0.80913800
vt 0.96437300 0.80536800
vt 0.96225800 0.80887600
vt 0.96331100 0.80500500
vt 0.96445900 0.80125200
vt 0.96546600 0.80158800
vt 0.96669800 0.79800300
vt 0.96572000 0.79758900
vt 0.95962000 0.90025900
vt 0.95931200 0.90460000
vt 0.96044100 0.90436600
vt 0.96024700 0.90873300
vt 0.96137200 0.90846000
vt 0.96131500 0.91283400
vt 0.96244300 0.91252000
vt 0.96255300 0.91684800
vt 0.96363700 0.91648700
vt 0.96500200 0.92032900
vt 0.96396900 0.92072300
vt 0.96549000 0.92438900
vt 0.96643900 0.92395700
vt 0.97661400 0.80473900
vt 0.97768000 0.80121900
vt 0.97856300 0.80152100
vt 0.97562900 0.80829400
vt 0.97751600 0.80500700
vt 0.97657200 0.80854500
vt 0.97471000 0.81191600
vt 0.97562100 0.81214100
vt 0.97387800 0.81549100
vt 0.97479700 0.81569200
vt 0.97314300 0.81907800
vt 0.97406200 0.81925400
vt 0.97249200 0.82272100
vt 0.97340600 0.82280200
vt 0.97184500 0.82631700
vt 0.97277300 0.82646500
vt 0.97130500 0.82998400
vt 0.97224300 0.83008500
vt 0.97082300 0.83365900
vt 0.97178100 0.83374100
vt 0.97038600 0.83732200
vt 0.97131300 0.83743200
vt 0.97003300 0.84095000
vt 0.97098600 0.84102900
vt 0.96975800 0.84466900
vt 0.97072000 0.84473100
vt 0.96953900 0.84841900
vt 0.97050600 0.84846900
vt 0.96935800 0.85218700
vt 0.97033000 0.85222700
vt 0.96922500 0.85593800
vt 0.97019400 0.85598800
vt 0.96913000 0.85973400
vt 0.97009600 0.85974800
vt 0.96909400 0.86355800
vt 0.97009400 0.86356000
vt 0.96911000 0.86741500
vt 0.97009700 0.86739700
vt 0.96917400 0.87122900
vt 0.97017600 0.87121000
vt 0.96932200 0.87510300
vt 0.97028700 0.87536200
vt 0.96948300 0.87892200
vt 0.97044600 0.87887400
vt 0.96977200 0.88279800
vt 0.97074600 0.88271100
vt 0.97015200 0.88659200
vt 0.97111700 0.88650500
vt 0.97060500 0.89041200
vt 0.97156900 0.89028400
vt 0.97115100 0.89420700
vt 0.97213500 0.89405100
vt 0.97178600 0.89798300
vt 0.97276900 0.89781100
vt 0.97251600 0.90178800
vt 0.97348700 0.90159000
vt 0.97337800 0.90554700
vt 0.97432900 0.90531600
vt 0.97432800 0.90929500
vt 0.97530400 0.90903700
vt 0.97536000 0.91303300
vt 0.97631500 0.91276300
vt 0.97739100 0.91641800
vt 0.97646800 0.91670800
vt 0.97766300 0.92033200
vt 0.97856300 0.91995700
vt 0.95788300 0.88794200
vt 0.95748700 0.88383800
vt 0.96977200 0.88279800
vt 0.95837500 0.89206100
vt 0.97015200 0.88659200
vt 0.97060500 0.89041200
vt 0.95896000 0.89617200
vt 0.97115100 0.89420700
vt 0.95962000 0.90025900
vt 0.97178600 0.89798300
vt 0.96044100 0.90436600
vt 0.97251600 0.90178800
vt 0.96137200 0.90846000
vt 0.97337800 0.90554700
vt 0.96244300 0.91252000
vt 0.97432800 0.90929500
vt 0.96363700 0.91648700
vt 0.97536000 0.91303300
vt 0.96500200 0.92032900
vt 0.97646800 0.91670800
vt 0.96643900 0.92395700
vt 0.97766300 0.92033200
vt 0.96948300 0.87892200
vt 0.96932200 0.87510300
vt 0.95715400 0.87975400
vt 0.95698400 0.87571400
vt 0.95694700 0.87178400
vt 0.96917400 0.87122900
vt 0.96911000 0.86741500
vt 0.96909400 0.86355800
vt 0.95695600 0.86761000
vt 0.95699000 0.86349100
vt 0.95702400 0.85949200
vt 0.96913000 0.85973400
vt 0.96922500 0.85593800
vt 0.95715900 0.85552400
vt 0.96935800 0.85218700
vt 0.96953900 0.84841900
vt 0.95735200 0.85158200
vt 0.95762900 0.84766000
vt 0.95797000 0.84375600
vt 0.96975800 0.84466900
vt 0.97003300 0.84095000
vt 0.95834700 0.83987100
vt 0.97038600 0.83732200
vt 0.97082300 0.83365900
vt 0.95875700 0.83595600
vt 0.95919000 0.83212000
vt 0.95967200 0.82825100
vt 0.97130500 0.82998400
vt 0.97184500 0.82631700
vt 0.96023200 0.82441000
vt 0.97249200 0.82272100
vt 0.97314300 0.81907800
vt 0.96090700 0.82058000
vt 0.96157800 0.81684000
vt 0.96245100 0.81287000
vt 0.97387800 0.81549100
vt 0.97471000 0.81191600
vt 0.96331100 0.80913800
vt 0.97562900 0.80829400
vt 0.96437300 0.80536800
vt 0.97661400 0.80473900
vt 0.97768000 0.80121900
vt 0.96546600 0.80158800
vt 0.96669800 0.79800300
vt 0.22899900 0.38263200
vt 0.22520400 0.37883800
vt 0.22520400 0.37883800
vt 0.23198100 0.38709300
vt 0.23198100 0.38709300
vt 0.23198100 0.38709300
vt 0.23198100 0.38709300
vt 0.23198100 0.38709300
vt 0.23198100 0.38709300
vt 0.23198100 0.38709300
vt 0.23198100 0.38709300
vt 0.23198100 0.38709300
vt 0.23198100 0.38709300
vt 0.23198100 0.38709300
vt 0.23198100 0.38709300
vt 0.23198100 0.38709300
vt 0.23198100 0.38709300
vt 0.23198100 0.38709300
vt 0.19046800 0.37884000
vt 0.19046800 0.37884000
vt 0.18667700 0.41737100
vt 0.18667700 0.41737100
vt 0.22520700 0.42116200
vt 0.22520700 0.42116200
vt 0.18667300 0.38263600
vt 0.19047200 0.42116600
vt 0.19047200 0.42116600
vt 0.22900200 0.41736700
vt 0.22900200 0.41736700
vt 0.18369200 0.38709900
vt 0.19493500 0.42414600
vt 0.19493500 0.42414600
vt 0.23198300 0.41290500
vt 0.23198300 0.41290500
vt 0.22074100 0.37585600
vt 0.22074100 0.37585600
vt 0.18164000 0.39205700
vt 0.18164000 0.39205700
vt 0.19989400 0.42620000
vt 0.19989400 0.42620000
vt 0.23403700 0.40794600
vt 0.23403700 0.40794600
vt 0.21578300 0.37380200
vt 0.21578300 0.37380200
vt 0.18059300 0.39732100
vt 0.18059300 0.39732100
vt 0.20515700 0.42724600
vt 0.20515700 0.42724600
vt 0.23508300 0.40268300
vt 0.23508300 0.40268300
vt 0.21051900 0.37275700
vt 0.21051900 0.37275700
vt 0.18059300 0.40268700
vt 0.18059300 0.40268700
vt 0.21052400 0.42724600
vt 0.21052400 0.42724600
vt 0.23508300 0.39731500
vt 0.23508300 0.39731500
vt 0.20515100 0.37275700
vt 0.20515100 0.37275700
vt 0.18164100 0.40795200
vt 0.18164100 0.40795200
vt 0.21578700 0.42619800
vt 0.21578700 0.42619800
vt 0.23403500 0.39205200
vt 0.19988800 0.37380400
vt 0.19988800 0.37380400
vt 0.18369500 0.41290900
vt 0.18369500 0.41290900
vt 0.22074500 0.42414300
vt 0.22074500 0.42414300
vt 0.19493000 0.37585900
vt 0.19493000 0.37585900
f 3/3/3 2/2/2 1/1/1
f 1/1/1 5/5/5 3/3/3
f 5/5/5 1/1/1 4/4/4
f 4/4/4 6/6/6 5/5/5
f 2/2/2 3/3/3 7/7/7
f 9/9/9 7/7/7 8/8/8
f 7/7/7 9/9/9 2/2/2
f 8/8/8 10/10/10 9/9/9
f 10/10/10 8/8/8 12/12/12
f 12/12/12 11/11/11 10/10/10
f 11/11/11 12/12/12 13/13/13
f 13/13/13 14/14/14 11/11/11
f 14/14/14 13/13/13 15/15/15
f 17/17/17 15/15/15 16/16/16
f 15/15/15 17/17/17 14/14/14
f 16/16/16 18/18/18 17/17/17
f 18/18/18 16/16/16 20/20/20
f 20/20/20 19/19/19 18/18/18
f 19/19/19 20/20/20 21/21/21
f 21/21/21 22/22/22 19/19/19
f 22/22/22 21/21/21 23/23/23
f 25/25/25 23/23/23 24/24/24
f 23/23/23 25/25/25 22/22/22
f 24/24/24 26/26/26 25/25/25
f 26/26/26 24/24/24 28/28/28
f 28/28/28 27/27/27 26/26/26
f 27/27/27 28/28/28 29/29/29
f 29/29/29 30/30/30 27/27/27
f 30/30/30 29/29/29 31/31/31
f 33/33/33 31/31/31 32/32/32
f 31/31/31 33/33/33 30/30/30
f 32/32/32 34/34/34 33/33/33
f 34/34/34 32/32/32 36/36/36
f 36/36/36 35/35/35 34/34/34
f 35/35/35 36/36/36 37/37/37
f 37/37/37 38/38/38 35/35/35
f 38/38/38 37/37/37 39/39/39
f 41/41/41 39/39/39 40/40/40
f 39/39/39 41/41/41 38/38/38
f 40/40/40 42/42/42 41/41/41
f 42/42/42 40/40/40 44/44/44
f 44/44/44 43/43/43 42/42/42
f 43/43/43 44/44/44 45/45/45
f 45/45/45 46/46/46 43/43/43
f 46/46/46 45/45/45 47/47/47
f 49/49/49 47/47/47 48/48/48
f 47/47/47 49/49/49 46/46/46
f 48/48/48 50/50/50 49/49/49
f 50/50/50 48/48/48 52/52/52
f 52/52/52 51/51/51 50/50/50
f 51/51/51 52/52/52 53/53/53
f 53/53/53 54/54/54 51/51/51
f 54/54/54 53/53/53 55/55/55
f 57/57/57 55/55/55 56/56/56
f 55/55/55 57/57/57 54/54/54
f 56/56/56 58/58/58 57/57/57
f 58/58/58 56/56/56 60/60/60
f 60/60/60 59/59/59 58/58/58
f 59/59/59 60/60/60 61/61/61
f 61/61/61 63/63/63 59/59/59
f 63/63/63 61/61/61 62/62/62
f 62/62/62 64/64/64 63/63/63
f 66/66/66 65/65/65 64/64/64
f 64/64/64 62/62/62 66/66/66
f 69/69/69 67/67/67 68/68/68
f 67/67/67 69/69/69 71/71/71
f 71/71/71 70/70/70 67/67/67
f 70/70/70 71/71/71 72/72/72
f 74/74/74 72/72/72 73/73/73
f 72/72/72 74/74/74 70/70/70
f 73/73/73 75/75/75 74/74/74
f 75/75/75 73/73/73 77/77/77
f 77/77/77 76/76/76 75/75/75
f 76/76/76 77/77/77 78/78/78
f 80/80/80 78/78/78 79/79/79
f 78/78/78 80/80/80 76/76/76
f 79/79/79 81/81/81 80/80/80
f 81/81/81 79/79/79 83/83/83
f 83/83/83 82/82/82 81/81/81
f 82/82/82 83/83/83 84/84/84
f 84/84/84 85/85/85 82/82/82
f 85/85/85 84/84/84 86/86/86
f 88/88/88 86/86/86 87/87/87
f 86/86/86 88/88/88 85/85/85
f 87/87/87 89/89/89 88/88/88
f 89/89/89 87/87/87 91/91/91
f 91/91/91 90/90/90 89/89/89
f 90/90/90 91/91/91 92/92/92
f 94/94/94 92/92/92 93/93/93
f 92/92/92 94/94/94 90/90/90
f 93/93/93 95/95/95 94/94/94
f 95/95/95 93/93/93 97/97/97
f 97/97/97 96/96/96 95/95/95
f 96/96/96 97/97/97 98/98/98
f 100/100/100 98/98/98 99/99/99
f 98/98/98 100/100/100 96/96/96
f 99/99/99 101/101/101 100/100/100
f 101/101/101 99/99/99 103/103/103
f 103/103/103 102/102/102 101/101/101
f 102/102/102 103/103/103 104/104/104
f 104/104/104 105/105/105 102/102/102
f 105/105/105 104/104/104 106/106/106
f 106/106/106 107/107/107 105/105/105
f 107/107/107 106/106/106 108/108/108
f 108/108/108 109/109/109 107/107/107
f 109/109/109 108/108/108 110/110/110
f 112/112/112 110/110/110 111/111/111
f 110/110/110 112/112/112 109/109/109
f 111/111/111 113/113/113 112/112/112
f 115/115/115 114/114/114 113/113/113
f 113/113/113 111/111/111 115/115/115
f 68/68/68 116/116/116 69/69/69
f 117/117/117 118/118/118 116/116/116
f 116/116/116 68/68/68 117/117/117
f 118/118/118 117/117/117 119/119/119
f 119/119/119 120/120/120 118/118/118
f 120/120/120 119/119/119 121/121/121
f 121/121/121 122/122/122 120/120/120
f 122/122/122 121/121/121 123/123/123
f 123/123/123 124/124/124 122/122/122
f 124/124/124 123/123/123 125/125/125
f 125/125/125 126/126/126 124/124/124
f 126/126/126 125/125/125 127/127/127
f 127/127/127 128/128/128 126/126/126
f 128/128/128 127/127/127 129/129/129
f 129/129/129 130/130/130 128/128/128
f 130/130/130 129/129/129 131/131/131
f 131/131/131 132/132/132 130/130/130
f 136/136/136 134/134/134 133/133/133
f 135/135/135 133/133/133 134/134/134
f 133/133/133 137/137/137 136/136/136
f 138/138/138 136/136/136 137/137/137
f 137/137/137 139/139/139 138/138/138
f 140/140/140 138/138/138 139/139/139
f 139/139/139 141/141/141 140/140/140
f 142/142/142 140/140/140 141/141/141
f 141/141/141 143/143/143 142/142/142
f 144/144/144 142/142/142 143/143/143
f 143/143/143 145/145/145 144/144/144
f 146/146/146 144/144/144 145/145/145
f 145/145/145 147/147/147 146/146/146
f 148/148/148 146/146/146 147/147/147
f 147/147/147 149/149/149 148/148/148
f 150/150/150 148/148/148 149/149/149
f 149/149/149 151/151/151 150/150/150
f 152/152/152 150/150/150 151/151/151
f 151/151/151 153/153/153 152/152/152
f 154/154/154 152/152/152 153/153/153
f 153/153/153 155/155/155 154/154/154
f 156/156/156 154/154/154 155/155/155
f 155/155/155 157/157/157 156/156/156
f 158/158/158 156/156/156 157/157/157
f 157/157/157 159/159/159 158/158/158
f 159/159/159 160/160/160 161/161/161
f 161/161/161 158/158/158 159/159/159
f 162/162/162 161/161/161 160/160/160
f 164/164/164 158/158/158 161/161/161
f 163/163/163 161/161/161 162/162/162
f 161/161/161 163/163/163 164/164/164
f 158/158/158 164/164/164 165/165/165
f 166/166/166 164/164/164 163/163/163
f 167/167/167 165/165/165 164/164/164
f 164/164/164 166/166/166 167/167/167
f 170/170/170 168/168/168 167/167/167
f 165/165/165 167/167/167 168/168/168
f 167/167/167 169/169/169 170/170/170
f 169/169/169 167/167/167 166/166/166
f 168/168/168 170/170/170 171/171/171
f 173/173/173 170/170/170 169/169/169
f 172/172/172 171/171/171 170/170/170
f 170/170/170 173/173/173 172/172/172
f 176/176/176 172/172/172 173/173/173
f 169/169/169 174/174/174 173/173/173
f 175/175/175 173/173/173 174/174/174
f 173/173/173 175/175/175 176/176/176
f 172/172/172 176/176/176 177/177/177
f 178/178/178 176/176/176 175/175/175
f 179/179/179 177/177/177 176/176/176
f 176/176/176 178/178/178 179/179/179
f 179/179/179 180/180/180 181/181/181
f 180/180/180 179/179/179 178/178/178
f 181/181/181 182/182/182 179/179/179
f 177/177/177 179/179/179 182/182/182
f 182/182/182 183/183/183 177/177/177
f 183/183/183 182/182/182 184/184/184
f 185/185/185 184/184/184 182/182/182
f 182/182/182 181/181/181 185/185/185
f 188/188/188 186/186/186 185/185/185
f 184/184/184 185/185/185 186/186/186
f 185/185/185 187/187/187 188/188/188
f 187/187/187 185/185/185 181/181/181
f 190/190/190 188/188/188 187/187/187
f 186/186/186 188/188/188 189/189/189
f 191/191/191 189/189/189 188/188/188
f 188/188/188 190/190/190 191/191/191
f 189/189/189 191/191/191 192/192/192
f 193/193/193 191/191/191 190/190/190
f 194/194/194 192/192/192 191/191/191
f 191/191/191 193/193/193 194/194/194
f 192/192/192 194/194/194 195/195/195
f 196/196/196 194/194/194 193/193/193
f 197/197/197 195/195/195 194/194/194
f 194/194/194 196/196/196 197/197/197
f 195/195/195 197/197/197 198/198/198
f 199/199/199 198/198/198 200/200/200
f 198/198/198 199/199/199 195/195/195
f 200/200/200 202/202/202 199/199/199
f 202/202/202 200/200/200 201/201/201
f 201/201/201 203/203/203 202/202/202
f 205/205/205 202/202/202 203/203/203
f 204/204/204 199/199/199 202/202/202
f 202/202/202 205/205/205 204/204/204
f 206/206/206 205/205/205 207/207/207
f 205/205/205 206/206/206 208/208/208
f 208/208/208 204/204/204 205/205/205
f 203/203/203 207/207/207 205/205/205
f 208/208/208 209/209/209 210/210/210
f 209/209/209 208/208/208 206/206/206
f 210/210/210 211/211/211 208/208/208
f 204/204/204 208/208/208 211/211/211
f 211/211/211 210/210/210 214/214/214
f 213/213/213 211/211/211 212/212/212
f 214/214/214 212/212/212 211/211/211
f 211/211/211 213/213/213 204/204/204
f 215/215/215 214/214/214 210/210/210
f 214/214/214 215/215/215 216/216/216
f 216/216/216 217/217/217 214/214/214
f 212/212/212 214/214/214 217/217/217
f 217/217/217 216/216/216 218/218/218
f 189/189/189 217/217/217 186/186/186
f 218/218/218 186/186/186 217/217/217
f 217/217/217 189/189/189 212/212/212
f 219/219/219 218/218/218 216/216/216
f 218/218/218 219/219/219 220/220/220
f 220/220/220 184/184/184 218/218/218
f 186/186/186 218/218/218 184/184/184
f 221/221/221 183/183/183 220/220/220
f 220/220/220 222/222/222 221/221/221
f 184/184/184 220/220/220 183/183/183
f 222/222/222 220/220/220 219/219/219
f 225/225/225 221/221/221 222/222/222
f 223/223/223 222/222/222 224/224/224
f 222/222/222 223/223/223 225/225/225
f 219/219/219 224/224/224 222/222/222
f 226/226/226 227/227/227 225/225/225
f 225/225/225 228/228/228 226/226/226
f 221/221/221 225/225/225 227/227/227
f 228/228/228 225/225/225 223/223/223
f 230/230/230 226/226/226 228/228/228
f 223/223/223 229/229/229 228/228/228
f 231/231/231 228/228/228 229/229/229
f 228/228/228 231/231/231 230/230/230
f 148/148/148 231/231/231 232/232/232
f 231/231/231 148/148/148 150/150/150
f 150/150/150 230/230/230 231/231/231
f 229/229/229 232/232/232 231/231/231
f 232/232/232 229/229/229 233/233/233
f 233/233/233 234/234/234 232/232/232
f 146/146/146 232/232/232 234/234/234
f 232/232/232 146/146/146 148/148/148
f 144/144/144 234/234/234 235/235/235
f 234/234/234 144/144/144 146/146/146
f 236/236/236 235/235/235 234/234/234
f 234/234/234 233/233/233 236/236/236
f 235/235/235 236/236/236 237/237/237
f 238/238/238 236/236/236 233/233/233
f 239/239/239 237/237/237 236/236/236
f 236/236/236 238/238/238 239/239/239
f 239/239/239 240/240/240 241/241/241
f 240/240/240 239/239/239 238/238/238
f 241/241/241 242/242/242 239/239/239
f 237/237/237 239/239/239 242/242/242
f 242/242/242 243/243/243 237/237/237
f 243/243/243 242/242/242 245/245/245
f 242/242/242 241/241/241 244/244/244
f 244/244/244 245/245/245 242/242/242
f 245/245/245 246/246/246 243/243/243
f 246/246/246 245/245/245 247/247/247
f 248/248/248 247/247/247 245/245/245
f 245/245/245 244/244/244 248/248/248
f 247/247/247 248/248/248 251/251/251
f 249/249/249 248/248/248 244/244/244
f 248/248/248 249/249/249 250/250/250
f 250/250/250 251/251/251 248/248/248
f 251/251/251 252/252/252 247/247/247
f 252/252/252 251/251/251 253/253/253
f 254/254/254 253/253/253 251/251/251
f 251/251/251 250/250/250 254/254/254
f 257/257/257 255/255/255 254/254/254
f 253/253/253 254/254/254 255/255/255
f 254/254/254 256/256/256 257/257/257
f 256/256/256 254/254/254 250/250/250
f 259/259/259 257/257/257 256/256/256
f 260/260/260 258/258/258 257/257/257
f 255/255/255 257/257/257 258/258/258
f 257/257/257 259/259/259 260/260/260
f 262/262/262 260/260/260 259/259/259
f 258/258/258 260/260/260 261/261/261
f 263/263/263 261/261/261 260/260/260
f 260/260/260 262/262/262 263/263/263
f 265/265/265 263/263/263 262/262/262
f 261/261/261 263/263/263 264/264/264
f 266/266/266 264/264/264 263/263/263
f 263/263/263 265/265/265 266/266/266
f 264/264/264 266/266/266 267/267/267
f 268/268/268 266/266/266 265/265/265
f 269/269/269 267/267/267 266/266/266
f 266/266/266 268/268/268 269/269/269
f 267/267/267 269/269/269 270/270/270
f 271/271/271 269/269/269 268/268/268
f 272/272/272 270/270/270 269/269/269
f 269/269/269 271/271/271 272/272/272
f 268/268/268 273/273/273 271/271/271
f 273/273/273 268/268/268 274/274/274
f 274/274/274 275/275/275 273/273/273
f 276/276/276 277/277/277 275/275/275
f 275/275/275 274/274/274 276/276/276
f 278/278/278 279/279/279 277/277/277
f 277/277/277 276/276/276 278/278/278
f 279/279/279 278/278/278 281/281/281
f 281/281/281 280/280/280 279/279/279
f 282/282/282 281/281/281 278/278/278
f 281/281/281 282/282/282 207/207/207
f 280/280/280 281/281/281 203/203/203
f 207/207/207 203/203/203 281/281/281
f 278/278/278 283/283/283 282/282/282
f 285/285/285 282/282/282 283/283/283
f 284/284/284 207/207/207 282/282/282
f 282/282/282 285/285/285 284/284/284
f 286/286/286 285/285/285 287/287/287
f 285/285/285 286/286/286 288/288/288
f 283/283/283 287/287/287 285/285/285
f 288/288/288 284/284/284 285/285/285
f 289/289/289 290/290/290 288/288/288
f 288/288/288 291/291/291 289/289/289
f 284/284/284 288/288/288 290/290/290
f 291/291/291 288/288/288 286/286/286
f 249/249/249 289/289/289 291/291/291
f 291/291/291 250/250/250 249/249/249
f 286/286/286 256/256/256 291/291/291
f 250/250/250 291/291/291 256/256/256
f 292/292/292 209/209/209 290/290/290
f 290/290/290 289/289/289 292/292/292
f 206/206/206 290/290/290 209/209/209
f 290/290/290 206/206/206 284/284/284
f 209/209/209 292/292/292 293/293/293
f 294/294/294 293/293/293 292/292/292
f 292/292/292 295/295/295 294/294/294
f 295/295/295 292/292/292 289/289/289
f 241/241/241 294/294/294 295/295/295
f 244/244/244 295/295/295 249/249/249
f 295/295/295 244/244/244 241/241/241
f 289/289/289 249/249/249 295/295/295
f 293/293/293 294/294/294 296/296/296
f 240/240/240 296/296/296 294/294/294
f 294/294/294 241/241/241 240/240/240
f 297/297/297 298/298/298 296/296/296
f 296/296/296 240/240/240 297/297/297
f 215/215/215 296/296/296 298/298/298
f 296/296/296 215/215/215 293/293/293
f 224/224/224 219/219/219 298/298/298
f 298/298/298 297/297/297 224/224/224
f 216/216/216 298/298/298 219/219/219
f 298/298/298 216/216/216 215/215/215
f 299/299/299 224/224/224 297/297/297
f 238/238/238 297/297/297 240/240/240
f 297/297/297 238/238/238 299/299/299
f 224/224/224 299/299/299 223/223/223
f 229/229/229 223/223/223 299/299/299
f 233/233/233 299/299/299 238/238/238
f 299/299/299 233/233/233 229/229/229
f 293/293/293 210/210/210 209/209/209
f 210/210/210 293/293/293 215/215/215
f 287/287/287 259/259/259 286/286/286
f 259/259/259 287/287/287 262/262/262
f 287/287/287 283/283/283 300/300/300
f 300/300/300 262/262/262 287/287/287
f 276/276/276 300/300/300 283/283/283
f 262/262/262 300/300/300 265/265/265
f 274/274/274 265/265/265 300/300/300
f 300/300/300 276/276/276 274/274/274
f 256/256/256 286/286/286 259/259/259
f 207/207/207 284/284/284 206/206/206
f 283/283/283 278/278/278 276/276/276
f 203/203/203 201/201/201 280/280/280
f 265/265/265 274/274/274 268/268/268
f 270/270/270 301/301/301 267/267/267
f 302/302/302 267/267/267 301/301/301
f 301/301/301 303/303/303 302/302/302
f 304/304/304 302/302/302 303/303/303
f 303/303/303 305/305/305 304/304/304
f 306/306/306 304/304/304 305/305/305
f 305/305/305 307/307/307 306/306/306
f 307/307/307 308/308/308 309/309/309
f 309/309/309 306/306/306 307/307/307
f 310/310/310 312/312/312 309/309/309
f 309/309/309 311/311/311 310/310/310
f 311/311/311 309/309/309 308/308/308
f 306/306/306 309/309/309 312/312/312
f 312/312/312 310/310/310 315/315/315
f 314/314/314 312/312/312 313/313/313
f 315/315/315 313/313/313 312/312/312
f 312/312/312 314/314/314 306/306/306
f 316/316/316 318/318/318 315/315/315
f 315/315/315 317/317/317 316/316/316
f 317/317/317 315/315/315 310/310/310
f 313/313/313 315/315/315 318/318/318
f 318/318/318 316/316/316 320/320/320
f 321/321/321 318/318/318 319/319/319
f 320/320/320 319/319/319 318/318/318
f 318/318/318 321/321/321 313/313/313
f 319/319/319 255/255/255 321/321/321
f 322/322/322 313/313/313 321/321/321
f 321/321/321 258/258/258 322/322/322
f 258/258/258 321/321/321 255/255/255
f 323/323/323 314/314/314 322/322/322
f 313/313/313 322/322/322 314/314/314
f 322/322/322 261/261/261 323/323/323
f 261/261/261 322/322/322 258/258/258
f 264/264/264 323/323/323 261/261/261
f 314/314/314 323/323/323 304/304/304
f 302/302/302 304/304/304 323/323/323
f 323/323/323 264/264/264 302/302/302
f 324/324/324 320/320/320 316/316/316
f 320/320/320 324/324/324 326/326/326
f 319/319/319 320/320/320 325/325/325
f 326/326/326 325/325/325 320/320/320
f 325/325/325 326/326/326 327/327/327
f 328/328/328 327/327/327 326/326/326
f 326/326/326 329/329/329 328/328/328
f 329/329/329 326/326/326 324/324/324
f 330/330/330 328/328/328 329/329/329
f 329/329/329 331/331/331 330/330/330
f 331/331/331 329/329/329 332/332/332
f 324/324/324 332/332/332 329/329/329
f 333/333/333 332/332/332 334/334/334
f 332/332/332 333/333/333 331/331/331
f 335/335/335 334/334/334 332/332/332
f 332/332/332 324/324/324 335/335/335
f 316/316/316 335/335/335 324/324/324
f 317/317/317 336/336/336 335/335/335
f 334/334/334 335/335/335 336/336/336
f 335/335/335 316/316/316 317/317/317
f 338/338/338 337/337/337 336/336/336
f 339/339/339 336/336/336 337/337/337
f 336/336/336 317/317/317 338/338/338
f 336/336/336 339/339/339 334/334/334
f 337/337/337 340/340/340 339/339/339
f 342/342/342 339/339/339 340/340/340
f 341/341/341 334/334/334 339/339/339
f 339/339/339 342/342/342 341/341/341
f 341/341/341 342/342/342 343/343/343
f 345/345/345 343/343/343 342/342/342
f 340/340/340 344/344/344 342/342/342
f 342/342/342 344/344/344 345/345/345
f 346/346/346 345/345/345 344/344/344
f 348/348/348 346/346/346 347/347/347
f 344/344/344 347/347/347 346/346/346
f 347/347/347 349/349/349 348/348/348
f 350/350/350 349/349/349 347/347/347
f 347/347/347 352/352/352 350/350/350
f 351/351/351 350/350/350 352/352/352
f 352/352/352 347/347/347 344/344/344
f 344/344/344 340/340/340 352/352/352
f 353/353/353 352/352/352 340/340/340
f 352/352/352 353/353/353 351/351/351
f 354/354/354 353/353/353 337/337/337
f 340/340/340 337/337/337 353/353/353
f 355/355/355 351/351/351 353/353/353
f 353/353/353 354/354/354 355/355/355
f 356/356/356 355/355/355 354/354/354
f 354/354/354 311/311/311 356/356/356
f 308/308/308 356/356/356 311/311/311
f 311/311/311 354/354/354 338/338/338
f 337/337/337 338/338/338 354/354/354
f 343/343/343 357/357/357 341/341/341
f 333/333/333 341/341/341 357/357/357
f 357/357/357 358/358/358 333/333/333
f 331/331/331 333/333/333 358/358/358
f 358/358/358 359/359/359 331/331/331
f 330/330/330 331/331/331 359/359/359
f 359/359/359 135/135/135 330/330/330
f 334/334/334 341/341/341 333/333/333
f 310/310/310 338/338/338 317/317/317
f 338/338/338 310/310/310 311/311/311
f 328/328/328 330/330/330 134/134/134
f 134/134/134 330/330/330 135/135/135
f 327/327/327 328/328/328 360/360/360
f 134/134/134 360/360/360 328/328/328
f 136/136/136 361/361/361 360/360/360
f 360/360/360 134/134/134 136/136/136
f 362/362/362 360/360/360 361/361/361
f 360/360/360 362/362/362 327/327/327
f 247/247/247 362/362/362 246/246/246
f 361/361/361 246/246/246 362/362/362
f 252/252/252 327/327/327 362/362/362
f 362/362/362 247/247/247 252/252/252
f 361/361/361 136/136/136 138/138/138
f 246/246/246 361/361/361 363/363/363
f 138/138/138 363/363/363 361/361/361
f 140/140/140 364/364/364 363/363/363
f 363/363/363 138/138/138 140/140/140
f 243/243/243 363/363/363 364/364/364
f 363/363/363 243/243/243 246/246/246
f 364/364/364 140/140/140 142/142/142
f 237/237/237 364/364/364 235/235/235
f 142/142/142 235/235/235 364/364/364
f 364/364/364 237/237/237 243/243/243
f 327/327/327 252/252/252 325/325/325
f 253/253/253 325/325/325 252/252/252
f 325/325/325 253/253/253 319/319/319
f 255/255/255 319/319/319 253/253/253
f 304/304/304 306/306/306 314/314/314
f 267/267/267 302/302/302 264/264/264
f 235/235/235 142/142/142 144/144/144
f 226/226/226 230/230/230 365/365/365
f 152/152/152 365/365/365 230/230/230
f 230/230/230 150/150/150 152/152/152
f 154/154/154 366/366/366 365/365/365
f 365/365/365 152/152/152 154/154/154
f 367/367/367 365/365/365 366/366/366
f 365/365/365 367/367/367 226/226/226
f 171/171/171 367/367/367 168/168/168
f 366/366/366 168/168/168 367/367/367
f 227/227/227 226/226/226 367/367/367
f 367/367/367 171/171/171 227/227/227
f 168/168/168 366/366/366 165/165/165
f 156/156/156 165/165/165 366/366/366
f 366/366/366 154/154/154 156/156/156
f 368/368/368 227/227/227 171/171/171
f 227/227/227 368/368/368 221/221/221
f 171/171/171 172/172/172 368/368/368
f 177/177/177 368/368/368 172/172/172
f 183/183/183 221/221/221 368/368/368
f 368/368/368 177/177/177 183/183/183
f 195/195/195 213/213/213 192/192/192
f 212/212/212 192/192/192 213/213/213
f 199/199/199 204/204/204 213/213/213
f 213/213/213 195/195/195 199/199/199
f 192/192/192 212/212/212 189/189/189
f 193/193/193 369/369/369 196/196/196
f 370/370/370 371/371/371 369/369/369
f 369/369/369 193/193/193 370/370/370
f 371/371/371 370/370/370 372/372/372
f 372/372/372 373/373/373 371/371/371
f 374/374/374 375/375/375 373/373/373
f 373/373/373 372/372/372 374/374/374
f 377/377/377 376/376/376 375/375/375
f 375/375/375 374/374/374 377/377/377
f 378/378/378 380/380/380 377/377/377
f 377/377/377 379/379/379 378/378/378
f 379/379/379 377/377/377 374/374/374
f 376/376/376 377/377/377 380/380/380
f 383/383/383 380/380/380 381/381/381
f 382/382/382 381/381/381 380/380/380
f 380/380/380 378/378/378 382/382/382
f 380/380/380 383/383/383 376/376/376
f 381/381/381 384/384/384 383/383/383
f 384/384/384 381/381/381 385/385/385
f 385/385/385 386/386/386 384/384/384
f 386/386/386 385/385/385 387/387/387
f 387/387/387 388/388/388 386/386/386
f 389/389/389 390/390/390 388/388/388
f 388/388/388 387/387/387 389/389/389
f 391/391/391 392/392/392 390/390/390
f 390/390/390 389/389/389 391/391/391
f 394/394/394 393/393/393 392/392/392
f 392/392/392 391/391/391 394/394/394
f 396/396/396 394/394/394 391/391/391
f 395/395/395 397/397/397 394/394/394
f 394/394/394 396/396/396 395/395/395
f 393/393/393 394/394/394 397/397/397
f 397/397/397 395/395/395 400/400/400
f 399/399/399 397/397/397 398/398/398
f 400/400/400 398/398/398 397/397/397
f 397/397/397 399/399/399 393/393/393
f 401/401/401 403/403/403 400/400/400
f 400/400/400 402/402/402 401/401/401
f 402/402/402 400/400/400 395/395/395
f 398/398/398 400/400/400 403/403/403
f 403/403/403 401/401/401 405/405/405
f 406/406/406 403/403/403 404/404/404
f 405/405/405 404/404/404 403/403/403
f 403/403/403 406/406/406 398/398/398
f 408/408/408 398/398/398 406/406/406
f 406/406/406 407/407/407 408/408/408
f 407/407/407 406/406/406 409/409/409
f 404/404/404 409/409/409 406/406/406
f 409/409/409 404/404/404 412/412/412
f 411/411/411 409/409/409 410/410/410
f 412/412/412 410/410/410 409/409/409
f 409/409/409 411/411/411 407/407/407
f 413/413/413 412/412/412 404/404/404
f 412/412/412 413/413/413 415/415/415
f 410/410/410 412/412/412 414/414/414
f 415/415/415 414/414/414 412/412/412
f 416/416/416 417/417/417 415/415/415
f 415/415/415 418/418/418 416/416/416
f 414/414/414 415/415/415 417/417/417
f 418/418/418 415/415/415 413/413/413
f 419/419/419 416/416/416 418/418/418
f 418/418/418 420/420/420 419/419/419
f 420/420/420 418/418/418 421/421/421
f 413/413/413 421/421/421 418/418/418
f 422/422/422 421/421/421 423/423/423
f 421/421/421 422/422/422 420/420/420
f 405/405/405 423/423/423 421/421/421
f 421/421/421 413/413/413 405/405/405
f 423/423/423 424/424/424 422/422/422
f 424/424/424 423/423/423 425/425/425
f 401/401/401 425/425/425 423/423/423
f 423/423/423 405/405/405 401/401/401
f 425/425/425 427/427/427 424/424/424
f 402/402/402 426/426/426 425/425/425
f 427/427/427 425/425/425 426/426/426
f 425/425/425 401/401/401 402/402/402
f 428/428/428 424/424/424 427/427/427
f 427/427/427 429/429/429 428/428/428
f 429/429/429 427/427/427 430/430/430
f 426/426/426 430/430/430 427/427/427
f 430/430/430 431/431/431 429/429/429
f 431/431/431 430/430/430 432/432/432
f 433/433/433 432/432/432 430/430/430
f 430/430/430 426/426/426 433/433/433
f 435/435/435 433/433/433 426/426/426
f 436/436/436 434/434/434 433/433/433
f 432/432/432 433/433/433 434/434/434
f 433/433/433 435/435/435 436/436/436
f 438/438/438 437/437/437 436/436/436
f 434/434/434 436/436/436 437/437/437
f 396/396/396 436/436/436 435/435/435
f 436/436/436 396/396/396 438/438/438
f 391/391/391 438/438/438 396/396/396
f 438/438/438 391/391/391 389/389/389
f 389/389/389 439/439/439 438/438/438
f 437/437/437 438/438/438 439/439/439
f 439/439/439 440/440/440 437/437/437
f 440/440/440 439/439/439 441/441/441
f 439/439/439 389/389/389 387/387/387
f 387/387/387 441/441/441 439/439/439
f 441/441/441 443/443/443 440/440/440
f 385/385/385 442/442/442 441/441/441
f 443/443/443 441/441/441 442/442/442
f 441/441/441 387/387/387 385/385/385
f 444/444/444 443/443/443 445/445/445
f 443/443/443 444/444/444 446/446/446
f 446/446/446 440/440/440 443/443/443
f 442/442/442 445/445/445 443/443/443
f 447/447/447 448/448/448 446/446/446
f 446/446/446 449/449/449 447/447/447
f 440/440/440 446/446/446 448/448/448
f 449/449/449 446/446/446 444/444/444
f 450/450/450 447/447/447 449/449/449
f 449/449/449 452/452/452 450/450/450
f 444/444/444 451/451/451 449/449/449
f 452/452/452 449/449/449 451/451/451
f 453/453/453 450/450/450 452/452/452
f 452/452/452 454/454/454 453/453/453
f 454/454/454 452/452/452 455/455/455
f 451/451/451 455/455/455 452/452/452
f 455/455/455 456/456/456 454/454/454
f 456/456/456 455/455/455 457/457/457
f 458/458/458 457/457/457 455/455/455
f 455/455/455 451/451/451 458/458/458
f 461/461/461 459/459/459 458/458/458
f 457/457/457 458/458/458 459/459/459
f 458/458/458 460/460/460 461/461/461
f 460/460/460 458/458/458 451/451/451
f 463/463/463 461/461/461 460/460/460
f 459/459/459 461/461/461 462/462/462
f 464/464/464 462/462/462 461/461/461
f 461/461/461 463/463/463 464/464/464
f 462/462/462 464/464/464 465/465/465
f 379/379/379 465/465/465 464/464/464
f 464/464/464 378/378/378 379/379/379
f 378/378/378 464/464/464 463/463/463
f 465/465/465 180/180/180 462/462/462
f 180/180/180 465/465/465 466/466/466
f 467/467/467 466/466/466 465/465/465
f 465/465/465 379/379/379 467/467/467
f 466/466/466 467/467/467 468/468/468
f 374/374/374 467/467/467 379/379/379
f 372/372/372 468/468/468 467/467/467
f 467/467/467 374/374/374 372/372/372
f 468/468/468 187/187/187 466/466/466
f 370/370/370 190/190/190 468/468/468
f 187/187/187 468/468/468 190/190/190
f 468/468/468 372/372/372 370/370/370
f 181/181/181 466/466/466 187/187/187
f 466/466/466 181/181/181 180/180/180
f 460/460/460 445/445/445 463/463/463
f 382/382/382 463/463/463 445/445/445
f 463/463/463 382/382/382 378/378/378
f 178/178/178 462/462/462 180/180/180
f 462/462/462 178/178/178 459/459/459
f 445/445/445 460/460/460 444/444/444
f 451/451/451 444/444/444 460/460/460
f 459/459/459 175/175/175 457/457/457
f 175/175/175 459/459/459 178/178/178
f 174/174/174 457/457/457 175/175/175
f 457/457/457 174/174/174 456/456/456
f 469/469/469 456/456/456 174/174/174
f 456/456/456 469/469/469 470/470/470
f 470/470/470 454/454/454 456/456/456
f 473/473/473 470/470/470 469/469/469
f 471/471/471 472/472/472 470/470/470
f 470/470/470 473/473/473 471/471/471
f 454/454/454 470/470/470 472/472/472
f 474/474/474 471/471/471 473/473/473
f 473/473/473 163/163/163 474/474/474
f 469/469/469 166/166/166 473/473/473
f 163/163/163 473/473/473 166/166/166
f 471/471/471 474/474/474 475/475/475
f 476/476/476 475/475/475 474/474/474
f 162/162/162 474/474/474 163/163/163
f 474/474/474 162/162/162 476/476/476
f 475/475/475 476/476/476 477/477/477
f 477/477/477 476/476/476 478/478/478
f 479/479/479 478/478/478 476/476/476
f 476/476/476 162/162/162 479/479/479
f 160/160/160 479/479/479 162/162/162
f 478/478/478 480/480/480 477/477/477
f 481/481/481 477/477/477 480/480/480
f 480/480/480 482/482/482 481/481/481
f 483/483/483 481/481/481 482/482/482
f 482/482/482 484/484/484 483/483/483
f 485/485/485 483/483/483 484/484/484
f 484/484/484 486/486/486 485/485/485
f 487/487/487 485/485/485 486/486/486
f 486/486/486 488/488/488 487/487/487
f 489/489/489 487/487/487 488/488/488
f 488/488/488 490/490/490 489/489/489
f 491/491/491 489/489/489 490/490/490
f 490/490/490 492/492/492 491/491/491
f 492/492/492 493/493/493 494/494/494
f 494/494/494 491/491/491 492/492/492
f 496/496/496 494/494/494 493/493/493
f 495/495/495 491/491/491 494/494/494
f 494/494/494 497/497/497 495/495/495
f 497/497/497 494/494/494 496/496/496
f 496/496/496 498/498/498 497/497/497
f 500/500/500 495/495/495 497/497/497
f 499/499/499 497/497/497 498/498/498
f 497/497/497 499/499/499 500/500/500
f 502/502/502 500/500/500 499/499/499
f 495/495/495 500/500/500 501/501/501
f 503/503/503 501/501/501 500/500/500
f 500/500/500 502/502/502 503/503/503
f 504/504/504 503/503/503 502/502/502
f 501/501/501 503/503/503 506/506/506
f 503/503/503 504/504/504 505/505/505
f 505/505/505 506/506/506 503/503/503
f 508/508/508 507/507/507 506/506/506
f 509/509/509 506/506/506 507/507/507
f 506/506/506 505/505/505 508/508/508
f 506/506/506 509/509/509 501/501/501
f 507/507/507 510/510/510 509/509/509
f 512/512/512 509/509/509 510/510/510
f 511/511/511 501/501/501 509/509/509
f 509/509/509 512/512/512 511/511/511
f 489/489/489 511/511/511 512/512/512
f 512/512/512 487/487/487 489/489/489
f 510/510/510 513/513/513 512/512/512
f 487/487/487 512/512/512 513/513/513
f 485/485/485 513/513/513 514/514/514
f 513/513/513 485/485/485 487/487/487
f 515/515/515 514/514/514 513/513/513
f 513/513/513 510/510/510 515/515/515
f 517/517/517 515/515/515 510/510/510
f 518/518/518 516/516/516 515/515/515
f 514/514/514 515/515/515 516/516/516
f 515/515/515 517/517/517 518/518/518
f 518/518/518 519/519/519 520/520/520
f 519/519/519 518/518/518 517/517/517
f 520/520/520 521/521/521 518/518/518
f 516/516/516 518/518/518 521/521/521
f 521/521/521 522/522/522 516/516/516
f 522/522/522 521/521/521 523/523/523
f 524/524/524 523/523/523 521/521/521
f 521/521/521 520/520/520 524/524/524
f 523/523/523 524/524/524 453/453/453
f 525/525/525 524/524/524 520/520/520
f 450/450/450 453/453/453 524/524/524
f 524/524/524 525/525/525 450/450/450
f 447/447/447 450/450/450 525/525/525
f 525/525/525 526/526/526 447/447/447
f 526/526/526 525/525/525 527/527/527
f 520/520/520 527/527/527 525/525/525
f 519/519/519 431/431/431 527/527/527
f 527/527/527 520/520/520 519/519/519
f 432/432/432 527/527/527 431/431/431
f 527/527/527 432/432/432 526/526/526
f 448/448/448 447/447/447 526/526/526
f 526/526/526 434/434/434 448/448/448
f 434/434/434 526/526/526 432/432/432
f 528/528/528 523/523/523 472/472/472
f 523/523/523 528/528/528 522/522/522
f 453/453/453 472/472/472 523/523/523
f 475/475/475 528/528/528 471/471/471
f 528/528/528 475/475/475 529/529/529
f 529/529/529 522/522/522 528/528/528
f 472/472/472 471/471/471 528/528/528
f 477/477/477 529/529/529 475/475/475
f 529/529/529 477/477/477 481/481/481
f 522/522/522 529/529/529 530/530/530
f 481/481/481 530/530/530 529/529/529
f 483/483/483 514/514/514 530/530/530
f 530/530/530 481/481/481 483/483/483
f 530/530/530 516/516/516 522/522/522
f 516/516/516 530/530/530 514/514/514
f 431/431/431 519/519/519 531/531/531
f 517/517/517 531/531/531 519/519/519
f 531/531/531 429/429/429 431/431/431
f 429/429/429 531/531/531 508/508/508
f 507/507/507 508/508/508 531/531/531
f 531/531/531 517/517/517 507/507/507
f 510/510/510 507/507/507 517/517/517
f 514/514/514 483/483/483 485/485/485
f 511/511/511 489/489/489 491/491/491
f 491/491/491 495/495/495 511/511/511
f 501/501/501 511/511/511 495/495/495
f 428/428/428 508/508/508 505/505/505
f 508/508/508 428/428/428 429/429/429
f 532/532/532 505/505/505 504/504/504
f 505/505/505 532/532/532 428/428/428
f 504/504/504 533/533/533 532/532/532
f 422/422/422 532/532/532 533/533/533
f 424/424/424 428/428/428 532/532/532
f 532/532/532 422/422/422 424/424/424
f 420/420/420 533/533/533 534/534/534
f 535/535/535 534/534/534 533/533/533
f 533/533/533 504/504/504 535/535/535
f 533/533/533 420/420/420 422/422/422
f 502/502/502 535/535/535 504/504/504
f 535/535/535 502/502/502 537/537/537
f 534/534/534 535/535/535 536/536/536
f 537/537/537 536/536/536 535/535/535
f 538/538/538 539/539/539 537/537/537
f 537/537/537 499/499/499 538/538/538
f 499/499/499 537/537/537 502/502/502
f 536/536/536 537/537/537 539/539/539
f 539/539/539 540/540/540 536/536/536
f 541/541/541 536/536/536 540/540/540
f 540/540/540 542/542/542 541/541/541
f 542/542/542 543/543/543 544/544/544
f 544/544/544 541/541/541 542/542/542
f 545/545/545 544/544/544 543/543/543
f 416/416/416 419/419/419 544/544/544
f 541/541/541 544/544/544 419/419/419
f 544/544/544 545/545/545 416/416/416
f 543/543/543 546/546/546 545/545/545
f 547/547/547 545/545/545 546/546/546
f 417/417/417 416/416/416 545/545/545
f 545/545/545 547/547/547 417/417/417
f 549/549/549 547/547/547 548/548/548
f 546/546/546 548/548/548 547/547/547
f 550/550/550 417/417/417 547/547/547
f 547/547/547 549/549/549 550/550/550
f 552/552/552 414/414/414 550/550/550
f 417/417/417 550/550/550 414/414/414
f 550/550/550 551/551/551 552/552/552
f 551/551/551 550/550/550 549/549/549
f 554/554/554 410/410/410 552/552/552
f 414/414/414 552/552/552 410/410/410
f 552/552/552 553/553/553 554/554/554
f 553/553/553 552/552/552 551/551/551
f 410/410/410 554/554/554 411/411/411
f 551/551/551 555/555/555 553/553/553
f 557/557/557 556/556/556 555/555/555
f 555/555/555 551/551/551 557/557/557
f 556/556/556 557/557/557 558/558/558
f 559/559/559 558/558/558 557/557/557
f 549/549/549 557/557/557 551/551/551
f 557/557/557 549/549/549 559/559/559
f 548/548/548 559/559/559 549/549/549
f 558/558/558 560/560/560 556/556/556
f 536/536/536 541/541/541 534/534/534
f 419/419/419 534/534/534 541/541/541
f 498/498/498 538/538/538 499/499/499
f 534/534/534 419/419/419 420/420/420
f 493/493/493 561/561/561 496/496/496
f 472/472/472 453/453/453 454/454/454
f 174/174/174 169/169/169 469/469/469
f 166/166/166 469/469/469 169/169/169
f 437/437/437 448/448/448 434/434/434
f 448/448/448 437/437/437 440/440/440
f 445/445/445 442/442/442 382/382/382
f 381/381/381 382/382/382 442/442/442
f 442/442/442 385/385/385 381/381/381
f 426/426/426 402/402/402 435/435/435
f 395/395/395 435/435/435 402/402/402
f 435/435/435 395/395/395 396/396/396
f 404/404/404 405/405/405 413/413/413
f 398/398/398 408/408/408 399/399/399
f 190/190/190 370/370/370 193/193/193
f 165/165/165 156/156/156 158/158/158
f 564/564/564 562/562/562 563/563/563
f 562/562/562 564/564/564 566/566/566
f 566/566/566 565/565/565 562/562/562
f 568/568/568 567/567/567 566/566/566
f 565/565/565 566/566/566 567/567/567
f 566/566/566 569/569/569 568/568/568
f 569/569/569 566/566/566 564/564/564
f 571/571/571 569/569/569 570/570/570
f 564/564/564 570/570/570 569/569/569
f 569/569/569 571/571/571 572/572/572
f 572/572/572 568/568/568 569/569/569
f 572/572/572 574/574/574 573/573/573
f 573/573/573 575/575/575 572/572/572
f 574/574/574 572/572/572 571/571/571
f 568/568/568 572/572/572 575/575/575
f 575/575/575 576/576/576 568/568/568
f 576/576/576 575/575/575 577/577/577
f 578/578/578 577/577/577 575/575/575
f 575/575/575 573/573/573 578/578/578
f 580/580/580 579/579/579 578/578/578
f 577/577/577 578/578/578 579/579/579
f 581/581/581 578/578/578 573/573/573
f 578/578/578 581/581/581 580/580/580
f 573/573/573 582/582/582 581/581/581
f 584/584/584 581/581/581 582/582/582
f 581/581/581 584/584/584 583/583/583
f 583/583/583 580/580/580 581/581/581
f 587/587/587 583/583/583 584/584/584
f 586/586/586 584/584/584 585/585/585
f 582/582/582 585/585/585 584/584/584
f 584/584/584 586/586/586 587/587/587
f 583/583/583 587/587/587 588/588/588
f 590/590/590 587/587/587 586/586/586
f 589/589/589 588/588/588 587/587/587
f 587/587/587 590/590/590 589/589/589
f 593/593/593 590/590/590 591/591/591
f 586/586/586 591/591/591 590/590/590
f 590/590/590 593/593/593 592/592/592
f 592/592/592 589/589/589 590/590/590
f 595/595/595 592/592/592 593/593/593
f 591/591/591 594/594/594 593/593/593
f 596/596/596 593/593/593 594/594/594
f 593/593/593 596/596/596 595/595/595
f 598/598/598 595/595/595 596/596/596
f 599/599/599 596/596/596 597/597/597
f 594/594/594 597/597/597 596/596/596
f 596/596/596 599/599/599 598/598/598
f 597/597/597 602/602/602 599/599/599
f 600/600/600 598/598/598 599/599/599
f 599/599/599 601/601/601 600/600/600
f 601/601/601 599/599/599 602/602/602
f 604/604/604 602/602/602 603/603/603
f 605/605/605 603/603/603 602/602/602
f 602/602/602 604/604/604 601/601/601
f 602/602/602 597/597/597 605/605/605
f 605/605/605 606/606/606 607/607/607
f 606/606/606 605/605/605 597/597/597
f 607/607/607 608/608/608 605/605/605
f 603/603/603 605/605/605 608/608/608
f 608/608/608 607/607/607 609/609/609
f 609/609/609 610/610/610 608/608/608
f 611/611/611 608/608/608 610/610/610
f 608/608/608 611/611/611 603/603/603
f 610/610/610 612/612/612 611/611/611
f 613/613/613 603/603/603 611/611/611
f 614/614/614 611/611/611 612/612/612
f 611/611/611 614/614/614 613/613/613
f 612/612/612 615/615/615 614/614/614
f 617/617/617 616/616/616 615/615/615
f 615/615/615 612/612/612 617/617/617
f 617/617/617 618/618/618 619/619/619
f 618/618/618 617/617/617 612/612/612
f 619/619/619 620/620/620 617/617/617
f 616/616/616 617/617/617 620/620/620
f 622/622/622 620/620/620 621/621/621
f 623/623/623 621/621/621 620/620/620
f 620/620/620 622/622/622 616/616/616
f 620/620/620 619/619/619 623/623/623
f 623/623/623 624/624/624 626/626/626
f 624/624/624 623/623/623 619/619/619
f 621/621/621 623/623/623 625/625/625
f 626/626/626 625/625/625 623/623/623
f 626/626/626 627/627/627 628/628/628
f 627/627/627 626/626/626 624/624/624
f 628/628/628 629/629/629 626/626/626
f 625/625/625 626/626/626 629/629/629
f 631/631/631 629/629/629 630/630/630
f 632/632/632 630/630/630 629/629/629
f 629/629/629 631/631/631 625/625/625
f 629/629/629 628/628/628 632/632/632
f 633/633/633 634/634/634 632/632/632
f 632/632/632 635/635/635 633/633/633
f 635/635/635 632/632/632 628/628/628
f 630/630/630 632/632/632 634/634/634
f 636/636/636 633/633/633 635/635/635
f 635/635/635 637/637/637 636/636/636
f 637/637/637 635/635/635 638/638/638
f 628/628/628 638/638/638 635/635/635
f 638/638/638 640/640/640 637/637/637
f 627/627/627 639/639/639 638/638/638
f 640/640/640 638/638/638 639/639/639
f 638/638/638 628/628/628 627/627/627
f 639/639/639 641/641/641 640/640/640
f 642/642/642 640/640/640 641/641/641
f 640/640/640 642/642/642 643/643/643
f 643/643/643 637/637/637 640/640/640
f 646/646/646 643/643/643 642/642/642
f 644/644/644 645/645/645 643/643/643
f 643/643/643 646/646/646 644/644/644
f 637/637/637 643/643/643 645/645/645
f 647/647/647 644/644/644 646/646/646
f 646/646/646 648/648/648 647/647/647
f 648/648/648 646/646/646 649/649/649
f 642/642/642 649/649/649 646/646/646
f 649/649/649 650/650/650 648/648/648
f 650/650/650 649/649/649 651/651/651
f 652/652/652 651/651/651 649/649/649
f 649/649/649 642/642/642 652/652/652
f 651/651/651 652/652/652 653/653/653
f 654/654/654 653/653/653 652/652/652
f 641/641/641 652/652/652 642/642/642
f 652/652/652 641/641/641 654/654/654
f 656/656/656 654/654/654 641/641/641
f 654/654/654 656/656/656 655/655/655
f 655/655/655 657/657/657 654/654/654
f 653/653/653 654/654/654 657/657/657
f 657/657/657 658/658/658 653/653/653
f 658/658/658 657/657/657 659/659/659
f 660/660/660 659/659/659 657/657/657
f 657/657/657 655/655/655 660/660/660
f 662/662/662 661/661/661 660/660/660
f 659/659/659 660/660/660 661/661/661
f 663/663/663 660/660/660 655/655/655
f 660/660/660 663/663/663 662/662/662
f 609/609/609 662/662/662 663/663/663
f 665/665/665 663/663/663 664/664/664
f 655/655/655 664/664/664 663/663/663
f 663/663/663 665/665/665 609/609/609
f 665/665/665 618/618/618 610/610/610
f 610/610/610 609/609/609 665/665/665
f 618/618/618 665/665/665 666/666/666
f 664/664/664 666/666/666 665/665/665
f 667/667/667 624/624/624 666/666/666
f 666/666/666 664/664/664 667/667/667
f 619/619/619 666/666/666 624/624/624
f 666/666/666 619/619/619 618/618/618
f 624/624/624 667/667/667 627/627/627
f 639/639/639 627/627/627 667/667/667
f 667/667/667 656/656/656 639/639/639
f 656/656/656 667/667/667 664/664/664
f 664/664/664 655/655/655 656/656/656
f 661/661/661 662/662/662 668/668/668
f 607/607/607 668/668/668 662/662/662
f 662/662/662 609/609/609 607/607/607
f 669/669/669 668/668/668 670/670/670
f 668/668/668 669/669/669 661/661/661
f 606/606/606 670/670/670 668/668/668
f 668/668/668 607/607/607 606/606/606
f 670/670/670 671/671/671 669/669/669
f 671/671/671 670/670/670 591/591/591
f 594/594/594 591/591/591 670/670/670
f 670/670/670 606/606/606 594/594/594
f 672/672/672 669/669/669 671/671/671
f 591/591/591 586/586/586 671/671/671
f 671/671/671 585/585/585 672/672/672
f 585/585/585 671/671/671 586/586/586
f 669/669/669 672/672/672 673/673/673
f 675/675/675 673/673/673 672/672/672
f 672/672/672 674/674/674 675/675/675
f 674/674/674 672/672/672 585/585/585
f 676/676/676 678/678/678 675/675/675
f 675/675/675 677/677/677 676/676/676
f 677/677/677 675/675/675 674/674/674
f 673/673/673 675/675/675 678/678/678
f 659/659/659 678/678/678 658/658/658
f 679/679/679 658/658/658 678/678/678
f 678/678/678 659/659/659 673/673/673
f 678/678/678 676/676/676 679/679/679
f 658/658/658 679/679/679 680/680/680
f 682/682/682 680/680/680 679/679/679
f 681/681/681 679/679/679 676/676/676
f 679/679/679 681/681/681 682/682/682
f 683/683/683 684/684/684 682/682/682
f 682/682/682 685/685/685 683/683/683
f 685/685/685 682/682/682 681/681/681
f 680/680/680 682/682/682 684/684/684
f 685/685/685 686/686/686 688/688/688
f 686/686/686 685/685/685 687/687/687
f 681/681/681 687/687/687 685/685/685
f 688/688/688 683/683/683 685/685/685
f 689/689/689 688/688/688 686/686/686
f 688/688/688 689/689/689 690/690/690
f 690/690/690 691/691/691 688/688/688
f 683/683/683 688/688/688 691/691/691
f 691/691/691 690/690/690 692/692/692
f 692/692/692 693/693/693 691/691/691
f 694/694/694 691/691/691 693/693/693
f 691/691/691 694/694/694 683/683/683
f 684/684/684 683/683/683 694/694/694
f 693/693/693 695/695/695 694/694/694
f 650/650/650 694/694/694 695/695/695
f 694/694/694 650/650/650 684/684/684
f 696/696/696 697/697/697 695/695/695
f 695/695/695 693/693/693 696/696/696
f 648/648/648 695/695/695 697/697/697
f 695/695/695 648/648/648 650/650/650
f 647/647/647 697/697/697 698/698/698
f 699/699/699 698/698/698 697/697/697
f 697/697/697 647/647/647 648/648/648
f 697/697/697 696/696/696 699/699/699
f 700/700/700 699/699/699 696/696/696
f 699/699/699 700/700/700 701/701/701
f 701/701/701 702/702/702 699/699/699
f 698/698/698 699/699/699 702/702/702
f 702/702/702 701/701/701 703/703/703
f 703/703/703 704/704/704 702/702/702
f 705/705/705 702/702/702 704/704/704
f 702/702/702 705/705/705 698/698/698
f 704/704/704 706/706/706 705/705/705
f 707/707/707 698/698/698 705/705/705
f 708/708/708 705/705/705 706/706/706
f 705/705/705 708/708/708 707/707/707
f 706/706/706 709/709/709 708/708/708
f 710/710/710 707/707/707 708/708/708
f 711/711/711 708/708/708 709/709/709
f 708/708/708 711/711/711 710/710/710
f 709/709/709 712/712/712 711/711/711
f 714/714/714 711/711/711 712/712/712
f 711/711/711 714/714/714 713/713/713
f 713/713/713 710/710/710 711/711/711
f 716/716/716 713/713/713 714/714/714
f 717/717/717 714/714/714 715/715/715
f 712/712/712 715/715/715 714/714/714
f 714/714/714 717/717/717 716/716/716
f 719/719/719 717/717/717 718/718/718
f 715/715/715 718/718/718 717/717/717
f 717/717/717 719/719/719 720/720/720
f 720/720/720 716/716/716 717/717/717
f 634/634/634 633/633/633 720/720/720
f 716/716/716 720/720/720 633/633/633
f 721/721/721 720/720/720 719/719/719
f 720/720/720 721/721/721 634/634/634
f 723/723/723 634/634/634 721/721/721
f 719/719/719 722/722/722 721/721/721
f 724/724/724 721/721/721 722/722/722
f 721/721/721 724/724/724 723/723/723
f 722/722/722 725/725/725 724/724/724
f 727/727/727 724/724/724 725/725/725
f 724/724/724 727/727/727 726/726/726
f 726/726/726 723/723/723 724/724/724
f 728/728/728 726/726/726 727/727/727
f 727/727/727 730/730/730 728/728/728
f 730/730/730 727/727/727 729/729/729
f 725/725/725 729/729/729 727/727/727
f 733/733/733 730/730/730 731/731/731
f 729/729/729 731/731/731 730/730/730
f 730/730/730 733/733/733 732/732/732
f 732/732/732 728/728/728 730/730/730
f 731/731/731 734/734/734 733/733/733
f 735/735/735 736/736/736 734/734/734
f 734/734/734 731/731/731 735/735/735
f 736/736/736 735/735/735 737/737/737
f 737/737/737 738/738/738 736/736/736
f 739/739/739 737/737/737 735/735/735
f 740/740/740 739/739/739 741/741/741
f 735/735/735 741/741/741 739/739/739
f 741/741/741 742/742/742 740/740/740
f 741/741/741 735/735/735 731/731/731
f 731/731/731 729/729/729 741/741/741
f 742/742/742 741/741/741 729/729/729
f 742/742/742 743/743/743 744/744/744
f 743/743/743 742/742/742 725/725/725
f 729/729/729 725/725/725 742/742/742
f 744/744/744 740/740/740 742/742/742
f 745/745/745 744/744/744 743/743/743
f 743/743/743 746/746/746 745/745/745
f 747/747/747 745/745/745 746/746/746
f 746/746/746 718/718/718 747/747/747
f 748/748/748 747/747/747 718/718/718
f 718/718/718 715/715/715 748/748/748
f 749/749/749 748/748/748 715/715/715
f 750/750/750 749/749/749 712/712/712
f 715/715/715 712/712/712 749/749/749
f 712/712/712 709/709/709 750/750/750
f 751/751/751 750/750/750 709/709/709
f 752/752/752 751/751/751 706/706/706
f 709/709/709 706/706/706 751/751/751
f 753/753/753 752/752/752 704/704/704
f 706/706/706 704/704/704 752/752/752
f 704/704/704 703/703/703 753/753/753
f 722/722/722 719/719/719 746/746/746
f 718/718/718 746/746/746 719/719/719
f 746/746/746 743/743/743 722/722/722
f 725/725/725 722/722/722 743/743/743
f 728/728/728 732/732/732 754/754/754
f 756/756/756 754/754/754 755/755/755
f 754/754/754 756/756/756 728/728/728
f 757/757/757 756/756/756 758/758/758
f 756/756/756 757/757/757 726/726/726
f 726/726/726 728/728/728 756/756/756
f 755/755/755 758/758/758 756/756/756
f 758/758/758 631/631/631 757/757/757
f 760/760/760 759/759/759 758/758/758
f 631/631/631 758/758/758 759/759/759
f 758/758/758 755/755/755 760/760/760
f 759/759/759 760/760/760 761/761/761
f 761/761/761 621/621/621 759/759/759
f 621/621/621 761/761/761 622/622/622
f 759/759/759 625/625/625 631/631/631
f 625/625/625 759/759/759 621/621/621
f 723/723/723 726/726/726 757/757/757
f 630/630/630 757/757/757 631/631/631
f 757/757/757 630/630/630 723/723/723
f 634/634/634 723/723/723 630/630/630
f 633/633/633 636/636/636 716/716/716
f 713/713/713 716/716/716 636/636/636
f 636/636/636 645/645/645 713/713/713
f 710/710/710 713/713/713 645/645/645
f 645/645/645 644/644/644 710/710/710
f 707/707/707 710/710/710 644/644/644
f 698/698/698 707/707/707 647/647/647
f 644/644/644 647/647/647 707/707/707
f 696/696/696 762/762/762 700/700/700
f 762/762/762 696/696/696 693/693/693
f 693/693/693 692/692/692 762/762/762
f 686/686/686 763/763/763 689/689/689
f 763/763/763 686/686/686 764/764/764
f 764/764/764 563/563/563 763/763/763
f 563/563/563 764/764/764 564/564/564
f 687/687/687 764/764/764 686/686/686
f 764/764/764 687/687/687 570/570/570
f 570/570/570 564/564/564 764/764/764
f 765/765/765 570/570/570 687/687/687
f 687/687/687 681/681/681 765/765/765
f 570/570/570 765/765/765 571/571/571
f 677/677/677 571/571/571 765/765/765
f 676/676/676 765/765/765 681/681/681
f 765/765/765 676/676/676 677/677/677
f 651/651/651 684/684/684 650/650/650
f 684/684/684 651/651/651 680/680/680
f 653/653/653 680/680/680 651/651/651
f 680/680/680 653/653/653 658/658/658
f 571/571/571 677/677/677 574/574/574
f 674/674/674 574/574/574 677/677/677
f 574/574/574 674/674/674 582/582/582
f 585/585/585 582/582/582 674/674/674
f 661/661/661 673/673/673 659/659/659
f 673/673/673 661/661/661 669/669/669
f 641/641/641 639/639/639 656/656/656
f 645/645/645 636/636/636 637/637/637
f 612/612/612 610/610/610 618/618/618
f 603/603/603 613/613/613 604/604/604
f 597/597/597 594/594/594 606/606/606
f 598/598/598 600/600/600 766/766/766
f 766/766/766 768/768/768 598/598/598
f 768/768/768 766/766/766 767/767/767
f 768/768/768 769/769/769 595/595/595
f 769/769/769 768/768/768 770/770/770
f 595/595/595 598/598/598 768/768/768
f 767/767/767 770/770/770 768/768/768
f 770/770/770 771/771/771 769/769/769
f 771/771/771 770/770/770 773/773/773
f 770/770/770 767/767/767 772/772/772
f 772/772/772 773/773/773 770/770/770
f 773/773/773 772/772/772 774/774/774
f 774/774/774 776/776/776 773/773/773
f 773/773/773 775/775/775 771/771/771
f 775/775/775 773/773/773 776/776/776
f 776/776/776 777/777/777 775/775/775
f 777/777/777 776/776/776 778/778/778
f 779/779/779 778/778/778 776/776/776
f 776/776/776 774/774/774 779/779/779
f 778/778/778 779/779/779 780/780/780
f 782/782/782 780/780/780 781/781/781
f 780/780/780 782/782/782 778/778/778
f 781/781/781 783/783/783 782/782/782
f 785/785/785 782/782/782 783/783/783
f 784/784/784 778/778/778 782/782/782
f 782/782/782 785/785/785 784/784/784
f 785/785/785 786/786/786 788/788/788
f 786/786/786 785/785/785 787/787/787
f 783/783/783 787/787/787 785/785/785
f 788/788/788 784/784/784 785/785/785
f 784/784/784 788/788/788 789/789/789
f 791/791/791 789/789/789 788/788/788
f 790/790/790 788/788/788 786/786/786
f 788/788/788 790/790/790 791/791/791
f 793/793/793 791/791/791 790/790/790
f 789/789/789 791/791/791 792/792/792
f 794/794/794 792/792/792 791/791/791
f 791/791/791 793/793/793 794/794/794
f 796/796/796 794/794/794 793/793/793
f 795/795/795 797/797/797 794/794/794
f 794/794/794 796/796/796 795/795/795
f 792/792/792 794/794/794 797/797/797
f 798/798/798 799/799/799 797/797/797
f 797/797/797 795/795/795 798/798/798
f 800/800/800 797/797/797 799/799/799
f 797/797/797 800/800/800 792/792/792
f 799/799/799 801/801/801 800/800/800
f 802/802/802 792/792/792 800/800/800
f 803/803/803 800/800/800 801/801/801
f 800/800/800 803/803/803 802/802/802
f 775/775/775 802/802/802 803/803/803
f 803/803/803 771/771/771 775/775/775
f 771/771/771 803/803/803 804/804/804
f 801/801/801 804/804/804 803/803/803
f 804/804/804 801/801/801 589/589/589
f 769/769/769 804/804/804 592/592/592
f 589/589/589 592/592/592 804/804/804
f 804/804/804 769/769/769 771/771/771
f 792/792/792 802/802/802 789/789/789
f 777/777/777 789/789/789 802/802/802
f 802/802/802 775/775/775 777/777/777
f 801/801/801 799/799/799 588/588/588
f 588/588/588 589/589/589 801/801/801
f 805/805/805 588/588/588 799/799/799
f 799/799/799 798/798/798 805/805/805
f 805/805/805 806/806/806 580/580/580
f 806/806/806 805/805/805 798/798/798
f 580/580/580 583/583/583 805/805/805
f 588/588/588 805/805/805 583/583/583
f 579/579/579 580/580/580 806/806/806
f 798/798/798 807/807/807 806/806/806
f 806/806/806 808/808/808 579/579/579
f 808/808/808 806/806/806 807/807/807
f 807/807/807 809/809/809 808/808/808
f 810/810/810 808/808/808 809/809/809
f 808/808/808 810/810/810 811/811/811
f 811/811/811 579/579/579 808/808/808
f 812/812/812 577/577/577 811/811/811
f 811/811/811 813/813/813 812/812/812
f 813/813/813 811/811/811 810/810/810
f 579/579/579 811/811/811 577/577/577
f 814/814/814 812/812/812 813/813/813
f 810/810/810 815/815/815 813/813/813
f 813/813/813 816/816/816 814/814/814
f 816/816/816 813/813/813 815/815/815
f 815/815/815 817/817/817 816/816/816
f 818/818/818 816/816/816 817/817/817
f 816/816/816 818/818/818 819/819/819
f 819/819/819 814/814/814 816/816/816
f 814/814/814 819/819/819 820/820/820
f 820/820/820 821/821/821 814/814/814
f 821/821/821 820/820/820 822/822/822
f 567/567/567 822/822/822 565/565/565
f 822/822/822 567/567/567 821/821/821
f 812/812/812 814/814/814 821/821/821
f 576/576/576 821/821/821 567/567/567
f 821/821/821 576/576/576 812/812/812
f 817/817/817 823/823/823 818/818/818
f 823/823/823 817/817/817 824/824/824
f 824/824/824 825/825/825 823/823/823
f 825/825/825 824/824/824 827/827/827
f 827/827/827 826/826/826 825/825/825
f 829/829/829 828/828/828 827/827/827
f 826/826/826 827/827/827 828/828/828
f 830/830/830 827/827/827 824/824/824
f 827/827/827 830/830/830 829/829/829
f 824/824/824 831/831/831 830/830/830
f 833/833/833 830/830/830 831/831/831
f 832/832/832 829/829/829 830/830/830
f 830/830/830 833/833/833 832/832/832
f 835/835/835 832/832/832 833/833/833
f 831/831/831 834/834/834 833/833/833
f 836/836/836 833/833/833 834/834/834
f 833/833/833 836/836/836 835/835/835
f 838/838/838 836/836/836 809/809/809
f 834/834/834 809/809/809 836/836/836
f 836/836/836 838/838/838 837/837/837
f 837/837/837 835/835/835 836/836/836
f 796/796/796 837/837/837 838/838/838
f 809/809/809 807/807/807 838/838/838
f 795/795/795 838/838/838 807/807/807
f 838/838/838 795/795/795 796/796/796
f 840/840/840 839/839/839 837/837/837
f 835/835/835 837/837/837 839/839/839
f 837/837/837 796/796/796 840/840/840
f 839/839/839 840/840/840 841/841/841
f 842/842/842 841/841/841 840/840/840
f 793/793/793 840/840/840 796/796/796
f 840/840/840 793/793/793 842/842/842
f 841/841/841 842/842/842 844/844/844
f 842/842/842 790/790/790 843/843/843
f 843/843/843 844/844/844 842/842/842
f 790/790/790 842/842/842 793/793/793
f 844/844/844 847/847/847 841/841/841
f 846/846/846 845/845/845 844/844/844
f 847/847/847 844/844/844 845/845/845
f 844/844/844 843/843/843 846/846/846
f 848/848/848 841/841/841 847/847/847
f 847/847/847 849/849/849 848/848/848
f 849/849/849 847/847/847 850/850/850
f 845/845/845 850/850/850 847/847/847
f 850/850/850 851/851/851 849/849/849
f 851/851/851 850/850/850 852/852/852
f 853/853/853 852/852/852 850/850/850
f 850/850/850 845/845/845 853/853/853
f 853/853/853 855/855/855 854/854/854
f 854/854/854 856/856/856 853/853/853
f 855/855/855 853/853/853 845/845/845
f 852/852/852 853/853/853 856/856/856
f 856/856/856 857/857/857 852/852/852
f 857/857/857 856/856/856 858/858/858
f 859/859/859 858/858/858 856/856/856
f 856/856/856 854/854/854 859/859/859
f 862/862/862 859/859/859 854/854/854
f 861/861/861 860/860/860 859/859/859
f 858/858/858 859/859/859 860/860/860
f 859/859/859 862/862/862 861/861/861
f 864/864/864 861/861/861 862/862/862
f 854/854/854 863/863/863 862/862/862
f 865/865/865 862/862/862 863/863/863
f 862/862/862 865/865/865 864/864/864
f 867/867/867 864/864/864 865/865/865
f 863/863/863 866/866/866 865/865/865
f 868/868/868 865/865/865 866/866/866
f 865/865/865 868/868/868 867/867/867
f 866/866/866 869/869/869 868/868/868
f 871/871/871 868/868/868 869/869/869
f 868/868/868 871/871/871 870/870/870
f 870/870/870 867/867/867 868/868/868
f 869/869/869 872/872/872 871/871/871
f 872/872/872 869/869/869 874/874/874
f 874/874/874 873/873/873 872/872/872
f 874/874/874 875/875/875 787/787/787
f 875/875/875 874/874/874 869/869/869
f 787/787/787 783/783/783 874/874/874
f 873/873/873 874/874/874 783/783/783
f 869/869/869 866/866/866 875/875/875
f 877/877/877 875/875/875 866/866/866
f 876/876/876 787/787/787 875/875/875
f 875/875/875 877/877/877 876/876/876
f 846/846/846 876/876/876 877/877/877
f 866/866/866 863/863/863 877/877/877
f 855/855/855 877/877/877 863/863/863
f 877/877/877 855/855/855 846/846/846
f 843/843/843 786/786/786 876/876/876
f 876/876/876 846/846/846 843/843/843
f 787/787/787 876/876/876 786/786/786
f 783/783/783 781/781/781 873/873/873
f 867/867/867 870/870/870 878/878/878
f 880/880/880 878/878/878 879/879/879
f 878/878/878 880/880/880 867/867/867
f 879/879/879 881/881/881 880/880/880
f 882/882/882 880/880/880 881/881/881
f 880/880/880 882/882/882 864/864/864
f 864/864/864 867/867/867 880/880/880
f 861/861/861 864/864/864 882/882/882
f 882/882/882 884/884/884 861/861/861
f 881/881/881 883/883/883 882/882/882
f 884/884/884 882/882/882 883/883/883
f 884/884/884 885/885/885 860/860/860
f 885/885/885 884/884/884 886/886/886
f 883/883/883 886/886/886 884/884/884
f 860/860/860 861/861/861 884/884/884
f 886/886/886 889/889/889 885/885/885
f 886/886/886 883/883/883 887/887/887
f 887/887/887 888/888/888 886/886/886
f 889/889/889 886/886/886 888/888/888
f 889/889/889 890/890/890 892/892/892
f 890/890/890 889/889/889 891/891/891
f 888/888/888 891/891/891 889/889/889
f 892/892/892 885/885/885 889/889/889
f 892/892/892 893/893/893 894/894/894
f 893/893/893 892/892/892 890/890/890
f 885/885/885 892/892/892 895/895/895
f 894/894/894 895/895/895 892/892/892
f 895/895/895 894/894/894 896/896/896
f 860/860/860 895/895/895 858/858/858
f 896/896/896 858/858/858 895/895/895
f 895/895/895 860/860/860 885/885/885
f 897/897/897 896/896/896 894/894/894
f 896/896/896 897/897/897 898/898/898
f 898/898/898 857/857/857 896/896/896
f 858/858/858 896/896/896 857/857/857
f 899/899/899 901/901/901 898/898/898
f 898/898/898 900/900/900 899/899/899
f 900/900/900 898/898/898 897/897/897
f 857/857/857 898/898/898 901/901/901
f 852/852/852 901/901/901 851/851/851
f 902/902/902 851/851/851 901/901/901
f 901/901/901 852/852/852 857/857/857
f 901/901/901 899/899/899 902/902/902
f 902/902/902 903/903/903 904/904/904
f 903/903/903 902/902/902 899/899/899
f 904/904/904 905/905/905 902/902/902
f 851/851/851 902/902/902 905/905/905
f 849/849/849 905/905/905 906/906/906
f 907/907/907 906/906/906 905/905/905
f 905/905/905 849/849/849 851/851/851
f 905/905/905 904/904/904 907/907/907
f 907/907/907 908/908/908 909/909/909
f 908/908/908 907/907/907 904/904/904
f 909/909/909 910/910/910 907/907/907
f 906/906/906 907/907/907 910/910/910
f 911/911/911 910/910/910 832/832/832
f 829/829/829 832/832/832 910/910/910
f 910/910/910 911/911/911 906/906/906
f 910/910/910 909/909/909 829/829/829
f 848/848/848 906/906/906 911/911/911
f 832/832/832 835/835/835 911/911/911
f 839/839/839 911/911/911 835/835/835
f 911/911/911 839/839/839 848/848/848
f 909/909/909 912/912/912 828/828/828
f 912/912/912 909/909/909 908/908/908
f 828/828/828 829/829/829 909/909/909
f 913/913/913 828/828/828 912/912/912
f 912/912/912 915/915/915 913/913/913
f 908/908/908 914/914/914 912/912/912
f 915/915/915 912/912/912 914/914/914
f 914/914/914 916/916/916 915/915/915
f 916/916/916 914/914/914 918/918/918
f 918/918/918 917/917/917 916/916/916
f 917/917/917 918/918/918 919/919/919
f 920/920/920 919/919/919 918/918/918
f 921/921/921 918/918/918 914/914/914
f 918/918/918 921/921/921 920/920/920
f 914/914/914 908/908/908 921/921/921
f 903/903/903 920/920/920 921/921/921
f 904/904/904 921/921/921 908/908/908
f 921/921/921 904/904/904 903/903/903
f 919/919/919 920/920/920 922/922/922
f 923/923/923 922/922/922 920/920/920
f 920/920/920 903/903/903 923/923/923
f 900/900/900 924/924/924 923/923/923
f 922/922/922 923/923/923 924/924/924
f 899/899/899 923/923/923 903/903/903
f 923/923/923 899/899/899 900/900/900
f 924/924/924 925/925/925 922/922/922
f 925/925/925 924/924/924 927/927/927
f 924/924/924 900/900/900 926/926/926
f 926/926/926 927/927/927 924/924/924
f 927/927/927 930/930/930 925/925/925
f 929/929/929 928/928/928 927/927/927
f 930/930/930 927/927/927 928/928/928
f 927/927/927 926/926/926 929/929/929
f 930/930/930 931/931/931 933/933/933
f 931/931/931 930/930/930 932/932/932
f 928/928/928 932/932/932 930/930/930
f 933/933/933 925/925/925 930/930/930
f 934/934/934 933/933/933 931/931/931
f 933/933/933 934/934/934 935/935/935
f 935/935/935 936/936/936 933/933/933
f 925/925/925 933/933/933 936/936/936
f 936/936/936 922/922/922 925/925/925
f 922/922/922 936/936/936 919/919/919
f 937/937/937 919/919/919 936/936/936
f 936/936/936 935/935/935 937/937/937
f 919/919/919 937/937/937 917/917/917
f 931/931/931 938/938/938 934/934/934
f 940/940/940 939/939/939 938/938/938
f 938/938/938 931/931/931 940/940/940
f 942/942/942 941/941/941 940/940/940
f 939/939/939 940/940/940 941/941/941
f 932/932/932 940/940/940 931/931/931
f 940/940/940 932/932/932 942/942/942
f 941/941/941 942/942/942 945/945/945
f 944/944/944 942/942/942 932/932/932
f 942/942/942 944/944/944 943/943/943
f 943/943/943 945/945/945 942/942/942
f 945/945/945 946/946/946 941/941/941
f 946/946/946 945/945/945 947/947/947
f 948/948/948 947/947/947 945/945/945
f 945/945/945 943/943/943 948/948/948
f 950/950/950 948/948/948 943/943/943
f 948/948/948 950/950/950 949/949/949
f 949/949/949 951/951/951 948/948/948
f 947/947/947 948/948/948 951/951/951
f 951/951/951 954/954/954 947/947/947
f 953/953/953 952/952/952 951/951/951
f 954/954/954 951/951/951 952/952/952
f 951/951/951 949/949/949 953/953/953
f 955/955/955 947/947/947 954/954/954
f 954/954/954 957/957/957 955/955/955
f 952/952/952 956/956/956 954/954/954
f 957/957/957 954/954/954 956/956/956
f 957/957/957 958/958/958 960/960/960
f 958/958/958 957/957/957 959/959/959
f 956/956/956 959/959/959 957/957/957
f 960/960/960 955/955/955 957/957/957
f 955/955/955 960/960/960 961/961/961
f 946/946/946 961/961/961 962/962/962
f 961/961/961 946/946/946 955/955/955
f 962/962/962 941/941/941 946/946/946
f 941/941/941 962/962/962 939/939/939
f 959/959/959 963/963/963 958/958/958
f 947/947/947 955/955/955 946/946/946
f 964/964/964 953/953/953 949/949/949
f 949/949/949 965/965/965 964/964/964
f 966/966/966 964/964/964 965/965/965
f 965/965/965 967/967/967 966/966/966
f 968/968/968 966/966/966 967/967/967
f 970/970/970 968/968/968 969/969/969
f 967/967/967 969/969/969 968/968/968
f 969/969/969 971/971/971 970/970/970
f 972/972/972 970/970/970 971/971/971
f 971/971/971 973/973/973 972/972/972
f 974/974/974 972/972/972 973/973/973
f 975/975/975 974/974/974 976/976/976
f 973/973/973 976/976/976 974/974/974
f 976/976/976 973/973/973 888/888/888
f 977/977/977 976/976/976 887/887/887
f 888/888/888 887/887/887 976/976/976
f 976/976/976 977/977/977 975/975/975
f 979/979/979 975/975/975 977/977/977
f 978/978/978 977/977/977 980/980/980
f 977/977/977 978/978/978 979/979/979
f 887/887/887 980/980/980 977/977/977
f 981/981/981 980/980/980 881/881/881
f 883/883/883 881/881/881 980/980/980
f 980/980/980 981/981/981 978/978/978
f 980/980/980 887/887/887 883/883/883
f 881/881/881 879/879/879 981/981/981
f 973/973/973 971/971/971 891/891/891
f 891/891/891 888/888/888 973/973/973
f 971/971/971 969/969/969 982/982/982
f 982/982/982 891/891/891 971/971/971
f 984/984/984 982/982/982 969/969/969
f 891/891/891 982/982/982 890/890/890
f 983/983/983 890/890/890 982/982/982
f 982/982/982 984/984/984 983/983/983
f 984/984/984 985/985/985 986/986/986
f 985/985/985 984/984/984 967/967/967
f 986/986/986 983/983/983 984/984/984
f 969/969/969 967/967/967 984/984/984
f 987/987/987 986/986/986 985/985/985
f 986/986/986 987/987/987 989/989/989
f 983/983/983 986/986/986 988/988/988
f 989/989/989 988/988/988 986/986/986
f 989/989/989 944/944/944 928/928/928
f 944/944/944 989/989/989 987/987/987
f 988/988/988 989/989/989 929/929/929
f 928/928/928 929/929/929 989/989/989
f 893/893/893 988/988/988 990/990/990
f 929/929/929 990/990/990 988/988/988
f 988/988/988 893/893/893 983/983/983
f 926/926/926 897/897/897 990/990/990
f 990/990/990 929/929/929 926/926/926
f 894/894/894 990/990/990 897/897/897
f 990/990/990 894/894/894 893/893/893
f 987/987/987 943/943/943 944/944/944
f 985/985/985 950/950/950 987/987/987
f 943/943/943 987/987/987 950/950/950
f 967/967/967 965/965/965 985/985/985
f 950/950/950 985/985/985 965/965/965
f 890/890/890 983/983/983 893/893/893
f 965/965/965 949/949/949 950/950/950
f 932/932/932 928/928/928 944/944/944
f 897/897/897 926/926/926 900/900/900
f 828/828/828 913/913/913 826/826/826
f 906/906/906 848/848/848 849/849/849
f 863/863/863 854/854/854 855/855/855
f 845/845/845 846/846/846 855/855/855
f 841/841/841 848/848/848 839/839/839
f 786/786/786 843/843/843 790/790/790
f 809/809/809 834/834/834 810/810/810
f 815/815/815 810/810/810 834/834/834
f 834/834/834 831/831/831 815/815/815
f 831/831/831 824/824/824 817/817/817
f 817/817/817 815/815/815 831/831/831
f 577/577/577 812/812/812 576/576/576
f 807/807/807 798/798/798 795/795/795
f 789/789/789 777/777/777 784/784/784
f 778/778/778 784/784/784 777/777/777
f 592/592/592 595/595/595 769/769/769
f 582/582/582 573/573/573 574/574/574
f 567/567/567 568/568/568 576/576/576
f 991/991/991 994/994/994 992/992/992
f 992/992/992 995/995/995 991/991/991
f 994/994/994 991/991/991 993/993/993
f 997/997/997 996/996/996 995/995/995
f 995/995/995 992/992/992 997/997/997
f 997/997/997 998/998/998 1000/1000/1000
f 998/998/998 997/997/997 992/992/992
f 996/996/996 997/997/997 999/999/999
f 1000/1000/1000 999/999/999 997/997/997
f 1001/1001/1001 1000/1000/1000 998/998/998
f 999/999/999 1000/1000/1000 1002/1002/1002
f 1000/1000/1000 1001/1001/1001 1003/1003/1003
f 1003/1003/1003 1002/1002/1002 1000/1000/1000
f 1006/1006/1006 1004/1004/1004 1003/1003/1003
f 1002/1002/1002 1003/1003/1003 1004/1004/1004
f 1003/1003/1003 1005/1005/1005 1006/1006/1006
f 1005/1005/1005 1003/1003/1003 1001/1001/1001
f 1004/1004/1004 1006/1006/1006 1009/1009/1009
f 1007/1007/1007 1006/1006/1006 1005/1005/1005
f 1006/1006/1006 1007/1007/1007 1008/1008/1008
f 1008/1008/1008 1009/1009/1009 1006/1006/1006
f 1009/1009/1009 1010/1010/1010 1004/1004/1004
f 1010/1010/1010 1009/1009/1009 1012/1012/1012
f 1009/1009/1009 1008/1008/1008 1011/1011/1011
f 1011/1011/1011 1012/1012/1012 1009/1009/1009
f 1012/1012/1012 1011/1011/1011 1013/1013/1013
f 1013/1013/1013 1014/1014/1014 1012/1012/1012
f 1015/1015/1015 1012/1012/1012 1014/1014/1014
f 1012/1012/1012 1015/1015/1015 1010/1010/1010
f 1016/1016/1016 1010/1010/1010 1015/1015/1015
f 1015/1015/1015 1017/1017/1017 1016/1016/1016
f 1017/1017/1017 1015/1015/1015 1018/1018/1018
f 1014/1014/1014 1018/1018/1018 1015/1015/1015
f 1020/1020/1020 1019/1019/1019 1018/1018/1018
f 1021/1021/1021 1018/1018/1018 1019/1019/1019
f 1018/1018/1018 1014/1014/1014 1020/1020/1020
f 1018/1018/1018 1021/1021/1021 1017/1017/1017
f 1022/1022/1022 1017/1017/1017 1021/1021/1021
f 1021/1021/1021 1023/1023/1023 1022/1022/1022
f 1023/1023/1023 1021/1021/1021 1024/1024/1024
f 1019/1019/1019 1024/1024/1024 1021/1021/1021
f 1024/1024/1024 1019/1019/1019 1026/1026/1026
f 1027/1027/1027 1024/1024/1024 1025/1025/1025
f 1026/1026/1026 1025/1025/1025 1024/1024/1024
f 1024/1024/1024 1027/1027/1027 1023/1023/1023
f 1029/1029/1029 1023/1023/1023 1027/1027/1027
f 1030/1030/1030 1027/1027/1027 1028/1028/1028
f 1025/1025/1025 1028/1028/1028 1027/1027/1027
f 1027/1027/1027 1030/1030/1030 1029/1029/1029
f 1028/1028/1028 1031/1031/1031 1030/1030/1030
f 1033/1033/1033 1032/1032/1032 1031/1031/1031
f 1031/1031/1031 1028/1028/1028 1033/1033/1033
f 1035/1035/1035 1033/1033/1033 1028/1028/1028
f 1032/1032/1032 1033/1033/1033 1034/1034/1034
f 1036/1036/1036 1034/1034/1034 1033/1033/1033
f 1033/1033/1033 1035/1035/1035 1036/1036/1036
f 1037/1037/1037 1036/1036/1036 1035/1035/1035
f 1034/1034/1034 1036/1036/1036 1038/1038/1038
f 1036/1036/1036 1037/1037/1037 1039/1039/1039
f 1039/1039/1039 1038/1038/1038 1036/1036/1036
f 1041/1041/1041 1039/1039/1039 1037/1037/1037
f 1038/1038/1038 1039/1039/1039 1040/1040/1040
f 1042/1042/1042 1040/1040/1040 1039/1039/1039
f 1039/1039/1039 1041/1041/1041 1042/1042/1042
f 1040/1040/1040 1042/1042/1042 1045/1045/1045
f 1043/1043/1043 1042/1042/1042 1041/1041/1041
f 1042/1042/1042 1043/1043/1043 1044/1044/1044
f 1044/1044/1044 1045/1045/1045 1042/1042/1042
f 1045/1045/1045 1044/1044/1044 1046/1046/1046
f 1046/1046/1046 1047/1047/1047 1045/1045/1045
f 1048/1048/1048 1045/1045/1045 1047/1047/1047
f 1045/1045/1045 1048/1048/1048 1040/1040/1040
f 1049/1049/1049 1040/1040/1040 1048/1048/1048
f 1048/1048/1048 1050/1050/1050 1049/1049/1049
f 1050/1050/1050 1048/1048/1048 1051/1051/1051
f 1047/1047/1047 1051/1051/1051 1048/1048/1048
f 1053/1053/1053 1052/1052/1052 1051/1051/1051
f 1054/1054/1054 1051/1051/1051 1052/1052/1052
f 1051/1051/1051 1047/1047/1047 1053/1053/1053
f 1051/1051/1051 1054/1054/1054 1050/1050/1050
f 1055/1055/1055 1050/1050/1050 1054/1054/1054
f 1054/1054/1054 1056/1056/1056 1055/1055/1055
f 1056/1056/1056 1054/1054/1054 1057/1057/1057
f 1052/1052/1052 1057/1057/1057 1054/1054/1054
f 1057/1057/1057 1052/1052/1052 1059/1059/1059
f 1060/1060/1060 1057/1057/1057 1058/1058/1058
f 1059/1059/1059 1058/1058/1058 1057/1057/1057
f 1057/1057/1057 1060/1060/1060 1056/1056/1056
f 1062/1062/1062 1056/1056/1056 1060/1060/1060
f 1063/1063/1063 1060/1060/1060 1061/1061/1061
f 1058/1058/1058 1061/1061/1061 1060/1060/1060
f 1060/1060/1060 1063/1063/1063 1062/1062/1062
f 1061/1061/1061 1064/1064/1064 1063/1063/1063
f 1066/1066/1066 1065/1065/1065 1064/1064/1064
f 1064/1064/1064 1061/1061/1061 1066/1066/1066
f 1068/1068/1068 1066/1066/1066 1061/1061/1061
f 1065/1065/1065 1066/1066/1066 1067/1067/1067
f 1069/1069/1069 1067/1067/1067 1066/1066/1066
f 1066/1066/1066 1068/1068/1068 1069/1069/1069
f 1070/1070/1070 1069/1069/1069 1068/1068/1068
f 1067/1067/1067 1069/1069/1069 1071/1071/1071
f 1069/1069/1069 1070/1070/1070 1072/1072/1072
f 1072/1072/1072 1071/1071/1071 1069/1069/1069
f 1074/1074/1074 1072/1072/1072 1070/1070/1070
f 1071/1071/1071 1072/1072/1072 1073/1073/1073
f 1075/1075/1075 1073/1073/1073 1072/1072/1072
f 1072/1072/1072 1074/1074/1074 1075/1075/1075
f 1073/1073/1073 1075/1075/1075 1078/1078/1078
f 1076/1076/1076 1075/1075/1075 1074/1074/1074
f 1075/1075/1075 1076/1076/1076 1077/1077/1077
f 1077/1077/1077 1078/1078/1078 1075/1075/1075
f 1078/1078/1078 1077/1077/1077 1079/1079/1079
f 1079/1079/1079 1080/1080/1080 1078/1078/1078
f 1081/1081/1081 1078/1078/1078 1080/1080/1080
f 1078/1078/1078 1081/1081/1081 1073/1073/1073
f 1082/1082/1082 1073/1073/1073 1081/1081/1081
f 1081/1081/1081 1083/1083/1083 1082/1082/1082
f 1083/1083/1083 1081/1081/1081 1084/1084/1084
f 1080/1080/1080 1084/1084/1084 1081/1081/1081
f 1086/1086/1086 1085/1085/1085 1084/1084/1084
f 1087/1087/1087 1084/1084/1084 1085/1085/1085
f 1084/1084/1084 1080/1080/1080 1086/1086/1086
f 1084/1084/1084 1087/1087/1087 1083/1083/1083
f 1088/1088/1088 1083/1083/1083 1087/1087/1087
f 1087/1087/1087 1089/1089/1089 1088/1088/1088
f 1089/1089/1089 1087/1087/1087 1090/1090/1090
f 1085/1085/1085 1090/1090/1090 1087/1087/1087
f 1090/1090/1090 1085/1085/1085 1092/1092/1092
f 1093/1093/1093 1090/1090/1090 1091/1091/1091
f 1092/1092/1092 1091/1091/1091 1090/1090/1090
f 1090/1090/1090 1093/1093/1093 1089/1089/1089
f 1095/1095/1095 1089/1089/1089 1093/1093/1093
f 1096/1096/1096 1093/1093/1093 1094/1094/1094
f 1091/1091/1091 1094/1094/1094 1093/1093/1093
f 1093/1093/1093 1096/1096/1096 1095/1095/1095
f 1094/1094/1094 1097/1097/1097 1096/1096/1096
f 1099/1099/1099 1098/1098/1098 1097/1097/1097
f 1097/1097/1097 1094/1094/1094 1099/1099/1099
f 1101/1101/1101 1099/1099/1099 1094/1094/1094
f 1098/1098/1098 1099/1099/1099 1100/1100/1100
f 1102/1102/1102 1100/1100/1100 1099/1099/1099
f 1099/1099/1099 1101/1101/1101 1102/1102/1102
f 1103/1103/1103 1102/1102/1102 1101/1101/1101
f 1100/1100/1100 1102/1102/1102 1104/1104/1104
f 1102/1102/1102 1103/1103/1103 1105/1105/1105
f 1105/1105/1105 1104/1104/1104 1102/1102/1102
f 1106/1106/1106 1105/1105/1105 1103/1103/1103
f 1104/1104/1104 1105/1105/1105 1108/1108/1108
f 1105/1105/1105 1106/1106/1106 1107/1107/1107
f 1107/1107/1107 1108/1108/1108 1105/1105/1105
f 1108/1108/1108 1109/1109/1109 1104/1104/1104
f 1109/1109/1109 1108/1108/1108 1111/1111/1111
f 1110/1110/1110 1111/1111/1111 1108/1108/1108
f 1108/1108/1108 1107/1107/1107 1110/1110/1110
f 1111/1111/1111 1112/1112/1112 1109/1109/1109
f 1113/1113/1113 1109/1109/1109 1112/1112/1112
f 1112/1112/1112 1114/1114/1114 1113/1113/1113
f 1114/1114/1114 1115/1115/1115 1116/1116/1116
f 1116/1116/1116 1113/1113/1113 1114/1114/1114
f 1113/1113/1113 1116/1116/1116 1117/1117/1117
f 1119/1119/1119 1117/1117/1117 1118/1118/1118
f 1117/1117/1117 1119/1119/1119 1113/1113/1113
f 1119/1119/1119 1104/1104/1104 1109/1109/1109
f 1104/1104/1104 1119/1119/1119 1100/1100/1100
f 1118/1118/1118 1100/1100/1100 1119/1119/1119
f 1109/1109/1109 1113/1113/1113 1119/1119/1119
f 1100/1100/1100 1118/1118/1118 1098/1098/1098
f 1120/1120/1120 1110/1110/1110 1107/1107/1107
f 1107/1107/1107 1121/1121/1121 1120/1120/1120
f 1106/1106/1106 1122/1122/1122 1121/1121/1121
f 1121/1121/1121 1107/1107/1107 1106/1106/1106
f 1124/1124/1124 1123/1123/1123 1122/1122/1122
f 1122/1122/1122 1106/1106/1106 1124/1124/1124
f 1103/1103/1103 1124/1124/1124 1106/1106/1106
f 1124/1124/1124 1103/1103/1103 1126/1126/1126
f 1126/1126/1126 1125/1125/1125 1124/1124/1124
f 1123/1123/1123 1124/1124/1124 1125/1125/1125
f 1091/1091/1091 1092/1092/1092 1126/1126/1126
f 1126/1126/1126 1101/1101/1101 1091/1091/1091
f 1125/1125/1125 1126/1126/1126 1092/1092/1092
f 1101/1101/1101 1126/1126/1126 1103/1103/1103
f 1125/1125/1125 1127/1127/1127 1123/1123/1123
f 1127/1127/1127 1125/1125/1125 1128/1128/1128
f 1092/1092/1092 1128/1128/1128 1125/1125/1125
f 1128/1128/1128 1092/1092/1092 1085/1085/1085
f 1085/1085/1085 1086/1086/1086 1128/1128/1128
f 1129/1129/1129 1128/1128/1128 1086/1086/1086
f 1128/1128/1128 1129/1129/1129 1127/1127/1127
f 1086/1086/1086 1130/1130/1130 1129/1129/1129
f 1080/1080/1080 1079/1079/1079 1130/1130/1130
f 1130/1130/1130 1086/1086/1086 1080/1080/1080
f 1094/1094/1094 1091/1091/1091 1101/1101/1101
f 1089/1089/1089 1095/1095/1095 1131/1131/1131
f 1131/1131/1131 1088/1088/1088 1089/1089/1089
f 1088/1088/1088 1131/1131/1131 1132/1132/1132
f 1132/1132/1132 1134/1134/1134 1088/1088/1088
f 1134/1134/1134 1132/1132/1132 1133/1133/1133
f 1134/1134/1134 1082/1082/1082 1083/1083/1083
f 1082/1082/1082 1134/1134/1134 1135/1135/1135
f 1083/1083/1083 1088/1088/1088 1134/1134/1134
f 1133/1133/1133 1135/1135/1135 1134/1134/1134
f 1135/1135/1135 1071/1071/1071 1082/1082/1082
f 1071/1071/1071 1135/1135/1135 1067/1067/1067
f 1136/1136/1136 1067/1067/1067 1135/1135/1135
f 1135/1135/1135 1133/1133/1133 1136/1136/1136
f 1067/1067/1067 1136/1136/1136 1065/1065/1065
f 1073/1073/1073 1082/1082/1082 1071/1071/1071
f 1074/1074/1074 1137/1137/1137 1076/1076/1076
f 1139/1139/1139 1138/1138/1138 1137/1137/1137
f 1137/1137/1137 1074/1074/1074 1139/1139/1139
f 1070/1070/1070 1139/1139/1139 1074/1074/1074
f 1139/1139/1139 1070/1070/1070 1141/1141/1141
f 1141/1141/1141 1140/1140/1140 1139/1139/1139
f 1138/1138/1138 1139/1139/1139 1140/1140/1140
f 1058/1058/1058 1059/1059/1059 1141/1141/1141
f 1141/1141/1141 1068/1068/1068 1058/1058/1058
f 1140/1140/1140 1141/1141/1141 1059/1059/1059
f 1068/1068/1068 1141/1141/1141 1070/1070/1070
f 1140/1140/1140 1142/1142/1142 1138/1138/1138
f 1142/1142/1142 1140/1140/1140 1143/1143/1143
f 1059/1059/1059 1143/1143/1143 1140/1140/1140
f 1143/1143/1143 1059/1059/1059 1052/1052/1052
f 1052/1052/1052 1053/1053/1053 1143/1143/1143
f 1144/1144/1144 1143/1143/1143 1053/1053/1053
f 1143/1143/1143 1144/1144/1144 1142/1142/1142
f 1053/1053/1053 1145/1145/1145 1144/1144/1144
f 1047/1047/1047 1046/1046/1046 1145/1145/1145
f 1145/1145/1145 1053/1053/1053 1047/1047/1047
f 1061/1061/1061 1058/1058/1058 1068/1068/1068
f 1056/1056/1056 1062/1062/1062 1146/1146/1146
f 1146/1146/1146 1055/1055/1055 1056/1056/1056
f 1055/1055/1055 1146/1146/1146 1147/1147/1147
f 1147/1147/1147 1149/1149/1149 1055/1055/1055
f 1149/1149/1149 1147/1147/1147 1148/1148/1148
f 1149/1149/1149 1049/1049/1049 1050/1050/1050
f 1049/1049/1049 1149/1149/1149 1150/1150/1150
f 1050/1050/1050 1055/1055/1055 1149/1149/1149
f 1148/1148/1148 1150/1150/1150 1149/1149/1149
f 1150/1150/1150 1038/1038/1038 1049/1049/1049
f 1038/1038/1038 1150/1150/1150 1034/1034/1034
f 1151/1151/1151 1034/1034/1034 1150/1150/1150
f 1150/1150/1150 1148/1148/1148 1151/1151/1151
f 1034/1034/1034 1151/1151/1151 1032/1032/1032
f 1040/1040/1040 1049/1049/1049 1038/1038/1038
f 1041/1041/1041 1152/1152/1152 1043/1043/1043
f 1154/1154/1154 1153/1153/1153 1152/1152/1152
f 1152/1152/1152 1041/1041/1041 1154/1154/1154
f 1037/1037/1037 1154/1154/1154 1041/1041/1041
f 1154/1154/1154 1037/1037/1037 1156/1156/1156
f 1156/1156/1156 1155/1155/1155 1154/1154/1154
f 1153/1153/1153 1154/1154/1154 1155/1155/1155
f 1025/1025/1025 1026/1026/1026 1156/1156/1156
f 1156/1156/1156 1035/1035/1035 1025/1025/1025
f 1155/1155/1155 1156/1156/1156 1026/1026/1026
f 1035/1035/1035 1156/1156/1156 1037/1037/1037
f 1155/1155/1155 1157/1157/1157 1153/1153/1153
f 1157/1157/1157 1155/1155/1155 1158/1158/1158
f 1026/1026/1026 1158/1158/1158 1155/1155/1155
f 1158/1158/1158 1026/1026/1026 1019/1019/1019
f 1019/1019/1019 1020/1020/1020 1158/1158/1158
f 1159/1159/1159 1158/1158/1158 1020/1020/1020
f 1158/1158/1158 1159/1159/1159 1157/1157/1157
f 1020/1020/1020 1160/1160/1160 1159/1159/1159
f 1014/1014/1014 1013/1013/1013 1160/1160/1160
f 1160/1160/1160 1020/1020/1020 1014/1014/1014
f 1028/1028/1028 1025/1025/1025 1035/1035/1035
f 1023/1023/1023 1029/1029/1029 1161/1161/1161
f 1161/1161/1161 1022/1022/1022 1023/1023/1023
f 1022/1022/1022 1161/1161/1161 1162/1162/1162
f 1162/1162/1162 1164/1164/1164 1022/1022/1022
f 1164/1164/1164 1162/1162/1162 1163/1163/1163
f 1164/1164/1164 1016/1016/1016 1017/1017/1017
f 1016/1016/1016 1164/1164/1164 1165/1165/1165
f 1017/1017/1017 1022/1022/1022 1164/1164/1164
f 1163/1163/1163 1165/1165/1165 1164/1164/1164
f 1165/1165/1165 1166/1166/1166 1016/1016/1016
f 1166/1166/1166 1165/1165/1165 1167/1167/1167
f 1168/1168/1168 1167/1167/1167 1165/1165/1165
f 1165/1165/1165 1163/1163/1163 1168/1168/1168
f 1167/1167/1167 1168/1168/1168 1169/1169/1169
f 999/999/999 1169/1169/1169 996/996/996
f 1169/1169/1169 999/999/999 1167/1167/1167
f 1167/1167/1167 1002/1002/1002 1166/1166/1166
f 1002/1002/1002 1167/1167/1167 999/999/999
f 1166/1166/1166 1004/1004/1004 1010/1010/1010
f 1004/1004/1004 1166/1166/1166 1002/1002/1002
f 1010/1010/1010 1016/1016/1016 1166/1166/1166
f 1005/1005/1005 1170/1170/1170 1007/1007/1007
f 1172/1172/1172 1171/1171/1171 1170/1170/1170
f 1170/1170/1170 1005/1005/1005 1172/1172/1172
f 1171/1171/1171 1172/1172/1172 1174/1174/1174
f 1001/1001/1001 1172/1172/1172 1005/1005/1005
f 1172/1172/1172 1001/1001/1001 1173/1173/1173
f 1173/1173/1173 1174/1174/1174 1172/1172/1172
f 1174/1174/1174 1173/1173/1173 1175/1175/1175
f 1175/1175/1175 1176/1176/1176 1174/1174/1174
f 1177/1177/1177 1174/1174/1174 1176/1176/1176
f 1174/1174/1174 1177/1177/1177 1171/1171/1171
f 1176/1176/1176 1178/1178/1178 1177/1177/1177
f 1180/1180/1180 1179/1179/1179 1178/1178/1178
f 1178/1178/1178 1176/1176/1176 1180/1180/1180
f 1181/1181/1181 1180/1180/1180 1176/1176/1176
f 1180/1180/1180 1181/1181/1181 1182/1182/1182
f 1179/1179/1179 1180/1180/1180 1183/1183/1183
f 1182/1182/1182 1183/1183/1183 1180/1180/1180
f 1183/1183/1183 1184/1184/1184 1179/1179/1179
f 1185/1185/1185 1182/1182/1182 1181/1181/1181
f 1181/1181/1181 1186/1186/1186 1185/1185/1185
f 1187/1187/1187 1185/1185/1185 1186/1186/1186
f 993/993/993 1187/1187/1187 994/994/994
f 1186/1186/1186 994/994/994 1187/1187/1187
f 994/994/994 1186/1186/1186 1188/1188/1188
f 1175/1175/1175 1188/1188/1188 1186/1186/1186
f 1186/1186/1186 1181/1181/1181 1175/1175/1175
f 1188/1188/1188 992/992/992 994/994/994
f 992/992/992 1188/1188/1188 998/998/998
f 1173/1173/1173 998/998/998 1188/1188/1188
f 1188/1188/1188 1175/1175/1175 1173/1173/1173
f 1176/1176/1176 1175/1175/1175 1181/1181/1181
f 998/998/998 1173/1173/1173 1001/1001/1001
f 1191/1191/1191 1190/1190/1190 1189/1189/1189
f 1189/1189/1189 1193/1193/1193 1191/1191/1191
f 1193/1193/1193 1189/1189/1189 1192/1192/1192
f 1192/1192/1192 1194/1194/1194 1193/1193/1193
f 1194/1194/1194 1192/1192/1192 1195/1195/1195
f 1195/1195/1195 1196/1196/1196 1194/1194/1194
f 1196/1196/1196 1195/1195/1195 1197/1197/1197
f 1197/1197/1197 1198/1198/1198 1196/1196/1196
f 1198/1198/1198 1197/1197/1197 1199/1199/1199
f 1199/1199/1199 1200/1200/1200 1198/1198/1198
f 1200/1200/1200 1199/1199/1199 1204/1204/1204
f 1203/1203/1203 1205/1205/1205 1201/1201/1201
f 1213/1213/1213 1210/1210/1210 1206/1206/1206
f 1207/1207/1207 1202/1202/1202 1212/1212/1212
f 1208/1208/1208 1211/1211/1211 1214/1214/1214
f 1216/1216/1216 1215/1215/1215 1220/1220/1220
f 1214/1214/1214 1218/1218/1218 1209/1209/1209
f 1221/1221/1221 1219/1219/1219 1223/1223/1223
f 1219/1219/1219 1221/1221/1221 1217/1217/1217
f 1225/1225/1225 1226/1226/1226 1222/1222/1222
f 1227/1227/1227 1224/1224/1224 1229/1229/1229
f 1229/1229/1229 1230/1230/1230 1228/1228/1228
f 1230/1230/1230 1229/1229/1229 1231/1231/1231
f 1231/1231/1231 1232/1232/1232 1230/1230/1230
f 1232/1232/1232 1231/1231/1231 1233/1233/1233
f 1233/1233/1233 1234/1234/1234 1232/1232/1232
f 1234/1234/1234 1233/1233/1233 1235/1235/1235
f 1235/1235/1235 1236/1236/1236 1234/1234/1234
f 1236/1236/1236 1235/1235/1235 1237/1237/1237
f 1237/1237/1237 1238/1238/1238 1236/1236/1236
f 1238/1238/1238 1237/1237/1237 1239/1239/1239
f 1240/1240/1240 1239/1239/1239 1241/1241/1241
f 1239/1239/1239 1240/1240/1240 1238/1238/1238
f 1242/1242/1242 1241/1241/1241 1243/1243/1243
f 1241/1241/1241 1242/1242/1242 1240/1240/1240
f 1243/1243/1243 1244/1244/1244 1242/1242/1242
f 1244/1244/1244 1243/1243/1243 1245/1245/1245
f 1245/1245/1245 1246/1246/1246 1244/1244/1244
f 1246/1246/1246 1245/1245/1245 1247/1247/1247
f 1247/1247/1247 1252/1252/1252 1246/1246/1246
f 1252/1252/1252 1247/1247/1247 1250/1250/1250
f 1248/1248/1248 1255/1255/1255 1251/1251/1251
f 1253/1253/1253 1249/1249/1249 1257/1257/1257
f 1258/1258/1258 1260/1260/1260 1254/1254/1254
f 1259/1259/1259 1256/1256/1256 1263/1263/1263
f 1264/1264/1264 1265/1265/1265 1261/1261/1261
f 1266/1266/1266 1262/1262/1262 1267/1267/1267
f 1269/1269/1269 1272/1272/1272 1265/1265/1265
f 1270/1270/1270 1268/1268/1268 1274/1274/1274
f 1273/1273/1273 1275/1275/1275 1271/1271/1271
f 1275/1275/1275 1273/1273/1273 1278/1278/1278
f 1279/1279/1279 1280/1280/1280 1276/1276/1276
f 1281/1281/1281 1277/1277/1277 1282/1282/1282
f 1282/1282/1282 1283/1283/1283 1281/1281/1281
f 1283/1283/1283 1282/1282/1282 1284/1284/1284
f 1284/1284/1284 1285/1285/1285 1283/1283/1283
f 1285/1285/1285 1284/1284/1284 1286/1286/1286
f 1286/1286/1286 1287/1287/1287 1285/1285/1285
f 1287/1287/1287 1286/1286/1286 1288/1288/1288
f 1288/1288/1288 1289/1289/1289 1287/1287/1287
f 1290/1290/1290 1291/1291/1291 1289/1289/1289
f 1289/1289/1289 1288/1288/1288 1290/1290/1290
f 1291/1291/1291 1290/1290/1290 1292/1292/1292
f 1292/1292/1292 1293/1293/1293 1291/1291/1291
f 1296/1296/1296 1294/1294/1294 1295/1295/1295
f 1294/1294/1294 1296/1296/1296 1298/1298/1298
f 1298/1298/1298 1297/1297/1297 1294/1294/1294
f 1297/1297/1297 1298/1298/1298 1299/1299/1299
f 1299/1299/1299 1300/1300/1300 1297/1297/1297
f 1300/1300/1300 1299/1299/1299 1301/1301/1301
f 1301/1301/1301 1303/1303/1303 1300/1300/1300
f 1303/1303/1303 1301/1301/1301 1302/1302/1302
f 1302/1302/1302 1304/1304/1304 1303/1303/1303
f 1304/1304/1304 1302/1302/1302 1306/1306/1306
f 1306/1306/1306 1305/1305/1305 1304/1304/1304
f 1305/1305/1305 1306/1306/1306 1307/1307/1307
f 1309/1309/1309 1307/1307/1307 1308/1308/1308
f 1307/1307/1307 1309/1309/1309 1305/1305/1305
f 1308/1308/1308 1310/1310/1310 1309/1309/1309
f 1310/1310/1310 1308/1308/1308 1312/1312/1312
f 1312/1312/1312 1311/1311/1311 1310/1310/1310
f 1311/1311/1311 1312/1312/1312 1313/1313/1313
f 1313/1313/1313 1314/1314/1314 1311/1311/1311
f 1314/1314/1314 1313/1313/1313 1315/1315/1315
f 1317/1317/1317 1315/1315/1315 1316/1316/1316
f 1315/1315/1315 1317/1317/1317 1314/1314/1314
f 1316/1316/1316 1318/1318/1318 1317/1317/1317
f 1318/1318/1318 1316/1316/1316 1320/1320/1320
f 1320/1320/1320 1319/1319/1319 1318/1318/1318
f 1319/1319/1319 1320/1320/1320 1321/1321/1321
f 1321/1321/1321 1322/1322/1322 1319/1319/1319
f 1322/1322/1322 1321/1321/1321 1323/1323/1323
f 1325/1325/1325 1323/1323/1323 1324/1324/1324
f 1323/1323/1323 1325/1325/1325 1322/1322/1322
f 1324/1324/1324 1326/1326/1326 1325/1325/1325
f 1328/1328/1328 1327/1327/1327 1326/1326/1326
f 1326/1326/1326 1324/1324/1324 1328/1328/1328
f 1327/1327/1327 1328/1328/1328 1329/1329/1329
f 1331/1331/1331 1329/1329/1329 1330/1330/1330
f 1329/1329/1329 1331/1331/1331 1327/1327/1327
f 1330/1330/1330 1332/1332/1332 1331/1331/1331
f 1334/1334/1334 1333/1333/1333 1332/1332/1332
f 1332/1332/1332 1330/1330/1330 1334/1334/1334
f 1333/1333/1333 1334/1334/1334 1335/1335/1335
f 1335/1335/1335 1337/1337/1337 1333/1333/1333
f 1337/1337/1337 1335/1335/1335 1336/1336/1336
f 1336/1336/1336 1338/1338/1338 1337/1337/1337
f 1340/1340/1340 1339/1339/1339 1338/1338/1338
f 1338/1338/1338 1336/1336/1336 1340/1340/1340
f 1295/1295/1295 1341/1341/1341 1296/1296/1296
f 1341/1341/1341 1295/1295/1295 1342/1342/1342
f 1342/1342/1342 1343/1343/1343 1341/1341/1341
f 1344/1344/1344 1345/1345/1345 1343/1343/1343
f 1343/1343/1343 1342/1342/1342 1344/1344/1344
f 1345/1345/1345 1344/1344/1344 1346/1346/1346
f 1346/1346/1346 1347/1347/1347 1345/1345/1345
f 1348/1348/1348 1349/1349/1349 1347/1347/1347
f 1347/1347/1347 1346/1346/1346 1348/1348/1348
f 1349/1349/1349 1348/1348/1348 1350/1350/1350
f 1350/1350/1350 1351/1351/1351 1349/1349/1349
f 1352/1352/1352 1353/1353/1353 1351/1351/1351
f 1351/1351/1351 1350/1350/1350 1352/1352/1352
f 1353/1353/1353 1352/1352/1352 1354/1354/1354
f 1354/1354/1354 1355/1355/1355 1353/1353/1353
f 1355/1355/1355 1354/1354/1354 1356/1356/1356
f 1356/1356/1356 1357/1357/1357 1355/1355/1355
f 1357/1357/1357 1356/1356/1356 1358/1358/1358
f 1358/1358/1358 1359/1359/1359 1357/1357/1357
f 1362/1362/1362 1361/1361/1361 1360/1360/1360
f 1360/1360/1360 1364/1364/1364 1362/1362/1362
f 1364/1364/1364 1360/1360/1360 1363/1363/1363
f 1363/1363/1363 1365/1365/1365 1364/1364/1364
f 1365/1365/1365 1363/1363/1363 1366/1366/1366
f 1366/1366/1366 1367/1367/1367 1365/1365/1365
f 1367/1367/1367 1366/1366/1366 1368/1368/1368
f 1368/1368/1368 1369/1369/1369 1367/1367/1367
f 1369/1369/1369 1368/1368/1368 1370/1370/1370
f 1370/1370/1370 1371/1371/1371 1369/1369/1369
f 1371/1371/1371 1370/1370/1370 1372/1372/1372
f 1372/1372/1372 1373/1373/1373 1371/1371/1371
f 1373/1373/1373 1372/1372/1372 1374/1374/1374
f 1374/1374/1374 1375/1375/1375 1373/1373/1373
f 1375/1375/1375 1374/1374/1374 1376/1376/1376
f 1376/1376/1376 1377/1377/1377 1375/1375/1375
f 1378/1378/1378 1379/1379/1379 1377/1377/1377
f 1377/1377/1377 1376/1376/1376 1378/1378/1378
f 1379/1379/1379 1378/1378/1378 1380/1380/1380
f 1380/1380/1380 1381/1381/1381 1379/1379/1379
f 1382/1382/1382 1383/1383/1383 1381/1381/1381
f 1381/1381/1381 1380/1380/1380 1382/1382/1382
f 1385/1385/1385 1384/1384/1384 1383/1383/1383
f 1383/1383/1383 1382/1382/1382 1385/1385/1385
f 1384/1384/1384 1385/1385/1385 1386/1386/1386
f 1387/1387/1387 1386/1386/1386 1388/1388/1388
f 1386/1386/1386 1387/1387/1387 1384/1384/1384
f 1388/1388/1388 1389/1389/1389 1387/1387/1387
f 1389/1389/1389 1388/1388/1388 1390/1390/1390
f 1391/1391/1391 1390/1390/1390 1392/1392/1392
f 1390/1390/1390 1391/1391/1391 1389/1389/1389
f 1392/1392/1392 1393/1393/1393 1391/1391/1391
f 1393/1393/1393 1392/1392/1392 1394/1394/1394
f 1395/1395/1395 1394/1394/1394 1396/1396/1396
f 1394/1394/1394 1395/1395/1395 1393/1393/1393
f 1397/1397/1397 1396/1396/1396 1398/1398/1398
f 1396/1396/1396 1397/1397/1397 1395/1395/1395
f 1399/1399/1399 1398/1398/1398 1400/1400/1400
f 1398/1398/1398 1399/1399/1399 1397/1397/1397
f 1401/1401/1401 1400/1400/1400 1402/1402/1402
f 1400/1400/1400 1401/1401/1401 1399/1399/1399
f 1402/1402/1402 1403/1403/1403 1401/1401/1401
f 1403/1403/1403 1402/1402/1402 1404/1404/1404
f 1405/1405/1405 1404/1404/1404 1406/1406/1406
f 1404/1404/1404 1405/1405/1405 1403/1403/1403
f 1406/1406/1406 1407/1407/1407 1405/1405/1405
f 1407/1407/1407 1406/1406/1406 1408/1408/1408
f 1410/1410/1410 1408/1408/1408 1409/1409/1409
f 1408/1408/1408 1410/1410/1410 1407/1407/1407
f 1409/1409/1409 1411/1411/1411 1410/1410/1410
f 1411/1411/1411 1409/1409/1409 1412/1412/1412
f 1412/1412/1412 1413/1413/1413 1411/1411/1411
f 1413/1413/1413 1412/1412/1412 1414/1414/1414
f 1414/1414/1414 1415/1415/1415 1413/1413/1413
f 1415/1415/1415 1414/1414/1414 1416/1416/1416
f 1416/1416/1416 1417/1417/1417 1415/1415/1415
f 1418/1418/1418 1419/1419/1419 1417/1417/1417
f 1417/1417/1417 1416/1416/1416 1418/1418/1418
f 1419/1419/1419 1418/1418/1418 1420/1420/1420
f 1420/1420/1420 1421/1421/1421 1419/1419/1419
f 1421/1421/1421 1420/1420/1420 1422/1422/1422
f 1422/1422/1422 1423/1423/1423 1421/1421/1421
f 1423/1423/1423 1422/1422/1422 1424/1424/1424
f 1424/1424/1424 1425/1425/1425 1423/1423/1423
f 1428/1428/1428 1426/1426/1426 1427/1427/1427
f 1426/1426/1426 1428/1428/1428 1430/1430/1430
f 1430/1430/1430 1429/1429/1429 1426/1426/1426
f 1429/1429/1429 1430/1430/1430 1431/1431/1431
f 1433/1433/1433 1431/1431/1431 1432/1432/1432
f 1431/1431/1431 1433/1433/1433 1429/1429/1429
f 1432/1432/1432 1434/1434/1434 1433/1433/1433
f 1436/1436/1436 1435/1435/1435 1434/1434/1434
f 1434/1434/1434 1432/1432/1432 1436/1436/1436
f 1435/1435/1435 1436/1436/1436 1437/1437/1437
f 1437/1437/1437 1439/1439/1439 1435/1435/1435
f 1439/1439/1439 1437/1437/1437 1438/1438/1438
f 1438/1438/1438 1440/1440/1440 1439/1439/1439
f 1442/1442/1442 1441/1441/1441 1440/1440/1440
f 1440/1440/1440 1438/1438/1438 1442/1442/1442
f 1441/1441/1441 1442/1442/1442 1443/1443/1443
f 1445/1445/1445 1443/1443/1443 1444/1444/1444
f 1443/1443/1443 1445/1445/1445 1441/1441/1441
f 1444/1444/1444 1446/1446/1446 1445/1445/1445
f 1448/1448/1448 1447/1447/1447 1446/1446/1446
f 1446/1446/1446 1444/1444/1444 1448/1448/1448
f 1447/1447/1447 1448/1448/1448 1449/1449/1449
f 1451/1451/1451 1449/1449/1449 1450/1450/1450
f 1449/1449/1449 1451/1451/1451 1447/1447/1447
f 1450/1450/1450 1452/1452/1452 1451/1451/1451
f 1452/1452/1452 1450/1450/1450 1453/1453/1453
f 1453/1453/1453 1454/1454/1454 1452/1452/1452
f 1456/1456/1456 1455/1455/1455 1454/1454/1454
f 1454/1454/1454 1453/1453/1453 1456/1456/1456
f 1455/1455/1455 1456/1456/1456 1457/1457/1457
f 1459/1459/1459 1457/1457/1457 1458/1458/1458
f 1457/1457/1457 1459/1459/1459 1455/1455/1455
f 1458/1458/1458 1460/1460/1460 1459/1459/1459
f 1460/1460/1460 1458/1458/1458 1461/1461/1461
f 1461/1461/1461 1462/1462/1462 1460/1460/1460
f 1464/1464/1464 1463/1463/1463 1462/1462/1462
f 1462/1462/1462 1461/1461/1461 1464/1464/1464
f 1463/1463/1463 1464/1464/1464 1465/1465/1465
f 1467/1467/1467 1465/1465/1465 1466/1466/1466
f 1465/1465/1465 1467/1467/1467 1463/1463/1463
f 1466/1466/1466 1468/1468/1468 1467/1467/1467
f 1468/1468/1468 1466/1466/1466 1470/1470/1470
f 1470/1470/1470 1469/1469/1469 1468/1468/1468
f 1469/1469/1469 1470/1470/1470 1471/1471/1471
f 1473/1473/1473 1471/1471/1471 1472/1472/1472
f 1471/1471/1471 1473/1473/1473 1469/1469/1469
f 1472/1472/1472 1474/1474/1474 1473/1473/1473
f 1476/1476/1476 1475/1475/1475 1474/1474/1474
f 1474/1474/1474 1472/1472/1472 1476/1476/1476
f 1475/1475/1475 1476/1476/1476 1477/1477/1477
f 1477/1477/1477 1478/1478/1478 1475/1475/1475
f 1427/1427/1427 1479/1479/1479 1428/1428/1428
f 1479/1479/1479 1427/1427/1427 1480/1480/1480
f 1480/1480/1480 1481/1481/1481 1479/1479/1479
f 1481/1481/1481 1480/1480/1480 1482/1482/1482
f 1482/1482/1482 1483/1483/1483 1481/1481/1481
f 1484/1484/1484 1485/1485/1485 1483/1483/1483
f 1483/1483/1483 1482/1482/1482 1484/1484/1484
f 1485/1485/1485 1484/1484/1484 1486/1486/1486
f 1486/1486/1486 1487/1487/1487 1485/1485/1485
f 1489/1489/1489 1488/1488/1488 1487/1487/1487
f 1487/1487/1487 1486/1486/1486 1489/1489/1489
f 1488/1488/1488 1489/1489/1489 1490/1490/1490
f 1490/1490/1490 1491/1491/1491 1488/1488/1488
f 1494/1494/1494 1493/1493/1493 1492/1492/1492
f 1492/1492/1492 1496/1496/1496 1494/1494/1494
f 1496/1496/1496 1492/1492/1492 1495/1495/1495
f 1495/1495/1495 1497/1497/1497 1496/1496/1496
f 1497/1497/1497 1495/1495/1495 1498/1498/1498
f 1498/1498/1498 1499/1499/1499 1497/1497/1497
f 1499/1499/1499 1498/1498/1498 1500/1500/1500
f 1500/1500/1500 1501/1501/1501 1499/1499/1499
f 1501/1501/1501 1500/1500/1500 1502/1502/1502
f 1502/1502/1502 1503/1503/1503 1501/1501/1501
f 1503/1503/1503 1502/1502/1502 1504/1504/1504
f 1504/1504/1504 1505/1505/1505 1503/1503/1503
f 1505/1505/1505 1504/1504/1504 1506/1506/1506
f 1506/1506/1506 1507/1507/1507 1505/1505/1505
f 1507/1507/1507 1506/1506/1506 1508/1508/1508
f 1508/1508/1508 1509/1509/1509 1507/1507/1507
f 1509/1509/1509 1508/1508/1508 1510/1510/1510
f 1510/1510/1510 1511/1511/1511 1509/1509/1509
f 1511/1511/1511 1510/1510/1510 1512/1512/1512
f 1512/1512/1512 1513/1513/1513 1511/1511/1511
f 1513/1513/1513 1512/1512/1512 1514/1514/1514
f 1514/1514/1514 1515/1515/1515 1513/1513/1513
f 1515/1515/1515 1514/1514/1514 1516/1516/1516
f 1516/1516/1516 1517/1517/1517 1515/1515/1515
f 1517/1517/1517 1516/1516/1516 1518/1518/1518
f 1518/1518/1518 1519/1519/1519 1517/1517/1517
f 1519/1519/1519 1518/1518/1518 1520/1520/1520
f 1520/1520/1520 1521/1521/1521 1519/1519/1519
f 1521/1521/1521 1520/1520/1520 1522/1522/1522
f 1522/1522/1522 1523/1523/1523 1521/1521/1521
f 1523/1523/1523 1522/1522/1522 1524/1524/1524
f 1524/1524/1524 1525/1525/1525 1523/1523/1523
f 1525/1525/1525 1524/1524/1524 1526/1526/1526
f 1526/1526/1526 1527/1527/1527 1525/1525/1525
f 1527/1527/1527 1526/1526/1526 1528/1528/1528
f 1528/1528/1528 1529/1529/1529 1527/1527/1527
f 1529/1529/1529 1528/1528/1528 1530/1530/1530
f 1530/1530/1530 1531/1531/1531 1529/1529/1529
f 1531/1531/1531 1530/1530/1530 1532/1532/1532
f 1532/1532/1532 1533/1533/1533 1531/1531/1531
f 1533/1533/1533 1532/1532/1532 1534/1534/1534
f 1534/1534/1534 1535/1535/1535 1533/1533/1533
f 1535/1535/1535 1534/1534/1534 1536/1536/1536
f 1536/1536/1536 1537/1537/1537 1535/1535/1535
f 1537/1537/1537 1536/1536/1536 1538/1538/1538
f 1538/1538/1538 1539/1539/1539 1537/1537/1537
f 1539/1539/1539 1538/1538/1538 1540/1540/1540
f 1540/1540/1540 1541/1541/1541 1539/1539/1539
f 1541/1541/1541 1540/1540/1540 1542/1542/1542
f 1542/1542/1542 1543/1543/1543 1541/1541/1541
f 1543/1543/1543 1542/1542/1542 1544/1544/1544
f 1544/1544/1544 1545/1545/1545 1543/1543/1543
f 1545/1545/1545 1544/1544/1544 1546/1546/1546
f 1546/1546/1546 1547/1547/1547 1545/1545/1545
f 1547/1547/1547 1546/1546/1546 1548/1548/1548
f 1548/1548/1548 1549/1549/1549 1547/1547/1547
f 1549/1549/1549 1548/1548/1548 1550/1550/1550
f 1550/1550/1550 1551/1551/1551 1549/1549/1549
f 1551/1551/1551 1550/1550/1550 1552/1552/1552
f 1552/1552/1552 1553/1553/1553 1551/1551/1551
f 1555/1555/1555 1554/1554/1554 1553/1553/1553
f 1553/1553/1553 1552/1552/1552 1555/1555/1555
f 1554/1554/1554 1555/1555/1555 1556/1556/1556
f 1556/1556/1556 1557/1557/1557 1554/1554/1554
f 1560/1560/1560 1559/1559/1559 1558/1558/1558
f 1558/1558/1558 1562/1562/1562 1560/1560/1560
f 1562/1562/1562 1558/1558/1558 1561/1561/1561
f 1561/1561/1561 1563/1563/1563 1562/1562/1562
f 1563/1563/1563 1561/1561/1561 1564/1564/1564
f 1564/1564/1564 1565/1565/1565 1563/1563/1563
f 1565/1565/1565 1564/1564/1564 1566/1566/1566
f 1566/1566/1566 1567/1567/1567 1565/1565/1565
f 1568/1568/1568 1569/1569/1569 1567/1567/1567
f 1567/1567/1567 1566/1566/1566 1568/1568/1568
f 1569/1569/1569 1568/1568/1568 1570/1570/1570
f 1570/1570/1570 1571/1571/1571 1569/1569/1569
f 1571/1571/1571 1570/1570/1570 1572/1572/1572
f 1572/1572/1572 1573/1573/1573 1571/1571/1571
f 1573/1573/1573 1572/1572/1572 1574/1574/1574
f 1574/1574/1574 1575/1575/1575 1573/1573/1573
f 1576/1576/1576 1577/1577/1577 1575/1575/1575
f 1575/1575/1575 1574/1574/1574 1576/1576/1576
f 1577/1577/1577 1576/1576/1576 1578/1578/1578
f 1578/1578/1578 1579/1579/1579 1577/1577/1577
f 1559/1559/1559 1560/1560/1560 1580/1580/1580
f 1582/1582/1582 1580/1580/1580 1581/1581/1581
f 1580/1580/1580 1582/1582/1582 1559/1559/1559
f 1581/1581/1581 1583/1583/1583 1582/1582/1582
f 1585/1585/1585 1584/1584/1584 1583/1583/1583
f 1583/1583/1583 1581/1581/1581 1585/1585/1585
f 1584/1584/1584 1585/1585/1585 1586/1586/1586
f 1586/1586/1586 1588/1588/1588 1584/1584/1584
f 1588/1588/1588 1586/1586/1586 1587/1587/1587
f 1587/1587/1587 1589/1589/1589 1588/1588/1588
f 1589/1589/1589 1587/1587/1587 1591/1591/1591
f 1591/1591/1591 1590/1590/1590 1589/1589/1589
f 1590/1590/1590 1591/1591/1591 1592/1592/1592
f 1592/1592/1592 1593/1593/1593 1590/1590/1590
f 1593/1593/1593 1592/1592/1592 1594/1594/1594
f 1596/1596/1596 1594/1594/1594 1595/1595/1595
f 1594/1594/1594 1596/1596/1596 1593/1593/1593
f 1595/1595/1595 1597/1597/1597 1596/1596/1596
f 1597/1597/1597 1595/1595/1595 1599/1599/1599
f 1599/1599/1599 1598/1598/1598 1597/1597/1597
f 1598/1598/1598 1599/1599/1599 1600/1600/1600
f 1600/1600/1600 1601/1601/1601 1598/1598/1598
f 1601/1601/1601 1600/1600/1600 1602/1602/1602
f 1602/1602/1602 1604/1604/1604 1601/1601/1601
f 1604/1604/1604 1602/1602/1602 1603/1603/1603
f 1603/1603/1603 1605/1605/1605 1604/1604/1604
f 1605/1605/1605 1603/1603/1603 1607/1607/1607
f 1607/1607/1607 1606/1606/1606 1605/1605/1605
f 1606/1606/1606 1607/1607/1607 1608/1608/1608
f 1608/1608/1608 1609/1609/1609 1606/1606/1606
f 1609/1609/1609 1608/1608/1608 1610/1610/1610
f 1612/1612/1612 1610/1610/1610 1611/1611/1611
f 1610/1610/1610 1612/1612/1612 1609/1609/1609
f 1611/1611/1611 1613/1613/1613 1612/1612/1612
f 1613/1613/1613 1611/1611/1611 1615/1615/1615
f 1615/1615/1615 1614/1614/1614 1613/1613/1613
f 1614/1614/1614 1615/1615/1615 1616/1616/1616
f 1616/1616/1616 1617/1617/1617 1614/1614/1614
f 1617/1617/1617 1616/1616/1616 1618/1618/1618
f 1618/1618/1618 1619/1619/1619 1617/1617/1617
f 1619/1619/1619 1618/1618/1618 1620/1620/1620
f 1622/1622/1622 1620/1620/1620 1621/1621/1621
f 1620/1620/1620 1622/1622/1622 1619/1619/1619
f 1621/1621/1621 1623/1623/1623 1622/1622/1622
f 1639/1639/1639 1624/1624/1624 1625/1625/1625
f 1638/1638/1638 1643/1643/1643 1648/1648/1648
f 1635/1635/1635 1696/1696/1696 1642/1642/1642
f 1633/1633/1633 1644/1644/1644 1649/1649/1649
f 1632/1632/1632 1691/1691/1691 1645/1645/1645
f 1629/1629/1629 1647/1647/1647 1652/1652/1652
f 1641/1641/1641 1693/1693/1693 1646/1646/1646
f 1629/1629/1629 1648/1648/1648 1653/1653/1653
f 1629/1629/1629 1650/1650/1650 1655/1655/1655
f 1629/1629/1629 1651/1651/1651 1656/1656/1656
f 1630/1630/1630 1626/1626/1626 1658/1658/1658
f 1629/1629/1629 1653/1653/1653 1661/1661/1661
f 1631/1631/1631 1654/1654/1654 1663/1663/1663
f 1627/1627/1627 1657/1657/1657 1665/1665/1665
f 1628/1628/1628 1659/1659/1659 1666/1666/1666
f 1628/1628/1628 1660/1660/1660 1668/1668/1668
f 1640/1640/1640 1662/1662/1662 1671/1671/1671
f 1641/1641/1641 1664/1664/1664 1673/1673/1673
f 1632/1632/1632 1667/1667/1667 1674/1674/1674
f 1640/1640/1640 1669/1669/1669 1677/1677/1677
f 1629/1629/1629 1670/1670/1670 1679/1679/1679
f 1636/1636/1636 1672/1672/1672 1680/1680/1680
f 1627/1627/1627 1675/1675/1675 1683/1683/1683
f 1637/1637/1637 1676/1676/1676 1685/1685/1685
f 1633/1633/1633 1678/1678/1678 1686/1686/1686
f 1681/1681/1681 1688/1688/1688 1640/1640/1640
f 1634/1634/1634 1682/1682/1682 1689/1689/1689
f 1629/1629/1629 1684/1684/1684 1692/1692/1692
f 1636/1636/1636 1687/1687/1687 1694/1694/1694
f 1638/1638/1638 1690/1690/1690 1695/1695/1695