# https://github.com/mikedh/trimesh
mtllib material.mtl
usemtl material_0
v -0.26227692 -0.33571716 0.34210769
v -0.26227692 -0.33818462 0.34210769
v -0.34903314 -0.33818462 0.34210769
v -0.34903314 -0.33571716 0.34210769
v 0.17486036 -0.35938580 0.38698935
v 0.17486036 -0.36185325 0.38698935
v 0.26228757 -0.33818462 0.38698935
v 0.26228757 -0.33571716 0.38698935
v 0.34904497 -0.33571716 0.34210769
v 0.34904497 -0.33818462 0.34210769
v 0.26228757 -0.33818462 0.34210769
v 0.26228757 -0.33571716 0.34210769
v -0.26227692 -0.33886272 0.34436213
v -0.34903314 -0.33886272 0.34436213
v -0.34903314 -0.33886272 0.34277870
v -0.26227692 -0.33886272 0.34277870
v 0.34971598 -0.33571006 0.34436213
v 0.34971598 -0.33819172 0.34436213
v 0.34971598 -0.33819172 0.34277870
v 0.34971598 -0.33571006 0.34277870
v -0.34903314 -0.33571716 0.38698935
v -0.34903314 -0.33818462 0.38698935
v -0.26227692 -0.33818462 0.38698935
v -0.26227692 -0.33571716 0.38698935
v 0.34904497 -0.33818462 0.38698935
v 0.34904497 -0.33571716 0.38698935
v -0.17484970 -0.35938580 0.34210769
v -0.17484970 -0.36185325 0.34210769
v 0.26228757 -0.33886272 0.34436213
v 0.17486036 -0.36253136 0.34436213
v 0.17486036 -0.36253136 0.34277870
v 0.26228757 -0.33886272 0.34277870
v 0.08743314 -0.37362130 0.34436213
v 0.08743314 -0.37362130 0.34277870
v 0.00000592 -0.37510533 0.34436213
v 0.00000592 -0.37510533 0.34277870
v -0.08742130 -0.37362130 0.34436213
v -0.08742130 -0.37362130 0.34277870
v -0.17484970 -0.36253136 0.34436213
v -0.17484970 -0.36253136 0.34277870
v -0.34970414 -0.33571006 0.38499882
v -0.34970414 -0.33819172 0.38499882
v -0.34970414 -0.33819172 0.38631834
v -0.34970414 -0.33571006 0.38631834
v -0.17484970 -0.36185325 0.38698935
v -0.17484970 -0.35938580 0.38698935
v -0.08742130 -0.37294320 0.38698935
v -0.08742130 -0.37047456 0.38698935
v 0.00000592 -0.37442722 0.38698935
v 0.00000592 -0.37195858 0.38698935
v 0.08743314 -0.37294320 0.38698935
v 0.08743314 -0.37047456 0.38698935
v 0.34904497 -0.33886272 0.34436213
v 0.34904497 -0.33886272 0.34277870
v 0.17486036 -0.36185325 0.34210769
v 0.17486036 -0.35938580 0.34210769
v 0.08743314 -0.37294320 0.34210769
v 0.08743314 -0.37047456 0.34210769
v 0.00000592 -0.37442722 0.34210769
v 0.00000592 -0.37195858 0.34210769
v -0.08742130 -0.37294320 0.34210769
v -0.08742130 -0.37047456 0.34210769
v 0.26228757 -0.33503905 0.34436213
v 0.34904497 -0.33503905 0.34436213
v 0.34904497 -0.33503905 0.34277870
v 0.26228757 -0.33503905 0.34277870
v -0.26227692 -0.33503905 0.34436213
v -0.17484970 -0.35870769 0.34436213
v -0.17484970 -0.35870769 0.34277870
v -0.26227692 -0.33503905 0.34277870
v -0.08742130 -0.36979763 0.34436213
v -0.08742130 -0.36979763 0.34277870
v 0.00000592 -0.37128047 0.34436213
v 0.00000592 -0.37128047 0.34277870
v 0.08743314 -0.36979763 0.34436213
v 0.08743314 -0.36979763 0.34277870
v 0.17486036 -0.35870769 0.34436213
v 0.17486036 -0.35870769 0.34277870
v -0.34903314 -0.33503905 0.34277870
v -0.34903314 -0.33523905 0.34230414
v -0.34942012 -0.33532426 0.34239172
v -0.34950769 -0.33523432 0.34277870
v -0.34950769 -0.33571361 0.34230414
v -0.34942012 -0.33532426 0.34239172
v -0.34903314 -0.33523905 0.34230414
v -0.34970414 -0.33571006 0.34277870
v -0.34950769 -0.33523432 0.34277870
v -0.34942012 -0.33532426 0.34239172
v -0.34950769 -0.33571361 0.34230414
v -0.34903314 -0.33866391 0.34230414
v -0.34942012 -0.33857751 0.34239172
v -0.34950769 -0.33818817 0.34230414
v -0.34950769 -0.33866627 0.34277870
v -0.34942012 -0.33857751 0.34239172
v -0.34903314 -0.33866391 0.34230414
v -0.34970414 -0.33819172 0.34277870
v -0.34950769 -0.33818817 0.34230414
v -0.34942012 -0.33857751 0.34239172
v -0.34950769 -0.33866627 0.34277870
v -0.34903314 -0.33503905 0.38631834
v -0.34950769 -0.33523550 0.38631834
v -0.34942012 -0.33532426 0.38670533
v -0.34903314 -0.33523787 0.38679290
v -0.34950769 -0.33571361 0.38679290
v -0.34942012 -0.33532426 0.38670533
v -0.34950769 -0.33523550 0.38631834
v -0.34903314 -0.33523787 0.38679290
v -0.34942012 -0.33532426 0.38670533
v -0.34950769 -0.33571361 0.38679290
v -0.34903314 -0.33886272 0.38631834
v -0.34903314 -0.33866272 0.38679290
v -0.34942012 -0.33857751 0.38670533
v -0.34950769 -0.33866746 0.38631834
v -0.34950769 -0.33818817 0.38679290
v -0.34942012 -0.33857751 0.38670533
v -0.34903314 -0.33866272 0.38679290
v -0.34950769 -0.33866746 0.38631834
v -0.34942012 -0.33857751 0.38670533
v -0.34950769 -0.33818817 0.38679290
v 0.34951953 -0.33523550 0.34277870
v 0.34943195 -0.33532426 0.34239172
v 0.34904497 -0.33523787 0.34230414
v 0.34951953 -0.33571361 0.34230414
v 0.34943195 -0.33532426 0.34239172
v 0.34951953 -0.33523550 0.34277870
v 0.34904497 -0.33523787 0.34230414
v 0.34943195 -0.33532426 0.34239172
v 0.34951953 -0.33571361 0.34230414
v 0.34904497 -0.33866272 0.34230414
v 0.34943195 -0.33857751 0.34239172
v 0.34951953 -0.33866746 0.34277870
v 0.34951953 -0.33818817 0.34230414
v 0.34943195 -0.33857751 0.34239172
v 0.34904497 -0.33866272 0.34230414
v 0.34951953 -0.33866746 0.34277870
v 0.34943195 -0.33857751 0.34239172
v 0.34951953 -0.33818817 0.34230414
v 0.34951953 -0.33571361 0.38679290
v 0.34943195 -0.33532426 0.38670533
v 0.34904497 -0.33523905 0.38679290
v 0.34971598 -0.33571006 0.38631834
v 0.34951953 -0.33523432 0.38631834
v 0.34943195 -0.33532426 0.38670533
v 0.34951953 -0.33571361 0.38679290
v 0.34904497 -0.33503905 0.38631834
v 0.34904497 -0.33523905 0.38679290
v 0.34943195 -0.33532426 0.38670533
v 0.34951953 -0.33523432 0.38631834
v 0.34904497 -0.33886272 0.38631834
v 0.34951953 -0.33866627 0.38631834
v 0.34943195 -0.33857751 0.38670533
v 0.34904497 -0.33866391 0.38679172
v 0.34971598 -0.33819172 0.38631834
v 0.34951953 -0.33818817 0.38679290
v 0.34943195 -0.33857751 0.38670533
v 0.34951953 -0.33866627 0.38631834
v 0.34904497 -0.33866391 0.38679172
v 0.34943195 -0.33857751 0.38670533
v 0.34951953 -0.33818817 0.38679290
v -0.34903314 -0.33503905 0.34436213
v -0.34950769 -0.33523432 0.34436213
v -0.34950769 -0.33523432 0.34436213
v -0.34970414 -0.33571006 0.34436213
v -0.34903314 -0.33886272 0.38499882
v -0.34950769 -0.33866746 0.38499882
v -0.34950769 -0.33866746 0.38499882
v -0.26227692 -0.33503905 0.38631834
v -0.26225799 -0.33524260 0.38679290
v -0.26225799 -0.33524260 0.38679290
v 0.26228757 -0.33886272 0.38631834
v 0.26230651 -0.33865917 0.38679290
v 0.26230651 -0.33865917 0.38679290
v 0.34904497 -0.33503905 0.38499882
v 0.34951953 -0.33523432 0.38499882
v 0.34951953 -0.33523432 0.38499882
v 0.34971598 -0.33571006 0.38499882
v 0.34951953 -0.33866746 0.34436213
v 0.34951953 -0.33866746 0.34436213
v 0.26226982 -0.33524260 0.34230414
v 0.26226982 -0.33524260 0.34230414
v -0.26229467 -0.33865917 0.34230414
v -0.26229467 -0.33865917 0.34230414
v 0.26228757 -0.33503905 0.38631834
v 0.26226982 -0.33524260 0.38679290
v 0.26226982 -0.33524260 0.38679290
v 0.17486036 -0.35870769 0.38631834
v 0.17483314 -0.35891243 0.38679290
v 0.17483314 -0.35891243 0.38679290
v 0.08743314 -0.36979763 0.38631834
v 0.08742367 -0.36999645 0.38679290
v 0.08742367 -0.36999645 0.38679290
v 0.00000592 -0.37128047 0.38631834
v 0.00000592 -0.37147929 0.38679290
v 0.00000592 -0.37147929 0.38679290
v -0.08742130 -0.36979763 0.38631834
v -0.08741183 -0.36999645 0.38679290
v -0.08741183 -0.36999645 0.38679290
v -0.17484970 -0.35870769 0.38631834
v -0.17482249 -0.35891243 0.38679290
v -0.17482249 -0.35891243 0.38679290
v -0.26227692 -0.33886272 0.38631834
v -0.26229467 -0.33865917 0.38679290
v -0.26229467 -0.33865917 0.38679290
v -0.17484970 -0.36253136 0.38631834
v -0.17487574 -0.36232663 0.38679290
v -0.17487574 -0.36232663 0.38679290
v -0.08742130 -0.37362130 0.38631834
v -0.08743195 -0.37342130 0.38679290
v -0.08743195 -0.37342130 0.38679290
v 0.00000592 -0.37510533 0.38631834
v 0.00000592 -0.37490651 0.38679290
v 0.00000592 -0.37490651 0.38679290
v 0.08743314 -0.37362130 0.38631834
v 0.08744260 -0.37342130 0.38679290
v 0.08744260 -0.37342130 0.38679290
v 0.17486036 -0.36253136 0.38631834
v 0.17488757 -0.36232663 0.38679290
v 0.17488757 -0.36232663 0.38679290
v -0.26225799 -0.33524260 0.34230414
v -0.26225799 -0.33524260 0.34230414
v -0.17482249 -0.35891243 0.34230414
v -0.17482249 -0.35891243 0.34230414
v -0.08741183 -0.36999645 0.34230414
v -0.08741183 -0.36999645 0.34230414
v 0.00000592 -0.37147929 0.34230414
v 0.00000592 -0.37147929 0.34230414
v 0.08742367 -0.36999645 0.34230414
v 0.08742367 -0.36999645 0.34230414
v 0.17483314 -0.35891243 0.34230414
v 0.17483314 -0.35891243 0.34230414
v 0.26230651 -0.33865917 0.34230414
v 0.26230651 -0.33865917 0.34230414
v 0.17488757 -0.36232663 0.34230414
v 0.17488757 -0.36232663 0.34230414
v 0.08744260 -0.37342130 0.34230414
v 0.08744260 -0.37342130 0.34230414
v 0.00000592 -0.37490651 0.34230414
v 0.00000592 -0.37490651 0.34230414
v -0.08743195 -0.37342130 0.34230414
v -0.08743195 -0.37342130 0.34230414
v -0.17487574 -0.36232663 0.34230414
v -0.17487574 -0.36232663 0.34230414
v -0.26227692 -0.33503905 0.38499882
v -0.34903314 -0.33503905 0.38499882
v 0.34951953 -0.33866627 0.38499882
v 0.34971598 -0.33819172 0.38499882
v 0.34904497 -0.33886272 0.38499882
v 0.34951953 -0.33866627 0.38499882
v 0.34951953 -0.33523550 0.34436213
v 0.34951953 -0.33523550 0.34436213
v -0.34950769 -0.33866627 0.34436213
v -0.34970414 -0.33819172 0.34436213
v -0.34950769 -0.33866627 0.34436213
v -0.34950769 -0.33523550 0.38499882
v -0.34950769 -0.33523550 0.38499882
v 0.26228757 -0.33503905 0.38499882
v 0.17486036 -0.35870769 0.38499882
v 0.08743314 -0.36979763 0.38499882
v 0.00000592 -0.37128047 0.38499882
v -0.08742130 -0.36979763 0.38499882
v -0.17484970 -0.35870769 0.38499882
v 0.26228757 -0.33886272 0.38499882
v -0.26227692 -0.33886272 0.38499882
v -0.17484970 -0.36253136 0.38499882
v -0.08742130 -0.37362130 0.38499882
v 0.00000592 -0.37510533 0.38499882
v 0.08743314 -0.37362130 0.38499882
v 0.17486036 -0.36253136 0.38499882
v 0.33516331 -0.30536805 -0.46772189
v 0.34964497 -0.30536805 -0.46772189
v 0.34964497 -0.30536805 -0.44082840
v 0.33516331 -0.30536805 -0.44082840
v -0.33136095 -0.30536805 0.46887929
v -0.33136095 -0.30536805 0.47633136
v -0.34964497 -0.30536805 0.49461538
v -0.34964497 -0.30536805 0.48678935
v 0.35502959 0.35755621 -0.16012663
v 0.35502959 0.36052663 -0.37578225
v 0.35502959 0.36972071 -0.37580118
v 0.35502959 0.36972071 -0.16014083
v 0.35502959 0.14356450 -0.47006036
v 0.35502959 0.28971361 -0.47082130
v 0.35502959 0.28971124 -0.44702722
v 0.35502959 0.14356331 -0.44550414
v 0.31196331 0.27674675 -0.35207101
v 0.32544379 0.27674675 -0.35207101
v 0.32544379 0.30293018 -0.35207101
v 0.31196331 0.30293018 -0.35207101
v -0.35502959 0.36972071 0.48684142
v -0.35502959 0.34864497 0.48684260
v -0.35502959 0.34853728 0.49461538
v -0.35502959 0.36972071 0.49461538
v -0.32115148 -0.30536805 -0.35798817
v -0.33136095 -0.30536805 -0.35798817
v -0.34964497 -0.30536805 -0.40887929
v -0.33887337 -0.30536805 -0.40887929
v 0.33516331 0.36972071 0.50000000
v 0.33516331 0.34846391 0.50000000
v 0.34964615 0.34846391 0.50000000
v 0.34964615 0.36972071 0.50000000
v -0.34964497 0.36060710 -0.38165680
v -0.34964497 0.34509349 -0.38581420
v -0.35345207 0.34513964 -0.38406627
v -0.35345207 0.36058343 -0.37993609
v 0.35502959 -0.29481065 -0.16496923
v 0.35502959 -0.29998343 -0.16476331
v 0.35502959 -0.29998343 -0.40916805
v 0.35502959 -0.29480355 -0.40944142
v 0.31763550 -0.30536805 0.47633136
v 0.33136095 -0.30536805 0.47633136
v 0.34964615 -0.30536805 0.49461538
v 0.33516331 -0.30536805 0.49461538
v -0.35502959 0.15029586 -0.41256923
v -0.35502959 0.29866154 -0.41361065
v -0.35502959 0.28971124 -0.44702722
v -0.35502959 0.14356331 -0.44550414
v 0.35502959 0.29866154 -0.41361183
v 0.35502959 0.15029586 -0.41256923
v 0.31196331 -0.30536805 0.44674556
v 0.32544379 -0.30536805 0.44674556
v -0.32544379 -0.30536805 0.43961065
v -0.32544379 -0.30536805 0.44674556
v 0.32544379 -0.30536805 -0.15415030
v 0.32544379 -0.30536805 -0.35207101
v 0.33136095 -0.30536805 -0.35798817
v 0.33136095 -0.30536805 -0.15127101
v -0.31541657 -0.30536805 -0.35207101
v -0.32544379 -0.30536805 -0.35207101
v 0.31196331 0.30293018 0.43961065
v 0.32544379 0.30293018 0.43961065
v 0.32544379 0.30293018 0.44674556
v 0.31196331 0.30293018 0.44674556
v -0.32544379 0.27674675 -0.15415030
v -0.32544379 0.27674675 -0.35207101
v -0.32544379 0.30293018 -0.35207101
v -0.32544379 0.30293018 -0.15415030
v 0.32544379 0.27674675 0.43961065
v 0.32544379 0.27674675 0.44674556
v 0.32544379 0.30293018 0.44674556
v 0.32544379 0.30293018 0.43961065
v -0.31541657 0.27674675 0.44674556
v -0.32544379 0.27674675 0.44674556
v -0.32544379 0.30293018 0.44674556
v -0.31541657 0.30293018 0.44674556
v 0.34964497 -0.30536805 -0.40887929
v 0.34964497 -0.30536805 -0.16454556
v -0.35345207 0.30476331 0.49842367
v -0.35345207 0.29519527 0.49842367
v -0.34964497 0.29517988 0.50000000
v -0.34964497 0.30466154 0.50000000
v 0.35502959 0.33939290 0.48681538
v 0.35502959 0.34864497 0.48684142
v 0.35502959 0.34853728 0.49461538
v 0.35502959 0.33935503 0.49461538
v 0.35345325 0.33933964 0.49842249
v 0.35345325 0.34848521 0.49842249
v 0.34964615 0.33933609 0.50000000
v -0.33887337 0.34505444 -0.38582367
v -0.33887337 0.36060710 -0.38165680
v -0.33887337 0.29517988 -0.44708402
v -0.34964497 0.29517988 -0.44708402
v -0.34964497 0.30394556 -0.41437041
v -0.33887337 0.30394556 -0.41437041
v -0.35502959 -0.29483314 0.48678462
v -0.35502959 -0.29998343 0.48678698
v -0.35502959 -0.29998343 0.49461538
v -0.35502959 -0.29483314 0.49461538
v 0.34964497 0.30394556 -0.41437041
v 0.33516331 0.30394556 -0.41437041
v 0.33516331 0.31410888 -0.40420710
v 0.34964497 0.31385325 -0.40446272
v -0.35345207 0.31344260 -0.40311124
v -0.35345207 0.30239763 -0.41414793
v -0.35502959 0.31276450 -0.39953964
v 0.33516331 -0.29483432 0.50000000
v 0.33516331 -0.29998343 0.50000000
v 0.34964615 -0.29998343 0.50000000
v 0.34964615 -0.29483432 0.50000000
v 0.33516331 -0.30536805 -0.40887929
v -0.33887337 0.37510533 0.48683787
v -0.34964497 0.37510533 0.48683787
v -0.34964497 0.37510533 0.49461538
v -0.33887337 0.37510533 0.49461538
v 0.33516331 -0.29488047 -0.50000000
v 0.34964497 -0.29488047 -0.50000000
v 0.34964497 -0.29998343 -0.50000000
v 0.33516331 -0.29998343 -0.50000000
v -0.34964497 0.36972071 -0.38165680
v -0.33887337 0.36972071 -0.38165680
v 0.33516331 0.29517988 -0.47084970
v 0.34964497 0.29517988 -0.47084970
v 0.34964497 0.29517988 -0.49461538
v 0.33516331 0.29517988 -0.49461538
v 0.35502959 0.29523195 0.49461538
v 0.35502959 0.30491953 0.49461538
v 0.35345325 0.30476331 0.49842249
v 0.35345325 0.29519527 0.49842249
v -0.35502959 -0.29998343 -0.49461538
v -0.35345207 -0.29998343 -0.49842249
v -0.35275385 -0.30309231 -0.49772426
v -0.35345207 -0.30379053 -0.49461538
v -0.34964497 -0.29998343 -0.50000000
v -0.34964497 -0.30379053 -0.49842249
v -0.35275385 -0.30309231 -0.49772426
v -0.35345207 -0.29998343 -0.49842249
v -0.34964497 -0.30536805 -0.49461538
v -0.35345207 -0.30379053 -0.49461538
v -0.35275385 -0.30309231 -0.49772426
v -0.34964497 -0.30379053 -0.49842249
v 0.35345207 -0.29998343 -0.49842249
v 0.35275385 -0.30309231 -0.49772426
v 0.34964497 -0.30379053 -0.49842249
v 0.35502959 -0.29998343 -0.49461538
v 0.35345207 -0.30379053 -0.49461538
v 0.35275385 -0.30309231 -0.49772426
v 0.35345207 -0.29998343 -0.49842249
v 0.34964497 -0.30536805 -0.49461538
v 0.34964497 -0.30379053 -0.49842249
v 0.35275385 -0.30309231 -0.49772426
v 0.35345207 -0.30379053 -0.49461538
v -0.34964497 0.36972071 0.50000000
v -0.34964497 0.37352781 0.49842367
v -0.35275385 0.37282959 0.49772426
v -0.35345207 0.36972071 0.49842367
v -0.35345207 0.37352781 0.49461538
v -0.35275385 0.37282959 0.49772426
v -0.34964497 0.37352781 0.49842367
v -0.35345207 0.36972071 0.49842367
v -0.35275385 0.37282959 0.49772426
v -0.35345207 0.37352781 0.49461538
v 0.34964615 0.37510533 0.49461538
v 0.34964615 0.37352781 0.49842249
v 0.35275385 0.37282959 0.49772426
v 0.35345325 0.37352781 0.49461538
v 0.35345325 0.36972071 0.49842249
v 0.35275385 0.37282959 0.49772426
v 0.34964615 0.37352781 0.49842249
v 0.35502959 0.36972071 0.49461538
v 0.35345325 0.37352781 0.49461538
v 0.35275385 0.37282959 0.49772426
v 0.35345325 0.36972071 0.49842249
v 0.35344497 0.36972071 -0.37994793
v 0.35275385 0.37282959 -0.37928166
v 0.35345207 0.37352781 -0.37603669
v 0.34964497 0.36972071 -0.38165680
v 0.34964497 0.37352781 -0.38007929
v 0.35275385 0.37282959 -0.37928166
v 0.35344497 0.36972071 -0.37994793
v 0.34964497 0.37510533 -0.37627219
v 0.35345207 0.37352781 -0.37603669
v 0.35275385 0.37282959 -0.37928166
v 0.34964497 0.37352781 -0.38007929
v -0.35502959 0.36972071 -0.37580118
v -0.35345207 0.37352781 -0.37603669
v -0.35275385 0.37282959 -0.37928166
v -0.35345207 0.36972071 -0.37984379
v -0.34964497 0.37510533 -0.37627219
v -0.34964497 0.37352781 -0.38017751
v -0.35275385 0.37282959 -0.37928166
v -0.35345207 0.37352781 -0.37603669
v -0.35345207 0.36972071 -0.37984379
v -0.35275385 0.37282959 -0.37928166
v -0.34964497 0.37352781 -0.38017751
v -0.35345207 -0.30379053 0.49461538
v -0.35275385 -0.30309231 0.49772426
v -0.35345207 -0.29998343 0.49842367
v -0.34964497 -0.30379053 0.49842367
v -0.35275385 -0.30309231 0.49772426
v -0.35345207 -0.30379053 0.49461538
v -0.34964497 -0.29998343 0.50000000
v -0.35345207 -0.29998343 0.49842367
v -0.35275385 -0.30309231 0.49772426
v -0.34964497 -0.30379053 0.49842367
v 0.34964615 -0.30379053 0.49842249
v 0.35275385 -0.30309231 0.49772426
v 0.35345325 -0.29998343 0.49842249
v 0.35345325 -0.30379053 0.49461538
v 0.35275385 -0.30309231 0.49772426
v 0.34964615 -0.30379053 0.49842249
v 0.35502959 -0.29998343 0.49461538
v 0.35345325 -0.29998343 0.49842249
v 0.35275385 -0.30309231 0.49772426
v 0.35345325 -0.30379053 0.49461538
v -0.35502959 0.28971479 -0.49461538
v -0.35345089 0.29357988 -0.49461538
v -0.35275385 0.29288757 -0.49772426
v -0.35345207 0.28975503 -0.49842249
v -0.34964497 0.29517988 -0.49461538
v -0.34964497 0.29360355 -0.49842249
v -0.35275385 0.29288757 -0.49772426
v -0.35345089 0.29357988 -0.49461538
v -0.34964497 0.28979645 -0.50000000
v -0.35345207 0.28975503 -0.49842249
v -0.35275385 0.29288757 -0.49772426
v -0.34964497 0.29360355 -0.49842249
v 0.35502959 0.28971479 -0.49461538
v 0.35345207 0.28975503 -0.49842249
v 0.35275385 0.29288757 -0.49772426
v 0.35345207 0.29356213 -0.49461538
v 0.34964497 0.28979645 -0.50000000
v 0.34964497 0.29362012 -0.49842249
v 0.35275385 0.29288757 -0.49772426
v 0.35345207 0.28975503 -0.49842249
v 0.35345207 0.29356213 -0.49461538
v 0.35275385 0.29288757 -0.49772426
v 0.34964497 0.29362012 -0.49842249
v -0.34964497 -0.29488047 -0.50000000
v -0.35345207 -0.29488047 -0.49842249
v -0.35345207 -0.29488047 -0.49842249
v -0.35502959 -0.29488166 -0.49461538
v 0.33516331 -0.30379053 -0.49842249
v 0.33516331 -0.30379053 -0.49842249
v 0.33516331 -0.30536805 -0.49461538
v -0.33887337 0.37352781 0.49842367
v -0.33887337 0.37352781 0.49842367
v -0.33887337 0.36972071 0.50000000
v -0.35345207 -0.29483432 0.49842367
v -0.35345207 -0.29483432 0.49842367
v -0.34964497 -0.29483432 0.50000000
v 0.33516331 -0.30379053 0.49842249
v 0.33516331 -0.30379053 0.49842249
v 0.35345325 0.34848521 0.49842249
v 0.34964615 0.37510533 0.48683787
v 0.35345325 0.37352781 0.48684024
v 0.35345325 0.37352781 0.48684024
v 0.35502959 0.36972071 0.48684142
v 0.35345207 -0.30379053 -0.46773018
v 0.35345207 -0.30379053 -0.46773018
v 0.35502959 -0.29998343 -0.46775030
v -0.35345207 -0.30379053 0.48678935
v -0.35345207 -0.30379053 0.48678935
v 0.35345207 -0.30379053 -0.40896331
v 0.35345325 -0.30379053 -0.16460947
v 0.35345325 -0.30379053 -0.16460947
v 0.35345207 -0.30379053 -0.40896331
v -0.34964497 -0.30536805 -0.44082840
v -0.35345207 -0.30379053 -0.40896331
v -0.35345207 -0.30379053 -0.44084497
v -0.35345207 -0.30379053 -0.44084497
v -0.35345207 -0.30379053 -0.40896331
v -0.35502959 -0.29998343 -0.40916805
v -0.35502959 -0.29998343 -0.44088402
v -0.34964497 0.37510533 -0.16049467
v -0.35345207 0.37352781 -0.16031716
v -0.35345207 0.37352781 -0.16031716
v -0.35502959 0.36972071 -0.16013964
v 0.33516331 0.37510533 -0.37627219
v 0.33516331 0.37352781 -0.38008166
v 0.33516331 0.37352781 -0.38008166
v 0.33516331 0.36972071 -0.38165680
v -0.35502959 0.30491953 0.49461538
v -0.35502959 0.29523195 0.49461538
v -0.35345207 0.29519527 0.49842367
v -0.35345207 0.30476331 0.49842367
v -0.33887337 0.29517988 0.50000000
v -0.33887337 0.30460118 0.50000000
v 0.34964497 0.14362722 -0.50000000
v 0.35345207 0.14359645 -0.49842249
v 0.35345207 0.14359645 -0.49842249
v 0.35502959 0.14356568 -0.49461538
v -0.35502959 0.30515148 0.48660118
v -0.35502959 0.29526272 0.48650414
v -0.35345207 0.34848521 0.49842367
v -0.35345207 0.33933964 0.49842367
v -0.34964497 0.33933609 0.50000000
v -0.34964497 0.34846391 0.50000000
v 0.35502959 0.14771598 0.49461538
v 0.35345325 0.14768757 0.49842249
v 0.35345325 0.14768757 0.49842249
v 0.35345325 0.29519527 0.49842249
v 0.34964615 0.29517988 0.50000000
v 0.34964615 0.14767692 0.50000000
v -0.35345207 0.34848521 0.49842367
v 0.35502959 0.29526272 0.48650414
v 0.35502959 0.30515148 0.48660118
v 0.33516331 0.33934201 0.50000000
v 0.35345325 0.33933964 0.49842249
v 0.33516331 0.30460118 0.50000000
v 0.33516331 0.29517988 0.50000000
v 0.34964615 0.30466154 0.50000000
v -0.33887337 0.28979645 -0.50000000
v -0.33887337 0.29360355 -0.49842249
v -0.33887337 0.29360355 -0.49842249
v -0.33887337 0.29517988 -0.49461538
v -0.34964497 0.31385325 -0.40446272
v -0.35345207 0.30239763 -0.41414793
v -0.35345207 0.31344260 -0.40311124
v -0.35502959 0.29781183 -0.18858225
v -0.35502959 0.31068402 -0.17870533
v -0.33887337 0.31410888 -0.40420710
v -0.35345207 0.36058343 -0.37993609
v -0.35345207 0.34513964 -0.38406627
v -0.35502959 0.34517160 -0.37987101
v -0.35502959 0.36052663 -0.37578225
v -0.35345207 0.29357870 -0.44706746
v -0.35345207 0.29357870 -0.44706746
v 0.35345207 -0.30379053 -0.44084497
v 0.35345207 -0.30379053 -0.44084497
v 0.35502959 -0.29998343 -0.44088402
v 0.34964497 0.29517988 -0.44708402
v 0.35345207 0.30239763 -0.41414793
v 0.35345207 0.29357870 -0.44706746
v 0.35345207 0.29357870 -0.44706746
v 0.35345207 0.30239763 -0.41414793
v 0.34964497 0.34509349 -0.38581420
v 0.34964497 0.36060710 -0.38165680
v 0.35345207 0.36058343 -0.37993609
v 0.35345207 0.34513964 -0.38406746
v 0.35502959 0.34517160 -0.37987101
v 0.35502959 0.34374083 -0.16302485
v 0.33516331 0.34505444 -0.38582485
v 0.33516331 0.36060710 -0.38165680
v 0.35345207 0.31344260 -0.40311124
v 0.35502959 0.31276450 -0.39953964
v 0.35345207 0.36058343 -0.37993609
v -0.34964497 0.29517988 -0.47084970
v -0.35345207 0.29357988 -0.47084142
v -0.35345207 0.29357988 -0.47084142
v -0.35502959 0.28971361 -0.47082130
v 0.35345207 0.29357041 -0.47084142
v 0.35345207 0.29357041 -0.47084142
v -0.34964497 -0.30536805 -0.46772189
v -0.35345207 -0.30379053 -0.46773018
v -0.35345207 -0.30379053 -0.46773018
v -0.35502959 -0.29998343 -0.46775030
v -0.35502959 0.14356450 -0.47006036
v -0.35502959 0.14356568 -0.49461538
v -0.17036450 0.29360710 -0.49842249
v -0.17036450 0.29517988 -0.49461538
v -0.17036450 0.28979645 -0.50000000
v -0.17036450 0.29360710 -0.49842249
v -0.33887337 0.37352781 -0.38017633
v -0.33887337 0.37510533 -0.37627219
v -0.33887337 0.37352781 -0.38017633
v -0.33887337 -0.30379053 0.49842367
v -0.33887337 -0.29998343 0.50000000
v -0.33887337 -0.30536805 0.49461538
v -0.33887337 -0.30379053 0.49842367
v -0.17036331 0.37352781 0.49842249
v -0.17036331 0.36972071 0.50000000
v -0.17036331 0.37510533 0.49461538
v -0.17036331 0.37352781 0.49842249
v -0.33887337 -0.30379053 -0.49842249
v -0.33887337 -0.30536805 -0.49461538
v -0.33887337 -0.29998343 -0.50000000
v -0.33887337 -0.30379053 -0.49842249
v -0.33887337 0.34846391 0.50000000
v -0.33887337 0.33934201 0.50000000
v -0.17036331 0.33934438 0.50000000
v -0.17036331 0.34846391 0.50000000
v -0.33887337 0.29517988 -0.47084970
v -0.17036450 0.36060710 -0.38165680
v -0.17036450 0.36972071 -0.38165680
v -0.33887337 -0.29488047 -0.50000000
v -0.17036450 0.37510533 0.48683787
v -0.33887337 -0.30536805 -0.44082840
v -0.33887337 -0.29483432 0.50000000
v 0.16665444 0.34846391 0.50000000
v 0.16665444 0.33934438 0.50000000
v -0.17036450 0.29517988 -0.44708402
v -0.17036450 0.30394556 -0.41437041
v -0.17036450 0.34503195 -0.38583077
v -0.15857160 0.27674675 0.44674556
v -0.15857160 0.30293018 0.44674556
v -0.32544379 0.30293018 0.43961065
v -0.31541657 0.30293018 0.43961065
v -0.31541657 0.30293018 0.44674556
v -0.32544379 0.30293018 0.44674556
v -0.15857160 -0.30536805 -0.35207101
v -0.16145444 -0.30536805 -0.35798817
v -0.31541657 -0.30536805 0.44674556
v -0.32115148 -0.30536805 0.47633136
v -0.17036450 -0.30536805 -0.40887929
v -0.32544379 0.27674675 -0.35207101
v -0.31541657 0.27674675 -0.35207101
v -0.31541657 0.30293018 -0.35207101
v -0.32544379 0.30293018 -0.35207101
v -0.33887337 -0.30536805 -0.46772189
v 0.31763550 -0.30536805 -0.35798817
v 0.31196331 -0.30536805 -0.35207101
v 0.32544379 0.27674675 0.44674556
v 0.31196331 0.27674675 0.44674556
v 0.31196331 0.30293018 0.44674556
v 0.32544379 0.30293018 0.44674556
v 0.35345207 0.31344260 -0.40311124
v 0.33516331 0.29517988 -0.44708402
v 0.35345207 0.34513964 -0.38406746
v 0.33516331 0.37510533 0.48683787
v 0.33516331 0.37510533 0.49461538
v 0.33516331 0.37352781 0.49842249
v 0.33516331 0.37352781 0.49842249
v 0.33516331 0.28979645 -0.50000000
v 0.33516331 0.29362012 -0.49842249
v 0.33516331 0.29362012 -0.49842249
v 0.16665444 0.37352781 -0.38010533
v 0.16665444 0.36972071 -0.38165680
v 0.16665444 0.37510533 -0.37627219
v 0.16665444 0.37352781 -0.38010533
v 0.16665444 -0.30379053 0.49842249
v 0.16665444 -0.29998343 0.50000000
v 0.16665444 -0.30536805 0.49461538
v 0.16665444 -0.30379053 0.49842249
v 0.16665325 -0.30379053 -0.49842249
v 0.16665325 -0.30536805 -0.49461538
v 0.16665325 -0.29998343 -0.50000000
v 0.16665325 -0.30379053 -0.49842249
v 0.16665444 0.30456686 0.50000000
v 0.16665444 0.29517988 0.50000000
v 0.16665325 0.29517988 -0.47084970
v 0.16665325 0.29517988 -0.49461538
v 0.16665325 -0.29488047 -0.50000000
v 0.16665444 -0.30536805 -0.44082840
v 0.16665444 -0.30536805 -0.40887929
v 0.16665444 -0.29483432 0.50000000
v 0.16665444 0.30394556 -0.41437041
v 0.16665444 0.31425562 -0.40406036
v 0.15511834 0.30293018 0.43961065
v 0.15511834 0.30293018 0.44674556
v 0.15511834 -0.30536805 0.44674556
v 0.15793846 -0.30536805 0.47633136
v 0.16665444 0.36972071 0.50000000
v 0.15511834 0.27674675 -0.35207101
v 0.15511834 0.30293018 -0.35207101
v 0.16665325 -0.30536805 -0.46772189
v 0.16665444 -0.14733018 0.50000000
v 0.33516331 -0.14733018 0.50000000
v 0.16665325 -0.14871124 -0.50000000
v 0.33516331 -0.14871124 -0.50000000
v -0.34964497 -0.14733018 0.50000000
v -0.33887337 -0.14733018 0.50000000
v -0.34964497 -0.14871124 -0.50000000
v -0.33887337 -0.14871124 -0.50000000
v -0.35502959 -0.29488166 -0.46777633
v 0.35345325 -0.29483432 0.49842249
v 0.35502959 -0.29483314 0.49461538
v 0.35345325 -0.29483432 0.49842249
v 0.35345207 -0.29488047 -0.49842249
v 0.35502959 -0.29488166 -0.49461538
v 0.35345207 -0.29488047 -0.49842249
v -0.35345207 -0.14732663 0.49842367
v -0.35502959 -0.14731716 0.49461538
v -0.35345207 -0.14732663 0.49842367
v -0.35345207 -0.14872189 -0.49842249
v -0.35502959 -0.14873254 -0.49461538
v -0.35345207 -0.14872189 -0.49842249
v 0.34964497 -0.14871124 -0.50000000
v 0.34964615 -0.14733018 0.50000000
v -0.35502959 -0.14730888 0.48671479
v 0.35502959 -0.29488166 -0.44093728
v -0.35502959 -0.29480355 -0.40944142
v -0.35502959 -0.29488166 -0.44093728
v 0.35502959 -0.14665562 -0.17087219
v 0.35502959 -0.14643787 -0.41048402
v 0.35502959 -0.29488166 -0.46777633
v 0.35502959 -0.14731716 0.49461538
v 0.35502959 -0.29483314 0.48678462
v 0.35502959 -0.14730888 0.48671479
v -0.35502959 -0.14709112 0.26751953
v -0.35502959 -0.29482604 0.26953373
v 0.15511834 0.30293018 0.24169112
v 0.31196331 0.30293018 0.24169112
v 0.34964615 0.37510533 0.27106036
v 0.33516331 0.37510533 0.27106036
v -0.32544379 0.30293018 0.24169112
v -0.31541657 0.30293018 0.24169112
v -0.17036450 0.37510533 0.27106036
v -0.33887337 0.37510533 0.27106036
v -0.35345207 0.37352781 0.48684024
v -0.35345207 0.37352781 0.48684024
v 0.35345325 -0.30379053 0.48678817
v 0.35502959 -0.29998343 0.48678698
v 0.34964615 -0.30536805 0.48678935
v 0.35345325 -0.30379053 0.48678817
v -0.35345207 -0.30379053 0.26965680
v -0.35502959 -0.29998343 0.26960355
v -0.34964497 -0.30536805 0.26967811
v -0.35345207 -0.30379053 0.26965680
v 0.35345325 0.37352781 0.27112071
v 0.35502959 0.36972071 0.27118107
v 0.35345325 0.37352781 0.27112071
v -0.34964497 0.37510533 0.27106036
v -0.35502959 0.33935503 0.49461538
v -0.35345207 0.33933964 0.49842367
v -0.35502959 0.35161538 0.27118580
v -0.35502959 0.35458580 0.05553018
v -0.35502959 0.34229941 0.05371479
v -0.35502959 0.34084970 0.27033373
v 0.35502959 0.34084970 0.27033373
v 0.35502959 0.35161538 0.27118580
v 0.33136095 -0.30536805 0.46887929
v 0.32544379 0.27674675 0.24168994
v 0.32544379 0.30293018 0.24168994
v -0.32544379 0.27674675 0.44674556
v -0.32544379 0.27674675 0.43961065
v -0.32544379 0.30293018 0.43961065
v -0.32544379 0.30293018 0.44674556
v 0.32544379 0.30293018 0.24168994
v 0.32544379 -0.30536805 0.43961065
v -0.32544379 -0.30536805 0.24169112
v -0.33136095 -0.30536805 0.26216331
v 0.35502959 0.29611243 0.26147574
v 0.35502959 0.30690769 0.26443432
v -0.35502959 0.36972071 0.27118107
v -0.33136095 -0.30536805 -0.15127101
v -0.34964497 -0.30536805 -0.16454556
v -0.33136095 -0.30536805 0.05544615
v -0.34964497 -0.30536805 0.05256686
v -0.35502959 0.35755621 -0.16012544
v -0.35502959 0.36972071 0.05552071
v 0.35502959 0.31068402 -0.17870533
v 0.35502959 0.29781183 -0.18858225
v 0.35502959 0.29696213 0.03644615
v 0.35502959 0.30874320 0.04264734
v -0.00185444 0.34846391 0.50000000
v -0.00185444 0.33934556 0.50000000
v -0.32544379 -0.30536805 -0.15415030
v -0.32544379 -0.30536805 0.04377041
v 0.31196331 0.30293018 -0.35207101
v 0.32544379 0.30293018 -0.35207101
v 0.32544379 0.30293018 -0.15415030
v 0.31196331 0.30293018 -0.15415030
v 0.32544379 0.30293018 0.04377041
v 0.31196331 0.30293018 0.04377041
v 0.32544379 0.27674675 -0.35207101
v 0.32544379 0.27674675 -0.15415030
v 0.32544379 0.30293018 -0.15415030
v 0.32544379 0.30293018 -0.35207101
v 0.32544379 0.27674675 0.04377041
v 0.32544379 0.30293018 0.04377041
v -0.35502959 0.34374083 -0.16302485
v -0.35502959 0.33939290 0.48681538
v 0.35502959 0.35458580 0.05553018
v 0.35502959 0.34229941 0.05371479
v -0.35502959 -0.29998343 -0.16476213
v -0.35502959 -0.29481065 -0.16496923
v -0.35502959 -0.29998343 0.05242012
v -0.35502959 -0.29481893 0.05228284
v -0.33887337 0.37510533 -0.16049467
v -0.34964497 0.37510533 0.05528284
v -0.33887337 0.37510533 0.05528284
v 0.34964497 0.37510533 -0.16049467
v 0.35345325 0.37352781 -0.16031716
v 0.34964497 0.37510533 0.05528284
v 0.35345325 0.37352781 0.05540118
v 0.35345325 0.37352781 -0.16031716
v 0.35345325 0.37352781 0.05540118
v 0.35502959 0.36972071 0.05552071
v -0.35345207 -0.30379053 -0.16460828
v -0.35345207 -0.30379053 0.05252426
v -0.35345207 -0.30379053 -0.16460828
v -0.35345207 -0.30379053 0.05252426
v -0.17036450 0.37510533 -0.37627219
v -0.17036450 0.37510533 -0.16049467
v -0.17036450 0.37510533 0.05528284
v -0.32544379 0.30293018 -0.35207101
v -0.31541657 0.30293018 -0.35207101
v -0.31541657 0.30293018 -0.15415030
v -0.32544379 0.30293018 -0.15415030
v -0.31541657 0.30293018 0.04377041
v -0.32544379 0.30293018 0.04377041
v 0.33516331 0.37510533 -0.16049467
v 0.33516331 0.37510533 0.05528284
v 0.15511834 0.30293018 -0.35207101
v 0.15511834 0.30293018 -0.15415030
v 0.15511834 0.30293018 0.04377041
v -0.35502959 -0.14643787 -0.41048402
v -0.35502959 -0.14665562 -0.17087219
v -0.35502959 -0.14687337 0.04832308
v 0.35502959 -0.29482604 0.26953373
v 0.35502959 -0.14709112 0.26751834
v 0.35502959 -0.29481893 0.05228284
v 0.35502959 -0.14687337 0.04832308
v -0.35345207 0.37352781 0.27112071
v -0.35345207 0.37352781 0.05540118
v -0.35345207 0.37352781 0.27112071
v -0.35345207 0.37352781 0.05540118
v 0.35345325 -0.30379053 0.26965562
v 0.35502959 -0.29998343 0.26960355
v 0.35345325 -0.30379053 0.05252308
v 0.35502959 -0.29998343 0.05242012
v 0.34964615 -0.30536805 0.26967811
v 0.35345325 -0.30379053 0.26965562
v 0.34964497 -0.30536805 0.05256686
v 0.35345325 -0.30379053 0.05252308
v -0.35502959 0.30690769 0.26443432
v -0.35502959 0.29611243 0.26147574
v -0.35502959 0.30874320 0.04264734
v -0.35502959 0.29696213 0.03644615
v 0.33136095 -0.30536805 0.26216331
v 0.33136095 -0.30536805 0.05544615
v -0.32544379 0.27674675 0.24169112
v -0.32544379 0.30293018 0.24169112
v -0.32544379 0.27674675 0.04377041
v -0.32544379 0.30293018 0.04377041
v 0.32544379 -0.30536805 0.24168994
v 0.32544379 -0.30536805 0.04377041
v -0.15857160 0.30293018 0.04377041
v -0.15857160 0.30293018 0.24169112
v -0.00172663 0.30293018 0.04377041
v -0.00172663 0.30293018 0.24169112
v -0.15857160 0.30293018 -0.15415030
v -0.00172663 0.30293018 -0.15415030
v -0.15857160 0.30293018 -0.35207101
v -0.00172663 0.30293018 -0.35207101
v 0.16665444 0.37510533 0.05528284
v 0.16665444 0.37510533 0.27106036
v -0.00185444 0.37510533 0.05528284
v -0.00185444 0.37510533 0.27106036
v 0.16665444 0.37510533 -0.16049467
v -0.00185562 0.37510533 -0.16049467
v -0.00185562 0.37510533 -0.37627219
v 0.16665444 0.37510533 0.48683787
v -0.00185444 0.37510533 0.48683787
v -0.15857160 0.30293018 0.43961065
v -0.00172663 0.30293018 0.43961065
v -0.17036450 -0.14871124 -0.50000000
v -0.17036450 -0.29488047 -0.50000000
v -0.00185562 -0.14871124 -0.50000000
v -0.00185562 -0.29488047 -0.50000000
v -0.17036331 -0.29483432 0.50000000
v -0.17036331 -0.14733018 0.50000000
v -0.00185444 -0.29483432 0.50000000
v -0.00185444 -0.14733018 0.50000000
v -0.17036450 -0.30536805 -0.46772189
v -0.17036450 -0.30536805 -0.44082840
v -0.00185562 -0.30536805 -0.46772189
v -0.00185562 -0.30536805 -0.44082840
v -0.15857160 0.27674675 -0.35207101
v -0.15857160 0.30293018 -0.35207101
v -0.00172663 0.27674675 -0.35207101
v -0.00172663 0.30293018 -0.35207101
v -0.00185444 0.36972071 0.50000000
v -0.16145444 -0.30536805 0.47633136
v -0.17036331 -0.30536805 0.49461538
v -0.00175740 -0.30536805 0.47633136
v -0.00185444 -0.30536805 0.49461538
v -0.15857160 -0.30536805 0.44674556
v -0.00172663 -0.30536805 0.44674556
v -0.15857160 0.30293018 0.44674556
v -0.00172663 0.30293018 0.44674556
v -0.17036450 0.31425562 -0.40406036
v 0.16665444 0.34503195 -0.38583077
v -0.00185562 0.34502367 -0.38583195
v -0.00185562 0.36060710 -0.38165680
v 0.16665444 0.36060710 -0.38165680
v -0.17036331 -0.29998343 0.50000000
v -0.00185444 -0.29998343 0.50000000
v -0.00185562 -0.30536805 -0.40887929
v -0.17036450 -0.29998343 -0.50000000
v -0.00185562 -0.29998343 -0.50000000
v -0.17036450 0.29517988 -0.47084970
v -0.00185562 0.29517988 -0.47084970
v -0.00185562 0.29517988 -0.49461538
v -0.17036331 0.29517988 0.50000000
v -0.17036331 0.30456686 0.50000000
v -0.00185444 0.29517988 0.50000000
v -0.00185444 0.30455503 0.50000000
v -0.17036450 -0.30379053 -0.49842249
v -0.00185562 -0.30379053 -0.49842249
v -0.17036450 -0.30379053 -0.49842249
v -0.17036450 -0.30536805 -0.49461538
v -0.00185562 -0.30379053 -0.49842249
v -0.00185562 -0.30536805 -0.49461538
v -0.17036331 -0.30379053 0.49842249
v -0.00185444 -0.30379053 0.49842249
v -0.17036331 -0.30379053 0.49842249
v -0.00185444 -0.30379053 0.49842249
v -0.17036450 0.37352781 -0.38015266
v -0.00185562 0.37352781 -0.38012899
v -0.17036450 0.37352781 -0.38015266
v -0.00185562 0.37352781 -0.38012899
v -0.00185562 0.36972071 -0.38165680
v 0.15793846 -0.30536805 -0.35798817
v -0.00175858 -0.30536805 -0.35798817
v 0.15511834 -0.30536805 -0.35207101
v -0.00172663 -0.30536805 -0.35207101
v 0.15511834 0.27674675 0.44674556
v 0.15511834 0.30293018 0.44674556
v -0.00172663 0.27674675 0.44674556
v -0.00172663 0.30293018 0.44674556
v 0.16665444 0.29517988 -0.44708402
v -0.00185562 0.29517988 -0.44708402
v -0.00185562 0.30394556 -0.41437041
v -0.00185562 0.31430296 -0.40401302
v 0.16665444 0.37510533 0.49461538
v -0.00185444 0.37510533 0.49461538
v 0.16665444 0.37352781 0.49842249
v -0.00185444 0.37352781 0.49842249
v 0.16665444 0.37352781 0.49842249
v -0.00185444 0.37352781 0.49842249
v 0.16665325 0.28979645 -0.50000000
v 0.16665325 0.29361538 -0.49842249
v -0.00185562 0.28979645 -0.50000000
v -0.00185562 0.29361183 -0.49842249
v 0.16665325 0.29361538 -0.49842249
v -0.00185562 0.29361183 -0.49842249
v -0.00172663 -0.29165680 0.44674556
v -0.15857160 -0.29165680 0.44674556
v -0.15857160 -0.15329349 0.44674556
v -0.00172663 -0.15329349 0.44674556
v -0.15857160 -0.00121893 0.44674556
v -0.00172663 -0.00121893 0.44674556
v -0.15857160 0.15085562 0.44674556
v -0.00172663 0.15085562 0.44674556
v 0.15511834 -0.29165680 0.44674556
v 0.15511834 -0.15329349 0.44674556
v 0.15511834 -0.00121893 0.44674556
v 0.15511834 0.15085562 0.44674556
v 0.31196331 -0.29165680 0.44674556
v 0.31196331 -0.15329349 0.44674556
v 0.31196331 -0.00121893 0.44674556
v 0.31196331 0.15085562 0.44674556
v -0.00172663 -0.29165680 -0.35207101
v 0.15511834 -0.29165680 -0.35207101
v 0.15511834 -0.15329349 -0.35207101
v -0.00172663 -0.15329349 -0.35207101
v 0.15511834 -0.00121893 -0.35207101
v -0.00172663 -0.00121893 -0.35207101
v 0.15511834 0.15085562 -0.35207101
v -0.00172663 0.15085562 -0.35207101
v -0.15857160 -0.29165680 -0.35207101
v -0.15857160 -0.15329349 -0.35207101
v -0.15857160 -0.00121893 -0.35207101
v -0.15857160 0.15085562 -0.35207101
v -0.31541657 -0.29165680 -0.35207101
v -0.31541657 -0.15329349 -0.35207101
v -0.31541657 -0.00121893 -0.35207101
v -0.31541657 0.15085562 -0.35207101
v -0.32544379 -0.29165680 0.04377041
v -0.32544379 -0.29165680 -0.15415030
v -0.32544379 -0.15329349 -0.15415030
v -0.32544379 -0.15329349 0.04377041
v -0.32544379 -0.00121893 -0.15415030
v -0.32544379 -0.00121893 0.04377041
v -0.32544379 0.15085562 -0.15415030
v -0.32544379 0.15085562 0.04377041
v -0.32544379 -0.29165680 0.24169112
v -0.32544379 -0.15329349 0.24169112
v -0.32544379 -0.00121893 0.24169112
v -0.32544379 0.15085562 0.24169112
v -0.32544379 -0.29165680 0.43961065
v -0.32544379 -0.15329349 0.43961065
v -0.32544379 -0.00121893 0.43961065
v -0.32544379 0.15085562 0.43961065
v 0.32544379 -0.29165680 0.04377041
v 0.32544379 -0.29165680 0.24168994
v 0.32544379 -0.15329349 0.24168994
v 0.32544379 -0.15329349 0.04377041
v 0.32544379 -0.00121893 0.24168994
v 0.32544379 -0.00121893 0.04377041
v 0.32544379 0.15085562 0.24168994
v 0.32544379 0.15085562 0.04377041
v 0.32544379 -0.29165680 -0.15415030
v 0.32544379 -0.15329349 -0.15415030
v 0.32544379 -0.00121893 -0.15415030
v 0.32544379 0.15085562 -0.15415030
v 0.32544379 -0.29165680 -0.35207101
v 0.32544379 -0.15329349 -0.35207101
v 0.32544379 -0.00121893 -0.35207101
v 0.32544379 0.15085562 -0.35207101
v -0.32544379 -0.29165680 0.44674556
v -0.32544379 -0.15329349 0.44674556
v -0.32544379 -0.00121893 0.44674556
v -0.32544379 0.15085562 0.44674556
v 0.32544379 -0.29165680 0.43961065
v 0.32544379 -0.15329349 0.43961065
v 0.32544379 -0.00121893 0.43961065
v 0.32544379 0.15085562 0.43961065
v 0.31196331 -0.29165680 -0.35207101
v 0.31196331 -0.15329349 -0.35207101
v 0.31196331 -0.00121893 -0.35207101
v 0.31196331 0.15085562 -0.35207101
v 0.32544379 -0.29165680 0.44674556
v 0.32544379 -0.15329349 0.44674556
v 0.32544379 -0.00121893 0.44674556
v 0.32544379 0.15085562 0.44674556
v -0.32544379 -0.29165680 -0.35207101
v -0.32544379 -0.15329349 -0.35207101
v -0.32544379 -0.00121893 -0.35207101
v -0.32544379 0.15085562 -0.35207101
v -0.31541657 -0.29165680 0.44674556
v -0.31541657 -0.15329349 0.44674556
v -0.31541657 -0.00121893 0.44674556
v -0.31541657 0.15085562 0.44674556
v -0.32544379 -0.29165680 0.44674556
v -0.32544379 -0.15329349 0.44674556
v -0.32544379 -0.00121893 0.44674556
v -0.32544379 0.15085562 0.44674556
v 0.32544379 -0.29165680 0.44674556
v 0.32544379 -0.15329349 0.44674556
v 0.32544379 -0.00121893 0.44674556
v 0.32544379 0.15085562 0.44674556
v -0.32544379 -0.29165680 -0.35207101
v -0.32544379 -0.15329349 -0.35207101
v -0.32544379 -0.00121893 -0.35207101
v -0.32544379 0.15085562 -0.35207101
v 0.32544379 -0.29165680 -0.35207101
v 0.32544379 -0.15329349 -0.35207101
v 0.32544379 -0.00121893 -0.35207101
v 0.32544379 0.15085562 -0.35207101
v 0.31196331 -0.30536805 -0.35207101
v 0.32544379 -0.30536805 -0.35207101
v -0.32544379 -0.30536805 -0.15415030
v -0.32544379 -0.30536805 -0.35207101
v 0.32544379 -0.30536805 0.43961065
v 0.32544379 -0.30536805 0.44674556
v -0.31541657 -0.30536805 0.44674556
v -0.32544379 -0.30536805 0.44674556
v -0.15857160 -0.30536805 0.44674556
v -0.32544379 -0.30536805 -0.35207101
v -0.31541657 -0.30536805 -0.35207101
v 0.32544379 -0.30536805 0.44674556
v 0.31196331 -0.30536805 0.44674556
v 0.15511834 -0.30536805 -0.35207101
v 0.32544379 -0.30536805 0.24168994
v -0.32544379 -0.30536805 0.44674556
v -0.32544379 -0.30536805 0.43961065
v 0.32544379 -0.30536805 -0.35207101
v 0.32544379 -0.30536805 -0.15415030
v 0.32544379 -0.30536805 0.04377041
v -0.32544379 -0.30536805 0.24169112
v -0.32544379 -0.30536805 0.04377041
v -0.15857160 -0.30536805 -0.35207101
v -0.00172663 -0.30536805 -0.35207101
v 0.15511834 -0.30536805 0.44674556
v -0.00172663 -0.30536805 0.44674556
v -0.35345207 0.32205207 0.49842367
v -0.35502959 0.32213728 0.49461538
v -0.34964497 0.32199882 0.50000000
v -0.35345207 0.32205207 0.49842367
v 0.35502959 0.32213728 0.49461538
v 0.35345325 0.32205207 0.49842249
v 0.35345325 0.30476331 0.49842249
v 0.35345325 0.32205207 0.49842249
v 0.34964615 0.32199882 0.50000000
v -0.35345207 0.32870769 -0.39155621
v -0.34964497 0.32881893 -0.39318462
v -0.35502959 0.32850651 -0.38754201
v -0.35345207 0.32870769 -0.39155621
v 0.35345207 0.32870769 -0.39155740
v 0.34964497 0.32881893 -0.39318462
v 0.35502959 0.32850651 -0.38754201
v 0.35345207 0.32870769 -0.39155740
v -0.35502959 0.32686272 -0.16912781
v -0.33887337 0.32197160 0.50000000
v 0.35502959 0.32227219 0.48670769
v -0.33887337 0.32888284 -0.39311243
v -0.17036331 0.32195503 0.50000000
v -0.17036450 0.32891834 -0.39307219
v 0.33516331 0.32197160 0.50000000
v 0.33516331 0.32888284 -0.39311243
v -0.35502959 0.32227219 0.48670769
v 0.35502959 0.32367929 0.26803314
v -0.35502959 0.32367929 0.26803314
v -0.35502959 0.32525680 0.04940710
v 0.35502959 0.32686272 -0.16912781
v 0.35502959 0.32525680 0.04940710
v 0.16665444 0.32195503 0.50000000
v -0.00185444 0.32195030 0.50000000
v 0.16665444 0.32891834 -0.39307219
v -0.00185562 0.32893018 -0.39305917
v -0.34970414 -0.32024615 -0.37810651
v 0.34970414 -0.32024615 -0.37810651
v 0.34970414 -0.33326391 -0.37810651
v -0.34970414 -0.33326391 -0.37810651
v -0.35147929 -0.30722840 -0.38698225
v -0.35147929 -0.30722840 -0.42072189
v -0.35147929 -0.33326391 -0.42072189
v -0.35147929 -0.33326391 -0.38698225
v -0.34970414 -0.33503905 -0.42072189
v 0.34970414 -0.33503905 -0.42072189
v 0.34970414 -0.33503905 -0.38698225
v -0.34970414 -0.33503905 -0.38698225
v 0.35147929 -0.30722840 -0.49467456
v 0.35147929 -0.30722840 -0.42427219
v 0.35147929 -0.33280355 -0.42427219
v 0.35147929 -0.31643905 -0.49467456
v 0.35091361 -0.32024615 0.39891361
v 0.35091361 -0.33320828 0.39891361
v 0.35010178 -0.33312781 0.39891361
v 0.35010178 -0.32024615 0.39891361
v 0.35010178 -0.32024615 0.39891361
v -0.34970414 -0.30545325 -0.49467456
v -0.34970414 -0.30545325 -0.42427219
v 0.34970414 -0.30545325 -0.42427219
v 0.34970414 -0.30545325 -0.49467456
v 0.35147929 -0.30722840 0.39704970
v 0.35147929 -0.30722840 -0.37154201
v 0.35134438 -0.30654911 -0.37154201
v 0.35134438 -0.30654911 0.39704970
v 0.34970414 -0.32024615 0.49644970
v -0.34970414 -0.32024615 0.49644970
v -0.34970414 -0.33326391 0.49644970
v 0.34970414 -0.33326391 0.49644970
v -0.34970414 -0.30545325 -0.42072189
v -0.34970414 -0.30545325 -0.38698225
v 0.34970414 -0.30545325 -0.38698225
v 0.34970414 -0.30545325 -0.42072189
v -0.35147929 -0.30722840 -0.42427219
v -0.35147929 -0.30722840 -0.49467456
v -0.35147929 -0.31643905 -0.49467456
v -0.35147929 -0.33280355 -0.42427219
v 0.35147929 -0.30722840 -0.42072189
v 0.35147929 -0.30722840 -0.38698225
v 0.35147929 -0.33326391 -0.38698225
v 0.35147929 -0.33326391 -0.42072189
v 0.34970414 -0.30722840 -0.38520710
v -0.34970414 -0.30722840 -0.38520710
v -0.34970414 -0.33326391 -0.38520710
v 0.34970414 -0.33326391 -0.38520710
v -0.34970414 -0.31825089 -0.49472071
v 0.34970414 -0.31825089 -0.49472071
v 0.34970414 -0.33463669 -0.42422604
v -0.34970414 -0.33463669 -0.42422604
v -0.35016213 -0.33437041 0.39891479
v -0.35016213 -0.33437041 0.39891479
v -0.35055148 -0.33411124 0.39891479
v -0.34997988 -0.33353964 0.39891479
v -0.34997988 -0.33353964 0.39891479
v -0.34985325 -0.33362485 0.39891479
v -0.34985325 -0.33362485 0.39891479
v -0.34985325 -0.33362485 0.39891479
v -0.34970414 -0.30722840 -0.49644970
v 0.34970414 -0.30722840 -0.49644970
v 0.34970414 -0.31607337 -0.49644970
v -0.34970414 -0.31607337 -0.49644970
v -0.35147929 -0.30722840 -0.37633136
v -0.35134438 -0.30654911 -0.37633136
v -0.35118107 -0.30653136 -0.37702722
v -0.35134438 -0.30722840 -0.37701065
v -0.35095976 -0.30597278 -0.37633136
v -0.35086864 -0.30606272 -0.37699172
v -0.35086864 -0.30656686 -0.37749586
v -0.35095976 -0.30722840 -0.37758698
v -0.35072899 -0.30620355 -0.37735621
v -0.34970414 -0.30545325 -0.37633136
v -0.34970414 -0.30558817 -0.37701065
v -0.35040000 -0.30575148 -0.37702722
v -0.35038343 -0.30558817 -0.37633136
v -0.34970414 -0.30597278 -0.37758698
v -0.35036568 -0.30606272 -0.37749586
v -0.35086864 -0.30606272 -0.37699172
v -0.35095976 -0.30597278 -0.37633136
v -0.35072899 -0.30620355 -0.37735621
v -0.34970414 -0.30722840 -0.37810651
v -0.35038343 -0.30722840 -0.37797160
v -0.35040000 -0.30653136 -0.37780828
v -0.34970414 -0.30654911 -0.37797160
v -0.35095976 -0.30722840 -0.37758698
v -0.35086864 -0.30656686 -0.37749586
v -0.35036568 -0.30606272 -0.37749586
v -0.34970414 -0.30597278 -0.37758698
v -0.35072899 -0.30620355 -0.37735621
v 0.35147929 -0.30722840 -0.37633136
v 0.35134438 -0.30722840 -0.37701065
v 0.35118107 -0.30653136 -0.37702722
v 0.35134438 -0.30654911 -0.37633136
v 0.35095976 -0.30722840 -0.37758698
v 0.35086864 -0.30656686 -0.37749586
v 0.35086864 -0.30606272 -0.37699290
v 0.35095976 -0.30597278 -0.37633136
v 0.35072899 -0.30620355 -0.37735621
v 0.34970414 -0.30722840 -0.37810651
v 0.34970414 -0.30654911 -0.37797160
v 0.35040000 -0.30653136 -0.37780828
v 0.35038343 -0.30722840 -0.37797160
v 0.34970414 -0.30597278 -0.37758698
v 0.35036568 -0.30606272 -0.37749586
v 0.35086864 -0.30656686 -0.37749586
v 0.35095976 -0.30722840 -0.37758698
v 0.35072899 -0.30620355 -0.37735621
v 0.34970414 -0.30545325 -0.37633136
v 0.35038343 -0.30558817 -0.37633136
v 0.35040000 -0.30575148 -0.37702722
v 0.34970414 -0.30558817 -0.37701065
v 0.35095976 -0.30597278 -0.37633136
v 0.35086864 -0.30606272 -0.37699290
v 0.35036568 -0.30606272 -0.37749586
v 0.34970414 -0.30597278 -0.37758698
v 0.35072899 -0.30620355 -0.37735621
v 0.34970414 -0.30722840 0.49644970
v 0.35038343 -0.30722840 0.49631479
v 0.35040118 -0.30653136 0.49615148
v 0.34970414 -0.30654911 0.49631479
v 0.35095976 -0.30722840 0.49593018
v 0.35086982 -0.30656686 0.49583905
v 0.35036568 -0.30606272 0.49583905
v 0.34970414 -0.30597278 0.49593018
v 0.35072899 -0.30620355 0.49569941
v 0.35147929 -0.30722840 0.49467456
v 0.35134438 -0.30654911 0.49467456
v 0.35118107 -0.30653136 0.49537041
v 0.35134438 -0.30722840 0.49535385
v 0.35095976 -0.30597278 0.49467456
v 0.35086982 -0.30606272 0.49533491
v 0.35086982 -0.30656686 0.49583905
v 0.35095976 -0.30722840 0.49593018
v 0.35072899 -0.30620355 0.49569941
v 0.34970414 -0.30545325 0.49467456
v 0.34970414 -0.30558817 0.49535385
v 0.35040118 -0.30575148 0.49537041
v 0.35038343 -0.30558817 0.49467456
v 0.34970414 -0.30597278 0.49593018
v 0.35036568 -0.30606272 0.49583905
v 0.35086982 -0.30606272 0.49533491
v 0.35095976 -0.30597278 0.49467456
v 0.35072899 -0.30620355 0.49569941
v -0.34970414 -0.30722840 0.49644970
v -0.34970414 -0.30654911 0.49631479
v -0.35040000 -0.30653136 0.49615148
v -0.35038343 -0.30722840 0.49631479
v -0.34970414 -0.30597278 0.49593018
v -0.35036450 -0.30606272 0.49583905
v -0.35086864 -0.30656686 0.49583905
v -0.35095858 -0.30722840 0.49593018
v -0.35072899 -0.30620355 0.49569941
v -0.34970414 -0.30545325 0.49467456
v -0.35038343 -0.30558817 0.49467456
v -0.35040000 -0.30575148 0.49537041
v -0.34970414 -0.30558817 0.49535385
v -0.35095858 -0.30597278 0.49467456
v -0.35086864 -0.30606272 0.49533609
v -0.35036450 -0.30606272 0.49583905
v -0.34970414 -0.30597278 0.49593018
v -0.35072899 -0.30620355 0.49569941
v -0.35147929 -0.30722840 0.49467456
v -0.35134438 -0.30722840 0.49535385
v -0.35118107 -0.30653136 0.49537041
v -0.35134438 -0.30654911 0.49467456
v -0.35095858 -0.30722840 0.49593018
v -0.35086864 -0.30656686 0.49583905
v -0.35086864 -0.30606272 0.49533609
v -0.35095858 -0.30597278 0.49467456
v -0.35072899 -0.30620355 0.49569941
v -0.34970414 -0.30558817 -0.49535385
v -0.35040000 -0.30575148 -0.49537041
v -0.35038343 -0.30558817 -0.49467456
v -0.34970414 -0.30597278 -0.49593018
v -0.35036568 -0.30606272 -0.49583905
v -0.35086864 -0.30606272 -0.49533609
v -0.35095976 -0.30597278 -0.49467456
v -0.35072899 -0.30620355 -0.49569941
v -0.35038343 -0.30722840 -0.49631479
v -0.35040000 -0.30653136 -0.49615148
v -0.34970414 -0.30654911 -0.49631479
v -0.35095976 -0.30722840 -0.49593018
v -0.35086864 -0.30656686 -0.49583905
v -0.35036568 -0.30606272 -0.49583905
v -0.34970414 -0.30597278 -0.49593018
v -0.35072899 -0.30620355 -0.49569941
v -0.35134438 -0.30654911 -0.49467456
v -0.35118107 -0.30653136 -0.49537041
v -0.35134438 -0.30722840 -0.49535385
v -0.35095976 -0.30597278 -0.49467456
v -0.35086864 -0.30606272 -0.49533609
v -0.35086864 -0.30656686 -0.49583905
v -0.35095976 -0.30722840 -0.49593018
v -0.35072899 -0.30620355 -0.49569941
v 0.34970414 -0.30654911 -0.49631479
v 0.35040000 -0.30653136 -0.49615148
v 0.35038343 -0.30722840 -0.49631479
v 0.34970414 -0.30597278 -0.49593018
v 0.35036568 -0.30606272 -0.49583905
v 0.35086864 -0.30656686 -0.49583905
v 0.35095976 -0.30722840 -0.49593018
v 0.35072899 -0.30620355 -0.49569941
v 0.35038343 -0.30558817 -0.49467456
v 0.35040000 -0.30575148 -0.49537041
v 0.34970414 -0.30558817 -0.49535385
v 0.35095976 -0.30597278 -0.49467456
v 0.35086864 -0.30606272 -0.49533609
v 0.35036568 -0.30606272 -0.49583905
v 0.34970414 -0.30597278 -0.49593018
v 0.35072899 -0.30620355 -0.49569941
v 0.35134438 -0.30722840 -0.49535385
v 0.35118107 -0.30653136 -0.49537041
v 0.35134438 -0.30654911 -0.49467456
v 0.35095976 -0.30722840 -0.49593018
v 0.35086864 -0.30656686 -0.49583905
v 0.35086864 -0.30606272 -0.49533609
v 0.35095976 -0.30597278 -0.49467456
v 0.35072899 -0.30620355 -0.49569941
v 0.34970414 -0.30558817 -0.38630296
v 0.35040000 -0.30575148 -0.38628639
v 0.35038343 -0.30558817 -0.38698225
v 0.34970414 -0.30597278 -0.38572663
v 0.35036568 -0.30606272 -0.38581775
v 0.35086864 -0.30606272 -0.38632189
v 0.35095976 -0.30597278 -0.38698225
v 0.35072899 -0.30620355 -0.38595740
v 0.35038343 -0.30722840 -0.38534201
v 0.35040000 -0.30653136 -0.38550533
v 0.34970414 -0.30654911 -0.38534201
v 0.35095976 -0.30722840 -0.38572663
v 0.35086864 -0.30656686 -0.38581775
v 0.35036568 -0.30606272 -0.38581775
v 0.34970414 -0.30597278 -0.38572663
v 0.35072899 -0.30620355 -0.38595740
v 0.35134438 -0.30654911 -0.38698225
v 0.35118107 -0.30653136 -0.38628639
v 0.35134438 -0.30722840 -0.38630296
v 0.35095976 -0.30597278 -0.38698225
v 0.35086864 -0.30606272 -0.38632189
v 0.35086864 -0.30656686 -0.38581775
v 0.35095976 -0.30722840 -0.38572663
v 0.35072899 -0.30620355 -0.38595740
v -0.35134438 -0.30722840 -0.38630296
v -0.35118107 -0.30653136 -0.38628639
v -0.35134438 -0.30654911 -0.38698225
v -0.35095976 -0.30722840 -0.38572663
v -0.35086864 -0.30656686 -0.38581775
v -0.35086864 -0.30606272 -0.38632071
v -0.35095976 -0.30597278 -0.38698225
v -0.35072899 -0.30620355 -0.38595740
v -0.34970414 -0.30654911 -0.38534201
v -0.35040000 -0.30653136 -0.38550533
v -0.35038343 -0.30722840 -0.38534201
v -0.34970414 -0.30597278 -0.38572663
v -0.35036568 -0.30606272 -0.38581775
v -0.35086864 -0.30656686 -0.38581775
v -0.35095976 -0.30722840 -0.38572663
v -0.35072899 -0.30620355 -0.38595740
v -0.35038343 -0.30558817 -0.38698225
v -0.35040000 -0.30575148 -0.38628639
v -0.34970414 -0.30558817 -0.38630296
v -0.35095976 -0.30597278 -0.38698225
v -0.35086864 -0.30606272 -0.38632071
v -0.35036568 -0.30606272 -0.38581775
v -0.34970414 -0.30597278 -0.38572663
v -0.35072899 -0.30620355 -0.38595740
v -0.35038343 -0.31810651 -0.49471006
v -0.35040000 -0.31779172 -0.49539527
v -0.34970414 -0.31796686 -0.49538935
v -0.35095976 -0.31771243 -0.49469704
v -0.35086864 -0.31747929 -0.49535030
v -0.35036568 -0.31737515 -0.49585444
v -0.34970414 -0.31745444 -0.49595266
v -0.35072899 -0.31726036 -0.49570888
v -0.35134438 -0.31629349 -0.49534675
v -0.35118107 -0.31699527 -0.49537515
v -0.35134438 -0.31712663 -0.49468521
v -0.35095976 -0.31617278 -0.49592071
v -0.35086864 -0.31686154 -0.49584024
v -0.35086864 -0.31747929 -0.49535030
v -0.35095976 -0.31771243 -0.49469704
v -0.35072899 -0.31726036 -0.49570888
v -0.34970414 -0.31678935 -0.49632544
v -0.35040000 -0.31683432 -0.49615503
v -0.35038343 -0.31609586 -0.49630769
v -0.34970414 -0.31745444 -0.49595266
v -0.35036568 -0.31737515 -0.49585444
v -0.35086864 -0.31686154 -0.49584024
v -0.35095976 -0.31617278 -0.49592071
v -0.35072899 -0.31726036 -0.49570888
v 0.35038343 -0.31609586 -0.49630769
v 0.35040000 -0.31683432 -0.49615503
v 0.34970414 -0.31678935 -0.49632544
v 0.35095976 -0.31617278 -0.49592071
v 0.35086864 -0.31686154 -0.49584142
v 0.35036568 -0.31737515 -0.49585444
v 0.34970414 -0.31745444 -0.49595266
v 0.35072899 -0.31726036 -0.49570888
v 0.35134438 -0.31712663 -0.49468521
v 0.35118107 -0.31699527 -0.49537515
v 0.35134438 -0.31629349 -0.49534675
v 0.35095976 -0.31771243 -0.49469822
v 0.35086864 -0.31747929 -0.49535030
v 0.35086864 -0.31686154 -0.49584142
v 0.35095976 -0.31617278 -0.49592071
v 0.35072899 -0.31726036 -0.49570888
v 0.34970414 -0.31796686 -0.49538935
v 0.35040000 -0.31779172 -0.49539527
v 0.35038343 -0.31810651 -0.49471006
v 0.34970414 -0.31745444 -0.49595266
v 0.35036568 -0.31737515 -0.49585444
v 0.35086864 -0.31747929 -0.49535030
v 0.35095976 -0.31771243 -0.49469822
v 0.35072899 -0.31726036 -0.49570888
v -0.35038343 -0.33326391 0.49631479
v -0.35040000 -0.33395976 0.49615148
v -0.34970414 -0.33394320 0.49631479
v -0.35095858 -0.33326391 0.49593018
v -0.35086864 -0.33392426 0.49583905
v -0.35036450 -0.33442840 0.49583905
v -0.34970414 -0.33451834 0.49593018
v -0.35072899 -0.33428876 0.49569941
v -0.35147929 -0.33326391 0.49467456
v -0.35134438 -0.33394320 0.49467456
v -0.35118107 -0.33395976 0.49537041
v -0.35134438 -0.33326391 0.49535385
v -0.35095858 -0.33451834 0.49467456
v -0.35086864 -0.33442840 0.49533609
v -0.35086864 -0.33392426 0.49583905
v -0.35095858 -0.33326391 0.49593018
v -0.35072899 -0.33428876 0.49569941
v -0.34970414 -0.33503905 0.49467456
v -0.34970414 -0.33490414 0.49535385
v -0.35040000 -0.33474083 0.49537041
v -0.35038343 -0.33490414 0.49467456
v -0.34970414 -0.33451834 0.49593018
v -0.35036450 -0.33442840 0.49583905
v -0.35086864 -0.33442840 0.49533609
v -0.35095858 -0.33451834 0.49467456
v -0.35072899 -0.33428876 0.49569941
v 0.34970414 -0.33394320 0.49631479
v 0.35040118 -0.33395976 0.49615148
v 0.35038343 -0.33326391 0.49631479
v 0.34970414 -0.33451834 0.49593018
v 0.35036568 -0.33442840 0.49583905
v 0.35086982 -0.33392426 0.49583905
v 0.35095976 -0.33326391 0.49593018
v 0.35072899 -0.33428876 0.49569941
v 0.34970414 -0.33503905 0.49467456
v 0.35038343 -0.33490414 0.49467456
v 0.35040118 -0.33474083 0.49537041
v 0.34970414 -0.33490414 0.49535385
v 0.35095976 -0.33451834 0.49467456
v 0.35086982 -0.33442840 0.49533491
v 0.35036568 -0.33442840 0.49583905
v 0.34970414 -0.33451834 0.49593018
v 0.35072899 -0.33428876 0.49569941
v 0.35147929 -0.33326391 0.49467456
v 0.35134438 -0.33326391 0.49535385
v 0.35118107 -0.33395976 0.49537041
v 0.35134438 -0.33394320 0.49467456
v 0.35095976 -0.33326391 0.49593018
v 0.35086982 -0.33392426 0.49583905
v 0.35086982 -0.33442840 0.49533491
v 0.35095976 -0.33451834 0.49467456
v 0.35072899 -0.33428876 0.49569941
v 0.35038343 -0.33490414 -0.38698225
v 0.35040000 -0.33474083 -0.38628639
v 0.34970414 -0.33490414 -0.38630296
v 0.35095976 -0.33451834 -0.38698225
v 0.35086864 -0.33442840 -0.38632189
v 0.35036568 -0.33442840 -0.38581775
v 0.34970414 -0.33451834 -0.38572663
v 0.35072899 -0.33428876 -0.38595740
v 0.35134438 -0.33326391 -0.38630296
v 0.35118107 -0.33395976 -0.38628639
v 0.35134438 -0.33394320 -0.38698225
v 0.35095976 -0.33326391 -0.38572663
v 0.35086864 -0.33392426 -0.38581775
v 0.35086864 -0.33442840 -0.38632189
v 0.35095976 -0.33451834 -0.38698225
v 0.35072899 -0.33428876 -0.38595740
v 0.34970414 -0.33394320 -0.38534201
v 0.35040000 -0.33395976 -0.38550533
v 0.35038343 -0.33326391 -0.38534201
v 0.34970414 -0.33451834 -0.38572663
v 0.35036568 -0.33442840 -0.38581775
v 0.35086864 -0.33392426 -0.38581775
v 0.35095976 -0.33326391 -0.38572663
v 0.35072899 -0.33428876 -0.38595740
v -0.35147929 -0.33326391 -0.37633136
v -0.35134438 -0.33326391 -0.37701065
v -0.35118107 -0.33395976 -0.37702722
v -0.35134438 -0.33394320 -0.37633136
v -0.35095976 -0.33326391 -0.37758698
v -0.35086864 -0.33392426 -0.37749586
v -0.35086864 -0.33442840 -0.37699172
v -0.35095976 -0.33451834 -0.37633136
v -0.35072899 -0.33428876 -0.37735621
v -0.34970414 -0.33394320 -0.37797160
v -0.35040000 -0.33395976 -0.37780828
v -0.35038343 -0.33326391 -0.37797160
v -0.34970414 -0.33451834 -0.37758698
v -0.35036568 -0.33442840 -0.37749586
v -0.35086864 -0.33392426 -0.37749586
v -0.35095976 -0.33326391 -0.37758698
v -0.35072899 -0.33428876 -0.37735621
v -0.34970414 -0.33503905 -0.37633136
v -0.35038343 -0.33490414 -0.37633136
v -0.35040000 -0.33474083 -0.37702722
v -0.34970414 -0.33490414 -0.37701065
v -0.35095976 -0.33451834 -0.37633136
v -0.35086864 -0.33442840 -0.37699172
v -0.35036568 -0.33442840 -0.37749586
v -0.34970414 -0.33451834 -0.37758698
v -0.35072899 -0.33428876 -0.37735621
v 0.35147929 -0.33326391 -0.37633136
v 0.35134438 -0.33394320 -0.37633136
v 0.35118107 -0.33395976 -0.37702722
v 0.35134438 -0.33326391 -0.37701065
v 0.35095976 -0.33451834 -0.37633136
v 0.35086864 -0.33442840 -0.37699290
v 0.35086864 -0.33392426 -0.37749586
v 0.35095976 -0.33326391 -0.37758698
v 0.35072899 -0.33428876 -0.37735621
v 0.34970414 -0.33503905 -0.37633136
v 0.34970414 -0.33490414 -0.37701065
v 0.35040000 -0.33474083 -0.37702722
v 0.35038343 -0.33490414 -0.37633136
v 0.34970414 -0.33451834 -0.37758698
v 0.35036568 -0.33442840 -0.37749586
v 0.35086864 -0.33442840 -0.37699290
v 0.35095976 -0.33451834 -0.37633136
v 0.35072899 -0.33428876 -0.37735621
v 0.35038343 -0.33326391 -0.37797160
v 0.35040000 -0.33395976 -0.37780828
v 0.34970414 -0.33394320 -0.37797160
v 0.35095976 -0.33326391 -0.37758698
v 0.35086864 -0.33392426 -0.37749586
v 0.35036568 -0.33442840 -0.37749586
v 0.34970414 -0.33451834 -0.37758698
v 0.35072899 -0.33428876 -0.37735621
v -0.35134438 -0.33394320 -0.38698225
v -0.35118107 -0.33395976 -0.38628639
v -0.35134438 -0.33326391 -0.38630296
v -0.35095976 -0.33451834 -0.38698225
v -0.35086864 -0.33442840 -0.38632071
v -0.35086864 -0.33392426 -0.38581775
v -0.35095976 -0.33326391 -0.38572663
v -0.35072899 -0.33428876 -0.38595740
v -0.34970414 -0.33490414 -0.38630296
v -0.35040000 -0.33474083 -0.38628639
v -0.35038343 -0.33490414 -0.38698225
v -0.34970414 -0.33451834 -0.38572663
v -0.35036568 -0.33442840 -0.38581775
v -0.35086864 -0.33442840 -0.38632071
v -0.35095976 -0.33451834 -0.38698225
v -0.35072899 -0.33428876 -0.38595740
v -0.35038343 -0.33326391 -0.38534201
v -0.35040000 -0.33395976 -0.38550533
v -0.34970414 -0.33394320 -0.38534201
v -0.35095976 -0.33326391 -0.38572663
v -0.35086864 -0.33392426 -0.38581775
v -0.35036568 -0.33442840 -0.38581775
v -0.34970414 -0.33451834 -0.38572663
v -0.35072899 -0.33428876 -0.38595740
v 0.34970414 -0.30545325 -0.42338462
v 0.35041538 -0.30560118 -0.42338462
v 0.35038343 -0.30558817 -0.42427219
v 0.34970414 -0.30545325 -0.42249704
v 0.35041420 -0.30560118 -0.42249704
v 0.35095976 -0.30597278 -0.42338462
v 0.35095976 -0.30597278 -0.42427219
v 0.35095976 -0.30597278 -0.42249704
v 0.35038343 -0.30558817 -0.42072189
v 0.35041538 -0.30560118 -0.42160947
v 0.34970414 -0.30545325 -0.42160947
v 0.35095976 -0.30597278 -0.42072189
v 0.35095976 -0.30597278 -0.42160947
v 0.35147929 -0.30722840 -0.42160947
v 0.35133136 -0.30651716 -0.42160947
v 0.35134438 -0.30654911 -0.42072189
v 0.35147929 -0.30722840 -0.42249704
v 0.35133136 -0.30651716 -0.42249704
v 0.35095976 -0.30597278 -0.42160947
v 0.35095976 -0.30597278 -0.42072189
v 0.35095976 -0.30597278 -0.42249704
v 0.35134438 -0.30654911 -0.42427219
v 0.35133136 -0.30651716 -0.42338462
v 0.35147929 -0.30722840 -0.42338462
v 0.35095976 -0.30597278 -0.42427219
v 0.35095976 -0.30597278 -0.42338462
v -0.34970414 -0.30545325 -0.42160947
v -0.35041538 -0.30560118 -0.42160947
v -0.35038343 -0.30558817 -0.42072189
v -0.34970414 -0.30545325 -0.42249704
v -0.35041420 -0.30560118 -0.42249704
v -0.35095976 -0.30597278 -0.42160947
v -0.35095976 -0.30597278 -0.42072189
v -0.35095976 -0.30597278 -0.42249704
v -0.35038343 -0.30558817 -0.42427219
v -0.35041538 -0.30560118 -0.42338462
v -0.34970414 -0.30545325 -0.42338462
v -0.35095976 -0.30597278 -0.42427219
v -0.35095976 -0.30597278 -0.42338462
v -0.35147929 -0.30722840 -0.42338462
v -0.35133136 -0.30651716 -0.42338462
v -0.35134438 -0.30654911 -0.42427219
v -0.35147929 -0.30722840 -0.42249704
v -0.35133136 -0.30651716 -0.42249704
v -0.35095976 -0.30597278 -0.42338462
v -0.35095976 -0.30597278 -0.42427219
v -0.35095976 -0.30597278 -0.42249704
v -0.35134438 -0.30654911 -0.42072189
v -0.35133136 -0.30651716 -0.42160947
v -0.35147929 -0.30722840 -0.42160947
v -0.35095976 -0.30597278 -0.42072189
v -0.35095976 -0.30597278 -0.42160947
v 0.35038343 -0.33448166 -0.42429822
v 0.35039290 -0.33458225 -0.42339172
v 0.34970414 -0.33479053 -0.42342959
v 0.35095976 -0.33407811 -0.42433254
v 0.35095858 -0.33424970 -0.42340473
v 0.35039290 -0.33471716 -0.42249349
v 0.34970414 -0.33492071 -0.42248402
v 0.35095858 -0.33439053 -0.42248994
v 0.35147929 -0.33297988 -0.42339527
v 0.35128047 -0.33367692 -0.42337751
v 0.35134438 -0.33348994 -0.42432308
v 0.35147929 -0.33312899 -0.42241302
v 0.35128047 -0.33382130 -0.42245799
v 0.35095858 -0.33424970 -0.42340473
v 0.35095976 -0.33407811 -0.42433254
v 0.35095858 -0.33439053 -0.42248994
v 0.35134438 -0.33394320 -0.42072189
v 0.35128047 -0.33390296 -0.42157988
v 0.35147929 -0.33322840 -0.42147337
v 0.35095976 -0.33451953 -0.42072189
v 0.35095858 -0.33446982 -0.42160000
v 0.34970414 -0.33500828 -0.42153254
v 0.35039290 -0.33479290 -0.42160592
v 0.35038343 -0.33490414 -0.42072189
v 0.35095858 -0.33446982 -0.42160000
v 0.35095976 -0.33451953 -0.42072189
v -0.35038343 -0.33490414 -0.42072189
v -0.35039290 -0.33479290 -0.42160592
v -0.34970414 -0.33500828 -0.42153254
v -0.35095976 -0.33451953 -0.42072189
v -0.35095858 -0.33446982 -0.42160000
v -0.35039290 -0.33471716 -0.42249349
v -0.34970414 -0.33492071 -0.42248402
v -0.35095858 -0.33439053 -0.42248994
v -0.35147929 -0.33322840 -0.42147337
v -0.35128047 -0.33390296 -0.42157988
v -0.35134438 -0.33394320 -0.42072189
v -0.35147929 -0.33312899 -0.42241302
v -0.35128047 -0.33382130 -0.42245799
v -0.35095858 -0.33446982 -0.42160000
v -0.35095976 -0.33451953 -0.42072189
v -0.35095858 -0.33439053 -0.42248994
v -0.35134438 -0.33348994 -0.42432308
v -0.35128047 -0.33367692 -0.42337751
v -0.35147929 -0.33297988 -0.42339527
v -0.35095976 -0.33407811 -0.42433254
v -0.35095858 -0.33424970 -0.42340473
v -0.34970414 -0.33479053 -0.42342959
v -0.35039290 -0.33458225 -0.42339053
v -0.35038343 -0.33448166 -0.42429822
v -0.35095858 -0.33424970 -0.42340473
v -0.35095976 -0.33407811 -0.42433254
v -0.35147929 -0.32024615 -0.37154201
v -0.35147929 -0.32024615 -0.37633136
v -0.35147929 -0.33326391 -0.37154201
v -0.35055148 -0.30638107 0.39891479
v -0.35055148 -0.30638107 0.39891479
v -0.35016213 -0.30612071 0.39891479
v -0.35016213 -0.30612071 0.39891479
v -0.34985325 -0.30686746 0.39891479
v -0.34985325 -0.30686746 0.39891479
v -0.34985325 -0.30686746 0.39891479
v -0.34997988 -0.30695148 0.39891479
v -0.35038343 -0.30558817 0.39948047
v -0.35038343 -0.30558817 0.40119882
v -0.34970414 -0.30545325 0.40119882
v -0.34970414 -0.30545325 0.39948047
v 0.35081183 -0.30676923 0.39891361
v 0.35081183 -0.30676923 0.39891361
v 0.35091361 -0.30728402 0.39891361
v 0.35091361 -0.30728402 0.39891361
v 0.35010178 -0.30736450 0.39891361
v 0.35010178 -0.30736450 0.39891361
v 0.35006509 -0.30707929 0.39891361
v 0.35006509 -0.30707929 0.39891361
v 0.35147929 -0.32024615 0.49407219
v 0.35147929 -0.32024615 0.49467456
v 0.35147929 -0.33326391 0.49407219
v 0.35095976 -0.30597278 0.39704970
v 0.35095976 -0.30597278 -0.37154201
v 0.35038343 -0.30558817 -0.37154201
v 0.35038343 -0.30558817 0.39704970
v 0.34970414 -0.30545325 -0.37154201
v 0.34970414 -0.30545325 0.39704970
v -0.34970414 -0.33503905 0.49407219
v -0.35038343 -0.33490414 0.49407219
v -0.34970414 -0.33503905 -0.37154201
v -0.34970414 -0.33503905 0.39704970
v -0.35038343 -0.33490414 0.39704970
v -0.35038343 -0.33490414 -0.37154201
v -0.35095976 -0.33451834 0.39948047
v -0.35095976 -0.33451834 0.40119882
v -0.35134438 -0.33394320 0.40119882
v -0.35134438 -0.33394320 0.39948047
v -0.35147929 -0.33326391 0.40119882
v -0.35147929 -0.33326391 0.39948047
v 0.34970414 -0.33503905 -0.37154201
v 0.35038343 -0.33490414 -0.37154201
v 0.34970414 -0.33503905 0.39704970
v 0.35038343 -0.33490414 0.39704970
v 0.35055148 -0.33411124 0.39761538
v 0.35055148 -0.33411124 0.39761538
v 0.35081183 -0.33372189 0.39761538
v 0.35081183 -0.33372189 0.39761538
v 0.35081183 -0.33372189 0.39761538
v 0.35006509 -0.33341302 0.39761538
v 0.35006509 -0.33341302 0.39761538
v 0.34998107 -0.33353964 0.39761538
v 0.35134438 -0.33394320 0.39704970
v 0.35134438 -0.33394320 -0.37154201
v 0.35147929 -0.33326391 -0.37154201
v 0.35147929 -0.33326391 0.39704970
v -0.35010178 -0.32024615 0.39761657
v -0.35010178 -0.33312781 0.39761657
v -0.35010178 -0.33312781 0.39891479
v -0.35010178 -0.32024615 0.39891479
v -0.35038343 -0.32024615 -0.37797160
v -0.35095976 -0.32024615 -0.37758698
v -0.35095976 -0.32024615 -0.37758698
v -0.35134438 -0.32024615 -0.37701065
v -0.35038343 -0.32024615 0.49631479
v -0.35095858 -0.32024615 0.49593018
v -0.35095858 -0.32024615 0.49593018
v -0.35134438 -0.32024615 0.49535385
v -0.35147929 -0.32024615 0.49467456
v 0.35134438 -0.32024615 0.49535385
v 0.35095976 -0.32024615 0.49593018
v 0.35095976 -0.32024615 0.49593018
v 0.35038343 -0.32024615 0.49631479
v 0.35147929 -0.32024615 -0.37633136
v 0.35134438 -0.32024615 -0.37701065
v 0.35095976 -0.32024615 -0.37758698
v 0.35095976 -0.32024615 -0.37758698
v 0.35038343 -0.32024615 -0.37797160
v -0.35081065 -0.30676923 0.39891479
v -0.35081065 -0.30676923 0.39891479
v -0.35081065 -0.30676923 0.39891479
v -0.35055148 -0.30638107 0.39891479
v -0.34997988 -0.30695148 0.39891479
v -0.34997988 -0.30695148 0.39891479
v -0.35006509 -0.30707929 0.39891479
v -0.35006509 -0.30707929 0.39891479
v -0.35006509 -0.30707929 0.39891479
v -0.35147929 -0.30722840 0.39704970
v -0.35147929 -0.30722840 -0.37154201
v -0.35147929 -0.32024615 0.39704970
v 0.35095976 -0.33451834 -0.37154201
v 0.35095976 -0.33451834 -0.37154201
v 0.35095976 -0.33451834 0.39704970
v -0.35134438 -0.33394320 0.49407219
v -0.35147929 -0.33326391 0.49407219
v -0.35095858 -0.33451834 0.49407219
v -0.35095858 -0.33451834 0.49407219
v 0.34970414 -0.33503905 0.49407219
v 0.35095976 -0.30597278 -0.37154201
v 0.35081183 -0.30676923 0.39761538
v 0.35081183 -0.30676923 0.39761538
v 0.35055148 -0.30638107 0.39761538
v 0.34998107 -0.30695148 0.39761538
v 0.35006509 -0.30707929 0.39761538
v 0.35006509 -0.30707929 0.39761538
v -0.35038343 -0.30558817 0.49407219
v -0.34970414 -0.30545325 0.49407219
v -0.35095858 -0.30597278 0.49407219
v -0.35134438 -0.30654911 0.49407219
v -0.35095858 -0.30597278 0.49407219
v -0.35147929 -0.30722840 0.49407219
v -0.34964852 -0.33447337 0.39761657
v 0.34964852 -0.33447337 0.39761538
v 0.34956805 -0.33366154 0.39761538
v -0.34956805 -0.33366154 0.39761657
v -0.34956805 -0.33366154 0.39761657
v 0.34970414 -0.30545325 0.49407219
v 0.35147929 -0.32024615 0.39704970
v 0.35147929 -0.32024615 -0.37154201
v 0.35038343 -0.33490414 0.40119882
v 0.35038343 -0.33490414 0.39948047
v 0.35095976 -0.33451834 0.39948047
v 0.35095976 -0.33451834 0.40119882
v -0.35091361 -0.30728402 0.39761657
v -0.35091361 -0.30728402 0.39761657
v -0.35091361 -0.32024615 0.39761657
v -0.35091361 -0.32024615 0.39761657
v -0.35010178 -0.32024615 0.39761657
v -0.35010178 -0.30736450 0.39761657
v -0.35010178 -0.30736450 0.39761657
v -0.35010178 -0.30736450 0.39761657
v 0.35081183 -0.33372189 0.39891361
v 0.35081183 -0.33372189 0.39891361
v 0.35055148 -0.33411124 0.39891361
v 0.34998107 -0.33353964 0.39891361
v 0.35006509 -0.33341302 0.39891361
v 0.35006509 -0.33341302 0.39891361
v -0.35147929 -0.30722840 0.39948047
v -0.35147929 -0.30722840 0.40119882
v -0.35134438 -0.30654911 0.40119882
v -0.35134438 -0.30654911 0.39948047
v -0.35095976 -0.33451834 0.39704970
v -0.35095976 -0.33451834 -0.37154201
v 0.35134438 -0.30654911 0.40119882
v 0.35134438 -0.30654911 0.39948047
v 0.35095976 -0.30597278 0.39948047
v 0.35095976 -0.30597278 0.40119882
v -0.35134438 -0.30654911 -0.37154201
v -0.35134438 -0.30654911 0.39704970
v -0.35095976 -0.30597278 0.39704970
v -0.35095976 -0.30597278 -0.37154201
v -0.35038343 -0.33490414 0.39948047
v -0.35038343 -0.33490414 0.40119882
v -0.35095976 -0.33451834 0.40119882
v -0.35095976 -0.33451834 0.39948047
v 0.35095976 -0.30597278 0.39704970
v 0.35095976 -0.33451834 0.40119882
v 0.35095976 -0.33451834 0.39948047
v 0.35134438 -0.33394320 0.39948047
v 0.35134438 -0.33394320 0.40119882
v -0.35095976 -0.30597278 0.40119882
v -0.35095976 -0.30597278 0.39948047
v 0.35095976 -0.33451834 0.39704970
v -0.35095976 -0.33451834 -0.37154201
v -0.35095976 -0.33451834 0.39704970
v -0.35134438 -0.33394320 0.39704970
v -0.35134438 -0.33394320 -0.37154201
v 0.35095976 -0.30597278 0.40119882
v 0.35095976 -0.30597278 0.39948047
v 0.35038343 -0.30558817 0.39948047
v 0.35038343 -0.30558817 0.40119882
v -0.35095976 -0.30597278 -0.37154201
v -0.35095976 -0.30597278 0.39704970
v -0.35038343 -0.30558817 0.39704970
v -0.35038343 -0.30558817 -0.37154201
v -0.35091361 -0.33320828 0.39761657
v -0.35091361 -0.33320828 0.39761657
v -0.35081065 -0.33372189 0.39761657
v -0.35081065 -0.33372189 0.39761657
v -0.35006509 -0.33341302 0.39761657
v -0.35010178 -0.33312781 0.39761657
v -0.35010178 -0.33312781 0.39761657
v 0.34964852 -0.30601893 0.39891361
v 0.34964852 -0.30601893 0.39891361
v 0.35016331 -0.30612071 0.39891361
v 0.35016331 -0.30612071 0.39891361
v 0.34985325 -0.30686746 0.39891361
v 0.34985325 -0.30686746 0.39891361
v 0.34985325 -0.30686746 0.39891361
v 0.34956805 -0.30683077 0.39891361
v 0.34956805 -0.30683077 0.39891361
v 0.35147929 -0.33326391 0.39948047
v 0.35147929 -0.33326391 0.40119882
v -0.35095976 -0.30597278 0.39948047
v -0.35095976 -0.30597278 0.40119882
v 0.35016331 -0.33437041 0.39891361
v 0.35016331 -0.33437041 0.39891361
v 0.34964852 -0.33447337 0.39891361
v 0.34956805 -0.33366154 0.39891361
v 0.34956805 -0.33366154 0.39891361
v 0.34985325 -0.33362485 0.39891361
v 0.34985325 -0.33362485 0.39891361
v 0.34985325 -0.33362485 0.39891361
v 0.35006509 -0.33341302 0.39761538
v 0.35010178 -0.33312781 0.39761538
v 0.35010178 -0.33312781 0.39891361
v 0.35006509 -0.33341302 0.39891361
v 0.34998107 -0.33353964 0.39761538
v 0.34998107 -0.33353964 0.39891361
v 0.34985325 -0.33362485 0.39761538
v 0.34998107 -0.33353964 0.39761538
v 0.34998107 -0.33353964 0.39891361
v 0.34985325 -0.33362485 0.39891361
v 0.34956805 -0.33366154 0.39761538
v 0.34956805 -0.33366154 0.39891361
v -0.35006509 -0.33341302 0.39891479
v -0.35006509 -0.33341302 0.39761657
v -0.34997988 -0.33353964 0.39891479
v -0.34997988 -0.33353964 0.39761657
v -0.34985325 -0.33362485 0.39891479
v -0.34997988 -0.33353964 0.39891479
v -0.34997988 -0.33353964 0.39761657
v -0.34985325 -0.33362485 0.39761657
v -0.34956805 -0.33366154 0.39891479
v -0.34956805 -0.33366154 0.39761657
v 0.34985325 -0.30686746 0.39761538
v 0.34956805 -0.30683077 0.39761538
v 0.34956805 -0.30683077 0.39891361
v 0.34985325 -0.30686746 0.39891361
v 0.34998107 -0.30695148 0.39761538
v 0.34998107 -0.30695148 0.39891361
v 0.35006509 -0.30707929 0.39761538
v 0.34998107 -0.30695148 0.39761538
v 0.34998107 -0.30695148 0.39891361
v 0.35006509 -0.30707929 0.39891361
v 0.35010178 -0.30736450 0.39761538
v 0.35010178 -0.30736450 0.39891361
v -0.34985325 -0.30686746 0.39891479
v -0.34956805 -0.30683077 0.39891479
v -0.34956805 -0.30683077 0.39761657
v -0.34985325 -0.30686746 0.39761657
v -0.34997988 -0.30695148 0.39891479
v -0.34997988 -0.30695148 0.39761657
v -0.35006509 -0.30707929 0.39891479
v -0.34997988 -0.30695148 0.39891479
v -0.34997988 -0.30695148 0.39761657
v -0.35006509 -0.30707929 0.39761657
v -0.35010178 -0.30736450 0.39891479
v -0.35010178 -0.30736450 0.39761657
v 0.35010178 -0.32024615 0.39891361
v 0.35010178 -0.32024615 0.39761538
v -0.34970414 -0.33503905 0.39948047
v 0.34970414 -0.33503905 0.39948047
v 0.34970414 -0.33503905 0.40119882
v -0.34970414 -0.33503905 0.40119882
v -0.35055148 -0.33411124 0.39761657
v -0.35055148 -0.33411124 0.39761657
v -0.35016213 -0.33437041 0.39761657
v -0.35016213 -0.33437041 0.39761657
v -0.34985325 -0.33362485 0.39761657
v -0.34985325 -0.33362485 0.39761657
v -0.34985325 -0.33362485 0.39761657
v -0.34997988 -0.33353964 0.39761657
v 0.35147929 -0.30722840 0.39948047
v 0.35147929 -0.30722840 0.40119882
v 0.35147929 -0.32024615 0.40119882
v 0.35147929 -0.32024615 0.39948047
v -0.35091361 -0.33320828 0.39891479
v -0.35091361 -0.32024615 0.39891479
v -0.35091361 -0.32024615 0.39891479
v -0.35010178 -0.32024615 0.39891479
v -0.35010178 -0.33312781 0.39891479
v 0.35055148 -0.33411124 0.39891361
v 0.35055148 -0.33411124 0.39891361
v 0.34998107 -0.33353964 0.39891361
v 0.34970414 -0.30545325 0.40119882
v 0.34970414 -0.30545325 0.39948047
v -0.35081065 -0.30676923 0.39761657
v -0.35081065 -0.30676923 0.39761657
v -0.35081065 -0.30676923 0.39761657
v -0.35006509 -0.30707929 0.39761657
v -0.35006509 -0.30707929 0.39761657
v 0.35091361 -0.30728402 0.39761538
v 0.35091361 -0.30728402 0.39761538
v 0.35010178 -0.30736450 0.39761538
v 0.35010178 -0.30736450 0.39761538
v 0.34964852 -0.30601893 0.39761538
v -0.34964852 -0.30601893 0.39761657
v -0.34964852 -0.30601893 0.39761657
v -0.34964852 -0.30601893 0.39761657
v -0.34956805 -0.30683077 0.39761657
v -0.34956805 -0.30683077 0.39761657
v 0.34956805 -0.30683077 0.39761538
v 0.34956805 -0.30683077 0.39761538
v -0.35147929 -0.33326391 0.39704970
v -0.34970414 -0.30545325 0.39704970
v -0.34970414 -0.30545325 -0.37154201
v 0.35091361 -0.33320828 0.39761538
v 0.35091361 -0.33320828 0.39761538
v 0.35091361 -0.32024615 0.39761538
v 0.35091361 -0.32024615 0.39761538
v 0.35010178 -0.32024615 0.39761538
v 0.35010178 -0.33312781 0.39761538
v 0.35010178 -0.33312781 0.39761538
v 0.35010178 -0.33312781 0.39761538
v -0.35147929 -0.32024615 0.49407219
v -0.35147929 -0.32024615 0.40119882
v -0.34964852 -0.30601893 0.39891479
v -0.34956805 -0.30683077 0.39891479
v -0.34956805 -0.30683077 0.39891479
v -0.35091361 -0.30728402 0.39891479
v -0.35091361 -0.30728402 0.39891479
v -0.35010178 -0.30736450 0.39891479
v -0.35010178 -0.30736450 0.39891479
v -0.35010178 -0.30736450 0.39891479
v -0.35016213 -0.30612071 0.39761657
v -0.35016213 -0.30612071 0.39761657
v -0.35016213 -0.30612071 0.39761657
v -0.35055148 -0.30638107 0.39761657
v -0.34997988 -0.30695148 0.39761657
v -0.34997988 -0.30695148 0.39761657
v -0.34985325 -0.30686746 0.39761657
v -0.34985325 -0.30686746 0.39761657
v -0.34985325 -0.30686746 0.39761657
v 0.35134438 -0.30654911 0.49407219
v 0.35095976 -0.30597278 0.49407219
v -0.34964852 -0.33447337 0.39891479
v -0.34964852 -0.33447337 0.39891479
v -0.34956805 -0.33366154 0.39891479
v -0.34956805 -0.33366154 0.39891479
v -0.35055148 -0.33411124 0.39761657
v -0.34997988 -0.33353964 0.39761657
v -0.34997988 -0.33353964 0.39761657
v -0.35055148 -0.33411124 0.39891479
v -0.35055148 -0.33411124 0.39891479
v -0.35081065 -0.33372189 0.39891479
v -0.35006509 -0.33341302 0.39891479
v -0.35006509 -0.33341302 0.39891479
v -0.34997988 -0.33353964 0.39891479
v 0.35038343 -0.33490414 0.49407219
v 0.35095976 -0.33451834 0.49407219
v 0.35134438 -0.33394320 0.49407219
v 0.35095976 -0.33451834 0.49407219
v 0.35038343 -0.30558817 0.49407219
v 0.35095976 -0.30597278 0.49407219
v 0.35147929 -0.30722840 0.49407219
v -0.35147929 -0.32024615 0.39948047
v 0.35055148 -0.30638107 0.39891361
v 0.35055148 -0.30638107 0.39891361
v 0.34998107 -0.30695148 0.39891361
v -0.35055148 -0.30638107 0.39761657
v -0.35055148 -0.30638107 0.39761657
v -0.34997988 -0.30695148 0.39761657
v 0.35055148 -0.30638107 0.39891361
v 0.34998107 -0.30695148 0.39891361
v 0.34998107 -0.30695148 0.39891361
v 0.35055148 -0.30638107 0.39761538
v 0.35055148 -0.30638107 0.39761538
v 0.35016331 -0.30612071 0.39761538
v 0.35016331 -0.30612071 0.39761538
v 0.35016331 -0.30612071 0.39761538
v 0.34985325 -0.30686746 0.39761538
v 0.34985325 -0.30686746 0.39761538
v 0.34985325 -0.30686746 0.39761538
v 0.34998107 -0.30695148 0.39761538
v 0.35016331 -0.33437041 0.39761538
v 0.35016331 -0.33437041 0.39761538
v 0.35016331 -0.33437041 0.39761538
v 0.35055148 -0.33411124 0.39761538
v 0.34998107 -0.33353964 0.39761538
v 0.34998107 -0.33353964 0.39761538
v 0.34985325 -0.33362485 0.39761538
v 0.34985325 -0.33362485 0.39761538
v -0.35147929 -0.32024615 0.39704970
v -0.35147929 -0.33326391 0.39704970
v -0.35091361 -0.33320828 0.39761657
v -0.35091361 -0.32024615 0.39761657
v -0.35147929 -0.32024615 0.39948047
v -0.35147929 -0.30722840 0.39948047
v -0.35091361 -0.30728402 0.39891479
v -0.35091361 -0.32024615 0.39891479
v 0.35134438 -0.33394320 0.39704970
v 0.35147929 -0.33326391 0.39704970
v 0.35091361 -0.33320828 0.39761538
v 0.35081183 -0.33372189 0.39761538
v 0.35147929 -0.33326391 0.39948047
v 0.35134438 -0.33394320 0.39948047
v 0.35081183 -0.33372189 0.39891361
v 0.35091361 -0.33320828 0.39891361
v 0.35095976 -0.33451834 0.39704970
v 0.35055148 -0.33411124 0.39761538
v 0.35095976 -0.33451834 0.39948047
v 0.35055148 -0.33411124 0.39891361
v 0.35038343 -0.33490414 0.39704970
v 0.35095976 -0.33451834 0.39704970
v 0.35055148 -0.33411124 0.39761538
v 0.35016331 -0.33437041 0.39761538
v 0.35095976 -0.33451834 0.39948047
v 0.35038343 -0.33490414 0.39948047
v 0.35016331 -0.33437041 0.39891361
v 0.35055148 -0.33411124 0.39891361
v 0.34970414 -0.33503905 0.39704970
v 0.34964852 -0.33447337 0.39761538
v 0.34970414 -0.33503905 0.39948047
v 0.34964852 -0.33447337 0.39891361
v -0.35134438 -0.33394320 0.39948047
v -0.35147929 -0.33326391 0.39948047
v -0.35091361 -0.33320828 0.39891479
v -0.35081065 -0.33372189 0.39891479
v -0.35134438 -0.33394320 0.39704970
v -0.35081065 -0.33372189 0.39761657
v -0.35095976 -0.33451834 0.39948047
v -0.35055148 -0.33411124 0.39891479
v -0.35095976 -0.33451834 0.39704970
v -0.35055148 -0.33411124 0.39761657
v -0.35038343 -0.33490414 0.39948047
v -0.35095976 -0.33451834 0.39948047
v -0.35055148 -0.33411124 0.39891479
v -0.35016213 -0.33437041 0.39891479
v -0.35095976 -0.33451834 0.39704970
v -0.35038343 -0.33490414 0.39704970
v -0.35016213 -0.33437041 0.39761657
v -0.35055148 -0.33411124 0.39761657
v -0.34970414 -0.33503905 0.39948047
v -0.34964852 -0.33447337 0.39891479
v -0.34970414 -0.33503905 0.39704970
v -0.34964852 -0.33447337 0.39761657
v 0.35038343 -0.30558817 0.39704970
v 0.34970414 -0.30545325 0.39704970
v 0.34964852 -0.30601893 0.39761538
v 0.35016331 -0.30612071 0.39761538
v 0.34970414 -0.30545325 0.39948047
v 0.35038343 -0.30558817 0.39948047
v 0.35016331 -0.30612071 0.39891361
v 0.34964852 -0.30601893 0.39891361
v 0.35095976 -0.30597278 0.39704970
v 0.35055148 -0.30638107 0.39761538
v 0.35095976 -0.30597278 0.39948047
v 0.35055148 -0.30638107 0.39891361
v 0.35134438 -0.30654911 0.39704970
v 0.35095976 -0.30597278 0.39704970
v 0.35055148 -0.30638107 0.39761538
v 0.35081183 -0.30676923 0.39761538
v 0.35095976 -0.30597278 0.39948047
v 0.35134438 -0.30654911 0.39948047
v 0.35081183 -0.30676923 0.39891361
v 0.35055148 -0.30638107 0.39891361
v 0.35147929 -0.30722840 0.39704970
v 0.35091361 -0.30728402 0.39761538
v 0.35147929 -0.30722840 0.39948047
v 0.35091361 -0.30728402 0.39891361
v -0.35038343 -0.30558817 0.39948047
v -0.34970414 -0.30545325 0.39948047
v -0.34964852 -0.30601893 0.39891479
v -0.35016213 -0.30612071 0.39891479
v -0.34970414 -0.30545325 0.39704970
v -0.35038343 -0.30558817 0.39704970
v -0.35016213 -0.30612071 0.39761657
v -0.34964852 -0.30601893 0.39761657
v -0.35095976 -0.30597278 0.39948047
v -0.35055148 -0.30638107 0.39891479
v -0.35095976 -0.30597278 0.39704970
v -0.35055148 -0.30638107 0.39761657
v -0.35134438 -0.30654911 0.39948047
v -0.35095976 -0.30597278 0.39948047
v -0.35055148 -0.30638107 0.39891479
v -0.35081065 -0.30676923 0.39891479
v -0.35095976 -0.30597278 0.39704970
v -0.35134438 -0.30654911 0.39704970
v -0.35081065 -0.30676923 0.39761657
v -0.35055148 -0.30638107 0.39761657
v -0.35147929 -0.30722840 0.39704970
v -0.35091361 -0.30728402 0.39761657
v 0.35147929 -0.32024615 0.39948047
v 0.35091361 -0.32024615 0.39891361
v 0.35147929 -0.32024615 0.39704970
v 0.35091361 -0.32024615 0.39761538
v 0.35502959 -0.14873254 -0.49461538
v 0.35502959 -0.14873254 -0.46853846
v 0.35502959 -0.00258343 -0.49461538
v 0.35502959 -0.00258343 -0.46929941
v -0.35502959 -0.14873254 -0.44246036
v -0.35502959 -0.14873254 -0.46853728
v -0.35502959 -0.00258462 -0.44398225
v -0.35502959 -0.00258343 -0.46929941
v -0.00185444 0.14767692 0.50000000
v 0.16665444 0.14767692 0.50000000
v -0.00185444 0.00017278 0.50000000
v 0.16665444 0.00017278 0.50000000
v -0.17036331 0.14767692 0.50000000
v -0.17036331 0.00017278 0.50000000
v -0.33887337 0.14767692 0.50000000
v -0.33887337 0.00017278 0.50000000
v 0.16665325 0.14362722 -0.50000000
v -0.00185562 0.14362722 -0.50000000
v 0.16665325 -0.00254201 -0.50000000
v -0.00185562 -0.00254201 -0.50000000
v -0.17036450 0.14362722 -0.50000000
v -0.17036450 -0.00254201 -0.50000000
v -0.33887337 0.14362722 -0.50000000
v -0.33887337 -0.00254201 -0.50000000
v 0.35502959 0.14901657 0.04040592
v 0.35502959 0.14965680 -0.18267929
v 0.35502959 0.00107219 0.04436450
v 0.35502959 0.00150059 -0.17677515
v 0.35502959 0.14837751 0.26348994
v 0.35502959 0.00064379 0.26550414
v 0.35502959 0.14773846 0.48657396
v 0.35502959 0.00021420 0.48664379
v -0.35502959 0.14901657 0.04040592
v -0.35502959 0.14837751 0.26348994
v -0.35502959 0.00107219 0.04436450
v -0.35502959 0.00064379 0.26550414
v -0.35502959 0.14965680 -0.18267929
v -0.35502959 0.00150059 -0.17677515
v -0.35502959 0.00192899 -0.41152663
v -0.35502959 0.14773846 0.48657396
v -0.35502959 0.00021420 0.48664497
v 0.35502959 0.00019882 0.49461538
v 0.35502959 0.00192899 -0.41152663
v -0.35502959 0.14771598 0.49461538
v -0.35502959 0.00019882 0.49461538
v 0.33516331 0.14767692 0.50000000
v 0.33516331 0.00017278 0.50000000
v 0.34964615 0.00017278 0.50000000
v 0.33516331 0.14362722 -0.50000000
v 0.34964497 -0.00254201 -0.50000000
v 0.33516331 -0.00254201 -0.50000000
v -0.34964497 0.14362722 -0.50000000
v -0.35345207 0.14359645 -0.49842249
v -0.34964497 -0.00254201 -0.50000000
v -0.35345207 -0.00256331 -0.49842249
v -0.35345207 0.14359645 -0.49842249
v -0.35345207 -0.00256331 -0.49842249
v -0.35502959 -0.00258343 -0.49461538
v -0.35345207 0.14768757 0.49842367
v -0.35345207 0.00018107 0.49842367
v -0.35345207 0.14768757 0.49842367
v -0.34964497 0.14767692 0.50000000
v -0.35345207 0.00018107 0.49842367
v -0.34964497 0.00017278 0.50000000
v 0.35345325 -0.14732663 0.49842249
v 0.35345325 0.00018107 0.49842249
v 0.35345325 -0.14732663 0.49842249
v 0.35345325 0.00018107 0.49842249
v 0.35345207 -0.14872189 -0.49842249
v 0.35345207 -0.00256331 -0.49842249
v 0.35345207 -0.14872189 -0.49842249
v 0.35345207 -0.00256331 -0.49842249
v 0.35502959 -0.14873254 -0.44246036
v 0.35502959 -0.00258462 -0.44398225
vn 0.02959968 0.20889774 -0.97748943
vn -0.02250061 -0.17770480 -0.98382657
vn -0.17910224 -0.17790223 -0.96761210
vn -0.17900863 0.17780857 -0.96764664
vn -0.03559977 0.18499882 0.98209373
vn 0.04100049 -0.20110242 0.97871179
vn 0.02250061 -0.17770480 0.98382657
vn -0.02959886 0.20949192 0.97736229
vn 0.17919125 0.17759133 -0.96765274
vn 0.17900863 -0.17780857 -0.96764664
vn 0.02250061 -0.17770480 -0.98382657
vn -0.02960030 0.20880210 -0.97750985
vn -0.13179691 -0.99127674 0.00000000
vn -0.19509682 -0.98078399 0.00000000
vn -0.17929574 -0.96677701 -0.18219567
vn -0.13269891 -0.97089201 -0.19939836
vn 0.98080312 0.19500062 0.00000000
vn 0.98088334 -0.19459669 0.00000000
vn 0.96722298 -0.17920426 -0.17990427
vn 0.96718835 0.17959784 -0.17969784
vn -0.17919903 0.17789904 0.96759477
vn -0.17900863 -0.17780857 0.96764664
vn -0.02250082 -0.17820649 0.98373582
vn 0.02960134 0.20910944 0.97744412
vn 0.17919443 -0.17749448 0.96766992
vn 0.17900682 0.17840680 0.96753686
vn 0.03559977 0.18499882 -0.98209373
vn -0.04100049 -0.20110242 -0.97871179
vn 0.13179691 -0.99127674 0.00000000
vn 0.19400029 -0.98100147 0.00000000
vn 0.18789988 -0.96309937 -0.19269987
vn 0.13280474 -0.97083464 -0.19960712
vn 0.07150290 -0.99744039 0.00000000
vn 0.06940306 -0.97824312 -0.19550862
vn 0.00000000 -1.00000000 0.00000000
vn 0.00000000 -0.98042266 -0.19690455
vn -0.07150290 -0.99744039 0.00000000
vn -0.06940306 -0.97824312 -0.19550862
vn -0.19400029 -0.98100147 0.00000000
vn -0.18789988 -0.96309937 -0.19269987
vn -0.98076485 0.19519300 0.00000000
vn -0.98088334 -0.19459669 0.00000000
vn -0.96724037 -0.17920748 0.17980751
vn -0.96717097 0.17959461 0.17979460
vn -0.04100049 -0.20110242 0.97871179
vn 0.03559977 0.18499882 0.98209373
vn -0.01470009 -0.19990118 0.97970579
vn 0.01309965 0.18699496 0.98227353
vn 0.00000000 -0.19580842 0.98064217
vn 0.00000000 0.19180641 0.98143278
vn 0.01470009 -0.19990118 0.97970579
vn -0.01309965 0.18699496 0.98227353
vn 0.19380781 -0.98103952 0.00000000
vn 0.17800459 -0.96682491 -0.18320472
vn 0.04100049 -0.20110242 -0.97871179
vn -0.03559977 0.18499882 -0.98209373
vn 0.01470009 -0.19990118 -0.97970579
vn -0.01309965 0.18699496 -0.98227353
vn 0.00000000 -0.19580842 -0.98064217
vn 0.00000000 0.19149861 -0.98149288
vn -0.01470009 -0.19990118 -0.97970579
vn 0.01309965 0.18699496 -0.98227353
vn -0.13179691 0.99127674 0.00000000
vn 0.19500062 0.98080312 0.00000000
vn 0.17929574 0.96677701 -0.18219567
vn -0.12609543 0.97296475 -0.19349299
vn 0.13179691 0.99127674 0.00000000
vn 0.19400029 0.98100147 0.00000000
vn 0.19299367 0.96156844 -0.19529359
vn 0.12610282 0.97292174 -0.19370433
vn 0.07150290 0.99744039 0.00000000
vn 0.07090099 0.97761360 -0.19810276
vn 0.00000000 1.00000000 0.00000000
vn 0.00000000 0.98034148 -0.19730835
vn -0.07150290 0.99744039 0.00000000
vn -0.07080139 0.97751914 -0.19860389
vn -0.19400029 0.98100147 0.00000000
vn -0.19299743 0.96158721 -0.19519740
vn -0.17791101 0.96685982 -0.18311133
vn -0.15670392 0.91672290 -0.36750918
vn -0.32158932 0.88707055 -0.33118900
vn -0.35712084 0.91995368 -0.16170944
vn -0.35888491 0.15829334 -0.91986132
vn -0.32288996 0.32338994 -0.88947233
vn -0.15780188 0.35820428 -0.92021099
vn -0.96724031 0.17910746 -0.17990750
vn -0.91968073 0.35899248 -0.15909667
vn -0.88770784 0.32390286 -0.32720289
vn -0.91919896 0.15709982 -0.36109959
vn -0.15779866 -0.35799697 -0.92029221
vn -0.32349780 -0.32299780 -0.88939395
vn -0.35909783 -0.15819904 -0.91979444
vn -0.35970418 -0.91921068 -0.16020186
vn -0.32439540 -0.88708743 -0.32839535
vn -0.15820424 -0.91722456 -0.36560979
vn -0.96717097 -0.17959461 -0.17979460
vn -0.91918879 -0.15739808 -0.36099560
vn -0.88768028 -0.32449279 -0.32669274
vn -0.91938847 -0.35969549 -0.15919800
vn -0.17929900 0.96679461 0.18209899
vn -0.35982431 0.91916210 0.16021082
vn -0.32448488 0.88705866 0.32838469
vn -0.15830173 0.91721005 0.36560401
vn -0.91922197 0.15740376 0.36090862
vn -0.88768028 0.32449279 0.32669274
vn -0.91935539 0.35978254 0.15919228
vn -0.15779866 0.35799697 0.92029221
vn -0.32378727 0.32278731 0.88936503
vn -0.35909783 0.15819904 0.91979444
vn -0.17800132 -0.96680719 0.18330136
vn -0.15670392 -0.91672290 0.36750918
vn -0.32158932 -0.88707055 0.33118900
vn -0.35720808 -0.91992082 0.16170366
vn -0.35888491 -0.15829334 0.91986132
vn -0.32318997 -0.32308997 0.88947238
vn -0.15780188 -0.35820428 0.92021099
vn -0.91966610 -0.35898677 0.15919413
vn -0.88773659 -0.32381335 0.32721349
vn -0.91919896 -0.15709982 0.36109959
vn 0.35970418 0.91921068 -0.16020186
vn 0.32439540 0.88708743 -0.32839535
vn 0.15820424 0.91722456 -0.36560979
vn 0.91918879 0.15739808 -0.36099560
vn 0.88770908 0.32440332 -0.32670334
vn 0.91938847 0.35969549 -0.15919800
vn 0.15779866 0.35799697 -0.92029221
vn 0.32358733 0.32298735 -0.88936517
vn 0.35910351 0.15810154 -0.91980899
vn 0.15670392 -0.91672290 -0.36750918
vn 0.32161785 -0.88704923 -0.33121838
vn 0.35721386 -0.91993569 -0.16160627
vn 0.35888491 -0.15829334 -0.91986132
vn 0.32288996 -0.32338994 -0.88947233
vn 0.15780188 -0.35820428 -0.92021099
vn 0.91966610 -0.35898677 -0.15919413
vn 0.88767908 -0.32399237 -0.32719229
vn 0.91916577 -0.15709415 -0.36118655
vn 0.35888491 0.15829334 0.91986132
vn 0.32318997 0.32308997 0.88947238
vn 0.15779623 0.35829144 0.92017802
vn 0.96724037 0.17920748 0.17980751
vn 0.91966610 0.35898677 0.15919413
vn 0.88770722 0.32370263 0.32740266
vn 0.91916577 0.15709415 0.36118655
vn 0.17789381 0.96686634 0.18309363
vn 0.15670392 0.91672290 0.36750918
vn 0.32158932 0.88707055 0.33118900
vn 0.35720808 0.91992082 0.16170366
vn 0.17929574 -0.96677701 0.18219567
vn 0.35979124 -0.91917761 0.16019610
vn 0.32439540 -0.88708743 0.32839535
vn 0.15830173 -0.91721005 0.36560401
vn 0.96717097 -0.17959461 0.17979460
vn 0.91922197 -0.15740376 0.36090862
vn 0.88770908 -0.32440332 0.32670334
vn 0.91938847 -0.35969549 0.15919800
vn 0.15779866 -0.35799697 0.92029221
vn 0.32340826 -0.32300825 0.88942272
vn 0.35909783 -0.15819904 0.91979444
vn -0.19380781 0.98103952 0.00000000
vn -0.38082022 0.92464910 0.00000000
vn -0.92408260 0.38219281 0.00000000
vn -0.98088334 0.19459669 0.00000000
vn -0.19419275 -0.98096339 0.00000000
vn -0.38078501 -0.92466360 0.00000000
vn -0.92428827 -0.38169516 0.00000000
vn 0.12609543 0.97296475 0.19349299
vn 0.12860276 0.91411964 0.38450826
vn 0.04800021 0.37960164 0.92390399
vn 0.13270155 -0.97091136 0.19930233
vn 0.11520320 -0.91552543 0.38541070
vn 0.05370159 -0.37951121 0.92362729
vn 0.19380781 0.98103952 0.00000000
vn 0.38061400 0.92473401 0.00000000
vn 0.92408260 0.38219281 0.00000000
vn 0.98088334 0.19459669 0.00000000
vn 0.38032222 -0.92485405 0.00000000
vn 0.92425299 -0.38178058 0.00000000
vn -0.12860276 0.91411964 -0.38450826
vn -0.04799838 0.37968722 -0.92386891
vn -0.11519876 -0.91549014 -0.38549585
vn -0.05370070 -0.37930496 -0.92371207
vn -0.12610282 0.97292174 0.19370433
vn -0.12859658 0.91387570 0.38508976
vn -0.04799838 0.37968722 0.92386891
vn -0.19300091 0.96150451 0.19560092
vn -0.17439648 0.90798168 0.38099231
vn -0.07720123 0.37840602 0.92241468
vn -0.07090099 0.97761360 0.19810276
vn -0.06440227 0.92003238 0.38651360
vn -0.02790077 0.37961050 0.92472559
vn 0.00000000 0.98036471 0.19719290
vn 0.00000000 0.92216907 0.38678703
vn 0.00000000 0.37961781 0.92514340
vn 0.07090099 0.97761360 0.19810276
vn 0.06439978 0.91999682 0.38659866
vn 0.02790077 0.37961050 0.92472559
vn 0.19300091 0.96150451 0.19560092
vn 0.17439648 0.90798168 0.38099231
vn 0.07720123 0.37840602 0.92241468
vn -0.13270650 -0.97084753 0.19960977
vn -0.11519318 -0.91524585 0.38607716
vn -0.05370159 -0.37951121 0.92362729
vn -0.18789988 -0.96309937 0.19269987
vn -0.18470548 -0.90622691 0.38031129
vn -0.07280348 -0.37871812 0.92264415
vn -0.06939627 -0.97824742 0.19548949
vn -0.06749578 -0.91974244 0.38667580
vn -0.02670003 -0.38000037 0.92460090
vn 0.00000000 -0.98040335 0.19700067
vn 0.00000000 -0.92216907 0.38678703
vn 0.00000000 -0.37961781 0.92514340
vn 0.06939763 -0.97816654 0.19589330
vn 0.06749839 -0.91977799 0.38659075
vn 0.02660067 -0.37970954 0.92472324
vn 0.18790350 -0.96311792 0.19260358
vn 0.18469143 -0.90615796 0.38048235
vn 0.07279832 -0.37839125 0.92277867
vn 0.12859658 0.91387570 -0.38508976
vn 0.04800282 0.37972230 -0.92385426
vn 0.17438984 0.90794708 -0.38107779
vn 0.07719831 0.37849170 -0.92237978
vn 0.06440321 0.91994588 -0.38671929
vn 0.02790077 0.37961050 -0.92472559
vn 0.00000000 0.92220474 -0.38670199
vn 0.00000000 0.38011596 -0.92493884
vn -0.06439978 0.91999682 -0.38659866
vn -0.02790077 0.37961050 -0.92472559
vn -0.17440567 0.90792952 -0.38111239
vn -0.07719831 0.37849170 -0.92237978
vn 0.11519318 -0.91524585 -0.38607716
vn 0.05369866 -0.37939056 -0.92367703
vn 0.18469411 -0.90607110 -0.38068786
vn 0.07280073 -0.37880378 -0.92260921
vn 0.06750198 -0.91972703 -0.38671136
vn 0.02659922 -0.37958885 -0.92477283
vn 0.00000000 -0.92220474 -0.38670199
vn 0.00000000 -0.37970340 -0.92510828
vn -0.06749839 -0.91977799 -0.38659075
vn -0.02660067 -0.37970954 -0.92472324
vn -0.18460455 -0.90612232 -0.38060938
vn -0.07280073 -0.37880378 -0.92260921
vn 0.13179691 0.99127674 0.00000000
vn -0.19519300 0.98076485 0.00000000
vn 0.92391202 -0.38260498 0.00000000
vn 0.98078399 -0.19509682 0.00000000
vn 0.19509682 -0.98078399 0.00000000
vn 0.38210741 -0.92411792 0.00000000
vn 0.92391202 0.38260498 0.00000000
vn 0.38219281 0.92408260 0.00000000
vn -0.92396200 -0.38248427 0.00000000
vn -0.98088334 -0.19459669 0.00000000
vn -0.38210741 -0.92411792 0.00000000
vn -0.92382666 0.38281105 0.00000000
vn -0.38248427 0.92396200 0.00000000
vn -0.13179691 0.99127674 0.00000000
vn -0.19400029 0.98100147 0.00000000
vn -0.07150290 0.99744039 0.00000000
vn 0.00000000 1.00000000 0.00000000
vn 0.07150290 0.99744039 0.00000000
vn 0.19400029 0.98100147 0.00000000
vn 0.13179691 -0.99127674 0.00000000
vn -0.13179691 -0.99127674 0.00000000
vn -0.19400029 -0.98100147 0.00000000
vn -0.07150290 -0.99744039 0.00000000
vn 0.00000000 -1.00000000 0.00000000
vn 0.07150290 -0.99744039 0.00000000
vn 0.19400029 -0.98100147 0.00000000
vn 0.00000000 -1.00000000 0.00000000
vn 0.19509682 -0.98078399 0.00000000
vn 0.19509682 -0.98078399 0.00000000
vn 0.00000000 -1.00000000 0.00000000
vn 0.00000000 -1.00000000 0.00000000
vn 0.00000000 -1.00000000 0.00000000
vn -0.17939659 -0.96728162 0.17939659
vn -0.19509682 -0.98078399 0.00000000
vn 1.00000000 0.00000000 0.00000000
vn 0.98603543 0.02020073 -0.16530594
vn 0.97018942 0.17759806 -0.16489820
vn 0.98078399 0.19509682 0.00000000
vn 1.00000000 0.00000000 0.00000000
vn 0.98123666 0.19280720 0.00000000
vn 0.98403995 0.17660717 -0.02180089
vn 1.00000000 0.00000000 0.00000000
vn 0.00000000 0.00000000 1.00000000
vn 0.00000000 0.00000000 1.00000000
vn 0.00000000 0.00000000 1.00000000
vn 0.00000000 0.00000000 1.00000000
vn -0.98078399 0.19509682 0.00000000
vn -1.00000000 0.00000000 0.00000000
vn -0.98078399 0.00000000 0.19509682
vn -0.96728162 0.17939659 0.17939659
vn 0.00000000 -1.00000000 0.00000000
vn 0.00000000 -1.00000000 0.00000000
vn -0.19509682 -0.98078399 0.00000000
vn 0.00000000 -1.00000000 0.00000000
vn 0.00000000 0.19509682 0.98078399
vn 0.00000000 0.00000000 1.00000000
vn 0.19509682 0.00000000 0.98078399
vn 0.17939659 0.17939659 0.96728162
vn -0.21559901 0.13069940 -0.96769558
vn -0.20029815 0.33359692 -0.92119148
vn -0.39200872 0.30360675 -0.86841931
vn -0.41470525 0.11770149 -0.90231143
vn 1.00000000 0.00000000 0.00000000
vn 0.98078399 -0.19509682 0.00000000
vn 0.98078399 -0.19509682 0.00000000
vn 1.00000000 0.00000000 0.00000000
vn 0.00000000 -1.00000000 0.00000000
vn 0.00000000 -1.00000000 0.00000000
vn 0.17939659 -0.96728162 0.17939659
vn 0.00000000 -0.98078399 0.19509682
vn -1.00000000 0.00000000 0.00000000
vn -0.98489134 0.15389865 -0.07939930
vn -0.98406263 0.17649330 -0.02169918
vn -1.00000000 0.00000000 0.00000000
vn 0.98482716 0.15420425 -0.07960220
vn 1.00000000 0.00000000 0.00000000
vn 0.00000000 -1.00000000 0.00000000
vn 0.00000000 -1.00000000 0.00000000
vn 0.00000000 -1.00000000 0.00000000
vn 0.00000000 -1.00000000 0.00000000
vn 0.00000000 -1.00000000 0.00000000
vn 0.00000000 -1.00000000 0.00000000
vn 0.00000000 -1.00000000 0.00000000
vn 0.00000000 -1.00000000 0.00000000
vn 0.00000000 -1.00000000 0.00000000
vn 0.00000000 -1.00000000 0.00000000
vn 0.00000000 -1.00000000 0.00000000
vn 0.00000000 -1.00000000 0.00000000
vn 0.00000000 -1.00000000 0.00000000
vn 0.00000000 -1.00000000 0.00000000
vn 1.00000000 0.00000000 0.00000000
vn 1.00000000 0.00000000 0.00000000
vn 1.00000000 0.00000000 0.00000000
vn 1.00000000 0.00000000 0.00000000
vn -1.00000000 0.00000000 0.00000000
vn -1.00000000 0.00000000 0.00000000
vn -1.00000000 0.00000000 0.00000000
vn -1.00000000 0.00000000 0.00000000
vn 0.00000000 0.00000000 -1.00000000
vn 0.00000000 0.00000000 -1.00000000
vn 0.00000000 0.00000000 -1.00000000
vn 0.00000000 0.00000000 -1.00000000
vn 0.19509682 -0.98078399 0.00000000
vn 0.19509682 -0.98078399 0.00000000
vn -0.38269034 0.00000000 0.92387667
vn -0.38269034 0.00000000 0.92387667
vn -0.19509682 0.00000000 0.98078399
vn -0.19509682 0.00000000 0.98078399
vn 1.00000000 0.00000000 0.00000000
vn 1.00000000 0.00000000 0.00000000
vn 0.98078399 0.00000000 0.19509682
vn 0.98078399 0.00000000 0.19509682
vn 0.38269034 0.00000000 0.92387667
vn 0.38269034 0.00000000 0.92387667
vn 0.19509682 0.00000000 0.98078399
vn 0.00019999 0.33598796 -0.94186626
vn 0.00000000 0.13050625 -0.99144749
vn 0.00000000 0.99144749 -0.13050625
vn -0.19970424 0.97122060 -0.12980275
vn -0.18489261 0.84476626 -0.50217994
vn 0.00000000 0.86601905 -0.50001100
vn -1.00000000 0.00000000 0.00000000
vn -0.98078399 -0.19509682 0.00000000
vn -0.96728162 -0.17939659 0.17939659
vn -0.98078399 0.00000000 0.19509682
vn 0.18480236 0.84471080 -0.50230642
vn 0.00000000 0.86601905 -0.50001100
vn -0.00090002 0.65501403 -0.75561618
vn 0.16389380 0.64997542 -0.74207194
vn -0.89196969 0.30458965 -0.33408865
vn -0.90645826 0.34898393 -0.23778905
vn -0.97593356 0.14010482 -0.16710575
vn 0.00000000 0.00000000 1.00000000
vn 0.00000000 -0.19509682 0.98078399
vn 0.17939659 -0.17939659 0.96728162
vn 0.19509682 0.00000000 0.98078399
vn 0.00000000 -1.00000000 0.00000000
vn 0.00000000 1.00000000 0.00000000
vn -0.19509682 0.98078399 0.00000000
vn -0.17939659 0.96728162 0.17939659
vn 0.00000000 0.98078399 0.19509682
vn 0.00000000 0.00000000 -1.00000000
vn 0.19509682 0.00000000 -0.98078399
vn 0.17939659 -0.17939659 -0.96728162
vn 0.00000000 -0.19509682 -0.98078399
vn -0.20139799 0.16859832 -0.96489038
vn 0.00000000 0.18489225 -0.98275880
vn 0.00000000 1.00000000 0.00000000
vn 0.19859623 0.98008139 -0.00010000
vn 0.18359309 0.96686358 -0.17739332
vn 0.00000000 0.98113822 -0.19330753
vn 0.98078399 0.00000000 0.19509682
vn 0.98078399 0.00000000 0.19509682
vn 0.92387667 0.00000000 0.38269034
vn 0.92387667 0.00000000 0.38269034
vn -0.96728162 -0.17939659 -0.17939659
vn -0.91939145 -0.15849853 -0.35999665
vn -0.88805487 -0.32508348 -0.32508348
vn -0.91939145 -0.35999665 -0.15849853
vn -0.17939659 -0.17939659 -0.96728162
vn -0.15849853 -0.35999665 -0.91939145
vn -0.32508348 -0.32508348 -0.88805487
vn -0.35999665 -0.15849853 -0.91939145
vn -0.17939659 -0.96728162 -0.17939659
vn -0.35999665 -0.91939145 -0.15849853
vn -0.32508348 -0.88805487 -0.32508348
vn -0.15849853 -0.91939145 -0.35999665
vn 0.35999665 -0.15849853 -0.91939145
vn 0.32508348 -0.32508348 -0.88805487
vn 0.15849853 -0.35999665 -0.91939145
vn 0.96728162 -0.17939659 -0.17939659
vn 0.91939145 -0.35999665 -0.15849853
vn 0.88805487 -0.32508348 -0.32508348
vn 0.91939145 -0.15849853 -0.35999665
vn 0.17939659 -0.96728162 -0.17939659
vn 0.15849853 -0.91939145 -0.35999665
vn 0.32508348 -0.88805487 -0.32508348
vn 0.35999665 -0.91939145 -0.15849853
vn -0.17939659 0.17939659 0.96728162
vn -0.15849853 0.35999665 0.91939145
vn -0.32508348 0.32508348 0.88805487
vn -0.35999665 0.15849853 0.91939145
vn -0.35999665 0.91939145 0.15849853
vn -0.32508348 0.88805487 0.32508348
vn -0.15849853 0.91939145 0.35999665
vn -0.91939145 0.15849853 0.35999665
vn -0.88805487 0.32508348 0.32508348
vn -0.91939145 0.35999665 0.15849853
vn 0.17939659 0.96728162 0.17939659
vn 0.15849853 0.91939145 0.35999665
vn 0.32508348 0.88805487 0.32508348
vn 0.35999665 0.91939145 0.15849853
vn 0.35999665 0.15849853 0.91939145
vn 0.32508348 0.32508348 0.88805487
vn 0.15849853 0.35999665 0.91939145
vn 0.96728162 0.17939659 0.17939659
vn 0.91939145 0.35999665 0.15849853
vn 0.88805487 0.32508348 0.32508348
vn 0.91939145 0.15849853 0.35999665
vn 0.92906458 0.15279417 -0.33688715
vn 0.89846326 0.31368717 -0.30718744
vn 0.92273995 0.35261527 -0.15560674
vn 0.19329360 0.17849409 -0.96476808
vn 0.17269910 0.35829813 -0.91749522
vn 0.35169205 0.32039276 -0.87958012
vn 0.38771933 0.15620779 -0.90844529
vn 0.18228938 0.96644369 -0.18098945
vn 0.36728653 0.91796634 -0.14979451
vn 0.33890562 0.88501467 -0.31920529
vn 0.16380297 0.91931665 -0.35780648
vn -0.97002661 0.17670485 -0.16680458
vn -0.92308779 0.35099536 -0.15719792
vn -0.89857568 0.31029160 -0.31029160
vn -0.92799086 0.15309849 -0.33969665
vn -0.18329342 0.96686529 -0.17769362
vn -0.16390578 0.92153250 -0.35201242
vn -0.34278494 0.88496112 -0.31518615
vn -0.36891442 0.91763588 -0.14780578
vn -0.40289203 0.14689709 -0.90338212
vn -0.37418947 0.29709164 -0.87847527
vn -0.18439491 0.33699069 -0.92327449
vn -0.91939145 -0.35999665 0.15849853
vn -0.88808374 -0.32509405 0.32499405
vn -0.91939145 -0.15849853 0.35999665
vn -0.15849853 -0.91939145 0.35999665
vn -0.32499405 -0.88808374 0.32509405
vn -0.35999665 -0.91939145 0.15849853
vn -0.17939659 -0.17939659 0.96728162
vn -0.35999665 -0.15849853 0.91939145
vn -0.32508348 -0.32508348 0.88805487
vn -0.15849853 -0.35999665 0.91939145
vn 0.15849853 -0.35999665 0.91939145
vn 0.32508348 -0.32508348 0.88805487
vn 0.35999665 -0.15849853 0.91939145
vn 0.35999665 -0.91939145 0.15849853
vn 0.32499405 -0.88808374 0.32509405
vn 0.15849853 -0.91939145 0.35999665
vn 0.96728162 -0.17939659 0.17939659
vn 0.91939145 -0.15849853 0.35999665
vn 0.88808374 -0.32509405 0.32499405
vn 0.91939145 -0.35999665 0.15849853
vn -0.96784804 0.17670877 -0.17900889
vn -0.92119570 0.35579834 -0.15749927
vn -0.89000725 0.32210263 -0.32270263
vn -0.92000087 0.15790015 -0.35870034
vn -0.18179459 0.96687124 -0.17919467
vn -0.16089858 0.91909186 -0.35969681
vn -0.32969264 0.88668022 -0.32419277
vn -0.36478825 0.91757045 -0.15809491
vn -0.17990553 0.17970553 -0.96712973
vn -0.36127917 0.15699095 -0.91914700
vn -0.32728941 0.32418951 -0.88757129
vn -0.15939865 0.35959697 -0.91939224
vn 0.96777973 0.17719629 -0.17889625
vn 0.92005701 0.15829260 -0.35838325
vn 0.88997858 0.32269223 -0.32219225
vn 0.92092058 0.35650797 -0.15750352
vn 0.18010102 0.17910102 -0.96720548
vn 0.15949472 0.35858812 -0.91976953
vn 0.32807775 0.32347807 -0.88753982
vn 0.36159585 0.15659820 -0.91908946
vn 0.36800979 0.91662440 -0.15610415
vn 0.33379832 0.88659555 -0.32019839
vn 0.16300324 0.92011830 -0.35610708
vn -0.19509682 0.00000000 -0.98078399
vn -0.38269034 0.00000000 -0.92387667
vn -0.92387667 0.00000000 -0.38269034
vn -0.98078399 0.00000000 -0.19509682
vn 0.00000000 -0.38269034 -0.92387667
vn 0.00000000 -0.92387667 -0.38269034
vn 0.00000000 -0.98078399 -0.19509682
vn 0.00000000 0.92387667 0.38269034
vn 0.00000000 0.38269034 0.92387667
vn 0.00000000 0.19509682 0.98078399
vn -0.92387667 0.00000000 0.38269034
vn -0.38269034 0.00000000 0.92387667
vn -0.19509682 0.00000000 0.98078399
vn 0.00000000 -0.92387667 0.38269034
vn 0.00000000 -0.38269034 0.92387667
vn 0.92387667 0.00000000 0.38269034
vn 0.19509682 0.98078399 0.00000000
vn 0.38269034 0.92387667 0.00000000
vn 0.92387667 0.38269034 0.00000000
vn 0.98078399 0.19509682 0.00000000
vn 0.38269034 -0.92387667 0.00000000
vn 0.92387667 -0.38269034 0.00000000
vn 0.98078399 -0.19509682 0.00000000
vn -0.38269034 -0.92387667 0.00000000
vn -0.92387667 -0.38269034 0.00000000
vn 0.38269034 -0.92387667 0.00000000
vn 0.38269034 -0.92387667 0.00000000
vn 0.92387667 -0.38269034 0.00000000
vn 0.92387667 -0.38269034 0.00000000
vn -0.19509682 -0.98078399 0.00000000
vn -0.38269034 -0.92387667 0.00000000
vn -0.38269034 -0.92387667 0.00000000
vn -0.92387667 -0.38269034 0.00000000
vn -0.92387667 -0.38269034 0.00000000
vn -0.98078399 -0.19509682 0.00000000
vn -0.98078399 -0.19509682 0.00000000
vn -0.19509682 0.98078399 0.00000000
vn -0.38269034 0.92387667 0.00000000
vn -0.92387667 0.38269034 0.00000000
vn -0.98078399 0.19509682 0.00000000
vn 0.00000000 0.98080312 -0.19500062
vn 0.00000000 0.92408260 -0.38219281
vn 0.00010000 0.38119739 -0.92449367
vn 0.00000000 0.19480821 -0.98084135
vn -0.98078399 0.00000000 0.19509682
vn -0.98078399 0.00000000 0.19509682
vn -0.92387667 0.00000000 0.38269034
vn -0.92387667 0.00000000 0.38269034
vn 0.00000000 0.00000000 1.00000000
vn 0.00000000 0.00000000 1.00000000
vn 0.19509682 0.00000000 -0.98078399
vn 0.38269034 0.00000000 -0.92387667
vn 0.92387667 0.00000000 -0.38269034
vn 0.98078399 0.00000000 -0.19509682
vn -1.00000000 0.00000000 0.00000000
vn -1.00000000 0.00000000 0.00000000
vn -0.38269034 0.00000000 0.92387667
vn -0.38269034 0.00000000 0.92387667
vn -0.19509682 0.00000000 0.98078399
vn -0.19509682 0.00000000 0.98078399
vn 0.98078399 0.00000000 0.19509682
vn 0.92387667 0.00000000 0.38269034
vn 0.38269034 0.00000000 0.92387667
vn 0.38269034 0.00000000 0.92387667
vn 0.19509682 0.00000000 0.98078399
vn 0.19509682 0.00000000 0.98078399
vn -0.92387667 0.00000000 0.38269034
vn 1.00000000 0.00000000 0.00000000
vn 1.00000000 0.00000000 0.00000000
vn 0.00000000 0.00000000 1.00000000
vn 0.92387667 0.00000000 0.38269034
vn 0.00000000 0.00000000 1.00000000
vn 0.00000000 0.00000000 1.00000000
vn 0.19509682 0.00000000 0.98078399
vn 0.00000000 0.19509682 -0.98078399
vn 0.00000000 0.38269034 -0.92387667
vn 0.00000000 0.92391202 -0.38260498
vn 0.00000000 0.98078399 -0.19509682
vn -0.16370068 0.65010270 -0.74200308
vn -0.35871837 0.81824191 -0.44922301
vn -0.32420584 0.61661111 -0.71741293
vn -1.00000000 0.00000000 0.00000000
vn -1.00000000 0.00000000 0.00000000
vn 0.00100003 0.65512055 -0.75552370
vn -0.93332861 0.05080156 -0.35541090
vn -0.92658818 0.13399829 -0.35139552
vn -0.98383270 0.05780192 -0.16950563
vn -0.98584192 0.02060088 -0.16640708
vn -0.38560629 0.91521492 -0.11700191
vn -0.92482055 0.37660837 -0.05360119
vn 0.38269034 -0.92387667 0.00000000
vn 0.92387667 -0.38269034 0.00000000
vn 0.98078399 -0.19509682 0.00000000
vn 0.20000908 0.97114408 -0.12990590
vn 0.35881874 0.81814273 -0.44932347
vn 0.38568690 0.91516891 -0.11709602
vn 0.92482055 0.37660837 -0.05360119
vn 0.90651144 0.34890440 -0.23770300
vn 0.20039413 0.33359023 -0.92117303
vn 0.21289329 0.12939592 -0.96846948
vn 0.40978953 0.11519706 -0.90487689
vn 0.39191218 0.30370944 -0.86842698
vn 0.98383270 0.05780192 -0.16950563
vn 1.00000000 0.00000000 0.00000000
vn -0.00039998 0.33628569 -0.94175993
vn 0.00000000 0.13050625 -0.99144749
vn 0.89199685 0.30449893 -0.33409882
vn 0.97591724 0.14010248 -0.16720295
vn 0.93387384 0.04999860 -0.35409008
vn -0.19769275 0.98026403 0.00000000
vn -0.38769486 0.92178777 0.00000000
vn -0.92588905 0.37779553 0.00000000
vn -0.98129709 0.19249943 0.00000000
vn 0.92565045 0.37837975 -0.00009999
vn 0.38950949 0.92102243 -0.00020000
vn -0.19509682 -0.98078399 0.00000000
vn -0.38269034 -0.92387667 0.00000000
vn -0.92387667 -0.38269034 0.00000000
vn -0.98078399 -0.19509682 0.00000000
vn -1.00000000 0.00000000 0.00000000
vn -0.98078399 0.00000000 -0.19509682
vn 0.00000000 0.92423841 -0.38181587
vn 0.00000000 0.98088334 -0.19459669
vn 0.00000000 0.19490442 -0.98082224
vn 0.00000000 0.38231352 -0.92403267
vn 0.00010000 0.36358482 -0.93156109
vn 0.00000000 0.98162788 -0.19080542
vn 0.00000000 0.92702132 -0.37500863
vn 0.00000000 -0.38269034 0.92387667
vn 0.00000000 -0.19509682 0.98078399
vn 0.00000000 -0.98078399 0.19509682
vn 0.00000000 -0.92387667 0.38269034
vn 0.00000000 0.38269034 0.92387667
vn 0.00000000 0.19509682 0.98078399
vn 0.00000000 0.98078399 0.19509682
vn 0.00000000 0.92387667 0.38269034
vn 0.00000000 -0.92387667 -0.38269034
vn 0.00000000 -0.98078399 -0.19509682
vn 0.00000000 -0.19509682 -0.98078399
vn 0.00000000 -0.38269034 -0.92387667
vn 0.00000000 0.00000000 1.00000000
vn 0.00000000 0.00000000 1.00000000
vn 0.00000000 0.00000000 1.00000000
vn 0.00000000 0.00000000 1.00000000
vn 0.00000000 1.00000000 0.00000000
vn 0.00000000 0.13050625 -0.99144749
vn 0.00000000 0.18699264 -0.98236132
vn 0.00000000 0.00000000 -1.00000000
vn 0.00000000 1.00000000 0.00000000
vn 0.00000000 -1.00000000 0.00000000
vn 0.00000000 0.00000000 1.00000000
vn 0.00000000 0.00000000 1.00000000
vn 0.00000000 0.00000000 1.00000000
vn 0.00000000 0.99144749 -0.13050625
vn 0.00000000 0.86601905 -0.50001100
vn 0.00000000 0.33548110 -0.94204694
vn 0.00000000 0.00000000 -1.00000000
vn 0.00000000 0.00000000 -1.00000000
vn 0.00000000 -1.00000000 0.00000000
vn 0.00000000 -1.00000000 0.00000000
vn 0.00000000 -1.00000000 0.00000000
vn 0.00000000 -1.00000000 0.00000000
vn 0.00000000 -1.00000000 0.00000000
vn 0.00000000 -1.00000000 0.00000000
vn 0.00000000 -1.00000000 0.00000000
vn 0.00000000 -1.00000000 0.00000000
vn 0.00000000 -1.00000000 0.00000000
vn 0.00000000 0.00000000 1.00000000
vn 0.00000000 0.00000000 1.00000000
vn 0.00000000 0.00000000 1.00000000
vn 0.00000000 0.00000000 1.00000000
vn 0.00000000 -1.00000000 0.00000000
vn 0.00000000 -1.00000000 0.00000000
vn 0.00000000 -1.00000000 0.00000000
vn 0.00000000 0.00000000 -1.00000000
vn 0.00000000 0.00000000 -1.00000000
vn 0.00000000 0.00000000 -1.00000000
vn 0.00000000 0.00000000 -1.00000000
vn 0.32420584 0.61661111 -0.71741293
vn 0.00000000 0.99144749 -0.13050625
vn 0.92657576 0.13409649 -0.35139081
vn 0.00000000 1.00000000 0.00000000
vn 0.00000000 0.98078399 0.19509682
vn 0.00000000 0.92387667 0.38269034
vn 0.00000000 0.38269034 0.92387667
vn 0.00000000 0.19430803 -0.98094056
vn 0.00000000 0.38128285 -0.92445843
vn 0.00000000 0.92527753 -0.37929079
vn 0.00010000 0.37741759 -0.92604317
vn 0.00000000 0.19230683 -0.98133485
vn 0.00000000 0.98102050 -0.19390405
vn 0.00000000 0.92478368 -0.38049329
vn 0.00000000 -0.38269034 0.92387667
vn 0.00000000 -0.19509682 0.98078399
vn 0.00000000 -0.98078399 0.19509682
vn 0.00000000 -0.92387667 0.38269034
vn 0.00000000 -0.92387667 -0.38269034
vn 0.00000000 -0.98078399 -0.19509682
vn 0.00000000 -0.19509682 -0.98078399
vn 0.00000000 -0.38269034 -0.92387667
vn 0.00000000 0.00000000 1.00000000
vn 0.00000000 0.00000000 1.00000000
vn 0.00000000 1.00000000 0.00000000
vn 0.00000000 0.98106228 -0.19369255
vn 0.00000000 0.00000000 -1.00000000
vn 0.00000000 -1.00000000 0.00000000
vn 0.00000000 -1.00000000 0.00000000
vn 0.00000000 0.00000000 1.00000000
vn 0.00000000 0.86601905 -0.50001100
vn 0.00000000 0.65501429 -0.75561649
vn 0.00000000 -1.00000000 0.00000000
vn 0.00000000 -1.00000000 0.00000000
vn 0.00000000 -1.00000000 0.00000000
vn 0.00000000 -1.00000000 0.00000000
vn 0.00000000 0.19509682 0.98078399
vn 0.00000000 0.00000000 1.00000000
vn 0.00000000 0.00000000 1.00000000
vn 0.00000000 -1.00000000 0.00000000
vn 0.00000000 0.00000000 1.00000000
vn 0.00000000 0.00000000 1.00000000
vn 0.00000000 0.00000000 -1.00000000
vn 0.00000000 0.00000000 -1.00000000
vn -0.19509682 0.00000000 0.98078399
vn 0.00000000 0.00000000 1.00000000
vn -0.19509682 0.00000000 -0.98078399
vn 0.00000000 0.00000000 -1.00000000
vn -1.00000000 0.00000000 0.00000000
vn 0.38269034 0.00000000 0.92387667
vn 0.98078399 0.00000000 0.19509682
vn 0.92387667 0.00000000 0.38269034
vn 0.92387667 0.00000000 -0.38269034
vn 0.98078399 0.00000000 -0.19509682
vn 0.38269034 0.00000000 -0.92387667
vn -0.38269034 0.00000000 0.92387667
vn -0.98078399 0.00000000 0.19509682
vn -0.92387667 0.00000000 0.38269034
vn -0.92387667 0.00000000 -0.38269034
vn -0.98078399 0.00000000 -0.19509682
vn -0.38269034 0.00000000 -0.92387667
vn 0.19509682 0.00000000 -0.98078399
vn 0.19509682 0.00000000 0.98078399
vn -1.00000000 0.00000000 0.00000000
vn 1.00000000 0.00000000 0.00000000
vn -1.00000000 0.00000000 0.00000000
vn -1.00000000 0.00000000 0.00000000
vn 1.00000000 0.00000000 0.00000000
vn 1.00000000 0.00000000 0.00000000
vn 1.00000000 0.00000000 0.00000000
vn 0.98078399 0.00000000 0.19509682
vn 1.00000000 0.00000000 0.00000000
vn 1.00000000 0.00000000 0.00000000
vn -1.00000000 0.00000000 0.00000000
vn -1.00000000 0.00000000 0.00000000
vn 0.00000000 -1.00000000 0.00000000
vn 0.00000000 -1.00000000 0.00000000
vn 0.19509682 0.98078399 0.00000000
vn 0.00000000 1.00000000 0.00000000
vn 0.00000000 -1.00000000 0.00000000
vn 0.00000000 -1.00000000 0.00000000
vn 0.00000000 1.00000000 0.00000000
vn 0.00000000 1.00000000 0.00000000
vn -0.92387667 0.38269034 0.00000000
vn -0.38269034 0.92387667 0.00000000
vn 0.92387667 -0.38269034 0.00000000
vn 0.98078399 -0.19509682 0.00000000
vn 0.19509682 -0.98078399 0.00000000
vn 0.38269034 -0.92387667 0.00000000
vn -0.92387667 -0.38269034 0.00000000
vn -0.98078399 -0.19509682 0.00000000
vn -0.19509682 -0.98078399 0.00000000
vn -0.38269034 -0.92387667 0.00000000
vn 0.92387667 0.38269034 0.00000000
vn 0.98078399 0.19509682 0.00000000
vn 0.38269034 0.92387667 0.00000000
vn -0.19509682 0.98078399 0.00000000
vn -0.98078399 0.00000000 0.19509682
vn -0.92387667 0.00000000 0.38269034
vn -1.00000000 0.00000000 0.00000000
vn -1.00000000 0.00000000 0.00000000
vn -1.00000000 0.00000000 0.00000000
vn -1.00000000 0.00000000 0.00000000
vn 1.00000000 0.00000000 0.00000000
vn 1.00000000 0.00000000 0.00000000
vn 0.00000000 -1.00000000 0.00000000
vn -1.00000000 0.00000000 0.00000000
vn -1.00000000 0.00000000 0.00000000
vn 1.00000000 0.00000000 0.00000000
vn 1.00000000 0.00000000 0.00000000
vn 1.00000000 0.00000000 0.00000000
vn 1.00000000 0.00000000 0.00000000
vn 0.00000000 -1.00000000 0.00000000
vn 0.00000000 -1.00000000 0.00000000
vn 0.00000000 -1.00000000 0.00000000
vn 0.00000000 -1.00000000 0.00000000
vn 1.00000000 0.00000000 0.00000000
vn 1.00000000 0.00000000 0.00000000
vn -0.98078399 0.19509682 0.00000000
vn 0.00000000 -1.00000000 0.00000000
vn -0.19509682 -0.98078399 0.00000000
vn 0.00000000 -1.00000000 0.00000000
vn -0.19509682 -0.98078399 0.00000000
vn -1.00000000 0.00000000 0.00000000
vn -0.98078399 0.19509682 0.00000000
vn 1.00000000 0.00000000 0.00000000
vn 1.00000000 0.00000000 0.00000000
vn 1.00000000 0.00000000 0.00000000
vn 1.00000000 0.00000000 0.00000000
vn 0.00000000 0.00000000 1.00000000
vn 0.00000000 0.00000000 1.00000000
vn 0.00000000 -1.00000000 0.00000000
vn 0.00000000 -1.00000000 0.00000000
vn 0.00000000 -1.00000000 0.00000000
vn 0.00000000 -1.00000000 0.00000000
vn 0.00000000 -1.00000000 0.00000000
vn 0.00000000 -1.00000000 0.00000000
vn 0.00000000 -1.00000000 0.00000000
vn 0.00000000 -1.00000000 0.00000000
vn -1.00000000 0.00000000 0.00000000
vn -1.00000000 0.00000000 0.00000000
vn -1.00000000 0.00000000 0.00000000
vn -1.00000000 0.00000000 0.00000000
vn -1.00000000 0.00000000 0.00000000
vn -1.00000000 0.00000000 0.00000000
vn -1.00000000 0.00000000 0.00000000
vn -1.00000000 0.00000000 0.00000000
vn 1.00000000 0.00000000 0.00000000
vn 1.00000000 0.00000000 0.00000000
vn -0.98078399 -0.19509682 0.00000000
vn -1.00000000 0.00000000 0.00000000
vn -0.98078399 -0.19509682 0.00000000
vn -1.00000000 0.00000000 0.00000000
vn 0.00000000 1.00000000 0.00000000
vn -0.19509682 0.98078399 0.00000000
vn 0.00000000 1.00000000 0.00000000
vn 0.19509682 0.98078399 0.00000000
vn 0.38269034 0.92387667 0.00000000
vn 0.19509682 0.98078399 0.00000000
vn 0.38269034 0.92387667 0.00000000
vn 0.92387667 0.38269034 0.00000000
vn 0.92387667 0.38269034 0.00000000
vn 0.98078399 0.19509682 0.00000000
vn -0.38269034 -0.92387667 0.00000000
vn -0.38269034 -0.92387667 0.00000000
vn -0.92387667 -0.38269034 0.00000000
vn -0.92387667 -0.38269034 0.00000000
vn 0.00000000 0.98143278 -0.19180641
vn 0.00000000 1.00000000 0.00000000
vn 0.00000000 1.00000000 0.00000000
vn 0.00000000 -1.00000000 0.00000000
vn 0.00000000 -1.00000000 0.00000000
vn 0.00000000 -1.00000000 0.00000000
vn 0.00000000 -1.00000000 0.00000000
vn 0.00000000 -1.00000000 0.00000000
vn 0.00000000 -1.00000000 0.00000000
vn 0.00000000 1.00000000 0.00000000
vn 0.00000000 1.00000000 0.00000000
vn 0.00000000 -1.00000000 0.00000000
vn 0.00000000 -1.00000000 0.00000000
vn 0.00000000 -1.00000000 0.00000000
vn -1.00000000 0.00000000 0.00000000
vn -1.00000000 0.00000000 0.00000000
vn -1.00000000 0.00000000 0.00000000
vn 1.00000000 0.00000000 0.00000000
vn 1.00000000 0.00000000 0.00000000
vn 1.00000000 0.00000000 0.00000000
vn 1.00000000 0.00000000 0.00000000
vn -0.92387667 0.38269034 0.00000000
vn -0.92387667 0.38269034 0.00000000
vn -0.38269034 0.92387667 0.00000000
vn -0.38269034 0.92387667 0.00000000
vn 0.92387667 -0.38269034 0.00000000
vn 0.98078399 -0.19509682 0.00000000
vn 0.92387667 -0.38269034 0.00000000
vn 0.98078399 -0.19509682 0.00000000
vn 0.19509682 -0.98078399 0.00000000
vn 0.38269034 -0.92387667 0.00000000
vn 0.19509682 -0.98078399 0.00000000
vn 0.38269034 -0.92387667 0.00000000
vn -1.00000000 0.00000000 0.00000000
vn -1.00000000 0.00000000 0.00000000
vn -1.00000000 0.00000000 0.00000000
vn -1.00000000 0.00000000 0.00000000
vn 0.00000000 -1.00000000 0.00000000
vn 0.00000000 -1.00000000 0.00000000
vn 1.00000000 0.00000000 0.00000000
vn 1.00000000 0.00000000 0.00000000
vn 1.00000000 0.00000000 0.00000000
vn 1.00000000 0.00000000 0.00000000
vn 0.00000000 -1.00000000 0.00000000
vn 0.00000000 -1.00000000 0.00000000
vn 0.00000000 -1.00000000 0.00000000
vn 0.00000000 -1.00000000 0.00000000
vn 0.00000000 -1.00000000 0.00000000
vn 0.00000000 -1.00000000 0.00000000
vn 0.00000000 -1.00000000 0.00000000
vn 0.00000000 -1.00000000 0.00000000
vn 0.00000000 -1.00000000 0.00000000
vn 0.00000000 -1.00000000 0.00000000
vn 0.00000000 1.00000000 0.00000000
vn 0.00000000 1.00000000 0.00000000
vn 0.00000000 1.00000000 0.00000000
vn 0.00000000 1.00000000 0.00000000
vn 0.00000000 1.00000000 0.00000000
vn 0.00000000 1.00000000 0.00000000
vn 0.00000000 0.98121774 -0.19290349
vn 0.00000000 1.00000000 0.00000000
vn 0.00000000 1.00000000 0.00000000
vn 0.00000000 -1.00000000 0.00000000
vn 0.00000000 -1.00000000 0.00000000
vn 0.00000000 0.00000000 -1.00000000
vn 0.00000000 0.00000000 -1.00000000
vn 0.00000000 0.00000000 -1.00000000
vn 0.00000000 0.00000000 -1.00000000
vn 0.00000000 0.00000000 1.00000000
vn 0.00000000 0.00000000 1.00000000
vn 0.00000000 0.00000000 1.00000000
vn 0.00000000 0.00000000 1.00000000
vn 0.00000000 -1.00000000 0.00000000
vn 0.00000000 -1.00000000 0.00000000
vn 0.00000000 -1.00000000 0.00000000
vn 0.00000000 -1.00000000 0.00000000
vn 0.00000000 0.00000000 1.00000000
vn 0.00000000 0.00000000 1.00000000
vn 0.00000000 0.00000000 1.00000000
vn 0.00000000 0.00000000 1.00000000
vn 0.00000000 0.19509682 0.98078399
vn 0.00000000 -1.00000000 0.00000000
vn 0.00000000 -0.98078399 0.19509682
vn 0.00000000 -1.00000000 0.00000000
vn 0.00000000 -0.98078399 0.19509682
vn 0.00000000 -1.00000000 0.00000000
vn 0.00000000 -1.00000000 0.00000000
vn 0.00000000 -1.00000000 0.00000000
vn 0.00000000 -1.00000000 0.00000000
vn 0.00000000 0.65507138 -0.75556699
vn 0.00000000 0.33551271 -0.94203568
vn 0.00000000 0.33530360 -0.94211013
vn 0.00000000 0.13050625 -0.99144749
vn 0.00000000 0.13050625 -0.99144749
vn 0.00000000 -0.19509682 0.98078399
vn 0.00000000 -0.19509682 0.98078399
vn 0.00000000 -1.00000000 0.00000000
vn 0.00000000 -0.19509682 -0.98078399
vn 0.00000000 -0.19509682 -0.98078399
vn 0.00000000 1.00000000 0.00000000
vn 0.00000000 1.00000000 0.00000000
vn 0.00000000 0.98096339 -0.19419275
vn 0.00000000 0.00000000 1.00000000
vn 0.00000000 0.00000000 1.00000000
vn 0.00000000 0.00000000 1.00000000
vn 0.00000000 0.00000000 1.00000000
vn 0.00000000 -0.38269034 -0.92387667
vn 0.00000000 -0.38269034 -0.92387667
vn 0.00000000 -0.92387667 -0.38269034
vn 0.00000000 -0.98078399 -0.19509682
vn 0.00000000 -0.92387667 -0.38269034
vn 0.00000000 -0.98078399 -0.19509682
vn 0.00000000 -0.92387667 0.38269034
vn 0.00000000 -0.92387667 0.38269034
vn 0.00000000 -0.38269034 0.92387667
vn 0.00000000 -0.38269034 0.92387667
vn 0.00000000 0.92641426 -0.37650580
vn 0.00000000 0.92560111 -0.37850045
vn 0.00010000 0.36750804 -0.93002034
vn 0.00010000 0.37251113 -0.92802772
vn 0.00000000 0.18959282 -0.98186280
vn 0.00000000 -1.00000000 0.00000000
vn 0.00000000 -1.00000000 0.00000000
vn 0.00000000 -1.00000000 0.00000000
vn 0.00000000 -1.00000000 0.00000000
vn 0.00000000 0.00000000 -1.00000000
vn 0.00000000 0.00000000 -1.00000000
vn 0.00000000 0.00000000 -1.00000000
vn 0.00000000 0.00000000 -1.00000000
vn 0.00000000 0.99144749 -0.13050625
vn 0.00000000 0.99144749 -0.13050625
vn 0.00000000 0.86601905 -0.50001100
vn 0.00000000 0.65490770 -0.75570888
vn 0.00000000 0.98078399 0.19509682
vn 0.00000000 0.98078399 0.19509682
vn 0.00000000 0.92387667 0.38269034
vn 0.00000000 0.92387667 0.38269034
vn 0.00000000 0.38269034 0.92387667
vn 0.00000000 0.38269034 0.92387667
vn 0.00000000 0.19450048 -0.98090242
vn 0.00000000 0.38160972 -0.92432355
vn 0.00000000 0.19469290 -0.98086425
vn 0.00000000 0.38198670 -0.92416782
vn 0.00000000 0.92493884 -0.38011596
vn 0.00000000 0.92461388 -0.38090572
vn 0.00000000 0.00000000 -1.00000000
vn 0.00000000 0.00000000 -1.00000000
vn 0.00000000 0.00000000 -1.00000000
vn 0.00000000 0.00000000 -1.00000000
vn 0.00000000 0.00000000 -1.00000000
vn 0.00000000 0.00000000 -1.00000000
vn 0.00000000 0.00000000 -1.00000000
vn 0.00000000 0.00000000 -1.00000000
vn 0.00000000 0.00000000 -1.00000000
vn 0.00000000 0.00000000 -1.00000000
vn 0.00000000 0.00000000 -1.00000000
vn 0.00000000 0.00000000 -1.00000000
vn 0.00000000 0.00000000 -1.00000000
vn 0.00000000 0.00000000 -1.00000000
vn 0.00000000 0.00000000 -1.00000000
vn 0.00000000 0.00000000 -1.00000000
vn 0.00000000 0.00000000 1.00000000
vn 0.00000000 0.00000000 1.00000000
vn 0.00000000 0.00000000 1.00000000
vn 0.00000000 0.00000000 1.00000000
vn 0.00000000 0.00000000 1.00000000
vn 0.00000000 0.00000000 1.00000000
vn 0.00000000 0.00000000 1.00000000
vn 0.00000000 0.00000000 1.00000000
vn 0.00000000 0.00000000 1.00000000
vn 0.00000000 0.00000000 1.00000000
vn 0.00000000 0.00000000 1.00000000
vn 0.00000000 0.00000000 1.00000000
vn 0.00000000 0.00000000 1.00000000
vn 0.00000000 0.00000000 1.00000000
vn 0.00000000 0.00000000 1.00000000
vn 0.00000000 0.00000000 1.00000000
vn 1.00000000 0.00000000 0.00000000
vn 1.00000000 0.00000000 0.00000000
vn 1.00000000 0.00000000 0.00000000
vn 1.00000000 0.00000000 0.00000000
vn 1.00000000 0.00000000 0.00000000
vn 1.00000000 0.00000000 0.00000000
vn 1.00000000 0.00000000 0.00000000
vn 1.00000000 0.00000000 0.00000000
vn 1.00000000 0.00000000 0.00000000
vn 1.00000000 0.00000000 0.00000000
vn 1.00000000 0.00000000 0.00000000
vn 1.00000000 0.00000000 0.00000000
vn 1.00000000 0.00000000 0.00000000
vn 1.00000000 0.00000000 0.00000000
vn 1.00000000 0.00000000 0.00000000
vn 1.00000000 0.00000000 0.00000000
vn -1.00000000 0.00000000 0.00000000
vn -1.00000000 0.00000000 0.00000000
vn -1.00000000 0.00000000 0.00000000
vn -1.00000000 0.00000000 0.00000000
vn -1.00000000 0.00000000 0.00000000
vn -1.00000000 0.00000000 0.00000000
vn -1.00000000 0.00000000 0.00000000
vn -1.00000000 0.00000000 0.00000000
vn -1.00000000 0.00000000 0.00000000
vn -1.00000000 0.00000000 0.00000000
vn -1.00000000 0.00000000 0.00000000
vn -1.00000000 0.00000000 0.00000000
vn -1.00000000 0.00000000 0.00000000
vn -1.00000000 0.00000000 0.00000000
vn -1.00000000 0.00000000 0.00000000
vn -1.00000000 0.00000000 0.00000000
vn 1.00000000 0.00000000 0.00000000
vn 1.00000000 0.00000000 0.00000000
vn 1.00000000 0.00000000 0.00000000
vn 1.00000000 0.00000000 0.00000000
vn -1.00000000 0.00000000 0.00000000
vn -1.00000000 0.00000000 0.00000000
vn -1.00000000 0.00000000 0.00000000
vn -1.00000000 0.00000000 0.00000000
vn 0.00000000 0.00000000 1.00000000
vn 0.00000000 0.00000000 1.00000000
vn 0.00000000 0.00000000 1.00000000
vn 0.00000000 0.00000000 1.00000000
vn 0.00000000 0.00000000 -1.00000000
vn 0.00000000 0.00000000 -1.00000000
vn 0.00000000 0.00000000 -1.00000000
vn 0.00000000 0.00000000 -1.00000000
vn 0.00000000 0.00000000 1.00000000
vn 0.00000000 0.00000000 1.00000000
vn 0.00000000 0.00000000 1.00000000
vn 0.00000000 0.00000000 1.00000000
vn 0.00000000 0.00000000 -1.00000000
vn 0.00000000 0.00000000 -1.00000000
vn 0.00000000 0.00000000 -1.00000000
vn 0.00000000 0.00000000 -1.00000000
vn 0.00000000 0.00000000 -1.00000000
vn 0.00000000 0.00000000 -1.00000000
vn 0.00000000 0.00000000 -1.00000000
vn 0.00000000 0.00000000 -1.00000000
vn -1.00000000 0.00000000 0.00000000
vn -1.00000000 0.00000000 0.00000000
vn -1.00000000 0.00000000 0.00000000
vn -1.00000000 0.00000000 0.00000000
vn 1.00000000 0.00000000 0.00000000
vn 1.00000000 0.00000000 0.00000000
vn 1.00000000 0.00000000 0.00000000
vn 1.00000000 0.00000000 0.00000000
vn 0.00000000 0.00000000 1.00000000
vn 0.00000000 0.00000000 1.00000000
vn 0.00000000 0.00000000 1.00000000
vn 0.00000000 0.00000000 1.00000000
vn 0.00000000 0.00000000 1.00000000
vn 0.00000000 0.00000000 1.00000000
vn 1.00000000 0.00000000 0.00000000
vn 1.00000000 0.00000000 0.00000000
vn -1.00000000 0.00000000 0.00000000
vn -1.00000000 0.00000000 0.00000000
vn 0.00000000 0.00000000 -1.00000000
vn 0.00000000 0.00000000 -1.00000000
vn 0.00000000 0.00000000 -1.00000000
vn 0.00000000 0.00000000 1.00000000
vn 0.00000000 0.00000000 1.00000000
vn 0.00000000 0.00000000 -1.00000000
vn 0.00000000 0.00000000 -1.00000000
vn 0.00000000 0.00000000 1.00000000
vn -1.00000000 0.00000000 0.00000000
vn 1.00000000 0.00000000 0.00000000
vn 1.00000000 0.00000000 0.00000000
vn -1.00000000 0.00000000 0.00000000
vn -1.00000000 0.00000000 0.00000000
vn -1.00000000 0.00000000 0.00000000
vn 1.00000000 0.00000000 0.00000000
vn 1.00000000 0.00000000 0.00000000
vn 0.00000000 0.00000000 1.00000000
vn 0.00000000 0.00000000 1.00000000
vn 0.00000000 0.00000000 -1.00000000
vn 0.00000000 0.00000000 -1.00000000
vn -0.92387667 0.00000000 0.38269034
vn -0.98078399 0.00000000 0.19509682
vn -0.19509682 0.00000000 0.98078399
vn -0.38269034 0.00000000 0.92387667
vn 0.98078399 0.00000000 0.19509682
vn 0.92387667 0.00000000 0.38269034
vn 0.38269034 0.00000000 0.92387667
vn 0.38269034 0.00000000 0.92387667
vn 0.19509682 0.00000000 0.98078399
vn -0.35970061 0.46750080 -0.80750138
vn -0.18130030 0.50760083 -0.84230137
vn -0.98165314 0.09329555 -0.16629206
vn -0.91034745 0.22508701 -0.34727995
vn 0.35960895 0.46771164 -0.80742010
vn 0.18179911 0.50759750 -0.84219586
vn 0.98162599 0.09320247 -0.16650441
vn 0.91045163 0.22491276 -0.34711969
vn -1.00000000 0.00000000 0.00000000
vn 0.00000000 0.00000000 1.00000000
vn 1.00000000 0.00000000 0.00000000
vn 0.00119998 0.50879296 -0.86088808
vn 0.00000000 0.00000000 1.00000000
vn 0.00010000 0.50821710 -0.86122899
vn 0.00000000 0.00000000 1.00000000
vn -0.00099999 0.50879307 -0.86088827
vn -1.00000000 0.00000000 0.00000000
vn 1.00000000 0.00000000 0.00000000
vn -1.00000000 0.00000000 0.00000000
vn -1.00000000 0.00000000 0.00000000
vn 1.00000000 0.00000000 0.00000000
vn 1.00000000 0.00000000 0.00000000
vn 0.00000000 0.00000000 1.00000000
vn 0.00000000 0.00000000 1.00000000
vn -0.00010000 0.50790701 -0.86141190
vn 0.00000000 0.50759687 -0.86159469
vn -0.09799868 0.00000000 -0.99518655
vn 0.09799868 0.00000000 -0.99518655
vn 0.10039687 -0.10039687 -0.98986915
vn -0.10039687 -0.10039687 -0.98986915
vn -0.98986915 0.10039687 0.10039687
vn -0.99508695 0.09899870 -0.00109999
vn -0.99382667 -0.11020296 -0.01280034
vn -0.98986915 -0.10039687 0.10039687
vn -0.11009842 -0.99348578 -0.02939958
vn 0.11009842 -0.99348578 -0.02939958
vn 0.10039687 -0.98986915 0.10039687
vn -0.10039687 -0.98986915 0.10039687
vn 0.98987908 0.10029788 -0.10039788
vn 0.99508695 0.09899870 0.00109999
vn 0.99413168 -0.10710341 -0.01520048
vn 0.98770944 -0.09720093 -0.12240117
vn 0.00000000 0.00000000 -1.00000000
vn 0.00000000 0.00000000 -1.00000000
vn 0.00000000 0.00000000 -1.00000000
vn 0.00020000 0.00000000 -0.99999998
vn 0.00000000 0.00000000 -1.00000000
vn -0.10039687 0.98986915 -0.10039687
vn -0.09899870 0.99508695 0.00109999
vn 0.09909772 0.99507710 0.00109997
vn 0.10039687 0.98986915 -0.10039687
vn 0.99518655 0.09799868 0.00000000
vn 0.99518655 0.09799868 0.00000000
vn 0.92387667 0.38269034 0.00000000
vn 0.92387667 0.38269034 0.00000000
vn 0.09809771 0.00000000 0.99517679
vn -0.09809771 0.00000000 0.99517679
vn -0.10039687 -0.10039687 0.98986915
vn 0.10049586 -0.10039586 0.98985921
vn -0.09909772 0.99507710 -0.00109997
vn -0.10039687 0.98986915 0.10039687
vn 0.10039687 0.98986915 0.10039687
vn 0.09909772 0.99507710 -0.00109997
vn -0.99505756 0.09929576 0.00089996
vn -0.98986915 0.10039687 -0.10039687
vn -0.98772152 -0.09720212 -0.12230267
vn -0.99413168 -0.10710341 -0.01520048
vn 0.99508695 0.09899870 -0.00109999
vn 0.98986915 0.10039687 0.10039687
vn 0.98986915 -0.10039687 0.10039687
vn 0.99383762 -0.11010417 -0.01280048
vn 0.10039687 0.10039687 0.98986915
vn -0.10039687 0.10039687 0.98986915
vn -0.10039687 -0.10039687 0.98986915
vn 0.10039687 -0.10039687 0.98986915
vn -0.10269391 -0.94534390 -0.30948163
vn 0.10269391 -0.94534390 -0.30948163
vn 0.11470596 -0.97405060 -0.19511014
vn -0.11480465 -0.97403943 -0.19510790
vn 0.00000000 0.00000000 -1.00000000
vn 0.00020000 0.00010000 -0.99999998
vn 0.00000000 0.00000000 -1.00000000
vn 0.00000000 0.00000000 -1.00000000
vn 0.00020000 0.00010000 -0.99999998
vn 0.00010000 0.00000000 -1.00000000
vn 0.00020000 0.00010000 -0.99999998
vn 0.00000000 0.00000000 -1.00000000
vn -0.10149663 0.10029667 -0.98976715
vn 0.10159560 0.10029565 -0.98975710
vn 0.10269557 -0.08749622 -0.99085722
vn -0.10269557 -0.08749622 -0.99085722
vn -0.98986915 0.10039687 -0.10039687
vn -0.92006499 0.37928557 -0.09809627
vn -0.85417257 0.36768819 -0.36768819
vn -0.92009085 0.09819902 -0.37919623
vn -0.70411435 0.70411435 -0.09190187
vn -0.66632150 0.66632150 -0.33471080
vn -0.66632150 0.33471080 -0.66632150
vn -0.70411435 0.09190187 -0.70411435
vn -0.57738360 0.57738360 -0.57728360
vn -0.10039687 0.98986915 -0.10039687
vn -0.09819902 0.92009085 -0.37919623
vn -0.36737506 0.85444200 -0.36737506
vn -0.37919995 0.92009988 -0.09809999
vn -0.09190187 0.70411435 -0.70411435
vn -0.33471080 0.66632150 -0.66632150
vn -0.66632150 0.66632150 -0.33471080
vn -0.70411435 0.70411435 -0.09190187
vn -0.57731693 0.57741694 -0.57731693
vn -0.10039687 0.10039687 -0.98986915
vn -0.37919623 0.09819902 -0.92009085
vn -0.36747945 0.36747945 -0.85435222
vn -0.09809999 0.37919995 -0.92009988
vn -0.70411435 0.09190187 -0.70411435
vn -0.66632150 0.33471080 -0.66632150
vn -0.33471080 0.66632150 -0.66632150
vn -0.09190187 0.70411435 -0.70411435
vn -0.57741694 0.57731693 -0.57731693
vn 0.98986915 0.10039687 -0.10039687
vn 0.92009085 0.09819902 -0.37919623
vn 0.85417257 0.36768819 -0.36768819
vn 0.92009988 0.37919995 -0.09809999
vn 0.70411435 0.09190187 -0.70411435
vn 0.66632150 0.33471080 -0.66632150
vn 0.66632150 0.66632150 -0.33471080
vn 0.70411435 0.70411435 -0.09190187
vn 0.57738360 0.57728360 -0.57738360
vn 0.10039687 0.10039687 -0.98986915
vn 0.09819902 0.37919623 -0.92009085
vn 0.36740645 0.36740645 -0.85441500
vn 0.37919623 0.09819902 -0.92009085
vn 0.09190187 0.70411435 -0.70411435
vn 0.33471080 0.66632150 -0.66632150
vn 0.66632150 0.33471080 -0.66632150
vn 0.70411435 0.09190187 -0.70411435
vn 0.57731693 0.57741694 -0.57731693
vn 0.10039687 0.98986915 -0.10039687
vn 0.37919995 0.92009988 -0.09809999
vn 0.36730205 0.85450477 -0.36730205
vn 0.09809999 0.92009988 -0.37919995
vn 0.70411435 0.70411435 -0.09190187
vn 0.66632150 0.66632150 -0.33471080
vn 0.33471080 0.66632150 -0.66632150
vn 0.09190187 0.70411435 -0.70411435
vn 0.57728360 0.57738360 -0.57738360
vn 0.10039687 0.10039687 0.98986915
vn 0.37919623 0.09819902 0.92009085
vn 0.36737506 0.36737506 0.85444200
vn 0.09819902 0.37919623 0.92009085
vn 0.70406478 0.09189540 0.70416477
vn 0.66632150 0.33471080 0.66632150
vn 0.33479959 0.66629919 0.66629919
vn 0.09190187 0.70401434 0.70421435
vn 0.57731693 0.57731693 0.57741694
vn 0.98986915 0.10039687 0.10039687
vn 0.92009085 0.37919623 0.09819902
vn 0.85432521 0.36751084 0.36751084
vn 0.92006499 0.09809627 0.37928557
vn 0.70411435 0.70411435 0.09190187
vn 0.66632150 0.66632150 0.33471080
vn 0.66632150 0.33471080 0.66632150
vn 0.70411435 0.09190187 0.70411435
vn 0.57731693 0.57731693 0.57741694
vn 0.10039687 0.98986915 0.10039687
vn 0.09819902 0.92009085 0.37919623
vn 0.36768819 0.85417257 0.36768819
vn 0.37919995 0.92009988 0.09809999
vn 0.09190187 0.70401434 0.70421435
vn 0.33468850 0.66627710 0.66637710
vn 0.66632150 0.66632150 0.33471080
vn 0.70411435 0.70411435 0.09190187
vn 0.57731693 0.57731693 0.57741694
vn -0.10049586 0.10039586 0.98985921
vn -0.09819902 0.37919623 0.92009085
vn -0.36737506 0.36737506 0.85444200
vn -0.37919623 0.09819902 0.92009085
vn -0.09189540 0.70406478 0.70416477
vn -0.33479959 0.66629919 0.66629919
vn -0.66632150 0.33471080 0.66632150
vn -0.70411435 0.09190187 0.70411435
vn -0.57731693 0.57731693 0.57741694
vn -0.10039687 0.98986915 0.10039687
vn -0.37919623 0.92009085 0.09819902
vn -0.36740645 0.85441500 0.36740645
vn -0.09809999 0.92009988 0.37919995
vn -0.70411435 0.70411435 0.09190187
vn -0.66632150 0.66632150 0.33471080
vn -0.33468850 0.66627710 0.66637710
vn -0.09189540 0.70406478 0.70416477
vn -0.57731693 0.57731693 0.57741694
vn -0.98986915 0.10039687 0.10039687
vn -0.92009085 0.09819902 0.37919623
vn -0.85417257 0.36768819 0.36768819
vn -0.92009988 0.37919995 0.09809999
vn -0.70411435 0.09190187 0.70411435
vn -0.66632150 0.33471080 0.66632150
vn -0.66629919 0.66629919 0.33479959
vn -0.70411435 0.70411435 0.09190187
vn -0.57731693 0.57731693 0.57741694
vn -0.09809999 0.92009988 -0.37919995
vn -0.36760171 0.85420398 -0.36770171
vn -0.37919623 0.92009085 -0.09819902
vn -0.09190187 0.70411435 -0.70411435
vn -0.33471080 0.66632150 -0.66632150
vn -0.66632150 0.66632150 -0.33471080
vn -0.70411435 0.70411435 -0.09190187
vn -0.57738360 0.57728360 -0.57738360
vn -0.38070427 0.09780110 -0.91951031
vn -0.36747945 0.36747945 -0.85435222
vn -0.09819902 0.37919623 -0.92009085
vn -0.70418415 0.09159794 -0.70408415
vn -0.66632150 0.33471080 -0.66632150
vn -0.33471080 0.66632150 -0.66632150
vn -0.09190187 0.70411435 -0.70411435
vn -0.57728360 0.57738360 -0.57738360
vn -0.92009988 0.37919995 -0.09809999
vn -0.85441500 0.36740645 -0.36740645
vn -0.91990363 0.09800039 -0.37970150
vn -0.70411435 0.70411435 -0.09190187
vn -0.66632150 0.66632150 -0.33471080
vn -0.66632150 0.33471080 -0.66632150
vn -0.70418415 0.09159794 -0.70408415
vn -0.57728360 0.57738360 -0.57738360
vn 0.09819902 0.37919623 -0.92009085
vn 0.36737506 0.36737506 -0.85444200
vn 0.38070427 0.09780110 -0.91951031
vn 0.09190187 0.70411435 -0.70411435
vn 0.33471080 0.66632150 -0.66632150
vn 0.66632150 0.33471080 -0.66632150
vn 0.70418415 0.09159794 -0.70408415
vn 0.57738360 0.57728360 -0.57738360
vn 0.37919623 0.92009085 -0.09819902
vn 0.36747945 0.85435222 -0.36747945
vn 0.09809999 0.92009988 -0.37919995
vn 0.70411435 0.70411435 -0.09190187
vn 0.66632150 0.66632150 -0.33471080
vn 0.33471080 0.66632150 -0.66632150
vn 0.09190187 0.70411435 -0.70411435
vn 0.57738360 0.57728360 -0.57738360
vn 0.91990363 0.09800039 -0.37970150
vn 0.85435222 0.36747945 -0.36747945
vn 0.92009988 0.37919995 -0.09809999
vn 0.70418415 0.09159794 -0.70408415
vn 0.66632150 0.33471080 -0.66632150
vn 0.66632150 0.66632150 -0.33471080
vn 0.70411435 0.70411435 -0.09190187
vn 0.57738360 0.57728360 -0.57738360
vn 0.09809999 0.92009988 0.37919995
vn 0.36768819 0.85417257 0.36768819
vn 0.37919995 0.92009988 0.09809999
vn 0.09190187 0.70411435 0.70411435
vn 0.33471080 0.66632150 0.66632150
vn 0.66632150 0.66632150 0.33471080
vn 0.70411435 0.70411435 0.09190187
vn 0.57738360 0.57728360 0.57738360
vn 0.37919995 0.09809999 0.92009988
vn 0.36740645 0.36740645 0.85441500
vn 0.09809999 0.37919995 0.92009988
vn 0.70411435 0.09190187 0.70411435
vn 0.66632150 0.33471080 0.66632150
vn 0.33471080 0.66632150 0.66632150
vn 0.09190187 0.70411435 0.70411435
vn 0.57738360 0.57738360 0.57728360
vn 0.92009085 0.37919623 0.09819902
vn 0.85441500 0.36740645 0.36740645
vn 0.92006499 0.09809627 0.37928557
vn 0.70411435 0.70411435 0.09190187
vn 0.66632150 0.66632150 0.33471080
vn 0.66632150 0.33471080 0.66632150
vn 0.70411435 0.09190187 0.70411435
vn 0.57738360 0.57728360 0.57738360
vn -0.92009085 0.09819902 0.37919623
vn -0.85435222 0.36747945 0.36747945
vn -0.92009988 0.37919995 0.09809999
vn -0.70411435 0.09190187 0.70411435
vn -0.66632150 0.33471080 0.66632150
vn -0.66632150 0.66632150 0.33471080
vn -0.70411435 0.70411435 0.09190187
vn -0.57738360 0.57728360 0.57738360
vn -0.09819902 0.37919623 0.92009085
vn -0.36719764 0.36719764 0.85459451
vn -0.37919995 0.09809999 0.92009988
vn -0.09190187 0.70411435 0.70411435
vn -0.33471080 0.66632150 0.66632150
vn -0.66632150 0.33471080 0.66632150
vn -0.70411435 0.09190187 0.70411435
vn -0.57738360 0.57738360 0.57728360
vn -0.37919623 0.92009085 0.09819902
vn -0.36768819 0.85417257 0.36768819
vn -0.09809999 0.92009988 0.37919995
vn -0.70411435 0.70411435 0.09190187
vn -0.66632150 0.66632150 0.33471080
vn -0.33471080 0.66632150 0.66632150
vn -0.09190187 0.70411435 0.70411435
vn -0.57738360 0.57728360 0.57738360
vn -0.37960888 -0.87812054 -0.29120681
vn -0.35939277 -0.78078430 -0.51108972
vn -0.09900115 -0.83940977 -0.53440622
vn -0.69777487 -0.67477570 -0.24039134
vn -0.64569744 -0.61639755 -0.45069821
vn -0.32250784 -0.58871431 -0.74121802
vn -0.09130200 -0.61931356 -0.77981707
vn -0.55328235 -0.51808348 -0.65227920
vn -0.91410533 -0.09070053 -0.39520230
vn -0.83573479 -0.34151422 -0.43001790
vn -0.91409253 -0.36449702 -0.17769855
vn -0.69780897 -0.08170105 -0.71160915
vn -0.64567576 -0.29938876 -0.70247362
vn -0.64569744 -0.61639755 -0.45069821
vn -0.69782195 -0.67472122 -0.24040756
vn -0.55328235 -0.51808348 -0.65227920
vn -0.09900321 -0.33041072 -0.93863045
vn -0.35931291 -0.32111154 -0.87623148
vn -0.37960994 -0.08510223 -0.92122413
vn -0.09130200 -0.61931356 -0.77981707
vn -0.32250784 -0.58871431 -0.74121802
vn -0.64572111 -0.29940979 -0.70242297
vn -0.69780897 -0.08170105 -0.71160915
vn -0.55328235 -0.51808348 -0.65227920
vn 0.37960994 -0.08510223 -0.92122413
vn 0.35931291 -0.32111154 -0.87623148
vn 0.09899994 -0.33049980 -0.93859943
vn 0.69780897 -0.08170105 -0.71160915
vn 0.64567576 -0.29938876 -0.70247362
vn 0.32250784 -0.58871431 -0.74121802
vn 0.09130200 -0.61931356 -0.77981707
vn 0.55328235 -0.51808348 -0.65227920
vn 0.91407628 -0.36449054 -0.17779539
vn 0.83573479 -0.34151422 -0.43001790
vn 0.91410533 -0.09070053 -0.39520230
vn 0.69782195 -0.67472122 -0.24040756
vn 0.64569744 -0.61639755 -0.45069821
vn 0.64567576 -0.29938876 -0.70247362
vn 0.69780897 -0.08170105 -0.71160915
vn 0.55328235 -0.51808348 -0.65227920
vn 0.09900115 -0.83940977 -0.53440622
vn 0.35920023 -0.78080050 -0.51120033
vn 0.37960888 -0.87812054 -0.29120681
vn 0.09130200 -0.61931356 -0.77981707
vn 0.32250784 -0.58871431 -0.74121802
vn 0.64569744 -0.61639755 -0.45069821
vn 0.69782195 -0.67472122 -0.24040756
vn 0.55328235 -0.51808348 -0.65227920
vn -0.37919623 -0.09819902 0.92009085
vn -0.36768819 -0.36768819 0.85417257
vn -0.09819902 -0.37919623 0.92009085
vn -0.70406478 -0.09189540 0.70416477
vn -0.66632150 -0.33471080 0.66632150
vn -0.33477729 -0.66625480 0.66635479
vn -0.09189540 -0.70406478 0.70416477
vn -0.57731693 -0.57731693 0.57741694
vn -0.98986915 -0.10039687 0.10039687
vn -0.92006499 -0.37928557 0.09809627
vn -0.85444200 -0.36737506 0.36737506
vn -0.92006499 -0.09809627 0.37928557
vn -0.70411435 -0.70411435 0.09190187
vn -0.66632150 -0.66632150 0.33471080
vn -0.66632150 -0.33471080 0.66632150
vn -0.70406478 -0.09189540 0.70416477
vn -0.57731693 -0.57731693 0.57741694
vn -0.10039788 -0.98987908 0.10029788
vn -0.09809999 -0.92009988 0.37919995
vn -0.36768819 -0.85417257 0.36768819
vn -0.37919623 -0.92009085 0.09819902
vn -0.09190187 -0.70411435 0.70411435
vn -0.33468850 -0.66627710 0.66637710
vn -0.66632150 -0.66632150 0.33471080
vn -0.70411435 -0.70411435 0.09190187
vn -0.57738360 -0.57728360 0.57738360
vn 0.09809999 -0.37919995 0.92009988
vn 0.36747945 -0.36747945 0.85435222
vn 0.37919623 -0.09819902 0.92009085
vn 0.09190187 -0.70411435 0.70411435
vn 0.33477729 -0.66625480 0.66635479
vn 0.66632150 -0.33471080 0.66632150
vn 0.70411435 -0.09190187 0.70411435
vn 0.57738360 -0.57728360 0.57738360
vn 0.10039687 -0.98986915 0.10039687
vn 0.37919623 -0.92009085 0.09819902
vn 0.36740645 -0.85441500 0.36740645
vn 0.09809627 -0.92006499 0.37928557
vn 0.70411435 -0.70411435 0.09190187
vn 0.66637710 -0.66627710 0.33468850
vn 0.33477729 -0.66625480 0.66635479
vn 0.09189540 -0.70406478 0.70416477
vn 0.57738360 -0.57728360 0.57738360
vn 0.98986915 -0.10039687 0.10039687
vn 0.92009085 -0.09819902 0.37919623
vn 0.85432521 -0.36751084 0.36751084
vn 0.92009988 -0.37919995 0.09809999
vn 0.70411435 -0.09190187 0.70411435
vn 0.66632150 -0.33471080 0.66632150
vn 0.66632150 -0.66632150 0.33471080
vn 0.70411435 -0.70411435 0.09190187
vn 0.57738360 -0.57728360 0.57738360
vn 0.37919623 -0.92009085 0.09819902
vn 0.36768819 -0.85417257 0.36768819
vn 0.09809999 -0.92009988 0.37919995
vn 0.70411435 -0.70411435 0.09190187
vn 0.66632150 -0.66632150 0.33471080
vn 0.33479959 -0.66629919 0.66629919
vn 0.09190187 -0.70411435 0.70411435
vn 0.57738360 -0.57728360 0.57738360
vn 0.92009988 -0.09809999 0.37919995
vn 0.85441500 -0.36740645 0.36740645
vn 0.92009988 -0.37919995 0.09809999
vn 0.70411435 -0.09190187 0.70411435
vn 0.66632150 -0.33471080 0.66632150
vn 0.66632150 -0.66632150 0.33471080
vn 0.70411435 -0.70411435 0.09190187
vn 0.57738360 -0.57728360 0.57738360
vn 0.09819902 -0.37919623 0.92009085
vn 0.36730205 -0.36730205 0.85450477
vn 0.37919995 -0.09809999 0.92009988
vn 0.09190187 -0.70411435 0.70411435
vn 0.33479959 -0.66629919 0.66629919
vn 0.66632150 -0.33471080 0.66632150
vn 0.70411435 -0.09190187 0.70411435
vn 0.57741694 -0.57731693 0.57731693
vn -0.98986915 -0.10039687 -0.10039687
vn -0.92009988 -0.09809999 -0.37919995
vn -0.85435222 -0.36747945 -0.36747945
vn -0.92009085 -0.37919623 -0.09819902
vn -0.70411435 -0.09190187 -0.70411435
vn -0.66632150 -0.33471080 -0.66632150
vn -0.66632150 -0.66632150 -0.33471080
vn -0.70411435 -0.70411435 -0.09190187
vn -0.57738360 -0.57728360 -0.57738360
vn -0.09819902 -0.37919623 -0.92009085
vn -0.36740645 -0.36740645 -0.85441500
vn -0.37919623 -0.09819902 -0.92009085
vn -0.09190187 -0.70411435 -0.70411435
vn -0.33471080 -0.66632150 -0.66632150
vn -0.66632150 -0.33471080 -0.66632150
vn -0.70411435 -0.09190187 -0.70411435
vn -0.57741694 -0.57731693 -0.57731693
vn -0.10039687 -0.98986915 -0.10039687
vn -0.37919623 -0.92009085 -0.09819902
vn -0.36747945 -0.85435222 -0.36747945
vn -0.09819902 -0.92009085 -0.37919623
vn -0.70411435 -0.70411435 -0.09190187
vn -0.66632150 -0.66632150 -0.33471080
vn -0.33479959 -0.66629919 -0.66629919
vn -0.09190187 -0.70411435 -0.70411435
vn -0.57738360 -0.57728360 -0.57738360
vn 0.98986915 -0.10039687 -0.10039687
vn 0.92006499 -0.37928557 -0.09809627
vn 0.85441500 -0.36740645 -0.36740645
vn 0.92006499 -0.09809627 -0.37928557
vn 0.70411435 -0.70411435 -0.09190187
vn 0.66632150 -0.66632150 -0.33471080
vn 0.66632150 -0.33471080 -0.66632150
vn 0.70411435 -0.09190187 -0.70411435
vn 0.57738360 -0.57738360 -0.57728360
vn 0.10039687 -0.98986915 -0.10039687
vn 0.09819902 -0.92009085 -0.37919623
vn 0.36740645 -0.85441500 -0.36740645
vn 0.37919623 -0.92009085 -0.09819902
vn 0.09190187 -0.70411435 -0.70411435
vn 0.33479959 -0.66629919 -0.66629919
vn 0.66632150 -0.66632150 -0.33471080
vn 0.70411435 -0.70411435 -0.09190187
vn 0.57738360 -0.57728360 -0.57738360
vn 0.37919623 -0.09819902 -0.92009085
vn 0.36740645 -0.36740645 -0.85441500
vn 0.09809999 -0.37919995 -0.92009988
vn 0.70411435 -0.09190187 -0.70411435
vn 0.66632150 -0.33471080 -0.66632150
vn 0.33471080 -0.66632150 -0.66632150
vn 0.09190187 -0.70411435 -0.70411435
vn 0.57731693 -0.57741694 -0.57731693
vn -0.92009085 -0.37919623 0.09819902
vn -0.85417257 -0.36768819 0.36768819
vn -0.92006499 -0.09809627 0.37928557
vn -0.70411435 -0.70411435 0.09190187
vn -0.66632150 -0.66632150 0.33471080
vn -0.66632150 -0.33471080 0.66632150
vn -0.70411435 -0.09190187 0.70411435
vn -0.57738360 -0.57728360 0.57738360
vn -0.09809999 -0.92009988 0.37919995
vn -0.36740645 -0.85441500 0.36740645
vn -0.37928557 -0.92006499 0.09809627
vn -0.09190187 -0.70411435 0.70411435
vn -0.33479959 -0.66629919 0.66629919
vn -0.66632150 -0.66632150 0.33471080
vn -0.70411435 -0.70411435 0.09190187
vn -0.57738360 -0.57728360 0.57738360
vn -0.37919995 -0.09809999 0.92009988
vn -0.36740645 -0.36740645 0.85441500
vn -0.09809999 -0.37919995 0.92009988
vn -0.70411435 -0.09190187 0.70411435
vn -0.66632150 -0.33471080 0.66632150
vn -0.33471080 -0.66632150 0.66632150
vn -0.09190187 -0.70411435 0.70411435
vn -0.57738360 -0.57738360 0.57728360
vn 0.10160251 0.99482457 0.00100002
vn 0.39161281 0.92013010 -0.00010000
vn 0.38269034 0.92387667 0.00010000
vn 0.10280021 0.99470202 0.00000000
vn 0.39149211 0.92018146 0.00000000
vn 0.70710550 0.70710550 -0.00190001
vn 0.70710550 0.70710550 -0.00190001
vn 0.70710678 0.70710678 0.00000000
vn 0.38269034 0.92387667 -0.00010000
vn 0.39161281 0.92013010 0.00010000
vn 0.10170149 0.99481455 -0.00090001
vn 0.70710550 0.70710550 0.00190001
vn 0.70710550 0.70710550 0.00190001
vn 0.99482457 0.10160251 -0.00100002
vn 0.92018146 0.39149211 0.00000000
vn 0.92391201 0.38260497 -0.00020000
vn 0.99470202 0.10280021 0.00000000
vn 0.92018146 0.39149211 0.00000000
vn 0.70710564 0.70710564 0.00180001
vn 0.70710550 0.70710550 0.00190001
vn 0.70710678 0.70710678 0.00000000
vn 0.92391201 0.38260497 0.00020000
vn 0.92018146 0.39149211 0.00000000
vn 0.99481455 0.10170149 0.00090001
vn 0.70710550 0.70710550 -0.00190001
vn 0.70710564 0.70710564 -0.00180001
vn -0.10160252 0.99482467 -0.00090002
vn -0.39149211 0.92018146 0.00000000
vn -0.38269034 0.92387667 -0.00010000
vn -0.10280021 0.99470202 0.00000000
vn -0.39149211 0.92018146 0.00000000
vn -0.70710550 0.70710550 0.00190001
vn -0.70710550 0.70710550 0.00190001
vn -0.70710678 0.70710678 0.00000000
vn -0.38269034 0.92387667 0.00010000
vn -0.39161281 0.92013010 -0.00010000
vn -0.10170149 0.99481455 0.00090001
vn -0.70710550 0.70710550 -0.00190001
vn -0.70710550 0.70710550 -0.00190001
vn -0.99481455 0.10170149 0.00090001
vn -0.92013010 0.39161281 -0.00010000
vn -0.92391201 0.38260497 0.00020000
vn -0.99470202 0.10280021 0.00000000
vn -0.92018146 0.39149211 0.00000000
vn -0.70710564 0.70710564 -0.00180001
vn -0.70710550 0.70710550 -0.00190001
vn -0.70710678 0.70710678 0.00000000
vn -0.92387667 0.38269034 -0.00010000
vn -0.92018146 0.39149211 0.00000000
vn -0.99481455 0.10170149 -0.00090001
vn -0.70710550 0.70710550 0.00190001
vn -0.70710564 0.70710564 0.00180001
vn 0.38708838 -0.90557282 -0.17349479
vn 0.39640311 -0.90800712 -0.13560106
vn 0.13560630 -0.97884550 -0.15320712
vn 0.70979799 -0.69209804 -0.13109963
vn 0.71049238 -0.69599253 -0.10389889
vn 0.39350216 -0.91300502 -0.10760059
vn 0.14440328 -0.98302231 -0.11320257
vn 0.49700853 -0.86151478 -0.10380178
vn 0.99155746 -0.12899447 -0.01319943
vn 0.92117844 -0.38569097 -0.05169879
vn 0.92306240 -0.37908456 -0.06519734
vn 0.98982927 -0.14110417 -0.01810054
vn 0.92108419 -0.38629337 -0.04879916
vn 0.71049238 -0.69599253 -0.10389889
vn 0.70974837 -0.69214717 -0.13110893
vn 0.87079968 -0.48799982 -0.05969998
vn 0.92271807 -0.38450753 -0.02730053
vn 0.92029349 -0.38859725 -0.04529968
vn 0.99115298 -0.13119378 -0.02009905
vn 0.70519877 -0.70819876 -0.03389994
vn 0.70613797 -0.70503791 -0.06550352
vn 0.13229458 -0.98845948 -0.07379698
vn 0.39341478 -0.91593441 -0.07930298
vn 0.38359579 -0.92268988 -0.03869958
vn 0.70618810 -0.70498812 -0.06549890
vn 0.70519877 -0.70819876 -0.03389994
vn -0.38359579 -0.92268988 -0.03869958
vn -0.39341478 -0.91593441 -0.07930298
vn -0.13229458 -0.98845948 -0.07379698
vn -0.70519877 -0.70819876 -0.03389994
vn -0.70618810 -0.70498812 -0.06549890
vn -0.39339018 -0.91307721 -0.10739732
vn -0.14440328 -0.98302231 -0.11320257
vn -0.49707866 -0.86146301 -0.10389554
vn -0.99115298 -0.13119378 -0.02009905
vn -0.92028932 -0.38859549 -0.04539947
vn -0.92276840 -0.38438684 -0.02729907
vn -0.98980310 -0.14130044 -0.01800006
vn -0.92108868 -0.38629525 -0.04869940
vn -0.70618810 -0.70498812 -0.06549890
vn -0.70519877 -0.70819876 -0.03389994
vn -0.87079968 -0.48799982 -0.05969998
vn -0.92306240 -0.37908456 -0.06519734
vn -0.92117844 -0.38569097 -0.05169879
vn -0.99155746 -0.12899447 -0.01319943
vn -0.70974837 -0.69214717 -0.13110893
vn -0.71049238 -0.69599253 -0.10389889
vn -0.13560630 -0.97884550 -0.15320712
vn -0.39648739 -0.90797112 -0.13559569
vn -0.38708838 -0.90557282 -0.17349479
vn -0.71049238 -0.69599253 -0.10389889
vn -0.70979799 -0.69209804 -0.13109963
vn -1.00000000 0.00000000 0.00000000
vn -0.99518655 0.00000000 -0.09799868
vn -0.99518655 -0.09799868 0.00000000
vn 0.00010000 0.00000000 -1.00000000
vn 0.00000000 0.00000000 -1.00000000
vn 0.00000000 0.00000000 -1.00000000
vn 0.00020000 0.00000000 -0.99999998
vn 0.00010000 -0.00010000 -0.99999999
vn 0.00000000 0.00000000 -1.00000000
vn 0.00020000 0.00000000 -0.99999998
vn 0.00010000 0.00000000 -1.00000000
vn -0.38269034 0.92387667 0.00000000
vn -0.38269034 0.92387667 0.00000000
vn -0.09799868 0.99518655 0.00000000
vn -0.09799868 0.99518655 0.00000000
vn -0.00010000 0.00000000 -1.00000000
vn 0.00000000 0.00000000 -1.00000000
vn 0.00000000 0.00000000 -1.00000000
vn 0.00020000 0.00000000 -0.99999998
vn 0.00020000 0.00000000 -0.99999998
vn 0.00000000 0.00000000 -1.00000000
vn 0.00000000 0.00000000 -1.00000000
vn -0.00010000 0.00000000 -1.00000000
vn 1.00000000 0.00000000 0.00000000
vn 0.99518655 0.00000000 0.09799868
vn 0.99518655 -0.09799868 0.00000000
vn 0.70710678 0.70710678 0.00000000
vn 0.70710678 0.70710678 0.00000000
vn 0.38269034 0.92387667 0.00000000
vn 0.38269034 0.92387667 0.00000000
vn 0.09799868 0.99518655 0.00000000
vn 0.09799868 0.99518655 0.00000000
vn -0.09799868 -0.99518655 0.00000000
vn -0.38269034 -0.92387667 0.00000000
vn -0.09799868 -0.99518655 0.00000000
vn -0.09799868 -0.99518655 0.00000000
vn -0.38269034 -0.92387667 0.00000000
vn -0.38269034 -0.92387667 0.00000000
vn -0.70710678 -0.70710678 0.00000000
vn -0.70710678 -0.70710678 0.00000000
vn -0.92387667 -0.38269034 0.00000000
vn -0.92387667 -0.38269034 0.00000000
vn -0.99518655 -0.09799868 0.00000000
vn -0.99517679 -0.09809771 0.00000000
vn 0.09799868 -0.99518655 0.00000000
vn 0.38269034 -0.92387667 0.00000000
vn 0.09799868 -0.99518655 0.00000000
vn 0.38269034 -0.92387667 0.00000000
vn 0.00000000 0.00000000 1.00000000
vn 0.00000000 -0.00010000 1.00000000
vn 0.00000000 0.00000000 1.00000000
vn -0.00010000 0.00000000 1.00000000
vn 0.00020000 0.00000000 0.99999998
vn 0.00020000 0.00000000 0.99999998
vn 0.00000000 0.00000000 1.00000000
vn 0.00000000 -0.00010000 1.00000000
vn 0.92387667 -0.38269034 0.00000000
vn 0.92387667 -0.38269034 0.00000000
vn 0.99518655 -0.09799868 0.00000000
vn 0.99518655 -0.09799868 0.00000000
vn -1.00000000 0.00000000 0.00000000
vn -0.99798824 -0.06339925 0.00000000
vn -0.99797557 -0.06359844 0.00000000
vn -1.00000000 0.00000000 0.00000000
vn -0.38269034 0.00000000 -0.92387667
vn -0.70710678 0.00000000 -0.70710678
vn -0.70710678 0.00000000 -0.70710678
vn -0.92387667 0.00000000 -0.38269034
vn -0.38269034 0.00000000 0.92387667
vn -0.70710678 0.00000000 0.70710678
vn -0.70710678 0.00000000 0.70710678
vn -0.92387667 0.00000000 0.38269034
vn -0.99518655 0.00000000 0.09799868
vn 0.92387667 0.00000000 0.38269034
vn 0.70710678 0.00000000 0.70710678
vn 0.70710678 0.00000000 0.70710678
vn 0.38269034 0.00000000 0.92387667
vn 0.99518655 0.00000000 -0.09799868
vn 0.92387667 0.00000000 -0.38269034
vn 0.70710678 0.00000000 -0.70710678
vn 0.70710678 0.00000000 -0.70710678
vn 0.38269034 0.00000000 -0.92387667
vn 0.00020000 0.00000000 -0.99999998
vn 0.00010000 0.00000000 -1.00000000
vn 0.00000000 0.00000000 -1.00000000
vn 0.00020000 0.00000000 -0.99999998
vn 0.00000000 0.00000000 -1.00000000
vn 0.00020000 0.00000000 -0.99999998
vn 0.00020000 0.00000000 -0.99999998
vn 0.00010000 0.00000000 -1.00000000
vn 0.00000000 0.00000000 -1.00000000
vn -0.99518655 0.09799868 0.00000000
vn -0.99518655 0.09799868 0.00000000
vn -1.00000000 0.00000000 0.00000000
vn 0.70710678 -0.70710678 0.00000000
vn 0.70710678 -0.70710678 0.00000000
vn 0.70710678 -0.70710678 0.00000000
vn -0.92387667 -0.38269034 0.00000000
vn -0.99518655 -0.09799868 0.00000000
vn -0.70710678 -0.70710678 0.00000000
vn -0.70710678 -0.70710678 0.00000000
vn 0.09799868 -0.99518655 0.00000000
vn 0.70710678 0.70710678 0.00000000
vn 0.00020000 0.00000000 0.99999998
vn 0.00000000 0.00000000 1.00000000
vn 0.00020000 0.00000000 0.99999998
vn 0.00020000 0.00000000 0.99999998
vn 0.00020000 0.00000000 0.99999998
vn 0.00000000 0.00000000 1.00000000
vn -0.38269034 0.92387667 0.00000000
vn -0.09799868 0.99518655 0.00000000
vn -0.70710678 0.70710678 0.00000000
vn -0.92387667 0.38269034 0.00000000
vn -0.70710678 0.70710678 0.00000000
vn -0.99518655 0.09799868 0.00000000
vn 0.00000000 0.00000000 1.00000000
vn 0.00000000 0.00000000 1.00000000
vn 0.00000000 0.00000000 1.00000000
vn 0.00010000 0.00010000 0.99999999
vn 0.00000000 0.00000000 1.00000000
vn 0.09799868 0.99518655 0.00000000
vn 1.00000000 0.00000000 0.00000000
vn 1.00000000 0.00000000 0.00000000
vn 0.38269034 -0.92387667 0.00000000
vn 0.38269034 -0.92387667 0.00000000
vn 0.70710678 -0.70710678 0.00000000
vn 0.70710678 -0.70710678 0.00000000
vn -0.00010000 0.00000000 1.00000000
vn 0.00000000 0.00000000 1.00000000
vn -0.00020000 0.00000000 0.99999998
vn 0.00000000 0.00000000 1.00000000
vn 0.00000000 0.00000000 1.00000000
vn 0.00000000 0.00000000 1.00000000
vn 0.00020000 0.00000000 0.99999998
vn -0.00010000 0.00000000 1.00000000
vn 0.00000000 0.00000000 -1.00000000
vn -0.00020000 0.00000000 -0.99999998
vn -0.00020000 0.00000000 -0.99999998
vn -0.00020000 0.00000000 -0.99999998
vn 0.00000000 0.00000000 -1.00000000
vn -0.00020000 0.00000000 -0.99999998
vn -0.99518655 0.09799868 0.00000000
vn -0.99518655 0.09799868 0.00000000
vn -0.92387667 0.38269034 0.00000000
vn -0.92387667 0.38269034 0.00000000
vn -0.70710678 -0.70710678 0.00000000
vn -0.70710678 -0.70710678 0.00000000
vn 0.92387667 0.38269034 0.00000000
vn 0.92387667 0.38269034 0.00000000
vn 0.70710678 0.70710678 0.00000000
vn 0.70710678 0.70710678 0.00000000
vn -0.92387667 0.38269034 0.00000000
vn -0.92387667 0.38269034 0.00000000
vn -0.70710678 0.70710678 0.00000000
vn -0.70710678 0.70710678 0.00000000
vn -0.38269034 -0.92387667 0.00000000
vn -0.38269034 -0.92387667 0.00000000
vn -0.70710678 -0.70710678 0.00000000
vn -0.70710678 -0.70710678 0.00000000
vn 0.70710678 0.70710678 0.00000000
vn 0.70710678 -0.70710678 0.00000000
vn 0.70710678 -0.70710678 0.00010000
vn 0.92387667 -0.38269034 0.00000000
vn 0.92387667 -0.38269034 0.00000000
vn -0.70710678 0.70710678 0.00000000
vn -0.70710678 0.70710678 0.00010000
vn 0.70710678 -0.70710678 0.00000000
vn -0.70710678 -0.70710678 0.00000000
vn -0.70710678 -0.70710678 0.00000000
vn -0.92387667 -0.38269034 0.00000000
vn -0.92387667 -0.38269034 0.00000000
vn 0.70710678 0.70710678 0.00000000
vn 0.70710678 0.70710678 0.00000000
vn 0.38269034 0.92387667 0.00000000
vn 0.38269034 0.92387667 0.00000000
vn -0.70710678 0.70710678 0.00000000
vn -0.70710678 0.70710678 0.00000000
vn -0.38269034 0.92387667 0.00000000
vn -0.38269034 0.92387667 0.00000000
vn 0.00000000 0.00000000 1.00000000
vn -0.00020000 0.00000000 0.99999998
vn 0.00000000 0.00000000 1.00000000
vn -0.00020000 0.00000000 0.99999998
vn 0.00000000 0.00000000 1.00000000
vn -0.00020000 0.00000000 0.99999998
vn 0.00000000 0.00000000 1.00000000
vn -0.00020000 0.00000000 -0.99999998
vn 0.00000000 0.00000000 -1.00000000
vn -0.00020000 -0.00020000 -0.99999996
vn 0.00000000 0.00000000 -1.00000000
vn -0.00020000 0.00000000 -0.99999998
vn -0.00020000 -0.00020000 -0.99999996
vn 0.00000000 0.00000000 -1.00000000
vn -0.00020000 0.00000000 -0.99999998
vn 0.00000000 0.00000000 -1.00000000
vn 0.99518655 -0.09799868 0.00000000
vn 0.99517679 -0.09809771 0.00000000
vn -0.70710678 0.70710678 0.00000000
vn -0.70710678 0.70710678 0.00000000
vn 0.00000000 0.00000000 -1.00000000
vn -0.00010000 0.00000000 -1.00000000
vn 0.00000000 0.00000000 -1.00000000
vn 0.00000000 0.00000000 -1.00000000
vn -0.00010000 0.00000000 -1.00000000
vn -0.00020000 0.00010000 -0.99999998
vn 0.00000000 0.00000000 -1.00000000
vn -0.00010000 0.00000000 -1.00000000
vn 0.93656731 -0.35048777 0.00000000
vn 0.99797557 -0.06359844 0.00000000
vn 0.99798824 -0.06339925 0.00000000
vn 0.93660013 -0.35040005 0.00000000
vn 0.70710678 -0.70710678 0.00000000
vn 0.70710678 -0.70710678 0.00000000
vn 0.35048777 -0.93656731 0.00000000
vn 0.70710678 -0.70710678 0.00000000
vn 0.70710678 -0.70710678 0.00000000
vn 0.35040005 -0.93660013 0.00000000
vn 0.06349885 -0.99798191 0.00000000
vn 0.06349885 -0.99798191 0.00000000
vn -0.93660013 -0.35040005 0.00000000
vn -0.93660013 -0.35040005 0.00000000
vn -0.70710678 -0.70710678 0.00000000
vn -0.70710678 -0.70710678 0.00000000
vn -0.35048777 -0.93656731 0.00000000
vn -0.70710678 -0.70710678 0.00000000
vn -0.70710678 -0.70710678 0.00000000
vn -0.35031232 -0.93663295 0.00000000
vn -0.06349885 -0.99798191 0.00000000
vn -0.06349885 -0.99798191 0.00000000
vn 0.35040005 0.93660013 0.00000000
vn 0.06339925 0.99798824 0.00000000
vn 0.06339925 0.99798824 0.00000000
vn 0.35040005 0.93660013 0.00000000
vn 0.70710678 0.70710678 0.00000000
vn 0.70710678 0.70710678 0.00000000
vn 0.93656731 0.35048777 0.00000000
vn 0.70710678 0.70710678 0.00000000
vn 0.70710678 0.70710678 0.00000000
vn 0.93656731 0.35048777 0.00000000
vn 0.99798824 0.06339925 0.00000000
vn 0.99797557 0.06359844 0.00000000
vn -0.35040005 0.93660013 0.00000000
vn -0.06339925 0.99798824 0.00000000
vn -0.06339925 0.99798824 0.00000000
vn -0.35040005 0.93660013 0.00000000
vn -0.70710678 0.70710678 0.00000000
vn -0.70710678 0.70710678 0.00000000
vn -0.93660013 0.35040005 0.00000000
vn -0.70710678 0.70710678 0.00000000
vn -0.70710678 0.70710678 0.00000000
vn -0.93656731 0.35048777 0.00000000
vn -0.99798824 0.06339925 0.00000000
vn -0.99797557 0.06359844 0.00000000
vn 1.00000000 0.00000000 0.00000000
vn 1.00000000 0.00000000 0.00000000
vn -0.09799868 -0.99518655 0.00000000
vn 0.09799868 -0.99518655 0.00000000
vn 0.09799868 -0.99518655 0.00000000
vn -0.09799868 -0.99518655 0.00000000
vn 0.00000000 0.00000000 1.00000000
vn -0.00010000 0.00000000 1.00000000
vn 0.00000000 0.00000000 1.00000000
vn 0.00010000 -0.00010000 0.99999999
vn -0.00010000 -0.00010000 0.99999999
vn 0.00010000 -0.00010000 0.99999999
vn 0.00000000 0.00000000 1.00000000
vn -0.00010000 0.00000000 1.00000000
vn 0.99518655 0.09799868 0.00000000
vn 0.99518655 0.09799868 0.00000000
vn 1.00000000 0.00000000 0.00000000
vn 1.00000000 0.00000000 0.00000000
vn 0.00000000 0.00000000 -1.00000000
vn 0.00010000 0.00000000 -1.00000000
vn 0.00000000 0.00000000 -1.00000000
vn 0.00000000 0.00000000 -1.00000000
vn 0.00000000 0.00000000 -1.00000000
vn 0.00000000 0.00000000 -1.00000000
vn -0.00020000 0.00010000 -0.99999998
vn -0.00020000 0.00010000 -0.99999998
vn 0.09799868 0.99518655 0.00000000
vn 0.09799868 0.99518655 0.00000000
vn -0.00020000 0.00000000 0.99999998
vn -0.00010000 0.00000000 1.00000000
vn 0.00020000 0.00000000 0.99999998
vn 0.00020000 0.00000000 0.99999998
vn -0.00020000 0.00000000 0.99999998
vn 0.00000000 0.00000000 1.00000000
vn 0.00020000 0.00000000 0.99999998
vn 0.00000000 0.00000000 1.00000000
vn 0.00020000 0.00000000 0.99999998
vn 0.00000000 0.00000000 1.00000000
vn -0.00020000 0.00000000 0.99999998
vn 0.00030000 0.00000000 0.99999996
vn 0.00000000 0.00000000 1.00000000
vn 0.00030000 0.00000000 0.99999996
vn 0.00000000 0.00000000 1.00000000
vn 0.00010000 0.00000000 1.00000000
vn 0.00000000 0.00000000 1.00000000
vn -0.99518655 -0.09799868 0.00000000
vn -0.09799868 0.99518655 0.00000000
vn -0.09799868 0.99518655 0.00000000
vn -0.00010000 0.00000000 1.00000000
vn 0.00000000 0.00000000 1.00000000
vn 0.00020000 0.00000000 0.99999998
vn 0.00000000 0.00000000 1.00000000
vn 0.00000000 0.00000000 1.00000000
vn -0.00010000 0.00000000 1.00000000
vn 0.00020000 0.00000000 0.99999998
vn 0.00000000 0.00000000 1.00000000
vn -1.00000000 0.00000000 0.00000000
vn -1.00000000 0.00000000 0.00000000
vn 0.00000000 0.00000000 -1.00000000
vn 0.00000000 0.00000000 -1.00000000
vn 0.00020000 0.00000000 -0.99999998
vn 0.00020000 0.00000000 -0.99999998
vn 0.00010000 0.00000000 -1.00000000
vn 0.00010000 0.00000000 -1.00000000
vn 0.00000000 0.00000000 -1.00000000
vn 0.00020000 0.00000000 -0.99999998
vn 0.00020000 0.00000000 0.99999998
vn 0.00010000 0.00010000 0.99999999
vn -0.00020000 0.00000000 0.99999998
vn 0.00020000 0.00000000 0.99999998
vn 0.00020000 0.00000000 0.99999998
vn 0.00010000 0.00010000 0.99999999
vn 0.00010000 0.00010000 0.99999999
vn 0.00030000 0.00000000 0.99999996
vn -0.00020000 0.00000000 0.99999998
vn 0.92387667 0.38269034 0.00000000
vn 0.70710678 0.70710678 0.00000000
vn 0.00010000 0.00000000 -1.00000000
vn 0.00000000 0.00000000 -1.00000000
vn 0.00010000 0.00000000 -1.00000000
vn 0.00000000 0.00000000 -1.00000000
vn -0.00020000 0.00000000 0.99999998
vn 0.00000000 0.00000000 1.00000000
vn -0.00020000 0.00000000 0.99999998
vn 0.00000000 0.00000000 -1.00000000
vn 0.00020000 0.00000000 -0.99999998
vn 0.00000000 0.00000000 -1.00000000
vn 0.00000000 0.00000000 -1.00000000
vn 0.00020000 0.00000000 -0.99999998
vn 0.00020000 0.00000000 -0.99999998
vn 0.38269034 -0.92387667 0.00000000
vn 0.70710678 -0.70710678 0.00000000
vn 0.92387667 -0.38269034 0.00000000
vn 0.70710678 -0.70710678 0.00000000
vn 0.38269034 0.92387667 0.00000000
vn 0.70710678 0.70710678 0.00000000
vn 0.99518655 0.09799868 0.00000000
vn -1.00000000 0.00000000 0.00000000
vn -0.00010000 0.00000000 -1.00000000
vn 0.00000000 0.00000000 -1.00000000
vn 0.00000000 0.00000000 -1.00000000
vn 0.00020000 0.00000000 0.99999998
vn -0.00020000 0.00000000 0.99999998
vn 0.00020000 0.00000000 0.99999998
vn 0.00000000 0.00000000 -1.00000000
vn -0.00020000 -0.00010000 -0.99999998
vn 0.00000000 0.00000000 -1.00000000
vn 0.00020000 0.00000000 0.99999998
vn 0.00000000 0.00000000 1.00000000
vn 0.00010000 0.00000000 1.00000000
vn 0.00020000 0.00000000 0.99999998
vn 0.00000000 0.00000000 1.00000000
vn 0.00010000 0.00000000 1.00000000
vn 0.00020000 0.00000000 0.99999998
vn 0.00000000 0.00010000 1.00000000
vn 0.00000000 0.00000000 1.00000000
vn -0.00010000 -0.00010000 0.99999999
vn 0.00000000 0.00000000 1.00000000
vn -0.00020000 0.00000000 0.99999998
vn -0.00020000 0.00000000 0.99999998
vn -0.00010000 -0.00010000 0.99999999
vn -0.00020000 0.00000000 0.99999998
vn -0.00010000 -0.00010000 0.99999999
vn 0.00000000 0.00000000 1.00000000
vn -0.70710678 0.00000000 0.70710678
vn -0.70200348 -0.06920034 0.70880352
vn -0.70210881 -0.06910087 0.70870889
vn -0.70710678 0.00000000 0.70710678
vn -0.70710678 0.00000000 -0.70710678
vn -0.70200348 0.06920034 -0.70880352
vn -0.70210881 0.06910087 -0.70870889
vn -0.70710678 0.00000000 -0.70710678
vn 0.64691397 -0.26800579 0.71391541
vn 0.70200348 -0.06920034 0.70880352
vn 0.70200348 -0.06920034 0.70880352
vn 0.64698945 -0.26789563 0.71388836
vn 0.70200348 -0.06920034 -0.70880352
vn 0.64686778 -0.26798665 -0.71396444
vn 0.64693130 -0.26791296 -0.71393454
vn 0.70205905 -0.06909597 -0.70875866
vn 0.49509994 -0.49519994 0.71389991
vn 0.49512445 -0.49512445 0.71393526
vn 0.49512445 -0.49512445 -0.71393526
vn 0.49512445 -0.49512445 -0.71393526
vn 0.26800579 -0.64691397 0.71391541
vn 0.49509994 -0.49519994 0.71389991
vn 0.49512445 -0.49512445 0.71393526
vn 0.26809860 -0.64689663 0.71389628
vn 0.49512445 -0.49512445 -0.71393526
vn 0.26791296 -0.64693130 -0.71393454
vn 0.26800579 -0.64691397 -0.71391541
vn 0.49512445 -0.49512445 -0.71393526
vn 0.06920034 -0.70200348 0.70880352
vn 0.06920034 -0.70200348 0.70880352
vn 0.06910082 -0.70200834 -0.70880842
vn 0.06910082 -0.70200834 -0.70880842
vn -0.64686778 -0.26798665 -0.71396444
vn -0.70200348 -0.06920034 -0.70880352
vn -0.70200348 -0.06920034 -0.70880352
vn -0.64698945 -0.26789563 -0.71388836
vn -0.64691397 -0.26800579 0.71391541
vn -0.64688512 -0.26789384 0.71398357
vn -0.49512445 -0.49512445 -0.71393526
vn -0.49512445 -0.49512445 -0.71393526
vn -0.49512445 -0.49512445 0.71393526
vn -0.49512445 -0.49512445 0.71393526
vn -0.26800579 -0.64691397 -0.71391541
vn -0.49512445 -0.49512445 -0.71393526
vn -0.49512445 -0.49512445 -0.71393526
vn -0.26800579 -0.64691397 -0.71391541
vn -0.49512445 -0.49512445 0.71393526
vn -0.26800579 -0.64691397 0.71391541
vn -0.26800579 -0.64691397 0.71391541
vn -0.49512445 -0.49512445 0.71393526
vn -0.06910082 -0.70200834 -0.70880842
vn -0.06910082 -0.70200834 -0.70880842
vn -0.06910082 -0.70200834 0.70880842
vn -0.06910082 -0.70200834 0.70880842
vn 0.26791296 0.64693130 0.71393454
vn 0.06910082 0.70200834 0.70880842
vn 0.06920034 0.70200348 0.70880352
vn 0.26800579 0.64691397 0.71391541
vn 0.06910082 0.70200834 -0.70880842
vn 0.26800579 0.64691397 -0.71391541
vn 0.26800579 0.64691397 -0.71391541
vn 0.06910082 0.70200834 -0.70880842
vn 0.49512445 0.49512445 0.71393526
vn 0.49512445 0.49512445 0.71393526
vn 0.49512445 0.49512445 -0.71393526
vn 0.49512445 0.49512445 -0.71393526
vn 0.64686778 0.26798665 0.71396444
vn 0.49512445 0.49512445 0.71393526
vn 0.49512445 0.49512445 0.71393526
vn 0.64686778 0.26798665 0.71396444
vn 0.49512445 0.49512445 -0.71393526
vn 0.64686778 0.26798665 -0.71396444
vn 0.64698945 0.26789563 -0.71388836
vn 0.49512445 0.49512445 -0.71393526
vn 0.70195373 0.06919544 0.70885327
vn 0.70200834 0.06910082 0.70880842
vn 0.70200348 0.06920034 -0.70880352
vn 0.70200348 0.06920034 -0.70880352
vn -0.26791296 0.64693130 -0.71393454
vn -0.06910082 0.70200834 -0.70880842
vn -0.06910082 0.70200834 -0.70880842
vn -0.26800579 0.64691397 -0.71391541
vn -0.06910082 0.70200834 0.70880842
vn -0.26800579 0.64691397 0.71391541
vn -0.26800579 0.64691397 0.71391541
vn -0.06910082 0.70200834 0.70880842
vn -0.49512445 0.49512445 -0.71393526
vn -0.49512445 0.49512445 -0.71393526
vn -0.49509994 0.49519994 0.71389991
vn -0.49512445 0.49512445 0.71393526
vn -0.64686778 0.26798665 -0.71396444
vn -0.49512445 0.49512445 -0.71393526
vn -0.49512445 0.49512445 -0.71393526
vn -0.64693130 0.26791296 -0.71393454
vn -0.49509994 0.49519994 0.71389991
vn -0.64691397 0.26800579 0.71391541
vn -0.64691397 0.26800579 0.71391541
vn -0.49512445 0.49512445 0.71393526
vn -0.70200348 0.06920034 0.70880352
vn -0.70200348 0.06920034 0.70880352
vn 0.70710678 0.00000000 -0.70710678
vn 0.70710678 0.00000000 -0.70710678
vn 0.70715678 0.00000000 0.70705678
vn 0.70720678 0.00000000 0.70700677
vn 0.98078399 0.00000000 -0.19509682
vn 1.00000000 0.00000000 0.00000000
vn 0.98078399 0.00000000 -0.19509682
vn 1.00000000 0.00000000 0.00000000
vn -1.00000000 0.00000000 0.00000000
vn -1.00000000 0.00000000 0.00000000
vn -1.00000000 0.00000000 0.00000000
vn -1.00000000 0.00000000 0.00000000
vn 0.00000000 0.00000000 1.00000000
vn 0.00000000 0.00000000 1.00000000
vn 0.00000000 0.00000000 1.00000000
vn 0.00000000 0.00000000 1.00000000
vn 0.00000000 0.00000000 1.00000000
vn 0.00000000 0.00000000 1.00000000
vn 0.00000000 0.00000000 1.00000000
vn 0.00000000 0.00000000 1.00000000
vn 0.00000000 0.00000000 -1.00000000
vn 0.00000000 0.00000000 -1.00000000
vn 0.00000000 0.00000000 -1.00000000
vn 0.00000000 0.00000000 -1.00000000
vn 0.00000000 0.00000000 -1.00000000
vn 0.00000000 0.00000000 -1.00000000
vn 0.00000000 0.00000000 -1.00000000
vn 0.00000000 0.00000000 -1.00000000
vn 1.00000000 0.00000000 0.00000000
vn 1.00000000 0.00000000 0.00000000
vn 1.00000000 0.00000000 0.00000000
vn 1.00000000 0.00000000 0.00000000
vn 1.00000000 0.00000000 0.00000000
vn 1.00000000 0.00000000 0.00000000
vn 1.00000000 0.00000000 0.00000000
vn 1.00000000 0.00000000 0.00000000
vn -1.00000000 0.00000000 0.00000000
vn -1.00000000 0.00000000 0.00000000
vn -1.00000000 0.00000000 0.00000000
vn -1.00000000 0.00000000 0.00000000
vn -1.00000000 0.00000000 0.00000000
vn -1.00000000 0.00000000 0.00000000
vn -1.00000000 0.00000000 0.00000000
vn -1.00000000 0.00000000 0.00000000
vn -1.00000000 0.00000000 0.00000000
vn 0.98078399 0.00000000 0.19509682
vn 1.00000000 0.00000000 0.00000000
vn -0.98078399 0.00000000 0.19509682
vn -0.98078399 0.00000000 0.19509682
vn 0.00000000 0.00000000 1.00000000
vn 0.00000000 0.00000000 1.00000000
vn 0.19509682 0.00000000 0.98078399
vn 0.00000000 0.00000000 -1.00000000
vn 0.19509682 0.00000000 -0.98078399
vn 0.00000000 0.00000000 -1.00000000
vn -0.19509682 0.00000000 -0.98078399
vn -0.38269034 0.00000000 -0.92387667
vn -0.19509682 0.00000000 -0.98078399
vn -0.38269034 0.00000000 -0.92387667
vn -0.92387667 0.00000000 -0.38269034
vn -0.92387667 0.00000000 -0.38269034
vn -0.98078399 0.00000000 -0.19509682
vn -0.92387667 0.00000000 0.38269034
vn -0.92387667 0.00000000 0.38269034
vn -0.38269034 0.00000000 0.92387667
vn -0.19509682 0.00000000 0.98078399
vn -0.38269034 0.00000000 0.92387667
vn -0.19509682 0.00000000 0.98078399
vn 0.38269034 0.00000000 0.92387667
vn 0.38269034 0.00000000 0.92387667
vn 0.92387667 0.00000000 0.38269034
vn 0.92387667 0.00000000 0.38269034
vn 0.92387667 0.00000000 -0.38269034
vn 0.92387667 0.00000000 -0.38269034
vn 0.38269034 0.00000000 -0.92387667
vn 0.38269034 0.00000000 -0.92387667
vn 1.00000000 0.00000000 0.00000000
vn 1.00000000 0.00000000 0.00000000
vt 0.91917600 0.66945300
vt 0.91843400 0.66945200
vt 0.91842900 0.69555200
vt 0.91917100 0.69555200
vt 0.89281300 0.94365200
vt 0.89207000 0.94365100
vt 0.89914800 0.96998300
vt 0.89989000 0.96998300
vt 0.91917100 0.48535800
vt 0.91842900 0.48535800
vt 0.91843400 0.51145700
vt 0.91917600 0.51145600
vt 0.20722400 0.34015800
vt 0.20722400 0.36627600
vt 0.20770000 0.36627400
vt 0.20770100 0.34015800
vt 0.45375500 0.70195500
vt 0.45450200 0.70195500
vt 0.45450000 0.70148000
vt 0.45375700 0.70148000
vt 0.89988600 0.78588700
vt 0.89914300 0.78588700
vt 0.89914800 0.81198600
vt 0.89989000 0.81198500
vt 0.89914300 0.99608200
vt 0.89988500 0.99608200
vt 0.91209900 0.64312200
vt 0.91135600 0.64312100
vt 0.20722400 0.17991900
vt 0.20722400 0.20718600
vt 0.20770100 0.20718600
vt 0.20770100 0.17991900
vt 0.20722400 0.23371600
vt 0.20770100 0.23371600
vt 0.20722400 0.26003900
vt 0.20770100 0.26003900
vt 0.20722400 0.28636200
vt 0.20770100 0.28636200
vt 0.20722400 0.31289200
vt 0.20770100 0.31289200
vt 0.44591900 0.71418600
vt 0.44517200 0.71418600
vt 0.44517400 0.71458100
vt 0.44591700 0.71458100
vt 0.89207000 0.83831700
vt 0.89281300 0.83831600
vt 0.88875300 0.86464900
vt 0.88949700 0.86464900
vt 0.88831000 0.89098400
vt 0.88905400 0.89098400
vt 0.88875300 0.91731900
vt 0.88949700 0.91731900
vt 0.20722400 0.15380200
vt 0.20770000 0.15380400
vt 0.91135700 0.53778800
vt 0.91210000 0.53778700
vt 0.90804000 0.56412000
vt 0.90878400 0.56411900
vt 0.90759700 0.59045400
vt 0.90834100 0.59045400
vt 0.90804000 0.61678900
vt 0.90878400 0.61678900
vt 0.88713000 0.50919500
vt 0.88713000 0.48307800
vt 0.88665400 0.48307900
vt 0.88665400 0.50919500
vt 0.88713000 0.66943400
vt 0.88713000 0.64216800
vt 0.88665300 0.64216800
vt 0.88665400 0.66943400
vt 0.88713000 0.61563800
vt 0.88665300 0.61563800
vt 0.88713000 0.58931500
vt 0.88665300 0.58931500
vt 0.88713000 0.56299100
vt 0.88665300 0.56299100
vt 0.88713000 0.53646100
vt 0.88665300 0.53646100
vt 0.88665400 0.69555000
vt 0.88649900 0.69555500
vt 0.88652200 0.69568000
vt 0.88664800 0.69570400
vt 0.91917800 0.69570700
vt 0.91930400 0.69568300
vt 0.91932700 0.69555700
vt 0.44591600 0.70148000
vt 0.44607100 0.70147400
vt 0.44604600 0.70134900
vt 0.44592100 0.70132600
vt 0.91827300 0.69555700
vt 0.91829600 0.69568300
vt 0.91842300 0.69570600
vt 0.20770700 0.36642800
vt 0.20783200 0.36640500
vt 0.20785500 0.36627900
vt 0.44517400 0.70148000
vt 0.44516900 0.70132600
vt 0.44504400 0.70134900
vt 0.44502000 0.70147400
vt 0.89976000 0.69554900
vt 0.89976700 0.69570400
vt 0.89989200 0.69568000
vt 0.89991500 0.69555500
vt 0.44592100 0.71473500
vt 0.44604600 0.71471200
vt 0.44607000 0.71458800
vt 0.90004100 0.78588200
vt 0.90001800 0.78575600
vt 0.89989200 0.78573300
vt 0.19459400 0.36627400
vt 0.19444000 0.36627900
vt 0.19446300 0.36640400
vt 0.19458800 0.36642800
vt 0.89913700 0.78573300
vt 0.89901100 0.78575600
vt 0.89898800 0.78588200
vt 0.44502000 0.71458800
vt 0.44504400 0.71471200
vt 0.44517000 0.71473500
vt 0.88664800 0.48292500
vt 0.88652200 0.48294900
vt 0.88649900 0.48307400
vt 0.45375300 0.70132600
vt 0.45362700 0.70134900
vt 0.45360300 0.70147400
vt 0.91932700 0.48535300
vt 0.91930400 0.48522700
vt 0.91917800 0.48520300
vt 0.20785500 0.15379900
vt 0.20783200 0.15367300
vt 0.20770700 0.15365000
vt 0.91842300 0.48520300
vt 0.91829600 0.48522700
vt 0.91827400 0.48535300
vt 0.45465400 0.70147400
vt 0.45463000 0.70134900
vt 0.45450400 0.70132600
vt 0.89989200 0.99623700
vt 0.90001800 0.99621300
vt 0.90004100 0.99608800
vt 0.45375700 0.71458100
vt 0.45360300 0.71458800
vt 0.45362800 0.71471200
vt 0.45375300 0.71473500
vt 0.89976000 0.48308000
vt 0.89991500 0.48307400
vt 0.89989200 0.48294900
vt 0.89976600 0.48292600
vt 0.19459400 0.15380400
vt 0.19458800 0.15365000
vt 0.19446300 0.15367400
vt 0.19444000 0.15379900
vt 0.45450000 0.71458100
vt 0.45450400 0.71473500
vt 0.45463000 0.71471200
vt 0.45465400 0.71458700
vt 0.89898700 0.99608800
vt 0.89901000 0.99621300
vt 0.89913700 0.99623700
vt 0.88713000 0.69555100
vt 0.88713000 0.69570600
vt 0.44607400 0.70195400
vt 0.44591800 0.70195500
vt 0.19499100 0.36627600
vt 0.19499000 0.36643100
vt 0.44501600 0.71418600
vt 0.89976000 0.66943400
vt 0.89991500 0.66942100
vt 0.90004500 0.81199200
vt 0.19459400 0.17991900
vt 0.19443900 0.17990600
vt 0.89899300 0.96999000
vt 0.89936300 0.48307800
vt 0.89936400 0.48292300
vt 0.45360000 0.71418700
vt 0.45375500 0.71418600
vt 0.20722500 0.15364700
vt 0.45465700 0.70195400
vt 0.88649900 0.50920800
vt 0.91933100 0.51146300
vt 0.20785600 0.34017200
vt 0.91827900 0.66945900
vt 0.89976000 0.50919500
vt 0.89991500 0.50920800
vt 0.90004500 0.96997700
vt 0.89976100 0.53646100
vt 0.89991500 0.53648100
vt 0.89296700 0.94364200
vt 0.89976000 0.56299100
vt 0.89991500 0.56299900
vt 0.88965200 0.91731500
vt 0.89976000 0.58931500
vt 0.89991500 0.58931500
vt 0.88921000 0.89098400
vt 0.89976100 0.61563800
vt 0.89991500 0.61563000
vt 0.88965200 0.86465200
vt 0.89976100 0.64216800
vt 0.89991500 0.64214800
vt 0.89296700 0.83832600
vt 0.19459400 0.34015800
vt 0.19443900 0.34017200
vt 0.89899300 0.81197900
vt 0.19459400 0.31289200
vt 0.19443900 0.31291200
vt 0.89191600 0.83830700
vt 0.19459400 0.28636200
vt 0.19443900 0.28636900
vt 0.88859800 0.86464500
vt 0.19459400 0.26003900
vt 0.19443900 0.26003900
vt 0.88815400 0.89098400
vt 0.19459400 0.23371600
vt 0.19443900 0.23370900
vt 0.88859800 0.91732300
vt 0.19459400 0.20718600
vt 0.19443900 0.20716600
vt 0.89191600 0.94366100
vt 0.88649900 0.66942100
vt 0.91933100 0.66944600
vt 0.88649900 0.64214800
vt 0.91225400 0.64311200
vt 0.88649900 0.61563000
vt 0.90893900 0.61678500
vt 0.88649900 0.58931500
vt 0.90849700 0.59045400
vt 0.88649900 0.56299900
vt 0.90894000 0.56412300
vt 0.88649900 0.53648100
vt 0.91225400 0.53779700
vt 0.20785600 0.17990600
vt 0.91827900 0.51145000
vt 0.20785500 0.20716600
vt 0.91120200 0.53777700
vt 0.20785500 0.23370900
vt 0.90788500 0.56411600
vt 0.20785600 0.26003900
vt 0.90744100 0.59045400
vt 0.20785500 0.28636900
vt 0.90788500 0.61679300
vt 0.20785500 0.31291200
vt 0.91120200 0.64313100
vt 0.89936300 0.66943400
vt 0.89936300 0.69555100
vt 0.45465700 0.71418600
vt 0.45450200 0.71418600
vt 0.19499100 0.15380200
vt 0.19499000 0.15364700
vt 0.45360000 0.70195400
vt 0.88712900 0.48292300
vt 0.44501700 0.70195400
vt 0.44517200 0.70195500
vt 0.20722500 0.36643100
vt 0.44607400 0.71418600
vt 0.89936400 0.69570700
vt 0.89936300 0.50919500
vt 0.89936300 0.53646100
vt 0.89936300 0.56299100
vt 0.89936300 0.58931500
vt 0.89936300 0.61563800
vt 0.89936300 0.64216800
vt 0.19499100 0.17991900
vt 0.19499100 0.34015800
vt 0.19499100 0.31289200
vt 0.19499100 0.28636200
vt 0.19499100 0.26003900
vt 0.19499100 0.23371600
vt 0.19499100 0.20718600
vt 0.23009800 0.70529500
vt 0.22573900 0.70529400
vt 0.22573700 0.71339000
vt 0.23009700 0.71339100
vt 0.43074000 0.98724600
vt 0.43074100 0.98949000
vt 0.43622800 0.99497800
vt 0.43624400 0.99263600
vt 0.00866900 0.47589700
vt 0.00777400 0.41098100
vt 0.00501200 0.41099500
vt 0.00500700 0.47589300
vt 0.07309100 0.38259500
vt 0.02909500 0.38236600
vt 0.02909300 0.38952900
vt 0.07308900 0.38998700
vt 0.17900200 0.36237300
vt 0.17900200 0.36643100
vt 0.18688400 0.36643100
vt 0.18688400 0.36237300
vt 0.22573500 0.39172900
vt 0.23207700 0.39172700
vt 0.23210700 0.38938800
vt 0.22575100 0.38940200
vt 0.42766900 0.73833000
vt 0.43074300 0.73833000
vt 0.43624700 0.72301000
vt 0.43300400 0.72301000
vt 0.22573300 0.17322500
vt 0.23213000 0.17322500
vt 0.23212800 0.16886700
vt 0.22574500 0.16887800
vt 0.21568300 0.95029400
vt 0.21569600 0.95518200
vt 0.21694300 0.95499700
vt 0.21696300 0.95019900
vt 0.20505700 0.47443900
vt 0.20661400 0.47450100
vt 0.20661400 0.40092500
vt 0.20505500 0.40084300
vt 0.23537100 0.98948700
vt 0.23123900 0.98948800
vt 0.22575100 0.99497700
vt 0.23009600 0.99498900
vt 0.29178700 0.66248600
vt 0.24712300 0.66279900
vt 0.24981900 0.67285900
vt 0.29381500 0.67240100
vt 0.02639700 0.39958800
vt 0.07106100 0.39990200
vt 0.23707800 0.98058100
vt 0.23302000 0.98058100
vt 0.42895900 0.97843500
vt 0.42895900 0.98058300
vt 0.23302200 0.79969000
vt 0.23302200 0.74011000
vt 0.23124100 0.73832800
vt 0.23124000 0.80055700
vt 0.42594300 0.74011100
vt 0.42896100 0.74011100
vt 0.62799200 0.20937900
vt 0.63205000 0.20937900
vt 0.63205000 0.20723100
vt 0.62799200 0.20723100
vt 0.64745800 0.26681300
vt 0.64745800 0.20723100
vt 0.63957600 0.20723100
vt 0.63957600 0.26681300
vt 0.83030900 0.69355900
vt 0.83030900 0.69570700
vt 0.83819100 0.69570700
vt 0.83819100 0.69355900
vt 0.44398900 0.00678100
vt 0.44398900 0.00376300
vt 0.43610700 0.00376300
vt 0.43610700 0.00678100
vt 0.22573700 0.72300900
vt 0.22573600 0.79656100
vt 0.24528600 0.38061800
vt 0.24816600 0.38061800
vt 0.24817100 0.37937700
vt 0.24531700 0.37937700
vt 0.01413600 0.67065300
vt 0.01135100 0.67066000
vt 0.01138100 0.67299900
vt 0.01414700 0.67300200
vt 0.23487500 0.16762400
vt 0.23211900 0.16762400
vt 0.23487600 0.16886500
vt 0.21243400 0.95520200
vt 0.21241400 0.95034500
vt 0.21245200 0.98066500
vt 0.21570200 0.98067000
vt 0.21571300 0.97044800
vt 0.21245300 0.97045400
vt 0.42579000 0.39174400
vt 0.42733900 0.39174100
vt 0.42731900 0.38940800
vt 0.42578900 0.38939100
vt 0.00500500 0.97044400
vt 0.00938400 0.97045000
vt 0.00939400 0.96611600
vt 0.00503400 0.96621600
vt 0.24260300 0.65971600
vt 0.24591200 0.66301400
vt 0.24288000 0.65856000
vt 0.42578700 0.17322300
vt 0.42733700 0.17322100
vt 0.42731800 0.16888400
vt 0.42578500 0.16886700
vt 0.23009700 0.72300900
vt 0.21237100 0.68535200
vt 0.21561100 0.68535200
vt 0.21559400 0.68302900
vt 0.21237300 0.68301200
vt 0.66675800 0.78884100
vt 0.66676000 0.78448500
vt 0.66524100 0.78450200
vt 0.66522200 0.78883900
vt 0.21557200 0.94754200
vt 0.21237900 0.94761400
vt 0.00939200 0.98782500
vt 0.00503400 0.98783000
vt 0.00504200 0.99497000
vt 0.00939200 0.99498300
vt 0.02743100 0.67300200
vt 0.02451400 0.67300200
vt 0.02456100 0.67424200
vt 0.02744200 0.67424200
vt 0.42732300 0.68716500
vt 0.42738500 0.68839800
vt 0.42838100 0.68820500
vt 0.42855800 0.68720600
vt 0.66524600 0.99497500
vt 0.66401500 0.99502200
vt 0.66419500 0.99601600
vt 0.66518700 0.99620500
vt 0.43623500 0.69721600
vt 0.43747000 0.69717200
vt 0.43728700 0.69617000
vt 0.43628500 0.69598100
vt 0.66518100 0.78327100
vt 0.66418700 0.78346200
vt 0.66400800 0.78445800
vt 0.20659800 0.37522200
vt 0.20783200 0.37518100
vt 0.20765500 0.37418200
vt 0.20665900 0.37398900
vt 0.22574800 0.69721300
vt 0.22570000 0.69597800
vt 0.22469700 0.69616500
vt 0.22451300 0.69716800
vt 0.22574800 0.37936200
vt 0.22451400 0.37941200
vt 0.22470200 0.38041300
vt 0.22570300 0.38059600
vt 0.21682500 0.68297700
vt 0.21663900 0.68198100
vt 0.21564300 0.68179800
vt 0.22570700 0.38816800
vt 0.22470800 0.38835000
vt 0.22451800 0.38934800
vt 0.00513400 0.68302800
vt 0.00508800 0.68179500
vt 0.00409100 0.68197800
vt 0.00390200 0.68297400
vt 0.22569900 0.16764300
vt 0.22469700 0.16782800
vt 0.22451000 0.16883000
vt 0.00502500 0.67298500
vt 0.00379200 0.67303900
vt 0.00398200 0.67403700
vt 0.00498200 0.67421900
vt 0.00496000 0.40966600
vt 0.00396400 0.40984400
vt 0.00377800 0.41088400
vt 0.00514100 0.94753400
vt 0.00516900 0.94634600
vt 0.00416300 0.94631700
vt 0.00388100 0.94738100
vt 0.00514700 0.94515900
vt 0.00388900 0.94519600
vt 0.00416300 0.94631700
vt 0.00516900 0.94634600
vt 0.22573700 0.65139300
vt 0.22450300 0.65150400
vt 0.22468900 0.65254400
vt 0.22568600 0.65269200
vt 0.21556700 0.94516500
vt 0.21553900 0.94637300
vt 0.21654700 0.94632500
vt 0.21682500 0.94520400
vt 0.21684600 0.94738000
vt 0.21654700 0.94632500
vt 0.21553900 0.94637300
vt 0.42854800 0.38935700
vt 0.42836600 0.38836600
vt 0.42737600 0.38817900
vt 0.43627600 0.99621200
vt 0.43727400 0.99602900
vt 0.43746200 0.99503100
vt 0.42731700 0.37935500
vt 0.42737600 0.38058500
vt 0.42836800 0.38039600
vt 0.42854800 0.37940200
vt 0.42855000 0.16884000
vt 0.42837200 0.16784400
vt 0.42737800 0.16765300
vt 0.22451800 0.99503000
vt 0.22470700 0.99602900
vt 0.22570600 0.99621100
vt 0.20659300 0.67298000
vt 0.20665000 0.67420900
vt 0.20764000 0.67402200
vt 0.20782200 0.67303100
vt 0.24982800 0.68718400
vt 0.24857400 0.68722900
vt 0.24875900 0.68823400
vt 0.24977200 0.68842100
vt 0.21567400 0.99496700
vt 0.21572600 0.99620100
vt 0.21672800 0.99601300
vt 0.21691000 0.99501100
vt 0.84275800 0.99499000
vt 0.84278900 0.99622800
vt 0.84380100 0.99604500
vt 0.84399500 0.99504000
vt 0.02910200 0.37520400
vt 0.02904600 0.37396700
vt 0.02803300 0.37415400
vt 0.02785300 0.37515900
vt 0.84275700 0.78448100
vt 0.84399900 0.78443300
vt 0.84380100 0.78342800
vt 0.84278900 0.78324300
vt 0.00380300 0.99501400
vt 0.00398700 0.99601700
vt 0.00499300 0.99620300
vt 0.66676300 0.99499200
vt 0.66674900 0.99623700
vt 0.42581600 0.68843000
vt 0.42580100 0.68718300
vt 0.66397900 0.78883400
vt 0.23009400 0.69595600
vt 0.23009800 0.69720100
vt 0.21237900 0.68176900
vt 0.22448900 0.37613800
vt 0.22573400 0.37613200
vt 0.42580400 0.38814700
vt 0.42580000 0.38061700
vt 0.42578600 0.37937200
vt 0.23009200 0.99623300
vt 0.42858000 0.17321600
vt 0.01139400 0.67424200
vt 0.00511800 0.68535200
vt 0.00387200 0.68534200
vt 0.00376300 0.67066700
vt 0.00500900 0.67065900
vt 0.22449600 0.70529000
vt 0.20785600 0.38329200
vt 0.20661400 0.38328800
vt 0.43749000 0.99264400
vt 0.42858100 0.39173000
vt 0.22449700 0.72298300
vt 0.22449600 0.79654200
vt 0.20785500 0.47454800
vt 0.20785400 0.40098700
vt 0.43624700 0.71339200
vt 0.43748800 0.72298400
vt 0.43748800 0.71338700
vt 0.42858100 0.67099800
vt 0.42858000 0.66140100
vt 0.42734000 0.66146200
vt 0.42734000 0.67101000
vt 0.21560500 0.88021000
vt 0.21684700 0.88015700
vt 0.22449200 0.58654800
vt 0.22573200 0.58649500
vt 0.00947900 0.94515000
vt 0.00946900 0.94638000
vt 0.00946900 0.94638000
vt 0.00945600 0.94760900
vt 0.24524000 0.38938600
vt 0.24815700 0.38938600
vt 0.24816800 0.38814500
vt 0.24528700 0.38814500
vt 0.24817100 0.37613400
vt 0.24533500 0.37613400
vt 0.79875800 0.78448200
vt 0.79877800 0.78324200
vt 0.07305700 0.37396500
vt 0.07309500 0.37520400
vt 0.24517000 0.39179900
vt 0.24814700 0.39182800
vt 0.23211900 0.38061700
vt 0.23487600 0.38061800
vt 0.23487700 0.37937700
vt 0.23212800 0.37937400
vt 0.07183900 0.67300100
vt 0.07185100 0.67424200
vt 0.29257400 0.16762300
vt 0.24816600 0.16762300
vt 0.24817000 0.16886400
vt 0.29257400 0.16886500
vt 0.23212000 0.38814500
vt 0.02742200 0.67056000
vt 0.02444400 0.67058900
vt 0.23487600 0.17322500
vt 0.01415100 0.67424300
vt 0.24533400 0.17322400
vt 0.24817000 0.17322400
vt 0.24531600 0.16886400
vt 0.84277200 0.99175100
vt 0.84401900 0.99175700
vt 0.21244900 0.99623000
vt 0.21244300 0.99498300
vt 0.21568100 0.96622200
vt 0.21693100 0.97060800
vt 0.21687100 0.96604600
vt 0.24737900 0.59505600
vt 0.24350400 0.59208300
vt 0.21244200 0.96612000
vt 0.22846200 0.65274900
vt 0.23310300 0.65398800
vt 0.23312400 0.65264000
vt 0.22850000 0.65140700
vt 0.21693900 0.98072900
vt 0.24856300 0.67288300
vt 0.22449700 0.71338500
vt 0.20785500 0.39138900
vt 0.20661400 0.39137700
vt 0.00501500 0.98066800
vt 0.00378700 0.97060500
vt 0.00377800 0.98072600
vt 0.02783800 0.38950500
vt 0.02518600 0.39937400
vt 0.00502500 0.95517100
vt 0.00504200 0.95028700
vt 0.00376300 0.95019400
vt 0.00377900 0.95498400
vt 0.01239800 0.40974800
vt 0.01282800 0.47502500
vt 0.00940700 0.95519600
vt 0.00942800 0.95034200
vt 0.02187700 0.40267200
vt 0.02215500 0.40382800
vt 0.00773600 0.40963800
vt 0.21568300 0.98783200
vt 0.21692300 0.98783300
vt 0.24856100 0.68003000
vt 0.24982100 0.68002200
vt 0.02783800 0.38235800
vt 0.00379200 0.98783100
vt 0.43624600 0.70529400
vt 0.43748800 0.70529000
vt 0.42858100 0.67909500
vt 0.42733900 0.67909900
vt 0.29381600 0.67979300
vt 0.29382100 0.68718400
vt 0.16167000 0.99623700
vt 0.16167000 0.99499600
vt 0.84277100 0.94102300
vt 0.84401300 0.94102200
vt 0.21236500 0.94640100
vt 0.21235500 0.94515000
vt 0.21236500 0.94640100
vt 0.42858000 0.37614300
vt 0.42733700 0.37613600
vt 0.43300000 0.99499200
vt 0.43300500 0.99623700
vt 0.22449100 0.32540700
vt 0.22573100 0.32540700
vt 0.16164600 0.68301000
vt 0.16164600 0.68176900
vt 0.43300900 0.69595600
vt 0.43300300 0.69720200
vt 0.66522600 0.99175600
vt 0.66398300 0.99176300
vt 0.23213100 0.37613200
vt 0.23487600 0.37613300
vt 0.23487600 0.32540700
vt 0.23213100 0.32540700
vt 0.21244300 0.98782700
vt 0.16165100 0.95039100
vt 0.16164800 0.94764700
vt 0.66676100 0.99175300
vt 0.16164600 0.68535100
vt 0.43300400 0.71339200
vt 0.42578700 0.37613400
vt 0.23213000 0.22395100
vt 0.23487600 0.22395100
vt 0.16166700 0.98067800
vt 0.16166400 0.97047500
vt 0.16165500 0.95524600
vt 0.44398900 0.05399800
vt 0.43610700 0.05399800
vt 0.43610700 0.20937900
vt 0.43912600 0.20937900
vt 0.43912600 0.20723100
vt 0.43610700 0.20723100
vt 0.37872700 0.74011100
vt 0.37959500 0.73833000
vt 0.42594100 0.98058300
vt 0.42766700 0.98948900
vt 0.38227700 0.72301000
vt 0.17900200 0.17048800
vt 0.17900200 0.17350700
vt 0.18688400 0.17350700
vt 0.18688400 0.17048800
vt 0.43300300 0.70529600
vt 0.23537300 0.73832800
vt 0.23708000 0.74011000
vt 0.44398900 0.19970500
vt 0.44398900 0.19564700
vt 0.43610700 0.19564700
vt 0.43610700 0.19970500
vt 0.00384300 0.96604000
vt 0.00938500 0.98066200
vt 0.01237700 0.40840000
vt 0.00947400 0.68535200
vt 0.00947200 0.68301200
vt 0.00946800 0.68176900
vt 0.22448900 0.17322200
vt 0.84276900 0.78883800
vt 0.84401900 0.78883500
vt 0.00938800 0.99622600
vt 0.06019200 0.94640300
vt 0.06019000 0.94764100
vt 0.06019500 0.94515500
vt 0.06019200 0.94640300
vt 0.42857800 0.22395100
vt 0.42733800 0.22395100
vt 0.28082100 0.99499200
vt 0.28082100 0.99623200
vt 0.28082300 0.69595900
vt 0.28082300 0.69720000
vt 0.66522200 0.83956900
vt 0.66398200 0.83956900
vt 0.24534500 0.22395100
vt 0.24817000 0.22395100
vt 0.06016900 0.98783400
vt 0.06016800 0.99499400
vt 0.66675900 0.83956900
vt 0.28082300 0.71339100
vt 0.28082300 0.72300900
vt 0.42578700 0.22395100
vt 0.06017400 0.97047200
vt 0.06017600 0.96608100
vt 0.58077500 0.20937900
vt 0.58077500 0.20723100
vt 0.28429400 0.98058100
vt 0.28344400 0.98948700
vt 0.22573100 0.22395100
vt 0.17900200 0.31515600
vt 0.18688400 0.31515600
vt 0.28082300 0.70529500
vt 0.38138300 0.22395100
vt 0.38138300 0.17322300
vt 0.71076100 0.83956900
vt 0.71076100 0.78884100
vt 0.38138200 0.37937300
vt 0.38138300 0.37613400
vt 0.71076200 0.99499100
vt 0.71076400 0.99175300
vt 0.42580300 0.67910600
vt 0.42580000 0.16762100
vt 0.20506400 0.67299700
vt 0.20507800 0.67424100
vt 0.20509000 0.37395700
vt 0.20507500 0.37520400
vt 0.66674500 0.78323900
vt 0.38139200 0.38061700
vt 0.38138100 0.38939000
vt 0.38139500 0.38814700
vt 0.38180500 0.68842800
vt 0.38180800 0.68718300
vt 0.71075900 0.99623500
vt 0.71075900 0.78448400
vt 0.38138100 0.16886600
vt 0.38137900 0.39176500
vt 0.20507800 0.39136100
vt 0.42578000 0.66154500
vt 0.42580300 0.67102600
vt 0.16045600 0.47266200
vt 0.16039000 0.40052900
vt 0.20507700 0.38328200
vt 0.16065500 0.67299800
vt 0.20506400 0.67064400
vt 0.16065300 0.67062300
vt 0.38131400 0.45775200
vt 0.42578800 0.45714500
vt 0.58077500 0.26896100
vt 0.62799200 0.26896100
vt 0.00511400 0.75030400
vt 0.00947400 0.75030400
vt 0.43610700 0.26896100
vt 0.43912600 0.26896100
vt 0.16164500 0.75030500
vt 0.21236900 0.75030600
vt 0.22448900 0.39172000
vt 0.21685500 0.68534200
vt 0.20785600 0.67065800
vt 0.20661300 0.67064800
vt 0.22573500 0.99263400
vt 0.22448900 0.99264300
vt 0.42858100 0.45710900
vt 0.42734100 0.45712400
vt 0.43624500 0.92727900
vt 0.43748600 0.92727300
vt 0.00376600 0.60572100
vt 0.00500600 0.60573900
vt 0.00387400 0.75028600
vt 0.21561200 0.75030600
vt 0.23487300 0.38938500
vt 0.23487700 0.38814400
vt 0.23118300 0.45664700
vt 0.23028800 0.52156900
vt 0.23398700 0.52211500
vt 0.23442400 0.45690400
vt 0.01369800 0.60548400
vt 0.01045700 0.60574100
vt 0.23123900 0.98724400
vt 0.83030900 0.63397700
vt 0.83819100 0.63397700
vt 0.64745800 0.44770600
vt 0.64745800 0.44555800
vt 0.63957600 0.44555800
vt 0.63957600 0.44770600
vt 0.63205000 0.26896100
vt 0.23302000 0.97843300
vt 0.42896000 0.91885400
vt 0.43074100 0.92501700
vt 0.02716600 0.60281700
vt 0.02391600 0.60370800
vt 0.22573200 0.45664800
vt 0.43074200 0.80055900
vt 0.43624700 0.79656300
vt 0.43074200 0.86278800
vt 0.43624600 0.86192100
vt 0.22939500 0.58649000
vt 0.22573200 0.52157200
vt 0.02277900 0.47030500
vt 0.02665400 0.46733100
vt 0.02691000 0.53507400
vt 0.02336300 0.53694100
vt 0.23213000 0.27467900
vt 0.23487500 0.27467900
vt 0.42896100 0.79969200
vt 0.42896000 0.85927300
vt 0.62799200 0.44770600
vt 0.63205000 0.44770600
vt 0.63205000 0.38812400
vt 0.62799100 0.38812400
vt 0.63205000 0.32854200
vt 0.62799200 0.32854200
vt 0.83030900 0.45523200
vt 0.83030900 0.51481400
vt 0.83819100 0.51481400
vt 0.83819100 0.45523200
vt 0.83030900 0.57439500
vt 0.83819100 0.57439500
vt 0.23355300 0.58736300
vt 0.23486200 0.39173400
vt 0.00956300 0.54081900
vt 0.01326100 0.54027200
vt 0.42734000 0.58788600
vt 0.42578300 0.58794800
vt 0.42734000 0.52250500
vt 0.42578500 0.52254700
vt 0.21236200 0.88020900
vt 0.21560900 0.81525900
vt 0.21236600 0.81525900
vt 0.00511600 0.88020800
vt 0.00387400 0.88015500
vt 0.00511500 0.81525600
vt 0.00387500 0.81522000
vt 0.00376600 0.47583900
vt 0.00376500 0.54078000
vt 0.00500600 0.54081600
vt 0.43748700 0.79654400
vt 0.43748600 0.86190800
vt 0.42858000 0.58784000
vt 0.42858100 0.52247400
vt 0.16164300 0.94515300
vt 0.16164200 0.88020700
vt 0.16164300 0.81525700
vt 0.43610700 0.44770600
vt 0.43912600 0.44770600
vt 0.43912600 0.38812400
vt 0.43610700 0.38812400
vt 0.43912600 0.32854200
vt 0.43610700 0.32854200
vt 0.00947600 0.88020700
vt 0.00947500 0.81525600
vt 0.58077500 0.44770600
vt 0.58077500 0.38812400
vt 0.58077500 0.32854200
vt 0.38111600 0.66185800
vt 0.38118200 0.58972500
vt 0.38124800 0.52373900
vt 0.20506200 0.60524200
vt 0.16058800 0.60463600
vt 0.20506000 0.53984100
vt 0.16052200 0.53864900
vt 0.22449100 0.45666700
vt 0.22449100 0.52160700
vt 0.21685200 0.75028800
vt 0.21684900 0.81522300
vt 0.20785600 0.60527900
vt 0.20661500 0.60526400
vt 0.20785500 0.53991300
vt 0.20661500 0.53988200
vt 0.22573500 0.92727700
vt 0.22449400 0.92727100
vt 0.22573600 0.86191900
vt 0.22449500 0.86190600
vt 0.24464100 0.45868000
vt 0.24789100 0.45957100
vt 0.24408900 0.52544700
vt 0.24763500 0.52731300
vt 0.23123900 0.92501500
vt 0.23124000 0.86278600
vt 0.64745800 0.38597600
vt 0.63957600 0.38597600
vt 0.64745800 0.32639500
vt 0.63957600 0.32639500
vt 0.23302100 0.91885200
vt 0.23302100 0.85927100
vt 0.48634200 0.32854200
vt 0.48634200 0.26896100
vt 0.53355900 0.32854200
vt 0.53355900 0.26896100
vt 0.48634200 0.38812400
vt 0.53355900 0.38812400
vt 0.48634200 0.44770600
vt 0.53355900 0.44770600
vt 0.06019700 0.81525600
vt 0.06019700 0.75030400
vt 0.11092000 0.81525600
vt 0.11092100 0.75030400
vt 0.06019700 0.88020600
vt 0.11092000 0.88020700
vt 0.11092000 0.94515800
vt 0.06019700 0.68535200
vt 0.11092100 0.68535100
vt 0.48634200 0.20937900
vt 0.53355900 0.20937900
vt 0.71076300 0.94102500
vt 0.66676000 0.94102500
vt 0.71076200 0.89029700
vt 0.66675900 0.89029700
vt 0.42578800 0.32540600
vt 0.38138300 0.32540600
vt 0.42578700 0.27467800
vt 0.38138300 0.27467800
vt 0.38227700 0.70529600
vt 0.38227700 0.71339200
vt 0.33155000 0.70529600
vt 0.33155000 0.71339100
vt 0.17900200 0.22072300
vt 0.18688400 0.22072300
vt 0.17900200 0.26794000
vt 0.18688400 0.26794000
vt 0.22573100 0.27467900
vt 0.37959300 0.98948800
vt 0.38227500 0.99499300
vt 0.33151900 0.98948800
vt 0.33154800 0.99499200
vt 0.37872500 0.98058200
vt 0.33150900 0.98058200
vt 0.48634200 0.20723100
vt 0.53355900 0.20723100
vt 0.16166200 0.96608500
vt 0.06018300 0.95524200
vt 0.11092000 0.95525300
vt 0.11092000 0.95039500
vt 0.06018700 0.95038600
vt 0.42733800 0.32540600
vt 0.42733800 0.27467800
vt 0.33155000 0.72300900
vt 0.66522400 0.94102500
vt 0.66522300 0.89029700
vt 0.16166900 0.98783700
vt 0.11091900 0.98783800
vt 0.11091900 0.99499500
vt 0.24817100 0.32540700
vt 0.24534500 0.32540700
vt 0.24817100 0.27467900
vt 0.24534800 0.27467900
vt 0.66398300 0.94102500
vt 0.66398300 0.89029700
vt 0.38227700 0.69596000
vt 0.38227700 0.69720000
vt 0.33155000 0.69595900
vt 0.33155000 0.69720000
vt 0.38227500 0.99623300
vt 0.33154800 0.99623300
vt 0.42857900 0.32540600
vt 0.42857800 0.27467800
vt 0.16164600 0.94641400
vt 0.11092000 0.94641300
vt 0.16164600 0.94641400
vt 0.11092000 0.94641300
vt 0.11092000 0.94765000
vt 0.28344700 0.73832900
vt 0.33152100 0.73832900
vt 0.28429600 0.74011000
vt 0.33151100 0.74011100
vt 0.44398900 0.14843100
vt 0.43610700 0.14843100
vt 0.44398900 0.10121400
vt 0.43610700 0.10121400
vt 0.06017000 0.98067500
vt 0.11091900 0.98068000
vt 0.11091900 0.97048000
vt 0.11091900 0.96606900
vt 0.06019700 0.68301000
vt 0.11092100 0.68301000
vt 0.06019700 0.68177000
vt 0.11092100 0.68176900
vt 0.22449100 0.22395100
vt 0.22449000 0.27467900
vt 0.84277000 0.83956700
vt 0.84401400 0.83956700
vt 0.84277100 0.89029500
vt 0.84401400 0.89029400
vt 0.06016800 0.99623400
vt 0.11091900 0.99623600
vt 0.61510100 0.10121400
vt 0.61510100 0.05399800
vt 0.57344800 0.05399800
vt 0.57344800 0.10121400
vt 0.52766800 0.05399800
vt 0.52766800 0.10121400
vt 0.48188800 0.05399800
vt 0.48188800 0.10121400
vt 0.61510100 0.14843100
vt 0.57344800 0.14843100
vt 0.52766800 0.14843100
vt 0.48188800 0.14843100
vt 0.61510100 0.19564700
vt 0.57344800 0.19564700
vt 0.52766800 0.19564700
vt 0.48188800 0.19564700
vt 0.00789100 0.26794000
vt 0.00789100 0.31515600
vt 0.04954300 0.31515600
vt 0.04954300 0.26794000
vt 0.09532400 0.31515600
vt 0.09532400 0.26794000
vt 0.14110400 0.31515600
vt 0.14110400 0.26794000
vt 0.00789100 0.22072300
vt 0.04954300 0.22072300
vt 0.09532400 0.22072300
vt 0.14110400 0.22072300
vt 0.00789100 0.17350700
vt 0.04954300 0.17350700
vt 0.09532400 0.17350700
vt 0.14110400 0.17350700
vt 0.81856900 0.32639500
vt 0.81856900 0.26681300
vt 0.77691700 0.26681300
vt 0.77691700 0.32639500
vt 0.73113600 0.26681300
vt 0.73113600 0.32639500
vt 0.68535600 0.26681300
vt 0.68535600 0.32639500
vt 0.81856900 0.38597600
vt 0.77691700 0.38597600
vt 0.73113600 0.38597600
vt 0.68535600 0.38597600
vt 0.81856900 0.44555800
vt 0.77691700 0.44555800
vt 0.73113600 0.44555800
vt 0.68535600 0.44555800
vt 0.65919800 0.57439500
vt 0.65919800 0.63397700
vt 0.70085000 0.63397700
vt 0.70085000 0.57439500
vt 0.74663100 0.63397700
vt 0.74663100 0.57439500
vt 0.79241100 0.63397700
vt 0.79241100 0.57439500
vt 0.65919800 0.51481400
vt 0.70085000 0.51481400
vt 0.74663100 0.51481400
vt 0.79241100 0.51481400
vt 0.65919800 0.45523200
vt 0.70085000 0.45523200
vt 0.74663100 0.45523200
vt 0.79241100 0.45523200
vt 0.81856900 0.44770600
vt 0.77691700 0.44770600
vt 0.73113600 0.44770600
vt 0.68535600 0.44770600
vt 0.65919800 0.69355900
vt 0.70085000 0.69355900
vt 0.74663100 0.69355900
vt 0.79241100 0.69355900
vt 0.00789100 0.36237300
vt 0.04954300 0.36237300
vt 0.09532400 0.36237300
vt 0.14110400 0.36237300
vt 0.61510100 0.19970500
vt 0.57344800 0.19970500
vt 0.52766800 0.19970500
vt 0.48188800 0.19970500
vt 0.00789100 0.17048800
vt 0.04954300 0.17048800
vt 0.09532400 0.17048800
vt 0.14110400 0.17048800
vt 0.61510100 0.00678100
vt 0.57344800 0.00678100
vt 0.52766800 0.00678100
vt 0.48188800 0.00678100
vt 0.61510100 0.00376300
vt 0.57344800 0.00376300
vt 0.52766800 0.00376300
vt 0.48188800 0.00376300
vt 0.65919800 0.69570700
vt 0.70085000 0.69570700
vt 0.74663100 0.69570700
vt 0.79241100 0.69570700
vt 0.81856900 0.20723100
vt 0.77691700 0.20723100
vt 0.73113600 0.20723100
vt 0.68535600 0.20723100
vt 0.00789100 0.36643100
vt 0.04954300 0.36643100
vt 0.09532400 0.36643100
vt 0.14110400 0.36643100
vt 0.00376300 0.36237300
vt 0.00376300 0.36643100
vt 0.82269700 0.26681300
vt 0.82269700 0.20723100
vt 0.65507000 0.69355900
vt 0.65507000 0.69570700
vt 0.61922800 0.00678100
vt 0.61922800 0.00376300
vt 0.61922800 0.05399800
vt 0.00376300 0.17048800
vt 0.00376300 0.17350700
vt 0.61922800 0.19970500
vt 0.61922800 0.19564700
vt 0.00376300 0.31515600
vt 0.65507000 0.63397700
vt 0.82269700 0.44770600
vt 0.82269700 0.44555800
vt 0.65507000 0.45523200
vt 0.65507000 0.51481400
vt 0.65507000 0.57439500
vt 0.82269700 0.38597600
vt 0.82269700 0.32639500
vt 0.00376300 0.22072300
vt 0.00376300 0.26794000
vt 0.61922800 0.14843100
vt 0.61922800 0.10121400
vt 0.24008300 0.38814500
vt 0.24005700 0.38938500
vt 0.24009700 0.37937700
vt 0.24008100 0.38061800
vt 0.01933100 0.67300200
vt 0.01935700 0.67424300
vt 0.24528500 0.16762300
vt 0.24008100 0.16762400
vt 0.24009600 0.16886400
vt 0.21691100 0.96036900
vt 0.21569000 0.96058200
vt 0.23814100 0.65494900
vt 0.23802700 0.65624300
vt 0.00380600 0.96035800
vt 0.00502700 0.96057200
vt 0.01741500 0.40743800
vt 0.01730200 0.40614500
vt 0.23863400 0.58920000
vt 0.24010600 0.37613400
vt 0.01929000 0.67062100
vt 0.21243900 0.96055300
vt 0.24011100 0.32540700
vt 0.16165800 0.96056600
vt 0.24010500 0.17322400
vt 0.00939900 0.96054700
vt 0.24001600 0.39176600
vt 0.01886700 0.60479100
vt 0.23959300 0.45759600
vt 0.23911700 0.52341200
vt 0.01790800 0.47318800
vt 0.01839200 0.53897600
vt 0.24011000 0.22395100
vt 0.24011200 0.27467900
vt 0.06018000 0.96056200
vt 0.11091900 0.96056600
vt 0.92816100 0.99581900
vt 0.92816100 0.78530900
vt 0.92424200 0.78531000
vt 0.92424200 0.99581800
vt 0.46163200 0.72267700
vt 0.46163100 0.73283300
vt 0.46946900 0.73283400
vt 0.46946900 0.72267800
vt 0.84079900 0.44728700
vt 0.84079900 0.23673600
vt 0.83064200 0.23673600
vt 0.83064200 0.44728700
vt 0.45327000 0.75509600
vt 0.45327100 0.73390300
vt 0.44557200 0.73390300
vt 0.45049800 0.75509600
vt 0.47219500 0.70564000
vt 0.47219700 0.70173400
vt 0.47195200 0.70175300
vt 0.47195000 0.70564000
vt 0.47195000 0.70564000
vt 0.84613600 0.69528900
vt 0.86732900 0.69528900
vt 0.86732900 0.48475200
vt 0.84613600 0.48475200
vt 0.91583700 0.76395900
vt 0.91583900 0.99438400
vt 0.91605900 0.99438300
vt 0.91606700 0.76395900
vt 0.92882000 0.23677900
vt 0.92882000 0.44728800
vt 0.93273800 0.44728700
vt 0.93273800 0.23677900
vt 0.86839800 0.69528900
vt 0.87855400 0.69528900
vt 0.87855400 0.48475200
vt 0.86839800 0.48475200
vt 0.46163100 0.73390300
vt 0.46163000 0.75509600
vt 0.46440200 0.75509600
vt 0.46933000 0.73390300
vt 0.45327100 0.73283300
vt 0.45327000 0.72267700
vt 0.44543400 0.72267700
vt 0.44543300 0.73283300
vt 0.92727600 0.48478600
vt 0.92727600 0.69529000
vt 0.93511200 0.69529000
vt 0.93511200 0.48478600
vt 0.86364800 0.44728700
vt 0.86364800 0.23673600
vt 0.84186100 0.23673600
vt 0.84186100 0.44728700
vt 0.21564300 0.45486800
vt 0.21564300 0.45486800
vt 0.21570800 0.45498600
vt 0.21588100 0.45483100
vt 0.21588100 0.45483100
vt 0.21586900 0.45478800
vt 0.21586900 0.45478800
vt 0.21586900 0.45478800
vt 0.94044200 0.78530200
vt 0.94044200 0.99581900
vt 0.94310400 0.99581900
vt 0.94310400 0.78530200
vt 0.90869100 0.44729100
vt 0.90848600 0.44729600
vt 0.90847600 0.44750900
vt 0.90868900 0.44749600
vt 0.90827600 0.44730900
vt 0.90830300 0.44752200
vt 0.90846800 0.44768200
vt 0.90868000 0.44770500
vt 0.90833700 0.44765100
vt 0.65598900 0.99581800
vt 0.65599100 0.99602600
vt 0.65620600 0.99603900
vt 0.65619600 0.99582400
vt 0.65600000 0.99623700
vt 0.65621500 0.99621300
vt 0.65638000 0.99605000
vt 0.65640700 0.99583600
vt 0.65634600 0.99618200
vt 0.93207900 0.99581800
vt 0.93208200 0.99602400
vt 0.93229700 0.99603600
vt 0.93228600 0.99582100
vt 0.93209200 0.99623400
vt 0.93230700 0.99621000
vt 0.93247200 0.99604600
vt 0.93249700 0.99583100
vt 0.93243900 0.99617800
vt 0.91583700 0.99582200
vt 0.91584000 0.99602700
vt 0.91605200 0.99604000
vt 0.91604300 0.99582700
vt 0.91584800 0.99623600
vt 0.91606100 0.99621300
vt 0.91622500 0.99605300
vt 0.91625200 0.99584000
vt 0.91619100 0.99618200
vt 0.93207900 0.78531000
vt 0.93228600 0.78530700
vt 0.93229700 0.78509200
vt 0.93208200 0.78510400
vt 0.93249700 0.78529700
vt 0.93247200 0.78508200
vt 0.93230700 0.78491800
vt 0.93209200 0.78489400
vt 0.93243900 0.78495000
vt 0.44548100 0.99581800
vt 0.44527400 0.99582400
vt 0.44526400 0.99603900
vt 0.44547900 0.99602600
vt 0.44506300 0.99583600
vt 0.44509000 0.99605100
vt 0.44525500 0.99621300
vt 0.44547000 0.99623700
vt 0.44512300 0.99618200
vt 0.92490200 0.23677900
vt 0.92489800 0.23657300
vt 0.92468300 0.23656100
vt 0.92469400 0.23677600
vt 0.92488800 0.23636300
vt 0.92467300 0.23638700
vt 0.92450800 0.23655100
vt 0.92448300 0.23676700
vt 0.92454100 0.23641900
vt 0.49403300 0.75091400
vt 0.49382900 0.75091800
vt 0.49381900 0.75113200
vt 0.49403100 0.75111900
vt 0.49361800 0.75093300
vt 0.49364700 0.75114500
vt 0.49381000 0.75130400
vt 0.49402200 0.75132800
vt 0.49368100 0.75127400
vt 0.90028300 0.23680400
vt 0.90049200 0.23680000
vt 0.90050200 0.23658200
vt 0.90028300 0.23659400
vt 0.90070400 0.23679000
vt 0.90067900 0.23657200
vt 0.90051400 0.23640500
vt 0.90029500 0.23637700
vt 0.90064700 0.23643800
vt 0.92490200 0.44728700
vt 0.92469400 0.44729000
vt 0.92468300 0.44750500
vt 0.92489800 0.44749300
vt 0.92448300 0.44730000
vt 0.92450800 0.44751500
vt 0.92467300 0.44767900
vt 0.92488800 0.44770300
vt 0.92454100 0.44764700
vt 0.90028300 0.44727600
vt 0.90028300 0.44748700
vt 0.90050200 0.44749800
vt 0.90049200 0.44728000
vt 0.90029500 0.44770300
vt 0.90051400 0.44767600
vt 0.90067900 0.44750800
vt 0.90070400 0.44729000
vt 0.90064700 0.44764200
vt 0.48566500 0.75091300
vt 0.48566700 0.75111900
vt 0.48587900 0.75113200
vt 0.48586900 0.75091800
vt 0.48567600 0.75132800
vt 0.48588700 0.75130400
vt 0.48605100 0.75114400
vt 0.48607900 0.75093300
vt 0.48601700 0.75127300
vt 0.84592900 0.69529200
vt 0.84591800 0.69550700
vt 0.84613200 0.69549600
vt 0.84571700 0.69530200
vt 0.84574300 0.69551800
vt 0.84590800 0.69568200
vt 0.84612300 0.69570600
vt 0.84577600 0.69565000
vt 0.94043900 0.78509500
vt 0.94022300 0.78508400
vt 0.94023400 0.78529900
vt 0.94042900 0.78488400
vt 0.94021300 0.78490900
vt 0.94004800 0.78507300
vt 0.94002300 0.78528900
vt 0.94008100 0.78494100
vt 0.46142400 0.75509900
vt 0.46141300 0.75531300
vt 0.46162700 0.75530200
vt 0.46121400 0.75510900
vt 0.46123800 0.75532300
vt 0.46140200 0.75548800
vt 0.46161700 0.75551300
vt 0.46127100 0.75545500
vt 0.94023400 0.99582200
vt 0.94022300 0.99603800
vt 0.94043900 0.99602600
vt 0.94002300 0.99583200
vt 0.94004800 0.99604800
vt 0.94021300 0.99621300
vt 0.94042900 0.99623700
vt 0.94008100 0.99618000
vt 0.84613300 0.48454500
vt 0.84591800 0.48453400
vt 0.84592900 0.48474900
vt 0.84612300 0.48433500
vt 0.84590800 0.48435900
vt 0.84574300 0.48452300
vt 0.84571700 0.48473900
vt 0.84577600 0.48439100
vt 0.45327300 0.75530200
vt 0.45348800 0.75531300
vt 0.45347600 0.75509900
vt 0.45328300 0.75551300
vt 0.45349800 0.75548800
vt 0.45366200 0.75532400
vt 0.45368600 0.75510900
vt 0.45362900 0.75545500
vt 0.87876100 0.48474900
vt 0.87877200 0.48453400
vt 0.87855700 0.48454500
vt 0.87897300 0.48473900
vt 0.87894700 0.48452300
vt 0.87878200 0.48435900
vt 0.87856700 0.48433500
vt 0.87891400 0.48439200
vt 0.92727200 0.48457900
vt 0.92705700 0.48456800
vt 0.92706800 0.48478300
vt 0.92726300 0.48436900
vt 0.92704700 0.48439300
vt 0.92688200 0.48455700
vt 0.92685700 0.48477300
vt 0.92691500 0.48442600
vt 0.45347600 0.72267400
vt 0.45348800 0.72246000
vt 0.45327400 0.72247100
vt 0.45368600 0.72266400
vt 0.45366100 0.72245000
vt 0.45349800 0.72228600
vt 0.45328300 0.72226100
vt 0.45362900 0.72231900
vt 0.46162900 0.72247100
vt 0.46141500 0.72246000
vt 0.46142600 0.72267400
vt 0.46161900 0.72226200
vt 0.46140500 0.72228600
vt 0.46124100 0.72245000
vt 0.46121600 0.72266500
vt 0.46127300 0.72231900
vt 0.92706800 0.69529300
vt 0.92705700 0.69550800
vt 0.92727200 0.69549600
vt 0.92685700 0.69530200
vt 0.92688200 0.69551800
vt 0.92704700 0.69568200
vt 0.92726300 0.69570700
vt 0.92691500 0.69565000
vt 0.87855700 0.69549500
vt 0.87877200 0.69550700
vt 0.87876100 0.69529200
vt 0.87856700 0.69570600
vt 0.87878200 0.69568200
vt 0.87894700 0.69551800
vt 0.87897300 0.69530200
vt 0.87891400 0.69564900
vt 0.86365800 0.44749400
vt 0.86388400 0.44750400
vt 0.86386500 0.44729000
vt 0.86369100 0.44770300
vt 0.86391200 0.44767700
vt 0.86407600 0.44751200
vt 0.86409500 0.44729900
vt 0.86405100 0.44764100
vt 0.46436200 0.75530100
vt 0.46457700 0.75531600
vt 0.46461100 0.75510300
vt 0.46433400 0.75551300
vt 0.46455500 0.75549400
vt 0.46475500 0.75533500
vt 0.46482300 0.75512400
vt 0.46469700 0.75546700
vt 0.94332100 0.78529900
vt 0.94334100 0.78508400
vt 0.94311400 0.78509500
vt 0.94355100 0.78529100
vt 0.94353200 0.78507700
vt 0.94336800 0.78491200
vt 0.94314700 0.78488500
vt 0.94350800 0.78494800
vt 0.94311400 0.99602600
vt 0.94334100 0.99603700
vt 0.94332100 0.99582200
vt 0.94314700 0.99623600
vt 0.94336800 0.99620900
vt 0.94353200 0.99604400
vt 0.94355100 0.99583100
vt 0.94350800 0.99617400
vt 0.45028900 0.75510300
vt 0.45032300 0.75531600
vt 0.45053800 0.75530100
vt 0.45007800 0.75512300
vt 0.45014500 0.75533400
vt 0.45034500 0.75549300
vt 0.45056700 0.75551200
vt 0.45020300 0.75546700
vt 0.86386500 0.23673300
vt 0.86388400 0.23651900
vt 0.86365800 0.23652900
vt 0.86409500 0.23672500
vt 0.86407600 0.23651100
vt 0.86391200 0.23634600
vt 0.86369100 0.23632000
vt 0.86405100 0.23638200
vt 0.93274100 0.44749300
vt 0.93295600 0.44750500
vt 0.93294500 0.44729000
vt 0.93275100 0.44770300
vt 0.93296600 0.44767900
vt 0.93313100 0.44751500
vt 0.93315600 0.44730000
vt 0.93309800 0.44764700
vt 0.47783200 0.75091400
vt 0.47762800 0.75091800
vt 0.47761900 0.75113200
vt 0.47783100 0.75111900
vt 0.47741800 0.75093300
vt 0.47744700 0.75114400
vt 0.47761000 0.75130400
vt 0.47782200 0.75132800
vt 0.47748000 0.75127400
vt 0.85196600 0.99580700
vt 0.85175800 0.99581200
vt 0.85174700 0.99602900
vt 0.85196700 0.99601800
vt 0.85154500 0.99582100
vt 0.85157000 0.99603900
vt 0.85173600 0.99620700
vt 0.85195400 0.99623400
vt 0.85160200 0.99617300
vt 0.93294500 0.23677600
vt 0.93295600 0.23656100
vt 0.93274100 0.23657300
vt 0.93315600 0.23676700
vt 0.93313100 0.23655100
vt 0.93296600 0.23638700
vt 0.93275100 0.23636300
vt 0.93309800 0.23641900
vt 0.85196600 0.78533500
vt 0.85196700 0.78512500
vt 0.85174700 0.78511300
vt 0.85175800 0.78533100
vt 0.85195400 0.78490900
vt 0.85173600 0.78493600
vt 0.85157000 0.78510300
vt 0.85154500 0.78532100
vt 0.85160200 0.78496900
vt 0.50186500 0.75091300
vt 0.50186700 0.75111900
vt 0.50207900 0.75113200
vt 0.50206900 0.75091800
vt 0.50187600 0.75132800
vt 0.50208800 0.75130400
vt 0.50225100 0.75114400
vt 0.50228000 0.75093300
vt 0.50221800 0.75127400
vt 0.83063800 0.23653000
vt 0.83042300 0.23651800
vt 0.83043400 0.23673300
vt 0.83062900 0.23632000
vt 0.83041300 0.23634400
vt 0.83024800 0.23650800
vt 0.83022300 0.23672400
vt 0.83028100 0.23637600
vt 0.44543100 0.72247100
vt 0.44521700 0.72246000
vt 0.44522800 0.72267400
vt 0.44542100 0.72226100
vt 0.44520600 0.72228600
vt 0.44504300 0.72245000
vt 0.44501800 0.72266400
vt 0.44507500 0.72231800
vt 0.93531900 0.48478300
vt 0.93533000 0.48456800
vt 0.93511500 0.48457900
vt 0.93553000 0.48477300
vt 0.93550500 0.48455700
vt 0.93534000 0.48439300
vt 0.93512500 0.48436900
vt 0.93547200 0.48442600
vt 0.91649600 0.44729100
vt 0.91649800 0.44749600
vt 0.91671100 0.44750900
vt 0.91670100 0.44729600
vt 0.91650700 0.44770500
vt 0.91671900 0.44768200
vt 0.91688300 0.44752200
vt 0.91691100 0.44730900
vt 0.91685000 0.44765100
vt 0.92403500 0.99582100
vt 0.92402400 0.99603600
vt 0.92423900 0.99602400
vt 0.92382400 0.99583100
vt 0.92384900 0.99604600
vt 0.92401400 0.99621000
vt 0.92422900 0.99623400
vt 0.92388200 0.99617800
vt 0.64708000 0.45565100
vt 0.64728700 0.45564500
vt 0.64729700 0.45543000
vt 0.64708200 0.45544300
vt 0.64749800 0.45563300
vt 0.64747100 0.45541800
vt 0.64730600 0.45525600
vt 0.64709100 0.45523200
vt 0.64743700 0.45528700
vt 0.90803300 0.99582200
vt 0.90782700 0.99582700
vt 0.90781800 0.99604000
vt 0.90803100 0.99602700
vt 0.90761800 0.99584000
vt 0.90764500 0.99605300
vt 0.90780900 0.99621300
vt 0.90802200 0.99623600
vt 0.90767900 0.99618200
vt 0.43657100 0.45565100
vt 0.43657000 0.45544300
vt 0.43635500 0.45543000
vt 0.43636500 0.45564500
vt 0.43656100 0.45523200
vt 0.43634600 0.45525600
vt 0.43618100 0.45541800
vt 0.43615400 0.45563300
vt 0.43621400 0.45528700
vt 0.92423900 0.78510400
vt 0.92402400 0.78509200
vt 0.92403500 0.78530700
vt 0.92422900 0.78489400
vt 0.92401400 0.78491800
vt 0.92384900 0.78508200
vt 0.92382400 0.78529700
vt 0.92388200 0.78495000
vt 0.46967500 0.72267400
vt 0.46968600 0.72246000
vt 0.46947200 0.72247100
vt 0.46988400 0.72266500
vt 0.46986000 0.72245000
vt 0.46969600 0.72228600
vt 0.46948100 0.72226200
vt 0.46982700 0.72231900
vt 0.83043400 0.44729000
vt 0.83042300 0.44750500
vt 0.83063800 0.44749300
vt 0.83022300 0.44729900
vt 0.83024800 0.44751500
vt 0.83041300 0.44767900
vt 0.83062900 0.44770300
vt 0.83028100 0.44764700
vt 0.93511500 0.69549600
vt 0.93533000 0.69550800
vt 0.93531900 0.69529300
vt 0.93512500 0.69570700
vt 0.93534000 0.69568200
vt 0.93550500 0.69551800
vt 0.93553000 0.69530200
vt 0.93547200 0.69565000
vt 0.86759600 0.48475200
vt 0.86759600 0.48453300
vt 0.86732900 0.48454300
vt 0.86786300 0.48475200
vt 0.86786300 0.48453300
vt 0.86759600 0.48433500
vt 0.86732900 0.48433500
vt 0.86786300 0.48433500
vt 0.86839800 0.48454300
vt 0.86813000 0.48453300
vt 0.86813000 0.48475200
vt 0.86839800 0.48433400
vt 0.86813000 0.48433500
vt 0.45327100 0.73310100
vt 0.45348900 0.73310100
vt 0.45347900 0.73283300
vt 0.45327100 0.73336800
vt 0.45348900 0.73336800
vt 0.45368800 0.73310100
vt 0.45368800 0.73283300
vt 0.45368800 0.73336800
vt 0.45347900 0.73390300
vt 0.45348900 0.73363500
vt 0.45327100 0.73363500
vt 0.45368800 0.73390300
vt 0.45368800 0.73363500
vt 0.86813000 0.69528900
vt 0.86813000 0.69550800
vt 0.86839800 0.69549800
vt 0.86786300 0.69528900
vt 0.86786300 0.69550800
vt 0.86813000 0.69570600
vt 0.86839800 0.69570700
vt 0.86786300 0.69570600
vt 0.86732900 0.69549800
vt 0.86759600 0.69550800
vt 0.86759600 0.69528900
vt 0.86732900 0.69570600
vt 0.86759600 0.69570600
vt 0.46163100 0.73363500
vt 0.46141300 0.73363500
vt 0.46142300 0.73390300
vt 0.46163100 0.73336800
vt 0.46141300 0.73336800
vt 0.46121400 0.73363500
vt 0.46121400 0.73390300
vt 0.46121400 0.73336800
vt 0.46142300 0.73283300
vt 0.46141300 0.73310100
vt 0.46163100 0.73310100
vt 0.46121400 0.73283300
vt 0.46121400 0.73310100
vt 0.84189200 0.23652700
vt 0.84161600 0.23651800
vt 0.84161700 0.23673600
vt 0.84192600 0.23631700
vt 0.84163600 0.23631800
vt 0.84134000 0.23651900
vt 0.84133000 0.23673600
vt 0.84135100 0.23631900
vt 0.44551800 0.73363900
vt 0.44529900 0.73363500
vt 0.44536200 0.73391900
vt 0.44547300 0.73334300
vt 0.44525600 0.73335700
vt 0.44510000 0.73364700
vt 0.44515000 0.73392800
vt 0.44505800 0.73337000
vt 0.44522500 0.73283300
vt 0.44523100 0.73309200
vt 0.44544300 0.73306000
vt 0.44501600 0.73283400
vt 0.44503300 0.73310000
vt 0.84104300 0.23673600
vt 0.84106900 0.23651800
vt 0.84079900 0.23652800
vt 0.84107400 0.23631800
vt 0.84080300 0.23631800
vt 0.84079900 0.44749500
vt 0.84106900 0.44750500
vt 0.84104300 0.44728700
vt 0.84080300 0.44770500
vt 0.84107400 0.44770500
vt 0.84134000 0.44750400
vt 0.84133000 0.44728700
vt 0.84135100 0.44770400
vt 0.46945900 0.73306000
vt 0.46967100 0.73309200
vt 0.46967700 0.73283300
vt 0.46942900 0.73334300
vt 0.46964600 0.73335800
vt 0.46986900 0.73310100
vt 0.46988600 0.73283500
vt 0.46984400 0.73337100
vt 0.46954000 0.73392000
vt 0.46960300 0.73363600
vt 0.46938400 0.73363900
vt 0.46975200 0.73392900
vt 0.46980200 0.73364800
vt 0.84161700 0.44728700
vt 0.84161600 0.44750500
vt 0.84189200 0.44749600
vt 0.84163600 0.44770500
vt 0.84192600 0.44770600
vt 0.91259300 0.44585300
vt 0.91259300 0.44729000
vt 0.91649700 0.44585300
vt 0.21641600 0.67410200
vt 0.21641600 0.67410200
vt 0.21648000 0.67398400
vt 0.21648000 0.67398400
vt 0.21625400 0.67390400
vt 0.21625400 0.67390400
vt 0.21625400 0.67390400
vt 0.21624200 0.67394700
vt 0.87162100 0.44748700
vt 0.87213800 0.44748700
vt 0.87213800 0.44727900
vt 0.87162100 0.44727900
vt 0.47217100 0.70969500
vt 0.47217100 0.70969500
vt 0.47219400 0.70954500
vt 0.47219400 0.70954500
vt 0.47195000 0.70952700
vt 0.47195000 0.70952700
vt 0.47194600 0.70961500
vt 0.47194600 0.70961500
vt 0.49794900 0.75073500
vt 0.49794900 0.75091700
vt 0.50186700 0.75073500
vt 0.44501600 0.76303900
vt 0.44503700 0.99437400
vt 0.44525800 0.99437300
vt 0.44524800 0.76303900
vt 0.44547900 0.99437400
vt 0.44547900 0.76303900
vt 0.85216200 0.99581000
vt 0.85215500 0.99602300
vt 0.64708100 0.45709500
vt 0.64708100 0.68843000
vt 0.64731300 0.68843000
vt 0.64730300 0.45709600
vt 0.47741300 0.72226100
vt 0.47741300 0.72277900
vt 0.47762100 0.72277900
vt 0.47762100 0.72226200
vt 0.47783000 0.72277900
vt 0.47783000 0.72226200
vt 0.43657000 0.45709500
vt 0.43634900 0.45709600
vt 0.43657000 0.68843000
vt 0.43633900 0.68843000
vt 0.47140100 0.70146600
vt 0.47140100 0.70146600
vt 0.47133700 0.70158400
vt 0.47133700 0.70158400
vt 0.47133700 0.70158400
vt 0.47156300 0.70166400
vt 0.47156300 0.70166400
vt 0.47157500 0.70162200
vt 0.90780100 0.76395900
vt 0.90781100 0.99438300
vt 0.90803100 0.99438400
vt 0.90803200 0.76395900
vt 0.46266900 0.70564200
vt 0.46267000 0.70952900
vt 0.46306300 0.70952900
vt 0.46306100 0.70564200
vt 0.92816100 0.99602800
vt 0.92816100 0.99623700
vt 0.91259300 0.44770600
vt 0.91259300 0.44749800
vt 0.92882000 0.44749700
vt 0.92882000 0.44770600
vt 0.48174900 0.75133500
vt 0.48174900 0.75112600
vt 0.48174900 0.75091700
vt 0.49794900 0.75112600
vt 0.49794900 0.75133500
vt 0.92882000 0.23636000
vt 0.92882000 0.23656900
vt 0.91193500 0.99582100
vt 0.91193500 0.99602900
vt 0.91193500 0.99623700
vt 0.92816100 0.78489100
vt 0.92816100 0.78510000
vt 0.46328300 0.70158700
vt 0.46328300 0.70158700
vt 0.46328300 0.70158700
vt 0.46321800 0.70146700
vt 0.46304700 0.70162500
vt 0.46304700 0.70162500
vt 0.46305800 0.70166700
vt 0.46305800 0.70166700
vt 0.46305800 0.70166700
vt 0.90869100 0.21542800
vt 0.90869000 0.44585300
vt 0.91259300 0.21542800
vt 0.90759100 0.99438400
vt 0.43612800 0.45709500
vt 0.43610700 0.68843000
vt 0.47762200 0.75073800
vt 0.47783000 0.75073500
vt 0.47741200 0.75074300
vt 0.85215000 0.99623700
vt 0.85216200 0.78533200
vt 0.91627900 0.99438400
vt 0.47133600 0.70969500
vt 0.47133600 0.70969500
vt 0.47140200 0.70981600
vt 0.47157300 0.70965700
vt 0.47156100 0.70961500
vt 0.47156100 0.70961500
vt 0.90009400 0.44749200
vt 0.90008700 0.44727900
vt 0.90009900 0.44770600
vt 0.48587500 0.75073800
vt 0.48608600 0.75074300
vt 0.48566700 0.75073500
vt 0.21650200 0.45471800
vt 0.21650200 0.24393900
vt 0.21625800 0.24395700
vt 0.21625800 0.45470000
vt 0.21625800 0.45470000
vt 0.90008700 0.23680200
vt 0.91193400 0.76395900
vt 0.91193500 0.99438400
vt 0.88011100 0.78512400
vt 0.88062800 0.78512400
vt 0.88062800 0.78491600
vt 0.88011100 0.78491500
vt 0.46242500 0.70173700
vt 0.46242500 0.70173700
vt 0.46242400 0.70564200
vt 0.46242400 0.70564200
vt 0.46266900 0.70564200
vt 0.46267000 0.70175500
vt 0.46267000 0.70175500
vt 0.46267000 0.70175500
vt 0.47217400 0.70158400
vt 0.47217400 0.70158400
vt 0.47211000 0.70146600
vt 0.47193600 0.70162200
vt 0.47194800 0.70166400
vt 0.47194800 0.70166400
vt 0.48566700 0.72226100
vt 0.48566700 0.72277900
vt 0.48587500 0.72277900
vt 0.48587500 0.72226100
vt 0.64754400 0.68843000
vt 0.64752400 0.45709500
vt 0.49382200 0.72277900
vt 0.49382200 0.72226200
vt 0.49361300 0.72226200
vt 0.49361300 0.72277900
vt 0.90847000 0.44585200
vt 0.90846000 0.21542800
vt 0.90823000 0.21542800
vt 0.90824900 0.44585300
vt 0.88062800 0.99601800
vt 0.88011100 0.99601800
vt 0.88011100 0.99622700
vt 0.88062800 0.99622700
vt 0.91629800 0.76395900
vt 0.50228400 0.72277900
vt 0.50228400 0.72226200
vt 0.50207600 0.72226200
vt 0.50207600 0.72277900
vt 0.48608400 0.72277900
vt 0.48608400 0.72226100
vt 0.90757100 0.76395900
vt 0.91693800 0.44585300
vt 0.91695700 0.21542800
vt 0.91672700 0.21542800
vt 0.91671700 0.44585200
vt 0.87213800 0.23638400
vt 0.87162100 0.23638500
vt 0.87162100 0.23659300
vt 0.87213800 0.23659300
vt 0.65643300 0.99437400
vt 0.65645300 0.76303900
vt 0.65622200 0.76303900
vt 0.65621200 0.99437300
vt 0.46242500 0.70954800
vt 0.46242500 0.70954800
vt 0.46244800 0.70969800
vt 0.46244800 0.70969800
vt 0.46267400 0.70961800
vt 0.46267000 0.70952900
vt 0.46267000 0.70952900
vt 0.21650200 0.46306000
vt 0.21650200 0.46306000
vt 0.21647900 0.46291000
vt 0.21647900 0.46291000
vt 0.21625400 0.46299000
vt 0.21625400 0.46299000
vt 0.21625400 0.46299000
vt 0.21625700 0.46307900
vt 0.21625700 0.46307900
vt 0.50186700 0.72226200
vt 0.50186700 0.72277900
vt 0.87162100 0.44769600
vt 0.87213800 0.44769600
vt 0.21564300 0.24378900
vt 0.21564300 0.24378900
vt 0.21562100 0.24393900
vt 0.21586500 0.24395700
vt 0.21586500 0.24395700
vt 0.21586900 0.24386900
vt 0.21586900 0.24386900
vt 0.21586900 0.24386900
vt 0.47156300 0.70166400
vt 0.47155900 0.70175300
vt 0.47195200 0.70175300
vt 0.47194800 0.70166400
vt 0.47157500 0.70162200
vt 0.47193600 0.70162200
vt 0.21625400 0.24386900
vt 0.21624200 0.24382600
vt 0.21588100 0.24382600
vt 0.21586900 0.24386900
vt 0.21625800 0.24395700
vt 0.21586500 0.24395700
vt 0.46305900 0.70961800
vt 0.46267400 0.70961800
vt 0.46304700 0.70966000
vt 0.46268600 0.70966100
vt 0.21586900 0.45478800
vt 0.21588100 0.45483100
vt 0.21624200 0.45483100
vt 0.21625400 0.45478800
vt 0.21586500 0.45470000
vt 0.21625800 0.45470000
vt 0.21586900 0.46299000
vt 0.21586500 0.46307900
vt 0.21625700 0.46307900
vt 0.21625400 0.46299000
vt 0.21588100 0.46294800
vt 0.21624200 0.46294900
vt 0.47156100 0.70961500
vt 0.47157300 0.70965700
vt 0.47193400 0.70965700
vt 0.47194600 0.70961500
vt 0.47155700 0.70952700
vt 0.47195000 0.70952700
vt 0.21625400 0.67390400
vt 0.21625800 0.67381600
vt 0.21586600 0.67381600
vt 0.21586900 0.67390400
vt 0.21624200 0.67394700
vt 0.21588100 0.67394600
vt 0.46305800 0.70166700
vt 0.46304700 0.70162500
vt 0.46268500 0.70162500
vt 0.46267400 0.70166700
vt 0.46306200 0.70175500
vt 0.46267000 0.70175500
vt 0.47195000 0.70564000
vt 0.47155900 0.70564000
vt 0.88062800 0.99581000
vt 0.88062800 0.78533200
vt 0.88011100 0.78533200
vt 0.88011100 0.99581000
vt 0.21641600 0.45498600
vt 0.21641600 0.45498600
vt 0.21648000 0.45486800
vt 0.21648000 0.45486800
vt 0.21625400 0.45478800
vt 0.21625400 0.45478800
vt 0.21625400 0.45478800
vt 0.21624200 0.45483100
vt 0.49403000 0.72226200
vt 0.49403000 0.72277900
vt 0.49794900 0.72277900
vt 0.49794900 0.72226200
vt 0.46330800 0.70954700
vt 0.46330500 0.70564200
vt 0.46330500 0.70564200
vt 0.46306100 0.70564200
vt 0.46306300 0.70952900
vt 0.21570700 0.24367100
vt 0.21570700 0.24367100
vt 0.21588100 0.24382600
vt 0.87213800 0.23680100
vt 0.87162100 0.23680100
vt 0.46244900 0.70158600
vt 0.46244900 0.70158600
vt 0.46244900 0.70158600
vt 0.46267400 0.70166700
vt 0.46267400 0.70166700
vt 0.47131200 0.70954500
vt 0.47131200 0.70954500
vt 0.47155700 0.70952700
vt 0.47155700 0.70952700
vt 0.21562100 0.46306000
vt 0.21562100 0.67383400
vt 0.21562100 0.67383400
vt 0.21562100 0.67383400
vt 0.21586600 0.67381600
vt 0.21586600 0.67381600
vt 0.21586500 0.46307900
vt 0.21586500 0.46307900
vt 0.91649600 0.21542800
vt 0.65599100 0.76303900
vt 0.65599100 0.99437400
vt 0.47131400 0.70173500
vt 0.47131400 0.70173500
vt 0.47131400 0.70564000
vt 0.47131400 0.70564000
vt 0.47155900 0.70564000
vt 0.47155900 0.70175300
vt 0.47155900 0.70175300
vt 0.47155900 0.70175300
vt 0.48174900 0.75073500
vt 0.48174800 0.72277900
vt 0.21650200 0.67383400
vt 0.21625800 0.67381600
vt 0.21625800 0.67381600
vt 0.46330700 0.70173700
vt 0.46330700 0.70173700
vt 0.46306200 0.70175500
vt 0.46306200 0.70175500
vt 0.46306200 0.70175500
vt 0.21564400 0.67398400
vt 0.21564400 0.67398400
vt 0.21564400 0.67398400
vt 0.21571000 0.67410400
vt 0.21588100 0.67394600
vt 0.21588100 0.67394600
vt 0.21586900 0.67390400
vt 0.21586900 0.67390400
vt 0.21586900 0.67390400
vt 0.49382200 0.75073800
vt 0.49361200 0.75074300
vt 0.21562100 0.45471800
vt 0.21562100 0.45471800
vt 0.21586500 0.45470000
vt 0.21586500 0.45470000
vt 0.46251200 0.70981600
vt 0.46268600 0.70966100
vt 0.46268600 0.70966100
vt 0.46322100 0.70981500
vt 0.46322100 0.70981500
vt 0.46328500 0.70969700
vt 0.46305900 0.70961800
vt 0.46305900 0.70961800
vt 0.46304700 0.70966000
vt 0.85215500 0.78511900
vt 0.85215000 0.78490500
vt 0.50207600 0.75073800
vt 0.50228600 0.75074300
vt 0.90009400 0.23658800
vt 0.90009900 0.23637400
vt 0.49403100 0.75073500
vt 0.48174800 0.72226200
vt 0.47210500 0.70981500
vt 0.47210500 0.70981500
vt 0.47193400 0.70965700
vt 0.46251500 0.70146600
vt 0.46251500 0.70146600
vt 0.46268500 0.70162500
vt 0.21641300 0.46279000
vt 0.21624200 0.46294900
vt 0.21624200 0.46294900
vt 0.21570800 0.46279200
vt 0.21570800 0.46279200
vt 0.21564400 0.46291000
vt 0.21564400 0.46291000
vt 0.21564400 0.46291000
vt 0.21586900 0.46299000
vt 0.21586900 0.46299000
vt 0.21586900 0.46299000
vt 0.21588100 0.46294800
vt 0.21648000 0.24378900
vt 0.21648000 0.24378900
vt 0.21648000 0.24378900
vt 0.21641600 0.24367100
vt 0.21624200 0.24382600
vt 0.21624200 0.24382600
vt 0.21625400 0.24386900
vt 0.21625400 0.24386900
vt 0.46218300 0.70564200
vt 0.46218600 0.70956700
vt 0.46242500 0.70954800
vt 0.46242400 0.70564200
vt 0.46354700 0.70564200
vt 0.46354600 0.70171800
vt 0.46330700 0.70173700
vt 0.46330500 0.70564200
vt 0.47111100 0.70151100
vt 0.47107500 0.70171500
vt 0.47131400 0.70173500
vt 0.47133700 0.70158400
vt 0.47243600 0.70171500
vt 0.47240100 0.70151100
vt 0.47217400 0.70158400
vt 0.47219700 0.70173400
vt 0.47120500 0.70132800
vt 0.47140100 0.70146600
vt 0.47230700 0.70132700
vt 0.47211000 0.70146600
vt 0.21670600 0.24371600
vt 0.21661300 0.24353300
vt 0.21641600 0.24367100
vt 0.21648000 0.24378900
vt 0.21551000 0.24353300
vt 0.21541700 0.24371600
vt 0.21564300 0.24378900
vt 0.21570700 0.24367100
vt 0.21674100 0.24392000
vt 0.21650200 0.24393900
vt 0.21538200 0.24392000
vt 0.21562100 0.24393900
vt 0.46351100 0.70977000
vt 0.46354700 0.70956600
vt 0.46330800 0.70954700
vt 0.46328500 0.70969700
vt 0.46222100 0.70977200
vt 0.46244800 0.70969800
vt 0.46341800 0.70995400
vt 0.46322100 0.70981500
vt 0.46231500 0.70995600
vt 0.46251200 0.70981600
vt 0.21541700 0.45494100
vt 0.21551100 0.45512500
vt 0.21570800 0.45498600
vt 0.21564300 0.45486800
vt 0.21661300 0.45512400
vt 0.21670600 0.45494100
vt 0.21648000 0.45486800
vt 0.21641600 0.45498600
vt 0.21538200 0.45473700
vt 0.21562100 0.45471800
vt 0.21674100 0.45473700
vt 0.21650200 0.45471800
vt 0.21541700 0.46283700
vt 0.21538200 0.46304100
vt 0.21562100 0.46306000
vt 0.21564400 0.46291000
vt 0.21674100 0.46304100
vt 0.21670600 0.46283600
vt 0.21647900 0.46291000
vt 0.21650200 0.46306000
vt 0.21551100 0.46265300
vt 0.21570800 0.46279200
vt 0.21661100 0.46265100
vt 0.21641300 0.46279000
vt 0.47110800 0.70977000
vt 0.47120300 0.70995600
vt 0.47140200 0.70981600
vt 0.47133600 0.70969500
vt 0.47230400 0.70995500
vt 0.47239800 0.70976900
vt 0.47217100 0.70969500
vt 0.47210500 0.70981500
vt 0.47107300 0.70956400
vt 0.47131200 0.70954500
vt 0.47243400 0.70956400
vt 0.47219400 0.70954500
vt 0.21670600 0.67405700
vt 0.21674100 0.67385300
vt 0.21650200 0.67383400
vt 0.21648000 0.67398400
vt 0.21538200 0.67385300
vt 0.21541700 0.67405800
vt 0.21564400 0.67398400
vt 0.21562100 0.67383400
vt 0.21661300 0.67424000
vt 0.21641600 0.67410200
vt 0.21551000 0.67424300
vt 0.21571000 0.67410400
vt 0.46351100 0.70151300
vt 0.46341600 0.70132800
vt 0.46321800 0.70146700
vt 0.46328300 0.70158700
vt 0.46231600 0.70132600
vt 0.46222100 0.70151200
vt 0.46244900 0.70158600
vt 0.46251500 0.70146600
vt 0.46218500 0.70171700
vt 0.46242500 0.70173700
vt 0.47243600 0.70564000
vt 0.47219500 0.70564000
vt 0.47107300 0.70564000
vt 0.47131400 0.70564000
vt 0.16108200 0.37520400
vt 0.16108200 0.38305300
vt 0.11708900 0.37520400
vt 0.11708600 0.38282400
vt 0.38180700 0.67148400
vt 0.38180700 0.67933500
vt 0.33781100 0.67194200
vt 0.33781200 0.67956400
vt 0.29257500 0.27467900
vt 0.29257500 0.22395100
vt 0.33697900 0.27467900
vt 0.33697900 0.22395100
vt 0.29257500 0.32540600
vt 0.33697900 0.32540600
vt 0.29257500 0.37613400
vt 0.33697900 0.37613400
vt 0.79876700 0.83956700
vt 0.79876800 0.89029500
vt 0.75476400 0.83956800
vt 0.75476500 0.89029600
vt 0.79876900 0.94102300
vt 0.75476600 0.94102400
vt 0.79876900 0.99175100
vt 0.75476700 0.99175200
vt 0.07144700 0.53626600
vt 0.07125400 0.46910800
vt 0.11598500 0.53745700
vt 0.11585500 0.47088500
vt 0.07164000 0.60342300
vt 0.11611400 0.60403000
vt 0.07183200 0.67058100
vt 0.11624300 0.67060200
vt 0.29217300 0.52612200
vt 0.29236500 0.45896400
vt 0.33671000 0.52493000
vt 0.33683900 0.45835800
vt 0.29198000 0.59327900
vt 0.33658100 0.59150200
vt 0.33645100 0.66217200
vt 0.29255800 0.39180700
vt 0.33696900 0.39178600
vt 0.11624700 0.67299900
vt 0.11572600 0.40021600
vt 0.29256500 0.38938700
vt 0.33697300 0.38938800
vt 0.29257400 0.17322400
vt 0.33697900 0.17322300
vt 0.33697800 0.16886500
vt 0.79876600 0.78883900
vt 0.75475900 0.78448300
vt 0.75476300 0.78884000
vt 0.79875900 0.99499000
vt 0.79877900 0.99623000
vt 0.75476100 0.99499100
vt 0.75476900 0.99623200
vt 0.29378300 0.68842300
vt 0.33779400 0.68842600
vt 0.33781400 0.68718300
vt 0.29257700 0.38814600
vt 0.33698600 0.38814600
vt 0.29257500 0.38061800
vt 0.29257500 0.37937600
vt 0.33698300 0.38061700
vt 0.33697800 0.37937500
vt 0.38139100 0.16762200
vt 0.33698300 0.16762200
vt 0.16066900 0.67424100
vt 0.11626000 0.67424200
vt 0.16107900 0.37395900
vt 0.11706800 0.37396200
vt 0.71075600 0.78324000
vt 0.75476700 0.78324100
vt 0.16108200 0.39090300
vt 0.11708500 0.39044500
f 1/1/1 2/2/2 3/3/3
f 1/1/1 3/3/3 4/4/4
f 5/5/5 6/6/6 7/7/7
f 5/5/5 7/7/7 8/8/8
f 9/9/9 10/10/10 11/11/11
f 9/9/9 11/11/11 12/12/12
f 13/13/13 14/14/14 15/15/15
f 13/13/13 15/15/15 16/16/16
f 17/17/17 18/18/18 19/19/19
f 17/17/17 19/19/19 20/20/20
f 21/21/21 22/22/22 23/23/23
f 21/21/21 23/23/23 24/24/24
f 8/8/8 7/7/7 25/25/25
f 8/8/8 25/25/25 26/26/26
f 27/27/27 28/28/28 2/2/2
f 27/27/27 2/2/2 1/1/1
f 29/29/29 30/30/30 31/31/31
f 29/29/29 31/31/31 32/32/32
f 30/30/30 33/33/33 34/34/34
f 30/30/30 34/34/34 31/31/31
f 33/33/33 35/35/35 36/36/36
f 33/33/33 36/36/36 34/34/34
f 35/35/35 37/37/37 38/38/38
f 35/35/35 38/38/38 36/36/36
f 37/37/37 39/39/39 40/40/40
f 37/37/37 40/40/40 38/38/38
f 41/41/41 42/42/42 43/43/43
f 41/41/41 43/43/43 44/44/44
f 39/39/39 13/13/13 16/16/16
f 39/39/39 16/16/16 40/40/40
f 24/24/24 23/23/23 45/45/45
f 24/24/24 45/45/45 46/46/46
f 46/46/46 45/45/45 47/47/47
f 46/46/46 47/47/47 48/48/48
f 48/48/48 47/47/47 49/49/49
f 48/48/48 49/49/49 50/50/50
f 50/50/50 49/49/49 51/51/51
f 50/50/50 51/51/51 52/52/52
f 52/52/52 51/51/51 6/6/6
f 52/52/52 6/6/6 5/5/5
f 53/53/53 29/29/29 32/32/32
f 53/53/53 32/32/32 54/54/54
f 12/12/12 11/11/11 55/55/55
f 12/12/12 55/55/55 56/56/56
f 56/56/56 55/55/55 57/57/57
f 56/56/56 57/57/57 58/58/58
f 58/58/58 57/57/57 59/59/59
f 58/58/58 59/59/59 60/60/60
f 60/60/60 59/59/59 61/61/61
f 60/60/60 61/61/61 62/62/62
f 62/62/62 61/61/61 28/28/28
f 62/62/62 28/28/28 27/27/27
f 63/63/63 64/64/64 65/65/65
f 63/63/63 65/65/65 66/66/66
f 67/67/67 68/68/68 69/69/69
f 67/67/67 69/69/69 70/70/70
f 68/68/68 71/71/71 72/72/72
f 68/68/68 72/72/72 69/69/69
f 71/71/71 73/73/73 74/74/74
f 71/71/71 74/74/74 72/72/72
f 73/73/73 75/75/75 76/76/76
f 73/73/73 76/76/76 74/74/74
f 75/75/75 77/77/77 78/78/78
f 75/75/75 78/78/78 76/76/76
f 77/77/77 63/63/63 66/66/66
f 77/77/77 66/66/66 78/78/78
f 79/79/79 80/80/80 81/81/81
f 79/79/79 81/81/81 82/82/82
f 4/4/4 83/83/83 84/84/84
f 4/4/4 84/84/84 85/85/85
f 86/86/86 87/87/87 88/88/88
f 86/86/86 88/88/88 89/89/89
f 3/3/3 90/90/90 91/91/91
f 3/3/3 91/91/91 92/92/92
f 15/15/15 93/93/93 94/94/94
f 15/15/15 94/94/94 95/95/95
f 96/96/96 97/97/97 98/98/98
f 96/96/96 98/98/98 99/99/99
f 100/100/100 101/101/101 102/102/102
f 100/100/100 102/102/102 103/103/103
f 44/44/44 104/104/104 105/105/105
f 44/44/44 105/105/105 106/106/106
f 21/21/21 107/107/107 108/108/108
f 21/21/21 108/108/108 109/109/109
f 110/110/110 111/111/111 112/112/112
f 110/110/110 112/112/112 113/113/113
f 22/22/22 114/114/114 115/115/115
f 22/22/22 115/115/115 116/116/116
f 43/43/43 117/117/117 118/118/118
f 43/43/43 118/118/118 119/119/119
f 65/65/65 120/120/120 121/121/121
f 65/65/65 121/121/121 122/122/122
f 20/20/20 123/123/123 124/124/124
f 20/20/20 124/124/124 125/125/125
f 9/9/9 126/126/126 127/127/127
f 9/9/9 127/127/127 128/128/128
f 54/54/54 129/129/129 130/130/130
f 54/54/54 130/130/130 131/131/131
f 10/10/10 132/132/132 133/133/133
f 10/10/10 133/133/133 134/134/134
f 19/19/19 135/135/135 136/136/136
f 19/19/19 136/136/136 137/137/137
f 26/26/26 138/138/138 139/139/139
f 26/26/26 139/139/139 140/140/140
f 141/141/141 142/142/142 143/143/143
f 141/141/141 143/143/143 144/144/144
f 145/145/145 146/146/146 147/147/147
f 145/145/145 147/147/147 148/148/148
f 149/149/149 150/150/150 151/151/151
f 149/149/149 151/151/151 152/152/152
f 153/153/153 154/154/154 155/155/155
f 153/153/153 155/155/155 156/156/156
f 25/25/25 157/157/157 158/158/158
f 25/25/25 158/158/158 159/159/159
f 160/160/160 79/79/79 82/82/82
f 160/160/160 82/82/82 161/161/161
f 162/162/162 87/87/87 86/86/86
f 162/162/162 86/86/86 163/163/163
f 4/4/4 3/3/3 92/92/92
f 4/4/4 92/92/92 83/83/83
f 89/89/89 97/97/97 96/96/96
f 89/89/89 96/96/96 86/86/86
f 164/164/164 110/110/110 113/113/113
f 164/164/164 113/113/113 165/165/165
f 166/166/166 117/117/117 43/43/43
f 166/166/166 43/43/43 42/42/42
f 22/22/22 21/21/21 109/109/109
f 22/22/22 109/109/109 114/114/114
f 119/119/119 104/104/104 44/44/44
f 119/119/119 44/44/44 43/43/43
f 167/167/167 100/100/100 103/103/103
f 167/167/167 103/103/103 168/168/168
f 169/169/169 107/107/107 21/21/21
f 169/169/169 21/21/21 24/24/24
f 170/170/170 149/149/149 152/152/152
f 170/170/170 152/152/152 171/171/171
f 172/172/172 157/157/157 25/25/25
f 172/172/172 25/25/25 7/7/7
f 153/153/153 141/141/141 144/144/144
f 153/153/153 144/144/144 154/154/154
f 159/159/159 138/138/138 26/26/26
f 159/159/159 26/26/26 25/25/25
f 173/173/173 145/145/145 148/148/148
f 173/173/173 148/148/148 174/174/174
f 175/175/175 142/142/142 141/141/141
f 175/175/175 141/141/141 176/176/176
f 53/53/53 54/54/54 131/131/131
f 53/53/53 131/131/131 177/177/177
f 178/178/178 135/135/135 19/19/19
f 178/178/178 19/19/19 18/18/18
f 10/10/10 9/9/9 128/128/128
f 10/10/10 128/128/128 132/132/132
f 137/137/137 123/123/123 20/20/20
f 137/137/137 20/20/20 19/19/19
f 66/66/66 65/65/65 122/122/122
f 66/66/66 122/122/122 179/179/179
f 180/180/180 126/126/126 9/9/9
f 180/180/180 9/9/9 12/12/12
f 16/16/16 15/15/15 95/95/95
f 16/16/16 95/95/95 181/181/181
f 182/182/182 90/90/90 3/3/3
f 182/182/182 3/3/3 2/2/2
f 145/145/145 183/183/183 184/184/184
f 145/145/145 184/184/184 146/146/146
f 140/140/140 185/185/185 8/8/8
f 140/140/140 8/8/8 26/26/26
f 183/183/183 186/186/186 187/187/187
f 183/183/183 187/187/187 184/184/184
f 185/185/185 188/188/188 5/5/5
f 185/185/185 5/5/5 8/8/8
f 186/186/186 189/189/189 190/190/190
f 186/186/186 190/190/190 187/187/187
f 188/188/188 191/191/191 52/52/52
f 188/188/188 52/52/52 5/5/5
f 189/189/189 192/192/192 193/193/193
f 189/189/189 193/193/193 190/190/190
f 191/191/191 194/194/194 50/50/50
f 191/191/191 50/50/50 52/52/52
f 192/192/192 195/195/195 196/196/196
f 192/192/192 196/196/196 193/193/193
f 194/194/194 197/197/197 48/48/48
f 194/194/194 48/48/48 50/50/50
f 195/195/195 198/198/198 199/199/199
f 195/195/195 199/199/199 196/196/196
f 197/197/197 200/200/200 46/46/46
f 197/197/197 46/46/46 48/48/48
f 198/198/198 167/167/167 168/168/168
f 198/198/198 168/168/168 199/199/199
f 200/200/200 169/169/169 24/24/24
f 200/200/200 24/24/24 46/46/46
f 110/110/110 201/201/201 202/202/202
f 110/110/110 202/202/202 111/111/111
f 116/116/116 203/203/203 23/23/23
f 116/116/116 23/23/23 22/22/22
f 201/201/201 204/204/204 205/205/205
f 201/201/201 205/205/205 202/202/202
f 203/203/203 206/206/206 45/45/45
f 203/203/203 45/45/45 23/23/23
f 204/204/204 207/207/207 208/208/208
f 204/204/204 208/208/208 205/205/205
f 206/206/206 209/209/209 47/47/47
f 206/206/206 47/47/47 45/45/45
f 207/207/207 210/210/210 211/211/211
f 207/207/207 211/211/211 208/208/208
f 209/209/209 212/212/212 49/49/49
f 209/209/209 49/49/49 47/47/47
f 210/210/210 213/213/213 214/214/214
f 210/210/210 214/214/214 211/211/211
f 212/212/212 215/215/215 51/51/51
f 212/212/212 51/51/51 49/49/49
f 213/213/213 216/216/216 217/217/217
f 213/213/213 217/217/217 214/214/214
f 215/215/215 218/218/218 6/6/6
f 215/215/215 6/6/6 51/51/51
f 216/216/216 170/170/170 171/171/171
f 216/216/216 171/171/171 217/217/217
f 218/218/218 172/172/172 7/7/7
f 218/218/218 7/7/7 6/6/6
f 79/79/79 70/70/70 219/219/219
f 79/79/79 219/219/219 80/80/80
f 85/85/85 220/220/220 1/1/1
f 85/85/85 1/1/1 4/4/4
f 70/70/70 69/69/69 221/221/221
f 70/70/70 221/221/221 219/219/219
f 220/220/220 222/222/222 27/27/27
f 220/220/220 27/27/27 1/1/1
f 69/69/69 72/72/72 223/223/223
f 69/69/69 223/223/223 221/221/221
f 222/222/222 224/224/224 62/62/62
f 222/222/222 62/62/62 27/27/27
f 72/72/72 74/74/74 225/225/225
f 72/72/72 225/225/225 223/223/223
f 224/224/224 226/226/226 60/60/60
f 224/224/224 60/60/60 62/62/62
f 74/74/74 76/76/76 227/227/227
f 74/74/74 227/227/227 225/225/225
f 226/226/226 228/228/228 58/58/58
f 226/226/226 58/58/58 60/60/60
f 76/76/76 78/78/78 229/229/229
f 76/76/76 229/229/229 227/227/227
f 228/228/228 230/230/230 56/56/56
f 228/228/228 56/56/56 58/58/58
f 78/78/78 66/66/66 179/179/179
f 78/78/78 179/179/179 229/229/229
f 230/230/230 180/180/180 12/12/12
f 230/230/230 12/12/12 56/56/56
f 54/54/54 32/32/32 231/231/231
f 54/54/54 231/231/231 129/129/129
f 134/134/134 232/232/232 11/11/11
f 134/134/134 11/11/11 10/10/10
f 32/32/32 31/31/31 233/233/233
f 32/32/32 233/233/233 231/231/231
f 232/232/232 234/234/234 55/55/55
f 232/232/232 55/55/55 11/11/11
f 31/31/31 34/34/34 235/235/235
f 31/31/31 235/235/235 233/233/233
f 234/234/234 236/236/236 57/57/57
f 234/234/234 57/57/57 55/55/55
f 34/34/34 36/36/36 237/237/237
f 34/34/34 237/237/237 235/235/235
f 236/236/236 238/238/238 59/59/59
f 236/236/236 59/59/59 57/57/57
f 36/36/36 38/38/38 239/239/239
f 36/36/36 239/239/239 237/237/237
f 238/238/238 240/240/240 61/61/61
f 238/238/238 61/61/61 59/59/59
f 38/38/38 40/40/40 241/241/241
f 38/38/38 241/241/241 239/239/239
f 240/240/240 242/242/242 28/28/28
f 240/240/240 28/28/28 61/61/61
f 40/40/40 16/16/16 181/181/181
f 40/40/40 181/181/181 241/241/241
f 242/242/242 182/182/182 2/2/2
f 242/242/242 2/2/2 28/28/28
f 160/160/160 67/67/67 70/70/70
f 160/160/160 70/70/70 79/79/79
f 100/100/100 167/167/167 243/243/243
f 100/100/100 243/243/243 244/244/244
f 156/156/156 245/245/245 246/246/246
f 156/156/156 246/246/246 153/153/153
f 149/149/149 247/247/247 248/248/248
f 149/149/149 248/248/248 150/150/150
f 249/249/249 175/175/175 176/176/176
f 249/249/249 176/176/176 17/17/17
f 64/64/64 173/173/173 174/174/174
f 64/64/64 174/174/174 250/250/250
f 251/251/251 166/166/166 42/42/42
f 251/251/251 42/42/42 252/252/252
f 14/14/14 164/164/164 165/165/165
f 14/14/14 165/165/165 253/253/253
f 106/106/106 254/254/254 41/41/41
f 106/106/106 41/41/41 44/44/44
f 100/100/100 244/244/244 255/255/255
f 100/100/100 255/255/255 101/101/101
f 186/186/186 183/183/183 256/256/256
f 186/186/186 256/256/256 257/257/257
f 189/189/189 186/186/186 257/257/257
f 189/189/189 257/257/257 258/258/258
f 192/192/192 189/189/189 258/258/258
f 192/192/192 258/258/258 259/259/259
f 195/195/195 192/192/192 259/259/259
f 195/195/195 259/259/259 260/260/260
f 198/198/198 195/195/195 260/260/260
f 198/198/198 260/260/260 261/261/261
f 167/167/167 198/198/198 261/261/261
f 167/167/167 261/261/261 243/243/243
f 183/183/183 145/145/145 173/173/173
f 183/183/183 173/173/173 256/256/256
f 149/149/149 170/170/170 262/262/262
f 149/149/149 262/262/262 247/247/247
f 204/204/204 201/201/201 263/263/263
f 204/204/204 263/263/263 264/264/264
f 163/163/163 252/252/252 42/42/42
f 163/163/163 42/42/42 41/41/41
f 207/207/207 204/204/204 264/264/264
f 207/207/207 264/264/264 265/265/265
f 210/210/210 207/207/207 265/265/265
f 210/210/210 265/265/265 266/266/266
f 213/213/213 210/210/210 266/266/266
f 213/213/213 266/266/266 267/267/267
f 216/216/216 213/213/213 267/267/267
f 216/216/216 267/267/267 268/268/268
f 170/170/170 216/216/216 268/268/268
f 170/170/170 268/268/268 262/262/262
f 141/141/141 153/153/153 246/246/246
f 141/141/141 246/246/246 176/176/176
f 201/201/201 110/110/110 164/164/164
f 201/201/201 164/164/164 263/263/263
f 86/86/86 96/96/96 252/252/252
f 86/86/86 252/252/252 163/163/163
f 15/15/15 14/14/14 253/253/253
f 15/15/15 253/253/253 93/93/93
f 99/99/99 251/251/251 252/252/252
f 99/99/99 252/252/252 96/96/96
f 65/65/65 64/64/64 250/250/250
f 65/65/65 250/250/250 120/120/120
f 125/125/125 249/249/249 17/17/17
f 125/125/125 17/17/17 20/20/20
f 244/244/244 243/243/243 67/67/67
f 244/244/244 67/67/67 160/160/160
f 245/245/245 178/178/178 18/18/18
f 245/245/245 18/18/18 246/246/246
f 247/247/247 53/53/53 177/177/177
f 247/247/247 177/177/177 248/248/248
f 254/254/254 162/162/162 163/163/163
f 254/254/254 163/163/163 41/41/41
f 244/244/244 160/160/160 161/161/161
f 244/244/244 161/161/161 255/255/255
f 257/257/257 256/256/256 63/63/63
f 257/257/257 63/63/63 77/77/77
f 258/258/258 257/257/257 77/77/77
f 258/258/258 77/77/77 75/75/75
f 259/259/259 258/258/258 75/75/75
f 259/259/259 75/75/75 73/73/73
f 260/260/260 259/259/259 73/73/73
f 260/260/260 73/73/73 71/71/71
f 261/261/261 260/260/260 71/71/71
f 261/261/261 71/71/71 68/68/68
f 243/243/243 261/261/261 68/68/68
f 243/243/243 68/68/68 67/67/67
f 256/256/256 173/173/173 64/64/64
f 256/256/256 64/64/64 63/63/63
f 247/247/247 262/262/262 29/29/29
f 247/247/247 29/29/29 53/53/53
f 264/264/264 263/263/263 13/13/13
f 264/264/264 13/13/13 39/39/39
f 265/265/265 264/264/264 39/39/39
f 265/265/265 39/39/39 37/37/37
f 266/266/266 265/265/265 37/37/37
f 266/266/266 37/37/37 35/35/35
f 267/267/267 266/266/266 35/35/35
f 267/267/267 35/35/35 33/33/33
f 268/268/268 267/267/267 33/33/33
f 268/268/268 33/33/33 30/30/30
f 262/262/262 268/268/268 30/30/30
f 262/262/262 30/30/30 29/29/29
f 176/176/176 246/246/246 18/18/18
f 176/176/176 18/18/18 17/17/17
f 263/263/263 164/164/164 14/14/14
f 263/263/263 14/14/14 13/13/13
f 269/269/269 270/270/270 271/271/271
f 269/269/269 271/271/271 272/272/272
f 273/273/273 274/274/274 275/275/275
f 273/273/273 275/275/275 276/276/276
f 277/277/277 278/278/278 279/279/279
f 277/277/277 279/279/279 280/280/280
f 281/281/281 282/282/282 283/283/283
f 281/281/281 283/283/283 284/284/284
f 285/285/285 286/286/286 287/287/287
f 285/285/285 287/287/287 288/288/288
f 289/289/289 290/290/290 291/291/291
f 289/289/289 291/291/291 292/292/292
f 293/293/293 294/294/294 295/295/295
f 293/293/293 295/295/295 296/296/296
f 297/297/297 298/298/298 299/299/299
f 297/297/297 299/299/299 300/300/300
f 301/301/301 302/302/302 303/303/303
f 301/301/301 303/303/303 304/304/304
f 305/305/305 306/306/306 307/307/307
f 305/305/305 307/307/307 308/308/308
f 309/309/309 310/310/310 311/311/311
f 309/309/309 311/311/311 312/312/312
f 313/313/313 314/314/314 315/315/315
f 313/313/313 315/315/315 316/316/316
f 284/284/284 283/283/283 317/317/317
f 284/284/284 317/317/317 318/318/318
f 319/319/319 320/320/320 310/310/310
f 319/319/319 310/310/310 309/309/309
f 321/321/321 322/322/322 274/274/274
f 321/321/321 274/274/274 273/273/273
f 323/323/323 324/324/324 325/325/325
f 323/323/323 325/325/325 326/326/326
f 327/327/327 328/328/328 294/294/294
f 327/327/327 294/294/294 293/293/293
f 329/329/329 330/330/330 331/331/331
f 329/329/329 331/331/331 332/332/332
f 333/333/333 334/334/334 335/335/335
f 333/333/333 335/335/335 336/336/336
f 337/337/337 338/338/338 339/339/339
f 337/337/337 339/339/339 340/340/340
f 341/341/341 342/342/342 343/343/343
f 341/341/341 343/343/343 344/344/344
f 326/326/326 325/325/325 345/345/345
f 326/326/326 345/345/345 346/346/346
f 347/347/347 348/348/348 349/349/349
f 347/347/347 349/349/349 350/350/350
f 351/351/351 352/352/352 353/353/353
f 351/351/351 353/353/353 354/354/354
f 355/355/355 356/356/356 299/299/299
f 355/355/355 299/299/299 357/357/357
f 358/358/358 302/302/302 301/301/301
f 358/358/358 301/301/301 359/359/359
f 360/360/360 361/361/361 362/362/362
f 360/360/360 362/362/362 363/363/363
f 364/364/364 365/365/365 366/366/366
f 364/364/364 366/366/366 367/367/367
f 368/368/368 369/369/369 370/370/370
f 368/368/368 370/370/370 371/371/371
f 372/372/372 373/373/373 314/314/314
f 372/372/372 314/314/314 374/374/374
f 375/375/375 376/376/376 377/377/377
f 375/375/375 377/377/377 378/378/378
f 272/272/272 271/271/271 345/345/345
f 272/272/272 345/345/345 379/379/379
f 380/380/380 381/381/381 382/382/382
f 380/380/380 382/382/382 383/383/383
f 384/384/384 385/385/385 386/386/386
f 384/384/384 386/386/386 387/387/387
f 359/359/359 301/301/301 388/388/388
f 359/359/359 388/388/388 389/389/389
f 390/390/390 391/391/391 392/392/392
f 390/390/390 392/392/392 393/393/393
f 394/394/394 395/395/395 396/396/396
f 394/394/394 396/396/396 397/397/397
f 398/398/398 399/399/399 400/400/400
f 398/398/398 400/400/400 401/401/401
f 402/402/402 403/403/403 404/404/404
f 402/402/402 404/404/404 405/405/405
f 406/406/406 407/407/407 408/408/408
f 406/406/406 408/408/408 409/409/409
f 386/386/386 410/410/410 411/411/411
f 386/386/386 411/411/411 412/412/412
f 413/413/413 414/414/414 415/415/415
f 413/413/413 415/415/415 416/416/416
f 417/417/417 418/418/418 419/419/419
f 417/417/417 419/419/419 420/420/420
f 421/421/421 422/422/422 423/423/423
f 421/421/421 423/423/423 424/424/424
f 382/382/382 425/425/425 426/426/426
f 382/382/382 426/426/426 427/427/427
f 292/292/292 428/428/428 429/429/429
f 292/292/292 429/429/429 430/430/430
f 431/431/431 432/432/432 433/433/433
f 431/431/431 433/433/433 434/434/434
f 300/300/300 435/435/435 436/436/436
f 300/300/300 436/436/436 437/437/437
f 438/438/438 439/439/439 440/440/440
f 438/438/438 440/440/440 441/441/441
f 279/279/279 442/442/442 443/443/443
f 279/279/279 443/443/443 444/444/444
f 445/445/445 446/446/446 447/447/447
f 445/445/445 447/447/447 448/448/448
f 449/449/449 450/450/450 451/451/451
f 449/449/449 451/451/451 452/452/452
f 453/453/453 454/454/454 455/455/455
f 453/453/453 455/455/455 456/456/456
f 457/457/457 458/458/458 459/459/459
f 457/457/457 459/459/459 460/460/460
f 388/388/388 461/461/461 462/462/462
f 388/388/388 462/462/462 463/463/463
f 366/366/366 464/464/464 465/465/465
f 366/366/366 465/465/465 466/466/466
f 275/275/275 467/467/467 468/468/468
f 275/275/275 468/468/468 469/469/469
f 470/470/470 471/471/471 472/472/472
f 470/470/470 472/472/472 473/473/473
f 377/377/377 474/474/474 475/475/475
f 377/377/377 475/475/475 476/476/476
f 311/311/311 477/477/477 478/478/478
f 311/311/311 478/478/478 479/479/479
f 480/480/480 481/481/481 482/482/482
f 480/480/480 482/482/482 483/483/483
f 484/484/484 485/485/485 486/486/486
f 484/484/484 486/486/486 487/487/487
f 488/488/488 489/489/489 490/490/490
f 488/488/488 490/490/490 491/491/491
f 492/492/492 493/493/493 494/494/494
f 492/492/492 494/494/494 495/495/495
f 496/496/496 497/497/497 498/498/498
f 496/496/496 498/498/498 499/499/499
f 500/500/500 501/501/501 502/502/502
f 500/500/500 502/502/502 503/503/503
f 392/392/392 504/504/504 505/505/505
f 392/392/392 505/505/505 506/506/506
f 507/507/507 402/402/402 405/405/405
f 507/507/507 405/405/405 508/508/508
f 509/509/509 399/399/399 398/398/398
f 509/509/509 398/398/398 510/510/510
f 387/387/387 386/386/386 412/412/412
f 387/387/387 412/412/412 511/511/511
f 512/512/512 418/418/418 417/417/417
f 512/512/512 417/417/417 513/513/513
f 383/383/383 382/382/382 427/427/427
f 383/383/383 427/427/427 514/514/514
f 515/515/515 422/422/422 421/421/421
f 515/515/515 421/421/421 516/516/516
f 367/367/367 366/366/366 466/466/466
f 367/367/367 466/466/466 517/517/517
f 518/518/518 471/471/471 470/470/470
f 518/518/518 470/470/470 519/519/519
f 312/312/312 311/311/311 479/479/479
f 312/312/312 479/479/479 520/520/520
f 521/521/521 474/474/474 377/377/377
f 521/521/521 377/377/377 376/376/376
f 353/353/353 438/438/438 441/441/441
f 353/353/353 441/441/441 522/522/522
f 356/356/356 435/435/435 300/300/300
f 356/356/356 300/300/300 299/299/299
f 523/523/523 431/431/431 434/434/434
f 523/523/523 434/434/434 524/524/524
f 525/525/525 439/439/439 438/438/438
f 525/525/525 438/438/438 526/526/526
f 270/270/270 417/417/417 420/420/420
f 270/270/270 420/420/420 527/527/527
f 528/528/528 414/414/414 413/413/413
f 528/528/528 413/413/413 529/529/529
f 276/276/276 275/275/275 469/469/469
f 276/276/276 469/469/469 530/530/530
f 531/531/531 464/464/464 366/366/366
f 531/531/531 366/366/366 365/365/365
f 346/346/346 345/345/345 532/532/532
f 346/346/346 532/532/532 533/533/533
f 534/534/534 535/535/535 307/307/307
f 534/534/534 307/307/307 306/306/306
f 536/536/536 295/295/295 537/537/537
f 536/536/536 537/537/537 538/538/538
f 539/539/539 540/540/540 541/541/541
f 539/539/539 541/541/541 542/542/542
f 543/543/543 457/457/457 460/460/460
f 543/543/543 460/460/460 544/544/544
f 545/545/545 454/454/454 453/453/453
f 545/545/545 453/453/453 546/546/546
f 547/547/547 449/449/449 452/452/452
f 547/547/547 452/452/452 548/548/548
f 549/549/549 446/446/446 445/445/445
f 549/549/549 445/445/445 550/550/550
f 551/551/551 552/552/552 553/553/553
f 551/551/551 553/553/553 554/554/554
f 350/350/350 349/349/349 555/555/555
f 350/350/350 555/555/555 556/556/556
f 557/557/557 500/500/500 503/503/503
f 557/557/557 503/503/503 558/558/558
f 559/559/559 497/497/497 496/496/496
f 559/559/559 496/496/496 560/560/560
f 561/561/561 562/562/562 552/552/552
f 561/561/561 552/552/552 551/551/551
f 563/563/563 564/564/564 565/565/565
f 563/563/563 565/565/565 566/566/566
f 567/567/567 394/394/394 397/397/397
f 567/567/567 397/397/397 568/568/568
f 569/569/569 570/570/570 571/571/571
f 569/569/569 571/571/571 572/572/572
f 292/292/292 291/291/291 573/573/573
f 292/292/292 573/573/573 428/428/428
f 424/424/424 563/563/563 566/566/566
f 424/424/424 566/566/566 421/421/421
f 574/574/574 575/575/575 395/395/395
f 574/574/574 395/395/395 394/394/394
f 298/298/298 576/576/576 357/357/357
f 298/298/298 357/357/357 299/299/299
f 354/354/354 353/353/353 522/522/522
f 354/354/354 522/522/522 577/577/577
f 578/578/578 579/579/579 571/571/571
f 578/578/578 571/571/571 580/580/580
f 581/581/581 492/492/492 495/495/495
f 581/581/581 495/495/495 582/582/582
f 583/583/583 489/489/489 488/488/488
f 583/583/583 488/488/488 584/584/584
f 585/585/585 362/362/362 586/586/586
f 585/585/585 586/586/586 587/587/587
f 374/374/374 314/314/314 588/588/588
f 374/374/374 588/588/588 589/589/589
f 363/363/363 362/362/362 585/585/585
f 363/363/363 585/585/585 590/590/590
f 591/591/591 592/592/592 593/593/593
f 591/591/591 593/593/593 594/594/594
f 362/362/362 361/361/361 595/595/595
f 362/362/362 595/595/595 586/586/586
f 373/373/373 596/596/596 315/315/315
f 373/373/373 315/315/315 314/314/314
f 345/345/345 271/271/271 597/597/597
f 345/345/345 597/597/597 532/532/532
f 535/535/535 598/598/598 599/599/599
f 535/535/535 599/599/599 307/307/307
f 600/600/600 368/368/368 601/601/601
f 600/600/600 601/601/601 602/602/602
f 603/603/603 604/604/604 317/317/317
f 603/603/603 317/317/317 283/283/283
f 605/605/605 606/606/606 607/607/607
f 605/605/605 607/607/607 608/608/608
f 609/609/609 278/278/278 277/277/277
f 609/609/609 277/277/277 610/610/610
f 605/605/605 611/611/611 612/612/612
f 605/605/605 612/612/612 606/606/606
f 604/604/604 613/613/613 614/614/614
f 604/604/604 614/614/614 317/317/317
f 279/279/279 278/278/278 615/615/615
f 279/279/279 615/615/615 442/442/442
f 448/448/448 607/607/607 606/606/606
f 448/448/448 606/606/606 445/445/445
f 594/594/594 453/453/453 456/456/456
f 594/594/594 456/456/456 591/591/591
f 304/304/304 461/461/461 388/388/388
f 304/304/304 388/388/388 301/301/301
f 616/616/616 488/488/488 491/491/491
f 616/616/616 491/491/491 617/617/617
f 618/618/618 485/485/485 484/484/484
f 618/618/618 484/484/484 619/619/619
f 282/282/282 496/496/496 499/499/499
f 282/282/282 499/499/499 620/620/620
f 621/621/621 504/504/504 392/392/392
f 621/621/621 392/392/392 391/391/391
f 622/622/622 536/536/536 538/538/538
f 622/622/622 538/538/538 623/623/623
f 624/624/624 539/539/539 542/542/542
f 624/624/624 542/542/542 625/625/625
f 626/626/626 619/619/619 484/484/484
f 626/626/626 484/484/484 627/627/627
f 628/628/628 583/583/583 584/584/584
f 628/628/628 584/584/584 629/629/629
f 630/630/630 581/581/581 582/582/582
f 630/630/630 582/582/582 631/631/631
f 463/463/463 632/632/632 389/389/389
f 463/463/463 389/389/389 388/388/388
f 457/457/457 633/633/633 634/634/634
f 457/457/457 634/634/634 458/458/458
f 473/473/473 635/635/635 636/636/636
f 473/473/473 636/636/636 470/470/470
f 275/275/275 637/637/637 638/638/638
f 275/275/275 638/638/638 467/467/467
f 639/639/639 515/515/515 516/516/516
f 639/639/639 516/516/516 640/640/640
f 641/641/641 383/383/383 514/514/514
f 641/641/641 514/514/514 642/642/642
f 409/409/409 643/643/643 644/644/644
f 409/409/409 644/644/644 406/406/406
f 402/402/402 645/645/645 646/646/646
f 402/402/402 646/646/646 403/403/403
f 647/647/647 648/648/648 649/649/649
f 647/647/647 649/649/649 650/650/650
f 616/616/616 651/651/651 584/584/584
f 616/616/616 584/584/584 488/488/488
f 652/652/652 359/359/359 389/389/389
f 652/652/652 389/389/389 653/653/653
f 507/507/507 654/654/654 645/645/645
f 507/507/507 645/645/645 402/402/402
f 655/655/655 380/380/380 383/383/383
f 655/655/655 383/383/383 641/641/641
f 536/536/536 656/656/656 296/296/296
f 536/536/536 296/296/296 295/295/295
f 519/519/519 470/470/470 636/636/636
f 519/519/519 636/636/636 657/657/657
f 658/658/658 659/659/659 576/576/576
f 658/658/658 576/576/576 298/298/298
f 660/660/660 360/360/360 363/363/363
f 660/660/660 363/363/363 661/661/661
f 662/662/662 358/358/358 359/359/359
f 662/662/662 359/359/359 652/652/652
f 566/566/566 565/565/565 648/648/648
f 566/566/566 648/648/648 647/647/647
f 663/663/663 341/341/341 344/344/344
f 663/663/663 344/344/344 664/664/664
f 665/665/665 666/666/666 667/667/667
f 665/665/665 667/667/667 668/668/668
f 669/669/669 327/327/327 293/293/293
f 669/669/669 293/293/293 670/670/670
f 322/322/322 671/671/671 672/672/672
f 322/322/322 672/672/672 274/274/274
f 274/274/274 672/672/672 637/637/637
f 274/274/274 637/637/637 275/275/275
f 421/421/421 566/566/566 647/647/647
f 421/421/421 647/647/647 516/516/516
f 670/670/670 293/293/293 296/296/296
f 670/670/670 296/296/296 673/673/673
f 674/674/674 675/675/675 676/676/676
f 674/674/674 676/676/676 677/677/677
f 622/622/622 678/678/678 656/656/656
f 622/622/622 656/656/656 536/536/536
f 325/325/325 679/679/679 379/379/379
f 325/325/325 379/379/379 345/345/345
f 324/324/324 680/680/680 679/679/679
f 324/324/324 679/679/679 325/325/325
f 681/681/681 682/682/682 683/683/683
f 681/681/681 683/683/683 684/684/684
f 368/368/368 371/371/371 685/685/685
f 368/368/368 685/685/685 601/601/601
f 600/600/600 686/686/686 369/369/369
f 600/600/600 369/369/369 368/368/368
f 687/687/687 615/615/615 278/278/278
f 687/687/687 278/278/278 609/609/609
f 523/523/523 688/688/688 689/689/689
f 523/523/523 689/689/689 431/431/431
f 606/606/606 612/612/612 550/550/550
f 606/606/606 550/550/550 445/445/445
f 431/431/431 689/689/689 690/690/690
f 431/431/431 690/690/690 432/432/432
f 437/437/437 691/691/691 297/297/297
f 437/437/437 297/297/297 300/300/300
f 500/500/500 692/692/692 693/693/693
f 500/500/500 693/693/693 501/501/501
f 506/506/506 694/694/694 393/393/393
f 506/506/506 393/393/393 392/392/392
f 695/695/695 549/549/549 550/550/550
f 695/695/695 550/550/550 696/696/696
f 697/697/697 547/547/547 548/548/548
f 697/697/697 548/548/548 698/698/698
f 699/699/699 521/521/521 376/376/376
f 699/699/699 376/376/376 700/700/700
f 701/701/701 312/312/312 520/520/520
f 701/701/701 520/520/520 702/702/702
f 703/703/703 512/512/512 513/513/513
f 703/703/703 513/513/513 704/704/704
f 705/705/705 387/387/387 511/511/511
f 705/705/705 511/511/511 706/706/706
f 707/707/707 708/708/708 579/579/579
f 707/707/707 579/579/579 578/578/578
f 709/709/709 390/390/390 393/393/393
f 709/709/709 393/393/393 710/710/710
f 711/711/711 384/384/384 387/387/387
f 711/711/711 387/387/387 705/705/705
f 712/712/712 272/272/272 379/379/379
f 712/712/712 379/379/379 713/713/713
f 714/714/714 700/700/700 376/376/376
f 714/714/714 376/376/376 375/375/375
f 369/369/369 715/715/715 716/716/716
f 369/369/369 716/716/716 370/370/370
f 717/717/717 329/329/329 332/332/332
f 717/717/717 332/332/332 718/718/718
f 719/719/719 319/319/319 309/309/309
f 719/719/719 309/309/309 720/720/720
f 720/720/720 309/309/309 312/312/312
f 720/720/720 312/312/312 701/701/701
f 721/721/721 658/658/658 298/298/298
f 721/721/721 298/298/298 297/297/297
f 722/722/722 285/285/285 288/288/288
f 722/722/722 288/288/288 723/723/723
f 724/724/724 269/269/269 272/272/272
f 724/724/724 272/272/272 712/712/712
f 725/725/725 714/714/714 375/375/375
f 725/725/725 375/375/375 726/726/726
f 727/727/727 728/728/728 384/384/384
f 727/727/727 384/384/384 711/711/711
f 729/729/729 519/519/519 657/657/657
f 729/729/729 657/657/657 730/730/730
f 731/731/731 732/732/732 654/654/654
f 731/731/731 654/654/654 507/507/507
f 625/625/625 733/733/733 510/510/510
f 625/625/625 510/510/510 398/398/398
f 476/476/476 734/734/734 378/378/378
f 476/476/476 378/378/378 377/377/377
f 480/480/480 735/735/735 736/736/736
f 480/480/480 736/736/736 481/481/481
f 416/416/416 737/737/737 738/738/738
f 416/416/416 738/738/738 413/413/413
f 386/386/386 385/385/385 739/739/739
f 386/386/386 739/739/739 410/410/410
f 740/740/740 518/518/518 519/519/519
f 740/740/740 519/519/519 729/729/729
f 741/741/741 367/367/367 517/517/517
f 741/741/741 517/517/517 742/742/742
f 743/743/743 509/509/509 510/510/510
f 743/743/743 510/510/510 744/744/744
f 731/731/731 507/507/507 508/508/508
f 731/731/731 508/508/508 745/745/745
f 728/728/728 746/746/746 385/385/385
f 728/728/728 385/385/385 384/384/384
f 726/726/726 375/375/375 378/378/378
f 726/726/726 378/378/378 747/747/747
f 748/748/748 364/364/364 367/367/367
f 748/748/748 367/367/367 741/741/741
f 599/599/599 749/749/749 308/308/308
f 599/599/599 308/308/308 307/307/307
f 541/541/541 750/750/750 751/751/751
f 541/541/541 751/751/751 542/542/542
f 752/752/752 305/305/305 308/308/308
f 752/752/752 308/308/308 753/753/753
f 529/529/529 754/754/754 749/749/749
f 529/529/529 749/749/749 599/599/599
f 755/755/755 735/735/735 756/756/756
f 755/755/755 756/756/756 757/757/757
f 758/758/758 759/759/759 364/364/364
f 758/758/758 364/364/364 748/748/748
f 760/760/760 761/761/761 329/329/329
f 760/760/760 329/329/329 717/717/717
f 762/762/762 763/763/763 688/688/688
f 762/762/762 688/688/688 523/523/523
f 764/764/764 765/765/765 666/666/666
f 764/764/764 666/666/666 665/665/665
f 766/766/766 767/767/767 380/380/380
f 766/766/766 380/380/380 655/655/655
f 430/430/430 768/768/768 289/289/289
f 430/430/430 289/289/289 292/292/292
f 382/382/382 381/381/381 769/769/769
f 382/382/382 769/769/769 425/425/425
f 483/483/483 770/770/770 771/771/771
f 483/483/483 771/771/771 480/480/480
f 311/311/311 772/772/772 773/773/773
f 311/311/311 773/773/773 477/477/477
f 774/774/774 531/531/531 365/365/365
f 774/774/774 365/365/365 775/775/775
f 776/776/776 276/276/276 530/530/530
f 776/776/776 530/530/530 777/777/777
f 778/778/778 525/525/525 526/526/526
f 778/778/778 526/526/526 779/779/779
f 762/762/762 523/523/523 524/524/524
f 762/762/762 524/524/524 780/780/780
f 767/767/767 781/781/781 381/381/381
f 767/767/767 381/381/381 380/380/380
f 291/291/291 782/782/782 783/783/783
f 291/291/291 783/783/783 573/573/573
f 759/759/759 775/775/775 365/365/365
f 759/759/759 365/365/365 364/364/364
f 784/784/784 785/785/785 786/786/786
f 784/784/784 786/786/786 787/787/787
f 788/788/788 789/789/789 352/352/352
f 788/788/788 352/352/352 351/351/351
f 310/310/310 790/790/790 772/772/772
f 310/310/310 772/772/772 311/311/311
f 791/791/791 337/337/337 340/340/340
f 791/791/791 340/340/340 792/792/792
f 793/793/793 794/794/794 795/795/795
f 793/793/793 795/795/795 796/796/796
f 761/761/761 797/797/797 330/330/330
f 761/761/761 330/330/330 329/329/329
f 320/320/320 798/798/798 790/790/790
f 320/320/320 790/790/790 310/310/310
f 799/799/799 321/321/321 273/273/273
f 799/799/799 273/273/273 800/800/800
f 735/735/735 480/480/480 771/771/771
f 735/735/735 771/771/771 756/756/756
f 801/801/801 802/802/802 575/575/575
f 801/801/801 575/575/575 574/574/574
f 803/803/803 784/784/784 290/290/290
f 803/803/803 290/290/290 289/289/289
f 353/353/353 352/352/352 526/526/526
f 353/353/353 526/526/526 438/438/438
f 800/800/800 273/273/273 276/276/276
f 800/800/800 276/276/276 776/776/776
f 294/294/294 804/804/804 805/805/805
f 294/294/294 805/805/805 295/295/295
f 804/804/804 806/806/806 807/807/807
f 804/804/804 807/807/807 805/805/805
f 806/806/806 800/800/800 776/776/776
f 806/806/806 776/776/776 807/807/807
f 453/453/453 594/594/594 808/808/808
f 453/453/453 808/808/808 546/546/546
f 546/546/546 808/808/808 785/785/785
f 546/546/546 785/785/785 809/809/809
f 809/809/809 785/785/785 784/784/784
f 809/809/809 784/784/784 803/803/803
f 317/317/317 614/614/614 810/810/810
f 317/317/317 810/810/810 811/811/811
f 812/812/812 813/813/813 802/802/802
f 812/812/812 802/802/802 801/801/801
f 814/814/814 815/815/815 659/659/659
f 814/814/814 659/659/659 658/658/658
f 328/328/328 816/816/816 804/804/804
f 328/328/328 804/804/804 294/294/294
f 816/816/816 817/817/817 806/806/806
f 816/816/816 806/806/806 804/804/804
f 817/817/817 799/799/799 800/800/800
f 817/817/817 800/800/800 806/806/806
f 818/818/818 819/819/819 820/820/820
f 818/818/818 820/820/820 821/821/821
f 821/821/821 820/820/820 822/822/822
f 821/821/821 822/822/822 823/823/823
f 823/823/823 822/822/822 797/797/797
f 823/823/823 797/797/797 761/761/761
f 824/824/824 825/825/825 826/826/826
f 824/824/824 826/826/826 827/827/827
f 825/825/825 828/828/828 829/829/829
f 825/825/825 829/829/829 826/826/826
f 828/828/828 791/791/791 792/792/792
f 828/828/828 792/792/792 829/829/829
f 808/808/808 594/594/594 593/593/593
f 808/808/808 593/593/593 830/830/830
f 811/811/811 810/810/810 813/813/813
f 811/811/811 813/813/813 812/812/812
f 785/785/785 808/808/808 830/830/830
f 785/785/785 830/830/830 786/786/786
f 291/291/291 290/290/290 831/831/831
f 291/291/291 831/831/831 782/782/782
f 610/610/610 277/277/277 832/832/832
f 610/610/610 832/832/832 833/833/833
f 833/833/833 832/832/832 789/789/789
f 833/833/833 789/789/789 788/788/788
f 750/750/750 541/541/541 834/834/834
f 750/750/750 834/834/834 835/835/835
f 835/835/835 834/834/834 836/836/836
f 835/835/835 836/836/836 837/837/837
f 837/837/837 836/836/836 775/775/775
f 837/837/837 775/775/775 759/759/759
f 633/633/633 457/457/457 543/543/543
f 633/633/633 543/543/543 838/838/838
f 838/838/838 543/543/543 839/839/839
f 838/838/838 839/839/839 840/840/840
f 840/840/840 839/839/839 781/781/781
f 840/840/840 781/781/781 767/767/767
f 449/449/449 841/841/841 842/842/842
f 449/449/449 842/842/842 450/450/450
f 841/841/841 843/843/843 844/844/844
f 841/841/841 844/844/844 842/842/842
f 843/843/843 762/762/762 780/780/780
f 843/843/843 780/780/780 844/844/844
f 444/444/444 845/845/845 280/280/280
f 444/444/444 280/280/280 279/279/279
f 845/845/845 846/846/846 847/847/847
f 845/845/845 847/847/847 280/280/280
f 846/846/846 778/778/778 779/779/779
f 846/846/846 779/779/779 847/847/847
f 295/295/295 805/805/805 848/848/848
f 295/295/295 848/848/848 537/537/537
f 805/805/805 807/807/807 849/849/849
f 805/805/805 849/849/849 848/848/848
f 807/807/807 776/776/776 777/777/777
f 807/807/807 777/777/777 849/849/849
f 540/540/540 850/850/850 834/834/834
f 540/540/540 834/834/834 541/541/541
f 850/850/850 851/851/851 836/836/836
f 850/850/850 836/836/836 834/834/834
f 851/851/851 774/774/774 775/775/775
f 851/851/851 775/775/775 836/836/836
f 852/852/852 633/633/633 838/838/838
f 852/852/852 838/838/838 853/853/853
f 853/853/853 838/838/838 840/840/840
f 853/853/853 840/840/840 854/854/854
f 854/854/854 840/840/840 767/767/767
f 854/854/854 767/767/767 766/766/766
f 855/855/855 856/856/856 857/857/857
f 855/855/855 857/857/857 858/858/858
f 858/858/858 857/857/857 859/859/859
f 858/858/858 859/859/859 860/860/860
f 860/860/860 859/859/859 765/765/765
f 860/860/860 765/765/765 764/764/764
f 449/449/449 547/547/547 861/861/861
f 449/449/449 861/861/861 841/841/841
f 841/841/841 861/861/861 862/862/862
f 841/841/841 862/862/862 843/843/843
f 843/843/843 862/862/862 763/763/763
f 843/843/843 763/763/763 762/762/762
f 863/863/863 818/818/818 821/821/821
f 863/863/863 821/821/821 864/864/864
f 864/864/864 821/821/821 823/823/823
f 864/864/864 823/823/823 865/865/865
f 865/865/865 823/823/823 761/761/761
f 865/865/865 761/761/761 760/760/760
f 866/866/866 750/750/750 835/835/835
f 866/866/866 835/835/835 867/867/867
f 867/867/867 835/835/835 837/837/837
f 867/867/867 837/837/837 868/868/868
f 868/868/868 837/837/837 759/759/759
f 868/868/868 759/759/759 758/758/758
f 757/757/757 756/756/756 869/869/869
f 757/757/757 869/869/869 870/870/870
f 870/870/870 869/869/869 871/871/871
f 870/870/870 871/871/871 872/872/872
f 872/872/872 871/871/871 305/305/305
f 872/872/872 305/305/305 752/752/752
f 768/768/768 873/873/873 803/803/803
f 768/768/768 803/803/803 289/289/289
f 873/873/873 874/874/874 809/809/809
f 873/873/873 809/809/809 803/803/803
f 874/874/874 545/545/545 546/546/546
f 874/874/874 546/546/546 809/809/809
f 381/381/381 781/781/781 875/875/875
f 381/381/381 875/875/875 769/769/769
f 781/781/781 839/839/839 876/876/876
f 781/781/781 876/876/876 875/875/875
f 839/839/839 543/543/543 544/544/544
f 839/839/839 544/544/544 876/876/876
f 770/770/770 877/877/877 878/878/878
f 770/770/770 878/878/878 771/771/771
f 877/877/877 879/879/879 880/880/880
f 877/877/877 880/880/880 878/878/878
f 879/879/879 534/534/534 306/306/306
f 879/879/879 306/306/306 880/880/880
f 772/772/772 881/881/881 882/882/882
f 772/772/772 882/882/882 773/773/773
f 881/881/881 883/883/883 884/884/884
f 881/881/881 884/884/884 882/882/882
f 883/883/883 346/346/346 533/533/533
f 883/883/883 533/533/533 884/884/884
f 885/885/885 886/886/886 562/562/562
f 885/885/885 562/562/562 561/561/561
f 887/887/887 888/888/888 886/886/886
f 887/887/887 886/886/886 885/885/885
f 589/589/589 588/588/588 888/888/888
f 589/589/589 888/888/888 887/887/887
f 790/790/790 889/889/889 881/881/881
f 790/790/790 881/881/881 772/772/772
f 889/889/889 890/890/890 883/883/883
f 889/889/889 883/883/883 881/881/881
f 890/890/890 326/326/326 346/346/346
f 890/890/890 346/346/346 883/883/883
f 794/794/794 891/891/891 892/892/892
f 794/794/794 892/892/892 795/795/795
f 891/891/891 893/893/893 894/894/894
f 891/891/891 894/894/894 892/892/892
f 893/893/893 333/333/333 336/336/336
f 893/893/893 336/336/336 894/894/894
f 798/798/798 895/895/895 889/889/889
f 798/798/798 889/889/889 790/790/790
f 895/895/895 896/896/896 890/890/890
f 895/895/895 890/890/890 889/889/889
f 896/896/896 323/323/323 326/326/326
f 896/896/896 326/326/326 890/890/890
f 756/756/756 771/771/771 878/878/878
f 756/756/756 878/878/878 869/869/869
f 869/869/869 878/878/878 880/880/880
f 869/869/869 880/880/880 871/871/871
f 871/871/871 880/880/880 306/306/306
f 871/871/871 306/306/306 305/305/305
f 352/352/352 789/789/789 779/779/779
f 352/352/352 779/779/779 526/526/526
f 789/789/789 832/832/832 847/847/847
f 789/789/789 847/847/847 779/779/779
f 832/832/832 277/277/277 280/280/280
f 832/832/832 280/280/280 847/847/847
f 859/859/859 897/897/897 898/898/898
f 859/859/859 898/898/898 765/765/765
f 897/897/897 899/899/899 900/900/900
f 897/897/897 900/900/900 898/898/898
f 899/899/899 865/865/865 760/760/760
f 899/899/899 760/760/760 900/900/900
f 857/857/857 901/901/901 897/897/897
f 857/857/857 897/897/897 859/859/859
f 901/901/901 902/902/902 899/899/899
f 901/901/901 899/899/899 897/897/897
f 902/902/902 864/864/864 865/865/865
f 902/902/902 865/865/865 899/899/899
f 856/856/856 903/903/903 901/901/901
f 856/856/856 901/901/901 857/857/857
f 903/903/903 904/904/904 902/902/902
f 903/903/903 902/902/902 901/901/901
f 904/904/904 863/863/863 864/864/864
f 904/904/904 864/864/864 902/902/902
f 862/862/862 905/905/905 906/906/906
f 862/862/862 906/906/906 763/763/763
f 905/905/905 907/907/907 908/908/908
f 905/905/905 908/908/908 906/906/906
f 907/907/907 854/854/854 766/766/766
f 907/907/907 766/766/766 908/908/908
f 861/861/861 909/909/909 905/905/905
f 861/861/861 905/905/905 862/862/862
f 909/909/909 910/910/910 907/907/907
f 909/909/909 907/907/907 905/905/905
f 910/910/910 853/853/853 854/854/854
f 910/910/910 854/854/854 907/907/907
f 547/547/547 697/697/697 909/909/909
f 547/547/547 909/909/909 861/861/861
f 697/697/697 911/911/911 910/910/910
f 697/697/697 910/910/910 909/909/909
f 911/911/911 852/852/852 853/853/853
f 911/911/911 853/853/853 910/910/910
f 763/763/763 906/906/906 912/912/912
f 763/763/763 912/912/912 688/688/688
f 906/906/906 908/908/908 913/913/913
f 906/906/906 913/913/913 912/912/912
f 908/908/908 766/766/766 655/655/655
f 908/908/908 655/655/655 913/913/913
f 765/765/765 898/898/898 914/914/914
f 765/765/765 914/914/914 666/666/666
f 898/898/898 900/900/900 915/915/915
f 898/898/898 915/915/915 914/914/914
f 900/900/900 760/760/760 717/717/717
f 900/900/900 717/717/717 915/915/915
f 732/732/732 916/916/916 917/917/917
f 732/732/732 917/917/917 654/654/654
f 916/916/916 918/918/918 919/919/919
f 916/916/916 919/919/919 917/917/917
f 918/918/918 727/727/727 711/711/711
f 918/918/918 711/711/711 919/919/919
f 730/730/730 657/657/657 920/920/920
f 730/730/730 920/920/920 921/921/921
f 921/921/921 920/920/920 922/922/922
f 921/921/921 922/922/922 923/923/923
f 923/923/923 922/922/922 714/714/714
f 923/923/923 714/714/714 725/725/725
f 678/678/678 924/924/924 925/925/925
f 678/678/678 925/925/925 656/656/656
f 924/924/924 926/926/926 927/927/927
f 924/924/924 927/927/927 925/925/925
f 926/926/926 724/724/724 712/712/712
f 926/926/926 712/712/712 927/927/927
f 675/675/675 928/928/928 929/929/929
f 675/675/675 929/929/929 676/676/676
f 928/928/928 930/930/930 931/931/931
f 928/928/928 931/931/931 929/929/929
f 930/930/930 722/722/722 723/723/723
f 930/930/930 723/723/723 931/931/931
f 516/516/516 647/647/647 650/650/650
f 516/516/516 650/650/650 640/640/640
f 640/640/640 650/650/650 814/814/814
f 640/640/640 814/814/814 932/932/932
f 932/932/932 814/814/814 658/658/658
f 932/932/932 658/658/658 721/721/721
f 672/672/672 933/933/933 934/934/934
f 672/672/672 934/934/934 637/637/637
f 933/933/933 935/935/935 936/936/936
f 933/933/933 936/936/936 934/934/934
f 935/935/935 720/720/720 701/701/701
f 935/935/935 701/701/701 936/936/936
f 671/671/671 937/937/937 933/933/933
f 671/671/671 933/933/933 672/672/672
f 937/937/937 938/938/938 935/935/935
f 937/937/937 935/935/935 933/933/933
f 938/938/938 719/719/719 720/720/720
f 938/938/938 720/720/720 935/935/935
f 666/666/666 914/914/914 939/939/939
f 666/666/666 939/939/939 667/667/667
f 914/914/914 915/915/915 940/940/940
f 914/914/914 940/940/940 939/939/939
f 915/915/915 717/717/717 718/718/718
f 915/915/915 718/718/718 940/940/940
f 661/661/661 363/363/363 590/590/590
f 661/661/661 590/590/590 941/941/941
f 942/942/942 943/943/943 944/944/944
f 942/942/942 944/944/944 945/945/945
f 650/650/650 649/649/649 815/815/815
f 650/650/650 815/815/815 814/814/814
f 657/657/657 636/636/636 946/946/946
f 657/657/657 946/946/946 920/920/920
f 920/920/920 946/946/946 947/947/947
f 920/920/920 947/947/947 922/922/922
f 922/922/922 947/947/947 700/700/700
f 922/922/922 700/700/700 714/714/714
f 656/656/656 925/925/925 673/673/673
f 656/656/656 673/673/673 296/296/296
f 925/925/925 927/927/927 948/948/948
f 925/925/925 948/948/948 673/673/673
f 927/927/927 712/712/712 713/713/713
f 927/927/927 713/713/713 948/948/948
f 654/654/654 917/917/917 949/949/949
f 654/654/654 949/949/949 645/645/645
f 917/917/917 919/919/919 950/950/950
f 917/917/917 950/950/950 949/949/949
f 919/919/919 711/711/711 705/705/705
f 919/919/919 705/705/705 950/950/950
f 651/651/651 951/951/951 629/629/629
f 651/651/651 629/629/629 584/584/584
f 951/951/951 952/952/952 953/953/953
f 951/951/951 953/953/953 629/629/629
f 952/952/952 709/709/709 710/710/710
f 952/952/952 710/710/710 953/953/953
f 556/556/556 555/555/555 954/954/954
f 556/556/556 954/954/954 955/955/955
f 955/955/955 954/954/954 956/956/956
f 955/955/955 956/956/956 957/957/957
f 957/957/957 956/956/956 708/708/708
f 957/957/957 708/708/708 707/707/707
f 645/645/645 949/949/949 958/958/958
f 645/645/645 958/958/958 646/646/646
f 949/949/949 950/950/950 959/959/959
f 949/949/949 959/959/959 958/958/958
f 950/950/950 705/705/705 706/706/706
f 950/950/950 706/706/706 959/959/959
f 643/643/643 960/960/960 961/961/961
f 643/643/643 961/961/961 644/644/644
f 960/960/960 962/962/962 963/963/963
f 960/960/960 963/963/963 961/961/961
f 962/962/962 703/703/703 704/704/704
f 962/962/962 704/704/704 963/963/963
f 637/637/637 934/934/934 964/964/964
f 637/637/637 964/964/964 638/638/638
f 934/934/934 936/936/936 965/965/965
f 934/934/934 965/965/965 964/964/964
f 936/936/936 701/701/701 702/702/702
f 936/936/936 702/702/702 965/965/965
f 635/635/635 966/966/966 946/946/946
f 635/635/635 946/946/946 636/636/636
f 966/966/966 967/967/967 947/947/947
f 966/966/966 947/947/947 946/946/946
f 967/967/967 699/699/699 700/700/700
f 967/967/967 700/700/700 947/947/947
f 633/633/633 852/852/852 968/968/968
f 633/633/633 968/968/968 634/634/634
f 852/852/852 911/911/911 969/969/969
f 852/852/852 969/969/969 968/968/968
f 911/911/911 697/697/697 698/698/698
f 911/911/911 698/698/698 969/969/969
f 632/632/632 970/970/970 653/653/653
f 632/632/632 653/653/653 389/389/389
f 970/970/970 971/971/971 972/972/972
f 970/970/970 972/972/972 653/653/653
f 971/971/971 695/695/695 696/696/696
f 971/971/971 696/696/696 972/972/972
f 679/679/679 973/973/973 713/713/713
f 679/679/679 713/713/713 379/379/379
f 973/973/973 974/974/974 948/948/948
f 973/973/973 948/948/948 713/713/713
f 974/974/974 670/670/670 673/673/673
f 974/974/974 673/673/673 948/948/948
f 680/680/680 975/975/975 973/973/973
f 680/680/680 973/973/973 679/679/679
f 975/975/975 976/976/976 974/974/974
f 975/975/975 974/974/974 973/973/973
f 976/976/976 669/669/669 670/670/670
f 976/976/976 670/670/670 974/974/974
f 682/682/682 977/977/977 978/978/978
f 682/682/682 978/978/978 683/683/683
f 977/977/977 979/979/979 980/980/980
f 977/977/977 980/980/980 978/978/978
f 979/979/979 663/663/663 664/664/664
f 979/979/979 664/664/664 980/980/980
f 611/611/611 942/942/942 945/945/945
f 611/611/611 945/945/945 612/612/612
f 943/943/943 662/662/662 652/652/652
f 943/943/943 652/652/652 944/944/944
f 686/686/686 981/981/981 715/715/715
f 686/686/686 715/715/715 369/369/369
f 981/981/981 982/982/982 983/983/983
f 981/981/981 983/983/983 715/715/715
f 982/982/982 660/660/660 661/661/661
f 982/982/982 661/661/661 983/983/983
f 290/290/290 784/784/784 787/787/787
f 290/290/290 787/787/787 831/831/831
f 715/715/715 983/983/983 984/984/984
f 715/715/715 984/984/984 716/716/716
f 983/983/983 661/661/661 941/941/941
f 983/983/983 941/941/941 984/984/984
f 688/688/688 912/912/912 985/985/985
f 688/688/688 985/985/985 689/689/689
f 912/912/912 913/913/913 986/986/986
f 912/912/912 986/986/986 985/985/985
f 913/913/913 655/655/655 641/641/641
f 913/913/913 641/641/641 986/986/986
f 612/612/612 945/945/945 696/696/696
f 612/612/612 696/696/696 550/550/550
f 945/945/945 944/944/944 972/972/972
f 945/945/945 972/972/972 696/696/696
f 944/944/944 652/652/652 653/653/653
f 944/944/944 653/653/653 972/972/972
f 689/689/689 985/985/985 987/987/987
f 689/689/689 987/987/987 690/690/690
f 985/985/985 986/986/986 988/988/988
f 985/985/985 988/988/988 987/987/987
f 986/986/986 641/641/641 642/642/642
f 986/986/986 642/642/642 988/988/988
f 691/691/691 989/989/989 721/721/721
f 691/691/691 721/721/721 297/297/297
f 989/989/989 990/990/990 932/932/932
f 989/989/989 932/932/932 721/721/721
f 990/990/990 639/639/639 640/640/640
f 990/990/990 640/640/640 932/932/932
f 692/692/692 991/991/991 992/992/992
f 692/692/692 992/992/992 693/693/693
f 991/991/991 993/993/993 994/994/994
f 991/991/991 994/994/994 992/992/992
f 993/993/993 630/630/630 631/631/631
f 993/993/993 631/631/631 994/994/994
f 694/694/694 995/995/995 710/710/710
f 694/694/694 710/710/710 393/393/393
f 995/995/995 996/996/996 953/953/953
f 995/995/995 953/953/953 710/710/710
f 996/996/996 628/628/628 629/629/629
f 996/996/996 629/629/629 953/953/953
f 997/997/997 998/998/998 999/999/999
f 997/997/997 999/999/999 1000/1000/1000
f 1000/1000/1000 999/999/999 1001/1001/1001
f 1000/1000/1000 1001/1001/1001 1002/1002/1002
f 1002/1002/1002 1001/1001/1001 1003/1003/1003
f 1002/1002/1002 1003/1003/1003 1004/1004/1004
f 1005/1005/1005 997/997/997 1000/1000/1000
f 1005/1005/1005 1000/1000/1000 1006/1006/1006
f 1006/1006/1006 1000/1000/1000 1002/1002/1002
f 1006/1006/1006 1002/1002/1002 1007/1007/1007
f 1007/1007/1007 1002/1002/1002 1004/1004/1004
f 1007/1007/1007 1004/1004/1004 1008/1008/1008
f 1009/1009/1009 1005/1005/1005 1006/1006/1006
f 1009/1009/1009 1006/1006/1006 1010/1010/1010
f 1010/1010/1010 1006/1006/1006 1007/1007/1007
f 1010/1010/1010 1007/1007/1007 1011/1011/1011
f 1011/1011/1011 1007/1007/1007 1008/1008/1008
f 1011/1011/1011 1008/1008/1008 1012/1012/1012
f 1013/1013/1013 1014/1014/1014 1015/1015/1015
f 1013/1013/1013 1015/1015/1015 1016/1016/1016
f 1016/1016/1016 1015/1015/1015 1017/1017/1017
f 1016/1016/1016 1017/1017/1017 1018/1018/1018
f 1018/1018/1018 1017/1017/1017 1019/1019/1019
f 1018/1018/1018 1019/1019/1019 1020/1020/1020
f 1021/1021/1021 1013/1013/1013 1016/1016/1016
f 1021/1021/1021 1016/1016/1016 1022/1022/1022
f 1022/1022/1022 1016/1016/1016 1018/1018/1018
f 1022/1022/1022 1018/1018/1018 1023/1023/1023
f 1023/1023/1023 1018/1018/1018 1020/1020/1020
f 1023/1023/1023 1020/1020/1020 1024/1024/1024
f 1025/1025/1025 1021/1021/1021 1022/1022/1022
f 1025/1025/1025 1022/1022/1022 1026/1026/1026
f 1026/1026/1026 1022/1022/1022 1023/1023/1023
f 1026/1026/1026 1023/1023/1023 1027/1027/1027
f 1027/1027/1027 1023/1023/1023 1024/1024/1024
f 1027/1027/1027 1024/1024/1024 1028/1028/1028
f 1029/1029/1029 1030/1030/1030 1031/1031/1031
f 1029/1029/1029 1031/1031/1031 1032/1032/1032
f 1032/1032/1032 1031/1031/1031 1033/1033/1033
f 1032/1032/1032 1033/1033/1033 1034/1034/1034
f 1034/1034/1034 1033/1033/1033 1035/1035/1035
f 1034/1034/1034 1035/1035/1035 1036/1036/1036
f 1037/1037/1037 1029/1029/1029 1032/1032/1032
f 1037/1037/1037 1032/1032/1032 1038/1038/1038
f 1038/1038/1038 1032/1032/1032 1034/1034/1034
f 1038/1038/1038 1034/1034/1034 1039/1039/1039
f 1039/1039/1039 1034/1034/1034 1036/1036/1036
f 1039/1039/1039 1036/1036/1036 1040/1040/1040
f 1041/1041/1041 1037/1037/1037 1038/1038/1038
f 1041/1041/1041 1038/1038/1038 1042/1042/1042
f 1042/1042/1042 1038/1038/1038 1039/1039/1039
f 1042/1042/1042 1039/1039/1039 1043/1043/1043
f 1043/1043/1043 1039/1039/1039 1040/1040/1040
f 1043/1043/1043 1040/1040/1040 1044/1044/1044
f 1045/1045/1045 1046/1046/1046 1047/1047/1047
f 1045/1045/1045 1047/1047/1047 1048/1048/1048
f 1048/1048/1048 1047/1047/1047 1049/1049/1049
f 1048/1048/1048 1049/1049/1049 1050/1050/1050
f 1050/1050/1050 1049/1049/1049 1051/1051/1051
f 1050/1050/1050 1051/1051/1051 1052/1052/1052
f 1053/1053/1053 1045/1045/1045 1048/1048/1048
f 1053/1053/1053 1048/1048/1048 1054/1054/1054
f 1054/1054/1054 1048/1048/1048 1050/1050/1050
f 1054/1054/1054 1050/1050/1050 1055/1055/1055
f 1055/1055/1055 1050/1050/1050 1052/1052/1052
f 1055/1055/1055 1052/1052/1052 1056/1056/1056
f 1057/1057/1057 1053/1053/1053 1054/1054/1054
f 1057/1057/1057 1054/1054/1054 1058/1058/1058
f 1058/1058/1058 1054/1054/1054 1055/1055/1055
f 1058/1058/1058 1055/1055/1055 1059/1059/1059
f 1059/1059/1059 1055/1055/1055 1056/1056/1056
f 1059/1059/1059 1056/1056/1056 1060/1060/1060
f 1061/1061/1061 1041/1041/1041 1042/1042/1042
f 1061/1061/1061 1042/1042/1042 1062/1062/1062
f 1062/1062/1062 1042/1042/1042 1043/1043/1043
f 1062/1062/1062 1043/1043/1043 1063/1063/1063
f 1063/1063/1063 1043/1043/1043 1044/1044/1044
f 1063/1063/1063 1044/1044/1044 1064/1064/1064
f 1046/1046/1046 1065/1065/1065 1066/1066/1066
f 1046/1046/1046 1066/1066/1066 1047/1047/1047
f 1047/1047/1047 1066/1066/1066 1067/1067/1067
f 1047/1047/1047 1067/1067/1067 1049/1049/1049
f 1049/1049/1049 1067/1067/1067 1068/1068/1068
f 1049/1049/1049 1068/1068/1068 1051/1051/1051
f 1014/1014/1014 1069/1069/1069 1070/1070/1070
f 1014/1014/1014 1070/1070/1070 1015/1015/1015
f 1015/1015/1015 1070/1070/1070 1071/1071/1071
f 1015/1015/1015 1071/1071/1071 1017/1017/1017
f 1017/1017/1017 1071/1071/1071 1072/1072/1072
f 1017/1017/1017 1072/1072/1072 1019/1019/1019
f 1073/1073/1073 1009/1009/1009 1010/1010/1010
f 1073/1073/1073 1010/1010/1010 1074/1074/1074
f 1074/1074/1074 1010/1010/1010 1011/1011/1011
f 1074/1074/1074 1011/1011/1011 1075/1075/1075
f 1075/1075/1075 1011/1011/1011 1012/1012/1012
f 1075/1075/1075 1012/1012/1012 1076/1076/1076
f 1077/1077/1077 1025/1025/1025 1026/1026/1026
f 1077/1077/1077 1026/1026/1026 1078/1078/1078
f 1078/1078/1078 1026/1026/1026 1027/1027/1027
f 1078/1078/1078 1027/1027/1027 1079/1079/1079
f 1079/1079/1079 1027/1027/1027 1028/1028/1028
f 1079/1079/1079 1028/1028/1028 1080/1080/1080
f 998/998/998 1081/1081/1081 1082/1082/1082
f 998/998/998 1082/1082/1082 999/999/999
f 999/999/999 1082/1082/1082 1083/1083/1083
f 999/999/999 1083/1083/1083 1001/1001/1001
f 1001/1001/1001 1083/1083/1083 1084/1084/1084
f 1001/1001/1001 1084/1084/1084 1003/1003/1003
f 1081/1081/1081 1085/1085/1085 1086/1086/1086
f 1081/1081/1081 1086/1086/1086 1082/1082/1082
f 1082/1082/1082 1086/1086/1086 1087/1087/1087
f 1082/1082/1082 1087/1087/1087 1083/1083/1083
f 1083/1083/1083 1087/1087/1087 1088/1088/1088
f 1083/1083/1083 1088/1088/1088 1084/1084/1084
f 1065/1065/1065 1089/1089/1089 1090/1090/1090
f 1065/1065/1065 1090/1090/1090 1066/1066/1066
f 1066/1066/1066 1090/1090/1090 1091/1091/1091
f 1066/1066/1066 1091/1091/1091 1067/1067/1067
f 1067/1067/1067 1091/1091/1091 1092/1092/1092
f 1067/1067/1067 1092/1092/1092 1068/1068/1068
f 1030/1030/1030 1093/1093/1093 1094/1094/1094
f 1030/1030/1030 1094/1094/1094 1031/1031/1031
f 1031/1031/1031 1094/1094/1094 1095/1095/1095
f 1031/1031/1031 1095/1095/1095 1033/1033/1033
f 1033/1033/1033 1095/1095/1095 1096/1096/1096
f 1033/1033/1033 1096/1096/1096 1035/1035/1035
f 1069/1069/1069 1097/1097/1097 1098/1098/1098
f 1069/1069/1069 1098/1098/1098 1070/1070/1070
f 1070/1070/1070 1098/1098/1098 1099/1099/1099
f 1070/1070/1070 1099/1099/1099 1071/1071/1071
f 1071/1071/1071 1099/1099/1099 1100/1100/1100
f 1071/1071/1071 1100/1100/1100 1072/1072/1072
f 1101/1101/1101 1102/1102/1102 1097/1097/1097
f 1101/1101/1101 1097/1097/1097 1069/1069/1069
f 1103/1103/1103 1104/1104/1104 1093/1093/1093
f 1103/1103/1103 1093/1093/1093 1030/1030/1030
f 1105/1105/1105 1106/1106/1106 1089/1089/1089
f 1105/1105/1105 1089/1089/1089 1065/1065/1065
f 1107/1107/1107 1108/1108/1108 1085/1085/1085
f 1107/1107/1107 1085/1085/1085 1081/1081/1081
f 1109/1109/1109 1107/1107/1107 1081/1081/1081
f 1109/1109/1109 1081/1081/1081 998/998/998
f 1110/1110/1110 1111/1111/1111 1025/1025/1025
f 1110/1110/1110 1025/1025/1025 1077/1077/1077
f 1112/1112/1112 1113/1113/1113 1009/1009/1009
f 1112/1112/1112 1009/1009/1009 1073/1073/1073
f 1114/1114/1114 1101/1101/1101 1069/1069/1069
f 1114/1114/1114 1069/1069/1069 1014/1014/1014
f 1115/1115/1115 1105/1105/1105 1065/1065/1065
f 1115/1115/1115 1065/1065/1065 1046/1046/1046
f 1116/1116/1116 1117/1117/1117 1041/1041/1041
f 1116/1116/1116 1041/1041/1041 1061/1061/1061
f 1118/1118/1118 1119/1119/1119 1053/1053/1053
f 1118/1118/1118 1053/1053/1053 1057/1057/1057
f 1119/1119/1119 1120/1120/1120 1045/1045/1045
f 1119/1119/1119 1045/1045/1045 1053/1053/1053
f 1120/1120/1120 1115/1115/1115 1046/1046/1046
f 1120/1120/1120 1046/1046/1046 1045/1045/1045
f 1117/1117/1117 1121/1121/1121 1037/1037/1037
f 1117/1117/1117 1037/1037/1037 1041/1041/1041
f 1121/1121/1121 1122/1122/1122 1029/1029/1029
f 1121/1121/1121 1029/1029/1029 1037/1037/1037
f 1122/1122/1122 1103/1103/1103 1030/1030/1030
f 1122/1122/1122 1030/1030/1030 1029/1029/1029
f 1111/1111/1111 1123/1123/1123 1021/1021/1021
f 1111/1111/1111 1021/1021/1021 1025/1025/1025
f 1123/1123/1123 1124/1124/1124 1013/1013/1013
f 1123/1123/1123 1013/1013/1013 1021/1021/1021
f 1124/1124/1124 1114/1114/1114 1014/1014/1014
f 1124/1124/1124 1014/1014/1014 1013/1013/1013
f 1113/1113/1113 1125/1125/1125 1005/1005/1005
f 1113/1113/1113 1005/1005/1005 1009/1009/1009
f 1125/1125/1125 1126/1126/1126 997/997/997
f 1125/1125/1125 997/997/997 1005/1005/1005
f 1126/1126/1126 1109/1109/1109 998/998/998
f 1126/1126/1126 998/998/998 997/997/997
f 1004/1004/1004 1003/1003/1003 663/663/663
f 1004/1004/1004 663/663/663 979/979/979
f 1008/1008/1008 1004/1004/1004 979/979/979
f 1008/1008/1008 979/979/979 977/977/977
f 1012/1012/1012 1008/1008/1008 977/977/977
f 1012/1012/1012 977/977/977 682/682/682
f 1020/1020/1020 1019/1019/1019 722/722/722
f 1020/1020/1020 722/722/722 930/930/930
f 1024/1024/1024 1020/1020/1020 930/930/930
f 1024/1024/1024 930/930/930 928/928/928
f 1028/1028/1028 1024/1024/1024 928/928/928
f 1028/1028/1028 928/928/928 675/675/675
f 1036/1036/1036 1035/1035/1035 333/333/333
f 1036/1036/1036 333/333/333 893/893/893
f 1040/1040/1040 1036/1036/1036 893/893/893
f 1040/1040/1040 893/893/893 891/891/891
f 1044/1044/1044 1040/1040/1040 891/891/891
f 1044/1044/1044 891/891/891 794/794/794
f 1052/1052/1052 1051/1051/1051 791/791/791
f 1052/1052/1052 791/791/791 828/828/828
f 1056/1056/1056 1052/1052/1052 828/828/828
f 1056/1056/1056 828/828/828 825/825/825
f 1060/1060/1060 1056/1056/1056 825/825/825
f 1060/1060/1060 825/825/825 824/824/824
f 1064/1064/1064 1044/1044/1044 794/794/794
f 1064/1064/1064 794/794/794 793/793/793
f 1051/1051/1051 1068/1068/1068 337/337/337
f 1051/1051/1051 337/337/337 791/791/791
f 1019/1019/1019 1072/1072/1072 285/285/285
f 1019/1019/1019 285/285/285 722/722/722
f 1076/1076/1076 1012/1012/1012 682/682/682
f 1076/1076/1076 682/682/682 681/681/681
f 1080/1080/1080 1028/1028/1028 675/675/675
f 1080/1080/1080 675/675/675 674/674/674
f 1003/1003/1003 1084/1084/1084 341/341/341
f 1003/1003/1003 341/341/341 663/663/663
f 1084/1084/1084 1088/1088/1088 342/342/342
f 1084/1084/1084 342/342/342 341/341/341
f 1068/1068/1068 1092/1092/1092 338/338/338
f 1068/1068/1068 338/338/338 337/337/337
f 1035/1035/1035 1096/1096/1096 334/334/334
f 1035/1035/1035 334/334/334 333/333/333
f 1072/1072/1072 1100/1100/1100 286/286/286
f 1072/1072/1072 286/286/286 285/285/285
f 551/551/551 554/554/554 1127/1127/1127
f 551/551/551 1127/1127/1127 1128/1128/1128
f 1128/1128/1128 1127/1127/1127 783/783/783
f 1128/1128/1128 783/783/783 782/782/782
f 347/347/347 350/350/350 1129/1129/1129
f 347/347/347 1129/1129/1129 1130/1130/1130
f 1130/1130/1130 1129/1129/1129 565/565/565
f 1130/1130/1130 565/565/565 564/564/564
f 396/396/396 395/395/395 1131/1131/1131
f 396/396/396 1131/1131/1131 1132/1132/1132
f 1132/1132/1132 1131/1131/1131 354/354/354
f 1132/1132/1132 354/354/354 577/577/577
f 580/580/580 1133/1133/1133 1134/1134/1134
f 580/580/580 1134/1134/1134 1135/1135/1135
f 1135/1135/1135 1134/1134/1134 355/355/355
f 1135/1135/1135 355/355/355 357/357/357
f 585/585/585 587/587/587 1136/1136/1136
f 585/585/585 1136/1136/1136 1137/1137/1137
f 1137/1137/1137 1136/1136/1136 303/303/303
f 1137/1137/1137 303/303/303 302/302/302
f 372/372/372 374/374/374 1138/1138/1138
f 372/372/372 1138/1138/1138 1139/1139/1139
f 1139/1139/1139 1138/1138/1138 593/593/593
f 1139/1139/1139 593/593/593 592/592/592
f 605/605/605 608/608/608 1140/1140/1140
f 605/605/605 1140/1140/1140 1141/1141/1141
f 1141/1141/1141 1140/1140/1140 685/685/685
f 1141/1141/1141 685/685/685 371/371/371
f 687/687/687 609/609/609 1142/1142/1142
f 687/687/687 1142/1142/1142 1143/1143/1143
f 1143/1143/1143 1142/1142/1142 614/614/614
f 1143/1143/1143 614/614/614 613/613/613
f 830/830/830 593/593/593 1138/1138/1138
f 830/830/830 1138/1138/1138 1144/1144/1144
f 1144/1144/1144 1138/1138/1138 374/374/374
f 1144/1144/1144 374/374/374 589/589/589
f 648/648/648 565/565/565 1129/1129/1129
f 648/648/648 1129/1129/1129 1145/1145/1145
f 1145/1145/1145 1129/1129/1129 350/350/350
f 1145/1145/1145 350/350/350 556/556/556
f 351/351/351 354/354/354 1131/1131/1131
f 351/351/351 1131/1131/1131 1146/1146/1146
f 1146/1146/1146 1131/1131/1131 395/395/395
f 1146/1146/1146 395/395/395 575/575/575
f 590/590/590 585/585/585 1137/1137/1137
f 590/590/590 1137/1137/1137 1147/1147/1147
f 1147/1147/1147 1137/1137/1137 302/302/302
f 1147/1147/1147 302/302/302 358/358/358
f 649/649/649 648/648/648 1145/1145/1145
f 649/649/649 1145/1145/1145 1148/1148/1148
f 1148/1148/1148 1145/1145/1145 556/556/556
f 1148/1148/1148 556/556/556 955/955/955
f 941/941/941 590/590/590 1147/1147/1147
f 941/941/941 1147/1147/1147 1149/1149/1149
f 1149/1149/1149 1147/1147/1147 358/358/358
f 1149/1149/1149 358/358/358 662/662/662
f 357/357/357 576/576/576 1150/1150/1150
f 357/357/357 1150/1150/1150 1135/1135/1135
f 1135/1135/1135 1150/1150/1150 578/578/578
f 1135/1135/1135 578/578/578 580/580/580
f 371/371/371 370/370/370 1151/1151/1151
f 371/371/371 1151/1151/1151 1141/1141/1141
f 1141/1141/1141 1151/1151/1151 611/611/611
f 1141/1141/1141 611/611/611 605/605/605
f 782/782/782 831/831/831 1152/1152/1152
f 782/782/782 1152/1152/1152 1128/1128/1128
f 1128/1128/1128 1152/1152/1152 561/561/561
f 1128/1128/1128 561/561/561 551/551/551
f 788/788/788 351/351/351 1146/1146/1146
f 788/788/788 1146/1146/1146 1153/1153/1153
f 1153/1153/1153 1146/1146/1146 575/575/575
f 1153/1153/1153 575/575/575 802/802/802
f 831/831/831 787/787/787 1154/1154/1154
f 831/831/831 1154/1154/1154 1152/1152/1152
f 1152/1152/1152 1154/1154/1154 885/885/885
f 1152/1152/1152 885/885/885 561/561/561
f 787/787/787 786/786/786 1155/1155/1155
f 787/787/787 1155/1155/1155 1154/1154/1154
f 1154/1154/1154 1155/1155/1155 887/887/887
f 1154/1154/1154 887/887/887 885/885/885
f 786/786/786 830/830/830 1144/1144/1144
f 786/786/786 1144/1144/1144 1155/1155/1155
f 1155/1155/1155 1144/1144/1144 589/589/589
f 1155/1155/1155 589/589/589 887/887/887
f 609/609/609 610/610/610 1156/1156/1156
f 609/609/609 1156/1156/1156 1142/1142/1142
f 1142/1142/1142 1156/1156/1156 810/810/810
f 1142/1142/1142 810/810/810 614/614/614
f 610/610/610 833/833/833 1157/1157/1157
f 610/610/610 1157/1157/1157 1156/1156/1156
f 1156/1156/1156 1157/1157/1157 813/813/813
f 1156/1156/1156 813/813/813 810/810/810
f 833/833/833 788/788/788 1153/1153/1153
f 833/833/833 1153/1153/1153 1157/1157/1157
f 1157/1157/1157 1153/1153/1153 802/802/802
f 1157/1157/1157 802/802/802 813/813/813
f 576/576/576 659/659/659 1158/1158/1158
f 576/576/576 1158/1158/1158 1150/1150/1150
f 1150/1150/1150 1158/1158/1158 707/707/707
f 1150/1150/1150 707/707/707 578/578/578
f 659/659/659 815/815/815 1159/1159/1159
f 659/659/659 1159/1159/1159 1158/1158/1158
f 1158/1158/1158 1159/1159/1159 957/957/957
f 1158/1158/1158 957/957/957 707/707/707
f 815/815/815 649/649/649 1148/1148/1148
f 815/815/815 1148/1148/1148 1159/1159/1159
f 1159/1159/1159 1148/1148/1148 955/955/955
f 1159/1159/1159 955/955/955 957/957/957
f 370/370/370 716/716/716 1160/1160/1160
f 370/370/370 1160/1160/1160 1151/1151/1151
f 1151/1151/1151 1160/1160/1160 942/942/942
f 1151/1151/1151 942/942/942 611/611/611
f 716/716/716 984/984/984 1161/1161/1161
f 716/716/716 1161/1161/1161 1160/1160/1160
f 1160/1160/1160 1161/1161/1161 943/943/943
f 1160/1160/1160 943/943/943 942/942/942
f 984/984/984 941/941/941 1149/1149/1149
f 984/984/984 1149/1149/1149 1161/1161/1161
f 1161/1161/1161 1149/1149/1149 662/662/662
f 1161/1161/1161 662/662/662 943/943/943
f 570/570/570 1133/1133/1133 580/580/580
f 570/570/570 580/580/580 571/571/571
f 982/982/982 981/981/981 709/709/709
f 982/982/982 709/709/709 952/952/952
f 660/660/660 982/982/982 952/952/952
f 660/660/660 952/952/952 951/951/951
f 360/360/360 660/660/660 951/951/951
f 360/360/360 951/951/951 651/651/651
f 963/963/963 704/704/704 724/724/724
f 963/963/963 724/724/724 926/926/926
f 961/961/961 963/963/963 926/926/926
f 961/961/961 926/926/926 924/924/924
f 644/644/644 961/961/961 924/924/924
f 644/644/644 924/924/924 678/678/678
f 413/413/413 738/738/738 754/754/754
f 413/413/413 754/754/754 529/529/529
f 542/542/542 751/751/751 733/733/733
f 542/542/542 733/733/733 625/625/625
f 704/704/704 513/513/513 269/269/269
f 704/704/704 269/269/269 724/724/724
f 981/981/981 686/686/686 390/390/390
f 981/981/981 390/390/390 709/709/709
f 406/406/406 644/644/644 678/678/678
f 406/406/406 678/678/678 622/622/622
f 361/361/361 360/360/360 651/651/651
f 361/361/361 651/651/651 616/616/616
f 316/316/316 315/315/315 619/619/619
f 316/316/316 619/619/619 626/626/626
f 401/401/401 624/624/624 625/625/625
f 401/401/401 625/625/625 398/398/398
f 406/406/406 622/622/622 623/623/623
f 406/406/406 623/623/623 407/407/407
f 602/602/602 621/621/621 391/391/391
f 602/602/602 391/391/391 600/600/600
f 283/283/283 282/282/282 620/620/620
f 283/283/283 620/620/620 603/603/603
f 596/596/596 618/618/618 619/619/619
f 596/596/596 619/619/619 315/315/315
f 361/361/361 616/616/616 617/617/617
f 361/361/361 617/617/617 595/595/595
f 598/598/598 528/528/528 529/529/529
f 598/598/598 529/529/529 599/599/599
f 271/271/271 270/270/270 527/527/527
f 271/271/271 527/527/527 597/597/597
f 686/686/686 600/600/600 391/391/391
f 686/686/686 391/391/391 390/390/390
f 560/560/560 496/496/496 282/282/282
f 560/560/560 282/282/282 281/281/281
f 513/513/513 417/417/417 270/270/270
f 513/513/513 270/270/270 269/269/269
f 1162/1162/1162 1163/1163/1163 1164/1164/1164
f 1162/1162/1162 1164/1164/1164 1165/1165/1165
f 1166/1166/1166 1167/1167/1167 1168/1168/1168
f 1166/1166/1166 1168/1168/1168 1169/1169/1169
f 1170/1170/1170 1171/1171/1171 1172/1172/1172
f 1170/1170/1170 1172/1172/1172 1173/1173/1173
f 1174/1174/1174 1175/1175/1175 1176/1176/1176
f 1174/1174/1174 1176/1176/1176 1177/1177/1177
f 1178/1178/1178 1179/1179/1179 1180/1180/1180
f 1178/1178/1178 1180/1180/1180 1182/1182/1182
f 1183/1183/1183 1184/1184/1184 1185/1185/1185
f 1183/1183/1183 1185/1185/1185 1186/1186/1186
f 1187/1187/1187 1188/1188/1188 1189/1189/1189
f 1187/1187/1187 1189/1189/1189 1190/1190/1190
f 1191/1191/1191 1192/1192/1192 1193/1193/1193
f 1191/1191/1191 1193/1193/1193 1194/1194/1194
f 1195/1195/1195 1196/1196/1196 1197/1197/1197
f 1195/1195/1195 1197/1197/1197 1198/1198/1198
f 1199/1199/1199 1200/1200/1200 1201/1201/1201
f 1199/1199/1199 1201/1201/1201 1202/1202/1202
f 1203/1203/1203 1204/1204/1204 1205/1205/1205
f 1203/1203/1203 1205/1205/1205 1206/1206/1206
f 1207/1207/1207 1208/1208/1208 1209/1209/1209
f 1207/1207/1207 1209/1209/1209 1210/1210/1210
f 1211/1211/1211 1212/1212/1212 1213/1213/1213
f 1211/1211/1211 1213/1213/1213 1214/1214/1214
f 1215/1215/1215 1217/1217/1217 1218/1218/1218
f 1216/1216/1216 1219/1219/1219 1221/1221/1221
f 1223/1223/1223 1224/1224/1224 1225/1225/1225
f 1223/1223/1223 1225/1225/1225 1226/1226/1226
f 1227/1227/1227 1228/1228/1228 1229/1229/1229
f 1227/1227/1227 1229/1229/1229 1230/1230/1230
f 1228/1228/1228 1231/1231/1231 1232/1232/1232
f 1228/1228/1228 1232/1232/1232 1229/1229/1229
f 1230/1230/1230 1229/1229/1229 1233/1233/1233
f 1230/1230/1230 1233/1233/1233 1234/1234/1234
f 1229/1229/1229 1232/1232/1232 1235/1235/1235
f 1229/1229/1229 1235/1235/1235 1233/1233/1233
f 1236/1236/1236 1237/1237/1237 1238/1238/1238
f 1236/1236/1236 1238/1238/1238 1239/1239/1239
f 1237/1237/1237 1240/1240/1240 1241/1241/1241
f 1237/1237/1237 1241/1241/1241 1238/1238/1238
f 1239/1239/1239 1238/1238/1238 1242/1242/1242
f 1239/1239/1239 1242/1242/1242 1243/1243/1243
f 1238/1238/1238 1241/1241/1241 1244/1244/1244
f 1238/1238/1238 1244/1244/1244 1242/1242/1242
f 1245/1245/1245 1246/1246/1246 1247/1247/1247
f 1245/1245/1245 1247/1247/1247 1248/1248/1248
f 1246/1246/1246 1249/1249/1249 1250/1250/1250
f 1246/1246/1246 1250/1250/1250 1247/1247/1247
f 1248/1248/1248 1247/1247/1247 1251/1251/1251
f 1248/1248/1248 1251/1251/1251 1252/1252/1252
f 1247/1247/1247 1250/1250/1250 1253/1253/1253
f 1247/1247/1247 1253/1253/1253 1251/1251/1251
f 1254/1254/1254 1255/1255/1255 1256/1256/1256
f 1254/1254/1254 1256/1256/1256 1257/1257/1257
f 1255/1255/1255 1258/1258/1258 1259/1259/1259
f 1255/1255/1255 1259/1259/1259 1256/1256/1256
f 1257/1257/1257 1256/1256/1256 1260/1260/1260
f 1257/1257/1257 1260/1260/1260 1261/1261/1261
f 1256/1256/1256 1259/1259/1259 1262/1262/1262
f 1256/1256/1256 1262/1262/1262 1260/1260/1260
f 1263/1263/1263 1264/1264/1264 1265/1265/1265
f 1263/1263/1263 1265/1265/1265 1266/1266/1266
f 1264/1264/1264 1267/1267/1267 1268/1268/1268
f 1264/1264/1264 1268/1268/1268 1265/1265/1265
f 1266/1266/1266 1265/1265/1265 1269/1269/1269
f 1266/1266/1266 1269/1269/1269 1270/1270/1270
f 1265/1265/1265 1268/1268/1268 1271/1271/1271
f 1265/1265/1265 1271/1271/1271 1269/1269/1269
f 1272/1272/1272 1273/1273/1273 1274/1274/1274
f 1272/1272/1272 1274/1274/1274 1275/1275/1275
f 1273/1273/1273 1276/1276/1276 1277/1277/1277
f 1273/1273/1273 1277/1277/1277 1274/1274/1274
f 1275/1275/1275 1274/1274/1274 1278/1278/1278
f 1275/1275/1275 1278/1278/1278 1279/1279/1279
f 1274/1274/1274 1277/1277/1277 1280/1280/1280
f 1274/1274/1274 1280/1280/1280 1278/1278/1278
f 1281/1281/1281 1282/1282/1282 1283/1283/1283
f 1281/1281/1281 1283/1283/1283 1284/1284/1284
f 1282/1282/1282 1285/1285/1285 1286/1286/1286
f 1282/1282/1282 1286/1286/1286 1283/1283/1283
f 1284/1284/1284 1283/1283/1283 1287/1287/1287
f 1284/1284/1284 1287/1287/1287 1288/1288/1288
f 1283/1283/1283 1286/1286/1286 1289/1289/1289
f 1283/1283/1283 1289/1289/1289 1287/1287/1287
f 1290/1290/1290 1291/1291/1291 1292/1292/1292
f 1290/1290/1290 1292/1292/1292 1293/1293/1293
f 1291/1291/1291 1294/1294/1294 1295/1295/1295
f 1291/1291/1291 1295/1295/1295 1292/1292/1292
f 1293/1293/1293 1292/1292/1292 1296/1296/1296
f 1293/1293/1293 1296/1296/1296 1297/1297/1297
f 1292/1292/1292 1295/1295/1295 1298/1298/1298
f 1292/1292/1292 1298/1298/1298 1296/1296/1296
f 1299/1299/1299 1300/1300/1300 1301/1301/1301
f 1299/1299/1299 1301/1301/1301 1302/1302/1302
f 1300/1300/1300 1303/1303/1303 1304/1304/1304
f 1300/1300/1300 1304/1304/1304 1301/1301/1301
f 1302/1302/1302 1301/1301/1301 1305/1305/1305
f 1302/1302/1302 1305/1305/1305 1306/1306/1306
f 1301/1301/1301 1304/1304/1304 1307/1307/1307
f 1301/1301/1301 1307/1307/1307 1305/1305/1305
f 1308/1308/1308 1309/1309/1309 1310/1310/1310
f 1308/1308/1308 1310/1310/1310 1311/1311/1311
f 1309/1309/1309 1312/1312/1312 1313/1313/1313
f 1309/1309/1309 1313/1313/1313 1310/1310/1310
f 1311/1311/1311 1310/1310/1310 1314/1314/1314
f 1311/1311/1311 1314/1314/1314 1315/1315/1315
f 1310/1310/1310 1313/1313/1313 1316/1316/1316
f 1310/1310/1310 1316/1316/1316 1314/1314/1314
f 1317/1317/1317 1318/1318/1318 1319/1319/1319
f 1317/1317/1317 1319/1319/1319 1320/1320/1320
f 1318/1318/1318 1321/1321/1321 1322/1322/1322
f 1318/1318/1318 1322/1322/1322 1319/1319/1319
f 1320/1320/1320 1319/1319/1319 1323/1323/1323
f 1320/1320/1320 1323/1323/1323 1324/1324/1324
f 1319/1319/1319 1322/1322/1322 1325/1325/1325
f 1319/1319/1319 1325/1325/1325 1323/1323/1323
f 1326/1326/1326 1327/1327/1327 1328/1328/1328
f 1326/1326/1326 1328/1328/1328 1329/1329/1329
f 1327/1327/1327 1330/1330/1330 1331/1331/1331
f 1327/1327/1327 1331/1331/1331 1328/1328/1328
f 1329/1329/1329 1328/1328/1328 1332/1332/1332
f 1329/1329/1329 1332/1332/1332 1333/1333/1333
f 1328/1328/1328 1331/1331/1331 1334/1334/1334
f 1328/1328/1328 1334/1334/1334 1332/1332/1332
f 1183/1183/1183 1335/1335/1335 1336/1336/1336
f 1183/1183/1183 1336/1336/1336 1337/1337/1337
f 1335/1335/1335 1338/1338/1338 1339/1339/1339
f 1335/1335/1335 1339/1339/1339 1336/1336/1336
f 1337/1337/1337 1336/1336/1336 1340/1340/1340
f 1337/1337/1337 1340/1340/1340 1341/1341/1341
f 1336/1336/1336 1339/1339/1339 1342/1342/1342
f 1336/1336/1336 1342/1342/1342 1340/1340/1340
f 1223/1223/1223 1343/1343/1343 1344/1344/1344
f 1223/1223/1223 1344/1344/1344 1345/1345/1345
f 1343/1343/1343 1346/1346/1346 1347/1347/1347
f 1343/1343/1343 1347/1347/1347 1344/1344/1344
f 1345/1345/1345 1344/1344/1344 1348/1348/1348
f 1345/1345/1345 1348/1348/1348 1349/1349/1349
f 1344/1344/1344 1347/1347/1347 1350/1350/1350
f 1344/1344/1344 1350/1350/1350 1348/1348/1348
f 1200/1200/1200 1351/1351/1351 1352/1352/1352
f 1200/1200/1200 1352/1352/1352 1353/1353/1353
f 1351/1351/1351 1354/1354/1354 1355/1355/1355
f 1351/1351/1351 1355/1355/1355 1352/1352/1352
f 1353/1353/1353 1352/1352/1352 1356/1356/1356
f 1353/1353/1353 1356/1356/1356 1357/1357/1357
f 1352/1352/1352 1355/1355/1355 1358/1358/1358
f 1352/1352/1352 1358/1358/1358 1356/1356/1356
f 1224/1224/1224 1359/1359/1359 1360/1360/1360
f 1224/1224/1224 1360/1360/1360 1361/1361/1361
f 1359/1359/1359 1362/1362/1362 1363/1363/1363
f 1359/1359/1359 1363/1363/1363 1360/1360/1360
f 1361/1361/1361 1360/1360/1360 1364/1364/1364
f 1361/1361/1361 1364/1364/1364 1365/1365/1365
f 1360/1360/1360 1363/1363/1363 1366/1366/1366
f 1360/1360/1360 1366/1366/1366 1364/1364/1364
f 1186/1186/1186 1367/1367/1367 1368/1368/1368
f 1186/1186/1186 1368/1368/1368 1369/1369/1369
f 1367/1367/1367 1370/1370/1370 1371/1371/1371
f 1367/1367/1367 1371/1371/1371 1368/1368/1368
f 1369/1369/1369 1368/1368/1368 1372/1372/1372
f 1369/1369/1369 1372/1372/1372 1373/1373/1373
f 1368/1368/1368 1371/1371/1371 1374/1374/1374
f 1368/1368/1368 1374/1374/1374 1372/1372/1372
f 1174/1174/1174 1375/1375/1375 1376/1376/1376
f 1174/1174/1174 1376/1376/1376 1377/1377/1377
f 1375/1375/1375 1378/1378/1378 1379/1379/1379
f 1375/1375/1375 1379/1379/1379 1376/1376/1376
f 1377/1377/1377 1376/1376/1376 1380/1380/1380
f 1377/1377/1377 1380/1380/1380 1381/1381/1381
f 1376/1376/1376 1379/1379/1379 1382/1382/1382
f 1376/1376/1376 1382/1382/1382 1380/1380/1380
f 1197/1197/1197 1383/1383/1383 1384/1384/1384
f 1197/1197/1197 1384/1384/1384 1385/1385/1385
f 1383/1383/1383 1386/1386/1386 1387/1387/1387
f 1383/1383/1383 1387/1387/1387 1384/1384/1384
f 1385/1385/1385 1384/1384/1384 1388/1388/1388
f 1385/1385/1385 1388/1388/1388 1389/1389/1389
f 1384/1384/1384 1387/1387/1387 1390/1390/1390
f 1384/1384/1384 1390/1390/1390 1388/1388/1388
f 1207/1207/1207 1391/1391/1391 1392/1392/1392
f 1207/1207/1207 1392/1392/1392 1393/1393/1393
f 1391/1391/1391 1394/1394/1394 1395/1395/1395
f 1391/1391/1391 1395/1395/1395 1392/1392/1392
f 1393/1393/1393 1392/1392/1392 1396/1396/1396
f 1393/1393/1393 1396/1396/1396 1397/1397/1397
f 1392/1392/1392 1395/1395/1395 1398/1398/1398
f 1392/1392/1392 1398/1398/1398 1396/1396/1396
f 1204/1204/1204 1399/1399/1399 1400/1400/1400
f 1204/1204/1204 1400/1400/1400 1401/1401/1401
f 1399/1399/1399 1402/1402/1402 1403/1403/1403
f 1399/1399/1399 1403/1403/1403 1400/1400/1400
f 1401/1401/1401 1400/1400/1400 1404/1404/1404
f 1401/1401/1401 1404/1404/1404 1405/1405/1405
f 1400/1400/1400 1403/1403/1403 1406/1406/1406
f 1400/1400/1400 1406/1406/1406 1404/1404/1404
f 1166/1166/1166 1407/1407/1407 1408/1408/1408
f 1166/1166/1166 1408/1408/1408 1409/1409/1409
f 1407/1407/1407 1410/1410/1410 1411/1411/1411
f 1407/1407/1407 1411/1411/1411 1408/1408/1408
f 1409/1409/1409 1408/1408/1408 1412/1412/1412
f 1409/1409/1409 1412/1412/1412 1413/1413/1413
f 1408/1408/1408 1411/1411/1411 1414/1414/1414
f 1408/1408/1408 1414/1414/1414 1412/1412/1412
f 1208/1208/1208 1415/1415/1415 1416/1416/1416
f 1208/1208/1208 1416/1416/1416 1417/1417/1417
f 1415/1415/1415 1418/1418/1418 1419/1419/1419
f 1415/1415/1415 1419/1419/1419 1416/1416/1416
f 1417/1417/1417 1416/1416/1416 1420/1420/1420
f 1417/1417/1417 1420/1420/1420 1421/1421/1421
f 1416/1416/1416 1419/1419/1419 1422/1422/1422
f 1416/1416/1416 1422/1422/1422 1420/1420/1420
f 1196/1196/1196 1423/1423/1423 1424/1424/1424
f 1196/1196/1196 1424/1424/1424 1425/1425/1425
f 1423/1423/1423 1426/1426/1426 1427/1427/1427
f 1423/1423/1423 1427/1427/1427 1424/1424/1424
f 1425/1425/1425 1424/1424/1424 1428/1428/1428
f 1425/1425/1425 1428/1428/1428 1429/1429/1429
f 1424/1424/1424 1427/1427/1427 1430/1430/1430
f 1424/1424/1424 1430/1430/1430 1428/1428/1428
f 1211/1211/1211 1431/1431/1431 1432/1432/1432
f 1211/1211/1211 1432/1432/1432 1433/1433/1433
f 1431/1431/1431 1434/1434/1434 1435/1435/1435
f 1431/1431/1431 1435/1435/1435 1432/1432/1432
f 1433/1433/1433 1432/1432/1432 1436/1436/1436
f 1433/1433/1433 1436/1436/1436 1437/1437/1437
f 1432/1432/1432 1435/1435/1435 1438/1438/1438
f 1432/1432/1432 1438/1438/1438 1436/1436/1436
f 1201/1201/1201 1439/1439/1439 1440/1440/1440
f 1201/1201/1201 1440/1440/1440 1441/1441/1441
f 1439/1439/1439 1442/1442/1442 1443/1443/1443
f 1439/1439/1439 1443/1443/1443 1440/1440/1440
f 1441/1441/1441 1440/1440/1440 1444/1444/1444
f 1441/1441/1441 1444/1444/1444 1445/1445/1445
f 1440/1440/1440 1443/1443/1443 1446/1446/1446
f 1440/1440/1440 1446/1446/1446 1444/1444/1444
f 1226/1226/1226 1447/1447/1447 1448/1448/1448
f 1226/1226/1226 1448/1448/1448 1449/1449/1449
f 1447/1447/1447 1450/1450/1450 1451/1451/1451
f 1447/1447/1447 1451/1451/1451 1448/1448/1448
f 1449/1449/1449 1448/1448/1448 1452/1452/1452
f 1449/1449/1449 1452/1452/1452 1453/1453/1453
f 1448/1448/1448 1451/1451/1451 1454/1454/1454
f 1448/1448/1448 1454/1454/1454 1452/1452/1452
f 1225/1225/1225 1455/1455/1455 1456/1456/1456
f 1225/1225/1225 1456/1456/1456 1457/1457/1457
f 1455/1455/1455 1458/1458/1458 1459/1459/1459
f 1455/1455/1455 1459/1459/1459 1456/1456/1456
f 1457/1457/1457 1456/1456/1456 1460/1460/1460
f 1457/1457/1457 1460/1460/1460 1461/1461/1461
f 1456/1456/1456 1459/1459/1459 1462/1462/1462
f 1456/1456/1456 1462/1462/1462 1460/1460/1460
f 1177/1177/1177 1463/1463/1463 1464/1464/1464
f 1177/1177/1177 1464/1464/1464 1465/1465/1465
f 1463/1463/1463 1466/1466/1466 1467/1467/1467
f 1463/1463/1463 1467/1467/1467 1464/1464/1464
f 1465/1465/1465 1464/1464/1464 1468/1468/1468
f 1465/1465/1465 1468/1468/1468 1469/1469/1469
f 1464/1464/1464 1467/1467/1467 1470/1470/1470
f 1464/1464/1464 1470/1470/1470 1468/1468/1468
f 1212/1212/1212 1471/1471/1471 1472/1472/1472
f 1212/1212/1212 1472/1472/1472 1473/1473/1473
f 1471/1471/1471 1474/1474/1474 1475/1475/1475
f 1471/1471/1471 1475/1475/1475 1472/1472/1472
f 1473/1473/1473 1472/1472/1472 1476/1476/1476
f 1473/1473/1473 1476/1476/1476 1477/1477/1477
f 1472/1472/1472 1475/1475/1475 1478/1478/1478
f 1472/1472/1472 1478/1478/1478 1476/1476/1476
f 1193/1193/1193 1479/1479/1479 1480/1480/1480
f 1193/1193/1193 1480/1480/1480 1481/1481/1481
f 1479/1479/1479 1482/1482/1482 1483/1483/1483
f 1479/1479/1479 1483/1483/1483 1480/1480/1480
f 1481/1481/1481 1480/1480/1480 1484/1484/1484
f 1481/1481/1481 1484/1484/1484 1485/1485/1485
f 1480/1480/1480 1483/1483/1483 1486/1486/1486
f 1480/1480/1480 1486/1486/1486 1484/1484/1484
f 1487/1487/1487 1488/1488/1488 1489/1489/1489
f 1487/1487/1487 1489/1489/1489 1490/1490/1490
f 1488/1488/1488 1491/1491/1491 1492/1492/1492
f 1488/1488/1488 1492/1492/1492 1489/1489/1489
f 1490/1490/1490 1489/1489/1489 1493/1493/1493
f 1490/1490/1490 1493/1493/1493 1494/1494/1494
f 1489/1489/1489 1492/1492/1492 1495/1495/1495
f 1489/1489/1489 1495/1495/1495 1493/1493/1493
f 1496/1496/1496 1497/1497/1497 1498/1498/1498
f 1496/1496/1496 1498/1498/1498 1499/1499/1499
f 1497/1497/1497 1500/1500/1500 1501/1501/1501
f 1497/1497/1497 1501/1501/1501 1498/1498/1498
f 1499/1499/1499 1498/1498/1498 1502/1502/1502
f 1499/1499/1499 1502/1502/1502 1503/1503/1503
f 1498/1498/1498 1501/1501/1501 1504/1504/1504
f 1498/1498/1498 1504/1504/1504 1502/1502/1502
f 1194/1194/1194 1505/1505/1505 1506/1506/1506
f 1194/1194/1194 1506/1506/1506 1507/1507/1507
f 1505/1505/1505 1508/1508/1508 1509/1509/1509
f 1505/1505/1505 1509/1509/1509 1506/1506/1506
f 1507/1507/1507 1506/1506/1506 1510/1510/1510
f 1507/1507/1507 1510/1510/1510 1511/1511/1511
f 1506/1506/1506 1509/1509/1509 1512/1512/1512
f 1506/1506/1506 1512/1512/1512 1510/1510/1510
f 1513/1513/1513 1514/1514/1514 1515/1515/1515
f 1513/1513/1513 1515/1515/1515 1516/1516/1516
f 1514/1514/1514 1517/1517/1517 1518/1518/1518
f 1514/1514/1514 1518/1518/1518 1515/1515/1515
f 1516/1516/1516 1515/1515/1515 1519/1519/1519
f 1516/1516/1516 1519/1519/1519 1520/1520/1520
f 1515/1515/1515 1518/1518/1518 1521/1521/1521
f 1515/1515/1515 1521/1521/1521 1519/1519/1519
f 1522/1522/1522 1523/1523/1523 1524/1524/1524
f 1522/1522/1522 1524/1524/1524 1525/1525/1525
f 1523/1523/1523 1526/1526/1526 1527/1527/1527
f 1523/1523/1523 1527/1527/1527 1524/1524/1524
f 1525/1525/1525 1524/1524/1524 1528/1528/1528
f 1525/1525/1525 1528/1528/1528 1529/1529/1529
f 1524/1524/1524 1527/1527/1527 1530/1530/1530
f 1524/1524/1524 1530/1530/1530 1528/1528/1528
f 1172/1172/1172 1531/1531/1531 1532/1532/1532
f 1172/1172/1172 1532/1532/1532 1533/1533/1533
f 1531/1531/1531 1534/1534/1534 1535/1535/1535
f 1531/1531/1531 1535/1535/1535 1532/1532/1532
f 1533/1533/1533 1532/1532/1532 1536/1536/1536
f 1533/1533/1533 1536/1536/1536 1537/1537/1537
f 1532/1532/1532 1535/1535/1535 1538/1538/1538
f 1532/1532/1532 1538/1538/1538 1536/1536/1536
f 1205/1205/1205 1539/1539/1539 1540/1540/1540
f 1205/1205/1205 1540/1540/1540 1541/1541/1541
f 1539/1539/1539 1542/1542/1542 1543/1543/1543
f 1539/1539/1539 1543/1543/1543 1540/1540/1540
f 1541/1541/1541 1540/1540/1540 1544/1544/1544
f 1541/1541/1541 1544/1544/1544 1545/1545/1545
f 1540/1540/1540 1543/1543/1543 1546/1546/1546
f 1540/1540/1540 1546/1546/1546 1544/1544/1544
f 1210/1210/1210 1547/1547/1547 1548/1548/1548
f 1210/1210/1210 1548/1548/1548 1549/1549/1549
f 1547/1547/1547 1550/1550/1550 1551/1551/1551
f 1547/1547/1547 1551/1551/1551 1548/1548/1548
f 1549/1549/1549 1548/1548/1548 1552/1552/1552
f 1549/1549/1549 1552/1552/1552 1553/1553/1553
f 1548/1548/1548 1551/1551/1551 1554/1554/1554
f 1548/1548/1548 1554/1554/1554 1552/1552/1552
f 1555/1555/1555 1556/1556/1556 1557/1557/1557
f 1555/1555/1555 1557/1557/1557 1558/1558/1558
f 1556/1556/1556 1559/1559/1559 1560/1560/1560
f 1556/1556/1556 1560/1560/1560 1557/1557/1557
f 1558/1558/1558 1557/1557/1557 1561/1561/1561
f 1558/1558/1558 1561/1561/1561 1562/1562/1562
f 1557/1557/1557 1560/1560/1560 1563/1563/1563
f 1557/1557/1557 1563/1563/1563 1561/1561/1561
f 1165/1165/1165 1564/1564/1564 1565/1565/1565
f 1165/1165/1165 1565/1565/1565 1566/1566/1566
f 1564/1564/1564 1567/1567/1567 1568/1568/1568
f 1564/1564/1564 1568/1568/1568 1565/1565/1565
f 1566/1566/1566 1565/1565/1565 1569/1569/1569
f 1566/1566/1566 1569/1569/1569 1570/1570/1570
f 1565/1565/1565 1568/1568/1568 1571/1571/1571
f 1565/1565/1565 1571/1571/1571 1569/1569/1569
f 1572/1572/1572 1573/1573/1573 1574/1574/1574
f 1572/1572/1572 1574/1574/1574 1575/1575/1575
f 1573/1573/1573 1576/1576/1576 1577/1577/1577
f 1573/1573/1573 1577/1577/1577 1574/1574/1574
f 1575/1575/1575 1574/1574/1574 1578/1578/1578
f 1575/1575/1575 1578/1578/1578 1579/1579/1579
f 1574/1574/1574 1577/1577/1577 1580/1580/1580
f 1574/1574/1574 1580/1580/1580 1578/1578/1578
f 1581/1581/1581 1582/1582/1582 1583/1583/1583
f 1581/1581/1581 1583/1583/1583 1584/1584/1584
f 1582/1582/1582 1585/1585/1585 1586/1586/1586
f 1582/1582/1582 1586/1586/1586 1583/1583/1583
f 1584/1584/1584 1583/1583/1583 1587/1587/1587
f 1584/1584/1584 1587/1587/1587 1588/1588/1588
f 1583/1583/1583 1586/1586/1586 1589/1589/1589
f 1583/1583/1583 1589/1589/1589 1587/1587/1587
f 1590/1590/1590 1591/1591/1591 1592/1592/1592
f 1590/1590/1590 1592/1592/1592 1593/1593/1593
f 1591/1591/1591 1594/1594/1594 1595/1595/1595
f 1591/1591/1591 1595/1595/1595 1592/1592/1592
f 1593/1593/1593 1592/1592/1592 1596/1596/1596
f 1593/1593/1593 1596/1596/1596 1597/1597/1597
f 1592/1592/1592 1595/1595/1595 1598/1598/1598
f 1592/1592/1592 1598/1598/1598 1596/1596/1596
f 1164/1164/1164 1599/1599/1599 1600/1600/1600
f 1164/1164/1164 1600/1600/1600 1601/1601/1601
f 1599/1599/1599 1602/1602/1602 1603/1603/1603
f 1599/1599/1599 1603/1603/1603 1600/1600/1600
f 1601/1601/1601 1600/1600/1600 1604/1604/1604
f 1601/1601/1601 1604/1604/1604 1605/1605/1605
f 1600/1600/1600 1603/1603/1603 1606/1606/1606
f 1600/1600/1600 1606/1606/1606 1604/1604/1604
f 1169/1169/1169 1607/1607/1607 1608/1608/1608
f 1169/1169/1169 1608/1608/1608 1609/1609/1609
f 1607/1607/1607 1610/1610/1610 1611/1611/1611
f 1607/1607/1607 1611/1611/1611 1608/1608/1608
f 1609/1609/1609 1608/1608/1608 1612/1612/1612
f 1609/1609/1609 1612/1612/1612 1613/1613/1613
f 1608/1608/1608 1611/1611/1611 1614/1614/1614
f 1608/1608/1608 1614/1614/1614 1612/1612/1612
f 1173/1173/1173 1615/1615/1615 1616/1616/1616
f 1173/1173/1173 1616/1616/1616 1617/1617/1617
f 1615/1615/1615 1618/1618/1618 1619/1619/1619
f 1615/1615/1615 1619/1619/1619 1616/1616/1616
f 1617/1617/1617 1616/1616/1616 1620/1620/1620
f 1617/1617/1617 1620/1620/1620 1621/1621/1621
f 1616/1616/1616 1619/1619/1619 1622/1622/1622
f 1616/1616/1616 1622/1622/1622 1620/1620/1620
f 1209/1209/1209 1623/1623/1623 1624/1624/1624
f 1209/1209/1209 1624/1624/1624 1625/1625/1625
f 1623/1623/1623 1626/1626/1626 1627/1627/1627
f 1623/1623/1623 1627/1627/1627 1624/1624/1624
f 1625/1625/1625 1624/1624/1624 1628/1628/1628
f 1625/1625/1625 1628/1628/1628 1629/1629/1629
f 1624/1624/1624 1627/1627/1627 1630/1630/1630
f 1624/1624/1624 1630/1630/1630 1628/1628/1628
f 1185/1185/1185 1631/1631/1631 1632/1632/1632
f 1185/1185/1185 1632/1632/1632 1633/1633/1633
f 1631/1631/1631 1634/1634/1634 1635/1635/1635
f 1631/1631/1631 1635/1635/1635 1632/1632/1632
f 1633/1633/1633 1632/1632/1632 1636/1636/1636
f 1633/1633/1633 1636/1636/1636 1637/1637/1637
f 1632/1632/1632 1635/1635/1635 1638/1638/1638
f 1632/1632/1632 1638/1638/1638 1636/1636/1636
f 1198/1198/1198 1639/1639/1639 1640/1640/1640
f 1198/1198/1198 1640/1640/1640 1641/1641/1641
f 1639/1639/1639 1642/1642/1642 1643/1643/1643
f 1639/1639/1639 1643/1643/1643 1640/1640/1640
f 1641/1641/1641 1640/1640/1640 1635/1635/1635
f 1641/1641/1641 1635/1635/1635 1634/1634/1634
f 1640/1640/1640 1643/1643/1643 1638/1638/1638
f 1640/1640/1640 1638/1638/1638 1635/1635/1635
f 1203/1203/1203 1644/1644/1644 1645/1645/1645
f 1203/1203/1203 1645/1645/1645 1646/1646/1646
f 1644/1644/1644 1647/1647/1647 1648/1648/1648
f 1644/1644/1644 1648/1648/1648 1645/1645/1645
f 1646/1646/1646 1645/1645/1645 1649/1649/1649
f 1646/1646/1646 1649/1649/1649 1650/1650/1650
f 1645/1645/1645 1648/1648/1648 1651/1651/1651
f 1645/1645/1645 1651/1651/1651 1649/1649/1649
f 1175/1175/1175 1652/1652/1652 1653/1653/1653
f 1175/1175/1175 1653/1653/1653 1654/1654/1654
f 1652/1652/1652 1655/1655/1655 1656/1656/1656
f 1652/1652/1652 1656/1656/1656 1653/1653/1653
f 1654/1654/1654 1653/1653/1653 1648/1648/1648
f 1654/1654/1654 1648/1648/1648 1647/1647/1647
f 1653/1653/1653 1656/1656/1656 1651/1651/1651
f 1653/1653/1653 1651/1651/1651 1648/1648/1648
f 1195/1195/1195 1657/1657/1657 1658/1658/1658
f 1195/1195/1195 1658/1658/1658 1659/1659/1659
f 1657/1657/1657 1660/1660/1660 1661/1661/1661
f 1657/1657/1657 1661/1661/1661 1658/1658/1658
f 1659/1659/1659 1658/1658/1658 1662/1662/1662
f 1659/1659/1659 1662/1662/1662 1663/1663/1663
f 1658/1658/1658 1661/1661/1661 1664/1664/1664
f 1658/1658/1658 1664/1664/1664 1662/1662/1662
f 1184/1184/1184 1665/1665/1665 1666/1666/1666
f 1184/1184/1184 1666/1666/1666 1667/1667/1667
f 1665/1665/1665 1668/1668/1668 1669/1669/1669
f 1665/1665/1665 1669/1669/1669 1666/1666/1666
f 1667/1667/1667 1666/1666/1666 1661/1661/1661
f 1667/1667/1667 1661/1661/1661 1660/1660/1660
f 1666/1666/1666 1669/1669/1669 1664/1664/1664
f 1666/1666/1666 1664/1664/1664 1661/1661/1661
f 1199/1199/1199 1670/1670/1670 1671/1671/1671
f 1199/1199/1199 1671/1671/1671 1672/1672/1672
f 1670/1670/1670 1673/1673/1673 1674/1674/1674
f 1670/1670/1670 1674/1674/1674 1671/1671/1671
f 1672/1672/1672 1671/1671/1671 1675/1675/1675
f 1672/1672/1672 1675/1675/1675 1676/1676/1676
f 1671/1671/1671 1674/1674/1674 1677/1677/1677
f 1671/1671/1671 1677/1677/1677 1675/1675/1675
f 1167/1167/1167 1678/1678/1678 1679/1679/1679
f 1167/1167/1167 1679/1679/1679 1680/1680/1680
f 1678/1678/1678 1681/1681/1681 1682/1682/1682
f 1678/1678/1678 1682/1682/1682 1679/1679/1679
f 1680/1680/1680 1679/1679/1679 1674/1674/1674
f 1680/1680/1680 1674/1674/1674 1673/1673/1673
f 1679/1679/1679 1682/1682/1682 1677/1677/1677
f 1679/1679/1679 1677/1677/1677 1674/1674/1674
f 1213/1213/1213 1683/1683/1683 1684/1684/1684
f 1213/1213/1213 1684/1684/1684 1685/1685/1685
f 1683/1683/1683 1686/1686/1686 1687/1687/1687
f 1683/1683/1683 1687/1687/1687 1684/1684/1684
f 1685/1685/1685 1684/1684/1684 1688/1688/1688
f 1685/1685/1685 1688/1688/1688 1689/1689/1689
f 1684/1684/1684 1687/1687/1687 1690/1690/1690
f 1684/1684/1684 1690/1690/1690 1688/1688/1688
f 1176/1176/1176 1691/1691/1691 1692/1692/1692
f 1176/1176/1176 1692/1692/1692 1693/1693/1693
f 1691/1691/1691 1694/1694/1694 1695/1695/1695
f 1691/1691/1691 1695/1695/1695 1692/1692/1692
f 1693/1693/1693 1692/1692/1692 1696/1696/1696
f 1693/1693/1693 1696/1696/1696 1697/1697/1697
f 1692/1692/1692 1695/1695/1695 1698/1698/1698
f 1692/1692/1692 1698/1698/1698 1696/1696/1696
f 1206/1206/1206 1699/1699/1699 1700/1700/1700
f 1206/1206/1206 1700/1700/1700 1701/1701/1701
f 1699/1699/1699 1702/1702/1702 1703/1703/1703
f 1699/1699/1699 1703/1703/1703 1700/1700/1700
f 1701/1701/1701 1700/1700/1700 1695/1695/1695
f 1701/1701/1701 1695/1695/1695 1694/1694/1694
f 1700/1700/1700 1703/1703/1703 1698/1698/1698
f 1700/1700/1700 1698/1698/1698 1695/1695/1695
f 1171/1171/1171 1704/1704/1704 1705/1705/1705
f 1171/1171/1171 1705/1705/1705 1706/1706/1706
f 1704/1704/1704 1689/1689/1689 1688/1688/1688
f 1704/1704/1704 1688/1688/1688 1705/1705/1705
f 1706/1706/1706 1705/1705/1705 1707/1707/1707
f 1706/1706/1706 1707/1707/1707 1708/1708/1708
f 1705/1705/1705 1688/1688/1688 1690/1690/1690
f 1705/1705/1705 1690/1690/1690 1707/1707/1707
f 1170/1170/1170 1709/1709/1709 1710/1710/1710
f 1170/1170/1170 1710/1710/1710 1711/1711/1711
f 1709/1709/1709 1712/1712/1712 1713/1713/1713
f 1709/1709/1709 1713/1713/1713 1710/1710/1710
f 1711/1711/1711 1710/1710/1710 1714/1714/1714
f 1711/1711/1711 1714/1714/1714 1715/1715/1715
f 1710/1710/1710 1713/1713/1713 1716/1716/1716
f 1710/1710/1710 1716/1716/1716 1714/1714/1714
f 1168/1168/1168 1717/1717/1717 1718/1718/1718
f 1168/1168/1168 1718/1718/1718 1719/1719/1719
f 1717/1717/1717 1720/1720/1720 1721/1721/1721
f 1717/1717/1717 1721/1721/1721 1718/1718/1718
f 1719/1719/1719 1718/1718/1718 1722/1722/1722
f 1719/1719/1719 1722/1722/1722 1723/1723/1723
f 1718/1718/1718 1721/1721/1721 1724/1724/1724
f 1718/1718/1718 1724/1724/1724 1722/1722/1722
f 1202/1202/1202 1725/1725/1725 1726/1726/1726
f 1202/1202/1202 1726/1726/1726 1727/1727/1727
f 1725/1725/1725 1728/1728/1728 1729/1729/1729
f 1725/1725/1725 1729/1729/1729 1726/1726/1726
f 1727/1727/1727 1726/1726/1726 1721/1721/1721
f 1727/1727/1727 1721/1721/1721 1720/1720/1720
f 1726/1726/1726 1729/1729/1729 1724/1724/1724
f 1726/1726/1726 1724/1724/1724 1721/1721/1721
f 1214/1214/1214 1730/1730/1730 1731/1731/1731
f 1214/1214/1214 1731/1731/1731 1732/1732/1732
f 1730/1730/1730 1715/1715/1715 1714/1714/1714
f 1730/1730/1730 1714/1714/1714 1731/1731/1731
f 1732/1732/1732 1731/1731/1731 1733/1733/1733
f 1732/1732/1732 1733/1733/1733 1734/1734/1734
f 1731/1731/1731 1714/1714/1714 1716/1716/1716
f 1731/1731/1731 1716/1716/1716 1733/1733/1733
f 1183/1183/1183 1186/1186/1186 1369/1369/1369
f 1183/1183/1183 1369/1369/1369 1335/1335/1335
f 1335/1335/1335 1369/1369/1369 1373/1373/1373
f 1335/1335/1335 1373/1373/1373 1338/1338/1338
f 1349/1349/1349 1362/1362/1362 1359/1359/1359
f 1349/1349/1349 1359/1359/1359 1345/1345/1345
f 1345/1345/1345 1359/1359/1359 1224/1224/1224
f 1345/1345/1345 1224/1224/1224 1223/1223/1223
f 1308/1308/1308 1281/1281/1281 1284/1284/1284
f 1308/1308/1308 1284/1284/1284 1309/1309/1309
f 1309/1309/1309 1284/1284/1284 1288/1288/1288
f 1309/1309/1309 1288/1288/1288 1312/1312/1312
f 1324/1324/1324 1303/1303/1303 1300/1300/1300
f 1324/1324/1324 1300/1300/1300 1320/1320/1320
f 1320/1320/1320 1300/1300/1300 1299/1299/1299
f 1320/1320/1320 1299/1299/1299 1317/1317/1317
f 1175/1175/1175 1174/1174/1174 1377/1377/1377
f 1175/1175/1175 1377/1377/1377 1652/1652/1652
f 1652/1652/1652 1377/1377/1377 1381/1381/1381
f 1652/1652/1652 1381/1381/1381 1655/1655/1655
f 1637/1637/1637 1370/1370/1370 1367/1367/1367
f 1637/1637/1637 1367/1367/1367 1633/1633/1633
f 1633/1633/1633 1367/1367/1367 1186/1186/1186
f 1633/1633/1633 1186/1186/1186 1185/1185/1185
f 1735/1735/1735 1736/1736/1736 1555/1555/1555
f 1735/1735/1735 1555/1555/1555 1737/1737/1737
f 1739/1739/1739 1740/1740/1740 1743/1743/1743
f 1738/1738/1738 1742/1742/1742 1745/1745/1745
f 1746/1746/1746 1747/1747/1747 1748/1748/1748
f 1746/1746/1746 1748/1748/1748 1749/1749/1749
f 1751/1751/1751 1752/1752/1752 1755/1755/1755
f 1751/1751/1751 1755/1755/1755 1756/1756/1756
f 1758/1758/1758 1759/1759/1759 1522/1522/1522
f 1758/1758/1758 1522/1522/1522 1760/1760/1760
f 1761/1761/1761 1762/1762/1762 1763/1763/1763
f 1761/1761/1761 1763/1763/1763 1764/1764/1764
f 1764/1764/1764 1763/1763/1763 1765/1765/1765
f 1764/1764/1764 1765/1765/1765 1766/1766/1766
f 1767/1767/1767 1496/1496/1496 1499/1499/1499
f 1767/1767/1767 1499/1499/1499 1768/1768/1768
f 1167/1167/1167 1166/1166/1166 1409/1409/1409
f 1167/1167/1167 1409/1409/1409 1678/1678/1678
f 1678/1678/1678 1409/1409/1409 1413/1413/1413
f 1678/1678/1678 1413/1413/1413 1681/1681/1681
f 1663/1663/1663 1426/1426/1426 1423/1423/1423
f 1663/1663/1663 1423/1423/1423 1659/1659/1659
f 1659/1659/1659 1423/1423/1423 1196/1196/1196
f 1659/1659/1659 1196/1196/1196 1195/1195/1195
f 1263/1263/1263 1245/1245/1245 1248/1248/1248
f 1263/1263/1263 1248/1248/1248 1264/1264/1264
f 1264/1264/1264 1248/1248/1248 1252/1252/1252
f 1264/1264/1264 1252/1252/1252 1267/1267/1267
f 1279/1279/1279 1240/1240/1240 1237/1237/1237
f 1279/1279/1279 1237/1237/1237 1275/1275/1275
f 1275/1275/1275 1237/1237/1237 1236/1236/1236
f 1275/1275/1275 1236/1236/1236 1272/1272/1272
f 1197/1197/1197 1196/1196/1196 1425/1425/1425
f 1197/1197/1197 1425/1425/1425 1383/1383/1383
f 1383/1383/1383 1425/1425/1425 1429/1429/1429
f 1383/1383/1383 1429/1429/1429 1386/1386/1386
f 1397/1397/1397 1418/1418/1418 1415/1415/1415
f 1397/1397/1397 1415/1415/1415 1393/1393/1393
f 1393/1393/1393 1415/1415/1415 1208/1208/1208
f 1393/1393/1393 1208/1208/1208 1207/1207/1207
f 1226/1226/1226 1225/1225/1225 1457/1457/1457
f 1226/1226/1226 1457/1457/1457 1447/1447/1447
f 1447/1447/1447 1457/1457/1457 1461/1461/1461
f 1447/1447/1447 1461/1461/1461 1450/1450/1450
f 1437/1437/1437 1474/1474/1474 1471/1471/1471
f 1437/1437/1437 1471/1471/1471 1433/1433/1433
f 1433/1433/1433 1471/1471/1471 1212/1212/1212
f 1433/1433/1433 1212/1212/1212 1211/1211/1211
f 1496/1496/1496 1513/1513/1513 1516/1516/1516
f 1496/1496/1496 1516/1516/1516 1497/1497/1497
f 1497/1497/1497 1516/1516/1516 1520/1520/1520
f 1497/1497/1497 1520/1520/1520 1500/1500/1500
f 1485/1485/1485 1508/1508/1508 1505/1505/1505
f 1485/1485/1485 1505/1505/1505 1481/1481/1481
f 1481/1481/1481 1505/1505/1505 1194/1194/1194
f 1481/1481/1481 1194/1194/1194 1193/1193/1193
f 1213/1213/1213 1212/1212/1212 1473/1473/1473
f 1213/1213/1213 1473/1473/1473 1683/1683/1683
f 1683/1683/1683 1473/1473/1473 1477/1477/1477
f 1683/1683/1683 1477/1477/1477 1686/1686/1686
f 1697/1697/1697 1466/1466/1466 1463/1463/1463
f 1697/1697/1697 1463/1463/1463 1693/1693/1693
f 1693/1693/1693 1463/1463/1463 1177/1177/1177
f 1693/1693/1693 1177/1177/1177 1176/1176/1176
f 1769/1769/1769 1770/1770/1770 1771/1771/1771
f 1769/1769/1769 1771/1771/1771 1772/1772/1772
f 1773/1773/1773 1774/1774/1774 1775/1775/1775
f 1773/1773/1773 1775/1775/1775 1776/1776/1776
f 1776/1776/1776 1775/1775/1775 1777/1777/1777
f 1776/1776/1776 1777/1777/1777 1778/1778/1778
f 1779/1779/1779 1590/1590/1590 1593/1593/1593
f 1779/1779/1779 1593/1593/1593 1780/1780/1780
f 1781/1781/1781 1779/1779/1779 1780/1780/1780
f 1781/1781/1781 1780/1780/1780 1782/1782/1782
f 1783/1783/1783 1785/1785/1785 1789/1789/1789
f 1784/1784/1784 1789/1789/1789 1790/1790/1790
f 1791/1791/1791 1792/1792/1792 1793/1793/1793
f 1791/1791/1791 1793/1793/1793 1794/1794/1794
f 1795/1795/1795 1796/1796/1796 1797/1797/1797
f 1795/1795/1795 1797/1797/1797 1798/1798/1798
f 1170/1170/1170 1173/1173/1173 1617/1617/1617
f 1170/1170/1170 1617/1617/1617 1709/1709/1709
f 1709/1709/1709 1617/1617/1617 1621/1621/1621
f 1709/1709/1709 1621/1621/1621 1712/1712/1712
f 1723/1723/1723 1610/1610/1610 1607/1607/1607
f 1723/1723/1723 1607/1607/1607 1719/1719/1719
f 1719/1719/1719 1607/1607/1607 1169/1169/1169
f 1719/1719/1719 1169/1169/1169 1168/1168/1168
f 1590/1590/1590 1572/1572/1572 1575/1575/1575
f 1590/1590/1590 1575/1575/1575 1591/1591/1591
f 1591/1591/1591 1575/1575/1575 1579/1579/1579
f 1591/1591/1591 1579/1579/1579 1594/1594/1594
f 1605/1605/1605 1567/1567/1567 1564/1564/1564
f 1605/1605/1605 1564/1564/1564 1601/1601/1601
f 1601/1601/1601 1564/1564/1564 1165/1165/1165
f 1601/1601/1601 1165/1165/1165 1164/1164/1164
f 1210/1210/1210 1209/1209/1209 1625/1625/1625
f 1210/1210/1210 1625/1625/1625 1547/1547/1547
f 1547/1547/1547 1625/1625/1625 1629/1629/1629
f 1547/1547/1547 1629/1629/1629 1550/1550/1550
f 1537/1537/1537 1618/1618/1618 1615/1615/1615
f 1537/1537/1537 1615/1615/1615 1533/1533/1533
f 1533/1533/1533 1615/1615/1615 1173/1173/1173
f 1533/1533/1533 1173/1173/1173 1172/1172/1172
f 1223/1223/1223 1226/1226/1226 1449/1449/1449
f 1223/1223/1223 1449/1449/1449 1343/1343/1343
f 1343/1343/1343 1449/1449/1449 1453/1453/1453
f 1343/1343/1343 1453/1453/1453 1346/1346/1346
f 1357/1357/1357 1442/1442/1442 1439/1439/1439
f 1357/1357/1357 1439/1439/1439 1353/1353/1353
f 1353/1353/1353 1439/1439/1439 1201/1201/1201
f 1353/1353/1353 1201/1201/1201 1200/1200/1200
f 1209/1209/1209 1208/1208/1208 1417/1417/1417
f 1209/1209/1209 1417/1417/1417 1623/1623/1623
f 1623/1623/1623 1417/1417/1417 1421/1421/1421
f 1623/1623/1623 1421/1421/1421 1626/1626/1626
f 1613/1613/1613 1410/1410/1410 1407/1407/1407
f 1613/1613/1613 1407/1407/1407 1609/1609/1609
f 1609/1609/1609 1407/1407/1407 1166/1166/1166
f 1609/1609/1609 1166/1166/1166 1169/1169/1169
f 1162/1162/1162 1165/1165/1165 1566/1566/1566
f 1162/1162/1162 1566/1566/1566 1799/1799/1799
f 1799/1799/1799 1566/1566/1566 1570/1570/1570
f 1799/1799/1799 1570/1570/1570 1800/1800/1800
f 1801/1801/1801 1559/1559/1559 1556/1556/1556
f 1801/1801/1801 1556/1556/1556 1802/1802/1802
f 1802/1802/1802 1556/1556/1556 1555/1555/1555
f 1802/1802/1802 1555/1555/1555 1736/1736/1736
f 1192/1192/1192 1308/1308/1308 1311/1311/1311
f 1192/1192/1192 1311/1311/1311 1803/1803/1803
f 1803/1803/1803 1311/1311/1311 1315/1315/1315
f 1803/1803/1803 1315/1315/1315 1804/1804/1804
f 1805/1805/1805 1330/1330/1330 1327/1327/1327
f 1805/1805/1805 1327/1327/1327 1806/1806/1806
f 1806/1806/1806 1327/1327/1327 1326/1326/1326
f 1806/1806/1806 1326/1326/1326 1807/1807/1807
f 1759/1759/1759 1290/1290/1290 1293/1293/1293
f 1759/1759/1759 1293/1293/1293 1808/1808/1808
f 1808/1808/1808 1293/1293/1293 1297/1297/1297
f 1808/1808/1808 1297/1297/1297 1809/1809/1809
f 1810/1810/1810 1285/1285/1285 1282/1282/1282
f 1810/1810/1810 1282/1282/1282 1811/1811/1811
f 1811/1811/1811 1282/1282/1282 1281/1281/1281
f 1811/1811/1811 1281/1281/1281 1191/1191/1191
f 1812/1812/1812 1581/1581/1581 1584/1584/1584
f 1812/1812/1812 1584/1584/1584 1813/1813/1813
f 1813/1813/1813 1584/1584/1584 1588/1588/1588
f 1813/1813/1813 1588/1588/1588 1814/1814/1814
f 1815/1815/1815 1602/1602/1602 1599/1599/1599
f 1815/1815/1815 1599/1599/1599 1816/1816/1816
f 1816/1816/1816 1599/1599/1599 1164/1164/1164
f 1816/1816/1816 1164/1164/1164 1163/1163/1163
f 1207/1207/1207 1210/1210/1210 1549/1549/1549
f 1207/1207/1207 1549/1549/1549 1391/1391/1391
f 1391/1391/1391 1549/1549/1549 1553/1553/1553
f 1391/1391/1391 1553/1553/1553 1394/1394/1394
f 1405/1405/1405 1542/1542/1542 1539/1539/1539
f 1405/1405/1405 1539/1539/1539 1401/1401/1401
f 1401/1401/1401 1539/1539/1539 1205/1205/1205
f 1401/1401/1401 1205/1205/1205 1204/1204/1204
f 1225/1225/1225 1224/1224/1224 1361/1361/1361
f 1225/1225/1225 1361/1361/1361 1455/1455/1455
f 1455/1455/1455 1361/1361/1361 1365/1365/1365
f 1455/1455/1455 1365/1365/1365 1458/1458/1458
f 1469/1469/1469 1378/1378/1378 1375/1375/1375
f 1469/1469/1469 1375/1375/1375 1465/1465/1465
f 1465/1465/1465 1375/1375/1375 1174/1174/1174
f 1465/1465/1465 1174/1174/1174 1177/1177/1177
f 1204/1204/1204 1203/1203/1203 1646/1646/1646
f 1204/1204/1204 1646/1646/1646 1399/1399/1399
f 1399/1399/1399 1646/1646/1646 1650/1650/1650
f 1399/1399/1399 1650/1650/1650 1402/1402/1402
f 1389/1389/1389 1642/1642/1642 1639/1639/1639
f 1389/1389/1389 1639/1639/1639 1385/1385/1385
f 1385/1385/1385 1639/1639/1639 1198/1198/1198
f 1385/1385/1385 1198/1198/1198 1197/1197/1197
f 1200/1200/1200 1199/1199/1199 1672/1672/1672
f 1200/1200/1200 1672/1672/1672 1351/1351/1351
f 1351/1351/1351 1672/1672/1672 1676/1676/1676
f 1351/1351/1351 1676/1676/1676 1354/1354/1354
f 1341/1341/1341 1668/1668/1668 1665/1665/1665
f 1341/1341/1341 1665/1665/1665 1337/1337/1337
f 1337/1337/1337 1665/1665/1665 1184/1184/1184
f 1337/1337/1337 1184/1184/1184 1183/1183/1183
f 1172/1172/1172 1171/1171/1171 1706/1706/1706
f 1172/1172/1172 1706/1706/1706 1531/1531/1531
f 1531/1531/1531 1706/1706/1706 1708/1708/1708
f 1531/1531/1531 1708/1708/1708 1534/1534/1534
f 1545/1545/1545 1702/1702/1702 1699/1699/1699
f 1545/1545/1545 1699/1699/1699 1541/1541/1541
f 1541/1541/1541 1699/1699/1699 1206/1206/1206
f 1541/1541/1541 1206/1206/1206 1205/1205/1205
f 1211/1211/1211 1214/1214/1214 1732/1732/1732
f 1211/1211/1211 1732/1732/1732 1431/1431/1431
f 1431/1431/1431 1732/1732/1732 1734/1734/1734
f 1431/1431/1431 1734/1734/1734 1434/1434/1434
f 1445/1445/1445 1728/1728/1728 1725/1725/1725
f 1445/1445/1445 1725/1725/1725 1441/1441/1441
f 1441/1441/1441 1725/1725/1725 1202/1202/1202
f 1441/1441/1441 1202/1202/1202 1201/1201/1201
f 1203/1203/1203 1206/1206/1206 1701/1701/1701
f 1203/1203/1203 1701/1701/1701 1644/1644/1644
f 1644/1644/1644 1701/1701/1701 1694/1694/1694
f 1644/1644/1644 1694/1694/1694 1647/1647/1647
f 1647/1647/1647 1694/1694/1694 1691/1691/1691
f 1647/1647/1647 1691/1691/1691 1654/1654/1654
f 1654/1654/1654 1691/1691/1691 1176/1176/1176
f 1654/1654/1654 1176/1176/1176 1175/1175/1175
f 1199/1199/1199 1202/1202/1202 1727/1727/1727
f 1199/1199/1199 1727/1727/1727 1670/1670/1670
f 1670/1670/1670 1727/1727/1727 1720/1720/1720
f 1670/1670/1670 1720/1720/1720 1673/1673/1673
f 1673/1673/1673 1720/1720/1720 1717/1717/1717
f 1673/1673/1673 1717/1717/1717 1680/1680/1680
f 1680/1680/1680 1717/1717/1717 1168/1168/1168
f 1680/1680/1680 1168/1168/1168 1167/1167/1167
f 1171/1171/1171 1170/1170/1170 1711/1711/1711
f 1171/1171/1171 1711/1711/1711 1704/1704/1704
f 1704/1704/1704 1711/1711/1711 1715/1715/1715
f 1704/1704/1704 1715/1715/1715 1689/1689/1689
f 1689/1689/1689 1715/1715/1715 1730/1730/1730
f 1689/1689/1689 1730/1730/1730 1685/1685/1685
f 1685/1685/1685 1730/1730/1730 1214/1214/1214
f 1685/1685/1685 1214/1214/1214 1213/1213/1213
f 1195/1195/1195 1198/1198/1198 1641/1641/1641
f 1195/1195/1195 1641/1641/1641 1657/1657/1657
f 1657/1657/1657 1641/1641/1641 1634/1634/1634
f 1657/1657/1657 1634/1634/1634 1660/1660/1660
f 1660/1660/1660 1634/1634/1634 1631/1631/1631
f 1660/1660/1660 1631/1631/1631 1667/1667/1667
f 1667/1667/1667 1631/1631/1631 1185/1185/1185
f 1667/1667/1667 1185/1185/1185 1184/1184/1184
f 1817/1817/1817 1820/1820/1820 1822/1822/1822
f 1819/1819/1819 1821/1821/1821 1825/1825/1825
f 1826/1826/1826 1827/1827/1827 1735/1735/1735
f 1826/1826/1826 1735/1735/1735 1828/1828/1828
f 1792/1792/1792 1582/1582/1582 1581/1581/1581
f 1792/1792/1792 1581/1581/1581 1793/1793/1793
f 1829/1829/1829 1585/1585/1585 1582/1582/1582
f 1829/1829/1829 1582/1582/1582 1792/1792/1792
f 1780/1780/1780 1593/1593/1593 1597/1597/1597
f 1780/1780/1780 1597/1597/1597 1830/1830/1830
f 1782/1782/1782 1780/1780/1780 1830/1830/1830
f 1782/1782/1782 1830/1830/1830 1831/1831/1831
f 1832/1832/1832 1488/1488/1488 1487/1487/1487
f 1832/1832/1832 1487/1487/1487 1833/1833/1833
f 1834/1834/1834 1491/1491/1491 1488/1488/1488
f 1834/1834/1834 1488/1488/1488 1832/1832/1832
f 1768/1768/1768 1499/1499/1499 1503/1503/1503
f 1768/1768/1768 1503/1503/1503 1835/1835/1835
f 1767/1767/1767 1836/1836/1836 1513/1513/1513
f 1767/1767/1767 1513/1513/1513 1496/1496/1496
f 1763/1763/1763 1273/1273/1273 1272/1272/1272
f 1763/1763/1763 1272/1272/1272 1765/1765/1765
f 1762/1762/1762 1276/1276/1276 1273/1273/1273
f 1762/1762/1762 1273/1273/1273 1763/1763/1763
f 1189/1189/1189 1257/1257/1257 1261/1261/1261
f 1189/1189/1189 1261/1261/1261 1837/1837/1837
f 1838/1838/1838 1840/1840/1840 1841/1841/1841
f 1838/1838/1838 1841/1841/1841 1842/1842/1842
f 1844/1844/1844 1318/1318/1318 1317/1317/1317
f 1844/1844/1844 1317/1317/1317 1845/1845/1845
f 1846/1846/1846 1321/1321/1321 1318/1318/1318
f 1846/1846/1846 1318/1318/1318 1844/1844/1844
f 1847/1847/1847 1329/1329/1329 1333/1333/1333
f 1847/1847/1847 1333/1333/1333 1848/1848/1848
f 1849/1849/1849 1326/1326/1326 1329/1329/1329
f 1849/1849/1849 1329/1329/1329 1847/1847/1847
f 1850/1850/1850 1851/1851/1851 1852/1852/1852
f 1850/1850/1850 1852/1852/1852 1854/1854/1854
f 1188/1188/1188 1254/1254/1254 1257/1257/1257
f 1188/1188/1188 1257/1257/1257 1189/1189/1189
f 1845/1845/1845 1317/1317/1317 1299/1299/1299
f 1845/1845/1845 1299/1299/1299 1855/1855/1855
f 1188/1188/1188 1187/1187/1187 1856/1856/1856
f 1188/1188/1188 1856/1856/1856 1857/1857/1857
f 1858/1858/1858 1859/1859/1859 1860/1860/1860
f 1858/1858/1858 1860/1860/1860 1861/1861/1861
f 1863/1863/1863 1865/1865/1865 1866/1866/1866
f 1863/1863/1863 1866/1866/1866 1867/1867/1867
f 1871/1871/1871 1872/1872/1872 1873/1873/1873
f 1871/1871/1871 1873/1873/1873 1875/1875/1875
f 1876/1876/1876 1877/1877/1877 1878/1878/1878
f 1876/1876/1876 1878/1878/1878 1879/1879/1879
f 1772/1772/1772 1771/1771/1771 1880/1880/1880
f 1772/1772/1772 1880/1880/1880 1881/1881/1881
f 1882/1882/1882 1883/1883/1883 1884/1884/1884
f 1882/1882/1882 1884/1884/1884 1885/1885/1885
f 1886/1886/1886 1887/1887/1887 1888/1888/1888
f 1886/1886/1886 1888/1888/1888 1889/1889/1889
f 1890/1890/1890 1891/1891/1891 1892/1892/1892
f 1890/1890/1890 1892/1892/1892 1893/1893/1893
f 1190/1190/1190 1189/1189/1189 1837/1837/1837
f 1190/1190/1190 1837/1837/1837 1894/1894/1894
f 1895/1895/1895 1896/1896/1896 1897/1897/1897
f 1895/1895/1895 1897/1897/1897 1898/1898/1898
f 1879/1879/1879 1878/1878/1878 1899/1899/1899
f 1879/1879/1879 1899/1899/1899 1900/1900/1900
f 1901/1901/1901 1829/1829/1829 1792/1792/1792
f 1901/1901/1901 1792/1792/1792 1791/1791/1791
f 1902/1902/1902 1903/1903/1903 1904/1904/1904
f 1902/1902/1902 1904/1904/1904 1905/1905/1905
f 1906/1906/1906 1907/1907/1907 1908/1908/1908
f 1906/1906/1906 1908/1908/1908 1909/1909/1909
f 1910/1910/1910 1911/1911/1911 1912/1912/1912
f 1910/1910/1910 1912/1912/1912 1913/1913/1913
f 1914/1914/1914 1916/1916/1916 1918/1918/1918
f 1914/1914/1914 1918/1918/1918 1920/1920/1920
f 1922/1922/1922 1924/1924/1924 1927/1927/1927
f 1921/1921/1921 1925/1925/1925 1928/1928/1928
f 1898/1898/1898 1897/1897/1897 1930/1930/1930
f 1898/1898/1898 1930/1930/1930 1931/1931/1931
f 1932/1932/1932 1933/1933/1933 1747/1747/1747
f 1932/1932/1932 1747/1747/1747 1746/1746/1746
f 1934/1934/1934 1936/1936/1936 1937/1937/1937
f 1935/1935/1935 1938/1938/1938 1941/1941/1941
f 1942/1942/1942 1943/1943/1943 1944/1944/1944
f 1942/1942/1942 1944/1944/1944 1945/1945/1945
f 1946/1946/1946 1942/1942/1942 1945/1945/1945
f 1946/1946/1946 1945/1945/1945 1947/1947/1947
f 1948/1948/1948 1949/1949/1949 1950/1950/1950
f 1948/1948/1948 1950/1950/1950 1951/1951/1951
f 1952/1952/1952 1948/1948/1948 1951/1951/1951
f 1952/1952/1952 1951/1951/1951 1953/1953/1953
f 1954/1954/1954 1797/1797/1797 1796/1796/1796
f 1954/1954/1954 1796/1796/1796 1955/1955/1955
f 1956/1956/1956 1954/1954/1954 1955/1955/1955
f 1956/1956/1956 1955/1955/1955 1957/1957/1957
f 1958/1958/1958 1959/1959/1959 1960/1960/1960
f 1958/1958/1958 1960/1960/1960 1961/1961/1961
f 1962/1962/1962 1958/1958/1958 1961/1961/1961
f 1962/1962/1962 1961/1961/1961 1963/1963/1963
f 1964/1964/1964 1965/1965/1965 1966/1966/1966
f 1964/1964/1964 1966/1966/1966 1967/1967/1967
f 1968/1968/1968 1964/1964/1964 1967/1967/1967
f 1968/1968/1968 1967/1967/1967 1969/1969/1969
f 1970/1970/1970 1971/1971/1971 1972/1972/1972
f 1970/1970/1970 1972/1972/1972 1973/1973/1973
f 1974/1974/1974 1970/1970/1970 1973/1973/1973
f 1974/1974/1974 1973/1973/1973 1975/1975/1975
f 1976/1976/1976 1977/1977/1977 1978/1978/1978
f 1976/1976/1976 1978/1978/1978 1979/1979/1979
f 1980/1980/1980 1976/1976/1976 1979/1979/1979
f 1980/1980/1980 1979/1979/1979 1981/1981/1981
f 1982/1982/1982 1983/1983/1983 1984/1984/1984
f 1982/1982/1982 1984/1984/1984 1985/1985/1985
f 1986/1986/1986 1982/1982/1982 1985/1985/1985
f 1986/1986/1986 1985/1985/1985 1987/1987/1987
f 1953/1953/1953 1962/1962/1962 1963/1963/1963
f 1953/1953/1953 1963/1963/1963 1952/1952/1952
f 1988/1988/1988 1944/1944/1944 1943/1943/1943
f 1988/1988/1988 1943/1943/1943 1989/1989/1989
f 1977/1977/1977 1966/1966/1966 1965/1965/1965
f 1977/1977/1977 1965/1965/1965 1978/1978/1978
f 1990/1990/1990 1991/1991/1991 1992/1992/1992
f 1990/1990/1990 1992/1992/1992 1993/1993/1993
f 1994/1994/1994 1996/1996/1996 2000/2000/2000
f 1995/1995/1995 1998/1998/1998 2001/2001/2001
f 2002/2002/2002 2003/2003/2003 2004/2004/2004
f 2002/2002/2002 2004/2004/2004 2005/2005/2005
f 2006/2006/2006 2008/2008/2008 2009/2009/2009
f 2006/2006/2006 2009/2009/2009 2010/2010/2010
f 1769/1769/1769 1779/1779/1779 1781/1781/1781
f 1769/1769/1769 1781/1781/1781 1770/1770/1770
f 1990/1990/1990 1993/1993/1993 1891/1891/1891
f 1990/1990/1990 1891/1891/1891 1890/1890/1890
f 2011/2011/2011 1934/1934/1934 1940/1940/1940
f 2012/2012/2012 1939/1939/1939 2013/2013/2013
f 2005/2005/2005 2004/2004/2004 1931/1931/1931
f 2005/2005/2005 1931/1931/1931 1930/1930/1930
f 1992/1992/1992 1991/1991/1991 1859/1859/1859
f 1992/1992/1992 1859/1859/1859 1858/1858/1858
f 1749/1749/1749 1748/1748/1748 2014/2014/2014
f 1749/1749/1749 2014/2014/2014 2015/2015/2015
f 2017/2017/2017 1862/1862/1862 1869/1869/1869
f 2018/2018/2018 1868/1868/1868 2019/2019/2019
f 1996/1996/1996 1850/1850/1850 1854/1854/1854
f 1997/1997/1997 1853/1853/1853 1999/1999/1999
f 2021/2021/2021 1839/1839/1839 1843/1843/1843
f 2021/2021/2021 1843/1843/1843 2023/2023/2023
f 2025/2025/2025 2028/2028/2028 2030/2030/2030
f 2025/2025/2025 2030/2030/2030 2032/2032/2032
f 1828/1828/1828 1735/1735/1735 1737/1737/1737
f 1828/1828/1828 1737/1737/1737 2033/2033/2033
f 1913/1913/1913 1912/1912/1912 2034/2034/2034
f 1913/1913/1913 2034/2034/2034 2035/2035/2035
f 2037/2037/2037 2039/2039/2039 2040/2040/2040
f 2037/2037/2037 2040/2040/2040 2043/2043/2043
f 1909/1909/1909 1908/1908/1908 2015/2015/2015
f 1909/1909/1909 2015/2015/2015 2014/2014/2014
f 2035/2035/2035 2034/2034/2034 1766/1766/1766
f 2035/2035/2035 1766/1766/1766 1765/1765/1765
f 1905/1905/1905 1904/1904/1904 2033/2033/2033
f 1905/1905/1905 2033/2033/2033 1737/1737/1737
f 2044/2044/2044 2045/2045/2045 1777/1777/1777
f 2044/2044/2044 1777/1777/1777 1833/1833/1833
f 2046/2046/2046 1922/1922/1922 1929/1929/1929
f 2046/2046/2046 1929/1929/1929 2047/2047/2047
f 2007/2007/2007 2050/2050/2050 2051/2051/2051
f 2008/2008/2008 2052/2052/2052 2009/2009/2009
f 2054/2054/2054 2057/2057/2057 2058/2058/2058
f 2055/2055/2055 2059/2059/2059 2060/2060/2060
f 2026/2026/2026 2056/2056/2056 2062/2062/2062
f 2027/2027/2027 2061/2061/2061 2029/2029/2029
f 1740/1740/1740 2046/2046/2046 2047/2047/2047
f 1741/1741/1741 2048/2048/2048 1744/1744/1744
f 2063/2063/2063 1882/1882/1882 1885/1885/1885
f 2063/2063/2063 1885/1885/1885 2064/2064/2064
f 1936/1936/1936 2066/2066/2066 2068/2068/2068
f 1936/1936/1936 2068/2068/2068 1937/1937/1937
f 1917/1917/1917 2069/2069/2069 2071/2071/2071
f 1916/1916/1916 2070/2070/2070 1918/1918/1918
f 2072/2072/2072 2074/2074/2074 2075/2075/2075
f 2073/2073/2073 2076/2076/2076 2077/2077/2077
f 2074/2074/2074 2006/2006/2006 2010/2010/2010
f 2074/2074/2074 2010/2010/2010 2075/2075/2075
f 2078/2078/2078 1858/1858/1858 1861/1861/1861
f 2078/2078/2078 1861/1861/1861 2079/2079/2079
f 2080/2080/2080 1898/1898/1898 1931/1931/1931
f 2080/2080/2080 1931/1931/1931 1760/1760/1760
f 2081/2081/2081 1895/1895/1895 1898/1898/1898
f 2081/2081/2081 1898/1898/1898 2080/2080/2080
f 1836/1836/1836 1992/1992/1992 1858/1858/1858
f 1836/1836/1836 1858/1858/1858 2078/2078/2078
f 2066/2066/2066 1215/1215/1215 1222/1222/1222
f 2065/2065/2065 1220/1220/1220 2067/2067/2067
f 2082/2082/2082 1909/1909/1909 2014/2014/2014
f 2082/2082/2082 2014/2014/2014 1855/1855/1855
f 2083/2083/2083 1906/1906/1906 1909/1909/1909
f 2083/2083/2083 1909/1909/1909 2082/2082/2082
f 2084/2084/2084 2003/2003/2003 1882/1882/1882
f 2084/2084/2084 1882/1882/1882 2063/2063/2063
f 1290/1290/1290 2084/2084/2084 2063/2063/2063
f 1290/1290/1290 2063/2063/2063 1291/1291/1291
f 1306/1306/1306 2083/2083/2083 2082/2082/2082
f 1306/1306/1306 2082/2082/2082 1302/1302/1302
f 1302/1302/1302 2082/2082/2082 1855/1855/1855
f 1302/1302/1302 1855/1855/1855 1299/1299/1299
f 1513/1513/1513 1836/1836/1836 2078/2078/2078
f 1513/1513/1513 2078/2078/2078 1514/1514/1514
f 1529/1529/1529 2081/2081/2081 2080/2080/2080
f 1529/1529/1529 2080/2080/2080 1525/1525/1525
f 1525/1525/1525 2080/2080/2080 1760/1760/1760
f 1525/1525/1525 1760/1760/1760 1522/1522/1522
f 1514/1514/1514 2078/2078/2078 2079/2079/2079
f 1514/1514/1514 2079/2079/2079 1517/1517/1517
f 1291/1291/1291 2063/2063/2063 2064/2064/2064
f 1291/1291/1291 2064/2064/2064 1294/1294/1294
f 1807/1807/1807 2044/2044/2044 1833/1833/1833
f 1807/1807/1807 1833/1833/1833 1487/1487/1487
f 1748/1748/1748 1845/1845/1845 1855/1855/1855
f 1748/1748/1748 1855/1855/1855 2014/2014/2014
f 1877/1877/1877 1849/1849/1849 1847/1847/1847
f 1877/1877/1877 1847/1847/1847 1878/1878/1878
f 1878/1878/1878 1847/1847/1847 1848/1848/1848
f 1878/1878/1878 1848/1848/1848 1899/1899/1899
f 1933/1933/1933 1846/1846/1846 1844/1844/1844
f 1933/1933/1933 1844/1844/1844 1747/1747/1747
f 1747/1747/1747 1844/1844/1844 1845/1845/1845
f 1747/1747/1747 1845/1845/1845 1748/1748/1748
f 1993/1993/1993 1992/1992/1992 1836/1836/1836
f 1993/1993/1993 1836/1836/1836 1767/1767/1767
f 1891/1891/1891 1768/1768/1768 1835/1835/1835
f 1891/1891/1891 1835/1835/1835 1892/1892/1892
f 1774/1774/1774 1834/1834/1834 1832/1832/1832
f 1774/1774/1774 1832/1832/1832 1775/1775/1775
f 1775/1775/1775 1832/1832/1832 1833/1833/1833
f 1775/1775/1775 1833/1833/1833 1777/1777/1777
f 1993/1993/1993 1767/1767/1767 1768/1768/1768
f 1993/1993/1993 1768/1768/1768 1891/1891/1891
f 2004/2004/2004 1758/1758/1758 1760/1760/1760
f 2004/2004/2004 1760/1760/1760 1931/1931/1931
f 2003/2003/2003 2084/2084/2084 1758/1758/1758
f 2003/2003/2003 1758/1758/1758 2004/2004/2004
f 1326/1326/1326 1849/1849/1849 2044/2044/2044
f 1326/1326/1326 2044/2044/2044 1807/1807/1807
f 1752/1752/1752 1178/1178/1178 1182/1182/1182
f 1753/1753/1753 1181/1181/1181 1754/1754/1754
f 1849/1849/1849 1877/1877/1877 2045/2045/2045
f 1849/1849/1849 2045/2045/2045 2044/2044/2044
f 1857/1857/1857 1856/1856/1856 1794/1794/1794
f 1857/1857/1857 1794/1794/1794 1793/1793/1793
f 2045/2045/2045 2085/2085/2085 1778/1778/1778
f 2045/2045/2045 1778/1778/1778 1777/1777/1777
f 2003/2003/2003 2002/2002/2002 1883/1883/1883
f 2003/2003/2003 1883/1883/1883 1882/1882/1882
f 1827/1827/1827 1826/1826/1826 1887/1887/1887
f 1827/1827/1827 1887/1887/1887 1886/1886/1886
f 1975/1975/1975 1988/1988/1988 1989/1989/1989
f 1975/1975/1975 1989/1989/1989 1974/1974/1974
f 2050/2050/2050 1818/1818/1818 1824/1824/1824
f 2049/2049/2049 1823/1823/1823 2053/2053/2053
f 1266/1266/1266 1816/1816/1816 1163/1163/1163
f 1266/1266/1266 1163/1163/1163 1263/1263/1263
f 1270/1270/1270 1815/1815/1815 1816/1816/1816
f 1270/1270/1270 1816/1816/1816 1266/1266/1266
f 1255/1255/1255 1813/1813/1813 1814/1814/1814
f 1255/1255/1255 1814/1814/1814 1258/1258/1258
f 1254/1254/1254 1812/1812/1812 1813/1813/1813
f 1254/1254/1254 1813/1813/1813 1255/1255/1255
f 1507/1507/1507 1811/1811/1811 1191/1191/1191
f 1507/1507/1507 1191/1191/1191 1194/1194/1194
f 1511/1511/1511 1810/1810/1810 1811/1811/1811
f 1511/1511/1511 1811/1811/1811 1507/1507/1507
f 1523/1523/1523 1808/1808/1808 1809/1809/1809
f 1523/1523/1523 1809/1809/1809 1526/1526/1526
f 1522/1522/1522 1759/1759/1759 1808/1808/1808
f 1522/1522/1522 1808/1808/1808 1523/1523/1523
f 1490/1490/1490 1806/1806/1806 1807/1807/1807
f 1490/1490/1490 1807/1807/1807 1487/1487/1487
f 1494/1494/1494 1805/1805/1805 1806/1806/1806
f 1494/1494/1494 1806/1806/1806 1490/1490/1490
f 1479/1479/1479 1803/1803/1803 1804/1804/1804
f 1479/1479/1479 1804/1804/1804 1482/1482/1482
f 1193/1193/1193 1192/1192/1192 1803/1803/1803
f 1193/1193/1193 1803/1803/1803 1479/1479/1479
f 1230/1230/1230 1802/1802/1802 1736/1736/1736
f 1230/1230/1230 1736/1736/1736 1227/1227/1227
f 1234/1234/1234 1801/1801/1801 1802/1802/1802
f 1234/1234/1234 1802/1802/1802 1230/1230/1230
f 1246/1246/1246 1799/1799/1799 1800/1800/1800
f 1246/1246/1246 1800/1800/1800 1249/1249/1249
f 1245/1245/1245 1162/1162/1162 1799/1799/1799
f 1245/1245/1245 1799/1799/1799 1246/1246/1246
f 1987/1987/1987 1795/1795/1795 1798/1798/1798
f 1987/1987/1987 1798/1798/1798 1986/1986/1986
f 2084/2084/2084 1290/1290/1290 1759/1759/1759
f 2084/2084/2084 1759/1759/1759 1758/1758/1758
f 1827/1827/1827 1227/1227/1227 1736/1736/1736
f 1827/1827/1827 1736/1736/1736 1735/1735/1735
f 1281/1281/1281 1308/1308/1308 1192/1192/1192
f 1281/1281/1281 1192/1192/1192 1191/1191/1191
f 2086/2086/2086 1750/1750/1750 1757/1757/1757
f 2087/2087/2087 1756/1756/1756 2088/2088/2088
f 1245/1245/1245 1263/1263/1263 1163/1163/1163
f 1245/1245/1245 1163/1163/1163 1162/1162/1162
f 1254/1254/1254 1188/1188/1188 1857/1857/1857
f 1254/1254/1254 1857/1857/1857 1812/1812/1812
f 2090/2090/2090 2016/2016/2016 2020/2020/2020
f 2089/2089/2089 2019/2019/2019 2091/2091/2091
f 2038/2038/2038 2022/2022/2022 2024/2024/2024
f 2039/2039/2039 2023/2023/2023 2040/2040/2040
f 1572/1572/1572 1769/1769/1769 1772/1772/1772
f 1572/1572/1572 1772/1772/1772 1573/1573/1573
f 1924/1924/1924 2092/2092/2092 2094/2094/2094
f 1923/1923/1923 2093/2093/2093 1926/1926/1926
f 2095/2095/2095 2098/2098/2098 2101/2101/2101
f 2096/2096/2096 2102/2102/2102 2103/2103/2103
f 2099/2099/2099 2025/2025/2025 2032/2032/2032
f 2097/2097/2097 2031/2031/2031 2100/2100/2100
f 2106/2106/2106 2107/2107/2107 2109/2109/2109
f 2104/2104/2104 2108/2108/2108 2110/2110/2110
f 1179/1179/1179 1870/1870/1870 1874/1874/1874
f 1179/1179/1179 1874/1874/1874 1180/1180/1180
f 1786/1786/1786 2036/2036/2036 2041/2041/2041
f 1787/1787/1787 2042/2042/2042 1788/1788/1788
f 1227/1227/1227 1827/1827/1827 1886/1886/1886
f 1227/1227/1227 1886/1886/1886 1228/1228/1228
f 1228/1228/1228 1886/1886/1886 1889/1889/1889
f 1228/1228/1228 1889/1889/1889 1231/1231/1231
f 1851/1851/1851 2105/2105/2105 2111/2111/2111
f 1851/1851/1851 2111/2111/2111 1852/1852/1852
f 1558/1558/1558 1905/1905/1905 1737/1737/1737
f 1558/1558/1558 1737/1737/1737 1555/1555/1555
f 1562/1562/1562 1902/1902/1902 1905/1905/1905
f 1562/1562/1562 1905/1905/1905 1558/1558/1558
f 1572/1572/1572 1590/1590/1590 1779/1779/1779
f 1572/1572/1572 1779/1779/1779 1769/1769/1769
f 1236/1236/1236 2035/2035/2035 1765/1765/1765
f 1236/1236/1236 1765/1765/1765 1272/1272/1272
f 1239/1239/1239 1913/1913/1913 2035/2035/2035
f 1239/1239/1239 2035/2035/2035 1236/1236/1236
f 1243/1243/1243 1910/1910/1910 1913/1913/1913
f 1243/1243/1243 1913/1913/1913 1239/1239/1239
f 1864/1864/1864 1915/1915/1915 1919/1919/1919
f 1865/1865/1865 1920/1920/1920 1866/1866/1866
f 1573/1573/1573 1772/1772/1772 1881/1881/1881
f 1573/1573/1573 1881/1881/1881 1576/1576/1576
f 1812/1812/1812 1857/1857/1857 1793/1793/1793
f 1812/1812/1812 1793/1793/1793 1581/1581/1581
f 2112/2112/2112 2113/2113/2113 2114/2114/2114
f 2112/2112/2112 2114/2114/2114 2115/2115/2115
f 2116/2116/2116 2117/2117/2117 2118/2118/2118
f 2116/2116/2116 2118/2118/2118 2119/2119/2119
f 2120/2120/2120 2121/2121/2121 2122/2122/2122
f 2120/2120/2120 2122/2122/2122 2123/2123/2123
f 2124/2124/2124 2125/2125/2125 2126/2126/2126
f 2124/2124/2124 2126/2126/2126 2127/2127/2127
f 2128/2128/2128 2120/2120/2120 2123/2123/2123
f 2128/2128/2128 2123/2123/2123 2129/2129/2129
f 2125/2125/2125 2130/2130/2130 2131/2131/2131
f 2125/2125/2125 2131/2131/2131 2126/2126/2126
f 2132/2132/2132 2133/2133/2133 2134/2134/2134
f 2132/2132/2132 2134/2134/2134 2135/2135/2135
f 2136/2136/2136 2137/2137/2137 2138/2138/2138
f 2136/2136/2136 2138/2138/2138 2139/2139/2139
f 2140/2140/2140 2132/2132/2132 2135/2135/2135
f 2140/2140/2140 2135/2135/2135 2141/2141/2141
f 2137/2137/2137 2142/2142/2142 2143/2143/2143
f 2137/2137/2137 2143/2143/2143 2138/2138/2138
f 2144/2144/2144 2145/2145/2145 2146/2146/2146
f 2144/2144/2144 2146/2146/2146 2147/2147/2147
f 2113/2113/2113 2148/2148/2148 2149/2149/2149
f 2113/2113/2113 2149/2149/2149 2114/2114/2114
f 2150/2150/2150 2144/2144/2144 2147/2147/2147
f 2150/2150/2150 2147/2147/2147 2151/2151/2151
f 2148/2148/2148 2152/2152/2152 2153/2153/2153
f 2148/2148/2148 2153/2153/2153 2149/2149/2149
f 2154/2154/2154 2155/2155/2155 2156/2156/2156
f 2154/2154/2154 2156/2156/2156 2157/2157/2157
f 2158/2158/2158 2159/2159/2159 2160/2160/2160
f 2158/2158/2158 2160/2160/2160 2161/2161/2161
f 2162/2162/2162 2154/2154/2154 2157/2157/2157
f 2162/2162/2162 2157/2157/2157 2163/2163/2163
f 2159/2159/2159 2164/2164/2164 2165/2165/2165
f 2159/2159/2159 2165/2165/2165 2160/2160/2160
f 2166/2166/2166 2167/2167/2167 2168/2168/2168
f 2166/2166/2166 2168/2168/2168 2169/2169/2169
f 2170/2170/2170 2171/2171/2171 2172/2172/2172
f 2170/2170/2170 2172/2172/2172 2173/2173/2173
f 2174/2174/2174 2166/2166/2166 2169/2169/2169
f 2174/2174/2174 2169/2169/2169 2175/2175/2175
f 2171/2171/2171 2176/2176/2176 2177/2177/2177
f 2171/2171/2171 2177/2177/2177 2172/2172/2172
f 2178/2178/2178 2179/2179/2179 2180/2180/2180
f 2178/2178/2178 2180/2180/2180 2181/2181/2181
f 2182/2182/2182 2183/2183/2183 2184/2184/2184
f 2182/2182/2182 2184/2184/2184 2185/2185/2185
f 2186/2186/2186 2178/2178/2178 2181/2181/2181
f 2186/2186/2186 2181/2181/2181 2187/2187/2187
f 2183/2183/2183 2188/2188/2188 2189/2189/2189
f 2183/2183/2183 2189/2189/2189 2184/2184/2184
f 2190/2190/2190 2191/2191/2191 2192/2192/2192
f 2190/2190/2190 2192/2192/2192 2193/2193/2193
f 2194/2194/2194 2195/2195/2195 2196/2196/2196
f 2194/2194/2194 2196/2196/2196 2197/2197/2197
f 2198/2198/2198 2190/2190/2190 2193/2193/2193
f 2198/2198/2198 2193/2193/2193 2199/2199/2199
f 2195/2195/2195 2200/2200/2200 2201/2201/2201
f 2195/2195/2195 2201/2201/2201 2196/2196/2196
f 2202/2202/2202 2203/2203/2203 2204/2204/2204
f 2202/2202/2202 2204/2204/2204 2205/2205/2205
f 2206/2206/2206 2207/2207/2207 2208/2208/2208
f 2206/2206/2206 2208/2208/2208 2209/2209/2209
f 2117/2117/2117 2202/2202/2202 2205/2205/2205
f 2117/2117/2117 2205/2205/2205 2118/2118/2118
f 2207/2207/2207 2210/2210/2210 2211/2211/2211
f 2207/2207/2207 2211/2211/2211 2208/2208/2208
f 2142/2142/2142 2162/2162/2162 2163/2163/2163
f 2142/2142/2142 2163/2163/2163 2143/2143/2143
f 2164/2164/2164 2140/2140/2140 2141/2141/2141
f 2164/2164/2164 2141/2141/2141 2165/2165/2165
f 2212/2212/2212 2124/2124/2124 2127/2127/2127
f 2212/2212/2212 2127/2127/2127 2213/2213/2213
f 2214/2214/2214 2186/2186/2186 2187/2187/2187
f 2214/2214/2214 2187/2187/2187 2215/2215/2215
f 2191/2191/2191 2170/2170/2170 2173/2173/2173
f 2191/2191/2191 2173/2173/2173 2192/2192/2192
f 2167/2167/2167 2194/2194/2194 2197/2197/2197
f 2167/2167/2167 2197/2197/2197 2168/2168/2168
f 2210/2210/2210 2112/2112/2112 2115/2115/2115
f 2210/2210/2210 2115/2115/2115 2211/2211/2211
f 2145/2145/2145 2116/2116/2116 2119/2119/2119
f 2145/2145/2145 2119/2119/2119 2146/2146/2146
f 2188/2188/2188 2212/2212/2212 2213/2213/2213
f 2188/2188/2188 2213/2213/2213 2189/2189/2189
f 2121/2121/2121 2214/2214/2214 2215/2215/2215
f 2121/2121/2121 2215/2215/2215 2122/2122/2122
f 1877/1877/1877 1876/1876/1876 2085/2085/2085
f 1877/1877/1877 2085/2085/2085 2045/2045/2045
f 738/738/738 2216/2216/2216 2217/2217/2217
f 738/738/738 2217/2217/2217 754/754/754
f 2216/2216/2216 2218/2218/2218 2219/2219/2219
f 2216/2216/2216 2219/2219/2219 2217/2217/2217
f 2218/2218/2218 560/560/560 281/281/281
f 2218/2218/2218 281/281/281 2219/2219/2219
f 751/751/751 2220/2220/2220 2221/2221/2221
f 751/751/751 2221/2221/2221 733/733/733
f 2220/2220/2220 2222/2222/2222 2223/2223/2223
f 2220/2220/2220 2223/2223/2223 2221/2221/2221
f 2222/2222/2222 316/316/316 626/626/626
f 2222/2222/2222 626/626/626 2223/2223/2223
f 956/956/956 2224/2224/2224 2225/2225/2225
f 956/956/956 2225/2225/2225 708/708/708
f 2224/2224/2224 2226/2226/2226 2227/2227/2227
f 2224/2224/2224 2227/2227/2227 2225/2225/2225
f 2226/2226/2226 923/923/923 725/725/725
f 2226/2226/2226 725/725/725 2227/2227/2227
f 954/954/954 2228/2228/2228 2224/2224/2224
f 954/954/954 2224/2224/2224 956/956/956
f 2228/2228/2228 2229/2229/2229 2226/2226/2226
f 2228/2228/2228 2226/2226/2226 2224/2224/2224
f 2229/2229/2229 921/921/921 923/923/923
f 2229/2229/2229 923/923/923 2226/2226/2226
f 555/555/555 2230/2230/2230 2228/2228/2228
f 555/555/555 2228/2228/2228 954/954/954
f 2230/2230/2230 2231/2231/2231 2229/2229/2229
f 2230/2230/2230 2229/2229/2229 2228/2228/2228
f 2231/2231/2231 730/730/730 921/921/921
f 2231/2231/2231 921/921/921 2229/2229/2229
f 993/993/993 991/991/991 2232/2232/2232
f 993/993/993 2232/2232/2232 2233/2233/2233
f 2233/2233/2233 2232/2232/2232 2234/2234/2234
f 2233/2233/2233 2234/2234/2234 2235/2235/2235
f 2235/2235/2235 2234/2234/2234 727/727/727
f 2235/2235/2235 727/727/727 918/918/918
f 630/630/630 993/993/993 2233/2233/2233
f 630/630/630 2233/2233/2233 2236/2236/2236
f 2236/2236/2236 2233/2233/2233 2235/2235/2235
f 2236/2236/2236 2235/2235/2235 2237/2237/2237
f 2237/2237/2237 2235/2235/2235 918/918/918
f 2237/2237/2237 918/918/918 916/916/916
f 581/581/581 630/630/630 2236/2236/2236
f 581/581/581 2236/2236/2236 2238/2238/2238
f 2238/2238/2238 2236/2236/2236 2237/2237/2237
f 2238/2238/2238 2237/2237/2237 2239/2239/2239
f 2239/2239/2239 2237/2237/2237 916/916/916
f 2239/2239/2239 916/916/916 732/732/732
f 812/812/812 2240/2240/2240 2241/2241/2241
f 812/812/812 2241/2241/2241 811/811/811
f 2240/2240/2240 2242/2242/2242 2243/2243/2243
f 2240/2240/2240 2243/2243/2243 2241/2241/2241
f 2242/2242/2242 872/872/872 752/752/752
f 2242/2242/2242 752/752/752 2243/2243/2243
f 801/801/801 2244/2244/2244 2240/2240/2240
f 801/801/801 2240/2240/2240 812/812/812
f 2244/2244/2244 2245/2245/2245 2242/2242/2242
f 2244/2244/2244 2242/2242/2242 2240/2240/2240
f 2245/2245/2245 870/870/870 872/872/872
f 2245/2245/2245 872/872/872 2242/2242/2242
f 574/574/574 2246/2246/2246 2244/2244/2244
f 574/574/574 2244/2244/2244 801/801/801
f 2246/2246/2246 2247/2247/2247 2245/2245/2245
f 2246/2246/2246 2245/2245/2245 2244/2244/2244
f 2247/2247/2247 757/757/757 870/870/870
f 2247/2247/2247 870/870/870 2245/2245/2245
f 888/888/888 2248/2248/2248 2249/2249/2249
f 888/888/888 2249/2249/2249 886/886/886
f 2248/2248/2248 2250/2250/2250 2251/2251/2251
f 2248/2248/2248 2251/2251/2251 2249/2249/2249
f 2250/2250/2250 868/868/868 758/758/758
f 2250/2250/2250 758/758/758 2251/2251/2251
f 588/588/588 2252/2252/2252 2248/2248/2248
f 588/588/588 2248/2248/2248 888/888/888
f 2252/2252/2252 2253/2253/2253 2250/2250/2250
f 2252/2252/2252 2250/2250/2250 2248/2248/2248
f 2253/2253/2253 867/867/867 868/868/868
f 2253/2253/2253 868/868/868 2250/2250/2250
f 314/314/314 313/313/313 2252/2252/2252
f 314/314/314 2252/2252/2252 588/588/588
f 313/313/313 2254/2254/2254 2253/2253/2253
f 313/313/313 2253/2253/2253 2252/2252/2252
f 2254/2254/2254 866/866/866 867/867/867
f 2254/2254/2254 867/867/867 2253/2253/2253
f 886/886/886 2249/2249/2249 2255/2255/2255
f 886/886/886 2255/2255/2255 562/562/562
f 2249/2249/2249 2251/2251/2251 2256/2256/2256
f 2249/2249/2249 2256/2256/2256 2255/2255/2255
f 2251/2251/2251 758/758/758 748/748/748
f 2251/2251/2251 748/748/748 2256/2256/2256
f 394/394/394 567/567/567 2246/2246/2246
f 394/394/394 2246/2246/2246 574/574/574
f 567/567/567 2257/2257/2257 2247/2247/2247
f 567/567/567 2247/2247/2247 2246/2246/2246
f 2257/2257/2257 755/755/755 757/757/757
f 2257/2257/2257 757/757/757 2247/2247/2247
f 811/811/811 2241/2241/2241 318/318/318
f 811/811/811 318/318/318 317/317/317
f 2241/2241/2241 2243/2243/2243 2258/2258/2258
f 2241/2241/2241 2258/2258/2258 318/318/318
f 2243/2243/2243 752/752/752 753/753/753
f 2243/2243/2243 753/753/753 2258/2258/2258
f 562/562/562 2255/2255/2255 2259/2259/2259
f 562/562/562 2259/2259/2259 552/552/552
f 2255/2255/2255 2256/2256/2256 2260/2260/2260
f 2255/2255/2255 2260/2260/2260 2259/2259/2259
f 2256/2256/2256 748/748/748 741/741/741
f 2256/2256/2256 741/741/741 2260/2260/2260
f 579/579/579 2261/2261/2261 572/572/572
f 579/579/579 572/572/572 571/571/571
f 2261/2261/2261 2262/2262/2262 2263/2263/2263
f 2261/2261/2261 2263/2263/2263 572/572/572
f 2262/2262/2262 726/726/726 747/747/747
f 2262/2262/2262 747/747/747 2263/2263/2263
f 692/692/692 500/500/500 557/557/557
f 692/692/692 557/557/557 2264/2264/2264
f 2264/2264/2264 557/557/557 2265/2265/2265
f 2264/2264/2264 2265/2265/2265 2266/2266/2266
f 2266/2266/2266 2265/2265/2265 746/746/746
f 2266/2266/2266 746/746/746 728/728/728
f 492/492/492 2267/2267/2267 2268/2268/2268
f 492/492/492 2268/2268/2268 493/493/493
f 2267/2267/2267 2269/2269/2269 2270/2270/2270
f 2267/2267/2267 2270/2270/2270 2268/2268/2268
f 2269/2269/2269 731/731/731 745/745/745
f 2269/2269/2269 745/745/745 2270/2270/2270
f 487/487/487 2271/2271/2271 627/627/627
f 487/487/487 627/627/627 484/484/484
f 2271/2271/2271 2272/2272/2272 2273/2273/2273
f 2271/2271/2271 2273/2273/2273 627/627/627
f 2272/2272/2272 743/743/743 744/744/744
f 2272/2272/2272 744/744/744 2273/2273/2273
f 552/552/552 2259/2259/2259 2274/2274/2274
f 552/552/552 2274/2274/2274 553/553/553
f 2259/2259/2259 2260/2260/2260 2275/2275/2275
f 2259/2259/2259 2275/2275/2275 2274/2274/2274
f 2260/2260/2260 741/741/741 742/742/742
f 2260/2260/2260 742/742/742 2275/2275/2275
f 348/348/348 2276/2276/2276 2277/2277/2277
f 348/348/348 2277/2277/2277 349/349/349
f 2276/2276/2276 2278/2278/2278 2279/2279/2279
f 2276/2276/2276 2279/2279/2279 2277/2277/2277
f 2278/2278/2278 740/740/740 729/729/729
f 2278/2278/2278 729/729/729 2279/2279/2279
f 492/492/492 581/581/581 2238/2238/2238
f 492/492/492 2238/2238/2238 2267/2267/2267
f 2267/2267/2267 2238/2238/2238 2239/2239/2239
f 2267/2267/2267 2239/2239/2239 2269/2269/2269
f 2269/2269/2269 2239/2239/2239 732/732/732
f 2269/2269/2269 732/732/732 731/731/731
f 349/349/349 2277/2277/2277 2230/2230/2230
f 349/349/349 2230/2230/2230 555/555/555
f 2277/2277/2277 2279/2279/2279 2231/2231/2231
f 2277/2277/2277 2231/2231/2231 2230/2230/2230
f 2279/2279/2279 729/729/729 730/730/730
f 2279/2279/2279 730/730/730 2231/2231/2231
f 991/991/991 692/692/692 2264/2264/2264
f 991/991/991 2264/2264/2264 2232/2232/2232
f 2232/2232/2232 2264/2264/2264 2266/2266/2266
f 2232/2232/2232 2266/2266/2266 2234/2234/2234
f 2234/2234/2234 2266/2266/2266 728/728/728
f 2234/2234/2234 728/728/728 727/727/727
f 708/708/708 2225/2225/2225 2261/2261/2261
f 708/708/708 2261/2261/2261 579/579/579
f 2225/2225/2225 2227/2227/2227 2262/2262/2262
f 2225/2225/2225 2262/2262/2262 2261/2261/2261
f 2227/2227/2227 725/725/725 726/726/726
f 2227/2227/2227 726/726/726 2262/2262/2262
f 733/733/733 2221/2221/2221 744/744/744
f 733/733/733 744/744/744 510/510/510
f 2221/2221/2221 2223/2223/2223 2273/2273/2273
f 2221/2221/2221 2273/2273/2273 744/744/744
f 2223/2223/2223 626/626/626 627/627/627
f 2223/2223/2223 627/627/627 2273/2273/2273
f 734/734/734 2280/2280/2280 747/747/747
f 734/734/734 747/747/747 378/378/378
f 2280/2280/2280 2281/2281/2281 2263/2263/2263
f 2280/2280/2280 2263/2263/2263 747/747/747
f 2281/2281/2281 569/569/569 572/572/572
f 2281/2281/2281 572/572/572 2263/2263/2263
f 735/735/735 755/755/755 2282/2282/2282
f 735/735/735 2282/2282/2282 736/736/736
f 755/755/755 2257/2257/2257 2283/2283/2283
f 755/755/755 2283/2283/2283 2282/2282/2282
f 2257/2257/2257 567/567/567 568/568/568
f 2257/2257/2257 568/568/568 2283/2283/2283
f 737/737/737 2284/2284/2284 2216/2216/2216
f 737/737/737 2216/2216/2216 738/738/738
f 2284/2284/2284 2285/2285/2285 2218/2218/2218
f 2284/2284/2284 2218/2218/2218 2216/2216/2216
f 2285/2285/2285 559/559/559 560/560/560
f 2285/2285/2285 560/560/560 2218/2218/2218
f 385/385/385 746/746/746 2286/2286/2286
f 385/385/385 2286/2286/2286 739/739/739
f 746/746/746 2265/2265/2265 2287/2287/2287
f 746/746/746 2287/2287/2287 2286/2286/2286
f 2265/2265/2265 557/557/557 558/558/558
f 2265/2265/2265 558/558/558 2287/2287/2287
f 749/749/749 2288/2288/2288 753/753/753
f 749/749/749 753/753/753 308/308/308
f 2288/2288/2288 2289/2289/2289 2258/2258/2258
f 2288/2288/2288 2258/2258/2258 753/753/753
f 2289/2289/2289 284/284/284 318/318/318
f 2289/2289/2289 318/318/318 2258/2258/2258
f 750/750/750 866/866/866 2220/2220/2220
f 750/750/750 2220/2220/2220 751/751/751
f 866/866/866 2254/2254/2254 2222/2222/2222
f 866/866/866 2222/2222/2222 2220/2220/2220
f 2254/2254/2254 313/313/313 316/316/316
f 2254/2254/2254 316/316/316 2222/2222/2222
f 754/754/754 2217/2217/2217 2288/2288/2288
f 754/754/754 2288/2288/2288 749/749/749
f 2217/2217/2217 2219/2219/2219 2289/2289/2289
f 2217/2217/2217 2289/2289/2289 2288/2288/2288
f 2219/2219/2219 281/281/281 284/284/284
f 2219/2219/2219 284/284/284 2289/2289/2289